timestamp,open,high,low,close,volume
2023-11-13 16:00:00+00:00,247.2,247.85,243.8,246.25,11363.61
2023-11-13 20:00:00+00:00,246.25,246.3,240.15,241.25,51044.7
2023-11-14 00:00:00+00:00,241.25,242.75,237.9,242.65,30725.49
2023-11-14 04:00:00+00:00,242.65,244.7,241.65,244.6,8352.0
2023-11-14 08:00:00+00:00,244.6,249.75,244.0,244.7,49461.01
2023-11-14 12:00:00+00:00,244.7,247.15,242.65,244.3,47755.3
2023-11-14 16:00:00+00:00,244.3,245.8,233.65,240.15,76297.0
2023-11-14 20:00:00+00:00,240.15,243.15,239.35,242.4,18063.52
2023-11-15 00:00:00+00:00,242.4,245.45,242.3,243.95,18630.3
2023-11-15 04:00:00+00:00,243.95,246.8,243.9,245.5,12435.03
2023-11-15 08:00:00+00:00,245.5,247.25,244.75,247.2,21614.72
2023-11-15 12:00:00+00:00,247.2,254.75,247.2,252.4,56976.66
2023-11-15 16:00:00+00:00,252.4,254.65,251.05,253.1,32152.78
2023-11-15 20:00:00+00:00,253.1,254.15,250.85,253.95,21428.48
2023-11-16 00:00:00+00:00,253.95,254.85,252.25,253.5,16670.03
2023-11-16 04:00:00+00:00,253.5,256.0,251.95,255.25,22143.82
2023-11-16 08:00:00+00:00,255.25,256.15,250.55,251.75,33572.22
2023-11-16 12:00:00+00:00,251.75,252.05,244.75,246.6,55072.75
2023-11-16 16:00:00+00:00,246.6,248.05,240.1,243.3,43839.53
2023-11-16 20:00:00+00:00,243.3,243.6,240.45,242.8,24432.75
2023-11-17 00:00:00+00:00,242.8,246.05,242.5,244.75,15161.13
2023-11-17 04:00:00+00:00,244.75,245.85,243.7,244.45,12578.15
2023-11-17 08:00:00+00:00,244.45,245.95,242.5,244.3,15866.1
2023-11-17 12:00:00+00:00,244.3,245.15,238.4,238.9,32440.6
2023-11-17 16:00:00+00:00,238.9,244.5,238.5,243.25,35762.69
2023-11-17 20:00:00+00:00,243.25,245.5,242.7,244.9,14004.18
2023-11-18 00:00:00+00:00,244.9,244.95,241.6,241.6,9946.24
2023-11-18 04:00:00+00:00,241.6,243.05,238.4,241.7,21383.55
2023-11-18 08:00:00+00:00,241.7,243.75,241.3,242.9,12848.3
2023-11-18 12:00:00+00:00,242.9,244.65,241.2,244.45,10364.14
2023-11-18 16:00:00+00:00,244.45,245.3,243.5,245.05,13932.04
2023-11-18 20:00:00+00:00,245.05,245.15,243.4,244.7,9590.88
2023-11-19 00:00:00+00:00,244.7,244.75,241.8,244.2,10033.72
2023-11-19 04:00:00+00:00,244.2,244.7,243.7,244.25,6730.72
2023-11-19 08:00:00+00:00,244.25,245.0,242.4,243.15,5988.42
2023-11-19 12:00:00+00:00,243.15,243.7,242.0,243.5,13111.41
2023-11-19 16:00:00+00:00,243.5,245.85,243.45,245.65,7670.6
2023-11-19 20:00:00+00:00,245.65,246.9,243.95,246.4,17045.19
2023-11-20 00:00:00+00:00,246.4,247.85,245.25,246.7,12345.42
2023-11-20 04:00:00+00:00,246.7,247.55,245.65,247.45,8076.91
2023-11-20 08:00:00+00:00,247.45,249.3,247.1,247.7,24970.07
2023-11-20 12:00:00+00:00,247.7,248.4,244.3,248.25,34066.68
2023-11-20 16:00:00+00:00,248.25,271.0,235.5,257.85,801561.22
2023-11-20 20:00:00+00:00,257.85,259.25,250.5,253.25,185795.48
2023-11-21 00:00:00+00:00,253.25,268.2,252.6,262.85,219014.48
2023-11-21 04:00:00+00:00,262.85,264.45,257.1,257.4,104706.13
2023-11-21 08:00:00+00:00,257.4,261.3,257.25,258.9,49130.1
2023-11-21 12:00:00+00:00,258.9,273.15,245.0,264.9,547355.12
2023-11-21 16:00:00+00:00,264.9,267.35,234.7,240.25,1192547.5
2023-11-21 20:00:00+00:00,240.25,249.5,223.75,225.4,629813.42
2023-11-22 00:00:00+00:00,225.4,235.15,224.35,234.2,205778.23
2023-11-22 04:00:00+00:00,234.2,238.5,232.05,232.95,149049.11
2023-11-22 08:00:00+00:00,232.95,237.7,232.55,233.9,98194.29
2023-11-22 12:00:00+00:00,233.9,234.95,229.9,231.55,138523.02
2023-11-22 16:00:00+00:00,231.55,236.7,229.65,235.3,124981.56
2023-11-22 20:00:00+00:00,235.3,238.15,234.15,236.3,85731.75
2023-11-23 00:00:00+00:00,236.3,239.4,235.3,235.45,63572.77
2023-11-23 04:00:00+00:00,235.45,236.4,233.65,235.2,43834.33
2023-11-23 08:00:00+00:00,235.2,236.9,232.05,232.75,57446.89
2023-11-23 12:00:00+00:00,232.75,233.75,230.15,230.8,46674.38
2023-11-23 16:00:00+00:00,230.8,234.05,230.5,233.35,44688.63
2023-11-23 20:00:00+00:00,233.35,234.55,233.1,233.65,26184.56
2023-11-24 00:00:00+00:00,233.65,235.95,233.4,234.7,31617.94
2023-11-24 04:00:00+00:00,234.7,235.95,234.45,235.6,18028.09
2023-11-24 08:00:00+00:00,235.6,236.95,233.55,235.25,53710.63
2023-11-24 12:00:00+00:00,235.25,236.45,233.6,235.15,39678.54
2023-11-24 16:00:00+00:00,235.15,236.2,231.75,232.7,56561.92
2023-11-24 20:00:00+00:00,232.7,233.55,231.5,232.85,18865.04
2023-11-25 00:00:00+00:00,232.85,235.65,232.15,234.5,28490.26
2023-11-25 04:00:00+00:00,234.5,235.6,233.95,235.5,9625.0
2023-11-25 08:00:00+00:00,235.5,235.9,232.25,233.15,23228.38
2023-11-25 12:00:00+00:00,233.15,233.95,232.45,233.55,18502.0
2023-11-25 16:00:00+00:00,233.55,233.95,232.7,233.3,12119.97
2023-11-25 20:00:00+00:00,233.3,234.45,232.95,234.3,7691.56
2023-11-26 00:00:00+00:00,234.3,234.4,232.6,232.8,12462.02
2023-11-26 04:00:00+00:00,232.8,234.25,232.65,233.9,8718.39
2023-11-26 08:00:00+00:00,233.9,234.3,233.35,233.4,11093.94
2023-11-26 12:00:00+00:00,233.4,234.1,231.15,231.35,28971.31
2023-11-26 16:00:00+00:00,231.35,231.9,227.65,231.25,42062.25
2023-11-26 20:00:00+00:00,231.25,232.9,231.05,231.7,18589.15
2023-11-27 00:00:00+00:00,231.7,232.95,227.95,229.0,20355.67
2023-11-27 04:00:00+00:00,229.0,231.45,227.4,228.9,38925.99
2023-11-27 08:00:00+00:00,228.9,229.55,224.7,225.8,74408.87
2023-11-27 12:00:00+00:00,225.8,227.6,222.2,222.65,47165.63
2023-11-27 16:00:00+00:00,222.65,227.55,222.5,224.65,43901.99
2023-11-27 20:00:00+00:00,224.65,227.8,223.25,227.2,46819.6
2023-11-28 00:00:00+00:00,227.2,228.6,225.45,226.6,19920.27
2023-11-28 04:00:00+00:00,226.6,227.1,224.05,225.75,26905.84
2023-11-28 08:00:00+00:00,225.75,229.3,225.1,228.95,23509.6
2023-11-28 12:00:00+00:00,228.95,230.75,227.95,229.75,31744.07
2023-11-28 16:00:00+00:00,229.75,231.85,229.4,230.35,36171.27
2023-11-28 20:00:00+00:00,230.35,231.2,229.05,229.5,11533.38
2023-11-29 00:00:00+00:00,229.5,230.5,228.5,229.3,11048.84
2023-11-29 04:00:00+00:00,229.3,230.65,229.2,229.9,8566.56
2023-11-29 08:00:00+00:00,229.9,231.35,228.1,229.25,25334.49
2023-11-29 12:00:00+00:00,229.25,229.7,226.3,227.65,29235.0
2023-11-29 16:00:00+00:00,227.65,228.05,226.15,227.55,15100.62
2023-11-29 20:00:00+00:00,227.55,227.6,226.5,227.25,8999.93
2023-11-30 00:00:00+00:00,227.25,229.05,226.4,228.8,12968.09
2023-11-30 04:00:00+00:00,228.8,229.25,227.45,227.75,8975.75
2023-11-30 08:00:00+00:00,227.75,228.85,226.75,228.85,10768.44
2023-11-30 12:00:00+00:00,228.85,229.05,226.25,226.75,15698.03
2023-11-30 16:00:00+00:00,226.75,227.7,226.05,227.3,11537.8
2023-11-30 20:00:00+00:00,227.3,228.05,227.1,227.6,6651.95
2023-12-01 00:00:00+00:00,227.6,229.4,227.05,229.25,20792.96
2023-12-01 04:00:00+00:00,229.25,230.0,228.35,228.7,16236.13
2023-12-01 08:00:00+00:00,228.7,230.2,228.4,229.05,15069.1
2023-12-01 12:00:00+00:00,229.05,229.25,227.4,228.45,17074.29
2023-12-01 16:00:00+00:00,228.45,229.45,228.0,228.95,13700.9
2023-12-01 20:00:00+00:00,228.95,229.1,228.15,228.6,5563.66
2023-12-02 00:00:00+00:00,228.6,229.9,228.15,229.35,10782.07
2023-12-02 04:00:00+00:00,229.35,229.7,228.55,228.55,9103.64
2023-12-02 08:00:00+00:00,228.55,228.95,227.0,227.35,26222.39
2023-12-02 12:00:00+00:00,227.35,228.05,226.4,227.3,20373.39
2023-12-02 16:00:00+00:00,227.3,230.7,226.95,228.95,39567.66
2023-12-02 20:00:00+00:00,228.95,230.2,228.65,229.1,22564.73
2023-12-03 00:00:00+00:00,229.1,232.1,227.85,228.55,34419.22
2023-12-03 04:00:00+00:00,228.55,228.8,227.0,228.3,21332.75
2023-12-03 08:00:00+00:00,228.3,229.35,227.9,228.15,21183.44
2023-12-03 12:00:00+00:00,228.15,228.3,226.45,227.05,40453.58
2023-12-03 16:00:00+00:00,227.05,227.45,225.95,227.25,21781.94
2023-12-03 20:00:00+00:00,227.25,229.25,226.5,228.25,28985.57
2023-12-04 00:00:00+00:00,228.25,230.3,228.15,228.9,36849.06
2023-12-04 04:00:00+00:00,228.9,235.3,228.2,232.1,75141.74
2023-12-04 08:00:00+00:00,232.1,237.7,224.15,229.85,209382.99
2023-12-04 12:00:00+00:00,229.85,231.95,227.1,230.1,69670.89
2023-12-04 16:00:00+00:00,230.1,232.2,229.6,232.15,28932.44
2023-12-04 20:00:00+00:00,232.15,233.7,230.85,233.65,17983.29
2023-12-05 00:00:00+00:00,233.65,235.1,230.55,232.9,27357.79
2023-12-05 04:00:00+00:00,232.9,233.25,227.9,229.45,32096.72
2023-12-05 08:00:00+00:00,229.45,230.65,228.4,230.2,22012.02
2023-12-05 12:00:00+00:00,230.2,231.75,229.65,231.3,23599.66
2023-12-05 16:00:00+00:00,231.3,233.35,230.55,231.3,50988.55
2023-12-05 20:00:00+00:00,231.3,231.8,230.2,231.45,21869.32
2023-12-06 00:00:00+00:00,231.45,232.95,230.75,231.9,20827.11
2023-12-06 04:00:00+00:00,231.9,233.65,228.55,233.35,47222.38
2023-12-06 08:00:00+00:00,233.35,235.0,228.7,230.35,53303.12
2023-12-06 12:00:00+00:00,230.35,231.25,229.15,230.1,31040.52
2023-12-06 16:00:00+00:00,230.1,231.8,229.5,230.95,28733.6
2023-12-06 20:00:00+00:00,230.95,232.65,228.9,229.5,62906.76
2023-12-07 00:00:00+00:00,229.5,232.9,229.25,232.8,26426.43
2023-12-07 04:00:00+00:00,232.8,235.0,232.35,232.7,40762.68
2023-12-07 08:00:00+00:00,232.7,233.15,228.25,230.2,44897.89
2023-12-07 12:00:00+00:00,230.2,233.5,230.15,232.8,26563.25
2023-12-07 16:00:00+00:00,232.8,234.4,230.1,230.85,48618.77
2023-12-07 20:00:00+00:00,230.85,233.35,230.5,232.9,24363.09
2023-12-08 00:00:00+00:00,232.9,236.8,232.55,235.7,53294.96
2023-12-08 04:00:00+00:00,235.7,237.35,232.3,233.15,48335.58
2023-12-08 08:00:00+00:00,233.15,235.95,232.4,234.85,43542.8
2023-12-08 12:00:00+00:00,234.85,236.55,233.9,235.3,39067.99
2023-12-08 16:00:00+00:00,235.3,238.45,234.75,238.15,29833.92
2023-12-08 20:00:00+00:00,238.15,240.25,238.05,239.2,30126.18
2023-12-09 00:00:00+00:00,239.2,244.9,239.1,243.9,60436.45
2023-12-09 04:00:00+00:00,243.9,245.95,243.1,244.25,36934.92
2023-12-09 08:00:00+00:00,244.25,245.6,238.65,242.55,82141.69
2023-12-09 12:00:00+00:00,242.55,243.15,238.7,240.8,41755.83
2023-12-09 16:00:00+00:00,240.8,241.05,237.55,239.9,28009.57
2023-12-09 20:00:00+00:00,239.9,240.4,236.1,237.9,28673.1
2023-12-10 00:00:00+00:00,237.9,240.95,237.5,240.65,26728.38
2023-12-10 04:00:00+00:00,240.65,241.5,239.35,240.85,17886.39
2023-12-10 08:00:00+00:00,240.85,241.1,236.7,238.45,28390.63
2023-12-10 12:00:00+00:00,238.45,241.35,238.3,240.1,23632.54
2023-12-10 16:00:00+00:00,240.1,240.5,238.7,240.25,16254.12
2023-12-10 20:00:00+00:00,240.25,241.2,239.15,240.05,16079.75
2023-12-11 00:00:00+00:00,240.05,241.65,225.9,233.3,163885.65
2023-12-11 04:00:00+00:00,233.3,234.45,231.0,232.55,40893.48
2023-12-11 08:00:00+00:00,232.55,238.2,231.65,236.2,105694.42
2023-12-11 12:00:00+00:00,236.2,248.4,235.45,244.5,258755.62
2023-12-11 16:00:00+00:00,244.5,247.15,236.8,240.05,109418.6
2023-12-11 20:00:00+00:00,240.05,246.9,239.9,246.6,44845.31
2023-12-12 00:00:00+00:00,246.6,253.95,245.65,253.45,84543.45
2023-12-12 04:00:00+00:00,253.45,254.4,248.4,250.4,85784.44
2023-12-12 08:00:00+00:00,250.4,251.4,248.5,250.05,36281.14
2023-12-12 12:00:00+00:00,250.05,256.2,249.3,253.95,103452.75
2023-12-12 16:00:00+00:00,253.95,257.35,248.35,255.2,119294.97
2023-12-12 20:00:00+00:00,255.2,256.75,252.65,253.65,40140.76
2023-12-13 00:00:00+00:00,253.65,254.3,245.2,246.35,84257.04
2023-12-13 04:00:00+00:00,246.35,248.6,244.2,247.6,41652.92
2023-12-13 08:00:00+00:00,247.6,251.55,247.55,249.0,39138.56
2023-12-13 12:00:00+00:00,249.0,251.35,248.35,251.35,40897.86
2023-12-13 16:00:00+00:00,251.35,253.5,249.9,253.1,28522.91
2023-12-13 20:00:00+00:00,253.1,256.0,251.2,251.8,30760.41
2023-12-14 00:00:00+00:00,251.8,253.1,248.2,248.55,25310.01
2023-12-14 04:00:00+00:00,248.55,250.8,248.3,250.8,20437.39
2023-12-14 08:00:00+00:00,250.8,253.1,250.25,251.9,38743.54
2023-12-14 12:00:00+00:00,251.9,252.45,245.65,251.0,67585.01
2023-12-14 16:00:00+00:00,251.0,253.9,250.55,251.85,33969.76
2023-12-14 20:00:00+00:00,251.85,254.1,251.2,253.2,28731.91
2023-12-15 00:00:00+00:00,253.2,253.4,250.7,250.95,23121.02
2023-12-15 04:00:00+00:00,250.95,251.25,248.8,248.85,17143.54
2023-12-15 08:00:00+00:00,248.85,250.75,248.1,249.75,14331.0
2023-12-15 12:00:00+00:00,249.75,249.85,244.65,245.75,32057.08
2023-12-15 16:00:00+00:00,245.75,247.8,245.2,246.4,13439.68
2023-12-15 20:00:00+00:00,246.4,247.4,242.1,244.45,17992.14
2023-12-16 00:00:00+00:00,244.45,248.2,242.5,247.55,19150.28
2023-12-16 04:00:00+00:00,247.55,247.75,245.9,246.65,10202.06
2023-12-16 08:00:00+00:00,246.65,247.2,245.95,246.9,8460.45
2023-12-16 12:00:00+00:00,246.9,246.95,245.4,246.2,10141.87
2023-12-16 16:00:00+00:00,246.2,247.15,243.65,244.85,16669.89
2023-12-16 20:00:00+00:00,244.85,245.55,243.55,244.15,7566.93
2023-12-17 00:00:00+00:00,244.15,244.35,242.25,243.05,9289.82
2023-12-17 04:00:00+00:00,243.05,243.4,239.45,240.4,20785.75
2023-12-17 08:00:00+00:00,240.4,242.3,240.0,241.65,10468.26
2023-12-17 12:00:00+00:00,241.65,242.3,240.0,242.3,12757.11
2023-12-17 16:00:00+00:00,242.3,244.0,241.8,242.65,13592.34
2023-12-17 20:00:00+00:00,242.65,243.55,238.85,239.05,12475.02
2023-12-18 00:00:00+00:00,239.05,240.3,235.65,237.45,33646.76
2023-12-18 04:00:00+00:00,237.45,238.55,236.05,236.85,13795.46
2023-12-18 08:00:00+00:00,236.85,238.3,232.05,235.7,42976.46
2023-12-18 12:00:00+00:00,235.7,239.55,234.5,237.2,21430.76
2023-12-18 16:00:00+00:00,237.2,239.2,236.6,238.45,10977.16
2023-12-18 20:00:00+00:00,238.45,242.05,237.75,241.95,21420.63
2023-12-19 00:00:00+00:00,241.95,247.35,241.6,245.35,44830.18
2023-12-19 04:00:00+00:00,245.35,247.9,245.0,245.1,23456.95
2023-12-19 08:00:00+00:00,245.1,253.25,244.9,251.9,119545.05
2023-12-19 12:00:00+00:00,251.9,253.65,249.2,251.15,55723.92
2023-12-19 16:00:00+00:00,251.15,254.1,249.95,253.4,47449.72
2023-12-19 20:00:00+00:00,253.4,254.55,250.7,252.35,35894.44
2023-12-20 00:00:00+00:00,252.35,254.05,250.2,252.1,26815.37
2023-12-20 04:00:00+00:00,252.1,256.25,251.75,256.2,44351.78
2023-12-20 08:00:00+00:00,256.2,257.7,254.95,255.3,36914.62
2023-12-20 12:00:00+00:00,255.3,259.5,255.05,258.0,60454.15
2023-12-20 16:00:00+00:00,258.0,261.55,257.6,259.45,50800.12
2023-12-20 20:00:00+00:00,259.45,260.2,255.1,260.05,28608.63
2023-12-21 00:00:00+00:00,260.05,260.3,256.1,258.3,20811.24
2023-12-21 04:00:00+00:00,258.3,261.3,256.45,260.4,39164.76
2023-12-21 08:00:00+00:00,260.4,271.85,260.4,271.8,127057.2
2023-12-21 12:00:00+00:00,271.8,274.95,270.1,271.45,85004.0
2023-12-21 16:00:00+00:00,271.45,273.0,268.45,269.9,36360.85
2023-12-21 20:00:00+00:00,269.9,272.25,268.65,272.1,22445.7
2023-12-22 00:00:00+00:00,272.1,272.85,269.7,271.5,31766.9
2023-12-22 04:00:00+00:00,271.5,276.25,265.0,265.45,94262.0
2023-12-22 08:00:00+00:00,265.45,271.65,265.3,270.3,40151.22
2023-12-22 12:00:00+00:00,270.3,272.65,266.4,271.6,31243.79
2023-12-22 16:00:00+00:00,271.6,272.0,267.8,269.75,29539.42
2023-12-22 20:00:00+00:00,269.75,272.9,269.75,271.05,17966.87
2023-12-23 00:00:00+00:00,271.05,272.1,265.8,266.2,25734.66
2023-12-23 04:00:00+00:00,266.2,268.3,265.35,266.1,14011.65
2023-12-23 08:00:00+00:00,266.1,268.25,266.05,267.75,8886.85
2023-12-23 12:00:00+00:00,267.75,269.75,267.6,269.55,10598.06
2023-12-23 16:00:00+00:00,269.55,271.4,268.75,269.95,14314.84
2023-12-23 20:00:00+00:00,269.95,271.75,269.8,270.85,10362.73
2023-12-24 00:00:00+00:00,270.85,272.25,269.35,269.75,22436.47
2023-12-24 04:00:00+00:00,269.75,270.8,266.0,269.05,20775.82
2023-12-24 08:00:00+00:00,269.05,269.15,266.0,268.0,19200.93
2023-12-24 12:00:00+00:00,268.0,271.0,267.2,269.2,20855.1
2023-12-24 16:00:00+00:00,269.2,269.55,267.8,268.4,14176.09
2023-12-24 20:00:00+00:00,268.4,268.45,260.85,264.1,36431.88
2023-12-25 00:00:00+00:00,264.1,265.15,261.25,264.6,25504.21
2023-12-25 04:00:00+00:00,264.6,266.95,264.55,265.0,11216.83
2023-12-25 08:00:00+00:00,265.0,266.2,262.85,264.65,15228.68
2023-12-25 12:00:00+00:00,264.65,268.3,263.7,267.2,15870.26
2023-12-25 16:00:00+00:00,267.2,267.5,264.4,265.85,10545.31
2023-12-25 20:00:00+00:00,265.85,267.7,263.8,266.75,13318.53
2023-12-26 00:00:00+00:00,266.75,271.35,264.45,271.3,28998.38
2023-12-26 04:00:00+00:00,271.3,274.2,264.1,273.1,64554.02
2023-12-26 08:00:00+00:00,273.1,290.4,272.65,290.1,253086.56
2023-12-26 12:00:00+00:00,290.1,303.15,287.1,296.15,209461.42
2023-12-26 16:00:00+00:00,296.15,298.95,283.8,295.6,149990.64
2023-12-26 20:00:00+00:00,295.6,298.45,293.25,297.75,41716.64
2023-12-27 00:00:00+00:00,297.75,298.5,285.45,290.05,70084.37
2023-12-27 04:00:00+00:00,290.05,295.9,288.95,293.0,47119.62
2023-12-27 08:00:00+00:00,293.0,311.0,291.95,310.9,138676.36
2023-12-27 12:00:00+00:00,310.9,314.25,305.65,311.6,171441.26
2023-12-27 16:00:00+00:00,311.6,315.5,305.55,312.0,63158.96
2023-12-27 20:00:00+00:00,312.0,324.35,310.2,324.0,85186.18
2023-12-28 00:00:00+00:00,324.0,328.1,319.2,325.7,105606.81
2023-12-28 04:00:00+00:00,325.7,330.4,320.45,323.8,61631.35
2023-12-28 08:00:00+00:00,323.8,335.8,323.4,335.45,112173.21
2023-12-28 12:00:00+00:00,335.45,337.9,323.65,328.85,201213.21
2023-12-28 16:00:00+00:00,328.85,334.6,327.2,330.15,65448.16
2023-12-28 20:00:00+00:00,330.15,330.15,321.15,322.35,47372.23
2023-12-29 00:00:00+00:00,322.35,325.45,314.75,320.8,101881.28
2023-12-29 04:00:00+00:00,320.8,321.95,311.6,313.35,47085.17
2023-12-29 08:00:00+00:00,313.35,319.7,312.55,317.65,55491.54
2023-12-29 12:00:00+00:00,317.65,321.65,308.7,311.15,88222.48
2023-12-29 16:00:00+00:00,311.15,313.95,307.75,313.85,50642.63
2023-12-29 20:00:00+00:00,313.85,313.85,306.5,313.5,24517.1
2023-12-30 00:00:00+00:00,313.5,316.8,312.0,315.65,24055.42
2023-12-30 04:00:00+00:00,315.65,319.15,314.5,317.85,16269.73
2023-12-30 08:00:00+00:00,317.85,318.85,312.65,316.25,21763.57
2023-12-30 12:00:00+00:00,316.25,320.55,314.6,318.3,27383.32
2023-12-30 16:00:00+00:00,318.3,319.65,314.85,315.6,14750.3
2023-12-30 20:00:00+00:00,315.6,317.9,313.1,316.9,17506.08
2023-12-31 00:00:00+00:00,316.9,319.85,315.65,319.05,26396.81
2023-12-31 04:00:00+00:00,319.05,324.9,318.3,322.2,43196.61
2023-12-31 08:00:00+00:00,322.2,323.25,317.35,317.5,32100.91
2023-12-31 12:00:00+00:00,317.5,318.5,314.8,315.3,19200.87
2023-12-31 16:00:00+00:00,315.3,318.25,315.1,316.0,12423.12
2023-12-31 20:00:00+00:00,316.0,316.0,306.8,311.5,39631.14
2024-01-01 00:00:00+00:00,311.5,315.3,308.4,308.9,26862.53
2024-01-01 04:00:00+00:00,308.9,311.5,306.95,310.75,28949.53
2024-01-01 08:00:00+00:00,310.75,312.3,309.05,309.5,15002.87
2024-01-01 12:00:00+00:00,309.5,312.8,308.7,312.4,23739.46
2024-01-01 16:00:00+00:00,312.4,313.5,310.9,312.1,15111.53
2024-01-01 20:00:00+00:00,312.1,315.6,311.3,313.75,14782.1
2024-01-02 00:00:00+00:00,313.75,320.65,312.6,319.15,35636.31
2024-01-02 04:00:00+00:00,319.15,319.2,316.75,317.45,15246.92
2024-01-02 08:00:00+00:00,317.45,320.7,317.4,319.85,19480.12
2024-01-02 12:00:00+00:00,319.85,321.5,305.85,308.65,68898.05
2024-01-02 16:00:00+00:00,308.65,311.4,307.7,311.05,19004.26
2024-01-02 20:00:00+00:00,311.05,312.35,309.1,312.1,16348.02
2024-01-03 00:00:00+00:00,312.1,314.65,311.6,312.65,8670.04
2024-01-03 04:00:00+00:00,312.65,322.05,312.65,317.15,40390.0
2024-01-03 08:00:00+00:00,317.15,337.3,317.15,323.25,171242.44
2024-01-03 12:00:00+00:00,323.25,323.8,274.4,316.95,358627.44
2024-01-03 16:00:00+00:00,316.95,321.95,309.55,313.55,79888.69
2024-01-03 20:00:00+00:00,313.55,318.6,313.25,315.65,16720.51
2024-01-04 00:00:00+00:00,315.65,317.65,310.55,317.15,20935.63
2024-01-04 04:00:00+00:00,317.15,322.0,316.35,318.1,36660.33
2024-01-04 08:00:00+00:00,318.1,324.1,316.3,316.65,50865.99
2024-01-04 12:00:00+00:00,316.65,321.55,315.15,319.7,34518.27
2024-01-04 16:00:00+00:00,319.7,321.05,317.1,318.05,19869.95
2024-01-04 20:00:00+00:00,318.05,323.25,318.0,323.2,17798.03
2024-01-05 00:00:00+00:00,323.2,326.85,316.15,321.05,63056.49
2024-01-05 04:00:00+00:00,321.05,323.05,316.9,317.2,29116.66
2024-01-05 08:00:00+00:00,317.2,321.35,315.8,318.2,31380.94
2024-01-05 12:00:00+00:00,318.2,319.05,310.7,313.25,31311.39
2024-01-05 16:00:00+00:00,313.25,314.25,307.8,313.35,20039.98
2024-01-05 20:00:00+00:00,313.35,317.55,313.35,317.3,16383.87
2024-01-06 00:00:00+00:00,317.3,317.3,303.5,307.15,61434.14
2024-01-06 04:00:00+00:00,307.15,308.25,299.7,303.4,36707.29
2024-01-06 08:00:00+00:00,303.4,307.55,302.0,306.7,18077.3
2024-01-06 12:00:00+00:00,306.7,307.55,303.35,306.55,21302.86
2024-01-06 16:00:00+00:00,306.55,307.65,304.4,305.25,11521.88
2024-01-06 20:00:00+00:00,305.25,307.6,304.1,307.3,10463.86
2024-01-07 00:00:00+00:00,307.3,308.25,304.75,306.2,9073.85
2024-01-07 04:00:00+00:00,306.2,308.75,306.1,308.7,8803.57
2024-01-07 08:00:00+00:00,308.7,309.4,305.2,305.75,10235.86
2024-01-07 12:00:00+00:00,305.75,307.7,303.6,305.2,10905.24
2024-01-07 16:00:00+00:00,305.2,306.25,302.1,306.0,14398.6
2024-01-07 20:00:00+00:00,306.0,306.6,299.25,302.05,15791.68
2024-01-08 00:00:00+00:00,302.05,303.75,285.0,293.25,109045.98
2024-01-08 04:00:00+00:00,293.25,299.8,292.25,298.5,23584.39
2024-01-08 08:00:00+00:00,298.5,300.05,296.4,298.9,16800.74
2024-01-08 12:00:00+00:00,298.9,302.75,298.65,300.75,18651.9
2024-01-08 16:00:00+00:00,300.75,307.7,299.3,307.15,18296.04
2024-01-08 20:00:00+00:00,307.15,307.6,303.8,303.85,11368.11
2024-01-09 00:00:00+00:00,303.85,304.8,297.9,298.55,18803.37
2024-01-09 04:00:00+00:00,298.55,304.8,298.0,304.65,38847.46
2024-01-09 08:00:00+00:00,304.65,307.0,301.75,304.6,32884.61
2024-01-09 12:00:00+00:00,304.6,305.25,297.2,301.2,46288.89
2024-01-09 16:00:00+00:00,301.2,302.4,297.9,299.65,13307.86
2024-01-09 20:00:00+00:00,299.65,302.9,295.7,301.3,47678.97
2024-01-10 00:00:00+00:00,301.3,303.15,300.6,302.1,10226.16
2024-01-10 04:00:00+00:00,302.1,302.8,299.55,299.9,5574.7
2024-01-10 08:00:00+00:00,299.9,301.25,297.8,299.7,14908.66
2024-01-10 12:00:00+00:00,299.7,299.85,288.95,294.85,34100.85
2024-01-10 16:00:00+00:00,294.85,298.5,293.3,298.0,15909.77
2024-01-10 20:00:00+00:00,298.0,310.35,290.75,305.9,79832.25
2024-01-11 00:00:00+00:00,305.9,306.95,301.75,306.75,25377.59
2024-01-11 04:00:00+00:00,306.75,308.8,302.6,307.65,18352.17
2024-01-11 08:00:00+00:00,307.65,316.85,307.35,314.75,38894.67
2024-01-11 12:00:00+00:00,314.75,317.15,304.85,307.55,61480.28
2024-01-11 16:00:00+00:00,307.55,309.6,301.4,309.45,31634.6
2024-01-11 20:00:00+00:00,309.45,310.35,305.8,308.6,11303.29
2024-01-12 00:00:00+00:00,308.6,313.35,305.7,311.0,25613.0
2024-01-12 04:00:00+00:00,311.0,313.25,307.55,308.9,25963.96
2024-01-12 08:00:00+00:00,308.9,311.65,307.0,310.7,17706.41
2024-01-12 12:00:00+00:00,310.7,312.7,304.9,305.65,29073.76
2024-01-12 16:00:00+00:00,305.65,307.05,296.65,301.1,44782.94
2024-01-12 20:00:00+00:00,301.1,302.55,288.7,296.9,41633.14
2024-01-13 00:00:00+00:00,296.9,297.9,290.9,296.3,15139.03
2024-01-13 04:00:00+00:00,296.3,299.65,295.65,299.4,6331.87
2024-01-13 08:00:00+00:00,299.4,300.5,297.15,299.35,11186.54
2024-01-13 12:00:00+00:00,299.35,302.8,298.15,302.45,10142.01
2024-01-13 16:00:00+00:00,302.45,303.35,300.75,301.75,13807.74
2024-01-13 20:00:00+00:00,301.75,303.25,301.45,302.2,10375.08
2024-01-14 00:00:00+00:00,302.2,303.1,300.15,302.45,8239.46
2024-01-14 04:00:00+00:00,302.45,305.5,301.2,304.6,15576.23
2024-01-14 08:00:00+00:00,304.6,305.65,303.15,303.45,8315.07
2024-01-14 12:00:00+00:00,303.45,306.85,303.2,305.5,14363.57
2024-01-14 16:00:00+00:00,305.5,306.85,303.65,304.3,10750.45
2024-01-14 20:00:00+00:00,304.3,305.65,298.95,299.75,21744.37
2024-01-15 00:00:00+00:00,299.75,310.3,299.75,309.8,27806.5
2024-01-15 04:00:00+00:00,309.8,320.35,309.75,315.15,81312.02
2024-01-15 08:00:00+00:00,315.15,317.3,311.7,313.15,44756.86
2024-01-15 12:00:00+00:00,313.15,321.85,312.55,314.05,161226.66
2024-01-15 16:00:00+00:00,314.05,318.75,313.9,318.15,30976.88
2024-01-15 20:00:00+00:00,318.15,318.8,311.4,317.15,47010.48
2024-01-16 00:00:00+00:00,317.15,318.2,313.55,315.5,48001.24
2024-01-16 04:00:00+00:00,315.5,317.65,314.75,316.15,15468.09
2024-01-16 08:00:00+00:00,316.15,318.95,315.0,317.8,38913.07
2024-01-16 12:00:00+00:00,317.8,319.3,312.7,317.1,51442.18
2024-01-16 16:00:00+00:00,317.1,318.15,313.0,314.75,25682.16
2024-01-16 20:00:00+00:00,314.75,317.05,314.75,315.0,13304.25
2024-01-17 00:00:00+00:00,315.0,316.25,313.25,314.65,19042.92
2024-01-17 04:00:00+00:00,314.65,315.0,308.8,309.05,33621.77
2024-01-17 08:00:00+00:00,309.05,315.2,307.95,313.0,81362.89
2024-01-17 12:00:00+00:00,313.0,314.75,310.8,311.85,40897.46
2024-01-17 16:00:00+00:00,311.85,312.2,307.4,307.95,39417.19
2024-01-17 20:00:00+00:00,307.95,310.6,306.45,309.2,23641.09
2024-01-18 00:00:00+00:00,309.2,310.5,305.55,309.5,23625.03
2024-01-18 04:00:00+00:00,309.5,312.5,308.7,311.5,14928.65
2024-01-18 08:00:00+00:00,311.5,312.6,310.0,311.85,21452.77
2024-01-18 12:00:00+00:00,311.85,315.15,309.55,314.8,24430.2
2024-01-18 16:00:00+00:00,314.8,314.85,307.3,308.45,36561.15
2024-01-18 20:00:00+00:00,308.45,314.8,307.4,312.65,18803.79
2024-01-19 00:00:00+00:00,312.65,313.0,307.35,310.5,29021.69
2024-01-19 04:00:00+00:00,310.5,312.4,309.85,311.4,19650.2
2024-01-19 08:00:00+00:00,311.4,314.3,310.9,313.7,21026.04
2024-01-19 12:00:00+00:00,313.7,315.9,310.65,310.9,33547.47
2024-01-19 16:00:00+00:00,310.9,313.35,304.5,313.3,59777.45
2024-01-19 20:00:00+00:00,313.3,314.45,311.4,314.4,10158.78
2024-01-20 00:00:00+00:00,314.4,315.55,312.45,313.1,14280.95
2024-01-20 04:00:00+00:00,313.1,313.95,312.5,313.05,6781.36
2024-01-20 08:00:00+00:00,313.05,314.85,311.85,314.6,13917.54
2024-01-20 12:00:00+00:00,314.6,315.1,312.85,313.65,13062.75
2024-01-20 16:00:00+00:00,313.65,314.85,313.45,314.35,8197.47
2024-01-20 20:00:00+00:00,314.35,317.25,314.1,317.05,15250.45
2024-01-21 00:00:00+00:00,317.05,319.4,316.05,318.3,17573.12
2024-01-21 04:00:00+00:00,318.3,318.6,316.9,317.45,9813.32
2024-01-21 08:00:00+00:00,317.45,319.2,317.1,319.0,12401.68
2024-01-21 12:00:00+00:00,319.0,319.25,317.15,318.4,13085.05
2024-01-21 16:00:00+00:00,318.4,321.45,317.65,320.35,16764.44
2024-01-21 20:00:00+00:00,320.35,321.6,317.95,318.45,14556.74
2024-01-22 00:00:00+00:00,318.45,320.05,313.0,316.25,42931.48
2024-01-22 04:00:00+00:00,316.25,318.45,313.7,317.5,19897.85
2024-01-22 08:00:00+00:00,317.5,317.6,310.2,313.1,29173.6
2024-01-22 12:00:00+00:00,313.1,314.95,308.0,310.8,30302.86
2024-01-22 16:00:00+00:00,310.8,312.3,303.2,306.2,29918.1
2024-01-22 20:00:00+00:00,306.2,309.3,304.55,305.7,14311.67
2024-01-23 00:00:00+00:00,305.7,310.75,304.9,309.85,13200.44
2024-01-23 04:00:00+00:00,309.85,311.3,306.75,308.0,10553.77
2024-01-23 08:00:00+00:00,308.0,308.95,290.95,295.85,82642.02
2024-01-23 12:00:00+00:00,295.85,298.4,290.15,296.6,34176.66
2024-01-23 16:00:00+00:00,296.6,298.75,293.85,293.85,18322.99
2024-01-23 20:00:00+00:00,293.85,298.75,292.5,298.6,20610.39
2024-01-24 00:00:00+00:00,298.6,300.35,297.25,297.95,10369.19
2024-01-24 04:00:00+00:00,297.95,298.15,291.2,293.1,28370.14
2024-01-24 08:00:00+00:00,293.1,296.9,291.75,295.2,34794.92
2024-01-24 12:00:00+00:00,295.2,297.7,292.15,293.95,33213.91
2024-01-24 16:00:00+00:00,293.95,294.35,289.65,291.9,28036.02
2024-01-24 20:00:00+00:00,291.9,293.75,290.6,292.95,12774.24
2024-01-25 00:00:00+00:00,292.95,293.6,287.35,290.35,26968.92
2024-01-25 04:00:00+00:00,290.35,292.35,287.6,292.05,24168.69
2024-01-25 08:00:00+00:00,292.05,295.3,289.25,294.7,52790.09
2024-01-25 12:00:00+00:00,294.7,296.45,291.55,292.45,39451.09
2024-01-25 16:00:00+00:00,292.45,293.25,288.85,291.75,21292.86
2024-01-25 20:00:00+00:00,291.75,292.45,290.55,292.0,7423.97
2024-01-26 00:00:00+00:00,292.0,295.2,290.6,293.8,15193.43
2024-01-26 04:00:00+00:00,293.8,295.0,293.45,294.6,9666.99
2024-01-26 08:00:00+00:00,294.6,303.95,294.45,302.75,45201.79
2024-01-26 12:00:00+00:00,302.75,303.35,300.7,302.75,19466.63
2024-01-26 16:00:00+00:00,302.75,303.75,301.35,301.5,19114.18
2024-01-26 20:00:00+00:00,301.5,302.55,301.05,302.0,9572.73
2024-01-27 00:00:00+00:00,302.0,307.6,301.65,305.6,15493.09
2024-01-27 04:00:00+00:00,305.6,306.6,302.3,303.0,13089.15
2024-01-27 08:00:00+00:00,303.0,304.5,302.4,303.8,5358.07
2024-01-27 12:00:00+00:00,303.8,304.35,302.95,303.55,7330.41
2024-01-27 16:00:00+00:00,303.55,305.65,302.75,305.45,7129.13
2024-01-27 20:00:00+00:00,305.45,307.0,304.85,305.5,12873.57
2024-01-28 00:00:00+00:00,305.5,306.15,304.25,305.9,5526.02
2024-01-28 04:00:00+00:00,305.9,308.6,305.25,305.75,18777.13
2024-01-28 08:00:00+00:00,305.75,308.85,305.5,306.9,9116.68
2024-01-28 12:00:00+00:00,306.9,307.85,304.65,304.8,14317.61
2024-01-28 16:00:00+00:00,304.8,306.1,303.4,303.85,7032.53
2024-01-28 20:00:00+00:00,303.85,305.65,303.05,305.2,6840.97
2024-01-29 00:00:00+00:00,305.2,307.35,304.4,306.0,5947.59
2024-01-29 04:00:00+00:00,306.0,306.65,305.6,305.9,3342.85
2024-01-29 08:00:00+00:00,305.9,309.4,305.1,307.85,12376.98
2024-01-29 12:00:00+00:00,307.85,308.75,305.15,308.3,11248.69
2024-01-29 16:00:00+00:00,308.3,310.4,307.85,309.85,13419.42
2024-01-29 20:00:00+00:00,309.85,310.9,309.55,310.65,5217.17
2024-01-30 00:00:00+00:00,310.65,313.05,309.85,310.7,8455.98
2024-01-30 04:00:00+00:00,310.7,311.7,309.9,310.85,5909.33
2024-01-30 08:00:00+00:00,310.85,311.35,309.85,310.45,6562.45
2024-01-30 12:00:00+00:00,310.45,311.85,307.3,309.05,16001.12
2024-01-30 16:00:00+00:00,309.05,311.2,308.7,309.65,7738.15
2024-01-30 20:00:00+00:00,309.65,310.8,306.2,307.45,8838.33
2024-01-31 00:00:00+00:00,307.45,307.95,305.35,306.75,8344.94
2024-01-31 04:00:00+00:00,306.75,307.25,305.85,306.9,6850.85
2024-01-31 08:00:00+00:00,306.9,307.45,301.05,303.1,15828.89
2024-01-31 12:00:00+00:00,303.1,304.9,299.9,304.55,14376.08
2024-01-31 16:00:00+00:00,304.55,305.55,303.1,304.55,10229.93
2024-01-31 20:00:00+00:00,304.55,304.6,298.35,300.4,15656.63
2024-02-01 00:00:00+00:00,300.4,301.2,296.3,298.4,18040.73
2024-02-01 04:00:00+00:00,298.4,299.95,297.2,298.0,16757.64
2024-02-01 08:00:00+00:00,298.0,300.5,297.35,299.1,6955.09
2024-02-01 12:00:00+00:00,299.1,302.05,297.65,299.75,21549.35
2024-02-01 16:00:00+00:00,299.75,301.6,298.15,300.4,14125.35
2024-02-01 20:00:00+00:00,300.4,301.15,298.9,300.0,4176.91
2024-02-02 00:00:00+00:00,300.0,302.7,299.65,302.25,7661.08
2024-02-02 04:00:00+00:00,302.25,303.65,301.15,303.15,6337.72
2024-02-02 08:00:00+00:00,303.15,305.05,302.0,302.75,12782.72
2024-02-02 12:00:00+00:00,302.75,303.25,299.8,302.25,11741.06
2024-02-02 16:00:00+00:00,302.25,302.7,300.0,300.5,5403.51
2024-02-02 20:00:00+00:00,300.5,301.45,299.8,301.15,3665.56
2024-02-03 00:00:00+00:00,301.15,302.75,300.75,302.2,5827.07
2024-02-03 04:00:00+00:00,302.2,303.65,301.85,302.0,5749.96
2024-02-03 08:00:00+00:00,302.0,302.3,301.25,301.25,3833.09
2024-02-03 12:00:00+00:00,301.25,301.9,299.25,300.1,7713.57
2024-02-03 16:00:00+00:00,300.1,301.7,299.65,300.15,6538.68
2024-02-03 20:00:00+00:00,300.15,300.95,299.4,299.55,4696.66
2024-02-04 00:00:00+00:00,299.55,301.5,298.3,300.4,12426.86
2024-02-04 04:00:00+00:00,300.4,300.45,297.85,299.3,14050.09
2024-02-04 08:00:00+00:00,299.3,300.75,299.25,300.0,14035.93
2024-02-04 12:00:00+00:00,300.0,307.1,299.8,305.95,46748.89
2024-02-04 16:00:00+00:00,305.95,306.5,304.15,305.35,21099.88
2024-02-04 20:00:00+00:00,305.35,307.75,303.85,304.6,16366.56
2024-02-05 00:00:00+00:00,304.6,306.7,302.8,304.35,16317.57
2024-02-05 04:00:00+00:00,304.35,306.9,301.45,304.45,38470.37
2024-02-05 08:00:00+00:00,304.45,305.6,302.9,304.8,17282.29
2024-02-05 12:00:00+00:00,304.8,304.85,300.3,300.65,56080.71
2024-02-05 16:00:00+00:00,300.65,301.7,300.0,301.5,9996.73
2024-02-05 20:00:00+00:00,301.5,301.7,298.9,301.05,11202.75
2024-02-06 00:00:00+00:00,301.05,302.7,300.7,302.1,6135.88
2024-02-06 04:00:00+00:00,302.1,302.55,300.95,301.45,4076.12
2024-02-06 08:00:00+00:00,301.45,303.55,301.0,301.5,15736.49
2024-02-06 12:00:00+00:00,301.5,303.6,301.4,302.7,17616.58
2024-02-06 16:00:00+00:00,302.7,303.5,302.1,303.4,6809.36
2024-02-06 20:00:00+00:00,303.4,303.55,302.5,302.6,4090.31
2024-02-07 00:00:00+00:00,302.6,303.1,300.7,300.85,6124.56
2024-02-07 04:00:00+00:00,300.85,302.9,300.7,302.2,24642.71
2024-02-07 08:00:00+00:00,302.2,304.4,302.0,302.65,17290.4
2024-02-07 12:00:00+00:00,302.65,304.45,302.4,303.25,14360.44
2024-02-07 16:00:00+00:00,303.25,307.55,303.1,306.65,19570.5
2024-02-07 20:00:00+00:00,306.65,308.6,306.65,307.35,14748.0
2024-02-08 00:00:00+00:00,307.35,315.0,307.35,311.1,81943.74
2024-02-08 04:00:00+00:00,311.1,314.9,311.0,314.5,43747.99
2024-02-08 08:00:00+00:00,314.5,316.45,314.45,316.3,30926.03
2024-02-08 12:00:00+00:00,316.3,320.2,314.85,319.55,45808.1
2024-02-08 16:00:00+00:00,319.55,319.7,314.55,317.3,45655.46
2024-02-08 20:00:00+00:00,317.3,319.45,316.7,318.5,20954.47
2024-02-09 00:00:00+00:00,318.5,322.9,317.0,320.65,39174.26
2024-02-09 04:00:00+00:00,320.65,322.6,319.65,320.65,30185.17
2024-02-09 08:00:00+00:00,320.65,324.8,320.25,324.65,35653.6
2024-02-09 12:00:00+00:00,324.65,325.7,320.55,321.85,34784.43
2024-02-09 16:00:00+00:00,321.85,324.75,321.15,322.5,18777.46
2024-02-09 20:00:00+00:00,322.5,324.05,321.8,323.75,11994.76
2024-02-10 00:00:00+00:00,323.75,324.65,322.25,324.2,10859.65
2024-02-10 04:00:00+00:00,324.2,324.8,322.8,323.1,4235.62
2024-02-10 08:00:00+00:00,323.1,323.45,318.45,320.05,22100.41
2024-02-10 12:00:00+00:00,320.05,321.4,319.65,320.8,5598.33
2024-02-10 16:00:00+00:00,320.8,321.95,320.4,321.55,7127.97
2024-02-10 20:00:00+00:00,321.55,323.45,321.4,322.6,8164.47
2024-02-11 00:00:00+00:00,322.6,323.6,321.4,323.5,12751.1
2024-02-11 04:00:00+00:00,323.5,324.2,322.65,323.9,12407.0
2024-02-11 08:00:00+00:00,323.9,324.3,321.2,321.85,10336.89
2024-02-11 12:00:00+00:00,321.85,322.4,320.0,320.85,15324.54
2024-02-11 16:00:00+00:00,320.85,321.9,320.3,321.3,5020.55
2024-02-11 20:00:00+00:00,321.3,321.75,319.55,320.35,4915.74
2024-02-12 00:00:00+00:00,320.35,321.75,317.4,319.1,12669.94
2024-02-12 04:00:00+00:00,319.1,320.0,315.45,318.05,11110.24
2024-02-12 08:00:00+00:00,318.05,318.35,315.25,316.75,6079.49
2024-02-12 12:00:00+00:00,316.75,322.3,316.55,321.9,13297.19
2024-02-12 16:00:00+00:00,321.9,330.6,320.6,324.0,54539.52
2024-02-12 20:00:00+00:00,324.0,328.4,324.0,327.55,18891.06
2024-02-13 00:00:00+00:00,327.55,328.95,326.05,326.4,18971.57
2024-02-13 04:00:00+00:00,326.4,327.35,325.85,326.0,16505.33
2024-02-13 08:00:00+00:00,326.0,327.75,324.45,326.45,17516.8
2024-02-13 12:00:00+00:00,326.45,326.55,317.6,321.95,35650.94
2024-02-13 16:00:00+00:00,321.95,323.1,319.75,322.25,9405.15
2024-02-13 20:00:00+00:00,322.25,324.55,322.2,324.25,5284.48
2024-02-14 00:00:00+00:00,324.25,325.65,322.95,325.4,6940.3
2024-02-14 04:00:00+00:00,325.4,327.85,324.65,327.75,12243.73
2024-02-14 08:00:00+00:00,327.75,333.4,327.4,332.55,32427.57
2024-02-14 12:00:00+00:00,332.55,334.75,329.9,332.2,26792.04
2024-02-14 16:00:00+00:00,332.2,334.1,330.45,332.45,17942.04
2024-02-14 20:00:00+00:00,332.45,334.4,332.0,333.55,9690.93
2024-02-15 00:00:00+00:00,333.55,344.85,332.5,341.9,68806.11
2024-02-15 04:00:00+00:00,341.9,345.3,337.6,345.3,29008.43
2024-02-15 08:00:00+00:00,345.3,347.7,342.65,346.55,22647.61
2024-02-15 12:00:00+00:00,346.55,366.4,344.7,360.5,162127.06
2024-02-15 16:00:00+00:00,360.5,360.7,352.3,355.65,42144.32
2024-02-15 20:00:00+00:00,355.65,355.85,348.75,353.8,31160.64
2024-02-16 00:00:00+00:00,353.8,367.85,352.75,361.85,45207.97
2024-02-16 04:00:00+00:00,361.85,363.7,354.6,356.3,26021.0
2024-02-16 08:00:00+00:00,356.3,357.35,350.6,357.35,39057.24
2024-02-16 12:00:00+00:00,357.35,364.75,355.4,358.35,58338.06
2024-02-16 16:00:00+00:00,358.35,363.15,352.4,354.5,35937.31
2024-02-16 20:00:00+00:00,354.5,361.35,354.05,360.4,10662.31
2024-02-17 00:00:00+00:00,360.4,363.45,357.75,359.95,25106.56
2024-02-17 04:00:00+00:00,359.95,360.95,355.35,359.55,19636.81
2024-02-17 08:00:00+00:00,359.55,359.85,354.55,356.9,21668.77
2024-02-17 12:00:00+00:00,356.9,359.2,347.9,351.4,39682.47
2024-02-17 16:00:00+00:00,351.4,354.8,349.3,353.05,11108.08
2024-02-17 20:00:00+00:00,353.05,354.55,351.45,352.3,16581.17
2024-02-18 00:00:00+00:00,352.3,353.1,348.7,351.2,13790.94
2024-02-18 04:00:00+00:00,351.2,356.45,350.6,355.25,19484.96
2024-02-18 08:00:00+00:00,355.25,357.9,354.2,354.25,12949.62
2024-02-18 12:00:00+00:00,354.25,355.55,350.05,352.4,19071.83
2024-02-18 16:00:00+00:00,352.4,352.8,350.0,351.25,20534.94
2024-02-18 20:00:00+00:00,351.25,353.55,349.2,349.8,14724.88
2024-02-19 00:00:00+00:00,349.8,356.0,349.1,352.45,28339.71
2024-02-19 04:00:00+00:00,352.45,355.0,350.4,354.85,16235.17
2024-02-19 08:00:00+00:00,354.85,355.1,350.45,353.45,30377.64
2024-02-19 12:00:00+00:00,353.45,355.0,351.0,354.5,27407.76
2024-02-19 16:00:00+00:00,354.5,356.7,351.4,352.8,31172.96
2024-02-19 20:00:00+00:00,352.8,355.1,351.4,351.9,11195.39
2024-02-20 00:00:00+00:00,351.9,355.65,351.0,353.1,44079.4
2024-02-20 04:00:00+00:00,353.1,361.7,352.15,358.05,45019.16
2024-02-20 08:00:00+00:00,358.05,359.35,352.15,358.05,42541.97
2024-02-20 12:00:00+00:00,358.05,360.5,348.85,351.25,70421.33
2024-02-20 16:00:00+00:00,351.25,354.6,344.45,354.45,38025.8
2024-02-20 20:00:00+00:00,354.45,357.1,353.5,354.95,15338.83
2024-02-21 00:00:00+00:00,354.95,356.15,352.75,353.65,17510.11
2024-02-21 04:00:00+00:00,353.65,360.4,351.15,360.25,68766.69
2024-02-21 08:00:00+00:00,360.25,366.15,357.4,363.85,127169.61
2024-02-21 12:00:00+00:00,363.85,374.3,360.9,369.35,142653.41
2024-02-21 16:00:00+00:00,369.35,372.2,364.0,370.6,64156.58
2024-02-21 20:00:00+00:00,370.6,378.85,370.35,378.7,72136.88
2024-02-22 00:00:00+00:00,378.7,386.65,373.05,374.55,102246.1
2024-02-22 04:00:00+00:00,374.55,381.55,373.8,381.05,52717.78
2024-02-22 08:00:00+00:00,381.05,383.7,378.05,382.45,55231.42
2024-02-22 12:00:00+00:00,382.45,383.45,375.1,380.6,45011.81
2024-02-22 16:00:00+00:00,380.6,382.55,376.95,381.75,20008.72
2024-02-22 20:00:00+00:00,381.75,387.2,380.1,382.25,38692.38
2024-02-23 00:00:00+00:00,382.25,385.4,377.65,378.45,19769.51
2024-02-23 04:00:00+00:00,378.45,383.0,374.2,374.5,24221.98
2024-02-23 08:00:00+00:00,374.5,379.45,374.25,376.5,27951.95
2024-02-23 12:00:00+00:00,376.5,377.1,370.7,371.2,39903.6
2024-02-23 16:00:00+00:00,371.2,377.9,368.4,377.15,48545.47
2024-02-23 20:00:00+00:00,377.15,377.15,372.3,375.15,15597.04
2024-02-24 00:00:00+00:00,375.15,377.4,371.05,377.25,13064.6
2024-02-24 04:00:00+00:00,377.25,379.9,376.55,379.25,15581.76
2024-02-24 08:00:00+00:00,379.25,381.45,378.65,380.1,14993.37
2024-02-24 12:00:00+00:00,380.1,381.2,378.65,379.0,9281.16
2024-02-24 16:00:00+00:00,379.0,382.65,378.8,382.25,9483.43
2024-02-24 20:00:00+00:00,382.25,382.4,380.7,381.2,6506.06
2024-02-25 00:00:00+00:00,381.2,381.6,378.15,379.1,11597.95
2024-02-25 04:00:00+00:00,379.1,380.9,377.3,380.25,8039.79
2024-02-25 08:00:00+00:00,380.25,388.9,377.8,383.8,37888.16
2024-02-25 12:00:00+00:00,383.8,386.6,383.45,384.75,21016.36
2024-02-25 16:00:00+00:00,384.75,390.15,382.65,388.75,19460.62
2024-02-25 20:00:00+00:00,388.75,390.85,387.15,388.05,15537.97
2024-02-26 00:00:00+00:00,388.05,389.6,381.75,383.6,22291.46
2024-02-26 04:00:00+00:00,383.6,389.2,383.25,386.2,29647.45
2024-02-26 08:00:00+00:00,386.2,392.95,383.75,389.65,53422.35
2024-02-26 12:00:00+00:00,389.65,398.7,386.95,396.45,62796.63
2024-02-26 16:00:00+00:00,396.45,399.0,395.05,398.05,45247.61
2024-02-26 20:00:00+00:00,398.05,404.75,397.65,401.4,40944.92
2024-02-27 00:00:00+00:00,401.4,403.45,397.1,398.8,61870.1
2024-02-27 04:00:00+00:00,398.8,400.35,394.15,395.3,36231.48
2024-02-27 08:00:00+00:00,395.3,399.5,395.3,397.9,16691.56
2024-02-27 12:00:00+00:00,397.9,399.95,390.9,392.25,31397.78
2024-02-27 16:00:00+00:00,392.25,395.25,388.8,394.85,23109.72
2024-02-27 20:00:00+00:00,394.85,396.1,393.55,394.25,11357.84
2024-02-28 00:00:00+00:00,394.25,397.0,393.65,395.3,8583.0
2024-02-28 04:00:00+00:00,395.3,401.0,394.9,400.15,13958.87
2024-02-28 08:00:00+00:00,400.15,417.25,398.25,406.25,67392.54
2024-02-28 12:00:00+00:00,406.25,414.55,405.0,412.95,34999.39
2024-02-28 16:00:00+00:00,412.95,426.9,399.15,408.2,121015.79
2024-02-28 20:00:00+00:00,408.2,415.95,404.6,414.55,18283.13
2024-02-29 00:00:00+00:00,414.55,419.8,410.95,414.15,32426.43
2024-02-29 04:00:00+00:00,414.15,418.1,412.4,415.45,23664.59
2024-02-29 08:00:00+00:00,415.45,418.4,410.25,410.7,40342.46
2024-02-29 12:00:00+00:00,410.7,412.15,407.0,407.75,34427.03
2024-02-29 16:00:00+00:00,407.75,409.05,402.55,406.3,35832.3
2024-02-29 20:00:00+00:00,406.3,407.5,391.05,399.55,35879.1
2024-03-01 00:00:00+00:00,399.55,407.15,399.15,406.0,20410.14
2024-03-01 04:00:00+00:00,406.0,408.2,402.65,403.8,11043.39
2024-03-01 08:00:00+00:00,403.8,408.85,402.9,406.55,13800.2
2024-03-01 12:00:00+00:00,406.55,408.8,402.55,403.25,17681.42
2024-03-01 16:00:00+00:00,403.25,407.55,402.75,406.7,9967.83
2024-03-01 20:00:00+00:00,406.7,408.9,405.85,407.75,8551.04
2024-03-02 00:00:00+00:00,407.75,414.1,406.2,414.1,16758.9
2024-03-02 04:00:00+00:00,414.1,415.4,407.6,409.7,19543.74
2024-03-02 08:00:00+00:00,409.7,410.7,406.3,408.3,13039.61
2024-03-02 12:00:00+00:00,408.3,411.8,406.25,408.1,18950.39
2024-03-02 16:00:00+00:00,408.1,410.2,406.8,410.0,8332.79
2024-03-02 20:00:00+00:00,410.0,411.3,407.45,411.2,6856.17
2024-03-03 00:00:00+00:00,411.2,412.05,408.95,410.85,7284.37
2024-03-03 04:00:00+00:00,410.85,414.0,401.85,407.2,41188.22
2024-03-03 08:00:00+00:00,407.2,413.95,404.75,413.95,24188.43
2024-03-03 12:00:00+00:00,413.95,415.85,411.8,413.75,18987.44
2024-03-03 16:00:00+00:00,413.75,417.0,413.25,413.85,13208.6
2024-03-03 20:00:00+00:00,413.85,417.35,413.45,414.85,10706.09
2024-03-04 00:00:00+00:00,414.85,417.95,411.9,414.8,17974.88
2024-03-04 04:00:00+00:00,414.8,418.15,414.5,417.35,7539.89
2024-03-04 08:00:00+00:00,417.35,424.45,416.0,417.8,34395.81
2024-03-04 12:00:00+00:00,417.8,420.6,415.05,419.3,31313.12
2024-03-04 16:00:00+00:00,419.3,419.6,410.7,416.65,40263.72
2024-03-04 20:00:00+00:00,416.65,421.85,414.35,419.05,29794.95
2024-03-05 00:00:00+00:00,419.05,423.0,415.95,421.25,40969.47
2024-03-05 04:00:00+00:00,421.25,428.2,416.8,418.8,81439.18
2024-03-05 08:00:00+00:00,418.8,421.3,416.7,419.0,27830.14
2024-03-05 12:00:00+00:00,419.0,422.9,413.85,416.45,60443.81
2024-03-05 16:00:00+00:00,416.45,417.4,350.55,376.65,185910.5
2024-03-05 20:00:00+00:00,376.65,396.9,372.15,394.4,123525.57
2024-03-06 00:00:00+00:00,394.4,397.3,386.0,391.75,45846.16
2024-03-06 04:00:00+00:00,391.75,412.35,391.6,411.25,75054.06
2024-03-06 08:00:00+00:00,411.25,434.65,407.9,426.2,173791.1
2024-03-06 12:00:00+00:00,426.2,428.9,413.35,419.8,80001.67
2024-03-06 16:00:00+00:00,419.8,425.7,419.25,424.5,21534.31
2024-03-06 20:00:00+00:00,424.5,429.55,424.3,429.55,25610.26
2024-03-07 00:00:00+00:00,429.55,430.85,425.7,426.9,21727.08
2024-03-07 04:00:00+00:00,426.9,434.8,423.35,434.45,29898.62
2024-03-07 08:00:00+00:00,434.45,438.8,431.0,438.75,27905.61
2024-03-07 12:00:00+00:00,438.75,451.0,438.3,449.2,51936.24
2024-03-07 16:00:00+00:00,449.2,467.9,448.45,467.85,48275.92
2024-03-07 20:00:00+00:00,467.85,477.1,466.05,474.5,41932.86
2024-03-08 00:00:00+00:00,474.5,477.05,463.55,464.6,37537.62
2024-03-08 04:00:00+00:00,464.6,472.7,464.45,467.95,24316.91
2024-03-08 08:00:00+00:00,467.95,474.35,467.35,473.75,21593.42
2024-03-08 12:00:00+00:00,473.75,489.7,465.95,472.4,95470.73
2024-03-08 16:00:00+00:00,472.4,486.9,463.3,484.35,53342.0
2024-03-08 20:00:00+00:00,484.35,487.5,477.9,485.35,17641.22
2024-03-09 00:00:00+00:00,485.35,492.25,481.6,488.65,20596.91
2024-03-09 04:00:00+00:00,488.65,489.3,485.35,487.05,15829.74
2024-03-09 08:00:00+00:00,487.05,494.15,483.55,487.05,40118.23
2024-03-09 12:00:00+00:00,487.05,488.4,482.5,484.1,17195.31
2024-03-09 16:00:00+00:00,484.1,485.45,480.1,481.85,11851.45
2024-03-09 20:00:00+00:00,481.85,489.45,481.85,488.15,9151.88
2024-03-10 00:00:00+00:00,488.15,491.25,484.65,487.95,15513.89
2024-03-10 04:00:00+00:00,487.95,504.65,487.75,503.65,26949.68
2024-03-10 08:00:00+00:00,503.65,538.0,501.05,532.25,139543.38
2024-03-10 12:00:00+00:00,532.25,537.05,518.55,521.4,64720.48
2024-03-10 16:00:00+00:00,521.4,532.6,520.9,530.85,29247.87
2024-03-10 20:00:00+00:00,530.85,532.3,516.7,529.0,26801.31
2024-03-11 00:00:00+00:00,529.0,529.5,504.55,523.5,68030.81
2024-03-11 04:00:00+00:00,523.5,534.55,515.85,528.3,45124.56
2024-03-11 08:00:00+00:00,528.3,533.7,520.6,522.6,37481.76
2024-03-11 12:00:00+00:00,522.6,524.85,514.5,516.05,44410.37
2024-03-11 16:00:00+00:00,516.05,522.35,512.45,518.6,29542.69
2024-03-11 20:00:00+00:00,518.6,524.25,517.75,523.3,17847.01
2024-03-12 00:00:00+00:00,523.3,536.45,522.65,535.0,50783.91
2024-03-12 04:00:00+00:00,535.0,544.45,530.6,539.3,56518.34
2024-03-12 08:00:00+00:00,539.3,540.0,523.15,530.95,40374.35
2024-03-12 12:00:00+00:00,530.95,548.4,519.35,542.0,136361.28
2024-03-12 16:00:00+00:00,542.0,546.5,519.3,542.25,93145.94
2024-03-12 20:00:00+00:00,542.25,543.2,532.0,537.85,29019.54
2024-03-13 00:00:00+00:00,537.85,540.75,532.4,538.65,21692.89
2024-03-13 04:00:00+00:00,538.65,564.55,536.85,561.6,58288.24
2024-03-13 08:00:00+00:00,561.6,600.5,561.0,593.3,121261.43
2024-03-13 12:00:00+00:00,593.3,598.65,577.7,583.0,96553.48
2024-03-13 16:00:00+00:00,583.0,597.65,581.0,597.55,38634.57
2024-03-13 20:00:00+00:00,597.55,634.9,594.15,631.3,80264.12
2024-03-14 00:00:00+00:00,631.3,632.15,611.0,616.0,61482.57
2024-03-14 04:00:00+00:00,616.0,623.3,606.15,607.45,52394.09
2024-03-14 08:00:00+00:00,607.45,614.95,602.9,606.65,49525.56
2024-03-14 12:00:00+00:00,606.65,608.9,586.3,593.25,99655.18
2024-03-14 16:00:00+00:00,593.25,600.4,565.75,579.85,96784.98
2024-03-14 20:00:00+00:00,579.85,609.45,579.4,603.95,48624.4
2024-03-15 00:00:00+00:00,603.95,612.85,563.85,583.3,80553.82
2024-03-15 04:00:00+00:00,583.3,586.7,565.5,582.9,49254.65
2024-03-15 08:00:00+00:00,582.9,584.9,542.25,583.25,103005.77
2024-03-15 12:00:00+00:00,583.25,607.0,568.8,596.8,89806.14
2024-03-15 16:00:00+00:00,596.8,614.65,589.15,597.3,71865.51
2024-03-15 20:00:00+00:00,597.3,636.15,581.85,633.25,97141.67
2024-03-16 00:00:00+00:00,633.25,645.9,611.9,612.7,76115.69
2024-03-16 04:00:00+00:00,612.7,619.6,606.5,615.1,43614.91
2024-03-16 08:00:00+00:00,615.1,624.95,601.4,608.95,49601.87
2024-03-16 12:00:00+00:00,608.95,610.3,590.35,601.9,56129.02
2024-03-16 16:00:00+00:00,601.9,602.35,578.85,584.15,48772.41
2024-03-16 20:00:00+00:00,584.15,592.5,567.85,576.75,43606.47
2024-03-17 00:00:00+00:00,576.75,590.9,570.6,588.0,26040.27
2024-03-17 04:00:00+00:00,588.0,588.15,548.25,559.9,66320.31
2024-03-17 08:00:00+00:00,559.9,579.5,557.1,572.15,33791.75
2024-03-17 12:00:00+00:00,572.15,588.5,560.25,588.05,34070.03
2024-03-17 16:00:00+00:00,588.05,590.3,572.85,582.55,28694.01
2024-03-17 20:00:00+00:00,582.55,584.0,563.1,571.45,32034.91
2024-03-18 00:00:00+00:00,571.45,571.7,550.35,565.55,59709.89
2024-03-18 04:00:00+00:00,565.55,587.6,560.25,577.1,46162.02
2024-03-18 08:00:00+00:00,577.1,577.25,561.5,569.1,33548.01
2024-03-18 12:00:00+00:00,569.1,572.1,545.0,552.9,70031.93
2024-03-18 16:00:00+00:00,552.9,558.8,540.35,548.8,54369.68
2024-03-18 20:00:00+00:00,548.8,558.55,548.8,555.65,18389.25
2024-03-19 00:00:00+00:00,555.65,560.95,523.15,534.55,77709.62
2024-03-19 04:00:00+00:00,534.55,536.85,512.45,529.5,64914.18
2024-03-19 08:00:00+00:00,529.5,529.7,495.9,514.1,85048.72
2024-03-19 12:00:00+00:00,514.1,531.0,509.45,529.75,44626.59
2024-03-19 16:00:00+00:00,529.75,538.7,526.45,532.25,30075.17
2024-03-19 20:00:00+00:00,532.25,533.5,501.5,507.9,29820.56
2024-03-20 00:00:00+00:00,507.9,522.8,506.1,512.5,31240.48
2024-03-20 04:00:00+00:00,512.5,534.15,500.15,532.45,36624.47
2024-03-20 08:00:00+00:00,532.45,536.25,522.45,533.9,28686.91
2024-03-20 12:00:00+00:00,533.9,539.55,515.65,516.65,39766.2
2024-03-20 16:00:00+00:00,516.65,542.85,504.45,541.1,59030.6
2024-03-20 20:00:00+00:00,541.1,559.7,539.85,556.95,31952.33
2024-03-21 00:00:00+00:00,556.95,562.4,549.15,552.75,36401.22
2024-03-21 04:00:00+00:00,552.75,555.05,540.85,550.1,24235.04
2024-03-21 08:00:00+00:00,550.1,571.5,549.8,558.3,69539.41
2024-03-21 12:00:00+00:00,558.3,565.95,553.75,558.3,29650.6
2024-03-21 16:00:00+00:00,558.3,567.15,544.1,552.3,39191.03
2024-03-21 20:00:00+00:00,552.3,558.65,546.7,554.15,11715.38
2024-03-22 00:00:00+00:00,554.15,578.0,552.45,575.6,39543.36
2024-03-22 04:00:00+00:00,575.6,586.85,571.8,584.3,30806.04
2024-03-22 08:00:00+00:00,584.3,588.0,563.95,566.0,40707.34
2024-03-22 12:00:00+00:00,566.0,570.4,542.25,554.4,70899.9
2024-03-22 16:00:00+00:00,554.4,554.8,542.7,550.15,26713.87
2024-03-22 20:00:00+00:00,550.15,554.7,532.55,554.35,34607.28
2024-03-23 00:00:00+00:00,554.35,563.0,543.8,550.55,33812.7
2024-03-23 04:00:00+00:00,550.55,558.9,548.5,555.3,17757.33
2024-03-23 08:00:00+00:00,555.3,559.1,550.7,554.7,24606.41
2024-03-23 12:00:00+00:00,554.7,568.2,553.5,562.45,29802.59
2024-03-23 16:00:00+00:00,562.45,565.55,558.5,559.5,9728.92
2024-03-23 20:00:00+00:00,559.5,562.8,550.3,552.1,10122.54
2024-03-24 00:00:00+00:00,552.1,562.05,550.95,551.15,13393.99
2024-03-24 04:00:00+00:00,551.15,555.75,549.3,553.2,8057.01
2024-03-24 08:00:00+00:00,553.2,557.85,552.05,557.15,9523.74
2024-03-24 12:00:00+00:00,557.15,565.15,556.25,560.95,19500.5
2024-03-24 16:00:00+00:00,560.95,565.25,554.25,564.35,16290.51
2024-03-24 20:00:00+00:00,564.35,573.75,562.9,568.35,16604.94
2024-03-25 00:00:00+00:00,568.35,582.85,565.25,582.0,31476.73
2024-03-25 04:00:00+00:00,582.0,590.15,581.15,584.2,35654.54
2024-03-25 08:00:00+00:00,584.2,587.6,577.95,579.75,49236.14
2024-03-25 12:00:00+00:00,579.75,595.8,574.65,593.45,31786.26
2024-03-25 16:00:00+00:00,593.45,598.55,591.3,595.1,17164.06
2024-03-25 20:00:00+00:00,595.1,596.0,585.15,587.3,19578.11
2024-03-26 00:00:00+00:00,587.3,594.65,586.55,593.4,9882.41
2024-03-26 04:00:00+00:00,593.4,597.8,590.65,591.9,16362.09
2024-03-26 08:00:00+00:00,591.9,597.8,590.25,592.25,9719.9
2024-03-26 12:00:00+00:00,592.25,594.7,571.95,580.25,37640.88
2024-03-26 16:00:00+00:00,580.25,582.0,572.35,575.6,17831.66
2024-03-26 20:00:00+00:00,575.6,582.05,575.6,580.9,8144.15
2024-03-27 00:00:00+00:00,580.9,586.45,578.6,582.7,7649.66
2024-03-27 04:00:00+00:00,582.7,583.55,573.55,574.75,8043.89
2024-03-27 08:00:00+00:00,574.75,581.0,572.2,579.25,11800.49
2024-03-27 12:00:00+00:00,579.25,585.7,563.5,570.5,63652.28
2024-03-27 16:00:00+00:00,570.5,575.0,566.3,570.05,15542.67
2024-03-27 20:00:00+00:00,570.05,576.7,569.5,574.85,7965.79
2024-03-28 00:00:00+00:00,574.85,589.65,574.7,582.35,31741.79
2024-03-28 04:00:00+00:00,582.35,591.65,582.1,591.1,15158.77
2024-03-28 08:00:00+00:00,591.1,592.3,585.85,588.05,13620.8
2024-03-28 12:00:00+00:00,588.05,589.3,580.55,585.7,10256.88
2024-03-28 16:00:00+00:00,585.7,586.55,581.5,582.3,8458.94
2024-03-28 20:00:00+00:00,582.3,586.8,580.2,584.0,8904.32
2024-03-29 00:00:00+00:00,584.0,590.4,583.05,589.35,18849.55
2024-03-29 04:00:00+00:00,589.35,614.25,587.25,607.3,98993.85
2024-03-29 08:00:00+00:00,607.3,620.35,606.55,617.0,39638.1
2024-03-29 12:00:00+00:00,617.0,621.0,602.7,607.65,51767.89
2024-03-29 16:00:00+00:00,607.65,614.9,607.5,613.85,26670.18
2024-03-29 20:00:00+00:00,613.85,618.7,610.7,612.45,19855.05
2024-03-30 00:00:00+00:00,612.45,612.95,604.05,607.5,22506.07
2024-03-30 04:00:00+00:00,607.5,610.35,598.65,598.75,18576.01
2024-03-30 08:00:00+00:00,598.75,605.4,595.25,604.45,29726.29
2024-03-30 12:00:00+00:00,604.45,606.25,601.55,604.9,8671.92
2024-03-30 16:00:00+00:00,604.9,609.25,603.2,604.75,10227.7
2024-03-30 20:00:00+00:00,604.75,606.65,599.15,600.3,9552.19
2024-03-31 00:00:00+00:00,600.3,608.1,600.05,607.95,7174.64
2024-03-31 04:00:00+00:00,607.95,608.3,602.6,606.05,8751.91
2024-03-31 08:00:00+00:00,606.05,606.45,602.1,605.25,7335.97
2024-03-31 12:00:00+00:00,605.25,606.25,601.45,601.75,10110.62
2024-03-31 16:00:00+00:00,601.75,606.4,601.7,605.8,8988.06
2024-03-31 20:00:00+00:00,605.8,608.1,604.6,606.15,5375.97
2024-04-01 00:00:00+00:00,606.15,607.2,596.2,597.65,15621.8
2024-04-01 04:00:00+00:00,597.65,597.75,570.05,586.05,61838.81
2024-04-01 08:00:00+00:00,586.05,587.05,579.6,584.3,16837.56
2024-04-01 12:00:00+00:00,584.3,593.05,572.65,574.0,38387.07
2024-04-01 16:00:00+00:00,574.0,579.55,568.25,579.0,22773.49
2024-04-01 20:00:00+00:00,579.0,581.55,575.8,576.1,7893.8
2024-04-02 00:00:00+00:00,576.1,578.55,551.3,561.45,63653.59
2024-04-02 04:00:00+00:00,561.45,565.95,555.55,559.6,22232.82
2024-04-02 08:00:00+00:00,559.6,564.0,551.1,556.15,31588.96
2024-04-02 12:00:00+00:00,556.15,562.05,546.9,552.65,27180.9
2024-04-02 16:00:00+00:00,552.65,559.75,549.95,558.5,13528.64
2024-04-02 20:00:00+00:00,558.5,560.55,550.5,551.8,15721.58
2024-04-03 00:00:00+00:00,551.8,560.75,539.5,560.75,34083.42
2024-04-03 04:00:00+00:00,560.75,564.2,553.4,559.35,20949.63
2024-04-03 08:00:00+00:00,559.35,568.45,555.35,556.75,25750.09
2024-04-03 12:00:00+00:00,556.75,563.8,552.4,557.05,25156.42
2024-04-03 16:00:00+00:00,557.05,560.45,551.0,558.75,11913.78
2024-04-03 20:00:00+00:00,558.75,565.8,552.1,562.25,20798.21
2024-04-04 00:00:00+00:00,562.25,584.0,561.25,576.4,75734.89
2024-04-04 04:00:00+00:00,576.4,584.65,573.4,582.65,23775.91
2024-04-04 08:00:00+00:00,582.65,588.05,579.8,586.7,34581.49
2024-04-04 12:00:00+00:00,586.7,593.0,585.5,590.05,29407.81
2024-04-04 16:00:00+00:00,590.05,597.3,589.95,594.15,19788.29
2024-04-04 20:00:00+00:00,594.15,594.65,579.6,584.35,35430.39
2024-04-05 00:00:00+00:00,584.35,590.15,573.4,580.85,30827.8
2024-04-05 04:00:00+00:00,580.85,580.85,563.7,574.3,24382.93
2024-04-05 08:00:00+00:00,574.3,580.8,572.05,576.8,28976.16
2024-04-05 12:00:00+00:00,576.8,585.6,572.6,583.1,29914.05
2024-04-05 16:00:00+00:00,583.1,584.3,576.7,581.8,11037.6
2024-04-05 20:00:00+00:00,581.8,582.75,577.15,577.6,6116.3
2024-04-06 00:00:00+00:00,577.6,581.55,574.55,580.45,12555.63
2024-04-06 04:00:00+00:00,580.45,584.35,579.8,582.75,11084.12
2024-04-06 08:00:00+00:00,582.75,584.15,579.55,580.7,7114.92
2024-04-06 12:00:00+00:00,580.7,586.65,579.35,583.45,8058.51
2024-04-06 16:00:00+00:00,583.45,586.2,582.45,582.8,6149.57
2024-04-06 20:00:00+00:00,582.8,590.85,582.35,585.1,12335.99
2024-04-07 00:00:00+00:00,585.1,590.3,584.2,589.45,8628.68
2024-04-07 04:00:00+00:00,589.45,589.75,585.6,586.55,10085.39
2024-04-07 08:00:00+00:00,586.55,588.1,585.45,585.9,4725.49
2024-04-07 12:00:00+00:00,585.9,589.65,583.0,583.85,11689.0
2024-04-07 16:00:00+00:00,583.85,585.5,577.35,578.15,13344.66
2024-04-07 20:00:00+00:00,578.15,584.6,577.6,583.45,15629.25
2024-04-08 00:00:00+00:00,583.45,583.65,577.05,581.35,13243.23
2024-04-08 04:00:00+00:00,581.35,588.4,580.35,588.3,12523.07
2024-04-08 08:00:00+00:00,588.3,600.75,587.6,595.85,35523.84
2024-04-08 12:00:00+00:00,595.85,598.4,586.05,587.7,14928.96
2024-04-08 16:00:00+00:00,587.7,592.0,586.65,589.05,11040.97
2024-04-08 20:00:00+00:00,589.05,591.15,586.4,586.6,8166.07
2024-04-09 00:00:00+00:00,586.6,590.45,582.1,582.65,16620.11
2024-04-09 04:00:00+00:00,582.65,585.1,574.15,574.8,19930.59
2024-04-09 08:00:00+00:00,574.8,585.2,571.7,584.3,22066.09
2024-04-09 12:00:00+00:00,584.3,585.1,573.1,579.35,21443.69
2024-04-09 16:00:00+00:00,579.35,581.35,574.35,580.75,10988.61
2024-04-09 20:00:00+00:00,580.75,583.8,579.45,580.9,6676.51
2024-04-10 00:00:00+00:00,580.9,583.55,573.4,579.3,13612.84
2024-04-10 04:00:00+00:00,579.3,588.95,577.65,588.15,13002.29
2024-04-10 08:00:00+00:00,588.15,592.35,584.75,587.1,22304.69
2024-04-10 12:00:00+00:00,587.1,594.85,574.25,593.75,72848.53
2024-04-10 16:00:00+00:00,593.75,611.4,593.6,606.35,48377.12
2024-04-10 20:00:00+00:00,606.35,610.95,603.25,610.35,23564.5
2024-04-11 00:00:00+00:00,610.35,618.8,605.0,617.1,41507.16
2024-04-11 04:00:00+00:00,617.1,617.55,604.1,605.05,33352.29
2024-04-11 08:00:00+00:00,605.05,605.95,591.2,592.8,47391.33
2024-04-11 12:00:00+00:00,592.8,608.2,592.2,603.3,64124.17
2024-04-11 16:00:00+00:00,603.3,606.55,598.3,605.35,9821.87
2024-04-11 20:00:00+00:00,605.35,608.4,602.75,605.15,14957.88
2024-04-12 00:00:00+00:00,605.15,616.3,605.1,614.1,30110.59
2024-04-12 04:00:00+00:00,614.1,634.35,613.6,621.15,103192.51
2024-04-12 08:00:00+00:00,621.15,625.6,617.6,621.8,39462.73
2024-04-12 12:00:00+00:00,621.8,623.7,606.05,611.8,69101.78
2024-04-12 16:00:00+00:00,611.8,616.7,562.65,586.95,177100.21
2024-04-12 20:00:00+00:00,586.95,599.0,585.5,595.1,41450.08
2024-04-13 00:00:00+00:00,595.1,596.05,565.1,582.6,68789.9
2024-04-13 04:00:00+00:00,582.6,593.4,579.9,593.0,43385.86
2024-04-13 08:00:00+00:00,593.0,599.3,589.45,593.35,36548.43
2024-04-13 12:00:00+00:00,593.35,598.0,587.9,594.35,23636.34
2024-04-13 16:00:00+00:00,594.35,595.75,532.7,545.15,127590.14
2024-04-13 20:00:00+00:00,545.15,564.65,493.25,552.95,182185.01
2024-04-14 00:00:00+00:00,552.95,554.4,535.4,547.55,55015.19
2024-04-14 04:00:00+00:00,547.55,568.8,545.95,564.95,33122.12
2024-04-14 08:00:00+00:00,564.95,565.15,548.2,551.25,41266.41
2024-04-14 12:00:00+00:00,551.25,559.05,544.3,549.95,43279.66
2024-04-14 16:00:00+00:00,549.95,557.55,536.0,551.7,58684.07
2024-04-14 20:00:00+00:00,551.7,570.5,546.1,565.95,31805.84
2024-04-15 00:00:00+00:00,565.95,568.85,558.85,567.45,27457.02
2024-04-15 04:00:00+00:00,567.45,579.3,561.1,575.0,36303.43
2024-04-15 08:00:00+00:00,575.0,584.95,573.15,577.65,32870.99
2024-04-15 12:00:00+00:00,577.65,580.1,553.6,564.85,61013.98
2024-04-15 16:00:00+00:00,564.85,567.2,543.55,554.75,51176.91
2024-04-15 20:00:00+00:00,554.75,558.7,549.25,552.1,21724.83
2024-04-16 00:00:00+00:00,552.1,553.3,539.85,544.3,30967.48
2024-04-16 04:00:00+00:00,544.3,553.55,531.0,550.15,38904.62
2024-04-16 08:00:00+00:00,550.15,550.55,530.8,542.5,32902.02
2024-04-16 12:00:00+00:00,542.5,544.75,523.45,524.9,30258.93
2024-04-16 16:00:00+00:00,524.9,538.25,522.1,534.4,22154.23
2024-04-16 20:00:00+00:00,534.4,544.0,533.5,537.4,14156.31
2024-04-17 00:00:00+00:00,537.4,542.15,534.25,541.7,17187.88
2024-04-17 04:00:00+00:00,541.7,546.15,540.05,543.6,11567.09
2024-04-17 08:00:00+00:00,543.6,547.4,531.5,531.75,15479.37
2024-04-17 12:00:00+00:00,531.75,540.1,515.85,517.05,48747.6
2024-04-17 16:00:00+00:00,517.05,539.0,512.15,533.7,57293.64
2024-04-17 20:00:00+00:00,533.7,540.5,532.65,533.95,27304.89
2024-04-18 00:00:00+00:00,533.95,549.9,526.75,549.65,29493.55
2024-04-18 04:00:00+00:00,549.65,555.95,539.2,543.65,41220.54
2024-04-18 08:00:00+00:00,543.65,553.3,538.65,545.65,90720.87
2024-04-18 12:00:00+00:00,545.65,554.5,536.8,550.65,41046.3
2024-04-18 16:00:00+00:00,550.65,552.65,545.4,549.65,14578.35
2024-04-18 20:00:00+00:00,549.65,552.95,548.1,551.75,7204.22
2024-04-19 00:00:00+00:00,551.75,551.9,523.5,540.7,48576.08
2024-04-19 04:00:00+00:00,540.7,560.95,538.75,554.85,26706.69
2024-04-19 08:00:00+00:00,554.85,562.5,554.15,559.7,18246.18
2024-04-19 12:00:00+00:00,559.7,563.85,553.95,559.65,14676.75
2024-04-19 16:00:00+00:00,559.65,561.15,554.55,560.35,9937.19
2024-04-19 20:00:00+00:00,560.35,561.7,548.95,553.65,12538.71
2024-04-20 00:00:00+00:00,553.65,557.85,548.4,556.4,7779.76
2024-04-20 04:00:00+00:00,556.4,562.2,556.0,560.2,6215.24
2024-04-20 08:00:00+00:00,560.2,560.3,552.75,555.75,8032.29
2024-04-20 12:00:00+00:00,555.75,567.8,555.05,567.7,9788.14
2024-04-20 16:00:00+00:00,567.7,573.35,563.8,572.45,10905.73
2024-04-20 20:00:00+00:00,572.45,574.2,567.85,570.3,9415.3
2024-04-21 00:00:00+00:00,570.3,575.7,565.85,572.15,8982.1
2024-04-21 04:00:00+00:00,572.15,579.9,570.15,579.4,10355.59
2024-04-21 08:00:00+00:00,579.4,582.3,576.95,578.6,14536.53
2024-04-21 12:00:00+00:00,578.6,578.85,571.45,573.4,10381.52
2024-04-21 16:00:00+00:00,573.4,577.45,566.2,574.6,20414.36
2024-04-21 20:00:00+00:00,574.6,581.6,573.3,579.25,9468.12
2024-04-22 00:00:00+00:00,579.25,598.75,578.2,591.75,39945.59
2024-04-22 04:00:00+00:00,591.75,608.8,591.75,603.0,61579.54
2024-04-22 08:00:00+00:00,603.0,607.15,596.5,598.65,26591.25
2024-04-22 12:00:00+00:00,598.65,601.55,590.75,594.65,42882.79
2024-04-22 16:00:00+00:00,594.65,600.4,592.45,596.1,14844.43
2024-04-22 20:00:00+00:00,596.1,606.4,595.0,604.5,32767.3
2024-04-23 00:00:00+00:00,604.5,609.15,599.6,601.75,23111.82
2024-04-23 04:00:00+00:00,601.75,608.3,598.6,600.15,27535.53
2024-04-23 08:00:00+00:00,600.15,624.0,599.6,604.25,89536.2
2024-04-23 12:00:00+00:00,604.25,608.25,601.8,603.85,34186.34
2024-04-23 16:00:00+00:00,603.85,611.5,602.25,608.55,23364.04
2024-04-23 20:00:00+00:00,608.55,609.15,604.5,605.8,18468.44
2024-04-24 00:00:00+00:00,605.8,607.45,600.4,604.4,22151.88
2024-04-24 04:00:00+00:00,604.4,609.65,602.4,607.8,29229.86
2024-04-24 08:00:00+00:00,607.8,618.3,604.4,613.7,33766.02
2024-04-24 12:00:00+00:00,613.7,614.85,595.8,596.95,67043.51
2024-04-24 16:00:00+00:00,596.95,604.65,592.0,604.05,37272.6
2024-04-24 20:00:00+00:00,604.05,612.75,601.5,608.4,31426.06
2024-04-25 00:00:00+00:00,608.4,608.85,600.25,604.75,18026.75
2024-04-25 04:00:00+00:00,604.75,608.8,600.65,608.15,23874.1
2024-04-25 08:00:00+00:00,608.15,613.4,604.15,611.25,57827.23
2024-04-25 12:00:00+00:00,611.25,611.5,600.55,610.6,41660.9
2024-04-25 16:00:00+00:00,610.6,616.8,609.35,616.25,31346.72
2024-04-25 20:00:00+00:00,616.25,617.4,611.95,612.35,17950.41
2024-04-26 00:00:00+00:00,612.35,614.45,605.4,609.0,26642.86
2024-04-26 04:00:00+00:00,609.0,611.9,606.65,607.8,14403.76
2024-04-26 08:00:00+00:00,607.8,609.4,600.7,601.65,19506.52
2024-04-26 12:00:00+00:00,601.65,607.35,596.4,598.8,30923.36
2024-04-26 16:00:00+00:00,598.8,604.35,597.4,600.8,11673.56
2024-04-26 20:00:00+00:00,600.8,603.2,595.75,597.3,8643.68
2024-04-27 00:00:00+00:00,597.3,598.9,583.45,593.8,29815.4
2024-04-27 04:00:00+00:00,593.8,595.8,590.9,593.0,6968.93
2024-04-27 08:00:00+00:00,593.0,594.85,585.85,587.4,8809.82
2024-04-27 12:00:00+00:00,587.4,593.6,585.3,586.9,14702.77
2024-04-27 16:00:00+00:00,586.9,597.35,586.3,594.75,21607.1
2024-04-27 20:00:00+00:00,594.75,596.55,592.0,595.6,4925.62
2024-04-28 00:00:00+00:00,595.6,601.8,595.55,598.7,9497.46
2024-04-28 04:00:00+00:00,598.7,601.1,597.0,600.0,6866.33
2024-04-28 08:00:00+00:00,600.0,604.95,598.1,601.0,10468.8
2024-04-28 12:00:00+00:00,601.0,607.05,599.35,603.3,14865.09
2024-04-28 16:00:00+00:00,603.3,605.5,602.2,603.35,5822.6
2024-04-28 20:00:00+00:00,603.35,606.5,596.55,599.3,11131.07
2024-04-29 00:00:00+00:00,599.3,601.95,589.25,589.65,15197.2
2024-04-29 04:00:00+00:00,589.65,596.3,579.0,587.55,44606.28
2024-04-29 08:00:00+00:00,587.55,590.35,582.7,583.9,16591.4
2024-04-29 12:00:00+00:00,583.9,592.35,583.1,592.2,24979.23
2024-04-29 16:00:00+00:00,592.2,592.6,588.25,590.35,8815.31
2024-04-29 20:00:00+00:00,590.35,596.2,589.1,592.65,13654.71
2024-04-30 00:00:00+00:00,592.65,602.3,588.9,591.3,40577.54
2024-04-30 04:00:00+00:00,591.3,604.2,590.8,597.85,52644.36
2024-04-30 08:00:00+00:00,597.85,598.35,567.9,568.05,69733.2
2024-04-30 12:00:00+00:00,568.05,569.15,556.75,560.05,62178.41
2024-04-30 16:00:00+00:00,560.05,577.15,555.1,566.75,83129.61
2024-04-30 20:00:00+00:00,566.75,584.05,566.6,577.8,34297.51
2024-05-01 00:00:00+00:00,577.8,579.8,566.95,574.3,35835.49
2024-05-01 04:00:00+00:00,574.3,575.25,544.05,545.85,60428.94
2024-05-01 08:00:00+00:00,545.85,552.05,535.9,551.3,34571.28
2024-05-01 12:00:00+00:00,551.3,555.65,543.55,544.55,21788.62
2024-05-01 16:00:00+00:00,544.55,566.0,542.25,549.5,33459.33
2024-05-01 20:00:00+00:00,549.5,563.65,549.5,561.5,21478.54
2024-05-02 00:00:00+00:00,561.5,562.65,540.85,547.15,30035.96
2024-05-02 04:00:00+00:00,547.15,550.15,543.85,549.25,11126.78
2024-05-02 08:00:00+00:00,549.25,561.3,548.45,560.8,18488.4
2024-05-02 12:00:00+00:00,560.8,565.55,555.7,564.35,20283.04
2024-05-02 16:00:00+00:00,564.35,564.75,560.25,563.0,9531.68
2024-05-02 20:00:00+00:00,563.0,564.2,558.05,560.1,9972.67
2024-05-03 00:00:00+00:00,560.1,566.9,558.5,565.75,16650.87
2024-05-03 04:00:00+00:00,565.75,566.85,559.6,561.0,9461.22
2024-05-03 08:00:00+00:00,561.0,570.0,560.2,562.4,23828.96
2024-05-03 12:00:00+00:00,562.4,579.25,560.45,577.2,30816.68
2024-05-03 16:00:00+00:00,577.2,581.45,577.2,580.6,10415.31
2024-05-03 20:00:00+00:00,580.6,589.7,580.3,586.8,12418.76
2024-05-04 00:00:00+00:00,586.8,588.8,582.15,584.0,12670.67
2024-05-04 04:00:00+00:00,584.0,586.7,582.55,583.25,7653.42
2024-05-04 08:00:00+00:00,583.25,593.05,583.1,588.7,17091.86
2024-05-04 12:00:00+00:00,588.7,592.9,587.4,590.65,10481.81
2024-05-04 16:00:00+00:00,590.65,591.0,585.65,589.45,8588.31
2024-05-04 20:00:00+00:00,589.45,591.45,582.8,584.8,9553.45
2024-05-05 00:00:00+00:00,584.8,586.45,578.75,580.7,25193.8
2024-05-05 04:00:00+00:00,580.7,586.75,580.1,584.8,6061.94
2024-05-05 08:00:00+00:00,584.8,588.9,584.2,586.05,7390.86
2024-05-05 12:00:00+00:00,586.05,594.3,584.1,592.75,13835.82
2024-05-05 16:00:00+00:00,592.75,594.6,589.8,592.2,7767.53
2024-05-05 20:00:00+00:00,592.2,593.85,588.1,591.55,6081.61
2024-05-06 00:00:00+00:00,591.55,595.35,589.0,590.45,5501.31
2024-05-06 04:00:00+00:00,590.45,595.3,589.1,595.1,6192.88
2024-05-06 08:00:00+00:00,595.1,602.05,585.55,591.8,32146.69
2024-05-06 12:00:00+00:00,591.8,592.55,582.2,588.65,24571.74
2024-05-06 16:00:00+00:00,588.65,591.15,585.15,589.75,13982.94
2024-05-06 20:00:00+00:00,589.75,592.85,587.05,587.75,7552.47
2024-05-07 00:00:00+00:00,587.75,593.55,581.65,586.2,12020.26
2024-05-07 04:00:00+00:00,586.2,589.45,585.15,588.45,8042.43
2024-05-07 08:00:00+00:00,588.45,599.95,587.7,592.4,22406.89
2024-05-07 12:00:00+00:00,592.4,595.7,586.5,594.0,21092.69
2024-05-07 16:00:00+00:00,594.0,595.3,583.5,585.35,12331.79
2024-05-07 20:00:00+00:00,585.35,587.25,575.3,575.85,40907.93
2024-05-08 00:00:00+00:00,575.85,585.95,573.7,585.05,11841.39
2024-05-08 04:00:00+00:00,585.05,587.25,578.4,579.0,16241.67
2024-05-08 08:00:00+00:00,579.0,587.05,577.95,585.0,14161.86
2024-05-08 12:00:00+00:00,585.0,587.0,578.65,582.2,21739.69
2024-05-08 16:00:00+00:00,582.2,589.25,579.9,588.65,9563.92
2024-05-08 20:00:00+00:00,588.65,589.9,579.2,588.05,27781.97
2024-05-09 00:00:00+00:00,588.05,601.1,586.25,596.85,34721.24
2024-05-09 04:00:00+00:00,596.85,602.55,594.5,600.0,39329.4
2024-05-09 08:00:00+00:00,600.0,602.55,588.6,594.95,32646.62
2024-05-09 12:00:00+00:00,594.95,606.5,590.1,596.05,36446.82
2024-05-09 16:00:00+00:00,596.05,599.1,590.2,596.1,15254.93
2024-05-09 20:00:00+00:00,596.1,599.35,593.65,596.3,13001.52
2024-05-10 00:00:00+00:00,596.3,596.4,590.7,593.35,11205.54
2024-05-10 04:00:00+00:00,593.35,596.3,592.0,595.05,9654.61
2024-05-10 08:00:00+00:00,595.05,595.8,591.95,595.75,9448.34
2024-05-10 12:00:00+00:00,595.75,596.95,581.7,585.75,36510.28
2024-05-10 16:00:00+00:00,585.75,588.5,580.8,585.85,17461.79
2024-05-10 20:00:00+00:00,585.85,587.75,583.0,585.15,7584.48
2024-05-11 00:00:00+00:00,585.15,590.3,581.35,583.2,13299.41
2024-05-11 04:00:00+00:00,583.2,587.65,582.1,586.8,5948.95
2024-05-11 08:00:00+00:00,586.8,590.35,583.55,589.5,13577.81
2024-05-11 12:00:00+00:00,589.5,593.75,588.15,591.1,11118.29
2024-05-11 16:00:00+00:00,591.1,594.55,588.5,593.2,8009.1
2024-05-11 20:00:00+00:00,593.2,594.45,590.55,591.8,6188.34
2024-05-12 00:00:00+00:00,591.8,593.6,589.5,589.8,4585.85
2024-05-12 04:00:00+00:00,589.8,591.7,586.8,588.15,5682.92
2024-05-12 08:00:00+00:00,588.15,593.4,587.15,592.55,5181.77
2024-05-12 12:00:00+00:00,592.55,596.45,591.45,594.7,11096.31
2024-05-12 16:00:00+00:00,594.7,598.5,592.0,597.55,17174.77
2024-05-12 20:00:00+00:00,597.55,597.9,592.45,594.15,11170.6
2024-05-13 00:00:00+00:00,594.15,595.95,584.3,588.85,21140.42
2024-05-13 04:00:00+00:00,588.85,598.0,585.05,595.75,23785.83
2024-05-13 08:00:00+00:00,595.75,597.8,593.2,594.4,31247.82
2024-05-13 12:00:00+00:00,594.4,595.6,591.85,594.85,13030.28
2024-05-13 16:00:00+00:00,594.85,597.3,591.2,594.7,15029.89
2024-05-13 20:00:00+00:00,594.7,595.2,590.7,591.25,8555.9
2024-05-14 00:00:00+00:00,591.25,592.7,587.15,588.45,13650.2
2024-05-14 04:00:00+00:00,588.45,591.45,581.2,587.85,17812.09
2024-05-14 08:00:00+00:00,587.85,587.85,584.5,585.6,5296.04
2024-05-14 12:00:00+00:00,585.6,587.45,560.05,568.65,69562.48
2024-05-14 16:00:00+00:00,568.65,569.5,562.85,567.75,16106.37
2024-05-14 20:00:00+00:00,567.75,567.9,563.35,566.5,10533.88
2024-05-15 00:00:00+00:00,566.5,569.2,560.5,569.15,15155.59
2024-05-15 04:00:00+00:00,569.15,570.5,565.5,568.6,9968.05
2024-05-15 08:00:00+00:00,568.6,570.15,563.85,565.55,14844.55
2024-05-15 12:00:00+00:00,565.55,581.3,564.1,579.5,40052.56
2024-05-15 16:00:00+00:00,579.5,586.5,577.7,585.7,13626.54
2024-05-15 20:00:00+00:00,585.7,586.3,580.5,580.9,19517.59
2024-05-16 00:00:00+00:00,580.9,586.0,580.65,583.85,24036.34
2024-05-16 04:00:00+00:00,583.85,585.55,581.3,584.25,10185.03
2024-05-16 08:00:00+00:00,584.25,585.2,579.5,582.25,14882.35
2024-05-16 12:00:00+00:00,582.25,582.4,566.05,567.8,41433.17
2024-05-16 16:00:00+00:00,567.8,569.8,564.8,567.55,9966.81
2024-05-16 20:00:00+00:00,567.55,570.6,566.15,568.65,6062.21
2024-05-17 00:00:00+00:00,568.65,572.25,568.05,571.45,6066.55
2024-05-17 04:00:00+00:00,571.45,579.7,569.45,577.95,17773.67
2024-05-17 08:00:00+00:00,577.95,579.05,574.05,577.85,9491.77
2024-05-17 12:00:00+00:00,577.85,584.1,575.2,582.2,15839.9
2024-05-17 16:00:00+00:00,582.2,583.15,576.8,579.55,11056.22
2024-05-17 20:00:00+00:00,579.55,580.65,578.65,580.5,2772.32
2024-05-18 00:00:00+00:00,580.5,581.6,577.25,581.35,6808.57
2024-05-18 04:00:00+00:00,581.35,581.6,578.25,578.5,5410.1
2024-05-18 08:00:00+00:00,578.5,581.35,578.25,579.25,5408.07
2024-05-18 12:00:00+00:00,579.25,579.25,573.7,577.35,11266.44
2024-05-18 16:00:00+00:00,577.35,578.55,576.25,576.9,3862.14
2024-05-18 20:00:00+00:00,576.9,580.2,576.3,580.1,6761.25
2024-05-19 00:00:00+00:00,580.1,581.7,578.85,581.2,5359.29
2024-05-19 04:00:00+00:00,581.2,581.3,577.5,579.75,4929.24
2024-05-19 08:00:00+00:00,579.75,580.9,577.05,580.55,8292.12
2024-05-19 12:00:00+00:00,580.55,581.05,574.35,577.65,13098.28
2024-05-19 16:00:00+00:00,577.65,577.7,572.5,573.25,11786.29
2024-05-19 20:00:00+00:00,573.25,575.75,570.75,574.3,6585.75
2024-05-20 00:00:00+00:00,574.3,577.1,570.0,575.55,13583.33
2024-05-20 04:00:00+00:00,575.55,580.75,570.9,575.8,18852.29
2024-05-20 08:00:00+00:00,575.8,577.1,571.4,572.7,12917.85
2024-05-20 12:00:00+00:00,572.7,576.5,568.15,576.35,20241.85
2024-05-20 16:00:00+00:00,576.35,590.9,574.95,589.75,37169.03
2024-05-20 20:00:00+00:00,589.75,602.25,584.9,599.75,42624.33
2024-05-21 00:00:00+00:00,599.75,613.6,595.55,597.8,40527.93
2024-05-21 04:00:00+00:00,597.8,632.4,593.45,630.75,82282.26
2024-05-21 08:00:00+00:00,630.75,631.5,616.3,618.2,60058.9
2024-05-21 12:00:00+00:00,618.2,619.95,610.6,613.25,61361.77
2024-05-21 16:00:00+00:00,613.25,619.7,608.35,610.2,27365.13
2024-05-21 20:00:00+00:00,610.2,620.55,609.8,619.15,25875.71
2024-05-22 00:00:00+00:00,619.15,624.95,617.5,622.65,18428.08
2024-05-22 04:00:00+00:00,622.65,623.7,613.05,621.75,30262.56
2024-05-22 08:00:00+00:00,621.75,626.9,618.0,618.25,24932.28
2024-05-22 12:00:00+00:00,618.25,622.15,610.9,621.4,46754.21
2024-05-22 16:00:00+00:00,621.4,622.55,610.0,612.55,27123.13
2024-05-22 20:00:00+00:00,612.55,617.35,611.6,615.4,12281.96
2024-05-23 00:00:00+00:00,615.4,617.7,613.7,615.45,10897.91
2024-05-23 04:00:00+00:00,615.45,618.15,613.0,615.15,27800.83
2024-05-23 08:00:00+00:00,615.15,615.5,605.35,613.6,30006.26
2024-05-23 12:00:00+00:00,613.6,613.7,585.75,594.7,85124.62
2024-05-23 16:00:00+00:00,594.7,598.2,587.5,590.7,20794.81
2024-05-23 20:00:00+00:00,590.7,601.6,575.35,599.55,57969.51
2024-05-24 00:00:00+00:00,599.55,605.4,596.85,601.6,17441.27
2024-05-24 04:00:00+00:00,601.6,602.85,588.7,593.35,21399.29
2024-05-24 08:00:00+00:00,593.35,597.0,588.2,596.55,16482.58
2024-05-24 12:00:00+00:00,596.55,599.45,595.0,597.1,17928.53
2024-05-24 16:00:00+00:00,597.1,603.1,594.95,602.05,9660.62
2024-05-24 20:00:00+00:00,602.05,602.45,599.6,600.35,5149.89
2024-05-25 00:00:00+00:00,600.35,602.85,599.5,601.2,6980.78
2024-05-25 04:00:00+00:00,601.2,603.65,600.6,601.7,4206.61
2024-05-25 08:00:00+00:00,601.7,606.8,601.15,604.35,7785.35
2024-05-25 12:00:00+00:00,604.35,604.85,600.45,601.9,4971.47
2024-05-25 16:00:00+00:00,601.9,602.95,601.25,602.05,3207.57
2024-05-25 20:00:00+00:00,602.05,602.5,600.45,602.25,2043.47
2024-05-26 00:00:00+00:00,602.25,603.5,599.75,602.4,3772.6
2024-05-26 04:00:00+00:00,602.4,604.45,601.75,604.45,3769.42
2024-05-26 08:00:00+00:00,604.45,605.45,600.5,601.85,3457.38
2024-05-26 12:00:00+00:00,601.85,604.95,599.1,602.45,6180.54
2024-05-26 16:00:00+00:00,602.45,604.1,600.8,601.35,3746.32
2024-05-26 20:00:00+00:00,601.35,601.55,598.2,600.4,4249.62
2024-05-27 00:00:00+00:00,600.4,607.25,599.8,605.4,7137.58
2024-05-27 04:00:00+00:00,605.4,606.35,601.1,603.4,6384.48
2024-05-27 08:00:00+00:00,603.4,605.75,601.15,602.65,8325.63
2024-05-27 12:00:00+00:00,602.65,614.5,601.25,613.3,14737.53
2024-05-27 16:00:00+00:00,613.3,614.95,600.6,602.4,19446.95
2024-05-27 20:00:00+00:00,602.4,606.25,601.25,604.25,8992.53
2024-05-28 00:00:00+00:00,604.25,605.35,596.0,597.9,26280.94
2024-05-28 04:00:00+00:00,597.9,600.05,593.9,598.1,12206.66
2024-05-28 08:00:00+00:00,598.1,606.15,597.35,602.25,13142.15
2024-05-28 12:00:00+00:00,602.25,603.7,596.6,601.4,13348.89
2024-05-28 16:00:00+00:00,601.4,602.6,595.75,601.75,7432.1
2024-05-28 20:00:00+00:00,601.75,603.45,600.8,601.95,3293.29
2024-05-29 00:00:00+00:00,601.95,603.95,601.0,601.7,8993.66
2024-05-29 04:00:00+00:00,601.7,603.7,598.25,598.25,7912.98
2024-05-29 08:00:00+00:00,598.25,600.85,596.0,599.35,11672.72
2024-05-29 12:00:00+00:00,599.35,601.75,595.15,595.9,15158.27
2024-05-29 16:00:00+00:00,595.9,597.25,593.5,594.1,8700.97
2024-05-29 20:00:00+00:00,594.1,597.75,593.9,595.85,3965.62
2024-05-30 00:00:00+00:00,595.85,598.45,595.25,597.9,4498.17
2024-05-30 04:00:00+00:00,597.9,598.95,588.55,589.05,13609.71
2024-05-30 08:00:00+00:00,589.05,595.2,585.9,594.4,20775.91
2024-05-30 12:00:00+00:00,594.4,598.25,593.85,596.75,13906.82
2024-05-30 16:00:00+00:00,596.75,602.85,595.9,597.3,15583.69
2024-05-30 20:00:00+00:00,597.3,597.3,591.5,595.25,6923.45
2024-05-31 00:00:00+00:00,595.25,596.75,593.45,593.75,4471.13
2024-05-31 04:00:00+00:00,593.75,594.65,591.1,592.05,6611.74
2024-05-31 08:00:00+00:00,592.05,596.0,591.7,595.35,8206.33
2024-05-31 12:00:00+00:00,595.35,598.9,591.55,591.65,22016.73
2024-05-31 16:00:00+00:00,591.65,595.65,589.75,594.4,9934.57
2024-05-31 20:00:00+00:00,594.4,596.95,593.1,593.85,7343.82
2024-06-01 00:00:00+00:00,593.85,595.75,593.45,595.6,3840.47
2024-06-01 04:00:00+00:00,595.6,596.55,594.9,595.5,3580.54
2024-06-01 08:00:00+00:00,595.5,596.6,595.0,596.6,2469.88
2024-06-01 12:00:00+00:00,596.6,598.55,595.9,596.5,6517.58
2024-06-01 16:00:00+00:00,596.5,598.15,596.25,597.95,5145.06
2024-06-01 20:00:00+00:00,597.95,608.85,597.9,602.35,22389.97
2024-06-02 00:00:00+00:00,602.35,606.3,601.85,604.1,13852.38
2024-06-02 04:00:00+00:00,604.1,606.2,600.05,600.25,15302.04
2024-06-02 08:00:00+00:00,600.25,602.45,596.65,601.65,14271.62
2024-06-02 12:00:00+00:00,601.65,603.35,599.5,601.7,8293.9
2024-06-02 16:00:00+00:00,601.7,602.2,596.25,599.6,7904.0
2024-06-02 20:00:00+00:00,599.6,604.35,597.8,603.35,7188.41
2024-06-03 00:00:00+00:00,603.35,610.65,601.7,608.6,23974.22
2024-06-03 04:00:00+00:00,608.6,639.7,608.2,626.55,114566.25
2024-06-03 08:00:00+00:00,626.55,635.35,626.4,631.6,53889.42
2024-06-03 12:00:00+00:00,631.6,638.6,621.25,628.25,68507.42
2024-06-03 16:00:00+00:00,628.25,629.05,620.4,625.95,31164.47
2024-06-03 20:00:00+00:00,625.95,629.65,622.9,627.05,15722.65
2024-06-04 00:00:00+00:00,627.05,635.2,625.45,634.9,18387.82
2024-06-04 04:00:00+00:00,634.9,635.7,628.35,629.25,30840.96
2024-06-04 08:00:00+00:00,629.25,649.3,625.35,646.15,118216.89
2024-06-04 12:00:00+00:00,646.15,668.25,644.65,663.55,115507.5
2024-06-04 16:00:00+00:00,663.55,675.85,661.5,671.7,51246.73
2024-06-04 20:00:00+00:00,671.7,689.5,668.25,686.3,67357.77
2024-06-05 00:00:00+00:00,686.3,718.3,685.2,703.75,114097.81
2024-06-05 04:00:00+00:00,703.75,713.35,666.0,706.6,93516.31
2024-06-05 08:00:00+00:00,706.6,714.4,695.05,700.35,72426.46
2024-06-05 12:00:00+00:00,700.35,708.6,695.2,705.3,46625.38
2024-06-05 16:00:00+00:00,705.3,707.0,684.85,692.1,55770.76
2024-06-05 20:00:00+00:00,692.1,700.3,690.5,699.6,25045.42
2024-06-06 00:00:00+00:00,699.6,702.95,696.55,697.25,23933.63
2024-06-06 04:00:00+00:00,697.25,708.95,692.5,704.9,55413.0
2024-06-06 08:00:00+00:00,704.9,710.75,701.55,705.45,63533.27
2024-06-06 12:00:00+00:00,705.45,722.85,701.1,703.95,97627.93
2024-06-06 16:00:00+00:00,703.95,708.6,698.45,706.3,39524.59
2024-06-06 20:00:00+00:00,706.3,712.35,700.6,711.35,31681.78
2024-06-07 00:00:00+00:00,711.35,712.15,700.5,704.3,24187.39
2024-06-07 04:00:00+00:00,704.3,709.8,697.3,698.0,40562.05
2024-06-07 08:00:00+00:00,698.0,705.9,697.2,705.85,24471.77
2024-06-07 12:00:00+00:00,705.85,709.5,695.85,701.1,59407.78
2024-06-07 16:00:00+00:00,701.1,701.95,652.1,681.2,162451.94
2024-06-07 20:00:00+00:00,681.2,686.05,677.55,684.2,26740.98
2024-06-08 00:00:00+00:00,684.2,685.75,679.45,682.4,20551.04
2024-06-08 04:00:00+00:00,682.4,695.0,679.0,694.65,30501.95
2024-06-08 08:00:00+00:00,694.65,694.9,682.45,683.7,19204.08
2024-06-08 12:00:00+00:00,683.7,688.45,677.7,686.5,33306.28
2024-06-08 16:00:00+00:00,686.5,687.55,680.0,685.85,13397.05
2024-06-08 20:00:00+00:00,685.85,687.6,680.65,682.55,10610.96
2024-06-09 00:00:00+00:00,682.55,682.85,670.8,674.85,30947.56
2024-06-09 04:00:00+00:00,674.85,681.45,672.15,679.8,12509.04
2024-06-09 08:00:00+00:00,679.8,682.85,677.6,679.25,11733.51
2024-06-09 12:00:00+00:00,679.25,684.6,676.45,676.55,18187.39
2024-06-09 16:00:00+00:00,676.55,678.85,675.0,675.55,9399.61
2024-06-09 20:00:00+00:00,675.55,675.85,669.2,673.05,11911.05
2024-06-10 00:00:00+00:00,673.05,674.9,668.1,669.15,11225.89
2024-06-10 04:00:00+00:00,669.15,669.7,639.15,640.75,113663.96
2024-06-10 08:00:00+00:00,640.75,649.5,638.05,639.9,46146.74
2024-06-10 12:00:00+00:00,639.9,652.85,635.15,650.55,48072.25
2024-06-10 16:00:00+00:00,650.55,653.35,645.8,648.05,24012.44
2024-06-10 20:00:00+00:00,648.05,648.4,613.7,624.7,141322.91
2024-06-11 00:00:00+00:00,624.7,628.75,615.65,625.25,81314.15
2024-06-11 04:00:00+00:00,625.25,625.5,607.3,613.3,68543.17
2024-06-11 08:00:00+00:00,613.3,616.65,602.2,606.05,64573.07
2024-06-11 12:00:00+00:00,606.05,610.9,595.05,597.65,74253.2
2024-06-11 16:00:00+00:00,597.65,609.8,596.0,608.2,38665.48
2024-06-11 20:00:00+00:00,608.2,608.25,598.95,602.0,24291.92
2024-06-12 00:00:00+00:00,602.0,608.6,590.75,607.9,46386.33
2024-06-12 04:00:00+00:00,607.9,614.45,605.6,614.3,32228.16
2024-06-12 08:00:00+00:00,614.3,617.75,608.55,608.7,42998.84
2024-06-12 12:00:00+00:00,608.7,634.6,608.7,627.9,62435.45
2024-06-12 16:00:00+00:00,627.9,632.75,609.15,612.0,58917.42
2024-06-12 20:00:00+00:00,612.0,622.75,609.55,619.1,13426.69
2024-06-13 00:00:00+00:00,619.1,619.65,602.7,606.8,35704.72
2024-06-13 04:00:00+00:00,606.8,611.6,600.7,607.0,26766.28
2024-06-13 08:00:00+00:00,607.0,609.55,602.65,603.65,24423.59
2024-06-13 12:00:00+00:00,603.65,610.3,595.35,596.7,41390.12
2024-06-13 16:00:00+00:00,596.7,605.3,595.1,601.9,17035.64
2024-06-13 20:00:00+00:00,601.9,603.15,595.95,599.35,13890.6
2024-06-14 00:00:00+00:00,599.35,603.2,594.15,600.35,20568.36
2024-06-14 04:00:00+00:00,600.35,609.5,600.35,607.8,19979.32
2024-06-14 08:00:00+00:00,607.8,610.6,606.15,610.5,13447.44
2024-06-14 12:00:00+00:00,610.5,612.2,600.85,602.25,26918.33
2024-06-14 16:00:00+00:00,602.25,602.95,588.85,596.0,59151.73
2024-06-14 20:00:00+00:00,596.0,604.85,595.05,602.95,23128.56
2024-06-15 00:00:00+00:00,602.95,605.8,601.1,605.45,19444.17
2024-06-15 04:00:00+00:00,605.45,608.85,604.6,606.6,18237.61
2024-06-15 08:00:00+00:00,606.6,608.65,605.85,608.55,8439.29
2024-06-15 12:00:00+00:00,608.55,609.45,603.6,607.0,16912.02
2024-06-15 16:00:00+00:00,607.0,607.8,604.8,606.6,9810.81
2024-06-15 20:00:00+00:00,606.6,609.1,603.7,607.85,8763.85
2024-06-16 00:00:00+00:00,607.85,608.2,603.6,604.2,9065.27
2024-06-16 04:00:00+00:00,604.2,607.2,600.8,606.0,7924.93
2024-06-16 08:00:00+00:00,606.0,607.8,603.55,605.85,5676.03
2024-06-16 12:00:00+00:00,605.85,610.7,605.05,610.4,10728.19
2024-06-16 16:00:00+00:00,610.4,610.5,608.15,609.1,7431.49
2024-06-16 20:00:00+00:00,609.1,611.7,607.5,610.65,9006.25
2024-06-17 00:00:00+00:00,610.65,612.4,604.0,604.85,18718.98
2024-06-17 04:00:00+00:00,604.85,607.2,600.85,603.5,11449.27
2024-06-17 08:00:00+00:00,603.5,604.75,593.55,598.95,31300.78
2024-06-17 12:00:00+00:00,598.95,605.1,595.85,597.05,22795.06
2024-06-17 16:00:00+00:00,597.05,610.0,590.7,608.25,31407.62
2024-06-17 20:00:00+00:00,608.25,608.4,603.2,603.8,9880.54
2024-06-18 00:00:00+00:00,603.8,604.8,576.75,593.95,86835.75
2024-06-18 04:00:00+00:00,593.95,597.5,591.05,593.25,14545.8
2024-06-18 08:00:00+00:00,593.25,593.65,581.45,583.35,19277.96
2024-06-18 12:00:00+00:00,583.35,587.4,574.4,582.3,53097.96
2024-06-18 16:00:00+00:00,582.3,582.55,575.75,580.4,15707.42
2024-06-18 20:00:00+00:00,580.4,594.5,578.5,588.4,27403.8
2024-06-19 00:00:00+00:00,588.4,599.0,586.55,597.95,20243.82
2024-06-19 04:00:00+00:00,597.95,606.2,597.2,603.8,21251.06
2024-06-19 08:00:00+00:00,603.8,604.2,594.9,596.55,34254.13
2024-06-19 12:00:00+00:00,596.55,599.0,591.1,592.1,37570.92
2024-06-19 16:00:00+00:00,592.1,601.2,591.45,599.1,15071.0
2024-06-19 20:00:00+00:00,599.1,602.55,597.05,598.95,7797.83
2024-06-20 00:00:00+00:00,598.95,602.8,595.1,597.7,11141.35
2024-06-20 04:00:00+00:00,597.7,605.65,596.65,605.0,14668.52
2024-06-20 08:00:00+00:00,605.0,611.05,600.75,602.7,29742.55
2024-06-20 12:00:00+00:00,602.7,604.05,591.4,595.8,24696.74
2024-06-20 16:00:00+00:00,595.8,596.85,590.0,592.75,22832.79
2024-06-20 20:00:00+00:00,592.75,593.65,584.4,587.25,17506.81
2024-06-21 00:00:00+00:00,587.25,589.3,582.85,586.1,12669.76
2024-06-21 04:00:00+00:00,586.1,587.5,581.8,583.1,12189.2
2024-06-21 08:00:00+00:00,583.1,587.0,577.2,585.75,25390.67
2024-06-21 12:00:00+00:00,585.75,587.65,577.2,582.8,25839.68
2024-06-21 16:00:00+00:00,582.8,586.2,579.35,586.0,10346.22
2024-06-21 20:00:00+00:00,586.0,587.7,583.75,586.0,5452.42
2024-06-22 00:00:00+00:00,586.0,586.4,580.35,584.0,7426.36
2024-06-22 04:00:00+00:00,584.0,587.7,583.45,586.75,7969.07
2024-06-22 08:00:00+00:00,586.75,587.85,584.6,587.1,5150.04
2024-06-22 12:00:00+00:00,587.1,587.3,585.05,586.55,4781.39
2024-06-22 16:00:00+00:00,586.55,587.45,584.75,587.4,4527.92
2024-06-22 20:00:00+00:00,587.4,591.25,586.45,590.9,12294.86
2024-06-23 00:00:00+00:00,590.9,592.8,587.0,592.4,16123.92
2024-06-23 04:00:00+00:00,592.4,592.85,590.25,592.05,5821.33
2024-06-23 08:00:00+00:00,592.05,592.2,587.4,589.0,7315.7
2024-06-23 12:00:00+00:00,589.0,589.9,583.85,584.7,7502.64
2024-06-23 16:00:00+00:00,584.7,585.5,580.9,585.0,7333.12
2024-06-23 20:00:00+00:00,585.0,585.15,575.55,577.25,14266.79
2024-06-24 00:00:00+00:00,577.25,581.7,570.0,575.95,23141.81
2024-06-24 04:00:00+00:00,575.95,576.2,563.35,570.55,39473.12
2024-06-24 08:00:00+00:00,570.55,575.4,556.5,569.75,37249.98
2024-06-24 12:00:00+00:00,569.75,570.95,560.35,561.35,13437.47
2024-06-24 16:00:00+00:00,561.35,564.1,553.7,557.5,17134.25
2024-06-24 20:00:00+00:00,557.5,568.2,550.9,567.75,17540.35
2024-06-25 00:00:00+00:00,567.75,577.75,566.45,572.95,18236.67
2024-06-25 04:00:00+00:00,572.95,575.4,569.85,571.2,6689.9
2024-06-25 08:00:00+00:00,571.2,573.15,567.05,571.6,7798.87
2024-06-25 12:00:00+00:00,571.6,579.6,569.85,577.15,15777.49
2024-06-25 16:00:00+00:00,577.15,579.55,573.35,577.4,7166.01
2024-06-25 20:00:00+00:00,577.4,578.75,575.1,577.85,7228.79
2024-06-26 00:00:00+00:00,577.85,584.2,575.0,579.85,20350.57
2024-06-26 04:00:00+00:00,579.85,580.55,575.0,578.6,7542.46
2024-06-26 08:00:00+00:00,578.6,579.1,571.9,573.45,14607.73
2024-06-26 12:00:00+00:00,573.45,576.75,569.4,572.35,14377.1
2024-06-26 16:00:00+00:00,572.35,574.4,567.05,574.2,9284.98
2024-06-26 20:00:00+00:00,574.2,575.6,571.35,572.8,5250.3
2024-06-27 00:00:00+00:00,572.8,576.3,570.75,573.7,5073.88
2024-06-27 04:00:00+00:00,573.7,574.65,566.2,569.2,12291.57
2024-06-27 08:00:00+00:00,569.2,574.8,568.6,572.65,8997.35
2024-06-27 12:00:00+00:00,572.65,584.45,572.1,578.95,32076.02
2024-06-27 16:00:00+00:00,578.95,582.05,576.3,579.3,5368.52
2024-06-27 20:00:00+00:00,579.3,581.3,578.75,581.3,2856.99
2024-06-28 00:00:00+00:00,581.3,584.9,578.15,582.8,10262.64
2024-06-28 04:00:00+00:00,582.8,582.85,575.5,576.25,6383.94
2024-06-28 08:00:00+00:00,576.25,579.3,573.6,578.25,9393.39
2024-06-28 12:00:00+00:00,578.25,579.4,570.1,572.05,13612.71
2024-06-28 16:00:00+00:00,572.05,574.15,569.2,570.9,11098.06
2024-06-28 20:00:00+00:00,570.9,571.95,565.3,567.1,12295.47
2024-06-29 00:00:00+00:00,567.1,572.4,566.65,569.15,13009.0
2024-06-29 04:00:00+00:00,569.15,572.15,567.15,570.4,9587.99
2024-06-29 08:00:00+00:00,570.4,573.8,569.7,573.35,6282.5
2024-06-29 12:00:00+00:00,573.35,573.7,570.1,572.25,7408.3
2024-06-29 16:00:00+00:00,572.25,572.35,569.95,571.7,2604.17
2024-06-29 20:00:00+00:00,571.7,572.3,568.05,569.85,2914.03
2024-06-30 00:00:00+00:00,569.85,572.6,567.9,569.0,6031.68
2024-06-30 04:00:00+00:00,569.0,578.45,567.85,575.45,10296.19
2024-06-30 08:00:00+00:00,575.45,577.45,574.4,574.8,5692.09
2024-06-30 12:00:00+00:00,574.8,577.9,573.75,577.3,8471.04
2024-06-30 16:00:00+00:00,577.3,579.4,575.75,578.55,7083.63
2024-06-30 20:00:00+00:00,578.55,584.65,577.4,581.95,11240.27
2024-07-01 00:00:00+00:00,581.95,587.75,579.8,585.05,15198.58
2024-07-01 04:00:00+00:00,585.05,586.3,583.25,584.6,6033.32
2024-07-01 08:00:00+00:00,584.6,585.2,576.8,577.25,16334.13
2024-07-01 12:00:00+00:00,577.25,581.45,575.9,577.55,19371.17
2024-07-01 16:00:00+00:00,577.55,582.95,576.25,581.3,9336.14
2024-07-01 20:00:00+00:00,581.3,582.05,576.1,576.6,5938.57
2024-07-02 00:00:00+00:00,576.6,579.2,574.25,578.45,8815.09
2024-07-02 04:00:00+00:00,578.45,581.45,577.1,578.15,8639.55
2024-07-02 08:00:00+00:00,578.15,581.2,577.1,579.25,6047.11
2024-07-02 12:00:00+00:00,579.25,581.65,574.6,575.2,20320.61
2024-07-02 16:00:00+00:00,575.2,581.4,573.7,577.55,13155.57
2024-07-02 20:00:00+00:00,577.55,580.3,577.05,579.65,3651.69
2024-07-03 00:00:00+00:00,579.65,580.65,565.1,569.7,23320.69
2024-07-03 04:00:00+00:00,569.7,569.7,564.8,566.05,16027.01
2024-07-03 08:00:00+00:00,566.05,567.6,554.65,560.8,26810.4
2024-07-03 12:00:00+00:00,560.8,560.8,552.25,557.8,20709.09
2024-07-03 16:00:00+00:00,557.8,559.9,550.05,551.75,20284.35
2024-07-03 20:00:00+00:00,551.75,557.95,551.45,556.4,12085.16
2024-07-04 00:00:00+00:00,556.4,557.8,527.7,539.55,85256.52
2024-07-04 04:00:00+00:00,539.55,541.4,528.8,529.7,20198.92
2024-07-04 08:00:00+00:00,529.7,533.35,521.75,524.9,26721.63
2024-07-04 12:00:00+00:00,524.9,525.25,510.85,524.8,38777.39
2024-07-04 16:00:00+00:00,524.8,527.2,518.3,523.1,19400.67
2024-07-04 20:00:00+00:00,523.1,529.45,511.9,513.0,27095.48
2024-07-05 00:00:00+00:00,513.0,515.7,462.35,468.6,141894.97
2024-07-05 04:00:00+00:00,468.6,479.25,454.05,472.45,68009.05
2024-07-05 08:00:00+00:00,472.45,487.65,455.45,485.2,62905.88
2024-07-05 12:00:00+00:00,485.2,497.0,480.3,495.2,35063.73
2024-07-05 16:00:00+00:00,495.2,499.75,492.0,495.9,17749.91
2024-07-05 20:00:00+00:00,495.9,499.25,493.5,497.3,10254.07
2024-07-06 00:00:00+00:00,497.3,507.25,495.6,503.25,13815.97
2024-07-06 04:00:00+00:00,503.25,510.3,499.25,507.7,13192.8
2024-07-06 08:00:00+00:00,507.7,513.45,505.1,512.7,8237.79
2024-07-06 12:00:00+00:00,512.7,520.05,508.55,518.0,13753.31
2024-07-06 16:00:00+00:00,518.0,527.4,517.55,526.2,16186.31
2024-07-06 20:00:00+00:00,526.2,530.5,525.8,525.85,10710.72
2024-07-07 00:00:00+00:00,525.85,526.6,516.35,518.2,17170.78
2024-07-07 04:00:00+00:00,518.2,518.6,503.8,508.85,27993.56
2024-07-07 08:00:00+00:00,508.85,512.75,506.95,508.65,9570.75
2024-07-07 12:00:00+00:00,508.65,510.7,493.5,497.95,28033.11
2024-07-07 16:00:00+00:00,497.95,503.9,496.9,499.85,7843.64
2024-07-07 20:00:00+00:00,499.85,502.2,488.1,490.55,14891.32
2024-07-08 00:00:00+00:00,490.55,492.0,470.05,487.9,42616.68
2024-07-08 04:00:00+00:00,487.9,509.65,487.3,501.5,45912.7
2024-07-08 08:00:00+00:00,501.5,524.1,500.55,515.15,42520.59
2024-07-08 12:00:00+00:00,515.15,519.0,490.35,501.0,50718.76
2024-07-08 16:00:00+00:00,501.0,508.15,496.75,507.15,14602.36
2024-07-08 20:00:00+00:00,507.15,512.4,505.0,510.3,10115.89
2024-07-09 00:00:00+00:00,510.3,516.35,506.35,513.65,17369.45
2024-07-09 04:00:00+00:00,513.65,516.2,511.45,512.3,8040.37
2024-07-09 08:00:00+00:00,512.3,518.95,511.15,515.9,13390.45
2024-07-09 12:00:00+00:00,515.9,519.75,511.4,516.9,17210.21
2024-07-09 16:00:00+00:00,516.9,521.0,515.2,516.75,10878.93
2024-07-09 20:00:00+00:00,516.75,518.7,514.35,516.45,3899.2
2024-07-10 00:00:00+00:00,516.45,516.8,511.05,516.45,6112.64
2024-07-10 04:00:00+00:00,516.45,526.25,516.3,522.35,17399.05
2024-07-10 08:00:00+00:00,522.35,528.7,518.95,527.65,14394.21
2024-07-10 12:00:00+00:00,527.65,529.25,519.6,524.6,18677.15
2024-07-10 16:00:00+00:00,524.6,527.75,521.5,523.15,5075.46
2024-07-10 20:00:00+00:00,523.15,525.2,520.4,524.35,6308.94
2024-07-11 00:00:00+00:00,524.35,528.5,519.2,522.6,14487.77
2024-07-11 04:00:00+00:00,522.6,528.65,521.7,527.3,7433.91
2024-07-11 08:00:00+00:00,527.3,536.65,527.05,536.2,12089.35
2024-07-11 12:00:00+00:00,536.2,547.35,522.8,524.0,85457.92
2024-07-11 16:00:00+00:00,524.0,530.75,522.1,525.15,12404.8
2024-07-11 20:00:00+00:00,525.15,526.5,522.4,524.6,7363.86
2024-07-12 00:00:00+00:00,524.6,529.1,516.8,521.15,18209.19
2024-07-12 04:00:00+00:00,521.15,523.25,517.55,521.05,9547.55
2024-07-12 08:00:00+00:00,521.05,524.1,517.65,523.7,13569.2
2024-07-12 12:00:00+00:00,523.7,532.9,522.6,532.05,17687.47
2024-07-12 16:00:00+00:00,532.05,537.2,530.5,531.1,13339.25
2024-07-12 20:00:00+00:00,531.1,533.55,526.65,533.5,7566.92
2024-07-13 00:00:00+00:00,533.5,535.25,531.9,533.1,3985.16
2024-07-13 04:00:00+00:00,533.1,536.0,531.4,535.7,6415.27
2024-07-13 08:00:00+00:00,535.7,539.1,534.65,537.45,8487.19
2024-07-13 12:00:00+00:00,537.45,537.7,528.8,531.7,15964.79
2024-07-13 16:00:00+00:00,531.7,532.6,528.1,529.7,10633.65
2024-07-13 20:00:00+00:00,529.7,535.45,526.95,532.15,11752.26
2024-07-14 00:00:00+00:00,532.15,537.3,530.85,533.35,10979.91
2024-07-14 04:00:00+00:00,533.35,538.7,533.05,537.2,8022.68
2024-07-14 08:00:00+00:00,537.2,539.95,535.3,536.6,8520.37
2024-07-14 12:00:00+00:00,536.6,536.7,531.0,535.95,11390.55
2024-07-14 16:00:00+00:00,535.95,537.1,534.45,536.6,2895.3
2024-07-14 20:00:00+00:00,536.6,547.35,536.4,544.55,10814.88
2024-07-15 00:00:00+00:00,544.55,554.3,543.7,553.45,14601.68
2024-07-15 04:00:00+00:00,553.45,562.1,551.55,558.7,14244.6
2024-07-15 08:00:00+00:00,558.7,563.2,557.2,561.9,23535.71
2024-07-15 12:00:00+00:00,561.9,575.2,561.9,573.5,29582.39
2024-07-15 16:00:00+00:00,573.5,579.3,572.75,576.8,24791.31
2024-07-15 20:00:00+00:00,576.8,586.35,574.2,584.85,13838.58
2024-07-16 00:00:00+00:00,584.85,587.1,577.2,579.3,15489.32
2024-07-16 04:00:00+00:00,579.3,580.25,561.0,562.2,24570.94
2024-07-16 08:00:00+00:00,562.2,571.25,554.25,570.55,24942.1
2024-07-16 12:00:00+00:00,570.55,578.1,564.85,576.6,19215.04
2024-07-16 16:00:00+00:00,576.6,578.85,571.4,577.8,14674.99
2024-07-16 20:00:00+00:00,577.8,578.05,570.1,575.8,9415.23
2024-07-17 00:00:00+00:00,575.8,583.9,575.6,579.15,9201.75
2024-07-17 04:00:00+00:00,579.15,583.4,578.35,579.65,7045.27
2024-07-17 08:00:00+00:00,579.65,581.75,573.85,575.2,14425.39
2024-07-17 12:00:00+00:00,575.2,578.9,572.1,572.45,11289.77
2024-07-17 16:00:00+00:00,572.45,573.4,563.95,571.7,13499.19
2024-07-17 20:00:00+00:00,571.7,573.55,567.6,568.5,5811.46
2024-07-18 00:00:00+00:00,568.5,576.6,568.3,573.9,6961.4
2024-07-18 04:00:00+00:00,573.9,575.95,569.05,571.95,5795.41
2024-07-18 08:00:00+00:00,571.95,574.7,570.15,573.8,6835.13
2024-07-18 12:00:00+00:00,573.8,579.15,564.6,565.25,17729.65
2024-07-18 16:00:00+00:00,565.25,571.1,561.2,567.45,17646.14
2024-07-18 20:00:00+00:00,567.45,572.9,566.6,571.6,3301.77
2024-07-19 00:00:00+00:00,571.6,573.2,564.65,572.5,5784.92
2024-07-19 04:00:00+00:00,572.5,574.55,567.05,568.2,7401.3
2024-07-19 08:00:00+00:00,568.2,573.45,565.7,573.2,13309.06
2024-07-19 12:00:00+00:00,573.2,595.25,572.05,591.4,67269.57
2024-07-19 16:00:00+00:00,591.4,598.7,585.75,595.4,61925.15
2024-07-19 20:00:00+00:00,595.4,595.95,587.95,593.0,15735.17
2024-07-20 00:00:00+00:00,593.0,594.85,586.3,590.45,25476.31
2024-07-20 04:00:00+00:00,590.45,592.25,589.25,589.6,5375.59
2024-07-20 08:00:00+00:00,589.6,592.85,587.85,590.05,5526.59
2024-07-20 12:00:00+00:00,590.05,594.65,587.2,594.65,7647.13
2024-07-20 16:00:00+00:00,594.65,597.65,592.7,595.4,13657.92
2024-07-20 20:00:00+00:00,595.4,597.4,592.05,592.6,4811.06
2024-07-21 00:00:00+00:00,592.6,597.35,592.6,595.45,4655.63
2024-07-21 04:00:00+00:00,595.45,596.0,590.6,592.1,3277.69
2024-07-21 08:00:00+00:00,592.1,595.0,591.9,594.05,2945.03
2024-07-21 12:00:00+00:00,594.05,602.45,591.45,598.85,18720.48
2024-07-21 16:00:00+00:00,598.85,602.3,580.8,597.35,30672.07
2024-07-21 20:00:00+00:00,597.35,603.7,596.75,602.0,14252.75
2024-07-22 00:00:00+00:00,602.0,605.4,599.15,600.55,8547.39
2024-07-22 04:00:00+00:00,600.55,602.1,591.2,593.65,10813.51
2024-07-22 08:00:00+00:00,593.65,600.65,590.75,599.65,8853.29
2024-07-22 12:00:00+00:00,599.65,600.35,588.75,591.9,15565.82
2024-07-22 16:00:00+00:00,591.9,595.95,590.25,595.3,6376.47
2024-07-22 20:00:00+00:00,595.3,596.4,586.1,587.0,13861.56
2024-07-23 00:00:00+00:00,587.0,593.35,586.75,590.15,6222.77
2024-07-23 04:00:00+00:00,590.15,591.05,576.95,579.4,14386.87
2024-07-23 08:00:00+00:00,579.4,589.2,578.8,584.5,11655.99
2024-07-23 12:00:00+00:00,584.5,588.2,578.15,585.05,18336.59
2024-07-23 16:00:00+00:00,585.05,585.7,576.55,580.7,12499.94
2024-07-23 20:00:00+00:00,580.7,583.55,579.8,581.75,5771.11
2024-07-24 00:00:00+00:00,581.75,585.55,580.15,584.65,7488.38
2024-07-24 04:00:00+00:00,584.65,585.6,580.9,585.55,4276.3
2024-07-24 08:00:00+00:00,585.55,588.6,583.1,583.3,11156.53
2024-07-24 12:00:00+00:00,583.3,587.4,581.8,582.65,8815.2
2024-07-24 16:00:00+00:00,582.65,585.4,578.35,578.65,7374.0
2024-07-24 20:00:00+00:00,578.65,581.1,569.8,574.6,14048.21
2024-07-25 00:00:00+00:00,574.6,575.9,552.85,556.4,39203.43
2024-07-25 04:00:00+00:00,556.4,564.2,554.15,561.5,9698.95
2024-07-25 08:00:00+00:00,561.5,567.05,560.2,564.0,9947.77
2024-07-25 12:00:00+00:00,564.0,567.0,556.15,564.75,9529.8
2024-07-25 16:00:00+00:00,564.75,570.1,562.15,565.85,14531.29
2024-07-25 20:00:00+00:00,565.85,572.9,560.2,570.4,9445.4
2024-07-26 00:00:00+00:00,570.4,578.85,570.05,578.45,8112.24
2024-07-26 04:00:00+00:00,578.45,580.4,576.7,578.95,7518.55
2024-07-26 08:00:00+00:00,578.95,580.1,574.7,577.05,10215.01
2024-07-26 12:00:00+00:00,577.05,580.35,574.05,578.2,9127.89
2024-07-26 16:00:00+00:00,578.2,582.1,576.45,580.25,4568.74
2024-07-26 20:00:00+00:00,580.25,582.75,578.35,580.6,2934.34
2024-07-27 00:00:00+00:00,580.6,585.0,577.35,582.75,12831.13
2024-07-27 04:00:00+00:00,582.75,587.7,582.0,586.8,5811.94
2024-07-27 08:00:00+00:00,586.8,588.65,585.5,586.85,3634.56
2024-07-27 12:00:00+00:00,586.85,592.65,582.0,585.4,13571.25
2024-07-27 16:00:00+00:00,585.4,586.3,580.55,584.35,10710.67
2024-07-27 20:00:00+00:00,584.35,586.3,572.45,581.45,24876.99
2024-07-28 00:00:00+00:00,581.45,584.05,577.55,580.4,5223.26
2024-07-28 04:00:00+00:00,580.4,581.05,574.25,578.6,5295.53
2024-07-28 08:00:00+00:00,578.6,581.8,577.3,581.8,4676.97
2024-07-28 12:00:00+00:00,581.8,582.25,579.1,580.3,4413.33
2024-07-28 16:00:00+00:00,580.3,584.35,579.05,583.85,4432.21
2024-07-28 20:00:00+00:00,583.85,584.8,580.8,583.75,3352.15
2024-07-29 00:00:00+00:00,583.75,596.95,583.5,592.2,14253.98
2024-07-29 04:00:00+00:00,592.2,595.2,590.3,593.55,5211.96
2024-07-29 08:00:00+00:00,593.55,594.75,591.65,592.75,4479.16
2024-07-29 12:00:00+00:00,592.75,593.3,579.8,582.5,16708.14
2024-07-29 16:00:00+00:00,582.5,583.3,572.0,577.2,22065.32
2024-07-29 20:00:00+00:00,577.2,580.15,573.45,573.9,8409.87
2024-07-30 00:00:00+00:00,573.9,575.0,566.5,572.55,12498.83
2024-07-30 04:00:00+00:00,572.55,575.8,570.05,574.2,3994.3
2024-07-30 08:00:00+00:00,574.2,574.35,571.4,573.2,7164.88
2024-07-30 12:00:00+00:00,573.2,575.85,570.7,573.75,7812.1
2024-07-30 16:00:00+00:00,573.75,577.35,569.9,573.45,6624.65
2024-07-30 20:00:00+00:00,573.45,588.0,569.4,587.8,9834.01
2024-07-31 00:00:00+00:00,587.8,589.35,581.55,584.95,10851.72
2024-07-31 04:00:00+00:00,584.95,587.5,580.9,585.7,5651.31
2024-07-31 08:00:00+00:00,585.7,588.85,583.9,586.65,4738.84
2024-07-31 12:00:00+00:00,586.65,589.15,584.15,586.45,5886.86
2024-07-31 16:00:00+00:00,586.45,592.7,580.5,581.8,14968.89
2024-07-31 20:00:00+00:00,581.8,581.85,574.7,576.3,10908.83
2024-08-01 00:00:00+00:00,576.3,577.8,568.15,569.55,10361.36
2024-08-01 04:00:00+00:00,569.55,571.15,562.35,568.6,11563.27
2024-08-01 08:00:00+00:00,568.6,572.9,568.4,572.15,4652.08
2024-08-01 12:00:00+00:00,572.15,574.9,556.3,558.5,21367.5
2024-08-01 16:00:00+00:00,558.5,561.3,553.3,560.65,18170.56
2024-08-01 20:00:00+00:00,560.65,577.4,559.45,574.75,13388.34
2024-08-02 00:00:00+00:00,574.75,577.35,563.55,571.7,10237.41
2024-08-02 04:00:00+00:00,571.7,572.9,563.05,570.35,9894.49
2024-08-02 08:00:00+00:00,570.35,575.2,568.0,573.1,6777.73
2024-08-02 12:00:00+00:00,573.1,576.3,546.25,558.4,29995.27
2024-08-02 16:00:00+00:00,558.4,560.05,552.75,554.75,12499.04
2024-08-02 20:00:00+00:00,554.75,557.75,540.05,542.7,21691.27
2024-08-03 00:00:00+00:00,542.7,543.25,525.55,541.7,31752.99
2024-08-03 04:00:00+00:00,541.7,545.05,539.1,540.4,6392.92
2024-08-03 08:00:00+00:00,540.4,541.45,536.25,540.8,6001.12
2024-08-03 12:00:00+00:00,540.8,544.7,530.8,531.45,14534.46
2024-08-03 16:00:00+00:00,531.45,533.65,522.15,523.0,29596.62
2024-08-03 20:00:00+00:00,523.0,530.25,520.85,529.25,14753.8
2024-08-04 00:00:00+00:00,529.25,531.75,526.6,528.0,15024.06
2024-08-04 04:00:00+00:00,528.0,529.25,521.3,523.2,6571.1
2024-08-04 08:00:00+00:00,523.2,527.75,520.4,525.2,7659.28
2024-08-04 12:00:00+00:00,525.2,527.5,500.55,501.45,26546.51
2024-08-04 16:00:00+00:00,501.45,509.55,486.35,507.5,43496.16
2024-08-04 20:00:00+00:00,507.5,511.2,495.85,496.5,15142.25
2024-08-05 00:00:00+00:00,496.5,499.65,426.25,441.8,222121.49
2024-08-05 04:00:00+00:00,441.8,449.75,398.05,438.9,217022.47
2024-08-05 08:00:00+00:00,438.9,449.1,420.9,431.85,81173.37
2024-08-05 12:00:00+00:00,431.85,465.95,408.2,461.75,179221.69
2024-08-05 16:00:00+00:00,461.75,473.55,450.7,457.45,52099.93
2024-08-05 20:00:00+00:00,457.45,471.2,457.05,463.95,24945.06
2024-08-06 00:00:00+00:00,463.95,489.85,463.15,478.5,30667.7
2024-08-06 04:00:00+00:00,478.5,492.55,475.85,491.75,24874.19
2024-08-06 08:00:00+00:00,491.75,491.8,475.4,478.25,28833.85
2024-08-06 12:00:00+00:00,478.25,493.75,469.15,487.4,35918.63
2024-08-06 16:00:00+00:00,487.4,492.8,485.0,487.75,14585.37
2024-08-06 20:00:00+00:00,487.75,492.4,482.95,484.5,16702.43
2024-08-07 00:00:00+00:00,484.5,493.05,477.85,491.5,18217.12
2024-08-07 04:00:00+00:00,491.5,497.1,488.0,491.5,15294.72
2024-08-07 08:00:00+00:00,491.5,497.15,487.95,488.95,25083.27
2024-08-07 12:00:00+00:00,488.95,493.4,471.65,480.6,38079.92
2024-08-07 16:00:00+00:00,480.6,481.3,467.75,471.95,26386.95
2024-08-07 20:00:00+00:00,471.95,478.2,468.8,474.75,21010.49
2024-08-08 00:00:00+00:00,474.75,491.65,467.15,484.85,36579.58
2024-08-08 04:00:00+00:00,484.85,489.75,482.7,484.95,9456.07
2024-08-08 08:00:00+00:00,484.95,490.2,484.8,488.15,9309.56
2024-08-08 12:00:00+00:00,488.15,498.95,483.55,498.6,29802.53
2024-08-08 16:00:00+00:00,498.6,510.0,498.4,502.15,19714.52
2024-08-08 20:00:00+00:00,502.15,521.5,501.6,516.85,26672.05
2024-08-09 00:00:00+00:00,516.85,518.05,511.35,514.65,15799.31
2024-08-09 04:00:00+00:00,514.65,515.85,507.55,509.35,11405.96
2024-08-09 08:00:00+00:00,509.35,510.7,502.0,506.8,16513.73
2024-08-09 12:00:00+00:00,506.8,511.45,498.35,501.3,21697.43
2024-08-09 16:00:00+00:00,501.3,507.4,500.5,506.45,5327.32
2024-08-09 20:00:00+00:00,506.45,509.6,504.05,508.5,10178.22
2024-08-10 00:00:00+00:00,508.5,513.85,506.9,509.25,10060.87
2024-08-10 04:00:00+00:00,509.25,511.85,507.1,511.85,4137.16
2024-08-10 08:00:00+00:00,511.85,516.45,510.5,516.4,7626.69
2024-08-10 12:00:00+00:00,516.4,517.55,511.7,514.15,7242.74
2024-08-10 16:00:00+00:00,514.15,525.0,513.25,522.5,12196.09
2024-08-10 20:00:00+00:00,522.5,524.4,521.7,522.8,5359.59
2024-08-11 00:00:00+00:00,522.8,534.65,522.65,530.2,14103.42
2024-08-11 04:00:00+00:00,530.2,533.95,527.65,533.25,10105.14
2024-08-11 08:00:00+00:00,533.25,535.8,522.85,524.85,14063.99
2024-08-11 12:00:00+00:00,524.85,525.4,516.5,519.8,15403.15
2024-08-11 16:00:00+00:00,519.8,522.5,511.45,511.85,10761.19
2024-08-11 20:00:00+00:00,511.85,511.95,501.8,503.15,18711.43
2024-08-12 00:00:00+00:00,503.15,509.25,499.9,507.1,12275.64
2024-08-12 04:00:00+00:00,507.1,510.9,498.85,509.05,16845.23
2024-08-12 08:00:00+00:00,509.05,517.9,504.15,516.95,26331.26
2024-08-12 12:00:00+00:00,516.95,523.95,499.9,519.45,76597.24
2024-08-12 16:00:00+00:00,519.45,521.15,507.35,512.85,18353.11
2024-08-12 20:00:00+00:00,512.85,521.4,509.6,518.25,20408.91
2024-08-13 00:00:00+00:00,518.25,521.65,513.9,516.05,25358.06
2024-08-13 04:00:00+00:00,516.05,523.95,514.55,523.1,17677.13
2024-08-13 08:00:00+00:00,523.1,524.5,518.3,520.65,32929.35
2024-08-13 12:00:00+00:00,520.65,527.15,511.8,517.0,99997.14
2024-08-13 16:00:00+00:00,517.0,523.05,516.45,521.6,22083.63
2024-08-13 20:00:00+00:00,521.6,525.7,520.7,523.7,10438.55
2024-08-14 00:00:00+00:00,523.7,526.55,521.55,525.25,6649.28
2024-08-14 04:00:00+00:00,525.25,528.1,524.55,526.3,10560.55
2024-08-14 08:00:00+00:00,526.3,531.3,523.85,529.4,12676.58
2024-08-14 12:00:00+00:00,529.4,531.75,514.8,524.6,39220.82
2024-08-14 16:00:00+00:00,524.6,525.75,520.05,524.05,17252.6
2024-08-14 20:00:00+00:00,524.05,525.55,519.15,523.05,11691.17
2024-08-15 00:00:00+00:00,523.05,526.85,520.15,522.2,12749.99
2024-08-15 04:00:00+00:00,522.2,522.45,513.75,516.95,9040.54
2024-08-15 08:00:00+00:00,516.95,524.7,515.15,523.95,9370.94
2024-08-15 12:00:00+00:00,523.95,531.1,522.05,530.6,19552.85
2024-08-15 16:00:00+00:00,530.6,533.6,509.9,513.65,43125.26
2024-08-15 20:00:00+00:00,513.65,521.8,509.6,518.75,16249.4
2024-08-16 00:00:00+00:00,518.75,521.5,514.0,515.05,21112.84
2024-08-16 04:00:00+00:00,515.05,523.85,514.7,523.5,10993.07
2024-08-16 08:00:00+00:00,523.5,524.3,518.5,518.95,7942.96
2024-08-16 12:00:00+00:00,518.95,520.55,509.35,514.6,27816.37
2024-08-16 16:00:00+00:00,514.6,522.85,512.8,522.2,16901.14
2024-08-16 20:00:00+00:00,522.2,522.8,517.85,519.25,7465.79
2024-08-17 00:00:00+00:00,519.25,522.2,517.85,521.05,6563.65
2024-08-17 04:00:00+00:00,521.05,523.4,520.65,522.9,6456.25
2024-08-17 08:00:00+00:00,522.9,529.55,521.95,529.25,13157.42
2024-08-17 12:00:00+00:00,529.25,539.45,528.15,533.95,25684.49
2024-08-17 16:00:00+00:00,533.95,544.65,533.9,544.3,17456.79
2024-08-17 20:00:00+00:00,544.3,547.35,538.45,541.35,24103.25
2024-08-18 00:00:00+00:00,541.35,542.2,536.05,536.15,12532.17
2024-08-18 04:00:00+00:00,536.15,540.4,534.1,540.2,9349.97
2024-08-18 08:00:00+00:00,540.2,540.3,536.3,538.4,8162.04
2024-08-18 12:00:00+00:00,538.4,538.75,535.0,538.55,8217.42
2024-08-18 16:00:00+00:00,538.55,540.75,535.1,537.85,10818.76
2024-08-18 20:00:00+00:00,537.85,538.15,530.55,530.8,11059.94
2024-08-19 00:00:00+00:00,530.8,536.9,528.6,536.75,15960.7
2024-08-19 04:00:00+00:00,536.75,537.25,532.55,533.45,6993.66
2024-08-19 08:00:00+00:00,533.45,537.75,530.25,536.8,13742.23
2024-08-19 12:00:00+00:00,536.8,544.3,534.65,543.25,37329.02
2024-08-19 16:00:00+00:00,543.25,555.7,543.1,552.75,44112.61
2024-08-19 20:00:00+00:00,552.75,560.9,551.7,558.25,23992.9
2024-08-20 00:00:00+00:00,558.25,571.9,558.2,569.4,42060.16
2024-08-20 04:00:00+00:00,569.4,574.0,566.15,568.75,31060.65
2024-08-20 08:00:00+00:00,568.75,569.5,565.3,567.8,24141.04
2024-08-20 12:00:00+00:00,567.8,573.45,559.7,561.45,66921.4
2024-08-20 16:00:00+00:00,561.45,573.15,557.8,572.55,106908.58
2024-08-20 20:00:00+00:00,572.55,574.55,567.65,569.0,24876.71
2024-08-21 00:00:00+00:00,569.0,572.3,560.6,563.85,24509.72
2024-08-21 04:00:00+00:00,563.85,563.9,558.25,560.45,17987.4
2024-08-21 08:00:00+00:00,560.45,561.4,552.2,555.7,29252.28
2024-08-21 12:00:00+00:00,555.7,557.8,545.6,554.4,40895.06
2024-08-21 16:00:00+00:00,554.4,572.05,553.4,571.45,35621.02
2024-08-21 20:00:00+00:00,571.45,586.5,567.25,569.8,50823.23
2024-08-22 00:00:00+00:00,569.8,570.45,559.3,569.75,31213.84
2024-08-22 04:00:00+00:00,569.75,577.85,567.35,576.5,18881.73
2024-08-22 08:00:00+00:00,576.5,583.8,574.3,582.9,32666.16
2024-08-22 12:00:00+00:00,582.9,589.6,576.8,579.45,63023.73
2024-08-22 16:00:00+00:00,579.45,585.2,572.2,584.05,30932.18
2024-08-22 20:00:00+00:00,584.05,588.0,580.8,582.65,25891.77
2024-08-23 00:00:00+00:00,582.65,587.15,579.25,581.75,24014.38
2024-08-23 04:00:00+00:00,581.75,584.7,576.8,579.15,24148.25
2024-08-23 08:00:00+00:00,579.15,580.05,575.1,577.4,21913.95
2024-08-23 12:00:00+00:00,577.4,585.9,573.75,580.25,31213.89
2024-08-23 16:00:00+00:00,580.25,587.15,578.45,586.85,29769.1
2024-08-23 20:00:00+00:00,586.85,598.2,585.8,591.4,45951.47
2024-08-24 00:00:00+00:00,591.4,591.95,578.2,578.8,19618.6
2024-08-24 04:00:00+00:00,578.8,581.15,574.35,578.7,28144.88
2024-08-24 08:00:00+00:00,578.7,583.15,577.25,578.05,15789.59
2024-08-24 12:00:00+00:00,578.05,582.0,577.25,578.2,16709.45
2024-08-24 16:00:00+00:00,578.2,589.5,577.85,588.7,32502.45
2024-08-24 20:00:00+00:00,588.7,592.0,575.15,580.45,39951.1
2024-08-25 00:00:00+00:00,580.45,583.75,575.2,578.9,23345.84
2024-08-25 04:00:00+00:00,578.9,579.55,568.15,570.5,25175.98
2024-08-25 08:00:00+00:00,570.5,575.4,568.4,573.65,12177.52
2024-08-25 12:00:00+00:00,573.65,578.65,572.25,574.85,10672.27
2024-08-25 16:00:00+00:00,574.85,577.0,572.95,575.2,8216.89
2024-08-25 20:00:00+00:00,575.2,578.75,571.3,573.5,12323.61
2024-08-26 00:00:00+00:00,573.5,575.2,567.3,569.8,13203.1
2024-08-26 04:00:00+00:00,569.8,572.5,560.65,561.5,34033.54
2024-08-26 08:00:00+00:00,561.5,566.7,559.45,563.45,14730.99
2024-08-26 12:00:00+00:00,563.45,563.95,554.9,558.15,24240.49
2024-08-26 16:00:00+00:00,558.15,561.4,551.25,552.3,26460.31
2024-08-26 20:00:00+00:00,552.3,554.4,545.95,547.95,17996.13
2024-08-27 00:00:00+00:00,547.95,555.3,547.55,552.35,15805.78
2024-08-27 04:00:00+00:00,552.35,557.95,551.3,555.2,13487.51
2024-08-27 08:00:00+00:00,555.2,555.8,546.4,550.45,17822.96
2024-08-27 12:00:00+00:00,550.45,556.0,547.6,551.8,28091.64
2024-08-27 16:00:00+00:00,551.8,554.0,543.9,549.8,22255.78
2024-08-27 20:00:00+00:00,549.8,551.0,519.4,533.05,69100.44
2024-08-28 00:00:00+00:00,533.05,537.55,526.5,537.3,24601.04
2024-08-28 04:00:00+00:00,537.3,542.35,531.8,532.4,16734.2
2024-08-28 08:00:00+00:00,532.4,546.35,529.9,543.15,28040.16
2024-08-28 12:00:00+00:00,543.15,546.05,530.65,533.3,25370.03
2024-08-28 16:00:00+00:00,533.3,538.9,522.05,533.95,30512.57
2024-08-28 20:00:00+00:00,533.95,540.15,531.5,536.6,15776.96
2024-08-29 00:00:00+00:00,536.6,541.8,536.2,540.2,14258.31
2024-08-29 04:00:00+00:00,540.2,544.75,538.3,541.0,9928.81
2024-08-29 08:00:00+00:00,541.0,545.0,539.6,543.55,8819.54
2024-08-29 12:00:00+00:00,543.55,545.25,537.3,541.2,30432.91
2024-08-29 16:00:00+00:00,541.2,542.7,530.4,535.4,16940.43
2024-08-29 20:00:00+00:00,535.4,537.6,531.8,536.1,7928.23
2024-08-30 00:00:00+00:00,536.1,537.3,528.8,529.7,9493.61
2024-08-30 04:00:00+00:00,529.7,535.15,528.0,532.8,9010.46
2024-08-30 08:00:00+00:00,532.8,540.4,532.75,537.95,12209.39
2024-08-30 12:00:00+00:00,537.95,543.0,521.35,523.3,36055.49
2024-08-30 16:00:00+00:00,523.3,536.75,521.3,531.3,16980.56
2024-08-30 20:00:00+00:00,531.3,536.05,530.65,534.8,4434.91
2024-08-31 00:00:00+00:00,534.8,537.6,534.5,536.9,3456.84
2024-08-31 04:00:00+00:00,536.9,541.1,534.95,535.4,8691.67
2024-08-31 08:00:00+00:00,535.4,537.6,533.7,536.55,5032.25
2024-08-31 12:00:00+00:00,536.55,537.4,534.7,535.5,4560.17
2024-08-31 16:00:00+00:00,535.5,535.6,530.8,533.2,4303.49
2024-08-31 20:00:00+00:00,533.2,534.2,531.3,532.5,4070.37
2024-09-01 00:00:00+00:00,532.5,533.25,524.45,526.35,7294.48
2024-09-01 04:00:00+00:00,526.35,526.65,513.45,521.8,21261.51
2024-09-01 08:00:00+00:00,521.8,522.0,515.8,518.7,8026.55
2024-09-01 12:00:00+00:00,518.7,521.7,510.0,520.3,14372.62
2024-09-01 16:00:00+00:00,520.3,523.65,515.7,520.0,8683.06
2024-09-01 20:00:00+00:00,520.0,523.0,506.95,512.0,15089.29
2024-09-02 00:00:00+00:00,512.0,516.1,511.05,514.6,7220.76
2024-09-02 04:00:00+00:00,514.6,515.4,501.3,502.9,16411.71
2024-09-02 08:00:00+00:00,502.9,524.85,502.6,518.75,30877.48
2024-09-02 12:00:00+00:00,518.75,523.3,515.6,521.9,8833.42
2024-09-02 16:00:00+00:00,521.9,523.6,519.55,522.05,5970.62
2024-09-02 20:00:00+00:00,522.05,529.9,521.7,526.1,8786.58
2024-09-03 00:00:00+00:00,526.1,538.0,525.15,533.9,18134.7
2024-09-03 04:00:00+00:00,533.9,538.05,531.35,534.85,14132.14
2024-09-03 08:00:00+00:00,534.85,535.95,531.35,535.75,5219.59
2024-09-03 12:00:00+00:00,535.75,537.65,521.0,521.8,19619.85
2024-09-03 16:00:00+00:00,521.8,525.4,519.2,524.25,11688.58
2024-09-03 20:00:00+00:00,524.25,526.0,517.6,518.35,10627.9
2024-09-04 00:00:00+00:00,518.35,523.4,500.7,512.45,41206.75
2024-09-04 04:00:00+00:00,512.45,513.4,508.05,509.85,14148.23
2024-09-04 08:00:00+00:00,509.85,511.9,496.45,498.65,28145.33
2024-09-04 12:00:00+00:00,498.65,513.05,495.35,508.7,44806.4
2024-09-04 16:00:00+00:00,508.7,512.45,504.75,509.2,19497.97
2024-09-04 20:00:00+00:00,509.2,513.2,506.9,507.4,8904.75
2024-09-05 00:00:00+00:00,507.4,512.4,503.2,503.8,15718.54
2024-09-05 04:00:00+00:00,503.8,507.75,500.65,506.35,12411.37
2024-09-05 08:00:00+00:00,506.35,507.45,502.4,504.35,7645.61
2024-09-05 12:00:00+00:00,504.35,509.95,499.15,501.05,25520.28
2024-09-05 16:00:00+00:00,501.05,503.45,496.55,499.15,16856.4
2024-09-05 20:00:00+00:00,499.15,502.5,497.8,502.2,5829.64
2024-09-06 00:00:00+00:00,502.2,507.8,500.45,505.1,15137.18
2024-09-06 04:00:00+00:00,505.1,508.05,496.65,500.95,18554.39
2024-09-06 08:00:00+00:00,500.95,506.45,500.45,503.95,13674.82
2024-09-06 12:00:00+00:00,503.95,509.6,488.15,492.15,64265.77
2024-09-06 16:00:00+00:00,492.15,493.2,477.75,482.0,57618.09
2024-09-06 20:00:00+00:00,482.0,487.15,470.65,486.9,36056.14
2024-09-07 00:00:00+00:00,486.9,489.7,482.75,486.1,19848.41
2024-09-07 04:00:00+00:00,486.1,495.5,485.85,494.9,17964.34
2024-09-07 08:00:00+00:00,494.9,496.2,491.35,492.4,19580.13
2024-09-07 12:00:00+00:00,492.4,499.1,492.35,497.5,14801.49
2024-09-07 16:00:00+00:00,497.5,497.8,491.85,495.6,9540.92
2024-09-07 20:00:00+00:00,495.6,495.6,490.25,493.2,7142.77
2024-09-08 00:00:00+00:00,493.2,496.3,490.45,496.3,5930.58
2024-09-08 04:00:00+00:00,496.3,504.35,495.9,502.55,11813.81
2024-09-08 08:00:00+00:00,502.55,505.9,500.9,501.15,13446.77
2024-09-08 12:00:00+00:00,501.15,501.6,490.9,491.35,24529.23
2024-09-08 16:00:00+00:00,491.35,498.4,490.65,495.15,15905.7
2024-09-08 20:00:00+00:00,495.15,506.6,494.5,502.8,18395.13
2024-09-09 00:00:00+00:00,502.8,509.45,502.4,504.9,16113.96
2024-09-09 04:00:00+00:00,504.9,506.85,501.55,506.65,8374.14
2024-09-09 08:00:00+00:00,506.65,510.15,504.9,504.95,9525.88
2024-09-09 12:00:00+00:00,504.95,507.75,501.65,505.85,12110.49
2024-09-09 16:00:00+00:00,505.85,520.3,505.55,519.95,33362.55
2024-09-09 20:00:00+00:00,519.95,525.55,516.9,518.35,18840.85
2024-09-10 00:00:00+00:00,518.35,518.45,513.2,514.3,18824.53
2024-09-10 04:00:00+00:00,514.3,520.25,514.25,520.0,11200.78
2024-09-10 08:00:00+00:00,520.0,522.05,517.55,521.0,11150.54
2024-09-10 12:00:00+00:00,521.0,522.5,513.6,513.7,23959.25
2024-09-10 16:00:00+00:00,513.7,523.95,513.55,521.45,19471.79
2024-09-10 20:00:00+00:00,521.45,521.95,516.55,516.7,11845.92
2024-09-11 00:00:00+00:00,516.7,517.05,510.05,514.2,10494.02
2024-09-11 04:00:00+00:00,514.2,514.6,505.85,513.65,23235.72
2024-09-11 08:00:00+00:00,513.65,515.6,509.35,514.75,8697.06
2024-09-11 12:00:00+00:00,514.75,519.9,508.15,517.6,48687.24
2024-09-11 16:00:00+00:00,517.6,535.85,517.35,533.05,58344.47
2024-09-11 20:00:00+00:00,533.05,534.4,527.55,529.9,14878.35
2024-09-12 00:00:00+00:00,529.9,546.55,529.75,542.85,32892.89
2024-09-12 04:00:00+00:00,542.85,545.85,540.95,541.85,25042.3
2024-09-12 08:00:00+00:00,541.85,545.4,541.4,544.7,14810.68
2024-09-12 12:00:00+00:00,544.7,548.7,533.95,535.25,77278.91
2024-09-12 16:00:00+00:00,535.25,543.5,534.7,541.2,17237.77
2024-09-12 20:00:00+00:00,541.2,545.1,538.15,544.2,14705.17
2024-09-13 00:00:00+00:00,544.2,546.7,541.8,542.35,14420.79
2024-09-13 04:00:00+00:00,542.35,543.75,538.2,542.35,10886.75
2024-09-13 08:00:00+00:00,542.35,549.7,540.05,545.9,45974.73
2024-09-13 12:00:00+00:00,545.9,553.65,541.35,553.15,80487.17
2024-09-13 16:00:00+00:00,553.15,555.45,549.35,554.15,24238.77
2024-09-13 20:00:00+00:00,554.15,559.55,553.3,555.85,12687.42
2024-09-14 00:00:00+00:00,555.85,558.95,554.85,555.8,8437.83
2024-09-14 04:00:00+00:00,555.8,556.05,551.05,553.45,11506.98
2024-09-14 08:00:00+00:00,553.45,553.9,549.25,550.95,6619.31
2024-09-14 12:00:00+00:00,550.95,553.15,550.1,550.6,4898.56
2024-09-14 16:00:00+00:00,550.6,552.8,547.05,550.65,8987.41
2024-09-14 20:00:00+00:00,550.65,553.7,550.6,553.1,7415.96
2024-09-15 00:00:00+00:00,553.1,555.7,552.25,552.6,4623.57
2024-09-15 04:00:00+00:00,552.6,554.65,551.85,554.65,4952.61
2024-09-15 08:00:00+00:00,554.65,554.75,552.65,554.3,5957.9
2024-09-15 12:00:00+00:00,554.3,561.55,554.05,560.95,20568.82
2024-09-15 16:00:00+00:00,560.95,561.3,553.35,556.35,30067.23
2024-09-15 20:00:00+00:00,556.35,560.3,550.8,552.9,28141.33
2024-09-16 00:00:00+00:00,552.9,554.9,540.4,544.8,34845.51
2024-09-16 04:00:00+00:00,544.8,551.05,544.05,550.3,16555.8
2024-09-16 08:00:00+00:00,550.3,552.35,543.6,547.05,12849.4
2024-09-16 12:00:00+00:00,547.05,549.25,534.35,534.75,51170.3
2024-09-16 16:00:00+00:00,534.75,536.6,527.9,532.3,38152.91
2024-09-16 20:00:00+00:00,532.3,534.95,526.6,533.4,13158.41
2024-09-17 00:00:00+00:00,533.4,535.3,528.45,534.75,12771.02
2024-09-17 04:00:00+00:00,534.75,539.85,534.65,538.05,11156.23
2024-09-17 08:00:00+00:00,538.05,543.95,537.35,542.5,15994.52
2024-09-17 12:00:00+00:00,542.5,552.4,539.15,549.85,40139.78
2024-09-17 16:00:00+00:00,549.85,550.65,541.4,545.0,17339.84
2024-09-17 20:00:00+00:00,545.0,547.4,543.25,545.85,10384.79
2024-09-18 00:00:00+00:00,545.85,549.35,541.7,547.15,8885.45
2024-09-18 04:00:00+00:00,547.15,547.45,543.65,545.15,5175.36
2024-09-18 08:00:00+00:00,545.15,545.25,536.45,539.5,12191.86
2024-09-18 12:00:00+00:00,539.5,543.4,536.7,537.8,9363.5
2024-09-18 16:00:00+00:00,537.8,551.65,536.55,544.6,30253.75
2024-09-18 20:00:00+00:00,544.6,559.65,540.7,559.35,20497.85
2024-09-19 00:00:00+00:00,559.35,562.5,554.7,559.9,25374.77
2024-09-19 04:00:00+00:00,559.9,561.7,556.25,556.8,12849.0
2024-09-19 08:00:00+00:00,556.8,558.45,552.7,558.45,20970.01
2024-09-19 12:00:00+00:00,558.45,567.2,558.15,564.85,59026.99
2024-09-19 16:00:00+00:00,564.85,571.7,564.45,565.65,17135.35
2024-09-19 20:00:00+00:00,565.65,567.4,561.15,566.65,15239.61
2024-09-20 00:00:00+00:00,566.65,571.4,558.4,571.4,23555.61
2024-09-20 04:00:00+00:00,571.4,576.8,569.8,573.3,22081.84
2024-09-20 08:00:00+00:00,573.3,573.55,566.15,569.5,18568.15
2024-09-20 12:00:00+00:00,569.5,573.3,564.1,569.45,21214.92
2024-09-20 16:00:00+00:00,569.45,570.35,563.75,566.5,6593.84
2024-09-20 20:00:00+00:00,566.5,569.8,565.85,568.75,6533.15
2024-09-21 00:00:00+00:00,568.75,572.8,565.65,567.15,12604.49
2024-09-21 04:00:00+00:00,567.15,583.8,567.1,582.6,24266.5
2024-09-21 08:00:00+00:00,582.6,587.5,580.05,580.2,24358.86
2024-09-21 12:00:00+00:00,580.2,585.45,579.5,583.4,11669.23
2024-09-21 16:00:00+00:00,583.4,585.85,582.2,585.1,8126.75
2024-09-21 20:00:00+00:00,585.1,590.15,583.05,588.45,17237.08
2024-09-22 00:00:00+00:00,588.45,589.5,580.75,583.95,18965.64
2024-09-22 04:00:00+00:00,583.95,585.25,581.25,584.4,12276.84
2024-09-22 08:00:00+00:00,584.4,585.75,579.55,581.15,10210.19
2024-09-22 12:00:00+00:00,581.15,582.75,576.6,580.2,13065.45
2024-09-22 16:00:00+00:00,580.2,587.35,577.8,585.6,11676.38
2024-09-22 20:00:00+00:00,585.6,594.25,575.7,588.3,34802.16
2024-09-23 00:00:00+00:00,588.3,599.2,582.95,596.6,30112.8
2024-09-23 04:00:00+00:00,596.6,597.25,588.8,590.7,17358.13
2024-09-23 08:00:00+00:00,590.7,592.7,587.35,591.9,17805.86
2024-09-23 12:00:00+00:00,591.9,601.65,590.95,600.5,20486.33
2024-09-23 16:00:00+00:00,600.5,616.45,600.3,612.0,83780.5
2024-09-23 20:00:00+00:00,612.0,614.9,602.55,604.35,34503.67
2024-09-24 00:00:00+00:00,604.35,609.4,600.1,606.3,23895.12
2024-09-24 04:00:00+00:00,606.3,606.4,600.15,601.95,14738.88
2024-09-24 08:00:00+00:00,601.95,605.95,600.5,603.5,21917.08
2024-09-24 12:00:00+00:00,603.5,608.9,598.0,606.05,44996.71
2024-09-24 16:00:00+00:00,606.05,610.15,604.3,609.35,15304.42
2024-09-24 20:00:00+00:00,609.35,613.2,604.25,605.6,23087.91
2024-09-25 00:00:00+00:00,605.6,607.95,602.3,606.8,16908.14
2024-09-25 04:00:00+00:00,606.8,606.85,593.05,595.95,32487.75
2024-09-25 08:00:00+00:00,595.95,598.05,592.7,596.3,16216.07
2024-09-25 12:00:00+00:00,596.3,599.45,591.8,593.0,23788.68
2024-09-25 16:00:00+00:00,593.0,595.25,585.35,586.65,33630.07
2024-09-25 20:00:00+00:00,586.65,589.45,583.75,587.2,13768.73
2024-09-26 00:00:00+00:00,587.2,589.25,580.65,587.85,19700.5
2024-09-26 04:00:00+00:00,587.85,596.45,586.9,595.8,21762.99
2024-09-26 08:00:00+00:00,595.8,599.1,593.25,595.25,26980.91
2024-09-26 12:00:00+00:00,595.25,602.75,591.8,601.3,46661.32
2024-09-26 16:00:00+00:00,601.3,609.0,592.25,592.5,38321.18
2024-09-26 20:00:00+00:00,592.5,598.8,589.95,596.0,19922.48
2024-09-27 00:00:00+00:00,596.0,605.6,595.45,604.55,28737.4
2024-09-27 04:00:00+00:00,604.55,606.75,599.5,603.95,21789.5
2024-09-27 08:00:00+00:00,603.95,608.5,601.95,608.2,35298.01
2024-09-27 12:00:00+00:00,608.2,614.8,604.75,608.65,80611.49
2024-09-27 16:00:00+00:00,608.65,613.0,604.4,605.05,39789.63
2024-09-27 20:00:00+00:00,605.05,611.45,603.55,606.65,32487.72
2024-09-28 00:00:00+00:00,606.65,618.55,604.95,611.9,55211.34
2024-09-28 04:00:00+00:00,611.9,612.4,599.4,602.05,38272.54
2024-09-28 08:00:00+00:00,602.05,602.7,594.05,601.9,29801.8
2024-09-28 12:00:00+00:00,601.9,603.05,596.4,600.6,14618.61
2024-09-28 16:00:00+00:00,600.6,601.75,598.8,599.95,7767.79
2024-09-28 20:00:00+00:00,599.95,601.7,595.1,600.7,11335.56
2024-09-29 00:00:00+00:00,600.7,602.6,598.25,600.25,8365.16
2024-09-29 04:00:00+00:00,600.25,600.35,592.25,593.15,12956.79
2024-09-29 08:00:00+00:00,593.15,598.2,592.15,597.2,18481.73
2024-09-29 12:00:00+00:00,597.2,598.2,593.2,596.85,16192.8
2024-09-29 16:00:00+00:00,596.85,600.4,595.55,599.55,9882.78
2024-09-29 20:00:00+00:00,599.55,601.0,594.6,595.25,12169.39
2024-09-30 00:00:00+00:00,595.25,595.5,571.75,577.7,53399.91
2024-09-30 04:00:00+00:00,577.7,583.35,574.5,581.8,17319.33
2024-09-30 08:00:00+00:00,581.8,581.9,570.0,574.4,36623.75
2024-09-30 12:00:00+00:00,574.4,578.2,570.65,570.75,22120.04
2024-09-30 16:00:00+00:00,570.75,573.95,567.6,572.55,23086.21
2024-09-30 20:00:00+00:00,572.55,575.35,562.8,567.0,17259.16
2024-10-01 00:00:00+00:00,567.0,576.7,564.9,576.5,11190.33
2024-10-01 04:00:00+00:00,576.5,582.7,575.85,580.9,12848.27
2024-10-01 08:00:00+00:00,580.9,581.35,577.1,577.3,6433.82
2024-10-01 12:00:00+00:00,577.3,578.8,547.1,561.2,65460.78
2024-10-01 16:00:00+00:00,561.2,562.4,537.55,548.35,71882.6
2024-10-01 20:00:00+00:00,548.35,549.65,535.85,546.95,34091.64
2024-10-02 00:00:00+00:00,546.95,555.45,545.1,554.25,16810.71
2024-10-02 04:00:00+00:00,554.25,558.1,551.4,556.0,11542.13
2024-10-02 08:00:00+00:00,556.0,557.65,544.05,546.45,14685.47
2024-10-02 12:00:00+00:00,546.45,549.55,536.7,549.1,29191.14
2024-10-02 16:00:00+00:00,549.1,552.95,534.35,538.95,34223.34
2024-10-02 20:00:00+00:00,538.95,545.55,537.45,542.2,13027.65
2024-10-03 00:00:00+00:00,542.2,549.65,540.75,549.5,11520.3
2024-10-03 04:00:00+00:00,549.5,550.4,543.35,544.8,7245.04
2024-10-03 08:00:00+00:00,544.8,545.4,535.45,537.7,25588.51
2024-10-03 12:00:00+00:00,537.7,545.35,533.65,541.05,25795.73
2024-10-03 16:00:00+00:00,541.05,545.55,536.85,545.55,17168.79
2024-10-03 20:00:00+00:00,545.55,546.25,541.0,544.45,6987.96
2024-10-04 00:00:00+00:00,544.45,549.25,541.45,546.45,9548.99
2024-10-04 04:00:00+00:00,546.45,550.3,546.25,550.3,8457.68
2024-10-04 08:00:00+00:00,550.3,553.95,550.1,553.0,11101.65
2024-10-04 12:00:00+00:00,553.0,557.05,544.3,553.2,31840.81
2024-10-04 16:00:00+00:00,553.2,557.8,551.75,556.9,9793.13
2024-10-04 20:00:00+00:00,556.9,557.35,554.5,555.15,6019.77
2024-10-05 00:00:00+00:00,555.15,557.7,551.4,553.35,6225.98
2024-10-05 04:00:00+00:00,553.35,564.3,553.35,561.3,12841.05
2024-10-05 08:00:00+00:00,561.3,564.75,560.65,561.05,8742.28
2024-10-05 12:00:00+00:00,561.05,564.5,560.05,563.9,5979.23
2024-10-05 16:00:00+00:00,563.9,564.55,559.1,560.5,7895.58
2024-10-05 20:00:00+00:00,560.5,563.75,557.6,562.65,5204.91
2024-10-06 00:00:00+00:00,562.65,565.95,561.1,561.6,5606.31
2024-10-06 04:00:00+00:00,561.6,563.6,560.95,562.3,3405.1
2024-10-06 08:00:00+00:00,562.3,563.55,560.5,562.2,3574.93
2024-10-06 12:00:00+00:00,562.2,568.9,561.5,567.15,8710.05
2024-10-06 16:00:00+00:00,567.15,568.0,564.8,565.4,6705.43
2024-10-06 20:00:00+00:00,565.4,571.7,563.1,570.05,9498.62
2024-10-07 00:00:00+00:00,570.05,577.25,567.3,573.15,14721.48
2024-10-07 04:00:00+00:00,573.15,577.15,572.15,575.6,7434.21
2024-10-07 08:00:00+00:00,575.6,577.45,566.5,571.65,13053.48
2024-10-07 12:00:00+00:00,571.65,581.5,570.25,575.4,16703.98
2024-10-07 16:00:00+00:00,575.4,577.45,566.3,572.25,16164.67
2024-10-07 20:00:00+00:00,572.25,573.95,563.2,564.0,14484.5
2024-10-08 00:00:00+00:00,564.0,571.05,562.9,569.55,10007.7
2024-10-08 04:00:00+00:00,569.55,570.55,559.0,563.1,14278.55
2024-10-08 08:00:00+00:00,563.1,576.95,562.05,576.7,34266.58
2024-10-08 12:00:00+00:00,576.7,580.1,572.4,577.5,27994.61
2024-10-08 16:00:00+00:00,577.5,586.35,575.75,585.1,23564.97
2024-10-08 20:00:00+00:00,585.1,585.8,578.45,580.1,11355.05
2024-10-09 00:00:00+00:00,580.1,581.95,572.55,575.85,20518.59
2024-10-09 04:00:00+00:00,575.85,584.85,574.9,581.65,18301.21
2024-10-09 08:00:00+00:00,581.65,584.95,580.7,582.5,11860.06
2024-10-09 12:00:00+00:00,582.5,584.5,575.95,580.75,23915.86
2024-10-09 16:00:00+00:00,580.75,581.6,570.6,571.3,13866.19
2024-10-09 20:00:00+00:00,571.3,572.75,565.7,570.25,14371.53
2024-10-10 00:00:00+00:00,570.25,572.45,566.85,568.9,7309.75
2024-10-10 04:00:00+00:00,568.9,572.65,568.4,569.65,3871.65
2024-10-10 08:00:00+00:00,569.65,570.75,564.25,570.15,9394.22
2024-10-10 12:00:00+00:00,570.15,570.2,562.45,565.05,13953.81
2024-10-10 16:00:00+00:00,565.05,566.85,551.1,559.05,24527.36
2024-10-10 20:00:00+00:00,559.05,563.75,557.55,563.65,8092.94
2024-10-11 00:00:00+00:00,563.65,565.2,560.55,563.9,9567.51
2024-10-11 04:00:00+00:00,563.9,564.75,560.05,560.3,6056.17
2024-10-11 08:00:00+00:00,560.3,568.4,560.0,567.6,12859.24
2024-10-11 12:00:00+00:00,567.6,573.3,565.95,571.65,18646.11
2024-10-11 16:00:00+00:00,571.65,577.95,571.0,574.05,15654.79
2024-10-11 20:00:00+00:00,574.05,574.7,571.95,573.4,7270.26
2024-10-12 00:00:00+00:00,573.4,577.25,573.15,576.55,7993.28
2024-10-12 04:00:00+00:00,576.55,578.65,573.65,574.85,11972.9
2024-10-12 08:00:00+00:00,574.85,578.85,574.55,576.25,13853.19
2024-10-12 12:00:00+00:00,576.25,578.25,574.65,575.6,14678.24
2024-10-12 16:00:00+00:00,575.6,577.95,575.3,577.15,6022.85
2024-10-12 20:00:00+00:00,577.15,577.75,575.75,576.1,4043.76
2024-10-13 00:00:00+00:00,576.1,578.05,572.55,572.95,8925.19
2024-10-13 04:00:00+00:00,572.95,576.0,572.1,573.9,3921.31
2024-10-13 08:00:00+00:00,573.9,574.85,571.75,571.95,4993.56
2024-10-13 12:00:00+00:00,571.95,573.95,564.3,566.4,11397.68
2024-10-13 16:00:00+00:00,566.4,571.65,565.75,570.45,7646.39
2024-10-13 20:00:00+00:00,570.45,572.95,569.2,571.95,4102.74
2024-10-14 00:00:00+00:00,571.95,580.9,569.4,580.2,14105.41
2024-10-14 04:00:00+00:00,580.2,582.65,574.35,580.3,31405.69
2024-10-14 08:00:00+00:00,580.3,581.75,577.8,580.8,11781.31
2024-10-14 12:00:00+00:00,580.8,588.8,579.15,587.95,28537.12
2024-10-14 16:00:00+00:00,587.95,592.1,587.1,588.65,15735.38
2024-10-14 20:00:00+00:00,588.65,592.05,587.0,588.9,8607.83
2024-10-15 00:00:00+00:00,588.9,592.3,584.3,584.85,11727.62
2024-10-15 04:00:00+00:00,584.85,587.05,580.85,584.6,11913.61
2024-10-15 08:00:00+00:00,584.6,590.95,583.45,584.95,22519.2
2024-10-15 12:00:00+00:00,584.95,599.75,577.15,589.2,82271.69
2024-10-15 16:00:00+00:00,589.2,595.45,588.95,594.5,19215.7
2024-10-15 20:00:00+00:00,594.5,594.8,586.8,594.5,17474.73
2024-10-16 00:00:00+00:00,594.5,597.4,591.65,593.85,10845.87
2024-10-16 04:00:00+00:00,593.85,595.35,589.4,590.9,16412.16
2024-10-16 08:00:00+00:00,590.9,600.5,590.4,598.95,23678.11
2024-10-16 12:00:00+00:00,598.95,601.3,593.35,595.25,20067.74
2024-10-16 16:00:00+00:00,595.25,604.35,591.25,601.25,20872.34
2024-10-16 20:00:00+00:00,601.25,605.55,600.0,600.7,15658.01
2024-10-17 00:00:00+00:00,600.7,606.45,599.8,603.85,13900.91
2024-10-17 04:00:00+00:00,603.85,605.35,595.95,596.95,10957.32
2024-10-17 08:00:00+00:00,596.95,597.65,590.05,590.25,9918.54
2024-10-17 12:00:00+00:00,590.25,594.8,588.5,593.85,16559.08
2024-10-17 16:00:00+00:00,593.85,593.95,584.45,588.45,13962.19
2024-10-17 20:00:00+00:00,588.45,592.6,588.4,592.45,6093.53
2024-10-18 00:00:00+00:00,592.45,598.2,591.5,593.75,8084.52
2024-10-18 04:00:00+00:00,593.75,599.15,593.7,597.55,7523.91
2024-10-18 08:00:00+00:00,597.55,598.45,594.6,594.75,5191.49
2024-10-18 12:00:00+00:00,594.75,601.9,593.75,600.25,33618.23
2024-10-18 16:00:00+00:00,600.25,602.2,597.9,599.25,12446.33
2024-10-18 20:00:00+00:00,599.25,600.35,597.0,598.8,4543.36
2024-10-19 00:00:00+00:00,598.8,601.0,598.5,598.75,5953.52
2024-10-19 04:00:00+00:00,598.75,599.5,596.65,597.35,5026.76
2024-10-19 08:00:00+00:00,597.35,598.4,596.5,596.55,7436.09
2024-10-19 12:00:00+00:00,596.55,598.45,595.85,596.6,5935.63
2024-10-19 16:00:00+00:00,596.6,597.55,595.0,596.7,7428.81
2024-10-19 20:00:00+00:00,596.7,598.3,595.65,597.7,4042.85
2024-10-20 00:00:00+00:00,597.7,598.25,592.85,594.5,7344.14
2024-10-20 04:00:00+00:00,594.5,597.85,594.25,597.25,3140.18
2024-10-20 08:00:00+00:00,597.25,598.25,595.6,596.2,4096.26
2024-10-20 12:00:00+00:00,596.2,600.75,594.75,599.05,9473.01
2024-10-20 16:00:00+00:00,599.05,599.4,597.25,598.05,2504.9
2024-10-20 20:00:00+00:00,598.05,607.35,598.0,605.95,20427.14
2024-10-21 00:00:00+00:00,605.95,608.65,601.15,604.55,16870.97
2024-10-21 04:00:00+00:00,604.55,610.2,602.65,609.05,17388.4
2024-10-21 08:00:00+00:00,609.05,612.1,604.7,609.05,16410.59
2024-10-21 12:00:00+00:00,609.05,609.85,593.15,595.45,36010.79
2024-10-21 16:00:00+00:00,595.45,600.15,591.25,599.0,13223.61
2024-10-21 20:00:00+00:00,599.0,601.15,596.95,598.45,6968.62
2024-10-22 00:00:00+00:00,598.45,599.7,591.95,598.15,11776.07
2024-10-22 04:00:00+00:00,598.15,599.6,594.8,594.9,5070.49
2024-10-22 08:00:00+00:00,594.9,597.25,586.65,595.7,33579.21
2024-10-22 12:00:00+00:00,595.7,599.8,590.1,596.65,30081.26
2024-10-22 16:00:00+00:00,596.65,596.65,591.45,594.1,11141.38
2024-10-22 20:00:00+00:00,594.1,596.6,592.7,593.55,8030.95
2024-10-23 00:00:00+00:00,593.55,594.6,589.0,590.1,9494.12
2024-10-23 04:00:00+00:00,590.1,590.4,582.95,583.75,12637.6
2024-10-23 08:00:00+00:00,583.75,584.65,579.35,582.1,14124.65
2024-10-23 12:00:00+00:00,582.1,586.0,578.15,579.4,16406.57
2024-10-23 16:00:00+00:00,579.4,582.2,572.45,581.75,23164.73
2024-10-23 20:00:00+00:00,581.75,585.25,580.95,584.55,5656.88
2024-10-24 00:00:00+00:00,584.55,591.9,583.0,590.15,10255.71
2024-10-24 04:00:00+00:00,590.15,594.4,589.25,590.45,8459.23
2024-10-24 08:00:00+00:00,590.45,592.6,585.55,591.0,9616.18
2024-10-24 12:00:00+00:00,591.0,593.5,589.25,592.2,9854.69
2024-10-24 16:00:00+00:00,592.2,594.9,589.75,594.1,5154.27
2024-10-24 20:00:00+00:00,594.1,598.15,593.0,594.4,11471.91
2024-10-25 00:00:00+00:00,594.4,597.65,592.3,594.9,10234.02
2024-10-25 04:00:00+00:00,594.9,595.1,586.45,588.35,13134.97
2024-10-25 08:00:00+00:00,588.35,593.4,585.8,592.3,12559.34
2024-10-25 12:00:00+00:00,592.3,595.5,587.7,589.65,16682.7
2024-10-25 16:00:00+00:00,589.65,591.4,577.95,584.85,32503.73
2024-10-25 20:00:00+00:00,584.85,586.55,564.05,574.45,27549.66
2024-10-26 00:00:00+00:00,574.45,578.95,570.5,578.3,14124.88
2024-10-26 04:00:00+00:00,578.3,583.7,577.65,579.6,7257.28
2024-10-26 08:00:00+00:00,579.6,584.35,579.2,584.1,6915.09
2024-10-26 12:00:00+00:00,584.1,584.75,578.05,580.6,7294.14
2024-10-26 16:00:00+00:00,580.6,586.0,580.35,585.25,7486.77
2024-10-26 20:00:00+00:00,585.25,586.85,582.95,583.1,2827.96
2024-10-27 00:00:00+00:00,583.1,585.65,581.5,585.5,4367.6
2024-10-27 04:00:00+00:00,585.5,585.9,583.65,584.5,2790.44
2024-10-27 08:00:00+00:00,584.5,585.35,581.3,582.55,4280.42
2024-10-27 12:00:00+00:00,582.55,588.65,582.45,587.2,6713.45
2024-10-27 16:00:00+00:00,587.2,589.45,585.2,586.95,6651.64
2024-10-27 20:00:00+00:00,586.95,590.7,586.1,589.05,4319.14
2024-10-28 00:00:00+00:00,589.05,589.75,585.85,586.85,3890.48
2024-10-28 04:00:00+00:00,586.85,592.5,585.15,591.25,7448.73
2024-10-28 08:00:00+00:00,591.25,594.7,590.55,594.4,8316.96
2024-10-28 12:00:00+00:00,594.4,596.55,590.25,590.45,13513.37
2024-10-28 16:00:00+00:00,590.45,596.75,588.3,596.15,17708.47
2024-10-28 20:00:00+00:00,596.15,604.5,596.1,600.95,16359.49
2024-10-29 00:00:00+00:00,600.95,610.5,599.75,605.6,25082.36
2024-10-29 04:00:00+00:00,605.6,607.35,603.6,604.0,7436.45
2024-10-29 08:00:00+00:00,604.0,607.65,604.0,606.75,6754.34
2024-10-29 12:00:00+00:00,606.75,610.35,604.0,609.95,18938.65
2024-10-29 16:00:00+00:00,609.95,612.55,603.25,603.55,35419.61
2024-10-29 20:00:00+00:00,603.55,607.35,600.0,606.4,16276.7
2024-10-30 00:00:00+00:00,606.4,606.7,598.05,602.8,10630.73
2024-10-30 04:00:00+00:00,602.8,606.7,600.85,602.1,8267.92
2024-10-30 08:00:00+00:00,602.1,604.55,595.6,595.75,13505.81
2024-10-30 12:00:00+00:00,595.75,601.6,594.2,597.0,15912.41
2024-10-30 16:00:00+00:00,597.0,600.25,596.0,597.4,6869.57
2024-10-30 20:00:00+00:00,597.4,600.5,594.75,595.6,6531.75
2024-10-31 00:00:00+00:00,595.6,596.35,591.8,592.65,7230.55
2024-10-31 04:00:00+00:00,592.65,592.95,587.45,587.8,9564.42
2024-10-31 08:00:00+00:00,587.8,587.85,581.1,586.5,19184.67
2024-10-31 12:00:00+00:00,586.5,588.75,575.7,580.35,26011.77
2024-10-31 16:00:00+00:00,580.35,580.4,572.75,573.0,12211.09
2024-10-31 20:00:00+00:00,573.0,577.85,570.8,576.15,7882.93
2024-11-01 00:00:00+00:00,576.15,580.3,569.75,578.55,12487.89
2024-11-01 04:00:00+00:00,578.55,579.9,571.65,574.25,10174.66
2024-11-01 08:00:00+00:00,574.25,579.45,574.25,577.2,11285.61
2024-11-01 12:00:00+00:00,577.2,585.2,567.9,571.5,34198.56
2024-11-01 16:00:00+00:00,571.5,577.1,569.4,571.6,16370.05
2024-11-01 20:00:00+00:00,571.6,573.4,567.35,572.7,5081.14
2024-11-02 00:00:00+00:00,572.7,575.5,572.4,574.9,6740.52
2024-11-02 04:00:00+00:00,574.9,576.45,573.55,576.0,4049.05
2024-11-02 08:00:00+00:00,576.0,576.5,572.4,572.8,3217.65
2024-11-02 12:00:00+00:00,572.8,573.2,561.9,566.25,18699.43
2024-11-02 16:00:00+00:00,566.25,569.6,566.1,569.5,7484.14
2024-11-02 20:00:00+00:00,569.5,570.45,566.55,568.35,4391.52
2024-11-03 00:00:00+00:00,568.35,569.0,556.6,561.75,16937.76
2024-11-03 04:00:00+00:00,561.75,565.1,561.35,563.4,6181.98
2024-11-03 08:00:00+00:00,563.4,563.4,556.7,557.1,7024.66
2024-11-03 12:00:00+00:00,557.1,559.2,546.4,551.65,15677.04
2024-11-03 16:00:00+00:00,551.65,557.0,548.2,556.75,10709.84
2024-11-03 20:00:00+00:00,556.75,560.0,555.65,557.5,7821.42
2024-11-04 00:00:00+00:00,557.5,564.5,552.85,562.2,10349.95
2024-11-04 04:00:00+00:00,562.2,563.8,558.0,558.6,9468.5
2024-11-04 08:00:00+00:00,558.6,562.3,556.05,560.0,16717.54
2024-11-04 12:00:00+00:00,560.0,563.1,556.0,559.35,16548.31
2024-11-04 16:00:00+00:00,559.35,560.2,550.4,552.55,17391.25
2024-11-04 20:00:00+00:00,552.55,553.25,542.95,552.25,28389.18
2024-11-05 00:00:00+00:00,552.25,555.5,550.8,555.15,10577.06
2024-11-05 04:00:00+00:00,555.15,560.7,554.6,560.45,9864.93
2024-11-05 08:00:00+00:00,560.45,561.55,558.05,559.2,7931.46
2024-11-05 12:00:00+00:00,559.2,569.75,558.65,564.3,23369.71
2024-11-05 16:00:00+00:00,564.3,571.7,559.0,560.05,19666.57
2024-11-05 20:00:00+00:00,560.05,567.4,558.8,563.05,16985.48
2024-11-06 00:00:00+00:00,563.05,589.2,562.6,581.75,51471.6
2024-11-06 04:00:00+00:00,581.75,589.35,575.0,583.85,52986.0
2024-11-06 08:00:00+00:00,583.85,584.7,575.55,581.9,26590.44
2024-11-06 12:00:00+00:00,581.9,585.35,579.15,583.2,17749.61
2024-11-06 16:00:00+00:00,583.2,588.45,581.25,588.35,13180.72
2024-11-06 20:00:00+00:00,588.35,595.0,586.3,592.2,22590.97
2024-11-07 00:00:00+00:00,592.2,611.7,591.35,605.15,52341.66
2024-11-07 04:00:00+00:00,605.15,606.55,591.5,596.2,19704.14
2024-11-07 08:00:00+00:00,596.2,597.95,592.45,592.6,10660.52
2024-11-07 12:00:00+00:00,592.6,598.4,587.2,598.4,21720.19
2024-11-07 16:00:00+00:00,598.4,601.55,595.15,599.4,20251.63
2024-11-07 20:00:00+00:00,599.4,603.0,595.75,598.5,21903.47
2024-11-08 00:00:00+00:00,598.5,606.4,592.9,597.2,23363.63
2024-11-08 04:00:00+00:00,597.2,601.45,595.55,599.65,15155.98
2024-11-08 08:00:00+00:00,599.65,599.8,594.3,596.15,15989.82
2024-11-08 12:00:00+00:00,596.15,602.1,594.7,597.6,20960.08
2024-11-08 16:00:00+00:00,597.6,599.45,588.0,597.95,27911.59
2024-11-08 20:00:00+00:00,597.95,598.7,593.05,598.15,8927.08
2024-11-09 00:00:00+00:00,598.15,638.55,597.85,635.7,95287.87
2024-11-09 04:00:00+00:00,635.7,636.6,627.1,629.4,53328.77
2024-11-09 08:00:00+00:00,629.4,634.35,623.6,626.2,27281.51
2024-11-09 12:00:00+00:00,626.2,627.55,616.4,617.0,38925.37
2024-11-09 16:00:00+00:00,617.0,621.7,610.05,616.4,38190.67
2024-11-09 20:00:00+00:00,616.4,628.15,614.55,625.25,26136.19
2024-11-10 00:00:00+00:00,625.25,631.1,622.8,628.2,29077.28
2024-11-10 04:00:00+00:00,628.2,635.75,626.2,629.9,49825.87
2024-11-10 08:00:00+00:00,629.9,645.0,629.8,642.25,42170.39
2024-11-10 12:00:00+00:00,642.25,643.4,631.75,640.6,48712.56
2024-11-10 16:00:00+00:00,640.6,644.65,622.7,629.85,58665.6
2024-11-10 20:00:00+00:00,629.85,632.5,611.5,627.9,58516.75
2024-11-11 00:00:00+00:00,627.9,642.15,626.35,638.25,36572.36
2024-11-11 04:00:00+00:00,638.25,639.6,613.3,616.45,44268.6
2024-11-11 08:00:00+00:00,616.45,630.4,614.9,626.9,41942.73
2024-11-11 12:00:00+00:00,626.9,629.45,614.2,626.45,54825.18
2024-11-11 16:00:00+00:00,626.45,641.8,626.3,635.9,56243.45
2024-11-11 20:00:00+00:00,635.9,666.45,628.55,660.6,81240.7
2024-11-12 00:00:00+00:00,660.6,668.35,633.25,655.0,99149.55
2024-11-12 04:00:00+00:00,655.0,656.5,643.55,649.5,35015.07
2024-11-12 08:00:00+00:00,649.5,658.65,615.05,627.25,121184.65
2024-11-12 12:00:00+00:00,627.25,632.05,612.25,626.1,89821.74
2024-11-12 16:00:00+00:00,626.1,633.35,616.8,629.1,37772.57
2024-11-12 20:00:00+00:00,629.1,635.8,622.7,625.75,23956.95
2024-11-13 00:00:00+00:00,625.75,629.45,606.15,606.55,50558.1
2024-11-13 04:00:00+00:00,606.55,614.15,598.85,608.3,55637.67
2024-11-13 08:00:00+00:00,608.3,614.0,602.95,610.75,26540.21
2024-11-13 12:00:00+00:00,610.75,638.5,605.85,629.6,71169.4
2024-11-13 16:00:00+00:00,629.6,639.4,610.05,612.45,56491.29
2024-11-13 20:00:00+00:00,612.45,622.2,604.85,621.2,48076.12
2024-11-14 00:00:00+00:00,621.2,627.9,611.1,627.2,36417.18
2024-11-14 04:00:00+00:00,627.2,661.05,621.45,660.2,97081.82
2024-11-14 08:00:00+00:00,660.2,660.8,623.0,632.9,87154.72
2024-11-14 12:00:00+00:00,632.9,637.95,618.4,628.7,59719.56
2024-11-14 16:00:00+00:00,628.7,639.3,628.1,637.9,27724.77
2024-11-14 20:00:00+00:00,637.9,637.9,616.15,622.65,41573.83
2024-11-15 00:00:00+00:00,622.65,628.8,616.25,623.7,32714.53
2024-11-15 04:00:00+00:00,623.7,624.0,607.25,615.3,38752.53
2024-11-15 08:00:00+00:00,615.3,625.15,610.5,624.3,20171.3
2024-11-15 12:00:00+00:00,624.3,626.9,603.4,606.8,37642.6
2024-11-15 16:00:00+00:00,606.8,615.3,604.95,613.05,25532.7
2024-11-15 20:00:00+00:00,613.05,620.2,612.75,619.6,19819.99
2024-11-16 00:00:00+00:00,619.6,625.0,617.6,624.9,18209.18
2024-11-16 04:00:00+00:00,624.9,627.85,621.85,623.7,10041.23
2024-11-16 08:00:00+00:00,623.7,631.25,621.35,631.2,20584.34
2024-11-16 12:00:00+00:00,631.2,634.4,619.25,623.75,45683.72
2024-11-16 16:00:00+00:00,623.75,631.35,619.95,630.3,15787.78
2024-11-16 20:00:00+00:00,630.3,631.15,620.75,623.3,16345.9
2024-11-17 00:00:00+00:00,623.3,629.25,605.3,614.55,54291.14
2024-11-17 04:00:00+00:00,614.55,648.55,612.6,639.25,64489.69
2024-11-17 08:00:00+00:00,639.25,646.6,628.75,629.2,37997.23
2024-11-17 12:00:00+00:00,629.2,635.1,622.4,625.4,31042.45
2024-11-17 16:00:00+00:00,625.4,626.0,616.2,620.45,22417.3
2024-11-17 20:00:00+00:00,620.45,622.25,611.4,619.25,23500.19
2024-11-18 00:00:00+00:00,619.25,629.95,617.9,628.8,19550.65
2024-11-18 04:00:00+00:00,628.8,630.6,622.8,627.2,18365.4
2024-11-18 08:00:00+00:00,627.2,628.55,614.3,616.25,35975.37
2024-11-18 12:00:00+00:00,616.25,626.5,612.4,625.1,29130.34
2024-11-18 16:00:00+00:00,625.1,634.25,612.75,617.2,75533.48
2024-11-18 20:00:00+00:00,617.2,622.45,614.8,619.55,25771.17
2024-11-19 00:00:00+00:00,619.55,621.25,617.2,619.0,17194.77
2024-11-19 04:00:00+00:00,619.0,621.65,616.3,618.2,15108.0
2024-11-19 08:00:00+00:00,618.2,619.25,613.9,618.9,23287.2
2024-11-19 12:00:00+00:00,618.9,622.5,612.15,615.75,36696.42
2024-11-19 16:00:00+00:00,615.75,619.6,613.95,616.7,19403.17
2024-11-19 20:00:00+00:00,616.7,617.9,605.5,616.1,35228.34
2024-11-20 00:00:00+00:00,616.1,617.05,606.0,611.6,22622.4
2024-11-20 04:00:00+00:00,611.6,614.75,609.05,613.4,16348.18
2024-11-20 08:00:00+00:00,613.4,615.85,611.0,612.75,15357.59
2024-11-20 12:00:00+00:00,612.75,621.5,608.7,615.7,26950.31
2024-11-20 16:00:00+00:00,615.7,616.4,600.05,604.75,42765.76
2024-11-20 20:00:00+00:00,604.75,613.25,602.3,605.8,19208.03
2024-11-21 00:00:00+00:00,605.8,609.85,593.1,602.1,34240.29
2024-11-21 04:00:00+00:00,602.1,614.25,601.0,612.95,31906.49
2024-11-21 08:00:00+00:00,612.95,613.7,607.3,610.2,13295.3
2024-11-21 12:00:00+00:00,610.2,631.5,610.15,617.3,65253.74
2024-11-21 16:00:00+00:00,617.3,626.2,616.55,625.3,26984.22
2024-11-21 20:00:00+00:00,625.3,626.25,619.75,622.45,11632.62
2024-11-22 00:00:00+00:00,622.45,640.25,622.45,635.95,54438.09
2024-11-22 04:00:00+00:00,635.95,639.0,626.85,627.8,29043.25
2024-11-22 08:00:00+00:00,627.8,633.2,621.3,625.6,28305.0
2024-11-22 12:00:00+00:00,625.6,629.45,615.55,625.1,37348.61
2024-11-22 16:00:00+00:00,625.1,626.3,618.7,622.55,19727.08
2024-11-22 20:00:00+00:00,622.55,634.55,621.7,633.6,17997.47
2024-11-23 00:00:00+00:00,633.6,651.85,631.7,645.2,52216.16
2024-11-23 04:00:00+00:00,645.2,667.85,641.15,664.8,48100.12
2024-11-23 08:00:00+00:00,664.8,677.2,660.5,663.6,61613.28
2024-11-23 12:00:00+00:00,663.6,681.3,661.6,670.25,55742.37
2024-11-23 16:00:00+00:00,670.25,673.7,650.05,654.1,66751.12
2024-11-23 20:00:00+00:00,654.1,657.95,642.65,651.1,27442.21
2024-11-24 00:00:00+00:00,651.1,662.9,649.25,659.95,23480.27
2024-11-24 04:00:00+00:00,659.95,674.05,656.15,673.35,34747.8
2024-11-24 08:00:00+00:00,673.35,688.85,650.5,652.05,99117.25
2024-11-24 12:00:00+00:00,652.05,657.1,637.25,643.2,70466.84
2024-11-24 16:00:00+00:00,643.2,656.5,639.4,651.3,47196.84
2024-11-24 20:00:00+00:00,651.3,664.25,650.2,660.35,15790.46
2024-11-25 00:00:00+00:00,660.35,664.0,646.9,659.4,19421.92
2024-11-25 04:00:00+00:00,659.4,663.85,655.9,661.95,22847.4
2024-11-25 08:00:00+00:00,661.95,677.45,659.8,664.9,46986.52
2024-11-25 12:00:00+00:00,664.9,668.95,631.8,649.15,82620.93
2024-11-25 16:00:00+00:00,649.15,654.35,638.5,643.9,34235.41
2024-11-25 20:00:00+00:00,643.9,647.65,626.7,636.6,43848.08
2024-11-26 00:00:00+00:00,636.6,646.4,633.0,643.5,22183.83
2024-11-26 04:00:00+00:00,643.5,645.8,635.0,641.95,26907.82
2024-11-26 08:00:00+00:00,641.95,642.35,610.15,620.55,79223.64
2024-11-26 12:00:00+00:00,620.55,625.2,608.25,614.4,67495.32
2024-11-26 16:00:00+00:00,614.4,621.6,600.05,610.75,48591.0
2024-11-26 20:00:00+00:00,610.75,617.25,608.5,614.0,15921.15
2024-11-27 00:00:00+00:00,614.0,618.95,608.25,617.05,19370.96
2024-11-27 04:00:00+00:00,617.05,623.15,615.45,622.65,16643.75
2024-11-27 08:00:00+00:00,622.65,629.3,617.4,625.65,28051.2
2024-11-27 12:00:00+00:00,625.65,639.65,619.35,637.25,51021.46
2024-11-27 16:00:00+00:00,637.25,640.0,633.7,639.1,23733.08
2024-11-27 20:00:00+00:00,639.1,647.1,637.2,644.85,27964.62
2024-11-28 00:00:00+00:00,644.85,658.8,640.4,652.65,43228.89
2024-11-28 04:00:00+00:00,652.65,659.8,649.0,650.4,25979.46
2024-11-28 08:00:00+00:00,650.4,662.6,646.55,660.65,33763.39
2024-11-28 12:00:00+00:00,660.65,664.55,644.75,646.7,33994.76
2024-11-28 16:00:00+00:00,646.7,663.8,646.5,658.3,28554.23
2024-11-28 20:00:00+00:00,658.3,660.35,652.55,654.6,30353.53
2024-11-29 00:00:00+00:00,654.6,665.0,652.3,658.5,34722.54
2024-11-29 04:00:00+00:00,658.5,659.45,648.8,650.25,23033.9
2024-11-29 08:00:00+00:00,650.25,657.05,650.2,657.05,20827.64
2024-11-29 12:00:00+00:00,657.05,661.75,654.4,660.15,33963.32
2024-11-29 16:00:00+00:00,660.15,662.6,653.3,654.55,32536.48
2024-11-29 20:00:00+00:00,654.55,655.65,650.15,655.2,26421.62
2024-11-30 00:00:00+00:00,655.2,658.1,648.25,657.55,26220.95
2024-11-30 04:00:00+00:00,657.55,678.3,654.1,673.85,45570.29
2024-11-30 08:00:00+00:00,673.85,675.8,657.85,658.85,57785.35
2024-11-30 12:00:00+00:00,658.85,666.1,651.3,656.8,33773.77
2024-11-30 16:00:00+00:00,656.8,659.65,653.1,655.5,15863.04
2024-11-30 20:00:00+00:00,655.5,659.1,653.8,653.9,18730.99
2024-12-01 00:00:00+00:00,653.9,658.2,645.25,652.45,38879.55
2024-12-01 04:00:00+00:00,652.45,652.95,648.7,651.7,13976.22
2024-12-01 08:00:00+00:00,651.7,659.75,650.55,658.7,22499.03
2024-12-01 12:00:00+00:00,658.7,663.6,656.65,662.95,23329.26
2024-12-01 16:00:00+00:00,662.95,665.0,656.2,659.0,22719.48
2024-12-01 20:00:00+00:00,659.0,659.7,652.15,656.75,21198.99
2024-12-02 00:00:00+00:00,656.75,668.35,650.5,651.35,57356.14
2024-12-02 04:00:00+00:00,651.35,655.45,641.0,647.35,55111.78
2024-12-02 08:00:00+00:00,647.35,647.9,630.2,634.15,70145.04
2024-12-02 12:00:00+00:00,634.15,651.65,631.45,650.4,46677.3
2024-12-02 16:00:00+00:00,650.4,652.25,628.2,639.25,48139.76
2024-12-02 20:00:00+00:00,639.25,649.8,638.0,648.55,24626.42
2024-12-03 00:00:00+00:00,648.55,655.95,647.1,652.7,35952.22
2024-12-03 04:00:00+00:00,652.7,661.85,646.15,648.7,41803.96
2024-12-03 08:00:00+00:00,648.7,655.2,647.3,651.5,40709.15
2024-12-03 12:00:00+00:00,651.5,652.2,622.8,643.45,117799.06
2024-12-03 16:00:00+00:00,643.45,695.85,642.7,691.0,163102.0
2024-12-03 20:00:00+00:00,691.0,750.0,688.6,736.15,205818.37
2024-12-04 00:00:00+00:00,736.15,775.9,736.05,754.35,143213.28
2024-12-04 04:00:00+00:00,754.35,766.8,747.15,765.95,84821.17
2024-12-04 08:00:00+00:00,765.95,795.0,762.15,782.9,150632.19
2024-12-04 12:00:00+00:00,782.9,787.25,746.95,757.1,125211.85
2024-12-04 16:00:00+00:00,757.1,760.35,721.4,740.35,155626.67
2024-12-04 20:00:00+00:00,740.35,747.1,726.4,740.4,91166.64
2024-12-05 00:00:00+00:00,740.4,740.65,690.2,715.65,172089.63
2024-12-05 04:00:00+00:00,715.65,734.3,714.65,730.5,74263.78
2024-12-05 08:00:00+00:00,730.5,739.4,728.05,738.3,37823.5
2024-12-05 12:00:00+00:00,738.3,739.7,718.65,725.1,57545.2
2024-12-05 16:00:00+00:00,725.1,737.55,715.7,717.2,52157.67
2024-12-05 20:00:00+00:00,717.2,721.95,694.1,717.95,106238.19
2024-12-06 00:00:00+00:00,717.95,734.35,714.4,730.2,46635.66
2024-12-06 04:00:00+00:00,730.2,735.55,725.3,726.3,19330.9
2024-12-06 08:00:00+00:00,726.3,730.6,712.4,719.25,33732.28
2024-12-06 12:00:00+00:00,719.25,733.6,705.4,733.3,54946.13
2024-12-06 16:00:00+00:00,733.3,746.8,729.25,738.9,63555.02
2024-12-06 20:00:00+00:00,738.9,744.95,726.55,731.0,40586.04
2024-12-07 00:00:00+00:00,731.0,740.95,730.45,736.35,21442.88
2024-12-07 04:00:00+00:00,736.35,750.0,734.2,739.5,38586.84
2024-12-07 08:00:00+00:00,739.5,750.35,738.5,746.95,31101.7
2024-12-07 12:00:00+00:00,746.95,759.25,739.6,756.1,25636.64
2024-12-07 16:00:00+00:00,756.1,761.95,746.95,761.55,44609.69
2024-12-07 20:00:00+00:00,761.55,762.2,748.95,750.3,31696.56
2024-12-08 00:00:00+00:00,750.3,758.1,748.85,754.75,24647.22
2024-12-08 04:00:00+00:00,754.75,757.45,743.0,747.7,28564.28
2024-12-08 08:00:00+00:00,747.7,748.3,728.05,739.0,35953.07
2024-12-08 12:00:00+00:00,739.0,745.4,735.45,740.8,27756.1
2024-12-08 16:00:00+00:00,740.8,743.55,735.45,740.6,13816.65
2024-12-08 20:00:00+00:00,740.6,744.85,739.05,742.65,13643.63
2024-12-09 00:00:00+00:00,742.65,743.35,716.15,722.1,43694.24
2024-12-09 04:00:00+00:00,722.1,728.0,711.8,721.15,38698.85
2024-12-09 08:00:00+00:00,721.15,723.3,707.95,716.3,50658.92
2024-12-09 12:00:00+00:00,716.3,732.2,711.5,715.85,57550.04
2024-12-09 16:00:00+00:00,715.85,725.1,712.4,717.7,21543.94
2024-12-09 20:00:00+00:00,717.7,719.9,617.65,688.95,233727.64
2024-12-10 00:00:00+00:00,688.95,702.1,669.65,685.45,63902.71
2024-12-10 04:00:00+00:00,685.45,698.75,678.35,693.15,42455.57
2024-12-10 08:00:00+00:00,693.15,704.9,688.75,698.15,28064.0
2024-12-10 12:00:00+00:00,698.15,699.3,656.3,657.45,76437.5
2024-12-10 16:00:00+00:00,657.45,673.55,648.75,672.8,88704.09
2024-12-10 20:00:00+00:00,672.8,680.5,670.7,676.85,22246.07
2024-12-11 00:00:00+00:00,676.85,679.65,658.65,679.2,33056.17
2024-12-11 04:00:00+00:00,679.2,683.0,675.95,677.35,20524.62
2024-12-11 08:00:00+00:00,677.35,691.4,677.15,689.15,26747.75
2024-12-11 12:00:00+00:00,689.15,699.15,685.9,695.3,32890.21
2024-12-11 16:00:00+00:00,695.3,707.95,693.9,707.45,29610.03
2024-12-11 20:00:00+00:00,707.45,713.05,704.6,711.4,21177.9
2024-12-12 00:00:00+00:00,711.4,724.65,708.85,718.8,47233.17
2024-12-12 04:00:00+00:00,718.8,722.3,713.05,715.05,20846.02
2024-12-12 08:00:00+00:00,715.05,726.3,710.8,714.0,32297.66
2024-12-12 12:00:00+00:00,714.0,720.75,710.15,714.7,32414.77
2024-12-12 16:00:00+00:00,714.7,724.25,703.95,704.55,34116.18
2024-12-12 20:00:00+00:00,704.55,711.5,699.3,706.1,24689.0
2024-12-13 00:00:00+00:00,706.1,711.8,697.0,709.65,21195.36
2024-12-13 04:00:00+00:00,709.65,711.0,697.2,701.85,29693.49
2024-12-13 08:00:00+00:00,701.85,721.25,700.3,715.5,61740.3
2024-12-13 12:00:00+00:00,715.5,721.75,707.15,708.25,47663.19
2024-12-13 16:00:00+00:00,708.25,728.0,707.9,727.6,25634.96
2024-12-13 20:00:00+00:00,727.6,730.05,723.1,725.6,19859.41
2024-12-14 00:00:00+00:00,725.6,731.4,724.3,730.7,25690.06
2024-12-14 04:00:00+00:00,730.7,732.1,725.8,728.25,8912.52
2024-12-14 08:00:00+00:00,728.25,729.3,719.05,719.65,17147.04
2024-12-14 12:00:00+00:00,719.65,720.05,706.85,715.1,28292.92
2024-12-14 16:00:00+00:00,715.1,715.7,704.65,710.65,21472.84
2024-12-14 20:00:00+00:00,710.65,716.8,704.6,715.75,12112.02
2024-12-15 00:00:00+00:00,715.75,718.05,710.15,713.15,20181.09
2024-12-15 04:00:00+00:00,713.15,718.5,702.05,706.25,13481.9
2024-12-15 08:00:00+00:00,706.25,713.95,705.15,713.75,9168.24
2024-12-15 12:00:00+00:00,713.75,719.7,712.45,716.4,10396.35
2024-12-15 16:00:00+00:00,716.4,720.9,715.8,719.15,9305.52
2024-12-15 20:00:00+00:00,719.15,724.15,705.85,719.1,22084.79
2024-12-16 00:00:00+00:00,719.1,725.35,708.25,711.6,32367.09
2024-12-16 04:00:00+00:00,711.6,717.1,710.25,715.8,9379.69
2024-12-16 08:00:00+00:00,715.8,715.85,704.0,705.1,24924.34
2024-12-16 12:00:00+00:00,705.1,718.95,704.25,718.8,25386.04
2024-12-16 16:00:00+00:00,718.8,730.5,717.3,727.0,35393.24
2024-12-16 20:00:00+00:00,727.0,728.5,718.45,720.7,14450.1
2024-12-17 00:00:00+00:00,720.7,724.85,712.3,722.25,18862.41
2024-12-17 04:00:00+00:00,722.25,723.5,714.45,716.15,10316.62
2024-12-17 08:00:00+00:00,716.15,724.8,714.25,720.45,12952.62
2024-12-17 12:00:00+00:00,720.45,737.55,717.65,730.4,44435.23
2024-12-17 16:00:00+00:00,730.4,734.2,720.25,723.85,23774.41
2024-12-17 20:00:00+00:00,723.85,736.85,713.55,717.4,31421.3
2024-12-18 00:00:00+00:00,717.4,722.4,709.6,711.8,26805.86
2024-12-18 04:00:00+00:00,711.8,713.55,703.1,713.0,29880.09
2024-12-18 08:00:00+00:00,713.0,719.5,712.25,719.15,14062.43
2024-12-18 12:00:00+00:00,719.15,719.95,707.9,712.85,22699.87
2024-12-18 16:00:00+00:00,712.85,721.05,704.5,704.5,32639.56
2024-12-18 20:00:00+00:00,704.5,706.05,679.05,685.9,90360.65
2024-12-19 00:00:00+00:00,685.9,700.65,667.45,700.3,58696.9
2024-12-19 04:00:00+00:00,700.3,704.15,696.85,701.5,19273.23
2024-12-19 08:00:00+00:00,701.5,704.9,696.1,704.05,17820.45
2024-12-19 12:00:00+00:00,704.05,705.15,680.75,689.35,31469.91
2024-12-19 16:00:00+00:00,689.35,692.95,650.8,658.25,84328.7
2024-12-19 20:00:00+00:00,658.25,675.95,647.0,665.25,49458.95
2024-12-20 00:00:00+00:00,665.25,678.9,661.75,674.05,29745.08
2024-12-20 04:00:00+00:00,674.05,679.2,662.15,672.1,22342.19
2024-12-20 08:00:00+00:00,672.1,672.45,616.1,619.4,111731.79
2024-12-20 12:00:00+00:00,619.4,669.6,616.95,665.9,67848.44
2024-12-20 16:00:00+00:00,665.9,674.95,662.45,671.65,24477.98
2024-12-20 20:00:00+00:00,671.65,679.75,664.35,678.25,15889.82
2024-12-21 00:00:00+00:00,678.25,686.6,676.45,680.85,17003.62
2024-12-21 04:00:00+00:00,680.85,693.1,680.75,688.85,15523.78
2024-12-21 08:00:00+00:00,688.85,689.55,674.3,676.7,17817.85
2024-12-21 12:00:00+00:00,676.7,676.8,652.4,667.1,40721.19
2024-12-21 16:00:00+00:00,667.1,667.85,650.55,659.15,35252.5
2024-12-21 20:00:00+00:00,659.15,668.25,654.55,663.25,19871.79
2024-12-22 00:00:00+00:00,663.25,668.35,655.7,663.8,11785.01
2024-12-22 04:00:00+00:00,663.8,664.55,649.6,658.5,17527.37
2024-12-22 08:00:00+00:00,658.5,669.55,658.3,666.6,13468.88
2024-12-22 12:00:00+00:00,666.6,669.15,651.6,656.45,20684.17
2024-12-22 16:00:00+00:00,656.45,660.4,642.85,644.5,27076.5
2024-12-22 20:00:00+00:00,644.5,652.9,638.75,649.45,18973.58
2024-12-23 00:00:00+00:00,649.45,665.0,637.5,663.95,33980.23
2024-12-23 04:00:00+00:00,663.95,668.9,654.9,661.75,17077.96
2024-12-23 08:00:00+00:00,661.75,678.4,661.35,673.3,46085.13
2024-12-23 12:00:00+00:00,673.3,682.75,669.7,671.3,35472.91
2024-12-23 16:00:00+00:00,671.3,685.95,670.7,684.4,34661.36
2024-12-23 20:00:00+00:00,684.4,698.2,683.35,693.9,28726.51
2024-12-24 00:00:00+00:00,693.9,695.15,683.85,692.15,19992.65
2024-12-24 04:00:00+00:00,692.15,694.2,685.5,692.45,15784.35
2024-12-24 08:00:00+00:00,692.45,693.65,685.1,686.3,13113.94
2024-12-24 12:00:00+00:00,686.3,698.8,682.4,694.8,23535.85
2024-12-24 16:00:00+00:00,694.8,698.5,691.85,691.95,12997.21
2024-12-24 20:00:00+00:00,691.95,698.55,686.35,696.5,14914.95
2024-12-25 00:00:00+00:00,696.5,706.65,695.65,703.5,24261.18
2024-12-25 04:00:00+00:00,703.5,705.85,700.65,701.75,9455.45
2024-12-25 08:00:00+00:00,701.75,713.1,701.6,703.65,15814.5
2024-12-25 12:00:00+00:00,703.65,711.5,703.05,703.45,12936.17
2024-12-25 16:00:00+00:00,703.45,704.7,698.45,704.35,17072.84
2024-12-25 20:00:00+00:00,704.35,704.8,694.9,702.2,12376.07
2024-12-26 00:00:00+00:00,702.2,712.9,699.8,705.85,17510.46
2024-12-26 04:00:00+00:00,705.85,719.95,701.75,706.3,26974.25
2024-12-26 08:00:00+00:00,706.3,709.4,688.7,695.8,26171.1
2024-12-26 12:00:00+00:00,695.8,695.85,681.95,691.2,28989.78
2024-12-26 16:00:00+00:00,691.2,694.7,684.5,691.85,12880.09
2024-12-26 20:00:00+00:00,691.85,694.15,684.8,688.8,16016.35
2024-12-27 00:00:00+00:00,688.8,693.95,685.05,688.65,11166.82
2024-12-27 04:00:00+00:00,688.65,700.3,685.8,691.9,26155.1
2024-12-27 08:00:00+00:00,691.9,711.3,691.85,705.55,35256.75
2024-12-27 12:00:00+00:00,705.55,707.15,685.5,688.35,29106.82
2024-12-27 16:00:00+00:00,688.35,696.25,685.05,694.35,18856.27
2024-12-27 20:00:00+00:00,694.35,694.95,686.8,691.3,6373.81
2024-12-28 00:00:00+00:00,691.3,698.4,690.85,696.65,8824.57
2024-12-28 04:00:00+00:00,696.65,698.6,693.8,695.7,6118.46
2024-12-28 08:00:00+00:00,695.7,704.55,695.65,703.15,10269.91
2024-12-28 12:00:00+00:00,703.15,727.55,703.15,721.0,36669.68
2024-12-28 16:00:00+00:00,721.0,731.05,719.0,730.1,27305.93
2024-12-28 20:00:00+00:00,730.1,730.5,720.8,721.9,16990.6
2024-12-29 00:00:00+00:00,721.9,724.25,713.2,715.3,18798.64
2024-12-29 04:00:00+00:00,715.3,715.95,711.45,715.7,15282.48
2024-12-29 08:00:00+00:00,715.7,716.95,709.2,710.3,13569.56
2024-12-29 12:00:00+00:00,710.3,713.45,706.55,710.15,17227.45
2024-12-29 16:00:00+00:00,710.15,711.5,696.2,700.7,23477.02
2024-12-29 20:00:00+00:00,700.7,700.7,689.35,694.35,19569.7
2024-12-30 00:00:00+00:00,694.35,702.9,691.35,695.95,12583.18
2024-12-30 04:00:00+00:00,695.95,701.7,694.3,697.15,6393.98
2024-12-30 08:00:00+00:00,697.15,700.4,693.05,700.05,11659.78
2024-12-30 12:00:00+00:00,700.05,702.15,686.7,694.55,23867.17
2024-12-30 16:00:00+00:00,694.55,709.9,692.65,709.8,13261.96
2024-12-30 20:00:00+00:00,709.8,712.2,694.95,704.85,22369.25
2024-12-31 00:00:00+00:00,704.85,707.5,700.55,706.55,9954.08
2024-12-31 04:00:00+00:00,706.55,709.65,697.85,700.8,9046.0
2024-12-31 08:00:00+00:00,700.8,708.45,700.0,703.85,15252.18
2024-12-31 12:00:00+00:00,703.85,714.45,703.85,710.2,24172.8
2024-12-31 16:00:00+00:00,710.2,712.45,699.35,703.0,16473.31
2024-12-31 20:00:00+00:00,703.0,704.45,698.9,702.0,5802.82
2025-01-01 00:00:00+00:00,702.0,710.6,701.15,705.3,11265.65
2025-01-01 04:00:00+00:00,705.3,706.4,702.95,703.35,3537.12
2025-01-01 08:00:00+00:00,703.35,709.0,699.75,707.3,8849.72
2025-01-01 12:00:00+00:00,707.3,710.05,705.5,707.85,7450.0
2025-01-01 16:00:00+00:00,707.85,708.05,702.85,707.2,5654.05
2025-01-01 20:00:00+00:00,707.2,708.55,706.25,707.35,6274.29
2025-01-02 00:00:00+00:00,707.35,707.4,697.8,701.8,25142.31
2025-01-02 04:00:00+00:00,701.8,709.2,701.4,706.4,10877.81
2025-01-02 08:00:00+00:00,706.4,715.6,706.4,712.95,24455.71
2025-01-02 12:00:00+00:00,712.95,714.25,703.05,704.25,28877.56
2025-01-02 16:00:00+00:00,704.25,708.75,701.1,704.5,13104.96
2025-01-02 20:00:00+00:00,704.5,706.8,702.9,706.05,6829.56
2025-01-03 00:00:00+00:00,706.05,706.65,700.75,704.8,8211.99
2025-01-03 04:00:00+00:00,704.8,706.75,700.05,700.55,7757.99
2025-01-03 08:00:00+00:00,700.55,705.45,696.2,705.2,15191.77
2025-01-03 12:00:00+00:00,705.2,710.9,702.9,709.9,18589.23
2025-01-03 16:00:00+00:00,709.9,715.85,708.35,713.2,20786.51
2025-01-03 20:00:00+00:00,713.2,715.35,707.0,714.9,15843.67
2025-01-04 00:00:00+00:00,714.9,721.6,713.9,719.3,15354.0
2025-01-04 04:00:00+00:00,719.3,720.3,716.3,717.9,9895.3
2025-01-04 08:00:00+00:00,717.9,718.15,712.65,714.05,8668.91
2025-01-04 12:00:00+00:00,714.05,717.5,707.5,708.85,18253.0
2025-01-04 16:00:00+00:00,708.85,712.85,708.75,711.5,7797.11
2025-01-04 20:00:00+00:00,711.5,714.6,711.45,712.9,6986.5
2025-01-05 00:00:00+00:00,712.9,713.25,708.75,711.9,6509.52
2025-01-05 04:00:00+00:00,711.9,713.55,710.1,712.15,4829.94
2025-01-05 08:00:00+00:00,712.15,712.2,704.15,707.7,10620.24
2025-01-05 12:00:00+00:00,707.7,709.0,702.0,707.8,10034.9
2025-01-05 16:00:00+00:00,707.8,708.4,702.6,705.6,5210.84
2025-01-05 20:00:00+00:00,705.6,709.9,705.1,708.9,5550.43
2025-01-06 00:00:00+00:00,708.9,715.95,705.7,712.1,9374.02
2025-01-06 04:00:00+00:00,712.1,715.85,710.65,714.25,7077.6
2025-01-06 08:00:00+00:00,714.25,719.6,710.7,718.5,13181.97
2025-01-06 12:00:00+00:00,718.5,725.65,713.15,725.55,22708.36
2025-01-06 16:00:00+00:00,725.55,735.75,721.85,732.35,23221.8
2025-01-06 20:00:00+00:00,732.35,745.3,728.4,729.4,33880.84
2025-01-07 00:00:00+00:00,729.4,731.65,725.15,728.75,12568.2
2025-01-07 04:00:00+00:00,728.75,732.95,726.5,729.85,8780.89
2025-01-07 08:00:00+00:00,729.85,731.05,721.35,726.15,15818.24
2025-01-07 12:00:00+00:00,726.15,726.3,698.5,707.9,54603.03
2025-01-07 16:00:00+00:00,707.9,711.2,693.4,695.85,33102.94
2025-01-07 20:00:00+00:00,695.85,697.8,689.7,697.15,26048.87
2025-01-08 00:00:00+00:00,697.15,706.65,693.95,696.6,19681.75
2025-01-08 04:00:00+00:00,696.6,698.4,681.0,693.6,27304.71
2025-01-08 08:00:00+00:00,693.6,703.2,692.7,695.5,21140.9
2025-01-08 12:00:00+00:00,695.5,700.2,690.05,693.2,16381.88
2025-01-08 16:00:00+00:00,693.2,695.5,673.6,689.0,41869.11
2025-01-08 20:00:00+00:00,689.0,696.95,686.0,695.45,8377.98
2025-01-09 00:00:00+00:00,695.45,700.7,693.25,695.85,9233.72
2025-01-09 04:00:00+00:00,695.85,700.5,688.9,690.15,8320.84
2025-01-09 08:00:00+00:00,690.15,701.4,687.9,699.4,12206.03
2025-01-09 12:00:00+00:00,699.4,701.35,680.4,696.65,30645.32
2025-01-09 16:00:00+00:00,696.65,696.65,679.0,679.4,20269.84
2025-01-09 20:00:00+00:00,679.4,688.1,673.9,684.8,17009.26
2025-01-10 00:00:00+00:00,684.8,689.0,682.5,687.3,9914.49
2025-01-10 04:00:00+00:00,687.3,696.6,686.95,695.05,9331.83
2025-01-10 08:00:00+00:00,695.05,698.25,694.3,696.5,8847.37
2025-01-10 12:00:00+00:00,696.5,696.85,684.95,692.65,29790.93
2025-01-10 16:00:00+00:00,692.65,700.4,688.65,694.05,17426.71
2025-01-10 20:00:00+00:00,694.05,694.25,689.85,692.9,4413.96
2025-01-11 00:00:00+00:00,692.9,693.45,689.9,691.15,3404.26
2025-01-11 04:00:00+00:00,691.15,694.75,690.15,694.75,2452.56
2025-01-11 08:00:00+00:00,694.75,697.65,692.75,696.95,5505.68
2025-01-11 12:00:00+00:00,696.95,697.45,694.0,694.75,3702.68
2025-01-11 16:00:00+00:00,694.75,696.6,693.2,696.6,2955.17
2025-01-11 20:00:00+00:00,696.6,701.0,696.1,696.25,4650.17
2025-01-12 00:00:00+00:00,696.25,698.25,694.6,695.6,2831.21
2025-01-12 04:00:00+00:00,695.6,696.75,692.1,693.75,2342.75
2025-01-12 08:00:00+00:00,693.75,694.3,689.3,690.65,5333.84
2025-01-12 12:00:00+00:00,690.65,695.2,689.5,694.75,4486.4
2025-01-12 16:00:00+00:00,694.75,696.5,692.95,695.6,3334.16
2025-01-12 20:00:00+00:00,695.6,697.25,689.55,692.7,4469.0
2025-01-13 00:00:00+00:00,692.7,699.75,683.4,685.25,11452.83
2025-01-13 04:00:00+00:00,685.25,689.4,676.85,682.05,12192.83
2025-01-13 08:00:00+00:00,682.05,682.1,659.9,660.05,30452.55
2025-01-13 12:00:00+00:00,660.05,678.75,656.9,676.6,45871.21
2025-01-13 16:00:00+00:00,676.6,678.7,665.65,672.3,15725.77
2025-01-13 20:00:00+00:00,672.3,688.55,670.7,688.4,13872.12
2025-01-14 00:00:00+00:00,688.4,692.2,685.85,691.75,7704.45
2025-01-14 04:00:00+00:00,691.75,692.75,686.95,688.65,6199.33
2025-01-14 08:00:00+00:00,688.65,697.35,688.65,694.35,12745.45
2025-01-14 12:00:00+00:00,694.35,698.5,691.0,694.75,12999.58
2025-01-14 16:00:00+00:00,694.75,699.85,692.7,697.9,7513.64
2025-01-14 20:00:00+00:00,697.9,700.0,695.65,698.6,6431.55
2025-01-15 00:00:00+00:00,698.6,702.85,695.4,700.95,14924.66
2025-01-15 04:00:00+00:00,700.95,702.4,698.2,699.5,5993.95
2025-01-15 08:00:00+00:00,699.5,700.95,689.4,692.2,10696.72
2025-01-15 12:00:00+00:00,692.2,706.7,688.15,703.8,34986.64
2025-01-15 16:00:00+00:00,703.8,710.3,699.05,708.35,14811.87
2025-01-15 20:00:00+00:00,708.35,715.65,707.55,714.55,36884.61
2025-01-16 00:00:00+00:00,714.55,715.35,706.35,708.95,17952.1
2025-01-16 04:00:00+00:00,708.95,714.1,708.45,711.4,8418.83
2025-01-16 08:00:00+00:00,711.4,713.6,702.95,713.45,19724.2
2025-01-16 12:00:00+00:00,713.45,717.6,700.3,709.6,31639.75
2025-01-16 16:00:00+00:00,709.6,716.2,706.3,714.7,20652.3
2025-01-16 20:00:00+00:00,714.7,715.9,706.6,707.7,11091.03
2025-01-17 00:00:00+00:00,707.7,717.75,707.7,714.2,15909.87
2025-01-17 04:00:00+00:00,714.2,718.55,712.95,714.4,9119.35
2025-01-17 08:00:00+00:00,714.4,725.3,714.1,724.7,13557.08
2025-01-17 12:00:00+00:00,724.7,728.8,719.0,720.05,19229.27
2025-01-17 16:00:00+00:00,720.05,726.25,718.25,722.25,13493.85
2025-01-17 20:00:00+00:00,722.25,730.05,719.6,721.4,19137.4
2025-01-18 00:00:00+00:00,721.4,723.0,705.2,707.25,17706.6
2025-01-18 04:00:00+00:00,707.25,708.75,696.2,699.75,30233.94
2025-01-18 08:00:00+00:00,699.75,702.9,694.4,701.6,17324.03
2025-01-18 12:00:00+00:00,701.6,706.9,699.4,703.35,11791.96
2025-01-18 16:00:00+00:00,703.35,705.8,695.35,705.7,14497.38
2025-01-18 20:00:00+00:00,705.7,711.25,701.85,709.6,13055.7
2025-01-19 00:00:00+00:00,709.6,714.75,708.85,710.1,12795.65
2025-01-19 04:00:00+00:00,710.1,710.5,703.8,705.15,10478.75
2025-01-19 08:00:00+00:00,705.15,705.15,681.05,682.8,49628.01
2025-01-19 12:00:00+00:00,682.8,700.9,681.95,697.95,26989.85
2025-01-19 16:00:00+00:00,697.95,707.55,696.0,707.45,13666.28
2025-01-19 20:00:00+00:00,707.45,708.3,675.5,682.95,60689.3
2025-01-20 00:00:00+00:00,682.95,689.45,673.65,686.85,37128.9
2025-01-20 04:00:00+00:00,686.85,709.4,684.65,698.5,41195.36
2025-01-20 08:00:00+00:00,698.5,701.8,693.6,698.1,14964.17
2025-01-20 12:00:00+00:00,698.1,698.35,685.75,688.25,33987.45
2025-01-20 16:00:00+00:00,688.25,692.0,669.75,685.9,59160.34
2025-01-20 20:00:00+00:00,685.9,686.0,676.05,682.45,16012.08
2025-01-21 00:00:00+00:00,682.45,684.85,674.3,682.5,21580.92
2025-01-21 04:00:00+00:00,682.5,683.65,676.7,682.3,14198.05
2025-01-21 08:00:00+00:00,682.3,691.8,680.45,689.6,12542.09
2025-01-21 12:00:00+00:00,689.6,692.15,682.95,687.25,17746.77
2025-01-21 16:00:00+00:00,687.25,697.8,686.75,695.2,18853.87
2025-01-21 20:00:00+00:00,695.2,695.7,687.65,692.0,14764.5
2025-01-22 00:00:00+00:00,692.0,696.05,689.9,695.7,7863.75
2025-01-22 04:00:00+00:00,695.7,704.0,695.1,697.45,21283.02
2025-01-22 08:00:00+00:00,697.45,700.5,694.6,699.55,16862.9
2025-01-22 12:00:00+00:00,699.55,700.5,692.05,692.9,13187.19
2025-01-22 16:00:00+00:00,692.9,697.05,690.25,695.85,7693.76
2025-01-22 20:00:00+00:00,695.85,699.4,692.7,695.3,6828.6
2025-01-23 00:00:00+00:00,695.3,697.7,687.35,688.35,11320.4
2025-01-23 04:00:00+00:00,688.35,688.85,682.7,687.25,10684.68
2025-01-23 08:00:00+00:00,687.25,687.85,682.55,685.4,7482.11
2025-01-23 12:00:00+00:00,685.4,691.9,680.6,688.05,24044.32
2025-01-23 16:00:00+00:00,688.05,692.85,681.35,682.2,11388.61
2025-01-23 20:00:00+00:00,682.2,691.5,679.7,689.75,28897.79
2025-01-24 00:00:00+00:00,689.75,690.7,678.45,682.3,13494.37
2025-01-24 04:00:00+00:00,682.3,691.25,680.6,686.35,18699.32
2025-01-24 08:00:00+00:00,686.35,690.45,685.55,688.85,11049.38
2025-01-24 12:00:00+00:00,688.85,689.8,682.45,684.9,16751.85
2025-01-24 16:00:00+00:00,684.9,687.3,682.95,683.5,5782.73
2025-01-24 20:00:00+00:00,683.5,683.85,678.25,680.15,10642.38
2025-01-25 00:00:00+00:00,680.15,684.15,677.25,683.85,8844.86
2025-01-25 04:00:00+00:00,683.85,684.5,681.5,681.75,6584.61
2025-01-25 08:00:00+00:00,681.75,685.4,680.8,684.9,6519.82
2025-01-25 12:00:00+00:00,684.9,688.25,684.0,687.25,6161.79
2025-01-25 16:00:00+00:00,687.25,688.55,685.8,688.45,6120.24
2025-01-25 20:00:00+00:00,688.45,689.9,686.05,686.35,7507.74
2025-01-26 00:00:00+00:00,686.35,690.4,686.2,689.6,4562.54
2025-01-26 04:00:00+00:00,689.6,690.75,688.2,689.3,3314.05
2025-01-26 08:00:00+00:00,689.3,689.75,684.25,685.2,12163.35
2025-01-26 12:00:00+00:00,685.2,685.95,683.05,684.55,4014.55
2025-01-26 16:00:00+00:00,684.55,685.2,682.55,683.75,6269.94
2025-01-26 20:00:00+00:00,683.75,684.15,664.1,666.55,25380.39
2025-01-27 00:00:00+00:00,666.55,669.55,654.2,661.45,26081.83
2025-01-27 04:00:00+00:00,661.45,661.45,636.35,646.75,39416.73
2025-01-27 08:00:00+00:00,646.75,654.35,640.6,651.1,19657.1
2025-01-27 12:00:00+00:00,651.1,667.65,651.05,664.35,20983.24
2025-01-27 16:00:00+00:00,664.35,667.2,656.65,664.95,15477.27
2025-01-27 20:00:00+00:00,664.95,680.4,664.95,679.8,17851.06
2025-01-28 00:00:00+00:00,679.8,681.75,675.75,679.1,9375.69
2025-01-28 04:00:00+00:00,679.1,682.85,677.25,677.35,9819.06
2025-01-28 08:00:00+00:00,677.35,677.8,672.9,675.0,8428.81
2025-01-28 12:00:00+00:00,675.0,677.35,668.7,672.8,42616.43
2025-01-28 16:00:00+00:00,672.8,674.35,666.4,669.95,13590.53
2025-01-28 20:00:00+00:00,669.95,670.3,658.75,660.85,17112.75
2025-01-29 00:00:00+00:00,660.85,675.5,660.75,674.4,11187.86
2025-01-29 04:00:00+00:00,674.4,679.25,673.35,674.0,13737.23
2025-01-29 08:00:00+00:00,674.0,675.35,668.45,669.85,7555.19
2025-01-29 12:00:00+00:00,669.85,670.55,662.55,664.15,8329.5
2025-01-29 16:00:00+00:00,664.15,670.85,658.65,667.7,17476.12
2025-01-29 20:00:00+00:00,667.7,674.2,663.7,667.3,14887.47
2025-01-30 00:00:00+00:00,667.3,675.7,665.5,675.15,9783.59
2025-01-30 04:00:00+00:00,675.15,679.3,673.95,676.75,16808.07
2025-01-30 08:00:00+00:00,676.75,678.85,675.75,678.15,8464.12
2025-01-30 12:00:00+00:00,678.15,682.65,676.5,680.2,17216.03
2025-01-30 16:00:00+00:00,680.2,681.65,678.25,680.1,8394.82
2025-01-30 20:00:00+00:00,680.1,680.55,676.65,677.45,6728.2
2025-01-31 00:00:00+00:00,677.45,678.8,673.2,675.35,5316.9
2025-01-31 04:00:00+00:00,675.35,680.75,673.6,677.35,7477.03
2025-01-31 08:00:00+00:00,677.35,683.25,676.2,683.05,8539.66
2025-01-31 12:00:00+00:00,683.05,688.5,681.4,688.45,12918.22
2025-01-31 16:00:00+00:00,688.45,689.25,676.65,678.9,13904.96
2025-01-31 20:00:00+00:00,678.9,678.9,673.35,677.3,10185.65
2025-02-01 00:00:00+00:00,677.3,681.35,676.35,676.95,6651.46
2025-02-01 04:00:00+00:00,676.95,678.45,673.35,673.7,4513.3
2025-02-01 08:00:00+00:00,673.7,674.4,668.0,671.2,8782.72
2025-02-01 12:00:00+00:00,671.2,673.05,665.75,668.0,6366.33
2025-02-01 16:00:00+00:00,668.0,669.35,660.0,660.95,7780.55
2025-02-01 20:00:00+00:00,660.95,662.05,650.05,652.45,17935.34
2025-02-02 00:00:00+00:00,652.45,662.75,648.4,649.25,15771.12
2025-02-02 04:00:00+00:00,649.25,659.1,648.75,653.0,10468.09
2025-02-02 08:00:00+00:00,653.0,658.0,645.5,646.55,13329.46
2025-02-02 12:00:00+00:00,646.55,651.35,641.2,645.3,14129.56
2025-02-02 16:00:00+00:00,645.3,645.4,609.3,624.1,74625.34
2025-02-02 20:00:00+00:00,624.1,629.75,598.6,617.6,44943.9
2025-02-03 00:00:00+00:00,617.6,618.6,496.15,552.45,255585.56
2025-02-03 04:00:00+00:00,552.45,578.35,541.0,577.5,42977.63
2025-02-03 08:00:00+00:00,577.5,581.95,565.8,575.65,32118.08
2025-02-03 12:00:00+00:00,575.65,592.8,557.0,588.3,72244.44
2025-02-03 16:00:00+00:00,588.3,611.0,585.85,610.45,42507.7
2025-02-03 20:00:00+00:00,610.45,619.0,597.65,616.7,25870.3
2025-02-04 00:00:00+00:00,616.7,618.8,599.8,601.45,19235.07
2025-02-04 04:00:00+00:00,601.45,605.2,567.7,568.45,38136.63
2025-02-04 08:00:00+00:00,568.45,586.75,563.85,582.75,25195.97
2025-02-04 12:00:00+00:00,582.75,590.95,573.9,582.05,33293.51
2025-02-04 16:00:00+00:00,582.05,587.55,574.9,574.9,19388.57
2025-02-04 20:00:00+00:00,574.9,578.0,557.4,572.5,33739.97
2025-02-05 00:00:00+00:00,572.5,576.85,566.95,574.5,10846.11
2025-02-05 04:00:00+00:00,574.5,579.55,570.2,573.1,12078.43
2025-02-05 08:00:00+00:00,573.1,575.2,567.75,574.45,8423.55
2025-02-05 12:00:00+00:00,574.45,578.15,569.1,569.9,12018.59
2025-02-05 16:00:00+00:00,569.9,571.35,560.7,570.0,16266.03
2025-02-05 20:00:00+00:00,570.0,572.0,564.7,569.25,11199.24
2025-02-06 00:00:00+00:00,569.25,578.2,568.45,576.0,9232.68
2025-02-06 04:00:00+00:00,576.0,581.5,575.35,578.45,10009.95
2025-02-06 08:00:00+00:00,578.45,580.85,575.05,578.35,6056.53
2025-02-06 12:00:00+00:00,578.35,589.2,568.85,571.6,44679.68
2025-02-06 16:00:00+00:00,571.6,579.55,570.85,574.4,22025.75
2025-02-06 20:00:00+00:00,574.4,581.8,570.2,571.35,12658.5
2025-02-07 00:00:00+00:00,571.35,582.2,570.8,579.15,9370.96
2025-02-07 04:00:00+00:00,579.15,582.95,572.75,581.25,9281.37
2025-02-07 08:00:00+00:00,581.25,588.05,579.7,583.95,13020.62
2025-02-07 12:00:00+00:00,583.95,589.65,579.15,582.45,22654.74
2025-02-07 16:00:00+00:00,582.45,586.35,579.15,581.15,12170.71
2025-02-07 20:00:00+00:00,581.15,581.25,570.0,577.45,13056.16
2025-02-08 00:00:00+00:00,577.45,580.05,573.3,576.5,8507.47
2025-02-08 04:00:00+00:00,576.5,580.65,576.1,579.55,4926.03
2025-02-08 08:00:00+00:00,579.55,582.55,577.15,582.45,5198.36
2025-02-08 12:00:00+00:00,582.45,606.25,582.0,596.35,48466.37
2025-02-08 16:00:00+00:00,596.35,631.8,595.0,624.6,75248.61
2025-02-08 20:00:00+00:00,624.6,633.0,611.8,612.1,39888.63
2025-02-09 00:00:00+00:00,612.1,617.5,610.05,615.9,20276.88
2025-02-09 04:00:00+00:00,615.9,637.55,610.3,636.0,56227.24
2025-02-09 08:00:00+00:00,636.0,646.75,626.35,629.2,86737.14
2025-02-09 12:00:00+00:00,629.2,630.7,617.65,623.95,60972.32
2025-02-09 16:00:00+00:00,623.95,627.9,614.7,617.2,23298.52
2025-02-09 20:00:00+00:00,617.2,620.75,601.85,615.45,41209.14
2025-02-10 00:00:00+00:00,615.45,622.2,595.75,606.2,58688.92
2025-02-10 04:00:00+00:00,606.2,612.8,604.75,607.65,18394.74
2025-02-10 08:00:00+00:00,607.65,610.05,601.65,605.75,19371.7
2025-02-10 12:00:00+00:00,605.75,609.55,601.2,602.85,20943.16
2025-02-10 16:00:00+00:00,602.85,615.3,602.5,611.75,29726.62
2025-02-10 20:00:00+00:00,611.75,618.7,609.55,618.2,10214.68
2025-02-11 00:00:00+00:00,618.2,626.3,614.65,621.85,20455.31
2025-02-11 04:00:00+00:00,621.85,644.35,620.0,636.65,57518.08
2025-02-11 08:00:00+00:00,636.65,645.8,636.65,643.15,32082.3
2025-02-11 12:00:00+00:00,643.15,643.65,628.55,637.4,34397.56
2025-02-11 16:00:00+00:00,637.4,637.4,625.15,627.7,22395.02
2025-02-11 20:00:00+00:00,627.7,646.5,626.95,641.45,36140.19
2025-02-12 00:00:00+00:00,641.45,647.0,631.05,631.5,21235.75
2025-02-12 04:00:00+00:00,631.5,639.45,626.4,636.8,25033.03
2025-02-12 08:00:00+00:00,636.8,653.4,636.1,645.85,40019.37
2025-02-12 12:00:00+00:00,645.85,663.25,632.6,658.45,89049.45
2025-02-12 16:00:00+00:00,658.45,692.4,654.4,691.95,117724.32
2025-02-12 20:00:00+00:00,691.95,706.0,691.55,696.4,91709.15
2025-02-13 00:00:00+00:00,696.4,724.5,694.6,716.55,71676.15
2025-02-13 04:00:00+00:00,716.55,721.6,699.8,705.3,61472.82
2025-02-13 08:00:00+00:00,705.3,711.5,694.05,710.0,51781.7
2025-02-13 12:00:00+00:00,710.0,731.55,684.05,703.85,365662.63
2025-02-13 16:00:00+00:00,703.85,707.35,658.95,666.95,295652.41
2025-02-13 20:00:00+00:00,666.95,679.55,663.75,664.05,41528.86
2025-02-14 00:00:00+00:00,664.05,683.95,660.0,682.6,49195.71
2025-02-14 04:00:00+00:00,682.6,684.45,665.35,668.25,41520.4
2025-02-14 08:00:00+00:00,668.25,678.45,661.25,663.65,70885.3
2025-02-14 12:00:00+00:00,663.65,669.4,659.4,664.75,39192.25
2025-02-14 16:00:00+00:00,664.75,673.7,661.5,668.55,48645.27
2025-02-14 20:00:00+00:00,668.55,669.75,650.85,659.4,41831.87
2025-02-15 00:00:00+00:00,659.4,663.6,652.95,660.7,15241.35
2025-02-15 04:00:00+00:00,660.7,661.55,655.1,657.05,15734.53
2025-02-15 08:00:00+00:00,657.05,659.95,653.15,657.9,18779.31
2025-02-15 12:00:00+00:00,657.9,666.45,656.25,665.95,26306.67
2025-02-15 16:00:00+00:00,665.95,671.25,661.05,661.4,29568.43
2025-02-15 20:00:00+00:00,661.4,663.65,656.4,661.6,13583.13
2025-02-16 00:00:00+00:00,661.6,665.5,654.7,659.65,17158.37
2025-02-16 04:00:00+00:00,659.65,661.95,653.3,653.95,12837.7
2025-02-16 08:00:00+00:00,653.95,670.15,652.7,668.8,28894.95
2025-02-16 12:00:00+00:00,668.8,684.75,661.2,680.55,57067.57
2025-02-16 16:00:00+00:00,680.55,680.6,669.05,675.5,29618.98
2025-02-16 20:00:00+00:00,675.5,680.4,671.8,672.65,18218.89
2025-02-17 00:00:00+00:00,672.65,677.7,668.45,672.2,16439.88
2025-02-17 04:00:00+00:00,672.2,677.45,665.0,669.85,34972.41
2025-02-17 08:00:00+00:00,669.85,673.7,665.3,672.35,32548.42
2025-02-17 12:00:00+00:00,672.35,681.75,667.7,669.55,32550.49
2025-02-17 16:00:00+00:00,669.55,672.8,657.2,662.05,34060.3
2025-02-17 20:00:00+00:00,662.05,670.7,661.6,667.05,12939.22
2025-02-18 00:00:00+00:00,667.05,667.9,661.95,665.25,9605.97
2025-02-18 04:00:00+00:00,665.25,666.4,644.2,650.9,37062.91
2025-02-18 08:00:00+00:00,650.9,656.2,642.25,655.1,22658.85
2025-02-18 12:00:00+00:00,655.1,662.3,645.25,647.75,29583.87
2025-02-18 16:00:00+00:00,647.75,651.45,629.4,640.6,47291.61
2025-02-18 20:00:00+00:00,640.6,647.85,638.75,647.85,12692.24
2025-02-19 00:00:00+00:00,647.85,650.15,637.15,649.6,24716.08
2025-02-19 04:00:00+00:00,649.6,656.8,645.55,654.4,17185.59
2025-02-19 08:00:00+00:00,654.4,659.65,648.1,658.6,34289.09
2025-02-19 12:00:00+00:00,658.6,664.2,648.35,652.0,32043.95
2025-02-19 16:00:00+00:00,652.0,657.1,647.3,650.6,26067.26
2025-02-19 20:00:00+00:00,650.6,655.0,648.5,653.0,24210.98
2025-02-20 00:00:00+00:00,653.0,654.7,648.0,653.35,18512.97
2025-02-20 04:00:00+00:00,653.35,655.0,645.7,648.5,17569.67
2025-02-20 08:00:00+00:00,648.5,650.8,646.7,647.75,10343.64
2025-02-20 12:00:00+00:00,647.75,654.05,645.5,647.65,28166.46
2025-02-20 16:00:00+00:00,647.65,657.3,647.15,655.95,20668.95
2025-02-20 20:00:00+00:00,655.95,658.9,653.35,655.7,19355.16
2025-02-21 00:00:00+00:00,655.7,656.75,650.4,650.85,12020.62
2025-02-21 04:00:00+00:00,650.85,655.3,650.05,655.25,7587.37
2025-02-21 08:00:00+00:00,655.25,664.7,654.6,661.55,18805.96
2025-02-21 12:00:00+00:00,661.55,667.75,648.1,657.15,42762.34
2025-02-21 16:00:00+00:00,657.15,662.1,634.75,639.5,49182.95
2025-02-21 20:00:00+00:00,639.5,649.35,638.95,648.55,18109.31
2025-02-22 00:00:00+00:00,648.55,653.85,646.2,650.75,11124.01
2025-02-22 04:00:00+00:00,650.75,660.75,650.1,654.95,10962.11
2025-02-22 08:00:00+00:00,654.95,659.3,653.5,656.45,7897.06
2025-02-22 12:00:00+00:00,656.45,659.65,654.5,658.55,11190.67
2025-02-22 16:00:00+00:00,658.55,680.45,658.25,675.7,63689.56
2025-02-22 20:00:00+00:00,675.7,678.8,667.05,668.35,17383.13
2025-02-23 00:00:00+00:00,668.35,671.2,665.25,665.85,6811.28
2025-02-23 04:00:00+00:00,665.85,668.75,664.2,666.8,5310.03
2025-02-23 08:00:00+00:00,666.8,667.05,658.4,659.2,8206.38
2025-02-23 12:00:00+00:00,659.2,659.2,648.15,648.3,12538.31
2025-02-23 16:00:00+00:00,648.3,654.4,648.15,653.85,7227.5
2025-02-23 20:00:00+00:00,653.85,659.4,652.05,657.9,7934.09
2025-02-24 00:00:00+00:00,657.9,659.2,642.7,644.4,12373.55
2025-02-24 04:00:00+00:00,644.4,646.5,636.7,644.5,15098.1
2025-02-24 08:00:00+00:00,644.5,645.2,635.45,640.1,14236.3
2025-02-24 12:00:00+00:00,640.1,644.0,630.15,635.25,21274.64
2025-02-24 16:00:00+00:00,635.25,639.85,621.0,628.0,17696.73
2025-02-24 20:00:00+00:00,628.0,634.8,609.3,614.1,38657.65
2025-02-25 00:00:00+00:00,614.1,621.35,604.2,606.6,34242.51
2025-02-25 04:00:00+00:00,606.6,612.8,585.7,599.05,50557.08
2025-02-25 08:00:00+00:00,599.05,613.6,593.8,610.75,79796.34
2025-02-25 12:00:00+00:00,610.75,616.35,600.2,608.5,30469.75
2025-02-25 16:00:00+00:00,608.5,619.8,604.0,619.15,18857.35
2025-02-25 20:00:00+00:00,619.15,628.0,617.3,622.8,20534.31
2025-02-26 00:00:00+00:00,622.8,632.05,622.2,629.85,15102.11
2025-02-26 04:00:00+00:00,629.85,630.6,620.5,623.1,11914.07
2025-02-26 08:00:00+00:00,623.1,630.6,619.1,623.9,12784.68
2025-02-26 12:00:00+00:00,623.9,625.8,608.9,623.6,26409.51
2025-02-26 16:00:00+00:00,623.6,624.9,595.05,601.45,37283.59
2025-02-26 20:00:00+00:00,601.45,617.75,593.55,611.3,33446.22
2025-02-27 00:00:00+00:00,611.3,615.9,605.8,613.15,13500.98
2025-02-27 04:00:00+00:00,613.15,619.25,608.3,617.4,24651.35
2025-02-27 08:00:00+00:00,617.4,618.15,610.5,611.6,12468.81
2025-02-27 12:00:00+00:00,611.6,612.45,600.2,606.1,16085.26
2025-02-27 16:00:00+00:00,606.1,609.1,601.9,604.85,8919.36
2025-02-27 20:00:00+00:00,604.85,606.75,595.15,605.15,12789.03
2025-02-28 00:00:00+00:00,605.15,605.9,571.5,572.7,42800.82
2025-02-28 04:00:00+00:00,572.7,578.1,563.9,566.95,34528.33
2025-02-28 08:00:00+00:00,566.95,579.05,559.35,571.0,26661.01
2025-02-28 12:00:00+00:00,571.0,593.3,567.45,588.1,22123.55
2025-02-28 16:00:00+00:00,588.1,592.55,584.5,587.55,18277.41
2025-02-28 20:00:00+00:00,587.55,588.75,583.4,587.6,7461.38
2025-03-01 00:00:00+00:00,587.6,598.05,586.05,591.4,15194.26
2025-03-01 04:00:00+00:00,591.4,597.25,591.25,595.5,14931.33
2025-03-01 08:00:00+00:00,595.5,596.15,590.7,591.15,11864.87
2025-03-01 12:00:00+00:00,591.15,604.55,590.55,603.9,17694.13
2025-03-01 16:00:00+00:00,603.9,608.8,602.2,604.6,14892.09
2025-03-01 20:00:00+00:00,604.6,609.0,603.45,607.25,7267.88
2025-03-02 00:00:00+00:00,607.25,610.75,605.25,606.5,8883.4
2025-03-02 04:00:00+00:00,606.5,611.5,606.45,610.0,5966.47
2025-03-02 08:00:00+00:00,610.0,610.85,606.45,607.55,6642.19
2025-03-02 12:00:00+00:00,607.55,618.75,600.9,612.95,25353.18
2025-03-02 16:00:00+00:00,612.95,634.3,611.9,625.05,66116.79
2025-03-02 20:00:00+00:00,625.05,626.75,614.9,623.35,30668.8
2025-03-03 00:00:00+00:00,623.35,623.65,607.65,611.0,34063.27
2025-03-03 04:00:00+00:00,611.0,613.6,596.8,607.0,19022.52
2025-03-03 08:00:00+00:00,607.0,607.1,594.85,602.85,21650.93
2025-03-03 12:00:00+00:00,602.85,607.5,585.65,591.25,31611.49
2025-03-03 16:00:00+00:00,591.25,597.5,570.85,572.5,35774.56
2025-03-03 20:00:00+00:00,572.5,579.35,567.0,575.7,22489.1
2025-03-04 00:00:00+00:00,575.7,580.1,545.85,560.1,39693.1
2025-03-04 04:00:00+00:00,560.1,567.4,558.55,564.7,13431.69
2025-03-04 08:00:00+00:00,564.7,572.0,563.05,570.75,13601.26
2025-03-04 12:00:00+00:00,570.75,579.4,561.2,570.55,35210.99
2025-03-04 16:00:00+00:00,570.55,583.3,554.65,583.2,30202.33
2025-03-04 20:00:00+00:00,583.2,588.25,577.8,583.75,20490.74
2025-03-05 00:00:00+00:00,583.75,591.45,580.35,585.4,14820.45
2025-03-05 04:00:00+00:00,585.4,593.5,585.2,592.75,9704.32
2025-03-05 08:00:00+00:00,592.75,605.45,592.75,598.4,15298.64
2025-03-05 12:00:00+00:00,598.4,599.45,589.15,590.65,17346.09
2025-03-05 16:00:00+00:00,590.65,596.95,587.15,594.6,13061.34
2025-03-05 20:00:00+00:00,594.6,598.85,594.3,597.9,5084.83
2025-03-06 00:00:00+00:00,597.9,605.5,596.3,601.3,7168.92
2025-03-06 04:00:00+00:00,601.3,611.8,601.3,604.5,39927.76
2025-03-06 08:00:00+00:00,604.5,605.55,599.3,603.45,8473.4
2025-03-06 12:00:00+00:00,603.45,603.85,593.65,599.95,19195.64
2025-03-06 16:00:00+00:00,599.95,600.95,588.8,593.1,8076.06
2025-03-06 20:00:00+00:00,593.1,601.05,592.8,596.1,8530.64
2025-03-07 00:00:00+00:00,596.1,599.9,576.75,593.4,24858.2
2025-03-07 04:00:00+00:00,593.4,602.95,593.2,598.9,40584.99
2025-03-07 08:00:00+00:00,598.9,602.45,597.7,599.45,5248.64
2025-03-07 12:00:00+00:00,599.45,610.1,597.1,603.8,29858.63
2025-03-07 16:00:00+00:00,603.8,605.75,596.15,599.65,18601.71
2025-03-07 20:00:00+00:00,599.65,601.4,589.65,594.25,13096.41
2025-03-08 00:00:00+00:00,594.25,596.85,589.7,596.0,6902.71
2025-03-08 04:00:00+00:00,596.0,599.6,595.2,596.55,21275.83
2025-03-08 08:00:00+00:00,596.55,598.2,592.05,593.8,4984.69
2025-03-08 12:00:00+00:00,593.8,599.3,592.5,599.3,5742.34
2025-03-08 16:00:00+00:00,599.3,602.1,594.85,597.85,8913.39
2025-03-08 20:00:00+00:00,597.85,598.35,592.45,592.55,5469.71
2025-03-09 00:00:00+00:00,592.55,592.55,586.0,587.8,7409.0
2025-03-09 04:00:00+00:00,587.8,588.2,583.25,585.55,5518.65
2025-03-09 08:00:00+00:00,585.55,585.9,575.05,577.85,9618.96
2025-03-09 12:00:00+00:00,577.85,578.5,565.6,566.3,17346.49
2025-03-09 16:00:00+00:00,566.3,570.25,549.5,560.05,28302.35
2025-03-09 20:00:00+00:00,560.05,562.9,549.6,554.25,13593.57
2025-03-10 00:00:00+00:00,554.25,562.8,549.6,560.2,18950.6
2025-03-10 04:00:00+00:00,560.2,566.5,559.9,564.15,8676.23
2025-03-10 08:00:00+00:00,564.15,573.25,558.5,567.05,28465.96
2025-03-10 12:00:00+00:00,567.05,569.7,541.15,549.9,33602.15
2025-03-10 16:00:00+00:00,549.9,550.7,522.7,537.4,42558.18
2025-03-10 20:00:00+00:00,537.4,540.9,530.45,530.95,12518.29
2025-03-11 00:00:00+00:00,530.95,538.35,506.4,532.85,45988.89
2025-03-11 04:00:00+00:00,532.85,557.9,532.05,557.4,20215.09
2025-03-11 08:00:00+00:00,557.4,565.25,546.3,547.8,65900.0
2025-03-11 12:00:00+00:00,547.8,554.4,536.8,548.6,38875.75
2025-03-11 16:00:00+00:00,548.6,560.4,544.9,555.6,16695.3
2025-03-11 20:00:00+00:00,555.6,557.1,550.8,551.4,5932.35
2025-03-12 00:00:00+00:00,551.4,556.8,546.1,546.4,8210.83
2025-03-12 04:00:00+00:00,546.4,556.1,544.1,555.3,12763.67
2025-03-12 08:00:00+00:00,555.3,560.0,553.9,558.8,12427.49
2025-03-12 12:00:00+00:00,558.8,576.2,548.1,552.1,114257.95
2025-03-12 16:00:00+00:00,552.1,567.6,551.2,566.3,18861.86
2025-03-12 20:00:00+00:00,566.3,574.9,565.9,569.5,15956.42
2025-03-13 00:00:00+00:00,569.5,577.4,567.7,576.7,14360.72
2025-03-13 04:00:00+00:00,576.7,581.9,573.6,577.9,13669.68
2025-03-13 08:00:00+00:00,577.9,582.5,572.5,578.1,18902.95
2025-03-13 12:00:00+00:00,578.1,613.4,575.6,580.8,276037.54
2025-03-13 16:00:00+00:00,580.8,583.0,571.4,576.9,25031.83
2025-03-13 20:00:00+00:00,576.9,579.7,570.9,579.5,19731.52
2025-03-14 00:00:00+00:00,579.5,584.3,577.5,582.4,9696.74
2025-03-14 04:00:00+00:00,582.4,586.6,576.0,576.2,14954.28
2025-03-14 08:00:00+00:00,576.2,580.9,576.2,578.2,11930.84
2025-03-14 12:00:00+00:00,578.2,588.7,577.2,584.4,22178.26
2025-03-14 16:00:00+00:00,584.4,589.1,581.5,587.9,11524.27
2025-03-14 20:00:00+00:00,587.9,589.4,584.2,587.6,9282.54
2025-03-15 00:00:00+00:00,587.6,594.3,587.4,592.8,9999.09
2025-03-15 04:00:00+00:00,592.8,595.0,589.1,590.4,5311.01
2025-03-15 08:00:00+00:00,590.4,597.7,590.4,595.6,7520.05
2025-03-15 12:00:00+00:00,595.6,603.2,595.1,602.7,11855.33
2025-03-15 16:00:00+00:00,602.7,616.2,601.7,611.4,28855.42
2025-03-15 20:00:00+00:00,611.4,619.6,611.2,619.5,11720.03
2025-03-16 00:00:00+00:00,619.5,622.55,606.9,609.2,26090.9
2025-03-16 04:00:00+00:00,609.2,609.3,604.1,604.4,8418.95
2025-03-16 08:00:00+00:00,604.4,607.7,592.7,594.7,23585.57
2025-03-16 12:00:00+00:00,594.7,603.1,593.9,600.3,26354.36
2025-03-16 16:00:00+00:00,600.3,606.9,595.5,598.4,17902.36
2025-03-16 20:00:00+00:00,598.4,604.3,596.8,601.9,17428.11
2025-03-17 00:00:00+00:00,601.9,629.35,601.9,625.5,41613.49
2025-03-17 04:00:00+00:00,625.5,634.0,621.3,629.3,52169.85
2025-03-17 08:00:00+00:00,629.3,643.5,628.2,630.5,74517.62
2025-03-17 12:00:00+00:00,630.5,635.2,624.3,629.7,61975.3
2025-03-17 16:00:00+00:00,629.7,631.3,624.0,627.8,20442.01
2025-03-17 20:00:00+00:00,627.8,632.5,621.8,631.2,28057.35
2025-03-18 00:00:00+00:00,631.2,636.7,619.7,627.9,37705.7
2025-03-18 04:00:00+00:00,627.9,637.0,627.6,632.7,41480.13
2025-03-18 08:00:00+00:00,632.7,642.8,629.1,630.8,53588.04
2025-03-18 12:00:00+00:00,630.8,633.8,621.7,627.1,37884.55
2025-03-18 16:00:00+00:00,627.1,635.4,626.7,632.0,24836.23
2025-03-18 20:00:00+00:00,632.0,632.9,626.1,627.4,17458.07
2025-03-19 00:00:00+00:00,627.4,627.7,612.5,618.3,36509.17
2025-03-19 04:00:00+00:00,618.3,619.4,614.8,615.2,13367.8
2025-03-19 08:00:00+00:00,615.2,621.3,611.9,616.7,32060.62
2025-03-19 12:00:00+00:00,616.7,617.2,604.1,609.3,48440.33
2025-03-19 16:00:00+00:00,609.3,622.3,606.8,614.9,59617.61
2025-03-19 20:00:00+00:00,614.9,620.5,612.0,617.9,19094.19
2025-03-20 00:00:00+00:00,617.9,627.9,616.8,624.5,32719.41
2025-03-20 04:00:00+00:00,624.5,629.2,622.9,623.8,20068.74
2025-03-20 08:00:00+00:00,623.8,637.4,620.3,625.0,119437.03
2025-03-20 12:00:00+00:00,625.0,629.8,620.9,623.9,45843.05
2025-03-20 16:00:00+00:00,623.9,628.0,615.7,626.7,25563.07
2025-03-20 20:00:00+00:00,626.7,632.3,624.8,629.9,18024.5
2025-03-21 00:00:00+00:00,629.9,631.3,625.9,629.3,14125.11
2025-03-21 04:00:00+00:00,629.3,633.9,628.2,628.8,15587.16
2025-03-21 08:00:00+00:00,628.8,635.8,624.5,634.7,22856.99
2025-03-21 12:00:00+00:00,634.7,637.2,629.9,633.7,27853.41
2025-03-21 16:00:00+00:00,633.7,636.8,630.9,634.7,16502.01
2025-03-21 20:00:00+00:00,634.7,635.8,631.0,634.6,12947.91
2025-03-22 00:00:00+00:00,634.6,635.5,628.2,629.8,12450.52
2025-03-22 04:00:00+00:00,629.8,633.0,627.1,630.5,13835.63
2025-03-22 08:00:00+00:00,630.5,632.5,624.8,627.0,11837.65
2025-03-22 12:00:00+00:00,627.0,628.8,623.1,625.2,10908.72
2025-03-22 16:00:00+00:00,625.2,626.4,623.3,625.4,7090.63
2025-03-22 20:00:00+00:00,625.4,628.4,624.1,626.6,8875.78
2025-03-23 00:00:00+00:00,626.6,628.8,622.1,623.3,10945.42
2025-03-23 04:00:00+00:00,623.3,623.9,621.2,622.3,7958.97
2025-03-23 08:00:00+00:00,622.3,623.6,618.9,621.2,12857.24
2025-03-23 12:00:00+00:00,621.2,623.9,620.0,620.8,10091.13
2025-03-23 16:00:00+00:00,620.8,623.5,618.8,622.6,9968.62
2025-03-23 20:00:00+00:00,622.6,624.0,619.9,623.2,5472.84
2025-03-24 00:00:00+00:00,623.2,626.9,617.2,622.8,19935.36
2025-03-24 04:00:00+00:00,622.8,625.6,620.0,622.3,12545.83
2025-03-24 08:00:00+00:00,622.3,631.8,621.5,630.4,27896.05
2025-03-24 12:00:00+00:00,630.4,632.0,624.0,630.7,39312.16
2025-03-24 16:00:00+00:00,630.7,639.2,629.2,635.8,45733.27
2025-03-24 20:00:00+00:00,635.8,638.2,631.6,636.7,17089.64
2025-03-25 00:00:00+00:00,636.7,641.7,632.4,639.6,21405.0
2025-03-25 04:00:00+00:00,639.6,644.8,638.0,640.7,26973.69
2025-03-25 08:00:00+00:00,640.7,642.5,633.1,634.4,79580.49
2025-03-25 12:00:00+00:00,634.4,635.5,630.4,633.7,35678.45
2025-03-25 16:00:00+00:00,633.7,633.7,629.2,630.9,12011.41
2025-03-25 20:00:00+00:00,630.9,632.1,626.5,629.6,13279.18
2025-03-26 00:00:00+00:00,629.6,631.6,627.0,627.7,10498.72
2025-03-26 04:00:00+00:00,627.7,633.8,627.4,632.9,8606.57
2025-03-26 08:00:00+00:00,632.9,633.4,629.4,630.9,9355.86
2025-03-26 12:00:00+00:00,630.9,630.9,622.4,624.2,26368.16
2025-03-26 16:00:00+00:00,624.2,624.8,614.6,618.0,17722.61
2025-03-26 20:00:00+00:00,618.0,620.6,615.2,617.7,14375.17
2025-03-27 00:00:00+00:00,617.7,626.5,616.7,626.2,12420.43
2025-03-27 04:00:00+00:00,626.2,636.8,624.6,635.2,32270.95
2025-03-27 08:00:00+00:00,635.2,642.2,631.1,631.4,85375.36
2025-03-27 12:00:00+00:00,631.4,639.8,626.1,636.8,85851.17
2025-03-27 16:00:00+00:00,636.8,641.3,634.8,639.4,29899.52
2025-03-27 20:00:00+00:00,639.4,640.4,636.0,636.8,19126.79
2025-03-28 00:00:00+00:00,636.8,636.9,631.6,633.0,12563.49
2025-03-28 04:00:00+00:00,633.0,634.6,627.3,628.0,37372.22
2025-03-28 08:00:00+00:00,628.0,633.8,626.2,633.5,24259.64
2025-03-28 12:00:00+00:00,633.5,633.7,623.3,624.9,30037.24
2025-03-28 16:00:00+00:00,624.9,626.4,618.4,618.6,15865.19
2025-03-28 20:00:00+00:00,618.6,620.3,615.3,619.2,17309.3
2025-03-29 00:00:00+00:00,619.2,623.2,608.3,612.4,19173.56
2025-03-29 04:00:00+00:00,612.4,613.7,602.3,607.5,21587.71
2025-03-29 08:00:00+00:00,607.5,610.2,598.5,600.6,29861.13
2025-03-29 12:00:00+00:00,600.6,608.1,599.1,604.1,19688.97
2025-03-29 16:00:00+00:00,604.1,606.9,596.2,605.1,27670.58
2025-03-29 20:00:00+00:00,605.1,605.4,600.3,602.5,5465.65
2025-03-30 00:00:00+00:00,602.5,612.5,599.7,608.5,12037.83
2025-03-30 04:00:00+00:00,608.5,611.9,605.8,606.0,7329.35
2025-03-30 08:00:00+00:00,606.0,609.9,603.3,604.5,12748.82
2025-03-30 12:00:00+00:00,604.5,606.5,600.5,601.8,12386.01
2025-03-30 16:00:00+00:00,601.8,605.7,597.4,603.4,13408.01
2025-03-30 20:00:00+00:00,603.4,603.6,592.7,601.8,15062.0
2025-03-31 00:00:00+00:00,601.8,606.4,594.9,598.8,16319.89
2025-03-31 04:00:00+00:00,598.8,604.4,593.8,595.4,14349.76
2025-03-31 08:00:00+00:00,595.4,597.4,586.6,595.4,21156.58
2025-03-31 12:00:00+00:00,595.4,606.4,593.3,604.1,42981.74
2025-03-31 16:00:00+00:00,604.1,608.6,602.6,604.7,20253.85
2025-03-31 20:00:00+00:00,604.7,607.0,603.1,604.5,6475.41
2025-04-01 00:00:00+00:00,604.5,609.7,604.2,608.6,8014.57
2025-04-01 04:00:00+00:00,608.6,611.5,606.2,610.0,10629.14
2025-04-01 08:00:00+00:00,610.0,618.0,606.1,607.2,38285.23
2025-04-01 12:00:00+00:00,607.2,616.0,607.2,613.8,80222.22
2025-04-01 16:00:00+00:00,613.8,614.7,606.4,608.4,65189.93
2025-04-01 20:00:00+00:00,608.4,615.1,607.3,610.8,32830.3
2025-04-02 00:00:00+00:00,610.8,611.3,600.1,601.1,20722.52
2025-04-02 04:00:00+00:00,601.1,602.0,596.4,600.8,22987.69
2025-04-02 08:00:00+00:00,600.8,606.5,599.0,599.4,24304.44
2025-04-02 12:00:00+00:00,599.4,609.8,597.8,603.9,61087.75
2025-04-02 16:00:00+00:00,603.9,607.6,601.1,605.1,32421.72
2025-04-02 20:00:00+00:00,605.1,611.8,583.9,589.9,57895.51
2025-04-03 00:00:00+00:00,589.9,609.7,587.2,601.0,30995.37
2025-04-03 04:00:00+00:00,601.0,608.6,597.8,598.9,48604.16
2025-04-03 08:00:00+00:00,598.9,601.3,592.1,592.8,52808.48
2025-04-03 12:00:00+00:00,592.8,594.0,578.0,585.9,42704.76
2025-04-03 16:00:00+00:00,585.9,589.7,585.3,588.0,15678.26
2025-04-03 20:00:00+00:00,588.0,592.9,587.2,592.3,10466.83
2025-04-04 00:00:00+00:00,592.3,594.2,588.3,593.0,12060.55
2025-04-04 04:00:00+00:00,593.0,598.8,590.9,598.0,14141.36
2025-04-04 08:00:00+00:00,598.0,599.7,584.4,588.6,23158.62
2025-04-04 12:00:00+00:00,588.6,597.4,585.3,593.4,26576.68
2025-04-04 16:00:00+00:00,593.4,599.2,591.7,596.9,11543.67
2025-04-04 20:00:00+00:00,596.9,599.7,595.9,597.5,5470.74
2025-04-05 00:00:00+00:00,597.5,598.8,594.6,595.7,5421.11
2025-04-05 04:00:00+00:00,595.7,596.9,592.8,595.4,4703.91
2025-04-05 08:00:00+00:00,595.4,598.3,595.1,596.7,5648.26
2025-04-05 12:00:00+00:00,596.7,597.2,590.6,591.5,7397.37
2025-04-05 16:00:00+00:00,591.5,593.5,590.5,590.8,4404.14
2025-04-05 20:00:00+00:00,590.8,593.8,588.5,592.8,6787.34
2025-04-06 00:00:00+00:00,592.8,593.4,589.8,591.6,4131.25
2025-04-06 04:00:00+00:00,591.6,593.2,589.8,590.0,6051.87
2025-04-06 08:00:00+00:00,590.0,590.3,586.9,588.7,5705.24
2025-04-06 12:00:00+00:00,588.7,588.8,578.8,581.0,12500.48
2025-04-06 16:00:00+00:00,581.0,581.0,551.6,558.4,59043.57
2025-04-06 20:00:00+00:00,558.4,559.9,543.7,555.1,54369.17
2025-04-07 00:00:00+00:00,555.1,565.3,546.0,549.9,31801.03
2025-04-07 04:00:00+00:00,549.9,553.6,517.4,529.8,93846.86
2025-04-07 08:00:00+00:00,529.8,548.3,528.8,539.6,34742.73
2025-04-07 12:00:00+00:00,539.6,567.6,539.5,551.7,139427.01
2025-04-07 16:00:00+00:00,551.7,557.0,546.1,553.5,17758.74
2025-04-07 20:00:00+00:00,553.5,559.7,553.5,554.1,8190.51
2025-04-08 00:00:00+00:00,554.1,565.0,552.9,561.3,12885.85
2025-04-08 04:00:00+00:00,561.3,565.2,556.1,559.9,16182.6
2025-04-08 08:00:00+00:00,559.9,563.8,555.0,563.5,8979.13
2025-04-08 12:00:00+00:00,563.5,565.6,556.0,559.4,19482.09
2025-04-08 16:00:00+00:00,559.4,561.6,547.2,552.6,37014.81
2025-04-08 20:00:00+00:00,552.6,558.3,551.3,553.4,13158.46
2025-04-09 00:00:00+00:00,553.4,554.6,534.1,542.4,41255.93
2025-04-09 04:00:00+00:00,542.4,557.5,541.4,556.3,19392.85
2025-04-09 08:00:00+00:00,556.3,559.4,548.6,550.2,21391.26
2025-04-09 12:00:00+00:00,550.2,563.6,548.4,560.9,28358.39
2025-04-09 16:00:00+00:00,560.9,585.7,560.6,579.4,76736.71
2025-04-09 20:00:00+00:00,579.4,584.5,578.9,582.0,11156.6
2025-04-10 00:00:00+00:00,582.0,582.2,571.7,574.9,11352.83
2025-04-10 04:00:00+00:00,574.9,579.9,574.1,579.0,9792.68
2025-04-10 08:00:00+00:00,579.0,583.2,573.5,574.9,63666.98
2025-04-10 12:00:00+00:00,574.9,581.5,566.5,567.7,53572.49
2025-04-10 16:00:00+00:00,567.7,576.6,565.7,574.6,23173.48
2025-04-10 20:00:00+00:00,574.6,578.2,573.8,577.8,6710.92
2025-04-11 00:00:00+00:00,577.8,580.4,575.4,579.9,9590.36
2025-04-11 04:00:00+00:00,579.9,582.1,578.1,581.2,7220.43
2025-04-11 08:00:00+00:00,581.2,584.7,578.9,582.8,14581.6
2025-04-11 12:00:00+00:00,582.8,585.6,580.3,584.8,17906.02
2025-04-11 16:00:00+00:00,584.8,589.9,583.3,587.8,9563.6
2025-04-11 20:00:00+00:00,587.8,589.4,585.4,585.7,6068.02
2025-04-12 00:00:00+00:00,585.7,589.9,584.0,584.5,23769.1
2025-04-12 04:00:00+00:00,584.5,588.9,583.5,588.3,8864.03
2025-04-12 08:00:00+00:00,588.3,591.4,588.2,590.1,10622.32
2025-04-12 12:00:00+00:00,590.1,600.1,589.2,598.8,13791.74
2025-04-12 16:00:00+00:00,598.8,599.7,594.4,595.9,7569.8
2025-04-12 20:00:00+00:00,595.9,599.4,595.8,596.9,6831.91
2025-04-13 00:00:00+00:00,596.9,598.2,592.7,595.5,5959.14
2025-04-13 04:00:00+00:00,595.5,595.5,590.3,592.9,4628.12
2025-04-13 08:00:00+00:00,592.9,594.3,586.9,588.0,7656.94
2025-04-13 12:00:00+00:00,588.0,588.7,582.9,583.9,12520.84
2025-04-13 16:00:00+00:00,583.9,589.0,579.4,582.3,13193.21
2025-04-13 20:00:00+00:00,582.3,584.8,580.3,583.8,6617.44
2025-04-14 00:00:00+00:00,583.8,590.7,583.4,587.9,13242.26
2025-04-14 04:00:00+00:00,587.9,590.7,586.6,590.4,7635.85
2025-04-14 08:00:00+00:00,590.4,592.6,588.3,592.4,7846.99
2025-04-14 12:00:00+00:00,592.4,592.8,584.9,585.3,9335.15
2025-04-14 16:00:00+00:00,585.3,587.6,582.6,587.0,8868.73
2025-04-14 20:00:00+00:00,587.0,587.1,583.6,584.0,5320.03
2025-04-15 00:00:00+00:00,584.0,587.7,582.1,587.3,5533.99
2025-04-15 04:00:00+00:00,587.3,589.9,585.7,589.2,4366.9
2025-04-15 08:00:00+00:00,589.2,590.6,587.0,588.3,10069.99
2025-04-15 12:00:00+00:00,588.3,590.1,583.5,584.1,14020.47
2025-04-15 16:00:00+00:00,584.1,585.0,581.5,583.3,4966.84
2025-04-15 20:00:00+00:00,583.3,583.3,578.9,579.0,4951.82
2025-04-16 00:00:00+00:00,579.0,583.5,575.5,583.0,6361.31
2025-04-16 04:00:00+00:00,583.0,583.9,577.2,577.9,5972.66
2025-04-16 08:00:00+00:00,577.9,582.2,576.5,581.6,7884.88
2025-04-16 12:00:00+00:00,581.6,585.2,578.6,583.1,10896.18
2025-04-16 16:00:00+00:00,583.1,586.7,575.9,584.6,17025.42
2025-04-16 20:00:00+00:00,584.6,585.5,582.3,582.5,5516.96
2025-04-17 00:00:00+00:00,582.5,584.5,580.5,581.6,5738.72
2025-04-17 04:00:00+00:00,581.6,584.7,581.1,583.2,6236.67
2025-04-17 08:00:00+00:00,583.2,586.7,581.9,585.8,12418.56
2025-04-17 12:00:00+00:00,585.8,590.4,583.6,589.7,15368.11
2025-04-17 16:00:00+00:00,589.7,592.9,588.3,590.4,10748.96
2025-04-17 20:00:00+00:00,590.4,592.5,588.9,590.3,6931.12
2025-04-18 00:00:00+00:00,590.3,590.6,587.4,590.2,9088.02
2025-04-18 04:00:00+00:00,590.2,590.2,586.6,588.0,12992.41
2025-04-18 08:00:00+00:00,588.0,591.6,587.0,591.5,17226.53
2025-04-18 12:00:00+00:00,591.5,594.0,590.5,593.4,11624.39
2025-04-18 16:00:00+00:00,593.4,595.6,591.5,592.1,10237.47
2025-04-18 20:00:00+00:00,592.1,594.3,591.2,591.4,4854.19
2025-04-19 00:00:00+00:00,591.4,593.0,590.8,593.0,7009.77
2025-04-19 04:00:00+00:00,593.0,593.9,591.2,592.6,7379.45
2025-04-19 08:00:00+00:00,592.6,592.9,589.3,590.5,9435.89
2025-04-19 12:00:00+00:00,590.5,590.8,587.4,588.8,8957.99
2025-04-19 16:00:00+00:00,588.8,591.0,587.2,590.6,6426.05
2025-04-19 20:00:00+00:00,590.6,593.4,590.2,591.3,4362.36
2025-04-20 00:00:00+00:00,591.3,593.4,591.3,592.3,6379.56
2025-04-20 04:00:00+00:00,592.3,594.7,591.3,593.6,9490.93
2025-04-20 08:00:00+00:00,593.6,595.0,588.9,589.7,16025.78
2025-04-20 12:00:00+00:00,589.7,592.1,587.3,587.8,10488.55
2025-04-20 16:00:00+00:00,587.8,589.9,586.9,589.5,7869.97
2025-04-20 20:00:00+00:00,589.5,592.9,589.0,592.2,6499.05
2025-04-21 00:00:00+00:00,592.2,602.9,592.1,601.8,22853.85
2025-04-21 04:00:00+00:00,601.8,608.3,601.8,604.2,8507.35
2025-04-21 08:00:00+00:00,604.2,606.0,600.0,600.6,8016.6
2025-04-21 12:00:00+00:00,600.6,605.3,600.0,603.7,16382.8
2025-04-21 16:00:00+00:00,603.7,604.2,593.9,597.5,11249.41
2025-04-21 20:00:00+00:00,597.5,597.5,594.6,596.9,5292.12
2025-04-22 00:00:00+00:00,596.9,602.7,594.3,599.3,15225.8
2025-04-22 04:00:00+00:00,599.3,604.7,598.6,604.0,10434.03
2025-04-22 08:00:00+00:00,604.0,606.9,604.0,605.6,17020.78
2025-04-22 12:00:00+00:00,605.6,611.9,605.0,609.4,25856.44
2025-04-22 16:00:00+00:00,609.4,610.8,606.1,607.8,7548.19
2025-04-22 20:00:00+00:00,607.8,619.8,606.4,618.1,14709.97
2025-04-23 00:00:00+00:00,618.1,619.6,612.0,615.0,14968.1
2025-04-23 04:00:00+00:00,615.0,619.9,612.9,617.5,16590.21
2025-04-23 08:00:00+00:00,617.5,617.5,608.8,610.9,16883.26
2025-04-23 12:00:00+00:00,610.9,614.0,602.6,606.4,41084.33
2025-04-23 16:00:00+00:00,606.4,608.4,601.8,602.1,16121.57
2025-04-23 20:00:00+00:00,602.1,606.8,601.0,605.3,9744.43
2025-04-24 00:00:00+00:00,605.3,606.7,601.3,603.8,10484.96
2025-04-24 04:00:00+00:00,603.8,606.5,601.6,602.8,10918.27
2025-04-24 08:00:00+00:00,602.8,604.7,592.2,597.5,23724.99
2025-04-24 12:00:00+00:00,597.5,600.7,595.5,597.9,15558.13
2025-04-24 16:00:00+00:00,597.9,600.6,595.1,598.6,16301.43
2025-04-24 20:00:00+00:00,598.6,602.3,597.7,601.2,7397.43
2025-04-25 00:00:00+00:00,601.2,603.9,596.7,600.5,9429.1
2025-04-25 04:00:00+00:00,600.5,609.7,600.3,605.9,16284.12
2025-04-25 08:00:00+00:00,605.9,609.9,603.3,605.4,23385.15
2025-04-25 12:00:00+00:00,605.4,608.3,601.2,605.2,17907.72
2025-04-25 16:00:00+00:00,605.2,606.6,601.9,604.5,8598.35
2025-04-25 20:00:00+00:00,604.5,604.6,598.3,599.6,6657.4
2025-04-26 00:00:00+00:00,599.6,606.1,598.9,601.8,8572.15
2025-04-26 04:00:00+00:00,601.8,604.8,599.5,602.0,7146.34
2025-04-26 08:00:00+00:00,602.0,605.8,600.3,601.9,12981.34
2025-04-26 12:00:00+00:00,601.9,608.8,601.2,607.9,10974.68
2025-04-26 16:00:00+00:00,607.9,609.2,606.6,607.9,6669.64
2025-04-26 20:00:00+00:00,607.9,608.9,606.1,607.0,4987.33
2025-04-27 00:00:00+00:00,607.0,608.5,599.7,602.5,14007.51
2025-04-27 04:00:00+00:00,602.5,602.5,596.6,599.6,7210.81
2025-04-27 08:00:00+00:00,599.6,600.8,598.4,600.0,6462.76
2025-04-27 12:00:00+00:00,600.0,601.0,596.8,599.0,4771.49
2025-04-27 16:00:00+00:00,599.0,606.0,597.2,605.3,6851.13
2025-04-27 20:00:00+00:00,605.3,606.9,602.5,603.4,7031.91
2025-04-28 00:00:00+00:00,603.4,606.0,597.8,603.7,11757.65
2025-04-28 04:00:00+00:00,603.7,606.9,603.0,605.2,5895.36
2025-04-28 08:00:00+00:00,605.2,608.1,602.6,607.3,14250.69
2025-04-28 12:00:00+00:00,607.3,607.6,597.9,600.5,17141.52
2025-04-28 16:00:00+00:00,600.5,605.2,598.2,604.4,9834.75
2025-04-28 20:00:00+00:00,604.4,606.2,602.9,605.7,5200.13
2025-04-29 00:00:00+00:00,605.7,607.1,603.0,606.2,6560.75
2025-04-29 04:00:00+00:00,606.2,610.7,605.0,609.5,10631.94
2025-04-29 08:00:00+00:00,609.5,610.2,602.1,603.4,17723.27
2025-04-29 12:00:00+00:00,603.4,603.8,600.3,601.1,13256.65
2025-04-29 16:00:00+00:00,601.1,603.9,600.0,602.2,9330.2
2025-04-29 20:00:00+00:00,602.2,602.3,597.2,600.6,11803.34
2025-04-30 00:00:00+00:00,600.6,603.5,599.6,603.5,7889.73
2025-04-30 04:00:00+00:00,603.5,604.3,601.7,602.7,7980.88
2025-04-30 08:00:00+00:00,602.7,603.0,599.6,602.2,10483.82
2025-04-30 12:00:00+00:00,602.2,602.4,590.5,596.6,25103.45
2025-04-30 16:00:00+00:00,596.6,598.7,594.0,597.9,6613.58
2025-04-30 20:00:00+00:00,597.9,599.8,597.8,599.3,6806.92
2025-05-01 00:00:00+00:00,599.3,602.2,598.8,598.9,10169.28
2025-05-01 04:00:00+00:00,598.9,601.0,598.4,599.3,8925.53
2025-05-01 08:00:00+00:00,599.3,605.4,599.2,603.6,23051.41
2025-05-01 12:00:00+00:00,603.6,605.0,600.7,602.4,12208.72
2025-05-01 16:00:00+00:00,602.4,603.8,599.6,599.9,6788.64
2025-05-01 20:00:00+00:00,599.9,600.3,597.6,599.1,7670.44
2025-05-02 00:00:00+00:00,599.1,603.4,598.3,601.0,9921.26
2025-05-02 04:00:00+00:00,601.0,601.8,594.3,595.2,12894.62
2025-05-02 08:00:00+00:00,595.2,600.3,594.9,597.6,9201.81
2025-05-02 12:00:00+00:00,597.6,600.4,596.1,599.3,8959.28
2025-05-02 16:00:00+00:00,599.3,601.5,598.0,598.6,3286.29
2025-05-02 20:00:00+00:00,598.6,601.7,597.9,600.6,6802.91
2025-05-03 00:00:00+00:00,600.6,601.0,598.0,599.0,5087.92
2025-05-03 04:00:00+00:00,599.0,600.1,597.2,597.2,5619.66
2025-05-03 08:00:00+00:00,597.2,597.3,594.7,595.9,9581.95
2025-05-03 12:00:00+00:00,595.9,598.8,595.9,598.3,3038.56
2025-05-03 16:00:00+00:00,598.3,599.7,595.8,599.7,9977.62
2025-05-03 20:00:00+00:00,599.7,599.8,598.1,598.9,3368.16
2025-05-04 00:00:00+00:00,598.9,600.2,597.8,599.2,6934.35
2025-05-04 04:00:00+00:00,599.2,599.9,595.7,596.5,5706.71
2025-05-04 08:00:00+00:00,596.5,596.5,592.1,593.6,9768.47
2025-05-04 12:00:00+00:00,593.6,593.6,587.5,588.8,10571.28
2025-05-04 16:00:00+00:00,588.8,589.2,585.3,588.1,9921.51
2025-05-04 20:00:00+00:00,588.1,589.8,584.1,585.6,10156.04
2025-05-05 00:00:00+00:00,585.6,588.6,583.1,587.9,10974.3
2025-05-05 04:00:00+00:00,587.9,591.9,587.6,591.6,9901.93
2025-05-05 08:00:00+00:00,591.6,596.6,590.1,593.3,20396.95
2025-05-05 12:00:00+00:00,593.3,596.9,592.4,596.9,12113.79
2025-05-05 16:00:00+00:00,596.9,599.7,596.6,599.0,8828.93
2025-05-05 20:00:00+00:00,599.0,599.8,596.3,597.2,6899.71
2025-05-06 00:00:00+00:00,597.2,599.9,595.8,598.8,11361.98
2025-05-06 04:00:00+00:00,598.8,599.4,597.3,598.5,10931.05
2025-05-06 08:00:00+00:00,598.5,598.5,592.8,594.1,19400.39
2025-05-06 12:00:00+00:00,594.1,598.7,593.3,598.1,11469.46
2025-05-06 16:00:00+00:00,598.1,602.4,596.2,599.2,13833.73
2025-05-06 20:00:00+00:00,599.2,603.0,596.4,602.4,11731.89
2025-05-07 00:00:00+00:00,602.4,606.8,601.2,601.8,8858.92
2025-05-07 04:00:00+00:00,601.8,606.4,601.7,606.3,9848.96
2025-05-07 08:00:00+00:00,606.3,607.1,603.7,606.1,9805.46
2025-05-07 12:00:00+00:00,606.1,608.9,600.2,600.5,18546.04
2025-05-07 16:00:00+00:00,600.5,601.9,597.4,598.7,14842.8
2025-05-07 20:00:00+00:00,598.7,603.7,597.4,602.5,6209.44
2025-05-08 00:00:00+00:00,602.5,611.1,600.5,610.9,14145.31
2025-05-08 04:00:00+00:00,610.9,614.6,608.2,612.7,12769.96
2025-05-08 08:00:00+00:00,612.7,617.8,612.5,613.5,19849.62
2025-05-08 12:00:00+00:00,613.5,623.2,613.1,620.7,26718.02
2025-05-08 16:00:00+00:00,620.7,622.6,614.7,619.1,21566.8
2025-05-08 20:00:00+00:00,619.1,629.1,618.7,629.0,24542.36
2025-05-09 00:00:00+00:00,629.0,629.0,622.7,624.3,17447.36
2025-05-09 04:00:00+00:00,624.3,636.2,624.0,631.4,17441.43
2025-05-09 08:00:00+00:00,631.4,641.2,628.5,636.5,38219.38
2025-05-09 12:00:00+00:00,636.5,643.9,631.4,635.5,29383.34
2025-05-09 16:00:00+00:00,635.5,636.5,630.9,635.0,9762.48
2025-05-09 20:00:00+00:00,635.0,670.5,634.7,666.3,48672.33
2025-05-10 00:00:00+00:00,666.3,678.9,659.1,661.8,50882.6
2025-05-10 04:00:00+00:00,661.8,664.5,655.0,661.6,18574.55
2025-05-10 08:00:00+00:00,661.6,663.3,648.4,648.9,23378.05
2025-05-10 12:00:00+00:00,648.9,655.3,648.5,651.4,17891.53
2025-05-10 16:00:00+00:00,651.4,658.4,650.4,652.2,24492.92
2025-05-10 20:00:00+00:00,652.2,664.0,649.4,663.8,22161.93
2025-05-11 00:00:00+00:00,663.8,668.5,655.6,662.4,27927.19
2025-05-11 04:00:00+00:00,662.4,667.5,654.1,655.5,25219.24
2025-05-11 08:00:00+00:00,655.5,659.7,654.6,659.0,10890.01
2025-05-11 12:00:00+00:00,659.0,659.6,649.4,651.3,25774.43
2025-05-11 16:00:00+00:00,651.3,655.1,647.7,653.2,9665.15
2025-05-11 20:00:00+00:00,653.2,653.4,648.5,651.1,8490.7
2025-05-12 00:00:00+00:00,651.1,657.2,646.8,655.6,19546.12
2025-05-12 04:00:00+00:00,655.6,668.1,652.0,660.9,26928.16
2025-05-12 08:00:00+00:00,660.9,693.2,657.2,678.1,66875.03
2025-05-12 12:00:00+00:00,678.1,691.9,660.9,663.6,49911.58
2025-05-12 16:00:00+00:00,663.6,670.6,649.2,659.6,34633.24
2025-05-12 20:00:00+00:00,659.6,663.8,657.9,660.1,11136.8
2025-05-13 00:00:00+00:00,660.1,660.2,640.2,641.7,33724.31
2025-05-13 04:00:00+00:00,641.7,652.6,640.3,649.5,16319.55
2025-05-13 08:00:00+00:00,649.5,654.3,647.7,652.7,14458.51
2025-05-13 12:00:00+00:00,652.7,658.3,649.1,655.5,25948.9
2025-05-13 16:00:00+00:00,655.5,671.2,655.1,666.5,28139.79
2025-05-13 20:00:00+00:00,666.5,667.0,662.2,664.1,15546.65
2025-05-14 00:00:00+00:00,664.1,666.2,657.6,661.6,12695.3
2025-05-14 04:00:00+00:00,661.6,664.4,656.4,658.0,8865.86
2025-05-14 08:00:00+00:00,658.0,660.6,650.1,659.3,23115.83
2025-05-14 12:00:00+00:00,659.3,659.5,649.4,651.7,18059.07
2025-05-14 16:00:00+00:00,651.7,654.6,646.8,652.5,11335.47
2025-05-14 20:00:00+00:00,652.5,653.3,649.2,652.2,5330.32
2025-05-15 00:00:00+00:00,652.2,654.7,644.5,647.4,11612.02
2025-05-15 04:00:00+00:00,647.4,652.0,641.9,644.2,13438.79
2025-05-15 08:00:00+00:00,644.2,654.2,643.9,653.2,20467.74
2025-05-15 12:00:00+00:00,653.2,656.0,642.6,655.2,33803.73
2025-05-15 16:00:00+00:00,655.2,661.3,647.9,651.7,29507.48
2025-05-15 20:00:00+00:00,651.7,654.6,645.3,651.5,10393.87
2025-05-16 00:00:00+00:00,651.5,659.6,646.3,657.6,17094.75
2025-05-16 04:00:00+00:00,657.6,659.0,654.6,655.1,11338.51
2025-05-16 08:00:00+00:00,655.1,657.0,651.1,654.0,13959.51
2025-05-16 12:00:00+00:00,654.0,655.1,649.5,651.7,11177.76
2025-05-16 16:00:00+00:00,651.7,654.1,647.5,649.5,8557.2
2025-05-16 20:00:00+00:00,649.5,649.8,643.3,646.1,7563.23
2025-05-17 00:00:00+00:00,646.1,646.4,633.4,642.9,23679.24
2025-05-17 04:00:00+00:00,642.9,645.4,641.8,642.7,7509.55
2025-05-17 08:00:00+00:00,642.7,643.9,639.1,641.1,6948.99
2025-05-17 12:00:00+00:00,641.1,642.5,636.0,640.2,11378.37
2025-05-17 16:00:00+00:00,640.2,642.4,635.4,639.9,4744.06
2025-05-17 20:00:00+00:00,639.9,642.3,637.4,639.2,7022.89
2025-05-18 00:00:00+00:00,639.2,643.4,638.7,642.1,8617.23
2025-05-18 04:00:00+00:00,642.1,646.0,642.1,645.3,7963.82
2025-05-18 08:00:00+00:00,645.3,648.2,644.5,644.7,7039.28
2025-05-18 12:00:00+00:00,644.7,654.7,643.5,653.8,10804.64
2025-05-18 16:00:00+00:00,653.8,654.8,637.4,637.5,27272.55
2025-05-18 20:00:00+00:00,637.5,652.2,633.5,651.2,15338.69
2025-05-19 00:00:00+00:00,651.2,653.3,637.7,638.4,13281.76
2025-05-19 04:00:00+00:00,638.4,640.6,632.8,638.2,13379.65
2025-05-19 08:00:00+00:00,638.2,640.9,636.7,639.6,8716.39
2025-05-19 12:00:00+00:00,639.6,647.3,635.5,645.0,12648.06
2025-05-19 16:00:00+00:00,645.0,649.4,644.1,648.3,11119.21
2025-05-19 20:00:00+00:00,648.3,651.7,647.2,649.5,6697.96
2025-05-20 00:00:00+00:00,649.5,653.6,648.6,650.2,11049.82
2025-05-20 04:00:00+00:00,650.2,652.2,646.2,647.1,8186.16
2025-05-20 08:00:00+00:00,647.1,648.3,641.4,643.4,9530.87
2025-05-20 12:00:00+00:00,643.4,645.4,640.1,644.5,8938.65
2025-05-20 16:00:00+00:00,644.5,648.8,642.4,647.8,6471.34
2025-05-20 20:00:00+00:00,647.8,652.4,646.9,649.8,6208.22
2025-05-21 00:00:00+00:00,649.8,658.1,648.4,656.5,10733.79
2025-05-21 04:00:00+00:00,656.5,669.1,652.3,652.6,23850.35
2025-05-21 08:00:00+00:00,652.6,655.2,649.6,654.5,10667.11
2025-05-21 12:00:00+00:00,654.5,664.7,651.8,663.4,31319.54
2025-05-21 16:00:00+00:00,663.4,672.4,659.9,670.8,37932.23
2025-05-21 20:00:00+00:00,670.8,678.0,668.2,673.2,17411.44
2025-05-22 00:00:00+00:00,673.2,689.6,673.0,685.0,20659.68
2025-05-22 04:00:00+00:00,685.0,687.1,676.5,682.5,21365.16
2025-05-22 08:00:00+00:00,682.5,687.6,681.1,686.7,17657.29
2025-05-22 12:00:00+00:00,686.7,687.5,681.0,681.7,17002.54
2025-05-22 16:00:00+00:00,681.7,685.0,678.7,680.6,20610.02
2025-05-22 20:00:00+00:00,680.6,686.3,678.6,686.1,10934.59
2025-05-23 00:00:00+00:00,686.1,691.3,683.3,687.7,12822.28
2025-05-23 04:00:00+00:00,687.7,689.6,681.9,682.1,12359.18
2025-05-23 08:00:00+00:00,682.1,687.1,669.7,671.8,18901.84
2025-05-23 12:00:00+00:00,671.8,674.7,660.6,670.2,37774.98
2025-05-23 16:00:00+00:00,670.2,670.9,664.8,665.3,8178.06
2025-05-23 20:00:00+00:00,665.3,665.3,653.5,656.5,14535.62
2025-05-24 00:00:00+00:00,656.5,666.0,655.0,664.3,12962.49
2025-05-24 04:00:00+00:00,664.3,671.2,663.9,667.8,9573.59
2025-05-24 08:00:00+00:00,667.8,676.9,667.8,674.3,16457.06
2025-05-24 12:00:00+00:00,674.3,675.8,671.2,673.8,7828.31
2025-05-24 16:00:00+00:00,673.8,676.4,672.4,676.2,5642.84
2025-05-24 20:00:00+00:00,676.2,676.5,665.6,667.5,8695.9
2025-05-25 00:00:00+00:00,667.5,668.0,659.4,665.4,16453.52
2025-05-25 04:00:00+00:00,665.4,666.2,659.5,661.6,8170.48
2025-05-25 08:00:00+00:00,661.6,662.3,656.4,661.5,10847.57
2025-05-25 12:00:00+00:00,661.5,667.9,660.7,662.8,6955.25
2025-05-25 16:00:00+00:00,662.8,668.0,661.3,667.0,5592.11
2025-05-25 20:00:00+00:00,667.0,671.2,665.1,668.9,11387.68
2025-05-26 00:00:00+00:00,668.9,675.3,667.5,673.7,9474.03
2025-05-26 04:00:00+00:00,673.7,675.2,671.4,674.2,6880.67
2025-05-26 08:00:00+00:00,674.2,675.1,671.9,673.7,8022.4
2025-05-26 12:00:00+00:00,673.7,675.7,670.8,675.0,12785.6
2025-05-26 16:00:00+00:00,675.0,677.5,670.7,672.1,14596.88
2025-05-26 20:00:00+00:00,672.1,674.8,671.0,673.8,3806.51
2025-05-27 00:00:00+00:00,673.8,674.4,665.9,673.6,9879.33
2025-05-27 04:00:00+00:00,673.6,681.4,672.3,680.4,17121.21
2025-05-27 08:00:00+00:00,680.4,684.0,679.4,681.7,17686.7
2025-05-27 12:00:00+00:00,681.7,697.7,681.6,690.6,32780.37
2025-05-27 16:00:00+00:00,690.6,694.2,687.8,689.3,9485.68
2025-05-27 20:00:00+00:00,689.3,689.7,685.1,686.8,8398.8
2025-05-28 00:00:00+00:00,686.8,686.9,680.9,683.8,12650.46
2025-05-28 04:00:00+00:00,683.8,684.5,679.5,681.4,10572.29
2025-05-28 08:00:00+00:00,681.4,687.0,680.5,686.9,8868.59
2025-05-28 12:00:00+00:00,686.9,688.8,680.7,681.5,19968.89
2025-05-28 16:00:00+00:00,681.5,688.7,681.3,682.9,14549.17
2025-05-28 20:00:00+00:00,682.9,688.3,682.7,686.4,8450.37
2025-05-29 00:00:00+00:00,686.4,690.8,685.2,685.7,12746.21
2025-05-29 04:00:00+00:00,685.7,686.8,679.7,684.7,12407.53
2025-05-29 08:00:00+00:00,684.7,689.5,683.8,685.4,13957.85
2025-05-29 12:00:00+00:00,685.4,685.7,678.3,680.7,16733.84
2025-05-29 16:00:00+00:00,680.7,680.8,672.8,674.4,11804.48
2025-05-29 20:00:00+00:00,674.4,682.7,672.8,674.5,68680.71
2025-05-30 00:00:00+00:00,674.5,678.0,664.7,672.7,19806.74
2025-05-30 04:00:00+00:00,672.7,674.2,666.3,666.8,10719.07
2025-05-30 08:00:00+00:00,666.8,671.4,665.5,670.8,10739.97
2025-05-30 12:00:00+00:00,670.8,672.1,666.2,668.0,11829.61
2025-05-30 16:00:00+00:00,668.0,669.2,659.3,665.8,28252.75
2025-05-30 20:00:00+00:00,665.8,666.3,652.6,654.9,16076.64
2025-05-31 00:00:00+00:00,654.9,655.4,645.0,650.1,20429.35
2025-05-31 04:00:00+00:00,650.1,655.0,647.1,653.4,6924.49
2025-05-31 08:00:00+00:00,653.4,656.1,651.4,653.7,5400.59
2025-05-31 12:00:00+00:00,653.7,659.1,653.5,656.1,8791.63
2025-05-31 16:00:00+00:00,656.1,660.3,655.2,658.4,10501.59
2025-05-31 20:00:00+00:00,658.4,661.1,657.4,657.5,8376.89
2025-06-01 00:00:00+00:00,657.5,657.6,652.2,655.1,7583.04
2025-06-01 04:00:00+00:00,655.1,656.7,651.7,653.1,4586.78
2025-06-01 08:00:00+00:00,653.1,653.1,647.4,650.0,13955.88
2025-06-01 12:00:00+00:00,650.0,654.2,647.0,654.0,6159.64
2025-06-01 16:00:00+00:00,654.0,657.4,650.2,654.7,8484.03
2025-06-01 20:00:00+00:00,654.7,662.1,654.5,660.5,8373.31
2025-06-02 00:00:00+00:00,660.5,663.9,656.1,656.3,6592.07
2025-06-02 04:00:00+00:00,656.3,659.1,654.6,657.8,9069.13
2025-06-02 08:00:00+00:00,657.8,658.3,650.0,650.9,10464.91
2025-06-02 12:00:00+00:00,650.9,657.7,649.4,656.7,14773.8
2025-06-02 16:00:00+00:00,656.7,661.7,655.3,660.8,6654.03
2025-06-02 20:00:00+00:00,660.8,666.8,660.1,665.7,7461.6
2025-06-03 00:00:00+00:00,665.7,673.4,665.5,667.5,14692.8
2025-06-03 04:00:00+00:00,667.5,668.2,664.6,664.9,4434.61
2025-06-03 08:00:00+00:00,664.9,667.6,663.5,664.8,6612.69
2025-06-03 12:00:00+00:00,664.8,668.2,661.6,666.6,10884.45
2025-06-03 16:00:00+00:00,666.6,667.4,662.8,664.7,4801.26
2025-06-03 20:00:00+00:00,664.7,664.8,656.6,661.1,9357.97
2025-06-04 00:00:00+00:00,661.1,669.7,660.4,668.2,8273.17
2025-06-04 04:00:00+00:00,668.2,670.7,667.2,670.6,6837.73
2025-06-04 08:00:00+00:00,670.6,671.7,667.3,667.4,6584.8
2025-06-04 12:00:00+00:00,667.4,670.2,664.9,669.0,12798.83
2025-06-04 16:00:00+00:00,669.0,669.8,665.8,667.0,5659.76
2025-06-04 20:00:00+00:00,667.0,667.2,661.4,662.7,7585.6
2025-06-05 00:00:00+00:00,662.7,666.3,662.5,665.5,5137.0
2025-06-05 04:00:00+00:00,665.5,668.3,664.7,668.1,6235.81
2025-06-05 08:00:00+00:00,668.1,670.6,661.6,661.8,14541.91
2025-06-05 12:00:00+00:00,661.8,665.2,656.0,658.8,20056.23
2025-06-05 16:00:00+00:00,658.8,658.8,640.6,643.9,24915.44
2025-06-05 20:00:00+00:00,643.9,643.9,624.8,632.8,47209.42
2025-06-06 00:00:00+00:00,632.8,641.1,628.8,640.8,10337.33
2025-06-06 04:00:00+00:00,640.8,642.0,634.6,640.8,11147.39
2025-06-06 08:00:00+00:00,640.8,646.4,640.3,645.9,8946.49
2025-06-06 12:00:00+00:00,645.9,650.8,645.3,647.3,12637.34
2025-06-06 16:00:00+00:00,647.3,648.2,643.4,644.8,6783.51
2025-06-06 20:00:00+00:00,644.8,646.3,640.7,642.2,5733.25
2025-06-07 00:00:00+00:00,642.2,646.7,639.0,646.5,7287.95
2025-06-07 04:00:00+00:00,646.5,649.4,645.0,648.3,5108.32
2025-06-07 08:00:00+00:00,648.3,648.8,646.0,647.9,4477.31
2025-06-07 12:00:00+00:00,647.9,650.8,647.8,650.2,4882.42
2025-06-07 16:00:00+00:00,650.2,652.2,648.8,651.6,6524.56
2025-06-07 20:00:00+00:00,651.6,653.4,650.0,650.3,3472.83
2025-06-08 00:00:00+00:00,650.3,650.5,648.1,649.0,3702.96
2025-06-08 04:00:00+00:00,649.0,650.3,648.4,648.8,2521.78
2025-06-08 08:00:00+00:00,648.8,650.1,646.1,650.1,6063.45
2025-06-08 12:00:00+00:00,650.1,651.8,649.1,651.4,4897.85
2025-06-08 16:00:00+00:00,651.4,654.6,651.4,654.1,6388.45
2025-06-08 20:00:00+00:00,654.1,656.0,651.0,651.6,5643.44
2025-06-09 00:00:00+00:00,651.6,653.0,647.9,651.3,5851.33
2025-06-09 04:00:00+00:00,651.3,651.3,647.5,648.9,3150.83
2025-06-09 08:00:00+00:00,648.9,656.1,647.8,655.1,8310.1
2025-06-09 12:00:00+00:00,655.1,656.7,652.5,656.2,7637.35
2025-06-09 16:00:00+00:00,656.2,660.6,656.2,659.3,5153.8
2025-06-09 20:00:00+00:00,659.3,667.6,659.3,665.3,11879.49
2025-06-10 00:00:00+00:00,665.3,667.9,663.1,663.6,7445.21
2025-06-10 04:00:00+00:00,663.6,664.2,659.7,660.3,4447.83
2025-06-10 08:00:00+00:00,660.3,665.6,656.7,664.8,10889.97
2025-06-10 12:00:00+00:00,664.8,667.5,657.7,660.8,17553.69
2025-06-10 16:00:00+00:00,660.8,668.9,660.7,667.3,8521.37
2025-06-10 20:00:00+00:00,667.3,674.0,667.0,673.2,13270.57
2025-06-11 00:00:00+00:00,673.2,673.9,668.0,670.3,11431.32
2025-06-11 04:00:00+00:00,670.3,672.6,668.0,669.8,7275.41
2025-06-11 08:00:00+00:00,669.8,672.2,665.7,667.0,13969.2
2025-06-11 12:00:00+00:00,667.0,672.0,665.4,669.2,16652.4
2025-06-11 16:00:00+00:00,669.2,669.7,665.0,666.8,10791.54
2025-06-11 20:00:00+00:00,666.8,668.8,661.7,667.1,10830.98
2025-06-12 00:00:00+00:00,667.1,669.8,663.6,665.6,7849.66
2025-06-12 04:00:00+00:00,665.6,668.3,663.8,666.8,5288.76
2025-06-12 08:00:00+00:00,666.8,668.7,662.8,663.0,8442.83
2025-06-12 12:00:00+00:00,663.0,664.8,659.3,659.7,15461.49
2025-06-12 16:00:00+00:00,659.7,666.6,657.3,657.8,16181.53
2025-06-12 20:00:00+00:00,657.8,658.7,651.2,654.2,13849.88
2025-06-13 00:00:00+00:00,654.2,654.3,638.2,648.9,39843.41
2025-06-13 04:00:00+00:00,648.9,654.7,645.5,654.7,8715.15
2025-06-13 08:00:00+00:00,654.7,659.2,651.9,654.2,16910.13
2025-06-13 12:00:00+00:00,654.2,654.5,648.9,653.1,10903.36
2025-06-13 16:00:00+00:00,653.1,655.0,649.0,650.8,7149.85
2025-06-13 20:00:00+00:00,650.8,655.1,650.0,655.1,5493.35
2025-06-14 00:00:00+00:00,655.1,655.1,650.0,650.9,7434.3
2025-06-14 04:00:00+00:00,650.9,652.1,649.7,651.5,3241.36
2025-06-14 08:00:00+00:00,651.5,651.5,648.5,650.2,4118.33
2025-06-14 12:00:00+00:00,650.2,650.3,643.8,645.0,8368.25
2025-06-14 16:00:00+00:00,645.0,645.7,638.5,640.3,10495.38
2025-06-14 20:00:00+00:00,640.3,646.0,638.4,645.2,4405.32
2025-06-15 00:00:00+00:00,645.2,647.5,644.5,647.1,3000.4
2025-06-15 04:00:00+00:00,647.1,651.7,647.1,648.6,7599.77
2025-06-15 08:00:00+00:00,648.6,649.0,645.5,647.9,5667.8
2025-06-15 12:00:00+00:00,647.9,650.8,646.4,647.2,5000.67
2025-06-15 16:00:00+00:00,647.2,648.7,645.3,646.3,3455.47
2025-06-15 20:00:00+00:00,646.3,648.2,642.3,647.9,5325.3
2025-06-16 00:00:00+00:00,647.9,652.3,646.0,651.2,7182.72
2025-06-16 04:00:00+00:00,651.2,656.4,650.7,655.5,5912.3
2025-06-16 08:00:00+00:00,655.5,656.4,652.6,654.2,9805.0
2025-06-16 12:00:00+00:00,654.2,659.2,653.3,657.1,8993.68
2025-06-16 16:00:00+00:00,657.1,658.8,655.2,658.7,3256.02
2025-06-16 20:00:00+00:00,658.7,658.8,649.5,650.3,13052.29
2025-06-17 00:00:00+00:00,650.3,656.3,646.7,656.0,9343.69
2025-06-17 04:00:00+00:00,656.0,658.9,654.7,657.5,7665.53
2025-06-17 08:00:00+00:00,657.5,658.4,652.1,653.4,18741.8
2025-06-17 12:00:00+00:00,653.4,655.7,644.5,645.8,14127.8
2025-06-17 16:00:00+00:00,645.8,649.6,639.5,648.0,12633.16
2025-06-17 20:00:00+00:00,648.0,648.6,645.1,647.7,6162.29
2025-06-18 00:00:00+00:00,647.7,653.8,647.6,651.7,7315.42
2025-06-18 04:00:00+00:00,651.7,653.2,650.0,651.0,4182.12
2025-06-18 08:00:00+00:00,651.0,652.1,641.0,644.7,12526.45
2025-06-18 12:00:00+00:00,644.7,644.7,636.7,641.6,13358.9
2025-06-18 16:00:00+00:00,641.6,642.4,637.0,638.9,9155.76
2025-06-18 20:00:00+00:00,638.9,645.0,638.0,644.2,5730.28
2025-06-19 00:00:00+00:00,644.2,645.4,640.8,644.9,4142.08
2025-06-19 04:00:00+00:00,644.9,646.1,643.4,644.1,5329.98
2025-06-19 08:00:00+00:00,644.1,645.5,641.8,642.0,4293.84
2025-06-19 12:00:00+00:00,642.0,642.4,639.0,639.2,4911.79
2025-06-19 16:00:00+00:00,639.2,642.5,638.1,642.3,4068.61
2025-06-19 20:00:00+00:00,642.3,644.6,641.5,644.3,3569.61
2025-06-20 00:00:00+00:00,644.3,645.2,643.2,644.4,2371.01
2025-06-20 04:00:00+00:00,644.4,647.4,641.1,647.3,7796.97
2025-06-20 08:00:00+00:00,647.3,649.4,646.1,647.0,8866.22
2025-06-20 12:00:00+00:00,647.0,650.9,642.6,645.1,11252.01
2025-06-20 16:00:00+00:00,645.1,645.2,637.6,642.4,15075.2
2025-06-20 20:00:00+00:00,642.4,645.0,639.4,641.2,7146.42
2025-06-21 00:00:00+00:00,641.2,644.6,640.7,643.9,3560.43
2025-06-21 04:00:00+00:00,643.9,644.1,639.0,641.0,8124.22
2025-06-21 08:00:00+00:00,641.0,642.2,639.1,642.0,5491.44
2025-06-21 12:00:00+00:00,642.0,642.6,633.7,636.1,13392.45
2025-06-21 16:00:00+00:00,636.1,636.6,630.2,630.6,7153.38
2025-06-21 20:00:00+00:00,630.6,633.0,621.1,628.6,18469.23
2025-06-22 00:00:00+00:00,628.6,633.0,626.5,628.9,9475.0
2025-06-22 04:00:00+00:00,628.9,635.2,628.9,632.4,4611.58
2025-06-22 08:00:00+00:00,632.4,632.8,627.0,630.0,6918.18
2025-06-22 12:00:00+00:00,630.0,630.8,606.2,607.2,36099.44
2025-06-22 16:00:00+00:00,607.2,612.1,604.0,605.2,13551.14
2025-06-22 20:00:00+00:00,605.2,616.5,600.7,615.5,15711.97
2025-06-23 00:00:00+00:00,615.5,620.6,614.6,619.8,7173.4
2025-06-23 04:00:00+00:00,619.8,624.3,619.8,623.7,8312.77
2025-06-23 08:00:00+00:00,623.7,624.7,615.8,617.0,8900.22
2025-06-23 12:00:00+00:00,617.0,627.7,615.6,622.2,22280.77
2025-06-23 16:00:00+00:00,622.2,630.5,616.5,629.4,29694.23
2025-06-23 20:00:00+00:00,629.4,642.3,628.2,640.0,18712.19
2025-06-24 00:00:00+00:00,640.0,640.9,636.1,639.1,8186.76
2025-06-24 04:00:00+00:00,639.1,642.3,638.0,638.5,6860.57
2025-06-24 08:00:00+00:00,638.5,641.3,635.7,638.1,9637.41
2025-06-24 12:00:00+00:00,638.1,641.3,637.2,639.0,7311.32
2025-06-24 16:00:00+00:00,639.0,643.7,639.0,641.9,7103.24
2025-06-24 20:00:00+00:00,641.9,643.8,641.6,643.2,2757.34
2025-06-25 00:00:00+00:00,643.2,650.3,642.1,647.8,20727.45
2025-06-25 04:00:00+00:00,647.8,652.7,642.9,644.7,13850.43
2025-06-25 08:00:00+00:00,644.7,648.0,641.4,647.0,9894.84
2025-06-25 12:00:00+00:00,647.0,647.8,641.9,642.2,11877.67
2025-06-25 16:00:00+00:00,642.2,647.5,641.7,647.4,6498.32
2025-06-25 20:00:00+00:00,647.4,648.1,643.6,645.9,4510.4
2025-06-26 00:00:00+00:00,645.9,649.8,645.1,648.2,7819.26
2025-06-26 04:00:00+00:00,648.2,649.2,644.0,647.0,7770.22
2025-06-26 08:00:00+00:00,647.0,648.2,644.2,644.3,6506.8
2025-06-26 12:00:00+00:00,644.3,645.6,640.6,644.7,10523.6
2025-06-26 16:00:00+00:00,644.7,647.3,643.9,644.9,6290.58
2025-06-26 20:00:00+00:00,644.9,646.4,640.9,641.9,5161.48
2025-06-27 00:00:00+00:00,641.9,645.7,638.6,645.7,4671.61
2025-06-27 04:00:00+00:00,645.7,646.5,642.6,643.3,4072.66
2025-06-27 08:00:00+00:00,643.3,645.3,642.9,645.1,2601.08
2025-06-27 12:00:00+00:00,645.1,647.7,643.3,646.4,8159.42
2025-06-27 16:00:00+00:00,646.4,648.1,642.1,644.9,6793.62
2025-06-27 20:00:00+00:00,644.9,646.8,644.7,645.4,5152.89
2025-06-28 00:00:00+00:00,645.4,645.8,643.8,644.1,2015.59
2025-06-28 04:00:00+00:00,644.1,646.9,643.8,646.7,3742.0
2025-06-28 08:00:00+00:00,646.7,647.0,644.9,645.9,2232.08
2025-06-28 12:00:00+00:00,645.9,646.5,644.9,646.1,3060.44
2025-06-28 16:00:00+00:00,646.1,647.4,645.1,647.0,2483.4
2025-06-28 20:00:00+00:00,647.0,648.8,646.9,648.3,4631.79
2025-06-29 00:00:00+00:00,648.3,648.5,646.4,648.2,1986.15
2025-06-29 04:00:00+00:00,648.2,650.0,648.2,649.0,2413.0
2025-06-29 08:00:00+00:00,649.0,650.7,649.0,650.6,7500.78
2025-06-29 12:00:00+00:00,650.6,650.9,647.8,648.7,3932.53
2025-06-29 16:00:00+00:00,648.7,649.1,647.5,648.3,2520.02
2025-06-29 20:00:00+00:00,648.3,655.9,646.4,654.7,7251.69
2025-06-30 00:00:00+00:00,654.7,657.0,653.1,655.2,6125.39
2025-06-30 04:00:00+00:00,655.2,656.5,652.0,654.2,5559.65
2025-06-30 08:00:00+00:00,654.2,655.0,651.3,653.9,8619.81
2025-06-30 12:00:00+00:00,653.9,656.6,651.0,656.3,8684.93
2025-06-30 16:00:00+00:00,656.3,659.3,655.0,659.1,6382.28
2025-06-30 20:00:00+00:00,659.1,660.0,656.3,656.8,5740.21
2025-07-01 00:00:00+00:00,656.8,658.9,654.8,655.4,4226.84
2025-07-01 04:00:00+00:00,655.4,655.5,651.1,653.6,6024.06
2025-07-01 08:00:00+00:00,653.6,653.6,651.1,651.9,5536.05
2025-07-01 12:00:00+00:00,651.9,652.3,645.1,645.6,15499.28
2025-07-01 16:00:00+00:00,645.6,646.7,643.9,645.3,4438.45
2025-07-01 20:00:00+00:00,645.3,647.2,643.5,646.1,4106.83
2025-07-02 00:00:00+00:00,646.1,649.8,643.3,649.3,4473.83
2025-07-02 04:00:00+00:00,649.3,657.2,649.2,657.0,12881.19
2025-07-02 08:00:00+00:00,657.0,659.4,656.5,656.8,9946.34
2025-07-02 12:00:00+00:00,656.8,661.7,654.8,661.2,10982.43
2025-07-02 16:00:00+00:00,661.2,664.2,661.1,663.3,12589.64
2025-07-02 20:00:00+00:00,663.3,664.4,658.9,659.5,7848.47
2025-07-03 00:00:00+00:00,659.5,660.7,657.7,659.0,5151.87
2025-07-03 04:00:00+00:00,659.0,662.6,658.5,662.4,6995.51
2025-07-03 08:00:00+00:00,662.4,664.2,660.5,661.5,6835.1
2025-07-03 12:00:00+00:00,661.5,664.0,656.2,656.5,13840.41
2025-07-03 16:00:00+00:00,656.5,661.6,656.5,661.1,3761.89
2025-07-03 20:00:00+00:00,661.1,664.6,661.1,663.4,6479.06
2025-07-04 00:00:00+00:00,663.4,663.9,659.7,661.8,5601.84
2025-07-04 04:00:00+00:00,661.8,661.8,655.6,655.6,8228.22
2025-07-04 08:00:00+00:00,655.6,659.6,654.3,659.3,6921.18
2025-07-04 12:00:00+00:00,659.3,659.8,651.8,652.3,8110.06
2025-07-04 16:00:00+00:00,652.3,652.9,649.6,651.1,6453.87
2025-07-04 20:00:00+00:00,651.1,653.7,650.2,653.1,3336.72
2025-07-05 00:00:00+00:00,653.1,655.6,652.2,655.4,2710.13
2025-07-05 04:00:00+00:00,655.4,656.4,653.9,654.2,4398.89
2025-07-05 08:00:00+00:00,654.2,655.6,653.4,655.1,3215.74
2025-07-05 12:00:00+00:00,655.1,655.3,653.6,653.8,3521.71
2025-07-05 16:00:00+00:00,653.8,654.5,651.4,653.5,3543.74
2025-07-05 20:00:00+00:00,653.5,656.1,653.3,655.7,2044.07
2025-07-06 00:00:00+00:00,655.7,656.3,653.9,654.4,2877.73
2025-07-06 04:00:00+00:00,654.4,655.6,653.1,654.4,1959.89
2025-07-06 08:00:00+00:00,654.4,656.1,653.0,656.0,2657.82
2025-07-06 12:00:00+00:00,656.0,663.5,655.1,662.5,18325.91
2025-07-06 16:00:00+00:00,662.5,663.4,660.9,662.8,6092.87
2025-07-06 20:00:00+00:00,662.8,664.9,660.3,662.7,12168.23
2025-07-07 00:00:00+00:00,662.7,662.8,660.0,660.4,4686.97
2025-07-07 04:00:00+00:00,660.4,662.3,660.2,662.2,4468.82
2025-07-07 08:00:00+00:00,662.2,663.1,661.1,662.0,5186.22
2025-07-07 12:00:00+00:00,662.0,662.3,658.3,658.5,10929.01
2025-07-07 16:00:00+00:00,658.5,661.5,656.2,661.1,10983.07
2025-07-07 20:00:00+00:00,661.1,661.1,657.3,660.7,5018.14
2025-07-08 00:00:00+00:00,660.7,662.3,657.1,659.5,6982.58
2025-07-08 04:00:00+00:00,659.5,660.2,658.3,659.4,3460.91
2025-07-08 08:00:00+00:00,659.4,661.4,658.9,661.0,7612.3
2025-07-08 12:00:00+00:00,661.0,661.7,657.3,657.8,6139.13
2025-07-08 16:00:00+00:00,657.8,661.9,657.1,660.8,7676.51
2025-07-08 20:00:00+00:00,660.8,660.8,657.2,660.0,5784.46
2025-07-09 00:00:00+00:00,660.0,662.1,659.4,661.3,4717.97
2025-07-09 04:00:00+00:00,661.3,664.3,661.0,662.2,8376.32
2025-07-09 08:00:00+00:00,662.2,662.6,657.6,660.9,11720.8
2025-07-09 12:00:00+00:00,660.9,663.2,659.8,662.3,9668.67
2025-07-09 16:00:00+00:00,662.3,669.8,661.7,669.0,16841.99
2025-07-09 20:00:00+00:00,669.0,671.5,666.1,668.4,12791.28
2025-07-10 00:00:00+00:00,668.4,671.3,668.0,670.2,5388.9
2025-07-10 04:00:00+00:00,670.2,672.8,669.4,671.3,8787.21
2025-07-10 08:00:00+00:00,671.3,673.7,669.0,669.7,13567.64
2025-07-10 12:00:00+00:00,669.7,671.5,667.0,668.0,6103.58
2025-07-10 16:00:00+00:00,668.0,679.0,667.5,675.7,15775.27
2025-07-10 20:00:00+00:00,675.7,687.5,675.3,685.6,24244.19
2025-07-11 00:00:00+00:00,685.6,691.4,683.6,689.2,18588.92
2025-07-11 04:00:00+00:00,689.2,694.9,684.6,684.9,16972.26
2025-07-11 08:00:00+00:00,684.9,690.6,684.2,688.2,12116.46
2025-07-11 12:00:00+00:00,688.2,694.0,685.8,687.0,17925.48
2025-07-11 16:00:00+00:00,687.0,697.6,685.8,693.9,21886.11
2025-07-11 20:00:00+00:00,693.9,694.1,682.0,689.8,17863.0
2025-07-12 00:00:00+00:00,689.8,695.3,687.8,695.0,13319.36
2025-07-12 04:00:00+00:00,695.0,696.9,690.0,694.2,10790.78
2025-07-12 08:00:00+00:00,694.2,694.5,691.2,691.7,8239.02
2025-07-12 12:00:00+00:00,691.7,691.9,678.2,680.8,29993.62
2025-07-12 16:00:00+00:00,680.8,686.2,679.5,684.1,5481.3
2025-07-12 20:00:00+00:00,684.1,686.0,679.8,685.5,3686.93
2025-07-13 00:00:00+00:00,685.5,687.6,684.7,686.5,3495.12
2025-07-13 04:00:00+00:00,686.5,689.9,686.3,689.8,3203.18
2025-07-13 08:00:00+00:00,689.8,691.2,687.7,690.9,7865.49
2025-07-13 12:00:00+00:00,690.9,694.1,689.5,691.0,13968.95
2025-07-13 16:00:00+00:00,691.0,693.2,687.8,691.5,7055.53
2025-07-13 20:00:00+00:00,691.5,693.1,688.3,691.6,5262.88
2025-07-14 00:00:00+00:00,691.6,699.1,689.6,697.1,17253.64
2025-07-14 04:00:00+00:00,697.1,707.5,691.5,706.4,43287.59
2025-07-14 08:00:00+00:00,706.4,706.7,700.3,704.3,24384.92
2025-07-14 12:00:00+00:00,704.3,705.1,690.1,692.5,20022.65
2025-07-14 16:00:00+00:00,692.5,694.1,687.3,689.6,14189.01
2025-07-14 20:00:00+00:00,689.6,691.8,685.4,688.6,10650.55
2025-07-15 00:00:00+00:00,688.6,690.6,674.5,679.5,24648.87
2025-07-15 04:00:00+00:00,679.5,683.3,676.3,678.8,10549.53
2025-07-15 08:00:00+00:00,678.8,680.7,675.9,680.3,6738.09
2025-07-15 12:00:00+00:00,680.3,687.2,676.2,682.8,20244.71
2025-07-15 16:00:00+00:00,682.8,688.6,682.4,684.3,13229.11
2025-07-15 20:00:00+00:00,684.3,693.1,683.3,689.8,10577.26
2025-07-16 00:00:00+00:00,689.8,693.5,685.9,687.7,8606.41
2025-07-16 04:00:00+00:00,687.7,693.5,684.9,691.7,5578.69
2025-07-16 08:00:00+00:00,691.7,695.4,690.5,694.3,8913.77
2025-07-16 12:00:00+00:00,694.3,706.6,690.6,700.3,36579.72
2025-07-16 16:00:00+00:00,700.3,711.3,698.9,706.6,24480.33
2025-07-16 20:00:00+00:00,706.6,715.5,706.3,708.7,17634.16
2025-07-17 00:00:00+00:00,708.7,723.5,707.6,709.4,30635.15
2025-07-17 04:00:00+00:00,709.4,723.1,706.3,720.8,26499.12
2025-07-17 08:00:00+00:00,720.8,721.6,713.8,717.6,30266.56
2025-07-17 12:00:00+00:00,717.6,728.2,711.7,721.2,25743.15
2025-07-17 16:00:00+00:00,721.2,721.8,712.8,715.3,21110.69
2025-07-17 20:00:00+00:00,715.3,725.4,709.8,720.2,22084.0
2025-07-18 00:00:00+00:00,720.2,736.5,717.1,736.4,25505.49
2025-07-18 04:00:00+00:00,736.4,748.3,733.5,740.1,33291.3
2025-07-18 08:00:00+00:00,740.1,742.6,733.0,737.0,23876.56
2025-07-18 12:00:00+00:00,737.0,766.1,731.3,737.8,80221.04
2025-07-18 16:00:00+00:00,737.8,748.5,729.1,731.8,20060.72
2025-07-18 20:00:00+00:00,731.8,734.8,718.3,729.9,30117.87
2025-07-19 00:00:00+00:00,729.9,735.0,718.5,734.8,20090.88
2025-07-19 04:00:00+00:00,734.8,739.1,731.5,732.1,8945.97
2025-07-19 08:00:00+00:00,732.1,738.9,727.8,736.6,12972.06
2025-07-19 12:00:00+00:00,736.6,742.5,727.2,730.6,16345.91
2025-07-19 16:00:00+00:00,730.6,735.1,727.7,734.3,5144.3
2025-07-19 20:00:00+00:00,734.3,735.7,724.7,733.0,8887.83
2025-07-20 00:00:00+00:00,733.0,746.3,731.3,742.9,13428.17
2025-07-20 04:00:00+00:00,742.9,745.6,739.4,744.7,9913.37
2025-07-20 08:00:00+00:00,744.7,751.1,744.4,748.8,17011.72
2025-07-20 12:00:00+00:00,748.8,751.6,745.0,750.8,14368.07
2025-07-20 16:00:00+00:00,750.8,756.3,745.2,752.8,21920.46
2025-07-20 20:00:00+00:00,752.8,761.7,745.0,756.9,47206.15
2025-07-21 00:00:00+00:00,756.9,764.4,745.8,763.4,23280.0
2025-07-21 04:00:00+00:00,763.4,767.3,759.5,760.6,17653.07
2025-07-21 08:00:00+00:00,760.6,780.1,760.1,769.6,36146.57
2025-07-21 12:00:00+00:00,769.6,782.6,766.3,774.4,30156.72
2025-07-21 16:00:00+00:00,774.4,775.4,755.2,757.1,46882.73
2025-07-21 20:00:00+00:00,757.1,767.6,754.6,766.3,11664.54
2025-07-22 00:00:00+00:00,766.3,772.2,752.6,760.1,35438.11
2025-07-22 04:00:00+00:00,760.1,764.1,744.6,757.9,35258.68
2025-07-22 08:00:00+00:00,757.9,765.9,749.3,765.9,38718.2
2025-07-22 12:00:00+00:00,765.9,767.8,755.6,764.2,20088.57
2025-07-22 16:00:00+00:00,764.2,776.4,763.9,772.6,24608.03
2025-07-22 20:00:00+00:00,772.6,789.5,772.1,787.8,27486.51
2025-07-23 00:00:00+00:00,787.8,806.0,785.8,798.2,80616.16
2025-07-23 04:00:00+00:00,798.2,802.6,792.4,795.0,44381.26
2025-07-23 08:00:00+00:00,795.0,809.6,788.5,809.1,61057.44
2025-07-23 12:00:00+00:00,809.1,810.6,774.9,784.5,124779.95
2025-07-23 16:00:00+00:00,784.5,784.5,760.5,770.8,62767.67
2025-07-23 20:00:00+00:00,770.8,777.4,752.1,776.7,48727.62
2025-07-24 00:00:00+00:00,776.7,786.5,772.9,779.5,23810.63
2025-07-24 04:00:00+00:00,779.5,780.2,742.2,759.1,68877.06
2025-07-24 08:00:00+00:00,759.1,772.5,755.5,770.3,30147.77
2025-07-24 12:00:00+00:00,770.3,781.5,761.0,778.4,36247.35
2025-07-24 16:00:00+00:00,778.4,785.9,769.9,779.0,28692.75
2025-07-24 20:00:00+00:00,779.0,781.7,769.4,770.6,22890.53
2025-07-25 00:00:00+00:00,770.6,771.3,752.5,756.5,35128.71
2025-07-25 04:00:00+00:00,756.5,766.9,751.8,761.4,30795.34
2025-07-25 08:00:00+00:00,761.4,773.4,761.3,771.9,19540.41
2025-07-25 12:00:00+00:00,771.9,776.8,760.6,765.8,28302.36
2025-07-25 16:00:00+00:00,765.8,777.6,763.2,774.4,16366.22
2025-07-25 20:00:00+00:00,774.4,786.0,773.8,785.5,13947.04
2025-07-26 00:00:00+00:00,785.5,785.7,778.5,783.6,10315.02
2025-07-26 04:00:00+00:00,783.6,784.3,780.3,782.7,6606.68
2025-07-26 08:00:00+00:00,782.7,785.6,780.2,781.7,8358.02
2025-07-26 12:00:00+00:00,781.7,783.2,779.2,781.2,5918.89
2025-07-26 16:00:00+00:00,781.2,784.9,778.1,784.8,6074.04
2025-07-26 20:00:00+00:00,784.8,798.5,783.4,793.2,30928.25
2025-07-27 00:00:00+00:00,793.2,799.4,791.0,794.4,17259.88
2025-07-27 04:00:00+00:00,794.4,798.9,793.9,796.5,12293.56
2025-07-27 08:00:00+00:00,796.5,799.8,792.9,797.0,13960.32
2025-07-27 12:00:00+00:00,797.0,817.1,793.5,815.7,33132.34
2025-07-27 16:00:00+00:00,815.7,831.7,812.6,831.0,77747.5
2025-07-27 20:00:00+00:00,831.0,848.0,827.7,844.7,65166.03
2025-07-28 00:00:00+00:00,844.7,856.0,840.1,842.1,69219.64
2025-07-28 04:00:00+00:00,842.1,861.0,840.4,856.4,57011.34
2025-07-28 08:00:00+00:00,856.4,861.7,845.2,851.0,45611.03
2025-07-28 12:00:00+00:00,851.0,857.9,831.6,836.2,90144.22
2025-07-28 16:00:00+00:00,836.2,841.2,825.9,831.8,34410.46
2025-07-28 20:00:00+00:00,831.8,832.4,820.4,824.0,30746.26
2025-07-29 00:00:00+00:00,824.0,835.5,815.4,829.0,45547.2
2025-07-29 04:00:00+00:00,829.0,834.5,824.9,825.2,37763.59
2025-07-29 08:00:00+00:00,825.2,833.9,820.5,826.5,26753.98
2025-07-29 12:00:00+00:00,826.5,830.3,801.9,805.4,66359.87
2025-07-29 16:00:00+00:00,805.4,815.7,800.3,803.7,47369.26
2025-07-29 20:00:00+00:00,803.7,809.6,800.2,805.3,23601.54
2025-07-30 00:00:00+00:00,805.3,811.9,796.2,804.8,28385.19
2025-07-30 04:00:00+00:00,804.8,807.0,795.9,800.6,24613.24
2025-07-30 08:00:00+00:00,800.6,805.8,786.6,788.8,36535.59
2025-07-30 12:00:00+00:00,788.8,795.7,778.8,790.6,50963.63
2025-07-30 16:00:00+00:00,790.6,794.6,765.5,785.1,54182.01
2025-07-30 20:00:00+00:00,785.1,793.6,782.6,793.2,13721.08
2025-07-31 00:00:00+00:00,793.2,799.2,791.0,798.7,18093.34
2025-07-31 04:00:00+00:00,798.7,805.0,795.9,803.1,17426.0
2025-07-31 08:00:00+00:00,803.1,814.3,798.4,800.1,25152.79
2025-07-31 12:00:00+00:00,800.1,800.9,786.9,799.5,40130.77
2025-07-31 16:00:00+00:00,799.5,813.2,793.1,795.9,52966.19
2025-07-31 20:00:00+00:00,795.9,798.5,781.2,782.9,26673.79
2025-08-01 00:00:00+00:00,782.9,795.3,774.2,783.7,36761.51
2025-08-01 04:00:00+00:00,783.7,784.0,769.7,773.1,28825.85
2025-08-01 08:00:00+00:00,773.1,773.1,762.6,771.3,34251.26
2025-08-01 12:00:00+00:00,771.3,775.6,756.8,763.6,43901.13
2025-08-01 16:00:00+00:00,763.6,768.1,753.4,761.0,34685.96
2025-08-01 20:00:00+00:00,761.0,762.4,743.9,756.8,31080.25
2025-08-02 00:00:00+00:00,756.8,768.4,755.1,763.8,12877.1
2025-08-02 04:00:00+00:00,763.8,769.8,749.4,758.6,23880.08
2025-08-02 08:00:00+00:00,758.6,759.0,750.0,755.8,13680.65
2025-08-02 12:00:00+00:00,755.8,756.0,740.5,742.5,18090.66
2025-08-02 16:00:00+00:00,742.5,749.6,733.5,736.9,38418.37
2025-08-02 20:00:00+00:00,736.9,744.9,731.8,736.2,19959.76
2025-08-03 00:00:00+00:00,736.2,744.4,729.4,743.7,17701.79
2025-08-03 04:00:00+00:00,743.7,748.5,740.8,747.6,6787.71
2025-08-03 08:00:00+00:00,747.6,753.0,745.9,748.2,10336.21
2025-08-03 12:00:00+00:00,748.2,750.9,745.0,748.1,6721.51
2025-08-03 16:00:00+00:00,748.1,755.1,746.6,752.2,8639.11
2025-08-03 20:00:00+00:00,752.2,754.0,750.0,750.5,6579.6
2025-08-04 00:00:00+00:00,750.5,758.6,749.8,753.5,9578.69
2025-08-04 04:00:00+00:00,753.5,757.8,751.5,756.6,4799.38
2025-08-04 08:00:00+00:00,756.6,759.9,754.1,755.0,6915.4
2025-08-04 12:00:00+00:00,755.0,765.2,754.5,760.0,21564.39
2025-08-04 16:00:00+00:00,760.0,769.3,759.4,760.7,12257.14
2025-08-04 20:00:00+00:00,760.7,769.4,759.7,768.2,6587.33
2025-08-05 00:00:00+00:00,768.2,769.6,759.9,760.4,11399.11
2025-08-05 04:00:00+00:00,760.4,766.6,754.5,756.9,11560.95
2025-08-05 08:00:00+00:00,756.9,766.0,755.3,764.9,9522.17
2025-08-05 12:00:00+00:00,764.9,765.4,745.7,748.6,25081.63
2025-08-05 16:00:00+00:00,748.6,754.0,746.6,747.9,11803.27
2025-08-05 20:00:00+00:00,747.9,756.0,744.6,754.7,9625.1
2025-08-06 00:00:00+00:00,754.7,755.7,745.8,748.1,8818.67
2025-08-06 04:00:00+00:00,748.1,763.0,746.8,762.8,14659.15
2025-08-06 08:00:00+00:00,762.8,764.7,758.2,761.6,13030.96
2025-08-06 12:00:00+00:00,761.6,769.3,757.2,768.8,17662.25
2025-08-06 16:00:00+00:00,768.8,775.2,765.3,772.6,18760.98
2025-08-06 20:00:00+00:00,772.6,773.0,767.6,769.2,7509.22
2025-08-07 00:00:00+00:00,769.2,774.3,764.5,766.0,10819.09
2025-08-07 04:00:00+00:00,766.0,769.2,764.5,767.9,9741.86
2025-08-07 08:00:00+00:00,767.9,779.5,763.8,776.5,20166.7
2025-08-07 12:00:00+00:00,776.5,777.5,770.2,775.2,19122.47
2025-08-07 16:00:00+00:00,775.2,780.4,767.5,780.2,16049.08
2025-08-07 20:00:00+00:00,780.2,788.3,779.8,788.1,12733.22
2025-08-08 00:00:00+00:00,788.1,792.6,780.4,785.9,25041.26
2025-08-08 04:00:00+00:00,785.9,791.7,783.6,789.5,12789.46
2025-08-08 08:00:00+00:00,789.5,790.6,783.9,788.9,11451.68
2025-08-08 12:00:00+00:00,788.9,796.5,781.0,784.3,40571.22
2025-08-08 16:00:00+00:00,784.3,795.9,783.9,794.9,14282.17
2025-08-08 20:00:00+00:00,794.9,798.1,792.0,793.0,9379.04
2025-08-09 00:00:00+00:00,793.0,797.3,792.1,796.4,4794.9
2025-08-09 04:00:00+00:00,796.4,809.8,796.1,809.2,26029.74
2025-08-09 08:00:00+00:00,809.2,819.0,805.3,811.3,29586.15
2025-08-09 12:00:00+00:00,811.3,815.4,804.0,805.8,23523.74
2025-08-09 16:00:00+00:00,805.8,808.3,802.3,804.1,13246.22
2025-08-09 20:00:00+00:00,804.1,807.1,797.4,798.2,13805.06
2025-08-10 00:00:00+00:00,798.2,812.8,798.2,811.0,13694.95
2025-08-10 04:00:00+00:00,811.0,815.5,797.7,798.7,23276.87
2025-08-10 08:00:00+00:00,798.7,804.3,793.0,798.7,16696.16
2025-08-10 12:00:00+00:00,798.7,803.2,795.1,801.5,10837.98
2025-08-10 16:00:00+00:00,801.5,804.2,799.7,802.5,8284.75
2025-08-10 20:00:00+00:00,802.5,807.1,798.7,807.0,11620.02
2025-08-11 00:00:00+00:00,807.0,827.2,805.9,820.8,41167.39
2025-08-11 04:00:00+00:00,820.8,824.4,809.4,811.4,23406.26
2025-08-11 08:00:00+00:00,811.4,816.2,793.3,795.8,34603.13
2025-08-11 12:00:00+00:00,795.8,807.3,791.8,807.0,30246.29
2025-08-11 16:00:00+00:00,807.0,811.9,800.6,805.7,17930.54
2025-08-11 20:00:00+00:00,805.7,810.1,796.8,804.7,15213.07
2025-08-12 00:00:00+00:00,804.7,814.8,803.2,807.9,14823.86
2025-08-12 04:00:00+00:00,807.9,813.1,802.4,807.7,11539.05
2025-08-12 08:00:00+00:00,807.7,808.7,797.1,802.6,14618.52
2025-08-12 12:00:00+00:00,802.6,820.7,800.0,820.6,38813.22
2025-08-12 16:00:00+00:00,820.6,832.9,820.6,831.7,41121.88
2025-08-12 20:00:00+00:00,831.7,840.1,830.7,832.5,31086.21
2025-08-13 00:00:00+00:00,832.5,841.1,828.3,836.3,22383.43
2025-08-13 04:00:00+00:00,836.3,854.7,832.8,847.0,48901.51
2025-08-13 08:00:00+00:00,847.0,858.9,844.8,855.0,44384.8
2025-08-13 12:00:00+00:00,855.0,859.2,838.8,841.7,49696.35
2025-08-13 16:00:00+00:00,841.7,848.7,837.7,845.2,18893.43
2025-08-13 20:00:00+00:00,845.2,850.0,839.7,847.7,17083.56
2025-08-14 00:00:00+00:00,847.7,857.1,843.7,855.1,27373.2
2025-08-14 04:00:00+00:00,855.1,866.4,850.0,858.2,55297.45
2025-08-14 08:00:00+00:00,858.2,870.0,855.5,862.3,50740.06
2025-08-14 12:00:00+00:00,862.3,865.8,820.3,847.1,136626.87
2025-08-14 16:00:00+00:00,847.1,848.3,827.7,838.2,46810.77
2025-08-14 20:00:00+00:00,838.2,843.2,824.6,840.5,24689.57
2025-08-15 00:00:00+00:00,840.5,849.7,833.7,848.9,18898.86
2025-08-15 04:00:00+00:00,848.9,853.7,845.3,848.2,16066.64
2025-08-15 08:00:00+00:00,848.2,852.9,841.0,843.6,23357.38
2025-08-15 12:00:00+00:00,843.6,847.5,815.3,818.5,61516.45
2025-08-15 16:00:00+00:00,818.5,826.2,812.4,820.7,22296.37
2025-08-15 20:00:00+00:00,820.7,832.2,819.1,827.7,17980.9
2025-08-16 00:00:00+00:00,827.7,836.7,825.9,831.8,15667.22
2025-08-16 04:00:00+00:00,831.8,837.1,830.1,835.4,16808.35
2025-08-16 08:00:00+00:00,835.4,836.3,826.1,826.3,13983.38
2025-08-16 12:00:00+00:00,826.3,835.6,824.7,831.6,10631.32
2025-08-16 16:00:00+00:00,831.6,836.4,831.0,834.3,7245.37
2025-08-16 20:00:00+00:00,834.3,839.3,833.4,838.7,7232.0
2025-08-17 00:00:00+00:00,838.7,851.8,838.0,844.7,26368.91
2025-08-17 04:00:00+00:00,844.7,856.0,844.5,854.2,20177.24
2025-08-17 08:00:00+00:00,854.2,864.5,851.6,861.7,27441.56
2025-08-17 12:00:00+00:00,861.7,862.4,854.7,860.0,23206.95
2025-08-17 16:00:00+00:00,860.0,861.4,848.4,850.9,16266.31
2025-08-17 20:00:00+00:00,850.9,859.0,850.6,855.3,9476.06
2025-08-18 00:00:00+00:00,855.3,858.6,831.0,834.9,60670.85
2025-08-18 04:00:00+00:00,834.9,839.2,824.4,829.6,24908.2
2025-08-18 08:00:00+00:00,829.6,837.0,827.8,831.0,27213.36
2025-08-18 12:00:00+00:00,831.0,841.9,830.0,841.3,36727.86
2025-08-18 16:00:00+00:00,841.3,847.8,837.6,844.6,27259.88
2025-08-18 20:00:00+00:00,844.6,855.8,842.2,846.9,21032.11
2025-08-19 00:00:00+00:00,846.9,851.8,839.5,841.5,33500.32
2025-08-19 04:00:00+00:00,841.5,849.7,834.8,837.8,25347.58
2025-08-19 08:00:00+00:00,837.8,848.0,835.2,846.0,13470.24
2025-08-19 12:00:00+00:00,846.0,847.4,829.0,831.8,35330.84
2025-08-19 16:00:00+00:00,831.8,834.7,824.2,832.3,22943.94
2025-08-19 20:00:00+00:00,832.3,837.1,822.3,823.6,16328.14
2025-08-20 00:00:00+00:00,823.6,836.9,817.7,836.3,36272.86
2025-08-20 04:00:00+00:00,836.3,837.5,832.2,834.1,11066.43
2025-08-20 08:00:00+00:00,834.1,835.7,825.9,831.1,27546.19
2025-08-20 12:00:00+00:00,831.1,837.8,818.3,832.8,33544.61
2025-08-20 16:00:00+00:00,832.8,870.5,832.8,869.3,69869.66
2025-08-20 20:00:00+00:00,869.3,881.5,866.7,869.2,46097.56
2025-08-21 00:00:00+00:00,869.2,884.5,866.2,866.2,51538.57
2025-08-21 04:00:00+00:00,866.2,866.6,857.8,862.3,26718.11
2025-08-21 08:00:00+00:00,862.3,864.2,849.1,851.0,36956.26
2025-08-21 12:00:00+00:00,851.0,856.2,840.4,841.3,47255.96
2025-08-21 16:00:00+00:00,841.3,844.2,833.4,835.7,34639.59
2025-08-21 20:00:00+00:00,835.7,842.3,832.6,839.0,18394.86
2025-08-22 00:00:00+00:00,839.0,853.1,838.6,845.1,24976.74
2025-08-22 04:00:00+00:00,845.1,854.1,845.0,850.7,17550.92
2025-08-22 08:00:00+00:00,850.7,854.8,843.8,848.8,17677.44
2025-08-22 12:00:00+00:00,848.8,882.7,841.9,876.2,103889.69
2025-08-22 16:00:00+00:00,876.2,898.7,876.2,895.1,51663.87
2025-08-22 20:00:00+00:00,895.1,901.4,892.9,900.7,25540.99
2025-08-23 00:00:00+00:00,900.7,900.8,875.8,883.2,34973.94
2025-08-23 04:00:00+00:00,883.2,893.6,882.6,887.7,17092.08
2025-08-23 08:00:00+00:00,887.7,897.5,884.5,888.5,21101.89
2025-08-23 12:00:00+00:00,888.5,894.4,885.3,888.7,12087.16
2025-08-23 16:00:00+00:00,888.7,889.9,878.8,883.2,24918.98
2025-08-23 20:00:00+00:00,883.2,884.1,876.8,880.3,16827.67
2025-08-24 00:00:00+00:00,880.3,887.4,873.5,878.3,29320.09
2025-08-24 04:00:00+00:00,878.3,882.0,869.5,869.7,23328.42
2025-08-24 08:00:00+00:00,869.7,871.6,859.9,860.9,23265.62
2025-08-24 12:00:00+00:00,860.9,871.9,859.3,867.1,23847.38
2025-08-24 16:00:00+00:00,867.1,883.2,858.4,869.2,59683.5
2025-08-24 20:00:00+00:00,869.2,879.9,859.5,876.1,27572.58
2025-08-25 00:00:00+00:00,876.1,880.5,865.3,876.0,20199.54
2025-08-25 04:00:00+00:00,876.0,879.3,856.1,858.0,28318.6
2025-08-25 08:00:00+00:00,858.0,863.7,850.1,854.2,25202.58
2025-08-25 12:00:00+00:00,854.2,871.3,853.4,863.0,34186.14
2025-08-25 16:00:00+00:00,863.0,870.0,852.8,853.3,28596.07
2025-08-25 20:00:00+00:00,853.3,857.2,832.4,838.5,55549.27
2025-08-26 00:00:00+00:00,838.5,849.2,829.0,843.9,27880.98
2025-08-26 04:00:00+00:00,843.9,847.2,838.6,842.2,14549.4
2025-08-26 08:00:00+00:00,842.2,844.8,838.7,841.0,11668.65
2025-08-26 12:00:00+00:00,841.0,853.5,838.3,849.2,30654.18
2025-08-26 16:00:00+00:00,849.2,861.3,848.9,860.2,13471.51
2025-08-26 20:00:00+00:00,860.2,867.6,859.4,863.3,10593.11
2025-08-27 00:00:00+00:00,863.3,864.3,857.1,862.0,16520.74
2025-08-27 04:00:00+00:00,862.0,866.4,856.1,856.8,10536.6
2025-08-27 08:00:00+00:00,856.8,859.7,852.5,859.1,9046.54
2025-08-27 12:00:00+00:00,859.1,865.9,855.6,864.3,17029.2
2025-08-27 16:00:00+00:00,864.3,866.9,858.0,860.5,9793.11
2025-08-27 20:00:00+00:00,860.5,865.6,853.8,854.8,23654.08
2025-08-28 00:00:00+00:00,854.8,864.1,850.4,864.0,16000.92
2025-08-28 04:00:00+00:00,864.0,872.6,862.7,868.6,22956.79
2025-08-28 08:00:00+00:00,868.6,874.1,864.7,873.9,10560.35
2025-08-28 12:00:00+00:00,873.9,878.7,866.1,869.1,33668.22
2025-08-28 16:00:00+00:00,869.1,881.7,862.8,868.1,86727.7
2025-08-28 20:00:00+00:00,868.1,876.7,867.4,873.0,9886.0
2025-08-29 00:00:00+00:00,873.0,877.9,871.4,872.6,12071.02
2025-08-29 04:00:00+00:00,872.6,873.3,855.1,856.5,30551.15
2025-08-29 08:00:00+00:00,856.5,860.0,849.3,854.0,26984.34
2025-08-29 12:00:00+00:00,854.0,865.1,851.2,857.7,36357.48
2025-08-29 16:00:00+00:00,857.7,860.2,852.1,857.8,17809.71
2025-08-29 20:00:00+00:00,857.8,863.7,852.6,862.0,9582.92
2025-08-30 00:00:00+00:00,862.0,862.1,851.7,860.2,15190.34
2025-08-30 04:00:00+00:00,860.2,861.4,856.6,860.0,7701.49
2025-08-30 08:00:00+00:00,860.0,861.2,858.0,859.9,4775.68
2025-08-30 12:00:00+00:00,859.9,859.9,850.9,858.6,12383.87
2025-08-30 16:00:00+00:00,858.6,858.8,855.6,858.5,3604.71
2025-08-30 20:00:00+00:00,858.5,863.7,856.4,861.8,5108.36
2025-08-31 00:00:00+00:00,861.8,864.1,859.2,862.9,6408.14
2025-08-31 04:00:00+00:00,862.9,862.9,857.5,858.3,4023.21
2025-08-31 08:00:00+00:00,858.3,861.0,856.5,859.5,3127.13
2025-08-31 12:00:00+00:00,859.5,861.8,858.6,861.5,3896.76
2025-08-31 16:00:00+00:00,861.5,866.9,860.7,864.2,9862.1
2025-08-31 20:00:00+00:00,864.2,867.6,856.5,857.2,7482.43
2025-09-01 00:00:00+00:00,857.2,865.1,852.9,855.9,22923.22
2025-09-01 04:00:00+00:00,855.9,867.1,848.6,865.2,17834.35
2025-09-01 08:00:00+00:00,865.2,868.9,850.6,851.6,29636.22
2025-09-01 12:00:00+00:00,851.6,854.6,843.6,846.7,16218.55
2025-09-01 16:00:00+00:00,846.7,848.9,843.0,848.9,10575.83
2025-09-01 20:00:00+00:00,848.9,848.9,839.1,845.3,22123.89
2025-09-02 00:00:00+00:00,845.3,853.8,843.0,852.0,11081.66
2025-09-02 04:00:00+00:00,852.0,855.4,850.2,854.5,7764.26
2025-09-02 08:00:00+00:00,854.5,856.3,846.4,847.3,15502.79
2025-09-02 12:00:00+00:00,847.3,852.0,840.2,846.4,21122.91
2025-09-02 16:00:00+00:00,846.4,850.9,845.2,849.3,5117.46
2025-09-02 20:00:00+00:00,849.3,853.9,848.9,851.4,7300.97
2025-09-03 00:00:00+00:00,851.4,853.6,848.5,851.1,5114.51
2025-09-03 04:00:00+00:00,851.1,854.2,848.9,854.1,3490.8
2025-09-03 08:00:00+00:00,854.1,855.0,851.7,853.5,4684.0
2025-09-03 12:00:00+00:00,853.5,863.7,851.5,859.9,13727.78
2025-09-03 16:00:00+00:00,859.9,862.0,856.4,856.9,7149.02
2025-09-03 20:00:00+00:00,856.9,857.2,852.0,854.4,7218.95
2025-09-04 00:00:00+00:00,854.4,856.6,847.8,848.3,6846.48
2025-09-04 04:00:00+00:00,848.3,849.2,843.6,847.3,13270.84
2025-09-04 08:00:00+00:00,847.3,849.6,846.5,847.5,6386.73
2025-09-04 12:00:00+00:00,847.5,849.4,842.3,843.8,14064.68
2025-09-04 16:00:00+00:00,843.8,846.3,840.4,842.8,11035.47
2025-09-04 20:00:00+00:00,842.8,849.4,842.6,843.2,6243.55
2025-09-05 00:00:00+00:00,843.2,847.3,841.9,845.4,5383.49
2025-09-05 04:00:00+00:00,845.4,850.6,843.1,850.0,6570.33
2025-09-05 08:00:00+00:00,850.0,850.5,847.0,850.4,9276.51
2025-09-05 12:00:00+00:00,850.4,857.4,843.7,848.4,27322.22
2025-09-05 16:00:00+00:00,848.4,851.3,847.8,850.3,4915.03
2025-09-05 20:00:00+00:00,850.3,851.9,847.7,849.6,4194.6
2025-09-06 00:00:00+00:00,849.6,859.4,849.0,858.0,14382.9
2025-09-06 04:00:00+00:00,858.0,859.8,855.5,859.3,9484.59
2025-09-06 08:00:00+00:00,859.3,862.2,856.1,860.7,16554.38
2025-09-06 12:00:00+00:00,860.7,865.2,858.4,859.2,11541.23
2025-09-06 16:00:00+00:00,859.2,861.7,856.8,857.3,10323.93
2025-09-06 20:00:00+00:00,857.3,863.0,855.3,860.6,8032.69
2025-09-07 00:00:00+00:00,860.6,868.2,860.2,866.1,10025.63
2025-09-07 04:00:00+00:00,866.1,867.9,864.4,867.3,6319.54
2025-09-07 08:00:00+00:00,867.3,874.1,866.9,873.2,11912.05
2025-09-07 12:00:00+00:00,873.2,875.0,869.3,874.2,9169.54
2025-09-07 16:00:00+00:00,874.2,876.6,872.0,875.1,8491.1
2025-09-07 20:00:00+00:00,875.1,884.0,873.0,879.8,12550.73
2025-09-08 00:00:00+00:00,879.8,885.7,877.2,881.6,14906.81
2025-09-08 04:00:00+00:00,881.6,882.0,871.0,873.5,14701.98
2025-09-08 08:00:00+00:00,873.5,878.8,869.3,878.3,15263.2
2025-09-08 12:00:00+00:00,878.3,882.5,876.5,879.5,10434.3
2025-09-08 16:00:00+00:00,879.5,881.7,875.4,877.1,9446.09
2025-09-08 20:00:00+00:00,877.1,882.0,876.3,877.7,12346.19
2025-09-09 00:00:00+00:00,877.7,879.4,871.3,874.6,11214.82
2025-09-09 04:00:00+00:00,874.6,883.9,873.5,880.6,17096.81
2025-09-09 08:00:00+00:00,880.6,884.2,879.4,879.4,10228.13
2025-09-09 12:00:00+00:00,879.4,881.8,870.7,872.8,18372.57
2025-09-09 16:00:00+00:00,872.8,877.0,871.9,876.5,6581.82
2025-09-09 20:00:00+00:00,876.5,883.4,873.7,879.5,14834.74
2025-09-10 00:00:00+00:00,879.5,882.0,876.4,880.0,7822.81
2025-09-10 04:00:00+00:00,880.0,886.1,878.4,883.0,19312.3
2025-09-10 08:00:00+00:00,883.0,884.8,880.8,884.1,15369.63
2025-09-10 12:00:00+00:00,884.1,907.4,883.9,895.5,85386.83
2025-09-10 16:00:00+00:00,895.5,899.3,888.3,890.5,17897.44
2025-09-10 20:00:00+00:00,890.5,895.0,887.7,893.4,15015.84
2025-09-11 00:00:00+00:00,893.4,894.8,888.0,894.1,16965.09
2025-09-11 04:00:00+00:00,894.1,898.3,892.2,896.3,12967.5
2025-09-11 08:00:00+00:00,896.3,902.1,894.6,898.6,11513.12
2025-09-11 12:00:00+00:00,898.6,904.2,890.4,892.8,36285.1
2025-09-11 16:00:00+00:00,892.8,897.7,892.6,896.2,8051.78
2025-09-11 20:00:00+00:00,896.2,903.1,894.5,902.1,11184.71
2025-09-12 00:00:00+00:00,902.1,908.7,901.1,904.4,19839.74
2025-09-12 04:00:00+00:00,904.4,909.6,902.7,903.1,17673.76
2025-09-12 08:00:00+00:00,903.1,908.9,902.0,905.0,10005.14
2025-09-12 12:00:00+00:00,905.0,909.8,903.5,906.5,11858.62
2025-09-12 16:00:00+00:00,906.5,925.8,906.2,924.0,38820.3
2025-09-12 20:00:00+00:00,924.0,929.8,921.8,924.2,22086.33
2025-09-13 00:00:00+00:00,924.2,929.0,923.1,927.4,13595.63
2025-09-13 04:00:00+00:00,927.4,927.5,923.4,924.8,9764.29
2025-09-13 08:00:00+00:00,924.8,943.7,923.9,941.4,38683.18
2025-09-13 12:00:00+00:00,941.4,943.9,931.5,936.5,30939.06
2025-09-13 16:00:00+00:00,936.5,937.9,921.4,929.9,35138.44
2025-09-13 20:00:00+00:00,929.9,934.4,928.2,933.4,11366.16
2025-09-14 00:00:00+00:00,933.4,938.3,928.8,930.6,19741.59
2025-09-14 04:00:00+00:00,930.6,945.2,927.1,937.2,18730.24
2025-09-14 08:00:00+00:00,937.2,941.3,930.5,931.2,14140.44
2025-09-14 12:00:00+00:00,931.2,936.6,922.2,924.0,26563.23
2025-09-14 16:00:00+00:00,924.0,928.8,922.9,927.1,12143.89
2025-09-14 20:00:00+00:00,927.1,934.0,924.3,925.7,11794.17
2025-09-15 00:00:00+00:00,925.7,932.7,921.5,931.8,9490.1
2025-09-15 04:00:00+00:00,931.8,935.2,921.7,922.8,16501.27
2025-09-15 08:00:00+00:00,922.8,922.9,910.0,919.9,46763.76
2025-09-15 12:00:00+00:00,919.9,922.5,911.7,915.9,22156.67
2025-09-15 16:00:00+00:00,915.9,921.7,911.9,918.7,11608.85
2025-09-15 20:00:00+00:00,918.7,922.3,917.6,919.1,7407.59
2025-09-16 00:00:00+00:00,919.1,922.4,916.1,920.7,8371.45
2025-09-16 04:00:00+00:00,920.7,932.1,916.2,930.7,23039.14
2025-09-16 08:00:00+00:00,930.7,933.3,924.1,927.0,10778.81
2025-09-16 12:00:00+00:00,927.0,937.8,921.5,937.3,35687.8
2025-09-16 16:00:00+00:00,937.3,957.1,932.1,954.5,84326.33
2025-09-16 20:00:00+00:00,954.5,959.2,953.5,955.5,18665.97
2025-09-17 00:00:00+00:00,955.5,962.9,954.3,956.7,26729.88
2025-09-17 04:00:00+00:00,956.7,959.0,946.7,954.7,32425.53
2025-09-17 08:00:00+00:00,954.7,957.0,950.7,953.1,16761.37
2025-09-17 12:00:00+00:00,953.1,954.4,947.1,951.0,18522.28
2025-09-17 16:00:00+00:00,951.0,962.4,945.6,956.3,60544.56
2025-09-17 20:00:00+00:00,956.3,995.8,951.5,989.7,72029.06
2025-09-18 00:00:00+00:00,989.7,996.7,982.3,995.4,37692.42
2025-09-18 04:00:00+00:00,995.4,1000.0,987.5,998.0,35248.17
2025-09-18 08:00:00+00:00,998.0,1007.0,990.3,991.7,58384.24
2025-09-18 12:00:00+00:00,991.7,998.8,990.6,993.2,20749.8
2025-09-18 16:00:00+00:00,993.2,995.1,985.3,987.7,20374.75
2025-09-18 20:00:00+00:00,987.7,988.5,979.1,980.8,16732.66
2025-09-19 00:00:00+00:00,980.8,988.4,980.3,984.3,21821.23
2025-09-19 04:00:00+00:00,984.3,997.1,981.6,994.1,36840.03
2025-09-19 08:00:00+00:00,994.1,1002.4,984.5,985.6,47080.18
2025-09-19 12:00:00+00:00,985.6,992.2,973.3,982.1,54874.36
2025-09-19 16:00:00+00:00,982.1,984.3,974.3,977.5,25954.38
2025-09-19 20:00:00+00:00,977.5,984.9,976.3,983.4,17931.77
2025-09-20 00:00:00+00:00,983.4,992.6,982.2,990.8,18636.91
2025-09-20 04:00:00+00:00,990.8,1001.6,990.1,998.9,26266.48
2025-09-20 08:00:00+00:00,998.9,1005.4,992.5,1001.5,46796.41
2025-09-20 12:00:00+00:00,1001.5,1028.4,997.9,1021.0,89658.05
2025-09-20 16:00:00+00:00,1021.0,1029.4,1015.4,1018.8,41887.83
2025-09-20 20:00:00+00:00,1018.8,1049.0,1018.0,1043.5,45863.4
2025-09-21 00:00:00+00:00,1043.5,1083.2,1038.9,1069.1,104150.64
2025-09-21 04:00:00+00:00,1069.1,1080.7,1058.5,1073.4,41532.82
2025-09-21 08:00:00+00:00,1073.4,1074.9,1049.0,1050.0,51184.21
2025-09-21 12:00:00+00:00,1050.0,1056.9,1043.5,1055.6,45038.89
2025-09-21 16:00:00+00:00,1055.6,1057.0,1039.4,1047.3,41255.84
2025-09-21 20:00:00+00:00,1047.3,1053.6,1041.0,1047.3,24245.71
2025-09-22 00:00:00+00:00,1047.3,1050.0,1024.3,1029.6,76033.33
2025-09-22 04:00:00+00:00,1029.6,1037.6,992.8,1023.5,116109.35
2025-09-22 08:00:00+00:00,1023.5,1035.8,1012.5,1018.2,47195.57
2025-09-22 12:00:00+00:00,1018.2,1027.7,993.7,997.1,81311.17
2025-09-22 16:00:00+00:00,997.1,998.0,976.4,980.8,69933.58
2025-09-22 20:00:00+00:00,980.8,994.7,978.4,992.3,27910.69
2025-09-23 00:00:00+00:00,992.3,997.4,962.0,982.0,41151.08
2025-09-23 04:00:00+00:00,982.0,1005.6,976.1,1000.9,40723.13
2025-09-23 08:00:00+00:00,1000.9,1013.9,996.0,1010.0,41890.58
2025-09-23 12:00:00+00:00,1010.0,1026.7,1008.5,1022.5,67592.82
2025-09-23 16:00:00+00:00,1022.5,1027.2,1005.6,1008.6,57159.78
2025-09-23 20:00:00+00:00,1008.6,1020.9,1007.6,1015.7,25159.03
2025-09-24 00:00:00+00:00,1015.7,1026.6,1001.5,1001.8,46788.07
2025-09-24 04:00:00+00:00,1001.8,1018.8,991.0,1017.5,42016.18
2025-09-24 08:00:00+00:00,1017.5,1034.2,1012.0,1015.8,60922.39
2025-09-24 12:00:00+00:00,1015.8,1020.7,1006.8,1009.0,31240.89
2025-09-24 16:00:00+00:00,1009.0,1019.2,1007.2,1015.1,14496.29
2025-09-24 20:00:00+00:00,1015.1,1018.9,1011.3,1017.8,8786.39
2025-09-25 00:00:00+00:00,1017.8,1019.1,995.0,999.1,35411.67
2025-09-25 04:00:00+00:00,999.1,999.8,984.5,991.3,44941.76
2025-09-25 08:00:00+00:00,991.3,995.8,980.3,985.4,23229.82
2025-09-25 12:00:00+00:00,985.4,999.9,978.4,994.6,53757.96
2025-09-25 16:00:00+00:00,994.6,996.6,950.0,958.5,129884.71
2025-09-25 20:00:00+00:00,958.5,960.9,939.2,945.7,34884.4
2025-09-26 00:00:00+00:00,945.7,959.0,940.4,945.3,26994.37
2025-09-26 04:00:00+00:00,945.3,949.8,936.0,949.3,34899.49
2025-09-26 08:00:00+00:00,949.3,950.6,931.5,936.8,44291.24
2025-09-26 12:00:00+00:00,936.8,951.6,931.4,941.8,41615.37
2025-09-26 16:00:00+00:00,941.8,965.6,940.7,954.1,40436.18
2025-09-26 20:00:00+00:00,954.1,960.3,950.6,960.3,12849.7
2025-09-27 00:00:00+00:00,960.3,967.0,955.0,965.9,16838.74
2025-09-27 04:00:00+00:00,965.9,973.4,964.3,971.8,19310.07
2025-09-27 08:00:00+00:00,971.8,975.0,964.7,970.1,35583.16
2025-09-27 12:00:00+00:00,970.1,985.7,968.0,975.6,38251.62
2025-09-27 16:00:00+00:00,975.6,976.5,964.4,968.9,22538.99
2025-09-27 20:00:00+00:00,968.9,977.7,966.5,968.1,18362.87
2025-09-28 00:00:00+00:00,968.1,974.4,964.8,973.7,15305.33
2025-09-28 04:00:00+00:00,973.7,974.7,967.8,969.0,12386.21
2025-09-28 08:00:00+00:00,969.0,972.8,961.9,972.8,16775.01
2025-09-28 12:00:00+00:00,972.8,978.9,965.7,975.2,20151.18
2025-09-28 16:00:00+00:00,975.2,980.1,974.5,977.4,16091.82
2025-09-28 20:00:00+00:00,977.4,993.0,976.9,992.4,19367.96
2025-09-29 00:00:00+00:00,992.4,1011.1,990.6,1009.8,25291.86
2025-09-29 04:00:00+00:00,1009.8,1013.5,1005.0,1009.7,22052.45
2025-09-29 08:00:00+00:00,1009.7,1012.8,1001.8,1004.8,18714.82
2025-09-29 12:00:00+00:00,1004.8,1023.0,999.6,1010.4,44403.74
2025-09-29 16:00:00+00:00,1010.4,1021.0,1003.3,1019.8,26538.65
2025-09-29 20:00:00+00:00,1019.8,1035.9,1018.7,1029.5,30479.93
2025-09-30 00:00:00+00:00,1029.5,1033.7,1021.3,1022.9,20539.85
2025-09-30 04:00:00+00:00,1022.9,1027.9,1016.2,1019.6,21281.06
2025-09-30 08:00:00+00:00,1019.6,1021.1,1006.3,1014.1,33664.97
2025-09-30 12:00:00+00:00,1014.1,1014.5,992.3,997.7,33523.64
2025-09-30 16:00:00+00:00,997.7,1008.6,996.1,1006.6,22343.19
2025-09-30 20:00:00+00:00,1006.6,1009.9,1000.3,1007.9,21119.96
2025-10-01 00:00:00+00:00,1007.9,1015.3,1002.6,1004.1,21526.19
2025-10-01 04:00:00+00:00,1004.1,1012.9,1004.0,1009.2,12441.78
2025-10-01 08:00:00+00:00,1009.2,1035.7,1008.7,1022.8,56648.54
2025-10-01 12:00:00+00:00,1022.8,1028.2,1015.6,1018.6,34183.66
2025-10-01 16:00:00+00:00,1018.6,1024.8,1017.0,1018.9,17998.11
2025-10-01 20:00:00+00:00,1018.9,1026.0,1016.7,1025.8,13537.75
2025-10-02 00:00:00+00:00,1025.8,1037.4,1022.1,1030.5,37036.56
2025-10-02 04:00:00+00:00,1030.5,1041.0,1026.6,1035.4,22220.03
2025-10-02 08:00:00+00:00,1035.4,1049.5,1032.7,1047.1,24864.55
2025-10-02 12:00:00+00:00,1047.1,1063.5,1040.9,1055.2,57115.26
2025-10-02 16:00:00+00:00,1055.2,1076.5,1055.0,1073.3,35130.63
2025-10-02 20:00:00+00:00,1073.3,1099.2,1072.4,1089.7,51987.62
2025-10-03 00:00:00+00:00,1089.7,1112.2,1083.8,1107.4,38194.22
2025-10-03 04:00:00+00:00,1107.4,1112.2,1084.2,1085.8,45068.71
2025-10-03 08:00:00+00:00,1085.8,1114.6,1083.4,1106.2,47961.28
2025-10-03 12:00:00+00:00,1106.2,1167.8,1102.1,1164.6,114377.62
2025-10-03 16:00:00+00:00,1164.6,1178.7,1120.0,1170.1,126287.16
2025-10-03 20:00:00+00:00,1170.1,1192.1,1164.6,1189.1,61102.87
2025-10-04 00:00:00+00:00,1189.1,1190.0,1163.4,1170.0,43301.77
2025-10-04 04:00:00+00:00,1170.0,1182.4,1165.1,1166.5,34081.34
2025-10-04 08:00:00+00:00,1166.5,1168.7,1144.9,1151.6,40424.39
2025-10-04 12:00:00+00:00,1151.6,1153.9,1139.5,1144.1,38438.14
2025-10-04 16:00:00+00:00,1144.1,1158.6,1136.7,1146.6,31638.15
2025-10-04 20:00:00+00:00,1146.6,1156.2,1144.3,1150.5,17489.26
2025-10-05 00:00:00+00:00,1150.5,1168.8,1142.8,1162.4,36939.34
2025-10-05 04:00:00+00:00,1162.4,1188.8,1162.3,1177.6,54000.33
2025-10-05 08:00:00+00:00,1177.6,1179.8,1153.3,1167.1,48670.75
2025-10-05 12:00:00+00:00,1167.1,1170.5,1156.0,1158.0,25741.23
2025-10-05 16:00:00+00:00,1158.0,1169.2,1147.7,1149.4,24687.69
2025-10-05 20:00:00+00:00,1149.4,1166.9,1147.1,1166.8,12803.16
2025-10-06 00:00:00+00:00,1166.8,1184.0,1161.4,1182.0,43143.83
2025-10-06 04:00:00+00:00,1182.0,1224.0,1178.1,1198.4,103660.16
2025-10-06 08:00:00+00:00,1198.4,1222.6,1198.2,1221.9,51556.94
2025-10-06 12:00:00+00:00,1221.9,1239.0,1208.9,1221.1,78393.91
2025-10-06 16:00:00+00:00,1221.1,1227.5,1213.5,1224.8,31533.56
2025-10-06 20:00:00+00:00,1224.8,1229.9,1217.5,1222.5,24545.14
2025-10-07 00:00:00+00:00,1222.5,1229.1,1202.3,1222.8,32324.84
2025-10-07 04:00:00+00:00,1222.8,1263.5,1219.7,1249.8,92224.37
2025-10-07 08:00:00+00:00,1249.8,1317.0,1231.6,1312.4,156990.02
2025-10-07 12:00:00+00:00,1312.4,1356.9,1261.1,1280.9,338283.64
2025-10-07 16:00:00+00:00,1280.9,1303.6,1265.5,1296.6,136630.67
2025-10-07 20:00:00+00:00,1296.6,1328.1,1295.3,1303.9,95277.61
2025-10-08 00:00:00+00:00,1303.9,1334.2,1269.3,1275.4,123305.15
2025-10-08 04:00:00+00:00,1275.4,1313.4,1263.6,1311.8,93593.0
2025-10-08 08:00:00+00:00,1311.8,1327.1,1301.6,1312.5,95566.86
2025-10-08 12:00:00+00:00,1312.5,1320.0,1281.4,1292.6,125027.64
2025-10-08 16:00:00+00:00,1292.6,1322.3,1288.0,1315.1,75474.22
2025-10-08 20:00:00+00:00,1315.1,1324.3,1293.1,1305.7,58176.14
2025-10-09 00:00:00+00:00,1305.7,1316.7,1253.1,1278.1,123307.01
2025-10-09 04:00:00+00:00,1278.1,1319.8,1270.8,1308.3,115314.08
2025-10-09 08:00:00+00:00,1308.3,1309.0,1267.1,1280.6,123039.99
2025-10-09 12:00:00+00:00,1280.6,1290.6,1225.0,1239.2,186504.11
2025-10-09 16:00:00+00:00,1239.2,1247.1,1223.9,1241.2,69996.47
2025-10-09 20:00:00+00:00,1241.2,1260.7,1239.4,1255.2,45646.41
2025-10-10 00:00:00+00:00,1255.2,1269.3,1243.8,1259.1,50079.18
2025-10-10 04:00:00+00:00,1259.1,1278.2,1257.9,1263.4,73619.04
2025-10-10 08:00:00+00:00,1263.4,1273.3,1245.3,1270.3,65922.19
2025-10-10 12:00:00+00:00,1270.3,1274.1,1204.6,1215.0,148651.09
2025-10-10 16:00:00+00:00,1215.0,1247.6,1209.7,1235.6,125506.14
2025-10-10 20:00:00+00:00,1235.6,1243.3,864.2,1102.1,567888.3
2025-10-11 00:00:00+00:00,1102.1,1143.5,1074.4,1127.0,121392.67
2025-10-11 04:00:00+00:00,1127.0,1139.7,1084.3,1094.8,69867.73
2025-10-11 08:00:00+00:00,1094.8,1140.6,1090.4,1129.8,59474.28
2025-10-11 12:00:00+00:00,1129.8,1158.7,1114.0,1142.4,65445.06
2025-10-11 16:00:00+00:00,1142.4,1182.6,1134.3,1140.7,101620.05
2025-10-11 20:00:00+00:00,1140.7,1146.6,1105.3,1134.4,82599.14
2025-10-12 00:00:00+00:00,1134.4,1137.2,1106.2,1120.5,93512.08
2025-10-12 04:00:00+00:00,1120.5,1168.2,1116.7,1160.2,58860.49
2025-10-12 08:00:00+00:00,1160.2,1229.7,1153.7,1228.9,149933.55
2025-10-12 12:00:00+00:00,1228.9,1308.7,1219.4,1301.3,261556.78
2025-10-12 16:00:00+00:00,1301.3,1312.0,1274.2,1296.2,152232.81
2025-10-12 20:00:00+00:00,1296.2,1320.0,1274.9,1302.4,114660.15
2025-10-13 00:00:00+00:00,1302.4,1322.3,1291.1,1295.8,84452.58
2025-10-13 04:00:00+00:00,1295.8,1354.3,1282.2,1342.3,128959.63
2025-10-13 08:00:00+00:00,1342.3,1375.1,1265.2,1294.1,267439.76
2025-10-13 12:00:00+00:00,1294.1,1304.7,1249.7,1272.9,193902.58
2025-10-13 16:00:00+00:00,1272.9,1288.4,1260.5,1270.9,92222.2
2025-10-13 20:00:00+00:00,1270.9,1298.3,1270.6,1293.8,55881.51
2025-10-14 00:00:00+00:00,1293.8,1317.6,1270.1,1277.4,81594.01
2025-10-14 04:00:00+00:00,1277.4,1279.7,1178.4,1194.3,189023.71
2025-10-14 08:00:00+00:00,1194.3,1212.0,1163.6,1170.4,155453.88
2025-10-14 12:00:00+00:00,1170.4,1214.2,1143.1,1212.8,176544.92
2025-10-14 16:00:00+00:00,1212.8,1249.7,1189.3,1205.4,176611.65
2025-10-14 20:00:00+00:00,1205.4,1221.7,1202.1,1207.8,47071.37
2025-10-15 00:00:00+00:00,1207.8,1222.6,1198.5,1205.9,39066.35
2025-10-15 04:00:00+00:00,1205.9,1215.8,1176.3,1189.4,58038.82
2025-10-15 08:00:00+00:00,1189.4,1215.4,1176.4,1184.4,70402.52
2025-10-15 12:00:00+00:00,1184.4,1191.0,1163.6,1168.0,79178.25
2025-10-15 16:00:00+00:00,1168.0,1187.7,1155.1,1163.8,74586.29
2025-10-15 20:00:00+00:00,1163.8,1170.3,1147.0,1162.4,41915.37
2025-10-16 00:00:00+00:00,1162.4,1195.2,1158.3,1183.6,47599.3
2025-10-16 04:00:00+00:00,1183.6,1192.1,1173.1,1183.4,40249.66
2025-10-16 08:00:00+00:00,1183.4,1194.7,1168.8,1180.8,77694.5
2025-10-16 12:00:00+00:00,1180.8,1190.6,1131.2,1134.6,74767.63
2025-10-16 16:00:00+00:00,1134.6,1157.0,1121.4,1144.7,74328.68
2025-10-16 20:00:00+00:00,1144.7,1164.5,1140.0,1144.2,32566.96
2025-10-17 00:00:00+00:00,1144.2,1156.5,1136.8,1150.0,22643.45
2025-10-17 04:00:00+00:00,1150.0,1153.8,1058.4,1062.4,97863.23
2025-10-17 08:00:00+00:00,1062.4,1079.4,1020.5,1071.3,168959.53
2025-10-17 12:00:00+00:00,1071.3,1076.9,1046.4,1073.8,86962.49
2025-10-17 16:00:00+00:00,1073.8,1093.1,1062.2,1066.1,55571.17
2025-10-17 20:00:00+00:00,1066.1,1089.9,1063.6,1070.1,26383.23
2025-10-18 00:00:00+00:00,1070.1,1094.1,1068.2,1089.3,33366.2
2025-10-18 04:00:00+00:00,1089.3,1131.0,1079.5,1118.1,52406.11
2025-10-18 08:00:00+00:00,1118.1,1124.5,1095.5,1102.6,52628.19
2025-10-18 12:00:00+00:00,1102.6,1104.9,1081.8,1090.9,40194.21
2025-10-18 16:00:00+00:00,1090.9,1103.1,1080.8,1102.1,25293.38
2025-10-18 20:00:00+00:00,1102.1,1105.0,1084.0,1091.7,19783.19
2025-10-19 00:00:00+00:00,1091.7,1093.7,1076.0,1091.4,20864.78
2025-10-19 04:00:00+00:00,1091.4,1097.2,1081.6,1083.9,17261.57
2025-10-19 08:00:00+00:00,1083.9,1109.4,1067.4,1099.8,76430.82
2025-10-19 12:00:00+00:00,1099.8,1122.3,1091.3,1118.1,48274.35
2025-10-19 16:00:00+00:00,1118.1,1133.0,1114.6,1116.6,37600.34
2025-10-19 20:00:00+00:00,1116.6,1121.2,1106.6,1109.1,17336.32
2025-10-20 00:00:00+00:00,1109.1,1130.1,1087.0,1127.7,34393.44
2025-10-20 04:00:00+00:00,1127.7,1142.6,1120.1,1124.1,39127.86
2025-10-20 08:00:00+00:00,1124.1,1129.3,1109.5,1114.6,39064.63
2025-10-20 12:00:00+00:00,1114.6,1116.8,1098.2,1109.7,43436.03
2025-10-20 16:00:00+00:00,1109.7,1109.7,1087.0,1100.3,51480.87
2025-10-20 20:00:00+00:00,1100.3,1104.0,1091.5,1099.7,14210.97
2025-10-21 00:00:00+00:00,1099.7,1101.8,1077.0,1081.0,25939.52
2025-10-21 04:00:00+00:00,1081.0,1081.5,1060.9,1071.7,38003.72
2025-10-21 08:00:00+00:00,1071.7,1079.8,1065.2,1076.4,18035.86
2025-10-21 12:00:00+00:00,1076.4,1114.1,1068.1,1111.7,73988.92
2025-10-21 16:00:00+00:00,1111.7,1113.1,1080.5,1089.3,52835.37
2025-10-21 20:00:00+00:00,1089.3,1090.8,1051.4,1056.2,40769.41
2025-10-22 00:00:00+00:00,1056.2,1070.5,1052.4,1067.3,26430.42
2025-10-22 04:00:00+00:00,1067.3,1074.2,1060.2,1070.8,20739.59
2025-10-22 08:00:00+00:00,1070.8,1073.9,1057.5,1068.6,31548.33
2025-10-22 12:00:00+00:00,1068.6,1083.5,1064.4,1080.2,76041.88
2025-10-22 16:00:00+00:00,1080.2,1081.6,1062.2,1069.3,33235.67
2025-10-22 20:00:00+00:00,1069.3,1074.0,1052.0,1071.4,29824.68
2025-10-23 00:00:00+00:00,1071.4,1091.4,1071.4,1086.6,25672.71
2025-10-23 04:00:00+00:00,1086.6,1110.8,1082.7,1108.9,34577.61
2025-10-23 08:00:00+00:00,1108.9,1122.1,1092.5,1094.0,59404.24
2025-10-23 12:00:00+00:00,1094.0,1159.6,1076.1,1129.6,221912.76
2025-10-23 16:00:00+00:00,1129.6,1140.0,1105.2,1116.7,99807.19
2025-10-23 20:00:00+00:00,1116.7,1129.5,1110.0,1125.5,28056.71
2025-10-24 00:00:00+00:00,1125.5,1139.7,1125.2,1134.8,39729.22
2025-10-24 04:00:00+00:00,1134.8,1143.7,1120.8,1124.5,44006.58
2025-10-24 08:00:00+00:00,1124.5,1134.7,1119.4,1124.8,29868.38
2025-10-24 12:00:00+00:00,1124.8,1137.8,1101.7,1103.1,69826.21
2025-10-24 16:00:00+00:00,1103.1,1113.4,1096.2,1108.7,24058.22
2025-10-24 20:00:00+00:00,1108.7,1113.0,1105.8,1108.2,12205.5
2025-10-25 00:00:00+00:00,1108.2,1117.8,1099.7,1116.4,17280.61
2025-10-25 04:00:00+00:00,1116.4,1118.3,1110.1,1111.9,13407.96
2025-10-25 08:00:00+00:00,1111.9,1117.9,1109.2,1115.1,17987.76
2025-10-25 12:00:00+00:00,1115.1,1117.1,1104.8,1107.9,15637.08
2025-10-25 16:00:00+00:00,1107.9,1116.9,1107.0,1116.0,10425.97
2025-10-25 20:00:00+00:00,1116.0,1121.6,1112.2,1116.3,9202.61
2025-10-26 00:00:00+00:00,1116.3,1124.3,1114.2,1116.3,13582.36
2025-10-26 04:00:00+00:00,1116.3,1122.1,1115.0,1119.9,12709.56
2025-10-26 08:00:00+00:00,1119.9,1136.2,1119.6,1135.2,35667.99
2025-10-26 12:00:00+00:00,1135.2,1139.0,1125.7,1133.1,34452.29
2025-10-26 16:00:00+00:00,1133.1,1133.6,1122.9,1126.4,12419.94
2025-10-26 20:00:00+00:00,1126.4,1142.9,1122.4,1137.9,27290.49
2025-10-27 00:00:00+00:00,1137.9,1163.5,1136.4,1150.8,38661.61
2025-10-27 04:00:00+00:00,1150.8,1161.0,1139.4,1156.4,45508.99
2025-10-27 08:00:00+00:00,1156.4,1179.7,1146.6,1179.6,49795.34
2025-10-27 12:00:00+00:00,1179.6,1182.5,1130.3,1142.9,80291.01
2025-10-27 16:00:00+00:00,1142.9,1153.2,1140.9,1144.7,32456.45
2025-10-27 20:00:00+00:00,1144.7,1146.7,1131.8,1138.2,22848.86
2025-10-28 00:00:00+00:00,1138.2,1147.0,1130.1,1137.6,22649.93
2025-10-28 04:00:00+00:00,1137.6,1143.1,1119.9,1131.5,37553.87
2025-10-28 08:00:00+00:00,1131.5,1138.3,1128.6,1131.8,18473.85
2025-10-28 12:00:00+00:00,1131.8,1146.8,1125.9,1135.0,36113.22
2025-10-28 16:00:00+00:00,1135.0,1149.0,1125.4,1128.2,28642.74
2025-10-28 20:00:00+00:00,1128.2,1128.6,1071.7,1102.2,74808.84
2025-10-29 00:00:00+00:00,1102.2,1107.7,1097.2,1103.6,16874.41
2025-10-29 04:00:00+00:00,1103.6,1120.1,1102.8,1115.9,19966.35
2025-10-29 08:00:00+00:00,1115.9,1119.2,1110.0,1113.2,65506.76
2025-10-29 12:00:00+00:00,1113.2,1118.4,1095.5,1099.1,27997.14
2025-10-29 16:00:00+00:00,1099.1,1114.1,1081.6,1106.8,58033.51
2025-10-29 20:00:00+00:00,1106.8,1119.8,1102.8,1107.4,16283.55
2025-10-30 00:00:00+00:00,1107.4,1119.3,1104.2,1117.8,16370.1
2025-10-30 04:00:00+00:00,1117.8,1118.7,1088.7,1117.9,39854.14
2025-10-30 08:00:00+00:00,1117.9,1129.8,1107.5,1111.0,30038.03
2025-10-30 12:00:00+00:00,1111.0,1113.7,1074.3,1076.4,58624.46
2025-10-30 16:00:00+00:00,1076.4,1083.5,1057.7,1060.6,35629.72
2025-10-30 20:00:00+00:00,1060.6,1078.5,1040.0,1078.0,53817.67
2025-10-31 00:00:00+00:00,1078.0,1087.8,1074.3,1085.2,28129.42
2025-10-31 04:00:00+00:00,1085.2,1103.1,1084.2,1098.2,33891.07
2025-10-31 08:00:00+00:00,1098.2,1104.3,1077.8,1088.0,128806.77
2025-10-31 12:00:00+00:00,1088.0,1092.2,1076.7,1083.8,49743.06
2025-10-31 16:00:00+00:00,1083.8,1091.5,1071.1,1089.4,31475.65
2025-10-31 20:00:00+00:00,1089.4,1090.1,1083.0,1088.0,14202.87
2025-11-01 00:00:00+00:00,1088.0,1093.7,1081.4,1089.3,14815.5
2025-11-01 04:00:00+00:00,1089.3,1090.8,1083.8,1086.0,8167.03
2025-11-01 08:00:00+00:00,1086.0,1088.7,1085.0,1088.4,6719.79
2025-11-01 12:00:00+00:00,1088.4,1094.7,1080.8,1091.9,14369.05
2025-11-01 16:00:00+00:00,1091.9,1095.8,1089.4,1093.9,11803.76
2025-11-01 20:00:00+00:00,1093.9,1096.5,1089.4,1093.9,6074.86
2025-11-02 00:00:00+00:00,1093.9,1094.3,1087.4,1088.8,5853.02
2025-11-02 04:00:00+00:00,1088.8,1094.5,1087.6,1092.9,7651.01
2025-11-02 08:00:00+00:00,1092.9,1093.9,1079.5,1087.6,15421.71
2025-11-02 12:00:00+00:00,1087.6,1087.6,1077.6,1079.9,16463.52
2025-11-02 16:00:00+00:00,1079.9,1080.0,1070.8,1078.2,13899.9
2025-11-02 20:00:00+00:00,1078.2,1085.6,1076.0,1082.5,10925.48
2025-11-03 00:00:00+00:00,1082.5,1087.0,1040.4,1042.9,41669.62
2025-11-03 04:00:00+00:00,1042.9,1048.6,1023.6,1028.8,39716.15
2025-11-03 08:00:00+00:00,1028.8,1031.4,1007.8,1015.2,59789.5
2025-11-03 12:00:00+00:00,1015.2,1025.0,955.7,979.7,134144.74
2025-11-03 16:00:00+00:00,979.7,1009.4,975.7,995.8,63883.52
2025-11-03 20:00:00+00:00,995.8,997.0,980.3,993.1,32299.19
2025-11-04 00:00:00+00:00,993.1,1000.5,981.7,998.6,24111.49
2025-11-04 04:00:00+00:00,998.6,1001.7,939.6,944.5,90644.73
2025-11-04 08:00:00+00:00,944.5,963.2,939.7,958.1,67348.36
2025-11-04 12:00:00+00:00,958.1,967.1,934.2,949.5,53350.16
2025-11-04 16:00:00+00:00,949.5,953.0,907.8,919.5,82416.76
2025-11-04 20:00:00+00:00,919.5,941.7,879.7,936.6,125997.72
2025-11-05 00:00:00+00:00,936.6,955.2,900.2,948.9,77015.96
2025-11-05 04:00:00+00:00,948.9,957.1,940.7,953.4,26023.05
2025-11-05 08:00:00+00:00,953.4,953.7,936.4,944.9,30928.64
2025-11-05 12:00:00+00:00,944.9,964.9,943.9,964.9,39385.72
2025-11-05 16:00:00+00:00,964.9,967.6,956.3,958.8,40985.21
2025-11-05 20:00:00+00:00,958.8,963.9,950.9,958.6,19256.86
2025-11-06 00:00:00+00:00,958.6,963.6,943.2,962.6,18503.78
2025-11-06 04:00:00+00:00,962.6,964.9,945.9,950.9,15627.4
2025-11-06 08:00:00+00:00,950.9,958.1,947.7,954.8,12474.47
2025-11-06 12:00:00+00:00,954.8,955.1,927.1,933.4,41811.13
2025-11-06 16:00:00+00:00,933.4,955.4,924.5,947.9,41386.09
2025-11-06 20:00:00+00:00,947.9,954.5,943.8,950.0,16520.1
2025-11-07 00:00:00+00:00,950.0,976.5,944.4,966.8,33661.36
2025-11-07 04:00:00+00:00,966.8,971.6,957.6,969.7,18892.93
2025-11-07 08:00:00+00:00,969.7,970.8,936.4,942.2,27172.85
2025-11-07 12:00:00+00:00,942.2,949.9,924.7,944.4,37421.92
2025-11-07 16:00:00+00:00,944.4,985.4,939.4,981.6,48188.19
2025-11-07 20:00:00+00:00,981.6,995.8,974.0,990.8,24460.75
2025-11-08 00:00:00+00:00,990.8,1007.1,979.5,996.0,30636.85
2025-11-08 04:00:00+00:00,996.0,1001.7,984.3,994.8,22659.79
2025-11-08 08:00:00+00:00,994.8,1002.8,986.3,988.6,17761.2
2025-11-08 12:00:00+00:00,988.6,998.2,982.4,990.1,26188.31
2025-11-08 16:00:00+00:00,990.1,1005.7,984.1,995.6,32591.31
2025-11-08 20:00:00+00:00,995.6,999.5,988.6,990.2,9973.47
2025-11-09 00:00:00+00:00,990.2,993.5,974.4,980.2,19145.27
2025-11-09 04:00:00+00:00,980.2,993.2,979.8,989.1,14792.02
2025-11-09 08:00:00+00:00,989.1,995.4,981.1,989.7,16849.01
2025-11-09 12:00:00+00:00,989.7,998.2,975.4,993.9,33142.5
2025-11-09 16:00:00+00:00,993.9,1004.8,990.2,1004.5,22711.31
2025-11-09 20:00:00+00:00,1004.5,1006.8,989.6,995.8,22509.6
2025-11-10 00:00:00+00:00,995.8,1019.1,990.7,1012.5,32870.1
2025-11-10 04:00:00+00:00,1012.5,1014.4,1003.2,1005.1,19232.25
2025-11-10 08:00:00+00:00,1005.1,1005.7,994.7,998.5,16745.9
2025-11-10 12:00:00+00:00,998.5,1003.9,975.1,979.2,33032.2
2025-11-10 16:00:00+00:00,979.2,988.8,974.7,987.2,19235.26
2025-11-10 20:00:00+00:00,987.2,996.0,982.7,991.5,14363.48
2025-11-11 00:00:00+00:00,991.5,1008.6,986.0,1000.6,28292.5
2025-11-11 04:00:00+00:00,1000.6,1003.5,970.8,973.4,33170.44
2025-11-11 08:00:00+00:00,973.4,982.7,972.0,980.0,15699.66
2025-11-11 12:00:00+00:00,980.0,984.5,971.1,975.4,24506.59
2025-11-11 16:00:00+00:00,975.4,977.6,960.1,960.8,23525.42
2025-11-11 20:00:00+00:00,960.8,965.2,955.3,957.5,15717.44
2025-11-12 00:00:00+00:00,957.5,965.2,954.6,960.6,11137.59
2025-11-12 04:00:00+00:00,960.6,962.3,951.1,952.6,12076.87
2025-11-12 08:00:00+00:00,952.6,974.9,952.6,971.0,19738.15
2025-11-12 12:00:00+00:00,971.0,978.5,945.3,948.5,27909.91
2025-11-12 16:00:00+00:00,948.5,954.6,937.1,948.0,24186.96
2025-11-12 20:00:00+00:00,948.0,957.3,946.0,952.3,8752.0
2025-11-13 00:00:00+00:00,952.3,963.6,945.7,958.7,12230.7
2025-11-13 04:00:00+00:00,958.7,970.8,956.6,964.5,13833.68
2025-11-13 08:00:00+00:00,964.5,967.5,959.1,966.8,9076.53
2025-11-13 12:00:00+00:00,966.8,967.8,952.2,957.0,17893.31
2025-11-13 16:00:00+00:00,957.0,959.1,910.5,913.1,43387.76
2025-11-13 20:00:00+00:00,913.1,932.4,905.6,926.5,27410.4
2025-11-14 00:00:00+00:00,926.5,933.5,918.1,923.5,23686.75
2025-11-14 04:00:00+00:00,923.5,926.8,897.8,922.9,41746.49
2025-11-14 08:00:00+00:00,922.9,922.9,904.2,908.9,17203.51
2025-11-14 12:00:00+00:00,908.9,931.2,887.4,925.4,49165.63
2025-11-14 16:00:00+00:00,925.4,933.2,918.3,931.6,23404.1
2025-11-14 20:00:00+00:00,931.6,933.2,907.2,915.0,25076.01
2025-11-15 00:00:00+00:00,915.0,936.0,914.5,931.8,19659.4
2025-11-15 04:00:00+00:00,931.8,936.8,926.7,936.2,10685.65
2025-11-15 08:00:00+00:00,936.2,939.3,928.3,930.2,16577.74
2025-11-15 12:00:00+00:00,930.2,937.7,928.4,936.0,9810.4
2025-11-15 16:00:00+00:00,936.0,944.8,930.5,940.7,12876.77
2025-11-15 20:00:00+00:00,940.7,941.0,925.2,931.6,20794.75
2025-11-16 00:00:00+00:00,931.6,941.2,920.7,940.6,15992.78
2025-11-16 04:00:00+00:00,940.6,947.9,937.2,943.0,13179.7
2025-11-16 08:00:00+00:00,943.0,949.4,929.8,930.9,16937.79
2025-11-16 12:00:00+00:00,930.9,938.7,921.5,922.9,21012.24
2025-11-16 16:00:00+00:00,922.9,930.0,907.6,919.2,45516.76
2025-11-16 20:00:00+00:00,919.2,931.2,909.6,926.3,21538.17
2025-11-17 00:00:00+00:00,926.3,939.5,919.2,934.2,21602.4
2025-11-17 04:00:00+00:00,934.2,937.6,929.9,935.1,11235.91
2025-11-17 08:00:00+00:00,935.1,938.5,931.1,933.0,11561.58
2025-11-17 12:00:00+00:00,933.0,934.1,900.2,911.0,53436.34
2025-11-17 16:00:00+00:00,911.0,921.6,892.5,896.7,45789.68
2025-11-17 20:00:00+00:00,896.7,910.2,889.9,906.9,27208.9
2025-11-18 00:00:00+00:00,906.9,918.6,883.5,903.0,53472.62
2025-11-18 04:00:00+00:00,903.0,913.4,892.3,910.0,39912.84
2025-11-18 08:00:00+00:00,910.0,925.4,909.6,915.0,27234.14
2025-11-18 12:00:00+00:00,915.0,927.6,910.3,926.2,32967.11
2025-11-18 16:00:00+00:00,926.2,939.1,924.2,935.7,26638.31
2025-11-18 20:00:00+00:00,935.7,937.2,928.3,932.4,8866.76
2025-11-19 00:00:00+00:00,932.4,941.2,924.4,931.8,20792.37
2025-11-19 04:00:00+00:00,931.8,932.6,912.5,930.7,28290.68
2025-11-19 08:00:00+00:00,930.7,933.9,918.8,921.2,13314.43
2025-11-19 12:00:00+00:00,921.2,925.0,891.6,893.7,40893.47
2025-11-19 16:00:00+00:00,893.7,898.7,871.4,878.2,49269.14
2025-11-19 20:00:00+00:00,878.2,900.8,875.6,897.4,29600.77
2025-11-20 00:00:00+00:00,897.4,915.6,893.3,909.7,22484.79
2025-11-20 04:00:00+00:00,909.7,914.3,899.4,907.6,17882.08
2025-11-20 08:00:00+00:00,907.6,908.7,896.8,902.3,12692.01
2025-11-20 12:00:00+00:00,902.3,908.8,888.7,889.9,25482.29
2025-11-20 16:00:00+00:00,889.9,890.5,867.6,879.9,57374.2
2025-11-20 20:00:00+00:00,879.9,883.5,865.1,866.2,22280.99
2025-11-21 00:00:00+00:00,866.2,877.1,855.5,863.2,31377.6
2025-11-21 04:00:00+00:00,863.2,866.9,804.1,831.6,81573.1
2025-11-21 08:00:00+00:00,831.6,839.8,805.4,808.7,64247.18
2025-11-21 12:00:00+00:00,808.7,831.4,790.4,813.3,81484.3
2025-11-21 16:00:00+00:00,813.3,836.3,807.4,825.5,47236.89
2025-11-21 20:00:00+00:00,825.5,836.4,813.5,830.2,22168.17
2025-11-22 00:00:00+00:00,830.2,842.5,830.0,836.2,19095.79
2025-11-22 04:00:00+00:00,836.2,837.3,819.4,831.5,11934.5
2025-11-22 08:00:00+00:00,831.5,832.3,813.3,825.0,29886.95
2025-11-22 12:00:00+00:00,825.0,828.3,814.7,822.6,13425.63
2025-11-22 16:00:00+00:00,822.6,833.9,822.3,832.6,9349.04
2025-11-22 20:00:00+00:00,832.6,841.8,825.4,833.4,8735.78
2025-11-23 00:00:00+00:00,833.4,849.8,832.7,846.4,17680.69
2025-11-23 04:00:00+00:00,846.4,854.2,836.1,840.8,17689.55
2025-11-23 08:00:00+00:00,840.8,846.6,838.2,841.9,5733.67
2025-11-23 12:00:00+00:00,841.9,851.5,841.9,849.5,10755.16
2025-11-23 16:00:00+00:00,849.5,852.8,842.6,849.2,11189.89
2025-11-23 20:00:00+00:00,849.2,855.2,841.3,843.0,9891.88
2025-11-24 00:00:00+00:00,843.0,852.8,835.4,849.2,25230.86
2025-11-24 04:00:00+00:00,849.2,858.2,838.6,853.2,26597.04
2025-11-24 08:00:00+00:00,853.2,856.2,840.0,842.0,13291.25
2025-11-24 12:00:00+00:00,842.0,848.1,829.6,844.1,25836.48
2025-11-24 16:00:00+00:00,844.1,870.6,843.7,868.0,36719.4
2025-11-24 20:00:00+00:00,868.0,875.8,862.8,864.2,14434.02
2025-11-25 00:00:00+00:00,864.2,866.6,856.0,860.1,12538.43
2025-11-25 04:00:00+00:00,860.1,864.4,855.0,855.3,11684.08
2025-11-25 08:00:00+00:00,855.3,859.2,845.9,849.8,19663.25
2025-11-25 12:00:00+00:00,849.8,855.6,836.8,845.8,27537.85
2025-11-25 16:00:00+00:00,845.8,861.5,844.7,854.7,18033.41
2025-11-25 20:00:00+00:00,854.7,867.3,850.5,862.3,10268.17
2025-11-26 00:00:00+00:00,862.3,869.6,858.7,859.6,7969.8
2025-11-26 04:00:00+00:00,859.6,862.9,856.4,860.1,7273.02
2025-11-26 08:00:00+00:00,860.1,860.5,852.3,857.1,7095.96
2025-11-26 12:00:00+00:00,857.1,868.0,851.1,864.6,19140.49
2025-11-26 16:00:00+00:00,864.6,896.9,864.6,896.1,31756.43
2025-11-26 20:00:00+00:00,896.1,896.7,888.9,891.3,8879.01
2025-11-27 00:00:00+00:00,891.3,904.0,889.1,895.0,14898.8
2025-11-27 04:00:00+00:00,895.0,898.6,890.1,893.3,7214.6
2025-11-27 08:00:00+00:00,893.3,895.3,889.1,892.0,9866.46
2025-11-27 12:00:00+00:00,892.0,894.0,883.1,892.7,14664.59
2025-11-27 16:00:00+00:00,892.7,899.0,889.7,896.0,8298.25
2025-11-27 20:00:00+00:00,896.0,899.0,890.5,895.2,5244.09
2025-11-28 00:00:00+00:00,895.2,899.2,888.6,892.0,11349.25
2025-11-28 04:00:00+00:00,892.0,897.6,881.2,881.9,9100.67
2025-11-28 08:00:00+00:00,881.9,898.1,881.9,891.2,14879.98
2025-11-28 12:00:00+00:00,891.2,906.2,886.4,901.2,19137.55
2025-11-28 16:00:00+00:00,901.2,901.4,875.3,885.7,35836.8
2025-11-28 20:00:00+00:00,885.7,889.9,882.5,886.7,6649.44
2025-11-29 00:00:00+00:00,886.7,888.5,882.7,883.6,4551.15
2025-11-29 04:00:00+00:00,883.6,884.3,875.1,878.6,8886.32
2025-11-29 08:00:00+00:00,878.6,881.8,877.0,878.0,4533.8
2025-11-29 12:00:00+00:00,878.0,881.8,874.5,880.4,7105.82
2025-11-29 16:00:00+00:00,880.4,881.4,867.5,872.4,12589.21
2025-11-29 20:00:00+00:00,872.4,875.1,870.0,872.2,3616.65
2025-11-30 00:00:00+00:00,872.2,878.4,868.9,875.0,5833.1
2025-11-30 04:00:00+00:00,875.0,876.1,869.5,874.4,3813.31
2025-11-30 08:00:00+00:00,874.4,879.3,873.9,876.2,6809.67
2025-11-30 12:00:00+00:00,876.2,897.5,875.0,893.7,23247.48
2025-11-30 16:00:00+00:00,893.7,899.8,892.6,894.7,16400.24
2025-11-30 20:00:00+00:00,894.7,896.8,873.5,874.3,12995.74
2025-12-01 00:00:00+00:00,874.3,876.3,826.9,828.9,70924.36
2025-12-01 04:00:00+00:00,828.9,832.2,820.3,831.8,18301.03
2025-12-01 08:00:00+00:00,831.8,832.6,822.6,824.1,17925.7
2025-12-01 12:00:00+00:00,824.1,825.6,801.4,811.5,40758.69
2025-12-01 16:00:00+00:00,811.5,818.2,807.9,814.0,17723.89
2025-12-01 20:00:00+00:00,814.0,831.6,814.0,826.1,15738.32
2025-12-02 00:00:00+00:00,826.1,833.4,819.8,827.5,14990.88
2025-12-02 04:00:00+00:00,827.5,832.6,827.1,830.5,9864.55
2025-12-02 08:00:00+00:00,830.5,844.8,824.6,842.6,17399.54
2025-12-02 12:00:00+00:00,842.6,874.9,839.1,870.9,48857.62
2025-12-02 16:00:00+00:00,870.9,884.9,865.2,882.3,30983.44
2025-12-02 20:00:00+00:00,882.3,882.6,872.5,876.3,18193.5
2025-12-03 00:00:00+00:00,876.3,889.5,873.4,887.4,15341.25
2025-12-03 04:00:00+00:00,887.4,910.5,887.0,896.4,28676.11
2025-12-03 08:00:00+00:00,896.4,902.5,893.3,898.8,14125.56
2025-12-03 12:00:00+00:00,898.8,906.2,887.6,896.7,33783.25
2025-12-03 16:00:00+00:00,896.7,908.1,892.5,906.7,11324.75
2025-12-03 20:00:00+00:00,906.7,922.2,904.6,920.3,17706.14
2025-12-04 00:00:00+00:00,920.3,928.2,914.8,916.5,16551.5
2025-12-04 04:00:00+00:00,916.5,918.8,906.1,910.4,12656.93
2025-12-04 08:00:00+00:00,910.4,912.7,906.5,908.4,8561.61
2025-12-04 12:00:00+00:00,908.4,915.9,901.5,910.6,16723.56
2025-12-04 16:00:00+00:00,910.6,912.1,886.5,898.1,19025.31
2025-12-04 20:00:00+00:00,898.1,903.6,895.6,899.3,8128.99
2025-12-05 00:00:00+00:00,899.3,906.8,898.9,901.3,9587.45
2025-12-05 04:00:00+00:00,901.3,907.5,898.0,901.0,7553.04
2025-12-05 08:00:00+00:00,901.0,902.0,888.8,893.5,15209.51
2025-12-05 12:00:00+00:00,893.5,899.8,884.1,888.2,23196.89
2025-12-05 16:00:00+00:00,888.2,888.8,869.8,882.9,26672.66
2025-12-05 20:00:00+00:00,882.9,884.8,878.0,883.2,6188.55
2025-12-06 00:00:00+00:00,883.2,887.8,880.6,886.9,3607.35
2025-12-06 04:00:00+00:00,886.9,887.5,881.3,884.0,4651.4
2025-12-06 08:00:00+00:00,884.0,884.6,877.2,883.2,6770.55
2025-12-06 12:00:00+00:00,883.2,896.3,882.6,889.5,9332.72
2025-12-06 16:00:00+00:00,889.5,897.4,888.0,889.1,10668.17
2025-12-06 20:00:00+00:00,889.1,895.4,888.5,889.5,14727.0
2025-12-07 00:00:00+00:00,889.5,897.5,889.2,897.2,4356.31
2025-12-07 04:00:00+00:00,897.2,897.4,890.4,890.9,6839.51
2025-12-07 08:00:00+00:00,890.9,892.9,886.1,887.4,11427.74
2025-12-07 12:00:00+00:00,887.4,893.4,869.3,889.8,35193.97
2025-12-07 16:00:00+00:00,889.8,905.5,886.0,903.4,20536.21
2025-12-07 20:00:00+00:00,903.4,904.8,880.2,893.7,15095.73
2025-12-08 00:00:00+00:00,893.7,909.4,890.7,901.5,11268.21
2025-12-08 04:00:00+00:00,901.5,905.5,899.9,902.7,6204.94
2025-12-08 08:00:00+00:00,902.7,912.2,902.1,905.5,10896.71
2025-12-08 12:00:00+00:00,905.5,912.8,895.6,896.1,20297.27
2025-12-08 16:00:00+00:00,896.1,900.3,888.3,894.2,21850.45
2025-12-08 20:00:00+00:00,894.2,904.5,894.2,896.2,10820.57
2025-12-09 00:00:00+00:00,896.2,899.1,887.1,893.3,11078.82
2025-12-09 04:00:00+00:00,893.3,895.6,883.8,888.5,12530.19
2025-12-09 08:00:00+00:00,888.5,888.7,883.1,886.4,7490.29
2025-12-09 12:00:00+00:00,886.4,908.7,881.0,907.2,23570.75
2025-12-09 16:00:00+00:00,907.2,928.0,907.2,914.0,40392.86
2025-12-09 20:00:00+00:00,914.0,914.4,893.5,896.7,16577.05
2025-12-10 00:00:00+00:00,896.7,898.5,886.7,890.0,17421.23
2025-12-10 04:00:00+00:00,890.0,895.7,888.5,893.7,13000.15
2025-12-10 08:00:00+00:00,893.7,895.6,883.6,885.9,10732.2
2025-12-10 12:00:00+00:00,885.9,892.1,883.6,890.9,8847.8
2025-12-10 16:00:00+00:00,890.9,905.0,888.5,901.6,25239.2
2025-12-10 20:00:00+00:00,901.6,914.9,890.3,893.0,21786.39
2025-12-11 00:00:00+00:00,893.0,894.4,860.7,867.5,25327.93
2025-12-11 04:00:00+00:00,867.5,873.0,864.2,866.3,10120.13
2025-12-11 08:00:00+00:00,866.3,868.4,861.5,865.8,6741.52
2025-12-11 12:00:00+00:00,865.8,870.6,858.7,865.4,12144.34
2025-12-11 16:00:00+00:00,865.4,880.9,860.5,875.6,20905.12
2025-12-11 20:00:00+00:00,875.6,891.1,875.4,885.7,17032.65
2025-12-12 00:00:00+00:00,885.7,895.9,879.8,892.4,10838.37
2025-12-12 04:00:00+00:00,892.4,893.7,885.8,888.8,4829.74
2025-12-12 08:00:00+00:00,888.8,889.0,883.4,885.7,6161.18
2025-12-12 12:00:00+00:00,885.7,892.0,872.0,873.8,16239.69
2025-12-12 16:00:00+00:00,873.8,881.7,869.9,876.7,16048.51
2025-12-12 20:00:00+00:00,876.7,882.2,874.6,881.1,4548.59
2025-12-13 00:00:00+00:00,881.1,887.5,879.9,887.2,4204.55
2025-12-13 04:00:00+00:00,887.2,888.9,883.4,885.9,4620.77
2025-12-13 08:00:00+00:00,885.9,893.8,885.7,891.8,8130.93
2025-12-13 12:00:00+00:00,891.8,899.9,886.6,898.7,16197.0
2025-12-13 16:00:00+00:00,898.7,904.2,891.1,893.4,12429.29
2025-12-13 20:00:00+00:00,893.4,897.2,889.1,896.7,3758.83
2025-12-14 00:00:00+00:00,896.7,899.1,893.8,895.0,6586.09
2025-12-14 04:00:00+00:00,895.0,896.2,891.6,895.6,4982.96
2025-12-14 08:00:00+00:00,895.6,898.3,883.7,888.2,13995.89
2025-12-14 12:00:00+00:00,888.2,894.1,882.5,886.1,10432.39
2025-12-14 16:00:00+00:00,886.1,888.0,880.0,882.7,7808.76
2025-12-14 20:00:00+00:00,882.7,884.3,869.3,876.6,13729.81
2025-12-15 00:00:00+00:00,876.6,895.0,875.6,888.6,13656.87
2025-12-15 04:00:00+00:00,888.6,891.0,886.0,888.8,3062.58
2025-12-15 08:00:00+00:00,888.8,892.9,886.4,887.0,3772.26
2025-12-15 12:00:00+00:00,887.0,889.9,851.2,858.2,29567.09
2025-12-15 16:00:00+00:00,858.2,859.2,840.0,849.2,22759.88
2025-12-15 20:00:00+00:00,849.2,858.5,844.0,857.9,7074.93
2025-12-16 00:00:00+00:00,857.9,858.0,849.7,854.9,7000.56
2025-12-16 04:00:00+00:00,854.9,865.3,846.5,859.1,11257.32
2025-12-16 08:00:00+00:00,859.1,865.9,856.5,865.1,13460.79
2025-12-16 12:00:00+00:00,865.1,878.2,858.0,876.1,27627.35
2025-12-16 16:00:00+00:00,876.1,876.4,865.7,869.8,8165.41
2025-12-16 20:00:00+00:00,869.8,875.4,868.4,875.3,3622.18
2025-12-17 00:00:00+00:00,875.3,875.5,861.3,862.9,6076.97
2025-12-17 04:00:00+00:00,862.9,870.7,855.0,867.6,13007.11
2025-12-17 08:00:00+00:00,867.6,867.6,854.7,859.1,17587.45
2025-12-17 12:00:00+00:00,859.1,876.1,852.0,853.2,35056.47
2025-12-17 16:00:00+00:00,853.2,857.3,832.1,840.1,46403.13
2025-12-17 20:00:00+00:00,840.1,844.3,836.1,842.5,8120.86
2025-12-18 00:00:00+00:00,842.5,846.0,832.3,836.0,10891.61
2025-12-18 04:00:00+00:00,836.0,838.7,829.5,833.2,8369.42
2025-12-18 08:00:00+00:00,833.2,841.2,832.2,839.0,6882.73
2025-12-18 12:00:00+00:00,839.0,852.9,836.6,848.0,26042.42
2025-12-18 16:00:00+00:00,848.0,848.3,817.6,819.7,24010.07
2025-12-18 20:00:00+00:00,819.7,831.4,819.4,829.5,6303.94
2025-12-19 00:00:00+00:00,829.5,841.3,821.6,837.2,10669.28
2025-12-19 04:00:00+00:00,837.2,849.6,834.8,842.8,14600.23
2025-12-19 08:00:00+00:00,842.8,849.1,841.8,848.7,8370.84
2025-12-19 12:00:00+00:00,848.7,854.7,843.3,846.1,13070.61
2025-12-19 16:00:00+00:00,846.1,857.5,842.8,855.8,10906.82
2025-12-19 20:00:00+00:00,855.8,862.0,853.8,856.0,6361.05
2025-12-20 00:00:00+00:00,856.0,859.4,852.0,858.0,3309.06
2025-12-20 04:00:00+00:00,858.0,858.2,851.8,853.4,5065.11
2025-12-20 08:00:00+00:00,853.4,856.2,850.4,853.1,6119.34
2025-12-20 12:00:00+00:00,853.1,853.5,850.7,853.5,6386.42
2025-12-20 16:00:00+00:00,853.5,854.2,852.0,852.4,1567.41
2025-12-20 20:00:00+00:00,852.4,854.7,850.6,853.6,5811.77
2025-12-21 00:00:00+00:00,853.6,854.6,846.4,849.9,7150.66
2025-12-21 04:00:00+00:00,849.9,850.2,847.8,849.4,2291.06
2025-12-21 08:00:00+00:00,849.4,859.3,848.4,856.2,7217.89
2025-12-21 12:00:00+00:00,856.2,859.2,844.9,847.9,17438.48
2025-12-21 16:00:00+00:00,847.9,856.2,845.6,855.2,5070.06
2025-12-21 20:00:00+00:00,855.2,859.2,850.7,858.4,4749.87
2025-12-22 00:00:00+00:00,858.4,867.6,850.4,855.3,13867.2
2025-12-22 04:00:00+00:00,855.3,860.7,854.6,858.2,5076.92
2025-12-22 08:00:00+00:00,858.2,867.9,858.1,865.2,21771.06
2025-12-22 12:00:00+00:00,865.2,870.8,861.4,867.2,13202.88
2025-12-22 16:00:00+00:00,867.2,868.8,856.4,857.1,6838.9
2025-12-22 20:00:00+00:00,857.1,860.7,852.8,858.1,8207.46
2025-12-23 00:00:00+00:00,858.1,861.0,851.5,856.6,6838.62
2025-12-23 04:00:00+00:00,856.6,857.0,846.5,848.0,10338.51
2025-12-23 08:00:00+00:00,848.0,852.8,847.3,852.5,3758.67
2025-12-23 12:00:00+00:00,852.5,852.5,836.3,843.5,16179.19
2025-12-23 16:00:00+00:00,843.5,849.6,838.2,840.8,8068.28
2025-12-23 20:00:00+00:00,840.8,847.0,839.4,843.8,3895.54
2025-12-24 00:00:00+00:00,843.8,847.1,835.5,840.3,4518.15
2025-12-24 04:00:00+00:00,840.3,842.0,835.6,837.4,3614.8
2025-12-24 08:00:00+00:00,837.4,839.2,834.5,837.5,3488.89
2025-12-24 12:00:00+00:00,837.5,842.6,835.1,840.5,5381.59
2025-12-24 16:00:00+00:00,840.5,848.5,839.4,847.4,8651.78
2025-12-24 20:00:00+00:00,847.4,849.7,845.9,846.1,4368.95
2025-12-25 00:00:00+00:00,846.1,847.5,843.4,844.7,3264.23
2025-12-25 04:00:00+00:00,844.7,845.0,841.6,842.7,2351.45
2025-12-25 08:00:00+00:00,842.7,843.9,834.6,837.0,8805.84
2025-12-25 12:00:00+00:00,837.0,844.2,834.4,841.9,8351.63
2025-12-25 16:00:00+00:00,841.9,842.5,839.1,840.8,4403.94
2025-12-25 20:00:00+00:00,840.8,843.2,825.8,828.7,13931.71
2025-12-26 00:00:00+00:00,828.7,844.2,827.5,840.4,11943.59
2025-12-26 04:00:00+00:00,840.4,846.9,836.8,840.5,9455.23
2025-12-26 08:00:00+00:00,840.5,842.9,838.3,838.7,3626.5
2025-12-26 12:00:00+00:00,838.7,843.1,820.5,828.2,24497.6
2025-12-26 16:00:00+00:00,828.2,834.1,827.2,832.3,6886.14
2025-12-26 20:00:00+00:00,832.3,837.7,832.0,834.2,4829.95
2025-12-27 00:00:00+00:00,834.2,836.1,833.4,835.8,3839.49
2025-12-27 04:00:00+00:00,835.8,842.8,834.0,840.4,6283.21
2025-12-27 08:00:00+00:00,840.4,843.3,837.2,840.8,15241.67
2025-12-27 12:00:00+00:00,840.8,841.4,838.1,840.7,3531.01
2025-12-27 16:00:00+00:00,840.7,841.6,839.1,840.6,2351.88
2025-12-27 20:00:00+00:00,840.6,846.3,839.5,844.8,4740.07
2025-12-28 00:00:00+00:00,844.8,845.5,838.4,841.3,4107.56
2025-12-28 04:00:00+00:00,841.3,843.8,840.9,843.5,2641.79
2025-12-28 08:00:00+00:00,843.5,856.8,843.5,854.4,9714.17
2025-12-28 12:00:00+00:00,854.4,863.3,854.3,860.3,9688.9
2025-12-28 16:00:00+00:00,860.3,867.4,858.4,859.6,16326.17
2025-12-28 20:00:00+00:00,859.6,862.2,856.3,859.0,10298.04
2025-12-29 00:00:00+00:00,859.0,872.0,858.4,868.6,10631.41
2025-12-29 04:00:00+00:00,868.6,871.3,858.2,860.1,9099.79
2025-12-29 08:00:00+00:00,860.1,861.3,846.8,852.5,17730.31
2025-12-29 12:00:00+00:00,852.5,855.0,845.4,853.1,12768.18
2025-12-29 16:00:00+00:00,853.1,855.1,849.5,852.7,6289.65
2025-12-29 20:00:00+00:00,852.7,854.6,851.0,852.1,3134.95
2025-12-30 00:00:00+00:00,852.1,853.2,848.2,852.2,4273.09
2025-12-30 04:00:00+00:00,852.2,854.5,849.9,853.4,5444.0
2025-12-30 08:00:00+00:00,853.4,859.3,853.4,854.4,7051.73
2025-12-30 12:00:00+00:00,854.4,863.9,854.3,862.4,11723.58
2025-12-30 16:00:00+00:00,862.4,862.8,857.1,859.6,6933.08
2025-12-30 20:00:00+00:00,859.6,862.7,858.0,861.2,5265.05
2025-12-31 00:00:00+00:00,861.2,862.5,857.3,858.9,4498.15
2025-12-31 04:00:00+00:00,858.9,867.8,858.4,867.7,6702.35
2025-12-31 08:00:00+00:00,867.7,868.9,864.6,868.7,7561.96
2025-12-31 12:00:00+00:00,868.7,876.9,859.9,862.7,17770.91
2025-12-31 16:00:00+00:00,862.7,864.2,857.1,863.7,10962.44
2025-12-31 20:00:00+00:00,863.7,866.4,860.1,863.6,9083.97
2026-01-01 00:00:00+00:00,863.6,874.5,863.1,868.6,11652.81
2026-01-01 04:00:00+00:00,868.6,868.9,858.6,858.8,7900.59
2026-01-01 08:00:00+00:00,858.8,861.4,858.2,861.1,6673.43
2026-01-01 12:00:00+00:00,861.1,861.1,855.5,858.8,12699.33
2026-01-01 16:00:00+00:00,858.8,861.0,856.5,860.9,4050.71
2026-01-01 20:00:00+00:00,860.9,864.2,859.4,863.8,5359.12
2026-01-02 00:00:00+00:00,863.8,866.9,858.9,865.3,9041.71
2026-01-02 04:00:00+00:00,865.3,867.4,862.6,864.3,8824.74
2026-01-02 08:00:00+00:00,864.3,874.1,864.3,869.4,15626.79
2026-01-02 12:00:00+00:00,869.4,882.5,864.8,878.0,22700.35
2026-01-02 16:00:00+00:00,878.0,891.2,877.3,880.3,23895.82
2026-01-02 20:00:00+00:00,880.3,885.4,878.3,881.0,6692.72
2026-01-03 00:00:00+00:00,881.0,884.0,874.9,878.6,8480.35
2026-01-03 04:00:00+00:00,878.6,879.6,867.9,872.5,10262.99
2026-01-03 08:00:00+00:00,872.5,875.2,871.1,873.5,7397.48
2026-01-03 12:00:00+00:00,873.5,877.0,871.2,872.9,10195.2
2026-01-03 16:00:00+00:00,872.9,876.8,872.9,875.8,4160.82
2026-01-03 20:00:00+00:00,875.8,879.7,875.1,878.0,4102.63
2026-01-04 00:00:00+00:00,878.0,883.7,877.9,882.8,10657.36
2026-01-04 04:00:00+00:00,882.8,890.6,882.4,884.2,15317.32
2026-01-04 08:00:00+00:00,884.2,887.2,882.0,884.6,6914.73
2026-01-04 12:00:00+00:00,884.6,890.0,883.4,889.0,8856.21
2026-01-04 16:00:00+00:00,889.0,903.1,889.0,892.4,24110.19
2026-01-04 20:00:00+00:00,892.4,897.7,891.9,895.1,7316.56
2026-01-05 00:00:00+00:00,895.1,906.7,894.2,899.6,20540.03
2026-01-05 04:00:00+00:00,899.6,900.3,889.5,899.0,13505.41
2026-01-05 08:00:00+00:00,899.0,908.9,895.2,908.7,10019.71
2026-01-05 12:00:00+00:00,908.7,908.8,899.7,905.9,12361.76
2026-01-05 16:00:00+00:00,905.9,913.8,900.8,910.8,15238.26
2026-01-05 20:00:00+00:00,910.8,916.4,908.4,909.8,8155.63
2026-01-06 00:00:00+00:00,909.8,911.2,904.1,907.7,7873.66
2026-01-06 04:00:00+00:00,907.7,909.7,902.4,904.2,9099.12
2026-01-06 08:00:00+00:00,904.2,914.6,903.9,912.7,8632.78
2026-01-06 12:00:00+00:00,912.7,924.1,910.9,918.7,22352.72
2026-01-06 16:00:00+00:00,918.7,920.5,890.9,900.6,23768.03
2026-01-06 20:00:00+00:00,900.6,919.6,900.4,917.4,11153.83
2026-01-07 00:00:00+00:00,917.4,918.7,904.2,909.6,8444.48
2026-01-07 04:00:00+00:00,909.6,918.7,908.5,918.5,8751.61
2026-01-07 08:00:00+00:00,918.5,920.3,908.1,910.2,36326.48
2026-01-07 12:00:00+00:00,910.2,910.7,894.2,899.0,23800.87
2026-01-07 16:00:00+00:00,899.0,901.7,891.9,896.4,10721.16
2026-01-07 20:00:00+00:00,896.4,900.8,893.2,899.8,5122.15
2026-01-08 00:00:00+00:00,899.8,904.4,892.1,893.0,6987.99
2026-01-08 04:00:00+00:00,893.0,897.0,874.2,884.3,22021.57
2026-01-08 08:00:00+00:00,884.3,887.2,878.5,886.0,9461.83
2026-01-08 12:00:00+00:00,886.0,888.7,877.0,888.3,11310.25
2026-01-08 16:00:00+00:00,888.3,891.0,885.2,887.7,5259.06
2026-01-08 20:00:00+00:00,887.7,894.1,884.6,891.7,5982.98
2026-01-09 00:00:00+00:00,891.7,896.1,887.3,895.1,8648.44
2026-01-09 04:00:00+00:00,895.1,898.4,893.2,893.2,5454.09
2026-01-09 08:00:00+00:00,893.2,894.0,885.5,889.0,7244.86
2026-01-09 12:00:00+00:00,889.0,900.0,884.6,894.2,13993.49
2026-01-09 16:00:00+00:00,894.2,900.7,890.5,892.9,12157.83
2026-01-09 20:00:00+00:00,892.9,897.9,891.3,896.4,3777.22
2026-01-10 00:00:00+00:00,896.4,908.0,896.2,907.4,8859.71
2026-01-10 04:00:00+00:00,907.4,910.3,902.8,905.3,14985.03
2026-01-10 08:00:00+00:00,905.3,906.4,898.8,900.2,8300.5
2026-01-10 12:00:00+00:00,900.2,910.7,898.6,908.6,10777.29
2026-01-10 16:00:00+00:00,908.6,916.0,906.5,914.1,19171.17
2026-01-10 20:00:00+00:00,914.1,916.2,902.1,907.8,14578.92
2026-01-11 00:00:00+00:00,907.8,913.6,903.8,913.0,12514.17
2026-01-11 04:00:00+00:00,913.0,916.2,910.4,913.2,7929.81
2026-01-11 08:00:00+00:00,913.2,917.2,911.5,911.8,5387.34
2026-01-11 12:00:00+00:00,911.8,915.3,905.9,908.4,12057.66
2026-01-11 16:00:00+00:00,908.4,910.9,902.8,903.9,13094.65
2026-01-11 20:00:00+00:00,903.9,905.1,897.6,903.7,13549.21
2026-01-12 00:00:00+00:00,903.7,910.1,896.0,904.5,19115.2
2026-01-12 04:00:00+00:00,904.5,909.6,903.2,904.2,5695.25
2026-01-12 08:00:00+00:00,904.2,907.8,897.7,900.7,7853.2
2026-01-12 12:00:00+00:00,900.7,904.8,893.1,903.7,14454.87
2026-01-12 16:00:00+00:00,903.7,908.9,899.4,907.5,7965.4
2026-01-12 20:00:00+00:00,907.5,907.9,900.5,905.1,5358.95
2026-01-13 00:00:00+00:00,905.1,907.5,901.5,905.9,5888.71
2026-01-13 04:00:00+00:00,905.9,914.7,905.9,909.6,16331.17
2026-01-13 08:00:00+00:00,909.6,911.6,907.3,907.6,31978.61
2026-01-13 12:00:00+00:00,907.6,916.5,905.8,916.3,18612.3
2026-01-13 16:00:00+00:00,916.3,945.5,916.1,941.5,40886.18
2026-01-13 20:00:00+00:00,941.5,954.0,939.8,943.3,27889.36
2026-01-14 00:00:00+00:00,943.3,954.5,943.3,949.7,9593.18
2026-01-14 04:00:00+00:00,949.7,952.1,935.1,937.2,11255.39
2026-01-14 08:00:00+00:00,937.2,938.4,927.7,928.2,8562.65
2026-01-14 12:00:00+00:00,928.2,945.5,927.9,941.5,14517.91
2026-01-14 16:00:00+00:00,941.5,947.3,937.8,943.3,11727.02
2026-01-14 20:00:00+00:00,943.3,949.7,942.6,948.2,6992.86
2026-01-15 00:00:00+00:00,948.2,948.5,927.6,931.2,13605.3
2026-01-15 04:00:00+00:00,931.2,939.7,930.5,938.6,10532.86
2026-01-15 08:00:00+00:00,938.6,942.6,937.0,937.7,6370.19
2026-01-15 12:00:00+00:00,937.7,945.3,929.5,937.1,13306.17
2026-01-15 16:00:00+00:00,937.1,942.1,924.2,927.5,16350.03
2026-01-15 20:00:00+00:00,927.5,933.4,923.3,930.6,7005.73
2026-01-16 00:00:00+00:00,930.6,933.8,928.4,928.9,6207.71
2026-01-16 04:00:00+00:00,928.9,935.6,926.4,933.7,5599.39
2026-01-16 08:00:00+00:00,933.7,938.1,931.5,934.7,4531.96
2026-01-16 12:00:00+00:00,934.7,936.9,922.5,926.5,12137.42
2026-01-16 16:00:00+00:00,926.5,931.9,925.8,930.8,7333.16
2026-01-16 20:00:00+00:00,930.8,939.0,928.1,937.7,6348.37
2026-01-17 00:00:00+00:00,937.7,938.7,934.6,937.1,3226.11
2026-01-17 04:00:00+00:00,937.1,938.8,934.9,935.4,2298.97
2026-01-17 08:00:00+00:00,935.4,944.5,935.2,942.6,7001.03
2026-01-17 12:00:00+00:00,942.6,959.1,940.8,955.3,9676.12
2026-01-17 16:00:00+00:00,955.3,956.0,948.6,952.0,10413.54
2026-01-17 20:00:00+00:00,952.0,953.8,944.8,946.8,4452.17
2026-01-18 00:00:00+00:00,946.8,950.6,942.6,950.0,5283.58
2026-01-18 04:00:00+00:00,950.0,950.0,943.9,943.9,2258.89
2026-01-18 08:00:00+00:00,943.9,946.9,943.1,946.2,3949.45
2026-01-18 12:00:00+00:00,946.2,950.3,943.8,949.6,5621.99
2026-01-18 16:00:00+00:00,949.6,953.0,948.4,949.1,5407.33
2026-01-18 20:00:00+00:00,949.1,953.1,930.8,931.7,17421.08
2026-01-19 00:00:00+00:00,931.7,931.7,899.6,924.5,64356.58
2026-01-19 04:00:00+00:00,924.5,927.5,922.1,926.7,9826.16
2026-01-19 08:00:00+00:00,926.7,929.5,923.6,927.4,9752.93
2026-01-19 12:00:00+00:00,927.4,929.6,922.8,924.9,15720.95
2026-01-19 16:00:00+00:00,924.9,928.7,924.3,926.1,2612.71
2026-01-19 20:00:00+00:00,926.1,927.2,918.8,923.0,7122.84
2026-01-20 00:00:00+00:00,923.0,932.8,922.8,927.0,12729.71
2026-01-20 04:00:00+00:00,927.0,928.2,913.5,917.1,16775.56
2026-01-20 08:00:00+00:00,917.1,917.4,908.4,912.0,10085.93
2026-01-20 12:00:00+00:00,912.0,915.5,896.0,904.8,22721.06
2026-01-20 16:00:00+00:00,904.8,907.9,886.6,895.1,16180.03
2026-01-20 20:00:00+00:00,895.1,897.5,883.5,883.6,13882.12
2026-01-21 00:00:00+00:00,883.6,883.7,866.4,880.9,29390.86
2026-01-21 04:00:00+00:00,880.9,885.4,873.6,874.7,8825.04
2026-01-21 08:00:00+00:00,874.7,875.6,869.1,870.0,9186.38
2026-01-21 12:00:00+00:00,870.0,893.3,863.6,891.9,26021.56
2026-01-21 16:00:00+00:00,891.9,892.7,865.0,889.3,24921.54
2026-01-21 20:00:00+00:00,889.3,892.9,881.4,882.9,10071.31
2026-01-22 00:00:00+00:00,882.9,894.1,882.7,890.9,10604.54
2026-01-22 04:00:00+00:00,890.9,892.7,887.1,888.1,5148.48
2026-01-22 08:00:00+00:00,888.1,897.1,888.1,892.3,6977.64
2026-01-22 12:00:00+00:00,892.3,894.5,877.5,882.6,13412.64
2026-01-22 16:00:00+00:00,882.6,888.5,881.2,887.9,8310.98
2026-01-22 20:00:00+00:00,887.9,891.2,884.9,887.6,6036.77
2026-01-23 00:00:00+00:00,887.6,891.9,887.2,891.1,3360.32
2026-01-23 04:00:00+00:00,891.1,893.2,888.6,890.8,4416.49
2026-01-23 08:00:00+00:00,890.8,891.3,885.1,886.9,5855.66
2026-01-23 12:00:00+00:00,886.9,892.3,882.6,891.7,12536.04
2026-01-23 16:00:00+00:00,891.7,904.8,890.0,893.3,27112.55
2026-01-23 20:00:00+00:00,893.3,894.6,888.2,891.1,4436.43
2026-01-24 00:00:00+00:00,891.1,893.8,888.7,892.3,3151.27
2026-01-24 04:00:00+00:00,892.3,893.7,890.9,891.7,2486.86
2026-01-24 08:00:00+00:00,891.7,893.5,890.7,892.1,2502.64
2026-01-24 12:00:00+00:00,892.1,892.3,888.2,888.2,2631.03
2026-01-24 16:00:00+00:00,888.2,889.8,886.0,887.7,2316.09
2026-01-24 20:00:00+00:00,887.7,889.1,886.4,886.6,1528.82
2026-01-25 00:00:00+00:00,886.6,887.2,879.5,880.7,5475.09
2026-01-25 04:00:00+00:00,880.7,883.1,878.9,878.9,2966.21
2026-01-25 08:00:00+00:00,878.9,882.9,876.6,880.1,4272.24
2026-01-25 12:00:00+00:00,880.1,880.8,876.0,876.9,2900.2
2026-01-25 16:00:00+00:00,876.9,877.0,855.3,858.2,21820.8
2026-01-25 20:00:00+00:00,858.2,866.2,855.4,865.7,8325.2
2026-01-26 00:00:00+00:00,865.7,875.4,864.5,867.5,11306.67
2026-01-26 04:00:00+00:00,867.5,874.3,867.5,874.3,3623.39
2026-01-26 08:00:00+00:00,874.3,877.4,868.8,872.5,5841.7
2026-01-26 12:00:00+00:00,872.5,877.9,868.6,871.5,12244.51
2026-01-26 16:00:00+00:00,871.5,878.7,868.1,873.9,10777.66
2026-01-26 20:00:00+00:00,873.9,881.3,871.1,878.9,4649.62
2026-01-27 00:00:00+00:00,878.9,885.3,875.7,884.2,3455.99
2026-01-27 04:00:00+00:00,884.2,887.6,881.8,883.1,4292.51
2026-01-27 08:00:00+00:00,883.1,884.6,876.1,879.8,6893.96
2026-01-27 12:00:00+00:00,879.8,885.8,878.5,885.3,7392.38
2026-01-27 16:00:00+00:00,885.3,897.7,884.4,891.6,16349.51
2026-01-27 20:00:00+00:00,891.6,901.1,891.3,898.1,6002.28
2026-01-28 00:00:00+00:00,898.1,900.9,894.1,896.7,4845.58
2026-01-28 04:00:00+00:00,896.7,904.8,895.0,903.0,7682.96
2026-01-28 08:00:00+00:00,903.0,909.3,902.0,907.4,12382.32
2026-01-28 12:00:00+00:00,907.4,907.9,896.6,902.3,9130.11
2026-01-28 16:00:00+00:00,902.3,906.8,897.2,903.6,13465.37
2026-01-28 20:00:00+00:00,903.6,907.1,898.9,902.4,6966.23
2026-01-29 00:00:00+00:00,902.4,904.4,892.6,896.2,9998.45
2026-01-29 04:00:00+00:00,896.2,906.5,894.7,904.5,13692.27
2026-01-29 08:00:00+00:00,904.5,905.7,892.8,893.6,41771.54
2026-01-29 12:00:00+00:00,893.6,894.0,855.9,863.3,43154.69
2026-01-29 16:00:00+00:00,863.3,869.6,852.2,859.8,29553.58
2026-01-29 20:00:00+00:00,859.8,869.0,858.9,868.1,8228.36
2026-01-30 00:00:00+00:00,868.1,869.3,834.7,845.2,42386.89
2026-01-30 04:00:00+00:00,845.2,854.0,835.4,846.6,14698.32
2026-01-30 08:00:00+00:00,846.6,847.4,832.2,842.2,17450.7
2026-01-30 12:00:00+00:00,842.2,855.6,835.7,849.8,32745.91
2026-01-30 16:00:00+00:00,849.8,855.4,831.3,853.7,21255.09
2026-01-30 20:00:00+00:00,853.7,861.5,845.8,858.2,24029.31
2026-01-31 00:00:00+00:00,858.2,860.4,851.4,852.8,7884.45
2026-01-31 04:00:00+00:00,852.8,854.2,845.1,847.3,8097.43
2026-01-31 08:00:00+00:00,847.3,847.3,831.5,836.2,14859.4
2026-01-31 12:00:00+00:00,836.2,836.9,801.2,802.7,45373.52
2026-01-31 16:00:00+00:00,802.7,810.0,748.5,770.6,117691.94
2026-01-31 20:00:00+00:00,770.6,785.6,765.4,780.8,26281.51
2026-02-01 00:00:00+00:00,780.8,789.3,778.4,782.9,19838.7
2026-02-01 04:00:00+00:00,782.9,784.6,773.3,777.7,10321.97
2026-02-01 08:00:00+00:00,777.7,782.3,767.9,773.7,14387.75
2026-02-01 12:00:00+00:00,773.7,773.8,741.6,749.5,36485.46
2026-02-01 16:00:00+00:00,749.5,766.5,745.4,756.7,26690.24
2026-02-01 20:00:00+00:00,756.7,766.1,739.3,758.1,36835.69
2026-02-02 00:00:00+00:00,758.1,770.3,728.0,751.4,39348.47
2026-02-02 04:00:00+00:00,751.4,760.3,728.3,752.2,49635.43
2026-02-02 08:00:00+00:00,752.2,767.1,752.2,762.1,20515.88
2026-02-02 12:00:00+00:00,762.1,780.6,761.2,777.2,27182.38
2026-02-02 16:00:00+00:00,777.2,781.1,769.2,769.6,18181.32
2026-02-02 20:00:00+00:00,769.6,776.5,766.7,773.6,12266.93
2026-02-03 00:00:00+00:00,773.6,774.9,762.1,772.0,14253.2
2026-02-03 04:00:00+00:00,772.0,783.3,770.5,781.6,11829.98
2026-02-03 08:00:00+00:00,781.6,782.3,765.4,768.3,23649.41
2026-02-03 12:00:00+00:00,768.3,778.0,763.5,776.5,19268.92
2026-02-03 16:00:00+00:00,776.5,776.5,735.8,757.6,47340.3
2026-02-03 20:00:00+00:00,757.6,775.2,751.8,754.5,27621.4
2026-02-04 00:00:00+00:00,754.5,763.9,751.3,761.2,11425.77
2026-02-04 04:00:00+00:00,761.2,765.1,753.7,763.8,7947.01
2026-02-04 08:00:00+00:00,763.8,763.9,746.8,749.9,10828.42
2026-02-04 12:00:00+00:00,749.9,752.0,726.7,733.4,38401.32
2026-02-04 16:00:00+00:00,733.4,736.0,706.4,717.4,44734.75
2026-02-04 20:00:00+00:00,717.4,718.3,686.2,696.8,29389.33
2026-02-05 00:00:00+00:00,696.8,702.8,690.3,693.8,22561.26
2026-02-05 04:00:00+00:00,693.8,700.1,685.3,691.0,28042.83
2026-02-05 08:00:00+00:00,691.0,699.9,674.2,683.0,33112.24
2026-02-05 12:00:00+00:00,683.0,688.3,646.1,658.2,74485.85
2026-02-05 16:00:00+00:00,658.2,673.6,633.5,640.9,62116.98
2026-02-05 20:00:00+00:00,640.9,644.8,601.8,608.0,128342.17
2026-02-06 00:00:00+00:00,608.0,633.5,569.7,614.8,165488.66
2026-02-06 04:00:00+00:00,614.8,641.9,612.7,622.3,29777.89
2026-02-06 08:00:00+00:00,622.3,637.9,616.2,635.5,27900.61
2026-02-06 12:00:00+00:00,635.5,654.5,632.0,650.6,37656.54
2026-02-06 16:00:00+00:00,650.6,669.0,648.4,658.2,45675.67
2026-02-06 20:00:00+00:00,658.2,668.1,654.3,656.5,18333.46
2026-02-07 00:00:00+00:00,656.5,661.3,649.7,658.6,15249.58
2026-02-07 04:00:00+00:00,658.6,663.2,631.8,638.1,38205.13
2026-02-07 08:00:00+00:00,638.1,641.0,630.4,635.0,14441.75
2026-02-07 12:00:00+00:00,635.0,646.6,633.3,641.7,16284.29
2026-02-07 16:00:00+00:00,641.7,654.9,638.6,649.7,88837.15
2026-02-07 20:00:00+00:00,649.7,653.5,643.5,646.6,6610.99
2026-02-08 00:00:00+00:00,646.6,650.8,642.0,642.2,5912.14
2026-02-08 04:00:00+00:00,642.2,644.5,638.7,642.6,5220.27
2026-02-08 08:00:00+00:00,642.6,650.5,636.8,645.1,21780.09
2026-02-08 12:00:00+00:00,645.1,647.8,640.5,643.4,12892.94
2026-02-08 16:00:00+00:00,643.4,649.4,631.9,648.1,14432.75
2026-02-08 20:00:00+00:00,648.1,652.8,635.6,639.4,13750.74
2026-02-09 00:00:00+00:00,639.4,645.8,633.1,644.6,12012.92
2026-02-09 04:00:00+00:00,644.6,644.8,630.4,631.5,13234.25
2026-02-09 08:00:00+00:00,631.5,633.1,615.7,621.4,17444.83
2026-02-09 12:00:00+00:00,621.4,632.2,621.3,630.6,17541.3
2026-02-09 16:00:00+00:00,630.6,643.1,626.8,642.2,15395.0
2026-02-09 20:00:00+00:00,642.2,643.9,633.0,635.9,8325.8
2026-02-10 00:00:00+00:00,635.9,641.7,629.5,633.0,14367.93
2026-02-10 04:00:00+00:00,633.0,639.1,627.8,631.2,18548.5
2026-02-10 08:00:00+00:00,631.2,634.9,624.6,626.0,16903.96
2026-02-10 12:00:00+00:00,626.0,628.7,613.0,618.8,26680.22
2026-02-10 16:00:00+00:00,618.8,625.0,613.4,616.8,11230.97
2026-02-10 20:00:00+00:00,616.8,620.2,614.0,619.5,7112.97
2026-02-11 00:00:00+00:00,619.5,623.8,614.8,617.0,6722.4
2026-02-11 04:00:00+00:00,617.0,618.1,597.2,600.2,24999.52
2026-02-11 08:00:00+00:00,600.2,601.7,586.8,592.5,21148.57
2026-02-11 12:00:00+00:00,592.5,611.7,588.4,593.3,39193.6
2026-02-11 16:00:00+00:00,593.3,613.2,591.8,610.2,18819.42
2026-02-11 20:00:00+00:00,610.2,617.7,604.2,607.7,13986.12
2026-02-12 00:00:00+00:00,607.7,617.1,607.7,616.5,11979.62
2026-02-12 04:00:00+00:00,616.5,618.2,611.1,615.0,10879.13
2026-02-12 08:00:00+00:00,615.0,620.6,610.1,617.3,11265.23
2026-02-12 12:00:00+00:00,617.3,617.9,607.2,608.5,13769.9
2026-02-12 16:00:00+00:00,608.5,611.9,599.9,607.7,13628.39
2026-02-12 20:00:00+00:00,607.7,615.4,603.4,613.9,5686.17
2026-02-13 00:00:00+00:00,613.9,616.3,607.0,608.5,8763.94
2026-02-13 04:00:00+00:00,608.5,609.2,591.6,597.6,15608.21
2026-02-13 08:00:00+00:00,597.6,604.1,597.1,601.4,10694.7
2026-02-13 12:00:00+00:00,601.4,615.0,594.9,609.9,29369.36
2026-02-13 16:00:00+00:00,609.9,621.1,608.6,617.7,21194.04
2026-02-13 20:00:00+00:00,617.7,622.5,615.3,618.6,8602.92
2026-02-14 00:00:00+00:00,618.6,625.4,616.7,617.3,8087.4
2026-02-14 04:00:00+00:00,617.3,622.3,615.5,622.1,7599.12
2026-02-14 08:00:00+00:00,622.1,633.4,621.8,633.0,12419.54
2026-02-14 12:00:00+00:00,633.0,637.2,626.5,634.5,12894.78
2026-02-14 16:00:00+00:00,634.5,634.5,628.7,632.4,5537.91
2026-02-14 20:00:00+00:00,632.4,634.5,628.2,632.4,7480.5
2026-02-15 00:00:00+00:00,632.4,633.8,626.4,633.2,9597.13
2026-02-15 04:00:00+00:00,633.2,642.1,633.2,639.5,7539.85
2026-02-15 08:00:00+00:00,639.5,640.9,625.6,628.9,10674.18
2026-02-15 12:00:00+00:00,628.9,629.7,615.2,621.1,20624.49
2026-02-15 16:00:00+00:00,621.1,621.1,608.3,611.4,18605.03
2026-02-15 20:00:00+00:00,611.4,616.8,609.4,614.6,9135.05
2026-02-16 00:00:00+00:00,614.6,617.9,610.8,613.1,3425.98
2026-02-16 04:00:00+00:00,613.1,618.5,609.7,612.8,9273.69
2026-02-16 08:00:00+00:00,612.8,619.6,612.0,618.2,8210.05
2026-02-16 12:00:00+00:00,618.2,630.9,604.0,607.1,29621.26
2026-02-16 16:00:00+00:00,607.1,617.8,606.7,616.3,10372.84
2026-02-16 20:00:00+00:00,616.3,628.2,615.6,627.0,8753.34
2026-02-17 00:00:00+00:00,627.0,631.8,621.1,626.7,10517.13
2026-02-17 04:00:00+00:00,626.7,628.1,620.0,622.6,7289.27
2026-02-17 08:00:00+00:00,622.6,623.8,614.9,618.0,6674.23
2026-02-17 12:00:00+00:00,618.0,625.7,608.7,614.7,20373.63
2026-02-17 16:00:00+00:00,614.7,624.0,611.8,619.8,17080.95
2026-02-17 20:00:00+00:00,619.8,620.7,615.6,617.3,5548.32
2026-02-18 00:00:00+00:00,617.3,619.4,612.8,618.5,5492.92
2026-02-18 04:00:00+00:00,618.5,621.3,614.2,620.7,12437.76
2026-02-18 08:00:00+00:00,620.7,626.4,612.8,613.7,16049.35
2026-02-18 12:00:00+00:00,613.7,622.7,607.2,617.8,21508.02
2026-02-18 16:00:00+00:00,617.8,620.1,600.6,602.4,20008.54
2026-02-18 20:00:00+00:00,602.4,606.1,601.4,604.5,9196.57
2026-02-19 00:00:00+00:00,604.5,607.8,602.1,607.6,14473.19
2026-02-19 04:00:00+00:00,607.6,614.9,606.1,610.5,8919.01
2026-02-19 08:00:00+00:00,610.5,610.5,603.3,603.8,7663.49
2026-02-19 12:00:00+00:00,603.8,606.1,595.3,600.0,25189.21
2026-02-19 16:00:00+00:00,600.0,606.5,595.6,604.2,11718.81
2026-02-19 20:00:00+00:00,604.2,609.0,602.6,607.5,6317.16
2026-02-20 00:00:00+00:00,607.5,610.2,605.8,607.6,5547.47
2026-02-20 04:00:00+00:00,607.6,613.7,604.7,611.9,10965.68
2026-02-20 08:00:00+00:00,611.9,615.2,607.6,608.4,12621.5
2026-02-20 12:00:00+00:00,608.4,617.9,600.7,616.6,24515.23
2026-02-20 16:00:00+00:00,616.6,628.4,615.8,626.2,26765.98
2026-02-20 20:00:00+00:00,626.2,629.8,624.7,625.9,10292.13
2026-02-21 00:00:00+00:00,625.9,628.8,623.9,625.2,8538.06
2026-02-21 04:00:00+00:00,625.2,628.0,624.8,625.8,4082.4
2026-02-21 08:00:00+00:00,625.8,631.3,625.6,630.1,5859.56
2026-02-21 12:00:00+00:00,630.1,634.7,627.3,627.5,11917.0
2026-02-21 16:00:00+00:00,627.5,629.3,623.9,626.6,7829.88
2026-02-21 20:00:00+00:00,626.6,627.4,624.2,625.5,7010.81
2026-02-22 00:00:00+00:00,625.5,626.7,620.2,621.2,6194.4
2026-02-22 04:00:00+00:00,621.2,623.5,618.4,622.1,5323.82
2026-02-22 08:00:00+00:00,622.1,624.8,620.7,624.4,4882.24
2026-02-22 12:00:00+00:00,624.4,624.4,613.1,615.5,22770.77
2026-02-22 16:00:00+00:00,615.5,615.8,609.5,612.0,12762.67
2026-02-22 20:00:00+00:00,612.0,616.0,610.5,614.4,7144.84
2026-02-23 00:00:00+00:00,614.4,615.7,582.3,589.5,59231.3
2026-02-23 04:00:00+00:00,589.5,599.5,585.1,598.8,19416.26
2026-02-23 08:00:00+00:00,598.8,610.3,596.1,606.1,15240.97
2026-02-23 12:00:00+00:00,606.1,612.3,603.8,604.3,26401.79
2026-02-23 16:00:00+00:00,604.3,606.1,591.1,591.7,21869.48
2026-02-23 20:00:00+00:00,591.7,598.4,589.5,595.8,11478.48
2026-02-24 00:00:00+00:00,595.8,602.4,589.1,592.8,22317.75
2026-02-24 04:00:00+00:00,592.8,593.6,585.7,589.2,15281.58
2026-02-24 08:00:00+00:00,589.2,592.5,585.4,586.6,8566.13
2026-02-24 12:00:00+00:00,586.6,588.0,576.5,585.6,25010.26
2026-02-24 16:00:00+00:00,585.6,589.8,583.4,588.2,11298.65
2026-02-24 20:00:00+00:00,588.2,590.0,582.2,583.2,8058.24
2026-02-25 00:00:00+00:00,583.2,601.8,581.1,593.8,27730.29
2026-02-25 04:00:00+00:00,593.8,596.5,589.5,595.8,10978.45
2026-02-25 08:00:00+00:00,595.8,605.3,595.6,604.8,14948.95
2026-02-25 12:00:00+00:00,604.8,623.1,604.4,621.4,27253.1
2026-02-25 16:00:00+00:00,621.4,634.5,620.9,632.3,27742.38
2026-02-25 20:00:00+00:00,632.3,640.9,624.4,629.7,30232.53
2026-02-26 00:00:00+00:00,629.7,634.1,625.6,628.1,12415.44
2026-02-26 04:00:00+00:00,628.1,632.6,625.4,625.7,9131.06
2026-02-26 08:00:00+00:00,625.7,630.4,622.8,622.9,14158.96
2026-02-26 12:00:00+00:00,622.9,628.5,618.3,623.0,19092.53
2026-02-26 16:00:00+00:00,623.0,624.9,613.9,624.1,22972.64
2026-02-26 20:00:00+00:00,624.1,626.6,620.5,625.5,4731.14
2026-02-27 00:00:00+00:00,625.5,630.1,622.2,628.9,7634.95
2026-02-27 04:00:00+00:00,628.9,633.4,624.5,626.8,10765.71
2026-02-27 08:00:00+00:00,626.8,629.7,612.6,614.3,18433.14
2026-02-27 12:00:00+00:00,614.3,616.5,609.1,614.0,17498.91
2026-02-27 16:00:00+00:00,614.0,614.2,606.3,609.3,13553.32
2026-02-27 20:00:00+00:00,609.3,613.9,605.0,613.5,6183.68
2026-02-28 00:00:00+00:00,613.5,615.3,611.6,614.4,4908.55
2026-02-28 04:00:00+00:00,614.4,615.0,590.0,597.0,34203.84
2026-02-28 08:00:00+00:00,597.0,598.3,588.2,594.2,23164.69
2026-02-28 12:00:00+00:00,594.2,605.4,593.7,603.7,27425.94
2026-02-28 16:00:00+00:00,603.7,614.4,600.5,612.8,15472.45
2026-02-28 20:00:00+00:00,612.8,621.2,611.6,616.7,13776.16
2026-03-01 00:00:00+00:00,616.7,632.2,614.2,628.6,27112.97
2026-03-01 04:00:00+00:00,628.6,631.5,623.1,625.4,19997.81
2026-03-01 08:00:00+00:00,625.4,626.5,618.6,622.7,11551.27
2026-03-01 12:00:00+00:00,622.7,629.8,619.5,626.3,17060.68
2026-03-01 16:00:00+00:00,626.3,629.6,617.3,619.4,19181.06
2026-03-01 20:00:00+00:00,619.4,620.6,610.6,617.6,26780.23
2026-03-02 00:00:00+00:00,617.6,625.3,613.9,624.0,15025.46
2026-03-02 04:00:00+00:00,624.0,625.3,612.6,616.1,8866.78
2026-03-02 08:00:00+00:00,616.1,622.8,612.4,621.7,9708.36
2026-03-02 12:00:00+00:00,621.7,649.7,618.4,646.4,40432.58
2026-03-02 16:00:00+00:00,646.4,653.0,635.8,636.2,28769.91
2026-03-02 20:00:00+00:00,636.2,640.2,632.2,637.3,15646.83
2026-03-03 00:00:00+00:00,637.3,642.0,632.9,635.0,12573.9
2026-03-03 04:00:00+00:00,635.0,638.0,628.3,632.9,13453.27
2026-03-03 08:00:00+00:00,632.9,633.6,620.3,625.8,29349.2
2026-03-03 12:00:00+00:00,625.8,631.4,620.4,630.1,19554.81
2026-03-03 16:00:00+00:00,630.1,638.6,628.3,632.6,20439.54
2026-03-03 20:00:00+00:00,632.6,636.7,628.1,633.1,9619.71
2026-03-04 00:00:00+00:00,633.1,636.2,625.7,629.0,10862.91
2026-03-04 04:00:00+00:00,629.0,640.9,626.8,639.8,12066.73
2026-03-04 08:00:00+00:00,639.8,654.7,638.6,650.2,40062.68
2026-03-04 12:00:00+00:00,650.2,661.6,645.6,660.8,42399.55
2026-03-04 16:00:00+00:00,660.8,665.7,654.7,662.3,24018.06
2026-03-04 20:00:00+00:00,662.3,662.8,656.1,657.5,13050.27
2026-03-05 00:00:00+00:00,657.5,660.5,651.9,653.9,10711.55
2026-03-05 04:00:00+00:00,653.9,657.0,648.2,649.8,10337.65
2026-03-05 08:00:00+00:00,649.8,665.0,649.1,658.9,15483.29
2026-03-05 12:00:00+00:00,658.9,660.3,647.8,652.6,26348.5
2026-03-05 16:00:00+00:00,652.6,654.4,645.6,648.1,27471.15
2026-03-05 20:00:00+00:00,648.1,651.9,645.8,647.5,10429.07
2026-03-06 00:00:00+00:00,647.5,651.4,645.0,649.4,7917.44
2026-03-06 04:00:00+00:00,649.4,649.6,640.5,646.5,13935.48
2026-03-06 08:00:00+00:00,646.5,646.5,636.5,636.8,12332.47
2026-03-06 12:00:00+00:00,636.8,640.5,624.2,627.6,32287.94
2026-03-06 16:00:00+00:00,627.6,632.6,625.3,630.3,10628.07
2026-03-06 20:00:00+00:00,630.3,631.1,626.4,626.8,12290.53
2026-03-07 00:00:00+00:00,626.8,629.4,625.8,626.6,3423.34
2026-03-07 04:00:00+00:00,626.6,628.1,623.9,627.4,4482.11
2026-03-07 08:00:00+00:00,627.4,629.8,625.8,627.3,3249.19
2026-03-07 12:00:00+00:00,627.3,627.7,623.2,624.9,6338.77
2026-03-07 16:00:00+00:00,624.9,624.9,617.8,619.2,8606.8
2026-03-07 20:00:00+00:00,619.2,622.2,617.1,619.8,5968.02
2026-03-08 00:00:00+00:00,619.8,621.6,614.6,616.6,5341.72
2026-03-08 04:00:00+00:00,616.6,622.0,613.8,619.5,6343.83
2026-03-08 08:00:00+00:00,619.5,623.8,617.4,619.8,7676.07
2026-03-08 12:00:00+00:00,619.8,620.7,612.5,615.8,10448.57
2026-03-08 16:00:00+00:00,615.8,619.4,611.3,618.7,6663.64
2026-03-08 20:00:00+00:00,618.7,619.8,607.4,611.5,15915.87
2026-03-09 00:00:00+00:00,611.5,628.0,610.5,623.0,14567.77
2026-03-09 04:00:00+00:00,623.0,629.8,617.7,621.5,16641.52
2026-03-09 08:00:00+00:00,621.5,630.2,621.4,627.0,12896.12
2026-03-09 12:00:00+00:00,627.0,640.1,627.0,639.0,23404.66
2026-03-09 16:00:00+00:00,639.0,642.9,633.8,637.9,17160.97
2026-03-09 20:00:00+00:00,637.9,640.5,633.3,634.2,5951.66
2026-03-10 00:00:00+00:00,634.2,645.7,633.9,639.3,8579.47
2026-03-10 04:00:00+00:00,639.3,646.7,639.0,644.1,8791.55
2026-03-10 08:00:00+00:00,644.1,648.6,643.7,645.1,9111.0
2026-03-10 12:00:00+00:00,645.1,652.0,637.8,648.8,17798.11
2026-03-10 16:00:00+00:00,648.8,652.3,639.5,641.4,10104.64
2026-03-10 20:00:00+00:00,641.4,644.9,639.2,641.5,5688.49
2026-03-11 00:00:00+00:00,641.5,643.9,638.2,639.5,5552.46
2026-03-11 04:00:00+00:00,639.5,644.6,637.3,640.1,8552.52
2026-03-11 08:00:00+00:00,640.1,643.7,634.2,637.8,39261.58
2026-03-11 12:00:00+00:00,637.8,652.0,636.3,645.5,26197.21
2026-03-11 16:00:00+00:00,645.5,655.6,645.0,652.9,14030.46
2026-03-11 20:00:00+00:00,652.9,656.1,649.9,651.2,6820.02
2026-03-12 00:00:00+00:00,651.2,652.2,641.6,642.8,11481.11
2026-03-12 04:00:00+00:00,642.8,646.7,641.2,645.4,6619.15
2026-03-12 08:00:00+00:00,645.4,653.8,645.2,652.1,8250.44
2026-03-12 12:00:00+00:00,652.1,657.6,645.2,649.7,23513.99
2026-03-12 16:00:00+00:00,649.7,652.3,646.0,650.7,5212.66
2026-03-12 20:00:00+00:00,650.7,654.7,648.6,651.4,5913.65
2026-03-13 00:00:00+00:00,651.4,663.6,650.1,661.4,18451.87
2026-03-13 04:00:00+00:00,661.4,664.1,658.4,660.9,8379.28
2026-03-13 08:00:00+00:00,660.9,668.4,660.3,666.3,21268.88
2026-03-13 12:00:00+00:00,666.3,678.9,660.7,661.7,33797.36
2026-03-13 16:00:00+00:00,661.7,664.0,653.0,656.7,25890.03
2026-03-13 20:00:00+00:00,656.7,658.3,653.2,655.3,10180.48
2026-03-14 00:00:00+00:00,655.3,656.7,652.0,656.3,6131.12
2026-03-14 04:00:00+00:00,656.3,657.8,650.4,651.6,5292.69
2026-03-14 08:00:00+00:00,651.6,653.6,649.5,653.1,3696.5
2026-03-14 12:00:00+00:00,653.1,654.5,651.2,653.1,8476.39
2026-03-14 16:00:00+00:00,653.1,654.0,651.7,653.2,2436.82
2026-03-14 20:00:00+00:00,653.2,657.6,652.4,657.3,4313.63
2026-03-15 00:00:00+00:00,657.3,660.7,653.9,658.5,4208.18
2026-03-15 04:00:00+00:00,658.5,660.5,657.2,659.5,4715.69
2026-03-15 08:00:00+00:00,659.5,666.3,659.2,661.2,6597.41
2026-03-15 12:00:00+00:00,661.2,662.1,656.1,659.3,10006.7
2026-03-15 16:00:00+00:00,659.3,663.0,657.5,660.0,4363.22
2026-03-15 20:00:00+00:00,660.0,678.8,659.3,673.6,23806.99
2026-03-16 00:00:00+00:00,673.6,685.8,670.0,680.4,18334.1
2026-03-16 04:00:00+00:00,680.4,687.4,676.8,677.7,15734.57
2026-03-16 08:00:00+00:00,677.7,680.7,673.4,676.7,10194.91
2026-03-16 12:00:00+00:00,676.7,683.3,669.6,671.2,23386.25
2026-03-16 16:00:00+00:00,671.2,681.1,670.6,678.2,13623.55
2026-03-16 20:00:00+00:00,678.2,684.2,673.5,679.0,18298.77
2026-03-17 00:00:00+00:00,679.0,686.1,674.6,675.7,19827.89
2026-03-17 04:00:00+00:00,675.7,677.0,671.3,673.7,11474.98
2026-03-17 08:00:00+00:00,673.7,676.0,666.9,667.2,14108.73
2026-03-17 12:00:00+00:00,667.2,672.8,662.5,668.0,16579.49
2026-03-17 16:00:00+00:00,668.0,674.3,667.1,671.6,5803.01
2026-03-17 20:00:00+00:00,671.6,674.1,667.5,668.3,5419.26
2026-03-18 00:00:00+00:00,668.3,674.8,665.2,673.1,7505.96
2026-03-18 04:00:00+00:00,673.1,674.6,669.6,673.6,8071.03
2026-03-18 08:00:00+00:00,673.6,676.0,660.9,662.5,11589.43
2026-03-18 12:00:00+00:00,662.5,662.5,644.6,648.2,26772.31
2026-03-18 16:00:00+00:00,648.2,652.6,644.7,647.6,18213.61
2026-03-18 20:00:00+00:00,647.6,652.6,643.6,651.8,7205.94
2026-03-19 00:00:00+00:00,651.8,656.2,648.6,652.2,8116.55
2026-03-19 04:00:00+00:00,652.2,652.4,640.5,645.0,10056.06
2026-03-19 08:00:00+00:00,645.0,648.6,643.2,643.6,6466.66
2026-03-19 12:00:00+00:00,643.6,643.8,633.9,637.4,17407.4
2026-03-19 16:00:00+00:00,637.4,641.9,632.9,639.6,15065.46
2026-03-19 20:00:00+00:00,639.6,643.6,637.9,638.9,6025.16
2026-03-20 00:00:00+00:00,638.9,644.7,638.1,644.0,4881.46
2026-03-20 04:00:00+00:00,644.0,645.6,639.2,643.8,4025.05
2026-03-20 08:00:00+00:00,643.8,647.2,639.8,641.2,4728.58
2026-03-20 12:00:00+00:00,641.2,642.9,636.1,640.2,15581.27
2026-03-20 16:00:00+00:00,640.2,641.5,636.0,640.0,5675.63
2026-03-20 20:00:00+00:00,640.0,644.4,637.2,641.9,4816.26
2026-03-21 00:00:00+00:00,641.9,643.0,639.8,641.9,2346.05
2026-03-21 04:00:00+00:00,641.9,644.0,641.4,642.7,1677.65
2026-03-21 08:00:00+00:00,642.7,644.0,641.7,643.4,2931.48
2026-03-21 12:00:00+00:00,643.4,646.1,641.1,642.5,3056.61
2026-03-21 16:00:00+00:00,642.5,643.0,640.3,641.2,2083.68
2026-03-21 20:00:00+00:00,641.2,642.7,627.0,630.0,12376.77
2026-03-22 00:00:00+00:00,630.0,637.5,622.0,634.4,16579.41
2026-03-22 04:00:00+00:00,634.4,636.2,631.4,631.5,7556.63
2026-03-22 08:00:00+00:00,631.5,631.7,627.0,627.5,3663.14
2026-03-22 12:00:00+00:00,627.5,631.3,627.4,629.3,3618.86
2026-03-22 16:00:00+00:00,629.3,631.9,626.1,627.1,3894.75
2026-03-22 20:00:00+00:00,627.1,631.4,621.4,626.0,7935.2
2026-03-23 00:00:00+00:00,626.0,630.5,621.8,626.2,8649.84
2026-03-23 04:00:00+00:00,626.2,631.6,619.7,623.8,12064.48
2026-03-23 08:00:00+00:00,623.8,650.7,621.0,638.1,71931.79
2026-03-23 12:00:00+00:00,638.1,649.4,635.6,637.1,28116.64
2026-03-23 16:00:00+00:00,637.1,640.5,632.4,637.4,12759.46
2026-03-23 20:00:00+00:00,637.4,642.9,635.9,638.8,9452.32
2026-03-24 00:00:00+00:00,638.8,639.9,631.5,632.2,6259.73
2026-03-24 04:00:00+00:00,632.2,638.2,626.8,637.6,7983.07
2026-03-24 08:00:00+00:00,637.6,639.5,633.5,638.6,7415.96
2026-03-24 12:00:00+00:00,638.6,639.1,626.6,630.7,15364.72
2026-03-24 16:00:00+00:00,630.7,632.1,626.6,630.0,7450.26
2026-03-24 20:00:00+00:00,630.0,639.5,629.5,638.0,7601.55
2026-03-25 00:00:00+00:00,638.0,642.8,637.3,642.0,11329.55
2026-03-25 04:00:00+00:00,642.0,646.8,641.4,643.1,10137.03
2026-03-25 08:00:00+00:00,643.1,650.9,643.1,648.2,20886.51
2026-03-25 12:00:00+00:00,648.2,652.7,641.6,645.3,13282.19
2026-03-25 16:00:00+00:00,645.3,650.9,643.7,645.7,7205.89
2026-03-25 20:00:00+00:00,645.7,649.9,643.7,647.4,5209.48
2026-03-26 00:00:00+00:00,647.4,648.1,640.9,642.5,6918.92
2026-03-26 04:00:00+00:00,642.5,642.9,632.8,634.9,13850.91
2026-03-26 08:00:00+00:00,634.9,634.9,627.6,628.8,12396.13
2026-03-26 12:00:00+00:00,628.8,632.3,624.3,626.3,8065.52
2026-03-26 16:00:00+00:00,626.3,628.5,622.5,625.2,8893.5
2026-03-26 20:00:00+00:00,625.2,631.0,624.7,628.5,11476.32
2026-03-27 00:00:00+00:00,628.5,631.4,626.8,627.9,3418.72
2026-03-27 04:00:00+00:00,627.9,629.6,624.5,628.2,4389.91
2026-03-27 08:00:00+00:00,628.2,628.7,606.6,610.7,27349.35
2026-03-27 12:00:00+00:00,610.7,613.8,605.5,610.2,15347.83
2026-03-27 16:00:00+00:00,610.2,611.6,606.3,609.8,6143.3
2026-03-27 20:00:00+00:00,609.8,613.9,608.3,613.6,4745.07
2026-03-28 00:00:00+00:00,613.6,613.8,609.5,610.8,3168.22
2026-03-28 04:00:00+00:00,610.8,614.1,610.1,613.6,2065.92
2026-03-28 08:00:00+00:00,613.6,614.0,610.0,612.7,3066.11
2026-03-28 12:00:00+00:00,612.7,618.6,611.3,616.9,10358.23
2026-03-28 16:00:00+00:00,616.9,617.4,615.0,616.2,3187.89
2026-03-28 20:00:00+00:00,616.2,617.7,610.2,610.7,5369.36
2026-03-29 00:00:00+00:00,610.7,614.8,609.4,613.6,2358.61
2026-03-29 04:00:00+00:00,613.6,614.3,611.6,613.3,2181.55
2026-03-29 08:00:00+00:00,613.3,614.2,610.7,613.2,3733.96
2026-03-29 12:00:00+00:00,613.2,613.4,607.0,609.2,5835.58
2026-03-29 16:00:00+00:00,609.2,610.8,607.2,608.8,2699.71
2026-03-29 20:00:00+00:00,608.8,612.0,595.8,605.7,16155.06
2026-03-30 00:00:00+00:00,605.7,619.0,604.7,615.4,9962.52
2026-03-30 04:00:00+00:00,615.4,619.1,615.2,618.0,6107.19
2026-03-30 08:00:00+00:00,618.0,621.5,616.3,617.6,12937.64
2026-03-30 12:00:00+00:00,617.6,620.7,613.2,618.2,5940.96
2026-03-30 16:00:00+00:00,618.2,618.5,607.9,610.4,7650.99
2026-03-30 20:00:00+00:00,610.4,613.3,607.1,608.8,6760.04
2026-03-31 00:00:00+00:00,608.8,619.3,607.8,613.1,8465.04
2026-03-31 04:00:00+00:00,613.1,614.2,608.9,610.7,4191.11
2026-03-31 08:00:00+00:00,610.7,610.9,598.5,604.9,15567.82
2026-03-31 12:00:00+00:00,604.9,615.7,603.9,607.7,16349.99
2026-03-31 16:00:00+00:00,607.7,619.6,607.7,615.5,12896.32
2026-03-31 20:00:00+00:00,615.5,619.7,615.0,617.1,5780.09
2026-04-01 00:00:00+00:00,617.1,619.5,613.7,616.6,5349.97
2026-04-01 04:00:00+00:00,616.6,622.0,614.7,616.0,10086.6
2026-04-01 08:00:00+00:00,616.0,617.2,613.5,615.1,6223.89
2026-04-01 12:00:00+00:00,615.1,617.6,609.6,614.6,11949.47
2026-04-01 16:00:00+00:00,614.6,619.3,611.2,613.4,9160.88
2026-04-01 20:00:00+00:00,613.4,615.6,609.3,610.4,6806.24
2026-04-02 00:00:00+00:00,610.4,613.2,591.3,591.6,18909.75
2026-04-02 04:00:00+00:00,591.6,592.2,586.9,591.4,9829.45
2026-04-02 08:00:00+00:00,591.4,591.4,576.8,580.9,10924.36
2026-04-02 12:00:00+00:00,580.9,581.0,570.1,573.8,22015.0
2026-04-02 16:00:00+00:00,573.8,583.4,573.5,583.1,12534.87
2026-04-02 20:00:00+00:00,583.1,584.6,580.9,583.1,5367.3
2026-04-03 00:00:00+00:00,583.1,586.7,581.6,585.4,7679.68
2026-04-03 04:00:00+00:00,585.4,588.6,584.5,586.0,5358.39
2026-04-03 08:00:00+00:00,586.0,587.9,582.8,587.0,6819.67
2026-04-03 12:00:00+00:00,587.0,590.0,583.5,586.7,10252.38
2026-04-03 16:00:00+00:00,586.7,588.9,586.2,588.1,4364.78
2026-04-03 20:00:00+00:00,588.1,589.0,586.6,587.9,6254.09
2026-04-04 00:00:00+00:00,587.9,588.9,586.7,588.7,2457.13
2026-04-04 04:00:00+00:00,588.7,591.9,587.9,589.8,4195.75
2026-04-04 08:00:00+00:00,589.8,591.5,588.7,589.2,4041.28
2026-04-04 12:00:00+00:00,589.2,591.3,587.7,590.7,4007.83
2026-04-04 16:00:00+00:00,590.7,596.4,589.9,593.1,5441.22
2026-04-04 20:00:00+00:00,593.1,594.9,592.3,593.0,3117.68
2026-04-05 00:00:00+00:00,593.0,593.9,591.0,593.2,4510.79
2026-04-05 04:00:00+00:00,593.2,593.8,587.4,590.1,7885.85
2026-04-05 08:00:00+00:00,590.1,594.7,589.8,593.7,5287.7
2026-04-05 12:00:00+00:00,593.7,596.2,586.6,592.8,10415.89
2026-04-05 16:00:00+00:00,592.8,593.4,591.2,592.1,4175.28
2026-04-05 20:00:00+00:00,592.1,604.3,590.0,601.3,17360.39
2026-04-06 00:00:00+00:00,601.3,607.7,600.0,600.5,13608.05
2026-04-06 04:00:00+00:00,600.5,604.2,598.5,603.7,9435.23
2026-04-06 08:00:00+00:00,603.7,610.3,603.6,605.2,8347.37
2026-04-06 12:00:00+00:00,605.2,608.7,604.0,608.3,8247.87
2026-04-06 16:00:00+00:00,608.3,608.9,602.6,606.5,5842.2
2026-04-06 20:00:00+00:00,606.5,607.8,595.9,599.9,7817.86
2026-04-07 00:00:00+00:00,599.9,601.1,596.1,598.7,5028.63
2026-04-07 04:00:00+00:00,598.7,601.8,596.3,598.8,6300.89
2026-04-07 08:00:00+00:00,598.8,606.3,596.1,596.7,17327.25
2026-04-07 12:00:00+00:00,596.7,599.6,591.4,598.1,18868.63
2026-04-07 16:00:00+00:00,598.1,608.7,598.1,608.1,8280.8
2026-04-07 20:00:00+00:00,608.1,624.8,606.9,620.2,28942.47
2026-04-08 00:00:00+00:00,620.2,621.6,613.0,613.3,12576.44
2026-04-08 04:00:00+00:00,613.3,617.1,611.9,613.1,7422.42
2026-04-08 08:00:00+00:00,613.1,614.4,610.6,612.8,5706.23
2026-04-08 12:00:00+00:00,612.8,615.6,601.0,605.0,20248.87
2026-04-08 16:00:00+00:00,605.0,607.4,602.4,603.9,6305.5
2026-04-08 20:00:00+00:00,603.9,607.1,599.5,600.9,6509.35
2026-04-09 00:00:00+00:00,600.9,602.5,596.6,599.8,8079.41
2026-04-09 04:00:00+00:00,599.8,600.9,598.2,599.6,2934.93
2026-04-09 08:00:00+00:00,599.6,602.8,598.9,602.2,9548.92
2026-04-09 12:00:00+00:00,602.2,607.0,597.9,605.8,12140.85
2026-04-09 16:00:00+00:00,605.8,609.6,603.2,608.5,9927.52
2026-04-09 20:00:00+00:00,608.5,612.0,601.8,602.8,9778.36
2026-04-10 00:00:00+00:00,602.8,605.0,599.5,600.8,7523.34
2026-04-10 04:00:00+00:00,600.8,602.3,598.6,598.8,5771.11
2026-04-10 08:00:00+00:00,598.8,603.0,596.9,602.2,6983.91
2026-04-10 12:00:00+00:00,602.2,608.6,600.6,603.0,13265.31
2026-04-10 16:00:00+00:00,603.0,609.7,603.0,609.3,6165.58
2026-04-10 20:00:00+00:00,609.3,610.0,605.0,605.1,5855.94
2026-04-11 00:00:00+00:00,605.1,607.3,603.0,606.3,3410.86
2026-04-11 04:00:00+00:00,606.3,607.2,604.1,605.6,2838.3
2026-04-11 08:00:00+00:00,605.6,606.9,604.0,605.1,3923.55
2026-04-11 12:00:00+00:00,605.1,606.5,603.2,605.2,3683.8
2026-04-11 16:00:00+00:00,605.2,613.8,605.2,612.8,8260.18
2026-04-11 20:00:00+00:00,612.8,612.9,605.4,606.8,9324.86
2026-04-12 00:00:00+00:00,606.8,607.1,589.9,595.1,22448.84
2026-04-12 04:00:00+00:00,595.1,595.7,592.6,593.9,8465.89
2026-04-12 08:00:00+00:00,593.9,595.1,592.5,595.0,7085.35
2026-04-12 12:00:00+00:00,595.0,595.6,588.7,591.2,9977.9
2026-04-12 16:00:00+00:00,591.2,593.0,590.6,591.9,3514.46
2026-04-12 20:00:00+00:00,591.9,596.6,590.6,591.8,6967.71
2026-04-13 00:00:00+00:00,591.8,597.8,591.2,594.5,4166.78
2026-04-13 04:00:00+00:00,594.5,599.4,594.3,596.9,5251.98
2026-04-13 08:00:00+00:00,596.9,598.5,595.0,596.9,3021.4
2026-04-13 12:00:00+00:00,596.9,604.6,595.2,603.2,14257.76
2026-04-13 16:00:00+00:00,603.2,609.0,602.0,608.4,12696.02
2026-04-13 20:00:00+00:00,608.4,617.9,606.9,614.6,16787.69
2026-04-14 00:00:00+00:00,614.6,616.0,610.7,615.9,8646.39
2026-04-14 04:00:00+00:00,615.9,616.0,611.6,613.3,4625.98
2026-04-14 08:00:00+00:00,613.3,619.4,613.1,616.5,15301.91
2026-04-14 12:00:00+00:00,616.5,625.3,615.2,623.4,18334.86
2026-04-14 16:00:00+00:00,623.4,625.1,611.8,613.8,13527.84
2026-04-14 20:00:00+00:00,613.8,616.9,612.8,613.7,4949.13
2026-04-15 00:00:00+00:00,613.7,619.7,613.7,615.8,11426.35
2026-04-15 04:00:00+00:00,615.8,616.9,610.4,611.2,6172.24
2026-04-15 08:00:00+00:00,611.2,620.3,610.1,619.3,9975.51
2026-04-15 12:00:00+00:00,619.3,620.2,615.5,618.8,7467.82
2026-04-15 16:00:00+00:00,618.8,627.3,618.2,625.0,7809.63
2026-04-15 20:00:00+00:00,625.0,626.5,621.0,622.2,7406.33
2026-04-16 00:00:00+00:00,622.2,625.9,620.1,623.9,4572.76
2026-04-16 04:00:00+00:00,623.9,625.9,621.5,622.1,4159.09
2026-04-16 08:00:00+00:00,622.1,623.5,618.5,620.6,14045.73
2026-04-16 12:00:00+00:00,620.6,626.2,614.6,624.5,17200.59
2026-04-16 16:00:00+00:00,624.5,637.4,623.3,636.3,23159.75
2026-04-16 20:00:00+00:00,636.3,637.3,631.5,635.5,5869.42
2026-04-17 00:00:00+00:00,635.5,636.3,627.9,629.0,8546.81
2026-04-17 04:00:00+00:00,629.0,629.9,626.3,626.9,4908.39
2026-04-17 08:00:00+00:00,626.9,635.0,626.5,632.2,13548.1
2026-04-17 12:00:00+00:00,632.2,645.3,631.4,643.1,24438.47
2026-04-17 16:00:00+00:00,643.1,645.4,638.3,641.0,11641.29
2026-04-17 20:00:00+00:00,641.0,644.4,638.9,642.9,6654.0
2026-04-18 00:00:00+00:00,642.9,646.6,639.8,639.9,11356.67
2026-04-18 04:00:00+00:00,639.9,648.5,639.7,643.1,6823.4
2026-04-18 08:00:00+00:00,643.1,643.3,630.9,632.9,14440.68
2026-04-18 12:00:00+00:00,632.9,634.6,630.9,632.9,5351.17
2026-04-18 16:00:00+00:00,632.9,633.9,627.8,630.1,7187.77
2026-04-18 20:00:00+00:00,630.1,631.5,629.3,629.5,5806.47
2026-04-19 00:00:00+00:00,629.5,630.0,620.5,622.8,8927.55
2026-04-19 04:00:00+00:00,622.8,624.2,617.8,619.8,9335.76
2026-04-19 08:00:00+00:00,619.8,622.9,617.8,622.0,6893.54
2026-04-19 12:00:00+00:00,622.0,628.1,621.7,625.7,13710.92
2026-04-19 16:00:00+00:00,625.7,626.3,618.9,622.5,13545.42
2026-04-19 20:00:00+00:00,622.5,622.8,613.9,615.7,11010.25
2026-04-20 00:00:00+00:00,615.7,622.4,615.6,621.5,3839.25
2026-04-20 04:00:00+00:00,621.5,629.1,616.5,624.3,9076.07
2026-04-20 08:00:00+00:00,624.3,627.8,622.3,625.0,4661.39
2026-04-20 12:00:00+00:00,625.0,628.0,620.5,628.0,10336.45
2026-04-20 16:00:00+00:00,628.0,631.6,626.3,630.3,5392.94
2026-04-20 20:00:00+00:00,630.3,631.8,627.7,629.0,4177.29
2026-04-21 00:00:00+00:00,629.0,632.3,627.8,629.6,4394.06
2026-04-21 04:00:00+00:00,629.6,633.5,628.5,632.5,3155.24
2026-04-21 08:00:00+00:00,632.5,640.4,631.9,634.0,13070.61
2026-04-21 12:00:00+00:00,634.0,634.7,628.9,631.3,6909.62
2026-04-21 16:00:00+00:00,631.3,633.3,624.2,626.2,8445.65
2026-04-21 20:00:00+00:00,626.2,632.0,625.0,631.3,6070.0
2026-04-22 00:00:00+00:00,631.3,641.2,630.6,639.4,9390.61
2026-04-22 04:00:00+00:00,639.4,644.7,638.4,641.9,15099.64
2026-04-22 08:00:00+00:00,641.9,643.7,640.9,642.6,4602.96
2026-04-22 12:00:00+00:00,642.6,653.8,642.0,649.1,16996.35
2026-04-22 16:00:00+00:00,649.1,651.0,643.0,643.8,9679.3
2026-04-22 20:00:00+00:00,643.8,644.0,636.9,637.0,9546.87
2026-04-23 00:00:00+00:00,637.0,639.2,632.8,635.2,10574.54
2026-04-23 04:00:00+00:00,635.2,637.8,634.5,635.4,8401.32
2026-04-23 08:00:00+00:00,635.4,636.0,630.7,633.0,6603.87
2026-04-23 12:00:00+00:00,633.0,639.8,631.4,639.4,9509.37
2026-04-23 16:00:00+00:00,639.4,640.1,630.5,635.5,8735.33
2026-04-23 20:00:00+00:00,635.5,639.5,635.2,638.4,5428.99
2026-04-24 00:00:00+00:00,638.4,640.4,633.1,634.3,4437.7
2026-04-24 04:00:00+00:00,634.3,636.6,631.5,634.6,6342.33
2026-04-24 08:00:00+00:00,634.6,638.4,633.0,637.7,4807.73
2026-04-24 12:00:00+00:00,637.7,640.1,635.4,639.1,7194.41
2026-04-24 16:00:00+00:00,639.1,639.6,634.9,637.9,2846.51
2026-04-24 20:00:00+00:00,637.9,638.2,635.0,635.8,3098.29
2026-04-25 00:00:00+00:00,635.8,637.4,634.9,637.2,2622.77
2026-04-25 04:00:00+00:00,637.2,637.9,635.9,636.6,1846.06
2026-04-25 08:00:00+00:00,636.6,638.2,634.0,634.4,1864.51
2026-04-25 12:00:00+00:00,634.4,634.9,628.4,629.3,7730.13
2026-04-25 16:00:00+00:00,629.3,630.0,626.8,628.3,4591.23
2026-04-25 20:00:00+00:00,628.3,630.0,627.9,628.1,3740.78
2026-04-26 00:00:00+00:00,628.1,630.1,626.4,628.1,3819.82
2026-04-26 04:00:00+00:00,628.1,632.5,627.8,632.1,3977.51
2026-04-26 08:00:00+00:00,632.1,632.3,629.4,632.1,4545.66
2026-04-26 12:00:00+00:00,632.1,632.7,630.1,632.0,3571.56
2026-04-26 16:00:00+00:00,632.0,636.3,630.0,635.6,3984.19
2026-04-26 20:00:00+00:00,635.6,638.0,632.8,635.5,6377.41
2026-04-27 00:00:00+00:00,635.5,639.7,633.5,638.1,7379.91
2026-04-27 04:00:00+00:00,638.1,638.4,624.6,625.3,14284.08
2026-04-27 08:00:00+00:00,625.3,628.4,624.8,627.0,8607.13
2026-04-27 12:00:00+00:00,627.0,628.4,618.2,620.6,14630.62
2026-04-27 16:00:00+00:00,620.6,623.9,620.2,623.1,5695.37
2026-04-27 20:00:00+00:00,623.1,627.1,622.8,626.4,5560.29
2026-04-28 00:00:00+00:00,626.4,627.3,622.9,624.2,3297.17
2026-04-28 04:00:00+00:00,624.2,626.2,621.2,623.8,6721.18
2026-04-28 08:00:00+00:00,623.8,625.1,620.7,621.4,1931.18
2026-04-28 12:00:00+00:00,621.4,623.4,618.6,622.4,7053.29
2026-04-28 16:00:00+00:00,622.4,623.9,621.5,623.8,2526.78
2026-04-28 20:00:00+00:00,623.8,624.3,622.4,624.2,3382.93
2026-04-29 00:00:00+00:00,624.2,626.4,622.2,625.7,4034.67
2026-04-29 04:00:00+00:00,625.7,628.1,624.5,624.7,5511.36
2026-04-29 08:00:00+00:00,624.7,629.5,624.0,625.7,6434.89
2026-04-29 12:00:00+00:00,625.7,625.8,615.1,616.0,14401.83
2026-04-29 16:00:00+00:00,616.0,619.9,609.7,612.9,14737.35
2026-04-29 20:00:00+00:00,612.9,618.2,612.7,617.0,4710.82
2026-04-30 00:00:00+00:00,617.0,620.4,615.7,617.6,5096.15
2026-04-30 04:00:00+00:00,617.6,618.0,612.9,617.3,5558.95
2026-04-30 08:00:00+00:00,617.3,618.5,614.2,615.4,3679.99
2026-04-30 12:00:00+00:00,615.4,617.9,613.1,616.7,3640.46
2026-04-30 16:00:00+00:00,616.7,618.4,615.4,618.1,2518.65
2026-04-30 20:00:00+00:00,618.1,618.2,614.4,614.9,2331.75
2026-05-01 00:00:00+00:00,614.9,621.2,614.9,618.2,4561.72
2026-05-01 04:00:00+00:00,618.2,618.8,615.8,617.0,3448.95
2026-05-01 08:00:00+00:00,617.0,619.2,615.6,618.6,2907.58
2026-05-01 12:00:00+00:00,618.6,622.7,618.2,620.6,7467.9
2026-05-01 16:00:00+00:00,620.6,621.6,618.6,619.0,2680.12
2026-05-01 20:00:00+00:00,619.0,619.1,613.4,615.1,6099.74
2026-05-02 00:00:00+00:00,615.1,616.9,614.5,615.9,2700.91
2026-05-02 04:00:00+00:00,615.9,616.0,613.7,615.4,3105.33
2026-05-02 08:00:00+00:00,615.4,615.8,614.2,615.2,1855.33
2026-05-02 12:00:00+00:00,615.2,617.9,614.9,617.8,2576.18
2026-05-02 16:00:00+00:00,617.8,619.0,617.3,618.6,3203.21
2026-05-02 20:00:00+00:00,618.6,621.5,617.5,617.8,3991.62
2026-05-03 00:00:00+00:00,617.8,618.1,614.5,615.8,3775.2
2026-05-03 04:00:00+00:00,615.8,618.1,614.8,616.7,4287.52
2026-05-03 08:00:00+00:00,616.7,619.5,616.5,618.7,4185.71
2026-05-03 12:00:00+00:00,618.7,620.3,617.9,619.7,2734.83
2026-05-03 16:00:00+00:00,619.7,620.5,618.6,619.2,1797.42
2026-05-03 20:00:00+00:00,619.2,622.0,616.6,616.9,5828.51
2026-05-04 00:00:00+00:00,616.9,626.5,615.0,626.5,16366.32
2026-05-04 04:00:00+00:00,626.5,639.0,626.5,628.2,25323.68
2026-05-04 08:00:00+00:00,628.2,630.6,619.6,622.6,15203.08
2026-05-04 12:00:00+00:00,622.6,628.0,620.7,625.0,14876.04
2026-05-04 16:00:00+00:00,625.0,628.6,623.1,624.6,6757.61
2026-05-04 20:00:00+00:00,624.6,625.7,622.2,622.2,5463.05
2026-05-05 00:00:00+00:00,622.2,627.9,622.1,627.4,6272.74
2026-05-05 04:00:00+00:00,627.4,628.6,625.5,627.2,4130.07
2026-05-05 08:00:00+00:00,627.2,628.9,625.6,628.5,3620.27
2026-05-05 12:00:00+00:00,628.5,633.8,627.8,630.7,9516.48
2026-05-05 16:00:00+00:00,630.7,632.2,627.4,631.5,6781.22
2026-05-05 20:00:00+00:00,631.5,634.7,629.5,630.3,10924.66
2026-05-06 00:00:00+00:00,630.3,635.6,628.7,634.9,8042.63
2026-05-06 04:00:00+00:00,634.9,640.4,632.7,637.9,10553.41
2026-05-06 08:00:00+00:00,637.9,652.5,637.8,652.3,20665.14
2026-05-06 12:00:00+00:00,652.3,663.9,643.3,648.3,27668.74
2026-05-06 16:00:00+00:00,648.3,651.0,646.0,650.2,5651.29
2026-05-06 20:00:00+00:00,650.2,651.3,644.2,647.5,3940.68
2026-05-07 00:00:00+00:00,647.5,649.5,641.1,642.2,10753.39
2026-05-07 04:00:00+00:00,642.2,653.0,641.6,651.6,8228.48
2026-05-07 08:00:00+00:00,651.6,652.8,645.7,647.6,5503.98
2026-05-07 12:00:00+00:00,647.6,650.6,638.8,642.0,11868.23
2026-05-07 16:00:00+00:00,642.0,644.3,638.3,643.1,13904.52
2026-05-07 20:00:00+00:00,643.1,644.7,633.0,636.6,21544.86
2026-05-08 00:00:00+00:00,636.6,640.4,635.0,639.3,7569.26
2026-05-08 04:00:00+00:00,639.3,640.8,634.2,636.5,10330.06
2026-05-08 08:00:00+00:00,636.5,641.0,635.5,640.6,6038.66
2026-05-08 12:00:00+00:00,640.6,643.9,637.0,643.6,4802.89
2026-05-08 16:00:00+00:00,643.6,649.2,642.1,648.0,9369.74
2026-05-08 20:00:00+00:00,648.0,651.4,645.7,649.2,6650.46
2026-05-09 00:00:00+00:00,649.2,655.9,648.8,653.4,6831.68
2026-05-09 04:00:00+00:00,653.4,655.7,648.6,649.7,6604.99
2026-05-09 08:00:00+00:00,649.7,650.9,648.2,649.9,3247.6
2026-05-09 12:00:00+00:00,649.9,650.5,646.0,647.4,4194.69
2026-05-09 16:00:00+00:00,647.4,651.6,646.7,650.8,2950.44
2026-05-09 20:00:00+00:00,650.8,652.2,649.3,649.5,2689.97
2026-05-10 00:00:00+00:00,649.5,650.3,644.3,647.3,6751.78
2026-05-10 04:00:00+00:00,647.3,649.0,646.8,648.0,1323.93
2026-05-10 08:00:00+00:00,648.0,651.6,647.4,649.3,8022.14
2026-05-10 12:00:00+00:00,649.3,656.0,648.1,655.1,5352.61
2026-05-10 16:00:00+00:00,655.1,662.4,654.2,661.1,12205.34
2026-05-10 20:00:00+00:00,661.1,666.6,648.3,663.5,20135.57
2026-05-11 00:00:00+00:00,663.5,664.8,649.6,651.3,10396.1
2026-05-11 04:00:00+00:00,651.3,653.7,649.5,650.2,6568.66
2026-05-11 08:00:00+00:00,650.2,655.5,648.9,655.4,4644.44
2026-05-11 12:00:00+00:00,655.4,661.3,650.8,661.2,7669.24
2026-05-11 16:00:00+00:00,661.2,663.4,659.2,663.0,10040.12
2026-05-11 20:00:00+00:00,663.0,673.0,660.6,670.3,10937.01
2026-05-12 00:00:00+00:00,670.3,671.3,658.6,661.5,10441.64
2026-05-12 04:00:00+00:00,661.5,663.7,657.2,658.1,5027.79
2026-05-12 08:00:00+00:00,658.1,663.0,657.1,663.0,5657.01
2026-05-12 12:00:00+00:00,663.0,664.4,649.9,651.9,21682.12
2026-05-12 16:00:00+00:00,651.9,663.0,650.1,662.5,10010.6
2026-05-12 20:00:00+00:00,662.5,668.0,662.5,664.7,9047.39
2026-05-13 00:00:00+00:00,664.7,683.1,664.1,681.2,26689.95
2026-05-13 04:00:00+00:00,681.2,682.3,675.7,678.7,16361.64
2026-05-13 08:00:00+00:00,678.7,685.6,676.9,678.1,15308.94
2026-05-13 12:00:00+00:00,678.1,680.1,663.1,663.7,33692.69
2026-05-13 16:00:00+00:00,663.7,674.3,663.6,670.8,10241.32
2026-05-13 20:00:00+00:00,670.8,673.4,667.6,671.2,3668.21
2026-05-14 00:00:00+00:00,671.2,677.1,664.8,665.4,10134.94
2026-05-14 04:00:00+00:00,665.4,671.7,665.0,668.8,6362.6
2026-05-14 08:00:00+00:00,668.8,673.7,668.2,670.3,5637.34
2026-05-14 12:00:00+00:00,670.3,680.4,670.2,679.7,21581.47
2026-05-14 16:00:00+00:00,679.7,688.1,678.0,679.9,21520.09
2026-05-14 20:00:00+00:00,679.9,681.9,677.0,678.0,5781.35
2026-05-15 00:00:00+00:00,678.0,686.0,677.0,681.7,12016.47
2026-05-15 04:00:00+00:00,681.7,689.1,673.3,684.1,18637.95
2026-05-15 08:00:00+00:00,684.1,690.7,681.0,686.3,18787.74
2026-05-15 12:00:00+00:00,686.3,686.5,668.4,671.2,32942.5
2026-05-15 16:00:00+00:00,671.2,676.4,670.5,673.6,4575.24
2026-05-15 20:00:00+00:00,673.6,674.2,670.7,672.0,3156.18
2026-05-16 00:00:00+00:00,672.0,674.8,664.3,664.6,7425.77
2026-05-16 04:00:00+00:00,664.6,664.6,655.7,660.1,13301.3
2026-05-16 08:00:00+00:00,660.1,661.4,650.2,653.6,16859.49
2026-05-16 12:00:00+00:00,653.6,658.3,650.7,654.7,10515.61
2026-05-16 16:00:00+00:00,654.7,658.1,654.3,655.7,7210.82
2026-05-16 20:00:00+00:00,655.7,657.2,655.5,655.9,2218.16
2026-05-17 00:00:00+00:00,655.9,656.9,649.3,652.4,9732.49
2026-05-17 04:00:00+00:00,652.4,655.8,652.0,654.8,1913.62
2026-05-17 08:00:00+00:00,654.8,655.1,649.7,654.6,5044.02
2026-05-17 12:00:00+00:00,654.6,657.4,650.1,651.9,4648.26
2026-05-17 16:00:00+00:00,651.9,656.0,649.6,655.8,5460.83
2026-05-17 20:00:00+00:00,655.8,657.3,638.8,649.1,21094.02
2026-05-18 00:00:00+00:00,649.1,649.3,641.8,643.0,9323.56
2026-05-18 04:00:00+00:00,643.0,644.2,636.7,641.5,9402.41
2026-05-18 08:00:00+00:00,641.5,643.3,636.8,641.4,4691.35
2026-05-18 12:00:00+00:00,641.4,645.1,633.8,636.6,11649.57
2026-05-18 16:00:00+00:00,636.6,644.6,635.2,644.3,10893.74
2026-05-18 20:00:00+00:00,644.3,646.1,641.6,643.2,4661.88
2026-05-19 00:00:00+00:00,643.2,646.7,640.7,642.5,5716.3
2026-05-19 04:00:00+00:00,642.5,645.9,640.3,645.5,3396.55
2026-05-19 08:00:00+00:00,645.5,645.5,637.4,639.6,6411.41
2026-05-19 12:00:00+00:00,639.6,641.7,635.8,638.2,7430.72
2026-05-19 16:00:00+00:00,638.2,641.5,637.5,639.5,3566.36
2026-05-19 20:00:00+00:00,639.5,641.4,637.2,639.6,4457.39
2026-05-20 00:00:00+00:00,639.6,640.6,637.0,639.9,3446.95
2026-05-20 04:00:00+00:00,639.9,644.7,637.9,643.2,5306.17
2026-05-20 08:00:00+00:00,643.2,645.0,641.8,643.0,3082.54
2026-05-20 12:00:00+00:00,643.0,649.7,640.8,648.5,8470.0
2026-05-20 16:00:00+00:00,648.5,651.0,645.6,650.2,4236.52
2026-05-20 20:00:00+00:00,650.2,651.2,646.7,649.0,3230.4
2026-05-21 00:00:00+00:00,649.0,655.0,648.8,654.4,5591.17
2026-05-21 04:00:00+00:00,654.4,655.2,650.1,652.6,4300.68
2026-05-21 08:00:00+00:00,652.6,655.8,646.9,647.5,6164.41
2026-05-21 12:00:00+00:00,647.5,652.9,645.9,652.0,5378.46
2026-05-21 16:00:00+00:00,652.0,659.5,649.8,657.7,13500.39
2026-05-21 20:00:00+00:00,657.7,658.9,655.9,658.3,4468.95
2026-05-22 00:00:00+00:00,658.3,661.2,655.8,659.2,10953.76
2026-05-22 04:00:00+00:00,659.2,660.1,655.1,659.2,4818.7
2026-05-22 08:00:00+00:00,659.2,661.0,654.4,657.7,5872.75
2026-05-22 12:00:00+00:00,657.7,663.8,655.8,658.0,15978.38
2026-05-22 16:00:00+00:00,658.0,661.2,647.9,651.9,14967.57
2026-05-22 20:00:00+00:00,651.9,653.7,648.1,650.0,6770.19
2026-05-23 00:00:00+00:00,650.0,652.7,647.6,651.9,5040.4
2026-05-23 04:00:00+00:00,651.9,652.4,634.6,636.2,17701.4
2026-05-23 08:00:00+00:00,636.2,640.7,635.1,639.7,8256.26
2026-05-23 12:00:00+00:00,639.7,648.6,638.8,647.2,9296.44
2026-05-23 16:00:00+00:00,647.2,652.7,645.9,652.1,4159.9
2026-05-23 20:00:00+00:00,652.1,663.7,651.5,655.8,13236.18
2026-05-24 00:00:00+00:00,655.8,658.5,655.2,656.9,3004.36
2026-05-24 04:00:00+00:00,656.9,657.8,653.6,656.3,2410.4
2026-05-24 08:00:00+00:00,656.3,662.4,655.9,661.0,6622.2
2026-05-24 12:00:00+00:00,661.0,661.1,651.8,655.3,8199.07
2026-05-24 16:00:00+00:00,655.3,657.3,654.7,655.9,3333.56
2026-05-24 20:00:00+00:00,655.9,657.4,649.1,656.4,6905.13
2026-05-25 00:00:00+00:00,656.4,659.7,655.1,656.6,5750.04
2026-05-25 04:00:00+00:00,656.6,661.8,655.6,661.7,5847.8
2026-05-25 08:00:00+00:00,661.7,663.2,660.5,662.0,5316.55
2026-05-25 12:00:00+00:00,662.0,673.1,661.9,667.6,19383.74
2026-05-25 16:00:00+00:00,667.6,668.0,660.6,662.2,8995.22
2026-05-25 20:00:00+00:00,662.2,662.9,660.0,662.8,4682.21
2026-05-26 00:00:00+00:00,662.8,663.4,655.5,657.6,9884.69
2026-05-26 04:00:00+00:00,657.6,659.4,654.6,657.4,8120.64
2026-05-26 08:00:00+00:00,657.4,664.2,655.8,662.1,7323.91
2026-05-26 12:00:00+00:00,662.1,667.9,656.8,659.7,14031.55
2026-05-26 16:00:00+00:00,659.7,660.6,652.9,656.7,9137.97
2026-05-26 20:00:00+00:00,656.7,657.5,654.4,655.8,3438.14
2026-05-27 00:00:00+00:00,655.8,658.6,653.6,654.0,5239.76
2026-05-27 04:00:00+00:00,654.0,654.3,650.2,653.0,5979.1
2026-05-27 08:00:00+00:00,653.0,655.4,651.8,653.4,4162.29
2026-05-27 12:00:00+00:00,653.4,658.2,649.5,657.5,10360.98
2026-05-27 16:00:00+00:00,657.5,659.6,649.9,653.1,7350.21
2026-05-27 20:00:00+00:00,653.1,654.7,646.0,648.3,9290.73
2026-05-28 00:00:00+00:00,648.3,648.9,636.3,637.3,13901.26
2026-05-28 04:00:00+00:00,637.3,637.3,630.7,634.5,15378.0
2026-05-28 08:00:00+00:00,634.5,634.8,631.0,632.5,11863.79
2026-05-28 12:00:00+00:00,632.5,636.3,627.7,634.6,17400.36
2026-05-28 16:00:00+00:00,634.6,642.4,633.2,639.3,6887.57
2026-05-28 20:00:00+00:00,639.3,642.6,637.4,638.1,4956.48
2026-05-29 00:00:00+00:00,638.1,639.5,633.4,635.3,9535.63
2026-05-29 04:00:00+00:00,635.3,639.3,634.1,636.7,4960.84
2026-05-29 08:00:00+00:00,636.7,640.8,634.8,636.5,6102.32
2026-05-29 12:00:00+00:00,636.5,642.7,630.2,639.5,16450.34
2026-05-29 16:00:00+00:00,639.5,644.6,637.9,641.2,13518.04
2026-05-29 20:00:00+00:00,641.2,644.0,641.1,642.9,5819.75
2026-05-30 00:00:00+00:00,642.9,661.1,642.5,658.0,20283.65
2026-05-30 04:00:00+00:00,658.0,674.3,656.4,672.8,20689.99
2026-05-30 08:00:00+00:00,672.8,677.3,669.4,673.5,21981.92
2026-05-30 12:00:00+00:00,673.5,695.2,670.8,694.5,39508.41
2026-05-30 16:00:00+00:00,694.5,724.5,694.2,720.8,86264.14
2026-05-30 20:00:00+00:00,720.8,728.6,707.1,718.6,37498.21
2026-05-31 00:00:00+00:00,718.6,746.0,718.6,739.9,57645.41
2026-05-31 04:00:00+00:00,739.9,742.3,717.1,719.7,39332.39
2026-05-31 08:00:00+00:00,719.7,725.4,717.4,722.8,23856.06
2026-05-31 12:00:00+00:00,722.8,733.9,718.1,720.8,42643.49
2026-05-31 16:00:00+00:00,720.8,721.9,702.9,708.4,55508.33
2026-05-31 20:00:00+00:00,708.4,714.7,705.9,710.3,25157.49
2026-06-01 00:00:00+00:00,710.3,716.8,692.7,703.5,41284.14
2026-06-01 04:00:00+00:00,703.5,705.6,684.5,686.0,32925.16
2026-06-01 08:00:00+00:00,686.0,730.1,685.2,697.1,144890.53
2026-06-01 12:00:00+00:00,697.1,698.2,674.2,677.0,70519.51
2026-06-01 16:00:00+00:00,677.0,695.9,673.3,695.8,36544.56
2026-06-01 20:00:00+00:00,695.8,701.3,687.4,692.7,20311.84
2026-06-02 00:00:00+00:00,692.7,695.2,680.6,693.3,23848.19
2026-06-02 04:00:00+00:00,693.3,693.8,679.8,681.5,18771.56
2026-06-02 08:00:00+00:00,681.5,684.7,675.2,677.8,21013.34
2026-06-02 12:00:00+00:00,677.8,679.7,657.6,662.9,56609.39
2026-06-02 16:00:00+00:00,662.9,671.3,651.5,659.8,32538.63
2026-06-02 20:00:00+00:00,659.8,662.9,641.4,650.2,33958.81
2026-06-03 00:00:00+00:00,650.2,656.9,630.5,633.3,30523.16
2026-06-03 04:00:00+00:00,633.3,646.3,632.3,643.7,21878.6
2026-06-03 08:00:00+00:00,643.7,645.7,636.5,636.9,14752.47
2026-06-03 12:00:00+00:00,636.9,638.8,628.9,632.5,27931.04
2026-06-03 16:00:00+00:00,632.5,633.2,619.2,622.4,37737.17
2026-06-03 20:00:00+00:00,622.4,629.6,615.4,620.3,26217.96
2026-06-04 00:00:00+00:00,620.3,624.0,590.0,618.6,68170.21
2026-06-04 04:00:00+00:00,618.6,620.8,598.8,599.7,33109.34
2026-06-04 08:00:00+00:00,599.7,603.3,587.4,594.8,27136.31
2026-06-04 12:00:00+00:00,594.8,609.0,593.6,605.9,22935.1
2026-06-04 16:00:00+00:00,605.9,609.9,598.6,605.9,12569.5
2026-06-04 20:00:00+00:00,605.9,606.9,597.5,604.1,11404.76
2026-06-05 00:00:00+00:00,604.1,607.7,591.0,595.3,21307.11
2026-06-05 04:00:00+00:00,595.3,602.6,569.9,592.9,50777.3
2026-06-05 08:00:00+00:00,592.9,596.7,585.2,589.8,18627.67
2026-06-05 12:00:00+00:00,589.8,595.9,574.2,578.3,49090.08
2026-06-05 16:00:00+00:00,578.3,582.9,556.3,566.9,65700.01
2026-06-05 20:00:00+00:00,566.9,579.2,562.8,571.9,26447.51
2026-06-06 00:00:00+00:00,571.9,579.7,570.2,572.8,10833.32
2026-06-06 04:00:00+00:00,572.8,581.4,559.1,578.6,30834.96
2026-06-06 08:00:00+00:00,578.6,584.2,570.6,573.5,16454.39
2026-06-06 12:00:00+00:00,573.5,577.2,570.6,575.4,9181.24
2026-06-06 16:00:00+00:00,575.4,577.3,570.9,573.3,5259.66
2026-06-06 20:00:00+00:00,573.3,576.5,570.3,574.0,4783.8
2026-06-07 00:00:00+00:00,574.0,581.3,573.0,580.6,8587.05
2026-06-07 04:00:00+00:00,580.6,589.7,577.5,589.4,13825.22
2026-06-07 08:00:00+00:00,589.4,598.7,587.1,593.0,13202.78
2026-06-07 12:00:00+00:00,593.0,593.6,585.3,591.1,10325.29
2026-06-07 16:00:00+00:00,591.1,597.4,586.4,588.4,12841.73
2026-06-07 20:00:00+00:00,588.4,610.4,587.3,604.0,20302.27
2026-06-08 00:00:00+00:00,604.0,608.0,598.7,602.9,7365.3
2026-06-08 04:00:00+00:00,602.9,603.3,591.1,595.9,8588.83
2026-06-08 08:00:00+00:00,595.9,604.0,593.0,601.9,9610.54
2026-06-08 12:00:00+00:00,601.9,605.9,597.4,603.8,9883.39
2026-06-08 16:00:00+00:00,603.8,609.6,602.1,607.3,6171.56
2026-06-08 20:00:00+00:00,607.3,610.4,600.7,601.4,4872.01
2026-06-09 00:00:00+00:00,601.4,602.4,592.7,598.8,10868.66
2026-06-09 04:00:00+00:00,598.8,605.3,596.0,603.7,5575.64
2026-06-09 08:00:00+00:00,603.7,604.2,595.8,596.4,7813.46
2026-06-09 12:00:00+00:00,596.4,600.3,584.2,586.6,17214.87
2026-06-09 16:00:00+00:00,586.6,596.6,583.3,596.4,10349.96
2026-06-09 20:00:00+00:00,596.4,598.4,590.7,593.0,6405.06
2026-06-10 00:00:00+00:00,593.0,594.6,585.9,587.3,5150.81
2026-06-10 04:00:00+00:00,587.3,589.4,583.1,588.2,7294.47
2026-06-10 08:00:00+00:00,588.2,588.3,580.3,582.4,8432.01
2026-06-10 12:00:00+00:00,582.4,598.4,582.0,596.5,17704.99
2026-06-10 16:00:00+00:00,596.5,596.8,586.5,587.6,6990.2
2026-06-10 20:00:00+00:00,587.6,588.8,581.6,586.1,7301.66
2026-06-11 00:00:00+00:00,586.1,598.3,586.1,596.1,10547.53
2026-06-11 04:00:00+00:00,596.1,598.0,593.4,597.8,3648.94
2026-06-11 08:00:00+00:00,597.8,603.3,597.8,600.4,9860.14
2026-06-11 12:00:00+00:00,600.4,602.7,596.9,598.2,9653.9
2026-06-11 16:00:00+00:00,598.2,607.2,595.6,604.1,12296.05
2026-06-11 20:00:00+00:00,604.1,605.9,600.4,605.3,5571.21
2026-06-12 00:00:00+00:00,605.3,605.9,600.9,601.9,4785.13
2026-06-12 04:00:00+00:00,601.9,604.6,596.2,599.4,5255.15
2026-06-12 08:00:00+00:00,599.4,608.6,599.4,606.4,7903.44
2026-06-12 12:00:00+00:00,606.4,613.1,602.8,604.8,13163.3
2026-06-12 16:00:00+00:00,604.8,609.0,602.2,603.0,4045.74
2026-06-12 20:00:00+00:00,603.0,604.3,601.7,603.4,2724.17
2026-06-13 00:00:00+00:00,603.4,605.8,599.7,600.1,7174.28
2026-06-13 04:00:00+00:00,600.1,603.6,599.1,602.8,3807.23
2026-06-13 08:00:00+00:00,602.8,607.0,602.2,606.4,3364.9
2026-06-13 12:00:00+00:00,606.4,610.9,605.8,610.2,5603.82
2026-06-13 16:00:00+00:00,610.2,610.3,606.2,608.1,7054.41
2026-06-13 20:00:00+00:00,608.1,612.3,607.3,609.1,4488.53
2026-06-14 00:00:00+00:00,609.1,610.6,608.0,609.6,2691.3
2026-06-14 04:00:00+00:00,609.6,611.7,607.3,609.8,3028.96
2026-06-14 08:00:00+00:00,609.8,612.8,609.0,612.0,4892.43
2026-06-14 12:00:00+00:00,612.0,612.1,604.7,607.6,5329.83
2026-06-14 16:00:00+00:00,607.6,608.2,602.5,602.7,6045.13
2026-06-14 20:00:00+00:00,602.7,616.9,602.3,616.4,8788.3
2026-06-15 00:00:00+00:00,616.4,617.9,612.1,617.4,7338.65
2026-06-15 04:00:00+00:00,617.4,618.6,614.9,615.0,5031.21
2026-06-15 08:00:00+00:00,615.0,622.7,612.2,620.2,12899.67
2026-06-15 12:00:00+00:00,620.2,632.5,619.0,628.5,21665.51
2026-06-15 16:00:00+00:00,628.5,629.1,618.1,620.3,8422.89
2026-06-15 20:00:00+00:00,620.3,621.2,614.8,617.4,6262.85
2026-06-16 00:00:00+00:00,617.4,618.7,610.6,614.7,7380.27
2026-06-16 04:00:00+00:00,614.7,618.7,611.2,615.4,7138.52
2026-06-16 08:00:00+00:00,615.4,619.1,612.7,613.9,9036.26
2026-06-16 12:00:00+00:00,613.9,617.5,598.1,606.1,53690.7
2026-06-16 16:00:00+00:00,606.1,610.4,603.6,606.7,7889.42
2026-06-16 20:00:00+00:00,606.7,608.6,604.3,604.7,3884.06
2026-06-17 00:00:00+00:00,604.7,608.2,603.0,604.5,5312.81
2026-06-17 04:00:00+00:00,604.5,609.7,604.1,606.3,5322.65
2026-06-17 08:00:00+00:00,606.3,606.4,600.6,603.7,7157.97
2026-06-17 12:00:00+00:00,603.7,612.5,600.7,605.3,30826.42
2026-06-17 16:00:00+00:00,605.3,609.5,596.6,598.3,31922.15
2026-06-17 20:00:00+00:00,598.3,601.9,594.4,601.2,6922.13
2026-06-18 00:00:00+00:00,601.2,603.8,595.6,596.2,4807.62
2026-06-18 04:00:00+00:00,596.2,596.6,587.0,589.3,12791.03
2026-06-18 08:00:00+00:00,589.3,592.3,587.9,589.2,5623.49
2026-06-18 12:00:00+00:00,589.2,592.1,572.7,573.4,22689.53
2026-06-18 16:00:00+00:00,573.4,579.3,573.1,578.7,18000.63
2026-06-18 20:00:00+00:00,578.7,581.0,576.7,578.2,7329.11
2026-06-19 00:00:00+00:00,578.2,582.9,575.6,577.9,8569.08
2026-06-19 04:00:00+00:00,577.9,578.7,570.3,574.6,6791.48
2026-06-19 08:00:00+00:00,574.6,574.9,570.5,572.9,5095.88
2026-06-19 12:00:00+00:00,572.9,579.2,571.8,578.3,7059.28
2026-06-19 16:00:00+00:00,578.3,581.5,576.6,579.4,5704.9
2026-06-19 20:00:00+00:00,579.4,582.2,578.5,581.1,4095.58
2026-06-20 00:00:00+00:00,581.1,582.4,579.7,580.4,1610.25
2026-06-20 04:00:00+00:00,580.4,589.3,580.0,587.4,5977.02
2026-06-20 08:00:00+00:00,587.4,587.9,585.2,586.2,4477.62
2026-06-20 12:00:00+00:00,586.2,588.9,581.8,586.9,9602.09
2026-06-20 16:00:00+00:00,586.9,587.2,583.8,585.7,2520.39
2026-06-20 20:00:00+00:00,585.7,588.3,584.8,587.7,3722.99
2026-06-21 00:00:00+00:00,587.7,590.8,586.7,590.1,2643.78
2026-06-21 04:00:00+00:00,590.1,591.7,588.5,590.6,3462.2
2026-06-21 08:00:00+00:00,590.6,591.8,587.2,588.1,4250.03
2026-06-21 12:00:00+00:00,588.1,590.3,584.9,589.6,8520.07
2026-06-21 16:00:00+00:00,589.6,592.3,588.3,591.6,4206.6
2026-06-21 20:00:00+00:00,591.6,591.7,583.2,583.8,7286.2
2026-06-22 00:00:00+00:00,583.8,595.2,583.6,589.6,11983.12
2026-06-22 04:00:00+00:00,589.6,594.8,588.8,593.7,4915.5
2026-06-22 08:00:00+00:00,593.7,597.9,590.8,597.0,6455.66
2026-06-22 12:00:00+00:00,597.0,602.0,595.1,595.8,13957.21
2026-06-22 16:00:00+00:00,595.8,596.6,589.9,591.8,9015.16
2026-06-22 20:00:00+00:00,591.8,592.7,587.4,589.8,4329.08
2026-06-23 00:00:00+00:00,589.8,592.4,587.5,591.6,4064.06
2026-06-23 04:00:00+00:00,591.6,591.9,576.7,580.5,16412.8
2026-06-23 08:00:00+00:00,580.5,580.9,569.9,573.4,17734.24
2026-06-23 12:00:00+00:00,573.4,576.7,570.8,574.1,11471.31
2026-06-23 16:00:00+00:00,574.1,576.7,572.1,575.8,5213.3
2026-06-23 20:00:00+00:00,575.8,578.8,575.1,577.9,4710.76
2026-06-24 00:00:00+00:00,577.9,581.4,575.0,577.6,9166.91
2026-06-24 04:00:00+00:00,577.6,581.1,573.8,576.6,6352.36
2026-06-24 08:00:00+00:00,576.6,581.9,573.3,579.4,7290.53
2026-06-24 12:00:00+00:00,579.4,580.0,560.6,561.0,25145.41
2026-06-24 16:00:00+00:00,561.0,563.3,546.1,555.0,28761.41
2026-06-24 20:00:00+00:00,555.0,565.8,554.1,564.2,14220.51
2026-06-25 00:00:00+00:00,564.2,566.9,562.8,565.6,7138.81
2026-06-25 04:00:00+00:00,565.6,572.4,563.5,570.2,7166.99
2026-06-25 08:00:00+00:00,570.2,570.3,560.7,562.6,9500.95
2026-06-25 12:00:00+00:00,562.6,568.3,540.1,553.6,52212.38
2026-06-25 16:00:00+00:00,553.6,559.9,552.0,554.0,10008.62
2026-06-25 20:00:00+00:00,554.0,562.8,554.0,560.4,5317.01
2026-06-26 00:00:00+00:00,560.4,564.4,550.1,562.7,19472.15
2026-06-26 04:00:00+00:00,562.7,570.2,558.8,569.2,9866.85
2026-06-26 08:00:00+00:00,569.2,569.9,558.6,558.7,14902.4
2026-06-26 12:00:00+00:00,558.7,567.0,551.5,565.1,25223.68
2026-06-26 16:00:00+00:00,565.1,568.8,562.7,565.5,8010.82
2026-06-26 20:00:00+00:00,565.5,568.4,564.1,567.3,5170.94
2026-06-27 00:00:00+00:00,567.3,568.4,564.9,566.6,3083.44
2026-06-27 04:00:00+00:00,566.6,567.8,563.6,565.2,2947.29
2026-06-27 08:00:00+00:00,565.2,565.4,562.1,562.9,3345.75
2026-06-27 12:00:00+00:00,562.9,566.8,562.1,565.2,3825.71
2026-06-27 16:00:00+00:00,565.2,566.5,557.4,558.8,6542.03
2026-06-27 20:00:00+00:00,558.8,562.9,554.1,556.8,5768.14
2026-06-28 00:00:00+00:00,556.8,558.5,556.1,558.3,2194.89
2026-06-28 04:00:00+00:00,558.3,558.3,553.6,556.1,2095.51
2026-06-28 08:00:00+00:00,556.1,558.6,553.8,556.9,2961.13
2026-06-28 12:00:00+00:00,556.9,557.6,553.2,554.1,5010.86
2026-06-28 16:00:00+00:00,554.1,554.4,546.9,548.1,7652.86
2026-06-28 20:00:00+00:00,548.1,555.0,545.4,550.8,12855.78
2026-06-29 00:00:00+00:00,550.8,556.6,546.3,555.0,8213.46
2026-06-29 04:00:00+00:00,555.0,555.2,547.9,553.4,6118.78
2026-06-29 08:00:00+00:00,553.4,555.5,550.1,551.5,5971.37
2026-06-29 12:00:00+00:00,551.5,558.1,545.7,551.5,16842.3
2026-06-29 16:00:00+00:00,551.5,562.7,550.1,561.6,10892.3
2026-06-29 20:00:00+00:00,561.6,562.2,559.1,559.4,4254.16
2026-06-30 00:00:00+00:00,559.4,560.2,553.5,553.5,6261.58
2026-06-30 04:00:00+00:00,553.5,554.4,551.3,552.1,3820.23
2026-06-30 08:00:00+00:00,552.1,552.5,546.5,547.3,8863.48
2026-06-30 12:00:00+00:00,547.3,551.5,543.2,544.5,12688.85
2026-06-30 16:00:00+00:00,544.5,548.5,544.4,547.1,7126.61
2026-06-30 20:00:00+00:00,547.1,547.3,543.9,546.1,4156.18
2026-07-01 00:00:00+00:00,546.1,552.6,539.5,551.3,12462.69
2026-07-01 04:00:00+00:00,551.3,552.4,544.6,546.6,5250.63
2026-07-01 08:00:00+00:00,546.6,547.4,536.8,542.3,13038.91
2026-07-01 12:00:00+00:00,542.3,555.4,541.0,554.3,15768.09
2026-07-01 16:00:00+00:00,554.3,554.9,550.1,551.0,9024.23
2026-07-01 20:00:00+00:00,551.0,559.4,549.7,550.1,10671.21
2026-07-02 00:00:00+00:00,550.1,558.6,545.8,556.5,9081.7
2026-07-02 04:00:00+00:00,556.5,556.5,548.3,549.0,6433.4
2026-07-02 08:00:00+00:00,549.0,561.5,548.9,559.6,15090.25
2026-07-02 12:00:00+00:00,559.6,566.9,559.0,562.1,19372.22
2026-07-02 16:00:00+00:00,562.1,563.8,557.5,557.7,7628.4
2026-07-02 20:00:00+00:00,557.7,559.3,555.8,558.5,5181.39
2026-07-03 00:00:00+00:00,558.5,561.6,556.7,560.7,5765.5
2026-07-03 04:00:00+00:00,560.7,563.7,559.7,561.4,4662.48
2026-07-03 08:00:00+00:00,561.4,567.3,561.2,566.4,5694.86
2026-07-03 12:00:00+00:00,566.4,568.3,563.1,565.5,6589.64
2026-07-03 16:00:00+00:00,565.5,571.3,564.4,569.6,5755.84
2026-07-03 20:00:00+00:00,569.6,575.1,569.4,573.7,7490.46
2026-07-04 00:00:00+00:00,573.7,575.4,570.8,572.1,3810.41
2026-07-04 04:00:00+00:00,572.1,572.9,568.3,569.4,5379.28
2026-07-04 08:00:00+00:00,569.4,576.0,568.9,571.5,7344.64
2026-07-04 12:00:00+00:00,571.5,577.9,571.4,576.4,9897.72
2026-07-04 16:00:00+00:00,576.4,578.3,574.0,575.4,9084.82
2026-07-04 20:00:00+00:00,575.4,578.1,572.3,574.8,12835.41
2026-07-05 00:00:00+00:00,574.8,575.0,567.4,570.1,7081.46
2026-07-05 04:00:00+00:00,570.1,575.5,569.6,575.3,4853.37
2026-07-05 08:00:00+00:00,575.3,578.8,572.0,576.6,11044.37
2026-07-05 12:00:00+00:00,576.6,589.8,575.9,587.0,21755.66
2026-07-05 16:00:00+00:00,587.0,591.9,583.2,589.1,13773.36
2026-07-05 20:00:00+00:00,589.1,593.2,585.6,589.6,11430.95
2026-07-06 00:00:00+00:00,589.6,592.9,582.5,585.0,12515.46
2026-07-06 04:00:00+00:00,585.0,585.3,580.6,581.7,5469.17
2026-07-06 08:00:00+00:00,581.7,582.5,575.7,577.5,8560.9
2026-07-06 12:00:00+00:00,577.5,584.7,569.8,584.5,22959.38
2026-07-06 16:00:00+00:00,584.5,586.4,582.5,584.9,11358.85
2026-07-06 20:00:00+00:00,584.9,591.8,583.3,585.8,10483.99
2026-07-07 00:00:00+00:00,585.8,587.5,577.7,578.9,6130.19
2026-07-07 04:00:00+00:00,578.9,580.4,576.0,578.1,6409.52
2026-07-07 08:00:00+00:00,578.1,580.2,576.3,579.9,3919.27
2026-07-07 12:00:00+00:00,579.9,585.5,574.8,584.3,13989.89
2026-07-07 16:00:00+00:00,584.3,586.8,579.6,583.0,6580.61
2026-07-07 20:00:00+00:00,583.0,583.5,576.0,576.4,4881.48
2026-07-08 00:00:00+00:00,576.4,578.6,566.8,568.6,16415.74
2026-07-08 04:00:00+00:00,568.6,569.9,564.8,567.5,5932.03
2026-07-08 08:00:00+00:00,567.5,569.2,559.9,565.7,20632.63
2026-07-08 12:00:00+00:00,565.7,567.0,560.6,562.0,10659.38
2026-07-08 16:00:00+00:00,562.0,567.6,561.4,566.7,8748.38
2026-07-08 20:00:00+00:00,566.7,568.6,564.3,568.4,3985.36
2026-07-09 00:00:00+00:00,568.4,572.6,565.2,568.0,3962.35
2026-07-09 04:00:00+00:00,568.0,576.6,567.4,572.5,5907.0
2026-07-09 08:00:00+00:00,572.5,573.2,568.5,569.5,4965.5
2026-07-09 12:00:00+00:00,569.5,572.7,567.5,570.7,6062.25
2026-07-09 16:00:00+00:00,570.7,573.3,568.8,569.7,5145.66
2026-07-09 20:00:00+00:00,569.7,570.8,568.2,568.3,2858.61
2026-07-10 00:00:00+00:00,568.3,576.3,567.7,575.1,5754.7
2026-07-10 04:00:00+00:00,575.1,577.9,573.6,573.9,3969.66
2026-07-10 08:00:00+00:00,573.9,577.3,573.7,575.1,3941.94
2026-07-10 12:00:00+00:00,575.1,576.6,569.1,573.5,7620.83
2026-07-10 16:00:00+00:00,573.5,578.2,573.4,575.7,3989.55
2026-07-10 20:00:00+00:00,575.7,576.7,574.3,575.0,1708.32
2026-07-11 00:00:00+00:00,575.0,575.7,572.5,574.7,3927.14
2026-07-11 04:00:00+00:00,574.7,577.4,574.2,576.6,2073.87
2026-07-11 08:00:00+00:00,576.6,579.6,576.3,579.0,3301.76
2026-07-11 12:00:00+00:00,579.0,582.7,577.6,579.5,5334.53
2026-07-11 16:00:00+00:00,579.5,581.2,579.0,580.3,2032.43
2026-07-11 20:00:00+00:00,580.3,581.9,574.2,574.2,6547.65
2026-07-12 00:00:00+00:00,574.2,575.3,569.8,574.9,5683.08
2026-07-12 04:00:00+00:00,574.9,575.5,569.7,572.0,4244.74
2026-07-12 08:00:00+00:00,572.0,580.3,571.8,579.8,7950.37
2026-07-12 12:00:00+00:00,579.8,584.5,579.3,580.9,13361.43
2026-07-12 16:00:00+00:00,580.9,581.9,578.5,579.6,3434.07
2026-07-12 20:00:00+00:00,579.6,579.7,572.3,573.4,6430.49
2026-07-13 00:00:00+00:00,573.4,579.5,566.1,568.6,13573.86
2026-07-13 04:00:00+00:00,568.6,570.2,565.8,569.7,3707.97
2026-07-13 08:00:00+00:00,569.7,570.7,568.1,569.3,4654.01
2026-07-13 12:00:00+00:00,569.3,571.5,565.4,568.5,9403.14
2026-07-13 16:00:00+00:00,568.5,568.6,561.8,565.9,8806.17
2026-07-13 20:00:00+00:00,565.9,567.2,562.7,567.1,3097.5
2026-07-14 00:00:00+00:00,567.1,570.3,566.4,569.8,5124.93
2026-07-14 04:00:00+00:00,569.8,571.5,568.6,569.9,3691.2
2026-07-14 08:00:00+00:00,569.9,571.4,568.8,570.6,3109.47
2026-07-14 12:00:00+00:00,570.6,584.6,569.9,582.7,21639.25
2026-07-14 16:00:00+00:00,582.7,583.5,579.1,580.6,6487.97
2026-07-14 20:00:00+00:00,580.6,582.8,578.9,581.7,5635.02
2026-07-15 00:00:00+00:00,581.7,582.9,579.4,580.9,11483.23
2026-07-15 04:00:00+00:00,580.9,582.3,576.3,576.4,9611.78
2026-07-15 08:00:00+00:00,576.4,578.8,575.5,578.8,6678.92
2026-07-15 12:00:00+00:00,578.8,585.1,576.8,581.4,18640.96
2026-07-15 16:00:00+00:00,581.4,581.7,576.2,579.3,7225.1
2026-07-15 20:00:00+00:00,579.3,581.7,579.1,580.3,4490.67
2026-07-16 00:00:00+00:00,580.3,582.4,577.6,581.2,4637.23
2026-07-16 04:00:00+00:00,581.2,585.7,578.7,579.8,7657.74
2026-07-16 08:00:00+00:00,579.8,580.0,574.2,577.9,10476.67
2026-07-16 12:00:00+00:00,577.9,581.1,575.2,579.3,7825.02
2026-07-16 16:00:00+00:00,579.3,579.4,573.9,575.4,4878.67
2026-07-16 20:00:00+00:00,575.4,576.6,571.2,572.1,3865.5
2026-07-17 00:00:00+00:00,572.1,574.5,569.9,572.1,4810.38
2026-07-17 04:00:00+00:00,572.1,572.3,565.8,565.8,5756.24
2026-07-17 08:00:00+00:00,565.8,565.8,562.4,564.4,11247.1
2026-07-17 12:00:00+00:00,564.4,564.8,555.1,562.6,15238.39
2026-07-17 16:00:00+00:00,562.6,567.8,561.8,567.8,7601.57
2026-07-17 20:00:00+00:00,567.8,568.9,566.2,567.7,3714.61
2026-07-18 00:00:00+00:00,567.7,568.9,566.0,568.1,3299.26
2026-07-18 04:00:00+00:00,568.1,568.2,565.8,567.6,3080.61
2026-07-18 08:00:00+00:00,567.6,570.2,567.2,569.4,3585.22
2026-07-18 12:00:00+00:00,569.4,571.6,568.6,570.4,3761.92
2026-07-18 16:00:00+00:00,570.4,572.5,569.7,570.4,3687.89
2026-07-18 20:00:00+00:00,570.4,572.1,569.3,570.4,4075.11
2026-07-19 00:00:00+00:00,570.4,572.3,568.4,568.7,2352.96
2026-07-19 04:00:00+00:00,568.7,569.4,566.8,568.6,2689.77
2026-07-19 08:00:00+00:00,568.6,569.8,566.8,567.8,2547.66
2026-07-19 12:00:00+00:00,567.8,570.5,566.5,569.7,3961.11
2026-07-19 16:00:00+00:00,569.7,570.2,566.0,567.8,3706.97
2026-07-19 20:00:00+00:00,567.8,571.6,567.7,570.8,3509.1
2026-07-20 00:00:00+00:00,570.8,573.9,567.8,569.8,7445.97
2026-07-20 04:00:00+00:00,569.8,569.9,562.5,566.3,5456.6
2026-07-20 08:00:00+00:00,566.3,571.3,564.1,570.9,7764.9
2026-07-20 12:00:00+00:00,570.9,574.6,564.6,573.8,9315.11
2026-07-20 16:00:00+00:00,573.8,575.3,570.9,571.2,10148.11
2026-07-20 20:00:00+00:00,571.2,572.9,569.4,570.9,3953.22
2026-07-21 00:00:00+00:00,570.9,575.0,570.3,574.9,2602.75
2026-07-21 04:00:00+00:00,574.9,576.8,573.4,576.6,4488.88
2026-07-21 08:00:00+00:00,576.6,579.7,576.0,576.6,8345.63
2026-07-21 12:00:00+00:00,576.6,577.9,574.2,575.1,7383.29
2026-07-21 16:00:00+00:00,575.1,575.5,571.9,572.4,5791.57
2026-07-21 20:00:00+00:00,572.4,573.8,571.5,573.7,3225.62
2026-07-22 00:00:00+00:00,573.7,575.3,570.5,570.8,7098.33
2026-07-22 04:00:00+00:00,570.8,572.2,566.7,567.9,5105.63
2026-07-22 08:00:00+00:00,567.9,571.6,567.7,570.8,4792.76
2026-07-22 12:00:00+00:00,570.8,574.9,569.1,572.4,5336.32
2026-07-22 16:00:00+00:00,572.4,575.2,568.5,569.8,5178.78
2026-07-22 20:00:00+00:00,569.8,571.7,568.9,570.6,2922.17
2026-07-23 00:00:00+00:00,570.6,571.9,569.3,570.1,1745.24
2026-07-23 04:00:00+00:00,570.1,570.4,567.9,569.5,2453.45
2026-07-23 08:00:00+00:00,569.5,571.3,568.8,569.6,3060.2
2026-07-23 12:00:00+00:00,569.6,570.1,563.3,567.2,6836.8
2026-07-23 16:00:00+00:00,567.2,567.4,564.6,566.4,3210.44
2026-07-23 20:00:00+00:00,566.4,568.6,565.7,567.1,2094.46
2026-07-24 00:00:00+00:00,567.1,570.0,565.5,568.9,3099.8
2026-07-24 04:00:00+00:00,568.9,571.1,566.4,569.1,2871.25
2026-07-24 08:00:00+00:00,569.1,569.4,564.8,566.5,3938.76
2026-07-24 12:00:00+00:00,566.5,566.5,555.7,561.1,11245.72
2026-07-24 16:00:00+00:00,561.1,566.1,559.5,564.8,7111.61
2026-07-24 20:00:00+00:00,564.8,565.5,563.2,564.5,5858.55
2026-07-25 00:00:00+00:00,564.5,566.0,563.8,564.9,2267.78
2026-07-25 04:00:00+00:00,564.9,565.5,563.5,564.4,2106.32
2026-07-25 08:00:00+00:00,564.4,565.8,564.0,565.5,3299.46
2026-07-25 12:00:00+00:00,565.5,569.1,564.7,567.2,3078.95
2026-07-25 16:00:00+00:00,567.2,568.8,566.2,568.5,2635.22
2026-07-25 20:00:00+00:00,568.5,569.8,568.0,568.6,1754.02
2026-07-26 00:00:00+00:00,568.6,570.6,568.6,570.1,2873.15
2026-07-26 04:00:00+00:00,570.1,572.8,569.6,571.5,2715.1
2026-07-26 08:00:00+00:00,571.5,572.3,570.0,570.3,3493.03
2026-07-26 12:00:00+00:00,570.3,573.8,569.8,573.6,4486.76
2026-07-26 16:00:00+00:00,573.6,574.6,572.0,573.4,3032.74
2026-07-26 20:00:00+00:00,573.4,576.3,572.5,575.0,6041.15
2026-07-27 00:00:00+00:00,575.0,575.5,571.3,573.4,3339.45
2026-07-27 04:00:00+00:00,573.4,576.8,572.8,574.5,3282.19
2026-07-27 08:00:00+00:00,574.5,574.9,571.4,572.6,4365.89
2026-07-27 12:00:00+00:00,572.6,576.8,565.1,568.1,12410.09
2026-07-27 16:00:00+00:00,568.1,575.9,567.5,575.4,8876.27
2026-07-27 20:00:00+00:00,575.4,575.7,564.9,565.8,7412.51
2026-07-28 00:00:00+00:00,565.8,566.8,561.8,566.1,5336.88
2026-07-28 04:00:00+00:00,566.1,566.9,564.1,565.5,3786.0
2026-07-28 08:00:00+00:00,565.5,567.2,564.5,566.6,3638.43
2026-07-28 12:00:00+00:00,566.6,575.6,563.1,573.1,13502.94
2026-07-28 16:00:00+00:00,573.1,573.9,566.8,570.6,4935.11
2026-07-28 20:00:00+00:00,570.6,571.7,567.9,571.0,3478.24
2026-07-29 00:00:00+00:00,571.0,573.3,566.7,567.1,4475.85
2026-07-29 04:00:00+00:00,567.1,571.9,565.6,571.7,3923.38
2026-07-29 08:00:00+00:00,571.7,573.1,569.9,570.5,4224.56
2026-07-29 12:00:00+00:00,570.5,570.7,566.9,568.3,5404.76
2026-07-29 16:00:00+00:00,568.3,573.4,567.0,568.2,14332.65
2026-07-29 20:00:00+00:00,568.2,572.5,564.9,571.9,9132.48
2026-07-30 00:00:00+00:00,571.9,577.6,570.8,573.3,9968.96
2026-07-30 04:00:00+00:00,573.3,575.9,571.3,574.5,3295.66
2026-07-30 08:00:00+00:00,574.5,591.2,574.1,589.1,27872.84
2026-07-30 12:00:00+00:00,589.1,591.3,585.5,591.2,13142.82
2026-07-30 16:00:00+00:00,591.2,596.4,591.2,594.7,12273.84
2026-07-30 20:00:00+00:00,594.7,595.3,590.7,591.9,8053.21
2026-07-31 00:00:00+00:00,591.9,594.3,585.7,589.2,9586.06
2026-07-31 04:00:00+00:00,589.2,592.8,588.3,589.6,8015.15
2026-07-31 08:00:00+00:00,589.6,593.9,587.9,591.9,7101.25
2026-07-31 12:00:00+00:00,591.9,595.6,583.5,584.9,23247.64
2026-07-31 16:00:00+00:00,584.9,589.6,584.7,587.7,6223.71
2026-07-31 20:00:00+00:00,587.7,588.6,585.8,586.8,4231.28
2026-08-01 00:00:00+00:00,586.8,591.2,586.7,589.1,4296.75
2026-08-01 04:00:00+00:00,589.1,592.6,588.4,589.8,5028.82
2026-08-01 08:00:00+00:00,589.8,590.2,579.0,579.8,15266.26
2026-08-01 12:00:00+00:00,579.8,579.9,576.0,576.0,17534.87
2026-08-01 16:00:00+00:00,576.0,578.3,573.2,575.4,13902.52
2026-08-01 20:00:00+00:00,575.4,576.2,574.4,574.8,4854.42
2026-08-02 00:00:00+00:00,574.8,582.6,573.4,581.8,10604.92
2026-08-02 04:00:00+00:00,581.8,585.8,581.8,585.1,9265.0
2026-08-02 08:00:00+00:00,585.1,585.3,581.3,581.8,2025.08
2026-08-02 12:00:00+00:00,581.8,587.4,581.0,586.0,6531.71
2026-08-02 16:00:00+00:00,586.0,590.9,585.8,589.3,5686.49
2026-08-02 20:00:00+00:00,589.3,590.6,587.4,588.3,3696.92
2026-08-03 00:00:00+00:00,588.3,588.3,582.7,582.8,4895.03
2026-08-03 04:00:00+00:00,582.8,584.2,581.4,583.2,5447.41
2026-08-03 08:00:00+00:00,583.2,587.6,580.5,585.6,8072.13
2026-08-03 12:00:00+00:00,585.6,593.7,584.1,592.4,11956.84
2026-08-03 16:00:00+00:00,592.4,594.3,591.0,591.3,8017.47
2026-08-03 20:00:00+00:00,591.3,592.4,588.8,589.2,3657.9
2026-08-04 00:00:00+00:00,589.2,592.4,588.6,590.7,5049.53
2026-08-04 04:00:00+00:00,590.7,593.1,588.9,590.4,4134.98
2026-08-04 08:00:00+00:00,590.4,591.8,587.5,591.5,6566.88
2026-08-04 12:00:00+00:00,591.5,594.8,588.5,593.1,12361.12
2026-08-04 16:00:00+00:00,593.1,594.9,591.9,593.5,4507.31
2026-08-04 20:00:00+00:00,593.5,594.5,592.4,592.9,2780.61
2026-08-05 00:00:00+00:00,592.9,605.4,592.1,598.4,24821.78
2026-08-05 04:00:00+00:00,598.4,602.7,597.6,599.7,4234.63
2026-08-05 08:00:00+00:00,599.7,600.8,594.9,596.5,5999.55
2026-08-05 12:00:00+00:00,596.5,603.7,596.2,599.6,15976.89
2026-08-05 16:00:00+00:00,599.6,602.4,596.3,599.3,13054.42
2026-08-05 20:00:00+00:00,599.3,599.6,591.4,593.4,15329.71
2026-08-06 00:00:00+00:00,593.4,596.6,591.5,594.1,6292.41
2026-08-06 04:00:00+00:00,594.1,598.0,593.6,595.0,4109.68
2026-08-06 08:00:00+00:00,595.0,595.8,592.0,593.5,5278.49
2026-08-06 12:00:00+00:00,593.5,594.5,590.4,592.3,10740.84
2026-08-06 16:00:00+00:00,592.3,593.5,589.5,590.1,10228.53
2026-08-06 20:00:00+00:00,590.1,592.5,590.0,592.0,2818.49
2026-08-07 00:00:00+00:00,592.0,594.3,591.7,592.6,4784.01
2026-08-07 04:00:00+00:00,592.6,592.6,584.9,585.2,9657.46
2026-08-07 08:00:00+00:00,585.2,591.5,585.0,591.0,5033.28
2026-08-07 12:00:00+00:00,591.0,593.2,589.8,592.0,5939.73
2026-08-07 16:00:00+00:00,592.0,594.2,590.7,593.1,3636.65
2026-08-07 20:00:00+00:00,593.1,593.5,591.8,592.1,2019.54
2026-08-08 00:00:00+00:00,592.1,593.6,590.3,593.2,2722.38
2026-08-08 04:00:00+00:00,593.2,594.9,592.3,594.2,2805.44
2026-08-08 08:00:00+00:00,594.2,596.4,593.3,596.3,2687.5
2026-08-08 12:00:00+00:00,596.3,611.9,595.0,605.0,33254.84
2026-08-08 16:00:00+00:00,605.0,607.2,602.6,603.1,4835.75
2026-08-08 20:00:00+00:00,603.1,603.1,598.9,600.4,5421.06
2026-08-09 00:00:00+00:00,600.4,604.2,599.7,600.0,6796.7
2026-08-09 04:00:00+00:00,600.0,603.4,600.0,602.8,4375.97
2026-08-09 08:00:00+00:00,602.8,604.4,600.7,603.6,4190.31
2026-08-09 12:00:00+00:00,603.6,611.3,602.6,609.1,10257.49
