timestamp,open,high,low,close,volume
2026-01-23 21:00:00+00:00,89455.7,89642.0,89263.5,89300.0,1165.843
2026-01-23 22:00:00+00:00,89300.0,89728.9,89289.0,89587.9,1084.741
2026-01-23 23:00:00+00:00,89587.9,89589.6,89416.5,89551.7,613.497
2026-01-24 00:00:00+00:00,89551.7,89589.6,89375.0,89401.1,428.594
2026-01-24 01:00:00+00:00,89401.1,89538.5,89400.0,89500.0,264.519
2026-01-24 02:00:00+00:00,89500.0,89671.3,89500.0,89659.9,464.867
2026-01-24 03:00:00+00:00,89659.9,89883.4,89620.0,89724.4,637.066
2026-01-24 04:00:00+00:00,89724.4,89800.0,89662.8,89791.6,434.017
2026-01-24 05:00:00+00:00,89791.6,89810.1,89700.0,89744.3,262.663
2026-01-24 06:00:00+00:00,89744.3,89744.3,89576.8,89603.5,465.375
2026-01-24 07:00:00+00:00,89603.5,89646.9,89513.8,89570.1,385.612
2026-01-24 08:00:00+00:00,89570.1,89650.0,89535.0,89628.8,304.608
2026-01-24 09:00:00+00:00,89628.8,89628.9,89541.0,89548.8,424.699
2026-01-24 10:00:00+00:00,89548.8,89618.2,89532.7,89577.7,209.845
2026-01-24 11:00:00+00:00,89577.7,89620.0,89545.3,89545.3,296.152
2026-01-24 12:00:00+00:00,89545.3,89550.0,89434.8,89494.9,424.775
2026-01-24 13:00:00+00:00,89494.9,89497.0,89314.9,89315.0,549.463
2026-01-24 14:00:00+00:00,89315.0,89464.0,89105.7,89405.4,1829.685
2026-01-24 15:00:00+00:00,89405.4,89452.9,89192.8,89236.1,914.581
2026-01-24 16:00:00+00:00,89236.1,89319.6,89113.2,89234.7,1222.927
2026-01-24 17:00:00+00:00,89234.7,89373.7,89203.2,89350.0,918.681
2026-01-24 18:00:00+00:00,89350.0,89432.9,89326.1,89350.0,265.374
2026-01-24 19:00:00+00:00,89350.0,89350.1,89222.0,89281.7,359.87
2026-01-24 20:00:00+00:00,89281.7,89366.8,89281.6,89342.6,196.64
2026-01-24 21:00:00+00:00,89342.6,89342.9,89224.8,89339.3,303.445
2026-01-24 22:00:00+00:00,89339.3,89455.7,89249.9,89400.3,435.613
2026-01-24 23:00:00+00:00,89400.3,89440.0,89156.3,89177.1,524.273
2026-01-25 00:00:00+00:00,89177.1,89271.8,89120.4,89271.8,502.412
2026-01-25 01:00:00+00:00,89271.8,89271.8,89028.4,89136.2,505.359
2026-01-25 02:00:00+00:00,89136.2,89224.0,89086.6,89096.6,258.994
2026-01-25 03:00:00+00:00,89096.6,89149.6,88800.1,88915.5,1148.018
2026-01-25 04:00:00+00:00,88915.5,89074.5,88892.0,88978.9,859.512
2026-01-25 05:00:00+00:00,88978.9,89026.0,88834.5,88958.4,326.882
2026-01-25 06:00:00+00:00,88958.4,88958.5,88596.2,88804.7,1677.619
2026-01-25 07:00:00+00:00,88804.7,88804.8,88586.3,88620.0,579.838
2026-01-25 08:00:00+00:00,88620.0,88726.9,88100.0,88254.1,2555.494
2026-01-25 09:00:00+00:00,88254.1,88455.0,88188.0,88363.5,1425.168
2026-01-25 10:00:00+00:00,88363.5,88634.1,88363.4,88605.0,1221.834
2026-01-25 11:00:00+00:00,88605.0,88665.3,88480.7,88522.8,698.767
2026-01-25 12:00:00+00:00,88522.8,88767.5,88378.0,88756.0,1839.755
2026-01-25 13:00:00+00:00,88756.0,88937.4,88588.9,88875.0,1418.757
2026-01-25 14:00:00+00:00,88875.0,88900.0,88566.6,88661.4,1248.087
2026-01-25 15:00:00+00:00,88661.4,88735.0,88314.0,88407.9,1321.643
2026-01-25 16:00:00+00:00,88407.9,88417.3,87477.0,88042.3,8660.124
2026-01-25 17:00:00+00:00,88042.3,88064.9,87698.3,87835.2,1577.181
2026-01-25 18:00:00+00:00,87835.2,87943.2,86752.9,87364.1,7391.526
2026-01-25 19:00:00+00:00,87364.1,87464.0,86142.3,86453.1,8655.908
2026-01-25 20:00:00+00:00,86453.1,86666.0,86170.2,86615.3,3849.153
2026-01-25 21:00:00+00:00,86615.3,86997.7,86362.5,86538.0,3188.741
2026-01-25 22:00:00+00:00,86538.0,86653.3,86172.5,86492.1,2617.473
2026-01-25 23:00:00+00:00,86492.1,86757.0,86031.4,86625.6,5302.371
2026-01-26 00:00:00+00:00,86625.6,87150.0,86446.8,86800.3,3927.361
2026-01-26 01:00:00+00:00,86800.3,87780.3,86763.6,87648.8,3347.613
2026-01-26 02:00:00+00:00,87648.8,87929.7,87381.2,87503.0,2313.794
2026-01-26 03:00:00+00:00,87503.0,87640.0,87034.9,87241.2,1405.841
2026-01-26 04:00:00+00:00,87241.2,87914.1,87188.0,87705.5,1949.67
2026-01-26 05:00:00+00:00,87705.5,87923.9,87622.2,87774.3,1021.941
2026-01-26 06:00:00+00:00,87774.3,87999.8,87719.0,87905.1,1400.338
2026-01-26 07:00:00+00:00,87905.1,88043.4,87664.8,87964.3,1376.606
2026-01-26 08:00:00+00:00,87964.3,88355.0,87804.0,87943.8,2243.06
2026-01-26 09:00:00+00:00,87943.8,87968.4,87555.0,87626.8,2200.965
2026-01-26 10:00:00+00:00,87626.8,87926.6,87608.3,87853.6,900.268
2026-01-26 11:00:00+00:00,87853.6,87955.4,87711.0,87816.0,659.24
2026-01-26 12:00:00+00:00,87816.0,87937.6,87684.0,87759.3,925.672
2026-01-26 13:00:00+00:00,87759.3,88010.9,87659.0,87922.0,1323.819
2026-01-26 14:00:00+00:00,87922.0,88512.8,87394.2,88130.0,6811.727
2026-01-26 15:00:00+00:00,88130.0,88843.9,87268.8,87598.9,8783.364
2026-01-26 16:00:00+00:00,87598.9,87922.0,87141.3,87578.9,3712.343
2026-01-26 17:00:00+00:00,87578.9,87742.6,86923.3,87658.7,3585.062
2026-01-26 18:00:00+00:00,87658.7,88380.0,87604.0,88375.5,3547.178
2026-01-26 19:00:00+00:00,88375.5,88524.2,87913.5,87969.1,2457.439
2026-01-26 20:00:00+00:00,87969.1,88088.8,87489.5,87586.8,2094.219
2026-01-26 21:00:00+00:00,87586.8,88209.0,87524.1,88022.3,1483.924
2026-01-26 22:00:00+00:00,88022.3,88234.5,87942.0,88090.1,1030.138
2026-01-26 23:00:00+00:00,88090.1,88631.2,87962.6,88305.1,1825.524
2026-01-27 00:00:00+00:00,88305.1,88417.9,88159.8,88319.0,999.615
2026-01-27 01:00:00+00:00,88319.0,88682.0,88150.0,88524.6,1250.579
2026-01-27 02:00:00+00:00,88524.6,88837.1,88510.3,88778.4,1693.131
2026-01-27 03:00:00+00:00,88778.4,88893.3,88523.9,88740.0,1113.565
2026-01-27 04:00:00+00:00,88740.0,88977.7,88456.0,88530.3,1369.003
2026-01-27 05:00:00+00:00,88530.3,88550.0,88350.0,88418.1,869.677
2026-01-27 06:00:00+00:00,88418.1,88484.0,88225.6,88290.6,1028.911
2026-01-27 07:00:00+00:00,88290.6,88525.3,88268.2,88282.8,937.091
2026-01-27 08:00:00+00:00,88282.8,88364.6,88075.0,88127.8,1387.246
2026-01-27 09:00:00+00:00,88127.8,88127.8,87815.9,87841.8,1808.819
2026-01-27 10:00:00+00:00,87841.8,88042.7,87688.1,87735.2,1558.381
2026-01-27 11:00:00+00:00,87735.2,88050.0,87694.0,87937.0,1257.054
2026-01-27 12:00:00+00:00,87937.0,88108.7,87894.2,87938.8,1168.312
2026-01-27 13:00:00+00:00,87938.8,88027.9,87747.5,87932.3,994.052
2026-01-27 14:00:00+00:00,87932.3,88400.0,87606.1,87701.7,4655.784
2026-01-27 15:00:00+00:00,87701.7,88165.6,87502.0,87990.6,3921.843
2026-01-27 16:00:00+00:00,87990.6,88786.4,87948.5,88597.0,5777.757
2026-01-27 17:00:00+00:00,88597.0,88649.8,87234.0,87491.7,7335.347
2026-01-27 18:00:00+00:00,87491.7,88480.7,87400.0,88242.1,3552.462
2026-01-27 19:00:00+00:00,88242.1,88513.2,88003.5,88373.1,2015.149
2026-01-27 20:00:00+00:00,88373.1,89470.8,88331.3,89355.2,7977.632
2026-01-27 21:00:00+00:00,89355.2,89499.8,88968.9,89040.7,3284.998
2026-01-27 22:00:00+00:00,89040.7,89383.8,88969.8,89200.0,1730.13
2026-01-27 23:00:00+00:00,89200.0,89487.7,89093.6,89202.3,1745.958
2026-01-28 00:00:00+00:00,89202.3,89437.0,89100.1,89429.9,940.262
2026-01-28 01:00:00+00:00,89429.9,89460.4,89148.4,89355.5,1121.85
2026-01-28 02:00:00+00:00,89355.5,89417.6,89053.0,89243.2,983.29
2026-01-28 03:00:00+00:00,89243.2,89270.0,88923.8,89080.0,1048.079
2026-01-28 04:00:00+00:00,89080.0,89133.5,88802.0,88944.7,1297.303
2026-01-28 05:00:00+00:00,88944.7,89065.5,88800.0,89050.0,1407.575
2026-01-28 06:00:00+00:00,89050.0,89366.3,89049.9,89286.6,1093.191
2026-01-28 07:00:00+00:00,89286.6,89320.4,89059.6,89105.0,706.985
2026-01-28 08:00:00+00:00,89105.0,89229.9,88839.3,88885.3,1389.663
2026-01-28 09:00:00+00:00,88885.3,89545.0,88815.6,89536.7,2157.866
2026-01-28 10:00:00+00:00,89536.7,89696.9,89291.2,89362.1,2772.235
2026-01-28 11:00:00+00:00,89362.1,90132.0,89274.1,90039.7,4385.706
2026-01-28 12:00:00+00:00,90039.7,90146.8,89742.3,89968.0,2908.398
2026-01-28 13:00:00+00:00,89968.0,90455.7,89933.5,90229.5,4604.831
2026-01-28 14:00:00+00:00,90229.5,90229.6,89401.2,89571.4,4669.765
2026-01-28 15:00:00+00:00,89571.4,89813.0,88836.3,89439.8,6566.295
2026-01-28 16:00:00+00:00,89439.8,89799.0,89200.0,89588.2,2769.962
2026-01-28 17:00:00+00:00,89588.2,90597.0,89207.7,90141.7,5893.968
2026-01-28 18:00:00+00:00,90141.7,90149.0,89269.4,89489.7,6539.206
2026-01-28 19:00:00+00:00,89489.7,89684.1,88951.1,89350.5,5653.351
2026-01-28 20:00:00+00:00,89350.5,89864.1,88963.0,89092.3,4118.216
2026-01-28 21:00:00+00:00,89092.3,89448.0,88813.0,89366.7,2588.058
2026-01-28 22:00:00+00:00,89366.7,89442.0,89082.0,89336.5,1070.296
2026-01-28 23:00:00+00:00,89336.5,89438.0,89160.0,89261.7,1094.512
2026-01-29 00:00:00+00:00,89261.7,89312.7,88853.5,89110.8,1487.216
2026-01-29 01:00:00+00:00,89110.8,89120.7,88500.0,88555.9,2887.104
2026-01-29 02:00:00+00:00,88555.9,88718.5,87650.0,87864.7,5649.131
2026-01-29 03:00:00+00:00,87864.7,88229.0,87720.0,88012.2,2468.711
2026-01-29 04:00:00+00:00,88012.2,88300.1,87857.8,88264.1,1168.588
2026-01-29 05:00:00+00:00,88264.1,88389.8,88091.0,88146.7,1443.503
2026-01-29 06:00:00+00:00,88146.7,88299.3,88128.8,88277.0,674.761
2026-01-29 07:00:00+00:00,88277.0,88388.5,88211.4,88314.5,1050.486
2026-01-29 08:00:00+00:00,88314.5,88458.8,87844.0,88014.3,3714.221
2026-01-29 09:00:00+00:00,88014.3,88111.6,87820.0,87840.0,1209.415
2026-01-29 10:00:00+00:00,87840.0,87965.4,87770.0,87900.2,1520.824
2026-01-29 11:00:00+00:00,87900.2,88021.1,87690.6,87786.0,1752.142
2026-01-29 12:00:00+00:00,87786.0,88076.7,87767.6,88069.1,1521.78
2026-01-29 13:00:00+00:00,88069.1,88142.7,87902.5,88000.0,934.048
2026-01-29 14:00:00+00:00,88000.0,88030.0,86950.1,86961.8,7737.534
2026-01-29 15:00:00+00:00,86961.8,86990.0,84300.3,84891.6,24117.951
2026-01-29 16:00:00+00:00,84891.6,85359.5,84215.0,85236.3,9703.588
2026-01-29 17:00:00+00:00,85236.3,85595.7,83941.1,84218.2,9531.908
2026-01-29 18:00:00+00:00,84218.2,84587.2,83351.3,83428.2,11107.414
2026-01-29 19:00:00+00:00,83428.2,84321.6,83311.0,83967.6,5916.22
2026-01-29 20:00:00+00:00,83967.6,84356.0,83773.2,84178.7,2668.927
2026-01-29 21:00:00+00:00,84178.7,84622.1,84164.5,84485.1,1923.291
2026-01-29 22:00:00+00:00,84485.1,84574.0,84268.0,84522.9,1325.123
2026-01-29 23:00:00+00:00,84522.9,84703.2,84389.6,84599.8,1724.258
2026-01-30 00:00:00+00:00,84599.8,84692.3,84062.8,84140.0,2381.041
2026-01-30 01:00:00+00:00,84140.0,84150.5,81000.0,82429.6,19935.63
2026-01-30 02:00:00+00:00,82429.6,82496.0,81089.1,82119.9,8678.528
2026-01-30 03:00:00+00:00,82119.9,82696.2,81996.8,82628.9,3363.545
2026-01-30 04:00:00+00:00,82628.9,83287.1,82628.8,82892.4,3140.955
2026-01-30 05:00:00+00:00,82892.4,83297.9,82843.2,82859.6,2352.983
2026-01-30 06:00:00+00:00,82859.6,82876.1,82009.8,82548.1,4456.445
2026-01-30 07:00:00+00:00,82548.1,83070.2,82431.2,82755.3,3538.509
2026-01-30 08:00:00+00:00,82755.3,82946.3,82387.8,82622.9,2014.09
2026-01-30 09:00:00+00:00,82622.9,82796.6,82081.7,82311.5,3158.651
2026-01-30 10:00:00+00:00,82311.5,82849.9,82118.6,82783.8,2151.951
2026-01-30 11:00:00+00:00,82783.8,83263.5,82622.9,83103.7,3129.388
2026-01-30 12:00:00+00:00,83103.7,83287.0,82569.5,82744.8,2766.709
2026-01-30 13:00:00+00:00,82744.8,83050.9,82361.0,82702.1,2521.169
2026-01-30 14:00:00+00:00,82702.1,83771.2,82690.4,83070.1,7285.588
2026-01-30 15:00:00+00:00,83070.1,83577.2,82316.3,82838.7,6689.891
2026-01-30 16:00:00+00:00,82838.7,83476.2,82500.0,83108.5,4302.372
2026-01-30 17:00:00+00:00,83108.5,83440.0,82588.5,82904.0,4380.398
2026-01-30 18:00:00+00:00,82904.0,84145.0,81832.0,83895.3,11760.774
2026-01-30 19:00:00+00:00,83895.3,84635.7,83867.4,84210.7,7246.167
2026-01-30 20:00:00+00:00,84210.7,84285.0,83505.0,83880.9,6495.436
2026-01-30 21:00:00+00:00,83880.9,84481.5,83756.4,84235.4,2929.814
2026-01-30 22:00:00+00:00,84235.4,84300.0,83872.7,84181.4,1400.32
2026-01-30 23:00:00+00:00,84181.4,84277.3,83902.8,84222.5,1039.203
2026-01-31 00:00:00+00:00,84222.5,84254.3,83973.0,84034.2,1226.755
2026-01-31 01:00:00+00:00,84034.2,84224.3,83860.7,83972.9,984.543
2026-01-31 02:00:00+00:00,83972.9,84155.1,83778.4,84091.4,971.195
2026-01-31 03:00:00+00:00,84091.4,84206.6,83987.0,83990.6,600.146
2026-01-31 04:00:00+00:00,83990.6,84116.4,83900.0,83960.4,608.87
2026-01-31 05:00:00+00:00,83960.4,84054.7,83851.3,83962.6,1061.979
2026-01-31 06:00:00+00:00,83962.6,84006.1,83595.0,83736.2,1284.011
2026-01-31 07:00:00+00:00,83736.2,83768.6,83360.3,83506.1,1708.024
2026-01-31 08:00:00+00:00,83506.1,83599.1,82530.0,83020.7,4195.266
2026-01-31 09:00:00+00:00,83020.7,83281.0,82840.3,83075.9,1407.59
2026-01-31 10:00:00+00:00,83075.9,83171.8,82874.8,83120.1,1053.022
2026-01-31 11:00:00+00:00,83120.1,83120.2,82773.8,82978.6,799.676
2026-01-31 12:00:00+00:00,82978.6,83113.3,82671.4,82736.0,1366.828
2026-01-31 13:00:00+00:00,82736.0,82887.4,82396.8,82733.3,2025.568
2026-01-31 14:00:00+00:00,82733.3,82894.3,80750.0,81440.1,14148.143
2026-01-31 15:00:00+00:00,81440.1,81745.9,81045.4,81255.2,5069.129
2026-01-31 16:00:00+00:00,81255.2,82264.5,80022.0,80308.0,20570.438
2026-01-31 17:00:00+00:00,80308.0,80498.5,78080.5,78848.1,23226.415
2026-01-31 18:00:00+00:00,78848.1,79096.8,75689.6,78016.7,27400.971
2026-01-31 19:00:00+00:00,78016.7,78544.7,77150.0,77719.1,8620.493
2026-01-31 20:00:00+00:00,77719.1,78114.9,77033.2,77953.8,5738.026
2026-01-31 21:00:00+00:00,77953.8,78336.9,77325.1,78262.2,6263.407
2026-01-31 22:00:00+00:00,78262.2,78479.0,77954.8,78113.7,2750.556
2026-01-31 23:00:00+00:00,78113.7,79239.7,78031.0,78704.4,7503.11
2026-02-01 00:00:00+00:00,78704.4,79388.5,78611.1,78850.1,3027.857
2026-02-01 01:00:00+00:00,78850.1,78900.0,78252.0,78495.7,2709.016
2026-02-01 02:00:00+00:00,78495.7,79022.3,78331.2,78847.0,1799.535
2026-02-01 03:00:00+00:00,78847.0,78969.7,78628.0,78829.7,835.829
2026-02-01 04:00:00+00:00,78829.7,79074.3,78683.0,78930.8,1166.268
2026-02-01 05:00:00+00:00,78930.8,78967.8,78461.1,78572.6,2450.218
2026-02-01 06:00:00+00:00,78572.6,78791.0,78220.7,78255.6,1713.947
2026-02-01 07:00:00+00:00,78255.6,78693.1,77836.9,78315.5,3392.164
2026-02-01 08:00:00+00:00,78315.5,78835.0,78220.0,78560.4,1805.654
2026-02-01 09:00:00+00:00,78560.4,79119.9,78502.8,79000.0,1345.109
2026-02-01 10:00:00+00:00,79000.0,79187.0,78116.0,78242.6,3099.955
2026-02-01 11:00:00+00:00,78242.6,78843.7,78242.6,78715.1,1580.619
2026-02-01 12:00:00+00:00,78715.1,78733.2,78200.1,78417.6,1705.287
2026-02-01 13:00:00+00:00,78417.6,78734.5,78150.0,78281.5,2209.09
2026-02-01 14:00:00+00:00,78281.5,78509.4,77200.0,78181.4,8832.668
2026-02-01 15:00:00+00:00,78181.4,78234.1,76725.4,77564.3,8005.055
2026-02-01 16:00:00+00:00,77564.3,77810.4,77050.2,77456.1,4409.051
2026-02-01 17:00:00+00:00,77456.1,77719.1,77260.0,77719.0,1989.963
2026-02-01 18:00:00+00:00,77719.0,78409.1,77682.5,77997.2,4688.921
2026-02-01 19:00:00+00:00,77997.2,78080.0,76950.6,77143.8,2794.628
2026-02-01 20:00:00+00:00,77143.8,77723.3,76552.3,77067.8,4888.986
2026-02-01 21:00:00+00:00,77067.8,77144.0,76292.6,76490.6,4446.394
2026-02-01 22:00:00+00:00,76490.6,77770.7,76409.6,77212.9,4339.416
2026-02-01 23:00:00+00:00,77212.9,77600.0,75663.2,76938.5,12667.938
2026-02-02 00:00:00+00:00,76938.5,78177.9,76579.4,77638.7,5346.564
2026-02-02 01:00:00+00:00,77638.7,77923.2,76558.4,77480.0,4653.609
2026-02-02 02:00:00+00:00,77480.0,77529.9,76404.0,76450.6,3707.317
2026-02-02 03:00:00+00:00,76450.6,76542.0,74567.3,76268.9,17192.54
2026-02-02 04:00:00+00:00,76268.9,76592.7,75280.8,75852.0,6092.154
2026-02-02 05:00:00+00:00,75852.0,75963.3,74849.3,75446.1,5182.558
2026-02-02 06:00:00+00:00,75446.1,76800.0,74902.0,76516.9,7725.434
2026-02-02 07:00:00+00:00,76516.9,76932.9,76290.1,76606.1,3348.013
2026-02-02 08:00:00+00:00,76606.1,77169.1,76576.2,76829.4,3700.876
2026-02-02 09:00:00+00:00,76829.4,77777.0,76611.1,77669.7,5279.062
2026-02-02 10:00:00+00:00,77669.7,77824.7,77417.6,77461.6,2288.731
2026-02-02 11:00:00+00:00,77461.6,77939.0,77400.0,77727.2,2013.444
2026-02-02 12:00:00+00:00,77727.2,78500.0,77661.5,77950.2,4172.875
2026-02-02 13:00:00+00:00,77950.2,78425.1,77746.3,78178.3,2728.876
2026-02-02 14:00:00+00:00,78178.3,78849.0,77569.6,77808.0,8444.502
2026-02-02 15:00:00+00:00,77808.0,79388.0,77492.3,78794.9,11356.51
2026-02-02 16:00:00+00:00,78794.9,79245.4,78525.3,78588.2,4528.149
2026-02-02 17:00:00+00:00,78588.2,79173.0,78550.0,78936.9,3274.813
2026-02-02 18:00:00+00:00,78936.9,78947.6,78310.6,78526.4,2695.132
2026-02-02 19:00:00+00:00,78526.4,78667.9,78228.6,78290.1,1683.767
2026-02-02 20:00:00+00:00,78290.1,78637.7,77850.9,77963.2,2649.852
2026-02-02 21:00:00+00:00,77963.2,78516.4,77869.9,78496.0,1544.87
2026-02-02 22:00:00+00:00,78496.0,78825.4,78482.4,78765.9,1437.87
2026-02-02 23:00:00+00:00,78765.9,78951.1,78511.4,78693.9,1408.788
2026-02-03 00:00:00+00:00,78693.9,79091.8,78359.0,79038.2,1801.637
2026-02-03 01:00:00+00:00,79038.2,79177.7,78667.9,78980.8,1792.845
2026-02-03 02:00:00+00:00,78980.8,78980.8,77750.0,77769.0,2687.803
2026-02-03 03:00:00+00:00,77769.0,78868.8,77600.1,78709.6,3429.163
2026-02-03 04:00:00+00:00,78709.6,78967.5,78440.6,78762.0,1928.604
2026-02-03 05:00:00+00:00,78762.0,78775.1,78180.5,78200.6,1408.699
2026-02-03 06:00:00+00:00,78200.6,78631.9,77909.8,78558.7,1771.342
2026-02-03 07:00:00+00:00,78558.7,78895.2,78448.6,78755.2,1827.216
2026-02-03 08:00:00+00:00,78755.2,79040.0,78420.0,78707.8,1882.366
2026-02-03 09:00:00+00:00,78707.8,78811.1,77870.9,78345.4,4065.818
2026-02-03 10:00:00+00:00,78345.4,78533.4,78013.5,78072.6,1438.636
2026-02-03 11:00:00+00:00,78072.6,78315.4,77945.4,78034.7,1614.026
2026-02-03 12:00:00+00:00,78034.7,78380.9,77925.4,78289.5,2078.655
2026-02-03 13:00:00+00:00,78289.5,78417.2,78150.0,78257.4,1761.057
2026-02-03 14:00:00+00:00,78257.4,78389.2,77124.0,77160.0,6768.017
2026-02-03 15:00:00+00:00,77160.0,78192.9,77004.1,78097.1,10210.359
2026-02-03 16:00:00+00:00,78097.1,78106.3,76450.0,76456.0,10512.029
2026-02-03 17:00:00+00:00,76456.0,76504.8,74832.5,74874.2,13424.93
2026-02-03 18:00:00+00:00,74874.2,75268.0,73110.0,73111.4,22076.17
2026-02-03 19:00:00+00:00,73111.4,75215.7,72889.7,74889.3,18423.654
2026-02-03 20:00:00+00:00,74889.3,76682.9,74543.8,76433.4,11330.906
2026-02-03 21:00:00+00:00,76433.4,76913.8,76090.4,76200.3,5193.703
2026-02-03 22:00:00+00:00,76200.3,76271.6,75367.9,75673.0,4988.232
2026-02-03 23:00:00+00:00,75673.0,75975.9,75382.5,75723.2,3521.285
2026-02-04 00:00:00+00:00,75723.2,76230.5,75414.0,75872.6,2770.654
2026-02-04 01:00:00+00:00,75872.6,76755.0,75872.6,76391.3,2979.229
2026-02-04 02:00:00+00:00,76391.3,76575.9,75663.6,75928.7,2267.909
2026-02-04 03:00:00+00:00,75928.7,76991.2,75873.9,76673.0,4649.499
2026-02-04 04:00:00+00:00,76673.0,76812.2,76386.3,76451.3,1080.573
2026-02-04 05:00:00+00:00,76451.3,76507.7,76076.0,76257.3,1461.91
2026-02-04 06:00:00+00:00,76257.3,76759.4,76230.5,76620.5,1491.84
2026-02-04 07:00:00+00:00,76620.5,76634.0,76311.8,76484.2,1526.589
2026-02-04 08:00:00+00:00,76484.2,76570.0,76026.5,76553.3,3263.988
2026-02-04 09:00:00+00:00,76553.3,76578.8,75908.4,76089.1,2336.846
2026-02-04 10:00:00+00:00,76089.1,76307.9,76025.7,76264.1,1317.889
2026-02-04 11:00:00+00:00,76264.1,76265.6,75635.2,75998.9,3690.607
2026-02-04 12:00:00+00:00,75998.9,76244.9,75974.2,76148.1,2519.684
2026-02-04 13:00:00+00:00,76148.1,76165.5,74822.3,74829.0,5040.508
2026-02-04 14:00:00+00:00,74829.0,75746.5,74200.0,74316.9,9965.766
2026-02-04 15:00:00+00:00,74316.9,75314.7,73728.3,74094.8,13938.334
2026-02-04 16:00:00+00:00,74094.8,74213.5,73032.0,73611.2,11304.019
2026-02-04 17:00:00+00:00,73611.2,73831.8,72090.4,72537.6,15581.822
2026-02-04 18:00:00+00:00,72537.6,74124.2,72222.0,73395.7,13895.951
2026-02-04 19:00:00+00:00,73395.7,73986.8,73003.7,73894.6,6169.641
2026-02-04 20:00:00+00:00,73894.6,74136.0,73388.4,73479.2,2740.773
2026-02-04 21:00:00+00:00,73479.2,73631.7,72148.7,72758.0,5484.668
2026-02-04 22:00:00+00:00,72758.0,73650.0,71805.2,72506.3,9044.013
2026-02-04 23:00:00+00:00,72506.3,73488.0,72419.2,73130.3,4400.033
2026-02-05 00:00:00+00:00,73130.3,73294.2,72712.5,72829.6,2821.637
2026-02-05 01:00:00+00:00,72829.6,73312.1,71933.1,72380.9,6878.577
2026-02-05 02:00:00+00:00,72380.9,72819.9,71268.0,71429.5,9548.271
2026-02-05 03:00:00+00:00,71429.5,71864.8,71120.2,71189.1,6287.565
2026-02-05 04:00:00+00:00,71189.1,71431.1,70646.2,70844.3,9021.317
2026-02-05 05:00:00+00:00,70844.3,71133.9,70085.7,70693.8,8617.749
2026-02-05 06:00:00+00:00,70693.8,70950.0,70394.3,70916.9,4442.641
2026-02-05 07:00:00+00:00,70916.9,71600.0,70591.5,70716.4,5808.354
2026-02-05 08:00:00+00:00,70716.4,71526.4,70642.9,71022.6,3738.618
2026-02-05 09:00:00+00:00,71022.6,71936.3,71002.2,71529.2,4169.431
2026-02-05 10:00:00+00:00,71529.2,71697.9,70617.6,70818.8,5027.973
2026-02-05 11:00:00+00:00,70818.8,71026.6,69865.8,70287.8,11152.761
2026-02-05 12:00:00+00:00,70287.8,70574.4,69126.2,69541.0,12988.715
2026-02-05 13:00:00+00:00,69541.0,69809.3,69224.7,69658.4,4393.04
2026-02-05 14:00:00+00:00,69658.4,70866.3,69251.2,69368.0,12675.941
2026-02-05 15:00:00+00:00,69368.0,69594.7,66655.2,67450.8,39937.328
2026-02-05 16:00:00+00:00,67450.8,68668.8,66894.9,68268.2,14627.464
2026-02-05 17:00:00+00:00,68268.2,68350.0,66100.3,66151.9,16813.072
2026-02-05 18:00:00+00:00,66151.9,66518.4,65354.2,66313.1,15187.45
2026-02-05 19:00:00+00:00,66313.1,66614.0,65148.5,65232.2,10546.188
2026-02-05 20:00:00+00:00,65232.2,65675.0,62250.0,63739.3,33832.909
2026-02-05 21:00:00+00:00,63739.3,64778.7,62842.6,63185.0,20530.403
2026-02-05 22:00:00+00:00,63185.0,64584.7,62639.6,63882.5,14032.17
2026-02-05 23:00:00+00:00,63882.5,64868.0,62679.6,62872.7,12926.441
2026-02-06 00:00:00+00:00,62872.7,63832.6,59888.0,63467.9,49033.215
2026-02-06 01:00:00+00:00,63467.9,65731.5,63467.8,65668.5,13760.488
2026-02-06 02:00:00+00:00,65668.5,65972.8,64164.6,64964.6,10015.681
2026-02-06 03:00:00+00:00,64964.6,65132.4,63724.0,64138.7,6216.649
2026-02-06 04:00:00+00:00,64138.7,64980.4,63926.9,64876.9,4264.27
2026-02-06 05:00:00+00:00,64876.9,66799.9,64772.1,66364.8,9885.971
2026-02-06 06:00:00+00:00,66364.8,66757.2,64797.6,64954.9,9800.014
2026-02-06 07:00:00+00:00,64954.9,65521.5,64600.6,64813.6,8111.607
2026-02-06 08:00:00+00:00,64813.6,65171.2,64434.1,64859.8,5187.332
2026-02-06 09:00:00+00:00,64859.8,66132.3,64725.0,65758.1,5811.128
2026-02-06 10:00:00+00:00,65758.1,66201.4,65491.2,65930.9,3961.28
2026-02-06 11:00:00+00:00,65930.9,66730.0,65735.0,66588.8,4134.498
2026-02-06 12:00:00+00:00,66588.8,66588.9,66080.0,66525.4,3044.552
2026-02-06 13:00:00+00:00,66525.4,67671.9,66444.0,67267.6,8775.268
2026-02-06 14:00:00+00:00,67267.6,68583.4,66591.5,68141.1,13571.847
2026-02-06 15:00:00+00:00,68141.1,69151.4,67679.8,68578.9,12467.707
2026-02-06 16:00:00+00:00,68578.9,70190.8,68373.7,69895.5,11792.666
2026-02-06 17:00:00+00:00,69895.5,71479.8,69516.8,70710.1,15072.086
2026-02-06 18:00:00+00:00,70710.1,70780.1,69322.0,69747.6,12092.514
2026-02-06 19:00:00+00:00,69747.6,70924.2,69619.6,70689.8,6627.539
2026-02-06 20:00:00+00:00,70689.8,70969.7,69939.6,69945.5,5516.604
2026-02-06 21:00:00+00:00,69945.5,70469.2,69788.2,70322.9,3409.324
2026-02-06 22:00:00+00:00,70322.9,71571.8,70234.6,71308.6,4392.337
2026-02-06 23:00:00+00:00,71308.6,71719.9,70457.0,70532.3,4155.646
2026-02-07 00:00:00+00:00,70532.3,70559.8,69676.2,69914.2,4834.962
2026-02-07 01:00:00+00:00,69914.2,70643.9,69691.7,70424.4,2869.956
2026-02-07 02:00:00+00:00,70424.4,70591.0,70106.7,70320.1,1398.283
2026-02-07 03:00:00+00:00,70320.1,70880.0,70235.4,70879.1,1871.945
2026-02-07 04:00:00+00:00,70879.1,71653.2,70558.8,70722.0,4862.817
2026-02-07 05:00:00+00:00,70722.0,71156.3,69920.0,70129.8,4765.813
2026-02-07 06:00:00+00:00,70129.8,70289.4,68700.0,68738.0,7304.709
2026-02-07 07:00:00+00:00,68738.0,69050.0,67307.3,68066.4,16396.731
2026-02-07 08:00:00+00:00,68066.4,68783.7,67721.2,68479.7,6234.932
2026-02-07 09:00:00+00:00,68479.7,68762.0,67868.8,68115.2,3318.595
2026-02-07 10:00:00+00:00,68115.2,68281.7,67577.3,67964.2,3078.485
2026-02-07 11:00:00+00:00,67964.2,68142.0,67672.6,67946.2,1844.728
2026-02-07 12:00:00+00:00,67946.2,69972.1,67880.3,68996.1,13657.886
2026-02-07 13:00:00+00:00,68996.1,69335.5,68777.9,69062.4,2786.309
2026-02-07 14:00:00+00:00,69062.4,69152.3,68278.5,68617.2,3271.805
2026-02-07 15:00:00+00:00,68617.2,69748.3,68524.4,69116.4,5664.554
2026-02-07 16:00:00+00:00,69116.4,69950.0,68805.8,68923.8,14580.852
2026-02-07 17:00:00+00:00,68923.8,69400.0,68489.4,69160.1,3401.971
2026-02-07 18:00:00+00:00,69160.1,69671.4,68980.0,69476.0,2765.472
2026-02-07 19:00:00+00:00,69476.0,69550.0,69232.8,69338.2,1522.453
2026-02-07 20:00:00+00:00,69338.2,69691.0,69220.0,69599.2,1138.097
2026-02-07 21:00:00+00:00,69599.2,69669.1,69307.1,69471.4,918.017
2026-02-07 22:00:00+00:00,69471.4,69662.0,69281.3,69373.0,903.112
2026-02-07 23:00:00+00:00,69373.0,69433.4,68742.0,69248.2,2215.907
2026-02-08 00:00:00+00:00,69248.2,69400.4,68839.0,69096.5,1224.9
2026-02-08 01:00:00+00:00,69096.5,69476.7,69051.2,69350.2,895.691
2026-02-08 02:00:00+00:00,69350.2,69675.1,69126.3,69337.7,1435.975
2026-02-08 03:00:00+00:00,69337.7,69405.7,69018.9,69062.5,1105.425
2026-02-08 04:00:00+00:00,69062.5,69349.3,68926.5,69306.1,816.052
2026-02-08 05:00:00+00:00,69306.1,69389.0,69109.8,69190.2,651.73
2026-02-08 06:00:00+00:00,69190.2,69393.0,69046.7,69316.1,1399.461
2026-02-08 07:00:00+00:00,69316.1,69691.3,69177.8,69663.7,1470.837
2026-02-08 08:00:00+00:00,69663.7,70766.5,69467.9,70622.9,7304.738
2026-02-08 09:00:00+00:00,70622.9,70678.6,70057.4,70073.5,2582.89
2026-02-08 10:00:00+00:00,70073.5,70421.0,69844.8,70240.5,2891.818
2026-02-08 11:00:00+00:00,70240.5,71184.0,70176.3,70953.3,4413.433
2026-02-08 12:00:00+00:00,70953.3,71250.0,70656.6,71204.6,3285.205
2026-02-08 13:00:00+00:00,71204.6,71491.4,70932.6,71476.2,3311.546
2026-02-08 14:00:00+00:00,71476.2,71524.7,71050.0,71222.1,1932.632
2026-02-08 15:00:00+00:00,71222.1,71430.6,70720.8,71153.0,3372.89
2026-02-08 16:00:00+00:00,71153.0,71233.2,70195.5,70381.0,3838.806
2026-02-08 17:00:00+00:00,70381.0,70844.0,70372.0,70756.6,1715.935
2026-02-08 18:00:00+00:00,70756.6,71390.8,70716.6,71106.0,2349.391
2026-02-08 19:00:00+00:00,71106.0,71494.9,71106.0,71387.8,1106.314
2026-02-08 20:00:00+00:00,71387.8,71389.8,70664.4,70804.8,1680.079
2026-02-08 21:00:00+00:00,70804.8,71107.6,70502.9,70662.5,1255.089
2026-02-08 22:00:00+00:00,70662.5,71076.0,70612.4,71037.2,1272.401
2026-02-08 23:00:00+00:00,71037.2,72254.1,69945.0,70289.8,12399.682
2026-02-09 00:00:00+00:00,70289.8,70744.3,70053.3,70459.5,2764.043
2026-02-09 01:00:00+00:00,70459.5,70899.2,70018.0,70330.1,3206.015
2026-02-09 02:00:00+00:00,70330.1,70978.8,70170.1,70586.6,1822.914
2026-02-09 03:00:00+00:00,70586.6,71418.4,70572.5,71265.3,2757.525
2026-02-09 04:00:00+00:00,71265.3,71314.3,70863.1,70955.5,1435.424
2026-02-09 05:00:00+00:00,70955.5,71083.9,70760.5,71005.8,1326.097
2026-02-09 06:00:00+00:00,71005.8,71005.8,70271.3,70630.5,2326.895
2026-02-09 07:00:00+00:00,70630.5,70880.7,70310.7,70387.1,2039.443
2026-02-09 08:00:00+00:00,70387.1,70581.8,69357.8,69836.4,5540.343
2026-02-09 09:00:00+00:00,69836.4,70093.3,69443.3,69593.3,3299.683
2026-02-09 10:00:00+00:00,69593.3,69699.9,68384.0,68690.0,8371.022
2026-02-09 11:00:00+00:00,68690.0,68991.9,68541.3,68900.0,2986.943
2026-02-09 12:00:00+00:00,68900.0,69223.5,68819.6,69106.5,2525.514
2026-02-09 13:00:00+00:00,69106.5,69267.0,68552.1,68556.4,2744.679
2026-02-09 14:00:00+00:00,68556.4,69747.5,68207.2,69230.5,8881.166
2026-02-09 15:00:00+00:00,69230.5,69843.6,68779.9,69533.0,5638.521
2026-02-09 16:00:00+00:00,69533.0,70397.8,69051.9,70047.0,6511.04
2026-02-09 17:00:00+00:00,70047.0,70976.9,69821.4,70582.1,6342.641
2026-02-09 18:00:00+00:00,70582.1,70989.0,70050.0,70385.6,3508.957
2026-02-09 19:00:00+00:00,70385.6,71065.5,70227.3,70933.4,2897.697
2026-02-09 20:00:00+00:00,70933.4,71119.9,70464.0,70699.4,2753.669
2026-02-09 21:00:00+00:00,70699.4,70777.8,69780.7,70364.5,3305.038
2026-02-09 22:00:00+00:00,70364.5,70714.3,70244.7,70343.1,1970.161
2026-02-09 23:00:00+00:00,70343.1,70557.3,70000.0,70110.8,1687.012
2026-02-10 00:00:00+00:00,70110.8,70220.6,69715.8,69793.8,2228.787
2026-02-10 01:00:00+00:00,69793.8,70508.8,69787.5,70456.7,2130.57
2026-02-10 02:00:00+00:00,70456.7,70456.7,69953.8,70071.9,1298.617
2026-02-10 03:00:00+00:00,70071.9,70138.6,69149.3,69470.5,4388.149
2026-02-10 04:00:00+00:00,69470.5,69874.9,69438.0,69800.0,2057.663
2026-02-10 05:00:00+00:00,69800.0,69818.7,69153.6,69413.2,2335.659
2026-02-10 06:00:00+00:00,69413.2,69465.2,68603.7,68878.5,4157.894
2026-02-10 07:00:00+00:00,68878.5,69173.2,68800.9,68885.9,2156.079
2026-02-10 08:00:00+00:00,68885.9,69188.5,68680.6,69087.6,2045.381
2026-02-10 09:00:00+00:00,69087.6,69385.2,68907.6,69111.2,2311.058
2026-02-10 10:00:00+00:00,69111.2,69221.0,68877.9,68884.0,943.117
2026-02-10 11:00:00+00:00,68884.0,69050.0,68365.0,68486.5,3340.181
2026-02-10 12:00:00+00:00,68486.5,68819.9,68386.6,68565.1,1940.123
2026-02-10 13:00:00+00:00,68565.1,69115.0,68286.2,68984.4,4047.072
2026-02-10 14:00:00+00:00,68984.4,69552.7,67869.0,68418.8,10915.953
2026-02-10 15:00:00+00:00,68418.8,69481.6,68250.0,69251.0,8485.793
2026-02-10 16:00:00+00:00,69251.0,69805.8,68900.1,69477.9,4453.51
2026-02-10 17:00:00+00:00,69477.9,69982.2,69283.6,69894.2,3140.132
2026-02-10 18:00:00+00:00,69894.2,69911.7,68565.0,68856.6,4195.948
2026-02-10 19:00:00+00:00,68856.6,69268.3,68650.0,69028.3,2655.059
2026-02-10 20:00:00+00:00,69028.3,69100.0,68583.6,68718.1,2247.548
2026-02-10 21:00:00+00:00,68718.1,68978.7,68315.0,68623.3,2146.978
2026-02-10 22:00:00+00:00,68623.3,68830.0,68517.3,68665.3,922.938
2026-02-10 23:00:00+00:00,68665.3,68827.5,68471.3,68804.3,1025.589
2026-02-11 00:00:00+00:00,68804.3,69216.0,68750.0,69162.0,2915.13
2026-02-11 01:00:00+00:00,69162.0,69265.8,68875.0,68952.4,892.915
2026-02-11 02:00:00+00:00,68952.4,69135.0,68573.9,68653.8,1683.204
2026-02-11 03:00:00+00:00,68653.8,68723.5,67956.1,68151.3,3772.043
2026-02-11 04:00:00+00:00,68151.3,68290.0,67321.0,67542.5,7100.01
2026-02-11 05:00:00+00:00,67542.5,67780.0,67349.8,67365.9,2442.083
2026-02-11 06:00:00+00:00,67365.9,67460.0,66501.5,66784.0,7865.046
2026-02-11 07:00:00+00:00,66784.0,67241.7,66609.5,67000.1,4095.838
2026-02-11 08:00:00+00:00,67000.1,67089.9,66746.0,66951.5,2095.298
2026-02-11 09:00:00+00:00,66951.5,67084.0,66688.0,66842.6,1338.825
2026-02-11 10:00:00+00:00,66842.6,66862.6,66306.8,66506.6,4569.555
2026-02-11 11:00:00+00:00,66506.6,67080.0,66470.8,67023.7,3408.925
2026-02-11 12:00:00+00:00,67023.7,67394.9,66926.0,67102.5,3971.579
2026-02-11 13:00:00+00:00,67102.5,67667.5,66768.4,67424.8,7329.406
2026-02-11 14:00:00+00:00,67424.8,68812.6,66380.8,66546.9,19426.262
2026-02-11 15:00:00+00:00,66546.9,66811.0,65705.0,66485.2,15800.987
2026-02-11 16:00:00+00:00,66485.2,67238.6,65899.2,65996.8,8362.477
2026-02-11 17:00:00+00:00,65996.8,66894.7,65840.0,66483.0,5169.977
2026-02-11 18:00:00+00:00,66483.0,67282.6,66108.4,67243.5,3997.215
2026-02-11 19:00:00+00:00,67243.5,67837.7,67080.9,67552.4,4090.463
2026-02-11 20:00:00+00:00,67552.4,67723.3,67138.4,67527.0,2576.479
2026-02-11 21:00:00+00:00,67527.0,68329.0,67377.6,67775.2,3531.744
2026-02-11 22:00:00+00:00,67775.2,67841.0,67354.3,67395.5,1841.185
2026-02-11 23:00:00+00:00,67395.5,67537.2,66755.3,67044.5,3317.811
2026-02-12 00:00:00+00:00,67044.5,67678.2,67017.0,67430.9,3135.214
2026-02-12 01:00:00+00:00,67430.9,68019.9,67430.9,67667.4,3256.351
2026-02-12 02:00:00+00:00,67667.4,67775.0,67371.5,67412.9,2187.869
2026-02-12 03:00:00+00:00,67412.9,67575.0,67277.0,67554.5,1056.61
2026-02-12 04:00:00+00:00,67554.5,67668.4,66959.3,66979.9,2013.058
2026-02-12 05:00:00+00:00,66979.9,67179.2,66626.7,67116.0,2530.732
2026-02-12 06:00:00+00:00,67116.0,67327.4,66978.4,67094.1,1393.083
2026-02-12 07:00:00+00:00,67094.1,67308.0,66894.3,67183.3,1681.833
2026-02-12 08:00:00+00:00,67183.3,67320.0,66858.1,67109.6,1972.018
2026-02-12 09:00:00+00:00,67109.6,67708.9,67017.5,67522.0,2765.086
2026-02-12 10:00:00+00:00,67522.0,68014.0,67381.8,67987.4,2319.587
2026-02-12 11:00:00+00:00,67987.4,68271.4,67712.0,68049.0,3484.896
2026-02-12 12:00:00+00:00,68049.0,68140.6,67686.8,67840.1,2225.179
2026-02-12 13:00:00+00:00,67840.1,68384.2,67642.4,68355.5,3076.247
2026-02-12 14:00:00+00:00,68355.5,68396.0,67447.2,67558.0,6460.646
2026-02-12 15:00:00+00:00,67558.0,67985.0,66955.7,67100.9,9832.099
2026-02-12 16:00:00+00:00,67100.9,67205.6,65511.3,65815.2,16776.128
2026-02-12 17:00:00+00:00,65815.2,66237.8,65286.5,65369.2,8207.471
2026-02-12 18:00:00+00:00,65369.2,65779.7,65065.0,65554.1,8099.325
2026-02-12 19:00:00+00:00,65554.1,66089.1,65216.3,65759.9,5015.718
2026-02-12 20:00:00+00:00,65759.9,66013.6,65183.2,65396.6,4145.304
2026-02-12 21:00:00+00:00,65396.6,65874.3,65390.6,65813.8,1953.033
2026-02-12 22:00:00+00:00,65813.8,66376.9,65600.0,66255.1,2387.547
2026-02-12 23:00:00+00:00,66255.1,66459.2,66118.8,66244.8,2031.495
2026-02-13 00:00:00+00:00,66244.8,66491.4,65824.7,65874.0,2264.182
2026-02-13 01:00:00+00:00,65874.0,66596.5,65874.0,66422.9,3276.801
2026-02-13 02:00:00+00:00,66422.9,66750.9,66352.2,66632.8,1638.089
2026-02-13 03:00:00+00:00,66632.8,66793.4,66425.0,66532.4,1883.148
2026-02-13 04:00:00+00:00,66532.4,66650.9,66275.9,66299.2,1686.652
2026-02-13 05:00:00+00:00,66299.2,66477.0,66140.9,66145.1,1076.457
2026-02-13 06:00:00+00:00,66145.1,66376.8,65972.5,66338.1,2042.865
2026-02-13 07:00:00+00:00,66338.1,66549.6,66006.6,66185.1,3111.714
2026-02-13 08:00:00+00:00,66185.1,66729.4,66151.7,66669.5,1969.539
2026-02-13 09:00:00+00:00,66669.5,67033.3,66578.1,66925.8,2634.388
2026-02-13 10:00:00+00:00,66925.8,67099.7,66764.6,66949.1,2128.215
2026-02-13 11:00:00+00:00,66949.1,67199.9,66747.0,67136.0,2219.276
2026-02-13 12:00:00+00:00,67136.0,67184.5,66886.4,67050.2,1825.991
2026-02-13 13:00:00+00:00,67050.2,67619.0,66893.8,67239.9,7120.16
2026-02-13 14:00:00+00:00,67239.9,68061.1,66818.3,67709.4,10858.772
2026-02-13 15:00:00+00:00,67709.4,69292.2,67655.0,68653.0,16076.381
2026-02-13 16:00:00+00:00,68653.0,69450.0,68504.1,68922.2,7098.558
2026-02-13 17:00:00+00:00,68922.2,69223.2,68591.1,69005.5,3265.535
2026-02-13 18:00:00+00:00,69005.5,69381.4,68864.1,69082.5,3883.239
2026-02-13 19:00:00+00:00,69082.5,69203.5,68879.5,68898.8,2323.714
2026-02-13 20:00:00+00:00,68898.8,68936.0,68632.4,68730.5,2140.952
2026-02-13 21:00:00+00:00,68730.5,69053.5,68683.8,68863.0,1556.278
2026-02-13 22:00:00+00:00,68863.0,68979.3,68680.7,68965.0,1312.224
2026-02-13 23:00:00+00:00,68965.0,68979.7,68787.1,68819.2,1035.926
2026-02-14 00:00:00+00:00,68819.2,69118.0,68731.7,69053.9,1188.611
2026-02-14 01:00:00+00:00,69053.9,69085.9,68886.0,68925.8,812.781
2026-02-14 02:00:00+00:00,68925.8,68978.0,68810.2,68842.8,582.049
2026-02-14 03:00:00+00:00,68842.8,68987.5,68813.0,68938.7,621.322
2026-02-14 04:00:00+00:00,68938.7,68961.5,68750.0,68750.1,551.892
2026-02-14 05:00:00+00:00,68750.1,68874.9,68720.7,68735.9,597.014
2026-02-14 06:00:00+00:00,68735.9,68903.2,68691.1,68898.4,560.779
2026-02-14 07:00:00+00:00,68898.4,69316.0,68851.9,69185.0,1765.772
2026-02-14 08:00:00+00:00,69185.0,69848.8,69180.0,69713.0,4700.994
2026-02-14 09:00:00+00:00,69713.0,69881.0,69530.2,69676.4,1289.204
2026-02-14 10:00:00+00:00,69676.4,69676.4,69540.6,69642.5,699.177
2026-02-14 11:00:00+00:00,69642.5,70550.0,69642.5,70470.4,6057.755
2026-02-14 12:00:00+00:00,70470.4,70507.0,69580.2,69611.8,5065.416
2026-02-14 13:00:00+00:00,69611.8,69758.5,69190.0,69445.4,5541.79
2026-02-14 14:00:00+00:00,69445.4,69838.1,69300.0,69674.9,2805.022
2026-02-14 15:00:00+00:00,69674.9,70020.0,69533.0,69756.4,2176.739
2026-02-14 16:00:00+00:00,69756.4,69789.0,69253.7,69726.5,2106.891
2026-02-14 17:00:00+00:00,69726.5,69900.0,69580.0,69711.5,1115.897
2026-02-14 18:00:00+00:00,69711.5,69830.9,69635.9,69743.5,640.32
2026-02-14 19:00:00+00:00,69743.5,69885.4,69579.7,69847.8,613.43
2026-02-14 20:00:00+00:00,69847.8,70000.0,69700.8,69993.7,1124.741
2026-02-14 21:00:00+00:00,69993.7,70240.0,69625.4,69902.4,2797.3
2026-02-14 22:00:00+00:00,69902.4,70075.0,69750.0,69926.3,929.63
2026-02-14 23:00:00+00:00,69926.3,69999.9,69679.9,69790.1,809.297
2026-02-15 00:00:00+00:00,69790.1,69838.1,69559.0,69746.4,1111.101
2026-02-15 01:00:00+00:00,69746.4,69877.4,69312.1,69683.9,2063.769
2026-02-15 02:00:00+00:00,69683.9,69734.4,69320.5,69453.1,983.05
2026-02-15 03:00:00+00:00,69453.1,69976.9,69200.0,69926.9,2746.444
2026-02-15 04:00:00+00:00,69926.9,70500.0,69925.2,70149.9,3920.005
2026-02-15 05:00:00+00:00,70149.9,70457.2,70096.0,70232.6,1139.277
2026-02-15 06:00:00+00:00,70232.6,70533.3,70150.0,70366.1,1313.255
2026-02-15 07:00:00+00:00,70366.1,70899.5,70270.1,70786.6,2853.723
2026-02-15 08:00:00+00:00,70786.6,70937.0,70144.8,70407.3,2896.762
2026-02-15 09:00:00+00:00,70407.3,70634.8,70322.0,70386.4,1071.34
2026-02-15 10:00:00+00:00,70386.4,70490.3,70176.0,70392.0,1314.055
2026-02-15 11:00:00+00:00,70392.0,70525.3,70227.1,70265.9,985.367
2026-02-15 12:00:00+00:00,70265.9,70388.4,69280.0,69287.4,5732.883
2026-02-15 13:00:00+00:00,69287.4,69591.2,68735.6,68908.0,6066.089
2026-02-15 14:00:00+00:00,68908.0,69186.8,68804.1,69139.2,2481.365
2026-02-15 15:00:00+00:00,69139.2,69230.0,68843.4,69060.9,2117.404
2026-02-15 16:00:00+00:00,69060.9,69080.0,68738.4,68985.7,1882.817
2026-02-15 17:00:00+00:00,68985.7,69050.0,68158.4,68610.1,5834.317
2026-02-15 18:00:00+00:00,68610.1,68764.9,68324.5,68424.7,3665.2
2026-02-15 19:00:00+00:00,68424.7,68548.4,68051.7,68263.0,3696.269
2026-02-15 20:00:00+00:00,68263.0,68538.0,68100.0,68423.0,1063.172
2026-02-15 21:00:00+00:00,68423.0,68939.0,68423.0,68819.4,1919.003
2026-02-15 22:00:00+00:00,68819.4,69055.0,68760.2,68965.1,1300.353
2026-02-15 23:00:00+00:00,68965.1,68965.6,68292.4,68800.0,2391.104
2026-02-16 00:00:00+00:00,68800.0,69040.0,68660.5,68812.7,1238.224
2026-02-16 01:00:00+00:00,68812.7,69023.2,68411.6,68596.8,1263.037
2026-02-16 02:00:00+00:00,68596.8,68701.7,68200.0,68293.7,1392.628
2026-02-16 03:00:00+00:00,68293.7,68443.3,68108.8,68389.3,1160.624
2026-02-16 04:00:00+00:00,68389.3,68870.8,68378.3,68842.6,1993.049
2026-02-16 05:00:00+00:00,68842.6,68875.0,68256.0,68351.5,1242.26
2026-02-16 06:00:00+00:00,68351.5,68500.0,68202.0,68422.1,1000.357
2026-02-16 07:00:00+00:00,68422.1,68646.0,68344.0,68554.6,1318.435
2026-02-16 08:00:00+00:00,68554.6,68777.0,68508.0,68729.0,1041.008
2026-02-16 09:00:00+00:00,68729.0,69029.2,68710.2,68959.4,1845.678
2026-02-16 10:00:00+00:00,68959.4,68959.4,68655.4,68760.0,1182.212
2026-02-16 11:00:00+00:00,68760.0,68894.6,68300.0,68777.0,2455.713
2026-02-16 12:00:00+00:00,68777.0,69835.5,68761.5,69732.1,5694.833
2026-02-16 13:00:00+00:00,69732.1,70099.1,68180.0,68356.6,9740.878
2026-02-16 14:00:00+00:00,68356.6,68690.0,68219.8,68390.2,3483.738
2026-02-16 15:00:00+00:00,68390.2,68591.9,67243.6,67505.6,11595.383
2026-02-16 16:00:00+00:00,67505.6,67941.7,67468.5,67844.8,3331.157
2026-02-16 17:00:00+00:00,67844.8,68046.2,67557.4,67904.9,2425.657
2026-02-16 18:00:00+00:00,67904.9,68211.3,67800.0,67829.9,1965.055
2026-02-16 19:00:00+00:00,67829.9,68109.3,67778.4,67878.2,870.932
2026-02-16 20:00:00+00:00,67878.2,68554.9,67787.7,68499.9,2017.04
2026-02-16 21:00:00+00:00,68499.9,68920.9,68381.4,68831.2,2243.067
2026-02-16 22:00:00+00:00,68831.2,68864.5,68471.5,68559.0,1731.614
2026-02-16 23:00:00+00:00,68559.0,68968.8,68500.0,68863.8,1097.428
2026-02-17 00:00:00+00:00,68863.8,69033.0,68663.1,68856.9,1115.077
2026-02-17 01:00:00+00:00,68856.9,68979.4,68534.0,68584.9,1204.383
2026-02-17 02:00:00+00:00,68584.9,69228.5,68321.6,68800.6,3256.965
2026-02-17 03:00:00+00:00,68800.6,68833.9,68434.7,68440.9,1482.67
2026-02-17 04:00:00+00:00,68440.9,68677.7,68244.3,68444.7,1207.918
2026-02-17 05:00:00+00:00,68444.7,68479.3,67852.4,68209.0,2556.294
2026-02-17 06:00:00+00:00,68209.0,68487.0,68191.2,68357.2,1077.683
2026-02-17 07:00:00+00:00,68357.2,68450.0,68118.9,68350.0,1212.11
2026-02-17 08:00:00+00:00,68350.0,68447.7,68084.9,68132.9,1190.454
2026-02-17 09:00:00+00:00,68132.9,68276.8,67952.0,68088.9,1545.268
2026-02-17 10:00:00+00:00,68088.9,68181.8,67661.6,67813.2,2077.383
2026-02-17 11:00:00+00:00,67813.2,67902.8,67650.0,67822.8,1537.621
2026-02-17 12:00:00+00:00,67822.8,68274.9,67795.8,67888.0,2528.914
2026-02-17 13:00:00+00:00,67888.0,68340.2,67684.0,68099.5,3931.014
2026-02-17 14:00:00+00:00,68099.5,68309.7,66700.0,66842.9,10605.573
2026-02-17 15:00:00+00:00,66842.9,67378.2,66556.6,67361.0,7350.624
2026-02-17 16:00:00+00:00,67361.0,68131.0,67281.0,67495.9,8956.219
2026-02-17 17:00:00+00:00,67495.9,67696.9,66826.2,67208.0,7524.1
2026-02-17 18:00:00+00:00,67208.0,68209.2,67092.0,68054.3,4677.812
2026-02-17 19:00:00+00:00,68054.3,68217.9,67683.6,67768.4,2833.28
2026-02-17 20:00:00+00:00,67768.4,67930.8,67453.1,67721.2,2192.096
2026-02-17 21:00:00+00:00,67721.2,67908.8,67500.0,67643.8,1465.101
2026-02-17 22:00:00+00:00,67643.8,67761.4,67462.0,67493.6,902.909
2026-02-17 23:00:00+00:00,67493.6,67590.0,67341.3,67474.9,935.953
2026-02-18 00:00:00+00:00,67474.9,67597.0,67254.4,67269.3,925.235
2026-02-18 01:00:00+00:00,67269.3,67347.0,66843.5,67133.0,2512.613
2026-02-18 02:00:00+00:00,67133.0,67391.2,67111.8,67297.8,1233.789
2026-02-18 03:00:00+00:00,67297.8,67677.4,67290.1,67591.4,1091.364
2026-02-18 04:00:00+00:00,67591.4,67865.4,67461.5,67791.1,1267.399
2026-02-18 05:00:00+00:00,67791.1,67914.2,67565.0,67604.7,1422.034
2026-02-18 06:00:00+00:00,67604.7,67966.8,67569.1,67816.6,1177.846
2026-02-18 07:00:00+00:00,67816.6,68200.0,67660.0,68080.3,1977.587
2026-02-18 08:00:00+00:00,68080.3,68440.0,68025.4,68100.1,3023.291
2026-02-18 09:00:00+00:00,68100.1,68254.0,67981.4,68128.2,1221.924
2026-02-18 10:00:00+00:00,68128.2,68170.0,67702.8,67776.7,1928.375
2026-02-18 11:00:00+00:00,67776.7,67776.7,67028.5,67330.2,5175.38
2026-02-18 12:00:00+00:00,67330.2,67652.4,67290.0,67425.0,1777.736
2026-02-18 13:00:00+00:00,67425.0,67563.0,67000.0,67207.4,2455.013
2026-02-18 14:00:00+00:00,67207.4,67337.4,66668.2,67185.0,6646.115
2026-02-18 15:00:00+00:00,67185.0,68326.7,67145.0,67666.7,8400.476
2026-02-18 16:00:00+00:00,67666.7,67679.7,66950.0,67102.7,5228.724
2026-02-18 17:00:00+00:00,67102.7,67459.7,67016.5,67152.6,2411.016
2026-02-18 18:00:00+00:00,67152.6,67204.4,66082.6,66321.3,6981.197
2026-02-18 19:00:00+00:00,66321.3,66583.3,65814.6,66138.1,5936.832
2026-02-18 20:00:00+00:00,66138.1,66514.1,66096.3,66231.4,2648.63
2026-02-18 21:00:00+00:00,66231.4,66467.6,66032.3,66300.0,2061.582
2026-02-18 22:00:00+00:00,66300.0,66455.4,66185.1,66382.5,908.192
2026-02-18 23:00:00+00:00,66382.5,66479.2,66236.8,66426.0,935.893
2026-02-19 00:00:00+00:00,66426.0,66571.0,66304.0,66403.0,939.906
2026-02-19 01:00:00+00:00,66403.0,66850.8,66402.9,66836.8,1949.137
2026-02-19 02:00:00+00:00,66836.8,66938.0,66603.5,66804.7,1361.636
2026-02-19 03:00:00+00:00,66804.7,66982.5,66689.5,66952.6,1241.38
2026-02-19 04:00:00+00:00,66952.6,67060.0,66717.1,66773.0,1627.816
2026-02-19 05:00:00+00:00,66773.0,66863.5,66650.0,66849.0,1004.732
2026-02-19 06:00:00+00:00,66849.0,67307.9,66835.4,67120.4,2061.932
2026-02-19 07:00:00+00:00,67120.4,67300.0,66986.7,67179.4,1467.421
2026-02-19 08:00:00+00:00,67179.4,67179.4,66765.3,66938.4,2206.947
2026-02-19 09:00:00+00:00,66938.4,67162.1,66719.7,66803.6,1845.113
2026-02-19 10:00:00+00:00,66803.6,66937.9,66704.0,66809.1,1245.456
2026-02-19 11:00:00+00:00,66809.1,66910.6,66436.0,66462.4,2205.749
2026-02-19 12:00:00+00:00,66462.4,66657.4,66270.0,66485.2,2558.362
2026-02-19 13:00:00+00:00,66485.2,66534.5,65714.0,65875.1,5464.235
2026-02-19 14:00:00+00:00,65875.1,66655.8,65573.5,66391.3,8525.169
2026-02-19 15:00:00+00:00,66391.3,66722.7,65931.6,66378.2,7170.745
2026-02-19 16:00:00+00:00,66378.2,66500.0,65844.7,66269.9,3954.295
2026-02-19 17:00:00+00:00,66269.9,67042.2,66130.4,66341.7,5249.238
2026-02-19 18:00:00+00:00,66341.7,67063.9,66216.3,67013.9,3922.465
2026-02-19 19:00:00+00:00,67013.9,67187.1,66672.0,67028.6,3649.99
2026-02-19 20:00:00+00:00,67028.6,67167.6,66805.6,67117.6,1886.579
2026-02-19 21:00:00+00:00,67117.6,67151.1,66867.7,66896.8,905.321
2026-02-19 22:00:00+00:00,66896.8,66978.4,66622.0,66885.9,1554.9
2026-02-19 23:00:00+00:00,66885.9,67012.0,66785.4,66982.1,943.297
2026-02-20 00:00:00+00:00,66982.1,67488.3,66923.1,67205.3,3354.781
2026-02-20 01:00:00+00:00,67205.3,67339.0,67125.3,67253.4,1071.014
2026-02-20 02:00:00+00:00,67253.4,67326.5,67155.1,67215.1,770.777
2026-02-20 03:00:00+00:00,67215.1,67494.7,67213.0,67332.0,1618.382
2026-02-20 04:00:00+00:00,67332.0,67370.8,67079.7,67232.7,1663.975
2026-02-20 05:00:00+00:00,67232.7,68000.0,67167.0,67762.3,4031.901
2026-02-20 06:00:00+00:00,67762.3,67877.7,67640.0,67819.3,1906.591
2026-02-20 07:00:00+00:00,67819.3,67970.0,67741.1,67802.9,1893.253
2026-02-20 08:00:00+00:00,67802.9,67930.0,67723.0,67853.6,1104.285
2026-02-20 09:00:00+00:00,67853.6,68207.7,67851.6,68186.9,2698.077
2026-02-20 10:00:00+00:00,68186.9,68299.9,67812.8,67920.4,2844.812
2026-02-20 11:00:00+00:00,67920.4,67954.7,67255.0,67299.9,4594.184
2026-02-20 12:00:00+00:00,67299.9,67572.3,67241.5,67510.8,2746.751
2026-02-20 13:00:00+00:00,67510.8,67514.0,66427.5,66785.6,10913.56
2026-02-20 14:00:00+00:00,66785.6,67315.1,66642.4,67052.4,7006.599
2026-02-20 15:00:00+00:00,67052.4,68079.9,66506.4,67553.4,14694.534
2026-02-20 16:00:00+00:00,67553.4,67931.0,67254.5,67774.9,7519.747
2026-02-20 17:00:00+00:00,67774.9,67774.9,66926.8,67588.6,8683.379
2026-02-20 18:00:00+00:00,67588.6,68017.7,67431.5,67905.5,5500.857
2026-02-20 19:00:00+00:00,67905.5,67989.8,67513.1,67623.3,2285.613
2026-02-20 20:00:00+00:00,67623.3,67810.9,67486.3,67723.5,1236.693
2026-02-20 21:00:00+00:00,67723.5,67813.0,67600.6,67799.0,692.017
2026-02-20 22:00:00+00:00,67799.0,68132.7,67605.4,68048.4,2070.368
2026-02-20 23:00:00+00:00,68048.4,68211.0,67877.1,67989.2,1593.714
2026-02-21 00:00:00+00:00,67989.2,68032.0,67755.1,67813.7,922.476
2026-02-21 01:00:00+00:00,67813.7,67981.1,67809.2,67927.2,572.19
2026-02-21 02:00:00+00:00,67927.2,68075.7,67882.2,67978.7,484.108
2026-02-21 03:00:00+00:00,67978.7,67981.0,67511.0,67647.1,1776.085
2026-02-21 04:00:00+00:00,67647.1,67821.4,67561.4,67789.8,642.383
2026-02-21 05:00:00+00:00,67789.8,67866.0,67767.3,67831.3,499.218
2026-02-21 06:00:00+00:00,67831.3,67900.0,67721.0,67761.6,568.691
2026-02-21 07:00:00+00:00,67761.6,67852.5,67715.7,67822.9,409.0
2026-02-21 08:00:00+00:00,67822.9,68053.5,67779.5,68022.2,928.262
2026-02-21 09:00:00+00:00,68022.2,68293.1,67945.0,68120.5,2355.625
2026-02-21 10:00:00+00:00,68120.5,68228.1,68115.9,68188.3,714.32
2026-02-21 11:00:00+00:00,68188.3,68262.0,68050.0,68070.0,942.972
2026-02-21 12:00:00+00:00,68070.0,68199.9,67867.5,68180.9,1785.89
2026-02-21 13:00:00+00:00,68180.9,68249.8,68065.8,68227.8,803.726
2026-02-21 14:00:00+00:00,68227.8,68606.0,68148.9,68416.1,3368.617
2026-02-21 15:00:00+00:00,68416.1,68687.1,68359.6,68570.5,1771.679
2026-02-21 16:00:00+00:00,68570.5,68602.5,68074.6,68300.0,3247.064
2026-02-21 17:00:00+00:00,68300.0,68470.0,68162.3,68413.4,1375.929
2026-02-21 18:00:00+00:00,68413.4,68633.8,68343.7,68549.3,1478.836
2026-02-21 19:00:00+00:00,68549.3,68646.7,68490.7,68521.8,902.777
2026-02-21 20:00:00+00:00,68521.8,68579.0,68146.1,68173.8,2707.608
2026-02-21 21:00:00+00:00,68173.8,68362.3,68120.3,68355.5,750.239
2026-02-21 22:00:00+00:00,68355.5,68404.2,67846.5,67926.7,2328.79
2026-02-21 23:00:00+00:00,67926.7,68085.2,67894.3,67934.5,968.667
2026-02-22 00:00:00+00:00,67934.5,68029.7,67751.5,67906.0,1548.605
2026-02-22 01:00:00+00:00,67906.0,68142.1,67900.1,68128.6,1072.252
2026-02-22 02:00:00+00:00,68128.6,68186.4,67837.4,67872.7,1145.439
2026-02-22 03:00:00+00:00,67872.7,68031.7,67784.3,68010.0,1004.487
2026-02-22 04:00:00+00:00,68010.0,68055.0,67928.9,67947.7,522.296
2026-02-22 05:00:00+00:00,67947.7,67987.9,67834.2,67942.2,1042.585
2026-02-22 06:00:00+00:00,67942.2,68149.5,67930.9,68007.4,1079.756
2026-02-22 07:00:00+00:00,68007.4,68071.9,67951.5,67974.0,625.637
2026-02-22 08:00:00+00:00,67974.0,67989.0,67865.6,67912.2,695.284
2026-02-22 09:00:00+00:00,67912.2,68066.9,67894.4,68016.1,511.604
2026-02-22 10:00:00+00:00,68016.1,68117.6,67976.8,68092.5,702.566
2026-02-22 11:00:00+00:00,68092.5,68224.4,68092.5,68184.9,978.13
2026-02-22 12:00:00+00:00,68184.9,68200.0,67831.3,67893.1,1509.676
2026-02-22 13:00:00+00:00,67893.1,68012.9,67525.2,67618.2,4029.094
2026-02-22 14:00:00+00:00,67618.2,67663.9,67317.7,67414.5,3026.864
2026-02-22 15:00:00+00:00,67414.5,67784.7,67262.2,67656.0,3315.064
2026-02-22 16:00:00+00:00,67656.0,67690.0,67474.5,67596.9,1033.755
2026-02-22 17:00:00+00:00,67596.9,67602.8,67143.5,67350.1,2519.332
2026-02-22 18:00:00+00:00,67350.1,67426.9,67272.4,67383.9,892.818
2026-02-22 19:00:00+00:00,67383.9,67455.5,67365.0,67386.0,417.229
2026-02-22 20:00:00+00:00,67386.0,67459.4,67291.5,67369.2,626.678
2026-02-22 21:00:00+00:00,67369.2,67605.4,67369.2,67570.4,664.726
2026-02-22 22:00:00+00:00,67570.4,67722.0,67436.8,67633.1,1237.582
2026-02-22 23:00:00+00:00,67633.1,67690.0,67421.9,67610.5,1022.891
2026-02-23 00:00:00+00:00,67610.5,67652.2,66673.8,66697.0,4644.313
2026-02-23 01:00:00+00:00,66697.0,66697.0,64220.0,64385.7,22879.441
2026-02-23 02:00:00+00:00,64385.7,64879.6,64241.9,64743.1,5610.723
2026-02-23 03:00:00+00:00,64743.1,65057.1,64661.0,64895.1,2710.817
2026-02-23 04:00:00+00:00,64895.1,64997.6,64636.3,64779.7,1655.846
2026-02-23 05:00:00+00:00,64779.7,65192.6,64772.4,65032.9,2893.974
2026-02-23 06:00:00+00:00,65032.9,65782.6,64991.9,65715.5,3971.05
2026-02-23 07:00:00+00:00,65715.5,65979.5,65589.8,65916.7,3077.154
2026-02-23 08:00:00+00:00,65916.7,65926.0,65528.0,65638.9,2404.126
2026-02-23 09:00:00+00:00,65638.9,66441.8,65638.9,66378.3,4140.778
2026-02-23 10:00:00+00:00,66378.3,66574.8,66179.4,66295.0,3127.264
2026-02-23 11:00:00+00:00,66295.0,66465.0,66065.0,66166.4,2529.235
2026-02-23 12:00:00+00:00,66166.4,66497.9,65845.6,66246.0,4326.051
2026-02-23 13:00:00+00:00,66246.0,66395.5,66064.0,66097.4,2258.54
2026-02-23 14:00:00+00:00,66097.4,66244.1,65488.0,65888.9,6780.216
2026-02-23 15:00:00+00:00,65888.9,66231.5,65531.0,65620.5,4503.999
2026-02-23 16:00:00+00:00,65620.5,65691.0,65130.0,65335.4,6095.106
2026-02-23 17:00:00+00:00,65335.4,65416.1,64111.0,64767.4,11715.584
2026-02-23 18:00:00+00:00,64767.4,65158.7,64518.5,64587.7,5070.691
2026-02-23 19:00:00+00:00,64587.7,64812.8,64015.9,64262.9,6381.145
2026-02-23 20:00:00+00:00,64262.9,64463.5,63833.0,64448.9,5880.661
2026-02-23 21:00:00+00:00,64448.9,64759.2,64409.6,64546.7,2726.789
2026-02-23 22:00:00+00:00,64546.7,64985.2,64511.6,64693.9,2601.885
2026-02-23 23:00:00+00:00,64693.9,64866.7,64478.1,64615.3,1749.364
2026-02-24 00:00:00+00:00,64615.3,64979.7,64614.1,64904.1,2104.027
2026-02-24 01:00:00+00:00,64904.1,64904.1,63388.0,64122.3,16298.521
2026-02-24 02:00:00+00:00,64122.3,64505.6,63960.4,64072.6,2979.884
2026-02-24 03:00:00+00:00,64072.6,64072.6,63248.8,63557.3,5904.008
2026-02-24 04:00:00+00:00,63557.3,63598.6,62820.0,63338.5,7616.258
2026-02-24 05:00:00+00:00,63338.5,63516.7,62649.2,63065.6,5056.598
2026-02-24 06:00:00+00:00,63065.6,63331.1,62836.4,63045.9,2489.274
2026-02-24 07:00:00+00:00,63045.9,63335.4,62876.9,63152.8,3014.319
2026-02-24 08:00:00+00:00,63152.8,63401.6,62964.1,63352.4,2483.681
2026-02-24 09:00:00+00:00,63352.4,63389.0,62888.0,63217.7,2471.591
2026-02-24 10:00:00+00:00,63217.7,63333.0,63068.1,63253.1,1322.078
2026-02-24 11:00:00+00:00,63253.1,63299.2,63023.8,63191.1,2367.988
2026-02-24 12:00:00+00:00,63191.1,63315.5,62924.5,62931.8,1927.917
2026-02-24 13:00:00+00:00,62931.8,63079.7,62422.3,62871.8,7634.427
2026-02-24 14:00:00+00:00,62871.8,63812.3,62714.9,63428.5,9877.048
2026-02-24 15:00:00+00:00,63428.5,63999.0,63276.0,63944.3,6146.468
2026-02-24 16:00:00+00:00,63944.3,64396.4,63666.0,64228.3,7358.077
2026-02-24 17:00:00+00:00,64228.3,64500.0,63982.6,64187.9,4669.126
2026-02-24 18:00:00+00:00,64187.9,64473.6,63874.0,64391.2,3902.04
2026-02-24 19:00:00+00:00,64391.2,64710.8,64204.0,64402.0,3880.953
2026-02-24 20:00:00+00:00,64402.0,64564.0,64277.6,64430.1,1499.24
2026-02-24 21:00:00+00:00,64430.1,64430.1,63795.8,64004.6,3187.572
2026-02-24 22:00:00+00:00,64004.6,64200.0,63933.5,64090.2,1212.403
2026-02-24 23:00:00+00:00,64090.2,64221.0,63811.1,64032.5,1793.721
2026-02-25 00:00:00+00:00,64032.5,64294.4,63869.5,64185.4,1672.489
2026-02-25 01:00:00+00:00,64185.4,66298.1,64114.2,65867.2,16563.748
2026-02-25 02:00:00+00:00,65867.2,66284.6,65830.0,65851.3,3809.026
2026-02-25 03:00:00+00:00,65851.3,65931.4,65312.8,65371.1,4543.877
2026-02-25 04:00:00+00:00,65371.1,65668.7,65088.4,65438.1,5041.626
2026-02-25 05:00:00+00:00,65438.1,65494.4,64730.5,64860.9,4452.82
2026-02-25 06:00:00+00:00,64860.9,65106.0,64834.5,64869.9,2012.788
2026-02-25 07:00:00+00:00,64869.9,65180.4,64750.1,65010.5,2606.498
2026-02-25 08:00:00+00:00,65010.5,65555.0,64935.8,65500.0,2977.906
2026-02-25 09:00:00+00:00,65500.0,65668.6,65389.4,65525.3,2169.793
2026-02-25 10:00:00+00:00,65525.3,65631.9,65303.3,65372.6,1564.354
2026-02-25 11:00:00+00:00,65372.6,65467.2,65146.6,65399.8,1878.066
2026-02-25 12:00:00+00:00,65399.8,66219.3,65280.3,66046.3,6249.412
2026-02-25 13:00:00+00:00,66046.3,66661.4,65990.8,66208.0,5875.401
2026-02-25 14:00:00+00:00,66208.0,66990.0,66156.1,66942.7,9200.398
2026-02-25 15:00:00+00:00,66942.7,67550.0,66677.6,67367.2,10962.459
2026-02-25 16:00:00+00:00,67367.2,68315.0,67366.8,68270.2,10013.368
2026-02-25 17:00:00+00:00,68270.2,68878.0,67989.5,68628.1,12218.348
2026-02-25 18:00:00+00:00,68628.1,69545.1,68325.0,69301.2,12335.49
2026-02-25 19:00:00+00:00,69301.2,69387.8,68751.2,69008.6,5837.185
2026-02-25 20:00:00+00:00,69008.6,69349.8,68577.3,69096.5,5344.587
2026-02-25 21:00:00+00:00,69096.5,69989.8,68717.1,68875.8,10175.235
2026-02-25 22:00:00+00:00,68875.8,69148.2,68022.0,68399.1,5471.835
2026-02-25 23:00:00+00:00,68399.1,68663.1,67563.6,67958.3,5582.499
2026-02-26 00:00:00+00:00,67958.3,68506.9,67688.0,68300.1,6232.052
2026-02-26 01:00:00+00:00,68300.1,68697.3,68174.1,68220.1,3005.731
2026-02-26 02:00:00+00:00,68220.1,68342.0,67767.9,68230.1,3067.561
2026-02-26 03:00:00+00:00,68230.1,68365.0,68016.2,68192.9,1413.716
2026-02-26 04:00:00+00:00,68192.9,68841.7,68154.4,68545.4,3131.13
2026-02-26 05:00:00+00:00,68545.4,68549.1,68083.2,68417.1,2402.396
2026-02-26 06:00:00+00:00,68417.1,68499.9,68026.5,68149.1,1556.172
2026-02-26 07:00:00+00:00,68149.1,68268.8,67781.9,67805.5,2446.223
2026-02-26 08:00:00+00:00,67805.5,68221.9,67751.5,67926.5,2454.019
2026-02-26 09:00:00+00:00,67926.5,68612.3,67900.4,68554.2,3212.805
2026-02-26 10:00:00+00:00,68554.2,68710.0,68222.4,68267.0,1919.857
2026-02-26 11:00:00+00:00,68267.0,68362.9,67942.1,68016.2,2027.216
2026-02-26 12:00:00+00:00,68016.2,68270.4,67966.2,68140.4,1862.999
2026-02-26 13:00:00+00:00,68140.4,68177.5,67802.4,67867.1,2277.295
2026-02-26 14:00:00+00:00,67867.1,68255.2,67222.2,67660.9,9592.096
2026-02-26 15:00:00+00:00,67660.9,67713.3,66725.0,67357.5,10857.737
2026-02-26 16:00:00+00:00,67357.5,67555.0,66451.1,66612.4,9930.35
2026-02-26 17:00:00+00:00,66612.4,67021.0,66560.1,66796.0,3958.322
2026-02-26 18:00:00+00:00,66796.0,67347.8,66540.1,67270.9,4719.49
2026-02-26 19:00:00+00:00,67270.9,67888.0,67250.0,67555.0,6129.47
2026-02-26 20:00:00+00:00,67555.0,67800.0,67187.5,67394.4,4156.791
2026-02-26 21:00:00+00:00,67394.4,67550.0,67111.0,67433.4,2177.898
2026-02-26 22:00:00+00:00,67433.4,67609.4,67278.3,67529.2,917.046
2026-02-26 23:00:00+00:00,67529.2,67625.0,67347.2,67447.5,844.002
2026-02-27 00:00:00+00:00,67447.5,67508.3,66959.8,67193.8,1987.402
2026-02-27 01:00:00+00:00,67193.8,67355.0,66850.0,67322.0,3270.714
2026-02-27 02:00:00+00:00,67322.0,67522.8,67222.1,67231.6,1516.001
2026-02-27 03:00:00+00:00,67231.6,67679.4,67060.0,67569.9,1711.459
2026-02-27 04:00:00+00:00,67569.9,68185.6,67537.4,67712.2,4353.246
2026-02-27 05:00:00+00:00,67712.2,67888.8,67618.7,67691.3,1111.92
2026-02-27 06:00:00+00:00,67691.3,67783.0,67482.6,67615.2,1406.259
2026-02-27 07:00:00+00:00,67615.2,67736.0,67411.7,67642.9,2507.438
2026-02-27 08:00:00+00:00,67642.9,68040.0,67615.0,67903.4,2199.301
2026-02-27 09:00:00+00:00,67903.4,68126.9,67251.5,67322.5,3382.145
2026-02-27 10:00:00+00:00,67322.5,67389.9,66465.0,66573.5,6293.807
2026-02-27 11:00:00+00:00,66573.5,66744.4,65920.0,66082.6,7684.766
2026-02-27 12:00:00+00:00,66082.6,66183.9,65700.0,65895.9,4327.122
2026-02-27 13:00:00+00:00,65895.9,66309.0,65616.8,66236.4,5856.13
2026-02-27 14:00:00+00:00,66236.4,66300.0,65656.1,65854.3,5649.969
2026-02-27 15:00:00+00:00,65854.3,66280.0,65810.5,66070.0,3666.884
2026-02-27 16:00:00+00:00,66070.0,66096.6,65405.6,65438.4,5709.844
2026-02-27 17:00:00+00:00,65438.4,65723.0,65079.0,65670.4,5907.668
2026-02-27 18:00:00+00:00,65670.4,65764.0,65181.3,65277.1,3326.36
2026-02-27 19:00:00+00:00,65277.1,65436.3,65125.0,65364.6,1962.474
2026-02-27 20:00:00+00:00,65364.6,65633.0,65355.4,65564.2,1823.074
2026-02-27 21:00:00+00:00,65564.2,65722.9,65342.6,65500.1,1865.109
2026-02-27 22:00:00+00:00,65500.1,65639.9,64888.0,65600.1,3193.312
2026-02-27 23:00:00+00:00,65600.1,65926.8,65510.2,65833.4,2283.643
2026-02-28 00:00:00+00:00,65833.4,65993.4,65680.0,65906.0,1564.638
2026-02-28 01:00:00+00:00,65906.0,65942.0,65703.6,65740.1,1160.33
2026-02-28 02:00:00+00:00,65740.1,65989.0,65725.0,65928.2,732.292
2026-02-28 03:00:00+00:00,65928.2,65954.9,65713.4,65757.5,1101.8
2026-02-28 04:00:00+00:00,65757.5,65790.2,65436.1,65629.5,1653.952
2026-02-28 05:00:00+00:00,65629.5,65693.6,65460.3,65551.9,904.828
2026-02-28 06:00:00+00:00,65551.9,65562.3,62972.3,63182.2,20460.418
2026-02-28 07:00:00+00:00,63182.2,64298.9,62991.9,63787.6,10606.313
2026-02-28 08:00:00+00:00,63787.6,63848.3,63363.2,63433.1,5542.297
2026-02-28 09:00:00+00:00,63433.1,63949.9,63324.5,63617.7,4265.599
2026-02-28 10:00:00+00:00,63617.7,64021.6,63431.1,63971.5,3652.028
2026-02-28 11:00:00+00:00,63971.5,64289.9,63731.8,63814.2,3682.755
2026-02-28 12:00:00+00:00,63814.2,64050.0,63796.0,63983.2,1726.992
2026-02-28 13:00:00+00:00,63983.2,65199.1,63869.0,65074.9,8789.553
2026-02-28 14:00:00+00:00,65074.9,65330.0,64220.6,64400.6,9211.335
2026-02-28 15:00:00+00:00,64400.6,65000.2,64162.2,64802.0,4556.394
2026-02-28 16:00:00+00:00,64802.0,65180.8,64640.0,65054.9,2594.297
2026-02-28 17:00:00+00:00,65054.9,65536.4,64807.8,65402.5,4149.204
2026-02-28 18:00:00+00:00,65402.5,66170.0,65147.0,65874.8,5496.107
2026-02-28 19:00:00+00:00,65874.8,66638.0,65561.0,66316.4,7841.615
2026-02-28 20:00:00+00:00,66316.4,67122.8,66150.0,66931.2,7503.596
2026-02-28 21:00:00+00:00,66931.2,67023.3,66324.1,66689.9,5116.915
2026-02-28 22:00:00+00:00,66689.9,67739.5,66584.1,67080.1,5069.724
2026-02-28 23:00:00+00:00,67080.1,67184.6,66700.0,66939.6,2241.771
2026-03-01 00:00:00+00:00,66939.6,67091.0,66580.5,66762.9,1961.477
2026-03-01 01:00:00+00:00,66762.9,67690.3,65973.2,67313.5,8205.565
2026-03-01 02:00:00+00:00,67313.5,68183.2,67307.2,67587.8,7670.83
2026-03-01 03:00:00+00:00,67587.8,67784.5,67361.5,67477.7,2249.513
2026-03-01 04:00:00+00:00,67477.7,67588.6,67044.9,67320.7,2651.127
2026-03-01 05:00:00+00:00,67320.7,67561.1,67172.5,67264.6,1821.749
2026-03-01 06:00:00+00:00,67264.6,67323.0,66756.6,66900.0,2885.087
2026-03-01 07:00:00+00:00,66900.0,67217.9,66758.8,67121.5,1610.871
2026-03-01 08:00:00+00:00,67121.5,67276.9,66396.1,66540.1,3188.655
2026-03-01 09:00:00+00:00,66540.1,66754.0,66210.3,66382.5,2894.592
2026-03-01 10:00:00+00:00,66382.5,66726.6,66177.6,66438.9,2463.663
2026-03-01 11:00:00+00:00,66438.9,66650.0,66336.0,66443.5,1283.432
2026-03-01 12:00:00+00:00,66443.5,66529.0,66203.2,66268.9,1704.106
2026-03-01 13:00:00+00:00,66268.9,67336.7,66069.2,66900.0,6323.307
2026-03-01 14:00:00+00:00,66900.0,67283.2,66714.8,66820.2,3560.787
2026-03-01 15:00:00+00:00,66820.2,67232.0,66783.8,66813.9,2586.688
2026-03-01 16:00:00+00:00,66813.9,67100.0,65768.4,66120.3,7431.082
2026-03-01 17:00:00+00:00,66120.3,66201.3,65680.0,65954.2,4169.632
2026-03-01 18:00:00+00:00,65954.2,66634.9,65952.6,66287.2,3776.84
2026-03-01 19:00:00+00:00,66287.2,66317.5,65731.0,65925.6,2690.308
2026-03-01 20:00:00+00:00,65925.6,65929.6,65022.9,65259.3,4955.905
2026-03-01 21:00:00+00:00,65259.3,65722.4,65240.0,65625.0,2204.064
2026-03-01 22:00:00+00:00,65625.0,66464.6,65001.0,65231.9,7632.842
2026-03-01 23:00:00+00:00,65231.9,66058.2,65085.5,65746.9,4306.819
2026-03-02 00:00:00+00:00,65746.9,66763.0,65719.3,66479.3,3871.591
2026-03-02 01:00:00+00:00,66479.3,67078.9,66330.0,66509.3,3333.953
2026-03-02 02:00:00+00:00,66509.3,66586.6,65858.9,66246.3,3189.757
2026-03-02 03:00:00+00:00,66246.3,67027.4,66071.5,66796.1,3204.24
2026-03-02 04:00:00+00:00,66796.1,66954.3,66593.6,66838.1,2026.945
2026-03-02 05:00:00+00:00,66838.1,66974.0,66521.8,66700.6,1840.334
2026-03-02 06:00:00+00:00,66700.6,66712.7,66018.7,66170.1,3055.448
2026-03-02 07:00:00+00:00,66170.1,66183.5,65510.0,65977.6,3974.81
2026-03-02 08:00:00+00:00,65977.6,66283.2,65614.7,66254.7,3400.212
2026-03-02 09:00:00+00:00,66254.7,66711.9,66126.1,66132.7,3622.495
2026-03-02 10:00:00+00:00,66132.7,66369.3,66036.6,66286.2,1729.822
2026-03-02 11:00:00+00:00,66286.2,66488.3,65957.7,66333.0,2384.836
2026-03-02 12:00:00+00:00,66333.0,66366.3,65869.5,65928.8,1756.393
2026-03-02 13:00:00+00:00,65928.8,66130.3,65322.0,65411.0,4807.166
2026-03-02 14:00:00+00:00,65411.0,67194.1,65238.5,67144.1,12309.569
2026-03-02 15:00:00+00:00,67144.1,69570.0,66951.8,69096.9,24281.975
2026-03-02 16:00:00+00:00,69096.9,70066.0,68890.5,69404.7,12939.212
2026-03-02 17:00:00+00:00,69404.7,69545.4,68751.6,69168.4,5819.471
2026-03-02 18:00:00+00:00,69168.4,69258.0,68691.1,68854.0,4105.177
2026-03-02 19:00:00+00:00,68854.0,69026.2,68526.5,68930.7,3712.297
2026-03-02 20:00:00+00:00,68930.7,69499.9,68533.8,69074.1,5015.367
2026-03-02 21:00:00+00:00,69074.1,69500.0,68949.8,69374.1,2068.733
2026-03-02 22:00:00+00:00,69374.1,69470.0,69102.0,69403.0,1599.646
2026-03-02 23:00:00+00:00,69403.0,69462.6,68705.0,68799.9,2522.951
2026-03-03 00:00:00+00:00,68799.9,69134.1,68600.1,69056.1,2429.634
2026-03-03 01:00:00+00:00,69056.1,69222.0,68711.0,68720.7,1845.521
2026-03-03 02:00:00+00:00,68720.7,68740.5,68183.6,68477.7,3241.072
2026-03-03 03:00:00+00:00,68477.7,68525.0,68202.2,68353.5,1199.785
2026-03-03 04:00:00+00:00,68353.5,68434.4,68010.0,68087.8,1763.075
2026-03-03 05:00:00+00:00,68087.8,68537.5,67814.3,67911.4,3611.615
2026-03-03 06:00:00+00:00,67911.4,68210.0,67766.4,68070.1,2543.816
2026-03-03 07:00:00+00:00,68070.1,68250.0,67900.7,68141.9,2811.178
2026-03-03 08:00:00+00:00,68141.9,68281.0,66865.0,66976.0,8389.472
2026-03-03 09:00:00+00:00,66976.0,67157.0,66304.0,66616.0,7456.165
2026-03-03 10:00:00+00:00,66616.0,66996.3,66408.0,66822.4,3682.611
2026-03-03 11:00:00+00:00,66822.4,67129.8,66732.3,66999.3,3036.959
2026-03-03 12:00:00+00:00,66999.3,67950.0,66996.1,67364.4,5567.166
2026-03-03 13:00:00+00:00,67364.4,67400.0,66600.0,66895.5,5172.349
2026-03-03 14:00:00+00:00,66895.5,67564.1,66054.3,66540.0,10241.476
2026-03-03 15:00:00+00:00,66540.0,67826.7,66430.0,67703.4,8068.83
2026-03-03 16:00:00+00:00,67703.4,68967.8,67432.2,68135.7,14812.088
2026-03-03 17:00:00+00:00,68135.7,68370.0,67583.5,68280.4,6145.296
2026-03-03 18:00:00+00:00,68280.4,68892.3,67939.0,68599.9,5105.507
2026-03-03 19:00:00+00:00,68599.9,68859.7,68289.0,68405.9,4483.949
2026-03-03 20:00:00+00:00,68405.9,68562.5,67993.6,68231.8,3158.41
2026-03-03 21:00:00+00:00,68231.8,68231.8,67780.0,67982.5,2574.086
2026-03-03 22:00:00+00:00,67982.5,68495.2,67982.5,68277.9,2665.388
2026-03-03 23:00:00+00:00,68277.9,68849.2,68203.9,68299.5,2633.953
2026-03-04 00:00:00+00:00,68299.5,68395.3,67822.3,68067.5,2879.646
2026-03-04 01:00:00+00:00,68067.5,68880.0,67925.8,68388.4,4027.215
2026-03-04 02:00:00+00:00,68388.4,68428.7,67950.9,68291.5,2240.092
2026-03-04 03:00:00+00:00,68291.5,68359.0,67348.4,67697.1,3798.142
2026-03-04 04:00:00+00:00,67697.1,67942.3,67424.0,67750.6,3705.555
2026-03-04 05:00:00+00:00,67750.6,68352.3,67641.1,68169.5,2961.246
2026-03-04 06:00:00+00:00,68169.5,68649.9,67985.2,68466.5,3390.175
2026-03-04 07:00:00+00:00,68466.5,69624.2,68311.0,69460.2,6236.03
2026-03-04 08:00:00+00:00,69460.2,71154.3,69110.0,70982.7,13041.302
2026-03-04 09:00:00+00:00,70982.7,71872.3,70700.0,71488.8,13144.016
2026-03-04 10:00:00+00:00,71488.8,71850.0,71161.1,71315.7,6390.257
2026-03-04 11:00:00+00:00,71315.7,71466.7,70885.3,71080.1,3983.349
2026-03-04 12:00:00+00:00,71080.1,71315.3,70546.7,71305.3,4946.516
2026-03-04 13:00:00+00:00,71305.3,71590.0,71171.6,71443.1,4124.803
2026-03-04 14:00:00+00:00,71443.1,72600.0,71243.2,71573.5,15151.031
2026-03-04 15:00:00+00:00,71573.5,73450.1,71531.9,73351.1,15589.562
2026-03-04 16:00:00+00:00,73351.1,73481.0,72495.6,73245.2,7333.22
2026-03-04 17:00:00+00:00,73245.2,73715.5,72883.0,73177.5,6152.627
2026-03-04 18:00:00+00:00,73177.5,73668.1,72844.7,73646.0,5178.098
2026-03-04 19:00:00+00:00,73646.0,74021.8,73456.7,73576.4,5954.538
2026-03-04 20:00:00+00:00,73576.4,73672.9,72939.8,72976.7,4058.418
2026-03-04 21:00:00+00:00,72976.7,73280.0,72829.3,73265.0,2771.878
2026-03-04 22:00:00+00:00,73265.0,73493.7,72600.0,72667.1,2657.951
2026-03-04 23:00:00+00:00,72667.1,72841.4,72280.0,72640.4,3840.595
2026-03-05 00:00:00+00:00,72640.4,72975.0,72505.5,72723.2,1950.199
2026-03-05 01:00:00+00:00,72723.2,73250.0,72361.3,72495.0,4091.231
2026-03-05 02:00:00+00:00,72495.0,72853.0,72268.0,72465.8,3048.726
2026-03-05 03:00:00+00:00,72465.8,72716.4,72305.0,72460.1,2279.024
2026-03-05 04:00:00+00:00,72460.1,73068.9,72400.0,72775.8,3216.45
2026-03-05 05:00:00+00:00,72775.8,72898.4,72204.7,72368.8,2519.429
2026-03-05 06:00:00+00:00,72368.8,72622.6,71831.4,72511.0,5476.016
2026-03-05 07:00:00+00:00,72511.0,72642.3,71733.1,72025.6,4034.752
2026-03-05 08:00:00+00:00,72025.6,72345.0,71709.1,72301.9,3071.604
2026-03-05 09:00:00+00:00,72301.9,72852.9,72265.5,72562.5,3482.693
2026-03-05 10:00:00+00:00,72562.5,73537.9,72472.0,73346.5,6394.544
2026-03-05 11:00:00+00:00,73346.5,73441.5,72742.0,72878.8,3208.393
2026-03-05 12:00:00+00:00,72878.8,73035.0,72631.7,72846.8,3240.821
2026-03-05 13:00:00+00:00,72846.8,72900.0,72123.1,72422.4,5174.434
2026-03-05 14:00:00+00:00,72422.4,72803.0,71900.0,72573.3,7921.127
2026-03-05 15:00:00+00:00,72573.3,72751.5,71111.1,71622.8,13003.498
2026-03-05 16:00:00+00:00,71622.8,71628.7,70753.3,71270.3,9597.173
2026-03-05 17:00:00+00:00,71270.3,71546.0,70610.0,70667.1,5717.612
2026-03-05 18:00:00+00:00,70667.1,71056.8,70623.0,70966.8,4142.851
2026-03-05 19:00:00+00:00,70966.8,71400.0,70824.5,70883.5,2841.69
2026-03-05 20:00:00+00:00,70883.5,71358.4,70803.1,71201.3,2884.095
2026-03-05 21:00:00+00:00,71201.3,71536.6,70971.1,71089.9,3769.965
2026-03-05 22:00:00+00:00,71089.9,71325.9,71023.7,71164.1,1268.551
2026-03-05 23:00:00+00:00,71164.1,71265.6,70696.2,70847.6,1672.884
2026-03-06 00:00:00+00:00,70847.6,71019.7,70735.0,70945.7,1162.336
2026-03-06 01:00:00+00:00,70945.7,71259.8,70336.2,71209.2,4809.827
2026-03-06 02:00:00+00:00,71209.2,71384.5,70967.6,71201.7,2008.491
2026-03-06 03:00:00+00:00,71201.7,71252.1,70946.0,71038.7,1423.898
2026-03-06 04:00:00+00:00,71038.7,71088.4,70222.2,70582.8,3613.683
2026-03-06 05:00:00+00:00,70582.8,70630.5,70100.1,70400.4,4267.684
2026-03-06 06:00:00+00:00,70400.4,70831.4,70230.0,70571.6,2170.685
2026-03-06 07:00:00+00:00,70571.6,71158.2,70435.1,71035.1,3460.724
2026-03-06 08:00:00+00:00,71035.1,71044.0,70703.4,70760.4,2180.557
2026-03-06 09:00:00+00:00,70760.4,70787.6,70267.0,70528.7,2651.919
2026-03-06 10:00:00+00:00,70528.7,70777.0,70431.5,70506.8,1926.465
2026-03-06 11:00:00+00:00,70506.8,70631.6,70150.1,70183.7,2111.248
2026-03-06 12:00:00+00:00,70183.7,70200.0,69625.2,69895.1,6963.096
2026-03-06 13:00:00+00:00,69895.1,70299.0,69165.0,69182.8,9947.176
2026-03-06 14:00:00+00:00,69182.8,69225.0,68130.1,68373.6,15984.126
2026-03-06 15:00:00+00:00,68373.6,69060.0,68259.9,68461.0,7312.708
2026-03-06 16:00:00+00:00,68461.0,68766.2,68173.2,68418.5,4734.636
2026-03-06 17:00:00+00:00,68418.5,68625.9,67720.0,67926.6,6303.215
2026-03-06 18:00:00+00:00,67926.6,68449.3,67917.1,68141.3,3931.237
2026-03-06 19:00:00+00:00,68141.3,68444.0,67958.7,68091.2,2647.057
2026-03-06 20:00:00+00:00,68091.2,68252.3,67729.1,68072.3,4406.416
2026-03-06 21:00:00+00:00,68072.3,68292.8,67888.0,68252.8,1713.315
2026-03-06 22:00:00+00:00,68252.8,68405.3,68178.3,68289.5,1219.486
2026-03-06 23:00:00+00:00,68289.5,68333.0,68054.4,68075.5,791.609
2026-03-07 00:00:00+00:00,68075.5,68342.4,68068.0,68239.6,1014.321
2026-03-07 01:00:00+00:00,68239.6,68324.6,68135.5,68219.0,618.643
2026-03-07 02:00:00+00:00,68219.0,68332.8,68012.0,68312.4,1021.862
2026-03-07 03:00:00+00:00,68312.4,68536.8,68055.0,68058.2,2312.302
2026-03-07 04:00:00+00:00,68058.2,68119.3,67760.5,68025.5,1862.143
2026-03-07 05:00:00+00:00,68025.5,68108.0,67858.6,67983.3,1053.317
2026-03-07 06:00:00+00:00,67983.3,67991.5,67553.7,67662.1,2319.957
2026-03-07 07:00:00+00:00,67662.1,67831.5,67400.7,67804.8,3301.982
2026-03-07 08:00:00+00:00,67804.8,68017.6,67676.7,67763.1,1746.287
2026-03-07 09:00:00+00:00,67763.1,68049.0,67694.0,67967.3,1128.246
2026-03-07 10:00:00+00:00,67967.3,68074.2,67833.9,67852.0,914.367
2026-03-07 11:00:00+00:00,67852.0,68212.7,67802.2,67972.3,2001.247
2026-03-07 12:00:00+00:00,67972.3,68059.2,67856.3,67952.9,1271.586
2026-03-07 13:00:00+00:00,67952.9,68048.4,67799.4,67889.4,1304.661
2026-03-07 14:00:00+00:00,67889.4,68071.4,67565.2,67981.2,2459.989
2026-03-07 15:00:00+00:00,67981.2,68008.4,67728.0,67841.4,1236.436
2026-03-07 16:00:00+00:00,67841.4,67862.5,67670.1,67754.0,842.513
2026-03-07 17:00:00+00:00,67754.0,67917.9,67730.1,67751.7,636.476
2026-03-07 18:00:00+00:00,67751.7,67751.9,67428.1,67535.5,1990.196
2026-03-07 19:00:00+00:00,67535.5,67540.0,66885.4,67044.1,5272.373
2026-03-07 20:00:00+00:00,67044.1,67400.0,67031.1,67356.4,1588.149
2026-03-07 21:00:00+00:00,67356.4,67449.3,67234.6,67413.5,1250.238
2026-03-07 22:00:00+00:00,67413.5,67447.7,67048.6,67218.7,1416.523
2026-03-07 23:00:00+00:00,67218.7,67374.5,67150.0,67227.1,799.39
2026-03-08 00:00:00+00:00,67227.1,67449.4,67134.8,67155.0,1117.177
2026-03-08 01:00:00+00:00,67155.0,67326.1,67050.1,67257.9,1036.483
2026-03-08 02:00:00+00:00,67257.9,67390.0,66772.4,66890.1,2962.559
2026-03-08 03:00:00+00:00,66890.1,67050.0,66809.5,66972.2,1303.8
2026-03-08 04:00:00+00:00,66972.2,67061.1,66480.0,66599.5,2984.45
2026-03-08 05:00:00+00:00,66599.5,67214.6,66580.0,67111.7,2044.967
2026-03-08 06:00:00+00:00,67111.7,67198.2,67002.9,67135.3,1087.825
2026-03-08 07:00:00+00:00,67135.3,67432.9,67120.7,67274.9,2105.583
2026-03-08 08:00:00+00:00,67274.9,67540.0,67118.4,67492.7,2232.573
2026-03-08 09:00:00+00:00,67492.7,67874.6,67432.5,67659.1,2655.535
2026-03-08 10:00:00+00:00,67659.1,68167.7,67650.9,67862.6,3587.702
2026-03-08 11:00:00+00:00,67862.6,67862.7,67368.7,67479.2,3265.725
2026-03-08 12:00:00+00:00,67479.2,67629.4,66840.7,67281.5,4193.474
2026-03-08 13:00:00+00:00,67281.5,67399.6,66777.7,67201.2,3954.794
2026-03-08 14:00:00+00:00,67201.2,67389.0,67006.0,67300.6,1904.23
2026-03-08 15:00:00+00:00,67300.6,67341.3,67033.6,67176.7,1331.894
2026-03-08 16:00:00+00:00,67176.7,67232.0,66736.8,66837.9,2109.168
2026-03-08 17:00:00+00:00,66837.9,67170.0,66758.6,67015.5,2142.07
2026-03-08 18:00:00+00:00,67015.5,67034.3,66710.5,66775.8,1199.195
2026-03-08 19:00:00+00:00,66775.8,67435.0,66742.6,67297.6,2822.365
2026-03-08 20:00:00+00:00,67297.6,67487.7,66990.0,67193.6,2266.463
2026-03-08 21:00:00+00:00,67193.6,67228.4,66618.0,66976.5,2348.819
2026-03-08 22:00:00+00:00,66976.5,66976.5,65580.0,66204.1,14220.733
2026-03-08 23:00:00+00:00,66204.1,66545.3,65879.1,65943.8,2833.148
2026-03-09 00:00:00+00:00,65943.8,66730.0,65782.7,66331.3,3934.042
2026-03-09 01:00:00+00:00,66331.3,66664.2,66085.5,66159.1,2959.245
2026-03-09 02:00:00+00:00,66159.1,66690.5,65917.1,66504.1,3268.087
2026-03-09 03:00:00+00:00,66504.1,67672.3,66474.1,67171.4,7051.147
2026-03-09 04:00:00+00:00,67171.4,67583.4,67064.8,67103.2,2706.33
2026-03-09 05:00:00+00:00,67103.2,68038.7,67076.0,67877.8,5749.321
2026-03-09 06:00:00+00:00,67877.8,67916.3,67182.5,67226.3,3410.581
2026-03-09 07:00:00+00:00,67226.3,67541.5,66830.7,67506.5,4160.341
2026-03-09 08:00:00+00:00,67506.5,67891.9,67330.1,67773.5,3247.73
2026-03-09 09:00:00+00:00,67773.5,68431.5,67527.3,67946.0,4902.452
2026-03-09 10:00:00+00:00,67946.0,68061.2,67516.1,67569.9,2642.073
2026-03-09 11:00:00+00:00,67569.9,67824.3,67280.5,67724.0,3728.334
2026-03-09 12:00:00+00:00,67724.0,68315.3,67713.9,68120.8,4971.96
2026-03-09 13:00:00+00:00,68120.8,69277.7,68097.5,68937.8,9949.918
2026-03-09 14:00:00+00:00,68937.8,69444.4,68649.8,69107.5,8130.794
2026-03-09 15:00:00+00:00,69107.5,69215.5,68680.2,68820.0,4060.388
2026-03-09 16:00:00+00:00,68820.0,69221.4,68577.0,68914.9,3564.272
2026-03-09 17:00:00+00:00,68914.9,69051.7,68222.9,68559.2,3480.093
2026-03-09 18:00:00+00:00,68559.2,68667.9,68200.0,68313.6,2259.223
2026-03-09 19:00:00+00:00,68313.6,69500.0,68313.6,68944.8,8431.441
2026-03-09 20:00:00+00:00,68944.8,69118.8,68703.3,68914.1,2371.979
2026-03-09 21:00:00+00:00,68914.1,69060.0,68622.0,68870.8,1913.97
2026-03-09 22:00:00+00:00,68870.8,69000.9,68553.0,68597.0,1897.216
2026-03-09 23:00:00+00:00,68597.0,68671.9,68331.6,68390.7,1307.33
2026-03-10 00:00:00+00:00,68390.7,69269.0,68355.0,69116.7,3565.451
2026-03-10 01:00:00+00:00,69116.7,69363.7,68752.8,69225.3,2336.346
2026-03-10 02:00:00+00:00,69225.3,70600.0,69066.4,70240.2,10125.08
2026-03-10 03:00:00+00:00,70240.2,70341.9,69342.8,69392.6,4097.134
2026-03-10 04:00:00+00:00,69392.6,70100.0,69392.6,70046.8,2746.355
2026-03-10 05:00:00+00:00,70046.8,70334.6,69840.3,69942.1,2360.278
2026-03-10 06:00:00+00:00,69942.1,70165.3,69718.2,69885.3,2480.895
2026-03-10 07:00:00+00:00,69885.3,70539.9,69792.9,70385.8,4771.204
2026-03-10 08:00:00+00:00,70385.8,71077.8,70330.2,70650.0,7684.53
2026-03-10 09:00:00+00:00,70650.0,71300.0,70610.4,71035.2,5836.981
2026-03-10 10:00:00+00:00,71035.2,71055.9,70635.9,70743.0,2705.96
2026-03-10 11:00:00+00:00,70743.0,70842.1,70506.0,70560.3,2664.905
2026-03-10 12:00:00+00:00,70560.3,70600.0,70252.2,70486.0,3641.638
2026-03-10 13:00:00+00:00,70486.0,70899.4,69678.0,69877.5,10764.461
2026-03-10 14:00:00+00:00,69877.5,71498.8,69227.3,71437.2,16065.4
2026-03-10 15:00:00+00:00,71437.2,71762.8,70860.9,71311.0,9154.832
2026-03-10 16:00:00+00:00,71311.0,71687.0,70904.6,71235.8,4154.525
2026-03-10 17:00:00+00:00,71235.8,71428.1,70440.5,70833.5,5316.788
2026-03-10 18:00:00+00:00,70833.5,70884.0,69850.0,69977.6,7878.184
2026-03-10 19:00:00+00:00,69977.6,70248.7,69650.5,70003.3,4632.157
2026-03-10 20:00:00+00:00,70003.3,70322.1,69950.0,70196.5,2436.14
2026-03-10 21:00:00+00:00,70196.5,70374.0,69468.1,69715.2,3501.411
2026-03-10 22:00:00+00:00,69715.2,69829.1,69405.1,69653.8,2684.098
2026-03-10 23:00:00+00:00,69653.8,69931.9,69646.0,69907.5,2072.083
2026-03-11 00:00:00+00:00,69907.5,70162.3,69702.6,69997.0,2336.487
2026-03-11 01:00:00+00:00,69997.0,70114.1,69831.3,70028.5,1248.413
2026-03-11 02:00:00+00:00,70028.5,70082.0,69572.0,69775.1,1945.524
2026-03-11 03:00:00+00:00,69775.1,69858.4,69448.6,69515.7,1944.546
2026-03-11 04:00:00+00:00,69515.7,70239.0,69447.7,70085.3,2916.082
2026-03-11 05:00:00+00:00,70085.3,70170.0,69318.6,69464.3,3391.962
2026-03-11 06:00:00+00:00,69464.3,69972.8,69452.1,69910.1,2800.674
2026-03-11 07:00:00+00:00,69910.1,69995.5,69460.7,69621.6,2212.587
2026-03-11 08:00:00+00:00,69621.6,69765.0,69460.4,69615.7,1804.632
2026-03-11 09:00:00+00:00,69615.7,69729.0,69324.3,69430.4,2189.746
2026-03-11 10:00:00+00:00,69430.4,69688.0,69352.0,69573.1,1493.388
2026-03-11 11:00:00+00:00,69573.1,69643.6,69121.4,69136.1,2577.17
2026-03-11 12:00:00+00:00,69136.1,69763.4,68921.8,69316.8,6399.437
2026-03-11 13:00:00+00:00,69316.8,71067.5,69290.0,70142.1,16551.046
2026-03-11 14:00:00+00:00,70142.1,70952.1,69917.5,70536.8,11997.511
2026-03-11 15:00:00+00:00,70536.8,70614.7,69651.2,70200.0,6938.188
2026-03-11 16:00:00+00:00,70200.0,70800.0,70120.0,70544.5,4384.295
2026-03-11 17:00:00+00:00,70544.5,71300.0,70478.1,70746.4,8056.397
2026-03-11 18:00:00+00:00,70746.4,70873.9,70375.4,70589.0,3527.93
2026-03-11 19:00:00+00:00,70589.0,70718.4,70326.4,70606.6,2245.506
2026-03-11 20:00:00+00:00,70606.6,70675.3,70348.3,70594.2,1321.505
2026-03-11 21:00:00+00:00,70594.2,70749.7,70448.7,70701.3,1256.417
2026-03-11 22:00:00+00:00,70701.3,70900.0,70183.8,70324.9,2446.661
2026-03-11 23:00:00+00:00,70324.9,70471.8,70080.0,70150.8,1574.969
2026-03-12 00:00:00+00:00,70150.8,70319.1,70085.5,70173.8,1312.865
2026-03-12 01:00:00+00:00,70173.8,70185.8,69710.0,69807.0,2771.399
2026-03-12 02:00:00+00:00,69807.0,69852.6,69172.5,69235.2,3767.22
2026-03-12 03:00:00+00:00,69235.2,69580.5,69188.4,69395.7,2400.771
2026-03-12 04:00:00+00:00,69395.7,69632.9,69243.7,69325.4,1570.579
2026-03-12 05:00:00+00:00,69325.4,69509.2,69150.0,69433.4,1900.758
2026-03-12 06:00:00+00:00,69433.4,69534.3,69319.0,69468.6,1344.656
2026-03-12 07:00:00+00:00,69468.6,69829.8,69377.9,69786.6,2472.742
2026-03-12 08:00:00+00:00,69786.6,70077.1,69662.8,69875.6,3774.32
2026-03-12 09:00:00+00:00,69875.6,70362.9,69540.0,69915.5,4326.525
2026-03-12 10:00:00+00:00,69915.5,70499.9,69810.0,70381.3,3464.218
2026-03-12 11:00:00+00:00,70381.3,70772.4,70328.1,70389.3,3632.791
2026-03-12 12:00:00+00:00,70389.3,70598.9,70239.4,70351.9,2293.23
2026-03-12 13:00:00+00:00,70351.9,70497.5,69650.6,69939.9,7274.024
2026-03-12 14:00:00+00:00,69939.9,70638.9,69300.0,69542.8,10144.709
2026-03-12 15:00:00+00:00,69542.8,70536.8,69420.2,70287.7,7031.309
2026-03-12 16:00:00+00:00,70287.7,70533.9,69855.0,70335.1,5227.614
2026-03-12 17:00:00+00:00,70335.1,70511.8,70033.0,70167.5,3055.706
2026-03-12 18:00:00+00:00,70167.5,70265.0,69755.3,69786.5,2416.268
2026-03-12 19:00:00+00:00,69786.5,70520.0,69728.8,70394.3,4022.236
2026-03-12 20:00:00+00:00,70394.3,70530.9,70070.0,70128.3,2148.708
2026-03-12 21:00:00+00:00,70128.3,70462.0,70128.3,70234.7,1565.005
2026-03-12 22:00:00+00:00,70234.7,70282.3,69964.5,70132.8,1691.368
2026-03-12 23:00:00+00:00,70132.8,70737.8,70115.5,70482.0,4010.082
2026-03-13 00:00:00+00:00,70482.0,71996.9,70345.6,71445.5,12349.103
2026-03-13 01:00:00+00:00,71445.5,71728.8,71250.0,71634.2,2738.59
2026-03-13 02:00:00+00:00,71634.2,71666.1,71012.3,71110.0,3178.582
2026-03-13 03:00:00+00:00,71110.0,71493.0,70920.4,71370.5,2519.604
2026-03-13 04:00:00+00:00,71370.5,71463.4,71204.1,71347.6,1315.381
2026-03-13 05:00:00+00:00,71347.6,71600.0,71206.3,71517.2,2122.976
2026-03-13 06:00:00+00:00,71517.2,71564.5,71145.0,71311.1,1627.481
2026-03-13 07:00:00+00:00,71311.1,71647.7,71198.8,71591.3,2652.807
2026-03-13 08:00:00+00:00,71591.3,72184.8,71350.0,71796.4,5526.279
2026-03-13 09:00:00+00:00,71796.4,72108.3,71552.1,71971.6,3409.565
2026-03-13 10:00:00+00:00,71971.6,72551.8,71963.9,72428.0,6113.437
2026-03-13 11:00:00+00:00,72428.0,72499.0,72165.0,72194.4,2848.358
2026-03-13 12:00:00+00:00,72194.4,72881.8,72175.0,72742.7,5231.203
2026-03-13 13:00:00+00:00,72742.7,73579.0,72641.7,73339.8,11672.805
2026-03-13 14:00:00+00:00,73339.8,73869.8,72323.5,72351.7,13911.004
2026-03-13 15:00:00+00:00,72351.7,72796.8,71689.8,71788.3,10928.532
2026-03-13 16:00:00+00:00,71788.3,72064.7,71100.0,71841.4,10269.876
2026-03-13 17:00:00+00:00,71841.4,72217.8,70862.0,70987.4,7834.49
2026-03-13 18:00:00+00:00,70987.4,71315.2,70777.0,71009.3,4897.437
2026-03-13 19:00:00+00:00,71009.3,71268.1,70953.2,71133.2,2321.689
2026-03-13 20:00:00+00:00,71133.2,71434.3,71100.0,71307.0,2926.886
2026-03-13 21:00:00+00:00,71307.0,71468.0,71013.5,71053.1,1891.803
2026-03-13 22:00:00+00:00,71053.1,71152.5,70517.2,70786.4,5497.029
2026-03-13 23:00:00+00:00,70786.4,70971.6,70659.8,70884.0,1654.762
2026-03-14 00:00:00+00:00,70884.0,70918.6,70517.2,70600.0,1784.853
2026-03-14 01:00:00+00:00,70600.0,70865.0,70421.2,70780.5,2404.959
2026-03-14 02:00:00+00:00,70780.5,70861.6,70691.7,70751.5,851.28
2026-03-14 03:00:00+00:00,70751.5,71133.0,70751.4,71037.8,1872.684
2026-03-14 04:00:00+00:00,71037.8,71263.8,70965.6,71001.9,1620.336
2026-03-14 05:00:00+00:00,71001.9,71128.8,70873.4,70980.8,1002.613
2026-03-14 06:00:00+00:00,70980.8,70980.8,70262.0,70595.2,3528.941
2026-03-14 07:00:00+00:00,70595.2,70707.4,70435.7,70558.5,1272.754
2026-03-14 08:00:00+00:00,70558.5,70678.4,70496.5,70547.0,998.366
2026-03-14 09:00:00+00:00,70547.0,70700.0,70347.2,70471.5,1484.052
2026-03-14 10:00:00+00:00,70471.5,70536.0,70332.3,70521.8,1075.513
2026-03-14 11:00:00+00:00,70521.8,70754.8,70512.0,70699.4,1175.078
2026-03-14 12:00:00+00:00,70699.4,70838.4,70542.4,70729.8,1649.459
2026-03-14 13:00:00+00:00,70729.8,70885.5,70667.8,70816.7,1183.853
2026-03-14 14:00:00+00:00,70816.7,70900.0,70504.9,70559.7,1759.088
2026-03-14 15:00:00+00:00,70559.7,70689.9,70444.3,70545.6,1157.738
2026-03-14 16:00:00+00:00,70545.6,70689.6,70449.9,70634.2,899.558
2026-03-14 17:00:00+00:00,70634.2,70704.3,70539.2,70580.0,692.117
2026-03-14 18:00:00+00:00,70580.0,70689.9,70499.9,70621.3,586.999
2026-03-14 19:00:00+00:00,70621.3,70702.9,70554.4,70663.1,356.421
2026-03-14 20:00:00+00:00,70663.1,70837.1,70602.3,70756.0,701.472
2026-03-14 21:00:00+00:00,70756.0,70789.7,70605.0,70760.3,562.242
2026-03-14 22:00:00+00:00,70760.3,70767.7,70650.1,70672.4,341.706
2026-03-14 23:00:00+00:00,70672.4,71226.9,70667.4,71178.0,2514.837
2026-03-15 00:00:00+00:00,71178.0,71183.4,70923.0,70950.6,1100.823
2026-03-15 01:00:00+00:00,70950.6,71010.0,70811.9,70957.8,748.08
2026-03-15 02:00:00+00:00,70957.8,71600.0,70957.8,71411.6,3577.015
2026-03-15 03:00:00+00:00,71411.6,71499.7,71180.4,71319.6,1512.524
2026-03-15 04:00:00+00:00,71319.6,71631.0,71290.9,71550.0,1770.215
2026-03-15 05:00:00+00:00,71550.0,71820.0,71429.7,71452.6,2311.435
2026-03-15 06:00:00+00:00,71452.6,71558.2,71360.1,71422.8,1028.194
2026-03-15 07:00:00+00:00,71422.8,71637.3,71372.7,71427.0,1226.473
2026-03-15 08:00:00+00:00,71427.0,71687.8,71427.0,71687.7,1156.787
2026-03-15 09:00:00+00:00,71687.7,71912.3,71669.0,71754.1,2315.912
2026-03-15 10:00:00+00:00,71754.1,71887.5,71680.0,71744.8,754.873
2026-03-15 11:00:00+00:00,71744.8,71871.2,71622.5,71806.1,1260.017
2026-03-15 12:00:00+00:00,71806.1,71806.2,71506.2,71580.8,1199.51
2026-03-15 13:00:00+00:00,71580.8,71650.0,71230.6,71570.0,4020.212
2026-03-15 14:00:00+00:00,71570.0,71597.6,71305.3,71584.9,1437.283
2026-03-15 15:00:00+00:00,71584.9,71590.0,71367.1,71447.5,888.013
2026-03-15 16:00:00+00:00,71447.5,71561.9,71231.8,71401.5,1510.968
2026-03-15 17:00:00+00:00,71401.5,71963.6,71372.6,71782.1,2201.469
2026-03-15 18:00:00+00:00,71782.1,71856.8,71266.3,71344.9,1967.19
2026-03-15 19:00:00+00:00,71344.9,71539.7,71287.1,71514.6,1637.944
2026-03-15 20:00:00+00:00,71514.6,71898.2,71383.3,71686.1,1792.079
2026-03-15 21:00:00+00:00,71686.1,72191.9,71578.8,72074.3,3116.52
2026-03-15 22:00:00+00:00,72074.3,73079.8,71668.8,72710.9,9285.194
2026-03-15 23:00:00+00:00,72710.9,73217.2,72379.7,72777.5,7027.185
2026-03-16 00:00:00+00:00,72777.5,72980.5,72402.4,72495.0,3050.922
2026-03-16 01:00:00+00:00,72495.0,72820.6,72226.3,72727.9,2382.318
2026-03-16 02:00:00+00:00,72727.9,72832.9,72330.0,72478.8,1444.978
2026-03-16 03:00:00+00:00,72478.8,74297.5,72395.8,73548.3,12197.494
2026-03-16 04:00:00+00:00,73548.3,74488.2,73547.0,73801.2,6870.569
2026-03-16 05:00:00+00:00,73801.2,74225.7,73671.7,74165.8,3768.268
2026-03-16 06:00:00+00:00,74165.8,74165.9,73563.7,73680.1,2498.355
2026-03-16 07:00:00+00:00,73680.1,73895.0,73352.1,73426.9,2865.804
2026-03-16 08:00:00+00:00,73426.9,73750.0,72805.6,73104.3,5813.25
2026-03-16 09:00:00+00:00,73104.3,73315.9,73015.3,73229.1,1612.042
2026-03-16 10:00:00+00:00,73229.1,73754.0,73164.1,73753.3,3043.264
2026-03-16 11:00:00+00:00,73753.3,73826.2,73474.0,73515.0,1958.891
2026-03-16 12:00:00+00:00,73515.0,74035.9,73403.1,73827.7,4016.72
2026-03-16 13:00:00+00:00,73827.7,74499.8,73741.5,74078.7,6770.52
2026-03-16 14:00:00+00:00,74078.7,74430.0,72945.1,73527.7,9333.56
2026-03-16 15:00:00+00:00,73527.7,74000.0,73147.6,73232.9,5225.258
2026-03-16 16:00:00+00:00,73232.9,73890.1,73124.0,73717.8,3375.555
2026-03-16 17:00:00+00:00,73717.8,74044.7,73600.4,73907.3,2877.312
2026-03-16 18:00:00+00:00,73907.3,74340.8,73803.5,73883.7,4756.47
2026-03-16 19:00:00+00:00,73883.7,74398.3,73725.1,73931.9,3340.538
2026-03-16 20:00:00+00:00,73931.9,74212.0,73824.1,74200.6,1400.403
2026-03-16 21:00:00+00:00,74200.6,74777.0,74111.7,74361.8,6531.907
2026-03-16 22:00:00+00:00,74361.8,74892.0,74337.3,74729.3,4389.687
2026-03-16 23:00:00+00:00,74729.3,74900.0,74171.9,74854.7,3650.657
2026-03-17 00:00:00+00:00,74854.7,75500.0,74585.4,75294.9,8453.002
2026-03-17 01:00:00+00:00,75294.9,76053.9,75035.5,75587.6,7494.304
2026-03-17 02:00:00+00:00,75587.6,75651.2,75080.3,75167.5,3097.037
2026-03-17 03:00:00+00:00,75167.5,75300.0,74229.7,74434.7,5477.774
2026-03-17 04:00:00+00:00,74434.7,74657.5,73950.0,74213.2,5532.066
2026-03-17 05:00:00+00:00,74213.2,74425.0,73742.8,74004.2,3492.477
2026-03-17 06:00:00+00:00,74004.2,74246.8,73843.7,74045.1,2727.31
2026-03-17 07:00:00+00:00,74045.1,74413.8,74026.7,74219.9,1776.832
2026-03-17 08:00:00+00:00,74219.9,74436.6,74069.7,74158.1,2126.737
2026-03-17 09:00:00+00:00,74158.1,74379.9,73805.3,73908.6,2789.083
2026-03-17 10:00:00+00:00,73908.6,73933.4,73493.0,73694.6,4285.618
2026-03-17 11:00:00+00:00,73694.6,74167.5,73635.2,73996.1,2894.462
2026-03-17 12:00:00+00:00,73996.1,74138.8,73613.2,73704.9,2633.276
2026-03-17 13:00:00+00:00,73704.9,74132.0,73323.9,73581.7,6191.755
2026-03-17 14:00:00+00:00,73581.7,74374.0,73385.2,74344.0,5386.867
2026-03-17 15:00:00+00:00,74344.0,74876.6,73616.5,73877.5,7734.624
2026-03-17 16:00:00+00:00,73877.5,74306.7,73822.1,74121.6,2611.537
2026-03-17 17:00:00+00:00,74121.6,74569.6,73959.4,74489.4,2620.08
2026-03-17 18:00:00+00:00,74489.4,74732.3,74337.2,74641.6,2771.258
2026-03-17 19:00:00+00:00,74641.6,74780.9,74388.6,74469.5,2487.276
2026-03-17 20:00:00+00:00,74469.5,74656.3,74338.0,74475.7,1727.826
2026-03-17 21:00:00+00:00,74475.7,74777.9,74417.5,74651.1,1252.205
2026-03-17 22:00:00+00:00,74651.1,74740.0,73871.8,74270.7,2731.519
2026-03-17 23:00:00+00:00,74270.7,74372.0,73820.7,73861.6,2514.776
2026-03-18 00:00:00+00:00,73861.6,74023.1,73463.5,73826.6,2508.18
2026-03-18 01:00:00+00:00,73826.6,74173.4,73775.3,74032.8,1556.421
2026-03-18 02:00:00+00:00,74032.8,74450.0,74007.1,74304.0,1527.527
2026-03-18 03:00:00+00:00,74304.0,74640.2,74203.7,74417.6,2404.239
2026-03-18 04:00:00+00:00,74417.6,74457.9,74080.0,74142.0,1395.675
2026-03-18 05:00:00+00:00,74142.0,74266.2,73800.0,73917.6,1735.388
2026-03-18 06:00:00+00:00,73917.6,74195.9,73899.0,73915.4,1507.234
2026-03-18 07:00:00+00:00,73915.4,73963.9,73658.0,73845.0,1916.345
2026-03-18 08:00:00+00:00,73845.0,74090.0,73818.6,74004.8,1583.111
2026-03-18 09:00:00+00:00,74004.8,74249.9,73994.6,74138.8,1264.644
2026-03-18 10:00:00+00:00,74138.8,74224.1,73745.1,73894.9,1694.136
2026-03-18 11:00:00+00:00,73894.9,74026.9,72720.0,72902.3,10100.872
2026-03-18 12:00:00+00:00,72902.3,72938.1,72227.0,72320.0,10840.425
2026-03-18 13:00:00+00:00,72320.0,72530.0,71925.1,72092.7,7335.33
2026-03-18 14:00:00+00:00,72092.7,72185.6,71065.0,71149.6,10834.563
2026-03-18 15:00:00+00:00,71149.6,71494.7,70807.9,71440.4,10756.518
2026-03-18 16:00:00+00:00,71440.4,71534.8,70989.2,71283.0,4773.939
2026-03-18 17:00:00+00:00,71283.0,71730.1,71157.2,71557.7,3472.394
2026-03-18 18:00:00+00:00,71557.7,71967.6,70900.0,71056.7,6842.592
2026-03-18 19:00:00+00:00,71056.7,71449.0,70821.0,71027.0,3398.431
2026-03-18 20:00:00+00:00,71027.0,71295.9,70452.0,71177.4,6245.581
2026-03-18 21:00:00+00:00,71177.4,71396.9,71121.6,71223.6,1544.373
2026-03-18 22:00:00+00:00,71223.6,71239.8,70903.3,71120.7,2442.98
2026-03-18 23:00:00+00:00,71120.7,71333.0,71032.1,71213.7,1581.726
2026-03-19 00:00:00+00:00,71213.7,71287.1,70928.0,70968.9,1944.209
2026-03-19 01:00:00+00:00,70968.9,71148.9,70917.6,71077.4,987.455
2026-03-19 02:00:00+00:00,71077.4,71225.7,70847.9,71019.4,1256.12
2026-03-19 03:00:00+00:00,71019.4,71588.2,71019.3,71174.1,2775.45
2026-03-19 04:00:00+00:00,71174.1,71174.1,70608.4,70790.1,3549.719
2026-03-19 05:00:00+00:00,70790.1,70881.8,70615.8,70796.0,1208.501
2026-03-19 06:00:00+00:00,70796.0,70944.8,70463.7,70550.1,2124.583
2026-03-19 07:00:00+00:00,70550.1,70571.5,69432.9,70155.6,10805.52
2026-03-19 08:00:00+00:00,70155.6,70268.0,69855.6,69954.5,2698.93
2026-03-19 09:00:00+00:00,69954.5,70525.6,69945.1,70467.0,3702.368
2026-03-19 10:00:00+00:00,70467.0,70495.4,70070.1,70093.8,1680.006
2026-03-19 11:00:00+00:00,70093.8,70226.0,69865.0,69921.2,1868.558
2026-03-19 12:00:00+00:00,69921.2,69921.3,69065.8,69254.1,7073.388
2026-03-19 13:00:00+00:00,69254.1,70050.0,69036.8,69877.6,8383.167
2026-03-19 14:00:00+00:00,69877.6,70136.0,69054.0,69450.0,7525.802
2026-03-19 15:00:00+00:00,69450.0,69892.0,68750.0,69376.9,10155.953
2026-03-19 16:00:00+00:00,69376.9,69622.5,69136.1,69421.9,3874.749
2026-03-19 17:00:00+00:00,69421.9,69927.0,69086.4,69822.2,3598.633
2026-03-19 18:00:00+00:00,69822.2,69902.3,69541.7,69793.7,1517.164
2026-03-19 19:00:00+00:00,69793.7,70591.0,69765.8,70241.2,7818.683
2026-03-19 20:00:00+00:00,70241.2,70707.2,70166.2,70453.7,1870.97
2026-03-19 21:00:00+00:00,70453.7,70673.1,70341.3,70370.5,1816.011
2026-03-19 22:00:00+00:00,70370.5,70480.1,69925.2,70159.7,2502.699
2026-03-19 23:00:00+00:00,70159.7,70259.8,69679.4,69881.8,4411.922
2026-03-20 00:00:00+00:00,69881.8,70278.3,69800.0,70162.9,1522.284
2026-03-20 01:00:00+00:00,70162.9,70562.0,70150.1,70369.9,1809.705
2026-03-20 02:00:00+00:00,70369.9,70489.3,70046.5,70376.5,1869.349
2026-03-20 03:00:00+00:00,70376.5,70793.2,70350.3,70697.8,2510.425
2026-03-20 04:00:00+00:00,70697.8,70933.0,70510.5,70744.1,2609.297
2026-03-20 05:00:00+00:00,70744.1,70847.1,70470.4,70571.0,1637.15
2026-03-20 06:00:00+00:00,70571.0,70620.7,70315.0,70466.3,1935.157
2026-03-20 07:00:00+00:00,70466.3,70910.0,70164.1,70815.2,4088.703
2026-03-20 08:00:00+00:00,70815.2,71343.9,70755.1,71006.4,6686.846
2026-03-20 09:00:00+00:00,71006.4,71006.5,70370.6,70550.5,4239.866
2026-03-20 10:00:00+00:00,70550.5,70644.0,70170.6,70576.0,2866.751
2026-03-20 11:00:00+00:00,70576.0,70770.4,70250.0,70443.9,2476.217
2026-03-20 12:00:00+00:00,70443.9,70648.0,70202.0,70307.1,2154.796
2026-03-20 13:00:00+00:00,70307.1,70574.9,69753.4,69826.8,8334.93
2026-03-20 14:00:00+00:00,69826.8,70246.0,69544.7,69698.7,9839.146
2026-03-20 15:00:00+00:00,69698.7,69982.8,69431.7,69833.4,4579.21
2026-03-20 16:00:00+00:00,69833.4,70074.7,69561.6,69799.7,3378.033
2026-03-20 17:00:00+00:00,69799.7,70009.8,69338.0,69974.7,4798.177
2026-03-20 18:00:00+00:00,69974.7,70045.0,69474.8,69735.2,3413.741
2026-03-20 19:00:00+00:00,69735.2,70163.2,69630.1,70152.2,2854.841
2026-03-20 20:00:00+00:00,70152.2,70245.1,69718.0,70024.4,2397.381
2026-03-20 21:00:00+00:00,70024.4,70694.5,69915.0,70507.5,3536.775
2026-03-20 22:00:00+00:00,70507.5,70892.8,70507.5,70734.8,2583.107
2026-03-20 23:00:00+00:00,70734.8,70744.3,70394.8,70476.1,1889.183
2026-03-21 00:00:00+00:00,70476.1,70800.0,70434.3,70650.9,1177.11
2026-03-21 01:00:00+00:00,70650.9,70730.0,70431.0,70436.8,794.227
2026-03-21 02:00:00+00:00,70436.8,70759.4,70408.2,70711.4,1141.41
2026-03-21 03:00:00+00:00,70711.4,70766.9,70588.7,70640.2,753.377
2026-03-21 04:00:00+00:00,70640.2,70790.2,70580.9,70606.9,974.334
2026-03-21 05:00:00+00:00,70606.9,70812.9,70593.6,70671.6,1073.467
2026-03-21 06:00:00+00:00,70671.6,70789.1,70661.6,70739.9,682.869
2026-03-21 07:00:00+00:00,70739.9,70850.0,70631.5,70684.3,1243.71
2026-03-21 08:00:00+00:00,70684.3,70724.8,70452.5,70561.9,1506.204
2026-03-21 09:00:00+00:00,70561.9,70708.7,70533.5,70630.1,819.947
2026-03-21 10:00:00+00:00,70630.1,70660.0,70520.0,70571.7,629.455
2026-03-21 11:00:00+00:00,70571.7,70627.4,70520.8,70610.3,407.946
2026-03-21 12:00:00+00:00,70610.3,70767.7,70610.3,70672.9,974.97
2026-03-21 13:00:00+00:00,70672.9,70782.0,70655.7,70698.0,484.853
2026-03-21 14:00:00+00:00,70698.0,71068.0,70532.0,70587.5,3418.073
2026-03-21 15:00:00+00:00,70587.5,70728.4,70415.9,70591.5,1382.948
2026-03-21 16:00:00+00:00,70591.5,70623.8,70176.0,70262.0,3586.905
2026-03-21 17:00:00+00:00,70262.0,70389.5,70154.8,70271.8,1443.999
2026-03-21 18:00:00+00:00,70271.8,70496.0,70246.7,70345.3,948.873
2026-03-21 19:00:00+00:00,70345.3,70410.0,70268.8,70358.6,447.669
2026-03-21 20:00:00+00:00,70358.6,70472.7,70320.2,70426.6,454.307
2026-03-21 21:00:00+00:00,70426.6,70477.0,70213.0,70312.9,727.576
2026-03-21 22:00:00+00:00,70312.9,70347.1,70225.4,70245.6,579.851
2026-03-21 23:00:00+00:00,70245.6,70255.8,68500.0,68870.5,9661.445
2026-03-22 00:00:00+00:00,68870.5,69110.0,68166.8,68906.6,7961.883
2026-03-22 01:00:00+00:00,68906.6,69059.4,68724.0,68924.6,2517.513
2026-03-22 02:00:00+00:00,68924.6,69371.7,68898.2,69236.2,2243.416
2026-03-22 03:00:00+00:00,69236.2,69557.3,69080.0,69304.1,2173.312
2026-03-22 04:00:00+00:00,69304.1,69487.3,69174.0,69307.0,1596.353
2026-03-22 05:00:00+00:00,69307.0,69317.6,69100.0,69112.1,1184.041
2026-03-22 06:00:00+00:00,69112.1,69210.9,69021.8,69125.8,1005.292
2026-03-22 07:00:00+00:00,69125.8,69211.7,68851.0,68884.0,1411.54
2026-03-22 08:00:00+00:00,68884.0,68954.5,68515.0,68757.8,3189.442
2026-03-22 09:00:00+00:00,68757.8,68872.0,68537.0,68778.6,1385.525
2026-03-22 10:00:00+00:00,68778.6,68808.9,68540.4,68600.1,1154.266
2026-03-22 11:00:00+00:00,68600.1,68654.4,68060.0,68181.5,3997.23
2026-03-22 12:00:00+00:00,68181.5,68732.7,68158.2,68617.5,2784.392
2026-03-22 13:00:00+00:00,68617.5,68935.8,68500.8,68664.4,3469.214
2026-03-22 14:00:00+00:00,68664.4,68887.5,68500.0,68679.3,1289.027
2026-03-22 15:00:00+00:00,68679.3,69042.4,68675.6,68817.5,2469.754
2026-03-22 16:00:00+00:00,68817.5,68859.6,68628.2,68767.5,806.149
2026-03-22 17:00:00+00:00,68767.5,68826.8,68636.6,68637.0,751.174
2026-03-22 18:00:00+00:00,68637.0,68711.2,68311.7,68580.5,1559.651
2026-03-22 19:00:00+00:00,68580.5,68595.8,68089.3,68160.5,3709.906
2026-03-22 20:00:00+00:00,68160.5,68478.1,68013.8,68133.3,1623.478
2026-03-22 21:00:00+00:00,68133.3,68192.8,67300.1,67849.9,7210.838
2026-03-22 22:00:00+00:00,67849.9,68367.9,67519.2,68310.6,5463.174
2026-03-22 23:00:00+00:00,68310.6,68444.0,67794.8,67828.1,2199.772
2026-03-23 00:00:00+00:00,67828.1,68137.5,67412.7,67639.4,4067.129
2026-03-23 01:00:00+00:00,67639.4,68132.2,67501.2,67876.0,2810.664
2026-03-23 02:00:00+00:00,67876.0,68367.6,67765.4,68282.7,2138.744
2026-03-23 03:00:00+00:00,68282.7,68570.0,68028.5,68050.0,1989.309
2026-03-23 04:00:00+00:00,68050.0,68545.2,68017.1,68516.7,1570.701
2026-03-23 05:00:00+00:00,68516.7,68885.3,68516.6,68869.7,3256.342
2026-03-23 06:00:00+00:00,68869.7,68874.2,67654.0,67846.6,4179.999
2026-03-23 07:00:00+00:00,67846.6,68422.0,67470.7,68304.0,5337.176
2026-03-23 08:00:00+00:00,68304.0,68674.9,68300.1,68402.2,2945.599
2026-03-23 09:00:00+00:00,68402.2,68446.8,67880.0,68311.9,2473.441
2026-03-23 10:00:00+00:00,68311.9,68696.6,68260.0,68513.3,2125.709
2026-03-23 11:00:00+00:00,68513.3,71487.0,68513.3,70094.5,38518.165
2026-03-23 12:00:00+00:00,70094.5,70850.0,69640.5,70710.8,9513.089
2026-03-23 13:00:00+00:00,70710.8,71571.0,70559.5,71456.3,9115.224
2026-03-23 14:00:00+00:00,71456.3,71788.0,71095.2,71425.8,8446.551
2026-03-23 15:00:00+00:00,71425.8,71630.0,70065.5,70092.1,10640.199
2026-03-23 16:00:00+00:00,70092.1,70763.6,70092.0,70538.5,7571.476
2026-03-23 17:00:00+00:00,70538.5,71088.4,70307.7,71049.4,4100.677
2026-03-23 18:00:00+00:00,71049.4,71168.5,70837.4,71041.2,3411.834
2026-03-23 19:00:00+00:00,71041.2,71224.1,70607.9,70639.5,2863.833
2026-03-23 20:00:00+00:00,70639.5,70962.7,70511.4,70878.1,1862.403
2026-03-23 21:00:00+00:00,70878.1,70969.1,70783.1,70819.1,893.671
2026-03-23 22:00:00+00:00,70819.1,70868.3,70473.3,70743.5,1628.435
2026-03-23 23:00:00+00:00,70743.5,70991.6,70352.6,70865.0,2578.739
2026-03-24 00:00:00+00:00,70865.0,71072.4,70374.8,70647.3,2427.682
2026-03-24 01:00:00+00:00,70647.3,70849.9,70224.2,70478.2,2026.357
2026-03-24 02:00:00+00:00,70478.2,70673.0,70314.9,70416.4,1682.789
2026-03-24 03:00:00+00:00,70416.4,70557.2,70366.8,70505.2,1268.672
2026-03-24 04:00:00+00:00,70505.2,70724.0,70205.0,70342.5,1987.958
2026-03-24 05:00:00+00:00,70342.5,70349.9,70081.0,70248.8,1957.953
2026-03-24 06:00:00+00:00,70248.8,70549.3,70214.3,70500.0,1554.418
2026-03-24 07:00:00+00:00,70500.0,71393.8,70439.2,71269.9,7201.46
2026-03-24 08:00:00+00:00,71269.9,71323.0,70799.8,70936.1,4291.477
2026-03-24 09:00:00+00:00,70936.1,71349.9,70820.0,71297.8,1898.388
2026-03-24 10:00:00+00:00,71297.8,71309.0,71060.0,71245.5,1520.995
2026-03-24 11:00:00+00:00,71245.5,71300.0,70922.0,71122.8,2124.819
2026-03-24 12:00:00+00:00,71122.8,71156.9,70825.8,70930.2,1802.469
2026-03-24 13:00:00+00:00,70930.2,71027.8,69936.9,70071.5,9775.896
2026-03-24 14:00:00+00:00,70071.5,70436.4,69460.0,69843.5,10068.056
2026-03-24 15:00:00+00:00,69843.5,70251.7,69733.8,69830.1,5641.539
2026-03-24 16:00:00+00:00,69830.1,69986.3,69183.8,69446.1,5381.323
2026-03-24 17:00:00+00:00,69446.1,69485.4,68849.2,69200.0,7987.804
2026-03-24 18:00:00+00:00,69200.0,69712.4,69128.0,69388.1,4946.077
2026-03-24 19:00:00+00:00,69388.1,69662.7,69227.3,69336.6,2036.663
2026-03-24 20:00:00+00:00,69336.6,70266.3,69250.0,70068.1,9111.135
2026-03-24 21:00:00+00:00,70068.1,70396.9,69859.7,70300.4,5039.266
2026-03-24 22:00:00+00:00,70300.4,70568.1,70102.6,70284.3,3264.296
2026-03-24 23:00:00+00:00,70284.3,70823.1,70233.9,70518.3,3335.521
2026-03-25 00:00:00+00:00,70518.3,71021.6,70443.0,70804.4,3234.382
2026-03-25 01:00:00+00:00,70804.4,70957.4,70600.0,70642.2,1582.524
2026-03-25 02:00:00+00:00,70642.2,70745.7,70457.3,70505.0,1971.072
2026-03-25 03:00:00+00:00,70505.0,70794.6,70379.2,70688.9,1638.251
2026-03-25 04:00:00+00:00,70688.9,70957.0,70670.4,70950.5,1442.798
2026-03-25 05:00:00+00:00,70950.5,71323.5,70915.6,71087.2,4277.491
2026-03-25 06:00:00+00:00,71087.2,71248.8,70956.3,70956.7,2406.859
2026-03-25 07:00:00+00:00,70956.7,71246.3,70854.0,70904.3,2256.57
2026-03-25 08:00:00+00:00,70904.3,71485.0,70763.4,71212.8,4858.97
2026-03-25 09:00:00+00:00,71212.8,71387.7,71060.0,71313.1,2283.813
2026-03-25 10:00:00+00:00,71313.1,71630.0,71260.0,71467.1,2189.845
2026-03-25 11:00:00+00:00,71467.1,71984.8,71430.6,71644.6,6259.749
2026-03-25 12:00:00+00:00,71644.6,71930.0,71067.2,71684.2,8070.967
2026-03-25 13:00:00+00:00,71684.2,71930.0,71462.2,71539.0,3179.158
2026-03-25 14:00:00+00:00,71539.0,71673.5,71182.3,71195.8,6139.539
2026-03-25 15:00:00+00:00,71195.8,71266.5,70515.5,70788.4,7813.587
2026-03-25 16:00:00+00:00,70788.4,71731.0,70664.2,71284.1,6826.021
2026-03-25 17:00:00+00:00,71284.1,71361.5,70677.0,70743.0,3059.602
2026-03-25 18:00:00+00:00,70743.0,71169.9,70633.1,70782.3,3136.722
2026-03-25 19:00:00+00:00,70782.3,71074.5,70735.9,70850.0,1662.501
2026-03-25 20:00:00+00:00,70850.0,71025.0,70600.0,70969.4,1898.853
2026-03-25 21:00:00+00:00,70969.4,71149.8,70907.4,70997.6,1298.43
2026-03-25 22:00:00+00:00,70997.6,71630.4,70892.1,71330.7,2431.462
2026-03-25 23:00:00+00:00,71330.7,71415.5,71150.0,71304.3,1267.624
2026-03-26 00:00:00+00:00,71304.3,71420.9,71100.0,71269.2,1591.743
2026-03-26 01:00:00+00:00,71269.2,71354.5,71121.3,71214.4,881.946
2026-03-26 02:00:00+00:00,71214.4,71256.1,70646.2,70853.6,2332.624
2026-03-26 03:00:00+00:00,70853.6,70941.2,70650.0,70876.8,1132.295
2026-03-26 04:00:00+00:00,70876.8,70884.9,70678.0,70733.4,943.355
2026-03-26 05:00:00+00:00,70733.4,70769.7,69901.3,69978.8,6120.817
2026-03-26 06:00:00+00:00,69978.8,70111.0,69816.4,70054.0,3652.68
2026-03-26 07:00:00+00:00,70054.0,70134.4,69750.0,70052.7,2660.323
2026-03-26 08:00:00+00:00,70052.7,70092.8,69763.0,69987.9,4066.767
2026-03-26 09:00:00+00:00,69987.9,70117.0,69372.0,69545.1,4689.495
2026-03-26 10:00:00+00:00,69545.1,69685.4,69418.7,69486.6,2216.437
2026-03-26 11:00:00+00:00,69486.6,69633.3,69151.3,69237.0,3544.241
2026-03-26 12:00:00+00:00,69237.0,69432.7,69180.2,69399.8,2308.336
2026-03-26 13:00:00+00:00,69399.8,69846.2,69163.4,69610.3,6690.559
2026-03-26 14:00:00+00:00,69610.3,69796.3,69215.8,69434.3,3741.407
2026-03-26 15:00:00+00:00,69434.3,69462.7,68590.0,69056.0,8281.121
2026-03-26 16:00:00+00:00,69056.0,69056.0,68778.6,68896.0,3262.593
2026-03-26 17:00:00+00:00,68896.0,69136.0,68332.0,68454.6,4104.159
2026-03-26 18:00:00+00:00,68454.6,68582.9,68100.6,68460.4,4438.146
2026-03-26 19:00:00+00:00,68460.4,68661.1,68309.4,68505.8,2492.381
2026-03-26 20:00:00+00:00,68505.8,69506.0,68383.9,68973.2,10254.084
2026-03-26 21:00:00+00:00,68973.2,69186.8,68839.9,68884.9,1875.433
2026-03-26 22:00:00+00:00,68884.9,69000.0,68570.0,68870.5,2005.046
2026-03-26 23:00:00+00:00,68870.5,68979.8,68601.9,68793.4,1371.818
2026-03-27 00:00:00+00:00,68793.4,68949.3,68482.8,68749.6,2646.178
2026-03-27 01:00:00+00:00,68749.6,69038.0,68666.0,69022.8,1294.162
2026-03-27 02:00:00+00:00,69022.8,69150.0,68817.1,68873.5,1262.267
2026-03-27 03:00:00+00:00,68873.5,68890.1,68629.6,68738.9,1610.715
2026-03-27 04:00:00+00:00,68738.9,68764.8,68255.2,68541.3,3875.389
2026-03-27 05:00:00+00:00,68541.3,68841.7,68457.2,68595.8,1775.322
2026-03-27 06:00:00+00:00,68595.8,68815.9,68530.6,68624.2,1047.458
2026-03-27 07:00:00+00:00,68624.2,68935.3,68404.7,68500.8,4076.931
2026-03-27 08:00:00+00:00,68500.8,68594.0,67535.4,67875.7,8692.182
2026-03-27 09:00:00+00:00,67875.7,67908.0,67490.8,67655.2,4076.642
2026-03-27 10:00:00+00:00,67655.2,67743.9,66273.0,66464.0,11238.466
2026-03-27 11:00:00+00:00,66464.0,66829.3,66174.6,66667.9,5169.061
2026-03-27 12:00:00+00:00,66667.9,66745.8,66378.3,66576.1,3165.564
2026-03-27 13:00:00+00:00,66576.1,66710.3,65963.1,66148.9,7395.277
2026-03-27 14:00:00+00:00,66148.9,66372.1,65688.3,66157.6,8995.776
2026-03-27 15:00:00+00:00,66157.6,66624.3,65926.8,66086.0,6747.265
2026-03-27 16:00:00+00:00,66086.0,66163.5,65758.5,65945.4,4635.34
2026-03-27 17:00:00+00:00,65945.4,66300.3,65538.2,65596.6,6447.19
2026-03-27 18:00:00+00:00,65596.6,65926.4,65504.7,65802.7,2738.472
2026-03-27 19:00:00+00:00,65802.7,66156.3,65660.5,66015.6,5093.342
2026-03-27 20:00:00+00:00,66015.6,66160.1,65786.2,66000.6,2459.768
2026-03-27 21:00:00+00:00,66000.6,66189.1,65983.1,66054.7,1510.534
2026-03-27 22:00:00+00:00,66054.7,66067.5,65880.7,65992.1,975.359
2026-03-27 23:00:00+00:00,65992.1,66396.7,65938.3,66374.7,1635.066
2026-03-28 00:00:00+00:00,66374.7,66493.6,66257.4,66400.1,1582.985
2026-03-28 01:00:00+00:00,66400.1,66400.1,66014.7,66146.9,2486.982
2026-03-28 02:00:00+00:00,66146.9,66221.4,65880.7,66021.2,1804.682
2026-03-28 03:00:00+00:00,66021.2,66211.8,66021.1,66197.4,764.901
2026-03-28 04:00:00+00:00,66197.4,66273.1,66071.2,66251.8,735.31
2026-03-28 05:00:00+00:00,66251.8,66353.8,66170.8,66313.7,619.861
2026-03-28 06:00:00+00:00,66313.7,66469.3,66269.6,66355.3,967.093
2026-03-28 07:00:00+00:00,66355.3,66541.4,66346.5,66529.4,1262.419
2026-03-28 08:00:00+00:00,66529.4,66534.8,66354.5,66375.9,1530.265
2026-03-28 09:00:00+00:00,66375.9,66375.9,66191.7,66270.8,1282.369
2026-03-28 10:00:00+00:00,66270.8,66384.8,66068.2,66188.8,1262.792
2026-03-28 11:00:00+00:00,66188.8,66330.6,66163.5,66288.1,779.864
2026-03-28 12:00:00+00:00,66288.1,66498.0,66190.8,66419.4,1464.549
2026-03-28 13:00:00+00:00,66419.4,67142.8,66359.9,66806.1,5637.41
2026-03-28 14:00:00+00:00,66806.1,66948.9,66611.5,66710.7,1958.268
2026-03-28 15:00:00+00:00,66710.7,67287.8,66677.6,66983.9,3438.786
2026-03-28 16:00:00+00:00,66983.9,67072.0,66813.0,66890.1,2042.398
2026-03-28 17:00:00+00:00,66890.1,66959.4,66636.5,66808.6,1960.298
2026-03-28 18:00:00+00:00,66808.6,66923.7,66794.5,66870.2,786.232
2026-03-28 19:00:00+00:00,66870.2,66921.1,66752.1,66879.9,562.307
2026-03-28 20:00:00+00:00,66879.9,66979.2,66863.5,66883.1,845.902
2026-03-28 21:00:00+00:00,66883.1,66892.9,66558.0,66647.2,1275.493
2026-03-28 22:00:00+00:00,66647.2,66755.0,66558.1,66724.9,1104.948
2026-03-28 23:00:00+00:00,66724.9,66724.9,66239.1,66345.4,2999.465
2026-03-29 00:00:00+00:00,66345.4,66481.0,66250.0,66448.8,1033.353
2026-03-29 01:00:00+00:00,66448.8,66588.0,66339.5,66537.6,1318.025
2026-03-29 02:00:00+00:00,66537.6,66827.4,66501.4,66776.9,1215.945
2026-03-29 03:00:00+00:00,66776.9,67113.3,66719.4,66879.3,1768.652
2026-03-29 04:00:00+00:00,66879.3,66909.7,66682.0,66703.6,805.67
2026-03-29 05:00:00+00:00,66703.6,66789.0,66557.4,66738.3,1388.869
2026-03-29 06:00:00+00:00,66738.3,66847.3,66596.2,66700.2,619.135
2026-03-29 07:00:00+00:00,66700.2,66724.0,66511.3,66625.7,1112.922
2026-03-29 08:00:00+00:00,66625.7,66748.4,66552.7,66683.0,669.951
2026-03-29 09:00:00+00:00,66683.0,66728.5,66469.5,66595.6,966.87
2026-03-29 10:00:00+00:00,66595.6,66595.6,66369.6,66468.4,1599.91
2026-03-29 11:00:00+00:00,66468.4,66979.9,66468.3,66774.2,2296.003
2026-03-29 12:00:00+00:00,66774.2,66845.0,66666.0,66824.7,1330.76
2026-03-29 13:00:00+00:00,66824.7,66845.0,66500.0,66548.2,1615.754
2026-03-29 14:00:00+00:00,66548.2,66778.3,66420.2,66563.9,1377.066
2026-03-29 15:00:00+00:00,66563.9,66699.5,66276.6,66499.3,2945.385
2026-03-29 16:00:00+00:00,66499.3,66639.4,66396.1,66468.2,1229.166
2026-03-29 17:00:00+00:00,66468.2,66519.9,66111.2,66349.3,2140.607
2026-03-29 18:00:00+00:00,66349.3,66514.2,66283.0,66390.0,744.898
2026-03-29 19:00:00+00:00,66390.0,66457.5,66287.5,66320.5,892.113
2026-03-29 20:00:00+00:00,66320.5,66765.9,66312.1,66577.8,1676.617
2026-03-29 21:00:00+00:00,66577.8,66733.0,66470.0,66675.6,982.556
2026-03-29 22:00:00+00:00,66675.6,66684.9,64935.7,65828.1,12660.806
2026-03-29 23:00:00+00:00,65828.1,66377.9,65821.9,65990.7,5487.818
2026-03-30 00:00:00+00:00,65990.7,67049.6,65747.8,66248.0,9902.154
2026-03-30 01:00:00+00:00,66248.0,66800.0,66246.0,66622.0,2970.944
2026-03-30 02:00:00+00:00,66622.0,67442.5,66534.3,67084.3,5272.548
2026-03-30 03:00:00+00:00,67084.3,67299.5,66936.8,67143.6,1981.288
2026-03-30 04:00:00+00:00,67143.6,67641.0,67129.2,67582.9,3306.357
2026-03-30 05:00:00+00:00,67582.9,67802.3,67400.0,67462.8,2610.856
2026-03-30 06:00:00+00:00,67462.8,67550.0,67239.8,67271.1,1960.194
2026-03-30 07:00:00+00:00,67271.1,67610.9,67185.2,67595.0,2405.036
2026-03-30 08:00:00+00:00,67595.0,67924.1,67573.1,67634.2,3743.693
2026-03-30 09:00:00+00:00,67634.2,67662.8,67419.0,67463.9,1555.316
2026-03-30 10:00:00+00:00,67463.9,67487.8,67324.1,67457.5,1161.623
2026-03-30 11:00:00+00:00,67457.5,68000.0,67447.2,67649.5,4055.505
2026-03-30 12:00:00+00:00,67649.5,67955.6,67626.5,67861.5,2222.785
2026-03-30 13:00:00+00:00,67861.5,68199.9,67405.0,67500.1,5993.649
2026-03-30 14:00:00+00:00,67500.1,67853.7,67050.1,67774.1,6845.015
2026-03-30 15:00:00+00:00,67774.1,67887.0,67370.0,67602.7,5936.085
2026-03-30 16:00:00+00:00,67602.7,67626.2,67182.6,67335.8,2578.064
2026-03-30 17:00:00+00:00,67335.8,67444.3,66620.0,66803.3,6284.92
2026-03-30 18:00:00+00:00,66803.3,66900.0,66457.9,66620.5,3475.626
2026-03-30 19:00:00+00:00,66620.5,66636.4,66184.2,66512.2,4096.186
2026-03-30 20:00:00+00:00,66512.2,66666.0,66485.9,66613.8,1459.246
2026-03-30 21:00:00+00:00,66613.8,66957.4,66545.5,66769.3,2069.091
2026-03-30 22:00:00+00:00,66769.3,66961.0,66620.5,66743.8,1141.412
2026-03-30 23:00:00+00:00,66743.8,66767.4,66374.3,66767.3,1875.951
2026-03-31 00:00:00+00:00,66767.3,67286.0,66504.5,67178.0,3358.833
2026-03-31 01:00:00+00:00,67178.0,68397.1,67013.7,67903.4,8362.007
2026-03-31 02:00:00+00:00,67903.4,68075.9,67738.8,67920.3,2120.616
2026-03-31 03:00:00+00:00,67920.3,67986.5,67581.1,67677.8,2308.631
2026-03-31 04:00:00+00:00,67677.8,67865.6,67430.0,67511.0,2983.274
2026-03-31 05:00:00+00:00,67511.0,67748.7,67360.0,67644.0,2178.246
2026-03-31 06:00:00+00:00,67644.0,67677.1,67300.0,67466.9,1604.313
2026-03-31 07:00:00+00:00,67466.9,67496.2,67067.9,67344.9,2693.118
2026-03-31 08:00:00+00:00,67344.9,67475.7,66637.8,66736.5,4573.98
2026-03-31 09:00:00+00:00,66736.5,66897.0,65950.0,66096.2,7264.003
2026-03-31 10:00:00+00:00,66096.2,66458.1,66062.5,66322.9,3891.517
2026-03-31 11:00:00+00:00,66322.9,66847.3,66192.2,66649.7,5296.665
2026-03-31 12:00:00+00:00,66649.7,66925.2,66480.3,66611.2,3001.736
2026-03-31 13:00:00+00:00,66611.2,67400.0,66611.1,67270.1,6155.404
2026-03-31 14:00:00+00:00,67270.1,67744.7,66403.4,66562.9,9991.963
2026-03-31 15:00:00+00:00,66562.9,67267.1,66562.9,66710.0,7091.623
2026-03-31 16:00:00+00:00,66710.0,67993.8,66699.0,67644.7,7267.616
2026-03-31 17:00:00+00:00,67644.7,68599.9,67366.7,67500.0,11110.089
2026-03-31 18:00:00+00:00,67500.0,67921.5,67495.0,67813.9,2706.31
2026-03-31 19:00:00+00:00,67813.9,67997.9,67664.3,67802.9,2197.837
2026-03-31 20:00:00+00:00,67802.9,68248.6,67790.6,68241.0,2528.51
2026-03-31 21:00:00+00:00,68241.0,68400.0,67838.4,68235.4,2522.011
2026-03-31 22:00:00+00:00,68235.4,68318.0,67919.7,68149.2,2087.362
2026-03-31 23:00:00+00:00,68149.2,68339.8,68033.7,68244.6,1476.668
2026-04-01 00:00:00+00:00,68244.6,68320.6,67813.0,68295.9,2704.358
2026-04-01 01:00:00+00:00,68295.9,68333.0,67706.5,67755.6,3056.08
2026-04-01 02:00:00+00:00,67755.6,67879.3,67543.8,67632.7,2160.018
2026-04-01 03:00:00+00:00,67632.7,68226.3,67632.7,68134.9,2236.369
2026-04-01 04:00:00+00:00,68134.9,68474.5,67973.7,68279.5,3062.72
2026-04-01 05:00:00+00:00,68279.5,68779.0,68119.0,68423.6,4398.96
2026-04-01 06:00:00+00:00,68423.6,69225.0,68423.6,69077.3,5908.293
2026-04-01 07:00:00+00:00,69077.3,69301.0,68643.0,68662.3,5453.299
2026-04-01 08:00:00+00:00,68662.3,68858.8,68428.0,68633.1,3596.5
2026-04-01 09:00:00+00:00,68633.1,68710.0,68342.7,68611.8,2469.061
2026-04-01 10:00:00+00:00,68611.8,68641.1,68373.5,68551.6,1565.81
2026-04-01 11:00:00+00:00,68551.6,68731.4,68472.0,68674.7,1495.706
2026-04-01 12:00:00+00:00,68674.7,68777.0,68222.2,68365.4,4707.483
2026-04-01 13:00:00+00:00,68365.4,68650.0,67831.7,68081.9,6434.917
2026-04-01 14:00:00+00:00,68081.9,68648.6,68016.0,68562.0,4023.607
2026-04-01 15:00:00+00:00,68562.0,68933.0,68380.4,68879.5,3447.392
2026-04-01 16:00:00+00:00,68879.5,68970.0,68572.1,68777.5,3584.28
2026-04-01 17:00:00+00:00,68777.5,69164.4,68203.9,68225.7,4565.764
2026-04-01 18:00:00+00:00,68225.7,68299.6,67900.0,68049.1,3734.885
2026-04-01 19:00:00+00:00,68049.1,68259.9,67985.3,68140.7,1775.709
2026-04-01 20:00:00+00:00,68140.7,68212.0,67922.0,68155.5,1207.658
2026-04-01 21:00:00+00:00,68155.5,68498.3,68130.0,68321.1,1789.677
2026-04-01 22:00:00+00:00,68321.1,68321.1,68030.0,68086.9,1202.77
2026-04-01 23:00:00+00:00,68086.9,68224.5,67955.2,68086.0,852.078
2026-04-02 00:00:00+00:00,68086.0,68645.7,68011.0,68556.9,2267.706
2026-04-02 01:00:00+00:00,68556.9,68556.9,67000.0,67317.8,14535.652
2026-04-02 02:00:00+00:00,67317.8,67319.8,66583.1,66820.1,4963.48
2026-04-02 03:00:00+00:00,66820.1,66933.1,66444.0,66540.0,3195.171
2026-04-02 04:00:00+00:00,66540.0,66615.1,66171.1,66290.1,3245.031
2026-04-02 05:00:00+00:00,66290.1,66605.7,66270.1,66550.1,2867.558
2026-04-02 06:00:00+00:00,66550.1,66783.3,66500.0,66649.0,2418.385
2026-04-02 07:00:00+00:00,66649.0,66900.0,66508.2,66889.0,2109.443
2026-04-02 08:00:00+00:00,66889.0,66889.1,66299.0,66414.9,2449.384
2026-04-02 09:00:00+00:00,66414.9,66492.9,66255.0,66429.1,2242.248
2026-04-02 10:00:00+00:00,66429.1,66474.1,66179.5,66424.7,1968.919
2026-04-02 11:00:00+00:00,66424.7,66450.0,66106.0,66176.4,2657.454
2026-04-02 12:00:00+00:00,66176.4,66215.1,65903.5,66013.2,4087.213
2026-04-02 13:00:00+00:00,66013.2,66273.9,65666.0,66236.8,6057.302
2026-04-02 14:00:00+00:00,66236.8,67081.1,66130.0,66829.6,9756.524
2026-04-02 15:00:00+00:00,66829.6,66970.4,66602.3,66814.9,3653.985
2026-04-02 16:00:00+00:00,66814.9,67288.0,66718.3,67054.7,4191.563
2026-04-02 17:00:00+00:00,67054.7,67403.9,66635.3,66653.5,5702.506
2026-04-02 18:00:00+00:00,66653.5,67041.9,66568.2,66949.9,2390.724
2026-04-02 19:00:00+00:00,66949.9,67083.5,66824.3,66946.3,2505.493
2026-04-02 20:00:00+00:00,66946.3,67089.8,66754.1,66911.5,1328.547
2026-04-02 21:00:00+00:00,66911.5,66983.3,66680.0,66913.0,1399.227
2026-04-02 22:00:00+00:00,66913.0,67013.3,66785.6,66954.1,979.504
2026-04-02 23:00:00+00:00,66954.1,67069.6,66818.5,66870.9,728.1
2026-04-03 00:00:00+00:00,66870.9,66976.3,66653.2,66758.7,1144.763
2026-04-03 01:00:00+00:00,66758.7,66890.4,66450.1,66592.9,2099.244
2026-04-03 02:00:00+00:00,66592.9,66720.8,66240.0,66503.3,3161.544
2026-04-03 03:00:00+00:00,66503.3,66696.4,66455.0,66544.4,1323.859
2026-04-03 04:00:00+00:00,66544.4,66662.4,66465.1,66578.2,792.01
2026-04-03 05:00:00+00:00,66578.2,66773.3,66373.0,66579.3,1657.975
2026-04-03 06:00:00+00:00,66579.3,66777.4,66516.1,66770.2,1367.445
2026-04-03 07:00:00+00:00,66770.2,67230.0,66720.9,67011.9,4519.368
2026-04-03 08:00:00+00:00,67011.9,67273.3,66876.0,66931.9,2665.12
2026-04-03 09:00:00+00:00,66931.9,66985.0,66707.5,66835.2,1980.678
2026-04-03 10:00:00+00:00,66835.2,66870.0,66647.2,66848.6,1308.508
2026-04-03 11:00:00+00:00,66848.6,67032.9,66784.6,66987.7,1548.497
2026-04-03 12:00:00+00:00,66987.7,67344.9,66600.0,66693.0,4709.297
2026-04-03 13:00:00+00:00,66693.0,66709.6,66468.9,66642.9,3100.891
2026-04-03 14:00:00+00:00,66642.9,66964.0,66600.0,66896.9,3057.112
2026-04-03 15:00:00+00:00,66896.9,66998.0,66790.1,66809.1,1464.026
2026-04-03 16:00:00+00:00,66809.1,67046.2,66799.0,66973.0,992.543
2026-04-03 17:00:00+00:00,66973.0,67043.2,66726.0,66807.6,1943.576
2026-04-03 18:00:00+00:00,66807.6,66898.8,66744.0,66780.3,540.309
2026-04-03 19:00:00+00:00,66780.3,66881.7,66736.9,66859.2,613.798
2026-04-03 20:00:00+00:00,66859.2,66894.0,66790.6,66796.9,427.588
2026-04-03 21:00:00+00:00,66796.9,66946.0,66785.2,66930.4,1033.809
2026-04-03 22:00:00+00:00,66930.4,66946.0,66814.9,66856.7,393.353
2026-04-03 23:00:00+00:00,66856.7,66932.8,66795.0,66932.7,446.023
2026-04-04 00:00:00+00:00,66932.7,66945.5,66827.1,66874.4,634.338
2026-04-04 01:00:00+00:00,66874.4,66900.0,66794.8,66824.3,520.137
2026-04-04 02:00:00+00:00,66824.3,66891.9,66778.7,66817.2,306.414
2026-04-04 03:00:00+00:00,66817.2,66876.4,66792.1,66799.6,311.901
2026-04-04 04:00:00+00:00,66799.6,66848.0,66737.0,66829.0,475.504
2026-04-04 05:00:00+00:00,66829.0,66905.3,66802.7,66876.0,479.11
2026-04-04 06:00:00+00:00,66876.0,67022.1,66873.9,66976.0,726.701
2026-04-04 07:00:00+00:00,66976.0,67015.0,66903.1,66980.5,858.227
2026-04-04 08:00:00+00:00,66980.5,67025.3,66880.0,66913.6,526.308
2026-04-04 09:00:00+00:00,66913.6,66963.1,66878.8,66952.7,513.844
2026-04-04 10:00:00+00:00,66952.7,67148.7,66857.0,67136.4,1536.151
2026-04-04 11:00:00+00:00,67136.4,67199.9,67036.2,67136.5,1405.537
2026-04-04 12:00:00+00:00,67136.5,67165.7,67019.4,67064.9,573.16
2026-04-04 13:00:00+00:00,67064.9,67240.4,67050.0,67164.9,862.577
2026-04-04 14:00:00+00:00,67164.9,67192.4,66983.3,67181.4,1367.77
2026-04-04 15:00:00+00:00,67181.4,67543.0,67142.2,67352.4,3439.842
2026-04-04 16:00:00+00:00,67352.4,67488.0,67290.2,67336.4,1807.77
2026-04-04 17:00:00+00:00,67336.4,67388.0,67254.3,67309.1,828.58
2026-04-04 18:00:00+00:00,67309.1,67350.0,67215.3,67262.6,565.157
2026-04-04 19:00:00+00:00,67262.6,67526.0,67240.0,67262.2,931.845
2026-04-04 20:00:00+00:00,67262.2,67269.1,67125.1,67242.4,796.74
2026-04-04 21:00:00+00:00,67242.4,67445.9,67175.9,67322.3,705.606
2026-04-04 22:00:00+00:00,67322.3,67432.9,67295.6,67369.9,687.637
2026-04-04 23:00:00+00:00,67369.9,67370.0,67222.0,67266.7,495.467
2026-04-05 00:00:00+00:00,67266.7,67274.4,67127.7,67178.5,511.434
2026-04-05 01:00:00+00:00,67178.5,67207.8,67036.0,67051.1,1095.978
2026-04-05 02:00:00+00:00,67051.1,67150.0,66905.1,67135.7,1217.407
2026-04-05 03:00:00+00:00,67135.7,67159.6,67047.1,67110.0,354.671
2026-04-05 04:00:00+00:00,67110.0,67159.0,67032.6,67062.7,350.232
2026-04-05 05:00:00+00:00,67062.7,67122.9,66810.6,66897.2,931.904
2026-04-05 06:00:00+00:00,66897.2,66912.8,66567.0,66763.1,2880.611
2026-04-05 07:00:00+00:00,66763.1,66881.1,66673.4,66780.5,1393.324
2026-04-05 08:00:00+00:00,66780.5,66898.9,66774.6,66890.2,946.2
2026-04-05 09:00:00+00:00,66890.2,67012.9,66857.1,66990.8,738.653
2026-04-05 10:00:00+00:00,66990.8,67115.9,66919.7,67006.1,1021.696
2026-04-05 11:00:00+00:00,67006.1,67064.4,66933.1,66972.7,565.352
2026-04-05 12:00:00+00:00,66972.7,66972.7,66638.0,66751.2,1938.121
2026-04-05 13:00:00+00:00,66751.2,66897.2,66659.5,66859.4,1706.552
2026-04-05 14:00:00+00:00,66859.4,66942.4,66778.8,66899.5,882.36
2026-04-05 15:00:00+00:00,66899.5,67828.6,66799.8,67268.6,8418.916
2026-04-05 16:00:00+00:00,67268.6,67385.8,67142.7,67183.3,1590.47
2026-04-05 17:00:00+00:00,67183.3,67386.2,67151.3,67343.9,955.639
2026-04-05 18:00:00+00:00,67343.9,67429.0,67241.5,67382.4,1042.245
2026-04-05 19:00:00+00:00,67382.4,67551.9,67250.0,67331.8,1065.048
2026-04-05 20:00:00+00:00,67331.8,67685.0,67298.4,67629.8,1774.55
2026-04-05 21:00:00+00:00,67629.8,67650.0,67377.4,67521.5,1362.857
2026-04-05 22:00:00+00:00,67521.5,68363.6,67302.5,68311.0,7548.527
2026-04-05 23:00:00+00:00,68311.0,69115.9,68225.0,69002.4,7856.37
2026-04-06 00:00:00+00:00,69002.4,69564.0,69000.9,69053.3,7121.857
2026-04-06 01:00:00+00:00,69053.3,69105.1,68754.6,68780.7,2565.49
2026-04-06 02:00:00+00:00,68780.7,69387.8,68733.6,69181.9,2719.486
2026-04-06 03:00:00+00:00,69181.9,69231.7,69030.5,69099.7,1170.827
2026-04-06 04:00:00+00:00,69099.7,69194.3,68950.0,69102.9,1181.416
2026-04-06 05:00:00+00:00,69102.9,69214.0,69050.0,69166.1,792.235
2026-04-06 06:00:00+00:00,69166.1,69322.9,68769.3,68939.9,2633.511
2026-04-06 07:00:00+00:00,68939.9,69195.2,68791.8,69085.1,1726.42
2026-04-06 08:00:00+00:00,69085.1,69349.2,69043.7,69186.3,1296.288
2026-04-06 09:00:00+00:00,69186.3,70250.0,69179.1,69699.4,9050.414
2026-04-06 10:00:00+00:00,69699.4,69923.0,69652.5,69732.7,2117.065
2026-04-06 11:00:00+00:00,69732.7,69732.7,69512.7,69584.3,1341.508
2026-04-06 12:00:00+00:00,69584.3,69606.8,69288.8,69337.6,2837.65
2026-04-06 13:00:00+00:00,69337.6,69516.6,69160.2,69396.0,3270.763
2026-04-06 14:00:00+00:00,69396.0,69784.0,69120.0,69619.7,6348.101
2026-04-06 15:00:00+00:00,69619.7,69939.5,69490.0,69925.8,3474.335
2026-04-06 16:00:00+00:00,69925.8,70351.7,69740.0,69759.2,5852.181
2026-04-06 17:00:00+00:00,69759.2,69783.2,69226.3,69531.5,4946.061
2026-04-06 18:00:00+00:00,69531.5,69950.7,69437.6,69853.0,3696.389
2026-04-06 19:00:00+00:00,69853.0,69854.1,69532.7,69700.5,2114.578
2026-04-06 20:00:00+00:00,69700.5,69950.0,69576.6,69782.7,1466.842
2026-04-06 21:00:00+00:00,69782.7,69785.2,69386.9,69472.5,1140.129
2026-04-06 22:00:00+00:00,69472.5,69547.0,68769.0,68769.0,4191.959
2026-04-06 23:00:00+00:00,68769.0,68875.0,68272.0,68807.5,7442.631
2026-04-07 00:00:00+00:00,68807.5,69087.5,68670.5,68732.7,2595.469
2026-04-07 01:00:00+00:00,68732.7,68873.6,68300.0,68362.1,2938.323
2026-04-07 02:00:00+00:00,68362.1,68688.0,68224.7,68632.9,2275.583
2026-04-07 03:00:00+00:00,68632.9,68767.0,68580.9,68741.3,1134.881
2026-04-07 04:00:00+00:00,68741.3,68944.0,68504.9,68814.1,1886.771
2026-04-07 05:00:00+00:00,68814.1,68826.0,68574.7,68620.4,998.104
2026-04-07 06:00:00+00:00,68620.4,68623.3,68404.0,68539.1,1380.615
2026-04-07 07:00:00+00:00,68539.1,68676.8,68460.3,68582.5,1247.655
2026-04-07 08:00:00+00:00,68582.5,68958.9,68563.5,68905.4,2179.37
2026-04-07 09:00:00+00:00,68905.4,69224.3,68890.2,69112.9,3348.235
2026-04-07 10:00:00+00:00,69112.9,69181.3,68175.0,68200.9,6436.513
2026-04-07 11:00:00+00:00,68200.9,68427.9,68015.1,68299.9,3744.721
2026-04-07 12:00:00+00:00,68299.9,68591.6,68020.1,68361.9,4336.134
2026-04-07 13:00:00+00:00,68361.9,68641.4,68155.7,68202.9,3143.865
2026-04-07 14:00:00+00:00,68202.9,68227.1,67721.2,67822.0,6132.776
2026-04-07 15:00:00+00:00,67822.0,68241.6,67679.0,68132.6,4126.097
2026-04-07 16:00:00+00:00,68132.6,68424.4,68037.0,68206.8,3357.949
2026-04-07 17:00:00+00:00,68206.8,69000.0,68156.4,68666.0,4662.02
2026-04-07 18:00:00+00:00,68666.0,68740.0,68312.5,68409.6,2593.854
2026-04-07 19:00:00+00:00,68409.6,69089.5,68316.6,68976.5,5031.443
2026-04-07 20:00:00+00:00,68976.5,69535.3,68976.5,69291.7,6832.263
2026-04-07 21:00:00+00:00,69291.7,70197.7,69277.0,69896.0,8118.283
2026-04-07 22:00:00+00:00,69896.0,71500.0,69896.0,71484.2,18870.051
2026-04-07 23:00:00+00:00,71484.2,72766.4,71140.4,71894.6,19568.423
2026-04-08 00:00:00+00:00,71894.6,72107.0,71502.4,71682.9,5714.638
2026-04-08 01:00:00+00:00,71682.9,71736.6,71420.0,71450.9,2680.412
2026-04-08 02:00:00+00:00,71450.9,71710.0,71201.1,71330.6,3266.349
2026-04-08 03:00:00+00:00,71330.6,71449.3,71236.2,71255.1,1499.613
2026-04-08 04:00:00+00:00,71255.1,71679.6,71244.1,71535.0,2003.5
2026-04-08 05:00:00+00:00,71535.0,71827.1,71514.3,71713.0,2216.755
2026-04-08 06:00:00+00:00,71713.0,71928.3,71546.4,71705.3,2009.77
2026-04-08 07:00:00+00:00,71705.3,71879.8,71555.7,71612.6,1471.164
2026-04-08 08:00:00+00:00,71612.6,71805.8,71612.5,71777.2,1732.243
2026-04-08 09:00:00+00:00,71777.2,71953.2,71552.0,71654.0,1469.221
2026-04-08 10:00:00+00:00,71654.0,71764.9,71422.6,71435.4,1799.495
2026-04-08 11:00:00+00:00,71435.4,71700.0,71341.3,71650.0,2179.429
2026-04-08 12:00:00+00:00,71650.0,72178.8,71533.2,72033.1,4302.037
2026-04-08 13:00:00+00:00,72033.1,72850.0,71461.7,71560.2,16827.83
2026-04-08 14:00:00+00:00,71560.2,71725.0,70666.4,70877.7,9098.936
2026-04-08 15:00:00+00:00,70877.7,71312.5,70788.6,71270.6,4500.732
2026-04-08 16:00:00+00:00,71270.6,71669.2,71202.7,71554.8,4800.358
2026-04-08 17:00:00+00:00,71554.8,71966.5,71450.0,71847.6,4360.918
2026-04-08 18:00:00+00:00,71847.6,71857.9,70992.6,71066.3,6516.238
2026-04-08 19:00:00+00:00,71066.3,71341.7,70976.8,71283.5,2979.646
2026-04-08 20:00:00+00:00,71283.5,71458.0,71242.2,71340.5,1106.165
2026-04-08 21:00:00+00:00,71340.5,71733.9,71291.2,71518.0,2223.331
2026-04-08 22:00:00+00:00,71518.0,71548.4,71024.8,71024.8,2444.261
2026-04-08 23:00:00+00:00,71024.8,71174.6,70870.0,71033.2,2950.831
2026-04-09 00:00:00+00:00,71033.2,71102.2,70601.3,70773.1,2569.896
2026-04-09 01:00:00+00:00,70773.1,70929.4,70417.2,70891.0,3305.215
2026-04-09 02:00:00+00:00,70891.0,71163.6,70769.2,71026.7,3565.811
2026-04-09 03:00:00+00:00,71026.7,71092.0,70800.0,70958.9,2260.842
2026-04-09 04:00:00+00:00,70958.9,70979.9,70705.0,70749.9,1597.862
2026-04-09 05:00:00+00:00,70749.9,71080.0,70662.5,70950.1,1861.617
2026-04-09 06:00:00+00:00,70950.1,71061.2,70761.4,70989.8,1820.511
2026-04-09 07:00:00+00:00,70989.8,71079.8,70919.4,70950.9,1625.721
2026-04-09 08:00:00+00:00,70950.9,71365.2,70829.1,71216.8,3752.236
2026-04-09 09:00:00+00:00,71216.8,71582.7,71069.2,71505.8,4041.894
2026-04-09 10:00:00+00:00,71505.8,71515.6,71240.8,71240.9,1438.437
2026-04-09 11:00:00+00:00,71240.9,71320.1,71012.7,71120.0,2158.897
2026-04-09 12:00:00+00:00,71120.0,71311.2,70997.0,71259.5,1964.128
2026-04-09 13:00:00+00:00,71259.5,71348.5,70600.1,70775.5,5134.99
2026-04-09 14:00:00+00:00,70775.5,71239.3,70478.4,71088.3,6477.186
2026-04-09 15:00:00+00:00,71088.3,72338.4,70889.0,72118.3,14150.279
2026-04-09 16:00:00+00:00,72118.3,72400.0,71695.5,72051.2,7142.416
2026-04-09 17:00:00+00:00,72051.2,72541.1,72037.1,72317.4,6274.026
2026-04-09 18:00:00+00:00,72317.4,72349.9,71696.6,71858.8,4333.238
2026-04-09 19:00:00+00:00,71858.8,72298.5,71704.0,72053.4,4723.901
2026-04-09 20:00:00+00:00,72053.4,72421.5,71939.8,72384.4,3991.943
2026-04-09 21:00:00+00:00,72384.4,72698.0,72056.8,72232.4,4687.274
2026-04-09 22:00:00+00:00,72232.4,73141.6,71905.7,71910.0,9171.118
2026-04-09 23:00:00+00:00,71910.0,72019.1,71560.0,71755.0,4965.175
2026-04-10 00:00:00+00:00,71755.0,72018.6,71550.2,71946.3,2444.203
2026-04-10 01:00:00+00:00,71946.3,72366.5,71626.9,72134.7,3880.459
2026-04-10 02:00:00+00:00,72134.7,72270.9,71875.3,71931.6,1200.042
2026-04-10 03:00:00+00:00,71931.6,72000.0,71780.5,71841.4,1486.67
2026-04-10 04:00:00+00:00,71841.4,72199.2,71760.5,72095.4,1828.234
2026-04-10 05:00:00+00:00,72095.4,72250.0,71975.0,72099.0,1681.914
2026-04-10 06:00:00+00:00,72099.0,72158.1,71761.2,71776.0,1251.436
2026-04-10 07:00:00+00:00,71776.0,71822.6,71377.6,71459.3,2432.844
2026-04-10 08:00:00+00:00,71459.3,71734.0,71394.5,71575.5,2078.522
2026-04-10 09:00:00+00:00,71575.5,71859.0,71557.0,71741.9,1630.124
2026-04-10 10:00:00+00:00,71741.9,71896.0,71674.0,71869.1,1043.975
2026-04-10 11:00:00+00:00,71869.1,72236.4,71857.1,72097.2,2311.852
2026-04-10 12:00:00+00:00,72097.2,72451.7,71959.9,72226.4,4857.175
2026-04-10 13:00:00+00:00,72226.4,72384.3,71877.0,72292.5,3032.536
2026-04-10 14:00:00+00:00,72292.5,73133.3,72220.0,72882.6,10533.531
2026-04-10 15:00:00+00:00,72882.6,73268.0,72320.3,72429.7,6322.819
2026-04-10 16:00:00+00:00,72429.7,73044.3,72352.2,72963.8,4098.868
2026-04-10 17:00:00+00:00,72963.8,73120.0,72750.0,73095.2,2829.56
2026-04-10 18:00:00+00:00,73095.2,73146.4,72848.7,73065.0,2065.701
2026-04-10 19:00:00+00:00,73065.0,73238.8,72849.2,73203.7,3502.174
2026-04-10 20:00:00+00:00,73203.7,73454.9,73003.3,73325.9,5251.915
2026-04-10 21:00:00+00:00,73325.9,73327.6,72878.6,73153.8,2047.498
2026-04-10 22:00:00+00:00,73153.8,73220.7,72664.1,72830.9,2519.492
2026-04-10 23:00:00+00:00,72830.9,72926.5,72733.0,72920.0,966.643
2026-04-11 00:00:00+00:00,72920.0,72920.1,72719.2,72790.3,904.396
2026-04-11 01:00:00+00:00,72790.3,72967.1,72623.9,72922.0,1215.353
2026-04-11 02:00:00+00:00,72922.0,73063.0,72870.6,72929.5,1114.544
2026-04-11 03:00:00+00:00,72929.5,73039.4,72765.0,72831.6,776.779
2026-04-11 04:00:00+00:00,72831.6,72923.0,72628.3,72770.0,1545.734
2026-04-11 05:00:00+00:00,72770.0,72803.4,72626.4,72683.1,802.467
2026-04-11 06:00:00+00:00,72683.1,72741.0,72571.4,72725.8,827.597
2026-04-11 07:00:00+00:00,72725.8,72798.0,72635.4,72715.8,1018.503
2026-04-11 08:00:00+00:00,72715.8,72767.9,72601.0,72628.3,557.408
2026-04-11 09:00:00+00:00,72628.3,72878.5,72580.9,72867.9,1368.61
2026-04-11 10:00:00+00:00,72867.9,72880.0,72721.3,72803.4,1047.246
2026-04-11 11:00:00+00:00,72803.4,72887.1,72779.6,72871.5,586.748
2026-04-11 12:00:00+00:00,72871.5,72957.5,72761.2,72900.0,1372.559
2026-04-11 13:00:00+00:00,72900.0,72900.0,72481.3,72621.9,2400.284
2026-04-11 14:00:00+00:00,72621.9,72734.5,72567.9,72662.9,750.956
2026-04-11 15:00:00+00:00,72662.9,72869.4,72638.3,72823.2,1026.435
2026-04-11 16:00:00+00:00,72823.2,73197.5,72780.0,73002.6,2297.371
2026-04-11 17:00:00+00:00,73002.6,73146.5,72912.4,73065.2,1408.712
2026-04-11 18:00:00+00:00,73065.2,73718.3,73000.0,73520.3,4609.783
2026-04-11 19:00:00+00:00,73520.3,73800.0,73427.5,73658.9,3600.511
2026-04-11 20:00:00+00:00,73658.9,73671.3,73180.9,73263.1,3076.226
2026-04-11 21:00:00+00:00,73263.1,73517.1,73166.0,73395.1,1154.88
2026-04-11 22:00:00+00:00,73395.1,73538.0,73200.2,73337.9,1171.342
2026-04-11 23:00:00+00:00,73337.9,73337.9,72859.6,73011.6,2170.569
2026-04-12 00:00:00+00:00,73011.6,73086.2,72800.0,73042.5,1649.294
2026-04-12 01:00:00+00:00,73042.5,73104.0,71267.8,71603.8,10287.388
2026-04-12 02:00:00+00:00,71603.8,71926.0,71294.2,71726.5,5635.235
2026-04-12 03:00:00+00:00,71726.5,71830.0,71556.0,71561.6,1645.56
2026-04-12 04:00:00+00:00,71561.6,71650.0,71401.7,71433.3,1650.41
2026-04-12 05:00:00+00:00,71433.3,71749.9,71380.1,71666.1,1476.566
2026-04-12 06:00:00+00:00,71666.1,71718.0,71600.1,71618.6,891.048
2026-04-12 07:00:00+00:00,71618.6,71722.6,71545.0,71635.0,983.184
2026-04-12 08:00:00+00:00,71635.0,71740.0,71552.0,71588.6,812.717
2026-04-12 09:00:00+00:00,71588.6,71597.9,71471.4,71495.1,780.345
2026-04-12 10:00:00+00:00,71495.1,71672.6,71309.4,71413.6,2011.465
2026-04-12 11:00:00+00:00,71413.6,71507.1,71378.1,71426.7,792.838
2026-04-12 12:00:00+00:00,71426.7,71466.6,71000.0,71041.8,4626.966
2026-04-12 13:00:00+00:00,71041.8,71113.4,70815.3,70860.0,4248.218
2026-04-12 14:00:00+00:00,70860.0,71070.3,70650.1,70708.3,4154.873
2026-04-12 15:00:00+00:00,70708.3,70895.2,70567.0,70848.5,3010.659
2026-04-12 16:00:00+00:00,70848.5,70916.9,70777.0,70889.9,1178.518
2026-04-12 17:00:00+00:00,70889.9,71200.0,70848.6,71100.0,2051.457
2026-04-12 18:00:00+00:00,71100.0,71181.0,71012.6,71089.3,1082.889
2026-04-12 19:00:00+00:00,71089.3,71180.6,71026.4,71049.3,1031.932
2026-04-12 20:00:00+00:00,71049.3,71410.0,70913.7,71293.6,2598.538
2026-04-12 21:00:00+00:00,71293.6,71418.5,71114.4,71327.5,1193.237
2026-04-12 22:00:00+00:00,71327.5,71331.7,70450.0,70876.0,6637.535
2026-04-12 23:00:00+00:00,70876.0,70878.5,70521.5,70715.0,1804.97
2026-04-13 00:00:00+00:00,70715.0,71234.6,70580.6,71134.1,2288.554
2026-04-13 01:00:00+00:00,71134.1,71198.8,70992.0,71158.6,1274.778
2026-04-13 02:00:00+00:00,71158.6,71247.8,70941.8,71049.9,969.661
2026-04-13 03:00:00+00:00,71049.9,71136.7,70870.3,70947.1,965.1
2026-04-13 04:00:00+00:00,70947.1,71128.5,70820.9,70865.0,1078.292
2026-04-13 05:00:00+00:00,70865.0,70891.6,70628.0,70849.9,1371.646
2026-04-13 06:00:00+00:00,70849.9,71076.6,70842.7,70993.9,1250.386
2026-04-13 07:00:00+00:00,70993.9,71039.8,70650.0,70776.0,1642.691
2026-04-13 08:00:00+00:00,70776.0,70834.4,70523.4,70637.6,2727.936
2026-04-13 09:00:00+00:00,70637.6,70866.8,70637.6,70762.7,1138.124
2026-04-13 10:00:00+00:00,70762.7,70815.7,70650.0,70718.7,900.503
2026-04-13 11:00:00+00:00,70718.7,70954.2,70703.1,70889.0,1688.06
2026-04-13 12:00:00+00:00,70889.0,71190.0,70724.3,71036.4,2549.837
2026-04-13 13:00:00+00:00,71036.4,71675.1,70775.5,71618.1,7582.449
2026-04-13 14:00:00+00:00,71618.1,72363.0,71335.0,72348.4,11094.82
2026-04-13 15:00:00+00:00,72348.4,72421.6,71609.7,71826.1,6918.236
2026-04-13 16:00:00+00:00,71826.1,72400.0,71626.8,72159.6,7265.412
2026-04-13 17:00:00+00:00,72159.6,72571.5,72018.5,72104.9,4702.244
2026-04-13 18:00:00+00:00,72104.9,72428.5,72000.5,72388.2,3238.636
2026-04-13 19:00:00+00:00,72388.2,73447.3,72253.1,73275.6,10370.392
2026-04-13 20:00:00+00:00,73275.6,73356.0,72967.5,73101.9,3875.876
2026-04-13 21:00:00+00:00,73101.9,73338.0,73033.4,73143.4,1586.084
2026-04-13 22:00:00+00:00,73143.4,74746.4,73129.3,74592.0,13000.935
2026-04-13 23:00:00+00:00,74592.0,74868.2,74350.3,74383.7,4987.198
2026-04-14 00:00:00+00:00,74383.7,74492.3,74074.1,74125.7,3194.919
2026-04-14 01:00:00+00:00,74125.7,74411.3,73932.0,74351.0,1983.253
2026-04-14 02:00:00+00:00,74351.0,74565.0,74249.9,74304.5,1735.856
2026-04-14 03:00:00+00:00,74304.5,74470.0,74215.2,74413.4,1123.608
2026-04-14 04:00:00+00:00,74413.4,74494.7,74315.6,74358.3,976.478
2026-04-14 05:00:00+00:00,74358.3,74410.0,74128.6,74185.8,1215.243
2026-04-14 06:00:00+00:00,74185.8,74524.7,74185.8,74490.7,1361.951
2026-04-14 07:00:00+00:00,74490.7,74932.4,74396.6,74527.2,4373.549
2026-04-14 08:00:00+00:00,74527.2,74900.0,74428.4,74724.2,2629.393
2026-04-14 09:00:00+00:00,74724.2,74802.5,74399.5,74471.7,2178.398
2026-04-14 10:00:00+00:00,74471.7,74574.0,74292.6,74310.8,1554.936
2026-04-14 11:00:00+00:00,74310.8,74434.5,74270.6,74342.2,1150.037
2026-04-14 12:00:00+00:00,74342.2,74479.7,74226.9,74425.5,1747.169
2026-04-14 13:00:00+00:00,74425.5,75491.9,74362.6,75482.0,10084.661
2026-04-14 14:00:00+00:00,75482.0,76010.3,74968.3,74974.2,12371.84
2026-04-14 15:00:00+00:00,74974.2,75412.4,74520.3,75272.3,8420.342
2026-04-14 16:00:00+00:00,75272.3,75649.0,74454.6,74606.0,5337.876
2026-04-14 17:00:00+00:00,74606.0,74914.5,74200.0,74701.0,5028.312
2026-04-14 18:00:00+00:00,74701.0,74771.6,73783.7,74048.1,6023.184
2026-04-14 19:00:00+00:00,74048.1,74348.2,73820.0,74170.3,4566.352
2026-04-14 20:00:00+00:00,74170.3,74395.0,73951.3,74045.2,2474.541
2026-04-14 21:00:00+00:00,74045.2,74271.9,73874.6,74220.1,1759.791
2026-04-14 22:00:00+00:00,74220.1,74327.9,73754.5,73983.2,3252.782
2026-04-14 23:00:00+00:00,73983.2,74207.2,73955.0,74092.2,1843.142
2026-04-15 00:00:00+00:00,74092.2,74634.4,74070.8,74515.0,3171.326
2026-04-15 01:00:00+00:00,74515.0,74765.6,74447.4,74558.2,1944.156
2026-04-15 02:00:00+00:00,74558.2,74654.5,74121.0,74275.4,2294.215
2026-04-15 03:00:00+00:00,74275.4,74333.0,74130.9,74299.9,933.289
2026-04-15 04:00:00+00:00,74299.9,74398.0,74210.2,74288.7,1195.55
2026-04-15 05:00:00+00:00,74288.7,74398.4,73820.2,73975.1,3313.715
2026-04-15 06:00:00+00:00,73975.1,74010.0,73810.7,73848.0,1305.648
2026-04-15 07:00:00+00:00,73848.0,73970.8,73455.5,73701.9,3733.158
2026-04-15 08:00:00+00:00,73701.9,74187.9,73630.1,74063.0,2740.48
2026-04-15 09:00:00+00:00,74063.0,74136.0,73865.0,73963.2,1472.784
2026-04-15 10:00:00+00:00,73963.2,74222.0,73737.2,73817.8,2660.941
2026-04-15 11:00:00+00:00,73817.8,74217.0,73817.8,74158.0,2179.99
2026-04-15 12:00:00+00:00,74158.0,74432.9,74001.8,74222.1,3200.876
2026-04-15 13:00:00+00:00,74222.1,74395.5,73766.2,74014.1,4208.693
2026-04-15 14:00:00+00:00,74014.1,74474.6,73780.8,74111.5,6056.686
2026-04-15 15:00:00+00:00,74111.5,74263.3,73519.0,73798.3,5209.256
2026-04-15 16:00:00+00:00,73798.3,74145.4,73714.4,73899.9,2592.002
2026-04-15 17:00:00+00:00,73899.9,74200.0,73870.0,74094.0,1694.092
2026-04-15 18:00:00+00:00,74094.0,74362.0,74023.7,74347.5,2021.095
2026-04-15 19:00:00+00:00,74347.5,75246.7,74306.7,74960.3,7355.216
2026-04-15 20:00:00+00:00,74960.3,74999.0,74456.9,74791.3,3979.677
2026-04-15 21:00:00+00:00,74791.3,74819.0,74505.4,74704.6,1278.275
2026-04-15 22:00:00+00:00,74704.6,75396.0,74693.6,74929.8,3155.133
2026-04-15 23:00:00+00:00,74929.8,74929.8,74573.6,74778.3,1900.049
2026-04-16 00:00:00+00:00,74778.3,74853.9,74381.1,74770.1,2482.05
2026-04-16 01:00:00+00:00,74770.1,74770.2,74410.4,74611.2,953.603
2026-04-16 02:00:00+00:00,74611.2,75225.0,74557.3,74844.7,2766.577
2026-04-16 03:00:00+00:00,74844.7,75120.0,74826.0,74847.0,1345.5
2026-04-16 04:00:00+00:00,74847.0,75136.2,74680.0,74900.0,1921.774
2026-04-16 05:00:00+00:00,74900.0,75100.5,74850.0,75004.5,827.776
2026-04-16 06:00:00+00:00,75004.5,75076.0,74811.6,74984.6,1080.703
2026-04-16 07:00:00+00:00,74984.6,75045.4,74578.0,74668.9,1554.438
2026-04-16 08:00:00+00:00,74668.9,74718.5,74460.5,74633.9,3266.339
2026-04-16 09:00:00+00:00,74633.9,74865.0,74548.0,74549.5,1970.844
2026-04-16 10:00:00+00:00,74549.5,74611.4,74229.0,74269.0,3337.486
2026-04-16 11:00:00+00:00,74269.0,74540.8,74229.2,74524.9,1935.918
2026-04-16 12:00:00+00:00,74524.9,74875.7,74520.0,74574.7,1787.573
2026-04-16 13:00:00+00:00,74574.7,74976.9,73235.8,73740.0,10286.906
2026-04-16 14:00:00+00:00,73740.0,74154.9,73376.5,73930.1,7414.013
2026-04-16 15:00:00+00:00,73930.1,74871.0,73888.6,74657.0,8211.615
2026-04-16 16:00:00+00:00,74657.0,74899.9,74013.3,74132.7,5129.42
2026-04-16 17:00:00+00:00,74132.7,74414.0,73837.6,74301.9,5025.021
2026-04-16 18:00:00+00:00,74301.9,75069.3,74199.3,75001.1,4270.094
2026-04-16 19:00:00+00:00,75001.1,75388.0,74700.0,75317.4,4877.347
2026-04-16 20:00:00+00:00,75317.4,75506.2,74962.2,75186.9,3009.483
2026-04-16 21:00:00+00:00,75186.9,75249.1,74755.1,74904.1,1963.379
2026-04-16 22:00:00+00:00,74904.1,75095.8,74790.8,74833.0,1492.622
2026-04-16 23:00:00+00:00,74833.0,75140.0,74795.0,75105.6,954.837
2026-04-17 00:00:00+00:00,75105.6,75116.8,74836.2,74897.1,1439.215
2026-04-17 01:00:00+00:00,74897.1,74997.6,74519.6,74703.1,3481.531
2026-04-17 02:00:00+00:00,74703.1,74771.5,74480.2,74667.7,1139.976
2026-04-17 03:00:00+00:00,74667.7,74799.9,74560.0,74569.1,1103.06
2026-04-17 04:00:00+00:00,74569.1,74818.6,74541.9,74745.3,820.36
2026-04-17 05:00:00+00:00,74745.3,74769.5,74491.6,74595.9,1756.191
2026-04-17 06:00:00+00:00,74595.9,74909.7,74544.7,74904.4,2421.616
2026-04-17 07:00:00+00:00,74904.4,75066.2,74890.3,75047.1,2186.973
2026-04-17 08:00:00+00:00,75047.1,75850.1,74952.0,75736.5,5451.971
2026-04-17 09:00:00+00:00,75736.5,76333.0,75481.0,75743.1,8516.468
2026-04-17 10:00:00+00:00,75743.1,75850.0,75049.6,75234.5,4849.659
2026-04-17 11:00:00+00:00,75234.5,75575.2,75203.3,75553.4,1803.774
2026-04-17 12:00:00+00:00,75553.4,76250.0,75486.2,76200.0,5975.952
2026-04-17 13:00:00+00:00,76200.0,77400.0,76015.0,77305.5,19394.819
2026-04-17 14:00:00+00:00,77305.5,78043.4,76970.1,77850.7,12445.456
2026-04-17 15:00:00+00:00,77850.7,77944.1,77386.0,77736.7,5454.714
2026-04-17 16:00:00+00:00,77736.7,78332.6,77652.6,77814.6,5694.536
2026-04-17 17:00:00+00:00,77814.6,77875.6,77056.0,77468.0,5474.84
2026-04-17 18:00:00+00:00,77468.0,77523.9,77034.8,77113.3,2737.566
2026-04-17 19:00:00+00:00,77113.3,77423.9,76900.0,77350.2,3195.096
2026-04-17 20:00:00+00:00,77350.2,77570.9,77099.1,77285.4,1709.901
2026-04-17 21:00:00+00:00,77285.4,77455.9,77232.4,77400.1,1010.84
2026-04-17 22:00:00+00:00,77400.1,77472.8,77220.0,77251.6,1083.714
2026-04-17 23:00:00+00:00,77251.6,77260.8,76837.8,77018.5,2324.33
2026-04-18 00:00:00+00:00,77018.5,77200.1,76904.4,77127.6,1395.699
2026-04-18 01:00:00+00:00,77127.6,77306.8,77065.4,77162.8,1276.128
2026-04-18 02:00:00+00:00,77162.8,77379.9,77065.9,77245.0,1753.627
2026-04-18 03:00:00+00:00,77245.0,77250.0,76911.2,76964.3,1403.676
2026-04-18 04:00:00+00:00,76964.3,77122.5,76825.0,77061.0,1085.64
2026-04-18 05:00:00+00:00,77061.0,77232.8,77057.0,77082.2,925.945
2026-04-18 06:00:00+00:00,77082.2,77192.5,77000.9,77085.3,702.825
2026-04-18 07:00:00+00:00,77085.3,77091.7,76851.1,76955.9,869.89
2026-04-18 08:00:00+00:00,76955.9,77011.0,76444.0,76688.8,3385.318
2026-04-18 09:00:00+00:00,76688.8,76688.9,76368.2,76549.1,2245.881
2026-04-18 10:00:00+00:00,76549.1,76549.2,76080.0,76150.0,3795.15
2026-04-18 11:00:00+00:00,76150.0,76150.0,75702.1,75993.2,4745.904
2026-04-18 12:00:00+00:00,75993.2,76262.8,75993.1,76156.4,2139.634
2026-04-18 13:00:00+00:00,76156.4,76166.0,75728.1,76074.7,1789.817
2026-04-18 14:00:00+00:00,76074.7,76260.8,75930.0,76209.1,1931.257
2026-04-18 15:00:00+00:00,76209.1,76384.4,75950.5,76120.7,2042.789
2026-04-18 16:00:00+00:00,76120.7,76174.4,75609.5,75899.0,2864.863
2026-04-18 17:00:00+00:00,75899.0,75922.9,75730.2,75780.2,1032.689
2026-04-18 18:00:00+00:00,75780.2,75808.7,75380.0,75602.1,3614.128
2026-04-18 19:00:00+00:00,75602.1,75764.9,75524.7,75605.0,1164.223
2026-04-18 20:00:00+00:00,75605.0,75803.6,75555.4,75710.3,1130.87
2026-04-18 21:00:00+00:00,75710.3,75803.7,75547.5,75776.8,652.695
2026-04-18 22:00:00+00:00,75776.8,75840.7,75554.5,75771.7,937.894
2026-04-18 23:00:00+00:00,75771.7,75868.1,75650.0,75650.0,650.553
2026-04-19 00:00:00+00:00,75650.0,75809.7,75500.0,75633.7,981.605
2026-04-19 01:00:00+00:00,75633.7,75764.4,75412.0,75577.3,880.356
2026-04-19 02:00:00+00:00,75577.3,75680.0,75356.0,75453.4,1313.019
2026-04-19 03:00:00+00:00,75453.4,75606.9,75302.8,75477.4,957.487
2026-04-19 04:00:00+00:00,75477.4,75748.7,75369.2,75625.9,1502.881
2026-04-19 05:00:00+00:00,75625.9,75650.0,75470.6,75509.2,692.878
2026-04-19 06:00:00+00:00,75509.2,75510.0,75219.3,75356.1,1829.052
2026-04-19 07:00:00+00:00,75356.1,75358.8,74810.3,75209.0,4302.394
2026-04-19 08:00:00+00:00,75209.0,75265.0,75034.8,75217.8,1717.609
2026-04-19 09:00:00+00:00,75217.8,75231.7,74881.2,74986.2,1469.265
2026-04-19 10:00:00+00:00,74986.2,75221.9,74894.5,75186.3,1614.726
2026-04-19 11:00:00+00:00,75186.3,75619.0,75178.8,75564.6,2630.055
2026-04-19 12:00:00+00:00,75564.6,75674.0,75391.4,75539.1,2457.452
2026-04-19 13:00:00+00:00,75539.1,76211.8,75517.4,75889.7,4345.259
2026-04-19 14:00:00+00:00,75889.7,76118.2,75633.0,75983.9,2078.463
2026-04-19 15:00:00+00:00,75983.9,76121.2,75338.6,75813.4,2666.155
2026-04-19 16:00:00+00:00,75813.4,75822.0,75208.1,75349.9,2957.28
2026-04-19 17:00:00+00:00,75349.9,75361.9,74591.1,74745.2,5356.189
2026-04-19 18:00:00+00:00,74745.2,74866.7,74550.0,74737.0,2445.945
2026-04-19 19:00:00+00:00,74737.0,75040.2,74737.0,74919.0,1276.31
2026-04-19 20:00:00+00:00,74919.0,74921.4,74358.4,74600.2,2521.785
2026-04-19 21:00:00+00:00,74600.2,74779.1,74300.5,74378.3,1452.315
2026-04-19 22:00:00+00:00,74378.3,74378.3,73700.1,74002.4,7774.455
2026-04-19 23:00:00+00:00,74002.4,74025.0,73750.2,73765.8,2166.99
2026-04-20 00:00:00+00:00,73765.8,74330.0,73653.6,74238.8,3887.14
2026-04-20 01:00:00+00:00,74238.8,74700.0,74172.5,74555.7,2548.667
2026-04-20 02:00:00+00:00,74555.7,74592.7,74265.0,74373.6,1423.348
2026-04-20 03:00:00+00:00,74373.6,74612.6,74320.1,74598.8,1297.854
2026-04-20 04:00:00+00:00,74598.8,74600.0,74400.0,74527.6,1203.675
2026-04-20 05:00:00+00:00,74527.6,74527.6,74057.3,74232.3,1966.704
2026-04-20 06:00:00+00:00,74232.3,74865.6,74205.0,74748.7,2636.615
2026-04-20 07:00:00+00:00,74748.7,75544.5,74620.0,74785.8,7827.682
2026-04-20 08:00:00+00:00,74785.8,74969.1,74564.6,74688.4,2998.914
2026-04-20 09:00:00+00:00,74688.4,75204.9,74655.1,75029.1,2153.125
2026-04-20 10:00:00+00:00,75029.1,75371.4,74960.2,74990.5,1695.724
2026-04-20 11:00:00+00:00,74990.5,75250.0,74915.0,75153.2,1499.496
2026-04-20 12:00:00+00:00,75153.2,75621.3,75031.0,75251.5,3845.692
2026-04-20 13:00:00+00:00,75251.5,75399.0,74809.2,75229.9,4353.559
2026-04-20 14:00:00+00:00,75229.9,75737.5,74865.9,74989.1,5687.613
2026-04-20 15:00:00+00:00,74989.1,75759.0,74655.0,75667.3,7240.88
2026-04-20 16:00:00+00:00,75667.3,75682.9,75250.0,75301.0,2623.009
2026-04-20 17:00:00+00:00,75301.0,75931.7,75241.9,75849.6,3543.76
2026-04-20 18:00:00+00:00,75849.6,76429.7,75849.6,76389.9,4705.774
2026-04-20 19:00:00+00:00,76389.9,76444.8,76088.2,76246.5,2490.672
2026-04-20 20:00:00+00:00,76246.5,76528.2,76052.0,76220.9,1972.218
2026-04-20 21:00:00+00:00,76220.9,76323.9,75727.3,75905.9,2024.153
2026-04-20 22:00:00+00:00,75905.9,76110.8,75850.7,75927.6,1173.397
2026-04-20 23:00:00+00:00,75927.6,75927.6,75562.9,75789.1,1744.306
2026-04-21 00:00:00+00:00,75789.1,76073.6,75646.2,76056.1,1956.485
2026-04-21 01:00:00+00:00,76056.1,76234.5,75820.5,75887.2,1679.517
2026-04-21 02:00:00+00:00,75887.2,75905.6,75509.3,75538.7,2855.16
2026-04-21 03:00:00+00:00,75538.7,75709.6,75440.0,75667.4,1677.316
2026-04-21 04:00:00+00:00,75667.4,75780.4,75556.1,75760.8,980.849
2026-04-21 05:00:00+00:00,75760.8,75943.4,75732.0,75762.3,1044.242
2026-04-21 06:00:00+00:00,75762.3,76096.1,75647.5,75930.0,1352.387
2026-04-21 07:00:00+00:00,75930.0,76283.3,75767.1,76056.0,2529.345
2026-04-21 08:00:00+00:00,76056.0,76934.1,76024.4,76469.4,4100.564
2026-04-21 09:00:00+00:00,76469.4,76555.0,76117.3,76331.4,2207.532
2026-04-21 10:00:00+00:00,76331.4,76851.7,76309.3,76700.1,2620.288
2026-04-21 11:00:00+00:00,76700.1,76713.0,76282.4,76415.4,2393.461
2026-04-21 12:00:00+00:00,76415.4,76498.0,75622.7,75968.4,5417.584
2026-04-21 13:00:00+00:00,75968.4,76151.6,75687.6,75858.2,4213.413
2026-04-21 14:00:00+00:00,75858.2,76559.6,75567.3,75616.2,6186.879
2026-04-21 15:00:00+00:00,75616.2,75940.6,75359.7,75791.0,4051.638
2026-04-21 16:00:00+00:00,75791.0,76147.4,75708.7,75729.7,2209.63
2026-04-21 17:00:00+00:00,75729.7,75877.8,75006.7,75508.7,6441.965
2026-04-21 18:00:00+00:00,75508.7,75627.5,75258.9,75568.8,1926.128
2026-04-21 19:00:00+00:00,75568.8,75877.5,74769.6,74984.9,6566.002
2026-04-21 20:00:00+00:00,74984.9,75827.1,74940.0,75650.4,5033.572
2026-04-21 21:00:00+00:00,75650.4,75734.0,75400.0,75501.8,850.181
2026-04-21 22:00:00+00:00,75501.8,75620.5,75250.8,75607.2,1318.663
2026-04-21 23:00:00+00:00,75607.2,76396.8,75585.0,76294.8,3368.151
2026-04-22 00:00:00+00:00,76294.8,76489.0,76138.7,76337.4,3681.214
2026-04-22 01:00:00+00:00,76337.4,76392.2,76100.0,76266.0,1262.246
2026-04-22 02:00:00+00:00,76266.0,77622.0,76176.1,77569.6,9822.148
2026-04-22 03:00:00+00:00,77569.6,77700.0,77370.0,77492.0,4190.989
2026-04-22 04:00:00+00:00,77492.0,77674.4,77320.0,77485.6,1954.623
2026-04-22 05:00:00+00:00,77485.6,78432.0,77408.0,77950.0,9621.511
2026-04-22 06:00:00+00:00,77950.0,78000.0,77846.0,77964.3,1779.456
2026-04-22 07:00:00+00:00,77964.3,78087.8,77767.3,77976.0,2238.47
2026-04-22 08:00:00+00:00,77976.0,78172.3,77886.7,77965.9,2197.015
2026-04-22 09:00:00+00:00,77965.9,78174.8,77912.0,77965.0,1908.698
2026-04-22 10:00:00+00:00,77965.0,78145.5,77903.8,78119.1,1566.442
2026-04-22 11:00:00+00:00,78119.1,78406.5,78040.2,78264.6,3065.243
2026-04-22 12:00:00+00:00,78264.6,78481.4,78056.4,78194.4,3381.652
2026-04-22 13:00:00+00:00,78194.4,78794.0,78118.4,78789.7,6247.957
2026-04-22 14:00:00+00:00,78789.7,79175.9,78507.6,78994.8,8316.798
2026-04-22 15:00:00+00:00,78994.8,79387.8,78784.0,79224.1,5501.128
2026-04-22 16:00:00+00:00,79224.1,79423.5,78577.7,78699.2,4622.075
2026-04-22 17:00:00+00:00,78699.2,78988.6,78648.3,78856.0,2165.795
2026-04-22 18:00:00+00:00,78856.0,79128.7,78773.8,78982.5,1579.279
2026-04-22 19:00:00+00:00,78982.5,79029.7,78646.2,78794.2,2470.086
2026-04-22 20:00:00+00:00,78794.2,78877.6,78333.0,78390.5,2393.751
2026-04-22 21:00:00+00:00,78390.5,78789.9,78372.6,78716.3,1193.556
2026-04-22 22:00:00+00:00,78716.3,78789.0,78409.2,78564.9,1195.79
2026-04-22 23:00:00+00:00,78564.9,78567.8,78110.0,78139.5,2218.354
2026-04-23 00:00:00+00:00,78139.5,78548.1,77535.0,78399.9,6178.717
2026-04-23 01:00:00+00:00,78399.9,78431.8,78018.3,78321.5,1741.436
2026-04-23 02:00:00+00:00,78321.5,78322.5,77710.6,77887.6,2757.826
2026-04-23 03:00:00+00:00,77887.6,77988.0,77407.9,77699.4,4312.506
2026-04-23 04:00:00+00:00,77699.4,77909.3,77625.5,77864.4,1866.873
2026-04-23 05:00:00+00:00,77864.4,78064.4,77722.3,77985.1,2393.872
2026-04-23 06:00:00+00:00,77985.1,78310.0,77985.1,78167.8,3046.391
2026-04-23 07:00:00+00:00,78167.8,78208.3,77936.2,78018.0,2151.877
2026-04-23 08:00:00+00:00,78018.0,78144.6,77659.4,77812.9,3157.283
2026-04-23 09:00:00+00:00,77812.9,77824.6,77375.2,77610.1,2876.116
2026-04-23 10:00:00+00:00,77610.1,77679.4,77114.5,77370.2,4323.632
2026-04-23 11:00:00+00:00,77370.2,77708.7,77328.1,77650.2,1946.625
2026-04-23 12:00:00+00:00,77650.2,77840.9,77471.0,77828.5,3886.445
2026-04-23 13:00:00+00:00,77828.5,77876.3,77347.8,77491.0,2484.263
2026-04-23 14:00:00+00:00,77491.0,78186.5,77376.1,78143.3,5104.568
2026-04-23 15:00:00+00:00,78143.3,78633.0,77930.2,78339.3,6078.226
2026-04-23 16:00:00+00:00,78339.3,78479.0,77975.4,78046.3,4659.414
2026-04-23 17:00:00+00:00,78046.3,78137.6,76900.0,77722.3,12754.919
2026-04-23 18:00:00+00:00,77722.3,78100.0,77628.7,77630.6,6938.605
2026-04-23 19:00:00+00:00,77630.6,77854.0,77539.2,77671.8,3018.288
2026-04-23 20:00:00+00:00,77671.8,78018.0,77603.6,77839.6,1893.451
2026-04-23 21:00:00+00:00,77839.6,78041.8,77745.1,77820.1,1105.196
2026-04-23 22:00:00+00:00,77820.1,78297.0,77820.1,78194.3,2427.184
2026-04-23 23:00:00+00:00,78194.3,78266.0,77975.9,78214.3,738.483
2026-04-24 00:00:00+00:00,78214.3,78459.0,78116.6,78384.5,1279.851
2026-04-24 01:00:00+00:00,78384.5,78420.0,77910.6,78378.5,1849.08
2026-04-24 02:00:00+00:00,78378.5,78537.0,78007.6,78083.6,1440.553
2026-04-24 03:00:00+00:00,78083.6,78175.7,77508.3,77700.1,3843.276
2026-04-24 04:00:00+00:00,77700.1,77816.1,77421.9,77631.4,1755.119
2026-04-24 05:00:00+00:00,77631.4,78017.7,77416.0,77910.5,2172.213
2026-04-24 06:00:00+00:00,77910.5,77946.3,77722.8,77753.2,1264.612
2026-04-24 07:00:00+00:00,77753.2,77820.0,77509.6,77627.1,2086.98
2026-04-24 08:00:00+00:00,77627.1,77977.4,77534.7,77754.3,2239.669
2026-04-24 09:00:00+00:00,77754.3,77777.0,77358.9,77499.9,2073.801
2026-04-24 10:00:00+00:00,77499.9,77762.9,77414.0,77711.0,1968.995
2026-04-24 11:00:00+00:00,77711.0,78357.5,77711.0,78200.0,6220.989
2026-04-24 12:00:00+00:00,78200.0,78314.9,77967.1,78225.4,2865.563
2026-04-24 13:00:00+00:00,78225.4,78430.2,77853.6,78041.9,5429.525
2026-04-24 14:00:00+00:00,78041.9,78043.0,77620.1,77986.8,5246.045
2026-04-24 15:00:00+00:00,77986.8,78215.5,77495.0,78004.2,6811.786
2026-04-24 16:00:00+00:00,78004.2,78022.8,77532.9,77726.8,3561.698
2026-04-24 17:00:00+00:00,77726.8,77786.8,77439.2,77643.0,3291.489
2026-04-24 18:00:00+00:00,77643.0,77682.4,77311.9,77572.2,1907.454
2026-04-24 19:00:00+00:00,77572.2,77705.8,77483.9,77589.4,1017.169
2026-04-24 20:00:00+00:00,77589.4,77729.1,77400.4,77688.3,1258.59
2026-04-24 21:00:00+00:00,77688.3,77724.4,77488.2,77488.2,895.496
2026-04-24 22:00:00+00:00,77488.2,77574.3,77200.0,77299.9,1471.802
2026-04-24 23:00:00+00:00,77299.9,77430.7,77291.2,77404.9,854.688
2026-04-25 00:00:00+00:00,77404.9,77467.8,77234.3,77424.2,724.597
2026-04-25 01:00:00+00:00,77424.2,77580.0,77395.3,77494.2,587.777
2026-04-25 02:00:00+00:00,77494.2,77611.4,77460.8,77560.0,414.394
2026-04-25 03:00:00+00:00,77560.0,77668.1,77506.5,77630.1,614.574
2026-04-25 04:00:00+00:00,77630.1,77655.5,77558.9,77584.8,353.047
2026-04-25 05:00:00+00:00,77584.8,77584.8,77402.2,77481.5,842.662
2026-04-25 06:00:00+00:00,77481.5,77554.5,77444.5,77458.0,527.763
2026-04-25 07:00:00+00:00,77458.0,77535.2,77410.0,77457.4,490.626
2026-04-25 08:00:00+00:00,77457.4,77614.8,77447.1,77607.6,478.046
2026-04-25 09:00:00+00:00,77607.6,77750.7,77540.4,77669.3,679.443
2026-04-25 10:00:00+00:00,77669.3,77847.6,77669.2,77744.2,1405.866
2026-04-25 11:00:00+00:00,77744.2,77744.2,77572.8,77647.5,827.47
2026-04-25 12:00:00+00:00,77647.5,77675.8,77502.9,77521.0,715.169
2026-04-25 13:00:00+00:00,77521.0,77672.4,77520.0,77642.9,496.55
2026-04-25 14:00:00+00:00,77642.9,77717.9,77590.0,77616.9,577.197
2026-04-25 15:00:00+00:00,77616.9,77679.4,77256.6,77287.0,1562.99
2026-04-25 16:00:00+00:00,77287.0,77415.7,77090.2,77356.0,2296.408
2026-04-25 17:00:00+00:00,77356.0,77364.5,77165.3,77203.4,962.529
2026-04-25 18:00:00+00:00,77203.4,77348.8,77163.9,77254.5,633.051
2026-04-25 19:00:00+00:00,77254.5,77310.0,77141.9,77278.8,713.667
2026-04-25 20:00:00+00:00,77278.8,77448.9,77263.3,77435.6,576.137
2026-04-25 21:00:00+00:00,77435.6,77516.8,77378.4,77497.7,1247.747
2026-04-25 22:00:00+00:00,77497.7,77610.1,77461.0,77520.4,802.433
2026-04-25 23:00:00+00:00,77520.4,77634.2,77490.0,77591.4,546.975
2026-04-26 00:00:00+00:00,77591.4,77610.5,77413.1,77470.1,728.131
2026-04-26 01:00:00+00:00,77470.1,77538.6,77415.0,77427.6,484.067
2026-04-26 02:00:00+00:00,77427.6,77563.7,77419.2,77485.2,406.101
2026-04-26 03:00:00+00:00,77485.2,77509.3,77284.7,77356.1,528.393
2026-04-26 04:00:00+00:00,77356.1,77793.0,77336.7,77734.1,1719.749
2026-04-26 05:00:00+00:00,77734.1,78179.9,77672.5,77945.0,3729.674
2026-04-26 06:00:00+00:00,77945.0,78010.0,77851.0,77960.9,1040.584
2026-04-26 07:00:00+00:00,77960.9,78094.0,77918.4,78069.3,689.668
2026-04-26 08:00:00+00:00,78069.3,78176.0,77970.1,77989.8,1061.132
2026-04-26 09:00:00+00:00,77989.8,78023.1,77880.6,77968.8,840.773
2026-04-26 10:00:00+00:00,77968.8,78016.3,77913.0,77961.1,452.778
2026-04-26 11:00:00+00:00,77961.1,78129.2,77961.1,78052.4,933.61
2026-04-26 12:00:00+00:00,78052.4,78063.0,77689.8,77788.6,2411.267
2026-04-26 13:00:00+00:00,77788.6,77955.8,77750.0,77933.7,1408.874
2026-04-26 14:00:00+00:00,77933.7,78150.0,77833.6,78047.0,1545.519
2026-04-26 15:00:00+00:00,78047.0,78094.8,77952.1,78010.6,979.509
2026-04-26 16:00:00+00:00,78010.6,78053.4,77890.4,77890.4,712.223
2026-04-26 17:00:00+00:00,77890.4,78024.3,77794.3,77972.8,900.651
2026-04-26 18:00:00+00:00,77972.8,78318.7,77946.4,78233.0,1934.451
2026-04-26 19:00:00+00:00,78233.0,78483.4,77969.2,78182.9,3082.855
2026-04-26 20:00:00+00:00,78182.9,78388.8,78103.6,78141.8,1483.168
2026-04-26 21:00:00+00:00,78141.8,78942.3,77777.2,78375.5,6029.935
2026-04-26 22:00:00+00:00,78375.5,78841.3,77923.2,78283.0,6163.305
2026-04-26 23:00:00+00:00,78283.0,78899.7,78000.9,78622.1,5200.95
2026-04-27 00:00:00+00:00,78622.1,79335.0,78338.7,79265.0,4828.133
2026-04-27 01:00:00+00:00,79265.0,79457.4,78690.0,79252.9,6369.877
2026-04-27 02:00:00+00:00,79252.9,79280.0,79000.7,79093.6,1867.213
2026-04-27 03:00:00+00:00,79093.6,79288.0,79036.6,79069.9,1126.455
2026-04-27 04:00:00+00:00,79069.9,79152.5,78841.3,78895.8,1337.9
2026-04-27 05:00:00+00:00,78895.8,78910.0,77550.0,77746.2,10364.219
2026-04-27 06:00:00+00:00,77746.2,77840.2,77424.0,77663.3,4060.578
2026-04-27 07:00:00+00:00,77663.3,77700.0,77524.8,77558.2,1935.437
2026-04-27 08:00:00+00:00,77558.2,77776.8,77503.6,77766.5,1664.598
2026-04-27 09:00:00+00:00,77766.5,77950.0,77652.8,77857.9,2145.442
2026-04-27 10:00:00+00:00,77857.9,77905.5,77735.4,77809.3,1377.455
2026-04-27 11:00:00+00:00,77809.3,77847.8,77686.9,77794.8,806.373
2026-04-27 12:00:00+00:00,77794.8,77833.6,77580.6,77631.8,1489.776
2026-04-27 13:00:00+00:00,77631.8,77919.3,77522.3,77703.8,3507.728
2026-04-27 14:00:00+00:00,77703.8,78244.4,77628.9,77781.0,5617.041
2026-04-27 15:00:00+00:00,77781.0,77793.2,76512.0,76755.6,12900.807
2026-04-27 16:00:00+00:00,76755.6,76831.3,76502.0,76588.8,3016.842
2026-04-27 17:00:00+00:00,76588.8,76900.0,76583.2,76701.6,2344.119
2026-04-27 18:00:00+00:00,76701.6,76882.1,76622.1,76792.4,1301.455
2026-04-27 19:00:00+00:00,76792.4,76863.0,76415.8,76849.2,2500.073
2026-04-27 20:00:00+00:00,76849.2,77045.0,76800.0,76920.0,1218.328
2026-04-27 21:00:00+00:00,76920.0,76948.0,76740.1,76743.7,857.438
2026-04-27 22:00:00+00:00,76743.7,77040.2,76720.0,77024.6,1247.797
2026-04-27 23:00:00+00:00,77024.6,77415.6,76965.0,77328.7,1851.692
2026-04-28 00:00:00+00:00,77328.7,77448.2,77165.1,77341.7,2089.307
2026-04-28 01:00:00+00:00,77341.7,77366.3,76997.7,77056.7,1235.867
2026-04-28 02:00:00+00:00,77056.7,77196.7,76615.5,76845.9,3583.638
2026-04-28 03:00:00+00:00,76845.9,76857.0,76597.0,76765.5,1750.688
2026-04-28 04:00:00+00:00,76765.5,76910.0,76639.2,76843.9,1534.586
2026-04-28 05:00:00+00:00,76843.9,77118.8,76764.5,76842.4,1250.488
2026-04-28 06:00:00+00:00,76842.4,76983.9,76530.0,76660.7,1887.343
2026-04-28 07:00:00+00:00,76660.7,76868.5,76323.0,76826.7,3603.317
2026-04-28 08:00:00+00:00,76826.7,76955.6,76683.4,76807.7,1634.547
2026-04-28 09:00:00+00:00,76807.7,76819.1,76444.7,76548.5,1149.731
2026-04-28 10:00:00+00:00,76548.5,76657.6,76434.0,76572.2,1097.893
2026-04-28 11:00:00+00:00,76572.2,76598.6,76071.3,76193.3,3744.162
2026-04-28 12:00:00+00:00,76193.3,76395.4,76116.6,76340.0,2480.082
2026-04-28 13:00:00+00:00,76340.0,76383.8,75907.4,76152.7,4526.796
2026-04-28 14:00:00+00:00,76152.7,76166.7,75620.9,75910.0,4641.311
2026-04-28 15:00:00+00:00,75910.0,76049.6,75781.4,76024.0,2495.628
2026-04-28 16:00:00+00:00,76024.0,76272.8,75838.0,76091.6,2490.796
2026-04-28 17:00:00+00:00,76091.6,76254.6,75912.0,76145.7,2188.308
2026-04-28 18:00:00+00:00,76145.7,76243.7,76088.7,76189.8,1113.511
2026-04-28 19:00:00+00:00,76189.8,76347.4,76021.9,76285.9,1036.463
2026-04-28 20:00:00+00:00,76285.9,76440.0,76283.0,76427.5,1297.508
2026-04-28 21:00:00+00:00,76427.5,76442.1,76222.5,76322.3,1031.484
2026-04-28 22:00:00+00:00,76322.3,76414.0,76180.0,76209.9,662.551
2026-04-28 23:00:00+00:00,76209.9,76340.9,76136.1,76300.0,970.587
2026-04-29 00:00:00+00:00,76300.0,76536.8,76233.2,76472.7,1388.0
2026-04-29 01:00:00+00:00,76472.7,76633.4,76140.2,76534.3,2010.29
2026-04-29 02:00:00+00:00,76534.3,76624.9,76360.0,76488.2,752.754
2026-04-29 03:00:00+00:00,76488.2,77093.9,76472.9,76954.7,3044.337
2026-04-29 04:00:00+00:00,76954.7,77420.0,76844.7,77220.2,4179.081
2026-04-29 05:00:00+00:00,77220.2,77280.6,77142.7,77240.9,1757.622
2026-04-29 06:00:00+00:00,77240.9,77281.8,76880.1,76986.7,2053.133
2026-04-29 07:00:00+00:00,76986.7,77141.8,76966.7,77001.9,1159.315
2026-04-29 08:00:00+00:00,77001.9,77111.8,76916.7,77000.1,1001.468
2026-04-29 09:00:00+00:00,77000.1,77758.0,76911.1,77599.6,5638.295
2026-04-29 10:00:00+00:00,77599.6,77860.0,77500.0,77571.6,3674.895
2026-04-29 11:00:00+00:00,77571.6,77640.8,77425.4,77544.0,2096.891
2026-04-29 12:00:00+00:00,77544.0,77551.5,76934.1,77096.9,4086.37
2026-04-29 13:00:00+00:00,77096.9,77210.2,76338.7,76734.8,5659.605
2026-04-29 14:00:00+00:00,76734.8,76828.1,76435.0,76531.6,3131.678
2026-04-29 15:00:00+00:00,76531.6,76597.4,75661.7,75888.3,7435.66
2026-04-29 16:00:00+00:00,75888.3,76091.2,75635.2,75770.2,5018.385
2026-04-29 17:00:00+00:00,75770.2,76170.5,75760.2,76157.0,2647.82
2026-04-29 18:00:00+00:00,76157.0,76248.6,74900.0,75469.5,12647.853
2026-04-29 19:00:00+00:00,75469.5,75571.6,75258.8,75517.0,1776.968
2026-04-29 20:00:00+00:00,75517.0,75832.0,75445.4,75632.3,2572.666
2026-04-29 21:00:00+00:00,75632.3,76060.7,75570.0,75883.0,1685.645
2026-04-29 22:00:00+00:00,75883.0,75969.6,75774.7,75881.6,1148.824
2026-04-29 23:00:00+00:00,75881.6,75954.3,75653.7,75750.0,976.469
2026-04-30 00:00:00+00:00,75750.0,76327.2,75612.4,76204.1,2664.416
2026-04-30 01:00:00+00:00,76204.1,76429.1,76137.8,76193.9,2163.085
2026-04-30 02:00:00+00:00,76193.9,76318.4,75431.7,75663.5,3802.883
2026-04-30 03:00:00+00:00,75663.5,75955.3,75620.8,75882.6,1137.313
2026-04-30 04:00:00+00:00,75882.6,75926.6,75342.9,75449.0,2341.298
2026-04-30 05:00:00+00:00,75449.0,75712.0,75272.9,75562.0,1732.847
2026-04-30 06:00:00+00:00,75562.0,75840.0,75530.2,75716.1,1189.37
2026-04-30 07:00:00+00:00,75716.1,76146.0,75676.7,76128.4,1906.859
2026-04-30 08:00:00+00:00,76128.4,76179.8,75973.9,76018.2,1581.537
2026-04-30 09:00:00+00:00,76018.2,76323.5,75964.0,76060.2,1842.564
2026-04-30 10:00:00+00:00,76060.2,76135.1,75937.0,75991.5,1628.119
2026-04-30 11:00:00+00:00,75991.5,76232.1,75805.3,76032.0,1965.865
2026-04-30 12:00:00+00:00,76032.0,76384.8,76003.7,76258.4,2120.907
2026-04-30 13:00:00+00:00,76258.4,76644.3,76062.4,76374.8,3766.655
2026-04-30 14:00:00+00:00,76374.8,76550.0,76035.6,76255.3,3716.006
2026-04-30 15:00:00+00:00,76255.3,76612.8,76114.4,76422.1,1810.472
2026-04-30 16:00:00+00:00,76422.1,76444.0,76174.8,76213.7,1297.866
2026-04-30 17:00:00+00:00,76213.7,76296.5,76065.0,76201.0,1468.67
2026-04-30 18:00:00+00:00,76201.0,76432.5,76161.7,76301.6,1130.142
2026-04-30 19:00:00+00:00,76301.6,76480.0,76262.5,76360.4,1398.575
2026-04-30 20:00:00+00:00,76360.4,76547.3,76273.7,76452.2,1127.738
2026-04-30 21:00:00+00:00,76452.2,76500.0,76189.0,76198.1,1415.79
2026-04-30 22:00:00+00:00,76198.1,76410.0,76141.1,76189.7,765.579
2026-04-30 23:00:00+00:00,76189.7,76337.9,76170.1,76301.0,595.671
2026-05-01 00:00:00+00:00,76301.0,76546.1,76269.5,76404.0,960.01
2026-05-01 01:00:00+00:00,76404.0,76725.0,76398.1,76637.7,1331.883
2026-05-01 02:00:00+00:00,76637.7,76688.2,76479.6,76549.6,899.204
2026-05-01 03:00:00+00:00,76549.6,77429.4,76505.0,77078.9,5987.927
2026-05-01 04:00:00+00:00,77078.9,77169.7,76888.1,77002.8,1625.93
2026-05-01 05:00:00+00:00,77002.8,77152.2,76987.9,77130.9,768.036
2026-05-01 06:00:00+00:00,77130.9,77148.0,76835.3,76958.3,1324.867
2026-05-01 07:00:00+00:00,76958.3,77110.6,76922.0,77102.0,1618.697
2026-05-01 08:00:00+00:00,77102.0,77488.0,77005.8,77339.0,3420.802
2026-05-01 09:00:00+00:00,77339.0,77360.5,77162.9,77241.1,1418.59
2026-05-01 10:00:00+00:00,77241.1,77389.3,77101.4,77254.2,1315.944
2026-05-01 11:00:00+00:00,77254.2,77580.0,77213.1,77420.1,1832.697
2026-05-01 12:00:00+00:00,77420.1,78141.7,77355.6,77857.9,6736.336
2026-05-01 13:00:00+00:00,77857.9,78900.0,77857.8,78700.0,9648.935
2026-05-01 14:00:00+00:00,78700.0,78840.6,78009.8,78310.8,5535.431
2026-05-01 15:00:00+00:00,78310.8,78702.2,78128.6,78399.2,3747.288
2026-05-01 16:00:00+00:00,78399.2,78649.0,78108.6,78172.6,3094.336
2026-05-01 17:00:00+00:00,78172.6,78550.0,78080.0,78510.2,1795.348
2026-05-01 18:00:00+00:00,78510.2,78586.0,78328.2,78387.7,1601.631
2026-05-01 19:00:00+00:00,78387.7,78500.0,78262.0,78311.1,1086.012
2026-05-01 20:00:00+00:00,78311.1,78382.3,77703.0,77836.0,2660.039
2026-05-01 21:00:00+00:00,77836.0,78157.4,77796.6,78157.4,1235.623
2026-05-01 22:00:00+00:00,78157.4,78363.0,78085.2,78106.5,1211.447
2026-05-01 23:00:00+00:00,78106.5,78202.0,77983.0,78189.3,793.307
2026-05-02 00:00:00+00:00,78189.3,78346.9,78110.4,78301.7,912.643
2026-05-02 01:00:00+00:00,78301.7,78394.1,78248.2,78296.0,587.03
2026-05-02 02:00:00+00:00,78296.0,78493.9,78206.1,78316.1,766.158
2026-05-02 03:00:00+00:00,78316.1,78491.6,78192.5,78371.6,726.836
2026-05-02 04:00:00+00:00,78371.6,78439.1,78068.7,78140.5,1412.509
2026-05-02 05:00:00+00:00,78140.5,78202.7,77992.6,78150.0,1136.049
2026-05-02 06:00:00+00:00,78150.0,78327.3,78103.6,78278.1,884.096
2026-05-02 07:00:00+00:00,78278.1,78318.2,78161.1,78187.1,478.377
2026-05-02 08:00:00+00:00,78187.1,78325.0,78115.3,78279.2,843.323
2026-05-02 09:00:00+00:00,78279.2,78363.7,78175.7,78258.6,638.766
2026-05-02 10:00:00+00:00,78258.6,78279.4,78182.5,78208.3,443.111
2026-05-02 11:00:00+00:00,78208.3,78208.3,78050.0,78105.9,739.832
2026-05-02 12:00:00+00:00,78105.9,78226.7,78065.1,78173.6,656.152
2026-05-02 13:00:00+00:00,78173.6,78392.3,78173.6,78326.9,827.184
2026-05-02 14:00:00+00:00,78326.9,78449.8,78267.3,78377.8,858.746
2026-05-02 15:00:00+00:00,78377.8,78450.0,78317.8,78450.0,447.968
2026-05-02 16:00:00+00:00,78450.0,78569.0,78381.7,78419.6,950.316
2026-05-02 17:00:00+00:00,78419.6,78452.5,78336.3,78355.7,317.212
2026-05-02 18:00:00+00:00,78355.7,78470.9,78265.3,78424.6,773.438
2026-05-02 19:00:00+00:00,78424.6,78488.9,78398.5,78445.8,283.644
2026-05-02 20:00:00+00:00,78445.8,78445.8,78367.0,78415.3,184.427
2026-05-02 21:00:00+00:00,78415.3,79182.5,78395.2,78693.0,4858.824
2026-05-02 22:00:00+00:00,78693.0,78843.3,78576.4,78799.3,1081.592
2026-05-02 23:00:00+00:00,78799.3,78799.3,78590.1,78655.1,561.59
2026-05-03 00:00:00+00:00,78655.1,78728.3,78446.0,78510.0,939.025
2026-05-03 01:00:00+00:00,78510.0,78510.1,78100.1,78201.4,1734.099
2026-05-03 02:00:00+00:00,78201.4,78304.2,78060.7,78128.3,1468.316
2026-05-03 03:00:00+00:00,78128.3,78174.6,78065.0,78156.9,620.183
2026-05-03 04:00:00+00:00,78156.9,78199.4,78070.0,78123.5,708.78
2026-05-03 05:00:00+00:00,78123.5,78217.2,78109.4,78206.4,502.419
2026-05-03 06:00:00+00:00,78206.4,78300.0,78025.0,78244.9,888.007
2026-05-03 07:00:00+00:00,78244.9,78433.1,78244.8,78320.1,1634.573
2026-05-03 08:00:00+00:00,78320.1,78459.2,78320.1,78347.8,637.793
2026-05-03 09:00:00+00:00,78347.8,78559.9,78307.6,78495.7,1173.023
2026-05-03 10:00:00+00:00,78495.7,78500.0,78363.2,78371.6,421.633
2026-05-03 11:00:00+00:00,78371.6,78820.3,78339.9,78631.2,2769.251
2026-05-03 12:00:00+00:00,78631.2,78861.6,78631.2,78724.9,1703.074
2026-05-03 13:00:00+00:00,78724.9,78743.1,78550.2,78640.7,1011.575
2026-05-03 14:00:00+00:00,78640.7,78764.0,78575.7,78704.1,1003.668
2026-05-03 15:00:00+00:00,78704.1,78784.2,78590.9,78631.5,688.619
2026-05-03 16:00:00+00:00,78631.5,78753.4,78556.0,78623.4,632.641
2026-05-03 17:00:00+00:00,78623.4,78794.3,78522.6,78697.9,927.454
2026-05-03 18:00:00+00:00,78697.9,78732.9,78594.0,78705.1,592.723
2026-05-03 19:00:00+00:00,78705.1,78820.0,78639.3,78733.5,593.815
2026-05-03 20:00:00+00:00,78733.5,79369.4,78700.0,78895.0,3934.05
2026-05-03 21:00:00+00:00,78895.0,79037.6,78610.0,78799.8,2078.959
2026-05-03 22:00:00+00:00,78799.8,79421.0,78799.8,79137.3,4261.685
2026-05-03 23:00:00+00:00,79137.3,79262.9,78444.0,78529.9,3243.784
2026-05-04 00:00:00+00:00,78529.9,78531.7,78220.0,78501.7,2574.314
2026-05-04 01:00:00+00:00,78501.7,79838.0,78368.6,79759.9,9468.107
2026-05-04 02:00:00+00:00,79759.9,80414.8,79500.5,80142.6,10546.287
2026-05-04 03:00:00+00:00,80142.6,80433.0,79885.3,80279.5,4461.167
2026-05-04 04:00:00+00:00,80279.5,80600.9,80199.5,80299.9,3819.07
2026-05-04 05:00:00+00:00,80299.9,80387.6,79920.0,79991.3,2946.258
2026-05-04 06:00:00+00:00,79991.3,80017.1,79455.0,79829.0,3088.245
2026-05-04 07:00:00+00:00,79829.0,79908.0,79636.1,79662.5,1300.073
2026-05-04 08:00:00+00:00,79662.5,79782.3,79553.5,79664.5,1332.846
2026-05-04 09:00:00+00:00,79664.5,79886.9,79604.1,79790.1,1428.391
2026-05-04 10:00:00+00:00,79790.1,79835.8,78170.4,78901.4,16276.88
2026-05-04 11:00:00+00:00,78901.4,79093.0,78649.9,78753.7,3724.637
2026-05-04 12:00:00+00:00,78753.7,78984.0,78668.4,78805.2,1579.223
2026-05-04 13:00:00+00:00,78805.2,79100.0,78530.0,78743.7,3520.254
2026-05-04 14:00:00+00:00,78743.7,80507.0,78430.5,80175.9,10413.464
2026-05-04 15:00:00+00:00,80175.9,80338.9,79252.0,79983.5,10254.234
2026-05-04 16:00:00+00:00,79983.5,80381.5,79567.9,79977.5,5126.355
2026-05-04 17:00:00+00:00,79977.5,80742.2,79977.5,80349.1,4449.094
2026-05-04 18:00:00+00:00,80349.1,80401.4,79990.4,80071.8,2149.162
2026-05-04 19:00:00+00:00,80071.8,80099.7,79833.4,80007.2,2051.09
2026-05-04 20:00:00+00:00,80007.2,80112.3,79815.8,79889.8,1061.584
2026-05-04 21:00:00+00:00,79889.8,80350.6,79889.8,80216.7,1108.85
2026-05-04 22:00:00+00:00,80216.7,80360.0,80005.8,80020.2,993.386
2026-05-04 23:00:00+00:00,80020.2,80020.3,79705.7,79818.9,1263.751
2026-05-05 00:00:00+00:00,79818.9,80152.1,79752.5,80130.2,1606.234
2026-05-05 01:00:00+00:00,80130.2,80355.5,80032.8,80313.1,1433.41
2026-05-05 02:00:00+00:00,80313.1,80900.0,80260.0,80520.6,3138.135
2026-05-05 03:00:00+00:00,80520.6,81064.0,80417.9,80839.0,4027.147
2026-05-05 04:00:00+00:00,80839.0,80946.2,80675.0,80856.0,1645.546
2026-05-05 05:00:00+00:00,80856.0,81300.0,80786.3,80923.8,4522.908
2026-05-05 06:00:00+00:00,80923.8,80976.5,80759.7,80932.0,1417.993
2026-05-05 07:00:00+00:00,80932.0,81110.0,80803.0,80821.9,1947.847
2026-05-05 08:00:00+00:00,80821.9,80855.6,80682.7,80776.6,1655.116
2026-05-05 09:00:00+00:00,80776.6,80776.7,80474.4,80547.3,1600.306
2026-05-05 10:00:00+00:00,80547.3,80795.9,80480.1,80791.6,1673.81
2026-05-05 11:00:00+00:00,80791.6,81084.6,80731.2,80972.9,2295.411
2026-05-05 12:00:00+00:00,80972.9,81277.1,80876.8,81229.5,2808.921
2026-05-05 13:00:00+00:00,81229.5,81694.6,81136.9,81287.7,8102.956
2026-05-05 14:00:00+00:00,81287.7,81464.5,80895.8,81291.4,4524.393
2026-05-05 15:00:00+00:00,81291.4,81659.8,81186.5,81490.6,2619.838
2026-05-05 16:00:00+00:00,81490.6,81582.6,81005.0,81249.2,3113.895
2026-05-05 17:00:00+00:00,81249.2,81432.0,81142.1,81227.8,1339.607
2026-05-05 18:00:00+00:00,81227.8,81576.5,81227.8,81470.5,1517.485
2026-05-05 19:00:00+00:00,81470.5,81643.3,81352.4,81553.0,1430.493
2026-05-05 20:00:00+00:00,81553.0,81749.9,81450.1,81601.1,2632.507
2026-05-05 21:00:00+00:00,81601.1,81787.0,81263.4,81360.6,1641.61
2026-05-05 22:00:00+00:00,81360.6,81566.7,80736.9,81062.9,6247.909
2026-05-05 23:00:00+00:00,81062.9,81177.3,80711.3,80851.6,2198.29
2026-05-06 00:00:00+00:00,80851.6,81224.9,80638.0,80967.7,3261.333
2026-05-06 01:00:00+00:00,80967.7,81475.0,80932.7,81384.3,3013.075
2026-05-06 02:00:00+00:00,81384.3,81397.3,80981.5,81331.3,2237.843
2026-05-06 03:00:00+00:00,81331.3,81750.0,81304.4,81543.4,2302.531
2026-05-06 04:00:00+00:00,81543.4,81600.0,81231.1,81288.5,1665.052
2026-05-06 05:00:00+00:00,81288.5,81314.9,81013.4,81280.6,1664.428
2026-05-06 06:00:00+00:00,81280.6,81485.1,81163.0,81430.8,1284.558
2026-05-06 07:00:00+00:00,81430.8,81571.2,81257.8,81332.1,1540.66
2026-05-06 08:00:00+00:00,81332.1,81999.9,81276.4,81917.4,4884.901
2026-05-06 09:00:00+00:00,81917.4,82055.0,81635.0,81966.6,3660.989
2026-05-06 10:00:00+00:00,81966.6,82363.7,81923.7,82243.1,3670.111
2026-05-06 11:00:00+00:00,82243.1,82811.0,82209.3,82486.4,5995.761
2026-05-06 12:00:00+00:00,82486.4,82514.7,82125.4,82184.9,2530.122
2026-05-06 13:00:00+00:00,82184.9,82188.7,81552.3,81628.8,5735.04
2026-05-06 14:00:00+00:00,81628.8,81940.9,81086.7,81479.9,7632.56
2026-05-06 15:00:00+00:00,81479.9,81787.0,81255.1,81662.2,2765.399
2026-05-06 16:00:00+00:00,81662.2,81880.0,81384.0,81573.6,3401.638
2026-05-06 17:00:00+00:00,81573.6,81657.5,81334.2,81405.9,1511.439
2026-05-06 18:00:00+00:00,81405.9,81526.4,81193.4,81306.5,1410.944
2026-05-06 19:00:00+00:00,81306.5,81478.7,81133.4,81411.8,1172.145
2026-05-06 20:00:00+00:00,81411.8,81664.1,81237.1,81380.1,2495.645
2026-05-06 21:00:00+00:00,81380.1,81576.3,81240.7,81496.4,725.213
2026-05-06 22:00:00+00:00,81496.4,81504.7,81190.1,81294.4,801.125
2026-05-06 23:00:00+00:00,81294.4,81410.8,80929.1,81394.2,1865.081
2026-05-07 00:00:00+00:00,81394.2,81442.7,80910.3,80979.2,2394.617
2026-05-07 01:00:00+00:00,80979.2,81251.2,80788.0,81132.1,1681.999
2026-05-07 02:00:00+00:00,81132.1,81146.7,80850.0,81079.4,1669.158
2026-05-07 03:00:00+00:00,81079.4,81079.4,80800.0,80807.2,1323.527
2026-05-07 04:00:00+00:00,80807.2,80954.8,80675.9,80948.1,1569.428
2026-05-07 05:00:00+00:00,80948.1,81144.7,80935.5,81052.9,873.071
2026-05-07 06:00:00+00:00,81052.9,81415.9,80830.1,81398.8,3247.333
2026-05-07 07:00:00+00:00,81398.8,81671.0,81345.0,81481.3,2320.795
2026-05-07 08:00:00+00:00,81481.3,81564.0,81160.0,81191.2,1428.764
2026-05-07 09:00:00+00:00,81191.2,81194.1,80817.2,80890.4,3045.699
2026-05-07 10:00:00+00:00,80890.4,80969.3,80532.2,80809.9,3123.715
2026-05-07 11:00:00+00:00,80809.9,81022.0,80750.0,80835.0,1909.567
2026-05-07 12:00:00+00:00,80835.0,81148.0,80803.5,81115.5,1712.725
2026-05-07 13:00:00+00:00,81115.5,81125.0,80224.6,80463.7,5851.303
2026-05-07 14:00:00+00:00,80463.7,80660.1,80001.1,80133.4,5882.316
2026-05-07 15:00:00+00:00,80133.4,80240.0,79635.0,79864.0,5024.574
2026-05-07 16:00:00+00:00,79864.0,79983.2,79651.5,79763.8,2909.319
2026-05-07 17:00:00+00:00,79763.8,80112.2,79461.7,80060.0,3227.479
2026-05-07 18:00:00+00:00,80060.0,80247.1,79958.3,80168.5,3964.247
2026-05-07 19:00:00+00:00,80168.5,80196.2,79900.0,80112.0,1136.917
2026-05-07 20:00:00+00:00,80112.0,80348.5,79822.5,79846.0,1487.787
2026-05-07 21:00:00+00:00,79846.0,79900.1,79614.7,79691.3,1663.729
2026-05-07 22:00:00+00:00,79691.3,79960.0,79539.0,79883.0,1607.358
2026-05-07 23:00:00+00:00,79883.0,80037.3,79823.7,79975.4,699.552
2026-05-08 00:00:00+00:00,79975.4,80105.5,79689.7,79796.9,1912.572
2026-05-08 01:00:00+00:00,79796.9,79870.0,79575.1,79707.0,699.819
2026-05-08 02:00:00+00:00,79707.0,79723.5,79296.4,79444.4,2876.611
2026-05-08 03:00:00+00:00,79444.4,79640.5,79120.0,79533.0,2130.389
2026-05-08 04:00:00+00:00,79533.0,79720.8,79502.6,79621.5,785.843
2026-05-08 05:00:00+00:00,79621.5,79740.9,79531.0,79558.4,1352.092
2026-05-08 06:00:00+00:00,79558.4,79620.6,79365.0,79482.5,1144.345
2026-05-08 07:00:00+00:00,79482.5,79697.9,79204.0,79642.6,2061.035
2026-05-08 08:00:00+00:00,79642.6,79971.9,79630.0,79842.2,1735.414
2026-05-08 09:00:00+00:00,79842.2,80019.7,79743.9,79832.2,1782.435
2026-05-08 10:00:00+00:00,79832.2,80243.0,79728.6,80175.8,2998.356
2026-05-08 11:00:00+00:00,80175.8,80300.0,80088.1,80185.2,1838.126
2026-05-08 12:00:00+00:00,80185.2,80477.6,79913.6,79992.4,2463.259
2026-05-08 13:00:00+00:00,79992.4,80100.0,79505.0,79610.3,4865.773
2026-05-08 14:00:00+00:00,79610.3,80428.8,79609.4,80111.5,4742.817
2026-05-08 15:00:00+00:00,80111.5,80173.9,79570.0,80120.6,3711.256
2026-05-08 16:00:00+00:00,80120.6,80161.7,79695.9,79764.5,2769.336
2026-05-08 17:00:00+00:00,79764.5,80240.3,79689.7,80036.3,2294.223
2026-05-08 18:00:00+00:00,80036.3,80274.8,80033.4,80048.9,1502.657
2026-05-08 19:00:00+00:00,80048.9,80153.5,79910.5,80143.2,814.688
2026-05-08 20:00:00+00:00,80143.2,80264.0,80046.2,80104.6,896.885
2026-05-08 21:00:00+00:00,80104.6,80230.0,80076.8,80223.8,518.965
2026-05-08 22:00:00+00:00,80223.8,80385.6,80200.9,80233.7,885.498
2026-05-08 23:00:00+00:00,80233.7,80256.8,80066.0,80158.1,540.682
2026-05-09 00:00:00+00:00,80158.1,80195.7,80083.0,80186.5,955.019
2026-05-09 01:00:00+00:00,80186.5,80400.0,80172.6,80280.5,833.601
2026-05-09 02:00:00+00:00,80280.5,80446.3,80280.5,80379.6,644.185
2026-05-09 03:00:00+00:00,80379.6,80537.3,80260.1,80345.6,1013.975
2026-05-09 04:00:00+00:00,80345.6,80641.4,80324.0,80349.0,1087.45
2026-05-09 05:00:00+00:00,80349.0,80447.1,80310.0,80336.1,420.768
2026-05-09 06:00:00+00:00,80336.1,80394.4,80155.2,80214.4,1219.304
2026-05-09 07:00:00+00:00,80214.4,80254.0,80084.0,80189.3,1341.043
2026-05-09 08:00:00+00:00,80189.3,80400.0,80176.3,80364.9,1003.805
2026-05-09 09:00:00+00:00,80364.9,80365.3,80144.0,80198.1,795.359
2026-05-09 10:00:00+00:00,80198.1,80316.5,80116.5,80227.7,678.598
2026-05-09 11:00:00+00:00,80227.7,80336.3,80201.5,80307.8,429.653
2026-05-09 12:00:00+00:00,80307.8,80384.1,80220.0,80367.8,598.515
2026-05-09 13:00:00+00:00,80367.8,80379.8,80278.0,80361.2,370.749
2026-05-09 14:00:00+00:00,80361.2,80398.7,80203.8,80287.7,664.781
2026-05-09 15:00:00+00:00,80287.7,80567.5,80182.7,80493.0,1639.046
2026-05-09 16:00:00+00:00,80493.0,80763.8,80446.2,80581.0,2212.641
2026-05-09 17:00:00+00:00,80581.0,80889.3,80581.0,80770.0,1649.131
2026-05-09 18:00:00+00:00,80770.0,81049.9,80739.9,80864.9,1545.082
2026-05-09 19:00:00+00:00,80864.9,80931.0,80731.4,80893.9,664.487
2026-05-09 20:00:00+00:00,80893.9,80898.5,80695.4,80762.0,379.511
2026-05-09 21:00:00+00:00,80762.0,80860.4,80694.3,80730.4,365.345
2026-05-09 22:00:00+00:00,80730.4,80788.0,80618.6,80726.4,469.528
2026-05-09 23:00:00+00:00,80726.4,80811.4,80570.0,80628.0,448.448
2026-05-10 00:00:00+00:00,80628.0,80727.5,80575.7,80632.4,1353.474
2026-05-10 01:00:00+00:00,80632.4,80651.7,80523.8,80639.8,761.81
2026-05-10 02:00:00+00:00,80639.8,80767.6,80566.3,80745.9,447.516
2026-05-10 03:00:00+00:00,80745.9,80850.0,80673.0,80733.4,1236.474
2026-05-10 04:00:00+00:00,80733.4,80808.0,80683.9,80709.8,270.229
2026-05-10 05:00:00+00:00,80709.8,80776.9,80631.8,80652.3,445.342
2026-05-10 06:00:00+00:00,80652.3,80778.7,80603.9,80694.7,1003.061
2026-05-10 07:00:00+00:00,80694.7,80766.0,80673.0,80698.8,500.909
2026-05-10 08:00:00+00:00,80698.8,80874.9,80675.5,80797.0,1410.755
2026-05-10 09:00:00+00:00,80797.0,80875.0,80705.5,80771.8,402.627
2026-05-10 10:00:00+00:00,80771.8,80856.0,80643.6,80840.0,691.763
2026-05-10 11:00:00+00:00,80840.0,80947.5,80702.6,80783.4,1172.77
2026-05-10 12:00:00+00:00,80783.4,80915.0,80744.2,80891.2,675.063
2026-05-10 13:00:00+00:00,80891.2,80968.0,80823.4,80929.2,1037.722
2026-05-10 14:00:00+00:00,80929.2,80991.0,80776.8,80944.3,845.172
2026-05-10 15:00:00+00:00,80944.3,81400.0,80889.3,81376.4,3668.359
2026-05-10 16:00:00+00:00,81376.4,81468.0,81160.0,81338.1,2006.592
2026-05-10 17:00:00+00:00,81338.1,81552.7,81174.2,81446.1,1633.471
2026-05-10 18:00:00+00:00,81446.1,81466.3,81190.0,81231.7,923.022
2026-05-10 19:00:00+00:00,81231.7,81450.1,81100.1,81396.1,1027.78
2026-05-10 20:00:00+00:00,81396.1,81426.0,80206.3,80700.1,7601.733
2026-05-10 21:00:00+00:00,80700.1,80921.2,80525.0,80672.6,2855.411
2026-05-10 22:00:00+00:00,80672.6,82171.0,80622.0,82014.9,8142.134
2026-05-10 23:00:00+00:00,82014.9,82450.0,82010.7,82181.9,4554.169
2026-05-11 00:00:00+00:00,82181.9,82350.0,81229.2,81436.4,4863.14
2026-05-11 01:00:00+00:00,81436.4,81727.9,81243.6,81463.5,2302.899
2026-05-11 02:00:00+00:00,81463.5,81533.3,81066.3,81139.6,2017.578
2026-05-11 03:00:00+00:00,81139.6,81159.4,80482.1,80695.7,4376.717
2026-05-11 04:00:00+00:00,80695.7,80849.0,80598.8,80772.3,1528.011
2026-05-11 05:00:00+00:00,80772.3,80942.9,80711.3,80801.8,1195.721
2026-05-11 06:00:00+00:00,80801.8,81017.0,80714.6,80790.8,831.875
2026-05-11 07:00:00+00:00,80790.8,80799.7,80631.6,80705.0,952.918
2026-05-11 08:00:00+00:00,80705.0,80837.6,80580.2,80725.0,1160.455
2026-05-11 09:00:00+00:00,80725.0,80970.0,80716.0,80926.6,991.245
2026-05-11 10:00:00+00:00,80926.6,81168.9,80900.0,80904.3,1775.475
2026-05-11 11:00:00+00:00,80904.3,81165.0,80862.0,81161.4,823.724
2026-05-11 12:00:00+00:00,81161.4,81316.3,80982.2,81014.6,1665.929
2026-05-11 13:00:00+00:00,81014.6,81299.6,80724.4,81028.4,2982.706
2026-05-11 14:00:00+00:00,81028.4,81214.6,80410.0,80906.0,3632.926
2026-05-11 15:00:00+00:00,80906.0,81425.0,80781.5,81403.8,3758.509
2026-05-11 16:00:00+00:00,81403.8,81889.1,81304.3,81533.1,5199.504
2026-05-11 17:00:00+00:00,81533.1,82038.7,81325.0,81902.5,2840.591
2026-05-11 18:00:00+00:00,81902.5,82107.6,81792.1,81821.4,2453.165
2026-05-11 19:00:00+00:00,81821.4,82059.6,81684.3,81920.3,1850.961
2026-05-11 20:00:00+00:00,81920.3,82039.1,81711.3,81780.9,1264.346
2026-05-11 21:00:00+00:00,81780.9,81866.7,81551.0,81786.3,996.389
2026-05-11 22:00:00+00:00,81786.3,81935.4,81681.9,81788.7,680.392
2026-05-11 23:00:00+00:00,81788.7,81788.7,81560.0,81699.8,658.745
2026-05-12 00:00:00+00:00,81699.8,81768.1,81428.3,81508.3,1637.674
2026-05-12 01:00:00+00:00,81508.3,81582.0,80660.1,81145.6,5392.243
2026-05-12 02:00:00+00:00,81145.6,81295.2,81035.8,81220.3,1045.025
2026-05-12 03:00:00+00:00,81220.3,81256.8,80980.0,81015.5,798.732
2026-05-12 04:00:00+00:00,81015.5,81260.0,80946.9,81180.7,1129.504
2026-05-12 05:00:00+00:00,81180.7,81278.6,81143.8,81178.3,787.211
2026-05-12 06:00:00+00:00,81178.3,81278.0,80966.7,80981.9,1362.943
2026-05-12 07:00:00+00:00,80981.9,81097.6,80760.0,80816.1,2787.141
2026-05-12 08:00:00+00:00,80816.1,80931.9,80711.0,80795.4,1646.628
2026-05-12 09:00:00+00:00,80795.4,80939.8,80671.6,80802.2,2012.796
2026-05-12 10:00:00+00:00,80802.2,80821.9,80574.4,80644.0,1543.561
2026-05-12 11:00:00+00:00,80644.0,80750.0,80460.0,80738.0,1855.845
2026-05-12 12:00:00+00:00,80738.0,81000.0,80575.0,80849.4,4134.795
2026-05-12 13:00:00+00:00,80849.4,80898.0,80350.0,80431.3,4813.08
2026-05-12 14:00:00+00:00,80431.3,80854.6,80350.1,80503.2,3508.749
2026-05-12 15:00:00+00:00,80503.2,80624.0,80115.0,80292.0,4234.516
2026-05-12 16:00:00+00:00,80292.0,80396.2,79800.1,79962.0,4117.086
2026-05-12 17:00:00+00:00,79962.0,80550.8,79909.1,80483.3,2767.371
2026-05-12 18:00:00+00:00,80483.3,80720.0,80380.0,80627.9,1376.15
2026-05-12 19:00:00+00:00,80627.9,80830.0,80608.5,80791.6,2634.234
2026-05-12 20:00:00+00:00,80791.6,80840.0,80556.4,80646.8,1324.707
2026-05-12 21:00:00+00:00,80646.8,80700.8,80441.8,80543.3,693.241
2026-05-12 22:00:00+00:00,80543.3,80750.0,80543.3,80607.4,653.798
2026-05-12 23:00:00+00:00,80607.4,80674.8,80382.9,80459.8,830.832
2026-05-13 00:00:00+00:00,80459.8,80729.8,80362.9,80664.8,947.313
2026-05-13 01:00:00+00:00,80664.8,81153.0,80625.0,80957.3,2779.177
2026-05-13 02:00:00+00:00,80957.3,81250.6,80890.6,81017.0,1629.949
2026-05-13 03:00:00+00:00,81017.0,81274.4,80937.4,81214.2,1087.566
2026-05-13 04:00:00+00:00,81214.2,81245.8,81077.2,81199.2,853.788
2026-05-13 05:00:00+00:00,81199.2,81208.7,80963.1,80994.4,1073.811
2026-05-13 06:00:00+00:00,80994.4,81124.5,80931.8,80948.0,828.339
2026-05-13 07:00:00+00:00,80948.0,81019.2,80850.0,80981.1,896.666
2026-05-13 08:00:00+00:00,80981.1,81172.0,80904.3,81157.2,1081.058
2026-05-13 09:00:00+00:00,81157.2,81305.9,81100.0,81258.7,1671.752
2026-05-13 10:00:00+00:00,81258.7,81265.0,80767.9,80774.2,1700.487
2026-05-13 11:00:00+00:00,80774.2,80818.5,80456.1,80460.1,2497.178
2026-05-13 12:00:00+00:00,80460.1,80560.0,79804.3,80150.0,6901.069
2026-05-13 13:00:00+00:00,80150.0,80304.6,79525.0,79605.9,6047.34
2026-05-13 14:00:00+00:00,79605.9,79857.8,79425.6,79718.5,4152.997
2026-05-13 15:00:00+00:00,79718.5,79824.6,78754.2,78792.5,7988.011
2026-05-13 16:00:00+00:00,78792.5,79194.7,78724.9,79078.4,4666.966
2026-05-13 17:00:00+00:00,79078.4,79527.5,79063.3,79482.2,2309.415
2026-05-13 18:00:00+00:00,79482.2,79769.7,79474.9,79564.2,2332.877
2026-05-13 19:00:00+00:00,79564.2,79613.0,79356.4,79608.6,1576.128
2026-05-13 20:00:00+00:00,79608.6,79743.2,79580.3,79675.7,1105.524
2026-05-13 21:00:00+00:00,79675.7,79678.9,79301.0,79365.3,1499.094
2026-05-13 22:00:00+00:00,79365.3,79441.6,79185.7,79395.5,1446.49
2026-05-13 23:00:00+00:00,79395.5,79504.6,79188.8,79285.8,1038.706
2026-05-14 00:00:00+00:00,79285.8,79656.7,79269.5,79534.4,1591.514
2026-05-14 01:00:00+00:00,79534.4,79663.9,79372.6,79561.3,954.978
2026-05-14 02:00:00+00:00,79561.3,79642.9,79166.1,79329.8,1963.984
2026-05-14 03:00:00+00:00,79329.8,79422.9,78863.2,79003.0,3322.577
2026-05-14 04:00:00+00:00,79003.0,79440.0,78930.1,79403.3,1800.02
2026-05-14 05:00:00+00:00,79403.3,79974.3,79330.9,79773.3,2676.287
2026-05-14 06:00:00+00:00,79773.3,79914.8,79724.4,79770.1,1425.972
2026-05-14 07:00:00+00:00,79770.1,79920.1,79660.9,79711.0,1368.737
2026-05-14 08:00:00+00:00,79711.0,79900.0,79591.8,79782.8,1328.063
2026-05-14 09:00:00+00:00,79782.8,79878.3,79528.0,79596.5,1607.457
2026-05-14 10:00:00+00:00,79596.5,79728.8,79364.0,79530.5,2150.213
2026-05-14 11:00:00+00:00,79530.5,79577.0,79191.0,79215.0,1593.149
2026-05-14 12:00:00+00:00,79215.0,79748.7,79190.5,79724.0,1786.53
2026-05-14 13:00:00+00:00,79724.0,80035.8,79622.0,79656.0,4229.64
2026-05-14 14:00:00+00:00,79656.0,80975.9,79515.5,80922.1,9290.666
2026-05-14 15:00:00+00:00,80922.1,81295.5,80743.3,81244.0,6601.728
2026-05-14 16:00:00+00:00,81244.0,81876.8,81018.8,81834.5,9102.96
2026-05-14 17:00:00+00:00,81834.5,81999.0,81211.0,81624.3,6971.293
2026-05-14 18:00:00+00:00,81624.3,81904.4,81370.2,81528.2,4078.721
2026-05-14 19:00:00+00:00,81528.2,81663.4,81267.0,81374.5,2463.829
2026-05-14 20:00:00+00:00,81374.5,81542.9,81102.8,81375.0,1967.385
2026-05-14 21:00:00+00:00,81375.0,81490.0,81221.8,81347.8,1056.181
2026-05-14 22:00:00+00:00,81347.8,81532.9,81289.3,81416.2,662.687
2026-05-14 23:00:00+00:00,81416.2,81416.3,81018.0,81052.6,1430.267
2026-05-15 00:00:00+00:00,81052.6,81639.1,81020.2,81467.0,2111.617
2026-05-15 01:00:00+00:00,81467.0,81582.5,81052.4,81084.4,1832.071
2026-05-15 02:00:00+00:00,81084.4,81312.3,80700.0,81256.2,4625.61
2026-05-15 03:00:00+00:00,81256.2,81300.0,80866.3,81019.0,1412.428
2026-05-15 04:00:00+00:00,81019.0,81065.8,80606.1,80685.8,1967.148
2026-05-15 05:00:00+00:00,80685.8,80842.1,80258.0,80313.4,5075.632
2026-05-15 06:00:00+00:00,80313.4,80600.9,80263.3,80542.0,2486.346
2026-05-15 07:00:00+00:00,80542.0,80974.4,80513.2,80788.9,3412.159
2026-05-15 08:00:00+00:00,80788.9,80800.8,80354.3,80604.0,2438.815
2026-05-15 09:00:00+00:00,80604.0,80634.1,80312.0,80450.8,3392.572
2026-05-15 10:00:00+00:00,80450.8,80730.3,80349.9,80676.5,2743.463
2026-05-15 11:00:00+00:00,80676.5,80719.7,80534.8,80578.5,920.569
2026-05-15 12:00:00+00:00,80578.5,80604.3,80258.3,80350.0,2337.367
2026-05-15 13:00:00+00:00,80350.0,80350.0,78622.9,78716.1,15807.853
2026-05-15 14:00:00+00:00,78716.1,79300.0,78610.0,79106.0,8121.08
2026-05-15 15:00:00+00:00,79106.0,79343.1,78970.6,79120.2,3269.374
2026-05-15 16:00:00+00:00,79120.2,79364.1,79093.7,79257.5,1678.552
2026-05-15 17:00:00+00:00,79257.5,79472.2,79178.2,79423.8,1411.464
2026-05-15 18:00:00+00:00,79423.8,79525.1,79127.5,79233.3,1705.167
2026-05-15 19:00:00+00:00,79233.3,79251.4,79003.3,79092.9,1427.101
2026-05-15 20:00:00+00:00,79092.9,79183.4,78943.3,79079.6,1214.111
2026-05-15 21:00:00+00:00,79079.6,79167.9,78846.1,78927.2,1446.301
2026-05-15 22:00:00+00:00,78927.2,79110.0,78924.5,79061.2,642.763
2026-05-15 23:00:00+00:00,79061.2,79120.0,79028.5,79069.5,455.027
2026-05-16 00:00:00+00:00,79069.5,79192.8,79027.2,79067.0,558.741
2026-05-16 01:00:00+00:00,79067.0,79149.9,78964.8,79122.1,626.632
2026-05-16 02:00:00+00:00,79122.1,79172.1,79030.5,79109.5,631.121
2026-05-16 03:00:00+00:00,79109.5,79146.7,79010.0,79030.0,347.956
2026-05-16 04:00:00+00:00,79030.0,79088.3,78800.0,78999.7,895.786
2026-05-16 05:00:00+00:00,78999.7,79002.9,78873.5,78989.6,481.018
2026-05-16 06:00:00+00:00,78989.6,79014.6,78413.1,78615.1,3240.25
2026-05-16 07:00:00+00:00,78615.1,78615.1,78010.0,78329.8,6040.247
2026-05-16 08:00:00+00:00,78329.8,78500.0,78290.0,78380.8,1184.966
2026-05-16 09:00:00+00:00,78380.8,78400.0,77839.4,78040.0,4827.874
2026-05-16 10:00:00+00:00,78040.0,78063.6,77601.0,77929.4,3304.606
2026-05-16 11:00:00+00:00,77929.4,78160.0,77929.3,78041.1,1230.661
2026-05-16 12:00:00+00:00,78041.1,78100.0,77866.8,77973.3,1090.85
2026-05-16 13:00:00+00:00,77973.3,77993.9,77795.4,77993.8,892.788
2026-05-16 14:00:00+00:00,77993.8,78318.0,77850.9,78090.0,1916.526
2026-05-16 15:00:00+00:00,78090.0,78253.8,78033.0,78189.9,898.439
2026-05-16 16:00:00+00:00,78189.9,78337.4,78072.9,78163.5,2198.95
2026-05-16 17:00:00+00:00,78163.5,78289.7,78160.9,78162.7,554.499
2026-05-16 18:00:00+00:00,78162.7,78297.3,78106.9,78197.2,661.342
2026-05-16 19:00:00+00:00,78197.2,78268.8,78167.8,78226.9,381.549
2026-05-16 20:00:00+00:00,78226.9,78288.4,78162.3,78218.1,462.618
2026-05-16 21:00:00+00:00,78218.1,78274.9,78169.8,78229.1,548.308
2026-05-16 22:00:00+00:00,78229.1,78253.4,78137.7,78140.4,612.93
2026-05-16 23:00:00+00:00,78140.4,78236.6,78084.1,78106.5,406.303
2026-05-17 00:00:00+00:00,78106.5,78207.1,77762.4,77919.2,1387.245
2026-05-17 01:00:00+00:00,77919.2,78080.0,77675.0,77682.1,2056.221
2026-05-17 02:00:00+00:00,77682.1,77900.0,77677.1,77854.3,900.345
2026-05-17 03:00:00+00:00,77854.3,78050.0,77846.6,77984.9,606.46
2026-05-17 04:00:00+00:00,77984.9,78165.0,77956.4,78112.6,1093.032
2026-05-17 05:00:00+00:00,78112.6,78284.4,78069.8,78090.9,910.8
2026-05-17 06:00:00+00:00,78090.9,78175.9,77974.9,78073.7,738.399
2026-05-17 07:00:00+00:00,78073.7,78175.7,78018.0,78142.9,761.468
2026-05-17 08:00:00+00:00,78142.9,78157.0,77995.2,78058.5,502.942
2026-05-17 09:00:00+00:00,78058.5,78271.3,78042.6,78208.6,779.595
2026-05-17 10:00:00+00:00,78208.6,78569.9,78205.8,78430.0,2551.906
2026-05-17 11:00:00+00:00,78430.0,78441.0,78252.8,78382.9,1020.762
2026-05-17 12:00:00+00:00,78382.9,78528.7,78280.7,78330.5,969.68
2026-05-17 13:00:00+00:00,78330.5,78330.5,78134.0,78172.1,1245.749
2026-05-17 14:00:00+00:00,78172.1,78183.7,77792.2,78004.1,2567.05
2026-05-17 15:00:00+00:00,78004.1,78087.1,77872.2,78002.8,866.553
2026-05-17 16:00:00+00:00,78002.8,78165.0,77988.6,77996.2,845.248
2026-05-17 17:00:00+00:00,77996.2,78062.0,77781.6,78050.8,1568.494
2026-05-17 18:00:00+00:00,78050.8,78240.0,77968.6,78225.8,884.652
2026-05-17 19:00:00+00:00,78225.8,78444.4,78172.1,78370.0,1005.376
2026-05-17 20:00:00+00:00,78370.0,78403.2,78197.3,78234.7,712.508
2026-05-17 21:00:00+00:00,78234.7,78457.1,78190.3,78369.1,1137.957
2026-05-17 22:00:00+00:00,78369.1,78376.0,77777.0,77959.9,3325.256
2026-05-17 23:00:00+00:00,77959.9,77967.0,76671.5,77416.4,11790.089
2026-05-18 00:00:00+00:00,77416.4,77443.8,76866.1,77172.5,4736.036
2026-05-18 01:00:00+00:00,77172.5,77252.8,76705.1,77085.2,3825.739
2026-05-18 02:00:00+00:00,77085.2,77194.2,76659.1,76805.2,2030.052
2026-05-18 03:00:00+00:00,76805.2,76989.9,76777.7,76900.4,1482.01
2026-05-18 04:00:00+00:00,76900.4,77040.0,76737.1,77002.3,2212.972
2026-05-18 05:00:00+00:00,77002.3,77053.0,76850.0,76887.5,1338.493
2026-05-18 06:00:00+00:00,76887.5,76947.1,76540.0,76884.8,3798.68
2026-05-18 07:00:00+00:00,76884.8,77061.5,76729.5,77043.1,2714.828
2026-05-18 08:00:00+00:00,77043.1,77161.7,76855.1,77003.7,1658.109
2026-05-18 09:00:00+00:00,77003.7,77025.0,76837.0,76902.4,897.577
2026-05-18 10:00:00+00:00,76902.4,76930.0,76675.0,76731.2,1773.372
2026-05-18 11:00:00+00:00,76731.2,77378.1,76616.2,77262.0,3456.518
2026-05-18 12:00:00+00:00,77262.0,77766.4,77242.4,77611.3,6758.259
2026-05-18 13:00:00+00:00,77611.3,77614.9,76655.0,76907.5,7400.053
2026-05-18 14:00:00+00:00,76907.5,76927.3,76178.0,76365.1,9304.502
2026-05-18 15:00:00+00:00,76365.1,76450.0,75999.9,76381.2,6986.09
2026-05-18 16:00:00+00:00,76381.2,76620.0,76176.0,76380.4,3891.702
2026-05-18 17:00:00+00:00,76380.4,76731.1,76330.7,76669.9,2497.592
2026-05-18 18:00:00+00:00,76669.9,76679.3,76105.3,76210.2,3354.962
2026-05-18 19:00:00+00:00,76210.2,76972.9,76189.9,76903.8,4962.344
2026-05-18 20:00:00+00:00,76903.8,77155.0,76841.2,76869.0,2707.91
2026-05-18 21:00:00+00:00,76869.0,77169.0,76753.8,77059.0,2179.428
2026-05-18 22:00:00+00:00,77059.0,77193.3,76893.5,77041.3,1633.174
2026-05-18 23:00:00+00:00,77041.3,77130.0,76904.8,76963.9,900.101
2026-05-19 00:00:00+00:00,76963.9,77377.6,76913.4,77099.5,2376.042
2026-05-19 01:00:00+00:00,77099.5,77126.7,76625.0,76630.9,2202.488
2026-05-19 02:00:00+00:00,76630.9,76976.9,76433.4,76580.1,1768.038
2026-05-19 03:00:00+00:00,76580.1,76837.3,76543.3,76755.2,880.489
2026-05-19 04:00:00+00:00,76755.2,76913.9,76658.0,76886.9,811.709
2026-05-19 05:00:00+00:00,76886.9,76984.3,76600.1,76868.3,1286.403
2026-05-19 06:00:00+00:00,76868.3,77077.6,76843.9,76993.9,1130.486
2026-05-19 07:00:00+00:00,76993.9,77256.7,76931.2,77196.8,1332.276
2026-05-19 08:00:00+00:00,77196.8,77298.1,76923.7,77011.7,1702.207
2026-05-19 09:00:00+00:00,77011.7,77038.9,76664.1,76782.4,1766.19
2026-05-19 10:00:00+00:00,76782.4,77075.6,76655.0,77006.1,1846.582
2026-05-19 11:00:00+00:00,77006.1,77046.9,76588.3,76671.0,1216.372
2026-05-19 12:00:00+00:00,76671.0,76950.0,76607.1,76898.3,867.421
2026-05-19 13:00:00+00:00,76898.3,77024.9,76550.0,76845.2,2949.458
2026-05-19 14:00:00+00:00,76845.2,76988.3,76105.0,76362.0,5528.624
2026-05-19 15:00:00+00:00,76362.0,76658.4,76300.9,76497.0,2866.891
2026-05-19 16:00:00+00:00,76497.0,76904.7,76379.4,76864.1,1917.263
2026-05-19 17:00:00+00:00,76864.1,76999.3,76730.0,76821.8,1947.09
2026-05-19 18:00:00+00:00,76821.8,76927.7,76708.6,76773.4,1256.224
2026-05-19 19:00:00+00:00,76773.4,77054.0,76727.4,76789.5,1880.047
2026-05-19 20:00:00+00:00,76789.5,77002.5,76789.5,76987.6,619.15
2026-05-19 21:00:00+00:00,76987.6,77014.9,76938.1,76946.1,791.58
2026-05-19 22:00:00+00:00,76946.1,76946.1,76613.0,76679.7,1329.938
2026-05-19 23:00:00+00:00,76679.7,76959.0,76636.6,76806.1,791.814
2026-05-20 00:00:00+00:00,76806.1,76870.0,76465.9,76763.6,1352.955
2026-05-20 01:00:00+00:00,76763.6,76898.0,76496.3,76784.5,1514.401
2026-05-20 02:00:00+00:00,76784.5,76884.3,76564.4,76654.6,830.853
2026-05-20 03:00:00+00:00,76654.6,76797.8,76567.3,76688.7,634.365
2026-05-20 04:00:00+00:00,76688.7,76805.8,76643.6,76751.9,491.493
2026-05-20 05:00:00+00:00,76751.9,77309.1,76751.9,77166.2,2892.32
2026-05-20 06:00:00+00:00,77166.2,77389.9,77154.9,77384.8,1479.242
2026-05-20 07:00:00+00:00,77384.8,77445.0,77200.5,77253.9,1533.244
2026-05-20 08:00:00+00:00,77253.9,77610.0,77163.6,77424.3,2033.09
2026-05-20 09:00:00+00:00,77424.3,77516.0,77330.0,77445.1,1283.859
2026-05-20 10:00:00+00:00,77445.1,77635.0,77445.1,77480.1,1236.769
2026-05-20 11:00:00+00:00,77480.1,77537.6,77289.8,77350.1,945.108
2026-05-20 12:00:00+00:00,77350.1,77716.9,77325.7,77588.8,1459.158
2026-05-20 13:00:00+00:00,77588.8,77622.3,76915.1,77177.8,5064.347
2026-05-20 14:00:00+00:00,77177.8,77546.5,76850.0,77418.9,4869.067
2026-05-20 15:00:00+00:00,77418.9,77838.9,77271.6,77421.9,4731.229
2026-05-20 16:00:00+00:00,77421.9,77528.6,76977.7,77297.8,3046.977
2026-05-20 17:00:00+00:00,77297.8,77691.9,77190.1,77535.3,1994.912
2026-05-20 18:00:00+00:00,77535.3,77608.0,77350.0,77378.6,1349.973
2026-05-20 19:00:00+00:00,77378.6,77678.3,77300.3,77638.1,1418.735
2026-05-20 20:00:00+00:00,77638.1,77737.7,77430.7,77677.6,1810.98
2026-05-20 21:00:00+00:00,77677.6,77738.6,77459.5,77459.5,861.32
2026-05-20 22:00:00+00:00,77459.5,77467.9,77176.9,77467.8,1352.821
2026-05-20 23:00:00+00:00,77467.8,77528.9,77340.2,77518.9,468.444
2026-05-21 00:00:00+00:00,77518.9,78051.1,77476.0,77925.2,2113.96
2026-05-21 01:00:00+00:00,77925.2,78142.8,77756.3,77821.1,1799.392
2026-05-21 02:00:00+00:00,77821.1,78070.7,77774.9,77917.0,1957.529
2026-05-21 03:00:00+00:00,77917.0,78070.0,77862.4,78050.0,815.823
2026-05-21 04:00:00+00:00,78050.0,78153.6,77925.9,78000.8,1145.058
2026-05-21 05:00:00+00:00,78000.8,78115.0,77640.2,77796.9,1742.544
2026-05-21 06:00:00+00:00,77796.9,77845.5,77485.4,77588.2,1508.887
2026-05-21 07:00:00+00:00,77588.2,77867.5,77479.5,77840.1,1585.435
2026-05-21 08:00:00+00:00,77840.1,78173.0,77840.0,77890.5,2636.002
2026-05-21 09:00:00+00:00,77890.5,77946.0,77600.2,77600.2,1328.657
2026-05-21 10:00:00+00:00,77600.2,77648.0,77150.0,77171.1,4410.413
2026-05-21 11:00:00+00:00,77171.1,77346.1,77073.4,77159.5,2279.508
2026-05-21 12:00:00+00:00,77159.5,77331.8,77039.1,77247.5,1862.459
2026-05-21 13:00:00+00:00,77247.5,77327.0,76680.1,77089.4,5112.477
2026-05-21 14:00:00+00:00,77089.4,77208.0,76748.8,76944.8,2816.368
2026-05-21 15:00:00+00:00,76944.8,77375.0,76859.8,77225.5,2606.4
2026-05-21 16:00:00+00:00,77225.5,77323.1,76970.0,77153.9,1603.856
2026-05-21 17:00:00+00:00,77153.9,78070.1,77140.0,77840.0,8249.175
2026-05-21 18:00:00+00:00,77840.0,77898.4,77218.2,77355.1,3961.096
2026-05-21 19:00:00+00:00,77355.1,77782.4,77331.5,77666.6,2007.901
2026-05-21 20:00:00+00:00,77666.6,77777.1,77594.9,77669.0,1178.809
2026-05-21 21:00:00+00:00,77669.0,77782.8,77602.9,77647.3,694.182
2026-05-21 22:00:00+00:00,77647.3,77725.3,77512.2,77589.5,760.926
2026-05-21 23:00:00+00:00,77589.5,77727.2,77498.7,77588.4,650.456
2026-05-22 00:00:00+00:00,77588.4,77609.0,77331.0,77341.8,1288.077
2026-05-22 01:00:00+00:00,77341.8,77641.5,77280.1,77585.6,917.298
2026-05-22 02:00:00+00:00,77585.6,77731.3,77526.9,77635.7,1672.918
2026-05-22 03:00:00+00:00,77635.7,77771.7,77635.6,77738.7,564.786
2026-05-22 04:00:00+00:00,77738.7,77865.0,77600.0,77623.2,1140.526
2026-05-22 05:00:00+00:00,77623.2,77688.9,77400.3,77456.8,970.594
2026-05-22 06:00:00+00:00,77456.8,77496.4,77318.3,77387.8,2412.597
2026-05-22 07:00:00+00:00,77387.8,77514.5,77227.6,77366.9,1990.977
2026-05-22 08:00:00+00:00,77366.9,77504.0,77175.0,77238.6,1500.385
2026-05-22 09:00:00+00:00,77238.6,77322.5,77175.0,77276.5,1382.905
2026-05-22 10:00:00+00:00,77276.5,77324.6,77237.0,77286.4,791.265
2026-05-22 11:00:00+00:00,77286.4,77399.8,77155.0,77394.9,1144.211
2026-05-22 12:00:00+00:00,77394.9,77550.0,77355.4,77501.3,1500.286
2026-05-22 13:00:00+00:00,77501.3,77520.0,77075.0,77254.7,2852.34
2026-05-22 14:00:00+00:00,77254.7,77254.7,76713.7,76738.5,4926.77
2026-05-22 15:00:00+00:00,76738.5,77016.6,76530.0,76755.9,5004.87
2026-05-22 16:00:00+00:00,76755.9,76971.5,76736.3,76920.0,1356.699
2026-05-22 17:00:00+00:00,76920.0,77070.0,76711.7,76716.6,2268.353
2026-05-22 18:00:00+00:00,76716.6,76873.9,76046.0,76497.9,7202.388
2026-05-22 19:00:00+00:00,76497.9,76554.0,75611.7,75831.3,9874.402
2026-05-22 20:00:00+00:00,75831.3,76059.4,75782.3,75951.9,2128.274
2026-05-22 21:00:00+00:00,75951.9,76065.7,75894.3,75934.4,1014.528
2026-05-22 22:00:00+00:00,75934.4,75948.3,75500.0,75703.7,2764.307
2026-05-22 23:00:00+00:00,75703.7,75852.8,75311.0,75509.6,2601.025
2026-05-23 00:00:00+00:00,75509.6,75600.0,75185.1,75325.2,2884.389
2026-05-23 01:00:00+00:00,75325.2,75471.5,75303.1,75461.3,1554.347
2026-05-23 02:00:00+00:00,75461.3,75549.1,75373.1,75532.4,757.937
2026-05-23 03:00:00+00:00,75532.4,75626.4,75524.2,75592.4,933.192
2026-05-23 04:00:00+00:00,75592.4,75614.1,75460.9,75499.9,591.206
2026-05-23 05:00:00+00:00,75499.9,75522.4,75430.0,75453.4,571.577
2026-05-23 06:00:00+00:00,75453.4,75468.3,75344.5,75365.9,603.234
2026-05-23 07:00:00+00:00,75365.9,75406.0,74221.4,74568.3,10136.209
2026-05-23 08:00:00+00:00,74568.3,74711.7,74302.7,74643.6,5124.407
2026-05-23 09:00:00+00:00,74643.6,74726.5,74549.9,74618.0,1484.772
2026-05-23 10:00:00+00:00,74618.0,74755.0,74618.0,74679.6,718.099
2026-05-23 11:00:00+00:00,74679.6,74844.7,74672.0,74757.8,712.172
2026-05-23 12:00:00+00:00,74757.8,74760.4,74607.9,74718.9,931.624
2026-05-23 13:00:00+00:00,74718.9,75232.6,74715.9,75178.6,3789.724
2026-05-23 14:00:00+00:00,75178.6,75674.2,75061.8,75490.1,3935.564
2026-05-23 15:00:00+00:00,75490.1,75646.7,75357.6,75487.4,2714.372
2026-05-23 16:00:00+00:00,75487.4,75611.9,75349.7,75406.1,1642.394
2026-05-23 17:00:00+00:00,75406.1,75528.9,75327.8,75457.5,1385.57
2026-05-23 18:00:00+00:00,75457.5,75957.9,75426.2,75806.3,3290.318
2026-05-23 19:00:00+00:00,75806.3,75992.3,75740.9,75949.8,1948.068
2026-05-23 20:00:00+00:00,75949.8,77267.8,75906.2,77238.6,11790.432
2026-05-23 21:00:00+00:00,77238.6,77371.9,76500.0,76783.0,6300.63
2026-05-23 22:00:00+00:00,76783.0,76860.0,76364.6,76546.7,1917.312
2026-05-23 23:00:00+00:00,76546.7,76791.3,76496.0,76709.0,1519.08
2026-05-24 00:00:00+00:00,76709.0,76898.1,76591.1,76807.8,892.677
2026-05-24 01:00:00+00:00,76807.8,76887.9,76713.3,76855.4,716.361
2026-05-24 02:00:00+00:00,76855.4,76931.0,76669.0,76788.7,653.922
2026-05-24 03:00:00+00:00,76788.7,76980.0,76694.3,76704.8,872.348
2026-05-24 04:00:00+00:00,76704.8,76816.6,76684.7,76744.2,737.076
2026-05-24 05:00:00+00:00,76744.2,76842.1,76613.7,76780.1,865.406
2026-05-24 06:00:00+00:00,76780.1,77056.9,76674.2,76956.0,2186.896
2026-05-24 07:00:00+00:00,76956.0,76995.0,76760.0,76778.5,1187.025
2026-05-24 08:00:00+00:00,76778.5,76825.0,76701.6,76804.9,1057.653
2026-05-24 09:00:00+00:00,76804.9,77018.0,76782.4,76992.2,1459.64
2026-05-24 10:00:00+00:00,76992.2,77490.0,76887.0,77154.7,3531.858
2026-05-24 11:00:00+00:00,77154.7,77324.5,77146.9,77280.6,941.015
2026-05-24 12:00:00+00:00,77280.6,77290.0,77000.1,77078.3,1119.735
2026-05-24 13:00:00+00:00,77078.3,77090.0,76650.0,76767.3,2927.415
2026-05-24 14:00:00+00:00,76767.3,76806.5,76144.1,76426.9,6777.903
2026-05-24 15:00:00+00:00,76426.9,76508.7,76314.9,76329.9,1363.74
2026-05-24 16:00:00+00:00,76329.9,76700.0,76329.9,76633.6,2677.322
2026-05-24 17:00:00+00:00,76633.6,76760.0,76525.1,76651.6,840.857
2026-05-24 18:00:00+00:00,76651.6,76754.5,76550.8,76625.3,549.408
2026-05-24 19:00:00+00:00,76625.3,76755.8,76566.7,76734.9,582.543
2026-05-24 20:00:00+00:00,76734.9,76767.0,76562.8,76632.7,627.785
2026-05-24 21:00:00+00:00,76632.7,76717.4,76062.2,76111.1,3106.453
2026-05-24 22:00:00+00:00,76111.1,76990.0,76095.0,76769.2,5085.218
2026-05-24 23:00:00+00:00,76769.2,77200.0,76769.2,77032.5,1933.25
2026-05-25 00:00:00+00:00,77032.5,77266.5,77032.5,77122.7,1506.771
2026-05-25 01:00:00+00:00,77122.7,77215.8,76859.9,76908.9,1610.178
2026-05-25 02:00:00+00:00,76908.9,77449.9,76908.8,77069.7,1916.757
2026-05-25 03:00:00+00:00,77069.7,77135.6,76968.8,76994.4,648.438
2026-05-25 04:00:00+00:00,76994.4,77430.0,76952.4,77363.0,2119.954
2026-05-25 05:00:00+00:00,77363.0,77489.8,77286.6,77379.9,2840.613
2026-05-25 06:00:00+00:00,77379.9,77641.0,77173.2,77396.5,3086.82
2026-05-25 07:00:00+00:00,77396.5,77500.0,77150.0,77381.7,1486.127
2026-05-25 08:00:00+00:00,77381.7,77448.5,77244.8,77432.1,840.19
2026-05-25 09:00:00+00:00,77432.1,77682.0,77390.4,77564.5,1593.46
2026-05-25 10:00:00+00:00,77564.5,77661.2,77454.4,77507.4,994.375
2026-05-25 11:00:00+00:00,77507.4,77507.5,77300.0,77327.7,1195.996
2026-05-25 12:00:00+00:00,77327.7,77411.0,77247.9,77326.8,1270.871
2026-05-25 13:00:00+00:00,77326.8,77416.0,77255.0,77307.4,754.19
2026-05-25 14:00:00+00:00,77307.4,77750.0,77280.0,77685.9,2324.267
2026-05-25 15:00:00+00:00,77685.9,77885.0,77513.4,77597.9,2378.855
2026-05-25 16:00:00+00:00,77597.9,77788.0,77488.0,77704.0,1427.5
2026-05-25 17:00:00+00:00,77704.0,77786.5,77519.0,77528.2,1229.879
2026-05-25 18:00:00+00:00,77528.2,77633.9,77512.4,77516.6,654.541
2026-05-25 19:00:00+00:00,77516.6,77518.3,77310.0,77402.7,1089.588
2026-05-25 20:00:00+00:00,77402.7,77472.0,77180.0,77237.6,1432.23
2026-05-25 21:00:00+00:00,77237.6,77368.2,77235.1,77341.5,1051.065
2026-05-25 22:00:00+00:00,77341.5,77417.5,76974.1,77077.2,2461.172
2026-05-25 23:00:00+00:00,77077.2,77333.1,77017.5,77280.5,865.225
2026-05-26 00:00:00+00:00,77280.5,77316.3,76517.3,76739.2,3420.142
2026-05-26 01:00:00+00:00,76739.2,76855.9,76542.9,76713.2,3074.275
2026-05-26 02:00:00+00:00,76713.2,76785.4,76469.1,76625.6,1751.84
2026-05-26 03:00:00+00:00,76625.6,76676.0,76436.0,76625.3,1240.293
2026-05-26 04:00:00+00:00,76625.3,76776.0,76559.9,76705.8,1075.343
2026-05-26 05:00:00+00:00,76705.8,76968.6,76660.7,76881.9,1266.77
2026-05-26 06:00:00+00:00,76881.9,77023.1,76723.9,76868.0,1202.88
2026-05-26 07:00:00+00:00,76868.0,76885.7,76565.0,76687.1,2037.97
2026-05-26 08:00:00+00:00,76687.1,76824.0,76654.0,76684.2,1127.501
2026-05-26 09:00:00+00:00,76684.2,76772.0,76603.0,76635.3,1119.673
2026-05-26 10:00:00+00:00,76635.3,77589.1,76536.2,77395.6,6024.186
2026-05-26 11:00:00+00:00,77395.6,77458.0,77136.7,77159.9,2664.162
2026-05-26 12:00:00+00:00,77159.9,77203.7,76837.7,77096.8,3885.752
2026-05-26 13:00:00+00:00,77096.8,77442.7,76646.3,77202.8,4872.535
2026-05-26 14:00:00+00:00,77202.8,78049.0,76677.0,76862.9,12667.892
2026-05-26 15:00:00+00:00,76862.9,76980.0,76216.4,76464.2,8175.463
2026-05-26 16:00:00+00:00,76464.2,76689.1,76150.0,76527.4,5330.817
2026-05-26 17:00:00+00:00,76527.4,76624.1,75800.0,75890.4,7190.533
2026-05-26 18:00:00+00:00,75890.4,76247.9,75733.0,75810.0,3876.906
2026-05-26 19:00:00+00:00,75810.0,76073.0,75762.9,76019.8,1546.323
2026-05-26 20:00:00+00:00,76019.8,76143.1,75940.0,76070.6,1611.091
2026-05-26 21:00:00+00:00,76070.6,76087.7,75800.0,75855.6,950.207
2026-05-26 22:00:00+00:00,75855.6,75968.0,75627.9,75717.8,2213.696
2026-05-26 23:00:00+00:00,75717.8,75952.4,75717.7,75897.4,1071.863
2026-05-27 00:00:00+00:00,75897.4,76053.5,75833.9,76040.2,1355.578
2026-05-27 01:00:00+00:00,76040.2,76077.9,75771.9,75834.2,1431.642
2026-05-27 02:00:00+00:00,75834.2,75859.5,75633.1,75835.9,1144.694
2026-05-27 03:00:00+00:00,75835.9,75926.4,75550.0,75621.3,1475.567
2026-05-27 04:00:00+00:00,75621.3,75665.9,75235.7,75524.4,4555.864
2026-05-27 05:00:00+00:00,75524.4,75698.0,75524.3,75654.9,1647.317
2026-05-27 06:00:00+00:00,75654.9,75863.3,75624.9,75791.1,1776.055
2026-05-27 07:00:00+00:00,75791.1,75929.1,75711.0,75920.0,1443.868
2026-05-27 08:00:00+00:00,75920.0,76028.5,75783.2,75827.2,2152.343
2026-05-27 09:00:00+00:00,75827.2,75932.9,75655.0,75863.2,1835.676
2026-05-27 10:00:00+00:00,75863.2,75994.3,75822.6,75848.5,1056.852
2026-05-27 11:00:00+00:00,75848.5,75984.5,75709.6,75729.6,1127.022
2026-05-27 12:00:00+00:00,75729.6,76136.8,75526.7,75647.4,3905.92
2026-05-27 13:00:00+00:00,75647.4,75729.0,74818.0,75038.5,9420.657
2026-05-27 14:00:00+00:00,75038.5,75237.0,74707.5,74996.7,5151.489
2026-05-27 15:00:00+00:00,74996.7,75468.0,74936.5,75297.1,4449.246
2026-05-27 16:00:00+00:00,75297.1,75379.0,74953.1,75273.8,2343.506
2026-05-27 17:00:00+00:00,75273.8,75310.0,74642.4,74828.4,5281.415
2026-05-27 18:00:00+00:00,74828.4,74994.9,74626.9,74994.9,2422.81
2026-05-27 19:00:00+00:00,74994.9,75114.1,74911.0,75034.6,2078.86
2026-05-27 20:00:00+00:00,75034.6,75379.0,75018.1,75234.0,1872.745
2026-05-27 21:00:00+00:00,75234.0,75234.0,74305.4,74446.0,5260.377
2026-05-27 22:00:00+00:00,74446.0,74742.5,74236.1,74388.6,4162.942
2026-05-27 23:00:00+00:00,74388.6,74547.7,74201.2,74412.4,2722.039
2026-05-28 00:00:00+00:00,74412.4,74546.8,74320.8,74530.7,1361.566
2026-05-28 01:00:00+00:00,74530.7,74557.7,74104.7,74312.4,3557.937
2026-05-28 02:00:00+00:00,74312.4,74368.1,74070.0,74249.2,1830.423
2026-05-28 03:00:00+00:00,74249.2,74347.2,73020.0,73231.8,11929.901
2026-05-28 04:00:00+00:00,73231.8,73231.8,72687.4,73146.9,7372.954
2026-05-28 05:00:00+00:00,73146.9,73146.9,72875.2,72958.6,2214.698
2026-05-28 06:00:00+00:00,72958.6,73180.0,72726.9,73169.2,2711.243
2026-05-28 07:00:00+00:00,73169.2,73479.6,73118.3,73460.3,2377.643
2026-05-28 08:00:00+00:00,73460.3,73474.4,73171.7,73285.7,1619.274
2026-05-28 09:00:00+00:00,73285.7,73534.0,73218.5,73510.4,1816.661
2026-05-28 10:00:00+00:00,73510.4,73588.9,73300.6,73367.9,1838.236
2026-05-28 11:00:00+00:00,73367.9,73510.3,73280.9,73474.1,1317.406
2026-05-28 12:00:00+00:00,73474.1,73560.0,73214.2,73490.3,2444.319
2026-05-28 13:00:00+00:00,73490.3,73550.0,72727.0,72993.4,7018.181
2026-05-28 14:00:00+00:00,72993.4,73561.4,72552.0,73000.1,13434.833
2026-05-28 15:00:00+00:00,73000.1,73155.0,72660.0,72896.6,3528.151
2026-05-28 16:00:00+00:00,72896.6,73437.7,72696.2,73424.9,5135.878
2026-05-28 17:00:00+00:00,73424.9,73718.2,73284.0,73518.9,3707.416
2026-05-28 18:00:00+00:00,73518.9,73729.0,73486.2,73629.8,1785.28
2026-05-28 19:00:00+00:00,73629.8,73629.8,73350.4,73397.4,1580.12
2026-05-28 20:00:00+00:00,73397.4,73696.5,73195.7,73550.7,2986.944
2026-05-28 21:00:00+00:00,73550.7,73901.6,73522.6,73789.3,1465.22
2026-05-28 22:00:00+00:00,73789.3,73920.0,73421.0,73447.7,2340.814
2026-05-28 23:00:00+00:00,73447.7,73710.0,73447.6,73597.6,1167.751
2026-05-29 00:00:00+00:00,73597.6,73845.0,73597.5,73704.7,2258.839
2026-05-29 01:00:00+00:00,73704.7,73853.8,73432.1,73565.3,1724.17
2026-05-29 02:00:00+00:00,73565.3,73625.0,73140.5,73189.9,3461.202
2026-05-29 03:00:00+00:00,73189.9,73422.6,73189.9,73264.0,1297.808
2026-05-29 04:00:00+00:00,73264.0,73477.9,73169.5,73462.9,1203.231
2026-05-29 05:00:00+00:00,73462.9,73700.1,73451.9,73673.6,2049.61
2026-05-29 06:00:00+00:00,73673.6,73911.1,73604.0,73751.7,1694.538
2026-05-29 07:00:00+00:00,73751.7,73794.9,73337.8,73480.0,3307.614
2026-05-29 08:00:00+00:00,73480.0,73798.6,73480.0,73620.9,1842.167
2026-05-29 09:00:00+00:00,73620.9,73877.5,73611.3,73705.7,1118.474
2026-05-29 10:00:00+00:00,73705.7,73718.9,73551.7,73600.0,946.857
2026-05-29 11:00:00+00:00,73600.0,73668.5,73311.2,73449.9,1196.16
2026-05-29 12:00:00+00:00,73449.9,73450.0,73157.3,73253.6,2132.86
2026-05-29 13:00:00+00:00,73253.6,73316.2,72865.0,73110.9,4539.575
2026-05-29 14:00:00+00:00,73110.9,73176.0,72460.7,73058.1,9739.333
2026-05-29 15:00:00+00:00,73058.1,74187.8,72961.5,73774.1,15487.637
2026-05-29 16:00:00+00:00,73774.1,74100.0,73520.8,74018.3,5463.761
2026-05-29 17:00:00+00:00,74018.3,74310.0,73888.9,73951.9,3684.48
2026-05-29 18:00:00+00:00,73951.9,74034.2,73123.9,73342.4,6252.041
2026-05-29 19:00:00+00:00,73342.4,73721.0,73205.6,73491.1,3740.511
2026-05-29 20:00:00+00:00,73491.1,73738.1,73479.7,73645.7,816.479
2026-05-29 21:00:00+00:00,73645.7,73819.7,73372.4,73389.6,1634.936
2026-05-29 22:00:00+00:00,73389.6,73544.9,73340.4,73449.4,1974.799
2026-05-29 23:00:00+00:00,73449.4,73485.3,73276.2,73437.3,797.357
2026-05-30 00:00:00+00:00,73437.3,73563.0,73372.7,73466.2,729.428
2026-05-30 01:00:00+00:00,73466.2,73639.5,73433.7,73632.0,886.934
2026-05-30 02:00:00+00:00,73632.0,73750.0,73574.5,73749.9,625.273
2026-05-30 03:00:00+00:00,73749.9,73756.4,73493.1,73495.8,647.473
2026-05-30 04:00:00+00:00,73495.8,73549.7,73160.3,73365.7,1693.242
2026-05-30 05:00:00+00:00,73365.7,73600.0,73312.0,73560.9,2083.831
2026-05-30 06:00:00+00:00,73560.9,73694.2,73477.1,73542.7,1079.603
2026-05-30 07:00:00+00:00,73542.7,73552.3,73449.8,73515.7,476.02
2026-05-30 08:00:00+00:00,73515.7,73523.2,73464.9,73488.3,331.167
2026-05-30 09:00:00+00:00,73488.3,73581.9,73464.9,73571.0,427.169
2026-05-30 10:00:00+00:00,73571.0,73646.0,73548.5,73621.7,461.294
2026-05-30 11:00:00+00:00,73621.7,73625.0,73519.2,73569.4,396.704
2026-05-30 12:00:00+00:00,73569.4,73693.4,73556.0,73658.2,385.958
2026-05-30 13:00:00+00:00,73658.2,73841.1,73625.9,73793.0,1215.321
2026-05-30 14:00:00+00:00,73793.0,74076.8,73780.5,73895.0,2172.17
2026-05-30 15:00:00+00:00,73895.0,74016.8,73803.4,73889.3,1147.366
2026-05-30 16:00:00+00:00,73889.3,73959.0,73842.0,73904.1,528.029
2026-05-30 17:00:00+00:00,73904.1,74003.6,73780.4,73986.6,962.416
2026-05-30 18:00:00+00:00,73986.6,74117.7,73920.0,74014.1,1014.058
2026-05-30 19:00:00+00:00,74014.1,74049.4,73944.9,73978.8,988.918
2026-05-30 20:00:00+00:00,73978.8,73990.0,73891.8,73950.2,831.364
2026-05-30 21:00:00+00:00,73950.2,74025.3,73892.7,73955.1,480.086
2026-05-30 22:00:00+00:00,73955.1,73955.1,73756.0,73843.3,743.816
2026-05-30 23:00:00+00:00,73843.3,73971.9,73740.4,73854.1,911.774
2026-05-31 00:00:00+00:00,73854.1,74009.9,73817.6,73997.4,683.728
2026-05-31 01:00:00+00:00,73997.4,74246.1,73988.0,74023.8,1698.937
2026-05-31 02:00:00+00:00,74023.8,74223.9,73854.4,74060.1,1948.942
2026-05-31 03:00:00+00:00,74060.1,74190.3,74027.7,74109.9,822.018
2026-05-31 04:00:00+00:00,74109.9,74197.4,74051.4,74142.2,779.618
2026-05-31 05:00:00+00:00,74142.2,74179.4,74019.1,74022.3,549.683
2026-05-31 06:00:00+00:00,74022.3,74068.0,73953.6,74016.2,354.976
2026-05-31 07:00:00+00:00,74016.2,74016.2,73800.0,73842.4,1036.792
2026-05-31 08:00:00+00:00,73842.4,73963.7,73815.4,73913.8,697.151
2026-05-31 09:00:00+00:00,73913.8,74003.4,73774.0,73814.2,976.013
2026-05-31 10:00:00+00:00,73814.2,73879.7,73687.6,73873.7,1159.393
2026-05-31 11:00:00+00:00,73873.7,73948.0,73863.0,73911.0,406.574
2026-05-31 12:00:00+00:00,73911.0,73968.0,73836.7,73894.0,680.785
2026-05-31 13:00:00+00:00,73894.0,74007.2,73783.1,73841.0,533.231
2026-05-31 14:00:00+00:00,73841.0,73841.1,73467.8,73577.1,4975.562
2026-05-31 15:00:00+00:00,73577.1,73744.1,73549.8,73617.0,1114.453
2026-05-31 16:00:00+00:00,73617.0,73694.1,73351.0,73499.9,2206.165
2026-05-31 17:00:00+00:00,73499.9,73699.5,73427.5,73677.9,860.658
2026-05-31 18:00:00+00:00,73677.9,73681.9,73543.8,73573.3,471.131
2026-05-31 19:00:00+00:00,73573.3,73625.6,73412.1,73520.6,806.505
2026-05-31 20:00:00+00:00,73520.6,73734.0,73520.6,73714.7,913.982
2026-05-31 21:00:00+00:00,73714.7,73899.0,73582.3,73857.4,1987.916
2026-05-31 22:00:00+00:00,73857.4,73979.2,73650.0,73915.0,1364.883
2026-05-31 23:00:00+00:00,73915.0,74173.8,73452.3,73649.6,2950.14
2026-06-01 00:00:00+00:00,73649.6,74057.6,73614.4,73850.2,1514.913
2026-06-01 01:00:00+00:00,73850.2,73887.4,73228.0,73256.1,2166.735
2026-06-01 02:00:00+00:00,73256.1,73849.0,73176.0,73753.6,1915.008
2026-06-01 03:00:00+00:00,73753.6,73985.5,73688.9,73726.2,1539.669
2026-06-01 04:00:00+00:00,73726.2,73806.0,73288.0,73486.3,1930.933
2026-06-01 05:00:00+00:00,73486.3,73500.0,73287.6,73314.7,1551.181
2026-06-01 06:00:00+00:00,73314.7,73342.4,72923.0,73105.4,3420.105
2026-06-01 07:00:00+00:00,73105.4,73175.0,72654.8,72770.2,3984.87
2026-06-01 08:00:00+00:00,72770.2,72899.8,72580.1,72877.2,3172.569
2026-06-01 09:00:00+00:00,72877.2,73064.9,72801.1,72861.0,3856.863
2026-06-01 10:00:00+00:00,72861.0,72882.7,72541.7,72719.0,3220.91
2026-06-01 11:00:00+00:00,72719.0,72734.5,72160.5,72449.7,5185.521
2026-06-01 12:00:00+00:00,72449.7,72590.0,71862.0,72178.5,10383.48
2026-06-01 13:00:00+00:00,72178.5,72200.0,71350.0,71679.9,15065.039
2026-06-01 14:00:00+00:00,71679.9,71856.0,71383.1,71544.1,5836.573
2026-06-01 15:00:00+00:00,71544.1,71648.0,71040.0,71103.9,6577.84
2026-06-01 16:00:00+00:00,71103.9,71584.2,70650.4,71539.1,9631.386
2026-06-01 17:00:00+00:00,71539.1,71800.0,71445.0,71623.4,3776.555
2026-06-01 18:00:00+00:00,71623.4,71677.8,71354.9,71474.4,1870.688
2026-06-01 19:00:00+00:00,71474.4,71652.7,71360.1,71576.1,2358.743
2026-06-01 20:00:00+00:00,71576.1,71683.1,71391.3,71428.2,1104.997
2026-06-01 21:00:00+00:00,71428.2,71431.6,70879.3,71008.1,3206.2
2026-06-01 22:00:00+00:00,71008.1,71449.5,70805.0,71382.7,3255.573
2026-06-01 23:00:00+00:00,71382.7,71571.2,71194.4,71391.3,2203.071
2026-06-02 00:00:00+00:00,71391.3,71398.4,71057.1,71269.7,1232.398
2026-06-02 01:00:00+00:00,71269.7,71359.7,70555.1,70634.9,4107.874
2026-06-02 02:00:00+00:00,70634.9,70858.5,70063.9,70830.0,9289.249
2026-06-02 03:00:00+00:00,70830.0,71016.9,70777.0,70933.9,2870.161
2026-06-02 04:00:00+00:00,70933.9,71039.2,70683.5,70788.0,2651.742
2026-06-02 05:00:00+00:00,70788.0,70825.0,70200.2,70243.7,4870.596
2026-06-02 06:00:00+00:00,70243.7,70424.0,69902.0,70083.2,4225.162
2026-06-02 07:00:00+00:00,70083.2,70251.3,69705.1,70080.8,5820.417
2026-06-02 08:00:00+00:00,70080.8,70150.7,69665.0,69801.1,3408.36
2026-06-02 09:00:00+00:00,69801.1,69828.5,69290.0,69398.0,6538.344
2026-06-02 10:00:00+00:00,69398.0,69741.6,69309.6,69622.7,3024.776
2026-06-02 11:00:00+00:00,69622.7,69640.8,69363.3,69434.2,1427.347
2026-06-02 12:00:00+00:00,69434.2,69519.0,68962.0,68984.9,5649.268
2026-06-02 13:00:00+00:00,68984.9,69157.4,68723.1,68782.0,8377.09
2026-06-02 14:00:00+00:00,68782.0,68810.0,67564.8,67992.2,20219.218
2026-06-02 15:00:00+00:00,67992.2,68067.5,67030.4,67269.4,16029.752
2026-06-02 16:00:00+00:00,67269.4,68112.1,67193.8,67382.9,10937.618
2026-06-02 17:00:00+00:00,67382.9,67823.4,67329.2,67456.5,4469.074
2026-06-02 18:00:00+00:00,67456.5,67628.5,67082.3,67306.1,3062.175
2026-06-02 19:00:00+00:00,67306.1,67474.4,66356.0,67287.9,12318.368
2026-06-02 20:00:00+00:00,67287.9,67676.1,66870.0,67550.5,6380.325
2026-06-02 21:00:00+00:00,67550.5,67891.4,67360.7,67532.9,4384.806
2026-06-02 22:00:00+00:00,67532.9,67532.9,66191.3,66363.5,9580.492
2026-06-02 23:00:00+00:00,66363.5,66838.7,66160.0,66725.2,7457.482
2026-06-03 00:00:00+00:00,66725.2,67174.6,66611.4,66900.0,4918.377
2026-06-03 01:00:00+00:00,66900.0,67019.7,66424.9,66878.8,3483.332
2026-06-03 02:00:00+00:00,66878.8,66909.8,66542.1,66581.4,1898.308
2026-06-03 03:00:00+00:00,66581.4,66631.3,65400.0,65818.7,10623.681
2026-06-03 04:00:00+00:00,65818.7,66589.0,65797.2,66439.2,5122.048
2026-06-03 05:00:00+00:00,66439.2,67380.0,66439.2,67300.1,8048.629
2026-06-03 06:00:00+00:00,67300.1,67497.5,66930.9,66954.3,3921.189
2026-06-03 07:00:00+00:00,66954.3,67322.9,66826.0,67188.5,4240.634
2026-06-03 08:00:00+00:00,67188.5,67236.9,66945.0,66998.6,2129.847
2026-06-03 09:00:00+00:00,66998.6,67311.0,66627.5,67040.7,4821.002
2026-06-03 10:00:00+00:00,67040.7,67450.0,67027.6,67267.7,2880.791
2026-06-03 11:00:00+00:00,67267.7,67344.3,67027.0,67044.9,1651.434
2026-06-03 12:00:00+00:00,67044.9,67135.1,66755.6,67054.6,3150.598
2026-06-03 13:00:00+00:00,67054.6,67220.0,66605.3,66880.6,4598.189
2026-06-03 14:00:00+00:00,66880.6,66975.4,66620.0,66831.7,2919.828
2026-06-03 15:00:00+00:00,66831.7,66868.2,66041.3,66046.9,7771.045
2026-06-03 16:00:00+00:00,66046.9,66346.9,65500.0,66034.4,12484.583
2026-06-03 17:00:00+00:00,66034.4,66158.4,65671.7,65931.4,3427.06
2026-06-03 18:00:00+00:00,65931.4,66132.2,65703.1,66002.5,1967.018
2026-06-03 19:00:00+00:00,66002.5,66025.9,65201.2,65428.4,7263.293
2026-06-03 20:00:00+00:00,65428.4,65583.1,64686.2,64970.1,8692.095
2026-06-03 21:00:00+00:00,64970.1,65827.8,64919.3,65736.5,6101.124
2026-06-03 22:00:00+00:00,65736.5,65809.3,64730.2,64875.7,6100.62
2026-06-03 23:00:00+00:00,64875.7,64952.3,64035.3,64115.2,8736.453
2026-06-04 00:00:00+00:00,64115.2,64400.0,62950.1,63315.6,11599.157
2026-06-04 01:00:00+00:00,63315.6,63476.0,62057.7,62141.4,12727.37
2026-06-04 02:00:00+00:00,62141.4,63605.7,61333.0,63198.9,19733.155
2026-06-04 03:00:00+00:00,63198.9,64500.0,63186.7,64335.8,8923.837
2026-06-04 04:00:00+00:00,64335.8,64734.4,64229.4,64373.6,5669.155
2026-06-04 05:00:00+00:00,64373.6,64373.6,63617.4,63926.6,5599.798
2026-06-04 06:00:00+00:00,63926.6,64458.9,63855.8,64004.4,2911.493
2026-06-04 07:00:00+00:00,64004.4,64042.2,63376.4,63562.6,5213.346
2026-06-04 08:00:00+00:00,63562.6,63881.6,63204.0,63594.5,4228.326
2026-06-04 09:00:00+00:00,63594.5,63619.4,62662.4,63250.4,7187.474
2026-06-04 10:00:00+00:00,63250.4,63265.2,62221.5,62375.4,10842.028
2026-06-04 11:00:00+00:00,62375.4,62798.4,62133.0,62519.2,6675.152
2026-06-04 12:00:00+00:00,62519.2,63944.1,62355.7,63732.3,10477.475
2026-06-04 13:00:00+00:00,63732.3,64224.0,63019.6,64205.8,11925.702
2026-06-04 14:00:00+00:00,64205.8,64473.6,63760.6,63928.1,5758.15
2026-06-04 15:00:00+00:00,63928.1,64377.5,63662.7,63866.9,4437.526
2026-06-04 16:00:00+00:00,63866.9,63899.1,63424.0,63533.6,3259.002
2026-06-04 17:00:00+00:00,63533.6,63703.6,62904.7,63505.4,5735.601
2026-06-04 18:00:00+00:00,63505.4,64082.7,63111.6,63767.7,5475.743
2026-06-04 19:00:00+00:00,63767.7,64121.5,63491.0,63597.3,3615.367
2026-06-04 20:00:00+00:00,63597.3,63638.0,63150.0,63595.2,3328.092
2026-06-04 21:00:00+00:00,63595.2,63848.3,63072.4,63244.8,3018.524
2026-06-04 22:00:00+00:00,63244.8,63745.6,63150.0,63693.9,2985.202
2026-06-04 23:00:00+00:00,63693.9,63893.6,63335.2,63849.1,2138.472
2026-06-05 00:00:00+00:00,63849.1,63954.5,63354.0,63388.0,2033.065
2026-06-05 01:00:00+00:00,63388.0,63538.5,63006.6,63340.7,2444.095
2026-06-05 02:00:00+00:00,63340.7,63414.9,62558.0,62586.6,3793.763
2026-06-05 03:00:00+00:00,62586.6,62854.4,62297.6,62695.3,4020.122
2026-06-05 04:00:00+00:00,62695.3,63615.6,62444.4,63585.0,4415.854
2026-06-05 05:00:00+00:00,63585.0,63684.4,62222.2,62293.5,7478.537
2026-06-05 06:00:00+00:00,62293.5,62605.5,61076.6,61917.9,18100.996
2026-06-05 07:00:00+00:00,61917.9,63087.9,61340.2,63080.1,10004.521
2026-06-05 08:00:00+00:00,63080.1,63091.2,62245.7,62432.0,5346.55
2026-06-05 09:00:00+00:00,62432.0,63268.5,62406.2,62830.5,5284.511
2026-06-05 10:00:00+00:00,62830.5,62910.8,62349.7,62512.8,3402.536
2026-06-05 11:00:00+00:00,62512.8,62621.0,61925.2,61925.2,4701.14
2026-06-05 12:00:00+00:00,61925.2,62430.0,61582.0,61933.0,7544.003
2026-06-05 13:00:00+00:00,61933.0,62313.4,60685.6,60695.4,12746.425
2026-06-05 14:00:00+00:00,60695.4,61192.9,60285.7,60828.0,16094.21
2026-06-05 15:00:00+00:00,60828.0,61093.4,60013.0,60400.7,14427.141
2026-06-05 16:00:00+00:00,60400.7,61529.7,59718.5,61364.6,22813.271
2026-06-05 17:00:00+00:00,61364.6,61490.0,60612.0,60786.2,4679.296
2026-06-05 18:00:00+00:00,60786.2,60945.1,59101.6,59369.7,14671.572
2026-06-05 19:00:00+00:00,59369.7,60431.4,59081.4,60269.6,10010.726
2026-06-05 20:00:00+00:00,60269.6,61759.3,59902.9,61592.5,10317.932
2026-06-05 21:00:00+00:00,61592.5,61992.8,61420.8,61643.7,6625.491
2026-06-05 22:00:00+00:00,61643.7,61941.2,61118.1,61559.5,10101.457
2026-06-05 23:00:00+00:00,61559.5,61757.2,60481.4,61026.6,7559.441
2026-06-06 00:00:00+00:00,61026.6,61496.4,61021.1,61240.2,3515.778
2026-06-06 01:00:00+00:00,61240.2,61350.0,60920.1,61028.6,2052.307
2026-06-06 02:00:00+00:00,61028.6,61159.9,60642.0,60917.2,2315.59
2026-06-06 03:00:00+00:00,60917.2,60936.2,60488.7,60661.7,2810.971
2026-06-06 04:00:00+00:00,60661.7,60841.1,59428.7,60067.6,10724.246
2026-06-06 05:00:00+00:00,60067.6,61056.2,59578.7,60920.8,11678.731
2026-06-06 06:00:00+00:00,60920.8,61268.3,60656.3,60767.5,5202.444
2026-06-06 07:00:00+00:00,60767.5,61224.6,60706.3,60975.3,3067.862
2026-06-06 08:00:00+00:00,60975.3,61473.0,60850.1,61240.0,2652.737
2026-06-06 09:00:00+00:00,61240.0,61297.7,60852.1,60953.4,1926.947
2026-06-06 10:00:00+00:00,60953.4,60954.0,60073.8,60552.9,8077.374
2026-06-06 11:00:00+00:00,60552.9,60934.0,60510.9,60771.6,2618.501
2026-06-06 12:00:00+00:00,60771.6,61168.3,60601.3,60998.8,4414.005
2026-06-06 13:00:00+00:00,60998.8,61078.2,60672.1,60779.8,1964.481
2026-06-06 14:00:00+00:00,60779.8,60995.0,60740.7,60761.9,1332.227
2026-06-06 15:00:00+00:00,60761.9,60902.1,60350.6,60754.3,4291.884
2026-06-06 16:00:00+00:00,60754.3,60950.0,60428.9,60751.6,3130.775
2026-06-06 17:00:00+00:00,60751.6,60818.5,60456.2,60548.4,2409.073
2026-06-06 18:00:00+00:00,60548.4,60721.3,60365.4,60604.9,1820.456
2026-06-06 19:00:00+00:00,60604.9,60750.0,60500.0,60557.8,1155.522
2026-06-06 20:00:00+00:00,60557.8,60726.3,60484.3,60679.1,1285.012
2026-06-06 21:00:00+00:00,60679.1,60967.8,60671.2,60720.1,2088.559
2026-06-06 22:00:00+00:00,60720.1,60790.2,60394.0,60510.0,1651.972
2026-06-06 23:00:00+00:00,60510.0,60914.5,60510.0,60855.6,1963.84
2026-06-07 00:00:00+00:00,60855.6,60962.0,60711.1,60752.2,1222.669
2026-06-07 01:00:00+00:00,60752.2,61633.7,60728.7,61451.0,7576.042
2026-06-07 02:00:00+00:00,61451.0,61547.3,61150.2,61470.5,2636.852
2026-06-07 03:00:00+00:00,61470.5,61747.0,61382.1,61668.6,2448.568
2026-06-07 04:00:00+00:00,61668.6,61879.9,61443.2,61851.7,1919.091
2026-06-07 05:00:00+00:00,61851.7,62169.0,61609.6,61711.1,4185.482
2026-06-07 06:00:00+00:00,61711.1,62239.0,61580.0,62071.6,3702.532
2026-06-07 07:00:00+00:00,62071.6,62381.8,61950.1,62368.6,3031.884
2026-06-07 08:00:00+00:00,62368.6,62950.0,62220.1,62820.2,6678.061
2026-06-07 09:00:00+00:00,62820.2,62872.9,62380.1,62507.9,3481.472
2026-06-07 10:00:00+00:00,62507.9,62545.1,62270.0,62337.4,2422.429
2026-06-07 11:00:00+00:00,62337.4,62731.3,62325.4,62598.2,2511.334
2026-06-07 12:00:00+00:00,62598.2,62617.3,61524.5,61869.4,11342.813
2026-06-07 13:00:00+00:00,61869.4,61878.5,61622.8,61671.4,2466.115
2026-06-07 14:00:00+00:00,61671.4,62303.8,61668.2,61871.0,4666.941
2026-06-07 15:00:00+00:00,61871.0,62191.6,61636.0,62070.7,3175.303
2026-06-07 16:00:00+00:00,62070.7,62313.4,61930.5,62052.8,2194.397
2026-06-07 17:00:00+00:00,62052.8,62303.6,62013.5,62124.8,1564.168
2026-06-07 18:00:00+00:00,62124.8,62264.4,61976.5,61996.6,1052.093
2026-06-07 19:00:00+00:00,61996.6,62003.8,61138.5,61299.8,7944.998
2026-06-07 20:00:00+00:00,61299.8,61940.6,61178.7,61840.9,4242.449
2026-06-07 21:00:00+00:00,61840.9,61994.5,61614.1,61749.9,3219.427
2026-06-07 22:00:00+00:00,61749.9,64250.0,61685.0,62833.6,21486.058
2026-06-07 23:00:00+00:00,62833.6,63437.5,62771.5,63306.5,3123.302
2026-06-08 00:00:00+00:00,63306.5,63842.9,63110.2,63604.2,3719.167
2026-06-08 01:00:00+00:00,63604.2,63623.1,62678.8,63183.8,3828.36
2026-06-08 02:00:00+00:00,63183.8,63231.4,62880.5,63093.0,1773.771
2026-06-08 03:00:00+00:00,63093.0,63432.1,62929.8,63095.9,1865.876
2026-06-08 04:00:00+00:00,63095.9,63141.4,62600.1,62650.1,1985.566
2026-06-08 05:00:00+00:00,62650.1,62792.9,62374.0,62736.1,2879.831
2026-06-08 06:00:00+00:00,62736.1,63118.0,62701.4,62963.9,2416.693
2026-06-08 07:00:00+00:00,62963.9,63331.4,62778.0,63263.5,2976.585
2026-06-08 08:00:00+00:00,63263.5,63263.5,62951.3,63105.5,1635.146
2026-06-08 09:00:00+00:00,63105.5,63571.6,63093.4,63466.2,3145.052
2026-06-08 10:00:00+00:00,63466.2,63536.0,63064.5,63129.4,2908.675
2026-06-08 11:00:00+00:00,63129.4,63888.6,63010.3,63451.4,5189.049
2026-06-08 12:00:00+00:00,63451.4,63935.0,62672.7,63840.0,10509.74
2026-06-08 13:00:00+00:00,63840.0,63932.6,63330.3,63726.4,5826.68
2026-06-08 14:00:00+00:00,63726.4,64070.0,63534.4,63940.9,5568.437
2026-06-08 15:00:00+00:00,63940.9,64220.9,63671.1,63745.6,6715.108
2026-06-08 16:00:00+00:00,63745.6,64025.9,63434.8,63501.6,4056.076
2026-06-08 17:00:00+00:00,63501.6,63623.5,63226.3,63526.1,3681.355
2026-06-08 18:00:00+00:00,63526.1,63665.3,63303.0,63438.5,1704.968
2026-06-08 19:00:00+00:00,63438.5,63573.9,63320.1,63342.1,1261.11
2026-06-08 20:00:00+00:00,63342.1,63456.4,63065.9,63456.3,3026.192
2026-06-08 21:00:00+00:00,63456.3,63840.7,63453.4,63694.3,2383.594
2026-06-08 22:00:00+00:00,63694.3,63694.3,63177.5,63406.4,2271.156
2026-06-08 23:00:00+00:00,63406.4,63567.7,62939.0,63056.4,2934.375
2026-06-09 00:00:00+00:00,63056.4,63155.2,62386.1,62522.8,6510.404
2026-06-09 01:00:00+00:00,62522.8,62844.3,62515.2,62731.1,2108.696
2026-06-09 02:00:00+00:00,62731.1,62841.6,62505.4,62841.6,1475.772
2026-06-09 03:00:00+00:00,62841.6,62943.0,62668.3,62844.7,2066.546
2026-06-09 04:00:00+00:00,62844.7,63407.7,62718.5,63209.7,5323.849
2026-06-09 05:00:00+00:00,63209.7,63501.0,63089.1,63317.9,1959.252
2026-06-09 06:00:00+00:00,63317.9,63481.8,63194.4,63275.1,1460.036
2026-06-09 07:00:00+00:00,63275.1,63422.9,62977.7,63170.6,2621.974
2026-06-09 08:00:00+00:00,63170.6,63182.3,62730.5,62814.5,4183.145
2026-06-09 09:00:00+00:00,62814.5,62937.1,62547.4,62685.6,2769.407
2026-06-09 10:00:00+00:00,62685.6,62797.4,62544.4,62749.0,2031.178
2026-06-09 11:00:00+00:00,62749.0,62778.3,62462.9,62676.2,2504.465
2026-06-09 12:00:00+00:00,62676.2,62878.0,62385.4,62611.9,3778.586
2026-06-09 13:00:00+00:00,62611.9,62706.1,62130.0,62245.4,6882.856
2026-06-09 14:00:00+00:00,62245.4,62368.4,61111.0,61514.1,13235.627
2026-06-09 15:00:00+00:00,61514.1,61683.3,61000.3,61104.9,7625.835
2026-06-09 16:00:00+00:00,61104.9,61475.0,60705.0,61362.0,11381.499
2026-06-09 17:00:00+00:00,61362.0,61877.1,61362.0,61667.7,6679.208
2026-06-09 18:00:00+00:00,61667.7,61954.5,61565.8,61760.6,3546.046
2026-06-09 19:00:00+00:00,61760.6,62087.1,61690.9,62071.5,3823.956
2026-06-09 20:00:00+00:00,62071.5,62250.1,61920.7,62138.3,2631.402
2026-06-09 21:00:00+00:00,62138.3,62150.0,61658.3,61742.3,2936.352
2026-06-09 22:00:00+00:00,61742.3,61956.4,61630.0,61689.3,2156.824
2026-06-09 23:00:00+00:00,61689.3,61855.9,61520.0,61699.9,2980.944
2026-06-10 00:00:00+00:00,61699.9,61914.0,61423.0,61889.2,2717.707
2026-06-10 01:00:00+00:00,61889.2,61948.5,61551.9,61690.7,2092.285
2026-06-10 02:00:00+00:00,61690.7,61813.0,61206.0,61278.3,2744.971
2026-06-10 03:00:00+00:00,61278.3,61563.2,61256.0,61517.2,1544.417
2026-06-10 04:00:00+00:00,61517.2,61530.0,61141.2,61266.1,1816.796
2026-06-10 05:00:00+00:00,61266.1,61365.2,61039.8,61320.7,2253.371
2026-06-10 06:00:00+00:00,61320.7,61495.4,61107.5,61432.0,2346.702
2026-06-10 07:00:00+00:00,61432.0,61766.4,61398.1,61655.2,2496.15
2026-06-10 08:00:00+00:00,61655.2,61702.6,61121.3,61227.1,3558.845
2026-06-10 09:00:00+00:00,61227.1,61392.5,60614.5,61307.1,5036.002
2026-06-10 10:00:00+00:00,61307.1,61428.6,61117.4,61356.0,1549.625
2026-06-10 11:00:00+00:00,61356.0,61409.4,60824.0,60998.0,4078.419
2026-06-10 12:00:00+00:00,60998.0,61926.5,60917.1,61533.1,7800.657
2026-06-10 13:00:00+00:00,61533.1,62438.7,61409.4,62120.8,8253.073
2026-06-10 14:00:00+00:00,62120.8,62235.8,61779.8,62171.7,5161.315
2026-06-10 15:00:00+00:00,62171.7,62846.8,61822.4,62606.5,8439.952
2026-06-10 16:00:00+00:00,62606.5,62620.0,61893.6,62198.4,4858.066
2026-06-10 17:00:00+00:00,62198.4,62335.0,61615.3,61947.3,6438.745
2026-06-10 18:00:00+00:00,61947.3,62132.3,61550.4,61860.0,2139.372
2026-06-10 19:00:00+00:00,61860.0,62035.6,61649.6,61916.4,2416.303
2026-06-10 20:00:00+00:00,61916.4,61922.3,61651.0,61769.3,2148.664
2026-06-10 21:00:00+00:00,61769.3,61769.7,61152.3,61324.4,4328.468
2026-06-10 22:00:00+00:00,61324.4,61550.0,61069.5,61350.6,4460.522
2026-06-10 23:00:00+00:00,61350.6,61576.6,61127.4,61476.4,2235.839
2026-06-11 00:00:00+00:00,61476.4,61951.9,61476.4,61792.7,3144.547
2026-06-11 01:00:00+00:00,61792.7,62384.9,61791.3,62179.3,2931.723
2026-06-11 02:00:00+00:00,62179.3,62279.8,61914.6,62118.3,2019.766
2026-06-11 03:00:00+00:00,62118.3,63023.2,61964.7,62671.5,8775.707
2026-06-11 04:00:00+00:00,62671.5,62835.2,62522.5,62702.5,2092.491
2026-06-11 05:00:00+00:00,62702.5,62705.0,62537.1,62587.5,1549.413
2026-06-11 06:00:00+00:00,62587.5,63037.9,62518.2,62733.0,2814.272
2026-06-11 07:00:00+00:00,62733.0,62822.8,62580.9,62692.6,1622.169
2026-06-11 08:00:00+00:00,62692.6,63026.9,62692.1,62931.0,1733.548
2026-06-11 09:00:00+00:00,62931.0,62974.9,62763.4,62899.6,1720.878
2026-06-11 10:00:00+00:00,62899.6,63199.3,62778.3,63113.6,2090.946
2026-06-11 11:00:00+00:00,63113.6,63235.9,63014.0,63075.2,2150.427
2026-06-11 12:00:00+00:00,63075.2,63175.0,62468.2,62974.1,7222.8
2026-06-11 13:00:00+00:00,62974.1,63216.6,62649.8,63052.3,4406.484
2026-06-11 14:00:00+00:00,63052.3,63075.9,62697.6,62700.6,3196.352
2026-06-11 15:00:00+00:00,62700.6,62858.9,62505.6,62726.3,3182.979
2026-06-11 16:00:00+00:00,62726.3,62819.9,62518.2,62548.0,2227.988
2026-06-11 17:00:00+00:00,62548.0,63670.5,62315.0,63616.6,11500.613
2026-06-11 18:00:00+00:00,63616.6,63776.8,63301.0,63428.6,4613.308
2026-06-11 19:00:00+00:00,63428.6,63900.0,63370.0,63580.1,5573.89
2026-06-11 20:00:00+00:00,63580.1,63645.7,63239.8,63369.1,2554.928
2026-06-11 21:00:00+00:00,63369.1,63583.8,63369.1,63494.3,1264.685
2026-06-11 22:00:00+00:00,63494.3,63648.7,63435.5,63473.1,860.522
2026-06-11 23:00:00+00:00,63473.1,63699.9,63331.6,63600.0,1367.872
2026-06-12 00:00:00+00:00,63600.0,63780.0,63496.1,63618.5,1375.632
2026-06-12 01:00:00+00:00,63618.5,63618.5,63258.0,63397.7,1984.384
2026-06-12 02:00:00+00:00,63397.7,63757.6,63397.6,63593.9,1640.045
2026-06-12 03:00:00+00:00,63593.9,63623.0,63307.2,63494.7,1033.181
2026-06-12 04:00:00+00:00,63494.7,63849.6,63392.5,63670.6,1991.791
2026-06-12 05:00:00+00:00,63670.6,63696.8,63267.6,63323.7,2517.555
2026-06-12 06:00:00+00:00,63323.7,63384.8,62810.0,62955.2,3905.938
2026-06-12 07:00:00+00:00,62955.2,63194.6,62917.7,63063.2,2140.331
2026-06-12 08:00:00+00:00,63063.2,63600.0,63061.0,63442.1,2852.214
2026-06-12 09:00:00+00:00,63442.1,63934.9,63403.5,63730.1,4022.306
2026-06-12 10:00:00+00:00,63730.1,63836.8,63556.2,63667.9,1751.334
2026-06-12 11:00:00+00:00,63667.9,63863.8,63649.3,63730.5,1599.659
2026-06-12 12:00:00+00:00,63730.5,63753.7,63348.0,63432.5,2440.168
2026-06-12 13:00:00+00:00,63432.5,63509.9,63010.1,63201.6,4149.529
2026-06-12 14:00:00+00:00,63201.6,63988.8,63153.7,63979.9,6240.269
2026-06-12 15:00:00+00:00,63979.9,64371.8,63515.0,63565.7,10585.816
2026-06-12 16:00:00+00:00,63565.7,63979.9,63477.3,63954.0,3866.821
2026-06-12 17:00:00+00:00,63954.0,64080.8,63698.8,63832.9,1933.493
2026-06-12 18:00:00+00:00,63832.9,63906.4,63640.6,63659.3,1441.054
2026-06-12 19:00:00+00:00,63659.3,63791.8,63534.9,63549.1,1318.115
2026-06-12 20:00:00+00:00,63549.1,63666.9,63358.7,63423.4,1432.297
2026-06-12 21:00:00+00:00,63423.4,63605.3,63405.8,63448.9,1189.983
2026-06-12 22:00:00+00:00,63448.9,63632.1,63434.1,63477.7,912.76
2026-06-12 23:00:00+00:00,63477.7,63556.3,63388.2,63547.1,869.698
2026-06-13 00:00:00+00:00,63547.1,63620.0,63476.6,63577.0,725.67
2026-06-13 01:00:00+00:00,63577.0,63816.6,63575.7,63800.0,1600.152
2026-06-13 02:00:00+00:00,63800.0,63800.0,63496.1,63613.8,1198.719
2026-06-13 03:00:00+00:00,63613.8,63697.0,63372.8,63493.9,1026.718
2026-06-13 04:00:00+00:00,63493.9,63619.4,63445.8,63475.3,511.323
2026-06-13 05:00:00+00:00,63475.3,63590.9,63455.8,63556.4,810.19
2026-06-13 06:00:00+00:00,63556.4,63715.9,63515.4,63700.8,974.007
2026-06-13 07:00:00+00:00,63700.8,63867.3,63642.9,63821.6,2628.839
2026-06-13 08:00:00+00:00,63821.6,63888.0,63729.9,63769.8,1517.519
2026-06-13 09:00:00+00:00,63769.8,63837.2,63697.8,63712.0,670.832
2026-06-13 10:00:00+00:00,63712.0,63898.5,63694.6,63812.9,811.161
2026-06-13 11:00:00+00:00,63812.9,63947.9,63812.3,63936.3,1006.155
2026-06-13 12:00:00+00:00,63936.3,64188.8,63884.7,64105.5,2350.228
2026-06-13 13:00:00+00:00,64105.5,64234.0,64004.8,64065.1,1939.319
2026-06-13 14:00:00+00:00,64065.1,64203.5,64055.7,64196.7,726.574
2026-06-13 15:00:00+00:00,64196.7,64316.4,64141.5,64263.6,1843.547
2026-06-13 16:00:00+00:00,64263.6,64278.8,63876.1,63997.4,4458.131
2026-06-13 17:00:00+00:00,63997.4,64095.7,63903.7,63943.0,1208.212
2026-06-13 18:00:00+00:00,63943.0,64253.1,63942.9,64124.1,1375.173
2026-06-13 19:00:00+00:00,64124.1,64310.9,64110.1,64267.0,895.13
2026-06-13 20:00:00+00:00,64267.0,64267.0,64197.4,64258.3,515.888
2026-06-13 21:00:00+00:00,64258.3,64746.9,64185.1,64439.7,3687.858
2026-06-13 22:00:00+00:00,64439.7,64537.9,64349.5,64419.4,1101.076
2026-06-13 23:00:00+00:00,64419.4,64565.4,64350.1,64416.6,1186.619
2026-06-14 00:00:00+00:00,64416.6,64550.0,64337.8,64525.0,952.648
2026-06-14 01:00:00+00:00,64525.0,64685.9,64465.7,64543.2,1040.836
2026-06-14 02:00:00+00:00,64543.2,64609.7,64435.1,64451.2,517.241
2026-06-14 03:00:00+00:00,64451.2,64512.7,64422.8,64508.8,633.942
2026-06-14 04:00:00+00:00,64508.8,64528.3,64280.0,64303.6,944.888
2026-06-14 05:00:00+00:00,64303.6,64380.0,64260.1,64328.5,743.395
2026-06-14 06:00:00+00:00,64328.5,64446.6,64203.9,64257.8,1160.522
2026-06-14 07:00:00+00:00,64257.8,64420.0,64176.6,64401.5,1185.626
2026-06-14 08:00:00+00:00,64401.5,64490.4,64358.0,64428.8,813.577
2026-06-14 09:00:00+00:00,64428.8,64598.8,64288.2,64584.7,1207.054
2026-06-14 10:00:00+00:00,64584.7,64641.8,64465.5,64489.2,1212.985
2026-06-14 11:00:00+00:00,64489.2,64608.8,64420.0,64516.1,916.298
2026-06-14 12:00:00+00:00,64516.1,64533.1,64269.3,64300.6,1457.66
2026-06-14 13:00:00+00:00,64300.6,64367.1,64207.6,64288.0,1027.51
2026-06-14 14:00:00+00:00,64288.0,64312.0,63831.0,63959.2,3507.509
2026-06-14 15:00:00+00:00,63959.2,64119.1,63951.2,63991.6,1854.393
2026-06-14 16:00:00+00:00,63991.6,64211.1,63895.3,63913.1,1527.455
2026-06-14 17:00:00+00:00,63913.1,64000.0,63643.7,63707.7,2487.515
2026-06-14 18:00:00+00:00,63707.7,63788.0,63654.0,63785.0,1033.963
2026-06-14 19:00:00+00:00,63785.0,63830.5,63703.2,63775.1,693.591
2026-06-14 20:00:00+00:00,63775.1,64069.0,63760.9,63975.6,1665.827
2026-06-14 21:00:00+00:00,63975.6,65677.0,63971.9,65286.6,15479.655
2026-06-14 22:00:00+00:00,65286.6,65550.9,64920.0,65389.1,6649.998
2026-06-14 23:00:00+00:00,65389.1,65770.0,65219.3,65710.0,3755.289
2026-06-15 00:00:00+00:00,65710.0,65899.2,65452.0,65597.6,3058.166
2026-06-15 01:00:00+00:00,65597.6,65690.6,65317.0,65487.0,1704.694
2026-06-15 02:00:00+00:00,65487.0,65759.1,65384.0,65430.6,1288.745
2026-06-15 03:00:00+00:00,65430.6,65983.0,65392.0,65895.4,2471.308
2026-06-15 04:00:00+00:00,65895.4,65895.4,65599.3,65608.4,1220.161
2026-06-15 05:00:00+00:00,65608.4,65842.4,65564.4,65826.4,1496.929
2026-06-15 06:00:00+00:00,65826.4,65933.0,65735.1,65774.8,1768.368
2026-06-15 07:00:00+00:00,65774.8,65997.9,65602.5,65644.0,2242.807
2026-06-15 08:00:00+00:00,65644.0,65776.7,65589.0,65627.1,1344.821
2026-06-15 09:00:00+00:00,65627.1,65770.0,65468.6,65563.8,1300.293
2026-06-15 10:00:00+00:00,65563.8,66019.2,65548.5,65888.3,2999.245
2026-06-15 11:00:00+00:00,65888.3,66372.8,65811.7,66202.4,6749.319
2026-06-15 12:00:00+00:00,66202.4,66597.6,66067.3,66530.7,4891.011
2026-06-15 13:00:00+00:00,66530.7,66916.9,66377.2,66418.7,9111.236
2026-06-15 14:00:00+00:00,66418.7,66648.2,66267.3,66552.0,3374.29
2026-06-15 15:00:00+00:00,66552.0,67276.0,66542.9,67256.4,5851.156
2026-06-15 16:00:00+00:00,67256.4,67265.8,67058.2,67128.1,3151.069
2026-06-15 17:00:00+00:00,67128.1,67128.2,66645.0,66823.6,3637.672
2026-06-15 18:00:00+00:00,66823.6,66917.2,66688.0,66733.6,1468.192
2026-06-15 19:00:00+00:00,66733.6,66863.1,66275.2,66580.1,3555.767
2026-06-15 20:00:00+00:00,66580.1,66656.3,66457.2,66491.0,1416.975
2026-06-15 21:00:00+00:00,66491.0,66537.6,66301.1,66337.2,987.452
2026-06-15 22:00:00+00:00,66337.2,66441.0,66060.1,66176.8,2768.303
2026-06-15 23:00:00+00:00,66176.8,66337.5,66092.0,66287.2,1162.003
2026-06-16 00:00:00+00:00,66287.2,66434.7,66202.2,66218.7,1455.093
2026-06-16 01:00:00+00:00,66218.7,66392.8,66207.8,66313.7,888.437
2026-06-16 02:00:00+00:00,66313.7,66341.8,65605.5,65707.4,5953.979
2026-06-16 03:00:00+00:00,65707.4,66130.0,65606.9,66121.5,3134.729
2026-06-16 04:00:00+00:00,66121.5,66247.5,65763.1,65807.3,2404.469
2026-06-16 05:00:00+00:00,65807.3,66113.7,65807.2,66024.6,1484.87
2026-06-16 06:00:00+00:00,66024.6,66566.9,66024.5,66400.1,3333.594
2026-06-16 07:00:00+00:00,66400.1,66494.2,66270.0,66338.4,1342.213
2026-06-16 08:00:00+00:00,66338.4,66970.0,66304.8,66864.5,3959.786
2026-06-16 09:00:00+00:00,66864.5,66908.1,66433.4,66479.8,2749.007
2026-06-16 10:00:00+00:00,66479.8,66760.0,66453.2,66480.0,2839.295
2026-06-16 11:00:00+00:00,66480.0,66621.8,66336.8,66460.3,1608.954
2026-06-16 12:00:00+00:00,66460.3,66795.3,66328.9,66395.8,3169.019
2026-06-16 13:00:00+00:00,66395.8,66444.5,65896.7,66021.0,5028.07
2026-06-16 14:00:00+00:00,66021.0,66243.5,65327.4,65632.4,6802.505
2026-06-16 15:00:00+00:00,65632.4,65969.0,65579.9,65835.3,2953.737
2026-06-16 16:00:00+00:00,65835.3,65930.8,65671.2,65730.5,1468.146
2026-06-16 17:00:00+00:00,65730.5,65992.3,65675.7,65949.1,1456.226
2026-06-16 18:00:00+00:00,65949.1,66263.6,65770.6,65817.7,2590.558
2026-06-16 19:00:00+00:00,65817.7,65817.7,65525.0,65656.3,1957.243
2026-06-16 20:00:00+00:00,65656.3,65838.5,65558.8,65826.9,964.706
2026-06-16 21:00:00+00:00,65826.9,65918.4,65624.0,65748.7,1016.57
2026-06-16 22:00:00+00:00,65748.7,65850.0,65650.0,65748.5,597.277
2026-06-16 23:00:00+00:00,65748.5,65810.1,65588.5,65640.0,995.034
2026-06-17 00:00:00+00:00,65640.0,65827.4,65640.0,65681.7,1119.934
2026-06-17 01:00:00+00:00,65681.7,65922.0,65421.3,65902.6,2161.801
2026-06-17 02:00:00+00:00,65902.6,66108.3,65750.0,65875.4,2025.565
2026-06-17 03:00:00+00:00,65875.4,65875.4,65680.8,65828.4,818.571
2026-06-17 04:00:00+00:00,65828.4,66020.9,65765.7,65863.0,587.863
2026-06-17 05:00:00+00:00,65863.0,65952.3,65708.4,65801.2,631.769
2026-06-17 06:00:00+00:00,65801.2,65867.4,65534.4,65593.3,1380.419
2026-06-17 07:00:00+00:00,65593.3,65685.1,65159.5,65505.9,4399.962
2026-06-17 08:00:00+00:00,65505.9,65545.3,64805.0,64896.4,5217.931
2026-06-17 09:00:00+00:00,64896.4,65053.7,64818.3,64889.9,1761.074
2026-06-17 10:00:00+00:00,64889.9,64977.3,64731.0,64771.2,1706.709
2026-06-17 11:00:00+00:00,64771.2,64832.0,64529.6,64773.7,3537.664
2026-06-17 12:00:00+00:00,64773.7,65103.0,64552.6,65007.3,3675.185
2026-06-17 13:00:00+00:00,65007.3,65332.1,64807.0,65239.4,3831.117
2026-06-17 14:00:00+00:00,65239.4,65439.0,64729.2,65068.5,4386.436
2026-06-17 15:00:00+00:00,65068.5,65838.6,64950.3,65712.8,5798.438
2026-06-17 16:00:00+00:00,65712.8,66444.7,65673.7,65837.2,6724.958
2026-06-17 17:00:00+00:00,65837.2,66180.0,65767.8,66081.8,2154.709
2026-06-17 18:00:00+00:00,66081.8,66081.8,64734.0,65479.0,13996.248
2026-06-17 19:00:00+00:00,65479.0,65643.0,64001.8,64267.2,14470.19
2026-06-17 20:00:00+00:00,64267.2,64454.2,64146.0,64397.5,2905.414
2026-06-17 21:00:00+00:00,64397.5,64419.5,64101.0,64220.8,1500.176
2026-06-17 22:00:00+00:00,64220.8,64406.8,63869.6,64266.5,2896.005
2026-06-17 23:00:00+00:00,64266.5,64502.8,64219.3,64476.6,1580.866
2026-06-18 00:00:00+00:00,64476.6,64678.5,64420.4,64434.8,1299.541
2026-06-18 01:00:00+00:00,64434.8,64781.8,64434.7,64522.1,1177.429
2026-06-18 02:00:00+00:00,64522.1,64750.4,64445.6,64649.2,1131.161
2026-06-18 03:00:00+00:00,64649.2,64653.4,64220.0,64255.4,2481.136
2026-06-18 04:00:00+00:00,64255.4,64307.2,63752.1,63847.0,3911.855
2026-06-18 05:00:00+00:00,63847.0,63993.3,63656.3,63957.7,3014.306
2026-06-18 06:00:00+00:00,63957.7,64096.8,63811.1,64050.8,1972.411
2026-06-18 07:00:00+00:00,64050.8,64478.2,63979.9,64467.1,2790.52
2026-06-18 08:00:00+00:00,64467.1,64619.4,64341.0,64368.4,3038.031
2026-06-18 09:00:00+00:00,64368.4,64450.0,64148.3,64177.0,1764.638
2026-06-18 10:00:00+00:00,64177.0,64199.9,63881.6,64049.3,3366.292
2026-06-18 11:00:00+00:00,64049.3,64174.5,63851.1,63943.0,2288.688
2026-06-18 12:00:00+00:00,63943.0,64368.5,63885.5,64337.0,2793.034
2026-06-18 13:00:00+00:00,64337.0,64409.8,63753.0,63948.1,5457.902
2026-06-18 14:00:00+00:00,63948.1,64176.0,63500.0,63780.0,6681.831
2026-06-18 15:00:00+00:00,63780.0,63798.2,62216.9,62326.1,20919.829
2026-06-18 16:00:00+00:00,62326.1,62778.7,62299.9,62653.2,7310.18
2026-06-18 17:00:00+00:00,62653.2,62710.0,62216.4,62557.8,4545.474
2026-06-18 18:00:00+00:00,62557.8,62920.1,62533.5,62669.7,4613.884
2026-06-18 19:00:00+00:00,62669.7,62971.6,62589.7,62915.9,2267.969
2026-06-18 20:00:00+00:00,62915.9,63238.3,62915.9,63054.6,2581.305
2026-06-18 21:00:00+00:00,63054.6,63093.1,62829.0,62934.2,1877.331
2026-06-18 22:00:00+00:00,62934.2,62970.2,62703.9,62848.2,1291.993
2026-06-18 23:00:00+00:00,62848.2,62955.5,62715.9,62920.1,844.973
2026-06-19 00:00:00+00:00,62920.1,63061.2,62807.3,62988.7,1035.593
2026-06-19 01:00:00+00:00,62988.7,63066.7,62802.8,62988.0,1093.037
2026-06-19 02:00:00+00:00,62988.0,63076.6,62848.6,62970.4,924.578
2026-06-19 03:00:00+00:00,62970.4,63000.0,62345.3,62742.7,5682.095
2026-06-19 04:00:00+00:00,62742.7,62888.6,62365.1,62421.6,3123.756
2026-06-19 05:00:00+00:00,62421.6,62715.6,62401.3,62700.0,2281.855
2026-06-19 06:00:00+00:00,62700.0,62887.4,62684.7,62857.2,1416.231
2026-06-19 07:00:00+00:00,62857.2,62885.9,62460.9,62589.8,2731.943
2026-06-19 08:00:00+00:00,62589.8,62755.5,62497.1,62569.4,1388.847
2026-06-19 09:00:00+00:00,62569.4,62621.5,62271.6,62355.1,2708.482
2026-06-19 10:00:00+00:00,62355.1,62564.2,62345.1,62495.7,2202.27
2026-06-19 11:00:00+00:00,62495.7,62650.0,62409.6,62596.7,1648.17
2026-06-19 12:00:00+00:00,62596.7,62845.8,62309.7,62792.5,3593.803
2026-06-19 13:00:00+00:00,62792.5,63397.3,62620.1,63168.4,6544.002
2026-06-19 14:00:00+00:00,63168.4,63380.0,62966.2,63165.9,3257.19
2026-06-19 15:00:00+00:00,63165.9,63260.4,62981.9,63187.0,1739.316
2026-06-19 16:00:00+00:00,63187.0,63363.5,62891.9,62938.9,3104.727
2026-06-19 17:00:00+00:00,62938.9,63198.0,62827.2,63161.0,2066.186
2026-06-19 18:00:00+00:00,63161.0,63168.4,62951.7,63079.5,666.239
2026-06-19 19:00:00+00:00,63079.5,63111.2,62909.2,62999.9,903.164
2026-06-19 20:00:00+00:00,62999.9,63255.0,62926.9,63216.8,973.497
2026-06-19 21:00:00+00:00,63216.8,63249.4,63019.7,63048.5,706.626
2026-06-19 22:00:00+00:00,63048.5,63347.0,63020.6,63284.0,835.515
2026-06-19 23:00:00+00:00,63284.0,63641.1,63237.3,63508.9,2576.113
2026-06-20 00:00:00+00:00,63508.9,63767.2,63430.3,63493.0,2778.922
2026-06-20 01:00:00+00:00,63493.0,63590.5,63369.2,63546.2,890.286
2026-06-20 02:00:00+00:00,63546.2,63546.2,63302.7,63304.6,959.157
2026-06-20 03:00:00+00:00,63304.6,63478.0,63286.0,63443.1,517.436
2026-06-20 04:00:00+00:00,63443.1,63585.0,63365.0,63552.1,655.279
2026-06-20 05:00:00+00:00,63552.1,63945.7,63505.3,63645.9,3758.557
2026-06-20 06:00:00+00:00,63645.9,63732.0,63605.6,63704.2,846.833
2026-06-20 07:00:00+00:00,63704.2,63766.3,63560.0,63624.3,1458.622
2026-06-20 08:00:00+00:00,63624.3,63633.2,63360.0,63393.9,2289.201
2026-06-20 09:00:00+00:00,63393.9,63760.7,63390.6,63703.1,1501.646
2026-06-20 10:00:00+00:00,63703.1,63748.2,63561.8,63651.0,1029.575
2026-06-20 11:00:00+00:00,63651.0,63790.4,63583.3,63652.9,1029.363
2026-06-20 12:00:00+00:00,63652.9,63762.6,63514.5,63624.3,2152.037
2026-06-20 13:00:00+00:00,63624.3,63624.4,63238.3,63369.6,2846.87
2026-06-20 14:00:00+00:00,63369.6,64143.0,63154.5,63925.7,6418.139
2026-06-20 15:00:00+00:00,63925.7,64356.6,63810.0,64135.6,5063.512
2026-06-20 16:00:00+00:00,64135.6,64140.6,63871.0,64000.1,1790.261
2026-06-20 17:00:00+00:00,64000.1,64015.9,63700.8,63811.3,1765.254
2026-06-20 18:00:00+00:00,63811.3,63902.2,63750.4,63775.3,684.484
2026-06-20 19:00:00+00:00,63775.3,63935.6,63761.1,63908.6,585.411
2026-06-20 20:00:00+00:00,63908.6,63957.2,63822.7,63905.0,440.764
2026-06-20 21:00:00+00:00,63905.0,64065.9,63890.1,63983.8,568.285
2026-06-20 22:00:00+00:00,63983.8,64339.3,63957.0,64242.0,1521.592
2026-06-20 23:00:00+00:00,64242.0,64315.8,64219.9,64265.4,681.701
2026-06-21 00:00:00+00:00,64265.4,64293.4,64199.4,64264.6,780.423
2026-06-21 01:00:00+00:00,64264.6,64298.0,64169.2,64214.2,747.422
2026-06-21 02:00:00+00:00,64214.2,64245.5,64182.4,64210.6,483.795
2026-06-21 03:00:00+00:00,64210.6,64449.0,64200.0,64394.1,1444.122
2026-06-21 04:00:00+00:00,64394.1,64589.1,64232.7,64249.4,1721.53
2026-06-21 05:00:00+00:00,64249.4,64337.3,64174.2,64226.4,867.901
2026-06-21 06:00:00+00:00,64226.4,64299.4,64156.7,64267.3,608.533
2026-06-21 07:00:00+00:00,64267.3,64269.7,64137.0,64158.5,911.99
2026-06-21 08:00:00+00:00,64158.5,64200.0,63867.9,63992.7,1768.745
2026-06-21 09:00:00+00:00,63992.7,64220.0,63931.0,64180.9,1565.833
2026-06-21 10:00:00+00:00,64180.9,64374.0,64168.1,64334.7,1440.291
2026-06-21 11:00:00+00:00,64334.7,64452.2,64069.4,64140.0,2627.778
2026-06-21 12:00:00+00:00,64140.0,64205.5,63915.6,64162.3,2227.153
2026-06-21 13:00:00+00:00,64162.3,64162.3,63974.6,64113.6,960.621
2026-06-21 14:00:00+00:00,64113.6,64125.5,63962.0,64115.1,787.145
2026-06-21 15:00:00+00:00,64115.1,64327.1,64083.3,64194.3,1355.676
2026-06-21 16:00:00+00:00,64194.3,64227.2,64002.9,64111.1,1049.897
2026-06-21 17:00:00+00:00,64111.1,64193.8,64032.0,64110.0,538.625
2026-06-21 18:00:00+00:00,64110.0,64212.6,63909.8,64174.8,1142.069
2026-06-21 19:00:00+00:00,64174.8,64267.5,64127.4,64169.9,401.638
2026-06-21 20:00:00+00:00,64169.9,64239.7,63648.0,63817.9,2527.478
2026-06-21 21:00:00+00:00,63817.9,63935.2,63467.9,63773.6,4014.926
2026-06-21 22:00:00+00:00,63773.6,63836.9,63538.2,63767.4,2350.239
2026-06-21 23:00:00+00:00,63767.4,63767.4,63209.3,63283.4,3785.325
2026-06-22 00:00:00+00:00,63283.4,64084.7,63279.8,63870.9,5593.869
2026-06-22 01:00:00+00:00,63870.9,64827.6,63822.8,64572.8,7495.692
2026-06-22 02:00:00+00:00,64572.8,64649.3,64207.8,64225.0,1845.182
2026-06-22 03:00:00+00:00,64225.0,64434.6,63859.1,63931.6,3783.949
2026-06-22 04:00:00+00:00,63931.6,64088.1,63835.0,64062.5,1646.462
2026-06-22 05:00:00+00:00,64062.5,64313.3,64052.1,64221.1,1690.324
2026-06-22 06:00:00+00:00,64221.1,64307.1,63916.9,63961.0,1623.857
2026-06-22 07:00:00+00:00,63961.0,64387.6,63931.3,64184.1,2763.995
2026-06-22 08:00:00+00:00,64184.1,64325.7,64008.7,64136.9,1432.056
2026-06-22 09:00:00+00:00,64136.9,64233.0,64016.4,64115.1,702.844
2026-06-22 10:00:00+00:00,64115.1,64252.8,64047.8,64112.6,676.622
2026-06-22 11:00:00+00:00,64112.6,64757.2,64070.0,64630.4,5777.228
2026-06-22 12:00:00+00:00,64630.4,65200.0,64558.4,65122.5,8422.347
2026-06-22 13:00:00+00:00,65122.5,65571.0,64917.8,65550.0,7093.722
2026-06-22 14:00:00+00:00,65550.0,65596.0,64790.6,64937.7,7621.979
2026-06-22 15:00:00+00:00,64937.7,65110.9,64718.0,64801.0,3347.359
2026-06-22 16:00:00+00:00,64801.0,64828.5,64482.3,64689.0,4941.665
2026-06-22 17:00:00+00:00,64689.0,64743.5,64350.0,64577.9,2806.941
2026-06-22 18:00:00+00:00,64577.9,64707.0,64270.1,64306.9,3229.932
2026-06-22 19:00:00+00:00,64306.9,64469.9,64203.5,64445.2,3081.452
2026-06-22 20:00:00+00:00,64445.2,64635.0,64311.4,64407.0,2294.439
2026-06-22 21:00:00+00:00,64407.0,64456.6,64104.9,64287.8,2295.544
2026-06-22 22:00:00+00:00,64287.8,64370.1,63771.0,63941.1,3149.748
2026-06-22 23:00:00+00:00,63941.1,64024.9,63843.0,63989.3,1200.229
2026-06-23 00:00:00+00:00,63989.3,64135.8,63796.9,64120.0,2074.423
2026-06-23 01:00:00+00:00,64120.0,64252.8,63860.0,64118.0,3515.284
2026-06-23 02:00:00+00:00,64118.0,64243.1,64003.5,64164.0,1050.391
2026-06-23 03:00:00+00:00,64164.0,64173.7,63938.0,64035.1,1022.62
2026-06-23 04:00:00+00:00,64035.1,64063.7,63581.0,63597.9,2670.724
2026-06-23 05:00:00+00:00,63597.9,63708.5,63323.7,63368.0,3543.748
2026-06-23 06:00:00+00:00,63368.0,63375.1,62530.0,62907.4,9760.97
2026-06-23 07:00:00+00:00,62907.4,63064.1,62831.7,62853.8,3077.632
2026-06-23 08:00:00+00:00,62853.8,62916.5,61878.4,62344.8,11962.546
2026-06-23 09:00:00+00:00,62344.8,62470.0,62300.0,62344.6,2338.116
2026-06-23 10:00:00+00:00,62344.6,62555.3,62203.7,62280.4,2625.107
2026-06-23 11:00:00+00:00,62280.4,62626.3,62280.4,62470.1,2799.683
2026-06-23 12:00:00+00:00,62470.1,62522.4,62125.1,62230.6,2436.971
2026-06-23 13:00:00+00:00,62230.6,62511.1,61921.9,62449.5,7025.878
2026-06-23 14:00:00+00:00,62449.5,62822.5,62360.9,62461.2,6693.334
2026-06-23 15:00:00+00:00,62461.2,62480.0,62166.2,62459.2,4347.76
2026-06-23 16:00:00+00:00,62459.2,62804.4,62393.7,62519.4,3294.412
2026-06-23 17:00:00+00:00,62519.4,62661.9,62288.5,62323.8,1909.404
2026-06-23 18:00:00+00:00,62323.8,62421.7,62068.0,62210.4,2318.349
2026-06-23 19:00:00+00:00,62210.4,62449.8,62197.4,62358.3,1757.59
2026-06-23 20:00:00+00:00,62358.3,62514.6,62337.5,62437.1,1115.983
2026-06-23 21:00:00+00:00,62437.1,62631.8,62437.1,62562.0,924.643
2026-06-23 22:00:00+00:00,62562.0,62748.0,62482.3,62559.0,1702.284
2026-06-23 23:00:00+00:00,62559.0,62772.3,62458.6,62693.7,995.641
2026-06-24 00:00:00+00:00,62693.7,62999.0,62692.2,62984.9,2283.793
2026-06-24 01:00:00+00:00,62984.9,63113.4,62741.8,62909.6,2216.59
2026-06-24 02:00:00+00:00,62909.6,62990.9,62573.1,62602.2,1989.629
2026-06-24 03:00:00+00:00,62602.2,62804.0,62427.0,62707.1,1661.298
2026-06-24 04:00:00+00:00,62707.1,62770.0,62501.0,62719.2,1294.93
2026-06-24 05:00:00+00:00,62719.2,63060.4,62677.0,62859.1,1763.447
2026-06-24 06:00:00+00:00,62859.1,62884.0,62691.4,62756.2,930.247
2026-06-24 07:00:00+00:00,62756.2,62820.7,62577.0,62629.9,1541.515
2026-06-24 08:00:00+00:00,62629.9,62782.8,62574.0,62767.8,996.894
2026-06-24 09:00:00+00:00,62767.8,62768.7,62603.0,62652.0,664.225
2026-06-24 10:00:00+00:00,62652.0,62657.1,62383.0,62412.1,1601.013
2026-06-24 11:00:00+00:00,62412.1,63232.7,62277.0,62887.9,4965.059
2026-06-24 12:00:00+00:00,62887.9,62950.0,62536.8,62589.8,2359.118
2026-06-24 13:00:00+00:00,62589.8,62604.5,61220.1,61300.3,16591.334
2026-06-24 14:00:00+00:00,61300.3,61437.4,60841.0,61075.2,13311.885
2026-06-24 15:00:00+00:00,61075.2,61114.0,60220.0,60238.3,10349.104
2026-06-24 16:00:00+00:00,60238.3,60637.1,59554.0,59806.9,14109.126
2026-06-24 17:00:00+00:00,59806.9,60023.5,59065.8,59362.0,12068.525
2026-06-24 18:00:00+00:00,59362.0,59890.0,59261.7,59571.2,6736.817
2026-06-24 19:00:00+00:00,59571.2,59971.7,59482.3,59923.7,3913.961
2026-06-24 20:00:00+00:00,59923.7,61176.2,59814.4,60927.4,13004.169
2026-06-24 21:00:00+00:00,60927.4,61117.0,60624.2,61076.3,3226.158
2026-06-24 22:00:00+00:00,61076.3,61239.6,60768.0,60850.1,3650.371
2026-06-24 23:00:00+00:00,60850.1,61087.9,60798.2,61054.7,2059.517
2026-06-25 00:00:00+00:00,61054.7,61146.0,60690.5,60785.2,3011.123
2026-06-25 01:00:00+00:00,60785.2,60958.4,60684.8,60885.0,1383.06
2026-06-25 02:00:00+00:00,60885.0,60933.4,60665.2,60761.3,1432.976
2026-06-25 03:00:00+00:00,60761.3,60875.2,60650.0,60853.3,1398.521
2026-06-25 04:00:00+00:00,60853.3,61383.1,60755.1,61322.7,3365.237
2026-06-25 05:00:00+00:00,61322.7,61794.4,61250.0,61565.1,5420.788
2026-06-25 06:00:00+00:00,61565.1,61819.0,61565.1,61694.5,2056.203
2026-06-25 07:00:00+00:00,61694.5,61942.3,61630.2,61881.2,2850.404
2026-06-25 08:00:00+00:00,61881.2,61894.7,61643.5,61684.3,1955.729
2026-06-25 09:00:00+00:00,61684.3,61763.8,61577.6,61699.7,1082.571
2026-06-25 10:00:00+00:00,61699.7,61724.1,61231.5,61237.2,4267.208
2026-06-25 11:00:00+00:00,61237.2,61395.9,61031.2,61252.3,4248.221
2026-06-25 12:00:00+00:00,61252.3,61765.8,61043.5,61203.2,5806.381
2026-06-25 13:00:00+00:00,61203.2,61333.4,58042.6,58259.6,25947.062
2026-06-25 14:00:00+00:00,58259.6,60463.4,58253.9,59434.4,31889.383
2026-06-25 15:00:00+00:00,59434.4,59625.1,58799.8,59531.7,10751.735
2026-06-25 16:00:00+00:00,59531.7,60037.7,59121.3,59275.8,8059.42
2026-06-25 17:00:00+00:00,59275.8,59708.8,59103.7,59650.3,4608.383
2026-06-25 18:00:00+00:00,59650.3,59766.0,59328.5,59481.7,4486.639
2026-06-25 19:00:00+00:00,59481.7,59488.8,59139.1,59295.3,3529.079
2026-06-25 20:00:00+00:00,59295.3,59722.8,59290.8,59430.0,3531.781
2026-06-25 21:00:00+00:00,59430.0,60236.8,59423.5,60180.3,3388.836
2026-06-25 22:00:00+00:00,60180.3,60180.3,59702.8,59812.9,3303.322
2026-06-25 23:00:00+00:00,59812.9,60166.7,59707.2,59767.3,3494.041
2026-06-26 00:00:00+00:00,59767.3,59880.4,59600.2,59628.7,2519.37
2026-06-26 01:00:00+00:00,59628.7,59758.5,59200.0,59408.0,3247.27
2026-06-26 02:00:00+00:00,59408.0,59425.0,58310.0,58535.5,11861.088
2026-06-26 03:00:00+00:00,58535.5,60101.7,58289.5,60003.6,10241.018
2026-06-26 04:00:00+00:00,60003.6,60237.4,59800.0,59895.5,3546.801
2026-06-26 05:00:00+00:00,59895.5,60027.4,59701.0,59914.8,2268.939
2026-06-26 06:00:00+00:00,59914.8,60432.0,59672.2,60299.7,4569.52
2026-06-26 07:00:00+00:00,60299.7,60731.3,60250.4,60487.0,5215.023
2026-06-26 08:00:00+00:00,60487.0,60539.3,60113.1,60215.4,3581.155
2026-06-26 09:00:00+00:00,60215.4,60228.5,59551.1,59706.9,5125.451
2026-06-26 10:00:00+00:00,59706.9,59837.4,59214.1,59291.4,3717.142
2026-06-26 11:00:00+00:00,59291.4,59568.5,59232.1,59389.2,2955.168
2026-06-26 12:00:00+00:00,59389.2,59987.2,58936.3,59159.9,10998.843
2026-06-26 13:00:00+00:00,59159.9,60181.2,58450.0,60141.8,17416.331
2026-06-26 14:00:00+00:00,60141.8,60272.9,59359.0,59566.4,8442.252
2026-06-26 15:00:00+00:00,59566.4,60475.3,59557.9,60291.9,7323.713
2026-06-26 16:00:00+00:00,60291.9,60585.0,59936.0,60011.8,4099.53
2026-06-26 17:00:00+00:00,60011.8,60266.0,59919.7,59996.0,1766.508
2026-06-26 18:00:00+00:00,59996.0,60133.4,59505.0,59644.2,2620.093
2026-06-26 19:00:00+00:00,59644.2,60091.5,59584.7,59735.5,3258.379
2026-06-26 20:00:00+00:00,59735.5,59973.2,59541.5,59690.4,2678.933
2026-06-26 21:00:00+00:00,59690.4,60031.9,59646.8,59882.8,1795.13
2026-06-26 22:00:00+00:00,59882.8,60057.7,59720.4,60009.9,874.256
2026-06-26 23:00:00+00:00,60009.9,60090.0,59898.0,60073.4,1036.237
2026-06-27 00:00:00+00:00,60073.4,60174.4,59839.4,60032.2,1286.307
2026-06-27 01:00:00+00:00,60032.2,60045.2,59900.0,59920.8,407.865
2026-06-27 02:00:00+00:00,59920.8,60350.0,59888.9,60251.4,1717.054
2026-06-27 03:00:00+00:00,60251.4,60392.0,60131.6,60277.2,1484.638
2026-06-27 04:00:00+00:00,60277.2,60450.0,60176.4,60214.0,1247.658
2026-06-27 05:00:00+00:00,60214.0,60284.2,60101.0,60206.7,854.857
2026-06-27 06:00:00+00:00,60206.7,60472.1,60082.3,60342.8,1757.629
2026-06-27 07:00:00+00:00,60342.8,60557.7,60263.2,60525.6,1700.261
2026-06-27 08:00:00+00:00,60525.6,60525.6,60343.4,60419.1,965.484
2026-06-27 09:00:00+00:00,60419.1,60479.4,60258.1,60389.7,790.058
2026-06-27 10:00:00+00:00,60389.7,60465.8,60341.7,60390.6,607.773
2026-06-27 11:00:00+00:00,60390.6,60431.1,60170.0,60335.4,1274.031
2026-06-27 12:00:00+00:00,60335.4,60407.8,60209.5,60396.5,1304.756
2026-06-27 13:00:00+00:00,60396.5,60642.6,60351.8,60548.1,1593.881
2026-06-27 14:00:00+00:00,60548.1,60699.0,60473.1,60579.1,1499.196
2026-06-27 15:00:00+00:00,60579.1,60918.3,60530.6,60812.8,3632.355
2026-06-27 16:00:00+00:00,60812.8,60823.3,60631.0,60781.4,1523.395
2026-06-27 17:00:00+00:00,60781.4,60792.8,60382.0,60490.3,3014.891
2026-06-27 18:00:00+00:00,60490.3,60540.2,60411.1,60530.6,1178.073
2026-06-27 19:00:00+00:00,60530.6,60572.6,60025.0,60141.3,2976.516
2026-06-27 20:00:00+00:00,60141.3,60276.7,60135.6,60270.8,567.954
2026-06-27 21:00:00+00:00,60270.8,60450.0,60096.2,60165.7,2109.308
2026-06-27 22:00:00+00:00,60165.7,60231.0,59807.5,60198.4,2325.47
2026-06-27 23:00:00+00:00,60198.4,60296.0,59908.7,59995.3,1523.672
2026-06-28 00:00:00+00:00,59995.3,60163.7,59977.2,60119.1,1047.543
2026-06-28 01:00:00+00:00,60119.1,60242.8,59943.5,60189.9,1086.579
2026-06-28 02:00:00+00:00,60189.9,60308.4,60016.4,60116.7,670.34
2026-06-28 03:00:00+00:00,60116.7,60258.7,60113.7,60169.7,518.083
2026-06-28 04:00:00+00:00,60169.7,60204.8,60060.5,60108.7,469.366
2026-06-28 05:00:00+00:00,60108.7,60112.9,59715.9,59954.4,2772.157
2026-06-28 06:00:00+00:00,59954.4,59999.9,59767.0,59966.8,973.329
2026-06-28 07:00:00+00:00,59966.8,60236.4,59962.5,60188.8,1662.051
2026-06-28 08:00:00+00:00,60188.8,60522.5,60109.5,60337.4,1772.623
2026-06-28 09:00:00+00:00,60337.4,60444.0,60220.0,60228.2,874.918
2026-06-28 10:00:00+00:00,60228.2,60270.0,60032.7,60136.0,1148.735
2026-06-28 11:00:00+00:00,60136.0,60348.7,60084.2,60320.4,1099.742
2026-06-28 12:00:00+00:00,60320.4,60443.5,60164.8,60267.1,1122.847
2026-06-28 13:00:00+00:00,60267.1,60267.1,59933.0,60042.5,1942.086
2026-06-28 14:00:00+00:00,60042.5,60224.0,59979.4,60000.0,1284.857
2026-06-28 15:00:00+00:00,60000.0,60108.0,59784.9,59862.2,1942.344
2026-06-28 16:00:00+00:00,59862.2,59919.6,59545.2,59657.3,3463.816
2026-06-28 17:00:00+00:00,59657.3,59825.5,59348.1,59553.1,2853.573
2026-06-28 18:00:00+00:00,59553.1,59675.4,59466.8,59581.3,1331.24
2026-06-28 19:00:00+00:00,59581.3,59671.7,59225.4,59450.6,3264.353
2026-06-28 20:00:00+00:00,59450.6,59742.8,59444.0,59622.2,1816.214
2026-06-28 21:00:00+00:00,59622.2,59779.6,59300.0,59416.5,2306.593
2026-06-28 22:00:00+00:00,59416.5,59882.3,58860.0,59037.1,5683.089
2026-06-28 23:00:00+00:00,59037.1,59821.1,58972.7,59550.4,4000.335
2026-06-29 00:00:00+00:00,59550.4,59680.0,58961.8,59634.8,5654.009
2026-06-29 01:00:00+00:00,59634.8,59672.6,59165.1,59405.0,2275.711
2026-06-29 02:00:00+00:00,59405.0,59783.6,58850.6,59730.8,5685.145
2026-06-29 03:00:00+00:00,59730.8,60223.4,59730.8,60017.7,4149.555
2026-06-29 04:00:00+00:00,60017.7,60029.4,59712.0,59796.0,1999.569
2026-06-29 05:00:00+00:00,59796.0,60079.0,59340.0,60079.0,4584.096
2026-06-29 06:00:00+00:00,60079.0,60321.7,60018.6,60044.8,3026.435
2026-06-29 07:00:00+00:00,60044.8,60167.4,59895.8,59988.7,1881.537
2026-06-29 08:00:00+00:00,59988.7,60062.3,59704.2,59805.1,2994.098
2026-06-29 09:00:00+00:00,59805.1,60090.2,59750.0,60041.3,2720.386
2026-06-29 10:00:00+00:00,60041.3,60307.7,60034.9,60065.8,4140.849
2026-06-29 11:00:00+00:00,60065.8,60207.4,59766.8,59933.1,3369.691
2026-06-29 12:00:00+00:00,59933.1,60775.0,59570.0,59929.0,17312.094
2026-06-29 13:00:00+00:00,59929.0,60325.4,59295.1,59549.9,11176.872
2026-06-29 14:00:00+00:00,59549.9,59671.0,58973.4,59440.1,9302.449
2026-06-29 15:00:00+00:00,59440.1,59930.0,59060.1,59793.1,6572.426
2026-06-29 16:00:00+00:00,59793.1,60000.0,59555.6,59866.2,2796.104
2026-06-29 17:00:00+00:00,59866.2,60666.0,59866.2,60388.0,8051.084
2026-06-29 18:00:00+00:00,60388.0,60500.0,60165.1,60276.7,2821.946
2026-06-29 19:00:00+00:00,60276.7,60535.9,60129.0,60401.7,2067.87
2026-06-29 20:00:00+00:00,60401.7,60529.5,60274.1,60275.9,1053.316
2026-06-29 21:00:00+00:00,60275.9,60578.9,60234.3,60460.1,1026.62
2026-06-29 22:00:00+00:00,60460.1,60501.3,60325.9,60330.0,810.704
2026-06-29 23:00:00+00:00,60330.0,60360.0,60169.5,60224.0,1350.45
2026-06-30 00:00:00+00:00,60224.0,60249.0,59650.3,59803.6,4447.214
2026-06-30 01:00:00+00:00,59803.6,60022.8,59740.0,59910.0,2047.868
2026-06-30 02:00:00+00:00,59910.0,60012.9,59719.7,59912.7,1385.647
2026-06-30 03:00:00+00:00,59912.7,59995.1,59566.0,59587.3,1967.817
2026-06-30 04:00:00+00:00,59587.3,59666.7,59381.5,59460.0,3029.225
2026-06-30 05:00:00+00:00,59460.0,59623.4,59324.3,59623.3,2348.164
2026-06-30 06:00:00+00:00,59623.3,59690.3,59480.3,59565.1,1228.474
2026-06-30 07:00:00+00:00,59565.1,59606.1,59412.0,59495.9,1574.696
2026-06-30 08:00:00+00:00,59495.9,59528.3,59155.3,59278.5,3786.447
2026-06-30 09:00:00+00:00,59278.5,59392.0,59223.2,59346.7,1687.306
2026-06-30 10:00:00+00:00,59346.7,59396.7,59250.7,59297.9,1183.265
2026-06-30 11:00:00+00:00,59297.9,59387.9,59090.0,59160.1,3084.383
2026-06-30 12:00:00+00:00,59160.1,59160.1,58341.2,58378.6,10775.422
2026-06-30 13:00:00+00:00,58378.6,58786.0,58191.7,58710.3,11921.094
2026-06-30 14:00:00+00:00,58710.3,59247.3,58402.7,58458.1,10164.579
2026-06-30 15:00:00+00:00,58458.1,58787.2,58156.7,58358.8,7630.642
2026-06-30 16:00:00+00:00,58358.8,58610.0,58233.4,58477.5,3201.49
2026-06-30 17:00:00+00:00,58477.5,58600.0,58289.2,58400.8,2122.953
2026-06-30 18:00:00+00:00,58400.8,58681.1,58329.1,58655.6,2199.097
2026-06-30 19:00:00+00:00,58655.6,58823.4,58555.1,58793.5,2558.357
2026-06-30 20:00:00+00:00,58793.5,58860.0,58620.1,58703.1,1490.364
2026-06-30 21:00:00+00:00,58703.1,58749.4,58477.0,58619.7,1442.511
2026-06-30 22:00:00+00:00,58619.7,58775.3,58472.2,58573.4,846.434
2026-06-30 23:00:00+00:00,58573.4,58642.2,58514.1,58603.5,566.233
2026-07-01 00:00:00+00:00,58603.5,58721.3,58279.3,58550.0,2141.977
2026-07-01 01:00:00+00:00,58550.0,58990.9,57755.8,58740.0,11370.275
2026-07-01 02:00:00+00:00,58740.0,59154.4,58638.1,59063.6,2738.843
2026-07-01 03:00:00+00:00,59063.6,59325.6,58818.7,59177.2,5851.476
2026-07-01 04:00:00+00:00,59177.2,59444.0,59040.0,59316.0,2855.239
2026-07-01 05:00:00+00:00,59316.0,59355.3,59095.0,59130.4,2062.865
2026-07-01 06:00:00+00:00,59130.4,59137.2,58499.9,58735.9,5072.012
2026-07-01 07:00:00+00:00,58735.9,58809.1,58573.8,58747.7,1739.931
2026-07-01 08:00:00+00:00,58747.7,58968.6,58463.0,58955.0,2712.171
2026-07-01 09:00:00+00:00,58955.0,59078.6,58794.3,58924.4,2596.978
2026-07-01 10:00:00+00:00,58924.4,58928.6,58589.0,58632.1,2349.601
2026-07-01 11:00:00+00:00,58632.1,58729.7,58522.1,58592.0,1389.993
2026-07-01 12:00:00+00:00,58592.0,58658.8,58293.9,58497.4,4236.559
2026-07-01 13:00:00+00:00,58497.4,59491.9,58491.9,59468.9,9101.562
2026-07-01 14:00:00+00:00,59468.9,60071.7,59252.0,59522.9,12180.013
2026-07-01 15:00:00+00:00,59522.9,60522.0,59492.5,60121.7,9982.287
2026-07-01 16:00:00+00:00,60121.7,60243.2,59837.5,59904.1,3873.602
2026-07-01 17:00:00+00:00,59904.1,60222.6,59759.4,60163.0,3412.806
2026-07-01 18:00:00+00:00,60163.0,60275.2,59991.5,60143.0,2421.842
2026-07-01 19:00:00+00:00,60143.0,60333.0,59961.3,60002.7,3190.34
2026-07-01 20:00:00+00:00,60002.7,60166.7,59845.5,60106.2,2219.189
2026-07-01 21:00:00+00:00,60106.2,60833.9,60100.0,60787.5,5025.967
2026-07-01 22:00:00+00:00,60787.5,61325.3,60326.8,60454.9,8165.917
2026-07-01 23:00:00+00:00,60454.9,60454.9,59948.5,60000.0,3839.176
2026-07-02 00:00:00+00:00,60000.0,60008.4,59556.1,59730.0,3915.249
2026-07-02 01:00:00+00:00,59730.0,60299.5,59694.0,60154.0,3532.689
2026-07-02 02:00:00+00:00,60154.0,60483.0,59988.8,60395.3,2320.098
2026-07-02 03:00:00+00:00,60395.3,61107.5,60266.9,61038.9,4159.081
2026-07-02 04:00:00+00:00,61038.9,61039.0,60701.7,60762.8,2336.407
2026-07-02 05:00:00+00:00,60762.8,60862.0,60457.6,60481.2,2886.477
2026-07-02 06:00:00+00:00,60481.2,60633.0,60231.1,60243.8,2380.349
2026-07-02 07:00:00+00:00,60243.8,60289.5,60075.0,60126.7,2956.332
2026-07-02 08:00:00+00:00,60126.7,60541.0,60110.7,60493.8,2494.128
2026-07-02 09:00:00+00:00,60493.8,61400.0,60354.0,61150.7,7851.22
2026-07-02 10:00:00+00:00,61150.7,61330.9,61020.1,61239.7,4026.303
2026-07-02 11:00:00+00:00,61239.7,61369.7,61092.3,61329.0,2525.357
2026-07-02 12:00:00+00:00,61329.0,61586.9,61115.6,61506.3,5572.172
2026-07-02 13:00:00+00:00,61506.3,62059.3,61471.1,61912.8,9166.186
2026-07-02 14:00:00+00:00,61912.8,62188.7,61365.6,61676.9,7066.374
2026-07-02 15:00:00+00:00,61676.9,61832.9,61392.1,61588.7,4144.046
2026-07-02 16:00:00+00:00,61588.7,61763.9,61107.2,61644.5,6214.57
2026-07-02 17:00:00+00:00,61644.5,61925.0,61588.6,61642.0,2618.32
2026-07-02 18:00:00+00:00,61642.0,61840.0,61633.8,61736.8,1555.081
2026-07-02 19:00:00+00:00,61736.8,61742.0,61389.0,61445.2,2842.07
2026-07-02 20:00:00+00:00,61445.2,61580.0,61305.7,61550.6,1879.874
2026-07-02 21:00:00+00:00,61550.6,61637.4,61483.0,61564.2,1288.657
2026-07-02 22:00:00+00:00,61564.2,61568.3,61367.4,61432.9,865.305
2026-07-02 23:00:00+00:00,61432.9,61583.3,61321.2,61532.7,897.61
2026-07-03 00:00:00+00:00,61532.7,61556.0,61210.4,61272.7,1336.114
2026-07-03 01:00:00+00:00,61272.7,61707.7,61254.0,61564.4,1820.082
2026-07-03 02:00:00+00:00,61564.4,61640.7,61266.4,61408.9,1720.496
2026-07-03 03:00:00+00:00,61408.9,61563.1,61300.0,61406.2,1206.051
2026-07-03 04:00:00+00:00,61406.2,61504.9,61307.9,61417.5,956.794
2026-07-03 05:00:00+00:00,61417.5,61777.0,61399.1,61670.5,1593.898
2026-07-03 06:00:00+00:00,61670.5,61819.0,61576.9,61677.1,1240.153
2026-07-03 07:00:00+00:00,61677.1,61849.9,61627.2,61740.1,1705.2
2026-07-03 08:00:00+00:00,61740.1,61877.0,61531.6,61559.4,1905.151
2026-07-03 09:00:00+00:00,61559.4,61760.0,61466.3,61686.8,1336.734
2026-07-03 10:00:00+00:00,61686.8,62016.7,61638.5,61889.9,1957.881
2026-07-03 11:00:00+00:00,61889.9,62078.9,61807.8,61990.1,1941.317
2026-07-03 12:00:00+00:00,61990.1,62148.7,61838.6,61946.8,2336.836
2026-07-03 13:00:00+00:00,61946.8,62261.0,61909.8,62079.8,2156.813
2026-07-03 14:00:00+00:00,62079.8,62255.1,61666.6,62141.2,3542.475
2026-07-03 15:00:00+00:00,62141.2,62374.6,61788.0,61896.3,4314.01
2026-07-03 16:00:00+00:00,61896.3,62111.7,61881.7,62080.4,1131.759
2026-07-03 17:00:00+00:00,62080.4,62270.6,62039.3,62172.0,1703.594
2026-07-03 18:00:00+00:00,62172.0,62221.0,62076.0,62178.9,1084.714
2026-07-03 19:00:00+00:00,62178.9,62291.6,62112.1,62174.3,1112.399
2026-07-03 20:00:00+00:00,62174.3,62876.5,62150.0,62748.0,7277.191
2026-07-03 21:00:00+00:00,62748.0,62946.1,62482.0,62697.0,2639.03
2026-07-03 22:00:00+00:00,62697.0,62716.1,62508.4,62542.2,923.642
2026-07-03 23:00:00+00:00,62542.2,62679.6,62504.0,62555.6,839.189
2026-07-04 00:00:00+00:00,62555.6,62940.1,62555.4,62733.7,2453.157
2026-07-04 01:00:00+00:00,62733.7,62733.7,62375.1,62444.0,1949.937
2026-07-04 02:00:00+00:00,62444.0,62549.3,62400.0,62509.3,733.402
2026-07-04 03:00:00+00:00,62509.3,62733.2,62453.9,62600.0,1121.269
2026-07-04 04:00:00+00:00,62600.0,62724.3,62567.5,62657.5,792.365
2026-07-04 05:00:00+00:00,62657.5,62657.5,62408.1,62444.6,972.206
2026-07-04 06:00:00+00:00,62444.6,62542.0,62311.8,62469.9,1156.681
2026-07-04 07:00:00+00:00,62469.9,62607.2,62433.9,62542.5,1021.227
2026-07-04 08:00:00+00:00,62542.5,62650.0,62485.2,62530.1,937.255
2026-07-04 09:00:00+00:00,62530.1,62559.0,62386.6,62464.6,807.939
2026-07-04 10:00:00+00:00,62464.6,62521.1,62420.4,62484.0,715.525
2026-07-04 11:00:00+00:00,62484.0,62534.0,62439.1,62457.1,574.826
2026-07-04 12:00:00+00:00,62457.1,62675.6,62457.1,62632.5,904.515
2026-07-04 13:00:00+00:00,62632.5,62777.6,62516.2,62566.7,1134.807
2026-07-04 14:00:00+00:00,62566.7,62716.5,62560.6,62669.6,748.283
2026-07-04 15:00:00+00:00,62669.6,63066.7,62661.2,62909.5,4298.483
2026-07-04 16:00:00+00:00,62909.5,62943.6,62754.8,62889.5,1446.065
2026-07-04 17:00:00+00:00,62889.5,63450.0,62767.1,63245.8,5016.739
2026-07-04 18:00:00+00:00,63245.8,63318.8,63064.7,63139.2,1513.977
2026-07-04 19:00:00+00:00,63139.2,63440.0,63088.7,63263.2,1578.984
2026-07-04 20:00:00+00:00,63263.2,63366.9,63123.9,63199.2,1257.506
2026-07-04 21:00:00+00:00,63199.2,63430.0,63167.5,63271.4,797.027
2026-07-04 22:00:00+00:00,63271.4,63280.7,63132.2,63166.6,613.48
2026-07-04 23:00:00+00:00,63166.6,63208.6,62900.1,63112.2,1608.816
2026-07-05 00:00:00+00:00,63112.2,63115.0,62856.3,62960.0,1337.907
2026-07-05 01:00:00+00:00,62960.0,63023.8,62762.3,62858.3,2007.578
2026-07-05 02:00:00+00:00,62858.3,62900.3,62560.7,62672.5,2216.768
2026-07-05 03:00:00+00:00,62672.5,62773.0,62622.9,62738.6,1457.017
2026-07-05 04:00:00+00:00,62738.6,62940.0,62678.2,62788.8,1233.342
2026-07-05 05:00:00+00:00,62788.8,62788.8,62621.6,62715.6,917.255
2026-07-05 06:00:00+00:00,62715.6,62800.0,62639.0,62748.2,600.622
2026-07-05 07:00:00+00:00,62748.2,63036.9,62686.4,62989.5,1984.526
2026-07-05 08:00:00+00:00,62989.5,63086.2,62869.4,62887.4,1767.674
2026-07-05 09:00:00+00:00,62887.4,62907.6,62389.4,62595.1,3103.094
2026-07-05 10:00:00+00:00,62595.1,62733.2,62511.1,62729.4,1104.258
2026-07-05 11:00:00+00:00,62729.4,62788.0,62580.3,62625.8,1291.874
2026-07-05 12:00:00+00:00,62625.8,62745.3,62526.8,62711.0,1322.719
2026-07-05 13:00:00+00:00,62711.0,62799.9,62613.8,62764.0,1247.094
2026-07-05 14:00:00+00:00,62764.0,62793.9,62624.1,62778.9,1234.546
2026-07-05 15:00:00+00:00,62778.9,62924.4,62646.0,62709.7,2254.322
2026-07-05 16:00:00+00:00,62709.7,62748.9,62569.8,62619.8,1566.287
2026-07-05 17:00:00+00:00,62619.8,62788.0,62572.3,62602.5,1535.457
2026-07-05 18:00:00+00:00,62602.5,62857.9,62600.0,62789.2,1426.358
2026-07-05 19:00:00+00:00,62789.2,62857.0,62693.8,62744.4,620.893
2026-07-05 20:00:00+00:00,62744.4,62823.4,62672.0,62704.7,429.644
2026-07-05 21:00:00+00:00,62704.7,63232.1,62578.8,63063.9,3172.105
2026-07-05 22:00:00+00:00,63063.9,63936.9,62977.8,63705.6,8186.883
2026-07-05 23:00:00+00:00,63705.6,63987.1,63537.6,63614.4,3192.888
2026-07-06 00:00:00+00:00,63614.4,63757.6,63313.6,63728.4,2567.909
2026-07-06 01:00:00+00:00,63728.4,63895.0,63516.7,63541.4,2592.967
2026-07-06 02:00:00+00:00,63541.4,63641.4,63338.3,63426.7,2700.842
2026-07-06 03:00:00+00:00,63426.7,63459.0,63103.0,63269.9,2273.458
2026-07-06 04:00:00+00:00,63269.9,63369.8,63155.7,63241.1,1202.11
2026-07-06 05:00:00+00:00,63241.1,63241.1,62900.9,63075.9,3841.242
2026-07-06 06:00:00+00:00,63075.9,63116.9,62938.1,62952.4,1254.396
2026-07-06 07:00:00+00:00,62952.4,63093.0,62852.7,63058.3,1990.339
2026-07-06 08:00:00+00:00,63058.3,63216.9,62791.2,62868.0,2212.071
2026-07-06 09:00:00+00:00,62868.0,62886.9,62601.5,62636.6,2258.637
2026-07-06 10:00:00+00:00,62636.6,63029.0,62634.0,62796.8,2970.628
2026-07-06 11:00:00+00:00,62796.8,62978.0,62438.0,62447.8,3313.778
2026-07-06 12:00:00+00:00,62447.8,62454.4,61645.7,61729.2,17688.097
2026-07-06 13:00:00+00:00,61729.2,62018.7,61272.5,61737.7,12198.275
2026-07-06 14:00:00+00:00,61737.7,62391.0,61670.4,62021.6,9055.16
2026-07-06 15:00:00+00:00,62021.6,63530.0,62021.6,63524.0,14265.843
2026-07-06 16:00:00+00:00,63524.0,63850.0,63358.7,63718.9,12697.866
2026-07-06 17:00:00+00:00,63718.9,63969.3,63545.0,63566.4,4836.649
2026-07-06 18:00:00+00:00,63566.4,63873.7,63539.0,63681.9,2887.346
2026-07-06 19:00:00+00:00,63681.9,63885.8,63635.4,63720.6,2017.788
2026-07-06 20:00:00+00:00,63720.6,63887.3,63577.7,63806.1,1868.663
2026-07-06 21:00:00+00:00,63806.1,64703.2,63788.7,64465.6,8753.158
2026-07-06 22:00:00+00:00,64465.6,64486.0,64126.5,64227.4,1433.784
2026-07-06 23:00:00+00:00,64227.4,64328.1,64002.2,64020.0,1439.444
2026-07-07 00:00:00+00:00,64020.0,64303.0,63982.0,64177.4,3398.971
2026-07-07 01:00:00+00:00,64177.4,64178.0,63749.5,63814.7,6390.016
2026-07-07 02:00:00+00:00,63814.7,63884.1,63244.2,63299.1,4477.826
2026-07-07 03:00:00+00:00,63299.1,63388.6,63111.3,63165.1,2920.025
2026-07-07 04:00:00+00:00,63165.1,63255.7,63020.2,63064.9,2736.811
2026-07-07 05:00:00+00:00,63064.9,63235.5,62761.6,63092.8,5255.18
2026-07-07 06:00:00+00:00,63092.8,63381.0,62951.4,63307.9,2746.454
2026-07-07 07:00:00+00:00,63307.9,63425.8,63045.5,63062.7,2686.694
2026-07-07 08:00:00+00:00,63062.7,63168.3,62953.0,63079.6,1980.198
2026-07-07 09:00:00+00:00,63079.6,63327.6,63030.3,63228.6,1920.389
2026-07-07 10:00:00+00:00,63228.6,63469.8,63202.8,63260.5,3748.416
2026-07-07 11:00:00+00:00,63260.5,63438.1,63079.2,63378.7,3164.667
2026-07-07 12:00:00+00:00,63378.7,63858.2,63366.2,63454.4,5069.58
2026-07-07 13:00:00+00:00,63454.4,63457.7,62952.4,63030.5,6799.269
2026-07-07 14:00:00+00:00,63030.5,63616.1,62635.5,63540.0,9308.609
2026-07-07 15:00:00+00:00,63540.0,64125.5,63347.0,63916.2,9207.167
2026-07-07 16:00:00+00:00,63916.2,64234.0,63784.5,63964.9,4221.47
2026-07-07 17:00:00+00:00,63964.9,64218.4,63868.7,64173.6,2145.397
2026-07-07 18:00:00+00:00,64173.6,64173.6,63634.1,63655.6,3001.09
2026-07-07 19:00:00+00:00,63655.6,63882.9,63354.5,63793.1,4732.462
2026-07-07 20:00:00+00:00,63793.1,63883.5,63584.2,63666.6,1221.796
2026-07-07 21:00:00+00:00,63666.6,63840.5,63280.0,63396.6,2898.97
2026-07-07 22:00:00+00:00,63396.6,63620.0,63173.1,63508.7,1816.195
2026-07-07 23:00:00+00:00,63508.7,63682.3,63283.2,63332.5,1435.074
2026-07-08 00:00:00+00:00,63332.5,63743.7,63272.6,63586.1,2280.823
2026-07-08 01:00:00+00:00,63586.1,63628.5,62887.1,63006.4,4146.121
2026-07-08 02:00:00+00:00,63006.4,63045.9,62496.0,62956.7,4714.866
2026-07-08 03:00:00+00:00,62956.7,63082.0,62666.0,62734.2,2493.547
2026-07-08 04:00:00+00:00,62734.2,62877.9,62647.4,62771.4,1283.579
2026-07-08 05:00:00+00:00,62771.4,62850.0,62512.1,62610.4,1613.78
2026-07-08 06:00:00+00:00,62610.4,62722.0,62444.1,62632.6,2682.69
2026-07-08 07:00:00+00:00,62632.6,62872.0,62521.4,62855.3,2719.428
2026-07-08 08:00:00+00:00,62855.3,62918.1,61821.3,61984.5,10520.977
2026-07-08 09:00:00+00:00,61984.5,62143.3,61680.4,62026.9,5798.761
2026-07-08 10:00:00+00:00,62026.9,62177.0,61868.1,62153.4,1989.709
2026-07-08 11:00:00+00:00,62153.4,62368.0,62022.2,62278.3,2312.391
2026-07-08 12:00:00+00:00,62278.3,62400.0,61922.5,61923.9,3055.393
2026-07-08 13:00:00+00:00,61923.9,62065.7,61606.0,61923.9,6313.502
2026-07-08 14:00:00+00:00,61923.9,62161.2,61685.4,61868.5,5124.458
2026-07-08 15:00:00+00:00,61868.5,61900.0,61500.0,61673.6,3650.823
2026-07-08 16:00:00+00:00,61673.6,62133.6,61661.6,62088.1,3190.56
2026-07-08 17:00:00+00:00,62088.1,62375.7,62003.0,62082.8,2404.418
2026-07-08 18:00:00+00:00,62082.8,62328.2,62006.2,62155.9,1750.151
2026-07-08 19:00:00+00:00,62155.9,62270.8,62033.8,62255.7,1855.043
2026-07-08 20:00:00+00:00,62255.7,62289.1,62053.7,62082.7,1111.027
2026-07-08 21:00:00+00:00,62082.7,62225.0,61920.0,62163.7,1640.525
2026-07-08 22:00:00+00:00,62163.7,62331.0,62144.3,62304.7,959.045
2026-07-08 23:00:00+00:00,62304.7,62327.2,62139.5,62256.0,1050.045
2026-07-09 00:00:00+00:00,62256.0,62287.0,62025.5,62105.5,1267.42
2026-07-09 01:00:00+00:00,62105.5,62629.0,61810.0,61879.9,4830.187
2026-07-09 02:00:00+00:00,61879.9,62104.2,61667.6,61751.6,3143.136
2026-07-09 03:00:00+00:00,61751.6,62039.8,61690.4,61943.8,1796.207
2026-07-09 04:00:00+00:00,61943.8,62445.7,61927.6,62430.0,2869.594
2026-07-09 05:00:00+00:00,62430.0,62623.5,62207.5,62566.7,3527.447
2026-07-09 06:00:00+00:00,62566.7,62989.0,62450.9,62924.9,4470.683
2026-07-09 07:00:00+00:00,62924.9,63266.0,62773.1,62977.6,5544.25
2026-07-09 08:00:00+00:00,62977.6,63072.7,62815.6,62868.0,1685.813
2026-07-09 09:00:00+00:00,62868.0,62977.0,62757.5,62924.9,1505.649
2026-07-09 10:00:00+00:00,62924.9,63033.0,62653.2,62755.9,1356.981
2026-07-09 11:00:00+00:00,62755.9,62802.0,62583.0,62756.6,1863.128
2026-07-09 12:00:00+00:00,62756.6,62939.7,62429.1,62582.8,9787.295
2026-07-09 13:00:00+00:00,62582.8,63234.2,62484.1,62998.7,4465.632
2026-07-09 14:00:00+00:00,62998.7,63114.0,62627.8,62982.8,3115.055
2026-07-09 15:00:00+00:00,62982.8,63249.8,62769.4,62831.5,3294.276
2026-07-09 16:00:00+00:00,62831.5,62967.7,62524.0,62666.9,2982.179
2026-07-09 17:00:00+00:00,62666.9,63144.0,62634.9,63114.5,3172.771
2026-07-09 18:00:00+00:00,63114.5,63479.9,63039.0,63193.9,3726.329
2026-07-09 19:00:00+00:00,63193.9,63359.5,63117.1,63219.2,1678.566
2026-07-09 20:00:00+00:00,63219.2,63305.5,63143.0,63292.0,734.453
2026-07-09 21:00:00+00:00,63292.0,63376.3,63180.0,63247.5,922.091
2026-07-09 22:00:00+00:00,63247.5,63395.0,63183.5,63189.1,924.223
2026-07-09 23:00:00+00:00,63189.1,63303.8,63030.8,63196.8,1338.275
2026-07-10 00:00:00+00:00,63196.8,63229.1,62890.6,63084.7,2133.14
2026-07-10 01:00:00+00:00,63084.7,63925.0,62922.1,63728.3,5343.564
2026-07-10 02:00:00+00:00,63728.3,64030.0,63665.9,63936.1,4347.79
2026-07-10 03:00:00+00:00,63936.1,64026.8,63793.3,63929.4,1897.95
2026-07-10 04:00:00+00:00,63929.4,64176.0,63833.7,64021.3,2278.329
2026-07-10 05:00:00+00:00,64021.3,64183.8,63917.1,64097.2,1683.633
2026-07-10 06:00:00+00:00,64097.2,64145.3,63815.4,63840.5,1647.15
2026-07-10 07:00:00+00:00,63840.5,63998.9,63782.1,63966.0,1569.001
2026-07-10 08:00:00+00:00,63966.0,64380.0,63962.1,64221.3,4233.166
2026-07-10 09:00:00+00:00,64221.3,64477.1,64085.0,64370.0,3049.969
2026-07-10 10:00:00+00:00,64370.0,64499.9,64255.5,64382.0,1681.042
2026-07-10 11:00:00+00:00,64382.0,64471.4,64312.0,64408.2,1386.662
2026-07-10 12:00:00+00:00,64408.2,64602.8,64251.2,64270.9,2763.846
2026-07-10 13:00:00+00:00,64270.9,64688.2,64127.9,64460.2,3726.907
2026-07-10 14:00:00+00:00,64460.2,64505.6,63750.1,63890.0,6616.191
2026-07-10 15:00:00+00:00,63890.0,64192.0,63871.8,64021.6,2483.836
2026-07-10 16:00:00+00:00,64021.6,64207.9,63800.1,64121.1,2260.714
2026-07-10 17:00:00+00:00,64121.1,64141.6,63789.5,63802.1,1664.551
2026-07-10 18:00:00+00:00,63802.1,63980.5,63713.0,63789.8,1328.987
2026-07-10 19:00:00+00:00,63789.8,64025.7,63750.0,63901.8,2246.381
2026-07-10 20:00:00+00:00,63901.8,63912.9,63635.0,63811.2,2368.848
2026-07-10 21:00:00+00:00,63811.2,64078.4,63805.4,63995.8,1077.566
2026-07-10 22:00:00+00:00,63995.8,64147.4,63956.9,64089.1,823.281
2026-07-10 23:00:00+00:00,64089.1,64192.8,63991.2,64141.1,778.164
2026-07-11 00:00:00+00:00,64141.1,64146.2,63996.9,64096.2,711.092
2026-07-11 01:00:00+00:00,64096.2,64292.1,63968.7,63981.0,963.727
2026-07-11 02:00:00+00:00,63981.0,64146.0,63942.8,64135.7,665.255
2026-07-11 03:00:00+00:00,64135.7,64170.6,64040.0,64124.7,460.911
2026-07-11 04:00:00+00:00,64124.7,64190.0,64052.2,64128.8,433.508
2026-07-11 05:00:00+00:00,64128.8,64200.0,64086.8,64141.0,487.552
2026-07-11 06:00:00+00:00,64141.0,64260.1,64094.8,64188.9,829.212
2026-07-11 07:00:00+00:00,64188.9,64226.5,64127.3,64136.7,795.968
2026-07-11 08:00:00+00:00,64136.7,64286.5,64128.8,64241.6,579.933
2026-07-11 09:00:00+00:00,64241.6,64280.4,64137.8,64145.0,630.23
2026-07-11 10:00:00+00:00,64145.0,64186.5,64122.2,64169.9,547.386
2026-07-11 11:00:00+00:00,64169.9,64195.0,64149.0,64183.5,439.266
2026-07-11 12:00:00+00:00,64183.5,64212.1,64105.6,64168.3,645.042
2026-07-11 13:00:00+00:00,64168.3,64245.0,64146.0,64221.2,559.731
2026-07-11 14:00:00+00:00,64221.2,64490.9,64221.2,64324.0,1781.345
2026-07-11 15:00:00+00:00,64324.0,64461.8,63855.5,64145.9,3477.696
2026-07-11 16:00:00+00:00,64145.9,64254.1,64057.7,64150.7,1364.792
2026-07-11 17:00:00+00:00,64150.7,64373.3,64133.2,64290.1,786.212
2026-07-11 18:00:00+00:00,64290.1,64370.0,64262.3,64305.1,670.477
2026-07-11 19:00:00+00:00,64305.1,64321.9,64203.8,64265.5,616.91
2026-07-11 20:00:00+00:00,64265.5,64442.0,64264.0,64355.8,493.064
2026-07-11 21:00:00+00:00,64355.8,64408.2,64309.2,64327.7,360.239
2026-07-11 22:00:00+00:00,64327.7,64405.0,64103.1,64169.7,1112.581
2026-07-11 23:00:00+00:00,64169.7,64224.0,63762.6,63782.3,3508.012
2026-07-12 00:00:00+00:00,63782.3,63889.1,63660.0,63805.1,2023.307
2026-07-12 01:00:00+00:00,63805.1,64140.0,63780.1,64100.9,2302.964
2026-07-12 02:00:00+00:00,64100.9,64110.0,64006.0,64048.4,928.142
2026-07-12 03:00:00+00:00,64048.4,64192.0,64001.8,64192.0,744.206
2026-07-12 04:00:00+00:00,64192.0,64219.9,63899.9,63970.0,2402.458
2026-07-12 05:00:00+00:00,63970.0,63990.9,63868.0,63933.6,957.581
2026-07-12 06:00:00+00:00,63933.6,63933.6,63594.3,63729.7,3041.37
2026-07-12 07:00:00+00:00,63729.7,63878.8,63702.1,63857.4,929.606
2026-07-12 08:00:00+00:00,63857.4,64076.7,63855.0,63951.0,1603.384
2026-07-12 09:00:00+00:00,63951.0,64017.9,63730.3,63928.6,1171.17
2026-07-12 10:00:00+00:00,63928.6,63928.6,63809.7,63841.3,704.1
2026-07-12 11:00:00+00:00,63841.3,64000.0,63800.0,63983.0,880.716
2026-07-12 12:00:00+00:00,63983.0,64111.0,63941.3,63993.7,1000.456
2026-07-12 13:00:00+00:00,63993.7,64076.9,63960.0,63990.5,515.609
2026-07-12 14:00:00+00:00,63990.5,64282.2,63928.1,64170.1,1433.308
2026-07-12 15:00:00+00:00,64170.1,64234.6,64091.0,64150.0,948.78
2026-07-12 16:00:00+00:00,64150.0,64185.9,64006.4,64144.1,841.263
2026-07-12 17:00:00+00:00,64144.1,64149.9,63987.6,64044.0,509.118
2026-07-12 18:00:00+00:00,64044.0,64126.3,63975.0,64123.1,916.333
2026-07-12 19:00:00+00:00,64123.1,64250.0,64123.0,64205.4,591.396
2026-07-12 20:00:00+00:00,64205.4,64234.5,64145.7,64179.1,471.641
2026-07-12 21:00:00+00:00,64179.1,64215.3,63855.5,63893.4,1646.655
2026-07-12 22:00:00+00:00,63893.4,63902.0,63625.1,63852.5,2817.645
2026-07-12 23:00:00+00:00,63852.5,63882.0,63684.4,63745.0,1232.143
2026-07-13 00:00:00+00:00,63745.0,64412.0,63504.0,64036.5,6976.236
2026-07-13 01:00:00+00:00,64036.5,64040.1,63356.7,63380.1,4105.065
2026-07-13 02:00:00+00:00,63380.1,63519.7,63198.3,63337.7,4272.415
2026-07-13 03:00:00+00:00,63337.7,63353.1,62700.0,62779.0,5956.141
2026-07-13 04:00:00+00:00,62779.0,62875.0,62570.0,62641.2,3425.29
2026-07-13 05:00:00+00:00,62641.2,62886.5,62394.5,62762.0,4269.962
2026-07-13 06:00:00+00:00,62762.0,62845.0,62670.0,62764.2,1468.434
2026-07-13 07:00:00+00:00,62764.2,63031.7,62710.7,62947.9,2792.064
2026-07-13 08:00:00+00:00,62947.9,63249.7,62901.0,63170.0,2607.602
2026-07-13 09:00:00+00:00,63170.0,63174.6,63050.1,63062.4,1053.065
2026-07-13 10:00:00+00:00,63062.4,63118.0,62811.4,62836.8,2410.645
2026-07-13 11:00:00+00:00,62836.8,63109.8,62836.8,62878.7,2300.819
2026-07-13 12:00:00+00:00,62878.7,62963.5,62540.0,62598.9,3925.979
2026-07-13 13:00:00+00:00,62598.9,62741.4,62128.2,62291.8,6699.192
2026-07-13 14:00:00+00:00,62291.8,62770.0,62073.0,62764.3,5867.646
2026-07-13 15:00:00+00:00,62764.3,62969.6,62532.5,62584.9,3096.484
2026-07-13 16:00:00+00:00,62584.9,62606.5,62176.8,62250.0,3371.932
2026-07-13 17:00:00+00:00,62250.0,62344.0,61863.5,61870.1,3737.679
2026-07-13 18:00:00+00:00,61870.1,62079.8,61777.6,61992.1,3370.245
2026-07-13 19:00:00+00:00,61992.1,62274.7,61958.8,62253.3,2236.724
2026-07-13 20:00:00+00:00,62253.3,62300.0,62019.0,62176.5,2496.659
2026-07-13 21:00:00+00:00,62176.5,62187.9,61850.7,62033.6,1634.77
2026-07-13 22:00:00+00:00,62033.6,62201.7,61884.2,61896.6,1467.113
2026-07-13 23:00:00+00:00,61896.6,62328.4,61848.0,62311.4,1600.896
2026-07-14 00:00:00+00:00,62311.4,62652.5,62235.4,62530.5,4077.119
2026-07-14 01:00:00+00:00,62530.5,62618.9,62426.9,62507.1,1755.564
2026-07-14 02:00:00+00:00,62507.1,62619.0,62291.9,62520.6,1402.427
2026-07-14 03:00:00+00:00,62520.6,62586.8,62290.2,62545.8,1292.11
2026-07-14 04:00:00+00:00,62545.8,62759.7,62511.2,62719.4,1540.493
2026-07-14 05:00:00+00:00,62719.4,62861.8,62673.4,62705.0,2148.501
2026-07-14 06:00:00+00:00,62705.0,62757.3,62537.1,62597.5,1506.45
2026-07-14 07:00:00+00:00,62597.5,62630.4,62480.6,62521.9,1050.621
2026-07-14 08:00:00+00:00,62521.9,62780.0,62464.0,62681.6,1289.554
2026-07-14 09:00:00+00:00,62681.6,62719.2,62506.5,62603.2,881.907
2026-07-14 10:00:00+00:00,62603.2,62879.9,62572.8,62771.7,1455.457
2026-07-14 11:00:00+00:00,62771.7,62900.0,62685.9,62812.3,1271.874
2026-07-14 12:00:00+00:00,62812.3,64000.5,62755.0,63935.7,16626.247
2026-07-14 13:00:00+00:00,63935.7,64179.8,63673.1,63818.4,6587.233
2026-07-14 14:00:00+00:00,63818.4,64348.1,63561.1,64277.9,5075.016
2026-07-14 15:00:00+00:00,64277.9,65000.0,64167.4,64739.7,12759.492
2026-07-14 16:00:00+00:00,64739.7,64882.1,64560.1,64702.7,5000.795
2026-07-14 17:00:00+00:00,64702.7,64702.8,64251.0,64601.3,4256.888
2026-07-14 18:00:00+00:00,64601.3,64634.5,64450.2,64549.0,1385.182
2026-07-14 19:00:00+00:00,64549.0,64699.5,64456.1,64550.9,1769.985
2026-07-14 20:00:00+00:00,64550.9,64578.8,64388.5,64540.7,1431.644
2026-07-14 21:00:00+00:00,64540.7,64883.5,64498.6,64656.3,1942.347
2026-07-14 22:00:00+00:00,64656.3,65084.1,64490.7,64837.0,3662.147
2026-07-14 23:00:00+00:00,64837.0,65034.7,64751.0,65013.4,1521.406
2026-07-15 00:00:00+00:00,65013.4,65037.0,64742.0,64800.1,1460.667
2026-07-15 01:00:00+00:00,64800.1,64838.6,64620.6,64648.8,1236.543
2026-07-15 02:00:00+00:00,64648.8,64743.3,64460.9,64474.6,1695.337
2026-07-15 03:00:00+00:00,64474.6,64820.0,64474.6,64765.2,1215.383
2026-07-15 04:00:00+00:00,64765.2,64860.0,64685.4,64727.8,896.519
2026-07-15 05:00:00+00:00,64727.8,64942.8,64579.0,64921.5,1315.412
2026-07-15 06:00:00+00:00,64921.5,65273.7,64781.2,64783.8,5149.967
2026-07-15 07:00:00+00:00,64783.8,64864.9,64449.1,64524.0,3592.219
2026-07-15 08:00:00+00:00,64524.0,64765.0,64524.0,64740.0,1642.894
2026-07-15 09:00:00+00:00,64740.0,64894.2,64622.6,64640.4,1340.599
2026-07-15 10:00:00+00:00,64640.4,64833.0,64582.0,64631.5,874.503
2026-07-15 11:00:00+00:00,64631.5,64731.7,64583.4,64702.4,877.029
2026-07-15 12:00:00+00:00,64702.4,65232.3,64574.4,65125.0,4954.12
2026-07-15 13:00:00+00:00,65125.0,65535.0,64850.0,65084.7,8827.821
2026-07-15 14:00:00+00:00,65084.7,65518.0,65027.0,65364.2,5078.084
2026-07-15 15:00:00+00:00,65364.2,65566.6,65225.0,65384.9,3162.99
2026-07-15 16:00:00+00:00,65384.9,65428.0,64750.0,65087.1,4609.166
2026-07-15 17:00:00+00:00,65087.1,65200.0,64940.0,65020.0,2149.572
2026-07-15 18:00:00+00:00,65020.0,65120.4,64820.0,64839.6,1616.508
2026-07-15 19:00:00+00:00,64839.6,64978.4,64687.6,64951.6,1586.16
2026-07-15 20:00:00+00:00,64951.6,65037.4,64864.5,64942.3,639.249
2026-07-15 21:00:00+00:00,64942.3,64993.8,64755.8,64803.0,970.667
2026-07-15 22:00:00+00:00,64803.0,64949.1,64734.1,64831.2,786.747
2026-07-15 23:00:00+00:00,64831.2,64919.4,64641.5,64717.1,1110.03
2026-07-16 00:00:00+00:00,64717.1,64821.6,64470.0,64561.1,2107.571
2026-07-16 01:00:00+00:00,64561.1,64811.3,64337.9,64699.9,2182.682
2026-07-16 02:00:00+00:00,64699.9,64706.1,64544.0,64613.8,789.886
2026-07-16 03:00:00+00:00,64613.8,64718.8,64519.4,64589.0,969.535
2026-07-16 04:00:00+00:00,64589.0,64669.9,64504.4,64612.1,584.466
2026-07-16 05:00:00+00:00,64612.1,64974.7,64574.9,64889.1,1818.511
2026-07-16 06:00:00+00:00,64889.1,64947.3,64587.2,64748.2,1441.492
2026-07-16 07:00:00+00:00,64748.2,64749.0,64051.2,64197.9,3841.804
2026-07-16 08:00:00+00:00,64197.9,64333.0,63848.7,64093.4,5055.287
2026-07-16 09:00:00+00:00,64093.4,64156.5,63972.9,64062.9,1098.735
2026-07-16 10:00:00+00:00,64062.9,64238.0,64044.0,64190.0,959.921
2026-07-16 11:00:00+00:00,64190.0,64240.0,64055.1,64218.1,1273.497
2026-07-16 12:00:00+00:00,64218.1,64223.4,63824.0,63936.4,2169.079
2026-07-16 13:00:00+00:00,63936.4,64458.8,63925.2,64349.9,4072.335
2026-07-16 14:00:00+00:00,64349.9,64869.1,64296.4,64502.3,6395.784
2026-07-16 15:00:00+00:00,64502.3,64878.4,64278.1,64675.3,4043.465
2026-07-16 16:00:00+00:00,64675.3,64687.9,64300.0,64448.2,2810.288
2026-07-16 17:00:00+00:00,64448.2,64454.8,63952.6,64046.0,3581.622
2026-07-16 18:00:00+00:00,64046.0,64307.3,64021.9,64208.5,1852.405
2026-07-16 19:00:00+00:00,64208.5,64277.4,64111.2,64236.0,1067.992
2026-07-16 20:00:00+00:00,64236.0,64248.0,64070.1,64082.2,630.614
2026-07-16 21:00:00+00:00,64082.2,64215.7,64070.0,64135.1,528.626
2026-07-16 22:00:00+00:00,64135.1,64212.6,63909.3,63935.5,1492.793
2026-07-16 23:00:00+00:00,63935.5,63981.6,63701.8,63795.3,2042.667
2026-07-17 00:00:00+00:00,63795.3,63883.8,63566.7,63862.8,2474.972
2026-07-17 01:00:00+00:00,63862.8,64033.2,63433.2,63511.0,3472.927
2026-07-17 02:00:00+00:00,63511.0,63628.9,63351.2,63458.0,2366.103
2026-07-17 03:00:00+00:00,63458.0,63690.1,63450.6,63537.9,1529.573
2026-07-17 04:00:00+00:00,63537.9,63556.4,63271.8,63451.9,2463.377
2026-07-17 05:00:00+00:00,63451.9,63451.9,62766.0,62811.9,5881.505
2026-07-17 06:00:00+00:00,62811.9,62972.7,62673.1,62916.4,5444.435
2026-07-17 07:00:00+00:00,62916.4,62950.0,62763.2,62791.6,2510.47
2026-07-17 08:00:00+00:00,62791.6,62908.9,62609.7,62853.7,3068.842
2026-07-17 09:00:00+00:00,62853.7,63039.3,62819.0,62956.7,2022.028
2026-07-17 10:00:00+00:00,62956.7,63168.2,62954.6,63142.0,1782.678
2026-07-17 11:00:00+00:00,63142.0,63331.0,63029.0,63265.9,2847.753
2026-07-17 12:00:00+00:00,63265.9,63316.1,63035.2,63071.1,2251.341
2026-07-17 13:00:00+00:00,63071.1,63155.2,62502.0,63128.2,9056.693
2026-07-17 14:00:00+00:00,63128.2,63498.9,63051.0,63149.0,7015.396
2026-07-17 15:00:00+00:00,63149.0,63453.5,62810.6,63443.3,4701.099
2026-07-17 16:00:00+00:00,63443.3,63687.6,63277.4,63563.4,3802.232
2026-07-17 17:00:00+00:00,63563.4,64215.9,63562.8,64016.8,5834.358
2026-07-17 18:00:00+00:00,64016.8,64360.0,63855.5,64226.1,4378.739
2026-07-17 19:00:00+00:00,64226.1,64231.1,63939.2,64120.7,2504.466
2026-07-17 20:00:00+00:00,64120.7,64166.7,63926.9,64081.0,1789.199
2026-07-17 21:00:00+00:00,64081.0,64189.8,64031.3,64074.6,719.17
2026-07-17 22:00:00+00:00,64074.6,64122.8,63877.8,63955.0,730.942
2026-07-17 23:00:00+00:00,63955.0,63988.9,63853.0,63911.1,588.473
2026-07-18 00:00:00+00:00,63911.1,63989.1,63858.7,63884.0,442.715
2026-07-18 01:00:00+00:00,63884.0,63974.7,63861.8,63930.0,379.754
2026-07-18 02:00:00+00:00,63930.0,64012.7,63897.8,63928.5,463.445
2026-07-18 03:00:00+00:00,63928.5,63995.2,63890.2,63988.1,333.001
2026-07-18 04:00:00+00:00,63988.1,63988.1,63909.2,63943.7,285.082
2026-07-18 05:00:00+00:00,63943.7,63975.1,63894.0,63937.9,365.375
2026-07-18 06:00:00+00:00,63937.9,63979.2,63917.3,63955.3,210.424
2026-07-18 07:00:00+00:00,63955.3,63994.5,63950.5,63974.3,526.03
2026-07-18 08:00:00+00:00,63974.3,63994.9,63925.0,63975.0,404.159
2026-07-18 09:00:00+00:00,63975.0,63986.1,63902.0,63954.8,315.356
2026-07-18 10:00:00+00:00,63954.8,63988.2,63951.5,63979.1,237.915
2026-07-18 11:00:00+00:00,63979.1,64060.0,63979.1,64026.1,312.919
2026-07-18 12:00:00+00:00,64026.1,64232.6,64013.5,64174.3,1293.077
2026-07-18 13:00:00+00:00,64174.3,64179.0,63926.1,64078.4,1161.681
2026-07-18 14:00:00+00:00,64078.4,64165.3,64065.2,64093.6,595.587
2026-07-18 15:00:00+00:00,64093.6,64137.0,64000.0,64091.0,490.08
2026-07-18 16:00:00+00:00,64091.0,64300.0,64054.1,64275.9,1308.879
2026-07-18 17:00:00+00:00,64275.9,64456.0,64241.1,64448.1,2687.007
2026-07-18 18:00:00+00:00,64448.1,64650.5,64408.8,64481.7,2487.833
2026-07-18 19:00:00+00:00,64481.7,64569.8,64439.4,64525.2,699.174
2026-07-18 20:00:00+00:00,64525.2,64710.4,64473.4,64669.1,1848.86
2026-07-18 21:00:00+00:00,64669.1,64831.9,64579.1,64697.5,2685.793
2026-07-18 22:00:00+00:00,64697.5,64847.1,64678.9,64776.2,1325.378
2026-07-18 23:00:00+00:00,64776.2,64819.9,64679.3,64806.0,620.255
2026-07-19 00:00:00+00:00,64806.0,64886.2,64730.0,64753.8,1001.183
2026-07-19 01:00:00+00:00,64753.8,64763.2,64714.6,64737.5,816.251
2026-07-19 02:00:00+00:00,64737.5,64948.0,64666.7,64795.3,1396.463
2026-07-19 03:00:00+00:00,64795.3,64816.7,64595.7,64689.0,1197.244
2026-07-19 04:00:00+00:00,64689.0,64780.9,64587.8,64699.8,1355.916
2026-07-19 05:00:00+00:00,64699.8,64794.5,64641.8,64696.7,452.771
2026-07-19 06:00:00+00:00,64696.7,64738.9,64671.0,64686.0,398.037
2026-07-19 07:00:00+00:00,64686.0,64765.5,64617.2,64696.0,1202.279
2026-07-19 08:00:00+00:00,64696.0,64729.4,64606.8,64692.2,888.127
2026-07-19 09:00:00+00:00,64692.2,64703.1,64467.0,64493.0,1292.926
2026-07-19 10:00:00+00:00,64493.0,64670.0,64450.7,64560.7,908.131
2026-07-19 11:00:00+00:00,64560.7,64617.6,64410.0,64446.4,973.81
2026-07-19 12:00:00+00:00,64446.4,64446.4,64250.0,64418.4,1800.402
2026-07-19 13:00:00+00:00,64418.4,64489.6,64269.6,64450.5,925.932
2026-07-19 14:00:00+00:00,64450.5,64641.7,64384.2,64560.8,1387.607
2026-07-19 15:00:00+00:00,64560.8,64595.4,64463.9,64548.0,541.889
2026-07-19 16:00:00+00:00,64548.0,64626.1,64475.0,64516.9,655.997
2026-07-19 17:00:00+00:00,64516.9,64734.1,64379.0,64524.7,1741.177
2026-07-19 18:00:00+00:00,64524.7,64530.8,64224.3,64392.4,2090.807
2026-07-19 19:00:00+00:00,64392.4,64440.0,64313.3,64432.2,396.642
2026-07-19 20:00:00+00:00,64432.2,64561.7,64431.9,64513.0,957.087
2026-07-19 21:00:00+00:00,64513.0,64534.9,64313.0,64379.0,909.874
2026-07-19 22:00:00+00:00,64379.0,64880.4,64313.0,64650.1,3062.448
2026-07-19 23:00:00+00:00,64650.1,64750.0,64537.5,64698.2,965.106
2026-07-20 00:00:00+00:00,64698.2,65100.0,64372.3,64524.4,4313.58
2026-07-20 01:00:00+00:00,64524.4,65012.5,64461.3,64589.0,2736.153
2026-07-20 02:00:00+00:00,64589.0,64943.9,64550.0,64801.2,2121.297
2026-07-20 03:00:00+00:00,64801.2,64915.3,64614.0,64842.1,1411.162
2026-07-20 04:00:00+00:00,64842.1,64844.4,64500.1,64509.4,1198.001
2026-07-20 05:00:00+00:00,64509.4,64536.2,64028.6,64097.4,3507.148
2026-07-20 06:00:00+00:00,64097.4,64195.6,63678.8,63886.2,5241.542
2026-07-20 07:00:00+00:00,63886.2,64292.4,63854.9,64247.2,2389.262
2026-07-20 08:00:00+00:00,64247.2,64332.8,63802.6,64029.7,3829.466
2026-07-20 09:00:00+00:00,64029.7,64258.9,63972.0,64164.2,1223.798
2026-07-20 10:00:00+00:00,64164.2,64388.8,64127.4,64274.3,1319.507
2026-07-20 11:00:00+00:00,64274.3,65053.9,64235.1,64975.9,5370.852
2026-07-20 12:00:00+00:00,64975.9,64981.8,64566.8,64623.1,3165.952
2026-07-20 13:00:00+00:00,64623.1,64742.6,64166.8,64308.8,4175.111
2026-07-20 14:00:00+00:00,64308.8,64545.0,64030.0,64384.0,3731.597
2026-07-20 15:00:00+00:00,64384.0,65718.0,64381.1,65573.8,10460.284
2026-07-20 16:00:00+00:00,65573.8,65616.4,65301.2,65483.9,4314.854
2026-07-20 17:00:00+00:00,65483.9,65621.2,65316.5,65560.1,2237.149
2026-07-20 18:00:00+00:00,65560.1,65769.3,65160.2,65206.9,3833.482
2026-07-20 19:00:00+00:00,65206.9,65249.9,65013.1,65117.5,2610.595
2026-07-20 20:00:00+00:00,65117.5,65423.5,65025.3,65337.1,1718.857
2026-07-20 21:00:00+00:00,65337.1,65420.6,65235.4,65257.4,876.943
2026-07-20 22:00:00+00:00,65257.4,65257.5,65055.9,65117.1,1236.354
2026-07-20 23:00:00+00:00,65117.1,65251.8,65097.0,65221.1,1025.824
2026-07-21 00:00:00+00:00,65221.1,65566.6,65114.0,65539.2,1979.114
2026-07-21 01:00:00+00:00,65539.2,65636.7,65201.7,65202.3,1983.471
2026-07-21 02:00:00+00:00,65202.3,65476.5,65145.1,65380.1,1408.901
2026-07-21 03:00:00+00:00,65380.1,65565.9,65380.0,65537.9,1389.352
2026-07-21 04:00:00+00:00,65537.9,65719.9,65446.2,65494.6,1934.506
2026-07-21 05:00:00+00:00,65494.6,65929.7,65460.0,65722.5,2733.961
2026-07-21 06:00:00+00:00,65722.5,65970.0,65594.0,65892.4,2645.075
2026-07-21 07:00:00+00:00,65892.4,66244.9,65833.0,66163.9,3907.14
2026-07-21 08:00:00+00:00,66163.9,66333.3,66109.4,66205.5,3537.46
2026-07-21 09:00:00+00:00,66205.5,66341.0,66115.5,66263.6,1554.128
2026-07-21 10:00:00+00:00,66263.6,66394.0,66150.2,66169.0,2145.911
2026-07-21 11:00:00+00:00,66169.0,66328.0,66121.0,66320.1,1301.4
2026-07-21 12:00:00+00:00,66320.1,66634.8,66236.1,66525.0,3707.402
2026-07-21 13:00:00+00:00,66525.0,66800.9,66295.1,66750.8,4741.502
2026-07-21 14:00:00+00:00,66750.8,66937.7,66609.9,66805.5,5603.374
2026-07-21 15:00:00+00:00,66805.5,66805.5,66489.0,66640.4,2783.642
2026-07-21 16:00:00+00:00,66640.4,66733.7,66434.1,66515.2,1635.473
2026-07-21 17:00:00+00:00,66515.2,66544.4,66026.0,66188.0,4074.03
2026-07-21 18:00:00+00:00,66188.0,66339.5,66070.6,66296.5,2132.978
2026-07-21 19:00:00+00:00,66296.5,66506.9,66233.2,66411.1,1686.366
2026-07-21 20:00:00+00:00,66411.1,66471.0,66316.8,66370.3,806.865
2026-07-21 21:00:00+00:00,66370.3,66385.6,66253.5,66351.8,1116.317
2026-07-21 22:00:00+00:00,66351.8,66352.7,66170.7,66271.3,695.205
2026-07-21 23:00:00+00:00,66271.3,66546.7,66193.3,66524.0,1017.121
2026-07-22 00:00:00+00:00,66524.0,66709.5,66500.2,66587.9,1626.53
2026-07-22 01:00:00+00:00,66587.9,66626.9,66245.6,66392.9,1710.951
2026-07-22 02:00:00+00:00,66392.9,66500.0,66260.7,66279.4,726.484
2026-07-22 03:00:00+00:00,66279.4,66340.8,66136.7,66175.4,1169.371
2026-07-22 04:00:00+00:00,66175.4,66402.9,66161.1,66349.4,1014.241
2026-07-22 05:00:00+00:00,66349.4,66349.4,65902.2,65945.6,3214.43
2026-07-22 06:00:00+00:00,65945.6,66006.4,65800.0,65905.1,2122.524
2026-07-22 07:00:00+00:00,65905.1,65940.0,65666.6,65812.3,2164.112
2026-07-22 08:00:00+00:00,65812.3,66131.8,65811.3,65953.4,2242.463
2026-07-22 09:00:00+00:00,65953.4,66050.3,65810.3,65891.5,1312.257
2026-07-22 10:00:00+00:00,65891.5,66085.0,65858.6,66013.1,1607.771
2026-07-22 11:00:00+00:00,66013.1,66063.9,65868.4,65987.3,1066.423
2026-07-22 12:00:00+00:00,65987.3,65989.4,65509.8,65599.3,3173.908
2026-07-22 13:00:00+00:00,65599.3,65948.0,65526.8,65919.4,3798.085
2026-07-22 14:00:00+00:00,65919.4,66175.4,65550.0,65767.7,4518.062
2026-07-22 15:00:00+00:00,65767.7,66111.0,65766.1,66008.2,3047.744
2026-07-22 16:00:00+00:00,66008.2,66364.7,65878.0,66192.5,3124.194
2026-07-22 17:00:00+00:00,66192.5,66244.0,65903.3,65985.1,2378.598
2026-07-22 18:00:00+00:00,65985.1,66044.0,65695.0,65855.6,1888.519
2026-07-22 19:00:00+00:00,65855.6,65927.8,65647.8,65883.7,1130.569
2026-07-22 20:00:00+00:00,65883.7,65931.5,65757.8,65794.5,527.132
