timestamp,open,high,low,close,volume
2023-11-21 12:00:00+00:00,0.5757,0.577,0.5395,0.5598,10917804.8
2023-11-21 16:00:00+00:00,0.5598,0.5801,0.5377,0.5515,9736340.7
2023-11-21 20:00:00+00:00,0.5515,0.5558,0.5137,0.5202,6761313.4
2023-11-22 00:00:00+00:00,0.5202,0.5394,0.5191,0.5391,1962344.5
2023-11-22 04:00:00+00:00,0.5391,0.5435,0.5333,0.5392,1899900.4
2023-11-22 08:00:00+00:00,0.5392,0.5468,0.539,0.5427,1801667.4
2023-11-22 12:00:00+00:00,0.5427,0.5527,0.5421,0.5497,2497939.0
2023-11-22 16:00:00+00:00,0.5497,0.5696,0.545,0.5686,5714296.1
2023-11-22 20:00:00+00:00,0.5686,0.5857,0.5666,0.5848,4240103.0
2023-11-23 00:00:00+00:00,0.5848,0.5946,0.5772,0.5846,2465460.2
2023-11-23 04:00:00+00:00,0.5846,0.5854,0.5773,0.5814,1493627.8
2023-11-23 08:00:00+00:00,0.5814,0.5873,0.5755,0.5791,2120382.8
2023-11-23 12:00:00+00:00,0.5791,0.5814,0.5667,0.5706,2601403.6
2023-11-23 16:00:00+00:00,0.5706,0.579,0.57,0.5717,2167675.5
2023-11-23 20:00:00+00:00,0.5717,0.5816,0.5714,0.5778,1745943.9
2023-11-24 00:00:00+00:00,0.5778,0.5892,0.5755,0.5887,2349723.8
2023-11-24 04:00:00+00:00,0.5887,0.5932,0.5834,0.5917,2127094.9
2023-11-24 08:00:00+00:00,0.5917,0.6035,0.5879,0.5948,2877314.8
2023-11-24 12:00:00+00:00,0.5948,0.5996,0.588,0.594,2111785.8
2023-11-24 16:00:00+00:00,0.594,0.5977,0.5826,0.5857,2599993.0
2023-11-24 20:00:00+00:00,0.5857,0.5899,0.5796,0.5898,1720512.3
2023-11-25 00:00:00+00:00,0.5898,0.5989,0.5841,0.5982,1651999.7
2023-11-25 04:00:00+00:00,0.5982,0.6029,0.5906,0.6019,1453697.7
2023-11-25 08:00:00+00:00,0.6019,0.6033,0.5898,0.5932,1578084.4
2023-11-25 12:00:00+00:00,0.5932,0.5984,0.592,0.5976,1136645.3
2023-11-25 16:00:00+00:00,0.5976,0.6022,0.5967,0.5971,1425364.7
2023-11-25 20:00:00+00:00,0.5971,0.5985,0.5936,0.5983,872288.7
2023-11-26 00:00:00+00:00,0.5983,0.6019,0.5909,0.5955,1087533.0
2023-11-26 04:00:00+00:00,0.5955,0.608,0.5949,0.6045,1439492.1
2023-11-26 08:00:00+00:00,0.6045,0.6055,0.5978,0.5984,1076436.6
2023-11-26 12:00:00+00:00,0.5984,0.5991,0.5808,0.5835,3047631.5
2023-11-26 16:00:00+00:00,0.5835,0.5871,0.569,0.5782,3522554.2
2023-11-26 20:00:00+00:00,0.5782,0.5862,0.5762,0.5805,1693868.9
2023-11-27 00:00:00+00:00,0.5805,0.5868,0.5652,0.5715,2093814.4
2023-11-27 04:00:00+00:00,0.5715,0.5743,0.5601,0.5677,2084219.6
2023-11-27 08:00:00+00:00,0.5677,0.5716,0.5574,0.5633,2886003.9
2023-11-27 12:00:00+00:00,0.5633,0.5649,0.5528,0.5536,2306769.6
2023-11-27 16:00:00+00:00,0.5536,0.5629,0.546,0.5509,2261347.5
2023-11-27 20:00:00+00:00,0.5509,0.5597,0.5469,0.5587,1752553.2
2023-11-28 00:00:00+00:00,0.5587,0.5654,0.5578,0.5614,1284569.7
2023-11-28 04:00:00+00:00,0.5614,0.5628,0.5487,0.5563,1759346.9
2023-11-28 08:00:00+00:00,0.5563,0.5593,0.5515,0.5587,2026227.6
2023-11-28 12:00:00+00:00,0.5587,0.5615,0.5528,0.5588,2505840.0
2023-11-28 16:00:00+00:00,0.5588,0.5714,0.5565,0.5686,3010642.7
2023-11-28 20:00:00+00:00,0.5686,0.5708,0.5595,0.5622,1251144.4
2023-11-29 00:00:00+00:00,0.5622,0.5653,0.5578,0.5649,1200775.7
2023-11-29 04:00:00+00:00,0.5649,0.5682,0.5607,0.5641,1108061.6
2023-11-29 08:00:00+00:00,0.5641,0.5728,0.5561,0.5585,2287688.1
2023-11-29 12:00:00+00:00,0.5585,0.5602,0.5475,0.5506,1986267.0
2023-11-29 16:00:00+00:00,0.5506,0.5533,0.546,0.551,1395811.8
2023-11-29 20:00:00+00:00,0.551,0.551,0.546,0.5498,907412.7
2023-11-30 00:00:00+00:00,0.5498,0.5568,0.5476,0.5566,1133941.8
2023-11-30 04:00:00+00:00,0.5566,0.5577,0.5503,0.552,1233013.8
2023-11-30 08:00:00+00:00,0.552,0.5521,0.5427,0.5515,1516722.9
2023-11-30 12:00:00+00:00,0.5515,0.5536,0.5442,0.5509,1633389.8
2023-11-30 16:00:00+00:00,0.5509,0.5592,0.5497,0.5549,1146070.5
2023-11-30 20:00:00+00:00,0.5549,0.5611,0.5534,0.5582,981471.4
2023-12-01 00:00:00+00:00,0.5582,0.5715,0.5536,0.5693,1910987.8
2023-12-01 04:00:00+00:00,0.5693,0.5716,0.5656,0.5677,1310388.1
2023-12-01 08:00:00+00:00,0.5677,0.5733,0.5676,0.5702,1411358.2
2023-12-01 12:00:00+00:00,0.5702,0.5716,0.563,0.5667,1439696.7
2023-12-01 16:00:00+00:00,0.5667,0.5729,0.5655,0.5689,1475258.0
2023-12-01 20:00:00+00:00,0.5689,0.5727,0.567,0.5718,597466.6
2023-12-02 00:00:00+00:00,0.5718,0.577,0.5702,0.5756,856651.7
2023-12-02 04:00:00+00:00,0.5756,0.5769,0.5727,0.5749,689050.3
2023-12-02 08:00:00+00:00,0.5749,0.5844,0.5749,0.5798,2429648.7
2023-12-02 12:00:00+00:00,0.5798,0.5857,0.5752,0.5815,1865880.4
2023-12-02 16:00:00+00:00,0.5815,0.6025,0.5812,0.5995,4110183.4
2023-12-02 20:00:00+00:00,0.5995,0.6141,0.5988,0.6093,1952143.3
2023-12-03 00:00:00+00:00,0.6093,0.6153,0.6032,0.6046,2206911.8
2023-12-03 04:00:00+00:00,0.6046,0.6054,0.5968,0.6011,1367088.7
2023-12-03 08:00:00+00:00,0.6011,0.6012,0.5931,0.5988,1559722.8
2023-12-03 12:00:00+00:00,0.5988,0.6008,0.5887,0.5921,2217421.1
2023-12-03 16:00:00+00:00,0.5921,0.5945,0.5897,0.5916,615513.4
2023-12-03 20:00:00+00:00,0.5916,0.6037,0.5905,0.6034,1432804.7
2023-12-04 00:00:00+00:00,0.6034,0.6158,0.5972,0.6066,2025916.8
2023-12-04 04:00:00+00:00,0.6066,0.6171,0.6029,0.6113,2599431.8
2023-12-04 08:00:00+00:00,0.6113,0.6183,0.5707,0.5963,5720021.3
2023-12-04 12:00:00+00:00,0.5963,0.6059,0.583,0.5871,2727648.9
2023-12-04 16:00:00+00:00,0.5871,0.5983,0.5859,0.5976,2384813.0
2023-12-04 20:00:00+00:00,0.5976,0.6085,0.5974,0.6062,2348764.3
2023-12-05 00:00:00+00:00,0.6062,0.6156,0.5945,0.5951,2205587.5
2023-12-05 04:00:00+00:00,0.5951,0.6038,0.5853,0.5927,2906158.4
2023-12-05 08:00:00+00:00,0.5927,0.5954,0.5832,0.5868,2021787.3
2023-12-05 12:00:00+00:00,0.5868,0.5965,0.5831,0.594,3146970.5
2023-12-05 16:00:00+00:00,0.594,0.6168,0.5891,0.6047,6183911.6
2023-12-05 20:00:00+00:00,0.6047,0.6363,0.5982,0.6312,7186786.9
2023-12-06 00:00:00+00:00,0.6312,0.6314,0.6159,0.6256,3994518.7
2023-12-06 04:00:00+00:00,0.6256,0.6298,0.6069,0.6215,3712850.5
2023-12-06 08:00:00+00:00,0.6215,0.6302,0.6043,0.6242,7124561.1
2023-12-06 12:00:00+00:00,0.6242,0.64,0.6153,0.6304,8879198.8
2023-12-06 16:00:00+00:00,0.6304,0.6428,0.6244,0.6256,4177778.6
2023-12-06 20:00:00+00:00,0.6256,0.6266,0.5966,0.6046,5334164.6
2023-12-07 00:00:00+00:00,0.6046,0.6162,0.6043,0.6136,2071979.6
2023-12-07 04:00:00+00:00,0.6136,0.6232,0.6129,0.6192,2662314.3
2023-12-07 08:00:00+00:00,0.6192,0.6378,0.6035,0.6283,12776460.3
2023-12-07 12:00:00+00:00,0.6283,0.6568,0.6265,0.6514,5981346.4
2023-12-07 16:00:00+00:00,0.6514,0.6618,0.6406,0.6437,6656961.9
2023-12-07 20:00:00+00:00,0.6437,0.6535,0.634,0.6471,5847278.9
2023-12-08 00:00:00+00:00,0.6471,0.6803,0.6471,0.6771,5852615.2
2023-12-08 04:00:00+00:00,0.6771,0.6839,0.6665,0.6711,5208452.9
2023-12-08 08:00:00+00:00,0.6711,0.6945,0.6666,0.6911,6700938.1
2023-12-08 12:00:00+00:00,0.6911,0.6995,0.6848,0.6884,6763730.4
2023-12-08 16:00:00+00:00,0.6884,0.6953,0.6817,0.6876,2528023.8
2023-12-08 20:00:00+00:00,0.6876,0.6962,0.6859,0.6892,2086457.3
2023-12-09 00:00:00+00:00,0.6892,0.7022,0.6848,0.693,3246629.6
2023-12-09 04:00:00+00:00,0.693,0.7019,0.6917,0.7003,1852640.6
2023-12-09 08:00:00+00:00,0.7003,0.7061,0.6732,0.6913,6070043.9
2023-12-09 12:00:00+00:00,0.6913,0.6953,0.673,0.683,3693231.2
2023-12-09 16:00:00+00:00,0.683,0.6863,0.6678,0.6764,2528103.1
2023-12-09 20:00:00+00:00,0.6764,0.6814,0.66,0.6744,2740831.6
2023-12-10 00:00:00+00:00,0.6744,0.7004,0.6744,0.6958,2045543.7
2023-12-10 04:00:00+00:00,0.6958,0.7003,0.6846,0.6883,1651753.3
2023-12-10 08:00:00+00:00,0.6883,0.6968,0.6676,0.685,3246117.1
2023-12-10 12:00:00+00:00,0.685,0.7065,0.6848,0.6989,3065097.8
2023-12-10 16:00:00+00:00,0.6989,0.7,0.6893,0.6965,1134322.0
2023-12-10 20:00:00+00:00,0.6965,0.7247,0.6949,0.7207,5255819.1
2023-12-11 00:00:00+00:00,0.7207,0.7235,0.6265,0.6945,14383108.3
2023-12-11 04:00:00+00:00,0.6945,0.7097,0.6828,0.6858,8820927.9
2023-12-11 08:00:00+00:00,0.6858,0.6979,0.6781,0.6965,3748584.8
2023-12-11 12:00:00+00:00,0.6965,0.7165,0.665,0.6735,9853150.5
2023-12-11 16:00:00+00:00,0.6735,0.6834,0.6387,0.6552,9326889.1
2023-12-11 20:00:00+00:00,0.6552,0.6687,0.6444,0.6559,3604927.3
2023-12-12 00:00:00+00:00,0.6559,0.6744,0.654,0.66,3648487.8
2023-12-12 04:00:00+00:00,0.66,0.6629,0.645,0.662,3756223.9
2023-12-12 08:00:00+00:00,0.662,0.6622,0.646,0.6462,2617377.8
2023-12-12 12:00:00+00:00,0.6462,0.6568,0.6307,0.641,7236692.4
2023-12-12 16:00:00+00:00,0.641,0.6423,0.6231,0.64,4835272.1
2023-12-12 20:00:00+00:00,0.64,0.6496,0.6312,0.6468,2648063.2
2023-12-13 00:00:00+00:00,0.6468,0.648,0.6133,0.6202,4003441.5
2023-12-13 04:00:00+00:00,0.6202,0.6291,0.61,0.6245,2747236.5
2023-12-13 08:00:00+00:00,0.6245,0.6329,0.619,0.62,1694531.1
2023-12-13 12:00:00+00:00,0.62,0.6385,0.6195,0.6358,2685732.2
2023-12-13 16:00:00+00:00,0.6358,0.6435,0.6251,0.6391,4893284.0
2023-12-13 20:00:00+00:00,0.6391,0.6483,0.6353,0.6416,2957406.8
2023-12-14 00:00:00+00:00,0.6416,0.6449,0.6317,0.6354,1894479.2
2023-12-14 04:00:00+00:00,0.6354,0.6439,0.6304,0.6399,1628607.9
2023-12-14 08:00:00+00:00,0.6399,0.6491,0.6317,0.6489,2467021.2
2023-12-14 12:00:00+00:00,0.6489,0.6491,0.6013,0.6295,6605978.7
2023-12-14 16:00:00+00:00,0.6295,0.6407,0.6288,0.6368,1693640.9
2023-12-14 20:00:00+00:00,0.6368,0.6505,0.6328,0.6475,2101272.3
2023-12-15 00:00:00+00:00,0.6475,0.6494,0.6349,0.6365,2084739.2
2023-12-15 04:00:00+00:00,0.6365,0.6374,0.6276,0.6323,2002452.6
2023-12-15 08:00:00+00:00,0.6323,0.6398,0.6293,0.6339,1959787.0
2023-12-15 12:00:00+00:00,0.6339,0.6417,0.626,0.6409,3542471.1
2023-12-15 16:00:00+00:00,0.6409,0.6556,0.6369,0.6534,3125773.1
2023-12-15 20:00:00+00:00,0.6534,0.6599,0.6316,0.6332,3382885.1
2023-12-16 00:00:00+00:00,0.6332,0.6503,0.622,0.6428,2739419.7
2023-12-16 04:00:00+00:00,0.6428,0.6504,0.6402,0.6435,1622455.5
2023-12-16 08:00:00+00:00,0.6435,0.6512,0.6408,0.6509,1773178.3
2023-12-16 12:00:00+00:00,0.6509,0.6585,0.6474,0.6548,2981777.7
2023-12-16 16:00:00+00:00,0.6548,0.6578,0.6337,0.6366,2743269.9
2023-12-16 20:00:00+00:00,0.6366,0.6403,0.6314,0.6381,1683216.4
2023-12-17 00:00:00+00:00,0.6381,0.6483,0.6303,0.6352,2953145.7
2023-12-17 04:00:00+00:00,0.6352,0.6412,0.6226,0.6246,2091050.6
2023-12-17 08:00:00+00:00,0.6246,0.6346,0.6219,0.6318,1010221.6
2023-12-17 12:00:00+00:00,0.6318,0.6516,0.6291,0.6478,4911336.4
2023-12-17 16:00:00+00:00,0.6478,0.6805,0.6443,0.6717,7973073.2
2023-12-17 20:00:00+00:00,0.6717,0.6767,0.6521,0.6586,3903206.7
2023-12-18 00:00:00+00:00,0.6586,0.6602,0.6182,0.6298,5707982.6
2023-12-18 04:00:00+00:00,0.6298,0.6301,0.6105,0.6125,2896887.7
2023-12-18 08:00:00+00:00,0.6125,0.6143,0.5742,0.595,10561611.3
2023-12-18 12:00:00+00:00,0.595,0.6097,0.587,0.6007,3826806.9
2023-12-18 16:00:00+00:00,0.6007,0.6101,0.5974,0.6042,2828180.4
2023-12-18 20:00:00+00:00,0.6042,0.6203,0.6,0.6197,3127955.1
2023-12-19 00:00:00+00:00,0.6197,0.6302,0.6144,0.6224,1470262.4
2023-12-19 04:00:00+00:00,0.6224,0.6235,0.6144,0.6181,1475522.4
2023-12-19 08:00:00+00:00,0.6181,0.6214,0.6055,0.6057,2624267.4
2023-12-19 12:00:00+00:00,0.6057,0.6079,0.5951,0.6038,2113501.7
2023-12-19 16:00:00+00:00,0.6038,0.6069,0.5635,0.5842,8626004.0
2023-12-19 20:00:00+00:00,0.5842,0.5923,0.5748,0.5794,6269259.8
2023-12-20 00:00:00+00:00,0.5794,0.587,0.5729,0.585,2081817.7
2023-12-20 04:00:00+00:00,0.585,0.5916,0.5807,0.5883,2405433.4
2023-12-20 08:00:00+00:00,0.5883,0.5901,0.5827,0.5891,1999471.3
2023-12-20 12:00:00+00:00,0.5891,0.5989,0.5846,0.5954,3511470.6
2023-12-20 16:00:00+00:00,0.5954,0.5965,0.5825,0.5835,3625632.7
2023-12-20 20:00:00+00:00,0.5835,0.5845,0.569,0.5823,8817799.5
2023-12-21 00:00:00+00:00,0.5823,0.5854,0.575,0.5804,2395875.1
2023-12-21 04:00:00+00:00,0.5804,0.5942,0.5798,0.5922,2381365.4
2023-12-21 08:00:00+00:00,0.5922,0.5977,0.5845,0.5951,3520438.6
2023-12-21 12:00:00+00:00,0.5951,0.5992,0.5801,0.5844,3722836.3
2023-12-21 16:00:00+00:00,0.5844,0.5919,0.581,0.5904,1520863.6
2023-12-21 20:00:00+00:00,0.5904,0.603,0.589,0.5988,2973344.0
2023-12-22 00:00:00+00:00,0.5988,0.6113,0.5979,0.604,3459826.1
2023-12-22 04:00:00+00:00,0.604,0.6144,0.5993,0.6066,7446530.6
2023-12-22 08:00:00+00:00,0.6066,0.6178,0.6037,0.6146,3095289.7
2023-12-22 12:00:00+00:00,0.6146,0.6218,0.6087,0.6147,3289526.6
2023-12-22 16:00:00+00:00,0.6147,0.6181,0.6012,0.6027,3136761.2
2023-12-22 20:00:00+00:00,0.6027,0.6181,0.6023,0.6172,4357234.3
2023-12-23 00:00:00+00:00,0.6172,0.6252,0.5941,0.5957,5693618.5
2023-12-23 04:00:00+00:00,0.5957,0.6047,0.5921,0.5975,2149205.1
2023-12-23 08:00:00+00:00,0.5975,0.605,0.5962,0.6023,1775967.9
2023-12-23 12:00:00+00:00,0.6023,0.6103,0.6011,0.6079,1484868.8
2023-12-23 16:00:00+00:00,0.6079,0.6247,0.6073,0.6225,2812847.8
2023-12-23 20:00:00+00:00,0.6225,0.626,0.6177,0.6188,1740358.7
2023-12-24 00:00:00+00:00,0.6188,0.629,0.6141,0.6217,1853309.0
2023-12-24 04:00:00+00:00,0.6217,0.6281,0.6057,0.6202,2752328.9
2023-12-24 08:00:00+00:00,0.6202,0.6259,0.6135,0.6223,1423932.5
2023-12-24 12:00:00+00:00,0.6223,0.6471,0.6217,0.6407,6094830.9
2023-12-24 16:00:00+00:00,0.6407,0.6444,0.6276,0.6356,3771554.2
2023-12-24 20:00:00+00:00,0.6356,0.6373,0.6044,0.6187,3902737.4
2023-12-25 00:00:00+00:00,0.6187,0.6326,0.6157,0.6313,1921691.7
2023-12-25 04:00:00+00:00,0.6313,0.6415,0.6295,0.6359,1590891.9
2023-12-25 08:00:00+00:00,0.6359,0.642,0.6277,0.6398,1498502.0
2023-12-25 12:00:00+00:00,0.6398,0.652,0.6352,0.6493,2853681.9
2023-12-25 16:00:00+00:00,0.6493,0.6499,0.6395,0.6425,2729585.4
2023-12-25 20:00:00+00:00,0.6425,0.6557,0.6357,0.6457,2018352.4
2023-12-26 00:00:00+00:00,0.6457,0.652,0.6398,0.644,1501428.0
2023-12-26 04:00:00+00:00,0.644,0.6536,0.6218,0.635,13126100.4
2023-12-26 08:00:00+00:00,0.635,0.659,0.6304,0.655,4676193.6
2023-12-26 12:00:00+00:00,0.655,0.6843,0.6511,0.6539,6956892.1
2023-12-26 16:00:00+00:00,0.6539,0.6637,0.5975,0.6186,14933496.0
2023-12-26 20:00:00+00:00,0.6186,0.6396,0.6171,0.6353,4469455.0
2023-12-27 00:00:00+00:00,0.6353,0.6383,0.6062,0.6105,2762975.9
2023-12-27 04:00:00+00:00,0.6105,0.6195,0.6094,0.614,6547203.5
2023-12-27 08:00:00+00:00,0.614,0.6401,0.6127,0.6377,2883218.8
2023-12-27 12:00:00+00:00,0.6377,0.6591,0.631,0.6546,4644866.9
2023-12-27 16:00:00+00:00,0.6546,0.6815,0.6537,0.6756,5807046.3
2023-12-27 20:00:00+00:00,0.6756,0.6827,0.6666,0.6736,2016287.5
2023-12-28 00:00:00+00:00,0.6736,0.6922,0.671,0.6767,3805502.2
2023-12-28 04:00:00+00:00,0.6767,0.6847,0.6623,0.6743,2758608.9
2023-12-28 08:00:00+00:00,0.6743,0.6813,0.6705,0.6721,2249019.9
2023-12-28 12:00:00+00:00,0.6721,0.6727,0.6432,0.6512,7166222.2
2023-12-28 16:00:00+00:00,0.6512,0.68,0.6479,0.6782,4307503.1
2023-12-28 20:00:00+00:00,0.6782,0.7104,0.6767,0.7017,6766325.5
2023-12-29 00:00:00+00:00,0.7017,0.7101,0.6764,0.6796,4914200.5
2023-12-29 04:00:00+00:00,0.6796,0.695,0.6713,0.6729,2131540.3
2023-12-29 08:00:00+00:00,0.6729,0.6841,0.6658,0.6711,2668671.3
2023-12-29 12:00:00+00:00,0.6711,0.6727,0.6432,0.6511,4032475.2
2023-12-29 16:00:00+00:00,0.6511,0.6537,0.625,0.6386,6139555.2
2023-12-29 20:00:00+00:00,0.6386,0.639,0.615,0.6286,3350290.1
2023-12-30 00:00:00+00:00,0.6286,0.6407,0.6259,0.633,2366067.6
2023-12-30 04:00:00+00:00,0.633,0.6439,0.6316,0.6352,1796269.7
2023-12-30 08:00:00+00:00,0.6352,0.6362,0.6246,0.631,2980275.2
2023-12-30 12:00:00+00:00,0.631,0.6393,0.6242,0.6316,2393076.2
2023-12-30 16:00:00+00:00,0.6316,0.635,0.6156,0.6226,5218257.1
2023-12-30 20:00:00+00:00,0.6226,0.6282,0.6192,0.6235,1417851.0
2023-12-31 00:00:00+00:00,0.6235,0.6301,0.6172,0.6217,1056449.6
2023-12-31 04:00:00+00:00,0.6217,0.6301,0.6192,0.6292,1417754.3
2023-12-31 08:00:00+00:00,0.6292,0.6369,0.625,0.6331,1626941.2
2023-12-31 12:00:00+00:00,0.6331,0.6365,0.6245,0.6305,1356344.1
2023-12-31 16:00:00+00:00,0.6305,0.6308,0.6255,0.6275,948742.1
2023-12-31 20:00:00+00:00,0.6275,0.6278,0.5856,0.6056,6633047.0
2024-01-01 00:00:00+00:00,0.6056,0.6144,0.5981,0.6015,2886499.2
2024-01-01 04:00:00+00:00,0.6015,0.6057,0.5934,0.6054,1292334.1
2024-01-01 08:00:00+00:00,0.6054,0.6109,0.6023,0.6099,1360774.0
2024-01-01 12:00:00+00:00,0.6099,0.6217,0.6084,0.6198,2133724.5
2024-01-01 16:00:00+00:00,0.6198,0.6279,0.6176,0.6268,1267368.6
2024-01-01 20:00:00+00:00,0.6268,0.6306,0.6233,0.6306,1043465.9
2024-01-02 00:00:00+00:00,0.6306,0.6438,0.6257,0.64,1996393.1
2024-01-02 04:00:00+00:00,0.64,0.6491,0.6359,0.6393,3645622.6
2024-01-02 08:00:00+00:00,0.6393,0.6475,0.6354,0.6414,1253911.1
2024-01-02 12:00:00+00:00,0.6414,0.642,0.6204,0.6257,2078508.9
2024-01-02 16:00:00+00:00,0.6257,0.6344,0.6197,0.6336,1343597.2
2024-01-02 20:00:00+00:00,0.6336,0.6356,0.6241,0.6294,1459670.5
2024-01-03 00:00:00+00:00,0.6294,0.6382,0.6278,0.6292,1285003.7
2024-01-03 04:00:00+00:00,0.6292,0.6393,0.6279,0.6303,1192933.7
2024-01-03 08:00:00+00:00,0.6303,0.6389,0.6032,0.6116,3141488.5
2024-01-03 12:00:00+00:00,0.6116,0.6118,0.462,0.5623,21338578.5
2024-01-03 16:00:00+00:00,0.5623,0.5737,0.5448,0.5539,3561176.3
2024-01-03 20:00:00+00:00,0.5539,0.5987,0.5523,0.5782,6225779.0
2024-01-04 00:00:00+00:00,0.5782,0.5849,0.5671,0.5807,1839667.7
2024-01-04 04:00:00+00:00,0.5807,0.5952,0.5783,0.5882,1666300.3
2024-01-04 08:00:00+00:00,0.5882,0.595,0.5794,0.5924,3081136.6
2024-01-04 12:00:00+00:00,0.5924,0.5941,0.5817,0.5902,1683183.1
2024-01-04 16:00:00+00:00,0.5902,0.591,0.5798,0.5833,1836006.8
2024-01-04 20:00:00+00:00,0.5833,0.5906,0.5806,0.5827,1582585.2
2024-01-05 00:00:00+00:00,0.5827,0.5923,0.5584,0.5736,3932040.3
2024-01-05 04:00:00+00:00,0.5736,0.5819,0.5702,0.5775,1183671.6
2024-01-05 08:00:00+00:00,0.5775,0.5854,0.5624,0.5651,2369752.1
2024-01-05 12:00:00+00:00,0.5651,0.5733,0.5531,0.5617,3560086.3
2024-01-05 16:00:00+00:00,0.5617,0.5676,0.5494,0.5605,2073479.5
2024-01-05 20:00:00+00:00,0.5605,0.5759,0.5602,0.5758,1109719.3
2024-01-06 00:00:00+00:00,0.5758,0.5758,0.5605,0.5657,1102806.8
2024-01-06 04:00:00+00:00,0.5657,0.5663,0.5281,0.5409,3297649.2
2024-01-06 08:00:00+00:00,0.5409,0.5465,0.5357,0.5411,1374314.8
2024-01-06 12:00:00+00:00,0.5411,0.5497,0.5353,0.5473,1668896.5
2024-01-06 16:00:00+00:00,0.5473,0.5516,0.5431,0.5459,993497.7
2024-01-06 20:00:00+00:00,0.5459,0.5489,0.5358,0.5448,1188324.4
2024-01-07 00:00:00+00:00,0.5448,0.55,0.5411,0.5474,1137113.0
2024-01-07 04:00:00+00:00,0.5474,0.5547,0.5469,0.5514,957428.3
2024-01-07 08:00:00+00:00,0.5514,0.5531,0.538,0.5407,1662494.1
2024-01-07 12:00:00+00:00,0.5407,0.5485,0.5253,0.5308,2172877.8
2024-01-07 16:00:00+00:00,0.5308,0.5337,0.5218,0.5319,1561409.5
2024-01-07 20:00:00+00:00,0.5319,0.5339,0.5092,0.5172,2784829.1
2024-01-08 00:00:00+00:00,0.5172,0.5198,0.487,0.5015,4196690.4
2024-01-08 04:00:00+00:00,0.5015,0.5185,0.4998,0.5137,1969855.8
2024-01-08 08:00:00+00:00,0.5137,0.5241,0.5107,0.5237,1661786.8
2024-01-08 12:00:00+00:00,0.5237,0.534,0.5233,0.5308,2163285.7
2024-01-08 16:00:00+00:00,0.5308,0.5511,0.528,0.5496,3641370.3
2024-01-08 20:00:00+00:00,0.5496,0.5516,0.5447,0.5488,2156592.7
2024-01-09 00:00:00+00:00,0.5488,0.5503,0.5358,0.5382,1453177.3
2024-01-09 04:00:00+00:00,0.5382,0.5442,0.5315,0.5318,1080869.8
2024-01-09 08:00:00+00:00,0.5318,0.5332,0.5205,0.5232,1841718.0
2024-01-09 12:00:00+00:00,0.5232,0.5251,0.5013,0.508,4477637.3
2024-01-09 16:00:00+00:00,0.508,0.5093,0.4983,0.5042,1750205.0
2024-01-09 20:00:00+00:00,0.5042,0.5216,0.4943,0.5214,5272069.3
2024-01-10 00:00:00+00:00,0.5214,0.5302,0.5179,0.5253,1665654.8
2024-01-10 04:00:00+00:00,0.5253,0.5326,0.5222,0.5261,1303118.2
2024-01-10 08:00:00+00:00,0.5261,0.5418,0.5216,0.5337,2779181.9
2024-01-10 12:00:00+00:00,0.5337,0.5342,0.51,0.5284,3858379.7
2024-01-10 16:00:00+00:00,0.5284,0.5351,0.5139,0.5331,2410349.9
2024-01-10 20:00:00+00:00,0.5331,0.5779,0.5195,0.5652,5613383.4
2024-01-11 00:00:00+00:00,0.5652,0.5795,0.5603,0.5789,3183540.7
2024-01-11 04:00:00+00:00,0.5789,0.5838,0.5619,0.5721,1894747.1
2024-01-11 08:00:00+00:00,0.5721,0.5883,0.5716,0.5861,3427359.4
2024-01-11 12:00:00+00:00,0.5861,0.5943,0.5626,0.5684,7498833.3
2024-01-11 16:00:00+00:00,0.5684,0.5817,0.5564,0.5814,3099831.3
2024-01-11 20:00:00+00:00,0.5814,0.5873,0.5739,0.5845,1771292.0
2024-01-12 00:00:00+00:00,0.5845,0.5871,0.5725,0.5808,1605842.0
2024-01-12 04:00:00+00:00,0.5808,0.5957,0.5795,0.5838,1815450.3
2024-01-12 08:00:00+00:00,0.5838,0.5931,0.5763,0.5913,4920346.4
2024-01-12 12:00:00+00:00,0.5913,0.6044,0.5773,0.5808,4880057.6
2024-01-12 16:00:00+00:00,0.5808,0.5899,0.5514,0.5646,5337183.9
2024-01-12 20:00:00+00:00,0.5646,0.5699,0.5288,0.5513,5789337.4
2024-01-13 00:00:00+00:00,0.5513,0.5543,0.5323,0.5465,2029807.4
2024-01-13 04:00:00+00:00,0.5465,0.5551,0.5449,0.5509,1024424.8
2024-01-13 08:00:00+00:00,0.5509,0.5541,0.5456,0.5511,1349302.4
2024-01-13 12:00:00+00:00,0.5511,0.5568,0.5482,0.5558,1113323.6
2024-01-13 16:00:00+00:00,0.5558,0.5584,0.5499,0.5571,1062396.3
2024-01-13 20:00:00+00:00,0.5571,0.5658,0.5554,0.5597,1644959.3
2024-01-14 00:00:00+00:00,0.5597,0.5602,0.5507,0.5513,734519.3
2024-01-14 04:00:00+00:00,0.5513,0.5566,0.5476,0.5552,757929.3
2024-01-14 08:00:00+00:00,0.5552,0.5578,0.5512,0.5526,621129.7
2024-01-14 12:00:00+00:00,0.5526,0.5557,0.5491,0.5523,854572.7
2024-01-14 16:00:00+00:00,0.5523,0.5532,0.5373,0.5385,1038171.8
2024-01-14 20:00:00+00:00,0.5385,0.5471,0.5306,0.5319,1567108.0
2024-01-15 00:00:00+00:00,0.5319,0.5468,0.5318,0.5437,921351.4
2024-01-15 04:00:00+00:00,0.5437,0.548,0.5407,0.5432,812447.7
2024-01-15 08:00:00+00:00,0.5432,0.5479,0.5405,0.5456,894280.1
2024-01-15 12:00:00+00:00,0.5456,0.5478,0.5338,0.5356,1963758.1
2024-01-15 16:00:00+00:00,0.5356,0.5495,0.535,0.5456,916690.6
2024-01-15 20:00:00+00:00,0.5456,0.5479,0.5346,0.54,1039199.1
2024-01-16 00:00:00+00:00,0.54,0.5536,0.5399,0.5515,1131262.5
2024-01-16 04:00:00+00:00,0.5515,0.5549,0.5476,0.5527,690047.0
2024-01-16 08:00:00+00:00,0.5527,0.5567,0.549,0.5522,861945.3
2024-01-16 12:00:00+00:00,0.5522,0.5542,0.5363,0.5475,1964455.8
2024-01-16 16:00:00+00:00,0.5475,0.5506,0.5436,0.5487,621577.9
2024-01-16 20:00:00+00:00,0.5487,0.5559,0.5484,0.5512,776599.1
2024-01-17 00:00:00+00:00,0.5512,0.5538,0.5463,0.5469,864217.7
2024-01-17 04:00:00+00:00,0.5469,0.5476,0.5349,0.5364,1473403.6
2024-01-17 08:00:00+00:00,0.5364,0.5497,0.5343,0.5489,2017930.7
2024-01-17 12:00:00+00:00,0.5489,0.5514,0.5403,0.5438,1895592.2
2024-01-17 16:00:00+00:00,0.5438,0.55,0.5388,0.5442,894624.3
2024-01-17 20:00:00+00:00,0.5442,0.5486,0.538,0.5416,731011.3
2024-01-18 00:00:00+00:00,0.5416,0.5515,0.5397,0.5431,1598952.6
2024-01-18 04:00:00+00:00,0.5431,0.5496,0.539,0.5467,1170472.9
2024-01-18 08:00:00+00:00,0.5467,0.5484,0.5362,0.5416,1094227.0
2024-01-18 12:00:00+00:00,0.5416,0.5416,0.5302,0.5347,1150886.3
2024-01-18 16:00:00+00:00,0.5347,0.5348,0.5002,0.5042,3673749.4
2024-01-18 20:00:00+00:00,0.5042,0.513,0.5036,0.5104,1179222.8
2024-01-19 00:00:00+00:00,0.5104,0.5122,0.4992,0.5082,1109466.3
2024-01-19 04:00:00+00:00,0.5082,0.5165,0.5067,0.5121,755398.0
2024-01-19 08:00:00+00:00,0.5121,0.5198,0.5095,0.5175,1108781.5
2024-01-19 12:00:00+00:00,0.5175,0.5195,0.5064,0.5083,1458453.8
2024-01-19 16:00:00+00:00,0.5083,0.5259,0.4936,0.5235,4718093.9
2024-01-19 20:00:00+00:00,0.5235,0.5313,0.5177,0.5312,1439542.6
2024-01-20 00:00:00+00:00,0.5312,0.5334,0.5213,0.5293,974651.8
2024-01-20 04:00:00+00:00,0.5293,0.5355,0.5262,0.5305,679126.1
2024-01-20 08:00:00+00:00,0.5305,0.5344,0.5247,0.5286,943134.1
2024-01-20 12:00:00+00:00,0.5286,0.5298,0.5225,0.5243,782061.5
2024-01-20 16:00:00+00:00,0.5243,0.5279,0.5218,0.5227,615990.4
2024-01-20 20:00:00+00:00,0.5227,0.5283,0.5216,0.5277,563370.7
2024-01-21 00:00:00+00:00,0.5277,0.5326,0.5238,0.5306,758496.1
2024-01-21 04:00:00+00:00,0.5306,0.5307,0.5253,0.5293,546554.2
2024-01-21 08:00:00+00:00,0.5293,0.5371,0.5278,0.532,1352649.8
2024-01-21 12:00:00+00:00,0.532,0.5415,0.5317,0.5402,1092957.8
2024-01-21 16:00:00+00:00,0.5402,0.543,0.5368,0.5399,979769.6
2024-01-21 20:00:00+00:00,0.5399,0.5413,0.5325,0.5356,947015.8
2024-01-22 00:00:00+00:00,0.5356,0.5375,0.5195,0.5246,1431901.5
2024-01-22 04:00:00+00:00,0.5246,0.5311,0.5163,0.5257,1068650.3
2024-01-22 08:00:00+00:00,0.5257,0.5258,0.5044,0.5093,2374339.4
2024-01-22 12:00:00+00:00,0.5093,0.5135,0.498,0.5055,2235428.4
2024-01-22 16:00:00+00:00,0.5055,0.5083,0.4905,0.5,2472496.1
2024-01-22 20:00:00+00:00,0.5,0.5083,0.497,0.4999,1125501.6
2024-01-23 00:00:00+00:00,0.4999,0.5088,0.4975,0.5072,845817.2
2024-01-23 04:00:00+00:00,0.5072,0.5091,0.4974,0.4989,724633.7
2024-01-23 08:00:00+00:00,0.4989,0.5003,0.4681,0.4757,4949156.3
2024-01-23 12:00:00+00:00,0.4757,0.4782,0.4597,0.4714,3369245.6
2024-01-23 16:00:00+00:00,0.4714,0.4723,0.4581,0.4583,2611884.8
2024-01-23 20:00:00+00:00,0.4583,0.4701,0.4578,0.4689,2574648.2
2024-01-24 00:00:00+00:00,0.4689,0.4714,0.4606,0.4612,1655213.1
2024-01-24 04:00:00+00:00,0.4612,0.4695,0.4602,0.4662,1360288.0
2024-01-24 08:00:00+00:00,0.4662,0.4731,0.4613,0.4658,3400662.0
2024-01-24 12:00:00+00:00,0.4658,0.4673,0.4333,0.4458,18956752.8
2024-01-24 16:00:00+00:00,0.4458,0.4485,0.4379,0.44,7764913.0
2024-01-24 20:00:00+00:00,0.44,0.4488,0.4353,0.4476,4737188.7
2024-01-25 00:00:00+00:00,0.4476,0.4485,0.4378,0.4418,4065123.8
2024-01-25 04:00:00+00:00,0.4418,0.4431,0.4308,0.4399,5042349.3
2024-01-25 08:00:00+00:00,0.4399,0.4531,0.4376,0.4442,6092253.7
2024-01-25 12:00:00+00:00,0.4442,0.4468,0.4383,0.4414,4346103.5
2024-01-25 16:00:00+00:00,0.4414,0.4525,0.4384,0.4502,3653349.1
2024-01-25 20:00:00+00:00,0.4502,0.4546,0.4491,0.4527,2235033.0
2024-01-26 00:00:00+00:00,0.4527,0.4643,0.4457,0.4632,5669058.0
2024-01-26 04:00:00+00:00,0.4632,0.4657,0.4544,0.4556,2653592.9
2024-01-26 08:00:00+00:00,0.4556,0.4673,0.4551,0.4632,3534542.8
2024-01-26 12:00:00+00:00,0.4632,0.4645,0.4557,0.4608,3223418.3
2024-01-26 16:00:00+00:00,0.4608,0.4651,0.4561,0.4589,3738013.1
2024-01-26 20:00:00+00:00,0.4589,0.4635,0.4552,0.4623,1917284.5
2024-01-27 00:00:00+00:00,0.4623,0.4668,0.46,0.4661,1367679.4
2024-01-27 04:00:00+00:00,0.4661,0.4674,0.4568,0.4601,1673260.9
2024-01-27 08:00:00+00:00,0.4601,0.4715,0.4588,0.4674,4331029.5
2024-01-27 12:00:00+00:00,0.4674,0.4768,0.4657,0.4726,2614970.2
2024-01-27 16:00:00+00:00,0.4726,0.4779,0.4709,0.4774,2342356.2
2024-01-27 20:00:00+00:00,0.4774,0.483,0.4761,0.4782,1595044.2
2024-01-28 00:00:00+00:00,0.4782,0.4807,0.4736,0.4768,1722416.1
2024-01-28 04:00:00+00:00,0.4768,0.4781,0.4692,0.4694,1769798.1
2024-01-28 08:00:00+00:00,0.4694,0.4746,0.4656,0.4703,1840326.7
2024-01-28 12:00:00+00:00,0.4703,0.4713,0.4644,0.4683,2351960.3
2024-01-28 16:00:00+00:00,0.4683,0.4705,0.4632,0.4669,2310222.2
2024-01-28 20:00:00+00:00,0.4669,0.4721,0.4606,0.4683,1951101.0
2024-01-29 00:00:00+00:00,0.4683,0.4749,0.4664,0.469,1408944.5
2024-01-29 04:00:00+00:00,0.469,0.4697,0.4636,0.4643,1211797.4
2024-01-29 08:00:00+00:00,0.4643,0.4707,0.4623,0.4684,1912099.4
2024-01-29 12:00:00+00:00,0.4684,0.4703,0.4567,0.4688,3014755.4
2024-01-29 16:00:00+00:00,0.4688,0.4817,0.4664,0.4789,3401513.2
2024-01-29 20:00:00+00:00,0.4789,0.4824,0.4773,0.4803,1492779.7
2024-01-30 00:00:00+00:00,0.4803,0.485,0.4755,0.4785,2650603.9
2024-01-30 04:00:00+00:00,0.4785,0.4861,0.4781,0.4844,1832837.4
2024-01-30 08:00:00+00:00,0.4844,0.4891,0.4811,0.4815,2538551.6
2024-01-30 12:00:00+00:00,0.4815,0.4854,0.4712,0.485,5481265.9
2024-01-30 16:00:00+00:00,0.485,0.4883,0.4816,0.4852,4060770.4
2024-01-30 20:00:00+00:00,0.4852,0.4862,0.4748,0.4776,3267711.3
2024-01-31 00:00:00+00:00,0.4776,0.4824,0.4686,0.4795,4525078.5
2024-01-31 04:00:00+00:00,0.4795,0.4837,0.4754,0.4795,1767884.3
2024-01-31 08:00:00+00:00,0.4795,0.4804,0.4594,0.4663,4419044.5
2024-01-31 12:00:00+00:00,0.4663,0.4674,0.4511,0.4607,5711374.1
2024-01-31 16:00:00+00:00,0.4607,0.4638,0.4555,0.4597,3031559.9
2024-01-31 20:00:00+00:00,0.4597,0.461,0.4503,0.4544,3047516.4
2024-02-01 00:00:00+00:00,0.4544,0.4684,0.445,0.4456,9442991.6
2024-02-01 04:00:00+00:00,0.4456,0.4479,0.4372,0.4399,4912216.4
2024-02-01 08:00:00+00:00,0.4399,0.4447,0.4366,0.4408,4218941.2
2024-02-01 12:00:00+00:00,0.4408,0.4511,0.4397,0.4453,3569633.0
2024-02-01 16:00:00+00:00,0.4453,0.4502,0.4407,0.4458,3109366.2
2024-02-01 20:00:00+00:00,0.4458,0.4469,0.4433,0.4459,1564993.0
2024-02-02 00:00:00+00:00,0.4459,0.4492,0.4425,0.4435,1795100.0
2024-02-02 04:00:00+00:00,0.4435,0.4493,0.4425,0.448,1689410.2
2024-02-02 08:00:00+00:00,0.448,0.4489,0.4415,0.4471,1875490.8
2024-02-02 12:00:00+00:00,0.4471,0.4574,0.444,0.4566,2918933.9
2024-02-02 16:00:00+00:00,0.4566,0.4595,0.4532,0.4585,1654246.5
2024-02-02 20:00:00+00:00,0.4585,0.4638,0.4566,0.4621,1289799.9
2024-02-03 00:00:00+00:00,0.4621,0.4646,0.4562,0.4578,1696740.5
2024-02-03 04:00:00+00:00,0.4578,0.4609,0.4548,0.4554,1002921.8
2024-02-03 08:00:00+00:00,0.4554,0.4609,0.4554,0.4586,1232976.5
2024-02-03 12:00:00+00:00,0.4586,0.4684,0.4572,0.4664,4582696.9
2024-02-03 16:00:00+00:00,0.4664,0.5005,0.4661,0.485,12696153.3
2024-02-03 20:00:00+00:00,0.485,0.4868,0.4764,0.4766,3121649.9
2024-02-04 00:00:00+00:00,0.4766,0.4767,0.4608,0.4625,3933169.5
2024-02-04 04:00:00+00:00,0.4625,0.4626,0.4456,0.4494,6204342.7
2024-02-04 08:00:00+00:00,0.4494,0.4551,0.4452,0.452,3113647.5
2024-02-04 12:00:00+00:00,0.452,0.4548,0.4499,0.4518,3103692.8
2024-02-04 16:00:00+00:00,0.4518,0.4564,0.4483,0.4534,3525537.7
2024-02-04 20:00:00+00:00,0.4534,0.4637,0.4504,0.4525,3544734.3
2024-02-05 00:00:00+00:00,0.4525,0.4593,0.446,0.4586,3053151.1
2024-02-05 04:00:00+00:00,0.4586,0.4668,0.4569,0.4657,2208085.7
2024-02-05 08:00:00+00:00,0.4657,0.4729,0.4638,0.4687,3002883.9
2024-02-05 12:00:00+00:00,0.4687,0.476,0.4625,0.4642,3104794.7
2024-02-05 16:00:00+00:00,0.4642,0.4734,0.4609,0.4702,2605918.8
2024-02-05 20:00:00+00:00,0.4702,0.4721,0.4631,0.4691,2249005.1
2024-02-06 00:00:00+00:00,0.4691,0.4731,0.4667,0.4726,1496800.0
2024-02-06 04:00:00+00:00,0.4726,0.4751,0.4686,0.4727,1827717.6
2024-02-06 08:00:00+00:00,0.4727,0.4805,0.4677,0.4741,3307525.2
2024-02-06 12:00:00+00:00,0.4741,0.4759,0.4681,0.4735,3008524.7
2024-02-06 16:00:00+00:00,0.4735,0.4764,0.4689,0.4739,2515186.3
2024-02-06 20:00:00+00:00,0.4739,0.4753,0.4655,0.4663,1716090.3
2024-02-07 00:00:00+00:00,0.4663,0.4742,0.4657,0.472,1803264.7
2024-02-07 04:00:00+00:00,0.472,0.4813,0.4673,0.4789,2853426.2
2024-02-07 08:00:00+00:00,0.4789,0.4831,0.4742,0.4743,2415318.7
2024-02-07 12:00:00+00:00,0.4743,0.4862,0.4736,0.4795,2528631.5
2024-02-07 16:00:00+00:00,0.4795,0.4862,0.4792,0.4833,2167697.9
2024-02-07 20:00:00+00:00,0.4833,0.4945,0.4816,0.4849,3163852.8
2024-02-08 00:00:00+00:00,0.4849,0.489,0.4836,0.4851,1576606.1
2024-02-08 04:00:00+00:00,0.4851,0.4854,0.4796,0.4823,988652.2
2024-02-08 08:00:00+00:00,0.4823,0.4875,0.4808,0.4826,1669969.2
2024-02-08 12:00:00+00:00,0.4826,0.489,0.4779,0.4867,3323119.3
2024-02-08 16:00:00+00:00,0.4867,0.4874,0.4756,0.4801,2459612.9
2024-02-08 20:00:00+00:00,0.4801,0.4829,0.479,0.4802,1105054.1
2024-02-09 00:00:00+00:00,0.4802,0.4934,0.4796,0.4882,1815741.9
2024-02-09 04:00:00+00:00,0.4882,0.4952,0.4876,0.491,1906410.8
2024-02-09 08:00:00+00:00,0.491,0.4948,0.4864,0.4899,1972725.8
2024-02-09 12:00:00+00:00,0.4899,0.4972,0.4845,0.4913,4017623.5
2024-02-09 16:00:00+00:00,0.4913,0.4974,0.4898,0.4973,2108564.0
2024-02-09 20:00:00+00:00,0.4973,0.5047,0.4972,0.5021,2178169.5
2024-02-10 00:00:00+00:00,0.5021,0.5068,0.4999,0.5064,1345223.2
2024-02-10 04:00:00+00:00,0.5064,0.508,0.5019,0.5029,1224301.4
2024-02-10 08:00:00+00:00,0.5029,0.5037,0.4887,0.4935,3104134.1
2024-02-10 12:00:00+00:00,0.4935,0.4983,0.4885,0.4965,1646289.0
2024-02-10 16:00:00+00:00,0.4965,0.4978,0.4939,0.4953,1407620.5
2024-02-10 20:00:00+00:00,0.4953,0.501,0.4928,0.4934,1588191.8
2024-02-11 00:00:00+00:00,0.4934,0.5013,0.4931,0.5006,1330745.5
2024-02-11 04:00:00+00:00,0.5006,0.5035,0.4985,0.5022,1851447.9
2024-02-11 08:00:00+00:00,0.5022,0.5055,0.5005,0.5041,1284469.3
2024-02-11 12:00:00+00:00,0.5041,0.5058,0.4978,0.5005,1880165.5
2024-02-11 16:00:00+00:00,0.5005,0.5019,0.4967,0.497,1148116.5
2024-02-11 20:00:00+00:00,0.497,0.498,0.4887,0.4907,2339949.2
2024-02-12 00:00:00+00:00,0.4907,0.4991,0.4868,0.4944,2219747.1
2024-02-12 04:00:00+00:00,0.4944,0.5019,0.4901,0.5016,1666205.4
2024-02-12 08:00:00+00:00,0.5016,0.5024,0.4868,0.4935,2523920.4
2024-02-12 12:00:00+00:00,0.4935,0.5076,0.4929,0.505,2279716.3
2024-02-12 16:00:00+00:00,0.505,0.5361,0.5031,0.525,5985699.4
2024-02-12 20:00:00+00:00,0.525,0.5301,0.5184,0.5206,2470026.1
2024-02-13 00:00:00+00:00,0.5206,0.5224,0.5127,0.5139,1827776.7
2024-02-13 04:00:00+00:00,0.5139,0.5203,0.5138,0.5171,985325.1
2024-02-13 08:00:00+00:00,0.5171,0.5191,0.5121,0.5165,2176776.8
2024-02-13 12:00:00+00:00,0.5165,0.5175,0.499,0.5099,7627476.0
2024-02-13 16:00:00+00:00,0.5099,0.5152,0.5054,0.5116,2086314.2
2024-02-13 20:00:00+00:00,0.5116,0.5157,0.5089,0.511,1727116.4
2024-02-14 00:00:00+00:00,0.511,0.5159,0.5073,0.5155,1074022.8
2024-02-14 04:00:00+00:00,0.5155,0.5177,0.5135,0.5176,1011386.1
2024-02-14 08:00:00+00:00,0.5176,0.5257,0.516,0.5242,2176274.8
2024-02-14 12:00:00+00:00,0.5242,0.5293,0.5169,0.5255,2899567.6
2024-02-14 16:00:00+00:00,0.5255,0.5261,0.5178,0.5243,1739700.5
2024-02-14 20:00:00+00:00,0.5243,0.5264,0.5215,0.5243,1082453.9
2024-02-15 00:00:00+00:00,0.5243,0.5334,0.5241,0.5315,3284328.6
2024-02-15 04:00:00+00:00,0.5315,0.5325,0.5218,0.5304,1965505.2
2024-02-15 08:00:00+00:00,0.5304,0.5327,0.5254,0.5268,1636776.1
2024-02-15 12:00:00+00:00,0.5268,0.5377,0.5238,0.5317,4153051.8
2024-02-15 16:00:00+00:00,0.5317,0.5393,0.5261,0.5379,3368622.2
2024-02-15 20:00:00+00:00,0.5379,0.5431,0.5325,0.5421,3289612.6
2024-02-16 00:00:00+00:00,0.5421,0.5516,0.5376,0.549,2389873.7
2024-02-16 04:00:00+00:00,0.549,0.5548,0.5447,0.5454,2128885.6
2024-02-16 08:00:00+00:00,0.5454,0.5509,0.5372,0.5475,3224644.2
2024-02-16 12:00:00+00:00,0.5475,0.549,0.5233,0.5327,4702989.4
2024-02-16 16:00:00+00:00,0.5327,0.5362,0.5279,0.5315,2494209.7
2024-02-16 20:00:00+00:00,0.5315,0.5429,0.5308,0.5425,1363108.0
2024-02-17 00:00:00+00:00,0.5425,0.5438,0.5297,0.5351,3342232.2
2024-02-17 04:00:00+00:00,0.5351,0.5369,0.5317,0.5365,959159.0
2024-02-17 08:00:00+00:00,0.5365,0.5367,0.5218,0.5273,2525240.1
2024-02-17 12:00:00+00:00,0.5273,0.5293,0.5104,0.5204,4117950.2
2024-02-17 16:00:00+00:00,0.5204,0.5223,0.5189,0.5207,1770701.6
2024-02-17 20:00:00+00:00,0.5207,0.5288,0.52,0.5285,1369294.0
2024-02-18 00:00:00+00:00,0.5285,0.5345,0.5206,0.5244,2301553.5
2024-02-18 04:00:00+00:00,0.5244,0.5328,0.5236,0.5303,1639056.8
2024-02-18 08:00:00+00:00,0.5303,0.536,0.5278,0.5346,1673814.1
2024-02-18 12:00:00+00:00,0.5346,0.5359,0.5293,0.5345,1940361.0
2024-02-18 16:00:00+00:00,0.5345,0.537,0.5306,0.5333,2210056.8
2024-02-18 20:00:00+00:00,0.5333,0.5429,0.5294,0.5391,2697806.0
2024-02-19 00:00:00+00:00,0.5391,0.555,0.5369,0.5531,4416492.1
2024-02-19 04:00:00+00:00,0.5531,0.5598,0.5484,0.5588,3266138.2
2024-02-19 08:00:00+00:00,0.5588,0.559,0.5436,0.5502,3697949.3
2024-02-19 12:00:00+00:00,0.5502,0.5679,0.5475,0.5585,7598511.0
2024-02-19 16:00:00+00:00,0.5585,0.5609,0.5516,0.5583,3945130.7
2024-02-19 20:00:00+00:00,0.5583,0.5669,0.5565,0.5636,2696754.0
2024-02-20 00:00:00+00:00,0.5636,0.5677,0.5489,0.5563,4210218.5
2024-02-20 04:00:00+00:00,0.5563,0.5683,0.5535,0.5619,2825532.6
2024-02-20 08:00:00+00:00,0.5619,0.5704,0.5494,0.5697,4699100.5
2024-02-20 12:00:00+00:00,0.5697,0.5787,0.5266,0.5426,13890275.9
2024-02-20 16:00:00+00:00,0.5426,0.5525,0.5325,0.5524,5126210.8
2024-02-20 20:00:00+00:00,0.5524,0.5638,0.5508,0.5593,2067737.9
2024-02-21 00:00:00+00:00,0.5593,0.5609,0.5493,0.5521,2281807.2
2024-02-21 04:00:00+00:00,0.5521,0.5537,0.5312,0.5338,3021886.6
2024-02-21 08:00:00+00:00,0.5338,0.5366,0.5159,0.5232,5272766.7
2024-02-21 12:00:00+00:00,0.5232,0.5292,0.5125,0.5215,6775134.1
2024-02-21 16:00:00+00:00,0.5215,0.5287,0.5137,0.5263,4285169.5
2024-02-21 20:00:00+00:00,0.5263,0.5496,0.5244,0.5493,3379274.8
2024-02-22 00:00:00+00:00,0.5493,0.5514,0.5357,0.5384,3650054.7
2024-02-22 04:00:00+00:00,0.5384,0.5537,0.5352,0.5521,2216964.1
2024-02-22 08:00:00+00:00,0.5521,0.5632,0.549,0.5549,4864751.2
2024-02-22 12:00:00+00:00,0.5549,0.561,0.5457,0.5579,4109896.6
2024-02-22 16:00:00+00:00,0.5579,0.5594,0.5538,0.5569,2245051.7
2024-02-22 20:00:00+00:00,0.5569,0.5631,0.5489,0.5515,2903222.6
2024-02-23 00:00:00+00:00,0.5515,0.5596,0.5437,0.5488,3623399.1
2024-02-23 04:00:00+00:00,0.5488,0.56,0.5435,0.5544,3678494.0
2024-02-23 08:00:00+00:00,0.5544,0.5592,0.5483,0.5538,3847155.3
2024-02-23 12:00:00+00:00,0.5538,0.6202,0.5434,0.5884,25158134.9
2024-02-23 16:00:00+00:00,0.5884,0.5914,0.5691,0.5909,13653120.2
2024-02-23 20:00:00+00:00,0.5909,0.5961,0.5779,0.5924,5549914.5
2024-02-24 00:00:00+00:00,0.5924,0.6176,0.5845,0.6167,8870882.4
2024-02-24 04:00:00+00:00,0.6167,0.6374,0.6097,0.6366,11082660.5
2024-02-24 08:00:00+00:00,0.6366,0.6512,0.6169,0.62,15070026.9
2024-02-24 12:00:00+00:00,0.62,0.623,0.5947,0.5965,8860255.1
2024-02-24 16:00:00+00:00,0.5965,0.6048,0.5961,0.6016,4684882.2
2024-02-24 20:00:00+00:00,0.6016,0.6038,0.5974,0.6008,3514442.0
2024-02-25 00:00:00+00:00,0.6008,0.6038,0.5866,0.5918,5438932.6
2024-02-25 04:00:00+00:00,0.5918,0.6001,0.5866,0.5994,3499667.1
2024-02-25 08:00:00+00:00,0.5994,0.607,0.5965,0.6018,3478868.4
2024-02-25 12:00:00+00:00,0.6018,0.61,0.5951,0.5967,4898270.0
2024-02-25 16:00:00+00:00,0.5967,0.607,0.5934,0.6045,2888379.5
2024-02-25 20:00:00+00:00,0.6045,0.611,0.5962,0.5992,4098202.9
2024-02-26 00:00:00+00:00,0.5992,0.6025,0.5888,0.5952,4277297.1
2024-02-26 04:00:00+00:00,0.5952,0.5953,0.5797,0.5815,3457340.9
2024-02-26 08:00:00+00:00,0.5815,0.5861,0.5709,0.5793,5470767.8
2024-02-26 12:00:00+00:00,0.5793,0.5965,0.5749,0.5959,4304933.9
2024-02-26 16:00:00+00:00,0.5959,0.6026,0.5902,0.597,4601875.9
2024-02-26 20:00:00+00:00,0.597,0.6052,0.593,0.5981,2866282.7
2024-02-27 00:00:00+00:00,0.5981,0.6104,0.5952,0.5977,4075177.0
2024-02-27 04:00:00+00:00,0.5977,0.6105,0.5935,0.5973,4171024.4
2024-02-27 08:00:00+00:00,0.5973,0.6038,0.5956,0.6012,2889176.8
2024-02-27 12:00:00+00:00,0.6012,0.6016,0.5752,0.5794,6506390.8
2024-02-27 16:00:00+00:00,0.5794,0.5945,0.5704,0.5908,4699921.0
2024-02-27 20:00:00+00:00,0.5908,0.5996,0.5877,0.5942,2293413.3
2024-02-28 00:00:00+00:00,0.5942,0.6142,0.5926,0.6072,3653959.8
2024-02-28 04:00:00+00:00,0.6072,0.6153,0.6,0.6081,3389065.3
2024-02-28 08:00:00+00:00,0.6081,0.6243,0.5963,0.6067,7626518.0
2024-02-28 12:00:00+00:00,0.6067,0.6198,0.6037,0.6119,6647691.7
2024-02-28 16:00:00+00:00,0.6119,0.6336,0.5247,0.5812,22418968.8
2024-02-28 20:00:00+00:00,0.5812,0.6005,0.577,0.599,3438708.7
2024-02-29 00:00:00+00:00,0.599,0.6295,0.5907,0.6278,6245539.9
2024-02-29 04:00:00+00:00,0.6278,0.6422,0.6163,0.6375,7396924.9
2024-02-29 08:00:00+00:00,0.6375,0.6555,0.6306,0.6317,12928996.2
2024-02-29 12:00:00+00:00,0.6317,0.6374,0.6235,0.6306,7657868.6
2024-02-29 16:00:00+00:00,0.6306,0.645,0.6224,0.6267,11492646.6
2024-02-29 20:00:00+00:00,0.6267,0.6276,0.578,0.5995,11409159.5
2024-03-01 00:00:00+00:00,0.5995,0.6217,0.5994,0.6093,5767737.3
2024-03-01 04:00:00+00:00,0.6093,0.6161,0.6026,0.6046,3486207.5
2024-03-01 08:00:00+00:00,0.6046,0.6196,0.6014,0.6188,3718121.9
2024-03-01 12:00:00+00:00,0.6188,0.6191,0.5985,0.603,5203500.6
2024-03-01 16:00:00+00:00,0.603,0.6161,0.5987,0.6154,3070700.2
2024-03-01 20:00:00+00:00,0.6154,0.6616,0.6138,0.6535,12102762.6
2024-03-02 00:00:00+00:00,0.6535,0.6703,0.6389,0.6694,5900299.3
2024-03-02 04:00:00+00:00,0.6694,0.6768,0.6484,0.6691,6617731.0
2024-03-02 08:00:00+00:00,0.6691,0.6729,0.653,0.6658,4688681.9
2024-03-02 12:00:00+00:00,0.6658,0.6735,0.6536,0.6672,5811656.7
2024-03-02 16:00:00+00:00,0.6672,0.6741,0.6606,0.6718,3248276.8
2024-03-02 20:00:00+00:00,0.6718,0.6917,0.6633,0.6905,4997390.2
2024-03-03 00:00:00+00:00,0.6905,0.6977,0.6786,0.6854,4377218.6
2024-03-03 04:00:00+00:00,0.6854,0.6957,0.5803,0.6445,12797417.4
2024-03-03 08:00:00+00:00,0.6445,0.6846,0.6327,0.6816,6920760.1
2024-03-03 12:00:00+00:00,0.6816,0.6897,0.6682,0.6754,4325964.6
2024-03-03 16:00:00+00:00,0.6754,0.6814,0.6654,0.6732,5756582.2
2024-03-03 20:00:00+00:00,0.6732,0.675,0.6622,0.6692,1705259.4
2024-03-04 00:00:00+00:00,0.6692,0.6833,0.6575,0.669,6072924.4
2024-03-04 04:00:00+00:00,0.669,0.6952,0.6657,0.6848,4443963.8
2024-03-04 08:00:00+00:00,0.6848,0.7491,0.6776,0.7456,18395536.8
2024-03-04 12:00:00+00:00,0.7456,0.774,0.7265,0.7622,16301193.3
2024-03-04 16:00:00+00:00,0.7622,0.7688,0.7272,0.7513,17531584.9
2024-03-04 20:00:00+00:00,0.7513,0.7732,0.7371,0.773,8599530.1
2024-03-05 00:00:00+00:00,0.773,0.773,0.7335,0.7421,7030163.6
2024-03-05 04:00:00+00:00,0.7421,0.7763,0.7142,0.769,15257614.9
2024-03-05 08:00:00+00:00,0.769,0.8036,0.7618,0.7637,13484861.3
2024-03-05 12:00:00+00:00,0.7637,0.7707,0.722,0.7373,14291591.3
2024-03-05 16:00:00+00:00,0.7373,0.7474,0.5642,0.6292,39083976.1
2024-03-05 20:00:00+00:00,0.6292,0.677,0.6221,0.673,19948413.5
2024-03-06 00:00:00+00:00,0.673,0.6793,0.644,0.6611,4982344.9
2024-03-06 04:00:00+00:00,0.6611,0.7415,0.6603,0.7293,7399011.9
2024-03-06 08:00:00+00:00,0.7293,0.8213,0.7264,0.8024,19603115.7
2024-03-06 12:00:00+00:00,0.8024,0.8506,0.7669,0.816,26600644.2
2024-03-06 16:00:00+00:00,0.816,0.819,0.7838,0.8004,7976580.9
2024-03-06 20:00:00+00:00,0.8004,0.8141,0.7894,0.8018,6692495.5
2024-03-07 00:00:00+00:00,0.8018,0.815,0.7731,0.7785,6059296.3
2024-03-07 04:00:00+00:00,0.7785,0.7868,0.7655,0.7731,4447759.3
2024-03-07 08:00:00+00:00,0.7731,0.7988,0.772,0.7945,4814753.9
2024-03-07 12:00:00+00:00,0.7945,0.8044,0.7746,0.7858,7430785.0
2024-03-07 16:00:00+00:00,0.7858,0.7973,0.7819,0.7915,4026334.4
2024-03-07 20:00:00+00:00,0.7915,0.8118,0.7853,0.7933,4503158.4
2024-03-08 00:00:00+00:00,0.7933,0.8168,0.7823,0.7857,4425045.1
2024-03-08 04:00:00+00:00,0.7857,0.7923,0.7785,0.7824,1958544.2
2024-03-08 08:00:00+00:00,0.7824,0.7942,0.7712,0.7772,3087857.5
2024-03-08 12:00:00+00:00,0.7772,0.7842,0.7288,0.7584,9961064.4
2024-03-08 16:00:00+00:00,0.7584,0.7747,0.7433,0.763,6604804.5
2024-03-08 20:00:00+00:00,0.763,0.7691,0.7569,0.7646,3531938.7
2024-03-09 00:00:00+00:00,0.7646,0.827,0.7623,0.8038,8462223.8
2024-03-09 04:00:00+00:00,0.8038,0.8155,0.7915,0.8071,3312792.2
2024-03-09 08:00:00+00:00,0.8071,0.8236,0.7871,0.8218,4136119.2
2024-03-09 12:00:00+00:00,0.8218,0.8236,0.8016,0.8043,2717415.5
2024-03-09 16:00:00+00:00,0.8043,0.8055,0.7846,0.7863,3050502.6
2024-03-09 20:00:00+00:00,0.7863,0.7902,0.7785,0.7829,1990814.8
2024-03-10 00:00:00+00:00,0.7829,0.7992,0.7758,0.7957,3783947.2
2024-03-10 04:00:00+00:00,0.7957,0.8018,0.7919,0.7992,1775661.3
2024-03-10 08:00:00+00:00,0.7992,0.8064,0.7804,0.7843,3369940.6
2024-03-10 12:00:00+00:00,0.7843,0.815,0.7659,0.7858,7521465.6
2024-03-10 16:00:00+00:00,0.7858,0.8092,0.7839,0.8003,2065034.2
2024-03-10 20:00:00+00:00,0.8003,0.8206,0.7801,0.82,4115397.7
2024-03-11 00:00:00+00:00,0.82,0.8252,0.7571,0.8156,7629904.6
2024-03-11 04:00:00+00:00,0.8156,0.8267,0.7956,0.8197,5339925.7
2024-03-11 08:00:00+00:00,0.8197,0.849,0.8135,0.8334,7965076.6
2024-03-11 12:00:00+00:00,0.8334,0.846,0.8156,0.8206,6539921.2
2024-03-11 16:00:00+00:00,0.8206,0.8369,0.805,0.8281,6230317.5
2024-03-11 20:00:00+00:00,0.8281,0.8608,0.8273,0.8577,3090870.6
2024-03-12 00:00:00+00:00,0.8577,0.8582,0.831,0.8326,2647019.0
2024-03-12 04:00:00+00:00,0.8326,0.8482,0.8136,0.8166,3422733.0
2024-03-12 08:00:00+00:00,0.8166,0.8194,0.79,0.8032,4992390.7
2024-03-12 12:00:00+00:00,0.8032,0.8205,0.792,0.8129,5712810.8
2024-03-12 16:00:00+00:00,0.8129,0.8311,0.7571,0.8305,9962106.9
2024-03-12 20:00:00+00:00,0.8305,0.8333,0.8132,0.8321,2235161.2
2024-03-13 00:00:00+00:00,0.8321,0.8435,0.8235,0.8411,1924590.0
2024-03-13 04:00:00+00:00,0.8411,0.8627,0.8286,0.8576,4056820.2
2024-03-13 08:00:00+00:00,0.8576,0.8822,0.8541,0.8723,6458797.5
2024-03-13 12:00:00+00:00,0.8723,0.8782,0.8353,0.8402,5447610.6
2024-03-13 16:00:00+00:00,0.8402,0.8704,0.8367,0.8659,3050924.3
2024-03-13 20:00:00+00:00,0.8659,0.8714,0.8572,0.8645,2294671.7
2024-03-14 00:00:00+00:00,0.8645,0.8821,0.8576,0.8616,3559339.9
2024-03-14 04:00:00+00:00,0.8616,0.8791,0.8451,0.8571,3173742.9
2024-03-14 08:00:00+00:00,0.8571,0.8753,0.8474,0.8596,3546219.6
2024-03-14 12:00:00+00:00,0.8596,0.8654,0.808,0.8179,7334830.3
2024-03-14 16:00:00+00:00,0.8179,0.8355,0.7851,0.8047,8601443.0
2024-03-14 20:00:00+00:00,0.8047,0.8341,0.8035,0.8328,2756450.0
2024-03-15 00:00:00+00:00,0.8328,0.8458,0.734,0.7737,9063781.8
2024-03-15 04:00:00+00:00,0.7737,0.7842,0.7531,0.7781,4403174.4
2024-03-15 08:00:00+00:00,0.7781,0.7789,0.7083,0.7524,13108811.5
2024-03-15 12:00:00+00:00,0.7524,0.7659,0.7467,0.7533,4951379.9
2024-03-15 16:00:00+00:00,0.7533,0.7882,0.7452,0.7614,4835550.0
2024-03-15 20:00:00+00:00,0.7614,0.7739,0.7409,0.7727,3103166.3
2024-03-16 00:00:00+00:00,0.7727,0.7777,0.7642,0.768,1721313.7
2024-03-16 04:00:00+00:00,0.768,0.7711,0.7476,0.769,1712909.5
2024-03-16 08:00:00+00:00,0.769,0.7708,0.7371,0.7467,2714774.9
2024-03-16 12:00:00+00:00,0.7467,0.7474,0.7151,0.7311,4100333.3
2024-03-16 16:00:00+00:00,0.7311,0.7311,0.683,0.6928,6158105.3
2024-03-16 20:00:00+00:00,0.6928,0.7011,0.6771,0.6935,4099484.0
2024-03-17 00:00:00+00:00,0.6935,0.7059,0.6822,0.7052,2492166.4
2024-03-17 04:00:00+00:00,0.7052,0.7053,0.6538,0.674,4909470.7
2024-03-17 08:00:00+00:00,0.674,0.6981,0.6708,0.6896,2853128.5
2024-03-17 12:00:00+00:00,0.6896,0.7084,0.6769,0.7056,2751733.6
2024-03-17 16:00:00+00:00,0.7056,0.7153,0.7012,0.7134,2812837.8
2024-03-17 20:00:00+00:00,0.7134,0.7166,0.6884,0.6906,4168499.7
2024-03-18 00:00:00+00:00,0.6906,0.6908,0.6559,0.6859,5740638.9
2024-03-18 04:00:00+00:00,0.6859,0.7015,0.6789,0.6929,2360964.6
2024-03-18 08:00:00+00:00,0.6929,0.6931,0.6727,0.6815,3652810.6
2024-03-18 12:00:00+00:00,0.6815,0.6863,0.6483,0.662,6941887.9
2024-03-18 16:00:00+00:00,0.662,0.6678,0.6402,0.6447,4748159.7
2024-03-18 20:00:00+00:00,0.6447,0.6643,0.6447,0.6566,1758677.6
2024-03-19 00:00:00+00:00,0.6566,0.6631,0.6084,0.625,8937598.6
2024-03-19 04:00:00+00:00,0.625,0.6296,0.5811,0.6129,10537364.2
2024-03-19 08:00:00+00:00,0.6129,0.6133,0.5775,0.608,10402851.0
2024-03-19 12:00:00+00:00,0.608,0.6324,0.6005,0.6299,7218028.1
2024-03-19 16:00:00+00:00,0.6299,0.6393,0.6246,0.6335,4473999.6
2024-03-19 20:00:00+00:00,0.6335,0.6346,0.5867,0.6033,5528867.3
2024-03-20 00:00:00+00:00,0.6033,0.6321,0.6012,0.6136,5040885.6
2024-03-20 04:00:00+00:00,0.6136,0.6387,0.5888,0.6343,8660153.7
2024-03-20 08:00:00+00:00,0.6343,0.6446,0.6235,0.6407,3671058.4
2024-03-20 12:00:00+00:00,0.6407,0.648,0.6269,0.6308,5529464.9
2024-03-20 16:00:00+00:00,0.6308,0.6645,0.6025,0.6637,9452022.3
2024-03-20 20:00:00+00:00,0.6637,0.6757,0.6601,0.6723,3026152.5
2024-03-21 00:00:00+00:00,0.6723,0.6816,0.6657,0.6686,2638255.3
2024-03-21 04:00:00+00:00,0.6686,0.6728,0.6506,0.6686,2877200.3
2024-03-21 08:00:00+00:00,0.6686,0.682,0.6681,0.6748,3117795.1
2024-03-21 12:00:00+00:00,0.6748,0.6793,0.6658,0.6706,2897325.9
2024-03-21 16:00:00+00:00,0.6706,0.6862,0.655,0.6685,4024561.8
2024-03-21 20:00:00+00:00,0.6685,0.6806,0.6609,0.6754,2267694.8
2024-03-22 00:00:00+00:00,0.6754,0.6821,0.6582,0.6772,2483829.3
2024-03-22 04:00:00+00:00,0.6772,0.6891,0.6723,0.6836,1762391.5
2024-03-22 08:00:00+00:00,0.6836,0.6888,0.6572,0.6606,3623523.6
2024-03-22 12:00:00+00:00,0.6606,0.6715,0.6374,0.6616,7514560.7
2024-03-22 16:00:00+00:00,0.6616,0.6679,0.6523,0.6633,3151709.3
2024-03-22 20:00:00+00:00,0.6633,0.6695,0.6455,0.6695,2454942.5
2024-03-23 00:00:00+00:00,0.6695,0.6777,0.6538,0.6604,1814704.9
2024-03-23 04:00:00+00:00,0.6604,0.6727,0.6594,0.6691,1185820.1
2024-03-23 08:00:00+00:00,0.6691,0.6759,0.6626,0.6727,1728882.8
2024-03-23 12:00:00+00:00,0.6727,0.6815,0.6678,0.677,1403549.6
2024-03-23 16:00:00+00:00,0.677,0.6806,0.6729,0.6758,885768.3
2024-03-23 20:00:00+00:00,0.6758,0.6805,0.6646,0.6657,1047405.4
2024-03-24 00:00:00+00:00,0.6657,0.6753,0.6571,0.6571,1190391.9
2024-03-24 04:00:00+00:00,0.6571,0.6612,0.6527,0.6573,936173.4
2024-03-24 08:00:00+00:00,0.6573,0.6707,0.6567,0.6674,1042840.4
2024-03-24 12:00:00+00:00,0.6674,0.6756,0.6655,0.6715,960950.2
2024-03-24 16:00:00+00:00,0.6715,0.6727,0.6569,0.6711,1471601.6
2024-03-24 20:00:00+00:00,0.6711,0.6859,0.6692,0.6818,1610520.4
2024-03-25 00:00:00+00:00,0.6818,0.6989,0.6787,0.695,2247433.2
2024-03-25 04:00:00+00:00,0.695,0.7022,0.6822,0.683,1590611.8
2024-03-25 08:00:00+00:00,0.683,0.6926,0.6779,0.6798,2151259.9
2024-03-25 12:00:00+00:00,0.6798,0.713,0.6773,0.711,2794215.1
2024-03-25 16:00:00+00:00,0.711,0.7201,0.7068,0.7164,3110440.0
2024-03-25 20:00:00+00:00,0.7164,0.7181,0.706,0.7084,1395643.8
2024-03-26 00:00:00+00:00,0.7084,0.7205,0.7031,0.7188,1487370.8
2024-03-26 04:00:00+00:00,0.7188,0.727,0.7144,0.7167,1759110.2
2024-03-26 08:00:00+00:00,0.7167,0.7255,0.7135,0.721,2137541.7
2024-03-26 12:00:00+00:00,0.721,0.7233,0.6917,0.7038,4313581.3
2024-03-26 16:00:00+00:00,0.7038,0.708,0.6916,0.6988,2498300.0
2024-03-26 20:00:00+00:00,0.6988,0.7155,0.6988,0.7143,1553205.1
2024-03-27 00:00:00+00:00,0.7143,0.7237,0.7104,0.7111,1327362.3
2024-03-27 04:00:00+00:00,0.7111,0.7152,0.6959,0.7004,1426809.5
2024-03-27 08:00:00+00:00,0.7004,0.7047,0.6862,0.7025,2676513.0
2024-03-27 12:00:00+00:00,0.7025,0.7154,0.6762,0.6881,6103956.7
2024-03-27 16:00:00+00:00,0.6881,0.6992,0.6839,0.6932,2121669.2
2024-03-27 20:00:00+00:00,0.6932,0.7,0.6919,0.6952,917041.2
2024-03-28 00:00:00+00:00,0.6952,0.7018,0.6791,0.6857,2280920.1
2024-03-28 04:00:00+00:00,0.6857,0.7027,0.6854,0.7016,2219012.0
2024-03-28 08:00:00+00:00,0.7016,0.7087,0.6965,0.7004,1564122.0
2024-03-28 12:00:00+00:00,0.7004,0.7026,0.6857,0.696,1918431.1
2024-03-28 16:00:00+00:00,0.696,0.7018,0.6903,0.7012,888090.8
2024-03-28 20:00:00+00:00,0.7012,0.7063,0.6974,0.7025,777091.0
2024-03-29 00:00:00+00:00,0.7025,0.7056,0.6945,0.7025,1250003.9
2024-03-29 04:00:00+00:00,0.7025,0.7167,0.6906,0.6958,2147743.8
2024-03-29 08:00:00+00:00,0.6958,0.7136,0.6952,0.7119,1578332.5
2024-03-29 12:00:00+00:00,0.7119,0.7282,0.7021,0.7092,5084082.5
2024-03-29 16:00:00+00:00,0.7092,0.7175,0.7032,0.7076,2930366.8
2024-03-29 20:00:00+00:00,0.7076,0.7122,0.6988,0.7088,1188792.7
2024-03-30 00:00:00+00:00,0.7088,0.7139,0.7003,0.7021,999859.1
2024-03-30 04:00:00+00:00,0.7021,0.7111,0.6904,0.6918,1895418.3
2024-03-30 08:00:00+00:00,0.6918,0.6985,0.6843,0.6978,1854454.2
2024-03-30 12:00:00+00:00,0.6978,0.7003,0.69,0.693,1257681.3
2024-03-30 16:00:00+00:00,0.693,0.698,0.6875,0.6959,1086503.8
2024-03-30 20:00:00+00:00,0.6959,0.6979,0.6806,0.6842,1567740.7
2024-03-31 00:00:00+00:00,0.6842,0.6915,0.6813,0.6863,807886.7
2024-03-31 04:00:00+00:00,0.6863,0.6992,0.6839,0.6973,956673.1
2024-03-31 08:00:00+00:00,0.6973,0.6981,0.6899,0.6911,703182.0
2024-03-31 12:00:00+00:00,0.6911,0.6934,0.6879,0.6918,795146.7
2024-03-31 16:00:00+00:00,0.6918,0.6999,0.6906,0.6993,1136728.8
2024-03-31 20:00:00+00:00,0.6993,0.7004,0.6889,0.6949,916363.4
2024-04-01 00:00:00+00:00,0.6949,0.6975,0.6867,0.6901,1126818.3
2024-04-01 04:00:00+00:00,0.6901,0.6901,0.643,0.6668,8551441.0
2024-04-01 08:00:00+00:00,0.6668,0.6669,0.6543,0.6585,1846934.2
2024-04-01 12:00:00+00:00,0.6585,0.6679,0.6385,0.643,4467779.3
2024-04-01 16:00:00+00:00,0.643,0.6507,0.6346,0.6503,2270169.5
2024-04-01 20:00:00+00:00,0.6503,0.6577,0.6475,0.6557,820794.9
2024-04-02 00:00:00+00:00,0.6557,0.6561,0.6068,0.6206,8073105.3
2024-04-02 04:00:00+00:00,0.6206,0.6277,0.6122,0.6198,2548677.2
2024-04-02 08:00:00+00:00,0.6198,0.6216,0.5971,0.6097,4941531.4
2024-04-02 12:00:00+00:00,0.6097,0.6167,0.596,0.6024,3268318.3
2024-04-02 16:00:00+00:00,0.6024,0.6147,0.5989,0.6123,1729185.5
2024-04-02 20:00:00+00:00,0.6123,0.6149,0.606,0.6078,842848.0
2024-04-03 00:00:00+00:00,0.6078,0.6155,0.5836,0.6147,3802463.6
2024-04-03 04:00:00+00:00,0.6147,0.6206,0.6108,0.6158,1243281.8
2024-04-03 08:00:00+00:00,0.6158,0.6216,0.6077,0.6108,2719097.7
2024-04-03 12:00:00+00:00,0.6108,0.6122,0.5968,0.6003,2904128.5
2024-04-03 16:00:00+00:00,0.6003,0.6065,0.5905,0.5973,2174045.5
2024-04-03 20:00:00+00:00,0.5973,0.6053,0.5869,0.6033,1459076.0
2024-04-04 00:00:00+00:00,0.6033,0.6106,0.5982,0.5996,1840181.4
2024-04-04 04:00:00+00:00,0.5996,0.6174,0.5933,0.6127,1699764.7
2024-04-04 08:00:00+00:00,0.6127,0.6314,0.6121,0.6277,2753379.4
2024-04-04 12:00:00+00:00,0.6277,0.6372,0.625,0.626,3092218.6
2024-04-04 16:00:00+00:00,0.626,0.6389,0.6241,0.633,1777952.6
2024-04-04 20:00:00+00:00,0.633,0.634,0.619,0.6284,2436418.6
2024-04-05 00:00:00+00:00,0.6284,0.6308,0.6113,0.6255,1546461.9
2024-04-05 04:00:00+00:00,0.6255,0.6257,0.6053,0.6164,2186060.2
2024-04-05 08:00:00+00:00,0.6164,0.6231,0.6003,0.6016,2406105.2
2024-04-05 12:00:00+00:00,0.6016,0.6245,0.5968,0.6235,2855513.7
2024-04-05 16:00:00+00:00,0.6235,0.6255,0.6152,0.6206,1726419.3
2024-04-05 20:00:00+00:00,0.6206,0.6246,0.6155,0.6161,673415.6
2024-04-06 00:00:00+00:00,0.6161,0.6201,0.6123,0.6193,1055794.2
2024-04-06 04:00:00+00:00,0.6193,0.6233,0.6165,0.6205,600411.6
2024-04-06 08:00:00+00:00,0.6205,0.6249,0.6171,0.6191,608282.3
2024-04-06 12:00:00+00:00,0.6191,0.622,0.6145,0.6182,850758.7
2024-04-06 16:00:00+00:00,0.6182,0.6233,0.617,0.6208,848073.8
2024-04-06 20:00:00+00:00,0.6208,0.6287,0.6197,0.6229,1331144.7
2024-04-07 00:00:00+00:00,0.6229,0.6326,0.6211,0.632,804691.3
2024-04-07 04:00:00+00:00,0.632,0.634,0.6274,0.6294,726729.4
2024-04-07 08:00:00+00:00,0.6294,0.6346,0.6261,0.6346,947393.7
2024-04-07 12:00:00+00:00,0.6346,0.6427,0.6342,0.6399,1366956.9
2024-04-07 16:00:00+00:00,0.6399,0.645,0.6271,0.6298,2115724.1
2024-04-07 20:00:00+00:00,0.6298,0.6378,0.6291,0.6366,668705.1
2024-04-08 00:00:00+00:00,0.6366,0.6369,0.6244,0.6275,959219.7
2024-04-08 04:00:00+00:00,0.6275,0.6407,0.625,0.6395,1029199.7
2024-04-08 08:00:00+00:00,0.6395,0.6554,0.6386,0.6526,2558295.7
2024-04-08 12:00:00+00:00,0.6526,0.656,0.6489,0.6556,2157004.7
2024-04-08 16:00:00+00:00,0.6556,0.6608,0.653,0.6572,1322159.6
2024-04-08 20:00:00+00:00,0.6572,0.6602,0.6555,0.6556,630803.8
2024-04-09 00:00:00+00:00,0.6556,0.6576,0.6467,0.6483,1261582.7
2024-04-09 04:00:00+00:00,0.6483,0.6527,0.6392,0.6415,1633373.9
2024-04-09 08:00:00+00:00,0.6415,0.6471,0.6309,0.6458,2596570.4
2024-04-09 12:00:00+00:00,0.6458,0.6479,0.6229,0.63,4124746.6
2024-04-09 16:00:00+00:00,0.63,0.6317,0.6216,0.629,1809359.0
2024-04-09 20:00:00+00:00,0.629,0.6314,0.6196,0.6217,821309.9
2024-04-10 00:00:00+00:00,0.6217,0.6239,0.6025,0.6131,3364566.5
2024-04-10 04:00:00+00:00,0.6131,0.6224,0.611,0.6158,1046380.5
2024-04-10 08:00:00+00:00,0.6158,0.6173,0.6055,0.6102,1786550.3
2024-04-10 12:00:00+00:00,0.6102,0.6115,0.5871,0.6086,4642301.6
2024-04-10 16:00:00+00:00,0.6086,0.6197,0.6058,0.6172,1980167.0
2024-04-10 20:00:00+00:00,0.6172,0.6224,0.6118,0.6184,1233979.0
2024-04-11 00:00:00+00:00,0.6184,0.6185,0.6123,0.6175,720156.4
2024-04-11 04:00:00+00:00,0.6175,0.623,0.6131,0.6208,704889.1
2024-04-11 08:00:00+00:00,0.6208,0.6238,0.6052,0.6073,942396.6
2024-04-11 12:00:00+00:00,0.6073,0.615,0.6001,0.6052,2479373.0
2024-04-11 16:00:00+00:00,0.6052,0.6063,0.5949,0.6037,1550235.3
2024-04-11 20:00:00+00:00,0.6037,0.6073,0.6007,0.6046,858829.0
2024-04-12 00:00:00+00:00,0.6046,0.6104,0.6034,0.6088,819200.6
2024-04-12 04:00:00+00:00,0.6088,0.611,0.5996,0.6003,650280.4
2024-04-12 08:00:00+00:00,0.6003,0.6052,0.5975,0.6029,946321.7
2024-04-12 12:00:00+00:00,0.6029,0.6039,0.5859,0.5941,4420745.5
2024-04-12 16:00:00+00:00,0.5941,0.5946,0.4037,0.4598,45471555.4
2024-04-12 20:00:00+00:00,0.4598,0.4849,0.459,0.4807,7299306.9
2024-04-13 00:00:00+00:00,0.4807,0.4809,0.4604,0.4801,6210436.2
2024-04-13 04:00:00+00:00,0.4801,0.4895,0.4767,0.4864,3112584.4
2024-04-13 08:00:00+00:00,0.4864,0.492,0.4822,0.4851,2303505.5
2024-04-13 12:00:00+00:00,0.4851,0.4905,0.4768,0.4789,3862163.5
2024-04-13 16:00:00+00:00,0.4789,0.4814,0.4038,0.4241,31269544.8
2024-04-13 20:00:00+00:00,0.4241,0.4281,0.3421,0.4221,51627548.0
2024-04-14 00:00:00+00:00,0.4221,0.4278,0.4088,0.4262,17283067.8
2024-04-14 04:00:00+00:00,0.4262,0.4514,0.4235,0.4481,8778889.3
2024-04-14 08:00:00+00:00,0.4481,0.4513,0.4301,0.4331,7208116.9
2024-04-14 12:00:00+00:00,0.4331,0.4417,0.4275,0.4367,8917557.2
2024-04-14 16:00:00+00:00,0.4367,0.446,0.4219,0.4383,13028529.7
2024-04-14 20:00:00+00:00,0.4383,0.4568,0.4297,0.4521,5751075.6
2024-04-15 00:00:00+00:00,0.4521,0.4523,0.438,0.4428,4546285.2
2024-04-15 04:00:00+00:00,0.4428,0.4636,0.4379,0.4581,4968335.8
2024-04-15 08:00:00+00:00,0.4581,0.4632,0.4538,0.4558,3101693.0
2024-04-15 12:00:00+00:00,0.4558,0.4604,0.4312,0.4405,8590103.8
2024-04-15 16:00:00+00:00,0.4405,0.443,0.4073,0.4255,12565095.8
2024-04-15 20:00:00+00:00,0.4255,0.4309,0.4167,0.4274,3299468.9
2024-04-16 00:00:00+00:00,0.4274,0.4336,0.4188,0.4243,3802164.1
2024-04-16 04:00:00+00:00,0.4243,0.4388,0.4111,0.4365,5679750.5
2024-04-16 08:00:00+00:00,0.4365,0.4372,0.4162,0.4346,5371073.7
2024-04-16 12:00:00+00:00,0.4346,0.4346,0.4126,0.4154,8861992.3
2024-04-16 16:00:00+00:00,0.4154,0.4316,0.4104,0.4249,7068265.2
2024-04-16 20:00:00+00:00,0.4249,0.4363,0.424,0.4316,2530698.2
2024-04-17 00:00:00+00:00,0.4316,0.4338,0.4243,0.4294,2536147.6
2024-04-17 04:00:00+00:00,0.4294,0.436,0.4259,0.4296,2794253.2
2024-04-17 08:00:00+00:00,0.4296,0.433,0.4207,0.4207,3054289.3
2024-04-17 12:00:00+00:00,0.4207,0.4263,0.4069,0.4101,8539416.4
2024-04-17 16:00:00+00:00,0.4101,0.4361,0.4055,0.4288,6781790.7
2024-04-17 20:00:00+00:00,0.4288,0.4329,0.4228,0.4248,2089215.1
2024-04-18 00:00:00+00:00,0.4248,0.4345,0.4143,0.4307,3293970.7
2024-04-18 04:00:00+00:00,0.4307,0.4339,0.4187,0.422,2637567.6
2024-04-18 08:00:00+00:00,0.422,0.438,0.4173,0.436,4136096.0
2024-04-18 12:00:00+00:00,0.436,0.437,0.4227,0.432,7317283.5
2024-04-18 16:00:00+00:00,0.432,0.4341,0.4207,0.4313,3295368.3
2024-04-18 20:00:00+00:00,0.4313,0.4356,0.4292,0.4319,1839122.4
2024-04-19 00:00:00+00:00,0.4319,0.4321,0.3969,0.4182,9475762.0
2024-04-19 04:00:00+00:00,0.4182,0.444,0.4169,0.4363,4966112.6
2024-04-19 08:00:00+00:00,0.4363,0.4433,0.4347,0.4394,3157239.9
2024-04-19 12:00:00+00:00,0.4394,0.4421,0.4323,0.4402,3131239.2
2024-04-19 16:00:00+00:00,0.4402,0.442,0.4325,0.4381,3202384.2
2024-04-19 20:00:00+00:00,0.4381,0.4391,0.4238,0.4323,2977730.1
2024-04-20 00:00:00+00:00,0.4323,0.4354,0.4254,0.4331,1914803.6
2024-04-20 04:00:00+00:00,0.4331,0.4365,0.4314,0.4337,1281397.5
2024-04-20 08:00:00+00:00,0.4337,0.4338,0.4281,0.4327,1277923.8
2024-04-20 12:00:00+00:00,0.4327,0.4483,0.4323,0.4479,2374913.5
2024-04-20 16:00:00+00:00,0.4479,0.4625,0.4449,0.4599,4601612.8
2024-04-20 20:00:00+00:00,0.4599,0.4644,0.4581,0.462,1647355.7
2024-04-21 00:00:00+00:00,0.462,0.4664,0.4544,0.4615,2160197.5
2024-04-21 04:00:00+00:00,0.4615,0.4642,0.4585,0.4618,948642.8
2024-04-21 08:00:00+00:00,0.4618,0.463,0.4549,0.4576,1195203.1
2024-04-21 12:00:00+00:00,0.4576,0.4587,0.4494,0.4523,1615978.6
2024-04-21 16:00:00+00:00,0.4523,0.4524,0.4426,0.45,2928407.4
2024-04-21 20:00:00+00:00,0.45,0.457,0.4481,0.4534,1811690.9
2024-04-22 00:00:00+00:00,0.4534,0.468,0.4516,0.4651,3321877.0
2024-04-22 04:00:00+00:00,0.4651,0.4757,0.4646,0.4652,3930281.2
2024-04-22 08:00:00+00:00,0.4652,0.4686,0.4624,0.464,1773776.3
2024-04-22 12:00:00+00:00,0.464,0.467,0.4594,0.4653,2095720.7
2024-04-22 16:00:00+00:00,0.4653,0.4701,0.4627,0.468,2325589.5
2024-04-22 20:00:00+00:00,0.468,0.472,0.4658,0.4668,1728172.6
2024-04-23 00:00:00+00:00,0.4668,0.471,0.4609,0.462,2265704.5
2024-04-23 04:00:00+00:00,0.462,0.4655,0.4563,0.4584,1981828.2
2024-04-23 08:00:00+00:00,0.4584,0.4637,0.4559,0.4591,1575776.8
2024-04-23 12:00:00+00:00,0.4591,0.4672,0.4571,0.464,2916132.2
2024-04-23 16:00:00+00:00,0.464,0.4687,0.4601,0.4643,2230106.7
2024-04-23 20:00:00+00:00,0.4643,0.4671,0.46,0.4624,1449028.6
2024-04-24 00:00:00+00:00,0.4624,0.4673,0.4575,0.4656,1766047.5
2024-04-24 04:00:00+00:00,0.4656,0.4722,0.4652,0.4697,1812825.6
2024-04-24 08:00:00+00:00,0.4697,0.4777,0.4656,0.4752,2664064.5
2024-04-24 12:00:00+00:00,0.4752,0.4765,0.4488,0.4502,9142372.3
2024-04-24 16:00:00+00:00,0.4502,0.4533,0.4395,0.4469,6439975.5
2024-04-24 20:00:00+00:00,0.4469,0.448,0.4302,0.4366,5185767.3
2024-04-25 00:00:00+00:00,0.4366,0.4404,0.4296,0.4314,2996232.8
2024-04-25 04:00:00+00:00,0.4314,0.4374,0.4242,0.4318,3997415.8
2024-04-25 08:00:00+00:00,0.4318,0.4347,0.4237,0.4298,4551916.7
2024-04-25 12:00:00+00:00,0.4298,0.4413,0.4248,0.4407,7406061.8
2024-04-25 16:00:00+00:00,0.4407,0.4459,0.4389,0.4427,3340258.2
2024-04-25 20:00:00+00:00,0.4427,0.448,0.4403,0.4414,1362573.0
2024-04-26 00:00:00+00:00,0.4414,0.444,0.4311,0.4376,4211413.3
2024-04-26 04:00:00+00:00,0.4376,0.4422,0.4353,0.4367,2080781.1
2024-04-26 08:00:00+00:00,0.4367,0.439,0.4322,0.4346,2274259.7
2024-04-26 12:00:00+00:00,0.4346,0.4437,0.4282,0.4368,5018450.1
2024-04-26 16:00:00+00:00,0.4368,0.4451,0.4351,0.442,2131224.3
2024-04-26 20:00:00+00:00,0.442,0.447,0.4356,0.4391,1827769.0
2024-04-27 00:00:00+00:00,0.4391,0.4421,0.4182,0.4364,8651765.0
2024-04-27 04:00:00+00:00,0.4364,0.4388,0.4318,0.4322,1560653.3
2024-04-27 08:00:00+00:00,0.4322,0.4369,0.4285,0.431,2161669.4
2024-04-27 12:00:00+00:00,0.431,0.437,0.4297,0.4308,2724507.5
2024-04-27 16:00:00+00:00,0.4308,0.4466,0.4292,0.4408,4030303.4
2024-04-27 20:00:00+00:00,0.4408,0.4447,0.4391,0.4439,1058244.6
2024-04-28 00:00:00+00:00,0.4439,0.4517,0.4435,0.4472,1801230.2
2024-04-28 04:00:00+00:00,0.4472,0.4522,0.4457,0.4486,2030452.1
2024-04-28 08:00:00+00:00,0.4486,0.4499,0.4439,0.4445,1805901.8
2024-04-28 12:00:00+00:00,0.4445,0.449,0.4426,0.4477,1305213.3
2024-04-28 16:00:00+00:00,0.4477,0.4535,0.4468,0.452,1239509.3
2024-04-28 20:00:00+00:00,0.452,0.4522,0.4371,0.4395,2351253.6
2024-04-29 00:00:00+00:00,0.4395,0.4464,0.4321,0.4327,3592733.0
2024-04-29 04:00:00+00:00,0.4327,0.4413,0.4275,0.4332,3504213.7
2024-04-29 08:00:00+00:00,0.4332,0.4347,0.4261,0.4277,3818683.1
2024-04-29 12:00:00+00:00,0.4277,0.4342,0.4207,0.4329,5016608.1
2024-04-29 16:00:00+00:00,0.4329,0.4337,0.4244,0.4277,2937155.7
2024-04-29 20:00:00+00:00,0.4277,0.4375,0.4223,0.434,2721872.3
2024-04-30 00:00:00+00:00,0.434,0.4385,0.4254,0.4324,2519018.0
2024-04-30 04:00:00+00:00,0.4324,0.4333,0.4265,0.4271,1277542.6
2024-04-30 08:00:00+00:00,0.4271,0.4282,0.4023,0.4043,7480431.3
2024-04-30 12:00:00+00:00,0.4043,0.4062,0.395,0.4009,7887652.1
2024-04-30 16:00:00+00:00,0.4009,0.4051,0.3921,0.3996,7159391.2
2024-04-30 20:00:00+00:00,0.3996,0.4123,0.3995,0.409,2916069.3
2024-05-01 00:00:00+00:00,0.409,0.4131,0.4046,0.4119,3238393.9
2024-05-01 04:00:00+00:00,0.4119,0.4134,0.3922,0.3968,7162564.1
2024-05-01 08:00:00+00:00,0.3968,0.4031,0.3862,0.4031,7344310.9
2024-05-01 12:00:00+00:00,0.4031,0.4095,0.4011,0.4054,8067497.1
2024-05-01 16:00:00+00:00,0.4054,0.4255,0.4035,0.4122,12143897.2
2024-05-01 20:00:00+00:00,0.4122,0.4207,0.4095,0.4187,4440173.6
2024-05-02 00:00:00+00:00,0.4187,0.4195,0.4062,0.4149,3438990.7
2024-05-02 04:00:00+00:00,0.4149,0.4179,0.4123,0.4143,1811950.4
2024-05-02 08:00:00+00:00,0.4143,0.4247,0.4136,0.4239,2217691.8
2024-05-02 12:00:00+00:00,0.4239,0.4281,0.4187,0.4265,2582982.7
2024-05-02 16:00:00+00:00,0.4265,0.4278,0.4231,0.4266,1695158.3
2024-05-02 20:00:00+00:00,0.4266,0.4288,0.4223,0.4233,1603654.2
2024-05-03 00:00:00+00:00,0.4233,0.4283,0.4196,0.4255,1654673.8
2024-05-03 04:00:00+00:00,0.4255,0.4259,0.419,0.4207,1254199.9
2024-05-03 08:00:00+00:00,0.4207,0.4297,0.4205,0.4248,2641136.0
2024-05-03 12:00:00+00:00,0.4248,0.4388,0.4241,0.4377,3683682.9
2024-05-03 16:00:00+00:00,0.4377,0.4397,0.4357,0.4368,1137545.1
2024-05-03 20:00:00+00:00,0.4368,0.4422,0.4364,0.4392,1402476.0
2024-05-04 00:00:00+00:00,0.4392,0.4395,0.4331,0.4371,1380178.8
2024-05-04 04:00:00+00:00,0.4371,0.4392,0.4365,0.4371,855430.5
2024-05-04 08:00:00+00:00,0.4371,0.4452,0.437,0.4395,1534546.4
2024-05-04 12:00:00+00:00,0.4395,0.4432,0.4379,0.4413,1578941.4
2024-05-04 16:00:00+00:00,0.4413,0.4428,0.4384,0.4425,1031792.5
2024-05-04 20:00:00+00:00,0.4425,0.4433,0.4364,0.4373,1061535.3
2024-05-05 00:00:00+00:00,0.4373,0.438,0.4291,0.4321,2503753.7
2024-05-05 04:00:00+00:00,0.4321,0.4355,0.4296,0.4341,1019520.6
2024-05-05 08:00:00+00:00,0.4341,0.4383,0.4335,0.4338,1254335.3
2024-05-05 12:00:00+00:00,0.4338,0.4435,0.4313,0.4429,1858701.7
2024-05-05 16:00:00+00:00,0.4429,0.4461,0.4395,0.4406,2641533.5
2024-05-05 20:00:00+00:00,0.4406,0.4496,0.4398,0.4468,1998556.9
2024-05-06 00:00:00+00:00,0.4468,0.452,0.4432,0.4437,2461248.0
2024-05-06 04:00:00+00:00,0.4437,0.4496,0.4427,0.4493,1599644.8
2024-05-06 08:00:00+00:00,0.4493,0.4591,0.4439,0.4497,5494532.2
2024-05-06 12:00:00+00:00,0.4497,0.4506,0.4347,0.4428,6794723.4
2024-05-06 16:00:00+00:00,0.4428,0.4439,0.4331,0.436,7722593.7
2024-05-06 20:00:00+00:00,0.436,0.4425,0.4325,0.4328,2611498.2
2024-05-07 00:00:00+00:00,0.4328,0.4378,0.4261,0.4316,2324808.8
2024-05-07 04:00:00+00:00,0.4316,0.4334,0.4276,0.4305,1538850.0
2024-05-07 08:00:00+00:00,0.4305,0.4419,0.4294,0.4298,3963450.9
2024-05-07 12:00:00+00:00,0.4298,0.4401,0.4298,0.4353,2950667.6
2024-05-07 16:00:00+00:00,0.4353,0.4371,0.4297,0.4318,1557401.6
2024-05-07 20:00:00+00:00,0.4318,0.4327,0.4203,0.4232,2922218.8
2024-05-08 00:00:00+00:00,0.4232,0.4249,0.4186,0.4237,2233252.5
2024-05-08 04:00:00+00:00,0.4237,0.4244,0.4169,0.4183,2311311.6
2024-05-08 08:00:00+00:00,0.4183,0.4247,0.4168,0.4222,3319968.9
2024-05-08 12:00:00+00:00,0.4222,0.4437,0.4199,0.4414,4891153.1
2024-05-08 16:00:00+00:00,0.4414,0.4479,0.4361,0.4425,4506301.3
2024-05-08 20:00:00+00:00,0.4425,0.4451,0.4312,0.4405,3950266.0
2024-05-09 00:00:00+00:00,0.4405,0.447,0.4378,0.4416,1808303.9
2024-05-09 04:00:00+00:00,0.4416,0.4463,0.4377,0.4398,1446203.0
2024-05-09 08:00:00+00:00,0.4398,0.4407,0.4312,0.4385,2096949.8
2024-05-09 12:00:00+00:00,0.4385,0.4516,0.4342,0.448,3580646.7
2024-05-09 16:00:00+00:00,0.448,0.4489,0.44,0.4421,1961097.8
2024-05-09 20:00:00+00:00,0.4421,0.4495,0.4412,0.446,1799420.6
2024-05-10 00:00:00+00:00,0.446,0.4471,0.441,0.4437,1300820.1
2024-05-10 04:00:00+00:00,0.4437,0.4515,0.4422,0.4493,1436959.5
2024-05-10 08:00:00+00:00,0.4493,0.4512,0.4452,0.4512,1726415.5
2024-05-10 12:00:00+00:00,0.4512,0.4524,0.4303,0.4326,6711651.4
2024-05-10 16:00:00+00:00,0.4326,0.4338,0.42,0.4215,5535007.8
2024-05-10 20:00:00+00:00,0.4215,0.424,0.4146,0.4216,2504254.3
2024-05-11 00:00:00+00:00,0.4216,0.4288,0.4211,0.4224,1947945.9
2024-05-11 04:00:00+00:00,0.4224,0.4257,0.4217,0.4248,1151141.7
2024-05-11 08:00:00+00:00,0.4248,0.425,0.4183,0.4213,1662364.1
2024-05-11 12:00:00+00:00,0.4213,0.4304,0.4212,0.4297,1761671.1
2024-05-11 16:00:00+00:00,0.4297,0.434,0.4257,0.4265,1291000.1
2024-05-11 20:00:00+00:00,0.4265,0.4278,0.4211,0.4223,712061.3
2024-05-12 00:00:00+00:00,0.4223,0.4255,0.4223,0.425,574125.8
2024-05-12 04:00:00+00:00,0.425,0.4283,0.4222,0.424,839616.8
2024-05-12 08:00:00+00:00,0.424,0.428,0.4214,0.426,1209837.9
2024-05-12 12:00:00+00:00,0.426,0.4265,0.4223,0.424,993322.9
2024-05-12 16:00:00+00:00,0.424,0.4247,0.4181,0.4197,844725.0
2024-05-12 20:00:00+00:00,0.4197,0.4201,0.4143,0.4188,871777.2
2024-05-13 00:00:00+00:00,0.4188,0.4211,0.4021,0.4074,4614412.4
2024-05-13 04:00:00+00:00,0.4074,0.4192,0.4034,0.4186,2480692.3
2024-05-13 08:00:00+00:00,0.4186,0.4269,0.4186,0.4224,2214491.2
2024-05-13 12:00:00+00:00,0.4224,0.4246,0.4201,0.4224,1926891.4
2024-05-13 16:00:00+00:00,0.4224,0.4269,0.4112,0.4157,3074712.7
2024-05-13 20:00:00+00:00,0.4157,0.4171,0.4115,0.4152,1562380.3
2024-05-14 00:00:00+00:00,0.4152,0.4182,0.4077,0.4119,3467491.0
2024-05-14 04:00:00+00:00,0.4119,0.4175,0.4035,0.4119,4173664.0
2024-05-14 08:00:00+00:00,0.4119,0.4154,0.4084,0.4135,2943914.2
2024-05-14 12:00:00+00:00,0.4135,0.4164,0.4058,0.4111,6995728.3
2024-05-14 16:00:00+00:00,0.4111,0.4114,0.4016,0.4045,5078835.0
2024-05-14 20:00:00+00:00,0.4045,0.4055,0.3989,0.4,2042262.7
2024-05-15 00:00:00+00:00,0.4,0.4067,0.3982,0.4055,2040259.5
2024-05-15 04:00:00+00:00,0.4055,0.4071,0.4035,0.4045,1850664.7
2024-05-15 08:00:00+00:00,0.4045,0.4054,0.3943,0.3974,5087446.8
2024-05-15 12:00:00+00:00,0.3974,0.4185,0.3953,0.4166,7783417.8
2024-05-15 16:00:00+00:00,0.4166,0.424,0.4152,0.4239,2456372.3
2024-05-15 20:00:00+00:00,0.4239,0.4263,0.4209,0.4225,1898572.0
2024-05-16 00:00:00+00:00,0.4225,0.4242,0.4186,0.4235,1445142.0
2024-05-16 04:00:00+00:00,0.4235,0.4252,0.4204,0.4236,1080799.1
2024-05-16 08:00:00+00:00,0.4236,0.4247,0.4186,0.4218,1781928.4
2024-05-16 12:00:00+00:00,0.4218,0.4218,0.405,0.4148,5837141.9
2024-05-16 16:00:00+00:00,0.4148,0.4181,0.4122,0.4167,2749641.1
2024-05-16 20:00:00+00:00,0.4167,0.4214,0.4153,0.4206,1098849.7
2024-05-17 00:00:00+00:00,0.4206,0.421,0.4145,0.4181,1496855.8
2024-05-17 04:00:00+00:00,0.4181,0.4283,0.4162,0.4278,1951165.1
2024-05-17 08:00:00+00:00,0.4278,0.4299,0.4239,0.428,1579508.8
2024-05-17 12:00:00+00:00,0.428,0.4353,0.4262,0.4346,2932800.3
2024-05-17 16:00:00+00:00,0.4346,0.4382,0.4291,0.4301,2418937.6
2024-05-17 20:00:00+00:00,0.4301,0.4328,0.4295,0.4302,1146993.1
2024-05-18 00:00:00+00:00,0.4302,0.4337,0.4274,0.4332,1592959.1
2024-05-18 04:00:00+00:00,0.4332,0.4335,0.4304,0.4314,1014483.4
2024-05-18 08:00:00+00:00,0.4314,0.4355,0.4309,0.4323,1317442.0
2024-05-18 12:00:00+00:00,0.4323,0.4324,0.4244,0.4294,2282071.3
2024-05-18 16:00:00+00:00,0.4294,0.4359,0.4291,0.4334,1211359.2
2024-05-18 20:00:00+00:00,0.4334,0.4355,0.4312,0.4348,833239.1
2024-05-19 00:00:00+00:00,0.4348,0.4376,0.433,0.4355,1111843.9
2024-05-19 04:00:00+00:00,0.4355,0.4355,0.4285,0.4309,1527205.3
2024-05-19 08:00:00+00:00,0.4309,0.4315,0.4237,0.4263,2218899.1
2024-05-19 12:00:00+00:00,0.4263,0.4264,0.4169,0.4203,2744446.4
2024-05-19 16:00:00+00:00,0.4203,0.4207,0.415,0.416,2268680.8
2024-05-19 20:00:00+00:00,0.416,0.4191,0.4121,0.4187,1494027.2
2024-05-20 00:00:00+00:00,0.4187,0.425,0.413,0.4226,3284539.4
2024-05-20 04:00:00+00:00,0.4226,0.4322,0.419,0.4277,2795752.1
2024-05-20 08:00:00+00:00,0.4277,0.4294,0.4191,0.4201,1742175.9
2024-05-20 12:00:00+00:00,0.4201,0.4229,0.4155,0.4224,2011131.5
2024-05-20 16:00:00+00:00,0.4224,0.4508,0.422,0.449,7682830.5
2024-05-20 20:00:00+00:00,0.449,0.464,0.4456,0.4627,5688289.8
2024-05-21 00:00:00+00:00,0.4627,0.4753,0.4614,0.473,4968429.7
2024-05-21 04:00:00+00:00,0.473,0.4753,0.4684,0.4729,3541833.2
2024-05-21 08:00:00+00:00,0.4729,0.48,0.4709,0.4791,3578392.6
2024-05-21 12:00:00+00:00,0.4791,0.4948,0.4742,0.4831,11631629.9
2024-05-21 16:00:00+00:00,0.4831,0.4951,0.4776,0.4842,6573970.5
2024-05-21 20:00:00+00:00,0.4842,0.489,0.4804,0.4829,2621008.8
2024-05-22 00:00:00+00:00,0.4829,0.4833,0.4765,0.4798,1811509.8
2024-05-22 04:00:00+00:00,0.4798,0.4825,0.4701,0.4795,2707900.5
2024-05-22 08:00:00+00:00,0.4795,0.4833,0.474,0.4741,3124095.0
2024-05-22 12:00:00+00:00,0.4741,0.4804,0.4645,0.478,5921174.3
2024-05-22 16:00:00+00:00,0.478,0.484,0.4654,0.4676,5663971.1
2024-05-22 20:00:00+00:00,0.4676,0.4722,0.4637,0.4682,2815784.1
2024-05-23 00:00:00+00:00,0.4682,0.4716,0.461,0.4712,2411783.1
2024-05-23 04:00:00+00:00,0.4712,0.4742,0.4678,0.4707,1621465.3
2024-05-23 08:00:00+00:00,0.4707,0.4709,0.45,0.469,6487621.6
2024-05-23 12:00:00+00:00,0.469,0.4731,0.4444,0.4558,15616667.4
2024-05-23 16:00:00+00:00,0.4558,0.4566,0.441,0.4462,6194394.0
2024-05-23 20:00:00+00:00,0.4462,0.4651,0.429,0.463,15500435.9
2024-05-24 00:00:00+00:00,0.463,0.4732,0.4612,0.4706,2234733.4
2024-05-24 04:00:00+00:00,0.4706,0.4798,0.4534,0.4597,4524240.8
2024-05-24 08:00:00+00:00,0.4597,0.4839,0.4501,0.4838,4442999.0
2024-05-24 12:00:00+00:00,0.4838,0.4899,0.4757,0.4798,5785776.0
2024-05-24 16:00:00+00:00,0.4798,0.4822,0.4722,0.4809,3592409.0
2024-05-24 20:00:00+00:00,0.4809,0.4933,0.48,0.4926,2797855.3
2024-05-25 00:00:00+00:00,0.4926,0.51,0.4911,0.5058,4366721.7
2024-05-25 04:00:00+00:00,0.5058,0.5154,0.5015,0.5024,3059688.1
2024-05-25 08:00:00+00:00,0.5024,0.5061,0.4969,0.5008,2177426.8
2024-05-25 12:00:00+00:00,0.5008,0.5025,0.4931,0.4986,2289880.1
2024-05-25 16:00:00+00:00,0.4986,0.5043,0.4976,0.4977,1537453.7
2024-05-25 20:00:00+00:00,0.4977,0.4991,0.4935,0.4969,1037900.9
2024-05-26 00:00:00+00:00,0.4969,0.4996,0.4897,0.4957,1398183.5
2024-05-26 04:00:00+00:00,0.4957,0.4957,0.4866,0.4884,1248482.9
2024-05-26 08:00:00+00:00,0.4884,0.4912,0.4833,0.4894,1400941.9
2024-05-26 12:00:00+00:00,0.4894,0.4952,0.4839,0.4889,2368201.4
2024-05-26 16:00:00+00:00,0.4889,0.4927,0.4819,0.4848,1863744.6
2024-05-26 20:00:00+00:00,0.4848,0.4858,0.4782,0.4809,1508321.6
2024-05-27 00:00:00+00:00,0.4809,0.4888,0.4803,0.4868,1580444.6
2024-05-27 04:00:00+00:00,0.4868,0.4882,0.4763,0.4785,1883168.5
2024-05-27 08:00:00+00:00,0.4785,0.4833,0.4752,0.4793,2369339.6
2024-05-27 12:00:00+00:00,0.4793,0.4933,0.4783,0.491,3473933.4
2024-05-27 16:00:00+00:00,0.491,0.4998,0.4887,0.4942,5377268.7
2024-05-27 20:00:00+00:00,0.4942,0.5038,0.4931,0.4971,3114570.6
2024-05-28 00:00:00+00:00,0.4971,0.4993,0.4835,0.4874,8903515.7
2024-05-28 04:00:00+00:00,0.4874,0.4874,0.4718,0.4765,5963647.4
2024-05-28 08:00:00+00:00,0.4765,0.4886,0.4754,0.4816,2557895.9
2024-05-28 12:00:00+00:00,0.4816,0.4822,0.4729,0.4808,7841232.5
2024-05-28 16:00:00+00:00,0.4808,0.5,0.4783,0.4954,5888722.6
2024-05-28 20:00:00+00:00,0.4954,0.5075,0.489,0.4908,2823974.2
2024-05-29 00:00:00+00:00,0.4908,0.494,0.4852,0.4894,2583620.8
2024-05-29 04:00:00+00:00,0.4894,0.4954,0.4883,0.4907,2078750.9
2024-05-29 08:00:00+00:00,0.4907,0.504,0.4844,0.4975,6436836.0
2024-05-29 12:00:00+00:00,0.4975,0.5061,0.4908,0.4935,8559034.2
2024-05-29 16:00:00+00:00,0.4935,0.5006,0.4849,0.4856,4531942.2
2024-05-29 20:00:00+00:00,0.4856,0.4881,0.481,0.4821,2439329.2
2024-05-30 00:00:00+00:00,0.4821,0.488,0.4794,0.4842,1445771.6
2024-05-30 04:00:00+00:00,0.4842,0.4848,0.4655,0.4685,4436377.7
2024-05-30 08:00:00+00:00,0.4685,0.474,0.4633,0.4702,2859500.6
2024-05-30 12:00:00+00:00,0.4702,0.4782,0.4683,0.4714,3748341.1
2024-05-30 16:00:00+00:00,0.4714,0.4803,0.4714,0.4751,2674992.2
2024-05-30 20:00:00+00:00,0.4751,0.4751,0.4664,0.4689,2059507.3
2024-05-31 00:00:00+00:00,0.4689,0.472,0.4641,0.4707,1402167.3
2024-05-31 04:00:00+00:00,0.4707,0.474,0.463,0.4664,1925768.8
2024-05-31 08:00:00+00:00,0.4664,0.471,0.4645,0.4686,2059061.1
2024-05-31 12:00:00+00:00,0.4686,0.4765,0.4592,0.4597,4381867.2
2024-05-31 16:00:00+00:00,0.4597,0.4676,0.4544,0.466,3472353.2
2024-05-31 20:00:00+00:00,0.466,0.4677,0.4607,0.4623,1225554.2
2024-06-01 00:00:00+00:00,0.4623,0.4642,0.46,0.4625,786239.1
2024-06-01 04:00:00+00:00,0.4625,0.4659,0.462,0.4625,615882.7
2024-06-01 08:00:00+00:00,0.4625,0.4672,0.4623,0.4655,971103.6
2024-06-01 12:00:00+00:00,0.4655,0.4735,0.4648,0.4704,1232522.7
2024-06-01 16:00:00+00:00,0.4704,0.4738,0.4691,0.4716,1147173.6
2024-06-01 20:00:00+00:00,0.4716,0.4752,0.4709,0.4716,802780.5
2024-06-02 00:00:00+00:00,0.4716,0.4758,0.4708,0.4725,920288.6
2024-06-02 04:00:00+00:00,0.4725,0.4737,0.4665,0.4675,1145337.2
2024-06-02 08:00:00+00:00,0.4675,0.4735,0.4647,0.4724,1426710.3
2024-06-02 12:00:00+00:00,0.4724,0.4727,0.4651,0.4661,1281980.2
2024-06-02 16:00:00+00:00,0.4661,0.4677,0.4503,0.4551,3830999.6
2024-06-02 20:00:00+00:00,0.4551,0.4554,0.4504,0.4539,1247209.8
2024-06-03 00:00:00+00:00,0.4539,0.472,0.4469,0.4702,2897218.7
2024-06-03 04:00:00+00:00,0.4702,0.4787,0.4675,0.4744,2913008.1
2024-06-03 08:00:00+00:00,0.4744,0.4762,0.4675,0.4698,1536362.8
2024-06-03 12:00:00+00:00,0.4698,0.4743,0.4616,0.47,3067829.4
2024-06-03 16:00:00+00:00,0.47,0.4703,0.4629,0.4643,1585334.1
2024-06-03 20:00:00+00:00,0.4643,0.4651,0.4542,0.456,1838233.6
2024-06-04 00:00:00+00:00,0.456,0.4617,0.4538,0.4576,1797959.6
2024-06-04 04:00:00+00:00,0.4576,0.461,0.4562,0.4578,2243305.9
2024-06-04 08:00:00+00:00,0.4578,0.4692,0.4544,0.4649,3353027.6
2024-06-04 12:00:00+00:00,0.4649,0.4736,0.463,0.472,3972067.9
2024-06-04 16:00:00+00:00,0.472,0.4771,0.4673,0.4698,3494746.9
2024-06-04 20:00:00+00:00,0.4698,0.4705,0.4619,0.4652,1987674.8
2024-06-05 00:00:00+00:00,0.4652,0.468,0.4598,0.465,1881865.8
2024-06-05 04:00:00+00:00,0.465,0.4677,0.4618,0.4646,1993711.1
2024-06-05 08:00:00+00:00,0.4646,0.4664,0.4609,0.4641,1867164.7
2024-06-05 12:00:00+00:00,0.4641,0.4665,0.4589,0.4652,3003228.1
2024-06-05 16:00:00+00:00,0.4652,0.472,0.4649,0.4709,1841111.0
2024-06-05 20:00:00+00:00,0.4709,0.4741,0.4682,0.4728,1682337.6
2024-06-06 00:00:00+00:00,0.4728,0.4744,0.4657,0.4665,1896575.5
2024-06-06 04:00:00+00:00,0.4665,0.467,0.4603,0.464,2264400.4
2024-06-06 08:00:00+00:00,0.464,0.4655,0.4612,0.4649,1743135.1
2024-06-06 12:00:00+00:00,0.4649,0.4704,0.4627,0.4685,4117525.8
2024-06-06 16:00:00+00:00,0.4685,0.4721,0.4604,0.4611,2850982.0
2024-06-06 20:00:00+00:00,0.4611,0.4638,0.4531,0.4612,2510355.0
2024-06-07 00:00:00+00:00,0.4612,0.4631,0.4564,0.4582,1149782.0
2024-06-07 04:00:00+00:00,0.4582,0.464,0.4578,0.4588,1218391.7
2024-06-07 08:00:00+00:00,0.4588,0.4606,0.4541,0.4601,1650489.8
2024-06-07 12:00:00+00:00,0.4601,0.4638,0.449,0.4627,5124439.1
2024-06-07 16:00:00+00:00,0.4627,0.4655,0.3591,0.41,39245297.9
2024-06-07 20:00:00+00:00,0.41,0.4222,0.4085,0.4202,3955273.5
2024-06-08 00:00:00+00:00,0.4202,0.4216,0.4143,0.4196,1912282.1
2024-06-08 04:00:00+00:00,0.4196,0.4197,0.4154,0.4179,1340731.2
2024-06-08 08:00:00+00:00,0.4179,0.4179,0.4003,0.4027,3002687.3
2024-06-08 12:00:00+00:00,0.4027,0.4056,0.3954,0.4014,5762226.8
2024-06-08 16:00:00+00:00,0.4014,0.4039,0.3961,0.399,3961497.2
2024-06-08 20:00:00+00:00,0.399,0.4009,0.3956,0.4003,1837936.6
2024-06-09 00:00:00+00:00,0.4003,0.4027,0.3959,0.4017,2528449.3
2024-06-09 04:00:00+00:00,0.4017,0.4062,0.3971,0.4047,2202408.3
2024-06-09 08:00:00+00:00,0.4047,0.4073,0.4041,0.4058,1116485.4
2024-06-09 12:00:00+00:00,0.4058,0.41,0.4034,0.4056,2555706.3
2024-06-09 16:00:00+00:00,0.4056,0.425,0.4046,0.4168,4195874.9
2024-06-09 20:00:00+00:00,0.4168,0.4211,0.4148,0.417,1187900.4
2024-06-10 00:00:00+00:00,0.417,0.418,0.4122,0.4156,1793078.6
2024-06-10 04:00:00+00:00,0.4156,0.417,0.4063,0.4071,4442232.2
2024-06-10 08:00:00+00:00,0.4071,0.4231,0.4069,0.415,3183355.8
2024-06-10 12:00:00+00:00,0.415,0.415,0.3998,0.4079,5847246.2
2024-06-10 16:00:00+00:00,0.4079,0.4172,0.3907,0.3926,7869002.5
2024-06-10 20:00:00+00:00,0.3926,0.3933,0.3752,0.3827,13093667.1
2024-06-11 00:00:00+00:00,0.3827,0.3846,0.3623,0.3739,14365374.9
2024-06-11 04:00:00+00:00,0.3739,0.3774,0.3708,0.3766,8270584.3
2024-06-11 08:00:00+00:00,0.3766,0.3816,0.3738,0.3781,6891747.9
2024-06-11 12:00:00+00:00,0.3781,0.3802,0.3565,0.369,17484574.7
2024-06-11 16:00:00+00:00,0.369,0.3718,0.3559,0.3606,16199415.7
2024-06-11 20:00:00+00:00,0.3606,0.3611,0.3482,0.3505,9314885.3
2024-06-12 00:00:00+00:00,0.3505,0.3615,0.3465,0.36,16054838.7
2024-06-12 04:00:00+00:00,0.36,0.3615,0.3562,0.3602,3837477.0
2024-06-12 08:00:00+00:00,0.3602,0.3635,0.3463,0.357,27942040.6
2024-06-12 12:00:00+00:00,0.357,0.3753,0.3557,0.3711,14329376.4
2024-06-12 16:00:00+00:00,0.3711,0.3726,0.3539,0.3556,22645522.2
2024-06-12 20:00:00+00:00,0.3556,0.3626,0.3531,0.3604,3686180.3
2024-06-13 00:00:00+00:00,0.3604,0.3604,0.2212,0.2711,361243482.9
2024-06-13 04:00:00+00:00,0.2711,0.2821,0.2455,0.2751,283316048.7
2024-06-13 08:00:00+00:00,0.2751,0.2888,0.2696,0.2829,97822826.7
2024-06-13 12:00:00+00:00,0.2829,0.3051,0.2773,0.2857,133704241.5
2024-06-13 16:00:00+00:00,0.2857,0.3033,0.2853,0.2895,50097864.6
2024-06-13 20:00:00+00:00,0.2895,0.2937,0.2834,0.2865,25618359.9
2024-06-14 00:00:00+00:00,0.2865,0.2906,0.2779,0.2832,57803188.0
2024-06-14 04:00:00+00:00,0.2832,0.2981,0.2822,0.2886,52016476.7
2024-06-14 08:00:00+00:00,0.2886,0.292,0.2812,0.285,34172778.4
2024-06-14 12:00:00+00:00,0.285,0.2888,0.2789,0.2834,53022170.9
2024-06-14 16:00:00+00:00,0.2834,0.2846,0.2645,0.2714,76146778.6
2024-06-14 20:00:00+00:00,0.2714,0.2842,0.2713,0.2828,20496287.0
2024-06-15 00:00:00+00:00,0.2828,0.2849,0.2787,0.2806,21105513.9
2024-06-15 04:00:00+00:00,0.2806,0.2849,0.2778,0.2845,19495371.9
2024-06-15 08:00:00+00:00,0.2845,0.3031,0.2829,0.297,51745731.7
2024-06-15 12:00:00+00:00,0.297,0.3288,0.2918,0.3214,105357005.6
2024-06-15 16:00:00+00:00,0.3214,0.325,0.3061,0.3093,73410799.0
2024-06-15 20:00:00+00:00,0.3093,0.3159,0.3043,0.3124,30287890.4
2024-06-16 00:00:00+00:00,0.3124,0.3124,0.3047,0.3102,32274415.5
2024-06-16 04:00:00+00:00,0.3102,0.3239,0.3053,0.3204,62253902.6
2024-06-16 08:00:00+00:00,0.3204,0.3204,0.3053,0.3076,40658309.1
2024-06-16 12:00:00+00:00,0.3076,0.3265,0.3049,0.323,45988903.8
2024-06-16 16:00:00+00:00,0.323,0.3301,0.3182,0.3257,37047630.2
2024-06-16 20:00:00+00:00,0.3257,0.3385,0.3225,0.3292,34419277.7
2024-06-17 00:00:00+00:00,0.3292,0.3322,0.3177,0.3225,57838020.7
2024-06-17 04:00:00+00:00,0.3225,0.3459,0.3213,0.3432,111928086.4
2024-06-17 08:00:00+00:00,0.3432,0.3463,0.3192,0.3246,92724773.6
2024-06-17 12:00:00+00:00,0.3246,0.3365,0.3103,0.3115,73883582.3
2024-06-17 16:00:00+00:00,0.3115,0.3333,0.3003,0.328,59484858.6
2024-06-17 20:00:00+00:00,0.328,0.3285,0.3134,0.3151,27439809.0
2024-06-18 00:00:00+00:00,0.3151,0.3219,0.2637,0.2985,161090567.5
2024-06-18 04:00:00+00:00,0.2985,0.3103,0.2966,0.3067,32190100.7
2024-06-18 08:00:00+00:00,0.3067,0.3109,0.2986,0.3074,31773990.0
2024-06-18 12:00:00+00:00,0.3074,0.3088,0.2932,0.3027,54081128.5
2024-06-18 16:00:00+00:00,0.3027,0.3065,0.289,0.3064,39256555.8
2024-06-18 20:00:00+00:00,0.3064,0.3369,0.3032,0.3342,68281700.9
2024-06-19 00:00:00+00:00,0.3342,0.3588,0.3309,0.3565,55917250.0
2024-06-19 04:00:00+00:00,0.3565,0.3578,0.3468,0.3512,25751385.0
2024-06-19 08:00:00+00:00,0.3512,0.3513,0.3315,0.3331,43393570.7
2024-06-19 12:00:00+00:00,0.3331,0.3372,0.3246,0.3318,24394396.6
2024-06-19 16:00:00+00:00,0.3318,0.3366,0.3277,0.3297,20570618.9
2024-06-19 20:00:00+00:00,0.3297,0.3305,0.3216,0.325,15549327.4
2024-06-20 00:00:00+00:00,0.325,0.3319,0.3228,0.3295,25941218.8
2024-06-20 04:00:00+00:00,0.3295,0.3382,0.3278,0.3338,32840990.4
2024-06-20 08:00:00+00:00,0.3338,0.3433,0.3281,0.3411,35864951.1
2024-06-20 12:00:00+00:00,0.3411,0.3415,0.3237,0.3261,44380326.9
2024-06-20 16:00:00+00:00,0.3261,0.3482,0.3223,0.3439,39132465.3
2024-06-20 20:00:00+00:00,0.3439,0.3499,0.3402,0.3442,14015138.0
2024-06-21 00:00:00+00:00,0.3442,0.356,0.3405,0.3543,34098973.9
2024-06-21 04:00:00+00:00,0.3543,0.3668,0.3438,0.347,40520804.6
2024-06-21 08:00:00+00:00,0.347,0.3573,0.3381,0.3498,38989014.1
2024-06-21 12:00:00+00:00,0.3498,0.3509,0.3301,0.3345,32713952.3
2024-06-21 16:00:00+00:00,0.3345,0.3401,0.3281,0.3307,22814827.1
2024-06-21 20:00:00+00:00,0.3307,0.3324,0.3264,0.3278,15930299.4
2024-06-22 00:00:00+00:00,0.3278,0.331,0.3243,0.328,20839132.5
2024-06-22 04:00:00+00:00,0.328,0.336,0.3277,0.3353,17453419.6
2024-06-22 08:00:00+00:00,0.3353,0.3401,0.3304,0.3373,22524628.4
2024-06-22 12:00:00+00:00,0.3373,0.3454,0.3345,0.3393,25523440.3
2024-06-22 16:00:00+00:00,0.3393,0.3458,0.3334,0.3371,19272408.5
2024-06-22 20:00:00+00:00,0.3371,0.344,0.3334,0.3433,14138102.2
2024-06-23 00:00:00+00:00,0.3433,0.3476,0.3376,0.3391,19220558.8
2024-06-23 04:00:00+00:00,0.3391,0.341,0.3311,0.3319,11049628.2
2024-06-23 08:00:00+00:00,0.3319,0.3353,0.3306,0.3343,11519200.4
2024-06-23 12:00:00+00:00,0.3343,0.3349,0.3263,0.328,21204579.7
2024-06-23 16:00:00+00:00,0.328,0.3318,0.3234,0.3281,20886738.3
2024-06-23 20:00:00+00:00,0.3281,0.3349,0.3179,0.3339,21080774.3
2024-06-24 00:00:00+00:00,0.3339,0.3422,0.3188,0.321,38927534.1
2024-06-24 04:00:00+00:00,0.321,0.3297,0.312,0.32,47800822.4
2024-06-24 08:00:00+00:00,0.32,0.3349,0.3015,0.3312,73439273.3
2024-06-24 12:00:00+00:00,0.3312,0.3455,0.3303,0.3372,40015250.9
2024-06-24 16:00:00+00:00,0.3372,0.3475,0.3317,0.334,36745813.0
2024-06-24 20:00:00+00:00,0.334,0.337,0.3246,0.3264,26305503.8
2024-06-25 00:00:00+00:00,0.3264,0.3264,0.3158,0.3209,29123461.2
2024-06-25 04:00:00+00:00,0.3209,0.3306,0.3167,0.3185,27119624.8
2024-06-25 08:00:00+00:00,0.3185,0.3222,0.3145,0.3171,27454682.2
2024-06-25 12:00:00+00:00,0.3171,0.33,0.3149,0.3295,34253292.3
2024-06-25 16:00:00+00:00,0.3295,0.3331,0.3188,0.3314,27452029.5
2024-06-25 20:00:00+00:00,0.3314,0.3321,0.3218,0.324,11846368.3
2024-06-26 00:00:00+00:00,0.324,0.3253,0.316,0.3169,19974255.2
2024-06-26 04:00:00+00:00,0.3169,0.318,0.3092,0.312,20820405.9
2024-06-26 08:00:00+00:00,0.312,0.3133,0.3072,0.3091,21986200.2
2024-06-26 12:00:00+00:00,0.3091,0.3128,0.3052,0.3095,22492326.0
2024-06-26 16:00:00+00:00,0.3095,0.3095,0.2975,0.3006,22406698.9
2024-06-26 20:00:00+00:00,0.3006,0.3012,0.2951,0.2974,15487752.8
2024-06-27 00:00:00+00:00,0.2974,0.3004,0.2914,0.2956,23291317.9
2024-06-27 04:00:00+00:00,0.2956,0.297,0.2924,0.2936,23783512.4
2024-06-27 08:00:00+00:00,0.2936,0.2945,0.2887,0.2926,20275579.3
2024-06-27 12:00:00+00:00,0.2926,0.2974,0.2833,0.2898,42027130.5
2024-06-27 16:00:00+00:00,0.2898,0.2952,0.2851,0.2894,25041891.9
2024-06-27 20:00:00+00:00,0.2894,0.2954,0.2892,0.2909,11568768.2
2024-06-28 00:00:00+00:00,0.2909,0.2957,0.2892,0.293,18977012.0
2024-06-28 04:00:00+00:00,0.293,0.2971,0.2868,0.2968,25547189.2
2024-06-28 08:00:00+00:00,0.2968,0.297,0.289,0.2904,26184512.2
2024-06-28 12:00:00+00:00,0.2904,0.2959,0.285,0.2935,33860760.7
2024-06-28 16:00:00+00:00,0.2935,0.294,0.2777,0.2796,39277168.5
2024-06-28 20:00:00+00:00,0.2796,0.2805,0.2744,0.2792,17000135.6
2024-06-29 00:00:00+00:00,0.2792,0.2812,0.2757,0.2775,16814408.5
2024-06-29 04:00:00+00:00,0.2775,0.2837,0.2718,0.2812,29969362.9
2024-06-29 08:00:00+00:00,0.2812,0.2857,0.2804,0.2833,18759778.3
2024-06-29 12:00:00+00:00,0.2833,0.2833,0.2793,0.2831,15069623.3
2024-06-29 16:00:00+00:00,0.2831,0.2831,0.2768,0.2789,18513893.2
2024-06-29 20:00:00+00:00,0.2789,0.2804,0.2747,0.2757,11767810.9
2024-06-30 00:00:00+00:00,0.2757,0.2792,0.2723,0.2738,17170167.1
2024-06-30 04:00:00+00:00,0.2738,0.2869,0.2722,0.2833,27144999.4
2024-06-30 08:00:00+00:00,0.2833,0.286,0.2809,0.2813,20914569.4
2024-06-30 12:00:00+00:00,0.2813,0.2866,0.2796,0.2852,13363275.5
2024-06-30 16:00:00+00:00,0.2852,0.2853,0.2799,0.282,11053365.4
2024-06-30 20:00:00+00:00,0.282,0.2878,0.2801,0.2853,8522218.6
2024-07-01 00:00:00+00:00,0.2853,0.2934,0.2802,0.2812,22412349.1
2024-07-01 04:00:00+00:00,0.2812,0.2819,0.2743,0.2793,15810628.5
2024-07-01 08:00:00+00:00,0.2793,0.2881,0.2787,0.2869,21413651.7
2024-07-01 12:00:00+00:00,0.2869,0.2879,0.2703,0.2735,28047914.3
2024-07-01 16:00:00+00:00,0.2735,0.2887,0.2718,0.2872,25595039.8
2024-07-01 20:00:00+00:00,0.2872,0.2875,0.2793,0.2828,13117066.9
2024-07-02 00:00:00+00:00,0.2828,0.2889,0.2797,0.2864,25999062.3
2024-07-02 04:00:00+00:00,0.2864,0.287,0.2825,0.2826,11890363.0
2024-07-02 08:00:00+00:00,0.2826,0.2888,0.2799,0.286,15738771.1
2024-07-02 12:00:00+00:00,0.286,0.2903,0.2821,0.2856,33391545.6
2024-07-02 16:00:00+00:00,0.2856,0.2865,0.2767,0.285,21838222.1
2024-07-02 20:00:00+00:00,0.285,0.2877,0.2826,0.285,10373550.1
2024-07-03 00:00:00+00:00,0.285,0.2852,0.2742,0.2775,23279692.4
2024-07-03 04:00:00+00:00,0.2775,0.28,0.2742,0.2786,21618025.0
2024-07-03 08:00:00+00:00,0.2786,0.2844,0.2748,0.2773,26813943.1
2024-07-03 12:00:00+00:00,0.2773,0.2831,0.2708,0.2825,29856519.1
2024-07-03 16:00:00+00:00,0.2825,0.2839,0.2664,0.2682,27936207.6
2024-07-03 20:00:00+00:00,0.2682,0.2749,0.2679,0.2715,15937327.4
2024-07-04 00:00:00+00:00,0.2715,0.2754,0.2575,0.2658,69056297.3
2024-07-04 04:00:00+00:00,0.2658,0.2739,0.2656,0.2713,25835697.4
2024-07-04 08:00:00+00:00,0.2713,0.2722,0.2616,0.262,32561003.3
2024-07-04 12:00:00+00:00,0.262,0.2663,0.2541,0.2626,41635761.6
2024-07-04 16:00:00+00:00,0.2626,0.2642,0.2517,0.2543,24580439.6
2024-07-04 20:00:00+00:00,0.2543,0.2552,0.2405,0.2423,25757309.9
2024-07-05 00:00:00+00:00,0.2423,0.2423,0.2162,0.2242,159843505.8
2024-07-05 04:00:00+00:00,0.2242,0.2296,0.22,0.2275,41086215.5
2024-07-05 08:00:00+00:00,0.2275,0.2322,0.2206,0.2289,37986966.1
2024-07-05 12:00:00+00:00,0.2289,0.2359,0.2253,0.2349,30320538.6
2024-07-05 16:00:00+00:00,0.2349,0.2412,0.2345,0.2367,19571533.2
2024-07-05 20:00:00+00:00,0.2367,0.2385,0.2344,0.2358,11622134.6
2024-07-06 00:00:00+00:00,0.2358,0.2433,0.2339,0.2404,18741721.2
2024-07-06 04:00:00+00:00,0.2404,0.247,0.2377,0.2464,16681670.2
2024-07-06 08:00:00+00:00,0.2464,0.2481,0.2435,0.2477,9413992.9
2024-07-06 12:00:00+00:00,0.2477,0.2535,0.2459,0.2519,14041334.9
2024-07-06 16:00:00+00:00,0.2519,0.2613,0.2514,0.2601,13490736.4
2024-07-06 20:00:00+00:00,0.2601,0.2653,0.2599,0.2647,8950159.6
2024-07-07 00:00:00+00:00,0.2647,0.2669,0.2605,0.2657,15995044.0
2024-07-07 04:00:00+00:00,0.2657,0.2659,0.2573,0.2593,11087572.6
2024-07-07 08:00:00+00:00,0.2593,0.266,0.2581,0.2652,13714050.5
2024-07-07 12:00:00+00:00,0.2652,0.2688,0.2562,0.2588,32268745.0
2024-07-07 16:00:00+00:00,0.2588,0.2646,0.2578,0.2602,14292941.6
2024-07-07 20:00:00+00:00,0.2602,0.2607,0.2518,0.2542,10844813.4
2024-07-08 00:00:00+00:00,0.2542,0.2611,0.2465,0.2578,40294027.8
2024-07-08 04:00:00+00:00,0.2578,0.2722,0.2573,0.2683,28265352.2
2024-07-08 08:00:00+00:00,0.2683,0.2872,0.2679,0.2859,42179782.5
2024-07-08 12:00:00+00:00,0.2859,0.2929,0.2775,0.2841,44095059.5
2024-07-08 16:00:00+00:00,0.2841,0.2964,0.2829,0.2886,19683464.9
2024-07-08 20:00:00+00:00,0.2886,0.2902,0.2853,0.2878,8602284.4
2024-07-09 00:00:00+00:00,0.2878,0.2933,0.2842,0.286,18591931.3
2024-07-09 04:00:00+00:00,0.286,0.2866,0.2781,0.2824,13264162.6
2024-07-09 08:00:00+00:00,0.2824,0.2915,0.281,0.2891,15762057.0
2024-07-09 12:00:00+00:00,0.2891,0.2915,0.285,0.291,16650542.7
2024-07-09 16:00:00+00:00,0.291,0.2923,0.2857,0.2864,10836562.1
2024-07-09 20:00:00+00:00,0.2864,0.2876,0.2811,0.2839,10206837.9
2024-07-10 00:00:00+00:00,0.2839,0.2851,0.281,0.2824,10384271.9
2024-07-10 04:00:00+00:00,0.2824,0.2848,0.2782,0.2801,15407959.5
2024-07-10 08:00:00+00:00,0.2801,0.2814,0.278,0.2806,7328251.8
2024-07-10 12:00:00+00:00,0.2806,0.288,0.2794,0.2861,15758131.5
2024-07-10 16:00:00+00:00,0.2861,0.294,0.2855,0.2914,11428442.9
2024-07-10 20:00:00+00:00,0.2914,0.2949,0.2891,0.2927,9964628.9
2024-07-11 00:00:00+00:00,0.2927,0.2967,0.2889,0.2909,17548958.7
2024-07-11 04:00:00+00:00,0.2909,0.2936,0.2857,0.2896,11727870.0
2024-07-11 08:00:00+00:00,0.2896,0.2905,0.2857,0.2868,9419976.2
2024-07-11 12:00:00+00:00,0.2868,0.293,0.2706,0.2728,41648021.5
2024-07-11 16:00:00+00:00,0.2728,0.2748,0.2693,0.2707,15530417.6
2024-07-11 20:00:00+00:00,0.2707,0.2712,0.2667,0.2675,12856916.2
2024-07-12 00:00:00+00:00,0.2675,0.2785,0.267,0.2751,20164573.0
2024-07-12 04:00:00+00:00,0.2751,0.2765,0.2704,0.2748,15414603.3
2024-07-12 08:00:00+00:00,0.2748,0.2773,0.2714,0.272,19305128.5
2024-07-12 12:00:00+00:00,0.272,0.2787,0.272,0.2769,16572379.7
2024-07-12 16:00:00+00:00,0.2769,0.2776,0.2737,0.2743,10323468.8
2024-07-12 20:00:00+00:00,0.2743,0.2816,0.273,0.2811,8384628.2
2024-07-13 00:00:00+00:00,0.2811,0.2829,0.2772,0.2792,8515433.4
2024-07-13 04:00:00+00:00,0.2792,0.2834,0.2785,0.2833,7348026.5
2024-07-13 08:00:00+00:00,0.2833,0.2852,0.2812,0.2812,8995779.8
2024-07-13 12:00:00+00:00,0.2812,0.2852,0.2804,0.2831,9786980.4
2024-07-13 16:00:00+00:00,0.2831,0.285,0.2802,0.284,10104183.8
2024-07-13 20:00:00+00:00,0.284,0.2928,0.2836,0.2896,14328872.7
2024-07-14 00:00:00+00:00,0.2896,0.2923,0.2857,0.2865,12273374.6
2024-07-14 04:00:00+00:00,0.2865,0.2883,0.2832,0.2867,11046437.4
2024-07-14 08:00:00+00:00,0.2867,0.2878,0.283,0.2851,7390658.4
2024-07-14 12:00:00+00:00,0.2851,0.287,0.2823,0.2846,6504177.4
2024-07-14 16:00:00+00:00,0.2846,0.2851,0.2803,0.2806,6439758.7
2024-07-14 20:00:00+00:00,0.2806,0.2901,0.2803,0.2857,10666256.4
2024-07-15 00:00:00+00:00,0.2857,0.2919,0.2832,0.2905,14515037.5
2024-07-15 04:00:00+00:00,0.2905,0.2957,0.2882,0.2953,12249477.0
2024-07-15 08:00:00+00:00,0.2953,0.2976,0.291,0.2932,12606209.0
2024-07-15 12:00:00+00:00,0.2932,0.3015,0.293,0.2992,21026627.5
2024-07-15 16:00:00+00:00,0.2992,0.302,0.2979,0.3005,15093725.4
2024-07-15 20:00:00+00:00,0.3005,0.3056,0.2997,0.3048,12517278.2
2024-07-16 00:00:00+00:00,0.3048,0.3049,0.2979,0.2998,15057389.7
2024-07-16 04:00:00+00:00,0.2998,0.3008,0.2864,0.2874,37367672.0
2024-07-16 08:00:00+00:00,0.2874,0.2886,0.2826,0.2851,24636122.3
2024-07-16 12:00:00+00:00,0.2851,0.2935,0.2803,0.2932,31001252.0
2024-07-16 16:00:00+00:00,0.2932,0.299,0.2909,0.294,21068444.2
2024-07-16 20:00:00+00:00,0.294,0.2942,0.2834,0.2877,14735414.4
2024-07-17 00:00:00+00:00,0.2877,0.2984,0.2875,0.2905,22050912.0
2024-07-17 04:00:00+00:00,0.2905,0.2961,0.2892,0.293,16966392.0
2024-07-17 08:00:00+00:00,0.293,0.2955,0.2885,0.2893,19801693.2
2024-07-17 12:00:00+00:00,0.2893,0.2933,0.2865,0.288,18591699.9
2024-07-17 16:00:00+00:00,0.288,0.2891,0.2839,0.2858,14901257.4
2024-07-17 20:00:00+00:00,0.2858,0.2871,0.2816,0.2828,8652665.6
2024-07-18 00:00:00+00:00,0.2828,0.2891,0.2818,0.2889,12104079.6
2024-07-18 04:00:00+00:00,0.2889,0.2912,0.2848,0.2883,14527364.1
2024-07-18 08:00:00+00:00,0.2883,0.289,0.2817,0.2869,12670059.3
2024-07-18 12:00:00+00:00,0.2869,0.2889,0.2734,0.274,30610976.3
2024-07-18 16:00:00+00:00,0.274,0.2775,0.2703,0.2751,24587464.4
2024-07-18 20:00:00+00:00,0.2751,0.2785,0.2743,0.2775,8675701.0
2024-07-19 00:00:00+00:00,0.2775,0.2802,0.2693,0.2796,19340300.0
2024-07-19 04:00:00+00:00,0.2796,0.2823,0.2747,0.2761,18357431.2
2024-07-19 08:00:00+00:00,0.2761,0.2793,0.2733,0.2772,20642629.8
2024-07-19 12:00:00+00:00,0.2772,0.2833,0.2765,0.2819,18390680.1
2024-07-19 16:00:00+00:00,0.2819,0.2882,0.2819,0.2875,17858280.9
2024-07-19 20:00:00+00:00,0.2875,0.2992,0.2868,0.2977,14087663.7
2024-07-20 00:00:00+00:00,0.2977,0.2982,0.2912,0.295,11083066.6
2024-07-20 04:00:00+00:00,0.295,0.2972,0.2943,0.2953,9017898.7
2024-07-20 08:00:00+00:00,0.2953,0.2958,0.2918,0.2927,9568539.8
2024-07-20 12:00:00+00:00,0.2927,0.298,0.2923,0.295,13222923.3
2024-07-20 16:00:00+00:00,0.295,0.2977,0.2921,0.2969,15369193.1
2024-07-20 20:00:00+00:00,0.2969,0.2982,0.2925,0.2928,6881917.2
2024-07-21 00:00:00+00:00,0.2928,0.2932,0.2896,0.291,7313486.3
2024-07-21 04:00:00+00:00,0.291,0.291,0.2846,0.2869,14546999.4
2024-07-21 08:00:00+00:00,0.2869,0.2896,0.2869,0.2875,8590854.2
2024-07-21 12:00:00+00:00,0.2875,0.2903,0.2821,0.2826,14414582.2
2024-07-21 16:00:00+00:00,0.2826,0.2852,0.2724,0.2814,39879898.8
2024-07-21 20:00:00+00:00,0.2814,0.2919,0.2805,0.2903,10913526.2
2024-07-22 00:00:00+00:00,0.2903,0.2911,0.2861,0.2866,9692240.3
2024-07-22 04:00:00+00:00,0.2866,0.2878,0.2775,0.2783,12338849.8
2024-07-22 08:00:00+00:00,0.2783,0.2824,0.2776,0.2822,8277590.4
2024-07-22 12:00:00+00:00,0.2822,0.2852,0.2756,0.2836,21472781.7
2024-07-22 16:00:00+00:00,0.2836,0.2845,0.2762,0.2771,13260838.1
2024-07-22 20:00:00+00:00,0.2771,0.2773,0.2675,0.2706,16089687.6
2024-07-23 00:00:00+00:00,0.2706,0.2772,0.27,0.2752,18252991.5
2024-07-23 04:00:00+00:00,0.2752,0.2766,0.2695,0.2752,28756462.4
2024-07-23 08:00:00+00:00,0.2752,0.2863,0.2748,0.2839,27578624.6
2024-07-23 12:00:00+00:00,0.2839,0.2851,0.2759,0.277,27588197.6
2024-07-23 16:00:00+00:00,0.277,0.2771,0.2634,0.2738,27955422.7
2024-07-23 20:00:00+00:00,0.2738,0.2769,0.2701,0.2724,13712774.3
2024-07-24 00:00:00+00:00,0.2724,0.2732,0.2653,0.2657,23891077.8
2024-07-24 04:00:00+00:00,0.2657,0.2713,0.2616,0.2711,20548201.7
2024-07-24 08:00:00+00:00,0.2711,0.2737,0.2687,0.2688,14918983.7
2024-07-24 12:00:00+00:00,0.2688,0.2721,0.2658,0.2658,21999212.2
2024-07-24 16:00:00+00:00,0.2658,0.2699,0.2634,0.2642,20497984.9
2024-07-24 20:00:00+00:00,0.2642,0.2661,0.2571,0.2599,26977407.7
2024-07-25 00:00:00+00:00,0.2599,0.2617,0.2487,0.2529,56246286.3
2024-07-25 04:00:00+00:00,0.2529,0.2588,0.2509,0.2562,17319827.3
2024-07-25 08:00:00+00:00,0.2562,0.2592,0.2535,0.2549,14259040.2
2024-07-25 12:00:00+00:00,0.2549,0.2572,0.2515,0.2534,28240834.4
2024-07-25 16:00:00+00:00,0.2534,0.255,0.2441,0.2485,40626317.5
2024-07-25 20:00:00+00:00,0.2485,0.2539,0.2435,0.2522,22582327.9
2024-07-26 00:00:00+00:00,0.2522,0.2608,0.2517,0.259,19630802.9
2024-07-26 04:00:00+00:00,0.259,0.2636,0.259,0.2613,16786137.6
2024-07-26 08:00:00+00:00,0.2613,0.2623,0.2578,0.2602,9858140.8
2024-07-26 12:00:00+00:00,0.2602,0.263,0.2586,0.262,16469448.1
2024-07-26 16:00:00+00:00,0.262,0.2689,0.261,0.2669,10090862.8
2024-07-26 20:00:00+00:00,0.2669,0.2679,0.2647,0.2666,6053851.3
2024-07-27 00:00:00+00:00,0.2666,0.2671,0.2634,0.2652,5827353.8
2024-07-27 04:00:00+00:00,0.2652,0.2713,0.2649,0.2693,6943497.4
2024-07-27 08:00:00+00:00,0.2693,0.2701,0.2655,0.2665,5555709.4
2024-07-27 12:00:00+00:00,0.2665,0.2697,0.2608,0.2627,15944109.6
2024-07-27 16:00:00+00:00,0.2627,0.2663,0.2606,0.2656,24091399.7
2024-07-27 20:00:00+00:00,0.2656,0.2711,0.2601,0.2679,30833321.6
2024-07-28 00:00:00+00:00,0.2679,0.2694,0.265,0.2678,16782552.2
2024-07-28 04:00:00+00:00,0.2678,0.2682,0.2629,0.2652,10970139.2
2024-07-28 08:00:00+00:00,0.2652,0.2705,0.2645,0.2647,14866098.6
2024-07-28 12:00:00+00:00,0.2647,0.2649,0.2606,0.2637,8444659.8
2024-07-28 16:00:00+00:00,0.2637,0.2655,0.2621,0.2642,9199376.4
2024-07-28 20:00:00+00:00,0.2642,0.2646,0.2602,0.2634,8343929.7
2024-07-29 00:00:00+00:00,0.2634,0.269,0.2627,0.2661,22606779.3
2024-07-29 04:00:00+00:00,0.2661,0.2676,0.262,0.2637,17996367.4
2024-07-29 08:00:00+00:00,0.2637,0.2664,0.2625,0.2629,14979754.7
2024-07-29 12:00:00+00:00,0.2629,0.2632,0.2576,0.2586,33296016.1
2024-07-29 16:00:00+00:00,0.2586,0.2596,0.2552,0.2565,34207912.8
2024-07-29 20:00:00+00:00,0.2565,0.2596,0.256,0.2588,12762177.3
2024-07-30 00:00:00+00:00,0.2588,0.2629,0.2572,0.2618,27265864.0
2024-07-30 04:00:00+00:00,0.2618,0.2645,0.2609,0.2635,18397544.4
2024-07-30 08:00:00+00:00,0.2635,0.27,0.2627,0.2693,26354431.0
2024-07-30 12:00:00+00:00,0.2693,0.2783,0.2675,0.2722,55374484.2
2024-07-30 16:00:00+00:00,0.2722,0.2729,0.2641,0.2666,37123052.5
2024-07-30 20:00:00+00:00,0.2666,0.2666,0.2525,0.2567,36331634.3
2024-07-31 00:00:00+00:00,0.2567,0.2585,0.2534,0.2552,34882173.6
2024-07-31 04:00:00+00:00,0.2552,0.2586,0.253,0.2562,25335957.3
2024-07-31 08:00:00+00:00,0.2562,0.2564,0.2502,0.254,20450201.7
2024-07-31 12:00:00+00:00,0.254,0.2682,0.2524,0.2661,53360805.3
2024-07-31 16:00:00+00:00,0.2661,0.2718,0.2612,0.2672,68905398.9
2024-07-31 20:00:00+00:00,0.2672,0.2672,0.2563,0.2608,38288630.0
2024-08-01 00:00:00+00:00,0.2608,0.2636,0.2536,0.2603,54737721.6
2024-08-01 04:00:00+00:00,0.2603,0.27,0.2538,0.267,73222847.6
2024-08-01 08:00:00+00:00,0.267,0.2866,0.2651,0.2816,104187856.0
2024-08-01 12:00:00+00:00,0.2816,0.2849,0.2736,0.2739,81528175.6
2024-08-01 16:00:00+00:00,0.2739,0.2852,0.2695,0.2828,67530927.1
2024-08-01 20:00:00+00:00,0.2828,0.2922,0.2775,0.2862,42592998.2
2024-08-02 00:00:00+00:00,0.2862,0.2902,0.2783,0.2835,52923420.9
2024-08-02 04:00:00+00:00,0.2835,0.2853,0.2744,0.275,57944405.1
2024-08-02 08:00:00+00:00,0.275,0.2877,0.2715,0.2857,58143835.7
2024-08-02 12:00:00+00:00,0.2857,0.2864,0.2609,0.2664,72621792.5
2024-08-02 16:00:00+00:00,0.2664,0.2787,0.2627,0.2738,42213960.1
2024-08-02 20:00:00+00:00,0.2738,0.2903,0.2701,0.2902,45367581.0
2024-08-03 00:00:00+00:00,0.2902,0.2908,0.2745,0.2755,77426214.2
2024-08-03 04:00:00+00:00,0.2755,0.288,0.2733,0.2857,48456545.5
2024-08-03 08:00:00+00:00,0.2857,0.2858,0.2739,0.2767,45796537.5
2024-08-03 12:00:00+00:00,0.2767,0.2888,0.275,0.2777,49175125.4
2024-08-03 16:00:00+00:00,0.2777,0.278,0.2465,0.2483,92864385.7
2024-08-03 20:00:00+00:00,0.2483,0.2536,0.2455,0.2524,32774229.4
2024-08-04 00:00:00+00:00,0.2524,0.2568,0.2473,0.2512,44859847.6
2024-08-04 04:00:00+00:00,0.2512,0.2611,0.2508,0.2566,34798628.9
2024-08-04 08:00:00+00:00,0.2566,0.2605,0.2537,0.2567,31657068.3
2024-08-04 12:00:00+00:00,0.2567,0.2604,0.2384,0.2402,45056785.1
2024-08-04 16:00:00+00:00,0.2402,0.2463,0.2317,0.2414,62753705.3
2024-08-04 20:00:00+00:00,0.2414,0.2516,0.238,0.2446,32638255.7
2024-08-05 00:00:00+00:00,0.2446,0.2476,0.2026,0.2112,311635356.8
2024-08-05 04:00:00+00:00,0.2112,0.216,0.1888,0.205,183092114.6
2024-08-05 08:00:00+00:00,0.205,0.2062,0.1799,0.1886,104506442.4
2024-08-05 12:00:00+00:00,0.1886,0.2147,0.1861,0.213,148881337.4
2024-08-05 16:00:00+00:00,0.213,0.2184,0.2038,0.2064,65785528.7
2024-08-05 20:00:00+00:00,0.2064,0.2136,0.2059,0.209,41125770.3
2024-08-06 00:00:00+00:00,0.209,0.2259,0.2085,0.2197,80694244.8
2024-08-06 04:00:00+00:00,0.2197,0.2249,0.2183,0.224,45276415.7
2024-08-06 08:00:00+00:00,0.224,0.2253,0.2169,0.221,78670519.3
2024-08-06 12:00:00+00:00,0.221,0.2399,0.2161,0.2286,75652113.2
2024-08-06 16:00:00+00:00,0.2286,0.2317,0.2233,0.2241,41660669.1
2024-08-06 20:00:00+00:00,0.2241,0.2385,0.2224,0.2286,64764270.9
2024-08-07 00:00:00+00:00,0.2286,0.2403,0.2239,0.2354,86435594.8
2024-08-07 04:00:00+00:00,0.2354,0.2441,0.2354,0.2396,36053514.6
2024-08-07 08:00:00+00:00,0.2396,0.2415,0.2329,0.2361,38296608.1
2024-08-07 12:00:00+00:00,0.2361,0.2409,0.2267,0.2349,63998312.0
2024-08-07 16:00:00+00:00,0.2349,0.2378,0.2308,0.2354,46007624.5
2024-08-07 20:00:00+00:00,0.2354,0.2387,0.2264,0.2322,46754714.2
2024-08-08 00:00:00+00:00,0.2322,0.2482,0.2254,0.2452,96472309.9
2024-08-08 04:00:00+00:00,0.2452,0.2485,0.2371,0.2397,44167701.4
2024-08-08 08:00:00+00:00,0.2397,0.2409,0.235,0.2372,42108815.8
2024-08-08 12:00:00+00:00,0.2372,0.2497,0.2354,0.2447,61255789.8
2024-08-08 16:00:00+00:00,0.2447,0.2529,0.2445,0.2499,33710351.4
2024-08-08 20:00:00+00:00,0.2499,0.2572,0.2476,0.2555,30026688.0
2024-08-09 00:00:00+00:00,0.2555,0.256,0.2476,0.2501,40597592.6
2024-08-09 04:00:00+00:00,0.2501,0.2527,0.2481,0.2495,43125531.7
2024-08-09 08:00:00+00:00,0.2495,0.2536,0.2445,0.2491,42620753.5
2024-08-09 12:00:00+00:00,0.2491,0.2492,0.2407,0.2436,47164689.1
2024-08-09 16:00:00+00:00,0.2436,0.2498,0.2426,0.2482,24373940.6
2024-08-09 20:00:00+00:00,0.2482,0.2532,0.246,0.2517,20155130.6
2024-08-10 00:00:00+00:00,0.2517,0.2548,0.2487,0.2505,32514613.1
2024-08-10 04:00:00+00:00,0.2505,0.2545,0.2492,0.2541,18940452.7
2024-08-10 08:00:00+00:00,0.2541,0.2569,0.2532,0.2555,23545646.5
2024-08-10 12:00:00+00:00,0.2555,0.2601,0.2541,0.2556,29414251.9
2024-08-10 16:00:00+00:00,0.2556,0.2571,0.2539,0.2544,17268976.3
2024-08-10 20:00:00+00:00,0.2544,0.2603,0.2539,0.2562,18198714.6
2024-08-11 00:00:00+00:00,0.2562,0.2593,0.2544,0.2572,15184724.4
2024-08-11 04:00:00+00:00,0.2572,0.2605,0.2556,0.2598,13198148.8
2024-08-11 08:00:00+00:00,0.2598,0.2598,0.2529,0.254,19590147.5
2024-08-11 12:00:00+00:00,0.254,0.2546,0.2494,0.2525,14622901.4
2024-08-11 16:00:00+00:00,0.2525,0.2536,0.2468,0.2488,14536995.8
2024-08-11 20:00:00+00:00,0.2488,0.2502,0.2438,0.2453,21693606.5
2024-08-12 00:00:00+00:00,0.2453,0.2683,0.2453,0.2673,59700609.2
2024-08-12 04:00:00+00:00,0.2673,0.2778,0.2649,0.2757,88035387.5
2024-08-12 08:00:00+00:00,0.2757,0.2862,0.2753,0.2839,65949515.0
2024-08-12 12:00:00+00:00,0.2839,0.3055,0.2836,0.2995,96257435.3
2024-08-12 16:00:00+00:00,0.2995,0.3198,0.2983,0.3024,77254804.6
2024-08-12 20:00:00+00:00,0.3024,0.3066,0.2962,0.3033,44160367.5
2024-08-13 00:00:00+00:00,0.3033,0.3084,0.2974,0.3012,76580670.5
2024-08-13 04:00:00+00:00,0.3012,0.309,0.2983,0.3063,40258155.8
2024-08-13 08:00:00+00:00,0.3063,0.3176,0.3048,0.311,65572696.1
2024-08-13 12:00:00+00:00,0.311,0.3254,0.3053,0.3083,89125065.1
2024-08-13 16:00:00+00:00,0.3083,0.3139,0.3013,0.3051,42622637.6
2024-08-13 20:00:00+00:00,0.3051,0.3091,0.3024,0.306,26020252.3
2024-08-14 00:00:00+00:00,0.306,0.3118,0.3036,0.3076,41381621.5
2024-08-14 04:00:00+00:00,0.3076,0.3158,0.3062,0.3138,40518332.3
2024-08-14 08:00:00+00:00,0.3138,0.315,0.3014,0.3034,33228967.9
2024-08-14 12:00:00+00:00,0.3034,0.305,0.2941,0.2992,51534179.2
2024-08-14 16:00:00+00:00,0.2992,0.318,0.2989,0.3157,36215594.8
2024-08-14 20:00:00+00:00,0.3157,0.3282,0.313,0.3237,42310349.2
2024-08-15 00:00:00+00:00,0.3237,0.3267,0.3153,0.3243,42644829.9
2024-08-15 04:00:00+00:00,0.3243,0.3265,0.3128,0.3139,53057426.8
2024-08-15 08:00:00+00:00,0.3139,0.3157,0.309,0.3136,43682237.3
2024-08-15 12:00:00+00:00,0.3136,0.3138,0.3046,0.3115,44298278.5
2024-08-15 16:00:00+00:00,0.3115,0.3279,0.3029,0.3073,88551457.2
2024-08-15 20:00:00+00:00,0.3073,0.32,0.3043,0.3165,49980929.5
2024-08-16 00:00:00+00:00,0.3165,0.3198,0.3074,0.3088,63519745.2
2024-08-16 04:00:00+00:00,0.3088,0.3184,0.3004,0.3013,77949224.5
2024-08-16 08:00:00+00:00,0.3013,0.3146,0.3002,0.3116,55846151.3
2024-08-16 12:00:00+00:00,0.3116,0.3131,0.2963,0.301,62714500.4
2024-08-16 16:00:00+00:00,0.301,0.3251,0.2978,0.3228,58501363.6
2024-08-16 20:00:00+00:00,0.3228,0.3384,0.3228,0.3295,46457934.9
2024-08-17 00:00:00+00:00,0.3295,0.3296,0.3208,0.3263,34039860.5
2024-08-17 04:00:00+00:00,0.3263,0.3273,0.3174,0.3179,29227791.7
2024-08-17 08:00:00+00:00,0.3179,0.3221,0.3154,0.3187,37284461.1
2024-08-17 12:00:00+00:00,0.3187,0.3192,0.3104,0.3111,37710706.2
2024-08-17 16:00:00+00:00,0.3111,0.3178,0.3089,0.3141,36181150.5
2024-08-17 20:00:00+00:00,0.3141,0.3178,0.3133,0.3146,13858511.5
2024-08-18 00:00:00+00:00,0.3146,0.3148,0.3077,0.3128,22230332.9
2024-08-18 04:00:00+00:00,0.3128,0.3156,0.3097,0.3137,20719927.5
2024-08-18 08:00:00+00:00,0.3137,0.3149,0.307,0.3077,23341157.8
2024-08-18 12:00:00+00:00,0.3077,0.3268,0.3057,0.3252,44392871.1
2024-08-18 16:00:00+00:00,0.3252,0.3254,0.3086,0.3114,48154573.4
2024-08-18 20:00:00+00:00,0.3114,0.3138,0.3074,0.3083,22268425.0
2024-08-19 00:00:00+00:00,0.3083,0.3092,0.3032,0.304,31403334.2
2024-08-19 04:00:00+00:00,0.304,0.3052,0.3003,0.3015,17203708.0
2024-08-19 08:00:00+00:00,0.3015,0.3025,0.2981,0.3017,23852917.0
2024-08-19 12:00:00+00:00,0.3017,0.3056,0.298,0.2995,20598546.5
2024-08-19 16:00:00+00:00,0.2995,0.3034,0.2919,0.3028,37992347.9
2024-08-19 20:00:00+00:00,0.3028,0.3061,0.299,0.3033,17209748.9
2024-08-20 00:00:00+00:00,0.3033,0.306,0.3003,0.3024,23255475.2
2024-08-20 04:00:00+00:00,0.3024,0.3068,0.2983,0.3041,29354081.7
2024-08-20 08:00:00+00:00,0.3041,0.3074,0.3014,0.3073,29103173.6
2024-08-20 12:00:00+00:00,0.3073,0.3091,0.2932,0.301,53885087.3
2024-08-20 16:00:00+00:00,0.301,0.3252,0.301,0.3249,60264375.7
2024-08-20 20:00:00+00:00,0.3249,0.3334,0.3231,0.3303,46357463.6
2024-08-21 00:00:00+00:00,0.3303,0.3422,0.3234,0.3265,61847092.7
2024-08-21 04:00:00+00:00,0.3265,0.3413,0.3258,0.3388,53273907.9
2024-08-21 08:00:00+00:00,0.3388,0.3455,0.3345,0.3382,61297725.3
2024-08-21 12:00:00+00:00,0.3382,0.3476,0.3309,0.3446,85580686.1
2024-08-21 16:00:00+00:00,0.3446,0.346,0.3367,0.3395,51121718.7
2024-08-21 20:00:00+00:00,0.3395,0.3436,0.3338,0.3363,22853252.0
2024-08-22 00:00:00+00:00,0.3363,0.3375,0.3265,0.3282,24593563.7
2024-08-22 04:00:00+00:00,0.3282,0.3308,0.3269,0.3303,18442942.8
2024-08-22 08:00:00+00:00,0.3303,0.3309,0.3247,0.3275,24260713.8
2024-08-22 12:00:00+00:00,0.3275,0.3333,0.3257,0.3257,39017946.6
2024-08-22 16:00:00+00:00,0.3257,0.3312,0.325,0.3258,29697506.0
2024-08-22 20:00:00+00:00,0.3258,0.3288,0.3258,0.3267,15732096.5
2024-08-23 00:00:00+00:00,0.3267,0.3325,0.3265,0.3274,15024934.1
2024-08-23 04:00:00+00:00,0.3274,0.3309,0.3256,0.3295,21089999.3
2024-08-23 08:00:00+00:00,0.3295,0.3308,0.3214,0.3217,22024051.6
2024-08-23 12:00:00+00:00,0.3217,0.3329,0.3183,0.3303,62138873.1
2024-08-23 16:00:00+00:00,0.3303,0.3459,0.3274,0.3422,45125027.2
2024-08-23 20:00:00+00:00,0.3422,0.3447,0.3344,0.3394,25586077.3
2024-08-24 00:00:00+00:00,0.3394,0.3409,0.3323,0.3379,37531404.1
2024-08-24 04:00:00+00:00,0.3379,0.3594,0.3378,0.3563,56150337.8
2024-08-24 08:00:00+00:00,0.3563,0.3636,0.3552,0.3608,52431146.8
2024-08-24 12:00:00+00:00,0.3608,0.3674,0.3561,0.3564,45571633.6
2024-08-24 16:00:00+00:00,0.3564,0.3657,0.3554,0.3632,39993835.9
2024-08-24 20:00:00+00:00,0.3632,0.3643,0.3484,0.3512,50949640.5
2024-08-25 00:00:00+00:00,0.3512,0.3512,0.341,0.3438,40613466.5
2024-08-25 04:00:00+00:00,0.3438,0.344,0.3302,0.3324,37322517.0
2024-08-25 08:00:00+00:00,0.3324,0.3388,0.3311,0.3347,19970603.0
2024-08-25 12:00:00+00:00,0.3347,0.3372,0.3301,0.3327,24636965.7
2024-08-25 16:00:00+00:00,0.3327,0.3362,0.325,0.3352,50055324.4
2024-08-25 20:00:00+00:00,0.3352,0.3408,0.3318,0.3338,25041923.0
2024-08-26 00:00:00+00:00,0.3338,0.3363,0.3293,0.3333,30509097.9
2024-08-26 04:00:00+00:00,0.3333,0.3353,0.3233,0.3254,34509467.9
2024-08-26 08:00:00+00:00,0.3254,0.3284,0.322,0.3265,21728055.4
2024-08-26 12:00:00+00:00,0.3265,0.3267,0.3195,0.3229,30575823.7
2024-08-26 16:00:00+00:00,0.3229,0.324,0.311,0.3121,53029447.7
2024-08-26 20:00:00+00:00,0.3121,0.3171,0.3094,0.3142,23344490.3
2024-08-27 00:00:00+00:00,0.3142,0.3195,0.3142,0.3159,15419039.3
2024-08-27 04:00:00+00:00,0.3159,0.3186,0.3123,0.3131,19008315.5
2024-08-27 08:00:00+00:00,0.3131,0.3136,0.3051,0.3065,32838401.2
2024-08-27 12:00:00+00:00,0.3065,0.3082,0.3037,0.3041,39291667.2
2024-08-27 16:00:00+00:00,0.3041,0.3065,0.2993,0.3009,23741452.2
2024-08-27 20:00:00+00:00,0.3009,0.3017,0.2845,0.2952,50835015.0
2024-08-28 00:00:00+00:00,0.2952,0.2996,0.2913,0.2994,37098221.2
2024-08-28 04:00:00+00:00,0.2994,0.3044,0.2958,0.2971,37002705.3
2024-08-28 08:00:00+00:00,0.2971,0.3077,0.2956,0.3013,72946070.9
2024-08-28 12:00:00+00:00,0.3013,0.305,0.2939,0.2961,56750358.6
2024-08-28 16:00:00+00:00,0.2961,0.3017,0.2868,0.2968,48704976.9
2024-08-28 20:00:00+00:00,0.2968,0.3025,0.2914,0.2926,34602115.6
2024-08-29 00:00:00+00:00,0.2926,0.2969,0.2922,0.2953,48310905.0
2024-08-29 04:00:00+00:00,0.2953,0.3048,0.2933,0.3015,28351512.3
2024-08-29 08:00:00+00:00,0.3015,0.3023,0.2987,0.2992,22932723.2
2024-08-29 12:00:00+00:00,0.2992,0.303,0.2969,0.2981,27227536.3
2024-08-29 16:00:00+00:00,0.2981,0.2997,0.2792,0.2842,54264672.5
2024-08-29 20:00:00+00:00,0.2842,0.2896,0.2821,0.2894,20171692.1
2024-08-30 00:00:00+00:00,0.2894,0.2921,0.288,0.2889,20900088.1
2024-08-30 04:00:00+00:00,0.2889,0.2935,0.2876,0.291,17406045.2
2024-08-30 08:00:00+00:00,0.291,0.2929,0.289,0.2899,15321542.2
2024-08-30 12:00:00+00:00,0.2899,0.2932,0.2724,0.2735,52791532.3
2024-08-30 16:00:00+00:00,0.2735,0.291,0.2728,0.2875,52249555.5
2024-08-30 20:00:00+00:00,0.2875,0.2936,0.2869,0.2926,12169561.5
2024-08-31 00:00:00+00:00,0.2926,0.2956,0.2896,0.2916,16821627.1
2024-08-31 04:00:00+00:00,0.2916,0.2935,0.2891,0.2893,11613933.4
2024-08-31 08:00:00+00:00,0.2893,0.2899,0.2871,0.2876,14871392.0
2024-08-31 12:00:00+00:00,0.2876,0.2895,0.2853,0.286,18399770.9
2024-08-31 16:00:00+00:00,0.286,0.2862,0.2812,0.282,23363794.7
2024-08-31 20:00:00+00:00,0.282,0.2856,0.2805,0.283,7804771.3
2024-09-01 00:00:00+00:00,0.283,0.2834,0.276,0.2781,14651753.2
2024-09-01 04:00:00+00:00,0.2781,0.2788,0.2723,0.2733,24966673.5
2024-09-01 08:00:00+00:00,0.2733,0.2741,0.2698,0.2718,32458473.9
2024-09-01 12:00:00+00:00,0.2718,0.2765,0.2675,0.2736,60467047.2
2024-09-01 16:00:00+00:00,0.2736,0.2776,0.2678,0.2746,31411720.1
2024-09-01 20:00:00+00:00,0.2746,0.2767,0.2623,0.2652,26835636.1
2024-09-02 00:00:00+00:00,0.2652,0.2709,0.2649,0.2705,22398039.0
2024-09-02 04:00:00+00:00,0.2705,0.2728,0.266,0.2669,28509728.0
2024-09-02 08:00:00+00:00,0.2669,0.2829,0.2669,0.2775,52807655.5
2024-09-02 12:00:00+00:00,0.2775,0.2835,0.2737,0.2797,34751905.3
2024-09-02 16:00:00+00:00,0.2797,0.2827,0.2785,0.2796,30927285.1
2024-09-02 20:00:00+00:00,0.2796,0.2842,0.2785,0.2798,28731738.1
2024-09-03 00:00:00+00:00,0.2798,0.2832,0.2767,0.2775,25192000.5
2024-09-03 04:00:00+00:00,0.2775,0.2796,0.2752,0.2776,24911583.9
2024-09-03 08:00:00+00:00,0.2776,0.2776,0.2722,0.2735,32326783.4
2024-09-03 12:00:00+00:00,0.2735,0.2748,0.2627,0.2632,47753084.0
2024-09-03 16:00:00+00:00,0.2632,0.2654,0.2611,0.2623,25767790.0
2024-09-03 20:00:00+00:00,0.2623,0.2655,0.2609,0.2614,16457795.6
2024-09-04 00:00:00+00:00,0.2614,0.2678,0.2493,0.2676,85548488.9
2024-09-04 04:00:00+00:00,0.2676,0.2699,0.2646,0.2652,47030679.3
2024-09-04 08:00:00+00:00,0.2652,0.2708,0.2617,0.2633,48600092.1
2024-09-04 12:00:00+00:00,0.2633,0.2823,0.2624,0.2815,79139488.8
2024-09-04 16:00:00+00:00,0.2815,0.2952,0.2808,0.2866,48786021.9
2024-09-04 20:00:00+00:00,0.2866,0.2972,0.2845,0.2909,28834236.7
2024-09-05 00:00:00+00:00,0.2909,0.2916,0.2833,0.2835,48974945.7
2024-09-05 04:00:00+00:00,0.2835,0.2951,0.2835,0.2932,44989718.2
2024-09-05 08:00:00+00:00,0.2932,0.2964,0.2845,0.2868,24973464.8
2024-09-05 12:00:00+00:00,0.2868,0.2887,0.2789,0.2819,43346987.7
2024-09-05 16:00:00+00:00,0.2819,0.2841,0.2774,0.2788,34811208.5
2024-09-05 20:00:00+00:00,0.2788,0.2806,0.2775,0.2789,10476739.1
2024-09-06 00:00:00+00:00,0.2789,0.284,0.277,0.2805,33070018.8
2024-09-06 04:00:00+00:00,0.2805,0.2815,0.2736,0.2767,41729392.2
2024-09-06 08:00:00+00:00,0.2767,0.279,0.2734,0.2743,47599483.2
2024-09-06 12:00:00+00:00,0.2743,0.2825,0.2688,0.2733,77171611.2
2024-09-06 16:00:00+00:00,0.2733,0.2735,0.2636,0.2652,36362732.2
2024-09-06 20:00:00+00:00,0.2652,0.2655,0.256,0.2612,29727789.4
2024-09-07 00:00:00+00:00,0.2612,0.2634,0.2581,0.2613,20304976.3
2024-09-07 04:00:00+00:00,0.2613,0.2647,0.2609,0.2615,23807531.2
2024-09-07 08:00:00+00:00,0.2615,0.2649,0.2613,0.2636,26729261.3
2024-09-07 12:00:00+00:00,0.2636,0.2674,0.263,0.2633,25546547.7
2024-09-07 16:00:00+00:00,0.2633,0.2649,0.2554,0.2592,34799150.8
2024-09-07 20:00:00+00:00,0.2592,0.2608,0.2547,0.2568,14000843.2
2024-09-08 00:00:00+00:00,0.2568,0.2634,0.2543,0.2582,42715902.7
2024-09-08 04:00:00+00:00,0.2582,0.2627,0.2554,0.2625,33624883.1
2024-09-08 08:00:00+00:00,0.2625,0.2646,0.2602,0.2623,32940778.9
2024-09-08 12:00:00+00:00,0.2623,0.2634,0.2578,0.2591,40812059.6
2024-09-08 16:00:00+00:00,0.2591,0.2632,0.2578,0.2617,45196589.7
2024-09-08 20:00:00+00:00,0.2617,0.2784,0.2616,0.2758,48571061.8
2024-09-09 00:00:00+00:00,0.2758,0.2783,0.2721,0.2763,40030519.9
2024-09-09 04:00:00+00:00,0.2763,0.2855,0.2733,0.285,42830401.8
2024-09-09 08:00:00+00:00,0.285,0.2882,0.2808,0.2834,27644314.1
2024-09-09 12:00:00+00:00,0.2834,0.287,0.2803,0.2848,26565259.6
2024-09-09 16:00:00+00:00,0.2848,0.2883,0.2829,0.2858,35789179.1
2024-09-09 20:00:00+00:00,0.2858,0.2891,0.2809,0.2821,28180823.3
2024-09-10 00:00:00+00:00,0.2821,0.2845,0.2749,0.2758,27381778.3
2024-09-10 04:00:00+00:00,0.2758,0.2787,0.2728,0.2777,23697100.2
2024-09-10 08:00:00+00:00,0.2777,0.2789,0.2747,0.2766,22925001.0
2024-09-10 12:00:00+00:00,0.2766,0.2768,0.2701,0.2722,44644876.4
2024-09-10 16:00:00+00:00,0.2722,0.2873,0.2719,0.286,39475099.9
2024-09-10 20:00:00+00:00,0.286,0.2862,0.2786,0.2796,12142195.3
2024-09-11 00:00:00+00:00,0.2796,0.2803,0.2709,0.2725,35530279.4
2024-09-11 04:00:00+00:00,0.2725,0.2794,0.267,0.2772,47893182.7
2024-09-11 08:00:00+00:00,0.2772,0.2775,0.2717,0.2756,38449014.9
2024-09-11 12:00:00+00:00,0.2756,0.278,0.2672,0.2754,63949693.8
2024-09-11 16:00:00+00:00,0.2754,0.2852,0.2745,0.278,36832930.1
2024-09-11 20:00:00+00:00,0.278,0.2793,0.2746,0.2752,9542154.3
2024-09-12 00:00:00+00:00,0.2752,0.2787,0.2717,0.2718,25250590.9
2024-09-12 04:00:00+00:00,0.2718,0.2758,0.2707,0.2715,24463862.1
2024-09-12 08:00:00+00:00,0.2715,0.2747,0.2708,0.2728,29832918.2
2024-09-12 12:00:00+00:00,0.2728,0.278,0.2705,0.272,52304944.2
2024-09-12 16:00:00+00:00,0.272,0.28,0.2716,0.2796,24546313.3
2024-09-12 20:00:00+00:00,0.2796,0.2842,0.2774,0.2837,20063277.0
2024-09-13 00:00:00+00:00,0.2837,0.2851,0.278,0.2786,17527120.0
2024-09-13 04:00:00+00:00,0.2786,0.2793,0.2749,0.2759,11932322.9
2024-09-13 08:00:00+00:00,0.2759,0.282,0.2745,0.2787,20303006.8
2024-09-13 12:00:00+00:00,0.2787,0.2873,0.274,0.2846,35795812.3
2024-09-13 16:00:00+00:00,0.2846,0.2858,0.2785,0.2791,27195016.1
2024-09-13 20:00:00+00:00,0.2791,0.2856,0.2791,0.2838,16088574.6
2024-09-14 00:00:00+00:00,0.2838,0.2843,0.2801,0.2821,11697550.4
2024-09-14 04:00:00+00:00,0.2821,0.2824,0.2772,0.2778,23149361.1
2024-09-14 08:00:00+00:00,0.2778,0.2817,0.2778,0.28,11154246.9
2024-09-14 12:00:00+00:00,0.28,0.283,0.2787,0.2802,14253403.4
2024-09-14 16:00:00+00:00,0.2802,0.2802,0.2729,0.2753,21704314.5
2024-09-14 20:00:00+00:00,0.2753,0.2776,0.2731,0.2751,9788639.7
2024-09-15 00:00:00+00:00,0.2751,0.2787,0.2738,0.2756,10207823.8
2024-09-15 04:00:00+00:00,0.2756,0.2757,0.2731,0.2753,9839336.3
2024-09-15 08:00:00+00:00,0.2753,0.2753,0.2682,0.2695,17025887.2
2024-09-15 12:00:00+00:00,0.2695,0.2734,0.2677,0.2729,19965211.6
2024-09-15 16:00:00+00:00,0.2729,0.273,0.2665,0.2673,27984936.0
2024-09-15 20:00:00+00:00,0.2673,0.2687,0.2621,0.2648,43801592.8
2024-09-16 00:00:00+00:00,0.2648,0.2662,0.2585,0.26,45957212.4
2024-09-16 04:00:00+00:00,0.26,0.2675,0.259,0.266,28461119.6
2024-09-16 08:00:00+00:00,0.266,0.2678,0.2616,0.2661,30951820.4
2024-09-16 12:00:00+00:00,0.2661,0.267,0.2598,0.2623,28917645.3
2024-09-16 16:00:00+00:00,0.2623,0.2634,0.2578,0.2611,24723769.0
2024-09-16 20:00:00+00:00,0.2611,0.2638,0.2588,0.2629,19300997.4
2024-09-17 00:00:00+00:00,0.2629,0.2647,0.2595,0.2633,17980253.2
2024-09-17 04:00:00+00:00,0.2633,0.2677,0.263,0.2661,12193630.0
2024-09-17 08:00:00+00:00,0.2661,0.2673,0.264,0.2666,13196243.9
2024-09-17 12:00:00+00:00,0.2666,0.2767,0.2653,0.2748,44183313.2
2024-09-17 16:00:00+00:00,0.2748,0.2765,0.2686,0.2711,46340432.0
2024-09-17 20:00:00+00:00,0.2711,0.2718,0.2677,0.2695,15198613.2
2024-09-18 00:00:00+00:00,0.2695,0.2753,0.2661,0.274,34985849.4
2024-09-18 04:00:00+00:00,0.274,0.274,0.2688,0.2695,18104749.5
2024-09-18 08:00:00+00:00,0.2695,0.2703,0.2611,0.262,28014750.4
2024-09-18 12:00:00+00:00,0.262,0.2638,0.2543,0.2556,34923708.0
2024-09-18 16:00:00+00:00,0.2556,0.2749,0.2542,0.2701,78218208.1
2024-09-18 20:00:00+00:00,0.2701,0.2842,0.2683,0.2835,23786172.2
2024-09-19 00:00:00+00:00,0.2835,0.2864,0.2801,0.2831,33676274.9
2024-09-19 04:00:00+00:00,0.2831,0.2839,0.2778,0.2824,19277459.9
2024-09-19 08:00:00+00:00,0.2824,0.2832,0.2789,0.2813,20559027.6
2024-09-19 12:00:00+00:00,0.2813,0.2872,0.2803,0.2847,32452507.4
2024-09-19 16:00:00+00:00,0.2847,0.2887,0.2808,0.2813,36362932.6
2024-09-19 20:00:00+00:00,0.2813,0.2828,0.2781,0.279,15382709.4
2024-09-20 00:00:00+00:00,0.279,0.2842,0.2737,0.2841,28868107.5
2024-09-20 04:00:00+00:00,0.2841,0.2899,0.284,0.2883,42544041.3
2024-09-20 08:00:00+00:00,0.2883,0.289,0.2807,0.2812,20603194.4
2024-09-20 12:00:00+00:00,0.2812,0.2837,0.2783,0.281,29898954.3
2024-09-20 16:00:00+00:00,0.281,0.2988,0.2807,0.2951,48914810.6
2024-09-20 20:00:00+00:00,0.2951,0.3067,0.2925,0.306,26084720.3
2024-09-21 00:00:00+00:00,0.306,0.3077,0.2933,0.2933,34413504.1
2024-09-21 04:00:00+00:00,0.2933,0.3032,0.2916,0.3001,28546885.6
2024-09-21 08:00:00+00:00,0.3001,0.3012,0.296,0.2992,17516321.4
2024-09-21 12:00:00+00:00,0.2992,0.3024,0.2971,0.2999,19326947.3
2024-09-21 16:00:00+00:00,0.2999,0.3015,0.2945,0.2954,19496794.7
2024-09-21 20:00:00+00:00,0.2954,0.2985,0.2931,0.2979,13879839.1
2024-09-22 00:00:00+00:00,0.2979,0.298,0.2914,0.2963,16927827.6
2024-09-22 04:00:00+00:00,0.2963,0.3006,0.2951,0.3001,14941524.1
2024-09-22 08:00:00+00:00,0.3001,0.3035,0.2927,0.2971,21943199.6
2024-09-22 12:00:00+00:00,0.2971,0.307,0.2942,0.2958,43783443.1
2024-09-22 16:00:00+00:00,0.2958,0.302,0.2935,0.2957,16799034.8
2024-09-22 20:00:00+00:00,0.2957,0.2984,0.2859,0.296,25280590.4
2024-09-23 00:00:00+00:00,0.296,0.3055,0.2896,0.3024,42215722.9
2024-09-23 04:00:00+00:00,0.3024,0.3036,0.2919,0.2933,36982474.2
2024-09-23 08:00:00+00:00,0.2933,0.294,0.2883,0.2894,26093713.3
2024-09-23 12:00:00+00:00,0.2894,0.2958,0.2863,0.2949,34558551.0
2024-09-23 16:00:00+00:00,0.2949,0.301,0.2918,0.2952,30719128.8
2024-09-23 20:00:00+00:00,0.2952,0.2985,0.2931,0.2964,9837170.6
2024-09-24 00:00:00+00:00,0.2964,0.2997,0.2906,0.299,32135837.3
2024-09-24 04:00:00+00:00,0.299,0.3011,0.2945,0.2996,12385213.7
2024-09-24 08:00:00+00:00,0.2996,0.3031,0.2974,0.3018,21365092.9
2024-09-24 12:00:00+00:00,0.3018,0.3033,0.2922,0.2944,31497496.9
2024-09-24 16:00:00+00:00,0.2944,0.3049,0.2944,0.3043,20779895.6
2024-09-24 20:00:00+00:00,0.3043,0.3113,0.3033,0.306,19469415.8
2024-09-25 00:00:00+00:00,0.306,0.3109,0.3035,0.31,19401525.3
2024-09-25 04:00:00+00:00,0.31,0.3134,0.3022,0.3043,24727455.5
2024-09-25 08:00:00+00:00,0.3043,0.3074,0.3003,0.3013,18867678.4
2024-09-25 12:00:00+00:00,0.3013,0.3135,0.3,0.3064,28847323.2
2024-09-25 16:00:00+00:00,0.3064,0.3104,0.3041,0.3054,24777690.4
2024-09-25 20:00:00+00:00,0.3054,0.3075,0.3012,0.3027,13785270.1
2024-09-26 00:00:00+00:00,0.3027,0.3056,0.2967,0.3009,20717231.4
2024-09-26 04:00:00+00:00,0.3009,0.3119,0.2991,0.3117,21071082.2
2024-09-26 08:00:00+00:00,0.3117,0.3122,0.3002,0.3018,51365867.8
2024-09-26 12:00:00+00:00,0.3018,0.3106,0.2965,0.3074,80150039.1
2024-09-26 16:00:00+00:00,0.3074,0.3097,0.2995,0.2996,38892782.3
2024-09-26 20:00:00+00:00,0.2996,0.3005,0.2893,0.2999,40936671.4
2024-09-27 00:00:00+00:00,0.2999,0.3052,0.2971,0.3047,27974152.0
2024-09-27 04:00:00+00:00,0.3047,0.3094,0.3026,0.3071,31440286.0
2024-09-27 08:00:00+00:00,0.3071,0.3101,0.3038,0.3089,33048614.6
2024-09-27 12:00:00+00:00,0.3089,0.3197,0.3057,0.3141,47426069.6
2024-09-27 16:00:00+00:00,0.3141,0.319,0.3116,0.3149,24261917.6
2024-09-27 20:00:00+00:00,0.3149,0.3204,0.3132,0.3185,14470483.4
2024-09-28 00:00:00+00:00,0.3185,0.3215,0.3177,0.3189,15650201.2
2024-09-28 04:00:00+00:00,0.3189,0.3191,0.3112,0.3114,15286890.7
2024-09-28 08:00:00+00:00,0.3114,0.3121,0.3031,0.3084,23447287.6
2024-09-28 12:00:00+00:00,0.3084,0.3113,0.3041,0.3078,17523418.1
2024-09-28 16:00:00+00:00,0.3078,0.3084,0.3037,0.3051,12997238.6
2024-09-28 20:00:00+00:00,0.3051,0.307,0.299,0.3056,16720383.5
2024-09-29 00:00:00+00:00,0.3056,0.3078,0.3009,0.3041,19150116.8
2024-09-29 04:00:00+00:00,0.3041,0.3048,0.2973,0.2984,19813476.6
2024-09-29 08:00:00+00:00,0.2984,0.3009,0.2963,0.3004,13512370.2
2024-09-29 12:00:00+00:00,0.3004,0.3016,0.2956,0.2979,18012185.3
2024-09-29 16:00:00+00:00,0.2979,0.304,0.2964,0.3035,15410423.1
2024-09-29 20:00:00+00:00,0.3035,0.3046,0.296,0.2992,22535333.0
2024-09-30 00:00:00+00:00,0.2992,0.3011,0.2925,0.2959,41323266.1
2024-09-30 04:00:00+00:00,0.2959,0.3028,0.2934,0.3024,19085920.8
2024-09-30 08:00:00+00:00,0.3024,0.304,0.292,0.2981,33433374.3
2024-09-30 12:00:00+00:00,0.2981,0.3019,0.2902,0.2907,28519551.0
2024-09-30 16:00:00+00:00,0.2907,0.2935,0.2902,0.2919,18666146.5
2024-09-30 20:00:00+00:00,0.2919,0.2948,0.2739,0.2771,39953238.9
2024-10-01 00:00:00+00:00,0.2771,0.2859,0.274,0.285,33088664.8
2024-10-01 04:00:00+00:00,0.285,0.2871,0.2831,0.2852,15208727.2
2024-10-01 08:00:00+00:00,0.2852,0.2858,0.2809,0.2811,14533193.5
2024-10-01 12:00:00+00:00,0.2811,0.2822,0.2619,0.2715,76682834.6
2024-10-01 16:00:00+00:00,0.2715,0.2736,0.2504,0.2618,86751821.1
2024-10-01 20:00:00+00:00,0.2618,0.2626,0.2549,0.2588,39460618.3
2024-10-02 00:00:00+00:00,0.2588,0.2641,0.2567,0.2641,24878434.8
2024-10-02 04:00:00+00:00,0.2641,0.2665,0.2601,0.2649,20082246.3
2024-10-02 08:00:00+00:00,0.2649,0.2659,0.2566,0.2573,23767876.6
2024-10-02 12:00:00+00:00,0.2573,0.2593,0.2526,0.2574,49004600.4
2024-10-02 16:00:00+00:00,0.2574,0.26,0.2455,0.2493,59529605.0
2024-10-02 20:00:00+00:00,0.2493,0.2559,0.2482,0.2535,35272209.3
2024-10-03 00:00:00+00:00,0.2535,0.2594,0.2528,0.2587,23181238.6
2024-10-03 04:00:00+00:00,0.2587,0.2599,0.2553,0.2559,20414088.0
2024-10-03 08:00:00+00:00,0.2559,0.2576,0.2495,0.2518,28585458.3
2024-10-03 12:00:00+00:00,0.2518,0.2572,0.2464,0.2525,47321957.8
2024-10-03 16:00:00+00:00,0.2525,0.2575,0.2476,0.2572,38726165.7
2024-10-03 20:00:00+00:00,0.2572,0.2595,0.2535,0.2588,23678594.8
2024-10-04 00:00:00+00:00,0.2588,0.2609,0.2561,0.2592,30334906.0
2024-10-04 04:00:00+00:00,0.2592,0.2625,0.2578,0.2592,21736541.6
2024-10-04 08:00:00+00:00,0.2592,0.2612,0.2562,0.2584,21490440.8
2024-10-04 12:00:00+00:00,0.2584,0.262,0.2526,0.2609,51353578.4
2024-10-04 16:00:00+00:00,0.2609,0.2645,0.2594,0.2614,34470137.3
2024-10-04 20:00:00+00:00,0.2614,0.2622,0.2566,0.2586,20942325.4
2024-10-05 00:00:00+00:00,0.2586,0.2595,0.2534,0.2552,13278842.0
2024-10-05 04:00:00+00:00,0.2552,0.26,0.2552,0.2577,10486389.5
2024-10-05 08:00:00+00:00,0.2577,0.2597,0.2561,0.2578,9590622.4
2024-10-05 12:00:00+00:00,0.2578,0.2585,0.255,0.2562,11452836.7
2024-10-05 16:00:00+00:00,0.2562,0.2567,0.2516,0.252,15110069.1
2024-10-05 20:00:00+00:00,0.252,0.2547,0.2501,0.2532,10007169.1
2024-10-06 00:00:00+00:00,0.2532,0.2549,0.2513,0.2523,10742300.0
2024-10-06 04:00:00+00:00,0.2523,0.2547,0.2511,0.2536,7302227.8
2024-10-06 08:00:00+00:00,0.2536,0.2563,0.253,0.2562,5954797.0
2024-10-06 12:00:00+00:00,0.2562,0.2623,0.2551,0.2618,15551791.2
2024-10-06 16:00:00+00:00,0.2618,0.2627,0.2573,0.2576,17045152.7
2024-10-06 20:00:00+00:00,0.2576,0.26,0.2562,0.2599,11839920.6
2024-10-07 00:00:00+00:00,0.2599,0.2672,0.2591,0.2657,19091381.2
2024-10-07 04:00:00+00:00,0.2657,0.266,0.2632,0.2633,9898999.9
2024-10-07 08:00:00+00:00,0.2633,0.2649,0.2572,0.2613,18398700.6
2024-10-07 12:00:00+00:00,0.2613,0.2672,0.2596,0.2625,19133004.1
2024-10-07 16:00:00+00:00,0.2625,0.2654,0.258,0.2614,14408846.0
2024-10-07 20:00:00+00:00,0.2614,0.2619,0.254,0.2556,11770287.9
2024-10-08 00:00:00+00:00,0.2556,0.2597,0.2554,0.2593,10622173.4
2024-10-08 04:00:00+00:00,0.2593,0.2599,0.2533,0.2563,12029609.1
2024-10-08 08:00:00+00:00,0.2563,0.2568,0.254,0.2563,7152991.6
2024-10-08 12:00:00+00:00,0.2563,0.2568,0.2486,0.2513,15983306.7
2024-10-08 16:00:00+00:00,0.2513,0.2544,0.2496,0.2514,11854492.6
2024-10-08 20:00:00+00:00,0.2514,0.2542,0.2507,0.2527,5820511.7
2024-10-09 00:00:00+00:00,0.2527,0.2566,0.2517,0.2545,7435878.7
2024-10-09 04:00:00+00:00,0.2545,0.2556,0.2528,0.2536,5626056.0
2024-10-09 08:00:00+00:00,0.2536,0.2539,0.2521,0.2531,3940924.9
2024-10-09 12:00:00+00:00,0.2531,0.2532,0.2467,0.2515,11448149.6
2024-10-09 16:00:00+00:00,0.2515,0.2518,0.2463,0.2468,15307586.2
2024-10-09 20:00:00+00:00,0.2468,0.2592,0.2443,0.2574,39520092.4
2024-10-10 00:00:00+00:00,0.2574,0.2628,0.2553,0.2598,18409024.2
2024-10-10 04:00:00+00:00,0.2598,0.2659,0.2595,0.262,16022846.5
2024-10-10 08:00:00+00:00,0.262,0.2642,0.2578,0.2622,22243002.1
2024-10-10 12:00:00+00:00,0.2622,0.2638,0.2556,0.2592,29063134.0
2024-10-10 16:00:00+00:00,0.2592,0.2615,0.2513,0.2556,26982172.1
2024-10-10 20:00:00+00:00,0.2556,0.2591,0.2548,0.2584,13243219.6
2024-10-11 00:00:00+00:00,0.2584,0.2599,0.2568,0.2577,11231561.9
2024-10-11 04:00:00+00:00,0.2577,0.2591,0.2547,0.258,9039976.6
2024-10-11 08:00:00+00:00,0.258,0.2617,0.2577,0.2609,6012940.3
2024-10-11 12:00:00+00:00,0.2609,0.2638,0.2599,0.2629,11816535.4
2024-10-11 16:00:00+00:00,0.2629,0.2653,0.2625,0.2636,8849473.6
2024-10-11 20:00:00+00:00,0.2636,0.2641,0.258,0.2586,17241439.6
2024-10-12 00:00:00+00:00,0.2586,0.2607,0.2562,0.2569,11575405.6
2024-10-12 04:00:00+00:00,0.2569,0.2627,0.2567,0.2616,9195682.4
2024-10-12 08:00:00+00:00,0.2616,0.2616,0.2589,0.2598,11215990.2
2024-10-12 12:00:00+00:00,0.2598,0.2636,0.2596,0.2616,8112327.4
2024-10-12 16:00:00+00:00,0.2616,0.2629,0.2582,0.2586,8413955.4
2024-10-12 20:00:00+00:00,0.2586,0.2623,0.2584,0.2599,5207249.0
2024-10-13 00:00:00+00:00,0.2599,0.2607,0.256,0.257,8729900.3
2024-10-13 04:00:00+00:00,0.257,0.2587,0.257,0.2585,4651025.5
2024-10-13 08:00:00+00:00,0.2585,0.2591,0.255,0.2554,6751029.2
2024-10-13 12:00:00+00:00,0.2554,0.2573,0.2514,0.2528,11486372.7
2024-10-13 16:00:00+00:00,0.2528,0.2557,0.2516,0.2549,10193286.0
2024-10-13 20:00:00+00:00,0.2549,0.2587,0.2542,0.2571,9122048.1
2024-10-14 00:00:00+00:00,0.2571,0.2628,0.2542,0.2625,12468902.1
2024-10-14 04:00:00+00:00,0.2625,0.2634,0.2587,0.2608,12033284.9
2024-10-14 08:00:00+00:00,0.2608,0.2624,0.2598,0.2615,7263453.2
2024-10-14 12:00:00+00:00,0.2615,0.2671,0.2608,0.2661,15759874.6
2024-10-14 16:00:00+00:00,0.2661,0.2682,0.264,0.2665,9181154.1
2024-10-14 20:00:00+00:00,0.2665,0.2697,0.264,0.2688,12120236.0
2024-10-15 00:00:00+00:00,0.2688,0.2693,0.2654,0.2657,8602749.2
2024-10-15 04:00:00+00:00,0.2657,0.2707,0.2647,0.2686,14486396.0
2024-10-15 08:00:00+00:00,0.2686,0.2707,0.2612,0.2627,16680345.3
2024-10-15 12:00:00+00:00,0.2627,0.2739,0.2565,0.261,37696063.1
2024-10-15 16:00:00+00:00,0.261,0.2671,0.2607,0.2633,11212812.3
2024-10-15 20:00:00+00:00,0.2633,0.2636,0.2573,0.2623,9259934.2
2024-10-16 00:00:00+00:00,0.2623,0.2645,0.2592,0.2622,7416899.1
2024-10-16 04:00:00+00:00,0.2622,0.2635,0.2579,0.2599,7420772.3
2024-10-16 08:00:00+00:00,0.2599,0.2653,0.2584,0.2634,10825925.1
2024-10-16 12:00:00+00:00,0.2634,0.2646,0.2592,0.2595,10449791.8
2024-10-16 16:00:00+00:00,0.2595,0.2601,0.2565,0.2585,7475930.8
2024-10-16 20:00:00+00:00,0.2585,0.2606,0.2571,0.2574,5149851.6
2024-10-17 00:00:00+00:00,0.2574,0.2597,0.2573,0.2587,5099482.6
2024-10-17 04:00:00+00:00,0.2587,0.2588,0.2555,0.2564,5709792.1
2024-10-17 08:00:00+00:00,0.2564,0.2574,0.2527,0.2533,7682846.6
2024-10-17 12:00:00+00:00,0.2533,0.2564,0.2527,0.2551,9855901.0
2024-10-17 16:00:00+00:00,0.2551,0.257,0.25,0.2564,24328887.5
2024-10-17 20:00:00+00:00,0.2564,0.261,0.2563,0.2591,16268008.3
2024-10-18 00:00:00+00:00,0.2591,0.2631,0.2577,0.2611,8400581.5
2024-10-18 04:00:00+00:00,0.2611,0.2651,0.2611,0.2647,7033589.8
2024-10-18 08:00:00+00:00,0.2647,0.2656,0.2624,0.2638,6632438.1
2024-10-18 12:00:00+00:00,0.2638,0.2671,0.2628,0.2645,11609663.7
2024-10-18 16:00:00+00:00,0.2645,0.2668,0.2636,0.2659,7037267.2
2024-10-18 20:00:00+00:00,0.2659,0.2667,0.2645,0.2652,4138149.6
2024-10-19 00:00:00+00:00,0.2652,0.2723,0.2651,0.2713,5292667.8
2024-10-19 04:00:00+00:00,0.2713,0.2729,0.2704,0.2707,4885019.8
2024-10-19 08:00:00+00:00,0.2707,0.2731,0.269,0.2692,5293939.1
2024-10-19 12:00:00+00:00,0.2692,0.2709,0.2685,0.269,3809187.0
2024-10-19 16:00:00+00:00,0.269,0.2692,0.2648,0.2649,3551142.8
2024-10-19 20:00:00+00:00,0.2649,0.2684,0.2646,0.268,4482484.4
2024-10-20 00:00:00+00:00,0.268,0.2691,0.2648,0.2657,5249888.8
2024-10-20 04:00:00+00:00,0.2657,0.2696,0.2652,0.2695,10087588.8
2024-10-20 08:00:00+00:00,0.2695,0.2736,0.2693,0.2733,5629820.9
2024-10-20 12:00:00+00:00,0.2733,0.2847,0.2726,0.2793,15425500.3
2024-10-20 16:00:00+00:00,0.2793,0.2797,0.2711,0.2721,13465701.4
2024-10-20 20:00:00+00:00,0.2721,0.276,0.2707,0.2759,6904737.2
2024-10-21 00:00:00+00:00,0.2759,0.2771,0.2717,0.274,7832618.7
2024-10-21 04:00:00+00:00,0.274,0.275,0.2708,0.271,4795835.5
2024-10-21 08:00:00+00:00,0.271,0.2722,0.2675,0.2711,8307393.3
2024-10-21 12:00:00+00:00,0.2711,0.2723,0.2655,0.2682,13648527.0
2024-10-21 16:00:00+00:00,0.2682,0.2688,0.2651,0.2675,7186124.5
2024-10-21 20:00:00+00:00,0.2675,0.2675,0.2631,0.2633,6820937.2
2024-10-22 00:00:00+00:00,0.2633,0.2649,0.2592,0.2627,9056503.8
2024-10-22 04:00:00+00:00,0.2627,0.2648,0.2615,0.2626,5967672.3
2024-10-22 08:00:00+00:00,0.2626,0.2626,0.258,0.2595,7611272.0
2024-10-22 12:00:00+00:00,0.2595,0.2606,0.2553,0.2592,15403255.5
2024-10-22 16:00:00+00:00,0.2592,0.2602,0.2573,0.2585,10962691.0
2024-10-22 20:00:00+00:00,0.2585,0.262,0.2583,0.2597,4476951.7
2024-10-23 00:00:00+00:00,0.2597,0.26,0.2555,0.2567,4778348.0
2024-10-23 04:00:00+00:00,0.2567,0.2583,0.2547,0.2555,4036356.5
2024-10-23 08:00:00+00:00,0.2555,0.2565,0.2522,0.2534,6278701.7
2024-10-23 12:00:00+00:00,0.2534,0.2555,0.2482,0.2511,12451978.0
2024-10-23 16:00:00+00:00,0.2511,0.2523,0.245,0.252,14594369.3
2024-10-23 20:00:00+00:00,0.252,0.2543,0.2515,0.2536,6558775.4
2024-10-24 00:00:00+00:00,0.2536,0.2561,0.2523,0.2542,7182369.9
2024-10-24 04:00:00+00:00,0.2542,0.2559,0.2513,0.252,6100011.8
2024-10-24 08:00:00+00:00,0.252,0.2528,0.2478,0.2507,9660258.9
2024-10-24 12:00:00+00:00,0.2507,0.2534,0.2501,0.2521,8007494.0
2024-10-24 16:00:00+00:00,0.2521,0.2526,0.2501,0.2517,4412841.1
2024-10-24 20:00:00+00:00,0.2517,0.2531,0.2497,0.2501,4742737.3
2024-10-25 00:00:00+00:00,0.2501,0.2508,0.2479,0.2505,5488574.0
2024-10-25 04:00:00+00:00,0.2505,0.2505,0.2462,0.2471,8919017.9
2024-10-25 08:00:00+00:00,0.2471,0.252,0.2454,0.2515,8704606.3
2024-10-25 12:00:00+00:00,0.2515,0.2532,0.2475,0.2486,12009162.0
2024-10-25 16:00:00+00:00,0.2486,0.2498,0.2403,0.2451,19093304.4
2024-10-25 20:00:00+00:00,0.2451,0.2474,0.2225,0.2355,35336152.9
2024-10-26 00:00:00+00:00,0.2355,0.2405,0.2318,0.2397,14828384.4
2024-10-26 04:00:00+00:00,0.2397,0.2413,0.239,0.2398,6082704.7
2024-10-26 08:00:00+00:00,0.2398,0.2412,0.2386,0.2403,7136833.9
2024-10-26 12:00:00+00:00,0.2403,0.241,0.2334,0.2358,12064652.0
2024-10-26 16:00:00+00:00,0.2358,0.2401,0.2349,0.2398,7952528.2
2024-10-26 20:00:00+00:00,0.2398,0.2415,0.2391,0.2402,4227743.7
2024-10-27 00:00:00+00:00,0.2402,0.2409,0.2392,0.2405,3059606.3
2024-10-27 04:00:00+00:00,0.2405,0.2409,0.2397,0.2399,2960561.4
2024-10-27 08:00:00+00:00,0.2399,0.2409,0.2384,0.2391,3146745.6
2024-10-27 12:00:00+00:00,0.2391,0.2421,0.2387,0.2415,5483784.1
2024-10-27 16:00:00+00:00,0.2415,0.2425,0.2407,0.2413,4403650.6
2024-10-27 20:00:00+00:00,0.2413,0.2445,0.2412,0.2426,4025965.1
2024-10-28 00:00:00+00:00,0.2426,0.2437,0.2375,0.2379,8139547.1
2024-10-28 04:00:00+00:00,0.2379,0.2423,0.2368,0.2414,7629936.6
2024-10-28 08:00:00+00:00,0.2414,0.2426,0.2389,0.242,5701361.5
2024-10-28 12:00:00+00:00,0.242,0.2422,0.237,0.2371,10703105.1
2024-10-28 16:00:00+00:00,0.2371,0.2414,0.2341,0.2411,10307706.8
2024-10-28 20:00:00+00:00,0.2411,0.2474,0.2407,0.2441,8578706.5
2024-10-29 00:00:00+00:00,0.2441,0.2517,0.243,0.2512,13036186.9
2024-10-29 04:00:00+00:00,0.2512,0.2534,0.2501,0.2511,8842523.4
2024-10-29 08:00:00+00:00,0.2511,0.2527,0.2493,0.2497,6331214.5
2024-10-29 12:00:00+00:00,0.2497,0.2533,0.2492,0.253,5816049.3
2024-10-29 16:00:00+00:00,0.253,0.2599,0.2528,0.257,13127017.9
2024-10-29 20:00:00+00:00,0.257,0.2599,0.2535,0.2599,7531829.7
2024-10-30 00:00:00+00:00,0.2599,0.262,0.2559,0.2608,6768857.0
2024-10-30 04:00:00+00:00,0.2608,0.2619,0.2588,0.2601,6545378.5
2024-10-30 08:00:00+00:00,0.2601,0.2615,0.2546,0.2548,7733212.9
2024-10-30 12:00:00+00:00,0.2548,0.2667,0.2536,0.2588,25311291.2
2024-10-30 16:00:00+00:00,0.2588,0.2646,0.2581,0.2588,9764879.5
2024-10-30 20:00:00+00:00,0.2588,0.2616,0.2571,0.2593,11902370.6
2024-10-31 00:00:00+00:00,0.2593,0.2598,0.2555,0.2573,9566521.0
2024-10-31 04:00:00+00:00,0.2573,0.2591,0.2545,0.2565,7339026.1
2024-10-31 08:00:00+00:00,0.2565,0.2565,0.2516,0.2534,8502578.7
2024-10-31 12:00:00+00:00,0.2534,0.254,0.2454,0.2492,20486280.2
2024-10-31 16:00:00+00:00,0.2492,0.2514,0.2419,0.2499,25212810.5
2024-10-31 20:00:00+00:00,0.2499,0.2542,0.2489,0.2529,12540496.0
2024-11-01 00:00:00+00:00,0.2529,0.2565,0.2484,0.2552,13275172.7
2024-11-01 04:00:00+00:00,0.2552,0.2554,0.2478,0.2501,8737994.3
2024-11-01 08:00:00+00:00,0.2501,0.2552,0.2496,0.2527,9751488.0
2024-11-01 12:00:00+00:00,0.2527,0.2591,0.2456,0.2482,21800471.9
2024-11-01 16:00:00+00:00,0.2482,0.2546,0.2475,0.2499,20723063.9
2024-11-01 20:00:00+00:00,0.2499,0.2502,0.2442,0.248,9952104.9
2024-11-02 00:00:00+00:00,0.248,0.2494,0.2451,0.2452,4641034.3
2024-11-02 04:00:00+00:00,0.2452,0.2465,0.2441,0.2451,4734449.3
2024-11-02 08:00:00+00:00,0.2451,0.2452,0.2417,0.2426,6555395.8
2024-11-02 12:00:00+00:00,0.2426,0.243,0.2367,0.2377,14875189.9
2024-11-02 16:00:00+00:00,0.2377,0.2396,0.2343,0.2381,13102166.2
2024-11-02 20:00:00+00:00,0.2381,0.2382,0.2355,0.2376,7337769.7
2024-11-03 00:00:00+00:00,0.2376,0.2381,0.2267,0.2309,26430868.7
2024-11-03 04:00:00+00:00,0.2309,0.2344,0.2304,0.2331,9568093.7
2024-11-03 08:00:00+00:00,0.2331,0.2344,0.2306,0.2308,9453609.9
2024-11-03 12:00:00+00:00,0.2308,0.2321,0.2232,0.2274,18140504.8
2024-11-03 16:00:00+00:00,0.2274,0.2298,0.2217,0.2275,14746093.4
2024-11-03 20:00:00+00:00,0.2275,0.2315,0.2266,0.2302,10667282.9
2024-11-04 00:00:00+00:00,0.2302,0.2334,0.227,0.2301,11404883.0
2024-11-04 04:00:00+00:00,0.2301,0.2325,0.2274,0.2276,8882432.8
2024-11-04 08:00:00+00:00,0.2276,0.2315,0.2258,0.2309,11317165.1
2024-11-04 12:00:00+00:00,0.2309,0.2336,0.228,0.2292,13316478.9
2024-11-04 16:00:00+00:00,0.2292,0.2295,0.2256,0.2273,13302231.1
2024-11-04 20:00:00+00:00,0.2273,0.2276,0.2186,0.2243,27437084.0
2024-11-05 00:00:00+00:00,0.2243,0.2276,0.2233,0.2275,15577718.4
2024-11-05 04:00:00+00:00,0.2275,0.2305,0.2271,0.2294,10745095.0
2024-11-05 08:00:00+00:00,0.2294,0.2315,0.2288,0.2309,10225633.1
2024-11-05 12:00:00+00:00,0.2309,0.2376,0.2305,0.2347,29293228.9
2024-11-05 16:00:00+00:00,0.2347,0.2387,0.2326,0.2337,12493690.6
2024-11-05 20:00:00+00:00,0.2337,0.2382,0.233,0.2367,7007406.2
2024-11-06 00:00:00+00:00,0.2367,0.2514,0.236,0.2484,18960872.4
2024-11-06 04:00:00+00:00,0.2484,0.2548,0.2468,0.2491,20195038.8
2024-11-06 08:00:00+00:00,0.2491,0.2531,0.2453,0.2516,12616782.1
2024-11-06 12:00:00+00:00,0.2516,0.2526,0.2457,0.2479,9540254.4
2024-11-06 16:00:00+00:00,0.2479,0.2539,0.2477,0.2535,10320909.6
2024-11-06 20:00:00+00:00,0.2535,0.2606,0.2527,0.2585,11005280.0
2024-11-07 00:00:00+00:00,0.2585,0.2684,0.2571,0.2668,14735808.4
2024-11-07 04:00:00+00:00,0.2668,0.2673,0.2582,0.2618,12481272.6
2024-11-07 08:00:00+00:00,0.2618,0.2636,0.2584,0.2589,7016156.2
2024-11-07 12:00:00+00:00,0.2589,0.2647,0.2578,0.2647,12986336.3
2024-11-07 16:00:00+00:00,0.2647,0.2663,0.2603,0.2627,13597314.7
2024-11-07 20:00:00+00:00,0.2627,0.2649,0.2598,0.262,6995717.4
2024-11-08 00:00:00+00:00,0.262,0.2667,0.2579,0.2604,11727726.4
2024-11-08 04:00:00+00:00,0.2604,0.2641,0.2595,0.2631,5760340.8
2024-11-08 08:00:00+00:00,0.2631,0.2633,0.2592,0.2625,7288714.1
2024-11-08 12:00:00+00:00,0.2625,0.2694,0.2614,0.266,21331595.4
2024-11-08 16:00:00+00:00,0.266,0.2688,0.2591,0.2676,31672573.6
2024-11-08 20:00:00+00:00,0.2676,0.2708,0.2626,0.2707,12062332.6
2024-11-09 00:00:00+00:00,0.2707,0.2715,0.2633,0.2651,6953500.3
2024-11-09 04:00:00+00:00,0.2651,0.2819,0.2651,0.2817,11927883.8
2024-11-09 08:00:00+00:00,0.2817,0.2819,0.2747,0.277,12697761.1
2024-11-09 12:00:00+00:00,0.277,0.2771,0.2681,0.2697,9960104.4
2024-11-09 16:00:00+00:00,0.2697,0.2728,0.2656,0.2702,9740094.6
2024-11-09 20:00:00+00:00,0.2702,0.2776,0.2694,0.2769,7369490.0
2024-11-10 00:00:00+00:00,0.2769,0.281,0.2752,0.2806,8915412.0
2024-11-10 04:00:00+00:00,0.2806,0.2852,0.2776,0.2813,18075186.7
2024-11-10 08:00:00+00:00,0.2813,0.2893,0.2811,0.2885,15395642.1
2024-11-10 12:00:00+00:00,0.2885,0.2927,0.2839,0.2884,20224889.6
2024-11-10 16:00:00+00:00,0.2884,0.2938,0.2811,0.2846,21608346.6
2024-11-10 20:00:00+00:00,0.2846,0.2871,0.2719,0.2848,25023925.3
2024-11-11 00:00:00+00:00,0.2848,0.2948,0.2846,0.2938,13640049.8
2024-11-11 04:00:00+00:00,0.2938,0.2941,0.2789,0.282,21406450.4
2024-11-11 08:00:00+00:00,0.282,0.285,0.2798,0.2847,10461564.0
2024-11-11 12:00:00+00:00,0.2847,0.2855,0.2746,0.2807,23484020.6
2024-11-11 16:00:00+00:00,0.2807,0.2872,0.2785,0.2823,20961495.5
2024-11-11 20:00:00+00:00,0.2823,0.2963,0.2813,0.2949,46550362.5
2024-11-12 00:00:00+00:00,0.2949,0.2954,0.284,0.294,24959986.3
2024-11-12 04:00:00+00:00,0.294,0.2943,0.2857,0.2907,20518930.0
2024-11-12 08:00:00+00:00,0.2907,0.2947,0.2637,0.2735,53711089.9
2024-11-12 12:00:00+00:00,0.2735,0.276,0.2646,0.2693,34009156.7
2024-11-12 16:00:00+00:00,0.2693,0.2792,0.2625,0.2755,23329805.1
2024-11-12 20:00:00+00:00,0.2755,0.2824,0.273,0.2771,13600632.5
2024-11-13 00:00:00+00:00,0.2771,0.28,0.2642,0.2643,21773479.6
2024-11-13 04:00:00+00:00,0.2643,0.2765,0.2555,0.2738,52118618.0
2024-11-13 08:00:00+00:00,0.2738,0.29,0.2725,0.2864,45696482.5
2024-11-13 12:00:00+00:00,0.2864,0.318,0.2863,0.3076,77825460.4
2024-11-13 16:00:00+00:00,0.3076,0.3262,0.3039,0.3087,46847153.5
2024-11-13 20:00:00+00:00,0.3087,0.32,0.2981,0.315,32961327.0
2024-11-14 00:00:00+00:00,0.315,0.3152,0.2985,0.3037,16976901.1
2024-11-14 04:00:00+00:00,0.3037,0.3075,0.2971,0.3025,16132730.8
2024-11-14 08:00:00+00:00,0.3025,0.3053,0.2924,0.2986,21621543.3
2024-11-14 12:00:00+00:00,0.2986,0.3022,0.2868,0.2896,27791088.0
2024-11-14 16:00:00+00:00,0.2896,0.2978,0.2877,0.2928,18544595.2
2024-11-14 20:00:00+00:00,0.2928,0.298,0.284,0.2898,23607340.2
2024-11-15 00:00:00+00:00,0.2898,0.2979,0.2873,0.2885,19221802.7
2024-11-15 04:00:00+00:00,0.2885,0.2914,0.2773,0.2849,21300422.8
2024-11-15 08:00:00+00:00,0.2849,0.2908,0.2817,0.2891,14173084.9
2024-11-15 12:00:00+00:00,0.2891,0.2912,0.2765,0.2776,16083396.8
2024-11-15 16:00:00+00:00,0.2776,0.2875,0.2762,0.2859,12304246.0
2024-11-15 20:00:00+00:00,0.2859,0.293,0.2852,0.2906,10927769.0
2024-11-16 00:00:00+00:00,0.2906,0.3005,0.2876,0.2999,11490918.0
2024-11-16 04:00:00+00:00,0.2999,0.2999,0.2926,0.2963,7594251.7
2024-11-16 08:00:00+00:00,0.2963,0.3073,0.2952,0.3071,10721701.3
2024-11-16 12:00:00+00:00,0.3071,0.3236,0.3018,0.3226,31978127.8
2024-11-16 16:00:00+00:00,0.3226,0.3764,0.3199,0.3531,118055992.8
2024-11-16 20:00:00+00:00,0.3531,0.3535,0.3337,0.3363,32602381.5
2024-11-17 00:00:00+00:00,0.3363,0.3468,0.325,0.3301,32236969.0
2024-11-17 04:00:00+00:00,0.3301,0.3345,0.3244,0.3326,14988203.6
2024-11-17 08:00:00+00:00,0.3326,0.3347,0.3268,0.3274,14316543.9
2024-11-17 12:00:00+00:00,0.3274,0.3341,0.3256,0.3294,11547463.2
2024-11-17 16:00:00+00:00,0.3294,0.3298,0.3185,0.3229,13805652.0
2024-11-17 20:00:00+00:00,0.3229,0.3248,0.3144,0.3204,11715456.1
2024-11-18 00:00:00+00:00,0.3204,0.3361,0.3168,0.334,13988524.6
2024-11-18 04:00:00+00:00,0.334,0.3699,0.3281,0.3631,43851664.6
2024-11-18 08:00:00+00:00,0.3631,0.3733,0.3546,0.358,36608934.9
2024-11-18 12:00:00+00:00,0.358,0.397,0.3542,0.3916,48490562.8
2024-11-18 16:00:00+00:00,0.3916,0.3931,0.365,0.3658,35675893.7
2024-11-18 20:00:00+00:00,0.3658,0.3777,0.3636,0.3753,17768458.5
2024-11-19 00:00:00+00:00,0.3753,0.4149,0.3696,0.4038,33108304.1
2024-11-19 04:00:00+00:00,0.4038,0.4196,0.3846,0.4039,60161429.4
2024-11-19 08:00:00+00:00,0.4039,0.4404,0.3964,0.4212,76420841.4
2024-11-19 12:00:00+00:00,0.4212,0.4286,0.4072,0.4185,36062148.5
2024-11-19 16:00:00+00:00,0.4185,0.4362,0.4151,0.4281,37937159.8
2024-11-19 20:00:00+00:00,0.4281,0.429,0.4046,0.4087,24608854.1
2024-11-20 00:00:00+00:00,0.4087,0.4087,0.3871,0.3917,24013333.4
2024-11-20 04:00:00+00:00,0.3917,0.4006,0.3861,0.3974,17397286.8
2024-11-20 08:00:00+00:00,0.3974,0.4075,0.3933,0.3984,16638846.5
2024-11-20 12:00:00+00:00,0.3984,0.4044,0.387,0.3916,20173842.6
2024-11-20 16:00:00+00:00,0.3916,0.3919,0.3601,0.3658,35579207.3
2024-11-20 20:00:00+00:00,0.3658,0.3815,0.3611,0.374,29257059.3
2024-11-21 00:00:00+00:00,0.374,0.3864,0.3671,0.3704,22043263.8
2024-11-21 04:00:00+00:00,0.3704,0.3896,0.3548,0.36,28531334.6
2024-11-21 08:00:00+00:00,0.36,0.376,0.3593,0.3735,30721431.1
2024-11-21 12:00:00+00:00,0.3735,0.4231,0.3724,0.4056,57094679.0
2024-11-21 16:00:00+00:00,0.4056,0.4127,0.3969,0.4002,23753832.0
2024-11-21 20:00:00+00:00,0.4002,0.4158,0.3996,0.4055,16542144.1
2024-11-22 00:00:00+00:00,0.4055,0.4141,0.3938,0.4094,19621325.4
2024-11-22 04:00:00+00:00,0.4094,0.4377,0.4079,0.4228,25585396.0
2024-11-22 08:00:00+00:00,0.4228,0.4229,0.405,0.4139,18056987.8
2024-11-22 12:00:00+00:00,0.4139,0.4596,0.4104,0.449,55799079.2
2024-11-22 16:00:00+00:00,0.449,0.4534,0.4354,0.4382,25143722.7
2024-11-22 20:00:00+00:00,0.4382,0.4743,0.437,0.4733,29027293.1
2024-11-23 00:00:00+00:00,0.4733,0.4891,0.4544,0.4727,35778845.2
2024-11-23 04:00:00+00:00,0.4727,0.4827,0.4599,0.4817,23064189.7
2024-11-23 08:00:00+00:00,0.4817,0.5144,0.4775,0.4946,29481259.2
2024-11-23 12:00:00+00:00,0.4946,0.5298,0.4838,0.5247,40673417.5
2024-11-23 16:00:00+00:00,0.5247,0.54,0.4939,0.5081,48231545.0
2024-11-23 20:00:00+00:00,0.5081,0.5122,0.4876,0.4955,21793484.6
2024-11-24 00:00:00+00:00,0.4955,0.5115,0.4905,0.5077,17419687.8
2024-11-24 04:00:00+00:00,0.5077,0.5349,0.4977,0.5278,24660474.5
2024-11-24 08:00:00+00:00,0.5278,0.5288,0.4866,0.4873,25095520.0
2024-11-24 12:00:00+00:00,0.4873,0.5063,0.4663,0.4682,48070179.4
2024-11-24 16:00:00+00:00,0.4682,0.4963,0.4672,0.4835,19216949.1
2024-11-24 20:00:00+00:00,0.4835,0.5181,0.4824,0.5084,12343402.8
2024-11-25 00:00:00+00:00,0.5084,0.5092,0.4803,0.5061,16889672.4
2024-11-25 04:00:00+00:00,0.5061,0.531,0.502,0.5287,18476932.8
2024-11-25 08:00:00+00:00,0.5287,0.5554,0.5281,0.554,25542890.7
2024-11-25 12:00:00+00:00,0.554,0.5776,0.5246,0.5384,59142713.9
2024-11-25 16:00:00+00:00,0.5384,0.5423,0.5245,0.536,20935682.1
2024-11-25 20:00:00+00:00,0.536,0.5571,0.5055,0.5186,33743332.7
2024-11-26 00:00:00+00:00,0.5186,0.5323,0.5101,0.5132,18247840.1
2024-11-26 04:00:00+00:00,0.5132,0.5316,0.5017,0.5057,15614349.8
2024-11-26 08:00:00+00:00,0.5057,0.5084,0.4713,0.4849,35395182.7
2024-11-26 12:00:00+00:00,0.4849,0.4978,0.477,0.4771,26763726.5
2024-11-26 16:00:00+00:00,0.4771,0.4874,0.4677,0.48,20239949.3
2024-11-26 20:00:00+00:00,0.48,0.4951,0.4788,0.4825,16915267.6
2024-11-27 00:00:00+00:00,0.4825,0.4907,0.472,0.4801,16309329.2
2024-11-27 04:00:00+00:00,0.4801,0.4953,0.4795,0.4911,13461984.5
2024-11-27 08:00:00+00:00,0.4911,0.4935,0.4756,0.4797,15049911.8
2024-11-27 12:00:00+00:00,0.4797,0.5161,0.4694,0.5083,32578852.4
2024-11-27 16:00:00+00:00,0.5083,0.5158,0.497,0.501,27346151.3
2024-11-27 20:00:00+00:00,0.501,0.5232,0.5007,0.509,15122296.3
2024-11-28 00:00:00+00:00,0.509,0.5152,0.4935,0.4955,16423176.8
2024-11-28 04:00:00+00:00,0.4955,0.5049,0.4918,0.4949,10830724.9
2024-11-28 08:00:00+00:00,0.4949,0.5006,0.4803,0.4863,13117253.1
2024-11-28 12:00:00+00:00,0.4863,0.4895,0.4752,0.4774,12673877.7
2024-11-28 16:00:00+00:00,0.4774,0.4925,0.4752,0.4905,8908828.9
2024-11-28 20:00:00+00:00,0.4905,0.4995,0.4835,0.4961,6022695.2
2024-11-29 00:00:00+00:00,0.4961,0.5095,0.4923,0.5052,9171018.0
2024-11-29 04:00:00+00:00,0.5052,0.5057,0.4873,0.4878,7853426.6
2024-11-29 08:00:00+00:00,0.4878,0.5072,0.4868,0.5038,6810757.9
2024-11-29 12:00:00+00:00,0.5038,0.527,0.4978,0.5164,30732084.7
2024-11-29 16:00:00+00:00,0.5164,0.5453,0.5149,0.538,18493550.6
2024-11-29 20:00:00+00:00,0.538,0.5466,0.535,0.5425,7322339.8
2024-11-30 00:00:00+00:00,0.5425,0.5603,0.5361,0.552,14764583.0
2024-11-30 04:00:00+00:00,0.552,0.5532,0.5349,0.5403,10173491.5
2024-11-30 08:00:00+00:00,0.5403,0.595,0.5386,0.5907,26135005.3
2024-11-30 12:00:00+00:00,0.5907,0.6312,0.5841,0.5961,49682469.6
2024-11-30 16:00:00+00:00,0.5961,0.6377,0.5886,0.6333,14411619.7
2024-11-30 20:00:00+00:00,0.6333,0.6961,0.6302,0.6824,67182653.1
2024-12-01 00:00:00+00:00,0.6824,0.7376,0.6592,0.6819,53270681.2
2024-12-01 04:00:00+00:00,0.6819,0.6828,0.634,0.6401,22323806.0
2024-12-01 08:00:00+00:00,0.6401,0.6725,0.636,0.6691,21485433.0
2024-12-01 12:00:00+00:00,0.6691,0.6838,0.6545,0.67,15988792.2
2024-12-01 16:00:00+00:00,0.67,0.6872,0.6648,0.6772,20746030.7
2024-12-01 20:00:00+00:00,0.6772,0.693,0.665,0.672,20964997.3
2024-12-02 00:00:00+00:00,0.672,0.7299,0.6701,0.6893,36373853.9
2024-12-02 04:00:00+00:00,0.6893,0.7827,0.6805,0.7565,68796471.3
2024-12-02 08:00:00+00:00,0.7565,0.7583,0.6802,0.7085,51314900.6
2024-12-02 12:00:00+00:00,0.7085,0.8008,0.6967,0.7886,40272076.9
2024-12-02 16:00:00+00:00,0.7886,0.794,0.739,0.7617,32024584.2
2024-12-02 20:00:00+00:00,0.7617,0.7646,0.7156,0.7321,26527665.2
2024-12-03 00:00:00+00:00,0.7321,0.8021,0.7242,0.7686,28417420.4
2024-12-03 04:00:00+00:00,0.7686,0.8197,0.7603,0.7677,35680226.4
2024-12-03 08:00:00+00:00,0.7677,0.8763,0.764,0.8725,53310023.9
2024-12-03 12:00:00+00:00,0.8725,0.9768,0.8445,0.9046,123985545.2
2024-12-03 16:00:00+00:00,0.9046,0.9268,0.8501,0.8517,41365489.5
2024-12-03 20:00:00+00:00,0.8517,0.9039,0.8504,0.8786,24073437.8
2024-12-04 00:00:00+00:00,0.8786,0.9274,0.8647,0.9188,38277725.0
2024-12-04 04:00:00+00:00,0.9188,1.1097,0.9162,1.0788,73952499.5
2024-12-04 08:00:00+00:00,1.0788,1.1711,1.0652,1.0997,67472587.8
2024-12-04 12:00:00+00:00,1.0997,1.2516,1.0928,1.1952,68670673.5
2024-12-04 16:00:00+00:00,1.1952,1.1971,1.113,1.1399,38983338.1
2024-12-04 20:00:00+00:00,1.1399,1.1455,1.0671,1.0945,28266333.7
2024-12-05 00:00:00+00:00,1.0945,1.0977,0.9928,1.0312,49164201.9
2024-12-05 04:00:00+00:00,1.0312,1.193,1.0266,1.1492,35202911.6
2024-12-05 08:00:00+00:00,1.1492,1.1495,1.0818,1.104,27494349.4
2024-12-05 12:00:00+00:00,1.104,1.1242,1.0535,1.1033,26734792.7
2024-12-05 16:00:00+00:00,1.1033,1.1259,1.0887,1.1139,26238941.0
2024-12-05 20:00:00+00:00,1.1139,1.1691,1.0432,1.0581,50756654.2
2024-12-06 00:00:00+00:00,1.0581,1.1407,1.0494,1.1099,33224176.9
2024-12-06 04:00:00+00:00,1.1099,1.1372,1.0713,1.0765,23846342.3
2024-12-06 08:00:00+00:00,1.0765,1.135,1.0721,1.1292,28950911.5
2024-12-06 12:00:00+00:00,1.1292,1.293,1.1251,1.1612,82978715.8
2024-12-06 16:00:00+00:00,1.1612,1.3065,1.143,1.2241,45907903.3
2024-12-06 20:00:00+00:00,1.2241,1.2625,1.1872,1.2506,24653031.8
2024-12-07 00:00:00+00:00,1.2506,1.3376,1.2391,1.253,41326141.8
2024-12-07 04:00:00+00:00,1.253,1.2687,1.1942,1.1987,23900946.1
2024-12-07 08:00:00+00:00,1.1987,1.2146,1.1747,1.2031,18278463.9
2024-12-07 12:00:00+00:00,1.2031,1.2097,1.1784,1.1852,13738894.1
2024-12-07 16:00:00+00:00,1.1852,1.1987,1.1611,1.1759,16452226.8
2024-12-07 20:00:00+00:00,1.1759,1.1938,1.1644,1.1765,9928075.0
2024-12-08 00:00:00+00:00,1.1765,1.2072,1.1693,1.1719,10561460.1
2024-12-08 04:00:00+00:00,1.1719,1.1859,1.1487,1.1767,11520635.3
2024-12-08 08:00:00+00:00,1.1767,1.2095,1.147,1.1984,22826140.9
2024-12-08 12:00:00+00:00,1.1984,1.2498,1.1815,1.2215,25272278.2
2024-12-08 16:00:00+00:00,1.2215,1.2432,1.18,1.1858,16230654.1
2024-12-08 20:00:00+00:00,1.1858,1.2293,1.1653,1.2054,12328964.1
2024-12-09 00:00:00+00:00,1.2054,1.2119,1.1181,1.1318,20589931.4
2024-12-09 04:00:00+00:00,1.1318,1.137,1.0872,1.1028,14870566.3
2024-12-09 08:00:00+00:00,1.1028,1.1064,1.0545,1.0664,24896042.0
2024-12-09 12:00:00+00:00,1.0664,1.1201,1.0563,1.0944,23252359.7
2024-12-09 16:00:00+00:00,1.0944,1.1127,1.0725,1.0988,16179490.9
2024-12-09 20:00:00+00:00,1.0988,1.1036,0.8702,1.059,88038762.0
2024-12-10 00:00:00+00:00,1.059,1.1278,1.0173,1.0814,45484920.0
2024-12-10 04:00:00+00:00,1.0814,1.1657,1.0435,1.1432,34953917.2
2024-12-10 08:00:00+00:00,1.1432,1.217,1.1209,1.1694,36163579.6
2024-12-10 12:00:00+00:00,1.1694,1.1906,1.0738,1.0765,53165448.0
2024-12-10 16:00:00+00:00,1.0765,1.1024,0.9838,1.0388,58526138.2
2024-12-10 20:00:00+00:00,1.0388,1.0958,1.0257,1.0705,28132185.1
2024-12-11 00:00:00+00:00,1.0705,1.075,0.9752,1.0298,38043690.6
2024-12-11 04:00:00+00:00,1.0298,1.0521,1.012,1.0135,17752375.9
2024-12-11 08:00:00+00:00,1.0135,1.072,1.0111,1.056,27880014.4
2024-12-11 12:00:00+00:00,1.056,1.1495,1.0548,1.1176,40871469.6
2024-12-11 16:00:00+00:00,1.1176,1.1282,1.0843,1.0955,18016657.4
2024-12-11 20:00:00+00:00,1.0955,1.1402,1.0847,1.1337,16919648.6
2024-12-12 00:00:00+00:00,1.1337,1.1902,1.0781,1.1804,27763849.9
2024-12-12 04:00:00+00:00,1.1804,1.2078,1.1349,1.1419,26091506.6
2024-12-12 08:00:00+00:00,1.1419,1.1635,1.0996,1.1044,17652720.9
2024-12-12 12:00:00+00:00,1.1044,1.1307,1.0855,1.104,28173882.7
2024-12-12 16:00:00+00:00,1.104,1.1766,1.0897,1.1305,24875176.4
2024-12-12 20:00:00+00:00,1.1305,1.2019,1.1298,1.195,35447011.3
2024-12-13 00:00:00+00:00,1.195,1.2491,1.1593,1.2082,42302616.6
2024-12-13 04:00:00+00:00,1.2082,1.2371,1.1643,1.2032,28167254.5
2024-12-13 08:00:00+00:00,1.2032,1.2322,1.1681,1.1768,24167368.8
2024-12-13 12:00:00+00:00,1.1768,1.1867,1.1265,1.1334,24344976.9
2024-12-13 16:00:00+00:00,1.1334,1.1493,1.1217,1.145,17845177.3
2024-12-13 20:00:00+00:00,1.145,1.1501,1.1155,1.1388,12891240.7
2024-12-14 00:00:00+00:00,1.1388,1.2233,1.128,1.2092,26858013.8
2024-12-14 04:00:00+00:00,1.2092,1.2877,1.1949,1.2688,29953280.1
2024-12-14 08:00:00+00:00,1.2688,1.3007,1.2468,1.2619,22297503.5
2024-12-14 12:00:00+00:00,1.2619,1.2638,1.152,1.1658,33078626.6
2024-12-14 16:00:00+00:00,1.1658,1.1795,1.1357,1.1587,24452286.8
2024-12-14 20:00:00+00:00,1.1587,1.1589,1.1124,1.1439,20075444.4
2024-12-15 00:00:00+00:00,1.1439,1.15,1.1221,1.1239,13854664.7
2024-12-15 04:00:00+00:00,1.1239,1.1768,1.1081,1.1175,22603531.3
2024-12-15 08:00:00+00:00,1.1175,1.1476,1.1122,1.1181,12778909.6
2024-12-15 12:00:00+00:00,1.1181,1.143,1.0983,1.1295,24937959.3
2024-12-15 16:00:00+00:00,1.1295,1.1591,1.1158,1.1216,17813011.6
2024-12-15 20:00:00+00:00,1.1216,1.1436,1.0657,1.1291,24121206.8
2024-12-16 00:00:00+00:00,1.1291,1.1721,1.0984,1.1087,24934539.6
2024-12-16 04:00:00+00:00,1.1087,1.1146,1.0716,1.0824,13653000.4
2024-12-16 08:00:00+00:00,1.0824,1.0961,1.0615,1.0734,16171420.5
2024-12-16 12:00:00+00:00,1.0734,1.1212,1.049,1.1101,31607056.2
2024-12-16 16:00:00+00:00,1.1101,1.1304,1.0985,1.1096,20025580.0
2024-12-16 20:00:00+00:00,1.1096,1.1184,1.0678,1.0724,12452879.1
2024-12-17 00:00:00+00:00,1.0724,1.111,1.0458,1.0948,22176113.6
2024-12-17 04:00:00+00:00,1.0948,1.1224,1.0775,1.105,13281079.3
2024-12-17 08:00:00+00:00,1.105,1.145,1.0959,1.1279,17894320.9
2024-12-17 12:00:00+00:00,1.1279,1.153,1.0994,1.1039,25819692.5
2024-12-17 16:00:00+00:00,1.1039,1.1606,1.0916,1.139,22826709.0
2024-12-17 20:00:00+00:00,1.139,1.1533,1.0876,1.1031,16888576.4
2024-12-18 00:00:00+00:00,1.1031,1.1213,1.0668,1.0703,18125657.9
2024-12-18 04:00:00+00:00,1.0703,1.0805,1.0256,1.0513,19707231.8
2024-12-18 08:00:00+00:00,1.0513,1.0697,1.0375,1.0638,8128767.1
2024-12-18 12:00:00+00:00,1.0638,1.0687,1.0212,1.0328,14405395.9
2024-12-18 16:00:00+00:00,1.0328,1.0659,1.0018,1.0025,15834310.1
2024-12-18 20:00:00+00:00,1.0025,1.012,0.9207,0.9533,42803081.3
2024-12-19 00:00:00+00:00,0.9533,0.9758,0.8954,0.9469,33837534.7
2024-12-19 04:00:00+00:00,0.9469,0.955,0.9256,0.9538,12798605.2
2024-12-19 08:00:00+00:00,0.9538,0.9623,0.9293,0.954,10381519.5
2024-12-19 12:00:00+00:00,0.954,0.9544,0.881,0.8964,23574149.9
2024-12-19 16:00:00+00:00,0.8964,0.9189,0.82,0.837,52994005.4
2024-12-19 20:00:00+00:00,0.837,0.8674,0.8115,0.8407,20356377.2
2024-12-20 00:00:00+00:00,0.8407,0.8678,0.8202,0.8477,20058307.2
2024-12-20 04:00:00+00:00,0.8477,0.8526,0.7907,0.8221,18702197.9
2024-12-20 08:00:00+00:00,0.8221,0.8237,0.6882,0.6897,61100169.8
2024-12-20 12:00:00+00:00,0.6897,0.7851,0.687,0.7695,42733399.3
2024-12-20 16:00:00+00:00,0.7695,0.8412,0.7596,0.8224,23769603.0
2024-12-20 20:00:00+00:00,0.8224,0.8439,0.7975,0.8333,15122255.7
2024-12-21 00:00:00+00:00,0.8333,0.891,0.8175,0.8826,19257355.7
2024-12-21 04:00:00+00:00,0.8826,0.9379,0.8821,0.9057,22148778.4
2024-12-21 08:00:00+00:00,0.9057,0.908,0.8616,0.8725,19070102.4
2024-12-21 12:00:00+00:00,0.8725,0.8725,0.7933,0.825,34458254.0
2024-12-21 16:00:00+00:00,0.825,0.8318,0.7788,0.7924,23996198.6
2024-12-21 20:00:00+00:00,0.7924,0.8044,0.7815,0.7905,13105860.2
2024-12-22 00:00:00+00:00,0.7905,0.8033,0.7736,0.79,13989614.7
2024-12-22 04:00:00+00:00,0.79,0.7952,0.7611,0.7799,12504533.7
2024-12-22 08:00:00+00:00,0.7799,0.815,0.7787,0.7989,11003613.1
2024-12-22 12:00:00+00:00,0.7989,0.8088,0.7656,0.7877,17551553.7
2024-12-22 16:00:00+00:00,0.7877,0.8437,0.7782,0.8004,28431873.0
2024-12-22 20:00:00+00:00,0.8004,0.8348,0.783,0.819,23955334.2
2024-12-23 00:00:00+00:00,0.819,0.8703,0.7948,0.8619,27194210.1
2024-12-23 04:00:00+00:00,0.8619,0.8739,0.8096,0.8302,18987699.8
2024-12-23 08:00:00+00:00,0.8302,0.8757,0.8272,0.8449,19040672.7
2024-12-23 12:00:00+00:00,0.8449,0.8968,0.8359,0.8511,32964495.8
2024-12-23 16:00:00+00:00,0.8511,0.8999,0.8377,0.8955,23951063.8
2024-12-23 20:00:00+00:00,0.8955,0.9946,0.8896,0.953,31533868.6
2024-12-24 00:00:00+00:00,0.953,0.9532,0.9057,0.9246,19686912.7
2024-12-24 04:00:00+00:00,0.9246,0.954,0.9171,0.9383,14711087.0
2024-12-24 08:00:00+00:00,0.9383,0.9717,0.9357,0.9709,11582036.9
2024-12-24 12:00:00+00:00,0.9709,1.0053,0.9504,0.9842,21374308.5
2024-12-24 16:00:00+00:00,0.9842,1.0626,0.9842,1.0327,29516648.9
2024-12-24 20:00:00+00:00,1.0327,1.0509,1.0117,1.0135,15613576.7
2024-12-25 00:00:00+00:00,1.0135,1.044,1.0082,1.0357,11081707.9
2024-12-25 04:00:00+00:00,1.0357,1.0452,1.0182,1.0296,9753643.4
2024-12-25 08:00:00+00:00,1.0296,1.0591,1.0296,1.0329,13673163.9
2024-12-25 12:00:00+00:00,1.0329,1.0659,1.0223,1.024,13502868.0
2024-12-25 16:00:00+00:00,1.024,1.047,1.0071,1.0397,12891953.0
2024-12-25 20:00:00+00:00,1.0397,1.0402,1.0034,1.0224,9375980.2
2024-12-26 00:00:00+00:00,1.0224,1.0285,0.9816,0.9894,12481973.0
2024-12-26 04:00:00+00:00,0.9894,0.993,0.9646,0.968,9566713.1
2024-12-26 08:00:00+00:00,0.968,0.9721,0.936,0.9558,17511722.6
2024-12-26 12:00:00+00:00,0.9558,0.9564,0.9152,0.92,15682946.9
2024-12-26 16:00:00+00:00,0.92,0.9423,0.9059,0.913,10585067.5
2024-12-26 20:00:00+00:00,0.913,0.9545,0.8927,0.9494,18342781.0
2024-12-27 00:00:00+00:00,0.9494,1.0056,0.9487,0.9833,18121202.2
2024-12-27 04:00:00+00:00,0.9833,1.007,0.9535,0.9574,13889933.6
2024-12-27 08:00:00+00:00,0.9574,1.0116,0.9572,0.9889,15626816.7
2024-12-27 12:00:00+00:00,0.9889,0.9926,0.9233,0.9303,17096493.2
2024-12-27 16:00:00+00:00,0.9303,0.9412,0.9028,0.9231,17951055.9
2024-12-27 20:00:00+00:00,0.9231,0.9275,0.8955,0.9009,7854788.8
2024-12-28 00:00:00+00:00,0.9009,0.9151,0.8941,0.9111,6342253.4
2024-12-28 04:00:00+00:00,0.9111,0.9185,0.883,0.8845,7825675.5
2024-12-28 08:00:00+00:00,0.8845,0.9684,0.8842,0.9585,20577707.8
2024-12-28 12:00:00+00:00,0.9585,0.995,0.9362,0.9786,21852100.1
2024-12-28 16:00:00+00:00,0.9786,1.0048,0.973,0.9886,10899345.6
2024-12-28 20:00:00+00:00,0.9886,1.0504,0.9835,1.02,17149675.3
2024-12-29 00:00:00+00:00,1.02,1.0319,0.9983,1.0115,10783207.3
2024-12-29 04:00:00+00:00,1.0115,1.0197,0.9809,0.9887,7441077.2
2024-12-29 08:00:00+00:00,0.9887,1.0014,0.9757,0.9893,10985626.4
2024-12-29 12:00:00+00:00,0.9893,1.0104,0.9426,0.9561,22187551.2
2024-12-29 16:00:00+00:00,0.9561,0.966,0.941,0.9437,9722598.0
2024-12-29 20:00:00+00:00,0.9437,0.9533,0.9285,0.948,15350525.7
2024-12-30 00:00:00+00:00,0.948,0.9979,0.9432,0.963,18634017.6
2024-12-30 04:00:00+00:00,0.963,0.985,0.9574,0.9663,10491385.4
2024-12-30 08:00:00+00:00,0.9663,0.979,0.9373,0.9451,12458038.4
2024-12-30 12:00:00+00:00,0.9451,0.9496,0.8998,0.9052,20259226.4
2024-12-30 16:00:00+00:00,0.9052,0.9593,0.894,0.9583,17113811.9
2024-12-30 20:00:00+00:00,0.9583,0.9759,0.9165,0.9299,16641981.3
2024-12-31 00:00:00+00:00,0.9299,0.93,0.902,0.9035,8894998.6
2024-12-31 04:00:00+00:00,0.9035,0.9148,0.8932,0.9097,6766959.1
2024-12-31 08:00:00+00:00,0.9097,0.9396,0.9001,0.9079,10952306.1
2024-12-31 12:00:00+00:00,0.9079,0.9511,0.9059,0.9298,12144111.5
2024-12-31 16:00:00+00:00,0.9298,0.935,0.8876,0.899,12554796.4
2024-12-31 20:00:00+00:00,0.899,0.9045,0.8845,0.8937,6371271.3
2025-01-01 00:00:00+00:00,0.8937,0.9188,0.8907,0.911,7105586.7
2025-01-01 04:00:00+00:00,0.911,0.9147,0.8997,0.9065,4730652.3
2025-01-01 08:00:00+00:00,0.9065,0.9078,0.8654,0.8801,11591713.3
2025-01-01 12:00:00+00:00,0.8801,0.9385,0.8797,0.937,11909702.8
2025-01-01 16:00:00+00:00,0.937,0.9724,0.9233,0.9625,13721175.7
2025-01-01 20:00:00+00:00,0.9625,0.983,0.9501,0.9581,8975479.6
2025-01-02 00:00:00+00:00,0.9581,1.0177,0.9569,1.0066,14103193.7
2025-01-02 04:00:00+00:00,1.0066,1.0217,0.9925,1.0183,10866549.1
2025-01-02 08:00:00+00:00,1.0183,1.0364,1.0094,1.017,9329073.2
2025-01-02 12:00:00+00:00,1.017,1.0434,1.0044,1.0168,12532045.7
2025-01-02 16:00:00+00:00,1.0168,1.0401,1.0036,1.0262,8663759.4
2025-01-02 20:00:00+00:00,1.0262,1.0299,0.9936,1.009,7290553.0
2025-01-03 00:00:00+00:00,1.009,1.0152,0.9913,0.9995,5111919.8
2025-01-03 04:00:00+00:00,0.9995,0.9997,0.9738,0.9757,6549482.8
2025-01-03 08:00:00+00:00,0.9757,1.0022,0.9733,0.9982,6665476.1
2025-01-03 12:00:00+00:00,0.9982,1.0722,0.9975,1.0719,14029035.5
2025-01-03 16:00:00+00:00,1.0719,1.0894,1.0581,1.0824,10031317.2
2025-01-03 20:00:00+00:00,1.0824,1.1127,1.0766,1.0859,9286187.0
2025-01-04 00:00:00+00:00,1.0859,1.0876,1.0664,1.0683,5146352.9
2025-01-04 04:00:00+00:00,1.0683,1.0728,1.0569,1.0608,5359412.0
2025-01-04 08:00:00+00:00,1.0608,1.0753,1.0456,1.0733,6165424.3
2025-01-04 12:00:00+00:00,1.0733,1.1077,1.0436,1.0551,14177073.6
2025-01-04 16:00:00+00:00,1.0551,1.0659,1.0494,1.0595,6531248.6
2025-01-04 20:00:00+00:00,1.0595,1.0677,1.0457,1.0476,4407911.2
2025-01-05 00:00:00+00:00,1.0476,1.0546,1.0304,1.0394,6426657.2
2025-01-05 04:00:00+00:00,1.0394,1.0495,1.0307,1.0403,4102243.2
2025-01-05 08:00:00+00:00,1.0403,1.0443,1.0151,1.0295,8385522.4
2025-01-05 12:00:00+00:00,1.0295,1.042,1.02,1.0279,6377645.3
2025-01-05 16:00:00+00:00,1.0279,1.0448,1.0207,1.0349,4275718.3
2025-01-05 20:00:00+00:00,1.0349,1.0503,1.0255,1.0274,4643786.9
2025-01-06 00:00:00+00:00,1.0274,1.0503,1.0084,1.0458,8418407.7
2025-01-06 04:00:00+00:00,1.0458,1.0593,1.018,1.0187,6265958.5
2025-01-06 08:00:00+00:00,1.0187,1.0242,0.9832,0.9988,12976616.3
2025-01-06 12:00:00+00:00,0.9988,1.033,0.9765,1.0261,15959057.1
2025-01-06 16:00:00+00:00,1.0261,1.0431,0.9907,1.0024,10192917.5
2025-01-06 20:00:00+00:00,1.0024,1.0058,0.9816,0.9964,6688834.0
2025-01-07 00:00:00+00:00,0.9964,1.0045,0.9792,0.9875,5662235.1
2025-01-07 04:00:00+00:00,0.9875,0.9971,0.9821,0.9856,3343818.1
2025-01-07 08:00:00+00:00,0.9856,1.0012,0.9662,0.9754,6527455.0
2025-01-07 12:00:00+00:00,0.9754,0.9834,0.9097,0.9319,24495152.4
2025-01-07 16:00:00+00:00,0.9319,0.9454,0.9077,0.9126,9173846.8
2025-01-07 20:00:00+00:00,0.9126,0.9198,0.8906,0.8914,8058404.5
2025-01-08 00:00:00+00:00,0.8914,0.9072,0.8785,0.8858,8203183.3
2025-01-08 04:00:00+00:00,0.8858,0.8893,0.8459,0.8676,11509302.1
2025-01-08 08:00:00+00:00,0.8676,0.8838,0.8493,0.8565,7803738.2
2025-01-08 12:00:00+00:00,0.8565,0.8651,0.8367,0.8453,9383405.4
2025-01-08 16:00:00+00:00,0.8453,0.8781,0.7835,0.8588,28351828.0
2025-01-08 20:00:00+00:00,0.8588,0.8663,0.8424,0.8572,8746395.0
2025-01-09 00:00:00+00:00,0.8572,0.8859,0.8442,0.8461,11759624.4
2025-01-09 04:00:00+00:00,0.8461,0.852,0.8194,0.8231,8443382.4
2025-01-09 08:00:00+00:00,0.8231,0.8527,0.8195,0.826,9235565.9
2025-01-09 12:00:00+00:00,0.826,0.8499,0.7852,0.8416,16184576.4
2025-01-09 16:00:00+00:00,0.8416,0.8489,0.797,0.7999,9608964.1
2025-01-09 20:00:00+00:00,0.7999,0.8154,0.7868,0.8082,8951836.6
2025-01-10 00:00:00+00:00,0.8082,0.8264,0.8067,0.8222,7008853.9
2025-01-10 04:00:00+00:00,0.8222,0.8642,0.8132,0.849,9454251.8
2025-01-10 08:00:00+00:00,0.849,0.8544,0.8314,0.8417,8012525.5
2025-01-10 12:00:00+00:00,0.8417,0.8464,0.7973,0.8195,23136027.0
2025-01-10 16:00:00+00:00,0.8195,0.8504,0.8066,0.8455,11259739.4
2025-01-10 20:00:00+00:00,0.8455,0.8457,0.8244,0.8257,4680394.8
2025-01-11 00:00:00+00:00,0.8257,0.8322,0.8046,0.8073,3781815.6
2025-01-11 04:00:00+00:00,0.8073,0.8217,0.8023,0.8102,3637839.5
2025-01-11 08:00:00+00:00,0.8102,0.8311,0.8036,0.8251,3807517.7
2025-01-11 12:00:00+00:00,0.8251,0.828,0.8043,0.8048,5840402.9
2025-01-11 16:00:00+00:00,0.8048,0.8095,0.7944,0.8062,5474351.6
2025-01-11 20:00:00+00:00,0.8062,0.8682,0.8042,0.8466,13948929.6
2025-01-12 00:00:00+00:00,0.8466,0.8507,0.8327,0.8411,5521434.1
2025-01-12 04:00:00+00:00,0.8411,0.8493,0.8228,0.8337,3853410.6
2025-01-12 08:00:00+00:00,0.8337,0.8373,0.8164,0.8312,4907601.6
2025-01-12 12:00:00+00:00,0.8312,0.8499,0.827,0.8448,6284379.4
2025-01-12 16:00:00+00:00,0.8448,0.8498,0.8265,0.8315,5054964.8
2025-01-12 20:00:00+00:00,0.8315,0.834,0.8036,0.8188,5849664.1
2025-01-13 00:00:00+00:00,0.8188,0.8495,0.7945,0.7998,10691429.3
2025-01-13 04:00:00+00:00,0.7998,0.8239,0.7855,0.7999,8850377.4
2025-01-13 08:00:00+00:00,0.7999,0.8014,0.7499,0.7529,13549645.1
2025-01-13 12:00:00+00:00,0.7529,0.7949,0.7257,0.7775,30273487.2
2025-01-13 16:00:00+00:00,0.7775,0.787,0.7388,0.7525,19158269.0
2025-01-13 20:00:00+00:00,0.7525,0.8145,0.7466,0.8111,18391662.8
2025-01-14 00:00:00+00:00,0.8111,0.8224,0.8047,0.8133,7000723.9
2025-01-14 04:00:00+00:00,0.8133,0.8308,0.807,0.8075,4937337.4
2025-01-14 08:00:00+00:00,0.8075,0.8436,0.8075,0.8198,7794529.7
2025-01-14 12:00:00+00:00,0.8198,0.8576,0.8067,0.8367,15124605.8
2025-01-14 16:00:00+00:00,0.8367,0.8544,0.8252,0.8424,8072625.2
2025-01-14 20:00:00+00:00,0.8424,0.8719,0.8336,0.8645,8879588.1
2025-01-15 00:00:00+00:00,0.8645,0.8767,0.8528,0.8647,9362827.8
2025-01-15 04:00:00+00:00,0.8647,0.8775,0.8513,0.8714,8197848.3
2025-01-15 08:00:00+00:00,0.8714,0.8789,0.8353,0.8448,8678151.5
2025-01-15 12:00:00+00:00,0.8448,0.9292,0.8388,0.9178,25941506.9
2025-01-15 16:00:00+00:00,0.9178,0.9267,0.8902,0.9188,14513008.4
2025-01-15 20:00:00+00:00,0.9188,0.966,0.9078,0.9612,15736190.3
2025-01-16 00:00:00+00:00,0.9612,0.9811,0.9326,0.9564,15134475.1
2025-01-16 04:00:00+00:00,0.9564,0.9809,0.953,0.9677,7382961.0
2025-01-16 08:00:00+00:00,0.9677,0.9717,0.9394,0.9501,11260162.6
2025-01-16 12:00:00+00:00,0.9501,0.9775,0.9171,0.9516,22792117.2
2025-01-16 16:00:00+00:00,0.9516,0.9738,0.948,0.9718,9389230.7
2025-01-16 20:00:00+00:00,0.9718,0.9767,0.9231,0.9315,8087976.8
2025-01-17 00:00:00+00:00,0.9315,0.9868,0.9306,0.9577,9763445.7
2025-01-17 04:00:00+00:00,0.9577,0.9947,0.9533,0.9816,8736760.3
2025-01-17 08:00:00+00:00,0.9816,0.989,0.9677,0.9783,8886693.8
2025-01-17 12:00:00+00:00,0.9783,0.9913,0.956,0.9719,17150410.9
2025-01-17 16:00:00+00:00,0.9719,1.0229,0.9625,0.9992,14802338.0
2025-01-17 20:00:00+00:00,0.9992,1.0571,0.9974,1.0435,18694176.5
2025-01-18 00:00:00+00:00,1.0435,1.0628,0.9938,0.9947,14017577.8
2025-01-18 04:00:00+00:00,0.9947,1.0039,0.9284,0.9522,20726242.1
2025-01-18 08:00:00+00:00,0.9522,0.9547,0.9168,0.9445,17163125.6
2025-01-18 12:00:00+00:00,0.9445,0.9479,0.9,0.9101,14552859.3
2025-01-18 16:00:00+00:00,0.9101,0.9175,0.8889,0.9117,13320720.8
2025-01-18 20:00:00+00:00,0.9117,0.922,0.8932,0.9191,8804166.7
2025-01-19 00:00:00+00:00,0.9191,0.978,0.9133,0.938,15688716.1
2025-01-19 04:00:00+00:00,0.938,0.9391,0.8937,0.9051,13027026.1
2025-01-19 08:00:00+00:00,0.9051,0.9055,0.8369,0.8459,29983115.0
2025-01-19 12:00:00+00:00,0.8459,0.962,0.8447,0.9408,24658100.2
2025-01-19 16:00:00+00:00,0.9408,0.9625,0.9298,0.9387,14077778.4
2025-01-19 20:00:00+00:00,0.9387,0.9413,0.7964,0.8155,48062775.9
2025-01-20 00:00:00+00:00,0.8155,0.8369,0.7851,0.8182,37031025.1
2025-01-20 04:00:00+00:00,0.8182,0.9424,0.8086,0.9231,34705421.2
2025-01-20 08:00:00+00:00,0.9231,0.9518,0.8944,0.9205,15773877.2
2025-01-20 12:00:00+00:00,0.9205,0.9246,0.8755,0.8985,25124558.9
2025-01-20 16:00:00+00:00,0.8985,0.9092,0.8139,0.8764,43184084.2
2025-01-20 20:00:00+00:00,0.8764,0.8764,0.8326,0.8524,11451564.2
2025-01-21 00:00:00+00:00,0.8524,0.8578,0.8179,0.8315,12016683.3
2025-01-21 04:00:00+00:00,0.8315,0.8395,0.815,0.8272,6735914.6
2025-01-21 08:00:00+00:00,0.8272,0.8707,0.8173,0.8598,9659559.6
2025-01-21 12:00:00+00:00,0.8598,0.8722,0.8273,0.8438,12764706.7
2025-01-21 16:00:00+00:00,0.8438,0.8882,0.8398,0.8649,13133648.0
2025-01-21 20:00:00+00:00,0.8649,0.8731,0.844,0.8573,8150023.5
2025-01-22 00:00:00+00:00,0.8573,0.8669,0.8413,0.8424,4101352.7
2025-01-22 04:00:00+00:00,0.8424,0.8461,0.8195,0.8225,4344716.7
2025-01-22 08:00:00+00:00,0.8225,0.8354,0.8105,0.8327,7692607.6
2025-01-22 12:00:00+00:00,0.8327,0.8364,0.8067,0.8126,7777481.8
2025-01-22 16:00:00+00:00,0.8126,0.8251,0.7977,0.8068,7300917.1
2025-01-22 20:00:00+00:00,0.8068,0.8107,0.7811,0.7878,8557317.9
2025-01-23 00:00:00+00:00,0.7878,0.7926,0.7477,0.7666,17701536.8
2025-01-23 04:00:00+00:00,0.7666,0.7734,0.7586,0.7728,6694424.3
2025-01-23 08:00:00+00:00,0.7728,0.7772,0.7566,0.7664,7372212.6
2025-01-23 12:00:00+00:00,0.7664,0.7966,0.7453,0.7852,20910659.9
2025-01-23 16:00:00+00:00,0.7852,0.8116,0.7591,0.7617,14161772.3
2025-01-23 20:00:00+00:00,0.7617,0.7997,0.7538,0.7933,20251823.6
2025-01-24 00:00:00+00:00,0.7933,0.7966,0.7553,0.7701,11936775.6
2025-01-24 04:00:00+00:00,0.7701,0.8122,0.7646,0.8016,11434701.1
2025-01-24 08:00:00+00:00,0.8016,0.848,0.794,0.8369,20406904.2
2025-01-24 12:00:00+00:00,0.8369,0.8645,0.8328,0.8461,22339231.7
2025-01-24 16:00:00+00:00,0.8461,0.8567,0.8276,0.8297,14616527.0
2025-01-24 20:00:00+00:00,0.8297,0.8324,0.7866,0.7948,13090206.6
2025-01-25 00:00:00+00:00,0.7948,0.8231,0.771,0.8159,17773210.0
2025-01-25 04:00:00+00:00,0.8159,0.8244,0.8084,0.8143,12225790.3
2025-01-25 08:00:00+00:00,0.8143,0.815,0.7931,0.8104,11854592.9
2025-01-25 12:00:00+00:00,0.8104,0.8342,0.8031,0.8219,10695925.5
2025-01-25 16:00:00+00:00,0.8219,0.8321,0.8087,0.8107,9377653.5
2025-01-25 20:00:00+00:00,0.8107,0.8194,0.7962,0.797,8345242.6
2025-01-26 00:00:00+00:00,0.797,0.8212,0.7939,0.8136,5940377.5
2025-01-26 04:00:00+00:00,0.8136,0.8224,0.8091,0.8224,5074969.5
2025-01-26 08:00:00+00:00,0.8224,0.8315,0.8021,0.8165,7271265.1
2025-01-26 12:00:00+00:00,0.8165,0.8167,0.8043,0.8097,6268062.1
2025-01-26 16:00:00+00:00,0.8097,0.8247,0.8012,0.8135,7168640.0
2025-01-26 20:00:00+00:00,0.8135,0.8178,0.7632,0.7676,15327448.5
2025-01-27 00:00:00+00:00,0.7676,0.7737,0.7322,0.7426,25657611.7
2025-01-27 04:00:00+00:00,0.7426,0.7426,0.6657,0.7036,43747181.1
2025-01-27 08:00:00+00:00,0.7036,0.7099,0.6814,0.6913,24509852.9
2025-01-27 12:00:00+00:00,0.6913,0.7369,0.6867,0.7241,22181682.0
2025-01-27 16:00:00+00:00,0.7241,0.726,0.6972,0.7042,22234826.1
2025-01-27 20:00:00+00:00,0.7042,0.7501,0.704,0.7397,15056960.8
2025-01-28 00:00:00+00:00,0.7397,0.7512,0.7208,0.7356,11663735.5
2025-01-28 04:00:00+00:00,0.7356,0.7462,0.7166,0.7191,10678938.7
2025-01-28 08:00:00+00:00,0.7191,0.7267,0.7135,0.7207,9492780.6
2025-01-28 12:00:00+00:00,0.7207,0.7319,0.7027,0.7231,17570254.7
2025-01-28 16:00:00+00:00,0.7231,0.7239,0.6924,0.7015,15058385.1
2025-01-28 20:00:00+00:00,0.7015,0.7062,0.6686,0.6754,23510372.2
2025-01-29 00:00:00+00:00,0.6754,0.7006,0.6669,0.6948,13855062.8
2025-01-29 04:00:00+00:00,0.6948,0.7128,0.6896,0.7122,10210884.7
2025-01-29 08:00:00+00:00,0.7122,0.7169,0.6942,0.7111,11857407.5
2025-01-29 12:00:00+00:00,0.7111,0.7136,0.6879,0.6964,16508270.1
2025-01-29 16:00:00+00:00,0.6964,0.7291,0.6741,0.7199,29160174.0
2025-01-29 20:00:00+00:00,0.7199,0.7458,0.6974,0.6999,19682909.9
2025-01-30 00:00:00+00:00,0.6999,0.7332,0.6931,0.7309,10859021.1
2025-01-30 04:00:00+00:00,0.7309,0.742,0.7261,0.7324,6772040.2
2025-01-30 08:00:00+00:00,0.7324,0.7759,0.727,0.771,13697527.5
2025-01-30 12:00:00+00:00,0.771,0.8035,0.7564,0.7949,19148907.8
2025-01-30 16:00:00+00:00,0.7949,0.8061,0.779,0.7897,16890543.3
2025-01-30 20:00:00+00:00,0.7897,0.7951,0.7716,0.785,13679371.0
2025-01-31 00:00:00+00:00,0.785,0.8001,0.7653,0.772,11210937.5
2025-01-31 04:00:00+00:00,0.772,0.7945,0.7623,0.783,10829134.4
2025-01-31 08:00:00+00:00,0.783,0.8133,0.7744,0.8097,12053744.4
2025-01-31 12:00:00+00:00,0.8097,0.824,0.7955,0.8218,18359915.1
2025-01-31 16:00:00+00:00,0.8218,0.8306,0.7681,0.7813,21175431.1
2025-01-31 20:00:00+00:00,0.7813,0.7871,0.7612,0.7805,13311680.9
2025-02-01 00:00:00+00:00,0.7805,0.7884,0.7678,0.7731,9516202.6
2025-02-01 04:00:00+00:00,0.7731,0.7822,0.7672,0.768,5027688.5
2025-02-01 08:00:00+00:00,0.768,0.7725,0.7326,0.7454,17058082.3
2025-02-01 12:00:00+00:00,0.7454,0.7562,0.7285,0.7375,12762051.5
2025-02-01 16:00:00+00:00,0.7375,0.7437,0.7026,0.7085,15564678.9
2025-02-01 20:00:00+00:00,0.7085,0.7093,0.6763,0.6855,21241623.1
2025-02-02 00:00:00+00:00,0.6855,0.7074,0.6689,0.6744,17912610.1
2025-02-02 04:00:00+00:00,0.6744,0.6952,0.6728,0.6761,13806793.4
2025-02-02 08:00:00+00:00,0.6761,0.6861,0.6261,0.627,27639773.2
2025-02-02 12:00:00+00:00,0.627,0.6516,0.6199,0.6269,27610016.9
2025-02-02 16:00:00+00:00,0.6269,0.627,0.5426,0.5741,67296606.4
2025-02-02 20:00:00+00:00,0.5741,0.5809,0.5096,0.5545,64187468.5
2025-02-03 00:00:00+00:00,0.5545,0.5549,0.401,0.4797,200162481.5
2025-02-03 04:00:00+00:00,0.4797,0.5052,0.4567,0.5008,47946979.1
2025-02-03 08:00:00+00:00,0.5008,0.5153,0.4843,0.5049,40910389.5
2025-02-03 12:00:00+00:00,0.5049,0.5448,0.4738,0.5344,67073116.6
2025-02-03 16:00:00+00:00,0.5344,0.5633,0.5193,0.5566,41762333.0
2025-02-03 20:00:00+00:00,0.5566,0.5991,0.5354,0.5767,50882663.2
2025-02-04 00:00:00+00:00,0.5767,0.58,0.5462,0.5516,23852370.8
2025-02-04 04:00:00+00:00,0.5516,0.5561,0.5006,0.5042,30653486.0
2025-02-04 08:00:00+00:00,0.5042,0.5292,0.4973,0.5169,26843500.1
2025-02-04 12:00:00+00:00,0.5169,0.5416,0.5142,0.5324,38845056.7
2025-02-04 16:00:00+00:00,0.5324,0.5589,0.5295,0.5311,33519384.6
2025-02-04 20:00:00+00:00,0.5311,0.5369,0.5053,0.5237,46453923.2
2025-02-05 00:00:00+00:00,0.5237,0.5317,0.5132,0.5258,22296060.7
2025-02-05 04:00:00+00:00,0.5258,0.5393,0.5202,0.5265,18100752.8
2025-02-05 08:00:00+00:00,0.5265,0.5397,0.5181,0.5371,16927520.7
2025-02-05 12:00:00+00:00,0.5371,0.5423,0.5234,0.5353,22498895.7
2025-02-05 16:00:00+00:00,0.5353,0.5392,0.5086,0.5275,25938523.4
2025-02-05 20:00:00+00:00,0.5275,0.531,0.505,0.5128,16095811.2
2025-02-06 00:00:00+00:00,0.5128,0.525,0.5096,0.5208,13572249.3
2025-02-06 04:00:00+00:00,0.5208,0.531,0.5156,0.5204,12141266.0
2025-02-06 08:00:00+00:00,0.5204,0.5225,0.5059,0.5113,18169149.0
2025-02-06 12:00:00+00:00,0.5113,0.5128,0.4771,0.4813,29254882.1
2025-02-06 16:00:00+00:00,0.4813,0.4905,0.4679,0.4731,24995276.2
2025-02-06 20:00:00+00:00,0.4731,0.4844,0.4638,0.47,18884289.6
2025-02-07 00:00:00+00:00,0.47,0.4978,0.4691,0.4857,18596852.5
2025-02-07 04:00:00+00:00,0.4857,0.4916,0.4747,0.481,11947814.8
2025-02-07 08:00:00+00:00,0.481,0.4974,0.4782,0.4919,14057114.4
2025-02-07 12:00:00+00:00,0.4919,0.5197,0.4844,0.5089,33808785.5
2025-02-07 16:00:00+00:00,0.5089,0.5097,0.485,0.4906,19795181.3
2025-02-07 20:00:00+00:00,0.4906,0.4916,0.4525,0.4768,24230819.6
2025-02-08 00:00:00+00:00,0.4768,0.4879,0.4742,0.4789,14336674.1
2025-02-08 04:00:00+00:00,0.4789,0.4859,0.4727,0.4813,8476347.5
2025-02-08 08:00:00+00:00,0.4813,0.4829,0.4748,0.4797,8961588.3
2025-02-08 12:00:00+00:00,0.4797,0.491,0.4754,0.4833,10561015.2
2025-02-08 16:00:00+00:00,0.4833,0.5187,0.478,0.5137,18913440.1
2025-02-08 20:00:00+00:00,0.5137,0.5164,0.5068,0.5102,9292175.6
2025-02-09 00:00:00+00:00,0.5102,0.5242,0.5003,0.5221,15101722.6
2025-02-09 04:00:00+00:00,0.5221,0.5221,0.5053,0.5138,6846530.7
2025-02-09 08:00:00+00:00,0.5138,0.5176,0.5074,0.5095,7458388.9
2025-02-09 12:00:00+00:00,0.5095,0.5172,0.4987,0.5124,11549700.1
2025-02-09 16:00:00+00:00,0.5124,0.5232,0.5044,0.5061,7650074.5
2025-02-09 20:00:00+00:00,0.5061,0.5313,0.4902,0.5255,28333156.7
2025-02-10 00:00:00+00:00,0.5255,0.5361,0.5,0.5224,26313481.6
2025-02-10 04:00:00+00:00,0.5224,0.533,0.5195,0.5266,15776285.6
2025-02-10 08:00:00+00:00,0.5266,0.5456,0.5251,0.528,15700057.3
2025-02-10 12:00:00+00:00,0.528,0.5438,0.52,0.5289,17956313.7
2025-02-10 16:00:00+00:00,0.5289,0.5695,0.5283,0.5478,20538397.7
2025-02-10 20:00:00+00:00,0.5478,0.5491,0.5294,0.533,10037633.4
2025-02-11 00:00:00+00:00,0.533,0.5604,0.532,0.5572,12584816.6
2025-02-11 04:00:00+00:00,0.5572,0.6009,0.5537,0.5854,22246203.7
2025-02-11 08:00:00+00:00,0.5854,0.59,0.5733,0.5762,16283023.6
2025-02-11 12:00:00+00:00,0.5762,0.5783,0.5491,0.5576,19516482.9
2025-02-11 16:00:00+00:00,0.5576,0.5633,0.5293,0.5308,19814604.3
2025-02-11 20:00:00+00:00,0.5308,0.5418,0.5245,0.5318,15918894.7
2025-02-12 00:00:00+00:00,0.5318,0.5411,0.5263,0.5289,13418730.2
2025-02-12 04:00:00+00:00,0.5289,0.5319,0.514,0.524,15267828.2
2025-02-12 08:00:00+00:00,0.524,0.531,0.5135,0.5205,14899836.8
2025-02-12 12:00:00+00:00,0.5205,0.5299,0.4961,0.5146,44878075.7
2025-02-12 16:00:00+00:00,0.5146,0.5466,0.5086,0.5431,26397550.7
2025-02-12 20:00:00+00:00,0.5431,0.5684,0.5365,0.5558,17454826.0
2025-02-13 00:00:00+00:00,0.5558,0.5656,0.5491,0.5582,10697113.4
2025-02-13 04:00:00+00:00,0.5582,0.5592,0.5333,0.5343,14156020.1
2025-02-13 08:00:00+00:00,0.5343,0.5361,0.513,0.5168,19517784.7
2025-02-13 12:00:00+00:00,0.5168,0.5221,0.5057,0.5126,20294293.5
2025-02-13 16:00:00+00:00,0.5126,0.5327,0.5024,0.5222,24360833.5
2025-02-13 20:00:00+00:00,0.5222,0.5397,0.5219,0.529,19322384.5
2025-02-14 00:00:00+00:00,0.529,0.5346,0.5212,0.534,7004104.4
2025-02-14 04:00:00+00:00,0.534,0.537,0.5187,0.5244,7024725.9
2025-02-14 08:00:00+00:00,0.5244,0.5434,0.524,0.5314,15272134.9
2025-02-14 12:00:00+00:00,0.5314,0.5453,0.5223,0.5408,13869048.3
2025-02-14 16:00:00+00:00,0.5408,0.5534,0.5314,0.5362,17922913.6
2025-02-14 20:00:00+00:00,0.5362,0.5389,0.5156,0.5274,13300886.7
2025-02-15 00:00:00+00:00,0.5274,0.5328,0.5195,0.5284,8518037.0
2025-02-15 04:00:00+00:00,0.5284,0.5316,0.5203,0.5252,5663096.1
2025-02-15 08:00:00+00:00,0.5252,0.5394,0.5218,0.5248,19556842.0
2025-02-15 12:00:00+00:00,0.5248,0.5289,0.5127,0.5161,10409903.8
2025-02-15 16:00:00+00:00,0.5161,0.5181,0.5078,0.51,9809666.2
2025-02-15 20:00:00+00:00,0.51,0.5125,0.5051,0.5109,5810073.2
2025-02-16 00:00:00+00:00,0.5109,0.5144,0.5015,0.5076,7070572.9
2025-02-16 04:00:00+00:00,0.5076,0.5121,0.5031,0.5049,5664014.3
2025-02-16 08:00:00+00:00,0.5049,0.5173,0.5027,0.5164,10059978.2
2025-02-16 12:00:00+00:00,0.5164,0.5171,0.4961,0.5079,10665572.6
2025-02-16 16:00:00+00:00,0.5079,0.5126,0.4943,0.5058,10083423.3
2025-02-16 20:00:00+00:00,0.5058,0.5134,0.5004,0.5096,7522295.1
2025-02-17 00:00:00+00:00,0.5096,0.5253,0.5093,0.5167,7680991.3
2025-02-17 04:00:00+00:00,0.5167,0.5231,0.5029,0.513,17014557.3
2025-02-17 08:00:00+00:00,0.513,0.5384,0.5108,0.5298,13006498.7
2025-02-17 12:00:00+00:00,0.5298,0.5448,0.5251,0.5271,15218038.7
2025-02-17 16:00:00+00:00,0.5271,0.532,0.5027,0.5135,15151650.8
2025-02-17 20:00:00+00:00,0.5135,0.5277,0.5127,0.5165,10072950.6
2025-02-18 00:00:00+00:00,0.5165,0.5193,0.5074,0.5136,5935856.7
2025-02-18 04:00:00+00:00,0.5136,0.5149,0.4878,0.4953,16940736.9
2025-02-18 08:00:00+00:00,0.4953,0.5071,0.4863,0.4997,12149933.9
2025-02-18 12:00:00+00:00,0.4997,0.5111,0.4793,0.4833,19287483.6
2025-02-18 16:00:00+00:00,0.4833,0.4879,0.4674,0.4819,24857423.7
2025-02-18 20:00:00+00:00,0.4819,0.4967,0.4761,0.4957,9404998.7
2025-02-19 00:00:00+00:00,0.4957,0.5096,0.4912,0.5028,13648248.5
2025-02-19 04:00:00+00:00,0.5028,0.5093,0.4901,0.5052,8665280.7
2025-02-19 08:00:00+00:00,0.5052,0.5169,0.4978,0.5159,9506912.0
2025-02-19 12:00:00+00:00,0.5159,0.5215,0.5071,0.5136,13079465.2
2025-02-19 16:00:00+00:00,0.5136,0.521,0.506,0.5111,11291337.6
2025-02-19 20:00:00+00:00,0.5111,0.5199,0.5071,0.5155,8392848.8
2025-02-20 00:00:00+00:00,0.5155,0.5264,0.5096,0.5215,9022291.3
2025-02-20 04:00:00+00:00,0.5215,0.5278,0.515,0.5183,6155940.3
2025-02-20 08:00:00+00:00,0.5183,0.5271,0.5156,0.526,6436970.3
2025-02-20 12:00:00+00:00,0.526,0.5325,0.5108,0.512,16340718.2
2025-02-20 16:00:00+00:00,0.512,0.5329,0.5111,0.529,11000047.0
2025-02-20 20:00:00+00:00,0.529,0.5336,0.52,0.5315,9088812.5
2025-02-21 00:00:00+00:00,0.5315,0.5347,0.5242,0.5264,8575600.9
2025-02-21 04:00:00+00:00,0.5264,0.5338,0.5264,0.5297,5356019.0
2025-02-21 08:00:00+00:00,0.5297,0.5495,0.5285,0.533,12159617.0
2025-02-21 12:00:00+00:00,0.533,0.55,0.509,0.519,25475927.3
2025-02-21 16:00:00+00:00,0.519,0.5324,0.4869,0.4908,22166641.4
2025-02-21 20:00:00+00:00,0.4908,0.5011,0.4865,0.4988,13425812.8
2025-02-22 00:00:00+00:00,0.4988,0.5055,0.4942,0.4973,5620914.2
2025-02-22 04:00:00+00:00,0.4973,0.5024,0.496,0.4967,1844002.8
2025-02-22 08:00:00+00:00,0.4967,0.5065,0.4964,0.5044,2489709.8
2025-02-22 12:00:00+00:00,0.5044,0.5063,0.4985,0.5048,2698861.9
2025-02-22 16:00:00+00:00,0.5048,0.5112,0.5019,0.5073,3392020.3
2025-02-22 20:00:00+00:00,0.5073,0.5126,0.5033,0.5042,2719612.5
2025-02-23 00:00:00+00:00,0.5042,0.5087,0.5018,0.5046,2383440.2
2025-02-23 04:00:00+00:00,0.5046,0.5246,0.499,0.5197,7632978.2
2025-02-23 08:00:00+00:00,0.5197,0.5301,0.5131,0.5164,6397982.4
2025-02-23 12:00:00+00:00,0.5164,0.5191,0.5009,0.5042,9721247.1
2025-02-23 16:00:00+00:00,0.5042,0.517,0.5036,0.507,4521982.3
2025-02-23 20:00:00+00:00,0.507,0.5129,0.4991,0.5088,5887201.5
2025-02-24 00:00:00+00:00,0.5088,0.5181,0.492,0.4928,9282889.9
2025-02-24 04:00:00+00:00,0.4928,0.4969,0.4795,0.489,9217513.3
2025-02-24 08:00:00+00:00,0.489,0.4898,0.4751,0.4861,12030407.7
2025-02-24 12:00:00+00:00,0.4861,0.4869,0.459,0.4655,22140344.6
2025-02-24 16:00:00+00:00,0.4655,0.4726,0.4502,0.4579,16098340.8
2025-02-24 20:00:00+00:00,0.4579,0.4668,0.4211,0.4356,33693607.0
2025-02-25 00:00:00+00:00,0.4356,0.4418,0.4233,0.4306,22632665.4
2025-02-25 04:00:00+00:00,0.4306,0.4359,0.402,0.4168,41958117.8
2025-02-25 08:00:00+00:00,0.4168,0.4297,0.4043,0.4285,36250220.3
2025-02-25 12:00:00+00:00,0.4285,0.4384,0.4175,0.432,30908797.1
2025-02-25 16:00:00+00:00,0.432,0.4543,0.428,0.454,23729796.2
2025-02-25 20:00:00+00:00,0.454,0.4704,0.4513,0.4553,17787203.2
2025-02-26 00:00:00+00:00,0.4553,0.4698,0.4538,0.4636,12153749.0
2025-02-26 04:00:00+00:00,0.4636,0.4676,0.4578,0.4607,8518958.6
2025-02-26 08:00:00+00:00,0.4607,0.4676,0.4565,0.4593,11105519.2
2025-02-26 12:00:00+00:00,0.4593,0.4737,0.4452,0.4667,28128933.0
2025-02-26 16:00:00+00:00,0.4667,0.4699,0.4473,0.4539,28817635.0
2025-02-26 20:00:00+00:00,0.4539,0.4781,0.4472,0.4628,22148910.3
2025-02-27 00:00:00+00:00,0.4628,0.4738,0.4605,0.4694,16478668.7
2025-02-27 04:00:00+00:00,0.4694,0.474,0.4624,0.4706,9150448.6
2025-02-27 08:00:00+00:00,0.4706,0.4739,0.4652,0.4673,9258719.4
2025-02-27 12:00:00+00:00,0.4673,0.4695,0.4534,0.4626,16292659.2
2025-02-27 16:00:00+00:00,0.4626,0.4654,0.4499,0.4535,13892333.1
2025-02-27 20:00:00+00:00,0.4535,0.4567,0.443,0.4538,13265489.9
2025-02-28 00:00:00+00:00,0.4538,0.4557,0.4271,0.4313,26080847.3
2025-02-28 04:00:00+00:00,0.4313,0.435,0.4194,0.4221,25842406.3
2025-02-28 08:00:00+00:00,0.4221,0.434,0.4167,0.4288,13349666.2
2025-02-28 12:00:00+00:00,0.4288,0.4536,0.4255,0.4504,16416884.0
2025-02-28 16:00:00+00:00,0.4504,0.4563,0.4446,0.4518,12375287.1
2025-02-28 20:00:00+00:00,0.4518,0.453,0.4458,0.4502,7357296.0
2025-03-01 00:00:00+00:00,0.4502,0.4544,0.4432,0.4506,9633509.1
2025-03-01 04:00:00+00:00,0.4506,0.4561,0.4434,0.4446,8934917.9
2025-03-01 08:00:00+00:00,0.4446,0.4467,0.4301,0.4319,10806329.8
2025-03-01 12:00:00+00:00,0.4319,0.4337,0.4203,0.4248,10515839.8
2025-03-01 16:00:00+00:00,0.4248,0.4337,0.4221,0.4332,7334471.0
2025-03-01 20:00:00+00:00,0.4332,0.4405,0.429,0.4357,7609163.8
2025-03-02 00:00:00+00:00,0.4357,0.4383,0.4318,0.4335,5528751.1
2025-03-02 04:00:00+00:00,0.4335,0.4366,0.4286,0.4299,4260397.5
2025-03-02 08:00:00+00:00,0.4299,0.4363,0.426,0.4326,5963091.4
2025-03-02 12:00:00+00:00,0.4326,0.4506,0.4204,0.4396,24772554.6
2025-03-02 16:00:00+00:00,0.4396,0.5126,0.439,0.5063,70129053.4
2025-03-02 20:00:00+00:00,0.5063,0.5084,0.4959,0.5008,12223013.4
2025-03-03 00:00:00+00:00,0.5008,0.5037,0.4787,0.4836,14223621.8
2025-03-03 04:00:00+00:00,0.4836,0.4882,0.4658,0.4717,13162288.9
2025-03-03 08:00:00+00:00,0.4717,0.4767,0.4577,0.4758,14176607.5
2025-03-03 12:00:00+00:00,0.4758,0.5048,0.475,0.4868,42653363.5
2025-03-03 16:00:00+00:00,0.4868,0.492,0.4116,0.4137,52473750.2
2025-03-03 20:00:00+00:00,0.4137,0.4227,0.404,0.4129,23386085.2
2025-03-04 00:00:00+00:00,0.4129,0.4192,0.379,0.3965,38962935.4
2025-03-04 04:00:00+00:00,0.3965,0.402,0.3918,0.3952,15674445.2
2025-03-04 08:00:00+00:00,0.3952,0.4027,0.3915,0.3948,15797906.6
2025-03-04 12:00:00+00:00,0.3948,0.4055,0.3788,0.3911,47758750.3
2025-03-04 16:00:00+00:00,0.3911,0.4173,0.3678,0.4165,38489170.5
2025-03-04 20:00:00+00:00,0.4165,0.4259,0.4069,0.4178,20305696.1
2025-03-05 00:00:00+00:00,0.4178,0.4301,0.415,0.4177,15197378.7
2025-03-05 04:00:00+00:00,0.4177,0.4313,0.4174,0.4307,10882533.4
2025-03-05 08:00:00+00:00,0.4307,0.4508,0.4295,0.4378,18980976.6
2025-03-05 12:00:00+00:00,0.4378,0.4449,0.4268,0.4297,22791139.8
2025-03-05 16:00:00+00:00,0.4297,0.4423,0.4239,0.4378,15312137.0
2025-03-05 20:00:00+00:00,0.4378,0.4437,0.435,0.4368,7009635.2
2025-03-06 00:00:00+00:00,0.4368,0.4464,0.4333,0.4445,10805809.9
2025-03-06 04:00:00+00:00,0.4445,0.4517,0.4376,0.4389,9351009.4
2025-03-06 08:00:00+00:00,0.4389,0.4475,0.4371,0.4445,8870052.0
2025-03-06 12:00:00+00:00,0.4445,0.4447,0.4279,0.4378,13487139.6
2025-03-06 16:00:00+00:00,0.4378,0.4398,0.4163,0.4197,9889443.0
2025-03-06 20:00:00+00:00,0.4197,0.4288,0.4185,0.4195,8634838.1
2025-03-07 00:00:00+00:00,0.4195,0.4253,0.4011,0.415,28455114.3
2025-03-07 04:00:00+00:00,0.415,0.4263,0.4144,0.4262,7821566.4
2025-03-07 08:00:00+00:00,0.4262,0.4402,0.4213,0.4365,9941101.3
2025-03-07 12:00:00+00:00,0.4365,0.4488,0.4278,0.4441,18342273.5
2025-03-07 16:00:00+00:00,0.4441,0.457,0.4283,0.444,20051355.2
2025-03-07 20:00:00+00:00,0.444,0.4456,0.4224,0.4286,18395021.9
2025-03-08 00:00:00+00:00,0.4286,0.4375,0.4208,0.424,12658660.5
2025-03-08 04:00:00+00:00,0.424,0.4265,0.4129,0.4133,7311817.4
2025-03-08 08:00:00+00:00,0.4133,0.4155,0.4055,0.4099,12788152.8
2025-03-08 12:00:00+00:00,0.4099,0.423,0.4079,0.4156,15869584.6
2025-03-08 16:00:00+00:00,0.4156,0.4333,0.4109,0.4322,14040615.5
2025-03-08 20:00:00+00:00,0.4322,0.4365,0.4225,0.4271,9127511.2
2025-03-09 00:00:00+00:00,0.4271,0.433,0.4146,0.4188,10613082.6
2025-03-09 04:00:00+00:00,0.4188,0.4229,0.4136,0.4142,6489937.3
2025-03-09 08:00:00+00:00,0.4142,0.4143,0.3908,0.3932,21732958.8
2025-03-09 12:00:00+00:00,0.3932,0.3966,0.3875,0.3907,26857572.0
2025-03-09 16:00:00+00:00,0.3907,0.3936,0.3759,0.3838,29706943.9
2025-03-09 20:00:00+00:00,0.3838,0.3856,0.3743,0.3765,17745547.6
2025-03-10 00:00:00+00:00,0.3765,0.3914,0.3734,0.3886,20386407.5
2025-03-10 04:00:00+00:00,0.3886,0.3958,0.3837,0.3865,8807062.1
2025-03-10 08:00:00+00:00,0.3865,0.3962,0.3772,0.3905,27092112.0
2025-03-10 12:00:00+00:00,0.3905,0.3939,0.3681,0.3744,33602592.1
2025-03-10 16:00:00+00:00,0.3744,0.3767,0.3499,0.3698,40345489.4
2025-03-10 20:00:00+00:00,0.3698,0.3745,0.3632,0.3656,19662086.7
2025-03-11 00:00:00+00:00,0.3656,0.3757,0.3465,0.3686,49514032.0
2025-03-11 04:00:00+00:00,0.3686,0.39,0.3679,0.3896,22310257.3
2025-03-11 08:00:00+00:00,0.3896,0.3924,0.3846,0.3876,20478507.9
2025-03-11 12:00:00+00:00,0.3876,0.3954,0.3757,0.393,40655385.2
2025-03-11 16:00:00+00:00,0.393,0.4157,0.3831,0.4122,35150230.3
2025-03-11 20:00:00+00:00,0.4122,0.4127,0.3969,0.401,14676891.9
2025-03-12 00:00:00+00:00,0.401,0.41,0.3946,0.3968,20042133.1
2025-03-12 04:00:00+00:00,0.3968,0.4144,0.3959,0.4115,15601498.8
2025-03-12 08:00:00+00:00,0.4115,0.4231,0.4051,0.4153,27456708.0
2025-03-12 12:00:00+00:00,0.4153,0.4354,0.3903,0.3962,41692822.9
2025-03-12 16:00:00+00:00,0.3962,0.4092,0.3948,0.4006,25892297.5
2025-03-12 20:00:00+00:00,0.4006,0.4064,0.3972,0.406,12454974.5
2025-03-13 00:00:00+00:00,0.406,0.4115,0.3999,0.4006,15448879.0
2025-03-13 04:00:00+00:00,0.4006,0.4021,0.3923,0.3947,10843319.3
2025-03-13 08:00:00+00:00,0.3947,0.4174,0.3923,0.4088,23351008.3
2025-03-13 12:00:00+00:00,0.4088,0.4162,0.3913,0.3932,28660292.3
2025-03-13 16:00:00+00:00,0.3932,0.3937,0.3776,0.3863,22548825.9
2025-03-13 20:00:00+00:00,0.3863,0.3971,0.3825,0.3937,11064885.0
2025-03-14 00:00:00+00:00,0.3937,0.4041,0.3918,0.3999,9429512.0
2025-03-14 04:00:00+00:00,0.3999,0.4041,0.3983,0.4018,8551536.7
2025-03-14 08:00:00+00:00,0.4018,0.4064,0.3997,0.402,9116668.9
2025-03-14 12:00:00+00:00,0.402,0.4177,0.3996,0.4124,18123820.3
2025-03-14 16:00:00+00:00,0.4124,0.414,0.4064,0.4106,12662788.1
2025-03-14 20:00:00+00:00,0.4106,0.4134,0.4042,0.4093,6685619.5
2025-03-15 00:00:00+00:00,0.4093,0.4127,0.4067,0.4104,4854162.9
2025-03-15 04:00:00+00:00,0.4104,0.4174,0.4076,0.4106,8767261.9
2025-03-15 08:00:00+00:00,0.4106,0.4155,0.4084,0.4121,4716678.3
2025-03-15 12:00:00+00:00,0.4121,0.4133,0.4085,0.4128,5100795.9
2025-03-15 16:00:00+00:00,0.4128,0.4194,0.4107,0.4148,5949859.0
2025-03-15 20:00:00+00:00,0.4148,0.4228,0.4146,0.4187,6188706.2
2025-03-16 00:00:00+00:00,0.4187,0.4266,0.4153,0.4237,6002790.4
2025-03-16 04:00:00+00:00,0.4237,0.4402,0.4219,0.4275,10770237.2
2025-03-16 08:00:00+00:00,0.4275,0.429,0.4108,0.4116,12411277.1
2025-03-16 12:00:00+00:00,0.4116,0.419,0.4081,0.4144,10946366.2
2025-03-16 16:00:00+00:00,0.4144,0.4268,0.4029,0.4066,19898256.5
2025-03-16 20:00:00+00:00,0.4066,0.4134,0.403,0.4109,16390837.6
2025-03-17 00:00:00+00:00,0.4109,0.4211,0.4107,0.4189,12186045.9
2025-03-17 04:00:00+00:00,0.4189,0.4398,0.4164,0.437,20721997.1
2025-03-17 08:00:00+00:00,0.437,0.4464,0.4345,0.438,17182908.3
2025-03-17 12:00:00+00:00,0.438,0.4468,0.4354,0.4449,19323249.0
2025-03-17 16:00:00+00:00,0.4449,0.4488,0.4392,0.4417,11607640.0
2025-03-17 20:00:00+00:00,0.4417,0.4417,0.4309,0.4326,12763259.4
2025-03-18 00:00:00+00:00,0.4326,0.4368,0.4259,0.4269,11739483.7
2025-03-18 04:00:00+00:00,0.4269,0.4329,0.4239,0.4308,9201749.4
2025-03-18 08:00:00+00:00,0.4308,0.4427,0.4289,0.4364,18148579.6
2025-03-18 12:00:00+00:00,0.4364,0.4447,0.4294,0.4347,14777784.2
2025-03-18 16:00:00+00:00,0.4347,0.4421,0.4317,0.4421,6883167.7
2025-03-18 20:00:00+00:00,0.4421,0.4531,0.4348,0.4499,13904556.3
2025-03-19 00:00:00+00:00,0.4499,0.4555,0.4386,0.4439,16252011.8
2025-03-19 04:00:00+00:00,0.4439,0.4506,0.4407,0.4462,7703569.5
2025-03-19 08:00:00+00:00,0.4462,0.478,0.4461,0.4712,33359825.8
2025-03-19 12:00:00+00:00,0.4712,0.4765,0.4646,0.4713,26201534.2
2025-03-19 16:00:00+00:00,0.4713,0.4797,0.4619,0.4699,27275570.0
2025-03-19 20:00:00+00:00,0.4699,0.4754,0.4671,0.4673,10574360.6
2025-03-20 00:00:00+00:00,0.4673,0.4717,0.4605,0.4607,10846586.4
2025-03-20 04:00:00+00:00,0.4607,0.4614,0.4468,0.4503,12035305.8
2025-03-20 08:00:00+00:00,0.4503,0.4532,0.4414,0.4449,13780954.3
2025-03-20 12:00:00+00:00,0.4449,0.455,0.4423,0.4426,18688029.5
2025-03-20 16:00:00+00:00,0.4426,0.4459,0.4346,0.4398,15644504.0
2025-03-20 20:00:00+00:00,0.4398,0.4449,0.4353,0.44,8184929.3
2025-03-21 00:00:00+00:00,0.44,0.444,0.4367,0.4384,9414224.8
2025-03-21 04:00:00+00:00,0.4384,0.4417,0.4352,0.438,8684782.3
2025-03-21 08:00:00+00:00,0.438,0.4403,0.4338,0.4359,10568540.1
2025-03-21 12:00:00+00:00,0.4359,0.4423,0.4303,0.4398,14277474.9
2025-03-21 16:00:00+00:00,0.4398,0.4452,0.4362,0.4399,10109887.4
2025-03-21 20:00:00+00:00,0.4399,0.4425,0.4359,0.4391,5631962.0
2025-03-22 00:00:00+00:00,0.4391,0.4432,0.4367,0.4425,4277886.6
2025-03-22 04:00:00+00:00,0.4425,0.4644,0.4411,0.4528,13272368.5
2025-03-22 08:00:00+00:00,0.4528,0.4702,0.4509,0.4658,16601339.9
2025-03-22 12:00:00+00:00,0.4658,0.474,0.4608,0.4689,14825886.3
2025-03-22 16:00:00+00:00,0.4689,0.4955,0.4648,0.4952,18330349.5
2025-03-22 20:00:00+00:00,0.4952,0.4976,0.479,0.491,18929232.1
2025-03-23 00:00:00+00:00,0.491,0.5065,0.4796,0.4919,22170938.0
2025-03-23 04:00:00+00:00,0.4919,0.4992,0.4854,0.4891,11571004.4
2025-03-23 08:00:00+00:00,0.4891,0.4962,0.4871,0.4941,8991422.9
2025-03-23 12:00:00+00:00,0.4941,0.5088,0.4911,0.499,17313632.1
2025-03-23 16:00:00+00:00,0.499,0.5181,0.4939,0.5076,25537466.5
2025-03-23 20:00:00+00:00,0.5076,0.5103,0.4981,0.5027,9976157.5
2025-03-24 00:00:00+00:00,0.5027,0.5215,0.4911,0.5185,18699242.8
2025-03-24 04:00:00+00:00,0.5185,0.529,0.5079,0.5088,18130567.7
2025-03-24 08:00:00+00:00,0.5088,0.524,0.5086,0.5109,15292521.1
2025-03-24 12:00:00+00:00,0.5109,0.515,0.5017,0.5066,17359880.5
2025-03-24 16:00:00+00:00,0.5066,0.5073,0.4979,0.5023,11555271.5
2025-03-24 20:00:00+00:00,0.5023,0.5115,0.4992,0.5086,8641666.6
2025-03-25 00:00:00+00:00,0.5086,0.5304,0.4938,0.5006,24783161.8
2025-03-25 04:00:00+00:00,0.5006,0.5031,0.4914,0.4933,10129573.2
2025-03-25 08:00:00+00:00,0.4933,0.5127,0.4923,0.5042,11640504.2
2025-03-25 12:00:00+00:00,0.5042,0.5145,0.5001,0.5098,12962032.9
2025-03-25 16:00:00+00:00,0.5098,0.5113,0.5011,0.5037,18481299.1
2025-03-25 20:00:00+00:00,0.5037,0.5057,0.4958,0.5013,6884496.8
2025-03-26 00:00:00+00:00,0.5013,0.5161,0.4992,0.5107,12665925.4
2025-03-26 04:00:00+00:00,0.5107,0.5639,0.5098,0.5582,45329150.9
2025-03-26 08:00:00+00:00,0.5582,0.5717,0.5521,0.5677,27656463.6
2025-03-26 12:00:00+00:00,0.5677,0.5683,0.5366,0.5374,31793243.1
2025-03-26 16:00:00+00:00,0.5374,0.5489,0.5253,0.5313,32782160.7
2025-03-26 20:00:00+00:00,0.5313,0.5502,0.5301,0.5489,17223778.6
2025-03-27 00:00:00+00:00,0.5489,0.5927,0.5464,0.5891,28877186.5
2025-03-27 04:00:00+00:00,0.5891,0.5973,0.5736,0.5796,36520901.3
2025-03-27 08:00:00+00:00,0.5796,0.5878,0.5718,0.5742,15674119.9
2025-03-27 12:00:00+00:00,0.5742,0.6079,0.5717,0.5817,56081322.7
2025-03-27 16:00:00+00:00,0.5817,0.6013,0.5785,0.5857,22616151.9
2025-03-27 20:00:00+00:00,0.5857,0.5992,0.577,0.5794,12485068.0
2025-03-28 00:00:00+00:00,0.5794,0.596,0.5661,0.5711,45785007.3
2025-03-28 04:00:00+00:00,0.5711,0.5743,0.5409,0.544,28572074.7
2025-03-28 08:00:00+00:00,0.544,0.5465,0.5251,0.5319,20398808.4
2025-03-28 12:00:00+00:00,0.5319,0.5345,0.506,0.5077,32024675.0
2025-03-28 16:00:00+00:00,0.5077,0.5093,0.4882,0.5035,29462499.1
2025-03-28 20:00:00+00:00,0.5035,0.509,0.4971,0.503,11925869.9
2025-03-29 00:00:00+00:00,0.503,0.5211,0.4901,0.5061,23618245.3
2025-03-29 04:00:00+00:00,0.5061,0.5063,0.4757,0.4804,23297233.7
2025-03-29 08:00:00+00:00,0.4804,0.4851,0.4703,0.4738,43921234.0
2025-03-29 12:00:00+00:00,0.4738,0.4941,0.4709,0.4864,22020434.8
2025-03-29 16:00:00+00:00,0.4864,0.4891,0.4738,0.4875,42143703.6
2025-03-29 20:00:00+00:00,0.4875,0.491,0.4806,0.4886,13182427.0
2025-03-30 00:00:00+00:00,0.4886,0.4969,0.4768,0.4781,16567657.3
2025-03-30 04:00:00+00:00,0.4781,0.4883,0.4768,0.479,12544258.7
2025-03-30 08:00:00+00:00,0.479,0.4861,0.4667,0.4696,16761985.6
2025-03-30 12:00:00+00:00,0.4696,0.4852,0.4665,0.4849,22309473.7
2025-03-30 16:00:00+00:00,0.4849,0.4862,0.469,0.4738,20434526.7
2025-03-30 20:00:00+00:00,0.4738,0.4813,0.4634,0.4681,15675181.6
2025-03-31 00:00:00+00:00,0.4681,0.4751,0.4567,0.4583,17980162.9
2025-03-31 04:00:00+00:00,0.4583,0.4708,0.4521,0.4547,14408138.7
2025-03-31 08:00:00+00:00,0.4547,0.4615,0.446,0.4549,22592434.9
2025-03-31 12:00:00+00:00,0.4549,0.4964,0.4526,0.4886,33172186.8
2025-03-31 16:00:00+00:00,0.4886,0.5047,0.4857,0.4978,45764145.0
2025-03-31 20:00:00+00:00,0.4978,0.5039,0.4865,0.5017,14886984.4
2025-04-01 00:00:00+00:00,0.5017,0.5376,0.4988,0.5305,37216379.0
2025-04-01 04:00:00+00:00,0.5305,0.5431,0.523,0.5417,26625292.0
2025-04-01 08:00:00+00:00,0.5417,0.5491,0.5259,0.527,33374435.9
2025-04-01 12:00:00+00:00,0.527,0.546,0.5193,0.5426,26931475.0
2025-04-01 16:00:00+00:00,0.5426,0.5431,0.5247,0.5266,13998198.1
2025-04-01 20:00:00+00:00,0.5266,0.5442,0.5232,0.5383,12889309.2
2025-04-02 00:00:00+00:00,0.5383,0.5478,0.5285,0.5348,15494887.9
2025-04-02 04:00:00+00:00,0.5348,0.5452,0.5126,0.5207,31231192.8
2025-04-02 08:00:00+00:00,0.5207,0.5309,0.5157,0.5192,15549712.1
2025-04-02 12:00:00+00:00,0.5192,0.5471,0.5038,0.5439,35723710.0
2025-04-02 16:00:00+00:00,0.5439,0.5486,0.5166,0.5349,25884042.3
2025-04-02 20:00:00+00:00,0.5349,0.5591,0.4809,0.49,56772180.3
2025-04-03 00:00:00+00:00,0.49,0.539,0.484,0.5298,35201873.8
2025-04-03 04:00:00+00:00,0.5298,0.5323,0.5147,0.5259,21322587.6
2025-04-03 08:00:00+00:00,0.5259,0.5303,0.4907,0.4917,28913759.4
2025-04-03 12:00:00+00:00,0.4917,0.5127,0.4842,0.5106,40299089.6
2025-04-03 16:00:00+00:00,0.5106,0.5253,0.4913,0.5112,27261610.3
2025-04-03 20:00:00+00:00,0.5112,0.522,0.5013,0.5198,20856827.4
2025-04-04 00:00:00+00:00,0.5198,0.5291,0.5086,0.515,28037291.8
2025-04-04 04:00:00+00:00,0.515,0.5359,0.5121,0.5327,27196816.2
2025-04-04 08:00:00+00:00,0.5327,0.5479,0.4893,0.4949,51524215.2
2025-04-04 12:00:00+00:00,0.4949,0.5143,0.4883,0.4988,62822275.4
2025-04-04 16:00:00+00:00,0.4988,0.5156,0.4938,0.5017,32758660.0
2025-04-04 20:00:00+00:00,0.5017,0.5096,0.4947,0.5003,13483788.7
2025-04-05 00:00:00+00:00,0.5003,0.5043,0.4918,0.4968,11265980.2
2025-04-05 04:00:00+00:00,0.4968,0.4986,0.4769,0.4837,26242544.9
2025-04-05 08:00:00+00:00,0.4837,0.5023,0.4791,0.4896,17157024.1
2025-04-05 12:00:00+00:00,0.4896,0.4915,0.4693,0.4783,29065152.8
2025-04-05 16:00:00+00:00,0.4783,0.483,0.4733,0.4822,10847905.2
2025-04-05 20:00:00+00:00,0.4822,0.5078,0.4813,0.4952,14859622.6
2025-04-06 00:00:00+00:00,0.4952,0.4954,0.4834,0.4839,19128561.0
2025-04-06 04:00:00+00:00,0.4839,0.4862,0.4726,0.4747,20084851.9
2025-04-06 08:00:00+00:00,0.4747,0.4793,0.4688,0.4726,11272820.2
2025-04-06 12:00:00+00:00,0.4726,0.4741,0.4543,0.4614,23574379.3
2025-04-06 16:00:00+00:00,0.4614,0.4626,0.4259,0.4317,36247783.3
2025-04-06 20:00:00+00:00,0.4317,0.4389,0.4138,0.4214,35298868.7
2025-04-07 00:00:00+00:00,0.4214,0.4398,0.4136,0.4194,36712237.5
2025-04-07 04:00:00+00:00,0.4194,0.4267,0.3954,0.405,52638425.5
2025-04-07 08:00:00+00:00,0.405,0.4432,0.4038,0.4296,53690065.4
2025-04-07 12:00:00+00:00,0.4296,0.4842,0.4271,0.4567,108626938.1
2025-04-07 16:00:00+00:00,0.4567,0.4647,0.4443,0.4521,55914627.7
2025-04-07 20:00:00+00:00,0.4521,0.4724,0.4521,0.4591,18978488.4
2025-04-08 00:00:00+00:00,0.4591,0.4749,0.4523,0.4603,21199426.6
2025-04-08 04:00:00+00:00,0.4603,0.467,0.4508,0.4518,23099503.4
2025-04-08 08:00:00+00:00,0.4518,0.4815,0.448,0.4804,43573553.3
2025-04-08 12:00:00+00:00,0.4804,0.4887,0.4664,0.469,61887405.1
2025-04-08 16:00:00+00:00,0.469,0.4704,0.4457,0.4521,46143469.1
2025-04-08 20:00:00+00:00,0.4521,0.4562,0.4443,0.4531,23257027.7
2025-04-09 00:00:00+00:00,0.4531,0.4645,0.4352,0.4354,52865733.4
2025-04-09 04:00:00+00:00,0.4354,0.4743,0.434,0.4657,36683235.6
2025-04-09 08:00:00+00:00,0.4657,0.4745,0.4554,0.4614,35072176.5
2025-04-09 12:00:00+00:00,0.4614,0.4891,0.4523,0.4751,55958012.3
2025-04-09 16:00:00+00:00,0.4751,0.5378,0.4737,0.5275,79137438.2
2025-04-09 20:00:00+00:00,0.5275,0.5367,0.5192,0.5214,22147220.5
2025-04-10 00:00:00+00:00,0.5214,0.5228,0.4986,0.5047,22323949.5
2025-04-10 04:00:00+00:00,0.5047,0.5108,0.4976,0.5028,20271555.7
2025-04-10 08:00:00+00:00,0.5028,0.5128,0.4984,0.5094,24192339.5
2025-04-10 12:00:00+00:00,0.5094,0.5283,0.4961,0.4993,60386975.3
2025-04-10 16:00:00+00:00,0.4993,0.5119,0.4956,0.5068,31806628.0
2025-04-10 20:00:00+00:00,0.5068,0.5641,0.5063,0.5586,52958980.6
2025-04-11 00:00:00+00:00,0.5586,0.6087,0.5539,0.595,76033657.0
2025-04-11 04:00:00+00:00,0.595,0.6056,0.5889,0.5944,47139138.3
2025-04-11 08:00:00+00:00,0.5944,0.6337,0.5895,0.6137,57991951.3
2025-04-11 12:00:00+00:00,0.6137,0.6281,0.6043,0.6138,46922894.2
2025-04-11 16:00:00+00:00,0.6138,0.6314,0.6083,0.6271,32820231.3
2025-04-11 20:00:00+00:00,0.6271,0.6283,0.5983,0.6066,27420890.9
2025-04-12 00:00:00+00:00,0.6066,0.6094,0.5917,0.5984,18746648.6
2025-04-12 04:00:00+00:00,0.5984,0.6168,0.594,0.6137,22696569.3
2025-04-12 08:00:00+00:00,0.6137,0.6184,0.6046,0.6104,21419361.1
2025-04-12 12:00:00+00:00,0.6104,0.6536,0.6049,0.6346,46660676.7
2025-04-12 16:00:00+00:00,0.6346,0.6471,0.6074,0.6211,54301053.3
2025-04-12 20:00:00+00:00,0.6211,0.6367,0.6175,0.6236,17769883.6
2025-04-13 00:00:00+00:00,0.6236,0.6291,0.6118,0.6188,15399624.1
2025-04-13 04:00:00+00:00,0.6188,0.6402,0.6079,0.6119,24984524.3
2025-04-13 08:00:00+00:00,0.6119,0.6264,0.6083,0.6172,18444702.1
2025-04-13 12:00:00+00:00,0.6172,0.6176,0.5981,0.6105,22889664.8
2025-04-13 16:00:00+00:00,0.6105,0.6228,0.6049,0.6099,27918531.4
2025-04-13 20:00:00+00:00,0.6099,0.6132,0.5826,0.5995,29867565.3
2025-04-14 00:00:00+00:00,0.5995,0.6139,0.5883,0.5983,26957065.7
2025-04-14 04:00:00+00:00,0.5983,0.6121,0.589,0.6121,22120570.8
2025-04-14 08:00:00+00:00,0.6121,0.6264,0.5979,0.6188,34267682.2
2025-04-14 12:00:00+00:00,0.6188,0.6213,0.5965,0.602,31232102.4
2025-04-14 16:00:00+00:00,0.602,0.6095,0.5906,0.601,18644119.5
2025-04-14 20:00:00+00:00,0.601,0.6022,0.5853,0.5869,11859391.3
2025-04-15 00:00:00+00:00,0.5869,0.5883,0.5685,0.5867,25235400.0
2025-04-15 04:00:00+00:00,0.5867,0.5968,0.5821,0.5926,19342278.8
2025-04-15 08:00:00+00:00,0.5926,0.6001,0.5864,0.592,17134527.0
2025-04-15 12:00:00+00:00,0.592,0.6046,0.5804,0.6046,27974080.6
2025-04-15 16:00:00+00:00,0.6046,0.6106,0.5911,0.5957,22526010.9
2025-04-15 20:00:00+00:00,0.5957,0.5976,0.5752,0.5837,14113375.7
2025-04-16 00:00:00+00:00,0.5837,0.621,0.5771,0.6124,34754085.3
2025-04-16 04:00:00+00:00,0.6124,0.6221,0.5908,0.5977,24983342.4
2025-04-16 08:00:00+00:00,0.5977,0.6176,0.5902,0.6159,30266511.4
2025-04-16 12:00:00+00:00,0.6159,0.6657,0.6104,0.6372,62661579.7
2025-04-16 16:00:00+00:00,0.6372,0.6499,0.6145,0.647,58782361.1
2025-04-16 20:00:00+00:00,0.647,0.657,0.6296,0.6299,23088019.1
2025-04-17 00:00:00+00:00,0.6299,0.6396,0.6097,0.6122,23523339.4
2025-04-17 04:00:00+00:00,0.6122,0.6325,0.6096,0.6168,25535154.0
2025-04-17 08:00:00+00:00,0.6168,0.6173,0.5995,0.6009,20702723.5
2025-04-17 12:00:00+00:00,0.6009,0.6088,0.594,0.5991,23437308.6
2025-04-17 16:00:00+00:00,0.5991,0.6198,0.5951,0.5994,27208688.9
2025-04-17 20:00:00+00:00,0.5994,0.6127,0.5965,0.6011,11981104.2
2025-04-18 00:00:00+00:00,0.6011,0.6013,0.5802,0.5829,20154900.4
2025-04-18 04:00:00+00:00,0.5829,0.5939,0.5773,0.5923,16308681.7
2025-04-18 08:00:00+00:00,0.5923,0.5974,0.5856,0.5925,12472631.5
2025-04-18 12:00:00+00:00,0.5925,0.6074,0.5799,0.5848,20716670.5
2025-04-18 16:00:00+00:00,0.5848,0.6028,0.5838,0.5968,14047902.2
2025-04-18 20:00:00+00:00,0.5968,0.6046,0.5947,0.5956,8650864.0
2025-04-19 00:00:00+00:00,0.5956,0.6131,0.5941,0.6082,12380749.4
2025-04-19 04:00:00+00:00,0.6082,0.6261,0.6031,0.6239,17689561.2
2025-04-19 08:00:00+00:00,0.6239,0.6248,0.6028,0.6117,15384735.9
2025-04-19 12:00:00+00:00,0.6117,0.6273,0.6103,0.6181,18762508.1
2025-04-19 16:00:00+00:00,0.6181,0.6233,0.6127,0.6146,10493363.1
2025-04-19 20:00:00+00:00,0.6146,0.6223,0.6084,0.612,8673065.3
2025-04-20 00:00:00+00:00,0.612,0.6128,0.6068,0.6087,8056411.7
2025-04-20 04:00:00+00:00,0.6087,0.6201,0.6057,0.6105,11587554.1
2025-04-20 08:00:00+00:00,0.6105,0.6151,0.5973,0.6057,15964173.7
2025-04-20 12:00:00+00:00,0.6057,0.6088,0.5933,0.5962,8693884.3
2025-04-20 16:00:00+00:00,0.5962,0.6047,0.5949,0.601,6020320.2
2025-04-20 20:00:00+00:00,0.601,0.6118,0.5882,0.5999,13480557.7
2025-04-21 00:00:00+00:00,0.5999,0.6266,0.5992,0.6178,23320716.4
2025-04-21 04:00:00+00:00,0.6178,0.6379,0.609,0.6358,21476983.0
2025-04-21 08:00:00+00:00,0.6358,0.6387,0.6115,0.6139,17892962.6
2025-04-21 12:00:00+00:00,0.6139,0.621,0.6011,0.603,19002412.6
2025-04-21 16:00:00+00:00,0.603,0.6035,0.5771,0.5893,27970658.7
2025-04-21 20:00:00+00:00,0.5893,0.5922,0.5788,0.5884,10451102.9
2025-04-22 00:00:00+00:00,0.5884,0.6108,0.5846,0.5981,20127928.0
2025-04-22 04:00:00+00:00,0.5981,0.6153,0.5904,0.6145,15374286.8
2025-04-22 08:00:00+00:00,0.6145,0.6298,0.6102,0.6291,17843621.5
2025-04-22 12:00:00+00:00,0.6291,0.6947,0.6243,0.6742,63369817.6
2025-04-22 16:00:00+00:00,0.6742,0.6925,0.6689,0.6739,28575030.6
2025-04-22 20:00:00+00:00,0.6739,0.7006,0.6559,0.6866,36378235.8
2025-04-23 00:00:00+00:00,0.6866,0.6995,0.6822,0.6951,21922259.9
2025-04-23 04:00:00+00:00,0.6951,0.7057,0.6694,0.6735,23319485.5
2025-04-23 08:00:00+00:00,0.6735,0.6898,0.6655,0.6777,29904583.9
2025-04-23 12:00:00+00:00,0.6777,0.6889,0.6513,0.6672,40788874.8
2025-04-23 16:00:00+00:00,0.6672,0.6675,0.6461,0.6488,20153637.4
2025-04-23 20:00:00+00:00,0.6488,0.6557,0.6428,0.6541,16085250.1
2025-04-24 00:00:00+00:00,0.6541,0.6649,0.6466,0.6518,18684056.7
2025-04-24 04:00:00+00:00,0.6518,0.6821,0.6505,0.6701,40651916.2
2025-04-24 08:00:00+00:00,0.6701,0.6917,0.6652,0.6865,29685918.4
2025-04-24 12:00:00+00:00,0.6865,0.709,0.6764,0.6876,31945896.4
2025-04-24 16:00:00+00:00,0.6876,0.7028,0.6718,0.6855,25708795.1
2025-04-24 20:00:00+00:00,0.6855,0.6889,0.6728,0.6802,12713513.0
2025-04-25 00:00:00+00:00,0.6802,0.6949,0.6613,0.6689,12565294.4
2025-04-25 04:00:00+00:00,0.6689,0.6827,0.6624,0.6792,10742108.2
2025-04-25 08:00:00+00:00,0.6792,0.6898,0.6697,0.6895,20859878.7
2025-04-25 12:00:00+00:00,0.6895,0.7045,0.6728,0.683,32977469.4
2025-04-25 16:00:00+00:00,0.683,0.6971,0.6767,0.6882,16380314.7
2025-04-25 20:00:00+00:00,0.6882,0.6976,0.6712,0.6755,12614913.0
2025-04-26 00:00:00+00:00,0.6755,0.7069,0.6755,0.7036,18840645.7
2025-04-26 04:00:00+00:00,0.7036,0.708,0.6895,0.6964,12457861.1
2025-04-26 08:00:00+00:00,0.6964,0.7094,0.672,0.6751,28772858.8
2025-04-26 12:00:00+00:00,0.6751,0.6791,0.6554,0.6726,22899726.1
2025-04-26 16:00:00+00:00,0.6726,0.6753,0.6625,0.6721,8382382.3
2025-04-26 20:00:00+00:00,0.6721,0.6739,0.6644,0.6691,5701492.8
2025-04-27 00:00:00+00:00,0.6691,0.6924,0.6587,0.6718,17457841.5
2025-04-27 04:00:00+00:00,0.6718,0.6737,0.6521,0.664,9157721.0
2025-04-27 08:00:00+00:00,0.664,0.6694,0.6541,0.6579,8037470.8
2025-04-27 12:00:00+00:00,0.6579,0.6625,0.6469,0.6546,14490239.2
2025-04-27 16:00:00+00:00,0.6546,0.6704,0.6406,0.6699,12556361.4
2025-04-27 20:00:00+00:00,0.6699,0.6712,0.6504,0.654,7842792.4
2025-04-28 00:00:00+00:00,0.654,0.6563,0.6271,0.6458,19317855.5
2025-04-28 04:00:00+00:00,0.6458,0.6665,0.6419,0.6631,11952208.9
2025-04-28 08:00:00+00:00,0.6631,0.6823,0.6601,0.6682,16070335.8
2025-04-28 12:00:00+00:00,0.6682,0.6747,0.6256,0.6321,22272216.2
2025-04-28 16:00:00+00:00,0.6321,0.6633,0.6227,0.6565,15165183.6
2025-04-28 20:00:00+00:00,0.6565,0.6572,0.6403,0.6468,7436912.4
2025-04-29 00:00:00+00:00,0.6468,0.6498,0.6394,0.6456,6817635.4
2025-04-29 04:00:00+00:00,0.6456,0.6685,0.6385,0.6649,7715065.2
2025-04-29 08:00:00+00:00,0.6649,0.6693,0.6532,0.6643,10695136.4
2025-04-29 12:00:00+00:00,0.6643,0.677,0.6555,0.6616,13940450.7
2025-04-29 16:00:00+00:00,0.6616,0.6729,0.6564,0.6633,8610193.6
2025-04-29 20:00:00+00:00,0.6633,0.6654,0.6402,0.6463,8523945.4
2025-04-30 00:00:00+00:00,0.6463,0.658,0.6432,0.6561,6243806.9
2025-04-30 04:00:00+00:00,0.6561,0.665,0.6491,0.6538,5400142.8
2025-04-30 08:00:00+00:00,0.6538,0.6746,0.6528,0.673,8740233.8
2025-04-30 12:00:00+00:00,0.673,0.6736,0.6438,0.6652,35452941.6
2025-04-30 16:00:00+00:00,0.6652,0.706,0.6611,0.7,39855369.6
2025-04-30 20:00:00+00:00,0.7,0.731,0.6993,0.713,21503943.7
2025-05-01 00:00:00+00:00,0.713,0.7371,0.713,0.7272,13812183.8
2025-05-01 04:00:00+00:00,0.7272,0.7317,0.7111,0.7253,9306385.5
2025-05-01 08:00:00+00:00,0.7253,0.7519,0.7215,0.7437,24671514.6
2025-05-01 12:00:00+00:00,0.7437,0.7523,0.7202,0.7225,18957476.1
2025-05-01 16:00:00+00:00,0.7225,0.7258,0.7012,0.706,21089755.4
2025-05-01 20:00:00+00:00,0.706,0.7123,0.6986,0.7074,7731405.3
2025-05-02 00:00:00+00:00,0.7074,0.7216,0.7065,0.7176,8336275.6
2025-05-02 04:00:00+00:00,0.7176,0.7213,0.7112,0.7167,9933090.7
2025-05-02 08:00:00+00:00,0.7167,0.7195,0.712,0.7163,10693341.0
2025-05-02 12:00:00+00:00,0.7163,0.733,0.7099,0.7235,26102198.4
2025-05-02 16:00:00+00:00,0.7235,0.7468,0.7136,0.7198,22200397.7
2025-05-02 20:00:00+00:00,0.7198,0.7466,0.7169,0.7333,10866049.9
2025-05-03 00:00:00+00:00,0.7333,0.7368,0.7206,0.7215,7533911.4
2025-05-03 04:00:00+00:00,0.7215,0.7274,0.7122,0.717,5346188.8
2025-05-03 08:00:00+00:00,0.717,0.7196,0.7072,0.7145,6557685.9
2025-05-03 12:00:00+00:00,0.7145,0.7215,0.7109,0.714,5783688.5
2025-05-03 16:00:00+00:00,0.714,0.7146,0.6995,0.7108,9295510.3
2025-05-03 20:00:00+00:00,0.7108,0.7165,0.6996,0.7015,7389575.9
2025-05-04 00:00:00+00:00,0.7015,0.7071,0.6886,0.6916,11959927.3
2025-05-04 04:00:00+00:00,0.6916,0.7016,0.6901,0.6975,4278905.6
2025-05-04 08:00:00+00:00,0.6975,0.6992,0.6861,0.6918,6109932.3
2025-05-04 12:00:00+00:00,0.6918,0.7012,0.6851,0.6928,6073662.4
2025-05-04 16:00:00+00:00,0.6928,0.6976,0.6814,0.6849,6457816.7
2025-05-04 20:00:00+00:00,0.6849,0.6961,0.6815,0.689,7385911.6
2025-05-05 00:00:00+00:00,0.689,0.6978,0.6732,0.6843,10393565.3
2025-05-05 04:00:00+00:00,0.6843,0.7018,0.6831,0.6936,7567328.9
2025-05-05 08:00:00+00:00,0.6936,0.6993,0.6618,0.6783,17932657.9
2025-05-05 12:00:00+00:00,0.6783,0.7017,0.6752,0.6893,14821475.4
2025-05-05 16:00:00+00:00,0.6893,0.7209,0.6886,0.7028,14158134.6
2025-05-05 20:00:00+00:00,0.7028,0.7037,0.6881,0.6891,13411997.8
2025-05-06 00:00:00+00:00,0.6891,0.6907,0.6701,0.688,12252530.8
2025-05-06 04:00:00+00:00,0.688,0.6895,0.6722,0.6739,7149363.6
2025-05-06 08:00:00+00:00,0.6739,0.6739,0.6362,0.6433,25593137.4
2025-05-06 12:00:00+00:00,0.6433,0.6585,0.6383,0.6425,16653822.1
2025-05-06 16:00:00+00:00,0.6425,0.6629,0.6368,0.6518,13327149.6
2025-05-06 20:00:00+00:00,0.6518,0.6852,0.6366,0.6748,18229995.8
2025-05-07 00:00:00+00:00,0.6748,0.7022,0.6706,0.6808,25453629.6
2025-05-07 04:00:00+00:00,0.6808,0.6858,0.6691,0.681,10501588.2
2025-05-07 08:00:00+00:00,0.681,0.6848,0.6707,0.6733,8045581.6
2025-05-07 12:00:00+00:00,0.6733,0.6772,0.6623,0.6627,11574303.6
2025-05-07 16:00:00+00:00,0.6627,0.666,0.6505,0.6524,14771480.8
2025-05-07 20:00:00+00:00,0.6524,0.6737,0.6503,0.6656,10760633.2
2025-05-08 00:00:00+00:00,0.6656,0.7138,0.6637,0.7124,19562181.9
2025-05-08 04:00:00+00:00,0.7124,0.7254,0.7121,0.7231,16866071.7
2025-05-08 08:00:00+00:00,0.7231,0.7378,0.722,0.7262,12394606.3
2025-05-08 12:00:00+00:00,0.7262,0.7573,0.717,0.7425,28836741.0
2025-05-08 16:00:00+00:00,0.7425,0.7475,0.7326,0.7445,15550719.8
2025-05-08 20:00:00+00:00,0.7445,0.7614,0.7386,0.7609,17925495.2
2025-05-09 00:00:00+00:00,0.7609,0.7755,0.7504,0.7592,12031302.1
2025-05-09 04:00:00+00:00,0.7592,0.7964,0.757,0.7862,17687974.1
2025-05-09 08:00:00+00:00,0.7862,0.8048,0.7619,0.7777,29942589.2
2025-05-09 12:00:00+00:00,0.7777,0.7836,0.7448,0.7636,24976915.9
2025-05-09 16:00:00+00:00,0.7636,0.7729,0.7479,0.7668,10546404.4
2025-05-09 20:00:00+00:00,0.7668,0.7746,0.7615,0.7653,4973630.6
2025-05-10 00:00:00+00:00,0.7653,0.7786,0.7585,0.7722,10585065.8
2025-05-10 04:00:00+00:00,0.7722,0.7883,0.7639,0.7846,7049278.4
2025-05-10 08:00:00+00:00,0.7846,0.7908,0.7607,0.7623,13389371.1
2025-05-10 12:00:00+00:00,0.7623,0.7836,0.7623,0.7725,7990833.6
2025-05-10 16:00:00+00:00,0.7725,0.7957,0.7723,0.7872,10821745.3
2025-05-10 20:00:00+00:00,0.7872,0.8193,0.7803,0.8187,10416297.7
2025-05-11 00:00:00+00:00,0.8187,0.8274,0.7956,0.8117,11226689.7
2025-05-11 04:00:00+00:00,0.8117,0.8295,0.7609,0.7703,21069984.6
2025-05-11 08:00:00+00:00,0.7703,0.7864,0.766,0.7849,12908400.2
2025-05-11 12:00:00+00:00,0.7849,0.7864,0.7511,0.7597,11902956.4
2025-05-11 16:00:00+00:00,0.7597,0.7746,0.7482,0.7709,9394916.8
2025-05-11 20:00:00+00:00,0.7709,0.7817,0.7673,0.7813,5601187.1
2025-05-12 00:00:00+00:00,0.7813,0.7969,0.7674,0.7813,11209213.6
2025-05-12 04:00:00+00:00,0.7813,0.8265,0.7689,0.796,22925641.1
2025-05-12 08:00:00+00:00,0.796,0.7988,0.7635,0.7661,22728414.6
2025-05-12 12:00:00+00:00,0.7661,0.7952,0.7536,0.7602,24328267.9
2025-05-12 16:00:00+00:00,0.7602,0.77,0.7257,0.7519,23029613.5
2025-05-12 20:00:00+00:00,0.7519,0.7619,0.746,0.7528,6866298.9
2025-05-13 00:00:00+00:00,0.7528,0.7542,0.7053,0.7088,11810315.2
2025-05-13 04:00:00+00:00,0.7088,0.7298,0.7068,0.7187,10107647.9
2025-05-13 08:00:00+00:00,0.7187,0.7326,0.7154,0.7279,10277228.6
2025-05-13 12:00:00+00:00,0.7279,0.7341,0.7168,0.734,14791073.6
2025-05-13 16:00:00+00:00,0.734,0.7907,0.7313,0.7816,21137799.7
2025-05-13 20:00:00+00:00,0.7816,0.7825,0.7556,0.7622,12108833.8
2025-05-14 00:00:00+00:00,0.7622,0.7825,0.7551,0.7627,7245836.2
2025-05-14 04:00:00+00:00,0.7627,0.7769,0.7568,0.7616,6040011.1
2025-05-14 08:00:00+00:00,0.7616,0.7663,0.7465,0.7529,12463286.5
2025-05-14 12:00:00+00:00,0.7529,0.7569,0.7111,0.7219,25113162.2
2025-05-14 16:00:00+00:00,0.7219,0.741,0.7149,0.7353,15459661.2
2025-05-14 20:00:00+00:00,0.7353,0.7434,0.7223,0.7301,5240029.7
2025-05-15 00:00:00+00:00,0.7301,0.7401,0.7068,0.7077,7439487.0
2025-05-15 04:00:00+00:00,0.7077,0.7087,0.6717,0.6758,14547092.9
2025-05-15 08:00:00+00:00,0.6758,0.6924,0.6753,0.6881,10092077.9
2025-05-15 12:00:00+00:00,0.6881,0.7069,0.6741,0.705,17598223.8
2025-05-15 16:00:00+00:00,0.705,0.7224,0.6919,0.7001,16359045.9
2025-05-15 20:00:00+00:00,0.7001,0.7054,0.6786,0.697,11182831.6
2025-05-16 00:00:00+00:00,0.697,0.7168,0.691,0.7126,8321421.8
2025-05-16 04:00:00+00:00,0.7126,0.7235,0.7073,0.7147,8812925.4
2025-05-16 08:00:00+00:00,0.7147,0.7285,0.7008,0.7189,9875527.4
2025-05-16 12:00:00+00:00,0.7189,0.7218,0.6976,0.7014,13061381.7
2025-05-16 16:00:00+00:00,0.7014,0.7066,0.6917,0.7051,8236978.4
2025-05-16 20:00:00+00:00,0.7051,0.7082,0.6781,0.6967,11470588.6
2025-05-17 00:00:00+00:00,0.6967,0.6996,0.6647,0.6853,16153900.0
2025-05-17 04:00:00+00:00,0.6853,0.694,0.6795,0.6859,6719414.4
2025-05-17 08:00:00+00:00,0.6859,0.694,0.6783,0.6861,7604279.6
2025-05-17 12:00:00+00:00,0.6861,0.697,0.67,0.6855,10840770.5
2025-05-17 16:00:00+00:00,0.6855,0.6862,0.6655,0.6711,8642966.7
2025-05-17 20:00:00+00:00,0.6711,0.6838,0.6651,0.6753,6545320.1
2025-05-18 00:00:00+00:00,0.6753,0.681,0.669,0.6708,5331140.5
2025-05-18 04:00:00+00:00,0.6708,0.6942,0.6704,0.6923,9265433.3
2025-05-18 08:00:00+00:00,0.6923,0.6981,0.6822,0.6829,7730320.8
2025-05-18 12:00:00+00:00,0.6829,0.7182,0.6768,0.7146,9766271.0
2025-05-18 16:00:00+00:00,0.7146,0.7153,0.6603,0.6612,19170527.6
2025-05-18 20:00:00+00:00,0.6612,0.7007,0.6473,0.6972,15849122.3
2025-05-19 00:00:00+00:00,0.6972,0.7056,0.6592,0.6601,14255785.3
2025-05-19 04:00:00+00:00,0.6601,0.6664,0.6441,0.6573,14182753.8
2025-05-19 08:00:00+00:00,0.6573,0.6607,0.6466,0.6494,8047467.2
2025-05-19 12:00:00+00:00,0.6494,0.6677,0.6355,0.6655,16588170.2
2025-05-19 16:00:00+00:00,0.6655,0.6831,0.6585,0.6694,13882815.2
2025-05-19 20:00:00+00:00,0.6694,0.6727,0.6601,0.6703,5625479.6
2025-05-20 00:00:00+00:00,0.6703,0.7517,0.6688,0.7172,35333372.9
2025-05-20 04:00:00+00:00,0.7172,0.748,0.7045,0.7206,29308974.8
2025-05-20 08:00:00+00:00,0.7206,0.7239,0.7019,0.7073,19764938.9
2025-05-20 12:00:00+00:00,0.7073,0.7185,0.6895,0.714,27053531.4
2025-05-20 16:00:00+00:00,0.714,0.7229,0.691,0.7124,23171483.0
2025-05-20 20:00:00+00:00,0.7124,0.7171,0.7026,0.707,15354197.7
2025-05-21 00:00:00+00:00,0.707,0.7447,0.7057,0.7398,11870645.1
2025-05-21 04:00:00+00:00,0.7398,0.7545,0.7364,0.7445,12174777.1
2025-05-21 08:00:00+00:00,0.7445,0.7472,0.7255,0.7292,11535684.5
2025-05-21 12:00:00+00:00,0.7292,0.7497,0.7228,0.745,13332027.9
2025-05-21 16:00:00+00:00,0.745,0.7616,0.7085,0.7312,29980050.0
2025-05-21 20:00:00+00:00,0.7312,0.7548,0.7198,0.7426,9465015.5
2025-05-22 00:00:00+00:00,0.7426,0.7777,0.7411,0.7678,17340030.4
2025-05-22 04:00:00+00:00,0.7678,0.818,0.7668,0.8086,21360579.9
2025-05-22 08:00:00+00:00,0.8086,0.8196,0.7925,0.7969,18127967.8
2025-05-22 12:00:00+00:00,0.7969,0.8255,0.7886,0.8103,15306039.1
2025-05-22 16:00:00+00:00,0.8103,0.8244,0.8009,0.8092,17080765.2
2025-05-22 20:00:00+00:00,0.8092,0.8243,0.8029,0.8233,8330783.0
2025-05-23 00:00:00+00:00,0.8233,0.8545,0.811,0.8436,14105371.2
2025-05-23 04:00:00+00:00,0.8436,0.8597,0.821,0.8265,15026639.7
2025-05-23 08:00:00+00:00,0.8265,0.8424,0.7901,0.7985,14040927.1
2025-05-23 12:00:00+00:00,0.7985,0.8563,0.7699,0.8183,48872723.3
2025-05-23 16:00:00+00:00,0.8183,0.838,0.8181,0.8231,11293404.5
2025-05-23 20:00:00+00:00,0.8231,0.8233,0.7745,0.7814,17794485.3
2025-05-24 00:00:00+00:00,0.7814,0.7905,0.7623,0.7789,13383061.2
2025-05-24 04:00:00+00:00,0.7789,0.785,0.7675,0.7731,8578932.7
2025-05-24 08:00:00+00:00,0.7731,0.7938,0.766,0.7835,10959793.4
2025-05-24 12:00:00+00:00,0.7835,0.7978,0.7792,0.7908,7314224.3
2025-05-24 16:00:00+00:00,0.7908,0.7908,0.7679,0.7724,7130778.5
2025-05-24 20:00:00+00:00,0.7724,0.7751,0.758,0.7667,7682480.4
2025-05-25 00:00:00+00:00,0.7667,0.7738,0.7446,0.7616,16314481.4
2025-05-25 04:00:00+00:00,0.7616,0.7617,0.7449,0.7489,6216309.2
2025-05-25 08:00:00+00:00,0.7489,0.749,0.7337,0.7418,9685077.0
2025-05-25 12:00:00+00:00,0.7418,0.7547,0.7278,0.7434,12245861.9
2025-05-25 16:00:00+00:00,0.7434,0.7484,0.7319,0.744,6867887.4
2025-05-25 20:00:00+00:00,0.744,0.7649,0.7366,0.7612,9019044.2
2025-05-26 00:00:00+00:00,0.7612,0.779,0.7597,0.7663,11153565.2
2025-05-26 04:00:00+00:00,0.7663,0.7875,0.7646,0.7769,6846056.3
2025-05-26 08:00:00+00:00,0.7769,0.7782,0.764,0.7774,6383435.5
2025-05-26 12:00:00+00:00,0.7774,0.7868,0.761,0.7699,9809338.6
2025-05-26 16:00:00+00:00,0.7699,0.7725,0.7452,0.7477,7956415.3
2025-05-26 20:00:00+00:00,0.7477,0.7673,0.7447,0.7583,7552856.2
2025-05-27 00:00:00+00:00,0.7583,0.7619,0.7364,0.7464,6778321.6
2025-05-27 04:00:00+00:00,0.7464,0.7636,0.7406,0.7559,6834254.7
2025-05-27 08:00:00+00:00,0.7559,0.7822,0.7558,0.7816,13172042.7
2025-05-27 12:00:00+00:00,0.7816,0.7974,0.7656,0.7822,29858263.5
2025-05-27 16:00:00+00:00,0.7822,0.8068,0.7765,0.7864,16983287.5
2025-05-27 20:00:00+00:00,0.7864,0.7875,0.7526,0.7586,12164449.9
2025-05-28 00:00:00+00:00,0.7586,0.7702,0.7487,0.7596,8548044.6
2025-05-28 04:00:00+00:00,0.7596,0.7705,0.7537,0.7607,5770687.9
2025-05-28 08:00:00+00:00,0.7607,0.7669,0.7501,0.7652,7081967.7
2025-05-28 12:00:00+00:00,0.7652,0.7759,0.7399,0.7435,17392807.2
2025-05-28 16:00:00+00:00,0.7435,0.7573,0.7344,0.7357,13259202.3
2025-05-28 20:00:00+00:00,0.7357,0.7653,0.7331,0.7625,7838555.0
2025-05-29 00:00:00+00:00,0.7625,0.8032,0.7564,0.7976,16174953.3
2025-05-29 04:00:00+00:00,0.7976,0.8025,0.7772,0.7832,12734513.6
2025-05-29 08:00:00+00:00,0.7832,0.7924,0.7759,0.7791,12303719.4
2025-05-29 12:00:00+00:00,0.7791,0.7791,0.7323,0.7446,27883371.0
2025-05-29 16:00:00+00:00,0.7446,0.75,0.7352,0.7418,12769396.9
2025-05-29 20:00:00+00:00,0.7418,0.7567,0.7364,0.7414,6670478.5
2025-05-30 00:00:00+00:00,0.7414,0.7538,0.7116,0.721,18031824.3
2025-05-30 04:00:00+00:00,0.721,0.7211,0.6982,0.7056,11400933.6
2025-05-30 08:00:00+00:00,0.7056,0.7119,0.6913,0.7084,10344415.7
2025-05-30 12:00:00+00:00,0.7084,0.7103,0.6839,0.685,15458544.0
2025-05-30 16:00:00+00:00,0.685,0.693,0.6652,0.6911,15371227.7
2025-05-30 20:00:00+00:00,0.6911,0.6944,0.6568,0.6622,10845152.1
2025-05-31 00:00:00+00:00,0.6622,0.6632,0.6419,0.6512,13366524.7
2025-05-31 04:00:00+00:00,0.6512,0.6556,0.6432,0.6505,6915968.5
2025-05-31 08:00:00+00:00,0.6505,0.6531,0.638,0.6448,8410357.5
2025-05-31 12:00:00+00:00,0.6448,0.6746,0.6435,0.6671,12660311.2
2025-05-31 16:00:00+00:00,0.6671,0.6745,0.6608,0.6659,6033436.1
2025-05-31 20:00:00+00:00,0.6659,0.6749,0.6629,0.6647,5122946.1
2025-06-01 00:00:00+00:00,0.6647,0.6689,0.6541,0.6663,6058655.7
2025-06-01 04:00:00+00:00,0.6663,0.6753,0.6607,0.6624,4766334.1
2025-06-01 08:00:00+00:00,0.6624,0.6638,0.6473,0.6579,6288225.2
2025-06-01 12:00:00+00:00,0.6579,0.6688,0.6495,0.6662,6309977.4
2025-06-01 16:00:00+00:00,0.6662,0.6808,0.6607,0.6736,9134620.5
2025-06-01 20:00:00+00:00,0.6736,0.6845,0.6695,0.6795,5539667.4
2025-06-02 00:00:00+00:00,0.6795,0.682,0.6639,0.6664,4920685.2
2025-06-02 04:00:00+00:00,0.6664,0.6752,0.6615,0.6695,4390054.5
2025-06-02 08:00:00+00:00,0.6695,0.6746,0.6535,0.6588,11447700.4
2025-06-02 12:00:00+00:00,0.6588,0.6767,0.6564,0.6701,9230256.2
2025-06-02 16:00:00+00:00,0.6701,0.6759,0.6589,0.6633,7514375.1
2025-06-02 20:00:00+00:00,0.6633,0.694,0.6633,0.6873,9594615.8
2025-06-03 00:00:00+00:00,0.6873,0.7054,0.6843,0.6863,9432804.8
2025-06-03 04:00:00+00:00,0.6863,0.6925,0.6816,0.6879,3663223.8
2025-06-03 08:00:00+00:00,0.6879,0.6948,0.6805,0.693,4881105.1
2025-06-03 12:00:00+00:00,0.693,0.7093,0.6909,0.7014,9787329.9
2025-06-03 16:00:00+00:00,0.7014,0.7021,0.6894,0.6989,6572620.5
2025-06-03 20:00:00+00:00,0.6989,0.6996,0.6783,0.6839,5900572.6
2025-06-04 00:00:00+00:00,0.6839,0.6987,0.6754,0.695,7131835.5
2025-06-04 04:00:00+00:00,0.695,0.6966,0.684,0.6852,4174344.8
2025-06-04 08:00:00+00:00,0.6852,0.6977,0.6824,0.683,8710056.8
2025-06-04 12:00:00+00:00,0.683,0.6886,0.6623,0.6854,18002022.7
2025-06-04 16:00:00+00:00,0.6854,0.6929,0.6654,0.6654,10852554.7
2025-06-04 20:00:00+00:00,0.6654,0.6659,0.6268,0.6368,16826303.8
2025-06-05 00:00:00+00:00,0.6368,0.6446,0.6328,0.6402,10462838.7
2025-06-05 04:00:00+00:00,0.6402,0.6429,0.6273,0.6332,9710774.0
2025-06-05 08:00:00+00:00,0.6332,0.6367,0.623,0.6288,9228451.2
2025-06-05 12:00:00+00:00,0.6288,0.651,0.627,0.6446,18286812.6
2025-06-05 16:00:00+00:00,0.6446,0.6531,0.6255,0.6492,22553054.4
2025-06-05 20:00:00+00:00,0.6492,0.6541,0.6025,0.6098,34961018.8
2025-06-06 00:00:00+00:00,0.6098,0.6219,0.606,0.6207,10989150.6
2025-06-06 04:00:00+00:00,0.6207,0.6277,0.6134,0.6199,8981243.7
2025-06-06 08:00:00+00:00,0.6199,0.6288,0.6185,0.6254,8210451.6
2025-06-06 12:00:00+00:00,0.6254,0.65,0.6249,0.6413,11402712.4
2025-06-06 16:00:00+00:00,0.6413,0.6427,0.619,0.6226,8993162.6
2025-06-06 20:00:00+00:00,0.6226,0.6326,0.6217,0.6251,4906829.6
2025-06-07 00:00:00+00:00,0.6251,0.6582,0.6238,0.6546,8291064.5
2025-06-07 04:00:00+00:00,0.6546,0.6644,0.6495,0.6639,6721927.9
2025-06-07 08:00:00+00:00,0.6639,0.6647,0.6523,0.6549,5134121.6
2025-06-07 12:00:00+00:00,0.6549,0.6643,0.6547,0.6604,6543240.6
2025-06-07 16:00:00+00:00,0.6604,0.6622,0.6482,0.6558,5909328.6
2025-06-07 20:00:00+00:00,0.6558,0.6664,0.6557,0.6606,4594609.9
2025-06-08 00:00:00+00:00,0.6606,0.6611,0.6495,0.6502,3367346.8
2025-06-08 04:00:00+00:00,0.6502,0.6552,0.6465,0.6488,3668020.6
2025-06-08 08:00:00+00:00,0.6488,0.6568,0.6426,0.6561,6085934.9
2025-06-08 12:00:00+00:00,0.6561,0.6637,0.6518,0.6564,5771216.8
2025-06-08 16:00:00+00:00,0.6564,0.6679,0.6524,0.659,8265201.9
2025-06-08 20:00:00+00:00,0.659,0.6619,0.6406,0.6445,8227090.1
2025-06-09 00:00:00+00:00,0.6445,0.6529,0.6422,0.6477,5279985.8
2025-06-09 04:00:00+00:00,0.6477,0.6485,0.6375,0.6418,7131951.2
2025-06-09 08:00:00+00:00,0.6418,0.6607,0.6398,0.66,12796731.1
2025-06-09 12:00:00+00:00,0.66,0.6768,0.655,0.6665,22091152.3
2025-06-09 16:00:00+00:00,0.6665,0.6778,0.663,0.6729,10204272.2
2025-06-09 20:00:00+00:00,0.6729,0.6965,0.6701,0.6942,9553336.4
2025-06-10 00:00:00+00:00,0.6942,0.7039,0.6922,0.6948,8229265.0
2025-06-10 04:00:00+00:00,0.6948,0.6959,0.6812,0.6885,9904505.1
2025-06-10 08:00:00+00:00,0.6885,0.7304,0.6833,0.7293,16366512.3
2025-06-10 12:00:00+00:00,0.7293,0.7563,0.7003,0.7137,48042239.8
2025-06-10 16:00:00+00:00,0.7137,0.7412,0.7095,0.7248,17751124.7
2025-06-10 20:00:00+00:00,0.7248,0.7381,0.7125,0.7353,14088779.2
2025-06-11 00:00:00+00:00,0.7353,0.7388,0.7033,0.7139,9901072.6
2025-06-11 04:00:00+00:00,0.7139,0.7152,0.7031,0.7106,7316912.6
2025-06-11 08:00:00+00:00,0.7106,0.7133,0.6938,0.7018,12229101.3
2025-06-11 12:00:00+00:00,0.7018,0.7332,0.6982,0.7292,20395214.2
2025-06-11 16:00:00+00:00,0.7292,0.7311,0.6856,0.687,18445592.1
2025-06-11 20:00:00+00:00,0.687,0.6952,0.6607,0.6723,23929402.5
2025-06-12 00:00:00+00:00,0.6723,0.6739,0.6515,0.6531,11213249.4
2025-06-12 04:00:00+00:00,0.6531,0.6538,0.6361,0.6383,20305030.5
2025-06-12 08:00:00+00:00,0.6383,0.6425,0.6304,0.6334,10307104.4
2025-06-12 12:00:00+00:00,0.6334,0.6564,0.6314,0.6409,16424482.4
2025-06-12 16:00:00+00:00,0.6409,0.66,0.6345,0.6381,12925058.3
2025-06-12 20:00:00+00:00,0.6381,0.642,0.6209,0.6222,15441065.1
2025-06-13 00:00:00+00:00,0.6222,0.6231,0.5575,0.5858,68455374.5
2025-06-13 04:00:00+00:00,0.5858,0.597,0.579,0.5909,17755268.5
2025-06-13 08:00:00+00:00,0.5909,0.6,0.585,0.5898,12996979.2
2025-06-13 12:00:00+00:00,0.5898,0.6173,0.5872,0.6124,23362463.9
2025-06-13 16:00:00+00:00,0.6124,0.6234,0.5943,0.6015,20511380.6
2025-06-13 20:00:00+00:00,0.6015,0.6206,0.6,0.6183,10324530.9
2025-06-14 00:00:00+00:00,0.6183,0.6184,0.6088,0.6105,6064739.4
2025-06-14 04:00:00+00:00,0.6105,0.616,0.6063,0.6089,5907983.4
2025-06-14 08:00:00+00:00,0.6089,0.6089,0.5972,0.6002,9155128.9
2025-06-14 12:00:00+00:00,0.6002,0.6048,0.588,0.5926,11730316.0
2025-06-14 16:00:00+00:00,0.5926,0.5943,0.581,0.5866,14144832.1
2025-06-14 20:00:00+00:00,0.5866,0.5974,0.5821,0.5939,4948710.9
2025-06-15 00:00:00+00:00,0.5939,0.5975,0.5906,0.5926,4087577.2
2025-06-15 04:00:00+00:00,0.5926,0.5999,0.5859,0.5879,6094030.3
2025-06-15 08:00:00+00:00,0.5879,0.5909,0.5801,0.5877,10112965.0
2025-06-15 12:00:00+00:00,0.5877,0.5999,0.5855,0.5915,7644652.7
2025-06-15 16:00:00+00:00,0.5915,0.5931,0.5842,0.5869,5145198.1
2025-06-15 20:00:00+00:00,0.5869,0.5964,0.5735,0.5949,10575479.0
2025-06-16 00:00:00+00:00,0.5949,0.6111,0.5875,0.6015,11713739.0
2025-06-16 04:00:00+00:00,0.6015,0.6233,0.6006,0.6162,11174816.9
2025-06-16 08:00:00+00:00,0.6162,0.621,0.612,0.6189,11157734.2
2025-06-16 12:00:00+00:00,0.6189,0.6372,0.6139,0.6229,17916427.0
2025-06-16 16:00:00+00:00,0.6229,0.6464,0.622,0.6426,11660798.8
2025-06-16 20:00:00+00:00,0.6426,0.6478,0.6036,0.605,22509094.0
2025-06-17 00:00:00+00:00,0.605,0.6167,0.5888,0.6093,26849260.9
2025-06-17 04:00:00+00:00,0.6093,0.611,0.595,0.5981,8612458.9
2025-06-17 08:00:00+00:00,0.5981,0.5992,0.577,0.5804,16400703.1
2025-06-17 12:00:00+00:00,0.5804,0.586,0.5623,0.5688,24948758.3
2025-06-17 16:00:00+00:00,0.5688,0.5932,0.5551,0.5895,25406464.9
2025-06-17 20:00:00+00:00,0.5895,0.5927,0.5752,0.5808,12715716.7
2025-06-18 00:00:00+00:00,0.5808,0.5929,0.5769,0.5908,8672860.4
2025-06-18 04:00:00+00:00,0.5908,0.6038,0.5895,0.5937,10583843.8
2025-06-18 08:00:00+00:00,0.5937,0.5964,0.5553,0.5702,23671566.3
2025-06-18 12:00:00+00:00,0.5702,0.5898,0.5574,0.5785,27444507.8
2025-06-18 16:00:00+00:00,0.5785,0.5828,0.564,0.5727,21655321.3
2025-06-18 20:00:00+00:00,0.5727,0.6136,0.5699,0.597,23421087.2
2025-06-19 00:00:00+00:00,0.597,0.6078,0.5908,0.6007,10100026.7
2025-06-19 04:00:00+00:00,0.6007,0.6041,0.5927,0.5993,8083527.1
2025-06-19 08:00:00+00:00,0.5993,0.6066,0.5852,0.5881,11478331.8
2025-06-19 12:00:00+00:00,0.5881,0.592,0.5761,0.5777,11176494.0
2025-06-19 16:00:00+00:00,0.5777,0.591,0.5735,0.5805,10980461.4
2025-06-19 20:00:00+00:00,0.5805,0.5924,0.5794,0.5889,7744174.4
2025-06-20 00:00:00+00:00,0.5889,0.5911,0.5775,0.5793,4874040.9
2025-06-20 04:00:00+00:00,0.5793,0.5918,0.5632,0.5906,14186586.0
2025-06-20 08:00:00+00:00,0.5906,0.5977,0.5816,0.5843,9305270.9
2025-06-20 12:00:00+00:00,0.5843,0.5942,0.5594,0.5626,22649543.2
2025-06-20 16:00:00+00:00,0.5626,0.5761,0.5432,0.5658,30910713.3
2025-06-20 20:00:00+00:00,0.5658,0.5757,0.5607,0.5663,13333812.8
2025-06-21 00:00:00+00:00,0.5663,0.5799,0.5651,0.5703,7728997.1
2025-06-21 04:00:00+00:00,0.5703,0.5777,0.5693,0.5719,4029018.5
2025-06-21 08:00:00+00:00,0.5719,0.5783,0.5681,0.5704,5422264.4
2025-06-21 12:00:00+00:00,0.5704,0.5725,0.5564,0.5628,17543771.7
2025-06-21 16:00:00+00:00,0.5628,0.5666,0.5469,0.5478,15092891.3
2025-06-21 20:00:00+00:00,0.5478,0.556,0.5261,0.5537,25360292.2
2025-06-22 00:00:00+00:00,0.5537,0.5575,0.5338,0.5377,23879529.5
2025-06-22 04:00:00+00:00,0.5377,0.5446,0.5333,0.5354,15685773.2
2025-06-22 08:00:00+00:00,0.5354,0.5367,0.5229,0.5312,14339154.6
2025-06-22 12:00:00+00:00,0.5312,0.5386,0.509,0.5134,54066784.2
2025-06-22 16:00:00+00:00,0.5134,0.5231,0.5087,0.5182,18317504.4
2025-06-22 20:00:00+00:00,0.5182,0.5376,0.504,0.5367,23745191.4
2025-06-23 00:00:00+00:00,0.5367,0.5431,0.5309,0.5317,11444830.6
2025-06-23 04:00:00+00:00,0.5317,0.5379,0.5302,0.5348,8844279.6
2025-06-23 08:00:00+00:00,0.5348,0.5366,0.5236,0.5259,9535168.7
2025-06-23 12:00:00+00:00,0.5259,0.5417,0.5184,0.52,38831648.6
2025-06-23 16:00:00+00:00,0.52,0.5597,0.5055,0.5552,50010495.7
2025-06-23 20:00:00+00:00,0.5552,0.5824,0.5521,0.5788,26918345.9
2025-06-24 00:00:00+00:00,0.5788,0.5835,0.5722,0.577,11076778.6
2025-06-24 04:00:00+00:00,0.577,0.5932,0.5753,0.5807,10391489.9
2025-06-24 08:00:00+00:00,0.5807,0.5872,0.5736,0.5779,11674511.8
2025-06-24 12:00:00+00:00,0.5779,0.5851,0.5722,0.5808,19051942.1
2025-06-24 16:00:00+00:00,0.5808,0.5935,0.5641,0.5687,18946106.7
2025-06-24 20:00:00+00:00,0.5687,0.571,0.5624,0.5693,7393161.9
2025-06-25 00:00:00+00:00,0.5693,0.5842,0.5682,0.5723,23177520.8
2025-06-25 04:00:00+00:00,0.5723,0.5764,0.5669,0.5737,6122098.8
2025-06-25 08:00:00+00:00,0.5737,0.5743,0.5601,0.569,12194410.9
2025-06-25 12:00:00+00:00,0.569,0.5757,0.5472,0.5488,17355438.9
2025-06-25 16:00:00+00:00,0.5488,0.554,0.5259,0.5333,30225584.5
2025-06-25 20:00:00+00:00,0.5333,0.5378,0.5166,0.5227,18623935.9
2025-06-26 00:00:00+00:00,0.5227,0.5432,0.5204,0.5262,28307842.0
2025-06-26 04:00:00+00:00,0.5262,0.5265,0.5128,0.5199,16110938.6
2025-06-26 08:00:00+00:00,0.5199,0.5237,0.4997,0.5044,22616671.2
2025-06-26 12:00:00+00:00,0.5044,0.5053,0.4913,0.4977,25278275.4
2025-06-26 16:00:00+00:00,0.4977,0.503,0.4938,0.5,16018779.0
2025-06-26 20:00:00+00:00,0.5,0.5109,0.4956,0.504,17656959.1
2025-06-27 00:00:00+00:00,0.504,0.5116,0.5011,0.5078,10829164.2
2025-06-27 04:00:00+00:00,0.5078,0.514,0.504,0.5056,6009829.7
2025-06-27 08:00:00+00:00,0.5056,0.5113,0.4997,0.5015,8554382.9
2025-06-27 12:00:00+00:00,0.5015,0.5131,0.4989,0.51,11349061.5
2025-06-27 16:00:00+00:00,0.51,0.5212,0.4952,0.5002,21546393.2
2025-06-27 20:00:00+00:00,0.5002,0.5143,0.4994,0.5109,11434289.1
2025-06-28 00:00:00+00:00,0.5109,0.5173,0.5099,0.517,4431844.6
2025-06-28 04:00:00+00:00,0.517,0.5189,0.5118,0.5166,4642340.8
2025-06-28 08:00:00+00:00,0.5166,0.5171,0.5047,0.5053,6513592.4
2025-06-28 12:00:00+00:00,0.5053,0.5134,0.5021,0.5133,6254944.0
2025-06-28 16:00:00+00:00,0.5133,0.5186,0.5106,0.5125,6805004.0
2025-06-28 20:00:00+00:00,0.5125,0.5189,0.5103,0.5165,4104374.8
2025-06-29 00:00:00+00:00,0.5165,0.5216,0.5113,0.5119,5823424.4
2025-06-29 04:00:00+00:00,0.5119,0.5152,0.5103,0.5133,3549630.9
2025-06-29 08:00:00+00:00,0.5133,0.5204,0.511,0.5155,8580096.6
2025-06-29 12:00:00+00:00,0.5155,0.5179,0.5053,0.5075,8621274.3
2025-06-29 16:00:00+00:00,0.5075,0.517,0.5075,0.5155,5180279.5
2025-06-29 20:00:00+00:00,0.5155,0.5394,0.5109,0.5326,17278797.1
2025-06-30 00:00:00+00:00,0.5326,0.5359,0.5184,0.5195,10724138.0
2025-06-30 04:00:00+00:00,0.5195,0.5204,0.5007,0.51,14704011.3
2025-06-30 08:00:00+00:00,0.51,0.5147,0.5055,0.5058,10438162.2
2025-06-30 12:00:00+00:00,0.5058,0.5132,0.4993,0.5077,15188325.8
2025-06-30 16:00:00+00:00,0.5077,0.5287,0.5052,0.525,16266898.1
2025-06-30 20:00:00+00:00,0.525,0.5343,0.5216,0.5223,13046956.6
2025-07-01 00:00:00+00:00,0.5223,0.5261,0.5141,0.5148,7958463.2
2025-07-01 04:00:00+00:00,0.5148,0.5149,0.4971,0.509,13853346.7
2025-07-01 08:00:00+00:00,0.509,0.5164,0.5042,0.5163,9446323.6
2025-07-01 12:00:00+00:00,0.5163,0.5187,0.5054,0.5087,12931203.6
2025-07-01 16:00:00+00:00,0.5087,0.5087,0.4974,0.5006,12654519.0
2025-07-01 20:00:00+00:00,0.5006,0.5066,0.4952,0.5006,8162523.9
2025-07-02 00:00:00+00:00,0.5006,0.5049,0.4939,0.4986,12582775.0
2025-07-02 04:00:00+00:00,0.4986,0.5146,0.4939,0.5114,12997021.1
2025-07-02 08:00:00+00:00,0.5114,0.5162,0.5083,0.5092,10014671.2
2025-07-02 12:00:00+00:00,0.5092,0.5197,0.5061,0.5174,13775108.2
2025-07-02 16:00:00+00:00,0.5174,0.5365,0.5171,0.5341,27537999.0
2025-07-02 20:00:00+00:00,0.5341,0.5387,0.5251,0.5271,14464521.8
2025-07-03 00:00:00+00:00,0.5271,0.5335,0.5246,0.5298,7276138.3
2025-07-03 04:00:00+00:00,0.5298,0.5493,0.5288,0.5489,13034860.5
2025-07-03 08:00:00+00:00,0.5489,0.55,0.5359,0.5386,10872321.8
2025-07-03 12:00:00+00:00,0.5386,0.5477,0.5254,0.5262,26339548.1
2025-07-03 16:00:00+00:00,0.5262,0.5355,0.5261,0.5335,8889869.3
2025-07-03 20:00:00+00:00,0.5335,0.5378,0.5296,0.532,8805620.1
2025-07-04 00:00:00+00:00,0.532,0.5361,0.5227,0.5236,11722730.6
2025-07-04 04:00:00+00:00,0.5236,0.5278,0.5068,0.5077,18115314.1
2025-07-04 08:00:00+00:00,0.5077,0.513,0.5037,0.5096,10692578.5
2025-07-04 12:00:00+00:00,0.5096,0.5118,0.4973,0.5009,17059376.4
2025-07-04 16:00:00+00:00,0.5009,0.502,0.4883,0.4931,21300969.1
2025-07-04 20:00:00+00:00,0.4931,0.5068,0.4922,0.5054,10536720.8
2025-07-05 00:00:00+00:00,0.5054,0.5066,0.4975,0.4998,8412166.1
2025-07-05 04:00:00+00:00,0.4998,0.5022,0.4959,0.4988,7577844.7
2025-07-05 08:00:00+00:00,0.4988,0.4998,0.4951,0.4984,6648072.3
2025-07-05 12:00:00+00:00,0.4984,0.499,0.4914,0.496,10659539.8
2025-07-05 16:00:00+00:00,0.496,0.4997,0.4901,0.4961,11220157.9
2025-07-05 20:00:00+00:00,0.4961,0.5009,0.4944,0.4982,7490660.0
2025-07-06 00:00:00+00:00,0.4982,0.4984,0.4929,0.4944,4860969.9
2025-07-06 04:00:00+00:00,0.4944,0.4959,0.4916,0.4935,3924523.1
2025-07-06 08:00:00+00:00,0.4935,0.4958,0.4894,0.4954,7325848.0
2025-07-06 12:00:00+00:00,0.4954,0.5061,0.4941,0.4977,14581977.4
2025-07-06 16:00:00+00:00,0.4977,0.5023,0.4956,0.501,7957336.7
2025-07-06 20:00:00+00:00,0.501,0.5116,0.4985,0.5004,11361185.1
2025-07-07 00:00:00+00:00,0.5004,0.5147,0.4986,0.5118,12189815.2
2025-07-07 04:00:00+00:00,0.5118,0.5135,0.5087,0.5128,6377722.5
2025-07-07 08:00:00+00:00,0.5128,0.5132,0.5045,0.5067,9660609.9
2025-07-07 12:00:00+00:00,0.5067,0.5142,0.501,0.5033,18323988.9
2025-07-07 16:00:00+00:00,0.5033,0.508,0.4977,0.5064,14108051.5
2025-07-07 20:00:00+00:00,0.5064,0.5144,0.4993,0.5106,10326813.2
2025-07-08 00:00:00+00:00,0.5106,0.5177,0.5075,0.5084,18346921.5
2025-07-08 04:00:00+00:00,0.5084,0.5109,0.5014,0.5055,9843673.2
2025-07-08 08:00:00+00:00,0.5055,0.5103,0.5007,0.5074,10279556.9
2025-07-08 12:00:00+00:00,0.5074,0.5121,0.5044,0.5076,10394515.9
2025-07-08 16:00:00+00:00,0.5076,0.5242,0.5045,0.5219,20811056.2
2025-07-08 20:00:00+00:00,0.5219,0.5231,0.5143,0.5152,7318023.0
2025-07-09 00:00:00+00:00,0.5152,0.5227,0.5124,0.5191,11968828.7
2025-07-09 04:00:00+00:00,0.5191,0.5424,0.5188,0.5411,21831416.6
2025-07-09 08:00:00+00:00,0.5411,0.5544,0.54,0.552,30979886.1
2025-07-09 12:00:00+00:00,0.552,0.5588,0.5438,0.5465,28763817.2
2025-07-09 16:00:00+00:00,0.5465,0.5653,0.5433,0.5609,23232371.1
2025-07-09 20:00:00+00:00,0.5609,0.5623,0.5511,0.5561,16534207.1
2025-07-10 00:00:00+00:00,0.5561,0.566,0.5556,0.5627,10403469.2
2025-07-10 04:00:00+00:00,0.5627,0.5683,0.5562,0.5657,9395149.6
2025-07-10 08:00:00+00:00,0.5657,0.5711,0.5595,0.5607,10345671.3
2025-07-10 12:00:00+00:00,0.5607,0.5672,0.5573,0.5617,16664265.7
2025-07-10 16:00:00+00:00,0.5617,0.5843,0.5611,0.5776,23877526.9
2025-07-10 20:00:00+00:00,0.5776,0.6085,0.5775,0.5995,22117806.9
2025-07-11 00:00:00+00:00,0.5995,0.625,0.5916,0.6232,24805787.0
2025-07-11 04:00:00+00:00,0.6232,0.6489,0.6172,0.6298,36055428.2
2025-07-11 08:00:00+00:00,0.6298,0.65,0.6298,0.6471,23189536.8
2025-07-11 12:00:00+00:00,0.6471,0.6603,0.6351,0.638,33059810.2
2025-07-11 16:00:00+00:00,0.638,0.6517,0.6356,0.6515,14588437.7
2025-07-11 20:00:00+00:00,0.6515,0.6519,0.6183,0.6307,16271370.4
2025-07-12 00:00:00+00:00,0.6307,0.6398,0.617,0.6341,13697577.6
2025-07-12 04:00:00+00:00,0.6341,0.637,0.6208,0.633,11597872.9
2025-07-12 08:00:00+00:00,0.633,0.6425,0.6301,0.6358,9448429.1
2025-07-12 12:00:00+00:00,0.6358,0.6383,0.6031,0.607,22317842.9
2025-07-12 16:00:00+00:00,0.607,0.6218,0.6033,0.6183,6159526.5
2025-07-12 20:00:00+00:00,0.6183,0.6186,0.6065,0.6164,8198350.6
2025-07-13 00:00:00+00:00,0.6164,0.621,0.6136,0.6172,6659278.5
2025-07-13 04:00:00+00:00,0.6172,0.6385,0.6153,0.6374,9426661.4
2025-07-13 08:00:00+00:00,0.6374,0.6641,0.6312,0.6587,19546435.3
2025-07-13 12:00:00+00:00,0.6587,0.6755,0.6582,0.6619,24398311.2
2025-07-13 16:00:00+00:00,0.6619,0.6786,0.6611,0.6717,20328419.6
2025-07-13 20:00:00+00:00,0.6717,0.6775,0.6509,0.6528,16043222.7
2025-07-14 00:00:00+00:00,0.6528,0.6931,0.6493,0.689,17149886.4
2025-07-14 04:00:00+00:00,0.689,0.6997,0.6749,0.6918,20492875.2
2025-07-14 08:00:00+00:00,0.6918,0.6966,0.6769,0.6845,14792700.6
2025-07-14 12:00:00+00:00,0.6845,0.695,0.6704,0.6781,23136501.6
2025-07-14 16:00:00+00:00,0.6781,0.7298,0.6772,0.7087,47808547.3
2025-07-14 20:00:00+00:00,0.7087,0.7182,0.6966,0.7039,13988660.5
2025-07-15 00:00:00+00:00,0.7039,0.7203,0.6862,0.7067,27043376.4
2025-07-15 04:00:00+00:00,0.7067,0.7338,0.6934,0.707,35138494.6
2025-07-15 08:00:00+00:00,0.707,0.7245,0.6934,0.7027,26641444.7
2025-07-15 12:00:00+00:00,0.7027,0.7445,0.698,0.716,49963894.7
2025-07-15 16:00:00+00:00,0.716,0.7552,0.7014,0.7092,48390074.4
2025-07-15 20:00:00+00:00,0.7092,0.7666,0.7076,0.7578,26009308.1
2025-07-16 00:00:00+00:00,0.7578,0.8021,0.747,0.7636,43522827.7
2025-07-16 04:00:00+00:00,0.7636,0.7953,0.761,0.7913,21198879.2
2025-07-16 08:00:00+00:00,0.7913,0.7983,0.7721,0.7809,16139345.0
2025-07-16 12:00:00+00:00,0.7809,0.8427,0.7777,0.8146,38214768.0
2025-07-16 16:00:00+00:00,0.8146,0.8396,0.8041,0.8193,24609082.9
2025-07-16 20:00:00+00:00,0.8193,0.9509,0.8178,0.9233,72090550.7
2025-07-17 00:00:00+00:00,0.9233,0.97,0.9057,0.9155,52893416.8
2025-07-17 04:00:00+00:00,0.9155,1.0243,0.9036,0.9881,57167808.2
2025-07-17 08:00:00+00:00,0.9881,1.0207,0.9566,0.9735,55571688.5
2025-07-17 12:00:00+00:00,0.9735,1.0112,0.9635,0.9676,38843814.9
2025-07-17 16:00:00+00:00,0.9676,0.9883,0.9155,0.9533,49310595.0
2025-07-17 20:00:00+00:00,0.9533,1.0484,0.9412,1.0052,51933753.2
2025-07-18 00:00:00+00:00,1.0052,1.0725,0.9878,1.0501,42477324.8
2025-07-18 04:00:00+00:00,1.0501,1.0825,1.0059,1.0344,44380939.1
2025-07-18 08:00:00+00:00,1.0344,1.07,0.9891,0.9979,38333587.6
2025-07-18 12:00:00+00:00,0.9979,1.0164,0.9486,0.9544,32394502.6
2025-07-18 16:00:00+00:00,0.9544,0.9649,0.9121,0.9294,36638847.4
2025-07-18 20:00:00+00:00,0.9294,0.9899,0.9125,0.9831,26229728.9
2025-07-19 00:00:00+00:00,0.9831,1.0056,0.9701,0.9772,17096910.5
2025-07-19 04:00:00+00:00,0.9772,0.9948,0.9704,0.9756,8036586.5
2025-07-19 08:00:00+00:00,0.9756,0.9806,0.9365,0.949,16937701.4
2025-07-19 12:00:00+00:00,0.949,0.9684,0.9187,0.9597,17077477.5
2025-07-19 16:00:00+00:00,0.9597,0.9969,0.9535,0.9699,19426009.0
2025-07-19 20:00:00+00:00,0.9699,1.0014,0.9595,0.9798,16769369.5
2025-07-20 00:00:00+00:00,0.9798,1.0165,0.9678,1.011,20103245.1
2025-07-20 04:00:00+00:00,1.011,1.0294,0.9673,0.9796,15187333.3
2025-07-20 08:00:00+00:00,0.9796,1.0313,0.9783,1.0152,26318825.8
2025-07-20 12:00:00+00:00,1.0152,1.0219,0.9741,1.0149,20059171.7
2025-07-20 16:00:00+00:00,1.0149,1.032,0.9747,0.9814,26709594.7
2025-07-20 20:00:00+00:00,0.9814,0.9825,0.9524,0.9665,19637722.9
2025-07-21 00:00:00+00:00,0.9665,0.988,0.9507,0.9816,13217318.6
2025-07-21 04:00:00+00:00,0.9816,1.0083,0.9763,0.9835,13992417.9
2025-07-21 08:00:00+00:00,0.9835,0.9897,0.9693,0.9735,10463958.0
2025-07-21 12:00:00+00:00,0.9735,1.0056,0.9616,0.9928,19578048.2
2025-07-21 16:00:00+00:00,0.9928,0.9993,0.942,0.9459,19069179.0
2025-07-21 20:00:00+00:00,0.9459,0.9615,0.9406,0.9561,12058365.9
2025-07-22 00:00:00+00:00,0.9561,0.9954,0.9341,0.9758,22610079.9
2025-07-22 04:00:00+00:00,0.9758,0.9781,0.9215,0.9393,23495956.8
2025-07-22 08:00:00+00:00,0.9393,0.9611,0.9168,0.9308,24975149.6
2025-07-22 12:00:00+00:00,0.9308,0.9433,0.9074,0.9317,24424473.8
2025-07-22 16:00:00+00:00,0.9317,0.9639,0.91,0.9483,24956471.9
2025-07-22 20:00:00+00:00,0.9483,0.9985,0.9422,0.9953,24808418.3
2025-07-23 00:00:00+00:00,0.9953,1.016,0.9736,0.9957,23892769.4
2025-07-23 04:00:00+00:00,0.9957,1.0507,0.9817,1.007,30294570.9
2025-07-23 08:00:00+00:00,1.007,1.013,0.9508,0.9609,30334342.1
2025-07-23 12:00:00+00:00,0.9609,0.9713,0.918,0.9706,30768642.2
2025-07-23 16:00:00+00:00,0.9706,0.9706,0.915,0.9298,24131533.4
2025-07-23 20:00:00+00:00,0.9298,0.9732,0.903,0.9392,28372482.3
2025-07-24 00:00:00+00:00,0.9392,0.9765,0.9296,0.9615,15304569.3
2025-07-24 04:00:00+00:00,0.9615,0.9712,0.9055,0.9666,33600548.8
2025-07-24 08:00:00+00:00,0.9666,1.0224,0.9572,1.0032,35984410.8
2025-07-24 12:00:00+00:00,1.0032,1.0353,0.9726,1.0099,37767571.1
2025-07-24 16:00:00+00:00,1.0099,1.0114,0.9672,0.9829,27105233.3
2025-07-24 20:00:00+00:00,0.9829,1.0014,0.945,0.9485,18692836.9
2025-07-25 00:00:00+00:00,0.9485,0.9918,0.9348,0.9791,36302457.2
2025-07-25 04:00:00+00:00,0.9791,1.0333,0.9676,1.0206,41605645.1
2025-07-25 08:00:00+00:00,1.0206,1.0936,1.0069,1.0628,52459618.6
2025-07-25 12:00:00+00:00,1.0628,1.0855,1.0066,1.0179,44533817.3
2025-07-25 16:00:00+00:00,1.0179,1.0195,0.972,0.9849,38788586.6
2025-07-25 20:00:00+00:00,0.9849,1.0556,0.982,1.0333,25923928.6
2025-07-26 00:00:00+00:00,1.0333,1.08,1.0107,1.0255,31626629.6
2025-07-26 04:00:00+00:00,1.0255,1.082,1.0214,1.0567,26854062.0
2025-07-26 08:00:00+00:00,1.0567,1.0656,1.0456,1.0554,14745871.5
2025-07-26 12:00:00+00:00,1.0554,1.0843,1.0283,1.044,27186285.5
2025-07-26 16:00:00+00:00,1.044,1.0844,1.0327,1.0792,22958531.4
2025-07-26 20:00:00+00:00,1.0792,1.1403,1.0725,1.0988,33585329.6
2025-07-27 00:00:00+00:00,1.0988,1.1367,1.078,1.1122,25877303.4
2025-07-27 04:00:00+00:00,1.1122,1.1639,1.0783,1.0884,37484651.2
2025-07-27 08:00:00+00:00,1.0884,1.094,1.0508,1.0547,30195136.5
2025-07-27 12:00:00+00:00,1.0547,1.0736,1.0383,1.0473,21779129.0
2025-07-27 16:00:00+00:00,1.0473,1.076,1.0344,1.0539,26616556.4
2025-07-27 20:00:00+00:00,1.0539,1.0764,1.0141,1.0244,28800252.1
2025-07-28 00:00:00+00:00,1.0244,1.0371,1.0001,1.0178,28144453.2
2025-07-28 04:00:00+00:00,1.0178,1.0373,1.0029,1.0192,20294665.7
2025-07-28 08:00:00+00:00,1.0192,1.0344,1.0058,1.0165,15255681.4
2025-07-28 12:00:00+00:00,1.0165,1.0167,0.9825,0.9893,24641003.3
2025-07-28 16:00:00+00:00,0.9893,1.0132,0.9645,1.0026,23353651.4
2025-07-28 20:00:00+00:00,1.0026,1.0301,0.9942,1.01,22103647.1
2025-07-29 00:00:00+00:00,1.01,1.0247,0.9776,0.9886,18319999.8
2025-07-29 04:00:00+00:00,0.9886,1.0313,0.9808,1.0305,14195096.5
2025-07-29 08:00:00+00:00,1.0305,1.0454,1.0027,1.0078,23224110.2
2025-07-29 12:00:00+00:00,1.0078,1.0254,0.9545,0.9737,27775450.8
2025-07-29 16:00:00+00:00,0.9737,0.9958,0.9539,0.9769,19314708.8
2025-07-29 20:00:00+00:00,0.9769,0.9919,0.9665,0.9872,12568385.0
2025-07-30 00:00:00+00:00,0.9872,1.0044,0.955,0.9923,16004213.7
2025-07-30 04:00:00+00:00,0.9923,1.0109,0.981,0.9871,10092000.8
2025-07-30 08:00:00+00:00,0.9871,0.9914,0.9461,0.9556,18512623.1
2025-07-30 12:00:00+00:00,0.9556,1.0226,0.951,1.0167,26183764.9
2025-07-30 16:00:00+00:00,1.0167,1.0381,0.9801,1.0282,28367420.3
2025-07-30 20:00:00+00:00,1.0282,1.0616,1.0113,1.028,22956535.9
2025-07-31 00:00:00+00:00,1.028,1.0578,1.0162,1.0428,10773024.5
2025-07-31 04:00:00+00:00,1.0428,1.0565,1.0158,1.0499,11893789.3
2025-07-31 08:00:00+00:00,1.0499,1.053,1.0208,1.0303,9157681.3
2025-07-31 12:00:00+00:00,1.0303,1.0359,0.9856,0.9992,16261107.0
2025-07-31 16:00:00+00:00,0.9992,1.0207,0.9656,0.9685,16762762.3
2025-07-31 20:00:00+00:00,0.9685,0.9713,0.9302,0.9363,17876173.5
2025-08-01 00:00:00+00:00,0.9363,0.961,0.932,0.9456,13225448.3
2025-08-01 04:00:00+00:00,0.9456,0.9537,0.9138,0.925,11789300.2
2025-08-01 08:00:00+00:00,0.925,0.9302,0.9102,0.9298,9603105.0
2025-08-01 12:00:00+00:00,0.9298,0.9354,0.8808,0.903,26025759.4
2025-08-01 16:00:00+00:00,0.903,0.9151,0.8779,0.8985,16130857.0
2025-08-01 20:00:00+00:00,0.8985,0.9031,0.8587,0.8787,16322778.6
2025-08-02 00:00:00+00:00,0.8787,0.9205,0.8708,0.9167,10782287.1
2025-08-02 04:00:00+00:00,0.9167,0.9271,0.8827,0.9077,11100128.5
2025-08-02 08:00:00+00:00,0.9077,0.9084,0.8759,0.8829,7005101.5
2025-08-02 12:00:00+00:00,0.8829,0.8944,0.8714,0.8726,7234964.2
2025-08-02 16:00:00+00:00,0.8726,0.8824,0.8485,0.8586,12252139.2
2025-08-02 20:00:00+00:00,0.8586,0.8715,0.8522,0.862,6134501.3
2025-08-03 00:00:00+00:00,0.862,0.9024,0.8471,0.8953,9331839.9
2025-08-03 04:00:00+00:00,0.8953,0.899,0.8823,0.8939,5069534.9
2025-08-03 08:00:00+00:00,0.8939,0.9268,0.893,0.9165,11663065.1
2025-08-03 12:00:00+00:00,0.9165,0.9203,0.8994,0.9066,9679258.2
2025-08-03 16:00:00+00:00,0.9066,0.9257,0.9015,0.9122,7467338.2
2025-08-03 20:00:00+00:00,0.9122,0.9183,0.9031,0.9085,5662223.5
2025-08-04 00:00:00+00:00,0.9085,0.9344,0.9068,0.9226,6992698.0
2025-08-04 04:00:00+00:00,0.9226,0.9296,0.9024,0.9104,5880199.3
2025-08-04 08:00:00+00:00,0.9104,0.9261,0.9001,0.9016,10956982.6
2025-08-04 12:00:00+00:00,0.9016,0.9428,0.886,0.9072,30704930.5
2025-08-04 16:00:00+00:00,0.9072,0.954,0.9031,0.9111,34425692.5
2025-08-04 20:00:00+00:00,0.9111,0.9494,0.9076,0.9345,14692211.6
2025-08-05 00:00:00+00:00,0.9345,0.9351,0.8879,0.8915,17674674.6
2025-08-05 04:00:00+00:00,0.8915,0.9191,0.8835,0.9106,20468761.4
2025-08-05 08:00:00+00:00,0.9106,0.9393,0.8972,0.9026,31268598.6
2025-08-05 12:00:00+00:00,0.9026,0.917,0.8861,0.8968,29115744.1
2025-08-05 16:00:00+00:00,0.8968,0.9021,0.8776,0.8867,12823518.8
2025-08-05 20:00:00+00:00,0.8867,0.9124,0.8708,0.9036,16789002.9
2025-08-06 00:00:00+00:00,0.9036,0.9059,0.8837,0.8844,10736795.1
2025-08-06 04:00:00+00:00,0.8844,0.9152,0.8801,0.9027,13886583.1
2025-08-06 08:00:00+00:00,0.9027,0.9122,0.8925,0.904,10227404.6
2025-08-06 12:00:00+00:00,0.904,0.9251,0.8856,0.9219,21496335.9
2025-08-06 16:00:00+00:00,0.9219,0.9344,0.9075,0.9242,13488412.2
2025-08-06 20:00:00+00:00,0.9242,0.9308,0.9114,0.9179,6596582.5
2025-08-07 00:00:00+00:00,0.9179,0.931,0.9125,0.925,9279175.2
2025-08-07 04:00:00+00:00,0.925,0.9294,0.9103,0.9149,10151426.2
2025-08-07 08:00:00+00:00,0.9149,0.9571,0.9145,0.933,19707704.2
2025-08-07 12:00:00+00:00,0.933,0.9404,0.9126,0.9191,17767908.7
2025-08-07 16:00:00+00:00,0.9191,0.9203,0.8816,0.9156,29990780.1
2025-08-07 20:00:00+00:00,0.9156,0.9492,0.9126,0.9477,21974756.0
2025-08-08 00:00:00+00:00,0.9477,0.9714,0.9331,0.9585,28322262.9
2025-08-08 04:00:00+00:00,0.9585,0.9597,0.9255,0.9393,13030626.3
2025-08-08 08:00:00+00:00,0.9393,0.9478,0.9072,0.9224,17413447.1
2025-08-08 12:00:00+00:00,0.9224,0.9559,0.9037,0.9329,27549438.6
2025-08-08 16:00:00+00:00,0.9329,0.9649,0.9302,0.9594,17773835.4
2025-08-08 20:00:00+00:00,0.9594,0.9627,0.9501,0.951,11587848.0
2025-08-09 00:00:00+00:00,0.951,0.9588,0.9404,0.9444,8217493.2
2025-08-09 04:00:00+00:00,0.9444,0.9834,0.9426,0.9658,20488169.2
2025-08-09 08:00:00+00:00,0.9658,1.0056,0.9642,0.9975,24666259.2
2025-08-09 12:00:00+00:00,0.9975,1.005,0.9841,0.9904,15284636.8
2025-08-09 16:00:00+00:00,0.9904,1.0081,0.9892,1.0024,8790775.5
2025-08-09 20:00:00+00:00,1.0024,1.015,0.9811,0.9869,14696388.8
2025-08-10 00:00:00+00:00,0.9869,1.0026,0.9676,0.9869,12906311.3
2025-08-10 04:00:00+00:00,0.9869,1.0074,0.9588,0.9608,15441510.0
2025-08-10 08:00:00+00:00,0.9608,0.987,0.9433,0.9571,16629662.9
2025-08-10 12:00:00+00:00,0.9571,0.9862,0.9541,0.9816,13334114.1
2025-08-10 16:00:00+00:00,0.9816,0.9833,0.9709,0.975,8944842.4
2025-08-10 20:00:00+00:00,0.975,0.9766,0.9568,0.9737,10139299.5
2025-08-11 00:00:00+00:00,0.9737,1.0167,0.9674,1.0115,16185325.7
2025-08-11 04:00:00+00:00,1.0115,1.0289,1.0032,1.0129,13347911.9
2025-08-11 08:00:00+00:00,1.0129,1.0138,0.9447,0.9483,30055587.2
2025-08-11 12:00:00+00:00,0.9483,0.9783,0.9414,0.9707,19715536.6
2025-08-11 16:00:00+00:00,0.9707,0.9887,0.9346,0.9438,17393783.8
2025-08-11 20:00:00+00:00,0.9438,0.9466,0.9087,0.9177,16651113.8
2025-08-12 00:00:00+00:00,0.9177,0.9385,0.9155,0.9199,9548014.5
2025-08-12 04:00:00+00:00,0.9199,0.928,0.9125,0.9215,7488928.9
2025-08-12 08:00:00+00:00,0.9215,0.9323,0.8933,0.9123,13051400.4
2025-08-12 12:00:00+00:00,0.9123,0.9833,0.9067,0.9817,30590579.0
2025-08-12 16:00:00+00:00,0.9817,0.9942,0.9674,0.9859,17401109.0
2025-08-12 20:00:00+00:00,0.9859,0.9982,0.9689,0.9794,14052773.0
2025-08-13 00:00:00+00:00,0.9794,1.0249,0.9641,1.0149,22347807.2
2025-08-13 04:00:00+00:00,1.0149,1.0444,0.9965,1.0413,24193880.6
2025-08-13 08:00:00+00:00,1.0413,1.0633,1.0394,1.0485,19058197.8
2025-08-13 12:00:00+00:00,1.0485,1.0525,1.0161,1.0241,25153424.2
2025-08-13 16:00:00+00:00,1.0241,1.0467,1.0212,1.0367,14540591.0
2025-08-13 20:00:00+00:00,1.0367,1.0591,1.0317,1.0396,15005128.9
2025-08-14 00:00:00+00:00,1.0396,1.0509,1.0266,1.0448,16955940.4
2025-08-14 04:00:00+00:00,1.0448,1.0496,1.0031,1.0093,17599240.8
2025-08-14 08:00:00+00:00,1.0093,1.0095,0.9794,0.9832,22987273.4
2025-08-14 12:00:00+00:00,0.9832,0.9903,0.9222,0.9393,58012974.1
2025-08-14 16:00:00+00:00,0.9393,0.9401,0.9074,0.9251,19056749.8
2025-08-14 20:00:00+00:00,0.9251,0.9257,0.8999,0.9119,15359544.2
2025-08-15 00:00:00+00:00,0.9119,0.9306,0.9102,0.9226,8499972.2
2025-08-15 04:00:00+00:00,0.9226,0.9272,0.91,0.9206,10277828.0
2025-08-15 08:00:00+00:00,0.9206,0.9281,0.9119,0.9125,8415824.5
2025-08-15 12:00:00+00:00,0.9125,0.926,0.8578,0.8691,35008379.3
2025-08-15 16:00:00+00:00,0.8691,0.8789,0.8525,0.857,17040614.2
2025-08-15 20:00:00+00:00,0.857,0.8765,0.8534,0.8676,11172228.2
2025-08-16 00:00:00+00:00,0.8676,0.88,0.8665,0.8707,6360701.4
2025-08-16 04:00:00+00:00,0.8707,0.8743,0.8629,0.8641,6709137.8
2025-08-16 08:00:00+00:00,0.8641,0.8654,0.8475,0.8573,12641768.0
2025-08-16 12:00:00+00:00,0.8573,0.8729,0.8516,0.8645,8349628.6
2025-08-16 16:00:00+00:00,0.8645,0.8725,0.86,0.8664,5756037.9
2025-08-16 20:00:00+00:00,0.8664,0.8721,0.8618,0.8657,4887538.4
2025-08-17 00:00:00+00:00,0.8657,0.87,0.8582,0.8667,4674482.2
2025-08-17 04:00:00+00:00,0.8667,0.8767,0.8605,0.8679,10928902.9
2025-08-17 08:00:00+00:00,0.8679,0.8897,0.8652,0.8873,13078668.2
2025-08-17 12:00:00+00:00,0.8873,0.8999,0.8726,0.8998,14023939.3
2025-08-17 16:00:00+00:00,0.8998,0.9084,0.8662,0.8741,16893630.5
2025-08-17 20:00:00+00:00,0.8741,0.8947,0.8711,0.878,12233383.7
2025-08-18 00:00:00+00:00,0.878,0.8805,0.8341,0.8483,23309645.1
2025-08-18 04:00:00+00:00,0.8483,0.8759,0.8437,0.8622,20182967.9
2025-08-18 08:00:00+00:00,0.8622,0.8813,0.8553,0.862,22464440.3
2025-08-18 12:00:00+00:00,0.862,0.8771,0.8476,0.8734,29446315.8
2025-08-18 16:00:00+00:00,0.8734,0.8936,0.8637,0.8809,27688150.6
2025-08-18 20:00:00+00:00,0.8809,0.9003,0.867,0.8717,23138203.9
2025-08-19 00:00:00+00:00,0.8717,0.885,0.8443,0.8463,27678005.3
2025-08-19 04:00:00+00:00,0.8463,0.8646,0.8375,0.8493,23823890.1
2025-08-19 08:00:00+00:00,0.8493,0.8778,0.8423,0.8732,18680349.2
2025-08-19 12:00:00+00:00,0.8732,0.8859,0.8429,0.8602,28683130.2
2025-08-19 16:00:00+00:00,0.8602,0.8671,0.8216,0.8313,26702670.8
2025-08-19 20:00:00+00:00,0.8313,0.8391,0.8175,0.8203,13901057.7
2025-08-20 00:00:00+00:00,0.8203,0.8455,0.8187,0.839,20694117.7
2025-08-20 04:00:00+00:00,0.839,0.8574,0.8387,0.8465,16758471.6
2025-08-20 08:00:00+00:00,0.8465,0.8603,0.8407,0.8518,18180141.0
2025-08-20 12:00:00+00:00,0.8518,0.8873,0.8334,0.8695,29694191.7
2025-08-20 16:00:00+00:00,0.8695,0.8952,0.8661,0.884,23102085.4
2025-08-20 20:00:00+00:00,0.884,0.8856,0.8752,0.8819,7541060.7
2025-08-21 00:00:00+00:00,0.8819,0.8856,0.8693,0.87,8738823.6
2025-08-21 04:00:00+00:00,0.87,0.882,0.8685,0.8786,8119041.8
2025-08-21 08:00:00+00:00,0.8786,0.8797,0.8559,0.8609,11144411.1
2025-08-21 12:00:00+00:00,0.8609,0.8704,0.849,0.8522,14007248.5
2025-08-21 16:00:00+00:00,0.8522,0.8656,0.8497,0.8536,11599525.6
2025-08-21 20:00:00+00:00,0.8536,0.8703,0.8532,0.8586,6940446.1
2025-08-22 00:00:00+00:00,0.8586,0.8746,0.8533,0.8674,8189292.2
2025-08-22 04:00:00+00:00,0.8674,0.8746,0.8595,0.8678,7942427.2
2025-08-22 08:00:00+00:00,0.8678,0.8744,0.8403,0.841,13051755.1
2025-08-22 12:00:00+00:00,0.841,0.9184,0.8237,0.902,61674211.8
2025-08-22 16:00:00+00:00,0.902,0.9309,0.9018,0.9273,26098834.3
2025-08-22 20:00:00+00:00,0.9273,0.9432,0.9244,0.937,12957326.6
2025-08-23 00:00:00+00:00,0.937,0.9389,0.896,0.9024,14868583.7
2025-08-23 04:00:00+00:00,0.9024,0.9249,0.8995,0.9005,16852539.1
2025-08-23 08:00:00+00:00,0.9005,0.9032,0.8864,0.8893,9906018.2
2025-08-23 12:00:00+00:00,0.8893,0.8964,0.8807,0.8928,15952966.7
2025-08-23 16:00:00+00:00,0.8928,0.9111,0.8868,0.9101,13446592.3
2025-08-23 20:00:00+00:00,0.9101,0.9108,0.8988,0.9018,5431213.5
2025-08-24 00:00:00+00:00,0.9018,0.9066,0.8824,0.8841,7525392.2
2025-08-24 04:00:00+00:00,0.8841,0.8906,0.8595,0.8866,21530299.0
2025-08-24 08:00:00+00:00,0.8866,0.8982,0.8754,0.8788,18799610.7
2025-08-24 12:00:00+00:00,0.8788,0.9008,0.8778,0.8875,13651936.9
2025-08-24 16:00:00+00:00,0.8875,0.941,0.8866,0.9076,52294458.3
2025-08-24 20:00:00+00:00,0.9076,0.9179,0.885,0.9127,28986334.7
2025-08-25 00:00:00+00:00,0.9127,0.9172,0.8902,0.8991,13882080.6
2025-08-25 04:00:00+00:00,0.8991,0.9029,0.8375,0.8441,27975195.6
2025-08-25 08:00:00+00:00,0.8441,0.8467,0.8221,0.8325,19052854.5
2025-08-25 12:00:00+00:00,0.8325,0.8493,0.8219,0.8415,19717165.2
2025-08-25 16:00:00+00:00,0.8415,0.8478,0.777,0.7787,32163706.6
2025-08-25 20:00:00+00:00,0.7787,0.7916,0.7603,0.7816,44942409.5
2025-08-26 00:00:00+00:00,0.7816,0.7864,0.7731,0.7756,13864703.2
2025-08-26 04:00:00+00:00,0.7756,0.7851,0.7689,0.7805,9752509.2
2025-08-26 08:00:00+00:00,0.7805,0.7883,0.7726,0.7747,9717219.1
2025-08-26 12:00:00+00:00,0.7747,0.7919,0.7664,0.7796,24486735.1
2025-08-26 16:00:00+00:00,0.7796,0.8065,0.7735,0.8031,12879774.5
2025-08-26 20:00:00+00:00,0.8031,0.8192,0.7986,0.8071,16852734.6
2025-08-27 00:00:00+00:00,0.8071,0.8164,0.8004,0.8119,8553717.9
2025-08-27 04:00:00+00:00,0.8119,0.826,0.8095,0.8179,9371427.5
2025-08-27 08:00:00+00:00,0.8179,0.8248,0.812,0.8176,7552354.1
2025-08-27 12:00:00+00:00,0.8176,0.8311,0.8064,0.8295,11905723.6
2025-08-27 16:00:00+00:00,0.8295,0.838,0.8157,0.82,12362379.9
2025-08-27 20:00:00+00:00,0.82,0.8316,0.8035,0.8083,15883841.6
2025-08-28 00:00:00+00:00,0.8083,0.8185,0.7978,0.8132,7221814.9
2025-08-28 04:00:00+00:00,0.8132,0.8249,0.8111,0.8197,8615653.8
2025-08-28 08:00:00+00:00,0.8197,0.827,0.806,0.8087,6986332.6
2025-08-28 12:00:00+00:00,0.8087,0.8169,0.8024,0.8046,10620942.5
2025-08-28 16:00:00+00:00,0.8046,0.8099,0.7882,0.7883,8728554.6
2025-08-28 20:00:00+00:00,0.7883,0.8114,0.7876,0.804,5528552.4
2025-08-29 00:00:00+00:00,0.804,0.8125,0.7844,0.7954,9350855.4
2025-08-29 04:00:00+00:00,0.7954,0.8002,0.7592,0.764,14148247.9
2025-08-29 08:00:00+00:00,0.764,0.7675,0.7482,0.7575,10552532.0
2025-08-29 12:00:00+00:00,0.7575,0.7785,0.7503,0.7662,21123667.4
2025-08-29 16:00:00+00:00,0.7662,0.7723,0.7468,0.7547,10079062.6
2025-08-29 20:00:00+00:00,0.7547,0.7681,0.7477,0.7629,5634594.2
2025-08-30 00:00:00+00:00,0.7629,0.7778,0.7514,0.7735,7365728.9
2025-08-30 04:00:00+00:00,0.7735,0.7807,0.767,0.7807,4425676.9
2025-08-30 08:00:00+00:00,0.7807,0.7826,0.7752,0.7801,3901490.6
2025-08-30 12:00:00+00:00,0.7801,0.7825,0.765,0.7783,5798407.9
2025-08-30 16:00:00+00:00,0.7783,0.7788,0.7671,0.7728,2822310.0
2025-08-30 20:00:00+00:00,0.7728,0.78,0.7704,0.7779,2412150.0
2025-08-31 00:00:00+00:00,0.7779,0.7953,0.7768,0.7943,7305577.7
2025-08-31 04:00:00+00:00,0.7943,0.795,0.7807,0.7815,4830649.3
2025-08-31 08:00:00+00:00,0.7815,0.7881,0.7727,0.7793,5096211.4
2025-08-31 12:00:00+00:00,0.7793,0.7797,0.765,0.7784,6890058.0
2025-08-31 16:00:00+00:00,0.7784,0.7853,0.7713,0.7755,6934859.5
2025-08-31 20:00:00+00:00,0.7755,0.782,0.7562,0.7566,8212872.5
2025-09-01 00:00:00+00:00,0.7566,0.7639,0.741,0.7491,12494537.6
2025-09-01 04:00:00+00:00,0.7491,0.775,0.7423,0.7748,9634811.5
2025-09-01 08:00:00+00:00,0.7748,0.7826,0.7585,0.7594,14058706.7
2025-09-01 12:00:00+00:00,0.7594,0.7658,0.7474,0.7499,9121605.3
2025-09-01 16:00:00+00:00,0.7499,0.7547,0.7436,0.7528,8221113.9
2025-09-01 20:00:00+00:00,0.7528,0.753,0.7175,0.7436,26100814.2
2025-09-02 00:00:00+00:00,0.7436,0.7611,0.7396,0.7587,9113334.7
2025-09-02 04:00:00+00:00,0.7587,0.7692,0.7561,0.765,8101573.3
2025-09-02 08:00:00+00:00,0.765,0.7715,0.7612,0.7635,7072066.0
2025-09-02 12:00:00+00:00,0.7635,0.7767,0.7433,0.7489,22802466.8
2025-09-02 16:00:00+00:00,0.7489,0.7617,0.7463,0.7507,7863006.4
2025-09-02 20:00:00+00:00,0.7507,0.7709,0.7487,0.7661,8389102.3
2025-09-03 00:00:00+00:00,0.7661,0.7686,0.7553,0.7675,5613836.8
2025-09-03 04:00:00+00:00,0.7675,0.7683,0.7546,0.7613,4948880.2
2025-09-03 08:00:00+00:00,0.7613,0.7716,0.7564,0.7673,7126311.2
2025-09-03 12:00:00+00:00,0.7673,0.7901,0.7657,0.786,11087039.4
2025-09-03 16:00:00+00:00,0.786,0.7935,0.7811,0.793,6146340.1
2025-09-03 20:00:00+00:00,0.793,0.7961,0.7844,0.7889,6327788.2
2025-09-04 00:00:00+00:00,0.7889,0.7957,0.7725,0.7734,6781286.8
2025-09-04 04:00:00+00:00,0.7734,0.7774,0.7586,0.7641,7037646.3
2025-09-04 08:00:00+00:00,0.7641,0.7703,0.7581,0.7609,5520271.8
2025-09-04 12:00:00+00:00,0.7609,0.7669,0.7449,0.7474,11339653.5
2025-09-04 16:00:00+00:00,0.7474,0.7518,0.7384,0.7427,6231045.0
2025-09-04 20:00:00+00:00,0.7427,0.7662,0.741,0.7525,7998811.1
2025-09-05 00:00:00+00:00,0.7525,0.7572,0.7479,0.753,5901210.6
2025-09-05 04:00:00+00:00,0.753,0.7711,0.7457,0.7687,7369513.6
2025-09-05 08:00:00+00:00,0.7687,0.7696,0.7532,0.7624,7552132.2
2025-09-05 12:00:00+00:00,0.7624,0.7801,0.7371,0.7499,33141963.3
2025-09-05 16:00:00+00:00,0.7499,0.7631,0.745,0.7631,7171185.5
2025-09-05 20:00:00+00:00,0.7631,0.7697,0.7576,0.7598,7616238.0
2025-09-06 00:00:00+00:00,0.7598,0.7643,0.7579,0.76,3187635.9
2025-09-06 04:00:00+00:00,0.76,0.7601,0.7494,0.7551,3727677.6
2025-09-06 08:00:00+00:00,0.7551,0.7577,0.7476,0.7573,3351180.9
2025-09-06 12:00:00+00:00,0.7573,0.7875,0.7545,0.7551,12654606.4
2025-09-06 16:00:00+00:00,0.7551,0.7646,0.7537,0.7549,5415616.1
2025-09-06 20:00:00+00:00,0.7549,0.7641,0.7546,0.7593,3439828.5
2025-09-07 00:00:00+00:00,0.7593,0.7667,0.7591,0.7663,2931960.3
2025-09-07 04:00:00+00:00,0.7663,0.7771,0.7648,0.7725,6000066.8
2025-09-07 08:00:00+00:00,0.7725,0.7783,0.7683,0.7727,4045419.3
2025-09-07 12:00:00+00:00,0.7727,0.7761,0.7668,0.7676,3834526.6
2025-09-07 16:00:00+00:00,0.7676,0.769,0.7583,0.7641,4444018.4
2025-09-07 20:00:00+00:00,0.7641,0.7756,0.76,0.7686,9136498.4
2025-09-08 00:00:00+00:00,0.7686,0.7814,0.7577,0.7741,8494404.2
2025-09-08 04:00:00+00:00,0.7741,0.7753,0.7645,0.7698,4983314.6
2025-09-08 08:00:00+00:00,0.7698,0.7904,0.7694,0.7798,12355166.0
2025-09-08 12:00:00+00:00,0.7798,0.7985,0.7785,0.7961,11845008.5
2025-09-08 16:00:00+00:00,0.7961,0.7986,0.7809,0.7823,6826252.8
2025-09-08 20:00:00+00:00,0.7823,0.7927,0.778,0.7849,4579347.4
2025-09-09 00:00:00+00:00,0.7849,0.7965,0.7761,0.7915,6157326.3
2025-09-09 04:00:00+00:00,0.7915,0.8176,0.7856,0.8133,18106135.3
2025-09-09 08:00:00+00:00,0.8133,0.8175,0.7997,0.8037,10075446.1
2025-09-09 12:00:00+00:00,0.8037,0.8126,0.7739,0.778,24430659.1
2025-09-09 16:00:00+00:00,0.778,0.7853,0.7731,0.7808,6636240.8
2025-09-09 20:00:00+00:00,0.7808,0.7825,0.7674,0.7769,6252567.4
2025-09-10 00:00:00+00:00,0.7769,0.7885,0.7696,0.7854,8195408.8
2025-09-10 04:00:00+00:00,0.7854,0.7939,0.7755,0.7864,7267927.7
2025-09-10 08:00:00+00:00,0.7864,0.7942,0.7844,0.7884,8052271.8
2025-09-10 12:00:00+00:00,0.7884,0.8111,0.7859,0.7985,15349841.8
2025-09-10 16:00:00+00:00,0.7985,0.7997,0.769,0.771,9041143.8
2025-09-10 20:00:00+00:00,0.771,0.7843,0.7698,0.7811,4664875.8
2025-09-11 00:00:00+00:00,0.7811,0.8026,0.7801,0.8022,5487823.4
2025-09-11 04:00:00+00:00,0.8022,0.8037,0.7925,0.7998,5236038.2
2025-09-11 08:00:00+00:00,0.7998,0.8012,0.7898,0.7913,4350665.3
2025-09-11 12:00:00+00:00,0.7913,0.8061,0.779,0.7929,20298244.1
2025-09-11 16:00:00+00:00,0.7929,0.8168,0.7926,0.8144,9533067.7
2025-09-11 20:00:00+00:00,0.8144,0.8315,0.8081,0.8291,8849465.9
2025-09-12 00:00:00+00:00,0.8291,0.8409,0.8201,0.8249,11589607.6
2025-09-12 04:00:00+00:00,0.8249,0.8409,0.8212,0.8294,12947481.0
2025-09-12 08:00:00+00:00,0.8294,0.835,0.819,0.8244,8594358.8
2025-09-12 12:00:00+00:00,0.8244,0.8339,0.814,0.8183,11830362.9
2025-09-12 16:00:00+00:00,0.8183,0.8414,0.8174,0.8406,10439481.9
2025-09-12 20:00:00+00:00,0.8406,0.8427,0.8291,0.842,8696655.6
2025-09-13 00:00:00+00:00,0.842,0.8515,0.8391,0.8501,8478947.6
2025-09-13 04:00:00+00:00,0.8501,0.8501,0.8404,0.8412,6473927.9
2025-09-13 08:00:00+00:00,0.8412,0.8555,0.8409,0.8547,7170135.0
2025-09-13 12:00:00+00:00,0.8547,0.8608,0.8299,0.8374,15265277.8
2025-09-13 16:00:00+00:00,0.8374,0.8419,0.8181,0.8254,12442258.2
2025-09-13 20:00:00+00:00,0.8254,0.8346,0.825,0.83,4754588.4
2025-09-14 00:00:00+00:00,0.83,0.8314,0.8091,0.8122,8332823.1
2025-09-14 04:00:00+00:00,0.8122,0.8223,0.8075,0.814,5663381.2
2025-09-14 08:00:00+00:00,0.814,0.8182,0.8009,0.8027,7759448.5
2025-09-14 12:00:00+00:00,0.8027,0.8066,0.7851,0.7898,12000786.7
2025-09-14 16:00:00+00:00,0.7898,0.7995,0.7881,0.7918,4813631.6
2025-09-14 20:00:00+00:00,0.7918,0.8019,0.7879,0.7913,5988628.6
2025-09-15 00:00:00+00:00,0.7913,0.7981,0.7807,0.7964,9273331.6
2025-09-15 04:00:00+00:00,0.7964,0.8035,0.775,0.7787,15118990.3
2025-09-15 08:00:00+00:00,0.7787,0.7788,0.7513,0.7585,28538090.3
2025-09-15 12:00:00+00:00,0.7585,0.7657,0.7383,0.7446,24214082.7
2025-09-15 16:00:00+00:00,0.7446,0.7482,0.732,0.7457,14041581.1
2025-09-15 20:00:00+00:00,0.7457,0.7518,0.7439,0.7473,6552808.6
2025-09-16 00:00:00+00:00,0.7473,0.7476,0.7334,0.7341,7877984.7
2025-09-16 04:00:00+00:00,0.7341,0.7386,0.7248,0.7344,7798311.5
2025-09-16 08:00:00+00:00,0.7344,0.7423,0.7267,0.7296,7723241.1
2025-09-16 12:00:00+00:00,0.7296,0.7327,0.7142,0.7325,18483426.1
2025-09-16 16:00:00+00:00,0.7325,0.738,0.7229,0.7361,17169149.1
2025-09-16 20:00:00+00:00,0.7361,0.7377,0.7282,0.7295,6849229.9
2025-09-17 00:00:00+00:00,0.7295,0.7398,0.7249,0.729,8145373.3
2025-09-17 04:00:00+00:00,0.729,0.7365,0.7184,0.7339,10004603.1
2025-09-17 08:00:00+00:00,0.7339,0.7347,0.7172,0.724,8198052.6
2025-09-17 12:00:00+00:00,0.724,0.7474,0.7215,0.7283,18393271.3
2025-09-17 16:00:00+00:00,0.7283,0.7554,0.7224,0.7539,37100428.3
2025-09-17 20:00:00+00:00,0.7539,0.7896,0.7397,0.7817,19412452.1
2025-09-18 00:00:00+00:00,0.7817,0.7879,0.7645,0.785,14983425.6
2025-09-18 04:00:00+00:00,0.785,0.7852,0.7669,0.7694,9846975.4
2025-09-18 08:00:00+00:00,0.7694,0.8118,0.7669,0.8055,30867971.5
2025-09-18 12:00:00+00:00,0.8055,0.8063,0.7813,0.7951,24108459.0
2025-09-18 16:00:00+00:00,0.7951,0.828,0.7923,0.813,18736469.1
2025-09-18 20:00:00+00:00,0.813,0.825,0.8105,0.8175,8606707.0
2025-09-19 00:00:00+00:00,0.8175,0.829,0.8037,0.8054,11087567.4
2025-09-19 04:00:00+00:00,0.8054,0.8068,0.7895,0.7939,8967108.4
2025-09-19 08:00:00+00:00,0.7939,0.8017,0.7781,0.7819,9153067.7
2025-09-19 12:00:00+00:00,0.7819,0.7919,0.768,0.7739,15131904.3
2025-09-19 16:00:00+00:00,0.7739,0.7926,0.7733,0.7764,15613820.4
2025-09-19 20:00:00+00:00,0.7764,0.7958,0.7759,0.7819,6089181.2
2025-09-20 00:00:00+00:00,0.7819,0.7876,0.7706,0.7764,5122601.4
2025-09-20 04:00:00+00:00,0.7764,0.7849,0.7748,0.7837,4428480.0
2025-09-20 08:00:00+00:00,0.7837,0.7838,0.766,0.7728,3624455.6
2025-09-20 12:00:00+00:00,0.7728,0.7982,0.7703,0.7965,6089289.3
2025-09-20 16:00:00+00:00,0.7965,0.8039,0.7864,0.7901,6184960.2
2025-09-20 20:00:00+00:00,0.7901,0.812,0.7898,0.8008,5551121.6
2025-09-21 00:00:00+00:00,0.8008,0.8081,0.7971,0.8057,6453136.4
2025-09-21 04:00:00+00:00,0.8057,0.8123,0.795,0.8003,7797454.0
2025-09-21 08:00:00+00:00,0.8003,0.8022,0.7835,0.7889,6771385.9
2025-09-21 12:00:00+00:00,0.7889,0.8014,0.7885,0.7933,6296837.9
2025-09-21 16:00:00+00:00,0.7933,0.7976,0.7805,0.7929,6888088.7
2025-09-21 20:00:00+00:00,0.7929,0.7929,0.7779,0.7784,4159407.9
2025-09-22 00:00:00+00:00,0.7784,0.7821,0.7359,0.7423,32747134.8
2025-09-22 04:00:00+00:00,0.7423,0.7472,0.655,0.6947,60423557.5
2025-09-22 08:00:00+00:00,0.6947,0.6986,0.6822,0.6908,18995166.0
2025-09-22 12:00:00+00:00,0.6908,0.7038,0.6849,0.6859,14601782.6
2025-09-22 16:00:00+00:00,0.6859,0.6903,0.6754,0.6797,12910642.0
2025-09-22 20:00:00+00:00,0.6797,0.6989,0.679,0.6979,8985296.2
2025-09-23 00:00:00+00:00,0.6979,0.699,0.6738,0.6849,11219473.6
2025-09-23 04:00:00+00:00,0.6849,0.6944,0.6757,0.6915,14703824.9
2025-09-23 08:00:00+00:00,0.6915,0.6958,0.684,0.6862,10013601.6
2025-09-23 12:00:00+00:00,0.6862,0.6909,0.6733,0.6788,9553653.3
2025-09-23 16:00:00+00:00,0.6788,0.6892,0.6615,0.6646,13211803.1
2025-09-23 20:00:00+00:00,0.6646,0.6758,0.6634,0.6668,6395259.3
2025-09-24 00:00:00+00:00,0.6668,0.6744,0.6581,0.6609,9755086.7
2025-09-24 04:00:00+00:00,0.6609,0.6877,0.6481,0.6861,20585178.1
2025-09-24 08:00:00+00:00,0.6861,0.7011,0.6816,0.6974,8503358.1
2025-09-24 12:00:00+00:00,0.6974,0.7171,0.6922,0.7054,11919127.8
2025-09-24 16:00:00+00:00,0.7054,0.7123,0.7009,0.7039,7044506.8
2025-09-24 20:00:00+00:00,0.7039,0.7078,0.6936,0.6939,7150819.9
2025-09-25 00:00:00+00:00,0.6939,0.696,0.6749,0.6802,16467927.2
2025-09-25 04:00:00+00:00,0.6802,0.6844,0.6638,0.6671,15440094.7
2025-09-25 08:00:00+00:00,0.6671,0.6785,0.6632,0.6654,13861298.6
2025-09-25 12:00:00+00:00,0.6654,0.682,0.6518,0.6764,32433228.9
2025-09-25 16:00:00+00:00,0.6764,0.6779,0.63,0.6516,47506039.5
2025-09-25 20:00:00+00:00,0.6516,0.6529,0.6275,0.6351,17733285.8
2025-09-26 00:00:00+00:00,0.6351,0.6576,0.6348,0.6535,14886465.0
2025-09-26 04:00:00+00:00,0.6535,0.6547,0.6417,0.6503,12692903.7
2025-09-26 08:00:00+00:00,0.6503,0.6547,0.6372,0.6468,15719293.2
2025-09-26 12:00:00+00:00,0.6468,0.6638,0.6379,0.6572,25192024.2
2025-09-26 16:00:00+00:00,0.6572,0.6763,0.6563,0.6646,14191874.2
2025-09-26 20:00:00+00:00,0.6646,0.6697,0.6614,0.6629,7879177.5
2025-09-27 00:00:00+00:00,0.6629,0.6638,0.6578,0.6602,3887521.4
2025-09-27 04:00:00+00:00,0.6602,0.6646,0.6574,0.6599,2995949.1
2025-09-27 08:00:00+00:00,0.6599,0.6651,0.6537,0.6597,7256412.8
2025-09-27 12:00:00+00:00,0.6597,0.6722,0.6577,0.6719,6034616.8
2025-09-27 16:00:00+00:00,0.6719,0.6726,0.6596,0.6661,5134840.0
2025-09-27 20:00:00+00:00,0.6661,0.6762,0.6654,0.6682,5412492.2
2025-09-28 00:00:00+00:00,0.6682,0.6687,0.6567,0.66,4486527.0
2025-09-28 04:00:00+00:00,0.66,0.6608,0.6521,0.6576,5784235.9
2025-09-28 08:00:00+00:00,0.6576,0.6599,0.6498,0.6534,6170254.5
2025-09-28 12:00:00+00:00,0.6534,0.6693,0.6458,0.6666,10389680.5
2025-09-28 16:00:00+00:00,0.6666,0.6743,0.6664,0.6712,5365152.7
2025-09-28 20:00:00+00:00,0.6712,0.7062,0.6705,0.7043,17324690.5
2025-09-29 00:00:00+00:00,0.7043,0.7092,0.6924,0.6937,11194925.5
2025-09-29 04:00:00+00:00,0.6937,0.696,0.685,0.6908,7245215.5
2025-09-29 08:00:00+00:00,0.6908,0.6941,0.6791,0.6835,7250560.8
2025-09-29 12:00:00+00:00,0.6835,0.7038,0.6723,0.6859,17265103.4
2025-09-29 16:00:00+00:00,0.6859,0.6929,0.6756,0.6923,10726775.3
2025-09-29 20:00:00+00:00,0.6923,0.7012,0.6819,0.6827,9875039.5
2025-09-30 00:00:00+00:00,0.6827,0.6871,0.6738,0.6749,9870400.7
2025-09-30 04:00:00+00:00,0.6749,0.6803,0.6697,0.6711,8127564.7
2025-09-30 08:00:00+00:00,0.6711,0.6726,0.6636,0.6696,8004147.3
2025-09-30 12:00:00+00:00,0.6696,0.6718,0.6544,0.6608,16601890.4
2025-09-30 16:00:00+00:00,0.6608,0.6838,0.6582,0.6831,15324858.7
2025-09-30 20:00:00+00:00,0.6831,0.693,0.679,0.6885,12520331.9
2025-10-01 00:00:00+00:00,0.6885,0.6906,0.6796,0.6808,5923868.6
2025-10-01 04:00:00+00:00,0.6808,0.6962,0.6791,0.6906,6698528.2
2025-10-01 08:00:00+00:00,0.6906,0.7293,0.6904,0.7189,18880637.2
2025-10-01 12:00:00+00:00,0.7189,0.7263,0.7103,0.722,9632726.2
2025-10-01 16:00:00+00:00,0.722,0.7259,0.7139,0.7234,7049952.0
2025-10-01 20:00:00+00:00,0.7234,0.7338,0.7196,0.7333,7043757.7
2025-10-02 00:00:00+00:00,0.7333,0.7394,0.7283,0.7312,8687429.5
2025-10-02 04:00:00+00:00,0.7312,0.7417,0.7275,0.7338,5519928.2
2025-10-02 08:00:00+00:00,0.7338,0.7373,0.7301,0.7328,5040906.2
2025-10-02 12:00:00+00:00,0.7328,0.739,0.7175,0.7348,13976451.1
2025-10-02 16:00:00+00:00,0.7348,0.7628,0.7316,0.755,16255908.4
2025-10-02 20:00:00+00:00,0.755,0.7562,0.7368,0.7435,10629737.6
2025-10-03 00:00:00+00:00,0.7435,0.7518,0.7328,0.7387,12204399.3
2025-10-03 04:00:00+00:00,0.7387,0.7574,0.7381,0.751,13356483.7
2025-10-03 08:00:00+00:00,0.751,0.7612,0.7408,0.7533,12670742.6
2025-10-03 12:00:00+00:00,0.7533,0.7757,0.7399,0.7734,14273381.2
2025-10-03 16:00:00+00:00,0.7734,0.7996,0.7621,0.7778,30852287.1
2025-10-03 20:00:00+00:00,0.7778,0.7883,0.7705,0.7835,6047788.8
2025-10-04 00:00:00+00:00,0.7835,0.7865,0.7625,0.768,7307851.3
2025-10-04 04:00:00+00:00,0.768,0.7715,0.7634,0.7664,5109703.6
2025-10-04 08:00:00+00:00,0.7664,0.7809,0.7647,0.7704,15900460.6
2025-10-04 12:00:00+00:00,0.7704,0.7922,0.7659,0.768,17438315.1
2025-10-04 16:00:00+00:00,0.768,0.7781,0.7652,0.7775,8276703.5
2025-10-04 20:00:00+00:00,0.7775,0.7854,0.7738,0.7776,4564329.4
2025-10-05 00:00:00+00:00,0.7776,0.7917,0.768,0.7851,8912242.5
2025-10-05 04:00:00+00:00,0.7851,0.805,0.7813,0.8013,16533322.8
2025-10-05 08:00:00+00:00,0.8013,0.8043,0.7748,0.7826,14447809.4
2025-10-05 12:00:00+00:00,0.7826,0.7826,0.7701,0.7753,6776641.0
2025-10-05 16:00:00+00:00,0.7753,0.7821,0.7631,0.7646,9840730.2
2025-10-05 20:00:00+00:00,0.7646,0.7713,0.7577,0.7656,6403090.1
2025-10-06 00:00:00+00:00,0.7656,0.7818,0.7616,0.7764,8376492.3
2025-10-06 04:00:00+00:00,0.7764,0.7877,0.7732,0.7766,7384349.8
2025-10-06 08:00:00+00:00,0.7766,0.7853,0.7749,0.7791,5276016.7
2025-10-06 12:00:00+00:00,0.7791,0.7976,0.7779,0.7877,16294137.7
2025-10-06 16:00:00+00:00,0.7877,0.7997,0.7826,0.7949,9392880.0
2025-10-06 20:00:00+00:00,0.7949,0.7992,0.7751,0.7768,6763264.8
2025-10-07 00:00:00+00:00,0.7768,0.7802,0.767,0.7718,5560858.7
2025-10-07 04:00:00+00:00,0.7718,0.7779,0.7653,0.7699,8911228.4
2025-10-07 08:00:00+00:00,0.7699,0.7767,0.7584,0.775,8346575.5
2025-10-07 12:00:00+00:00,0.775,0.8064,0.7534,0.7576,37207565.8
2025-10-07 16:00:00+00:00,0.7576,0.7748,0.7446,0.7594,17417461.4
2025-10-07 20:00:00+00:00,0.7594,0.7733,0.7429,0.7453,9497422.7
2025-10-08 00:00:00+00:00,0.7453,0.7548,0.7264,0.728,13690376.6
2025-10-08 04:00:00+00:00,0.728,0.7335,0.7216,0.7289,9884393.9
2025-10-08 08:00:00+00:00,0.7289,0.7456,0.7266,0.7394,9586627.1
2025-10-08 12:00:00+00:00,0.7394,0.7611,0.7376,0.7445,14699916.1
2025-10-08 16:00:00+00:00,0.7445,0.7679,0.7421,0.7535,13115540.2
2025-10-08 20:00:00+00:00,0.7535,0.754,0.7404,0.7421,6115129.1
2025-10-09 00:00:00+00:00,0.7421,0.7431,0.7136,0.724,11687512.1
2025-10-09 04:00:00+00:00,0.724,0.7289,0.7131,0.7157,7256436.2
2025-10-09 08:00:00+00:00,0.7157,0.7223,0.7022,0.7202,12973473.9
2025-10-09 12:00:00+00:00,0.7202,0.7325,0.7138,0.7207,19940989.8
2025-10-09 16:00:00+00:00,0.7207,0.7343,0.7089,0.7299,16403441.9
2025-10-09 20:00:00+00:00,0.7299,0.7383,0.726,0.7303,5850888.7
2025-10-10 00:00:00+00:00,0.7303,0.7448,0.7268,0.7365,7287139.1
2025-10-10 04:00:00+00:00,0.7365,0.747,0.728,0.7337,6444084.4
2025-10-10 08:00:00+00:00,0.7337,0.7458,0.7292,0.7426,6881902.0
2025-10-10 12:00:00+00:00,0.7426,0.7578,0.6897,0.6983,44803231.8
2025-10-10 16:00:00+00:00,0.6983,0.7086,0.6807,0.6876,26402526.1
2025-10-10 20:00:00+00:00,0.6876,0.6936,0.1798,0.4978,233364278.5
2025-10-11 00:00:00+00:00,0.4978,0.5111,0.4662,0.4968,45884927.2
2025-10-11 04:00:00+00:00,0.4968,0.5192,0.4955,0.517,20168251.2
2025-10-11 08:00:00+00:00,0.517,0.5434,0.5142,0.5219,23539440.9
2025-10-11 12:00:00+00:00,0.5219,0.5243,0.4985,0.5134,20155952.1
2025-10-11 16:00:00+00:00,0.5134,0.5196,0.4778,0.483,16724715.6
2025-10-11 20:00:00+00:00,0.483,0.4853,0.4583,0.4844,26766887.7
2025-10-12 00:00:00+00:00,0.4844,0.4928,0.4731,0.4873,24510974.8
2025-10-12 04:00:00+00:00,0.4873,0.4988,0.4855,0.4905,13652007.0
2025-10-12 08:00:00+00:00,0.4905,0.4927,0.4803,0.4907,13935254.0
2025-10-12 12:00:00+00:00,0.4907,0.5472,0.485,0.5404,59569754.2
2025-10-12 16:00:00+00:00,0.5404,0.5933,0.5399,0.5755,59588231.8
2025-10-12 20:00:00+00:00,0.5755,0.5825,0.5561,0.5612,17965415.1
2025-10-13 00:00:00+00:00,0.5612,0.567,0.5513,0.5564,13966433.3
2025-10-13 04:00:00+00:00,0.5564,0.5743,0.553,0.566,15786277.5
2025-10-13 08:00:00+00:00,0.566,0.5755,0.5459,0.556,27421852.1
2025-10-13 12:00:00+00:00,0.556,0.5798,0.5514,0.5755,34592707.6
2025-10-13 16:00:00+00:00,0.5755,0.6381,0.5734,0.6326,48720703.5
2025-10-13 20:00:00+00:00,0.6326,0.6354,0.6217,0.6323,14857450.1
2025-10-14 00:00:00+00:00,0.6323,0.6358,0.5987,0.601,15759685.3
2025-10-14 04:00:00+00:00,0.601,0.6094,0.5548,0.5603,36962972.5
2025-10-14 08:00:00+00:00,0.5603,0.568,0.5452,0.5626,28941892.0
2025-10-14 12:00:00+00:00,0.5626,0.5953,0.5422,0.5953,42631446.0
2025-10-14 16:00:00+00:00,0.5953,0.6135,0.5811,0.5897,50750514.5
2025-10-14 20:00:00+00:00,0.5897,0.5947,0.5813,0.5918,16357085.2
2025-10-15 00:00:00+00:00,0.5918,0.5975,0.5841,0.5851,12941286.3
2025-10-15 04:00:00+00:00,0.5851,0.6202,0.5825,0.6159,19890268.6
2025-10-15 08:00:00+00:00,0.6159,0.6387,0.5885,0.5897,43675706.9
2025-10-15 12:00:00+00:00,0.5897,0.5932,0.5517,0.5566,59239677.5
2025-10-15 16:00:00+00:00,0.5566,0.5662,0.5488,0.556,23413571.2
2025-10-15 20:00:00+00:00,0.556,0.5598,0.5411,0.5528,23021462.3
2025-10-16 00:00:00+00:00,0.5528,0.5647,0.5485,0.5498,16736083.7
2025-10-16 04:00:00+00:00,0.5498,0.5634,0.5474,0.5555,16743071.7
2025-10-16 08:00:00+00:00,0.5555,0.581,0.5313,0.5716,39681200.0
2025-10-16 12:00:00+00:00,0.5716,0.5849,0.5542,0.5558,36973471.9
2025-10-16 16:00:00+00:00,0.5558,0.5727,0.5341,0.5408,44224550.2
2025-10-16 20:00:00+00:00,0.5408,0.5443,0.5274,0.5395,19742498.1
2025-10-17 00:00:00+00:00,0.5395,0.5468,0.5342,0.5407,12611741.8
2025-10-17 04:00:00+00:00,0.5407,0.5419,0.4992,0.5007,35568734.0
2025-10-17 08:00:00+00:00,0.5007,0.5261,0.4907,0.5224,41778833.1
2025-10-17 12:00:00+00:00,0.5224,0.5281,0.5062,0.5193,33470820.0
2025-10-17 16:00:00+00:00,0.5193,0.5288,0.5113,0.5172,21892675.3
2025-10-17 20:00:00+00:00,0.5172,0.5251,0.5086,0.5096,12090950.3
2025-10-18 00:00:00+00:00,0.5096,0.5247,0.5077,0.5178,8674321.4
2025-10-18 04:00:00+00:00,0.5178,0.5309,0.5132,0.5188,14368417.7
2025-10-18 08:00:00+00:00,0.5188,0.5354,0.5174,0.5335,10376646.0
2025-10-18 12:00:00+00:00,0.5335,0.5335,0.5178,0.5233,10486253.4
2025-10-18 16:00:00+00:00,0.5233,0.5313,0.5149,0.5263,7223757.5
2025-10-18 20:00:00+00:00,0.5263,0.5328,0.525,0.5272,6348437.5
2025-10-19 00:00:00+00:00,0.5272,0.5351,0.5204,0.5331,6904320.3
2025-10-19 04:00:00+00:00,0.5331,0.5335,0.5191,0.5235,6910842.4
2025-10-19 08:00:00+00:00,0.5235,0.5557,0.5153,0.5523,45238189.6
2025-10-19 12:00:00+00:00,0.5523,0.5682,0.5472,0.559,26575544.8
2025-10-19 16:00:00+00:00,0.559,0.5641,0.5519,0.5596,23281019.6
2025-10-19 20:00:00+00:00,0.5596,0.5614,0.551,0.553,12678766.7
2025-10-20 00:00:00+00:00,0.553,0.5649,0.5392,0.563,19610379.1
2025-10-20 04:00:00+00:00,0.563,0.5722,0.5567,0.5656,18187105.7
2025-10-20 08:00:00+00:00,0.5656,0.5755,0.5586,0.5641,16434779.1
2025-10-20 12:00:00+00:00,0.5641,0.5682,0.5577,0.5578,13956062.3
2025-10-20 16:00:00+00:00,0.5578,0.5596,0.5436,0.5551,19403997.5
2025-10-20 20:00:00+00:00,0.5551,0.5598,0.5495,0.5515,5773481.6
2025-10-21 00:00:00+00:00,0.5515,0.5517,0.539,0.5411,9580652.4
2025-10-21 04:00:00+00:00,0.5411,0.5417,0.5277,0.5354,18294936.0
2025-10-21 08:00:00+00:00,0.5354,0.5362,0.5273,0.5352,9565151.9
2025-10-21 12:00:00+00:00,0.5352,0.5838,0.5306,0.5785,36421431.8
2025-10-21 16:00:00+00:00,0.5785,0.5875,0.5628,0.5673,36224310.0
2025-10-21 20:00:00+00:00,0.5673,0.5683,0.528,0.5301,26862827.4
2025-10-22 00:00:00+00:00,0.5301,0.5354,0.523,0.532,15876118.0
2025-10-22 04:00:00+00:00,0.532,0.5363,0.5217,0.5281,13433845.9
2025-10-22 08:00:00+00:00,0.5281,0.5307,0.5097,0.526,26348086.0
2025-10-22 12:00:00+00:00,0.526,0.5401,0.5236,0.5326,51522792.3
2025-10-22 16:00:00+00:00,0.5326,0.535,0.5177,0.5237,32017019.3
2025-10-22 20:00:00+00:00,0.5237,0.5259,0.4989,0.522,32358453.3
2025-10-23 00:00:00+00:00,0.522,0.5238,0.5173,0.5183,10080290.8
2025-10-23 04:00:00+00:00,0.5183,0.533,0.5176,0.5241,15228094.8
2025-10-23 08:00:00+00:00,0.5241,0.5276,0.5165,0.518,11411358.9
2025-10-23 12:00:00+00:00,0.518,0.527,0.5129,0.5237,17977829.3
2025-10-23 16:00:00+00:00,0.5237,0.5361,0.5211,0.5272,20270421.9
2025-10-23 20:00:00+00:00,0.5272,0.5274,0.5172,0.5262,9016926.7
2025-10-24 00:00:00+00:00,0.5262,0.5326,0.5213,0.5239,9361787.8
2025-10-24 04:00:00+00:00,0.5239,0.5377,0.522,0.5323,13679450.8
2025-10-24 08:00:00+00:00,0.5323,0.5407,0.5291,0.5354,12343331.2
2025-10-24 12:00:00+00:00,0.5354,0.5505,0.5266,0.5287,22245250.1
2025-10-24 16:00:00+00:00,0.5287,0.5382,0.5235,0.5349,8945671.3
2025-10-24 20:00:00+00:00,0.5349,0.5414,0.534,0.5397,5108586.1
2025-10-25 00:00:00+00:00,0.5397,0.5414,0.5345,0.5346,3662272.4
2025-10-25 04:00:00+00:00,0.5346,0.5375,0.5274,0.5287,6364134.6
2025-10-25 08:00:00+00:00,0.5287,0.5318,0.5232,0.5265,5933984.2
2025-10-25 12:00:00+00:00,0.5265,0.532,0.5262,0.5294,6027619.2
2025-10-25 16:00:00+00:00,0.5294,0.5375,0.5286,0.5374,5626702.0
2025-10-25 20:00:00+00:00,0.5374,0.5384,0.5327,0.5352,3910357.0
2025-10-26 00:00:00+00:00,0.5352,0.5361,0.5246,0.5262,6119790.2
2025-10-26 04:00:00+00:00,0.5262,0.5357,0.5256,0.5339,4970917.6
2025-10-26 08:00:00+00:00,0.5339,0.559,0.5339,0.5581,17476833.4
2025-10-26 12:00:00+00:00,0.5581,0.5641,0.555,0.562,10784140.0
2025-10-26 16:00:00+00:00,0.562,0.5694,0.5595,0.5612,7642176.7
2025-10-26 20:00:00+00:00,0.5612,0.5862,0.5592,0.5786,17802217.9
2025-10-27 00:00:00+00:00,0.5786,0.5968,0.5771,0.5846,17121297.0
2025-10-27 04:00:00+00:00,0.5846,0.5916,0.578,0.5822,13260257.2
2025-10-27 08:00:00+00:00,0.5822,0.5848,0.5662,0.5713,15022399.9
2025-10-27 12:00:00+00:00,0.5713,0.5719,0.5534,0.5633,15866826.5
2025-10-27 16:00:00+00:00,0.5633,0.5801,0.5633,0.5674,14932263.1
2025-10-27 20:00:00+00:00,0.5674,0.5675,0.5506,0.5555,16004316.3
2025-10-28 00:00:00+00:00,0.5555,0.5609,0.5534,0.5563,13563941.2
2025-10-28 04:00:00+00:00,0.5563,0.571,0.5513,0.559,9970985.0
2025-10-28 08:00:00+00:00,0.559,0.5633,0.5565,0.5569,5199014.7
2025-10-28 12:00:00+00:00,0.5569,0.5684,0.5443,0.5567,24265710.6
2025-10-28 16:00:00+00:00,0.5567,0.5649,0.5392,0.5428,16931635.4
2025-10-28 20:00:00+00:00,0.5428,0.5432,0.5214,0.5289,25227972.4
2025-10-29 00:00:00+00:00,0.5289,0.5349,0.5273,0.5327,5385358.9
2025-10-29 04:00:00+00:00,0.5327,0.5366,0.5311,0.5333,4529716.6
2025-10-29 08:00:00+00:00,0.5333,0.5379,0.5287,0.5354,5985003.3
2025-10-29 12:00:00+00:00,0.5354,0.5366,0.5185,0.5236,12196902.1
2025-10-29 16:00:00+00:00,0.5236,0.5439,0.5109,0.5406,43469229.2
2025-10-29 20:00:00+00:00,0.5406,0.5614,0.5369,0.5396,22629011.5
2025-10-30 00:00:00+00:00,0.5396,0.5513,0.5341,0.5442,12341768.0
2025-10-30 04:00:00+00:00,0.5442,0.5443,0.5217,0.5373,24483581.6
2025-10-30 08:00:00+00:00,0.5373,0.5379,0.5213,0.5218,10954889.9
2025-10-30 12:00:00+00:00,0.5218,0.5229,0.4939,0.4955,29772547.1
2025-10-30 16:00:00+00:00,0.4955,0.5016,0.4734,0.4748,32082213.4
2025-10-30 20:00:00+00:00,0.4748,0.4935,0.4732,0.493,16722855.6
2025-10-31 00:00:00+00:00,0.493,0.5037,0.4876,0.4912,14969434.1
2025-10-31 04:00:00+00:00,0.4912,0.4977,0.4875,0.4891,12042609.1
2025-10-31 08:00:00+00:00,0.4891,0.4981,0.4857,0.4971,7924821.1
2025-10-31 12:00:00+00:00,0.4971,0.4991,0.4851,0.4905,21551073.9
2025-10-31 16:00:00+00:00,0.4905,0.4905,0.4668,0.4877,26050261.1
2025-10-31 20:00:00+00:00,0.4877,0.488,0.4775,0.4795,8173664.4
2025-11-01 00:00:00+00:00,0.4795,0.4857,0.4753,0.4836,7325378.0
2025-11-01 04:00:00+00:00,0.4836,0.4843,0.4733,0.4823,7089021.1
2025-11-01 08:00:00+00:00,0.4823,0.4844,0.4766,0.4823,6058119.8
2025-11-01 12:00:00+00:00,0.4823,0.4869,0.4748,0.4824,8796056.5
2025-11-01 16:00:00+00:00,0.4824,0.4865,0.4804,0.4846,7548888.9
2025-11-01 20:00:00+00:00,0.4846,0.4896,0.4736,0.4787,8135977.6
2025-11-02 00:00:00+00:00,0.4787,0.4813,0.4715,0.4764,6234082.4
2025-11-02 04:00:00+00:00,0.4764,0.4869,0.4753,0.4859,7815256.1
2025-11-02 08:00:00+00:00,0.4859,0.4867,0.4723,0.481,10970121.8
2025-11-02 12:00:00+00:00,0.481,0.4817,0.4587,0.462,17718508.4
2025-11-02 16:00:00+00:00,0.462,0.4699,0.4562,0.4651,11279219.3
2025-11-02 20:00:00+00:00,0.4651,0.4797,0.4625,0.4784,7314629.1
2025-11-03 00:00:00+00:00,0.4784,0.4798,0.4413,0.4432,20975681.4
2025-11-03 04:00:00+00:00,0.4432,0.4487,0.4345,0.4456,18096540.0
2025-11-03 08:00:00+00:00,0.4456,0.4501,0.4337,0.4402,14989415.2
2025-11-03 12:00:00+00:00,0.4402,0.4473,0.4043,0.4219,57206479.9
2025-11-03 16:00:00+00:00,0.4219,0.4405,0.4183,0.4272,27742980.0
2025-11-03 20:00:00+00:00,0.4272,0.4301,0.4161,0.4297,15528563.7
2025-11-04 00:00:00+00:00,0.4297,0.4383,0.4263,0.4326,19459429.5
2025-11-04 04:00:00+00:00,0.4326,0.4357,0.4088,0.4147,37590182.1
2025-11-04 08:00:00+00:00,0.4147,0.4265,0.4121,0.4205,20062498.6
2025-11-04 12:00:00+00:00,0.4205,0.4344,0.4128,0.4224,26579428.2
2025-11-04 16:00:00+00:00,0.4224,0.4264,0.3978,0.4093,58442381.3
2025-11-04 20:00:00+00:00,0.4093,0.4307,0.3872,0.4226,82649968.3
2025-11-05 00:00:00+00:00,0.4226,0.4259,0.4018,0.423,38256561.6
2025-11-05 04:00:00+00:00,0.423,0.4267,0.4191,0.4246,12210368.9
2025-11-05 08:00:00+00:00,0.4246,0.4255,0.4163,0.4248,15305168.7
2025-11-05 12:00:00+00:00,0.4248,0.4374,0.4224,0.433,23666931.0
2025-11-05 16:00:00+00:00,0.433,0.4405,0.4294,0.438,18889965.9
2025-11-05 20:00:00+00:00,0.438,0.4415,0.4331,0.4369,11269128.0
2025-11-06 00:00:00+00:00,0.4369,0.4386,0.43,0.4339,10679340.5
2025-11-06 04:00:00+00:00,0.4339,0.4369,0.4217,0.4221,9468705.2
2025-11-06 08:00:00+00:00,0.4221,0.4247,0.4187,0.4212,10705432.2
2025-11-06 12:00:00+00:00,0.4212,0.4277,0.4108,0.4141,24079812.4
2025-11-06 16:00:00+00:00,0.4141,0.4256,0.4038,0.4231,25579936.1
2025-11-06 20:00:00+00:00,0.4231,0.4262,0.4168,0.4208,11519003.9
2025-11-07 00:00:00+00:00,0.4208,0.4345,0.4204,0.432,15854359.9
2025-11-07 04:00:00+00:00,0.432,0.4452,0.4279,0.4448,12147870.1
2025-11-07 08:00:00+00:00,0.4448,0.4461,0.4235,0.43,19414983.0
2025-11-07 12:00:00+00:00,0.43,0.4571,0.423,0.4537,37563377.8
2025-11-07 16:00:00+00:00,0.4537,0.5044,0.4524,0.4936,49923844.2
2025-11-07 20:00:00+00:00,0.4936,0.4973,0.4846,0.4858,11672010.0
2025-11-08 00:00:00+00:00,0.4858,0.4929,0.4771,0.4797,14057727.0
2025-11-08 04:00:00+00:00,0.4797,0.4858,0.4683,0.4746,11595004.1
2025-11-08 08:00:00+00:00,0.4746,0.4862,0.471,0.4831,14176951.8
2025-11-08 12:00:00+00:00,0.4831,0.4854,0.4647,0.4671,11953626.8
2025-11-08 16:00:00+00:00,0.4671,0.4749,0.4635,0.4692,10176161.2
2025-11-08 20:00:00+00:00,0.4692,0.4801,0.4661,0.4794,7262925.1
2025-11-09 00:00:00+00:00,0.4794,0.4826,0.4645,0.4662,14337728.9
2025-11-09 04:00:00+00:00,0.4662,0.4801,0.4651,0.4801,8474094.0
2025-11-09 08:00:00+00:00,0.4801,0.4801,0.4645,0.4751,12021881.8
2025-11-09 12:00:00+00:00,0.4751,0.4857,0.4722,0.4801,23583216.3
2025-11-09 16:00:00+00:00,0.4801,0.4878,0.4747,0.4878,13359870.3
2025-11-09 20:00:00+00:00,0.4878,0.489,0.4778,0.4792,10839361.9
2025-11-10 00:00:00+00:00,0.4792,0.4944,0.4741,0.4906,14458392.6
2025-11-10 04:00:00+00:00,0.4906,0.4951,0.4852,0.4911,7197061.4
2025-11-10 08:00:00+00:00,0.4911,0.5061,0.4845,0.4983,13109771.2
2025-11-10 12:00:00+00:00,0.4983,0.5045,0.4798,0.4885,16305939.1
2025-11-10 16:00:00+00:00,0.4885,0.4988,0.4804,0.4924,7265048.7
2025-11-10 20:00:00+00:00,0.4924,0.5471,0.4919,0.5226,47914606.8
2025-11-11 00:00:00+00:00,0.5226,0.536,0.5071,0.5139,31665336.1
2025-11-11 04:00:00+00:00,0.5139,0.5149,0.4927,0.4936,17094576.5
2025-11-11 08:00:00+00:00,0.4936,0.5037,0.4898,0.4944,15942381.0
2025-11-11 12:00:00+00:00,0.4944,0.5025,0.4866,0.49,23613914.9
2025-11-11 16:00:00+00:00,0.49,0.4988,0.4778,0.4787,13696611.4
2025-11-11 20:00:00+00:00,0.4787,0.4802,0.4647,0.4681,20249151.4
2025-11-12 00:00:00+00:00,0.4681,0.479,0.4656,0.4725,12646356.9
2025-11-12 04:00:00+00:00,0.4725,0.4761,0.4701,0.471,5477473.0
2025-11-12 08:00:00+00:00,0.471,0.4874,0.471,0.4844,13601694.7
2025-11-12 12:00:00+00:00,0.4844,0.4894,0.4566,0.4622,24242558.9
2025-11-12 16:00:00+00:00,0.4622,0.4635,0.444,0.4488,32247329.0
2025-11-12 20:00:00+00:00,0.4488,0.4574,0.4473,0.4508,7976695.2
2025-11-13 00:00:00+00:00,0.4508,0.467,0.4501,0.4622,10814309.2
2025-11-13 04:00:00+00:00,0.4622,0.4771,0.4583,0.4713,13665544.7
2025-11-13 08:00:00+00:00,0.4713,0.4731,0.4644,0.4711,9459346.0
2025-11-13 12:00:00+00:00,0.4711,0.4813,0.4612,0.4739,23294774.4
2025-11-13 16:00:00+00:00,0.4739,0.4751,0.4467,0.4569,32740514.8
2025-11-13 20:00:00+00:00,0.4569,0.4658,0.4454,0.4587,17877696.1
2025-11-14 00:00:00+00:00,0.4587,0.4628,0.4401,0.443,20064965.9
2025-11-14 04:00:00+00:00,0.443,0.4533,0.4215,0.4488,29491984.6
2025-11-14 08:00:00+00:00,0.4488,0.4516,0.4324,0.4355,14358407.6
2025-11-14 12:00:00+00:00,0.4355,0.4474,0.4224,0.4442,30606035.1
2025-11-14 16:00:00+00:00,0.4442,0.4542,0.4387,0.4496,17147316.6
2025-11-14 20:00:00+00:00,0.4496,0.4503,0.4212,0.4293,16293956.4
2025-11-15 00:00:00+00:00,0.4293,0.4503,0.4287,0.449,9890391.8
2025-11-15 04:00:00+00:00,0.449,0.4517,0.4434,0.4451,5366898.4
2025-11-15 08:00:00+00:00,0.4451,0.4456,0.4359,0.4381,7418799.5
2025-11-15 12:00:00+00:00,0.4381,0.447,0.437,0.4413,4940567.5
2025-11-15 16:00:00+00:00,0.4413,0.4448,0.4365,0.4374,8066823.4
2025-11-15 20:00:00+00:00,0.4374,0.4376,0.4281,0.4304,4318068.5
2025-11-16 00:00:00+00:00,0.4304,0.4387,0.4231,0.4373,7558906.7
2025-11-16 04:00:00+00:00,0.4373,0.4435,0.4322,0.4433,4864624.2
2025-11-16 08:00:00+00:00,0.4433,0.4437,0.4324,0.4341,7279340.3
2025-11-16 12:00:00+00:00,0.4341,0.437,0.4183,0.4197,10788558.9
2025-11-16 16:00:00+00:00,0.4197,0.4247,0.4082,0.4177,31822377.7
2025-11-16 20:00:00+00:00,0.4177,0.4259,0.4081,0.4205,15279962.9
2025-11-17 00:00:00+00:00,0.4205,0.4284,0.4158,0.4261,8656464.9
2025-11-17 04:00:00+00:00,0.4261,0.4319,0.4238,0.4313,6541894.3
2025-11-17 08:00:00+00:00,0.4313,0.4325,0.4261,0.4278,6973912.1
2025-11-17 12:00:00+00:00,0.4278,0.4397,0.413,0.4232,30700382.2
2025-11-17 16:00:00+00:00,0.4232,0.4295,0.4002,0.4027,24358067.4
2025-11-17 20:00:00+00:00,0.4027,0.4087,0.3993,0.4068,15227972.2
2025-11-18 00:00:00+00:00,0.4068,0.4181,0.4006,0.4158,30462796.4
2025-11-18 04:00:00+00:00,0.4158,0.4293,0.4094,0.4285,17407719.9
2025-11-18 08:00:00+00:00,0.4285,0.4402,0.425,0.4295,20276328.4
2025-11-18 12:00:00+00:00,0.4295,0.4453,0.4238,0.4389,29057068.1
2025-11-18 16:00:00+00:00,0.4389,0.4529,0.4369,0.4436,23198883.9
2025-11-18 20:00:00+00:00,0.4436,0.4449,0.4332,0.4356,13323597.8
2025-11-19 00:00:00+00:00,0.4356,0.438,0.4278,0.4302,10241181.8
2025-11-19 04:00:00+00:00,0.4302,0.4335,0.4197,0.4319,13298525.6
2025-11-19 08:00:00+00:00,0.4319,0.4339,0.4253,0.4266,10014832.3
2025-11-19 12:00:00+00:00,0.4266,0.4409,0.4226,0.4239,23646344.6
2025-11-19 16:00:00+00:00,0.4239,0.4278,0.4076,0.4109,25670025.0
2025-11-19 20:00:00+00:00,0.4109,0.4325,0.4102,0.43,16268093.3
2025-11-20 00:00:00+00:00,0.43,0.4343,0.4275,0.4315,8456137.3
2025-11-20 04:00:00+00:00,0.4315,0.4447,0.4299,0.4419,8511097.0
2025-11-20 08:00:00+00:00,0.4419,0.4476,0.4388,0.4424,10506196.0
2025-11-20 12:00:00+00:00,0.4424,0.4517,0.4385,0.4403,20725755.9
2025-11-20 16:00:00+00:00,0.4403,0.4411,0.4013,0.4134,44726416.7
2025-11-20 20:00:00+00:00,0.4134,0.4254,0.4086,0.4101,14545336.7
2025-11-21 00:00:00+00:00,0.4101,0.419,0.407,0.41,15114939.6
2025-11-21 04:00:00+00:00,0.41,0.4104,0.3625,0.3893,46971497.5
2025-11-21 08:00:00+00:00,0.3893,0.3958,0.3747,0.379,30651682.3
2025-11-21 12:00:00+00:00,0.379,0.3844,0.3674,0.3711,40910859.7
2025-11-21 16:00:00+00:00,0.3711,0.3925,0.3651,0.3819,34959690.5
2025-11-21 20:00:00+00:00,0.3819,0.3856,0.3684,0.3794,16895149.2
2025-11-22 00:00:00+00:00,0.3794,0.3836,0.3756,0.3772,8635328.8
2025-11-22 04:00:00+00:00,0.3772,0.3775,0.3666,0.3744,10984601.8
2025-11-22 08:00:00+00:00,0.3744,0.3746,0.3635,0.3716,11900884.4
2025-11-22 12:00:00+00:00,0.3716,0.3735,0.3636,0.369,10145405.4
2025-11-22 16:00:00+00:00,0.369,0.3754,0.368,0.3692,8224636.6
2025-11-22 20:00:00+00:00,0.3692,0.3778,0.3655,0.3707,6645677.3
2025-11-23 00:00:00+00:00,0.3707,0.3794,0.3704,0.3785,9177459.8
2025-11-23 04:00:00+00:00,0.3785,0.3847,0.3755,0.3787,8674740.3
2025-11-23 08:00:00+00:00,0.3787,0.382,0.3761,0.3803,5280730.6
2025-11-23 12:00:00+00:00,0.3803,0.3873,0.3786,0.3858,8419104.6
2025-11-23 16:00:00+00:00,0.3858,0.3963,0.3845,0.3938,13247871.7
2025-11-23 20:00:00+00:00,0.3938,0.3973,0.3823,0.3829,10189770.4
2025-11-24 00:00:00+00:00,0.3829,0.3958,0.3786,0.3917,11236125.5
2025-11-24 04:00:00+00:00,0.3917,0.3969,0.3836,0.3922,11184461.4
2025-11-24 08:00:00+00:00,0.3922,0.3937,0.3822,0.3872,8908184.7
2025-11-24 12:00:00+00:00,0.3872,0.3955,0.3833,0.3939,13917691.7
2025-11-24 16:00:00+00:00,0.3939,0.4112,0.3925,0.4072,22057779.3
2025-11-24 20:00:00+00:00,0.4072,0.4155,0.4062,0.4101,9284729.2
2025-11-25 00:00:00+00:00,0.4101,0.4112,0.402,0.405,5539326.3
2025-11-25 04:00:00+00:00,0.405,0.4075,0.4009,0.4028,6257853.3
2025-11-25 08:00:00+00:00,0.4028,0.4117,0.4003,0.4091,7038413.7
2025-11-25 12:00:00+00:00,0.4091,0.4272,0.4085,0.418,27884313.2
2025-11-25 16:00:00+00:00,0.418,0.4282,0.408,0.4138,12705377.2
2025-11-25 20:00:00+00:00,0.4138,0.4209,0.4077,0.4163,6365091.2
2025-11-26 00:00:00+00:00,0.4163,0.4206,0.4111,0.4125,5922200.3
2025-11-26 04:00:00+00:00,0.4125,0.4159,0.4094,0.4154,5332158.1
2025-11-26 08:00:00+00:00,0.4154,0.4157,0.4051,0.4079,6961967.9
2025-11-26 12:00:00+00:00,0.4079,0.4154,0.403,0.4108,15833185.7
2025-11-26 16:00:00+00:00,0.4108,0.4404,0.4108,0.4367,25361777.2
2025-11-26 20:00:00+00:00,0.4367,0.4465,0.4327,0.4408,12707815.4
2025-11-27 00:00:00+00:00,0.4408,0.4443,0.4352,0.4363,7584309.8
2025-11-27 04:00:00+00:00,0.4363,0.4405,0.4354,0.4371,3462908.1
2025-11-27 08:00:00+00:00,0.4371,0.4407,0.431,0.4317,4074916.6
2025-11-27 12:00:00+00:00,0.4317,0.4393,0.4286,0.4388,6264263.7
2025-11-27 16:00:00+00:00,0.4388,0.4452,0.4376,0.4415,5688158.4
2025-11-27 20:00:00+00:00,0.4415,0.4415,0.4358,0.4389,2879214.8
2025-11-28 00:00:00+00:00,0.4389,0.445,0.4358,0.4417,4865676.2
2025-11-28 04:00:00+00:00,0.4417,0.4462,0.4391,0.4438,4863243.2
2025-11-28 08:00:00+00:00,0.4438,0.4496,0.4417,0.4443,6862468.8
2025-11-28 12:00:00+00:00,0.4443,0.4463,0.4389,0.4393,7356436.9
2025-11-28 16:00:00+00:00,0.4393,0.4393,0.4281,0.4351,9117161.1
2025-11-28 20:00:00+00:00,0.4351,0.4356,0.426,0.4269,3972438.4
2025-11-29 00:00:00+00:00,0.4269,0.4295,0.4226,0.4263,4414366.1
2025-11-29 04:00:00+00:00,0.4263,0.429,0.4232,0.4255,3288834.4
2025-11-29 08:00:00+00:00,0.4255,0.43,0.4238,0.43,3721327.0
2025-11-29 12:00:00+00:00,0.43,0.433,0.4236,0.4274,7195161.6
2025-11-29 16:00:00+00:00,0.4274,0.4298,0.4236,0.4273,5634768.6
2025-11-29 20:00:00+00:00,0.4273,0.4331,0.4198,0.4208,5605071.7
2025-11-30 00:00:00+00:00,0.4208,0.4292,0.4203,0.4286,3425872.6
2025-11-30 04:00:00+00:00,0.4286,0.4292,0.4198,0.4276,4708250.2
2025-11-30 08:00:00+00:00,0.4276,0.4293,0.4185,0.4199,6348165.0
2025-11-30 12:00:00+00:00,0.4199,0.4257,0.4172,0.4194,10411204.7
2025-11-30 16:00:00+00:00,0.4194,0.4267,0.4191,0.4218,4713058.1
2025-11-30 20:00:00+00:00,0.4218,0.4251,0.4138,0.4145,5728265.9
2025-12-01 00:00:00+00:00,0.4145,0.4161,0.3859,0.3865,31661804.2
2025-12-01 04:00:00+00:00,0.3865,0.3904,0.3816,0.3839,7905574.9
2025-12-01 08:00:00+00:00,0.3839,0.388,0.3808,0.3823,8513077.0
2025-12-01 12:00:00+00:00,0.3823,0.3883,0.3739,0.3836,22731208.5
2025-12-01 16:00:00+00:00,0.3836,0.3848,0.3743,0.376,9153963.5
2025-12-01 20:00:00+00:00,0.376,0.3877,0.376,0.3866,8519305.5
2025-12-02 00:00:00+00:00,0.3866,0.3904,0.3779,0.3828,8224746.4
2025-12-02 04:00:00+00:00,0.3828,0.3842,0.3777,0.381,5319171.3
2025-12-02 08:00:00+00:00,0.381,0.3812,0.374,0.3777,10557689.0
2025-12-02 12:00:00+00:00,0.3777,0.4105,0.3748,0.4083,24750659.7
2025-12-02 16:00:00+00:00,0.4083,0.4112,0.3889,0.3901,17915137.5
2025-12-02 20:00:00+00:00,0.3901,0.3962,0.3818,0.3868,12259035.0
2025-12-03 00:00:00+00:00,0.3868,0.3884,0.3767,0.3874,15366888.5
2025-12-03 04:00:00+00:00,0.3874,0.403,0.3869,0.3887,19489189.9
2025-12-03 08:00:00+00:00,0.3887,0.3953,0.3884,0.3929,10229220.3
2025-12-03 12:00:00+00:00,0.3929,0.3992,0.3806,0.3937,26546834.1
2025-12-03 16:00:00+00:00,0.3937,0.4039,0.3894,0.4021,15847909.3
2025-12-03 20:00:00+00:00,0.4021,0.4243,0.3995,0.4207,18108406.2
2025-12-04 00:00:00+00:00,0.4207,0.4316,0.4159,0.4231,14852500.9
2025-12-04 04:00:00+00:00,0.4231,0.4281,0.4184,0.4241,9343517.0
2025-12-04 08:00:00+00:00,0.4241,0.4255,0.4132,0.4149,8404855.8
2025-12-04 12:00:00+00:00,0.4149,0.4258,0.4126,0.4241,15637630.1
2025-12-04 16:00:00+00:00,0.4241,0.4264,0.406,0.4128,22848632.6
2025-12-04 20:00:00+00:00,0.4128,0.4143,0.4036,0.4048,8996214.4
2025-12-05 00:00:00+00:00,0.4048,0.4119,0.4028,0.4074,7376614.9
2025-12-05 04:00:00+00:00,0.4074,0.4151,0.4038,0.4124,9341695.5
2025-12-05 08:00:00+00:00,0.4124,0.4141,0.4001,0.4024,10857584.4
2025-12-05 12:00:00+00:00,0.4024,0.4138,0.3971,0.4041,16116332.2
2025-12-05 16:00:00+00:00,0.4041,0.4043,0.3774,0.3836,22150120.0
2025-12-05 20:00:00+00:00,0.3836,0.3895,0.3818,0.3882,6415991.2
2025-12-06 00:00:00+00:00,0.3882,0.3916,0.3833,0.3893,3235533.1
2025-12-06 04:00:00+00:00,0.3893,0.3895,0.3842,0.3844,2110890.0
2025-12-06 08:00:00+00:00,0.3844,0.3845,0.3801,0.3827,3955450.3
2025-12-06 12:00:00+00:00,0.3827,0.3904,0.3811,0.3839,4613421.8
2025-12-06 16:00:00+00:00,0.3839,0.3897,0.3826,0.384,4366754.0
2025-12-06 20:00:00+00:00,0.384,0.389,0.3793,0.383,4027267.2
2025-12-07 00:00:00+00:00,0.383,0.3882,0.3813,0.3849,4501106.8
2025-12-07 04:00:00+00:00,0.3849,0.3902,0.3827,0.387,3589799.0
2025-12-07 08:00:00+00:00,0.387,0.3872,0.3798,0.3838,5180983.8
2025-12-07 12:00:00+00:00,0.3838,0.3893,0.3701,0.3874,16391624.8
2025-12-07 16:00:00+00:00,0.3874,0.4033,0.3835,0.3995,16445994.2
2025-12-07 20:00:00+00:00,0.3995,0.4002,0.3774,0.3815,11152687.4
2025-12-08 00:00:00+00:00,0.3815,0.3918,0.3796,0.3886,5677181.6
2025-12-08 04:00:00+00:00,0.3886,0.3974,0.3886,0.3941,4465950.9
2025-12-08 08:00:00+00:00,0.3941,0.3998,0.3925,0.3961,4356109.7
2025-12-08 12:00:00+00:00,0.3961,0.4018,0.3927,0.3962,11665172.3
2025-12-08 16:00:00+00:00,0.3962,0.4042,0.3904,0.3913,9085665.7
2025-12-08 20:00:00+00:00,0.3913,0.3966,0.3901,0.3924,4270417.1
2025-12-09 00:00:00+00:00,0.3924,0.3951,0.3849,0.3903,5228596.9
2025-12-09 04:00:00+00:00,0.3903,0.3906,0.3841,0.3884,4896708.0
2025-12-09 08:00:00+00:00,0.3884,0.3897,0.3851,0.3893,3699987.9
2025-12-09 12:00:00+00:00,0.3893,0.4104,0.3888,0.4082,10978162.7
2025-12-09 16:00:00+00:00,0.4082,0.4232,0.4082,0.4151,20079714.5
2025-12-09 20:00:00+00:00,0.4151,0.4151,0.4031,0.4113,9155313.8
2025-12-10 00:00:00+00:00,0.4113,0.412,0.4042,0.4067,4754452.2
2025-12-10 04:00:00+00:00,0.4067,0.4103,0.4048,0.4074,4590752.3
2025-12-10 08:00:00+00:00,0.4074,0.4099,0.4016,0.4037,6019581.6
2025-12-10 12:00:00+00:00,0.4037,0.4091,0.4023,0.4056,5593413.5
2025-12-10 16:00:00+00:00,0.4056,0.4191,0.4046,0.4174,15518641.5
2025-12-10 20:00:00+00:00,0.4174,0.4301,0.4056,0.4061,14167390.1
2025-12-11 00:00:00+00:00,0.4061,0.4079,0.3859,0.3862,13651013.3
2025-12-11 04:00:00+00:00,0.3862,0.3911,0.3846,0.3896,6984580.9
2025-12-11 08:00:00+00:00,0.3896,0.3916,0.3851,0.3856,6291912.3
2025-12-11 12:00:00+00:00,0.3856,0.3894,0.3802,0.3849,10201821.4
2025-12-11 16:00:00+00:00,0.3849,0.3912,0.3796,0.3859,9304144.2
2025-12-11 20:00:00+00:00,0.3859,0.4019,0.3858,0.3947,12574347.1
2025-12-12 00:00:00+00:00,0.3947,0.4007,0.3895,0.3985,5914086.5
2025-12-12 04:00:00+00:00,0.3985,0.4099,0.3977,0.4007,8130086.1
2025-12-12 08:00:00+00:00,0.4007,0.4099,0.3984,0.3996,7444351.3
2025-12-12 12:00:00+00:00,0.3996,0.4015,0.3817,0.3846,12522237.3
2025-12-12 16:00:00+00:00,0.3846,0.39,0.3799,0.3871,14776234.6
2025-12-12 20:00:00+00:00,0.3871,0.3959,0.3857,0.3944,4133469.6
2025-12-13 00:00:00+00:00,0.3944,0.4035,0.3906,0.4027,4628608.6
2025-12-13 04:00:00+00:00,0.4027,0.4033,0.3971,0.3997,8040134.8
2025-12-13 08:00:00+00:00,0.3997,0.404,0.3993,0.4002,3182899.6
2025-12-13 12:00:00+00:00,0.4002,0.4075,0.4001,0.4035,4167634.0
2025-12-13 16:00:00+00:00,0.4035,0.4051,0.398,0.3997,4137059.8
2025-12-13 20:00:00+00:00,0.3997,0.4013,0.3952,0.3979,2857992.5
2025-12-14 00:00:00+00:00,0.3979,0.3986,0.3945,0.3953,3290025.2
2025-12-14 04:00:00+00:00,0.3953,0.3961,0.3898,0.3905,2878381.8
2025-12-14 08:00:00+00:00,0.3905,0.3926,0.3847,0.3877,5596419.4
2025-12-14 12:00:00+00:00,0.3877,0.3896,0.3808,0.3813,7320309.2
2025-12-14 16:00:00+00:00,0.3813,0.3826,0.375,0.3782,9380344.2
2025-12-14 20:00:00+00:00,0.3782,0.3804,0.3698,0.3749,13350918.9
2025-12-15 00:00:00+00:00,0.3749,0.3862,0.3743,0.3795,8604873.9
2025-12-15 04:00:00+00:00,0.3795,0.3846,0.3794,0.3807,4961758.2
2025-12-15 08:00:00+00:00,0.3807,0.3837,0.3797,0.3818,5302912.9
2025-12-15 12:00:00+00:00,0.3818,0.3831,0.3561,0.3607,26355274.5
2025-12-15 16:00:00+00:00,0.3607,0.3653,0.35,0.3555,21167447.8
2025-12-15 20:00:00+00:00,0.3555,0.357,0.3512,0.353,10615292.2
2025-12-16 00:00:00+00:00,0.353,0.357,0.3495,0.3561,15468048.4
2025-12-16 04:00:00+00:00,0.3561,0.3586,0.3485,0.3554,10090650.3
2025-12-16 08:00:00+00:00,0.3554,0.3699,0.355,0.3689,12179448.5
2025-12-16 12:00:00+00:00,0.3689,0.3717,0.3595,0.3711,19751641.8
2025-12-16 16:00:00+00:00,0.3711,0.3715,0.3614,0.3654,11220430.4
2025-12-16 20:00:00+00:00,0.3654,0.367,0.3633,0.366,4528316.4
2025-12-17 00:00:00+00:00,0.366,0.3665,0.3617,0.3624,5695749.7
2025-12-17 04:00:00+00:00,0.3624,0.3629,0.355,0.3607,9292939.8
2025-12-17 08:00:00+00:00,0.3607,0.3607,0.3549,0.3586,6818423.9
2025-12-17 12:00:00+00:00,0.3586,0.3731,0.3532,0.3545,26666386.7
2025-12-17 16:00:00+00:00,0.3545,0.361,0.3462,0.3568,32790220.8
2025-12-17 20:00:00+00:00,0.3568,0.3599,0.3513,0.3543,11371262.5
2025-12-18 00:00:00+00:00,0.3543,0.3543,0.3454,0.3477,6720824.4
2025-12-18 04:00:00+00:00,0.3477,0.3514,0.3456,0.3498,5388510.6
2025-12-18 08:00:00+00:00,0.3498,0.3554,0.3481,0.3502,6094504.3
2025-12-18 12:00:00+00:00,0.3502,0.3636,0.3485,0.3611,18936176.0
2025-12-18 16:00:00+00:00,0.3611,0.3651,0.3311,0.3327,33927862.2
2025-12-18 20:00:00+00:00,0.3327,0.3437,0.3324,0.3385,11545722.7
2025-12-19 00:00:00+00:00,0.3385,0.3513,0.3344,0.3462,12765740.0
2025-12-19 04:00:00+00:00,0.3462,0.3507,0.3443,0.3469,10123120.2
2025-12-19 08:00:00+00:00,0.3469,0.3479,0.34,0.3427,11722307.7
2025-12-19 12:00:00+00:00,0.3427,0.3545,0.3411,0.346,16196495.5
2025-12-19 16:00:00+00:00,0.346,0.356,0.3455,0.3542,14337254.3
2025-12-19 20:00:00+00:00,0.3542,0.3561,0.3497,0.3505,5587297.6
2025-12-20 00:00:00+00:00,0.3505,0.3513,0.3465,0.3491,5391188.9
2025-12-20 04:00:00+00:00,0.3491,0.3504,0.3454,0.35,5320295.9
2025-12-20 08:00:00+00:00,0.35,0.3545,0.3496,0.3528,5602786.8
2025-12-20 12:00:00+00:00,0.3528,0.3541,0.3474,0.3511,6344961.7
2025-12-20 16:00:00+00:00,0.3511,0.3572,0.3511,0.3544,6625919.8
2025-12-20 20:00:00+00:00,0.3544,0.357,0.3531,0.3559,3278093.4
2025-12-21 00:00:00+00:00,0.3559,0.3578,0.3489,0.3518,7127792.3
2025-12-21 04:00:00+00:00,0.3518,0.3531,0.3499,0.3519,5617187.3
2025-12-21 08:00:00+00:00,0.3519,0.356,0.3505,0.3509,5726756.9
2025-12-21 12:00:00+00:00,0.3509,0.3521,0.3387,0.3428,16581490.0
2025-12-21 16:00:00+00:00,0.3428,0.3463,0.3403,0.3455,8180588.7
2025-12-21 20:00:00+00:00,0.3455,0.3512,0.3412,0.3493,5783974.8
2025-12-22 00:00:00+00:00,0.3493,0.3595,0.345,0.355,17281202.0
2025-12-22 04:00:00+00:00,0.355,0.3582,0.3537,0.3575,6586897.4
2025-12-22 08:00:00+00:00,0.3575,0.371,0.3573,0.3701,13046799.3
2025-12-22 12:00:00+00:00,0.3701,0.3795,0.3694,0.3726,18210795.6
2025-12-22 16:00:00+00:00,0.3726,0.384,0.3721,0.3765,14787217.4
2025-12-22 20:00:00+00:00,0.3765,0.3811,0.3719,0.3776,10616592.6
2025-12-23 00:00:00+00:00,0.3776,0.3844,0.3744,0.3776,13012641.4
2025-12-23 04:00:00+00:00,0.3776,0.3816,0.373,0.3764,9272665.6
2025-12-23 08:00:00+00:00,0.3764,0.3782,0.3663,0.3667,9637539.9
2025-12-23 12:00:00+00:00,0.3667,0.3703,0.3613,0.3646,13521705.2
2025-12-23 16:00:00+00:00,0.3646,0.3744,0.3634,0.3707,12124882.2
2025-12-23 20:00:00+00:00,0.3707,0.3742,0.3686,0.3731,6715560.6
2025-12-24 00:00:00+00:00,0.3731,0.3737,0.3669,0.3697,7026215.5
2025-12-24 04:00:00+00:00,0.3697,0.3702,0.362,0.3671,6726361.4
2025-12-24 08:00:00+00:00,0.3671,0.3753,0.3646,0.3724,5822798.3
2025-12-24 12:00:00+00:00,0.3724,0.3777,0.3649,0.376,7186233.3
2025-12-24 16:00:00+00:00,0.376,0.385,0.3734,0.3756,8607561.5
2025-12-24 20:00:00+00:00,0.3756,0.3788,0.3736,0.3773,4044886.4
2025-12-25 00:00:00+00:00,0.3773,0.3847,0.3747,0.3827,4870445.8
2025-12-25 04:00:00+00:00,0.3827,0.3831,0.3774,0.3801,3780131.8
2025-12-25 08:00:00+00:00,0.3801,0.3906,0.3783,0.3866,10739904.7
2025-12-25 12:00:00+00:00,0.3866,0.3991,0.3823,0.3962,21106646.2
2025-12-25 16:00:00+00:00,0.3962,0.4029,0.3951,0.3995,8620178.2
2025-12-25 20:00:00+00:00,0.3995,0.3995,0.3862,0.3873,7421155.3
2025-12-26 00:00:00+00:00,0.3873,0.4039,0.3839,0.3982,11208386.0
2025-12-26 04:00:00+00:00,0.3982,0.3997,0.3935,0.3973,7148542.7
2025-12-26 08:00:00+00:00,0.3973,0.4003,0.3953,0.3983,4870558.2
2025-12-26 12:00:00+00:00,0.3983,0.4008,0.3892,0.3895,6738747.8
2025-12-26 16:00:00+00:00,0.3895,0.3906,0.3861,0.3875,4240683.3
2025-12-26 20:00:00+00:00,0.3875,0.3875,0.3793,0.38,4364338.3
2025-12-27 00:00:00+00:00,0.38,0.3862,0.3792,0.3849,4905248.7
2025-12-27 04:00:00+00:00,0.3849,0.3862,0.3806,0.3841,5202985.9
2025-12-27 08:00:00+00:00,0.3841,0.386,0.382,0.3849,3556605.1
2025-12-27 12:00:00+00:00,0.3849,0.3871,0.3816,0.3869,4975205.8
2025-12-27 16:00:00+00:00,0.3869,0.4009,0.3864,0.3945,9571231.2
2025-12-27 20:00:00+00:00,0.3945,0.4038,0.3938,0.4027,3765624.6
2025-12-28 00:00:00+00:00,0.4027,0.4055,0.3972,0.399,4768855.2
2025-12-28 04:00:00+00:00,0.399,0.4013,0.3969,0.3985,2251625.2
2025-12-28 08:00:00+00:00,0.3985,0.4013,0.3962,0.3986,3761350.5
2025-12-28 12:00:00+00:00,0.3986,0.3993,0.3933,0.3964,4565584.8
2025-12-28 16:00:00+00:00,0.3964,0.3975,0.3883,0.389,4002883.1
2025-12-28 20:00:00+00:00,0.389,0.3931,0.3866,0.3918,3297763.4
2025-12-29 00:00:00+00:00,0.3918,0.405,0.3902,0.4038,10736668.2
2025-12-29 04:00:00+00:00,0.4038,0.4044,0.3965,0.3984,5862793.2
2025-12-29 08:00:00+00:00,0.3984,0.3994,0.3863,0.3876,6337091.4
2025-12-29 12:00:00+00:00,0.3876,0.3965,0.381,0.3934,14346003.4
2025-12-29 16:00:00+00:00,0.3934,0.3934,0.387,0.3881,5421265.2
2025-12-29 20:00:00+00:00,0.3881,0.3893,0.3851,0.3871,4286658.6
2025-12-30 00:00:00+00:00,0.3871,0.3883,0.3838,0.3874,4319727.1
2025-12-30 04:00:00+00:00,0.3874,0.3875,0.3764,0.3777,9089944.4
2025-12-30 08:00:00+00:00,0.3777,0.3831,0.376,0.3776,7112892.3
2025-12-30 12:00:00+00:00,0.3776,0.3844,0.376,0.3844,9726083.4
2025-12-30 16:00:00+00:00,0.3844,0.3848,0.3731,0.3772,8794496.1
2025-12-30 20:00:00+00:00,0.3772,0.3772,0.3741,0.3771,4662670.7
2025-12-31 00:00:00+00:00,0.3771,0.3776,0.3708,0.3724,5878292.9
2025-12-31 04:00:00+00:00,0.3724,0.3754,0.3712,0.3724,2867421.1
2025-12-31 08:00:00+00:00,0.3724,0.3726,0.368,0.3718,4829380.1
2025-12-31 12:00:00+00:00,0.3718,0.3743,0.3691,0.3693,5552592.4
2025-12-31 16:00:00+00:00,0.3693,0.3703,0.3581,0.3626,12752883.4
2025-12-31 20:00:00+00:00,0.3626,0.3638,0.3584,0.3589,5889792.7
2026-01-01 00:00:00+00:00,0.3589,0.3623,0.3574,0.3615,8529588.8
2026-01-01 04:00:00+00:00,0.3615,0.3699,0.3584,0.3688,5400485.4
2026-01-01 08:00:00+00:00,0.3688,0.375,0.3665,0.3749,6433430.6
2026-01-01 12:00:00+00:00,0.3749,0.3855,0.3721,0.3849,10711403.5
2026-01-01 16:00:00+00:00,0.3849,0.3862,0.3809,0.3855,11242746.5
2026-01-01 20:00:00+00:00,0.3855,0.3932,0.3835,0.3931,5491088.1
2026-01-02 00:00:00+00:00,0.3931,0.3999,0.3903,0.3988,9376398.4
2026-01-02 04:00:00+00:00,0.3988,0.4005,0.3929,0.3941,8654566.7
2026-01-02 08:00:00+00:00,0.3941,0.4034,0.3937,0.3974,8611415.2
2026-01-02 12:00:00+00:00,0.3974,0.4057,0.3958,0.4026,11448640.5
2026-01-02 16:00:00+00:00,0.4026,0.4137,0.401,0.4034,13800824.1
2026-01-02 20:00:00+00:00,0.4034,0.4102,0.3972,0.4053,6809833.0
2026-01-03 00:00:00+00:00,0.4053,0.4087,0.4032,0.4074,4995906.7
2026-01-03 04:00:00+00:00,0.4074,0.4093,0.3962,0.3977,10372265.0
2026-01-03 08:00:00+00:00,0.3977,0.403,0.3959,0.4019,6578649.5
2026-01-03 12:00:00+00:00,0.4019,0.4047,0.4009,0.4032,4652308.7
2026-01-03 16:00:00+00:00,0.4032,0.4353,0.4031,0.4273,25275202.6
2026-01-03 20:00:00+00:00,0.4273,0.4296,0.4186,0.4248,7916297.6
2026-01-04 00:00:00+00:00,0.4248,0.4326,0.4238,0.4261,7108284.1
2026-01-04 04:00:00+00:00,0.4261,0.4261,0.4194,0.4212,4875920.8
2026-01-04 08:00:00+00:00,0.4212,0.4253,0.4186,0.4244,6925162.1
2026-01-04 12:00:00+00:00,0.4244,0.4272,0.4198,0.4237,6643381.9
2026-01-04 16:00:00+00:00,0.4237,0.4296,0.4162,0.4184,8337749.0
2026-01-04 20:00:00+00:00,0.4184,0.4272,0.4176,0.4268,4916182.4
2026-01-05 00:00:00+00:00,0.4268,0.4343,0.4237,0.4276,7866807.3
2026-01-05 04:00:00+00:00,0.4276,0.4286,0.4191,0.4231,4073820.0
2026-01-05 08:00:00+00:00,0.4231,0.4288,0.4178,0.4197,5188133.1
2026-01-05 12:00:00+00:00,0.4197,0.4285,0.4171,0.4264,6095580.1
2026-01-05 16:00:00+00:00,0.4264,0.4361,0.4232,0.4321,6909577.4
2026-01-05 20:00:00+00:00,0.4321,0.4373,0.4281,0.4337,4934877.5
2026-01-06 00:00:00+00:00,0.4337,0.4351,0.4269,0.4322,6015897.5
2026-01-06 04:00:00+00:00,0.4322,0.4348,0.4235,0.4255,5259957.2
2026-01-06 08:00:00+00:00,0.4255,0.431,0.4242,0.4308,4203023.9
2026-01-06 12:00:00+00:00,0.4308,0.4384,0.4209,0.4237,13704540.2
2026-01-06 16:00:00+00:00,0.4237,0.4251,0.4083,0.4153,16340865.4
2026-01-06 20:00:00+00:00,0.4153,0.4337,0.4153,0.4274,9467310.8
2026-01-07 00:00:00+00:00,0.4274,0.4275,0.4167,0.4186,5094558.4
2026-01-07 04:00:00+00:00,0.4186,0.4253,0.4153,0.4252,6131036.6
2026-01-07 08:00:00+00:00,0.4252,0.4264,0.4152,0.4182,5774220.8
2026-01-07 12:00:00+00:00,0.4182,0.4187,0.4027,0.4046,12005546.8
2026-01-07 16:00:00+00:00,0.4046,0.4197,0.404,0.4169,13264688.0
2026-01-07 20:00:00+00:00,0.4169,0.4232,0.4155,0.4213,9006116.4
2026-01-08 00:00:00+00:00,0.4213,0.4311,0.4189,0.4261,10602848.5
2026-01-08 04:00:00+00:00,0.4261,0.4301,0.4059,0.4137,10650815.0
2026-01-08 08:00:00+00:00,0.4137,0.4163,0.4063,0.4102,7773889.5
2026-01-08 12:00:00+00:00,0.4102,0.4168,0.4005,0.4166,12670437.4
2026-01-08 16:00:00+00:00,0.4166,0.4178,0.4051,0.4064,9241540.6
2026-01-08 20:00:00+00:00,0.4064,0.4113,0.4012,0.4069,7237853.0
2026-01-09 00:00:00+00:00,0.4069,0.4147,0.4058,0.4106,7701600.5
2026-01-09 04:00:00+00:00,0.4106,0.4113,0.4042,0.4073,3620604.4
2026-01-09 08:00:00+00:00,0.4073,0.4085,0.3993,0.4032,6402590.4
2026-01-09 12:00:00+00:00,0.4032,0.4208,0.4005,0.4185,13493681.5
2026-01-09 16:00:00+00:00,0.4185,0.4227,0.4019,0.4041,11412026.1
2026-01-09 20:00:00+00:00,0.4041,0.4098,0.4021,0.4077,5225353.7
2026-01-10 00:00:00+00:00,0.4077,0.4096,0.4044,0.4078,2386896.8
2026-01-10 04:00:00+00:00,0.4078,0.409,0.4036,0.4073,1968380.5
2026-01-10 08:00:00+00:00,0.4073,0.4122,0.4068,0.412,2119120.5
2026-01-10 12:00:00+00:00,0.412,0.418,0.4112,0.4131,3353838.2
2026-01-10 16:00:00+00:00,0.4131,0.4159,0.4115,0.4139,4465522.9
2026-01-10 20:00:00+00:00,0.4139,0.4162,0.4054,0.4069,3323004.9
2026-01-11 00:00:00+00:00,0.4069,0.4092,0.4048,0.4076,2643959.2
2026-01-11 04:00:00+00:00,0.4076,0.408,0.4013,0.4045,4468551.3
2026-01-11 08:00:00+00:00,0.4045,0.407,0.4031,0.4037,1962090.8
2026-01-11 12:00:00+00:00,0.4037,0.4059,0.4004,0.402,4413533.5
2026-01-11 16:00:00+00:00,0.402,0.4095,0.4006,0.4052,5286381.0
2026-01-11 20:00:00+00:00,0.4052,0.4052,0.3935,0.4007,8816404.3
2026-01-12 00:00:00+00:00,0.4007,0.4102,0.3952,0.4032,9914540.2
2026-01-12 04:00:00+00:00,0.4032,0.4073,0.3945,0.3952,8163590.0
2026-01-12 08:00:00+00:00,0.3952,0.401,0.3936,0.3999,6501314.6
2026-01-12 12:00:00+00:00,0.3999,0.4,0.3891,0.3977,9582019.6
2026-01-12 16:00:00+00:00,0.3977,0.3999,0.3878,0.3943,8012206.2
2026-01-12 20:00:00+00:00,0.3943,0.397,0.3864,0.3907,5893648.0
2026-01-13 00:00:00+00:00,0.3907,0.3991,0.39,0.3987,5891396.9
2026-01-13 04:00:00+00:00,0.3987,0.4075,0.3974,0.4025,6394018.2
2026-01-13 08:00:00+00:00,0.4025,0.4132,0.4009,0.4111,10693886.7
2026-01-13 12:00:00+00:00,0.4111,0.4194,0.4092,0.4185,12530452.0
2026-01-13 16:00:00+00:00,0.4185,0.427,0.4176,0.4252,8148021.9
2026-01-13 20:00:00+00:00,0.4252,0.4417,0.4198,0.4335,16074052.4
2026-01-14 00:00:00+00:00,0.4335,0.4391,0.4316,0.434,6344745.3
2026-01-14 04:00:00+00:00,0.434,0.4345,0.4273,0.43,6574110.5
2026-01-14 08:00:00+00:00,0.43,0.4361,0.4299,0.4325,5790603.1
2026-01-14 12:00:00+00:00,0.4325,0.439,0.4311,0.4326,7556893.5
2026-01-14 16:00:00+00:00,0.4326,0.439,0.4218,0.429,12369534.1
2026-01-14 20:00:00+00:00,0.429,0.4336,0.4256,0.4272,4782275.8
2026-01-15 00:00:00+00:00,0.4272,0.4291,0.4189,0.4197,8371704.5
2026-01-15 04:00:00+00:00,0.4197,0.4247,0.419,0.4217,5399474.9
2026-01-15 08:00:00+00:00,0.4217,0.432,0.4177,0.4307,8576724.9
2026-01-15 12:00:00+00:00,0.4307,0.4372,0.4148,0.4215,16673884.6
2026-01-15 16:00:00+00:00,0.4215,0.4255,0.4106,0.4158,16678534.3
2026-01-15 20:00:00+00:00,0.4158,0.4394,0.4101,0.438,18687588.9
2026-01-16 00:00:00+00:00,0.438,0.4434,0.4251,0.4255,14253837.0
2026-01-16 04:00:00+00:00,0.4255,0.4306,0.4233,0.4238,6604227.9
2026-01-16 08:00:00+00:00,0.4238,0.4296,0.4235,0.4278,5103759.7
2026-01-16 12:00:00+00:00,0.4278,0.4291,0.4162,0.4188,9458538.1
2026-01-16 16:00:00+00:00,0.4188,0.423,0.4157,0.4188,6138219.8
2026-01-16 20:00:00+00:00,0.4188,0.4305,0.4179,0.4259,5707751.6
2026-01-17 00:00:00+00:00,0.4259,0.4335,0.4252,0.4323,3750153.6
2026-01-17 04:00:00+00:00,0.4323,0.4395,0.43,0.4355,7832713.8
2026-01-17 08:00:00+00:00,0.4355,0.4399,0.4316,0.4322,3763871.7
2026-01-17 12:00:00+00:00,0.4322,0.4485,0.4317,0.4453,7464982.0
2026-01-17 16:00:00+00:00,0.4453,0.4574,0.4316,0.4342,16174426.2
2026-01-17 20:00:00+00:00,0.4342,0.4351,0.4085,0.4166,15230734.2
2026-01-18 00:00:00+00:00,0.4166,0.4201,0.4137,0.4172,6464082.1
2026-01-18 04:00:00+00:00,0.4172,0.4172,0.4124,0.4154,4009786.1
2026-01-18 08:00:00+00:00,0.4154,0.4225,0.4147,0.4194,5327367.4
2026-01-18 12:00:00+00:00,0.4194,0.422,0.4145,0.4214,7805440.1
2026-01-18 16:00:00+00:00,0.4214,0.4239,0.4167,0.4184,6496839.6
2026-01-18 20:00:00+00:00,0.4184,0.4197,0.3991,0.4003,11396143.6
2026-01-19 00:00:00+00:00,0.4003,0.4003,0.3584,0.3954,45908384.6
2026-01-19 04:00:00+00:00,0.3954,0.3966,0.3875,0.3893,7782175.2
2026-01-19 08:00:00+00:00,0.3893,0.3933,0.3878,0.3909,6682350.6
2026-01-19 12:00:00+00:00,0.3909,0.392,0.3882,0.3896,4000968.8
2026-01-19 16:00:00+00:00,0.3896,0.397,0.3886,0.3947,3663800.5
2026-01-19 20:00:00+00:00,0.3947,0.3966,0.3833,0.3858,7627187.5
2026-01-20 00:00:00+00:00,0.3858,0.3875,0.3836,0.3859,5999813.3
2026-01-20 04:00:00+00:00,0.3859,0.392,0.3826,0.3887,11313972.0
2026-01-20 08:00:00+00:00,0.3887,0.3896,0.3748,0.3751,12243548.9
2026-01-20 12:00:00+00:00,0.3751,0.3803,0.3708,0.3755,13310858.7
2026-01-20 16:00:00+00:00,0.3755,0.3768,0.3641,0.3697,11544608.3
2026-01-20 20:00:00+00:00,0.3697,0.3721,0.3618,0.3656,7561171.4
2026-01-21 00:00:00+00:00,0.3656,0.3734,0.3654,0.3723,4928022.6
2026-01-21 04:00:00+00:00,0.3723,0.3766,0.3716,0.3743,4218270.7
2026-01-21 08:00:00+00:00,0.3743,0.3745,0.3644,0.3664,6108977.3
2026-01-21 12:00:00+00:00,0.3664,0.3794,0.3634,0.3757,14143391.8
2026-01-21 16:00:00+00:00,0.3757,0.3792,0.3593,0.3781,15867854.5
2026-01-21 20:00:00+00:00,0.3781,0.3792,0.3661,0.3679,11418114.0
2026-01-22 00:00:00+00:00,0.3679,0.3747,0.3679,0.3699,4183278.6
2026-01-22 04:00:00+00:00,0.3699,0.3727,0.3655,0.3658,3864140.5
2026-01-22 08:00:00+00:00,0.3658,0.3696,0.3647,0.3658,5148428.0
2026-01-22 12:00:00+00:00,0.3658,0.3665,0.3529,0.3607,12316139.8
2026-01-22 16:00:00+00:00,0.3607,0.3661,0.355,0.3567,20640354.6
2026-01-22 20:00:00+00:00,0.3567,0.3627,0.3539,0.3624,6128501.3
2026-01-23 00:00:00+00:00,0.3624,0.3698,0.3612,0.369,6739340.7
2026-01-23 04:00:00+00:00,0.369,0.374,0.3676,0.3684,5034023.0
2026-01-23 08:00:00+00:00,0.3684,0.37,0.3653,0.3677,4685489.0
2026-01-23 12:00:00+00:00,0.3677,0.3704,0.3604,0.3698,8679788.8
2026-01-23 16:00:00+00:00,0.3698,0.3776,0.3636,0.3639,10044784.1
2026-01-23 20:00:00+00:00,0.3639,0.3652,0.3594,0.3615,4777330.8
2026-01-24 00:00:00+00:00,0.3615,0.3626,0.3534,0.3574,8936333.3
2026-01-24 04:00:00+00:00,0.3574,0.358,0.3542,0.3554,2323757.7
2026-01-24 08:00:00+00:00,0.3554,0.3627,0.3554,0.3622,3799345.9
2026-01-24 12:00:00+00:00,0.3622,0.3648,0.3588,0.3588,4035022.8
2026-01-24 16:00:00+00:00,0.3588,0.3605,0.3578,0.3588,2210827.4
2026-01-24 20:00:00+00:00,0.3588,0.3606,0.3584,0.3588,1996085.1
2026-01-25 00:00:00+00:00,0.3588,0.3607,0.3536,0.3557,4240845.4
2026-01-25 04:00:00+00:00,0.3557,0.3578,0.3532,0.3544,2787857.8
2026-01-25 08:00:00+00:00,0.3544,0.3599,0.3523,0.3581,4748978.8
2026-01-25 12:00:00+00:00,0.3581,0.3643,0.3536,0.3552,7590763.5
2026-01-25 16:00:00+00:00,0.3552,0.3552,0.3329,0.3365,24259929.0
2026-01-25 20:00:00+00:00,0.3365,0.3449,0.3363,0.3437,9821271.0
2026-01-26 00:00:00+00:00,0.3437,0.3512,0.3431,0.3472,8308658.7
2026-01-26 04:00:00+00:00,0.3472,0.352,0.3471,0.348,4477023.3
2026-01-26 08:00:00+00:00,0.348,0.3523,0.3475,0.3505,3556731.0
2026-01-26 12:00:00+00:00,0.3505,0.3585,0.3486,0.3512,8958524.5
2026-01-26 16:00:00+00:00,0.3512,0.3567,0.3504,0.3548,6497813.0
2026-01-26 20:00:00+00:00,0.3548,0.3568,0.3509,0.3547,3596090.4
2026-01-27 00:00:00+00:00,0.3547,0.3554,0.3495,0.35,6132485.2
2026-01-27 04:00:00+00:00,0.35,0.3504,0.3387,0.3434,17614419.7
2026-01-27 08:00:00+00:00,0.3434,0.3445,0.3371,0.3417,7324196.1
2026-01-27 12:00:00+00:00,0.3417,0.3452,0.3396,0.3449,6480305.9
2026-01-27 16:00:00+00:00,0.3449,0.3498,0.3337,0.3418,13396761.9
2026-01-27 20:00:00+00:00,0.3418,0.3501,0.3414,0.3457,7568248.6
2026-01-28 00:00:00+00:00,0.3457,0.3462,0.3429,0.3446,4653864.1
2026-01-28 04:00:00+00:00,0.3446,0.3496,0.3412,0.344,6764006.7
2026-01-28 08:00:00+00:00,0.344,0.3528,0.3431,0.3526,8357916.4
2026-01-28 12:00:00+00:00,0.3526,0.3526,0.3457,0.3474,9054991.8
2026-01-28 16:00:00+00:00,0.3474,0.3521,0.3457,0.351,6891660.4
2026-01-28 20:00:00+00:00,0.351,0.3576,0.3474,0.3525,13724065.9
2026-01-29 00:00:00+00:00,0.3525,0.354,0.3383,0.3393,16381672.9
2026-01-29 04:00:00+00:00,0.3393,0.3394,0.3354,0.3376,5579666.8
2026-01-29 08:00:00+00:00,0.3376,0.339,0.3351,0.3379,7446605.4
2026-01-29 12:00:00+00:00,0.3379,0.3395,0.3189,0.325,34960952.6
2026-01-29 16:00:00+00:00,0.325,0.3335,0.3216,0.3272,17141316.8
2026-01-29 20:00:00+00:00,0.3272,0.3318,0.3259,0.3293,8645945.2
2026-01-30 00:00:00+00:00,0.3293,0.3305,0.3094,0.318,30252748.6
2026-01-30 04:00:00+00:00,0.318,0.3226,0.3126,0.3193,10139092.4
2026-01-30 08:00:00+00:00,0.3193,0.3267,0.3178,0.3252,7369169.2
2026-01-30 12:00:00+00:00,0.3252,0.3258,0.316,0.3211,12491488.2
2026-01-30 16:00:00+00:00,0.3211,0.3257,0.3115,0.3213,17175871.9
2026-01-30 20:00:00+00:00,0.3213,0.3214,0.3135,0.3171,12908722.8
2026-01-31 00:00:00+00:00,0.3171,0.3176,0.3127,0.3144,4840196.7
2026-01-31 04:00:00+00:00,0.3144,0.3154,0.3091,0.3114,7367637.1
2026-01-31 08:00:00+00:00,0.3114,0.3121,0.3035,0.3093,10656053.9
2026-01-31 12:00:00+00:00,0.3093,0.3095,0.2857,0.2951,31553524.9
2026-01-31 16:00:00+00:00,0.2951,0.3005,0.2597,0.2793,85585650.1
2026-01-31 20:00:00+00:00,0.2793,0.2906,0.2773,0.2887,18401146.8
2026-02-01 00:00:00+00:00,0.2887,0.2907,0.2865,0.289,8870159.4
2026-02-01 04:00:00+00:00,0.289,0.2927,0.2862,0.2903,7941143.5
2026-02-01 08:00:00+00:00,0.2903,0.2929,0.2869,0.29,7395577.4
2026-02-01 12:00:00+00:00,0.29,0.2906,0.2745,0.2774,18380544.2
2026-02-01 16:00:00+00:00,0.2774,0.2875,0.2767,0.2815,15829677.0
2026-02-01 20:00:00+00:00,0.2815,0.2852,0.272,0.2792,19951209.9
2026-02-02 00:00:00+00:00,0.2792,0.2859,0.2656,0.2772,32642662.0
2026-02-02 04:00:00+00:00,0.2772,0.282,0.2698,0.2791,31419497.6
2026-02-02 08:00:00+00:00,0.2791,0.2835,0.2777,0.281,14245689.8
2026-02-02 12:00:00+00:00,0.281,0.2917,0.281,0.2899,17242238.7
2026-02-02 16:00:00+00:00,0.2899,0.2908,0.2861,0.2866,8529557.1
2026-02-02 20:00:00+00:00,0.2866,0.2898,0.2854,0.2878,6525371.8
2026-02-03 00:00:00+00:00,0.2878,0.2892,0.2838,0.2887,8984622.7
2026-02-03 04:00:00+00:00,0.2887,0.2905,0.285,0.2876,14421094.0
2026-02-03 08:00:00+00:00,0.2876,0.2891,0.2829,0.2864,11799541.9
2026-02-03 12:00:00+00:00,0.2864,0.2888,0.2808,0.2884,15878087.9
2026-02-03 16:00:00+00:00,0.2884,0.2884,0.2668,0.2799,38960127.6
2026-02-03 20:00:00+00:00,0.2799,0.2918,0.2747,0.2766,25399617.3
2026-02-04 00:00:00+00:00,0.2766,0.2851,0.2755,0.2843,10962176.1
2026-02-04 04:00:00+00:00,0.2843,0.2864,0.2811,0.285,7463475.6
2026-02-04 08:00:00+00:00,0.285,0.2862,0.2809,0.2829,6972660.8
2026-02-04 12:00:00+00:00,0.2829,0.2838,0.2731,0.2759,19707306.5
2026-02-04 16:00:00+00:00,0.2759,0.2816,0.2695,0.281,31671733.1
2026-02-04 20:00:00+00:00,0.281,0.2813,0.2706,0.2749,14181427.3
2026-02-05 00:00:00+00:00,0.2749,0.2764,0.262,0.2637,22569140.2
2026-02-05 04:00:00+00:00,0.2637,0.2679,0.2595,0.2653,22786606.3
2026-02-05 08:00:00+00:00,0.2653,0.2699,0.2551,0.2568,22458151.4
2026-02-05 12:00:00+00:00,0.2568,0.2647,0.2425,0.2511,63883422.6
2026-02-05 16:00:00+00:00,0.2511,0.2553,0.2395,0.2407,50288400.6
2026-02-05 20:00:00+00:00,0.2407,0.2423,0.2274,0.2303,84329339.9
2026-02-06 00:00:00+00:00,0.2303,0.2366,0.2021,0.2304,140854328.5
2026-02-06 04:00:00+00:00,0.2304,0.2398,0.2295,0.233,25433606.4
2026-02-06 08:00:00+00:00,0.233,0.2393,0.2299,0.2372,24928963.7
2026-02-06 12:00:00+00:00,0.2372,0.2497,0.2355,0.2477,19858951.4
2026-02-06 16:00:00+00:00,0.2477,0.2642,0.2467,0.2564,24144590.1
2026-02-06 20:00:00+00:00,0.2564,0.2614,0.2535,0.2574,12247885.5
2026-02-07 00:00:00+00:00,0.2574,0.2606,0.2534,0.2595,9558051.6
2026-02-07 04:00:00+00:00,0.2595,0.2622,0.2489,0.2521,14393017.5
2026-02-07 08:00:00+00:00,0.2521,0.2568,0.2514,0.2531,11634597.3
2026-02-07 12:00:00+00:00,0.2531,0.2636,0.2527,0.2567,17202314.6
2026-02-07 16:00:00+00:00,0.2567,0.2634,0.2553,0.2574,62601905.6
2026-02-07 20:00:00+00:00,0.2574,0.2597,0.256,0.2573,5129045.0
2026-02-08 00:00:00+00:00,0.2573,0.2575,0.2537,0.2541,4476519.2
2026-02-08 04:00:00+00:00,0.2541,0.2555,0.2527,0.2544,4015303.1
2026-02-08 08:00:00+00:00,0.2544,0.2579,0.2524,0.2574,10862183.9
2026-02-08 12:00:00+00:00,0.2574,0.2596,0.2546,0.2558,11346152.5
2026-02-08 16:00:00+00:00,0.2558,0.2567,0.248,0.2554,14985034.7
2026-02-08 20:00:00+00:00,0.2554,0.2574,0.2493,0.2521,9731892.8
2026-02-09 00:00:00+00:00,0.2521,0.2577,0.2502,0.2566,11341293.6
2026-02-09 04:00:00+00:00,0.2566,0.2566,0.2515,0.2516,11022978.2
2026-02-09 08:00:00+00:00,0.2516,0.2527,0.2493,0.2498,13081927.8
2026-02-09 12:00:00+00:00,0.2498,0.2507,0.243,0.2495,23248352.6
2026-02-09 16:00:00+00:00,0.2495,0.2553,0.2478,0.2544,14281088.9
2026-02-09 20:00:00+00:00,0.2544,0.2558,0.2517,0.2529,8295416.7
2026-02-10 00:00:00+00:00,0.2529,0.2549,0.2494,0.2504,8912697.5
2026-02-10 04:00:00+00:00,0.2504,0.2526,0.2451,0.2472,9668809.6
2026-02-10 08:00:00+00:00,0.2472,0.2487,0.2413,0.2423,10077200.0
2026-02-10 12:00:00+00:00,0.2423,0.243,0.2288,0.2351,30055927.8
2026-02-10 16:00:00+00:00,0.2351,0.2359,0.2286,0.2326,15059264.5
2026-02-10 20:00:00+00:00,0.2326,0.234,0.2278,0.2327,13630058.7
2026-02-11 00:00:00+00:00,0.2327,0.2365,0.2322,0.2354,9266405.6
2026-02-11 04:00:00+00:00,0.2354,0.2355,0.226,0.2274,13416740.5
2026-02-11 08:00:00+00:00,0.2274,0.2284,0.2258,0.2281,10774160.4
2026-02-11 12:00:00+00:00,0.2281,0.2408,0.2246,0.2274,35261632.2
2026-02-11 16:00:00+00:00,0.2274,0.2334,0.2266,0.2308,18427773.4
2026-02-11 20:00:00+00:00,0.2308,0.235,0.2295,0.2315,12822494.2
2026-02-12 00:00:00+00:00,0.2315,0.2357,0.231,0.2356,8502415.6
2026-02-12 04:00:00+00:00,0.2356,0.24,0.2348,0.2398,8903573.5
2026-02-12 08:00:00+00:00,0.2398,0.2463,0.2384,0.2438,9749424.5
2026-02-12 12:00:00+00:00,0.2438,0.244,0.2353,0.2357,17838842.6
2026-02-12 16:00:00+00:00,0.2357,0.2378,0.2296,0.2354,21905290.5
2026-02-12 20:00:00+00:00,0.2354,0.239,0.2327,0.2387,9766471.7
2026-02-13 00:00:00+00:00,0.2387,0.2393,0.2346,0.2373,10514706.7
2026-02-13 04:00:00+00:00,0.2373,0.2379,0.2324,0.2365,12921908.7
2026-02-13 08:00:00+00:00,0.2365,0.2431,0.236,0.241,15412919.4
2026-02-13 12:00:00+00:00,0.241,0.2494,0.2386,0.246,20952255.4
2026-02-13 16:00:00+00:00,0.246,0.2534,0.2452,0.2524,17351504.7
2026-02-13 20:00:00+00:00,0.2524,0.2535,0.2508,0.2512,10492581.3
2026-02-14 00:00:00+00:00,0.2512,0.261,0.2505,0.2556,15608216.7
2026-02-14 04:00:00+00:00,0.2556,0.256,0.2503,0.2519,7694769.6
2026-02-14 08:00:00+00:00,0.2519,0.2573,0.2505,0.257,11694354.6
2026-02-14 12:00:00+00:00,0.257,0.263,0.253,0.2625,19515097.1
2026-02-14 16:00:00+00:00,0.2625,0.2678,0.2606,0.2672,14683844.9
2026-02-14 20:00:00+00:00,0.2672,0.2694,0.264,0.2657,12641526.2
2026-02-15 00:00:00+00:00,0.2657,0.267,0.2622,0.2661,10801980.4
2026-02-15 04:00:00+00:00,0.2661,0.2707,0.2642,0.266,8911602.4
2026-02-15 08:00:00+00:00,0.266,0.267,0.2566,0.2574,12467612.4
2026-02-15 12:00:00+00:00,0.2574,0.2578,0.2494,0.2524,18037392.8
2026-02-15 16:00:00+00:00,0.2524,0.2525,0.2459,0.2481,14407642.1
2026-02-15 20:00:00+00:00,0.2481,0.2503,0.2472,0.2499,4738537.1
2026-02-16 00:00:00+00:00,0.2499,0.2541,0.2495,0.2528,10695123.4
2026-02-16 04:00:00+00:00,0.2528,0.257,0.2514,0.2528,13916138.0
2026-02-16 08:00:00+00:00,0.2528,0.2581,0.2513,0.2545,9907164.2
2026-02-16 12:00:00+00:00,0.2545,0.2595,0.2478,0.2496,20148859.4
2026-02-16 16:00:00+00:00,0.2496,0.2554,0.2495,0.2545,9543841.4
2026-02-16 20:00:00+00:00,0.2545,0.2557,0.253,0.2546,10836756.3
2026-02-17 00:00:00+00:00,0.2546,0.2571,0.2531,0.2533,7806624.8
2026-02-17 04:00:00+00:00,0.2533,0.2547,0.2514,0.2535,7214199.8
2026-02-17 08:00:00+00:00,0.2535,0.2552,0.2508,0.2517,8188210.3
2026-02-17 12:00:00+00:00,0.2517,0.2551,0.2477,0.2513,13513165.1
2026-02-17 16:00:00+00:00,0.2513,0.2563,0.2494,0.252,16019102.1
2026-02-17 20:00:00+00:00,0.252,0.2534,0.2505,0.2524,8726363.8
2026-02-18 00:00:00+00:00,0.2524,0.2542,0.2493,0.2539,8088390.9
2026-02-18 04:00:00+00:00,0.2539,0.254,0.251,0.2534,6056917.5
2026-02-18 08:00:00+00:00,0.2534,0.2581,0.2507,0.2514,10396160.9
2026-02-18 12:00:00+00:00,0.2514,0.2544,0.2478,0.2523,11904394.2
2026-02-18 16:00:00+00:00,0.2523,0.2524,0.2428,0.2443,14146473.0
2026-02-18 20:00:00+00:00,0.2443,0.2457,0.2422,0.244,11718822.8
2026-02-19 00:00:00+00:00,0.244,0.2469,0.2426,0.2469,10240561.5
2026-02-19 04:00:00+00:00,0.2469,0.2487,0.2445,0.2476,9790740.7
2026-02-19 08:00:00+00:00,0.2476,0.2476,0.2413,0.2421,15604483.6
2026-02-19 12:00:00+00:00,0.2421,0.2431,0.233,0.2364,24613953.8
2026-02-19 16:00:00+00:00,0.2364,0.2409,0.2337,0.2402,15781307.9
2026-02-19 20:00:00+00:00,0.2402,0.2405,0.2373,0.2397,8087370.2
2026-02-20 00:00:00+00:00,0.2397,0.2436,0.2393,0.2425,11585503.3
2026-02-20 04:00:00+00:00,0.2425,0.2442,0.2397,0.2429,13744574.1
2026-02-20 08:00:00+00:00,0.2429,0.245,0.24,0.2407,17984584.4
2026-02-20 12:00:00+00:00,0.2407,0.2481,0.236,0.2479,26436989.5
2026-02-20 16:00:00+00:00,0.2479,0.2518,0.243,0.2456,27730137.4
2026-02-20 20:00:00+00:00,0.2456,0.2473,0.2448,0.2469,11525341.1
2026-02-21 00:00:00+00:00,0.2469,0.247,0.2442,0.2444,6218638.8
2026-02-21 04:00:00+00:00,0.2444,0.2458,0.243,0.2434,5193068.0
2026-02-21 08:00:00+00:00,0.2434,0.2473,0.243,0.2444,9420653.7
2026-02-21 12:00:00+00:00,0.2444,0.2465,0.2436,0.2437,7908950.2
2026-02-21 16:00:00+00:00,0.2437,0.2438,0.241,0.243,6362504.8
2026-02-21 20:00:00+00:00,0.243,0.2434,0.2383,0.2385,6070331.9
2026-02-22 00:00:00+00:00,0.2385,0.2392,0.2334,0.2344,7579269.3
2026-02-22 04:00:00+00:00,0.2344,0.2349,0.2313,0.2337,8154343.0
2026-02-22 08:00:00+00:00,0.2337,0.2348,0.2315,0.2316,6612856.3
2026-02-22 12:00:00+00:00,0.2316,0.2316,0.2267,0.2287,11128646.6
2026-02-22 16:00:00+00:00,0.2287,0.2296,0.2265,0.2276,7163372.0
2026-02-22 20:00:00+00:00,0.2276,0.2331,0.2268,0.232,6799406.3
2026-02-23 00:00:00+00:00,0.232,0.2323,0.2185,0.2231,28915038.4
2026-02-23 04:00:00+00:00,0.2231,0.2284,0.2208,0.2274,8429741.7
2026-02-23 08:00:00+00:00,0.2274,0.2302,0.226,0.2285,9875795.6
2026-02-23 12:00:00+00:00,0.2285,0.2314,0.2231,0.2234,11604259.6
2026-02-23 16:00:00+00:00,0.2234,0.2243,0.2184,0.2201,17878560.9
2026-02-23 20:00:00+00:00,0.2201,0.2232,0.2187,0.2218,7048038.3
2026-02-24 00:00:00+00:00,0.2218,0.2244,0.2178,0.2192,17633883.9
2026-02-24 04:00:00+00:00,0.2192,0.2209,0.2163,0.2168,17412802.5
2026-02-24 08:00:00+00:00,0.2168,0.2189,0.2156,0.2178,11696673.5
2026-02-24 12:00:00+00:00,0.2178,0.2236,0.2162,0.2223,18630157.9
2026-02-24 16:00:00+00:00,0.2223,0.2269,0.2222,0.2237,11442334.6
2026-02-24 20:00:00+00:00,0.2237,0.2253,0.2223,0.2244,5631806.7
2026-02-25 00:00:00+00:00,0.2244,0.2367,0.2241,0.2332,17235737.5
2026-02-25 04:00:00+00:00,0.2332,0.2345,0.2316,0.2336,7027473.4
2026-02-25 08:00:00+00:00,0.2336,0.243,0.2327,0.2426,15514789.3
2026-02-25 12:00:00+00:00,0.2426,0.2519,0.2426,0.2517,21625229.9
2026-02-25 16:00:00+00:00,0.2517,0.2622,0.2517,0.2621,14810958.5
2026-02-25 20:00:00+00:00,0.2621,0.2648,0.2502,0.2536,19777324.8
2026-02-26 00:00:00+00:00,0.2536,0.2555,0.2504,0.2506,11934300.6
2026-02-26 04:00:00+00:00,0.2506,0.254,0.2488,0.2521,8293478.0
2026-02-26 08:00:00+00:00,0.2521,0.2571,0.251,0.2532,11091329.1
2026-02-26 12:00:00+00:00,0.2532,0.2569,0.2516,0.2524,16487630.8
2026-02-26 16:00:00+00:00,0.2524,0.2525,0.2447,0.2497,18568458.1
2026-02-26 20:00:00+00:00,0.2497,0.2513,0.2472,0.2498,7304487.2
2026-02-27 00:00:00+00:00,0.2498,0.2539,0.2479,0.2534,5229656.0
2026-02-27 04:00:00+00:00,0.2534,0.2571,0.2513,0.2529,8997530.1
2026-02-27 08:00:00+00:00,0.2529,0.255,0.2459,0.2468,9807433.4
2026-02-27 12:00:00+00:00,0.2468,0.2488,0.2447,0.2455,11962078.9
2026-02-27 16:00:00+00:00,0.2455,0.2456,0.2392,0.2409,10160267.6
2026-02-27 20:00:00+00:00,0.2409,0.2425,0.2376,0.2417,5036027.1
2026-02-28 00:00:00+00:00,0.2417,0.2441,0.2386,0.2387,5081723.8
2026-02-28 04:00:00+00:00,0.2387,0.2403,0.2283,0.2322,18284416.6
2026-02-28 08:00:00+00:00,0.2322,0.2322,0.2271,0.2295,13081780.5
2026-02-28 12:00:00+00:00,0.2295,0.2376,0.2294,0.234,15135222.8
2026-02-28 16:00:00+00:00,0.234,0.2439,0.2321,0.243,12762948.4
2026-02-28 20:00:00+00:00,0.243,0.2555,0.2421,0.2509,26298001.3
2026-03-01 00:00:00+00:00,0.2509,0.2583,0.2459,0.2517,15794138.2
2026-03-01 04:00:00+00:00,0.2517,0.2531,0.2488,0.2509,7174548.6
2026-03-01 08:00:00+00:00,0.2509,0.2513,0.2444,0.2467,8425134.7
2026-03-01 12:00:00+00:00,0.2467,0.2497,0.2427,0.247,10362773.9
2026-03-01 16:00:00+00:00,0.247,0.2486,0.24,0.2407,13507274.7
2026-03-01 20:00:00+00:00,0.2407,0.2436,0.2357,0.2418,14510299.3
2026-03-02 00:00:00+00:00,0.2418,0.2459,0.2406,0.2441,8887098.4
2026-03-02 04:00:00+00:00,0.2441,0.2445,0.2378,0.2405,7874977.6
2026-03-02 08:00:00+00:00,0.2405,0.2438,0.2388,0.2418,11268180.7
2026-03-02 12:00:00+00:00,0.2418,0.2603,0.2388,0.2588,25182656.3
2026-03-02 16:00:00+00:00,0.2588,0.2619,0.252,0.255,30756309.5
2026-03-02 20:00:00+00:00,0.255,0.2556,0.2483,0.2494,14599977.4
2026-03-03 00:00:00+00:00,0.2494,0.2516,0.2471,0.2507,14320676.9
2026-03-03 04:00:00+00:00,0.2507,0.252,0.2471,0.2494,12175064.0
2026-03-03 08:00:00+00:00,0.2494,0.2495,0.2433,0.2445,15288728.3
2026-03-03 12:00:00+00:00,0.2445,0.2508,0.2428,0.2502,22295905.3
2026-03-03 16:00:00+00:00,0.2502,0.257,0.249,0.2535,30822285.4
2026-03-03 20:00:00+00:00,0.2535,0.2541,0.2485,0.2516,11903741.0
2026-03-04 00:00:00+00:00,0.2516,0.2546,0.2497,0.2527,8712392.7
2026-03-04 04:00:00+00:00,0.2527,0.2573,0.2503,0.255,8094296.2
2026-03-04 08:00:00+00:00,0.255,0.2638,0.2548,0.2579,16562035.7
2026-03-04 12:00:00+00:00,0.2579,0.2675,0.2534,0.2671,18662702.3
2026-03-04 16:00:00+00:00,0.2671,0.2675,0.2592,0.2642,16952392.3
2026-03-04 20:00:00+00:00,0.2642,0.2649,0.2523,0.2549,13312171.7
2026-03-05 00:00:00+00:00,0.2549,0.2557,0.2521,0.254,6534968.0
2026-03-05 04:00:00+00:00,0.254,0.2557,0.2513,0.2524,7694154.3
2026-03-05 08:00:00+00:00,0.2524,0.2579,0.2515,0.2541,7700875.0
2026-03-05 12:00:00+00:00,0.2541,0.2581,0.2519,0.2545,13056149.4
2026-03-05 16:00:00+00:00,0.2545,0.2545,0.2482,0.2512,14294517.2
2026-03-05 20:00:00+00:00,0.2512,0.2541,0.2497,0.2501,5935575.0
2026-03-06 00:00:00+00:00,0.2501,0.2544,0.2495,0.2542,7345951.6
2026-03-06 04:00:00+00:00,0.2542,0.2548,0.2515,0.254,5131961.4
2026-03-06 08:00:00+00:00,0.254,0.2543,0.2501,0.2503,7245730.0
2026-03-06 12:00:00+00:00,0.2503,0.2503,0.2418,0.243,18994937.2
2026-03-06 16:00:00+00:00,0.243,0.245,0.24,0.2439,6621351.0
2026-03-06 20:00:00+00:00,0.2439,0.2444,0.2423,0.2435,2938778.3
2026-03-07 00:00:00+00:00,0.2435,0.2444,0.241,0.242,3391270.3
2026-03-07 04:00:00+00:00,0.242,0.242,0.2386,0.2404,11414973.0
2026-03-07 08:00:00+00:00,0.2404,0.2416,0.2392,0.2401,2901031.7
2026-03-07 12:00:00+00:00,0.2401,0.2403,0.2344,0.2357,8151759.8
2026-03-07 16:00:00+00:00,0.2357,0.236,0.2313,0.2323,8414418.1
2026-03-07 20:00:00+00:00,0.2323,0.2343,0.2315,0.2341,5218870.3
2026-03-08 00:00:00+00:00,0.2341,0.2355,0.2303,0.2308,5145878.5
2026-03-08 04:00:00+00:00,0.2308,0.2331,0.2298,0.2329,5756018.1
2026-03-08 08:00:00+00:00,0.2329,0.2381,0.2319,0.2364,9646313.2
2026-03-08 12:00:00+00:00,0.2364,0.2376,0.2319,0.2329,11854633.4
2026-03-08 16:00:00+00:00,0.2329,0.2395,0.2321,0.2383,11108935.8
2026-03-08 20:00:00+00:00,0.2383,0.2391,0.2299,0.2324,18100654.2
2026-03-09 00:00:00+00:00,0.2324,0.2381,0.2305,0.2355,16351160.3
2026-03-09 04:00:00+00:00,0.2355,0.2396,0.2335,0.2359,8826527.9
2026-03-09 08:00:00+00:00,0.2359,0.2395,0.2357,0.2377,11750659.7
2026-03-09 12:00:00+00:00,0.2377,0.2473,0.2377,0.2404,24909336.1
2026-03-09 16:00:00+00:00,0.2404,0.2489,0.2393,0.2443,14393917.9
2026-03-09 20:00:00+00:00,0.2443,0.2482,0.2411,0.2418,7966976.4
2026-03-10 00:00:00+00:00,0.2418,0.2513,0.2416,0.2497,9543486.1
2026-03-10 04:00:00+00:00,0.2497,0.2517,0.2477,0.2485,7493620.4
2026-03-10 08:00:00+00:00,0.2485,0.2549,0.248,0.2512,18334708.5
2026-03-10 12:00:00+00:00,0.2512,0.2536,0.246,0.2516,20682988.3
2026-03-10 16:00:00+00:00,0.2516,0.2518,0.2397,0.241,20365458.0
2026-03-10 20:00:00+00:00,0.241,0.2436,0.2409,0.2413,6030484.8
2026-03-11 00:00:00+00:00,0.2413,0.2414,0.2373,0.2378,10022484.5
2026-03-11 04:00:00+00:00,0.2378,0.2392,0.2356,0.2368,6306927.7
2026-03-11 08:00:00+00:00,0.2368,0.2379,0.2351,0.2375,5726446.8
2026-03-11 12:00:00+00:00,0.2375,0.2446,0.2371,0.24,16578218.7
2026-03-11 16:00:00+00:00,0.24,0.2404,0.2343,0.2355,14555646.9
2026-03-11 20:00:00+00:00,0.2355,0.236,0.2322,0.233,10284385.8
2026-03-12 00:00:00+00:00,0.233,0.2351,0.2302,0.2309,8139260.2
2026-03-12 04:00:00+00:00,0.2309,0.2337,0.2294,0.2332,8095415.9
2026-03-12 08:00:00+00:00,0.2332,0.2354,0.2316,0.2336,9261983.8
2026-03-12 12:00:00+00:00,0.2336,0.2349,0.2285,0.2338,19413972.7
2026-03-12 16:00:00+00:00,0.2338,0.2375,0.2317,0.2349,12905384.3
2026-03-12 20:00:00+00:00,0.2349,0.2364,0.2321,0.2348,6707935.7
2026-03-13 00:00:00+00:00,0.2348,0.247,0.2348,0.2463,22573068.4
2026-03-13 04:00:00+00:00,0.2463,0.2466,0.2407,0.2418,10459474.6
2026-03-13 08:00:00+00:00,0.2418,0.2457,0.2412,0.2435,7590914.7
2026-03-13 12:00:00+00:00,0.2435,0.2495,0.2397,0.2403,17209169.5
2026-03-13 16:00:00+00:00,0.2403,0.2413,0.2373,0.2383,10418893.6
2026-03-13 20:00:00+00:00,0.2383,0.2399,0.2333,0.2351,6536170.5
2026-03-14 00:00:00+00:00,0.2351,0.2355,0.2293,0.2327,10212641.1
2026-03-14 04:00:00+00:00,0.2327,0.2329,0.2254,0.2257,13379018.3
2026-03-14 08:00:00+00:00,0.2257,0.228,0.2247,0.2275,7752251.0
2026-03-14 12:00:00+00:00,0.2275,0.2279,0.2252,0.2265,7549346.7
2026-03-14 16:00:00+00:00,0.2265,0.2294,0.2261,0.2285,10272686.7
2026-03-14 20:00:00+00:00,0.2285,0.2344,0.2278,0.2341,6712643.5
2026-03-15 00:00:00+00:00,0.2341,0.2388,0.2315,0.2346,13244750.6
2026-03-15 04:00:00+00:00,0.2346,0.2356,0.2327,0.2342,5041676.0
2026-03-15 08:00:00+00:00,0.2342,0.2381,0.2342,0.2372,6788634.5
2026-03-15 12:00:00+00:00,0.2372,0.2381,0.2337,0.2358,7371995.6
2026-03-15 16:00:00+00:00,0.2358,0.248,0.2358,0.2415,23194147.9
2026-03-15 20:00:00+00:00,0.2415,0.2467,0.2401,0.2433,14178614.0
2026-03-16 00:00:00+00:00,0.2433,0.2467,0.2407,0.2446,15813246.3
2026-03-16 04:00:00+00:00,0.2446,0.2506,0.2436,0.2474,26754163.7
2026-03-16 08:00:00+00:00,0.2474,0.248,0.2438,0.2466,11174779.5
2026-03-16 12:00:00+00:00,0.2466,0.2515,0.2457,0.2475,21547432.0
2026-03-16 16:00:00+00:00,0.2475,0.2529,0.247,0.2511,15805535.9
2026-03-16 20:00:00+00:00,0.2511,0.2578,0.2495,0.2545,15130947.8
2026-03-17 00:00:00+00:00,0.2545,0.26,0.252,0.2541,14639245.0
2026-03-17 04:00:00+00:00,0.2541,0.2569,0.2496,0.2553,10621132.6
2026-03-17 08:00:00+00:00,0.2553,0.2568,0.2518,0.2544,7367537.8
2026-03-17 12:00:00+00:00,0.2544,0.2548,0.2492,0.2518,10758148.5
2026-03-17 16:00:00+00:00,0.2518,0.2557,0.2511,0.2513,8580395.2
2026-03-17 20:00:00+00:00,0.2513,0.2538,0.2493,0.2501,7277357.8
2026-03-18 00:00:00+00:00,0.2501,0.2536,0.2479,0.2522,8262677.2
2026-03-18 04:00:00+00:00,0.2522,0.2546,0.2504,0.2519,10378246.6
2026-03-18 08:00:00+00:00,0.2519,0.2539,0.2445,0.246,14774912.4
2026-03-18 12:00:00+00:00,0.246,0.246,0.2384,0.2398,15647990.3
2026-03-18 16:00:00+00:00,0.2398,0.2422,0.2374,0.2394,16024980.5
2026-03-18 20:00:00+00:00,0.2394,0.2409,0.2369,0.2395,8949453.5
2026-03-19 00:00:00+00:00,0.2395,0.2437,0.2382,0.2411,6574160.6
2026-03-19 04:00:00+00:00,0.2411,0.2419,0.2359,0.2381,13462567.0
2026-03-19 08:00:00+00:00,0.2381,0.2395,0.2365,0.2373,7280143.3
2026-03-19 12:00:00+00:00,0.2373,0.2374,0.2303,0.2335,16208461.5
2026-03-19 16:00:00+00:00,0.2335,0.2367,0.2293,0.2345,11677967.7
2026-03-19 20:00:00+00:00,0.2345,0.2398,0.2339,0.2364,9476311.1
2026-03-20 00:00:00+00:00,0.2364,0.2405,0.2361,0.2404,7866972.2
2026-03-20 04:00:00+00:00,0.2404,0.2409,0.2352,0.2367,7970718.4
2026-03-20 08:00:00+00:00,0.2367,0.2386,0.2343,0.2351,10652344.2
2026-03-20 12:00:00+00:00,0.2351,0.2366,0.2328,0.2347,19245973.0
2026-03-20 16:00:00+00:00,0.2347,0.2353,0.2303,0.2336,13439547.2
2026-03-20 20:00:00+00:00,0.2336,0.2374,0.2323,0.2352,9746061.6
2026-03-21 00:00:00+00:00,0.2352,0.2366,0.235,0.2353,2568104.1
2026-03-21 04:00:00+00:00,0.2353,0.2358,0.233,0.2332,2666118.8
2026-03-21 08:00:00+00:00,0.2332,0.2342,0.2323,0.2331,2478914.0
2026-03-21 12:00:00+00:00,0.2331,0.2364,0.2331,0.2357,3693763.1
2026-03-21 16:00:00+00:00,0.2357,0.2358,0.2338,0.2343,3043732.1
2026-03-21 20:00:00+00:00,0.2343,0.2354,0.2254,0.2272,16191448.7
2026-03-22 00:00:00+00:00,0.2272,0.2303,0.2233,0.2281,17622255.4
2026-03-22 04:00:00+00:00,0.2281,0.2293,0.2248,0.2248,8912099.0
2026-03-22 08:00:00+00:00,0.2248,0.2249,0.2193,0.2198,18146247.6
2026-03-22 12:00:00+00:00,0.2198,0.2204,0.2172,0.2187,18164555.8
2026-03-22 16:00:00+00:00,0.2187,0.2193,0.2146,0.2173,12526064.3
2026-03-22 20:00:00+00:00,0.2173,0.2187,0.2133,0.2164,16143380.1
2026-03-23 00:00:00+00:00,0.2164,0.2202,0.216,0.2174,9617722.4
2026-03-23 04:00:00+00:00,0.2174,0.2195,0.2115,0.2151,15037717.7
2026-03-23 08:00:00+00:00,0.2151,0.2294,0.2141,0.2212,45134784.7
2026-03-23 12:00:00+00:00,0.2212,0.2252,0.2168,0.2176,19180291.7
2026-03-23 16:00:00+00:00,0.2176,0.2222,0.2157,0.2186,18481995.0
2026-03-23 20:00:00+00:00,0.2186,0.2215,0.2169,0.2192,17753457.4
2026-03-24 00:00:00+00:00,0.2192,0.2208,0.2164,0.2203,13040311.9
2026-03-24 04:00:00+00:00,0.2203,0.2254,0.2188,0.2245,20646627.1
2026-03-24 08:00:00+00:00,0.2245,0.2276,0.2239,0.2247,14714878.0
2026-03-24 12:00:00+00:00,0.2247,0.2273,0.221,0.2244,22913434.7
2026-03-24 16:00:00+00:00,0.2244,0.2254,0.2186,0.2197,13049345.5
2026-03-24 20:00:00+00:00,0.2197,0.2266,0.2193,0.2261,12985230.4
2026-03-25 00:00:00+00:00,0.2261,0.2321,0.2261,0.2317,11511800.4
2026-03-25 04:00:00+00:00,0.2317,0.2379,0.2316,0.2346,26436347.7
2026-03-25 08:00:00+00:00,0.2346,0.2363,0.2311,0.2346,14148686.9
2026-03-25 12:00:00+00:00,0.2346,0.2367,0.2314,0.2324,21852446.2
2026-03-25 16:00:00+00:00,0.2324,0.241,0.232,0.2346,26382727.6
2026-03-25 20:00:00+00:00,0.2346,0.2365,0.2318,0.2345,11255280.5
2026-03-26 00:00:00+00:00,0.2345,0.2349,0.2279,0.2302,15248056.8
2026-03-26 04:00:00+00:00,0.2302,0.2303,0.2237,0.2259,22707112.8
2026-03-26 08:00:00+00:00,0.2259,0.226,0.2204,0.2205,15432992.5
2026-03-26 12:00:00+00:00,0.2205,0.224,0.2194,0.221,15457876.9
2026-03-26 16:00:00+00:00,0.221,0.221,0.2167,0.2168,12266243.4
2026-03-26 20:00:00+00:00,0.2168,0.2213,0.2162,0.2204,16561456.0
2026-03-27 00:00:00+00:00,0.2204,0.2228,0.2199,0.222,7200755.5
2026-03-27 04:00:00+00:00,0.222,0.2309,0.2203,0.2293,18290312.9
2026-03-27 08:00:00+00:00,0.2293,0.2296,0.2152,0.2161,27756667.7
2026-03-27 12:00:00+00:00,0.2161,0.2172,0.2117,0.2141,17551422.6
2026-03-27 16:00:00+00:00,0.2141,0.2146,0.2109,0.2131,12890724.1
2026-03-27 20:00:00+00:00,0.2131,0.2135,0.2063,0.2075,12350395.6
2026-03-28 00:00:00+00:00,0.2075,0.2098,0.2068,0.2081,11731036.8
2026-03-28 04:00:00+00:00,0.2081,0.2112,0.2078,0.2111,8153495.9
2026-03-28 08:00:00+00:00,0.2111,0.2145,0.2101,0.2144,10791216.0
2026-03-28 12:00:00+00:00,0.2144,0.2184,0.2121,0.2175,18044515.3
2026-03-28 16:00:00+00:00,0.2175,0.2176,0.2138,0.2145,6615930.7
2026-03-28 20:00:00+00:00,0.2145,0.2152,0.2078,0.2091,10062964.9
2026-03-29 00:00:00+00:00,0.2091,0.2122,0.2074,0.212,8448312.6
2026-03-29 04:00:00+00:00,0.212,0.2131,0.2104,0.2115,10023257.8
2026-03-29 08:00:00+00:00,0.2115,0.2116,0.2091,0.2103,6725832.0
2026-03-29 12:00:00+00:00,0.2103,0.2104,0.2069,0.2074,12579266.3
2026-03-29 16:00:00+00:00,0.2074,0.2097,0.2066,0.2093,10268205.4
2026-03-29 20:00:00+00:00,0.2093,0.2115,0.2026,0.2078,20449205.3
2026-03-30 00:00:00+00:00,0.2078,0.2146,0.2074,0.2141,15063223.3
2026-03-30 04:00:00+00:00,0.2141,0.2173,0.214,0.2171,11985328.9
2026-03-30 08:00:00+00:00,0.2171,0.2222,0.2167,0.2202,17998659.7
2026-03-30 12:00:00+00:00,0.2202,0.2218,0.2149,0.2172,17947501.1
2026-03-30 16:00:00+00:00,0.2172,0.2173,0.2116,0.2142,13967020.4
2026-03-30 20:00:00+00:00,0.2142,0.2188,0.2137,0.2146,10706103.8
2026-03-31 00:00:00+00:00,0.2146,0.2198,0.2139,0.2181,12333335.1
2026-03-31 04:00:00+00:00,0.2181,0.2191,0.2138,0.214,10167237.7
2026-03-31 08:00:00+00:00,0.214,0.2142,0.2096,0.2114,19365641.4
2026-03-31 12:00:00+00:00,0.2114,0.2146,0.2093,0.2099,22184763.3
2026-03-31 16:00:00+00:00,0.2099,0.2196,0.2098,0.2184,18879518.3
2026-03-31 20:00:00+00:00,0.2184,0.2212,0.2171,0.2178,11741230.1
2026-04-01 00:00:00+00:00,0.2178,0.2182,0.2136,0.2175,12174508.2
2026-04-01 04:00:00+00:00,0.2175,0.2277,0.2175,0.2222,28018343.7
2026-04-01 08:00:00+00:00,0.2222,0.2236,0.2195,0.2204,10949708.8
2026-04-01 12:00:00+00:00,0.2204,0.2234,0.2198,0.2233,17346526.9
2026-04-01 16:00:00+00:00,0.2233,0.2244,0.22,0.2205,10210462.4
2026-04-01 20:00:00+00:00,0.2205,0.2205,0.2167,0.2175,13850357.0
2026-04-02 00:00:00+00:00,0.2175,0.2201,0.2086,0.2093,23563170.0
2026-04-02 04:00:00+00:00,0.2093,0.2112,0.2081,0.2104,13876443.8
2026-04-02 08:00:00+00:00,0.2104,0.2104,0.205,0.2065,13933930.6
2026-04-02 12:00:00+00:00,0.2065,0.2103,0.2023,0.2064,103339245.5
2026-04-02 16:00:00+00:00,0.2064,0.208,0.2045,0.2066,27207472.1
2026-04-02 20:00:00+00:00,0.2066,0.2092,0.2055,0.2083,9815795.1
2026-04-03 00:00:00+00:00,0.2083,0.2098,0.2072,0.2095,11495094.6
2026-04-03 04:00:00+00:00,0.2095,0.2136,0.2094,0.2131,13840789.4
2026-04-03 08:00:00+00:00,0.2131,0.2146,0.2118,0.2136,12361016.9
2026-04-03 12:00:00+00:00,0.2136,0.2153,0.2114,0.2126,14875668.5
2026-04-03 16:00:00+00:00,0.2126,0.2133,0.2105,0.2112,12075922.8
2026-04-03 20:00:00+00:00,0.2112,0.2116,0.2087,0.2091,5289988.6
2026-04-04 00:00:00+00:00,0.2091,0.2102,0.2081,0.2093,6122993.4
2026-04-04 04:00:00+00:00,0.2093,0.2121,0.208,0.2106,7267373.5
2026-04-04 08:00:00+00:00,0.2106,0.2122,0.2103,0.2117,6734030.8
2026-04-04 12:00:00+00:00,0.2117,0.2127,0.2092,0.2111,8983005.7
2026-04-04 16:00:00+00:00,0.2111,0.2157,0.2111,0.2135,14975602.9
2026-04-04 20:00:00+00:00,0.2135,0.2151,0.2128,0.2145,6703213.8
2026-04-05 00:00:00+00:00,0.2145,0.2147,0.2118,0.2127,4152650.1
2026-04-05 04:00:00+00:00,0.2127,0.2127,0.2079,0.2084,7853311.8
2026-04-05 08:00:00+00:00,0.2084,0.2099,0.2077,0.2085,5042496.0
2026-04-05 12:00:00+00:00,0.2085,0.2109,0.2052,0.2096,14577557.3
2026-04-05 16:00:00+00:00,0.2096,0.2106,0.2063,0.2073,10388911.5
2026-04-05 20:00:00+00:00,0.2073,0.2137,0.2056,0.2125,15979259.4
2026-04-06 00:00:00+00:00,0.2125,0.2178,0.2124,0.2159,12829021.9
2026-04-06 04:00:00+00:00,0.2159,0.2188,0.2157,0.218,10612771.7
2026-04-06 08:00:00+00:00,0.218,0.2206,0.2178,0.2183,12175240.4
2026-04-06 12:00:00+00:00,0.2183,0.2187,0.2138,0.2164,11605077.4
2026-04-06 16:00:00+00:00,0.2164,0.2166,0.2119,0.2126,10020624.5
2026-04-06 20:00:00+00:00,0.2126,0.2136,0.205,0.208,13942979.9
2026-04-07 00:00:00+00:00,0.208,0.21,0.2075,0.2091,10887772.7
2026-04-07 04:00:00+00:00,0.2091,0.2106,0.2073,0.2081,8644862.7
2026-04-07 08:00:00+00:00,0.2081,0.2104,0.2048,0.206,15207009.5
2026-04-07 12:00:00+00:00,0.206,0.2075,0.2011,0.2022,28748286.6
2026-04-07 16:00:00+00:00,0.2022,0.2093,0.202,0.2084,25973860.5
2026-04-07 20:00:00+00:00,0.2084,0.2263,0.2083,0.2242,44461994.0
2026-04-08 00:00:00+00:00,0.2242,0.2247,0.221,0.2228,9147762.5
2026-04-08 04:00:00+00:00,0.2228,0.2305,0.2227,0.2301,18588627.8
2026-04-08 08:00:00+00:00,0.2301,0.2314,0.2226,0.2249,20317880.5
2026-04-08 12:00:00+00:00,0.2249,0.2274,0.2203,0.2209,16596592.5
2026-04-08 16:00:00+00:00,0.2209,0.2226,0.2185,0.2191,9423010.3
2026-04-08 20:00:00+00:00,0.2191,0.2212,0.2166,0.2169,10105230.0
2026-04-09 00:00:00+00:00,0.2169,0.2169,0.2132,0.2152,9575001.7
2026-04-09 04:00:00+00:00,0.2152,0.2193,0.2124,0.2172,15802240.7
2026-04-09 08:00:00+00:00,0.2172,0.2191,0.2153,0.2156,13568122.5
2026-04-09 12:00:00+00:00,0.2156,0.2224,0.2141,0.221,19671780.4
2026-04-09 16:00:00+00:00,0.221,0.2247,0.2196,0.2233,25702372.3
2026-04-09 20:00:00+00:00,0.2233,0.2285,0.2193,0.2202,18122894.4
2026-04-10 00:00:00+00:00,0.2202,0.2225,0.2178,0.2202,13826888.9
2026-04-10 04:00:00+00:00,0.2202,0.2236,0.2192,0.2196,13199987.4
2026-04-10 08:00:00+00:00,0.2196,0.2231,0.2192,0.221,17191307.6
2026-04-10 12:00:00+00:00,0.221,0.2238,0.2188,0.221,23511990.3
2026-04-10 16:00:00+00:00,0.221,0.2239,0.221,0.2231,10126967.2
2026-04-10 20:00:00+00:00,0.2231,0.224,0.2155,0.2174,19384200.9
2026-04-11 00:00:00+00:00,0.2174,0.2196,0.2153,0.2183,8903918.0
2026-04-11 04:00:00+00:00,0.2183,0.2196,0.2168,0.2183,6866786.4
2026-04-11 08:00:00+00:00,0.2183,0.2213,0.218,0.2192,6106879.4
2026-04-11 12:00:00+00:00,0.2192,0.2194,0.2168,0.2185,7348584.3
2026-04-11 16:00:00+00:00,0.2185,0.2237,0.2182,0.2234,11311758.1
2026-04-11 20:00:00+00:00,0.2234,0.2235,0.2185,0.2191,10028940.2
2026-04-12 00:00:00+00:00,0.2191,0.2196,0.2107,0.2122,19530638.7
2026-04-12 04:00:00+00:00,0.2122,0.2135,0.2115,0.213,7470405.7
2026-04-12 08:00:00+00:00,0.213,0.2134,0.2099,0.2113,9425031.2
2026-04-12 12:00:00+00:00,0.2113,0.2125,0.208,0.2093,18326187.4
2026-04-12 16:00:00+00:00,0.2093,0.2129,0.2091,0.2109,10778135.5
2026-04-12 20:00:00+00:00,0.2109,0.213,0.2082,0.2088,8269791.3
2026-04-13 00:00:00+00:00,0.2088,0.2115,0.2087,0.21,13016075.7
2026-04-13 04:00:00+00:00,0.21,0.2111,0.2078,0.2079,8246653.0
2026-04-13 08:00:00+00:00,0.2079,0.21,0.2077,0.2092,13859848.8
2026-04-13 12:00:00+00:00,0.2092,0.2126,0.2085,0.2102,23420887.4
2026-04-13 16:00:00+00:00,0.2102,0.2155,0.209,0.2154,21127148.5
2026-04-13 20:00:00+00:00,0.2154,0.2216,0.2125,0.2207,22944040.8
2026-04-14 00:00:00+00:00,0.2207,0.2214,0.2172,0.2177,9239313.8
2026-04-14 04:00:00+00:00,0.2177,0.2187,0.2154,0.2173,6223998.2
2026-04-14 08:00:00+00:00,0.2173,0.2187,0.2172,0.2183,5574506.2
2026-04-14 12:00:00+00:00,0.2183,0.2228,0.2149,0.2172,20340484.8
2026-04-14 16:00:00+00:00,0.2172,0.218,0.2105,0.2124,15890164.8
2026-04-14 20:00:00+00:00,0.2124,0.2165,0.2117,0.2163,14443436.1
2026-04-15 00:00:00+00:00,0.2163,0.2178,0.2162,0.2175,10493169.9
2026-04-15 04:00:00+00:00,0.2175,0.2186,0.2148,0.2151,13433960.8
2026-04-15 08:00:00+00:00,0.2151,0.222,0.215,0.2217,15992497.0
2026-04-15 12:00:00+00:00,0.2217,0.2245,0.2195,0.2204,22852147.7
2026-04-15 16:00:00+00:00,0.2204,0.2277,0.2201,0.2253,23209414.8
2026-04-15 20:00:00+00:00,0.2253,0.2254,0.2212,0.2226,20463634.2
2026-04-16 00:00:00+00:00,0.2226,0.225,0.2225,0.2242,11319222.6
2026-04-16 04:00:00+00:00,0.2242,0.2258,0.2228,0.224,12471410.9
2026-04-16 08:00:00+00:00,0.224,0.225,0.2212,0.2243,10828238.2
2026-04-16 12:00:00+00:00,0.2243,0.2319,0.222,0.2314,49328310.3
2026-04-16 16:00:00+00:00,0.2314,0.2354,0.2258,0.2345,39809261.5
2026-04-16 20:00:00+00:00,0.2345,0.2352,0.2298,0.2332,18889860.5
2026-04-17 00:00:00+00:00,0.2332,0.2346,0.2305,0.2314,17259509.8
2026-04-17 04:00:00+00:00,0.2314,0.2319,0.2277,0.2318,17642427.9
2026-04-17 08:00:00+00:00,0.2318,0.2349,0.2292,0.2346,21750484.2
2026-04-17 12:00:00+00:00,0.2346,0.2429,0.2333,0.2385,42137476.8
2026-04-17 16:00:00+00:00,0.2385,0.243,0.2385,0.2409,24961766.7
2026-04-17 20:00:00+00:00,0.2409,0.2454,0.2373,0.239,19133744.8
2026-04-18 00:00:00+00:00,0.239,0.2412,0.2377,0.2378,10975838.5
2026-04-18 04:00:00+00:00,0.2378,0.2428,0.2375,0.2412,16618064.0
2026-04-18 08:00:00+00:00,0.2412,0.2439,0.2276,0.2313,26177645.0
2026-04-18 12:00:00+00:00,0.2313,0.2328,0.2287,0.2321,12626328.8
2026-04-18 16:00:00+00:00,0.2321,0.2348,0.2289,0.2312,19603243.4
2026-04-18 20:00:00+00:00,0.2312,0.2317,0.2286,0.2288,14215217.4
2026-04-19 00:00:00+00:00,0.2288,0.2289,0.2232,0.2258,15873769.3
2026-04-19 04:00:00+00:00,0.2258,0.2271,0.2247,0.2263,13208727.3
2026-04-19 08:00:00+00:00,0.2263,0.2328,0.224,0.2292,19568424.8
2026-04-19 12:00:00+00:00,0.2292,0.235,0.2276,0.2306,23210848.0
2026-04-19 16:00:00+00:00,0.2306,0.2307,0.2222,0.2258,15940548.6
2026-04-19 20:00:00+00:00,0.2258,0.2263,0.2196,0.222,14672783.1
2026-04-20 00:00:00+00:00,0.222,0.2255,0.2217,0.2252,9605606.4
2026-04-20 04:00:00+00:00,0.2252,0.2308,0.2227,0.2277,11173012.6
2026-04-20 08:00:00+00:00,0.2277,0.2304,0.2269,0.2272,9550199.5
2026-04-20 12:00:00+00:00,0.2272,0.2296,0.2245,0.228,15617436.8
2026-04-20 16:00:00+00:00,0.228,0.2338,0.2271,0.2324,15763272.8
2026-04-20 20:00:00+00:00,0.2324,0.2354,0.23,0.2312,13304052.3
2026-04-21 00:00:00+00:00,0.2312,0.2337,0.2291,0.2316,6777058.2
2026-04-21 04:00:00+00:00,0.2316,0.2351,0.2304,0.2336,8677055.1
2026-04-21 08:00:00+00:00,0.2336,0.2367,0.233,0.2337,11337737.9
2026-04-21 12:00:00+00:00,0.2337,0.234,0.2285,0.2307,16470898.3
2026-04-21 16:00:00+00:00,0.2307,0.232,0.2245,0.2252,20432273.3
2026-04-21 20:00:00+00:00,0.2252,0.231,0.2251,0.2302,9690445.4
2026-04-22 00:00:00+00:00,0.2302,0.235,0.2295,0.2325,9662538.5
2026-04-22 04:00:00+00:00,0.2325,0.2389,0.2325,0.237,26709126.4
2026-04-22 08:00:00+00:00,0.237,0.2389,0.2355,0.2365,8340717.8
2026-04-22 12:00:00+00:00,0.2365,0.2381,0.2345,0.2366,23007910.1
2026-04-22 16:00:00+00:00,0.2366,0.2369,0.2303,0.2322,12292673.0
2026-04-22 20:00:00+00:00,0.2322,0.2324,0.2266,0.227,21892106.5
2026-04-23 00:00:00+00:00,0.227,0.2285,0.2215,0.2223,25125583.9
2026-04-23 04:00:00+00:00,0.2223,0.2247,0.222,0.2237,14791826.2
2026-04-23 08:00:00+00:00,0.2237,0.2244,0.2203,0.2221,21788865.8
2026-04-23 12:00:00+00:00,0.2221,0.2266,0.2216,0.2243,22229551.8
2026-04-23 16:00:00+00:00,0.2243,0.2245,0.2167,0.22,33422935.9
2026-04-23 20:00:00+00:00,0.22,0.2226,0.2194,0.222,13198972.0
2026-04-24 00:00:00+00:00,0.222,0.2239,0.2206,0.2218,11445119.8
2026-04-24 04:00:00+00:00,0.2218,0.2256,0.2209,0.2256,15769668.8
2026-04-24 08:00:00+00:00,0.2256,0.2261,0.2234,0.2244,13083029.2
2026-04-24 12:00:00+00:00,0.2244,0.2254,0.2212,0.2254,14823558.6
2026-04-24 16:00:00+00:00,0.2254,0.2265,0.2227,0.2263,15201980.4
2026-04-24 20:00:00+00:00,0.2263,0.2279,0.2235,0.2245,11899474.2
2026-04-25 00:00:00+00:00,0.2245,0.2293,0.2241,0.227,23001798.8
2026-04-25 04:00:00+00:00,0.227,0.2295,0.225,0.2278,19877346.6
2026-04-25 08:00:00+00:00,0.2278,0.2315,0.2269,0.2274,12335742.1
2026-04-25 12:00:00+00:00,0.2274,0.2275,0.2236,0.2245,12378922.0
2026-04-25 16:00:00+00:00,0.2245,0.2253,0.2221,0.2228,8325870.6
2026-04-25 20:00:00+00:00,0.2228,0.2254,0.2225,0.2254,4681624.4
2026-04-26 00:00:00+00:00,0.2254,0.2257,0.2237,0.2246,10046544.2
2026-04-26 04:00:00+00:00,0.2246,0.2273,0.2239,0.2264,7079704.7
2026-04-26 08:00:00+00:00,0.2264,0.2285,0.2261,0.2281,6036503.3
2026-04-26 12:00:00+00:00,0.2281,0.2283,0.2256,0.2272,9668118.2
2026-04-26 16:00:00+00:00,0.2272,0.2316,0.2263,0.2313,9705295.3
2026-04-26 20:00:00+00:00,0.2313,0.2318,0.2278,0.2297,10729086.4
2026-04-27 00:00:00+00:00,0.2297,0.2359,0.2283,0.2334,12419561.5
2026-04-27 04:00:00+00:00,0.2334,0.2338,0.2233,0.2237,15905590.4
2026-04-27 08:00:00+00:00,0.2237,0.2272,0.2233,0.2267,8796863.6
2026-04-27 12:00:00+00:00,0.2267,0.2308,0.2229,0.2242,18891222.5
2026-04-27 16:00:00+00:00,0.2242,0.2266,0.2231,0.2252,8128454.8
2026-04-27 20:00:00+00:00,0.2252,0.2326,0.2252,0.2322,10763209.3
2026-04-28 00:00:00+00:00,0.2322,0.2332,0.2295,0.2301,13717396.9
2026-04-28 04:00:00+00:00,0.2301,0.2316,0.2257,0.2272,9100296.3
2026-04-28 08:00:00+00:00,0.2272,0.2289,0.2247,0.2253,9053913.2
2026-04-28 12:00:00+00:00,0.2253,0.2295,0.2241,0.2287,17026759.2
2026-04-28 16:00:00+00:00,0.2287,0.2301,0.2269,0.2282,8380387.0
2026-04-28 20:00:00+00:00,0.2282,0.2288,0.2259,0.2274,4846842.4
2026-04-29 00:00:00+00:00,0.2274,0.2333,0.2263,0.2325,6395317.4
2026-04-29 04:00:00+00:00,0.2325,0.234,0.231,0.2328,15571209.4
2026-04-29 08:00:00+00:00,0.2328,0.2354,0.2301,0.233,11176112.3
2026-04-29 12:00:00+00:00,0.233,0.2332,0.2239,0.2247,21918072.2
2026-04-29 16:00:00+00:00,0.2247,0.2267,0.2182,0.2223,21277193.9
2026-04-29 20:00:00+00:00,0.2223,0.2313,0.2217,0.2303,19578853.8
2026-04-30 00:00:00+00:00,0.2303,0.2324,0.227,0.2291,9693663.5
2026-04-30 04:00:00+00:00,0.2291,0.2321,0.2267,0.2316,3265796.2
2026-04-30 08:00:00+00:00,0.2316,0.2354,0.2313,0.2351,6928472.2
2026-04-30 12:00:00+00:00,0.2351,0.239,0.233,0.2349,12118679.8
2026-04-30 16:00:00+00:00,0.2349,0.2362,0.2331,0.2344,5432612.6
2026-04-30 20:00:00+00:00,0.2344,0.2361,0.2313,0.2353,12994524.5
2026-05-01 00:00:00+00:00,0.2353,0.2382,0.2339,0.2363,11137155.7
2026-05-01 04:00:00+00:00,0.2363,0.2378,0.2333,0.2338,6229930.1
2026-05-01 08:00:00+00:00,0.2338,0.2364,0.2335,0.2358,6479835.2
2026-05-01 12:00:00+00:00,0.2358,0.2396,0.235,0.2366,8192783.3
2026-05-01 16:00:00+00:00,0.2366,0.237,0.2325,0.2333,3686095.9
2026-05-01 20:00:00+00:00,0.2333,0.2334,0.2293,0.2304,8754935.7
2026-05-02 00:00:00+00:00,0.2304,0.2322,0.2302,0.2309,3183000.0
2026-05-02 04:00:00+00:00,0.2309,0.2309,0.229,0.2301,2704304.6
2026-05-02 08:00:00+00:00,0.2301,0.2308,0.2296,0.2302,2481122.1
2026-05-02 12:00:00+00:00,0.2302,0.233,0.23,0.2326,3298286.2
2026-05-02 16:00:00+00:00,0.2326,0.2357,0.2325,0.2356,5780044.9
2026-05-02 20:00:00+00:00,0.2356,0.2393,0.2352,0.2369,5303183.8
2026-05-03 00:00:00+00:00,0.2369,0.2373,0.233,0.2342,4732120.5
2026-05-03 04:00:00+00:00,0.2342,0.2354,0.2324,0.2346,3132358.7
2026-05-03 08:00:00+00:00,0.2346,0.2368,0.2334,0.2355,2933505.2
2026-05-03 12:00:00+00:00,0.2355,0.2366,0.2336,0.2339,3602144.1
2026-05-03 16:00:00+00:00,0.2339,0.2359,0.2333,0.2346,2979562.9
2026-05-03 20:00:00+00:00,0.2346,0.2373,0.2332,0.2333,5775587.6
2026-05-04 00:00:00+00:00,0.2333,0.2405,0.2315,0.2395,8072401.5
2026-05-04 04:00:00+00:00,0.2395,0.244,0.2393,0.2411,9096988.2
2026-05-04 08:00:00+00:00,0.2411,0.2419,0.2337,0.237,19233011.2
2026-05-04 12:00:00+00:00,0.237,0.24,0.2335,0.2358,16626140.1
2026-05-04 16:00:00+00:00,0.2358,0.2398,0.2343,0.2375,9447132.9
2026-05-04 20:00:00+00:00,0.2375,0.239,0.2352,0.2362,3020400.4
2026-05-05 00:00:00+00:00,0.2362,0.2407,0.2357,0.2395,4799774.6
2026-05-05 04:00:00+00:00,0.2395,0.2413,0.2382,0.2402,4530651.3
2026-05-05 08:00:00+00:00,0.2402,0.241,0.2381,0.2397,2946251.5
2026-05-05 12:00:00+00:00,0.2397,0.2426,0.2384,0.2399,5830714.8
2026-05-05 16:00:00+00:00,0.2399,0.2409,0.2374,0.2386,3909822.6
2026-05-05 20:00:00+00:00,0.2386,0.2421,0.2381,0.2404,8283076.5
2026-05-06 00:00:00+00:00,0.2404,0.2457,0.2388,0.2453,4723299.4
2026-05-06 04:00:00+00:00,0.2453,0.2469,0.2424,0.2448,7456985.9
2026-05-06 08:00:00+00:00,0.2448,0.252,0.2445,0.2512,10507435.4
2026-05-06 12:00:00+00:00,0.2512,0.2517,0.2433,0.2473,8634018.3
2026-05-06 16:00:00+00:00,0.2473,0.2487,0.2426,0.2463,7291680.9
2026-05-06 20:00:00+00:00,0.2463,0.252,0.2461,0.2493,12926991.6
2026-05-07 00:00:00+00:00,0.2493,0.2498,0.2413,0.2416,8455088.8
2026-05-07 04:00:00+00:00,0.2416,0.2478,0.2414,0.2469,5887176.0
2026-05-07 08:00:00+00:00,0.2469,0.2475,0.2433,0.2455,4287856.4
2026-05-07 12:00:00+00:00,0.2455,0.2481,0.2368,0.2386,12889218.3
2026-05-07 16:00:00+00:00,0.2386,0.2425,0.2376,0.2407,7512618.3
2026-05-07 20:00:00+00:00,0.2407,0.2427,0.2383,0.2408,4860703.8
2026-05-08 00:00:00+00:00,0.2408,0.2419,0.2377,0.2408,3686472.6
2026-05-08 04:00:00+00:00,0.2408,0.244,0.2403,0.2438,4496638.3
2026-05-08 08:00:00+00:00,0.2438,0.2478,0.2425,0.246,5977100.4
2026-05-08 12:00:00+00:00,0.246,0.2544,0.2442,0.2542,8651949.2
2026-05-08 16:00:00+00:00,0.2542,0.2579,0.2526,0.2559,14907045.1
2026-05-08 20:00:00+00:00,0.2559,0.2607,0.2545,0.2566,7286060.8
2026-05-09 00:00:00+00:00,0.2566,0.2587,0.2549,0.2567,5539009.1
2026-05-09 04:00:00+00:00,0.2567,0.258,0.25,0.2512,6281004.6
2026-05-09 08:00:00+00:00,0.2512,0.2521,0.2483,0.2494,6275362.9
2026-05-09 12:00:00+00:00,0.2494,0.2501,0.246,0.2497,9338525.9
2026-05-09 16:00:00+00:00,0.2497,0.2542,0.2487,0.2522,8493432.0
2026-05-09 20:00:00+00:00,0.2522,0.2526,0.2494,0.25,4012894.5
2026-05-10 00:00:00+00:00,0.25,0.2514,0.2475,0.2501,5762877.1
2026-05-10 04:00:00+00:00,0.2501,0.2546,0.2495,0.2529,4736945.4
2026-05-10 08:00:00+00:00,0.2529,0.2559,0.2525,0.2535,4275965.9
2026-05-10 12:00:00+00:00,0.2535,0.2577,0.2519,0.2571,4827677.7
2026-05-10 16:00:00+00:00,0.2571,0.2658,0.2568,0.2638,11293833.8
2026-05-10 20:00:00+00:00,0.2638,0.2655,0.254,0.2605,13199721.4
2026-05-11 00:00:00+00:00,0.2605,0.2616,0.253,0.2554,6795763.9
2026-05-11 04:00:00+00:00,0.2554,0.2618,0.2537,0.2586,5541953.1
2026-05-11 08:00:00+00:00,0.2586,0.2716,0.2566,0.268,35252596.4
2026-05-11 12:00:00+00:00,0.268,0.2758,0.2612,0.2755,20535178.8
2026-05-11 16:00:00+00:00,0.2755,0.2847,0.2661,0.2845,34204095.2
2026-05-11 20:00:00+00:00,0.2845,0.293,0.2811,0.2812,25699286.9
2026-05-12 00:00:00+00:00,0.2812,0.2847,0.277,0.2808,21106213.2
2026-05-12 04:00:00+00:00,0.2808,0.2888,0.2789,0.2856,18597830.2
2026-05-12 08:00:00+00:00,0.2856,0.2884,0.2793,0.2866,14938505.6
2026-05-12 12:00:00+00:00,0.2866,0.2908,0.2716,0.276,47397382.6
2026-05-12 16:00:00+00:00,0.276,0.2806,0.2698,0.2796,16384961.7
2026-05-12 20:00:00+00:00,0.2796,0.2833,0.2758,0.276,11020320.0
2026-05-13 00:00:00+00:00,0.276,0.2888,0.2753,0.2855,17941444.8
2026-05-13 04:00:00+00:00,0.2855,0.2861,0.2794,0.2814,7792530.0
2026-05-13 08:00:00+00:00,0.2814,0.2887,0.2764,0.2778,13882910.1
2026-05-13 12:00:00+00:00,0.2778,0.2783,0.2653,0.2661,18633741.1
2026-05-13 16:00:00+00:00,0.2661,0.2744,0.2659,0.2697,7849904.4
2026-05-13 20:00:00+00:00,0.2697,0.2705,0.2621,0.2661,6942002.8
2026-05-14 00:00:00+00:00,0.2661,0.2705,0.2627,0.2632,7064667.8
2026-05-14 04:00:00+00:00,0.2632,0.2693,0.2626,0.2652,3440078.5
2026-05-14 08:00:00+00:00,0.2652,0.2679,0.2631,0.2634,3867653.0
2026-05-14 12:00:00+00:00,0.2634,0.2777,0.2632,0.2772,11245760.7
2026-05-14 16:00:00+00:00,0.2772,0.2806,0.2737,0.2788,11424143.4
2026-05-14 20:00:00+00:00,0.2788,0.283,0.2755,0.2765,5780541.5
2026-05-15 00:00:00+00:00,0.2765,0.2782,0.2698,0.2713,6224097.2
2026-05-15 04:00:00+00:00,0.2713,0.2717,0.2609,0.2645,12938284.4
2026-05-15 08:00:00+00:00,0.2645,0.2647,0.2586,0.2608,7271989.5
2026-05-15 12:00:00+00:00,0.2608,0.2619,0.2489,0.2521,13699792.8
2026-05-15 16:00:00+00:00,0.2521,0.2571,0.251,0.2552,5240482.1
2026-05-15 20:00:00+00:00,0.2552,0.2569,0.2532,0.2549,3024693.5
2026-05-16 00:00:00+00:00,0.2549,0.2552,0.2515,0.2535,3550074.3
2026-05-16 04:00:00+00:00,0.2535,0.2536,0.2406,0.2434,11992451.8
2026-05-16 08:00:00+00:00,0.2434,0.2449,0.2376,0.2407,8211171.4
2026-05-16 12:00:00+00:00,0.2407,0.2422,0.2394,0.2413,2588788.3
2026-05-16 16:00:00+00:00,0.2413,0.2427,0.2405,0.2421,3831350.8
2026-05-16 20:00:00+00:00,0.2421,0.2439,0.2403,0.2404,4190121.4
2026-05-17 00:00:00+00:00,0.2404,0.2414,0.2366,0.2389,4803011.3
2026-05-17 04:00:00+00:00,0.2389,0.2413,0.2376,0.2395,2380669.2
2026-05-17 08:00:00+00:00,0.2395,0.241,0.2378,0.239,2715303.4
2026-05-17 12:00:00+00:00,0.239,0.2402,0.2349,0.2374,4349647.9
2026-05-17 16:00:00+00:00,0.2374,0.2382,0.2318,0.2358,9167258.8
2026-05-17 20:00:00+00:00,0.2358,0.2385,0.2231,0.23,20866398.8
2026-05-18 00:00:00+00:00,0.23,0.2332,0.2275,0.2317,4926685.4
2026-05-18 04:00:00+00:00,0.2317,0.2325,0.2292,0.2318,3717427.5
2026-05-18 08:00:00+00:00,0.2318,0.2349,0.2305,0.2326,3447974.0
2026-05-18 12:00:00+00:00,0.2326,0.2356,0.2288,0.2317,8202953.1
2026-05-18 16:00:00+00:00,0.2317,0.236,0.229,0.2351,4195072.4
2026-05-18 20:00:00+00:00,0.2351,0.2398,0.2349,0.2376,3250877.1
2026-05-19 00:00:00+00:00,0.2376,0.2383,0.2341,0.2357,2126749.4
2026-05-19 04:00:00+00:00,0.2357,0.2385,0.234,0.2375,2520402.6
2026-05-19 08:00:00+00:00,0.2375,0.2375,0.233,0.2334,4747952.1
2026-05-19 12:00:00+00:00,0.2334,0.2367,0.2302,0.2313,8270349.5
2026-05-19 16:00:00+00:00,0.2313,0.2345,0.2308,0.2328,3313648.7
2026-05-19 20:00:00+00:00,0.2328,0.2342,0.2297,0.231,2517727.4
2026-05-20 00:00:00+00:00,0.231,0.235,0.2302,0.2343,1781896.8
2026-05-20 04:00:00+00:00,0.2343,0.2379,0.2339,0.2365,1612997.9
2026-05-20 08:00:00+00:00,0.2365,0.2378,0.2351,0.2355,1665760.8
2026-05-20 12:00:00+00:00,0.2355,0.2388,0.2328,0.2383,4884092.9
2026-05-20 16:00:00+00:00,0.2383,0.241,0.2365,0.2382,4678971.5
2026-05-20 20:00:00+00:00,0.2382,0.239,0.2347,0.2365,3056980.1
2026-05-21 00:00:00+00:00,0.2365,0.2379,0.235,0.2367,3008061.0
2026-05-21 04:00:00+00:00,0.2367,0.238,0.2337,0.2358,2993839.8
2026-05-21 08:00:00+00:00,0.2358,0.2376,0.2302,0.2308,8323675.5
2026-05-21 12:00:00+00:00,0.2308,0.2354,0.2303,0.2343,8658700.0
2026-05-21 16:00:00+00:00,0.2343,0.2439,0.2334,0.2423,7641446.8
2026-05-21 20:00:00+00:00,0.2423,0.2442,0.2375,0.2392,3161686.9
2026-05-22 00:00:00+00:00,0.2392,0.2417,0.2373,0.2406,2909654.9
2026-05-22 04:00:00+00:00,0.2406,0.2424,0.2385,0.2412,3409094.8
2026-05-22 08:00:00+00:00,0.2412,0.246,0.2409,0.2456,4851260.7
2026-05-22 12:00:00+00:00,0.2456,0.2464,0.239,0.2409,6689494.1
2026-05-22 16:00:00+00:00,0.2409,0.2426,0.2295,0.2313,15430803.6
2026-05-22 20:00:00+00:00,0.2313,0.235,0.2263,0.228,9249182.5
2026-05-23 00:00:00+00:00,0.228,0.2296,0.2264,0.2289,2394577.2
2026-05-23 04:00:00+00:00,0.2289,0.2289,0.2203,0.2226,6686436.5
2026-05-23 08:00:00+00:00,0.2226,0.2246,0.2215,0.2231,2729754.1
2026-05-23 12:00:00+00:00,0.2231,0.229,0.2225,0.227,2982075.8
2026-05-23 16:00:00+00:00,0.227,0.2348,0.2269,0.2333,5935605.4
2026-05-23 20:00:00+00:00,0.2333,0.2398,0.2322,0.234,4833538.3
2026-05-24 00:00:00+00:00,0.234,0.2348,0.2312,0.2316,2377362.5
2026-05-24 04:00:00+00:00,0.2316,0.2326,0.2302,0.2318,1927476.3
2026-05-24 08:00:00+00:00,0.2318,0.2326,0.23,0.2303,2053344.2
2026-05-24 12:00:00+00:00,0.2303,0.2306,0.2235,0.2263,4179172.7
2026-05-24 16:00:00+00:00,0.2263,0.2267,0.2247,0.2259,1919259.2
2026-05-24 20:00:00+00:00,0.2259,0.2272,0.2217,0.2267,3899714.8
2026-05-25 00:00:00+00:00,0.2267,0.2283,0.2254,0.2257,2319129.4
2026-05-25 04:00:00+00:00,0.2257,0.2296,0.2256,0.228,2084955.8
2026-05-25 08:00:00+00:00,0.228,0.2284,0.2263,0.2264,1668996.9
2026-05-25 12:00:00+00:00,0.2264,0.229,0.2258,0.2273,3177087.1
2026-05-25 16:00:00+00:00,0.2273,0.2303,0.2255,0.227,4125297.9
2026-05-25 20:00:00+00:00,0.227,0.2272,0.2213,0.2232,7154538.9
2026-05-26 00:00:00+00:00,0.2232,0.2236,0.2176,0.2185,6437305.7
2026-05-26 04:00:00+00:00,0.2185,0.2225,0.2181,0.2204,4427810.7
2026-05-26 08:00:00+00:00,0.2204,0.226,0.2201,0.2239,4054931.3
2026-05-26 12:00:00+00:00,0.2239,0.2279,0.2196,0.2215,6685820.3
2026-05-26 16:00:00+00:00,0.2215,0.2216,0.2152,0.2188,11945115.1
2026-05-26 20:00:00+00:00,0.2188,0.2203,0.2181,0.2186,2490421.2
2026-05-27 00:00:00+00:00,0.2186,0.2205,0.2172,0.2177,4015551.9
2026-05-27 04:00:00+00:00,0.2177,0.2205,0.2153,0.2203,2954063.0
2026-05-27 08:00:00+00:00,0.2203,0.2213,0.2123,0.2153,27671454.0
2026-05-27 12:00:00+00:00,0.2153,0.2231,0.2143,0.2213,13802971.6
2026-05-27 16:00:00+00:00,0.2213,0.2221,0.2163,0.2188,7068014.8
2026-05-27 20:00:00+00:00,0.2188,0.2199,0.2125,0.215,6125876.0
2026-05-28 00:00:00+00:00,0.215,0.2155,0.2097,0.2103,7473589.3
2026-05-28 04:00:00+00:00,0.2103,0.2123,0.2072,0.2123,7796591.2
2026-05-28 08:00:00+00:00,0.2123,0.2124,0.2094,0.2107,2824222.3
2026-05-28 12:00:00+00:00,0.2107,0.2125,0.2076,0.21,5998939.3
2026-05-28 16:00:00+00:00,0.21,0.2148,0.2088,0.2107,3692764.4
2026-05-28 20:00:00+00:00,0.2107,0.2147,0.2103,0.212,3434669.4
2026-05-29 00:00:00+00:00,0.212,0.2139,0.2097,0.21,2974059.3
2026-05-29 04:00:00+00:00,0.21,0.2131,0.2089,0.2111,3047420.7
2026-05-29 08:00:00+00:00,0.2111,0.2128,0.2095,0.2106,2947447.9
2026-05-29 12:00:00+00:00,0.2106,0.2155,0.2056,0.2138,11645654.5
2026-05-29 16:00:00+00:00,0.2138,0.2158,0.2109,0.2129,5419257.0
2026-05-29 20:00:00+00:00,0.2129,0.2137,0.2106,0.2123,1591512.0
2026-05-30 00:00:00+00:00,0.2123,0.2168,0.2122,0.2152,2518812.1
2026-05-30 04:00:00+00:00,0.2152,0.2167,0.2132,0.2152,2655232.6
2026-05-30 08:00:00+00:00,0.2152,0.2165,0.2147,0.2158,965507.6
2026-05-30 12:00:00+00:00,0.2158,0.2172,0.215,0.2156,1815383.6
2026-05-30 16:00:00+00:00,0.2156,0.2169,0.2152,0.2161,1370454.5
2026-05-30 20:00:00+00:00,0.2161,0.2167,0.2137,0.2147,1736820.2
2026-05-31 00:00:00+00:00,0.2147,0.2154,0.2136,0.2146,811822.9
2026-05-31 04:00:00+00:00,0.2146,0.2157,0.2131,0.2135,953820.8
2026-05-31 08:00:00+00:00,0.2135,0.216,0.2132,0.2156,1319741.3
2026-05-31 12:00:00+00:00,0.2156,0.2164,0.2122,0.213,2400384.6
2026-05-31 16:00:00+00:00,0.213,0.2141,0.2116,0.2135,1298368.4
2026-05-31 20:00:00+00:00,0.2135,0.2177,0.2135,0.216,2350241.9
2026-06-01 00:00:00+00:00,0.216,0.2177,0.2134,0.2164,1996681.9
2026-06-01 04:00:00+00:00,0.2164,0.217,0.2117,0.2119,2108045.9
2026-06-01 08:00:00+00:00,0.2119,0.2139,0.2109,0.2128,3058006.6
2026-06-01 12:00:00+00:00,0.2128,0.2134,0.209,0.2114,7968129.2
2026-06-01 16:00:00+00:00,0.2114,0.2162,0.2099,0.2157,4646903.4
2026-06-01 20:00:00+00:00,0.2157,0.2167,0.2136,0.2159,2673794.9
2026-06-02 00:00:00+00:00,0.2159,0.2164,0.2091,0.2147,3258446.3
2026-06-02 04:00:00+00:00,0.2147,0.2149,0.2104,0.2119,2719244.1
2026-06-02 08:00:00+00:00,0.2119,0.212,0.2096,0.2103,2750411.1
2026-06-02 12:00:00+00:00,0.2103,0.2119,0.1983,0.2009,13095017.4
2026-06-02 16:00:00+00:00,0.2009,0.2051,0.1963,0.2013,12575027.7
2026-06-02 20:00:00+00:00,0.2013,0.2045,0.1961,0.2,9467396.7
2026-06-03 00:00:00+00:00,0.2,0.2029,0.1975,0.1986,5277241.8
2026-06-03 04:00:00+00:00,0.1986,0.2084,0.1986,0.2077,7157282.9
2026-06-03 08:00:00+00:00,0.2077,0.211,0.2069,0.2086,4139579.2
2026-06-03 12:00:00+00:00,0.2086,0.2094,0.2064,0.2074,4702569.6
2026-06-03 16:00:00+00:00,0.2074,0.2082,0.2026,0.2041,13878143.6
2026-06-03 20:00:00+00:00,0.2041,0.2085,0.1999,0.2037,14715352.9
2026-06-04 00:00:00+00:00,0.2037,0.2058,0.1871,0.2022,23962349.4
2026-06-04 04:00:00+00:00,0.2022,0.203,0.1944,0.1947,10713598.2
2026-06-04 08:00:00+00:00,0.1947,0.1956,0.1878,0.192,10828956.9
2026-06-04 12:00:00+00:00,0.192,0.1997,0.1905,0.1978,6937993.1
2026-06-04 16:00:00+00:00,0.1978,0.1991,0.1945,0.1972,5562128.7
2026-06-04 20:00:00+00:00,0.1972,0.1973,0.1897,0.1935,4353405.4
2026-06-05 00:00:00+00:00,0.1935,0.1948,0.1855,0.186,6799023.3
2026-06-05 04:00:00+00:00,0.186,0.1908,0.172,0.184,27132916.0
2026-06-05 08:00:00+00:00,0.184,0.1848,0.1801,0.1833,12109403.1
2026-06-05 12:00:00+00:00,0.1833,0.1891,0.1782,0.1796,26486594.2
2026-06-05 16:00:00+00:00,0.1796,0.1847,0.1719,0.1797,18199284.4
2026-06-05 20:00:00+00:00,0.1797,0.1857,0.1776,0.182,8602291.8
2026-06-06 00:00:00+00:00,0.182,0.1841,0.1791,0.1795,4137023.3
2026-06-06 04:00:00+00:00,0.1795,0.1822,0.1697,0.1808,10611770.2
2026-06-06 08:00:00+00:00,0.1808,0.1842,0.1768,0.1804,7280613.5
2026-06-06 12:00:00+00:00,0.1804,0.1855,0.1792,0.183,5131023.1
2026-06-06 16:00:00+00:00,0.183,0.1838,0.1798,0.1805,3765060.3
2026-06-06 20:00:00+00:00,0.1805,0.1873,0.18,0.1865,4226868.9
2026-06-07 00:00:00+00:00,0.1865,0.1907,0.1854,0.1894,5506932.3
2026-06-07 04:00:00+00:00,0.1894,0.1917,0.1887,0.19,5121853.4
2026-06-07 08:00:00+00:00,0.19,0.1946,0.1897,0.1923,4870990.7
2026-06-07 12:00:00+00:00,0.1923,0.1942,0.1891,0.1928,7343343.0
2026-06-07 16:00:00+00:00,0.1928,0.1956,0.1893,0.1908,5358047.1
2026-06-07 20:00:00+00:00,0.1908,0.2013,0.1903,0.1965,9073322.0
2026-06-08 00:00:00+00:00,0.1965,0.1989,0.1939,0.1989,3280024.2
2026-06-08 04:00:00+00:00,0.1989,0.2019,0.195,0.2009,7491976.7
2026-06-08 08:00:00+00:00,0.2009,0.2027,0.1981,0.2011,5542169.1
2026-06-08 12:00:00+00:00,0.2011,0.2029,0.1992,0.2001,5141872.3
2026-06-08 16:00:00+00:00,0.2001,0.2018,0.1983,0.1993,4528269.6
2026-06-08 20:00:00+00:00,0.1993,0.2021,0.1968,0.1986,3792573.8
2026-06-09 00:00:00+00:00,0.1986,0.1987,0.1942,0.197,5702108.5
2026-06-09 04:00:00+00:00,0.197,0.2001,0.1961,0.1978,3550841.5
2026-06-09 08:00:00+00:00,0.1978,0.1981,0.1951,0.1977,5661394.5
2026-06-09 12:00:00+00:00,0.1977,0.2006,0.1938,0.1976,20816586.2
2026-06-09 16:00:00+00:00,0.1976,0.2062,0.1953,0.2027,20264765.6
2026-06-09 20:00:00+00:00,0.2027,0.2046,0.2002,0.2011,5450065.9
2026-06-10 00:00:00+00:00,0.2011,0.2058,0.2007,0.2042,3051921.3
2026-06-10 04:00:00+00:00,0.2042,0.208,0.2026,0.2078,3968017.2
2026-06-10 08:00:00+00:00,0.2078,0.2091,0.2016,0.2036,10232817.0
2026-06-10 12:00:00+00:00,0.2036,0.2161,0.2026,0.2142,16466391.2
2026-06-10 16:00:00+00:00,0.2142,0.2225,0.2099,0.2112,23173848.7
2026-06-10 20:00:00+00:00,0.2112,0.2132,0.2074,0.2108,9810393.2
2026-06-11 00:00:00+00:00,0.2108,0.2376,0.2108,0.2363,20169676.5
2026-06-11 04:00:00+00:00,0.2363,0.2506,0.2349,0.2448,30210847.4
2026-06-11 08:00:00+00:00,0.2448,0.2595,0.2443,0.2472,30382139.8
2026-06-11 12:00:00+00:00,0.2472,0.2589,0.2413,0.2531,26376213.9
2026-06-11 16:00:00+00:00,0.2531,0.2547,0.2422,0.2482,23702092.7
2026-06-11 20:00:00+00:00,0.2482,0.2565,0.2452,0.2558,10763517.2
2026-06-12 00:00:00+00:00,0.2558,0.2653,0.2524,0.2651,12711938.2
2026-06-12 04:00:00+00:00,0.2651,0.2652,0.2449,0.2498,20471966.3
2026-06-12 08:00:00+00:00,0.2498,0.2508,0.2415,0.245,8562500.2
2026-06-12 12:00:00+00:00,0.245,0.2502,0.2398,0.2419,12394088.7
2026-06-12 16:00:00+00:00,0.2419,0.2461,0.2366,0.2385,9736769.8
2026-06-12 20:00:00+00:00,0.2385,0.2405,0.2346,0.2359,4370521.7
2026-06-13 00:00:00+00:00,0.2359,0.2439,0.2342,0.2363,7453949.3
2026-06-13 04:00:00+00:00,0.2363,0.2378,0.2316,0.2347,5281228.7
2026-06-13 08:00:00+00:00,0.2347,0.2409,0.233,0.2404,3437235.5
2026-06-13 12:00:00+00:00,0.2404,0.246,0.2369,0.2398,7218906.5
2026-06-13 16:00:00+00:00,0.2398,0.2399,0.2321,0.2354,8030296.8
2026-06-13 20:00:00+00:00,0.2354,0.2404,0.2335,0.237,4557418.3
2026-06-14 00:00:00+00:00,0.237,0.2372,0.2329,0.2344,3060489.1
2026-06-14 04:00:00+00:00,0.2344,0.2359,0.2319,0.2349,2864446.8
2026-06-14 08:00:00+00:00,0.2349,0.2388,0.231,0.2323,4696486.6
2026-06-14 12:00:00+00:00,0.2323,0.2356,0.2292,0.2332,5026498.8
2026-06-14 16:00:00+00:00,0.2332,0.2376,0.2261,0.2281,5689106.5
2026-06-14 20:00:00+00:00,0.2281,0.2387,0.2278,0.2357,6645372.1
2026-06-15 00:00:00+00:00,0.2357,0.2435,0.2343,0.2387,6952345.3
2026-06-15 04:00:00+00:00,0.2387,0.241,0.2355,0.2361,5474754.5
2026-06-15 08:00:00+00:00,0.2361,0.2425,0.2351,0.2392,4289322.2
2026-06-15 12:00:00+00:00,0.2392,0.2434,0.2384,0.2404,4907405.6
2026-06-15 16:00:00+00:00,0.2404,0.2416,0.2355,0.2389,5800312.4
2026-06-15 20:00:00+00:00,0.2389,0.2428,0.2355,0.2383,4726808.9
2026-06-16 00:00:00+00:00,0.2383,0.2482,0.2377,0.2469,10876546.8
2026-06-16 04:00:00+00:00,0.2469,0.2507,0.2442,0.2472,8276520.3
2026-06-16 08:00:00+00:00,0.2472,0.2481,0.2406,0.242,6596696.1
2026-06-16 12:00:00+00:00,0.242,0.2426,0.2342,0.2367,8914168.0
2026-06-16 16:00:00+00:00,0.2367,0.2407,0.2347,0.2386,4635213.2
2026-06-16 20:00:00+00:00,0.2386,0.2442,0.2366,0.239,6081803.4
2026-06-17 00:00:00+00:00,0.239,0.2462,0.2379,0.2429,4964549.5
2026-06-17 04:00:00+00:00,0.2429,0.2481,0.2417,0.2471,6046107.3
2026-06-17 08:00:00+00:00,0.2471,0.2514,0.2422,0.2489,12146382.0
2026-06-17 12:00:00+00:00,0.2489,0.2527,0.2363,0.2439,18726586.3
2026-06-17 16:00:00+00:00,0.2439,0.2452,0.2305,0.2325,11037489.5
2026-06-17 20:00:00+00:00,0.2325,0.2338,0.2237,0.2272,13746755.9
2026-06-18 00:00:00+00:00,0.2272,0.229,0.2226,0.2229,5618241.4
2026-06-18 04:00:00+00:00,0.2229,0.2253,0.2206,0.2243,3184804.9
2026-06-18 08:00:00+00:00,0.2243,0.2259,0.2225,0.223,3891187.4
2026-06-18 12:00:00+00:00,0.223,0.2294,0.2153,0.2169,16781555.3
2026-06-18 16:00:00+00:00,0.2169,0.2228,0.216,0.222,7359603.9
2026-06-18 20:00:00+00:00,0.222,0.2271,0.222,0.2248,5580632.0
2026-06-19 00:00:00+00:00,0.2248,0.2254,0.2187,0.2217,2786219.8
2026-06-19 04:00:00+00:00,0.2217,0.2218,0.2134,0.2148,5220516.0
2026-06-19 08:00:00+00:00,0.2148,0.2156,0.2117,0.2122,2405728.1
2026-06-19 12:00:00+00:00,0.2122,0.218,0.2118,0.2142,3983778.5
2026-06-19 16:00:00+00:00,0.2142,0.2154,0.2124,0.2131,2805729.8
2026-06-19 20:00:00+00:00,0.2131,0.2155,0.2113,0.2149,3312076.5
2026-06-20 00:00:00+00:00,0.2149,0.2173,0.2098,0.2105,5172260.1
2026-06-20 04:00:00+00:00,0.2105,0.2136,0.2098,0.2131,5869065.4
2026-06-20 08:00:00+00:00,0.2131,0.215,0.2116,0.2118,4051464.3
2026-06-20 12:00:00+00:00,0.2118,0.2139,0.2082,0.2126,6707170.5
2026-06-20 16:00:00+00:00,0.2126,0.2126,0.2093,0.2116,1435766.1
2026-06-20 20:00:00+00:00,0.2116,0.2152,0.2112,0.2145,1477268.3
2026-06-21 00:00:00+00:00,0.2145,0.2165,0.2136,0.2162,2288032.2
2026-06-21 04:00:00+00:00,0.2162,0.2167,0.2134,0.2138,1301094.2
2026-06-21 08:00:00+00:00,0.2138,0.2159,0.2129,0.2135,1618248.2
2026-06-21 12:00:00+00:00,0.2135,0.2145,0.2119,0.2121,1621074.2
2026-06-21 16:00:00+00:00,0.2121,0.2122,0.2099,0.211,1328276.1
2026-06-21 20:00:00+00:00,0.211,0.2118,0.2063,0.2068,4222633.9
2026-06-22 00:00:00+00:00,0.2068,0.2116,0.2059,0.2062,3120825.6
2026-06-22 04:00:00+00:00,0.2062,0.209,0.2055,0.2088,1856232.4
2026-06-22 08:00:00+00:00,0.2088,0.2135,0.2078,0.2133,2535877.4
2026-06-22 12:00:00+00:00,0.2133,0.2143,0.2073,0.2087,5089775.0
2026-06-22 16:00:00+00:00,0.2087,0.2118,0.2075,0.2091,2308831.2
2026-06-22 20:00:00+00:00,0.2091,0.2105,0.207,0.2089,2313544.3
2026-06-23 00:00:00+00:00,0.2089,0.2134,0.2085,0.2118,4199180.4
2026-06-23 04:00:00+00:00,0.2118,0.2124,0.2027,0.2041,6741180.7
2026-06-23 08:00:00+00:00,0.2041,0.2059,0.199,0.2045,5195691.3
2026-06-23 12:00:00+00:00,0.2045,0.205,0.2006,0.2016,3848072.9
2026-06-23 16:00:00+00:00,0.2016,0.2058,0.2006,0.2053,2766376.6
2026-06-23 20:00:00+00:00,0.2053,0.2077,0.2036,0.204,2123522.7
2026-06-24 00:00:00+00:00,0.204,0.2053,0.1983,0.1993,2748082.8
2026-06-24 04:00:00+00:00,0.1993,0.2002,0.1971,0.1987,3132510.6
2026-06-24 08:00:00+00:00,0.1987,0.2008,0.1959,0.1988,5598028.9
2026-06-24 12:00:00+00:00,0.1988,0.2032,0.1939,0.1958,11430720.6
2026-06-24 16:00:00+00:00,0.1958,0.1978,0.1857,0.1904,19556208.4
2026-06-24 20:00:00+00:00,0.1904,0.1971,0.19,0.1951,4806413.4
2026-06-25 00:00:00+00:00,0.1951,0.1954,0.1915,0.1915,2976357.3
2026-06-25 04:00:00+00:00,0.1915,0.1967,0.189,0.196,12760116.8
2026-06-25 08:00:00+00:00,0.196,0.1979,0.1933,0.1942,4055087.6
2026-06-25 12:00:00+00:00,0.1942,0.1958,0.1814,0.1901,20919513.9
2026-06-25 16:00:00+00:00,0.1901,0.1957,0.1895,0.1905,7692241.4
2026-06-25 20:00:00+00:00,0.1905,0.1954,0.1903,0.1931,2855410.2
2026-06-26 00:00:00+00:00,0.1931,0.1957,0.1869,0.1948,5407787.3
2026-06-26 04:00:00+00:00,0.1948,0.1952,0.19,0.1942,3795542.3
2026-06-26 08:00:00+00:00,0.1942,0.1944,0.1873,0.1895,4180731.3
2026-06-26 12:00:00+00:00,0.1895,0.1938,0.1863,0.1934,5591460.6
2026-06-26 16:00:00+00:00,0.1934,0.1951,0.1918,0.193,3378036.1
2026-06-26 20:00:00+00:00,0.193,0.1955,0.1923,0.1932,3952089.9
2026-06-27 00:00:00+00:00,0.1932,0.1948,0.1922,0.1931,2700176.4
2026-06-27 04:00:00+00:00,0.1931,0.1942,0.1921,0.1929,1053879.3
2026-06-27 08:00:00+00:00,0.1929,0.193,0.1907,0.1919,1310962.2
2026-06-27 12:00:00+00:00,0.1919,0.195,0.1912,0.1943,2236866.2
2026-06-27 16:00:00+00:00,0.1943,0.1967,0.1902,0.1912,3907585.1
2026-06-27 20:00:00+00:00,0.1912,0.1921,0.1895,0.1913,1437695.7
2026-06-28 00:00:00+00:00,0.1913,0.1926,0.1908,0.1916,1093615.0
2026-06-28 04:00:00+00:00,0.1916,0.1916,0.1893,0.1915,1274332.1
2026-06-28 08:00:00+00:00,0.1915,0.193,0.191,0.1923,1218954.6
2026-06-28 12:00:00+00:00,0.1923,0.1926,0.1898,0.191,2209433.3
2026-06-28 16:00:00+00:00,0.191,0.1911,0.1881,0.1896,2458847.7
2026-06-28 20:00:00+00:00,0.1896,0.1909,0.187,0.1894,2212006.1
2026-06-29 00:00:00+00:00,0.1894,0.1923,0.1874,0.1911,3342153.5
2026-06-29 04:00:00+00:00,0.1911,0.1934,0.1887,0.1904,1813038.1
2026-06-29 08:00:00+00:00,0.1904,0.1909,0.1889,0.1894,2229960.3
2026-06-29 12:00:00+00:00,0.1894,0.1925,0.1878,0.1899,5132620.2
2026-06-29 16:00:00+00:00,0.1899,0.1957,0.1888,0.1944,3678966.2
2026-06-29 20:00:00+00:00,0.1944,0.1944,0.192,0.1921,1080408.1
2026-06-30 00:00:00+00:00,0.1921,0.1922,0.1891,0.1894,2516764.2
2026-06-30 04:00:00+00:00,0.1894,0.1924,0.1891,0.1903,1658271.1
2026-06-30 08:00:00+00:00,0.1903,0.1909,0.1853,0.1859,5175254.7
2026-06-30 12:00:00+00:00,0.1859,0.1885,0.1838,0.1871,5484502.6
2026-06-30 16:00:00+00:00,0.1871,0.1899,0.1869,0.189,2436338.9
2026-06-30 20:00:00+00:00,0.189,0.189,0.1841,0.1843,1567661.0
2026-07-01 00:00:00+00:00,0.1843,0.1884,0.1811,0.188,4356374.9
2026-07-01 04:00:00+00:00,0.188,0.1897,0.1862,0.1879,1642057.5
2026-07-01 08:00:00+00:00,0.1879,0.1911,0.1869,0.1906,2183601.3
2026-07-01 12:00:00+00:00,0.1906,0.1957,0.1887,0.194,7445200.0
2026-07-01 16:00:00+00:00,0.194,0.1986,0.1933,0.1971,8985153.7
2026-07-01 20:00:00+00:00,0.1971,0.2086,0.1963,0.2052,10870810.2
2026-07-02 00:00:00+00:00,0.2052,0.2081,0.2013,0.2058,10539523.8
2026-07-02 04:00:00+00:00,0.2058,0.2058,0.1989,0.199,4848893.6
2026-07-02 08:00:00+00:00,0.199,0.2078,0.199,0.2077,8044838.0
2026-07-02 12:00:00+00:00,0.2077,0.213,0.2052,0.2058,12054563.3
2026-07-02 16:00:00+00:00,0.2058,0.2064,0.2032,0.2034,5170173.4
2026-07-02 20:00:00+00:00,0.2034,0.2068,0.2021,0.2051,4191334.5
2026-07-03 00:00:00+00:00,0.2051,0.2119,0.2045,0.2083,6291490.6
2026-07-03 04:00:00+00:00,0.2083,0.2086,0.2046,0.2047,3112680.1
2026-07-03 08:00:00+00:00,0.2047,0.2074,0.2033,0.2066,3133607.5
2026-07-03 12:00:00+00:00,0.2066,0.2099,0.2061,0.2062,3853881.1
2026-07-03 16:00:00+00:00,0.2062,0.2102,0.2039,0.207,5669105.0
2026-07-03 20:00:00+00:00,0.207,0.2123,0.2069,0.209,4957076.6
2026-07-04 00:00:00+00:00,0.209,0.2127,0.2046,0.2061,9732196.3
2026-07-04 04:00:00+00:00,0.2061,0.2074,0.2056,0.2068,1536651.3
2026-07-04 08:00:00+00:00,0.2068,0.208,0.2032,0.2068,3773657.7
2026-07-04 12:00:00+00:00,0.2068,0.2098,0.2065,0.2092,3050795.2
2026-07-04 16:00:00+00:00,0.2092,0.2189,0.209,0.214,12166694.8
2026-07-04 20:00:00+00:00,0.214,0.2141,0.2106,0.2119,2391511.1
2026-07-05 00:00:00+00:00,0.2119,0.2136,0.209,0.2099,3900068.2
2026-07-05 04:00:00+00:00,0.2099,0.2112,0.2078,0.2091,2435829.1
2026-07-05 08:00:00+00:00,0.2091,0.2104,0.2079,0.2084,1956655.1
2026-07-05 12:00:00+00:00,0.2084,0.215,0.2071,0.2123,5128742.1
2026-07-05 16:00:00+00:00,0.2123,0.2132,0.2108,0.2114,1991778.2
2026-07-05 20:00:00+00:00,0.2114,0.2153,0.2109,0.215,2679756.7
2026-07-06 00:00:00+00:00,0.215,0.2153,0.2114,0.2138,2830307.0
2026-07-06 04:00:00+00:00,0.2138,0.2143,0.2096,0.2109,1901436.1
2026-07-06 08:00:00+00:00,0.2109,0.2115,0.2057,0.2058,11068099.9
2026-07-06 12:00:00+00:00,0.2058,0.2093,0.1984,0.2084,27920671.8
2026-07-06 16:00:00+00:00,0.2084,0.2154,0.2069,0.2142,8068687.6
2026-07-06 20:00:00+00:00,0.2142,0.2181,0.2128,0.2158,4972774.4
2026-07-07 00:00:00+00:00,0.2158,0.2188,0.207,0.2075,14054820.1
2026-07-07 04:00:00+00:00,0.2075,0.2104,0.2043,0.2083,8710747.4
2026-07-07 08:00:00+00:00,0.2083,0.2116,0.2078,0.2099,3106303.3
2026-07-07 12:00:00+00:00,0.2099,0.2125,0.2043,0.212,8808807.9
2026-07-07 16:00:00+00:00,0.212,0.2129,0.2076,0.2102,5661141.5
2026-07-07 20:00:00+00:00,0.2102,0.2112,0.2047,0.206,3988375.6
2026-07-08 00:00:00+00:00,0.206,0.2079,0.2033,0.2055,5167824.6
2026-07-08 04:00:00+00:00,0.2055,0.2101,0.2048,0.2064,7755099.8
2026-07-08 08:00:00+00:00,0.2064,0.2074,0.1997,0.2029,12144570.9
2026-07-08 12:00:00+00:00,0.2029,0.2063,0.2002,0.2033,19149607.3
2026-07-08 16:00:00+00:00,0.2033,0.2069,0.2013,0.204,5175054.7
2026-07-08 20:00:00+00:00,0.204,0.2045,0.1976,0.1998,6966056.6
2026-07-09 00:00:00+00:00,0.1998,0.2033,0.199,0.2005,6394590.4
2026-07-09 04:00:00+00:00,0.2005,0.2051,0.2002,0.2029,3872886.7
2026-07-09 08:00:00+00:00,0.2029,0.2035,0.2001,0.2011,1899210.1
2026-07-09 12:00:00+00:00,0.2011,0.2032,0.1999,0.2006,4088053.4
2026-07-09 16:00:00+00:00,0.2006,0.2033,0.1987,0.2019,5412062.6
2026-07-09 20:00:00+00:00,0.2019,0.2043,0.2005,0.2035,3106591.2
2026-07-10 00:00:00+00:00,0.2035,0.2067,0.2018,0.2055,3729658.0
2026-07-10 04:00:00+00:00,0.2055,0.2065,0.2046,0.2049,1845724.1
2026-07-10 08:00:00+00:00,0.2049,0.2098,0.2049,0.2092,3539912.0
2026-07-10 12:00:00+00:00,0.2092,0.2134,0.2062,0.2081,6469766.4
2026-07-10 16:00:00+00:00,0.2081,0.2083,0.2056,0.2066,1990999.8
2026-07-10 20:00:00+00:00,0.2066,0.2077,0.205,0.2055,1697476.4
2026-07-11 00:00:00+00:00,0.2055,0.2085,0.2043,0.207,2306621.5
2026-07-11 04:00:00+00:00,0.207,0.2073,0.204,0.2043,1421047.0
2026-07-11 08:00:00+00:00,0.2043,0.2066,0.204,0.206,972326.3
2026-07-11 12:00:00+00:00,0.206,0.2101,0.2057,0.208,3089738.4
2026-07-11 16:00:00+00:00,0.208,0.217,0.2072,0.2153,6307522.7
2026-07-11 20:00:00+00:00,0.2153,0.2166,0.2076,0.2079,6737846.6
2026-07-12 00:00:00+00:00,0.2079,0.2097,0.2051,0.2088,3597602.2
2026-07-12 04:00:00+00:00,0.2088,0.2091,0.2031,0.205,2762899.0
2026-07-12 08:00:00+00:00,0.205,0.2067,0.2043,0.2064,1292858.5
2026-07-12 12:00:00+00:00,0.2064,0.207,0.204,0.2063,1738397.3
2026-07-12 16:00:00+00:00,0.2063,0.2109,0.2055,0.2105,4379960.0
2026-07-12 20:00:00+00:00,0.2105,0.2109,0.2057,0.2069,1892231.4
2026-07-13 00:00:00+00:00,0.2069,0.2113,0.1996,0.2016,4835623.2
2026-07-13 04:00:00+00:00,0.2016,0.2068,0.2009,0.2067,2640481.2
2026-07-13 08:00:00+00:00,0.2067,0.2094,0.2056,0.2087,3823135.1
2026-07-13 12:00:00+00:00,0.2087,0.2158,0.2057,0.2154,9268817.2
2026-07-13 16:00:00+00:00,0.2154,0.2179,0.2102,0.2172,13068233.9
2026-07-13 20:00:00+00:00,0.2172,0.2203,0.2097,0.2135,10399217.2
2026-07-14 00:00:00+00:00,0.2135,0.2173,0.2107,0.2165,4549445.9
2026-07-14 04:00:00+00:00,0.2165,0.2267,0.215,0.2219,15035644.7
2026-07-14 08:00:00+00:00,0.2219,0.2244,0.2196,0.2213,8420842.1
2026-07-14 12:00:00+00:00,0.2213,0.2299,0.2208,0.2256,18700282.8
2026-07-14 16:00:00+00:00,0.2256,0.2268,0.2204,0.2227,8286311.9
2026-07-14 20:00:00+00:00,0.2227,0.2243,0.2207,0.2229,3194313.2
2026-07-15 00:00:00+00:00,0.2229,0.2281,0.222,0.2263,6554484.0
2026-07-15 04:00:00+00:00,0.2263,0.227,0.2174,0.2189,7358528.7
2026-07-15 08:00:00+00:00,0.2189,0.2219,0.2175,0.2204,4013773.7
2026-07-15 12:00:00+00:00,0.2204,0.2242,0.2148,0.2164,9569174.6
2026-07-15 16:00:00+00:00,0.2164,0.2175,0.2124,0.2142,8089435.2
2026-07-15 20:00:00+00:00,0.2142,0.2171,0.214,0.215,3667208.9
2026-07-16 00:00:00+00:00,0.215,0.2196,0.2141,0.219,4622423.9
2026-07-16 04:00:00+00:00,0.219,0.2191,0.2136,0.2145,2407246.5
2026-07-16 08:00:00+00:00,0.2145,0.2147,0.211,0.2133,3260131.9
2026-07-16 12:00:00+00:00,0.2133,0.2162,0.2127,0.2147,4288523.8
2026-07-16 16:00:00+00:00,0.2147,0.2199,0.2137,0.2177,7260341.0
2026-07-16 20:00:00+00:00,0.2177,0.2239,0.2172,0.2201,8438803.2
2026-07-17 00:00:00+00:00,0.2201,0.2219,0.2103,0.213,7269325.2
2026-07-17 04:00:00+00:00,0.213,0.2143,0.2075,0.2088,7578955.7
2026-07-17 08:00:00+00:00,0.2088,0.2146,0.2077,0.213,4043750.4
2026-07-17 12:00:00+00:00,0.213,0.2185,0.2092,0.2161,7975241.1
2026-07-17 16:00:00+00:00,0.2161,0.2173,0.2131,0.2144,2588947.6
2026-07-17 20:00:00+00:00,0.2144,0.2191,0.2142,0.2181,2005680.1
2026-07-18 00:00:00+00:00,0.2181,0.2188,0.2135,0.2144,1464932.9
2026-07-18 04:00:00+00:00,0.2144,0.2144,0.2115,0.214,1719307.6
2026-07-18 08:00:00+00:00,0.214,0.2146,0.2112,0.2122,2348148.4
2026-07-18 12:00:00+00:00,0.2122,0.2137,0.2117,0.2118,1540859.0
2026-07-18 16:00:00+00:00,0.2118,0.2153,0.2115,0.2128,2555348.0
2026-07-18 20:00:00+00:00,0.2128,0.213,0.2109,0.2118,2870096.7
2026-07-19 00:00:00+00:00,0.2118,0.2139,0.2115,0.2121,2052364.9
2026-07-19 04:00:00+00:00,0.2121,0.2147,0.2119,0.2131,1043938.3
2026-07-19 08:00:00+00:00,0.2131,0.2137,0.2112,0.2114,1641871.4
2026-07-19 12:00:00+00:00,0.2114,0.2131,0.2101,0.2122,2495270.1
2026-07-19 16:00:00+00:00,0.2122,0.2128,0.2086,0.2106,2652305.0
2026-07-19 20:00:00+00:00,0.2106,0.2131,0.21,0.2113,1970258.5
2026-07-20 00:00:00+00:00,0.2113,0.2133,0.2094,0.2101,2558135.6
2026-07-20 04:00:00+00:00,0.2101,0.2104,0.2056,0.2098,3310595.1
2026-07-20 08:00:00+00:00,0.2098,0.2175,0.209,0.2146,7358258.5
2026-07-20 12:00:00+00:00,0.2146,0.22,0.2144,0.2184,4786747.6
2026-07-20 16:00:00+00:00,0.2184,0.2198,0.2165,0.2174,3750407.9
2026-07-20 20:00:00+00:00,0.2174,0.218,0.2142,0.2147,1990108.1
2026-07-21 00:00:00+00:00,0.2147,0.2163,0.2144,0.2158,1483893.4
2026-07-21 04:00:00+00:00,0.2158,0.2172,0.2147,0.2153,2373460.4
2026-07-21 08:00:00+00:00,0.2153,0.2177,0.2123,0.214,4949273.9
2026-07-21 12:00:00+00:00,0.214,0.2162,0.2131,0.2138,4073273.2
2026-07-21 16:00:00+00:00,0.2138,0.2158,0.2125,0.215,1934666.9
2026-07-21 20:00:00+00:00,0.215,0.2157,0.2131,0.2142,1606816.7
2026-07-22 00:00:00+00:00,0.2142,0.2167,0.2135,0.2139,2843425.0
2026-07-22 04:00:00+00:00,0.2139,0.2145,0.2115,0.2133,3006658.2
2026-07-22 08:00:00+00:00,0.2133,0.2159,0.2128,0.2158,2712255.2
2026-07-22 12:00:00+00:00,0.2158,0.2173,0.2142,0.2153,2834839.1
2026-07-22 16:00:00+00:00,0.2153,0.2193,0.2112,0.2118,6428499.3
2026-07-22 20:00:00+00:00,0.2118,0.2132,0.2106,0.212,2784705.4
2026-07-23 00:00:00+00:00,0.212,0.213,0.2099,0.2107,2149032.8
2026-07-23 04:00:00+00:00,0.2107,0.212,0.2101,0.2109,1280984.9
2026-07-23 08:00:00+00:00,0.2109,0.2125,0.2106,0.2112,1322036.0
2026-07-23 12:00:00+00:00,0.2112,0.2131,0.2101,0.2115,3253276.4
2026-07-23 16:00:00+00:00,0.2115,0.2115,0.2076,0.2088,3185453.5
2026-07-23 20:00:00+00:00,0.2088,0.2106,0.2072,0.2086,1899117.2
2026-07-24 00:00:00+00:00,0.2086,0.2087,0.2063,0.2079,1695809.4
2026-07-24 04:00:00+00:00,0.2079,0.2096,0.2071,0.209,1356722.7
2026-07-24 08:00:00+00:00,0.209,0.2091,0.2027,0.2041,4156740.9
2026-07-24 12:00:00+00:00,0.2041,0.2048,0.2004,0.2029,4778272.3
2026-07-24 16:00:00+00:00,0.2029,0.2034,0.2015,0.2032,2390497.6
2026-07-24 20:00:00+00:00,0.2032,0.2036,0.201,0.2035,1919270.1
2026-07-25 00:00:00+00:00,0.2035,0.2044,0.2027,0.2032,1629035.7
2026-07-25 04:00:00+00:00,0.2032,0.2034,0.202,0.2023,1013019.4
2026-07-25 08:00:00+00:00,0.2023,0.204,0.2016,0.2029,1075592.8
2026-07-25 12:00:00+00:00,0.2029,0.2045,0.2025,0.203,1716925.3
2026-07-25 16:00:00+00:00,0.203,0.2039,0.202,0.2036,1394614.4
2026-07-25 20:00:00+00:00,0.2036,0.2043,0.2027,0.203,1355175.9
2026-07-26 00:00:00+00:00,0.203,0.2036,0.2013,0.2024,4721588.8
2026-07-26 04:00:00+00:00,0.2024,0.204,0.2018,0.2037,1953870.3
2026-07-26 08:00:00+00:00,0.2037,0.2053,0.2029,0.204,2449095.3
2026-07-26 12:00:00+00:00,0.204,0.2052,0.2031,0.2045,2223592.4
2026-07-26 16:00:00+00:00,0.2045,0.2062,0.2035,0.2055,2867485.0
2026-07-26 20:00:00+00:00,0.2055,0.2103,0.2047,0.2098,4460695.3
2026-07-27 00:00:00+00:00,0.2098,0.2118,0.2081,0.2098,1440630.9
2026-07-27 04:00:00+00:00,0.2098,0.2117,0.2096,0.2113,1553279.6
2026-07-27 08:00:00+00:00,0.2113,0.2113,0.2092,0.2095,1959620.7
2026-07-27 12:00:00+00:00,0.2095,0.2116,0.2033,0.2049,6196598.9
2026-07-27 16:00:00+00:00,0.2049,0.2061,0.2034,0.2045,3926965.9
2026-07-27 20:00:00+00:00,0.2045,0.2078,0.2006,0.2072,9583660.8
2026-07-28 00:00:00+00:00,0.2072,0.2113,0.2066,0.2105,3962951.9
2026-07-28 04:00:00+00:00,0.2105,0.2147,0.2089,0.21,8881097.7
2026-07-28 08:00:00+00:00,0.21,0.212,0.2084,0.2114,2780892.0
2026-07-28 12:00:00+00:00,0.2114,0.2147,0.209,0.2145,4574650.5
2026-07-28 16:00:00+00:00,0.2145,0.2169,0.213,0.2141,2789959.3
2026-07-28 20:00:00+00:00,0.2141,0.2151,0.2102,0.2115,2455606.0
2026-07-29 00:00:00+00:00,0.2115,0.2138,0.2084,0.2088,2577095.5
2026-07-29 04:00:00+00:00,0.2088,0.2109,0.2075,0.2098,2360344.8
2026-07-29 08:00:00+00:00,0.2098,0.2119,0.2089,0.2107,1805380.0
2026-07-29 12:00:00+00:00,0.2107,0.2107,0.2084,0.21,2056381.1
2026-07-29 16:00:00+00:00,0.21,0.2123,0.2069,0.2075,7072250.0
2026-07-29 20:00:00+00:00,0.2075,0.2105,0.203,0.2087,5215648.1
2026-07-30 00:00:00+00:00,0.2087,0.2114,0.2084,0.2099,1427341.0
2026-07-30 04:00:00+00:00,0.2099,0.2109,0.2079,0.2091,1355405.6
2026-07-30 08:00:00+00:00,0.2091,0.2129,0.209,0.2094,2864194.2
2026-07-30 12:00:00+00:00,0.2094,0.2121,0.2091,0.2098,2912212.2
2026-07-30 16:00:00+00:00,0.2098,0.2154,0.2092,0.2141,4336265.0
2026-07-30 20:00:00+00:00,0.2141,0.2147,0.2117,0.2118,2008338.5
2026-07-31 00:00:00+00:00,0.2118,0.2144,0.2088,0.2099,2835279.4
2026-07-31 04:00:00+00:00,0.2099,0.2104,0.207,0.2083,1716291.0
2026-07-31 08:00:00+00:00,0.2083,0.2096,0.2067,0.2081,2113698.0
2026-07-31 12:00:00+00:00,0.2081,0.2086,0.2052,0.2073,3604252.9
2026-07-31 16:00:00+00:00,0.2073,0.21,0.2069,0.2084,1954923.8
2026-07-31 20:00:00+00:00,0.2084,0.2093,0.2074,0.2081,973585.2
2026-08-01 00:00:00+00:00,0.2081,0.2088,0.2074,0.2081,856668.0
2026-08-01 04:00:00+00:00,0.2081,0.2086,0.2064,0.2065,973976.1
2026-08-01 08:00:00+00:00,0.2065,0.2066,0.2043,0.2056,1511612.8
2026-08-01 12:00:00+00:00,0.2056,0.2057,0.204,0.2044,1815622.3
2026-08-01 16:00:00+00:00,0.2044,0.2045,0.1985,0.2,8275001.0
2026-08-01 20:00:00+00:00,0.2,0.2014,0.1992,0.2,2071452.9
2026-08-02 00:00:00+00:00,0.2,0.2035,0.1998,0.2032,3038818.6
2026-08-02 04:00:00+00:00,0.2032,0.2069,0.2031,0.2066,2159193.8
2026-08-02 08:00:00+00:00,0.2066,0.207,0.2041,0.2044,1314112.4
2026-08-02 12:00:00+00:00,0.2044,0.205,0.203,0.2032,1110004.3
2026-08-02 16:00:00+00:00,0.2032,0.205,0.2028,0.2048,1569809.8
2026-08-02 20:00:00+00:00,0.2048,0.2061,0.2017,0.2026,5084932.4
2026-08-03 00:00:00+00:00,0.2026,0.2032,0.1997,0.2004,4623959.4
2026-08-03 04:00:00+00:00,0.2004,0.2016,0.2002,0.2013,1921828.4
2026-08-03 08:00:00+00:00,0.2013,0.203,0.2007,0.2017,3547444.9
2026-08-03 12:00:00+00:00,0.2017,0.206,0.2013,0.2049,4489969.9
2026-08-03 16:00:00+00:00,0.2049,0.2066,0.2041,0.2054,3889078.8
2026-08-03 20:00:00+00:00,0.2054,0.2064,0.2045,0.2057,1573337.6
2026-08-04 00:00:00+00:00,0.2057,0.2067,0.2041,0.2061,1635673.5
2026-08-04 04:00:00+00:00,0.2061,0.2075,0.2045,0.2055,2580065.3
2026-08-04 08:00:00+00:00,0.2055,0.206,0.2036,0.2046,1769249.6
2026-08-04 12:00:00+00:00,0.2046,0.2047,0.2018,0.2032,6173608.3
2026-08-04 16:00:00+00:00,0.2032,0.2051,0.2013,0.2042,3587888.9
2026-08-04 20:00:00+00:00,0.2042,0.2059,0.2035,0.205,1706512.4
2026-08-05 00:00:00+00:00,0.205,0.206,0.204,0.2052,2730484.9
2026-08-05 04:00:00+00:00,0.2052,0.2068,0.2049,0.2064,2697601.1
2026-08-05 08:00:00+00:00,0.2064,0.2071,0.2038,0.2041,1979465.1
2026-08-05 12:00:00+00:00,0.2041,0.2055,0.2027,0.2029,2901142.2
2026-08-05 16:00:00+00:00,0.2029,0.2054,0.2025,0.2036,2061284.1
2026-08-05 20:00:00+00:00,0.2036,0.2054,0.2033,0.2052,2664088.5
2026-08-06 00:00:00+00:00,0.2052,0.2059,0.2037,0.2042,1198015.3
2026-08-06 04:00:00+00:00,0.2042,0.2117,0.2037,0.2111,7070537.9
2026-08-06 08:00:00+00:00,0.2111,0.2117,0.208,0.2103,5793800.7
2026-08-06 12:00:00+00:00,0.2103,0.2141,0.2086,0.213,4911996.9
2026-08-06 16:00:00+00:00,0.213,0.2215,0.213,0.2141,15449872.1
2026-08-06 20:00:00+00:00,0.2141,0.2149,0.2126,0.2145,1571321.1
2026-08-07 00:00:00+00:00,0.2145,0.2187,0.2142,0.217,3475521.9
2026-08-07 04:00:00+00:00,0.217,0.218,0.2154,0.2157,2012624.7
2026-08-07 08:00:00+00:00,0.2157,0.2161,0.214,0.2151,2308724.8
2026-08-07 12:00:00+00:00,0.2151,0.2167,0.2112,0.212,3290401.2
2026-08-07 16:00:00+00:00,0.212,0.2132,0.2096,0.2115,3335279.7
2026-08-07 20:00:00+00:00,0.2115,0.2127,0.211,0.2127,517077.0
2026-08-08 00:00:00+00:00,0.2127,0.2163,0.2117,0.2159,1830029.5
2026-08-08 04:00:00+00:00,0.2159,0.2259,0.2153,0.2247,6856293.6
2026-08-08 08:00:00+00:00,0.2247,0.2266,0.2225,0.2241,5108044.9
2026-08-08 12:00:00+00:00,0.2241,0.2294,0.2239,0.2277,5064202.9
2026-08-08 16:00:00+00:00,0.2277,0.2281,0.2251,0.2272,2256151.6
2026-08-08 20:00:00+00:00,0.2272,0.2284,0.226,0.2264,1384910.6
2026-08-09 00:00:00+00:00,0.2264,0.2279,0.2246,0.2274,3157818.5
2026-08-09 04:00:00+00:00,0.2274,0.2296,0.226,0.2268,2775304.2
2026-08-09 08:00:00+00:00,0.2268,0.2374,0.2258,0.2373,7389342.7
2026-08-09 12:00:00+00:00,0.2373,0.246,0.2351,0.2414,8034046.5
2026-08-09 16:00:00+00:00,0.2414,0.242,0.2376,0.2377,3053919.8
2026-08-09 20:00:00+00:00,0.2377,0.2403,0.2361,0.2368,2638742.3
2026-08-10 00:00:00+00:00,0.2368,0.2424,0.2362,0.2413,4036428.8
2026-08-10 04:00:00+00:00,0.2413,0.2419,0.2373,0.2373,1851817.3
2026-08-10 08:00:00+00:00,0.2373,0.2439,0.2372,0.2432,4546807.3
2026-08-10 12:00:00+00:00,0.2432,0.2468,0.239,0.2402,8843585.6
2026-08-10 16:00:00+00:00,0.2402,0.2634,0.2397,0.2578,22918261.7
2026-08-10 20:00:00+00:00,0.2578,0.2661,0.2566,0.2627,13484548.7
2026-08-11 00:00:00+00:00,0.2627,0.2728,0.2615,0.2668,16209062.2
2026-08-11 04:00:00+00:00,0.2668,0.2709,0.2588,0.2611,18555333.2
2026-08-11 08:00:00+00:00,0.2611,0.2693,0.2585,0.2667,12217565.3
2026-08-11 12:00:00+00:00,0.2667,0.2692,0.2621,0.2648,11364579.2
2026-08-11 16:00:00+00:00,0.2648,0.273,0.2621,0.2677,28773393.4
2026-08-11 20:00:00+00:00,0.2677,0.2714,0.2643,0.2696,12654277.9
2026-08-12 00:00:00+00:00,0.2696,0.2811,0.2618,0.2633,34072382.5
2026-08-12 04:00:00+00:00,0.2633,0.2863,0.2596,0.2845,19604465.5
2026-08-12 08:00:00+00:00,0.2845,0.285,0.2745,0.2754,12470999.2
2026-08-12 12:00:00+00:00,0.2754,0.2779,0.2669,0.2751,14613224.1
2026-08-12 16:00:00+00:00,0.2751,0.2786,0.2634,0.2646,15538758.3
2026-08-12 20:00:00+00:00,0.2646,0.2683,0.2643,0.267,4015808.9
2026-08-13 00:00:00+00:00,0.267,0.269,0.2584,0.2606,11059477.4
2026-08-13 04:00:00+00:00,0.2606,0.261,0.2518,0.2548,10644663.1
2026-08-13 08:00:00+00:00,0.2548,0.2601,0.2495,0.2507,10411409.9
2026-08-13 12:00:00+00:00,0.2507,0.255,0.2488,0.2545,6189381.3
2026-08-13 16:00:00+00:00,0.2545,0.2545,0.2471,0.2529,8077622.0
2026-08-13 20:00:00+00:00,0.2529,0.2569,0.2514,0.2539,3683310.0
2026-08-14 00:00:00+00:00,0.2539,0.2552,0.2505,0.2517,2919059.9
2026-08-14 04:00:00+00:00,0.2517,0.2552,0.2507,0.2512,3116347.2
2026-08-14 08:00:00+00:00,0.2512,0.2513,0.2452,0.2465,8994537.7
2026-08-14 12:00:00+00:00,0.2465,0.2485,0.2425,0.2472,9805404.8
2026-08-14 16:00:00+00:00,0.2472,0.2474,0.2387,0.241,11415374.8
2026-08-14 20:00:00+00:00,0.241,0.2418,0.2378,0.2385,3254367.9
2026-08-15 00:00:00+00:00,0.2385,0.2439,0.2377,0.2415,3633438.8
2026-08-15 04:00:00+00:00,0.2415,0.2431,0.2389,0.2392,4220968.1
2026-08-15 08:00:00+00:00,0.2392,0.2429,0.2392,0.2408,2390980.3
2026-08-15 12:00:00+00:00,0.2408,0.243,0.24,0.2422,1752371.2
2026-08-15 16:00:00+00:00,0.2422,0.2423,0.2387,0.2401,2380133.2
2026-08-15 20:00:00+00:00,0.2401,0.2424,0.2395,0.2417,2913756.5
2026-08-16 00:00:00+00:00,0.2417,0.242,0.2396,0.2405,2193798.0
2026-08-16 04:00:00+00:00,0.2405,0.2421,0.2391,0.2411,1561438.9
2026-08-16 08:00:00+00:00,0.2411,0.2514,0.2411,0.2506,7944327.0
2026-08-16 12:00:00+00:00,0.2506,0.2521,0.2448,0.2471,4764545.4
2026-08-16 16:00:00+00:00,0.2471,0.2552,0.2461,0.2514,6093595.1
2026-08-16 20:00:00+00:00,0.2514,0.2529,0.2468,0.2487,4157515.4
2026-08-17 00:00:00+00:00,0.2487,0.2514,0.247,0.2504,4366604.9
2026-08-17 04:00:00+00:00,0.2504,0.2512,0.2464,0.2473,3063213.1
2026-08-17 08:00:00+00:00,0.2473,0.2478,0.2411,0.2454,8517818.3
