timestamp,open,high,low,close,volume
2023-11-21 12:00:00+00:00,0.0254,0.02567,0.02435,0.02519,1229207049.0
2023-11-21 16:00:00+00:00,0.02519,0.02549,0.02347,0.02401,1221574023.0
2023-11-21 20:00:00+00:00,0.02401,0.0245,0.02251,0.02266,845696714.0
2023-11-22 00:00:00+00:00,0.02266,0.02365,0.02257,0.02353,710612982.0
2023-11-22 04:00:00+00:00,0.02353,0.02401,0.02329,0.02372,508924944.0
2023-11-22 08:00:00+00:00,0.02372,0.0239,0.02338,0.02342,338011980.0
2023-11-22 12:00:00+00:00,0.02342,0.02391,0.02317,0.02343,654267396.0
2023-11-22 16:00:00+00:00,0.02343,0.02457,0.02315,0.02447,608011209.0
2023-11-22 20:00:00+00:00,0.02447,0.0254,0.02447,0.02538,434012711.0
2023-11-23 00:00:00+00:00,0.02538,0.02569,0.02497,0.025,319086724.0
2023-11-23 04:00:00+00:00,0.025,0.02506,0.02475,0.02489,199045530.0
2023-11-23 08:00:00+00:00,0.02489,0.02517,0.02444,0.02467,487762618.0
2023-11-23 12:00:00+00:00,0.02467,0.02478,0.0239,0.02397,416979092.0
2023-11-23 16:00:00+00:00,0.02397,0.02447,0.02397,0.0242,233588363.0
2023-11-23 20:00:00+00:00,0.0242,0.0244,0.02401,0.02408,131343665.0
2023-11-24 00:00:00+00:00,0.02408,0.02445,0.02392,0.02413,193796785.0
2023-11-24 04:00:00+00:00,0.02413,0.02523,0.02398,0.02489,321026075.0
2023-11-24 08:00:00+00:00,0.02489,0.02507,0.02446,0.02459,523409685.0
2023-11-24 12:00:00+00:00,0.02459,0.02506,0.0244,0.02486,331323395.0
2023-11-24 16:00:00+00:00,0.02486,0.02519,0.02449,0.02462,385040772.0
2023-11-24 20:00:00+00:00,0.02462,0.02497,0.02428,0.02448,330648756.0
2023-11-25 00:00:00+00:00,0.02448,0.02607,0.02421,0.02595,536024950.0
2023-11-25 04:00:00+00:00,0.02595,0.02682,0.02577,0.02681,864996490.0
2023-11-25 08:00:00+00:00,0.02681,0.02702,0.0256,0.02582,1294311339.0
2023-11-25 12:00:00+00:00,0.02582,0.02636,0.02573,0.02614,377897285.0
2023-11-25 16:00:00+00:00,0.02614,0.02642,0.02587,0.02603,317009623.0
2023-11-25 20:00:00+00:00,0.02603,0.0264,0.0259,0.02637,141363607.0
2023-11-26 00:00:00+00:00,0.02637,0.02757,0.02619,0.02639,697138505.0
2023-11-26 04:00:00+00:00,0.02639,0.02723,0.02627,0.02672,460481497.0
2023-11-26 08:00:00+00:00,0.02672,0.02679,0.0261,0.02625,364209251.0
2023-11-26 12:00:00+00:00,0.02625,0.02691,0.02592,0.02604,758018409.0
2023-11-26 16:00:00+00:00,0.02604,0.0263,0.02527,0.02616,659498499.0
2023-11-26 20:00:00+00:00,0.02616,0.02741,0.02607,0.02724,432335547.0
2023-11-27 00:00:00+00:00,0.02724,0.02754,0.02631,0.02668,561628114.0
2023-11-27 04:00:00+00:00,0.02668,0.02725,0.02616,0.02655,627890391.0
2023-11-27 08:00:00+00:00,0.02655,0.02775,0.02635,0.02728,979522620.0
2023-11-27 12:00:00+00:00,0.02728,0.02796,0.02601,0.02615,1362539024.0
2023-11-27 16:00:00+00:00,0.02615,0.02763,0.02614,0.02674,687443598.0
2023-11-27 20:00:00+00:00,0.02674,0.02743,0.02616,0.02733,546461422.0
2023-11-28 00:00:00+00:00,0.02733,0.0275,0.02647,0.02664,430054663.0
2023-11-28 04:00:00+00:00,0.02664,0.0267,0.02512,0.02545,774230287.0
2023-11-28 08:00:00+00:00,0.02545,0.02601,0.02519,0.02592,634778380.0
2023-11-28 12:00:00+00:00,0.02592,0.02622,0.02534,0.02578,502648681.0
2023-11-28 16:00:00+00:00,0.02578,0.02657,0.02568,0.0264,569328386.0
2023-11-28 20:00:00+00:00,0.0264,0.02676,0.02608,0.02629,298802352.0
2023-11-29 00:00:00+00:00,0.02629,0.02673,0.02588,0.02608,338588411.0
2023-11-29 04:00:00+00:00,0.02608,0.02643,0.02589,0.02617,201855584.0
2023-11-29 08:00:00+00:00,0.02617,0.0266,0.02557,0.02565,442976956.0
2023-11-29 12:00:00+00:00,0.02565,0.02583,0.02491,0.02516,500316890.0
2023-11-29 16:00:00+00:00,0.02516,0.02538,0.02486,0.02525,247956363.0
2023-11-29 20:00:00+00:00,0.02525,0.02527,0.02492,0.02511,136371332.0
2023-11-30 00:00:00+00:00,0.02511,0.02529,0.02456,0.02525,389245880.0
2023-11-30 04:00:00+00:00,0.02525,0.0253,0.02485,0.025,257487158.0
2023-11-30 08:00:00+00:00,0.025,0.02531,0.02468,0.02529,399892225.0
2023-11-30 12:00:00+00:00,0.02529,0.02544,0.02499,0.02516,308322771.0
2023-11-30 16:00:00+00:00,0.02516,0.02532,0.02504,0.02517,123454556.0
2023-11-30 20:00:00+00:00,0.02517,0.02546,0.02503,0.02521,132540395.0
2023-12-01 00:00:00+00:00,0.02521,0.02582,0.02499,0.02571,250402348.0
2023-12-01 04:00:00+00:00,0.02571,0.02588,0.02547,0.02566,230633931.0
2023-12-01 08:00:00+00:00,0.02566,0.02602,0.02557,0.02592,242820042.0
2023-12-01 12:00:00+00:00,0.02592,0.02603,0.02575,0.02591,221618870.0
2023-12-01 16:00:00+00:00,0.02591,0.02635,0.02586,0.02613,252975562.0
2023-12-01 20:00:00+00:00,0.02613,0.02619,0.0259,0.02605,100214970.0
2023-12-02 00:00:00+00:00,0.02605,0.02632,0.02595,0.02628,95279222.0
2023-12-02 04:00:00+00:00,0.02628,0.02629,0.02602,0.02604,101577939.0
2023-12-02 08:00:00+00:00,0.02604,0.02625,0.02604,0.02617,88890697.0
2023-12-02 12:00:00+00:00,0.02617,0.02635,0.02574,0.02601,315627360.0
2023-12-02 16:00:00+00:00,0.02601,0.02688,0.02586,0.02672,433981187.0
2023-12-02 20:00:00+00:00,0.02672,0.02687,0.02653,0.02653,165252931.0
2023-12-03 00:00:00+00:00,0.02653,0.02689,0.02648,0.02666,197231768.0
2023-12-03 04:00:00+00:00,0.02666,0.02713,0.02664,0.02704,201348348.0
2023-12-03 08:00:00+00:00,0.02704,0.02719,0.02662,0.02675,198350606.0
2023-12-03 12:00:00+00:00,0.02675,0.02682,0.02613,0.02632,409213863.0
2023-12-03 16:00:00+00:00,0.02632,0.02691,0.02629,0.02667,197660672.0
2023-12-03 20:00:00+00:00,0.02667,0.02721,0.02654,0.02669,248286802.0
2023-12-04 00:00:00+00:00,0.02669,0.0274,0.02661,0.02718,268006024.0
2023-12-04 04:00:00+00:00,0.02718,0.02853,0.02718,0.02798,570249118.0
2023-12-04 08:00:00+00:00,0.02798,0.0283,0.02559,0.0271,1424931432.0
2023-12-04 12:00:00+00:00,0.0271,0.02756,0.02653,0.02675,570718828.0
2023-12-04 16:00:00+00:00,0.02675,0.02805,0.02666,0.02801,492671353.0
2023-12-04 20:00:00+00:00,0.02801,0.02963,0.02778,0.02938,906807613.0
2023-12-05 00:00:00+00:00,0.02938,0.03201,0.02929,0.03031,1741674195.0
2023-12-05 04:00:00+00:00,0.03031,0.03179,0.03007,0.03077,1051454033.0
2023-12-05 08:00:00+00:00,0.03077,0.03101,0.0296,0.03003,697034470.0
2023-12-05 12:00:00+00:00,0.03003,0.03019,0.02908,0.02989,694758239.0
2023-12-05 16:00:00+00:00,0.02989,0.03073,0.02953,0.03015,613156529.0
2023-12-05 20:00:00+00:00,0.03015,0.03049,0.02977,0.03034,303308131.0
2023-12-06 00:00:00+00:00,0.03034,0.0308,0.02973,0.03009,409048480.0
2023-12-06 04:00:00+00:00,0.03009,0.03034,0.02911,0.02954,512139465.0
2023-12-06 08:00:00+00:00,0.02954,0.03012,0.02837,0.02894,637442817.0
2023-12-06 12:00:00+00:00,0.02894,0.0295,0.02875,0.02924,342080215.0
2023-12-06 16:00:00+00:00,0.02924,0.02985,0.02919,0.02977,274520941.0
2023-12-06 20:00:00+00:00,0.02977,0.02983,0.02869,0.0289,273407281.0
2023-12-07 00:00:00+00:00,0.0289,0.02939,0.02867,0.02884,218468236.0
2023-12-07 04:00:00+00:00,0.02884,0.02972,0.02878,0.02962,236226597.0
2023-12-07 08:00:00+00:00,0.02962,0.03025,0.02841,0.03014,974573729.0
2023-12-07 12:00:00+00:00,0.03014,0.03166,0.03001,0.03099,911676601.0
2023-12-07 16:00:00+00:00,0.03099,0.03174,0.03088,0.03094,692415854.0
2023-12-07 20:00:00+00:00,0.03094,0.03249,0.03089,0.03154,603147003.0
2023-12-08 00:00:00+00:00,0.03154,0.03176,0.03101,0.03139,260141271.0
2023-12-08 04:00:00+00:00,0.03139,0.03157,0.0306,0.0309,372838387.0
2023-12-08 08:00:00+00:00,0.0309,0.03124,0.03066,0.03117,239258899.0
2023-12-08 12:00:00+00:00,0.03117,0.03138,0.03066,0.03127,384575072.0
2023-12-08 16:00:00+00:00,0.03127,0.03364,0.03126,0.03269,1236360204.0
2023-12-08 20:00:00+00:00,0.03269,0.03343,0.03248,0.03302,394187353.0
2023-12-09 00:00:00+00:00,0.03302,0.03386,0.03288,0.03295,344597176.0
2023-12-09 04:00:00+00:00,0.03295,0.03346,0.03284,0.03337,171302506.0
2023-12-09 08:00:00+00:00,0.03337,0.03506,0.03245,0.03414,1073023922.0
2023-12-09 12:00:00+00:00,0.03414,0.03516,0.03344,0.03368,731599337.0
2023-12-09 16:00:00+00:00,0.03368,0.03379,0.03289,0.03319,339125075.0
2023-12-09 20:00:00+00:00,0.03319,0.03322,0.03184,0.03235,401951377.0
2023-12-10 00:00:00+00:00,0.03235,0.03293,0.03234,0.03278,157108179.0
2023-12-10 04:00:00+00:00,0.03278,0.0332,0.03246,0.03289,183326331.0
2023-12-10 08:00:00+00:00,0.03289,0.03297,0.03161,0.03223,302320817.0
2023-12-10 12:00:00+00:00,0.03223,0.03265,0.03214,0.03262,216148575.0
2023-12-10 16:00:00+00:00,0.03262,0.03313,0.03234,0.03312,166424526.0
2023-12-10 20:00:00+00:00,0.03312,0.03472,0.0331,0.03456,633278329.0
2023-12-11 00:00:00+00:00,0.03456,0.03467,0.02826,0.03144,1494789692.0
2023-12-11 04:00:00+00:00,0.03144,0.03159,0.03051,0.03076,367309732.0
2023-12-11 08:00:00+00:00,0.03076,0.03177,0.03064,0.03172,240720763.0
2023-12-11 12:00:00+00:00,0.03172,0.03217,0.03053,0.03096,556311740.0
2023-12-11 16:00:00+00:00,0.03096,0.03139,0.02936,0.03024,611905076.0
2023-12-11 20:00:00+00:00,0.03024,0.03095,0.02992,0.03068,189545711.0
2023-12-12 00:00:00+00:00,0.03068,0.03242,0.03065,0.03189,266575749.0
2023-12-12 04:00:00+00:00,0.03189,0.03223,0.03115,0.03187,278449974.0
2023-12-12 08:00:00+00:00,0.03187,0.03189,0.03076,0.03079,229489667.0
2023-12-12 12:00:00+00:00,0.03079,0.03144,0.03013,0.03047,352317043.0
2023-12-12 16:00:00+00:00,0.03047,0.0307,0.02984,0.0304,231300960.0
2023-12-12 20:00:00+00:00,0.0304,0.03087,0.02989,0.03075,166190458.0
2023-12-13 00:00:00+00:00,0.03075,0.03082,0.02917,0.0295,310834451.0
2023-12-13 04:00:00+00:00,0.0295,0.02971,0.02873,0.02936,236819729.0
2023-12-13 08:00:00+00:00,0.02936,0.02975,0.02929,0.02937,197996177.0
2023-12-13 12:00:00+00:00,0.02937,0.03072,0.0293,0.03059,259179916.0
2023-12-13 16:00:00+00:00,0.03059,0.03143,0.0302,0.03141,219598811.0
2023-12-13 20:00:00+00:00,0.03141,0.03201,0.03118,0.03158,205526102.0
2023-12-14 00:00:00+00:00,0.03158,0.03205,0.03144,0.03178,221901730.0
2023-12-14 04:00:00+00:00,0.03178,0.03248,0.03165,0.03208,183480927.0
2023-12-14 08:00:00+00:00,0.03208,0.03266,0.03191,0.03264,195648277.0
2023-12-14 12:00:00+00:00,0.03264,0.03265,0.03027,0.03179,592125320.0
2023-12-14 16:00:00+00:00,0.03179,0.03213,0.03159,0.03167,188588521.0
2023-12-14 20:00:00+00:00,0.03167,0.03231,0.03151,0.03212,115923641.0
2023-12-15 00:00:00+00:00,0.03212,0.03218,0.03136,0.03144,112244640.0
2023-12-15 04:00:00+00:00,0.03144,0.03149,0.03101,0.03105,126195214.0
2023-12-15 08:00:00+00:00,0.03105,0.03143,0.03087,0.03097,169875177.0
2023-12-15 12:00:00+00:00,0.03097,0.031,0.03034,0.0306,224510531.0
2023-12-15 16:00:00+00:00,0.0306,0.03086,0.03037,0.03061,89514735.0
2023-12-15 20:00:00+00:00,0.03061,0.03074,0.02952,0.02963,193236359.0
2023-12-16 00:00:00+00:00,0.02963,0.03049,0.02923,0.03043,139791662.0
2023-12-16 04:00:00+00:00,0.03043,0.03083,0.03026,0.03065,69064298.0
2023-12-16 08:00:00+00:00,0.03065,0.0312,0.0306,0.03119,175385614.0
2023-12-16 12:00:00+00:00,0.03119,0.03151,0.0308,0.03116,158894376.0
2023-12-16 16:00:00+00:00,0.03116,0.03138,0.03038,0.03055,182253504.0
2023-12-16 20:00:00+00:00,0.03055,0.03095,0.03025,0.0306,98257042.0
2023-12-17 00:00:00+00:00,0.0306,0.03098,0.03035,0.03079,92809100.0
2023-12-17 04:00:00+00:00,0.03079,0.03121,0.03002,0.03008,191688852.0
2023-12-17 08:00:00+00:00,0.03008,0.03055,0.03004,0.03043,86587582.0
2023-12-17 12:00:00+00:00,0.03043,0.03051,0.02972,0.03047,161003614.0
2023-12-17 16:00:00+00:00,0.03047,0.03088,0.03024,0.03054,114706735.0
2023-12-17 20:00:00+00:00,0.03054,0.03075,0.02956,0.02974,149346950.0
2023-12-18 00:00:00+00:00,0.02974,0.03002,0.02865,0.02906,238927164.0
2023-12-18 04:00:00+00:00,0.02906,0.02919,0.02842,0.02858,118546228.0
2023-12-18 08:00:00+00:00,0.02858,0.0288,0.02698,0.02781,477567435.0
2023-12-18 12:00:00+00:00,0.02781,0.02861,0.02737,0.02818,197035142.0
2023-12-18 16:00:00+00:00,0.02818,0.02869,0.02798,0.02851,126118598.0
2023-12-18 20:00:00+00:00,0.02851,0.02936,0.02826,0.02928,204547881.0
2023-12-19 00:00:00+00:00,0.02928,0.02983,0.0291,0.02947,163515427.0
2023-12-19 04:00:00+00:00,0.02947,0.02975,0.02915,0.02974,97240315.0
2023-12-19 08:00:00+00:00,0.02974,0.02979,0.02924,0.0294,177022005.0
2023-12-19 12:00:00+00:00,0.0294,0.02952,0.02856,0.02893,270525609.0
2023-12-19 16:00:00+00:00,0.02893,0.02915,0.02812,0.0287,238713812.0
2023-12-19 20:00:00+00:00,0.0287,0.02884,0.02826,0.02857,81472851.0
2023-12-20 00:00:00+00:00,0.02857,0.0289,0.02814,0.02872,125423874.0
2023-12-20 04:00:00+00:00,0.02872,0.02968,0.02863,0.02956,304408103.0
2023-12-20 08:00:00+00:00,0.02956,0.0299,0.02938,0.02979,192020279.0
2023-12-20 12:00:00+00:00,0.02979,0.03078,0.02966,0.03065,433805098.0
2023-12-20 16:00:00+00:00,0.03065,0.03138,0.03012,0.03042,304387575.0
2023-12-20 20:00:00+00:00,0.03042,0.03053,0.02967,0.03051,309274964.0
2023-12-21 00:00:00+00:00,0.03051,0.03121,0.03013,0.03098,207661291.0
2023-12-21 04:00:00+00:00,0.03098,0.03146,0.03081,0.03099,215188379.0
2023-12-21 08:00:00+00:00,0.03099,0.03122,0.03061,0.03098,213920788.0
2023-12-21 12:00:00+00:00,0.03098,0.03125,0.03012,0.03045,286171883.0
2023-12-21 16:00:00+00:00,0.03045,0.0312,0.03045,0.03116,243075110.0
2023-12-21 20:00:00+00:00,0.03116,0.03171,0.0311,0.03148,239931228.0
2023-12-22 00:00:00+00:00,0.03148,0.03221,0.03148,0.03192,206437505.0
2023-12-22 04:00:00+00:00,0.03192,0.0321,0.03107,0.03137,252851459.0
2023-12-22 08:00:00+00:00,0.03137,0.03231,0.0313,0.03213,242237295.0
2023-12-22 12:00:00+00:00,0.03213,0.03287,0.0316,0.0326,261484737.0
2023-12-22 16:00:00+00:00,0.0326,0.03261,0.03176,0.03192,160195953.0
2023-12-22 20:00:00+00:00,0.03192,0.03241,0.03187,0.03226,89003428.0
2023-12-23 00:00:00+00:00,0.03226,0.03246,0.03075,0.0309,282575270.0
2023-12-23 04:00:00+00:00,0.0309,0.03132,0.03069,0.03108,183451652.0
2023-12-23 08:00:00+00:00,0.03108,0.03134,0.03093,0.03103,92866025.0
2023-12-23 12:00:00+00:00,0.03103,0.03136,0.03101,0.03119,73176250.0
2023-12-23 16:00:00+00:00,0.03119,0.03144,0.03108,0.03127,124823451.0
2023-12-23 20:00:00+00:00,0.03127,0.0317,0.03115,0.03159,88644009.0
2023-12-24 00:00:00+00:00,0.03159,0.03164,0.03095,0.03133,190326830.0
2023-12-24 04:00:00+00:00,0.03133,0.03169,0.03061,0.0311,205091351.0
2023-12-24 08:00:00+00:00,0.0311,0.03118,0.03031,0.03088,153580873.0
2023-12-24 12:00:00+00:00,0.03088,0.03171,0.03076,0.03142,156315012.0
2023-12-24 16:00:00+00:00,0.03142,0.0323,0.03126,0.03207,165971107.0
2023-12-24 20:00:00+00:00,0.03207,0.03227,0.0301,0.03099,375174140.0
2023-12-25 00:00:00+00:00,0.03099,0.03113,0.03025,0.03051,180051177.0
2023-12-25 04:00:00+00:00,0.03051,0.0329,0.03046,0.03221,409102966.0
2023-12-25 08:00:00+00:00,0.03221,0.03337,0.03187,0.03313,400064438.0
2023-12-25 12:00:00+00:00,0.03313,0.03444,0.03276,0.03396,565116969.0
2023-12-25 16:00:00+00:00,0.03396,0.03678,0.0339,0.03518,999370964.0
2023-12-25 20:00:00+00:00,0.03518,0.03579,0.03451,0.03573,359024298.0
2023-12-26 00:00:00+00:00,0.03573,0.03648,0.03503,0.03558,572124353.0
2023-12-26 04:00:00+00:00,0.03558,0.03563,0.03293,0.03364,958069757.0
2023-12-26 08:00:00+00:00,0.03364,0.03402,0.0327,0.03396,464352410.0
2023-12-26 12:00:00+00:00,0.03396,0.03463,0.03286,0.033,479331512.0
2023-12-26 16:00:00+00:00,0.033,0.03347,0.0305,0.03225,910220419.0
2023-12-26 20:00:00+00:00,0.03225,0.03326,0.03216,0.03314,191967805.0
2023-12-27 00:00:00+00:00,0.03314,0.03389,0.03198,0.03219,440446420.0
2023-12-27 04:00:00+00:00,0.03219,0.03297,0.03217,0.03257,293149382.0
2023-12-27 08:00:00+00:00,0.03257,0.03388,0.03248,0.03365,243701444.0
2023-12-27 12:00:00+00:00,0.03365,0.03435,0.03353,0.03387,344780032.0
2023-12-27 16:00:00+00:00,0.03387,0.03408,0.03341,0.03365,189110555.0
2023-12-27 20:00:00+00:00,0.03365,0.03401,0.03304,0.03347,137582013.0
2023-12-28 00:00:00+00:00,0.03347,0.03433,0.03342,0.03405,244081049.0
2023-12-28 04:00:00+00:00,0.03405,0.03423,0.03236,0.033,354069103.0
2023-12-28 08:00:00+00:00,0.033,0.03307,0.03256,0.03288,145585200.0
2023-12-28 12:00:00+00:00,0.03288,0.03288,0.03095,0.03141,678791965.0
2023-12-28 16:00:00+00:00,0.03141,0.0316,0.03082,0.03128,248515943.0
2023-12-28 20:00:00+00:00,0.03128,0.03151,0.03071,0.03134,356149741.0
2023-12-29 00:00:00+00:00,0.03134,0.03168,0.03039,0.03149,332728898.0
2023-12-29 04:00:00+00:00,0.03149,0.03217,0.03131,0.03143,268173150.0
2023-12-29 08:00:00+00:00,0.03143,0.03239,0.03138,0.03206,211031844.0
2023-12-29 12:00:00+00:00,0.03206,0.03218,0.03063,0.031,313462734.0
2023-12-29 16:00:00+00:00,0.031,0.03122,0.0304,0.03096,401293648.0
2023-12-29 20:00:00+00:00,0.03096,0.03099,0.02984,0.03086,238518425.0
2023-12-30 00:00:00+00:00,0.03086,0.03115,0.03043,0.03066,151146373.0
2023-12-30 04:00:00+00:00,0.03066,0.03109,0.03065,0.03076,92951281.0
2023-12-30 08:00:00+00:00,0.03076,0.03082,0.02987,0.03045,230286232.0
2023-12-30 12:00:00+00:00,0.03045,0.03113,0.03031,0.03106,155627009.0
2023-12-30 16:00:00+00:00,0.03106,0.03121,0.03067,0.03074,132020580.0
2023-12-30 20:00:00+00:00,0.03074,0.03088,0.0305,0.0307,91639071.0
2023-12-31 00:00:00+00:00,0.0307,0.03127,0.03051,0.03083,156089006.0
2023-12-31 04:00:00+00:00,0.03083,0.0314,0.03076,0.03124,92238976.0
2023-12-31 08:00:00+00:00,0.03124,0.03152,0.03109,0.03112,118632209.0
2023-12-31 12:00:00+00:00,0.03112,0.03138,0.03082,0.03104,124502934.0
2023-12-31 16:00:00+00:00,0.03104,0.03146,0.03099,0.03129,75266966.0
2023-12-31 20:00:00+00:00,0.03129,0.03135,0.02947,0.03038,205257131.0
2024-01-01 00:00:00+00:00,0.03038,0.03115,0.03028,0.03043,143339084.0
2024-01-01 04:00:00+00:00,0.03043,0.03059,0.0301,0.03049,93494115.0
2024-01-01 08:00:00+00:00,0.03049,0.03066,0.03034,0.03065,45229351.0
2024-01-01 12:00:00+00:00,0.03065,0.0312,0.03048,0.03105,100380937.0
2024-01-01 16:00:00+00:00,0.03105,0.03192,0.03105,0.03189,182972881.0
2024-01-01 20:00:00+00:00,0.03189,0.03227,0.03167,0.03225,131079450.0
2024-01-02 00:00:00+00:00,0.03225,0.03269,0.03196,0.03218,157944175.0
2024-01-02 04:00:00+00:00,0.03218,0.03235,0.03201,0.03207,70384218.0
2024-01-02 08:00:00+00:00,0.03207,0.03289,0.03196,0.03219,202366678.0
2024-01-02 12:00:00+00:00,0.03219,0.03238,0.03111,0.03127,263458275.0
2024-01-02 16:00:00+00:00,0.03127,0.0314,0.03086,0.03097,112554983.0
2024-01-02 20:00:00+00:00,0.03097,0.03117,0.03055,0.031,126876450.0
2024-01-03 00:00:00+00:00,0.031,0.03141,0.03075,0.031,87225369.0
2024-01-03 04:00:00+00:00,0.031,0.03164,0.03094,0.03123,107942943.0
2024-01-03 08:00:00+00:00,0.03123,0.0317,0.03011,0.03032,335714307.0
2024-01-03 12:00:00+00:00,0.03032,0.03034,0.02233,0.02749,2003256438.0
2024-01-03 16:00:00+00:00,0.02749,0.0277,0.02623,0.02693,518769573.0
2024-01-03 20:00:00+00:00,0.02693,0.02737,0.02655,0.02685,144149196.0
2024-01-04 00:00:00+00:00,0.02685,0.02734,0.02635,0.02729,139299484.0
2024-01-04 04:00:00+00:00,0.02729,0.02831,0.02715,0.02758,197359966.0
2024-01-04 08:00:00+00:00,0.02758,0.02775,0.02697,0.0274,187965455.0
2024-01-04 12:00:00+00:00,0.0274,0.02837,0.02728,0.02832,156241973.0
2024-01-04 16:00:00+00:00,0.02832,0.02834,0.02771,0.02783,131187799.0
2024-01-04 20:00:00+00:00,0.02783,0.0283,0.02759,0.02801,153489334.0
2024-01-05 00:00:00+00:00,0.02801,0.02839,0.02597,0.02677,540987944.0
2024-01-05 04:00:00+00:00,0.02677,0.02711,0.0266,0.02671,162273648.0
2024-01-05 08:00:00+00:00,0.02671,0.02727,0.02612,0.02636,203547035.0
2024-01-05 12:00:00+00:00,0.02636,0.02685,0.02583,0.02617,293546270.0
2024-01-05 16:00:00+00:00,0.02617,0.02636,0.02526,0.02589,287797409.0
2024-01-05 20:00:00+00:00,0.02589,0.02669,0.02589,0.02669,142855956.0
2024-01-06 00:00:00+00:00,0.02669,0.02669,0.02591,0.02607,59668645.0
2024-01-06 04:00:00+00:00,0.02607,0.02617,0.02435,0.02513,257333928.0
2024-01-06 08:00:00+00:00,0.02513,0.02579,0.0249,0.0256,98266102.0
2024-01-06 12:00:00+00:00,0.0256,0.02663,0.02534,0.02633,187427545.0
2024-01-06 16:00:00+00:00,0.02633,0.02673,0.02594,0.02616,134065105.0
2024-01-06 20:00:00+00:00,0.02616,0.02634,0.02582,0.02623,106845420.0
2024-01-07 00:00:00+00:00,0.02623,0.02745,0.02608,0.02696,212906920.0
2024-01-07 04:00:00+00:00,0.02696,0.02712,0.02642,0.02695,115837634.0
2024-01-07 08:00:00+00:00,0.02695,0.02719,0.02606,0.02616,185956931.0
2024-01-07 12:00:00+00:00,0.02616,0.02685,0.02575,0.02587,159295320.0
2024-01-07 16:00:00+00:00,0.02587,0.02604,0.02532,0.02586,112084292.0
2024-01-07 20:00:00+00:00,0.02586,0.02589,0.02438,0.02468,249662648.0
2024-01-08 00:00:00+00:00,0.02468,0.02482,0.02226,0.02313,552202387.0
2024-01-08 04:00:00+00:00,0.02313,0.02424,0.02301,0.02393,191689987.0
2024-01-08 08:00:00+00:00,0.02393,0.02468,0.02358,0.02464,139570616.0
2024-01-08 12:00:00+00:00,0.02464,0.02558,0.02463,0.02542,255283559.0
2024-01-08 16:00:00+00:00,0.02542,0.02665,0.02506,0.02661,269071622.0
2024-01-08 20:00:00+00:00,0.02661,0.02669,0.02606,0.02649,133980275.0
2024-01-09 00:00:00+00:00,0.02649,0.02664,0.02573,0.02596,164451876.0
2024-01-09 04:00:00+00:00,0.02596,0.0265,0.02582,0.02588,98703613.0
2024-01-09 08:00:00+00:00,0.02588,0.02623,0.02516,0.02564,223292934.0
2024-01-09 12:00:00+00:00,0.02564,0.02574,0.02421,0.02452,555581779.0
2024-01-09 16:00:00+00:00,0.02452,0.0247,0.02385,0.02419,215001692.0
2024-01-09 20:00:00+00:00,0.02419,0.02494,0.02365,0.02467,793695193.0
2024-01-10 00:00:00+00:00,0.02467,0.0252,0.02447,0.02491,150231156.0
2024-01-10 04:00:00+00:00,0.02491,0.02505,0.02451,0.0246,75791496.0
2024-01-10 08:00:00+00:00,0.0246,0.02565,0.02433,0.02532,292039438.0
2024-01-10 12:00:00+00:00,0.02532,0.02532,0.02409,0.02501,403621590.0
2024-01-10 16:00:00+00:00,0.02501,0.02579,0.02473,0.02555,208652532.0
2024-01-10 20:00:00+00:00,0.02555,0.02806,0.02469,0.02736,650304405.0
2024-01-11 00:00:00+00:00,0.02736,0.02771,0.0271,0.02767,129604123.0
2024-01-11 04:00:00+00:00,0.02767,0.02786,0.0265,0.02717,155337093.0
2024-01-11 08:00:00+00:00,0.02717,0.0285,0.02708,0.02842,215444636.0
2024-01-11 12:00:00+00:00,0.02842,0.0292,0.02723,0.02781,582620219.0
2024-01-11 16:00:00+00:00,0.02781,0.02826,0.02708,0.02812,232205003.0
2024-01-11 20:00:00+00:00,0.02812,0.02832,0.02745,0.02796,108718868.0
2024-01-12 00:00:00+00:00,0.02796,0.0282,0.02745,0.02775,86452338.0
2024-01-12 04:00:00+00:00,0.02775,0.02841,0.02751,0.0277,143390520.0
2024-01-12 08:00:00+00:00,0.0277,0.02827,0.0272,0.02802,166840461.0
2024-01-12 12:00:00+00:00,0.02802,0.02839,0.02687,0.02704,329126266.0
2024-01-12 16:00:00+00:00,0.02704,0.02738,0.02566,0.02647,482325004.0
2024-01-12 20:00:00+00:00,0.02647,0.02684,0.0248,0.02598,374740846.0
2024-01-13 00:00:00+00:00,0.02598,0.02615,0.02504,0.02584,146414839.0
2024-01-13 04:00:00+00:00,0.02584,0.02638,0.02576,0.02613,75600889.0
2024-01-13 08:00:00+00:00,0.02613,0.02666,0.02611,0.02655,146100002.0
2024-01-13 12:00:00+00:00,0.02655,0.02706,0.02641,0.027,165761699.0
2024-01-13 16:00:00+00:00,0.027,0.02701,0.02639,0.0268,132918536.0
2024-01-13 20:00:00+00:00,0.0268,0.02706,0.02667,0.02679,69419010.0
2024-01-14 00:00:00+00:00,0.02679,0.02691,0.02631,0.02675,73767347.0
2024-01-14 04:00:00+00:00,0.02675,0.02712,0.02641,0.02691,107321180.0
2024-01-14 08:00:00+00:00,0.02691,0.02694,0.02628,0.02635,154371472.0
2024-01-14 12:00:00+00:00,0.02635,0.0265,0.02606,0.02639,132832332.0
2024-01-14 16:00:00+00:00,0.02639,0.02646,0.02549,0.0255,201632888.0
2024-01-14 20:00:00+00:00,0.0255,0.02608,0.02513,0.02524,259445047.0
2024-01-15 00:00:00+00:00,0.02524,0.0262,0.0252,0.02606,110071152.0
2024-01-15 04:00:00+00:00,0.02606,0.02627,0.02568,0.02586,95929234.0
2024-01-15 08:00:00+00:00,0.02586,0.02613,0.02569,0.02593,92223519.0
2024-01-15 12:00:00+00:00,0.02593,0.02612,0.02507,0.02522,191380162.0
2024-01-15 16:00:00+00:00,0.02522,0.02596,0.02517,0.02559,102332036.0
2024-01-15 20:00:00+00:00,0.02559,0.02572,0.02498,0.02525,86146520.0
2024-01-16 00:00:00+00:00,0.02525,0.02619,0.02516,0.02581,235815461.0
2024-01-16 04:00:00+00:00,0.02581,0.02584,0.02531,0.02552,78889397.0
2024-01-16 08:00:00+00:00,0.02552,0.02583,0.02538,0.02554,115819029.0
2024-01-16 12:00:00+00:00,0.02554,0.02603,0.02484,0.02567,347934275.0
2024-01-16 16:00:00+00:00,0.02567,0.02605,0.02544,0.02571,198358842.0
2024-01-16 20:00:00+00:00,0.02571,0.02608,0.02568,0.02587,77915566.0
2024-01-17 00:00:00+00:00,0.02587,0.0263,0.02586,0.02614,100857636.0
2024-01-17 04:00:00+00:00,0.02614,0.02618,0.0252,0.02523,189346255.0
2024-01-17 08:00:00+00:00,0.02523,0.02573,0.02512,0.02552,115476320.0
2024-01-17 12:00:00+00:00,0.02552,0.02592,0.02525,0.02531,191195510.0
2024-01-17 16:00:00+00:00,0.02531,0.02553,0.02498,0.02532,133894658.0
2024-01-17 20:00:00+00:00,0.02532,0.0256,0.02512,0.02554,80703964.0
2024-01-18 00:00:00+00:00,0.02554,0.02567,0.02518,0.02531,87215440.0
2024-01-18 04:00:00+00:00,0.02531,0.02555,0.02514,0.02547,57776523.0
2024-01-18 08:00:00+00:00,0.02547,0.02548,0.02487,0.02508,116914145.0
2024-01-18 12:00:00+00:00,0.02508,0.02508,0.02448,0.02481,172029838.0
2024-01-18 16:00:00+00:00,0.02481,0.02488,0.02324,0.02345,382441475.0
2024-01-18 20:00:00+00:00,0.02345,0.02399,0.02335,0.0238,115543148.0
2024-01-19 00:00:00+00:00,0.0238,0.02383,0.023,0.02348,199940864.0
2024-01-19 04:00:00+00:00,0.02348,0.02398,0.02346,0.02378,67019732.0
2024-01-19 08:00:00+00:00,0.02378,0.02393,0.02338,0.02379,170031330.0
2024-01-19 12:00:00+00:00,0.02379,0.02389,0.02296,0.02313,219912826.0
2024-01-19 16:00:00+00:00,0.02313,0.02352,0.02209,0.02346,505410992.0
2024-01-19 20:00:00+00:00,0.02346,0.02379,0.02335,0.02376,95160543.0
2024-01-20 00:00:00+00:00,0.02376,0.02378,0.0233,0.02357,92068123.0
2024-01-20 04:00:00+00:00,0.02357,0.02387,0.02339,0.02364,94461383.0
2024-01-20 08:00:00+00:00,0.02364,0.02372,0.02333,0.02358,71008233.0
2024-01-20 12:00:00+00:00,0.02358,0.02376,0.02337,0.02346,87922332.0
2024-01-20 16:00:00+00:00,0.02346,0.0236,0.02327,0.02353,91506280.0
2024-01-20 20:00:00+00:00,0.02353,0.02391,0.02348,0.02376,113654860.0
2024-01-21 00:00:00+00:00,0.02376,0.02418,0.02354,0.02398,102213903.0
2024-01-21 04:00:00+00:00,0.02398,0.0242,0.02384,0.02402,82597623.0
2024-01-21 08:00:00+00:00,0.02402,0.02453,0.02396,0.02433,144863172.0
2024-01-21 12:00:00+00:00,0.02433,0.02499,0.02428,0.02447,159225620.0
2024-01-21 16:00:00+00:00,0.02447,0.02457,0.02418,0.02449,102763903.0
2024-01-21 20:00:00+00:00,0.02449,0.02462,0.02394,0.02409,153598452.0
2024-01-22 00:00:00+00:00,0.02409,0.02429,0.02343,0.02358,255797190.0
2024-01-22 04:00:00+00:00,0.02358,0.02366,0.02303,0.0235,231300896.0
2024-01-22 08:00:00+00:00,0.0235,0.02351,0.02251,0.02294,345123877.0
2024-01-22 12:00:00+00:00,0.02294,0.02325,0.02229,0.02273,262637356.0
2024-01-22 16:00:00+00:00,0.02273,0.02286,0.02173,0.02215,446661330.0
2024-01-22 20:00:00+00:00,0.02215,0.02268,0.0221,0.02232,205069672.0
2024-01-23 00:00:00+00:00,0.02232,0.02259,0.02209,0.02243,126151411.0
2024-01-23 04:00:00+00:00,0.02243,0.02276,0.02206,0.02216,126779191.0
2024-01-23 08:00:00+00:00,0.02216,0.0223,0.02067,0.02109,634974865.0
2024-01-23 12:00:00+00:00,0.02109,0.0215,0.02042,0.02139,335962557.0
2024-01-23 16:00:00+00:00,0.02139,0.02159,0.0211,0.02113,146161403.0
2024-01-23 20:00:00+00:00,0.02113,0.02188,0.02095,0.02186,123402050.0
2024-01-24 00:00:00+00:00,0.02186,0.02211,0.02167,0.02186,97185591.0
2024-01-24 04:00:00+00:00,0.02186,0.02263,0.02173,0.02241,133194238.0
2024-01-24 08:00:00+00:00,0.02241,0.0229,0.02231,0.02266,165158146.0
2024-01-24 12:00:00+00:00,0.02266,0.02275,0.02217,0.02239,207166582.0
2024-01-24 16:00:00+00:00,0.02239,0.02259,0.02199,0.02222,184274042.0
2024-01-24 20:00:00+00:00,0.02222,0.02249,0.02197,0.02241,111813444.0
2024-01-25 00:00:00+00:00,0.02241,0.02245,0.02188,0.0221,105357569.0
2024-01-25 04:00:00+00:00,0.0221,0.02231,0.02176,0.02219,150865373.0
2024-01-25 08:00:00+00:00,0.02219,0.02235,0.02184,0.02219,136896912.0
2024-01-25 12:00:00+00:00,0.02219,0.02233,0.02167,0.02181,182624894.0
2024-01-25 16:00:00+00:00,0.02181,0.02242,0.02167,0.02232,174766873.0
2024-01-25 20:00:00+00:00,0.02232,0.02238,0.02199,0.02209,79410857.0
2024-01-26 00:00:00+00:00,0.02209,0.02231,0.02171,0.02223,121076430.0
2024-01-26 04:00:00+00:00,0.02223,0.02234,0.02185,0.02194,66340750.0
2024-01-26 08:00:00+00:00,0.02194,0.02301,0.02193,0.02288,229588478.0
2024-01-26 12:00:00+00:00,0.02288,0.02296,0.02255,0.02286,165232185.0
2024-01-26 16:00:00+00:00,0.02286,0.02324,0.02285,0.02316,202826919.0
2024-01-26 20:00:00+00:00,0.02316,0.02328,0.02292,0.02302,91415842.0
2024-01-27 00:00:00+00:00,0.02302,0.02333,0.02301,0.02319,100301522.0
2024-01-27 04:00:00+00:00,0.02319,0.02321,0.02256,0.02266,138113611.0
2024-01-27 08:00:00+00:00,0.02266,0.02284,0.02239,0.02272,135927719.0
2024-01-27 12:00:00+00:00,0.02272,0.02309,0.02267,0.02295,123611583.0
2024-01-27 16:00:00+00:00,0.02295,0.02314,0.02282,0.02309,107545550.0
2024-01-27 20:00:00+00:00,0.02309,0.02338,0.02304,0.02323,96856257.0
2024-01-28 00:00:00+00:00,0.02323,0.02382,0.02312,0.02362,132804322.0
2024-01-28 04:00:00+00:00,0.02362,0.0238,0.02327,0.02333,92852937.0
2024-01-28 08:00:00+00:00,0.02333,0.02364,0.02325,0.02335,111162658.0
2024-01-28 12:00:00+00:00,0.02335,0.02338,0.02281,0.02302,209344532.0
2024-01-28 16:00:00+00:00,0.02302,0.02318,0.02255,0.0227,203488123.0
2024-01-28 20:00:00+00:00,0.0227,0.02291,0.02244,0.02276,189790764.0
2024-01-29 00:00:00+00:00,0.02276,0.0232,0.02265,0.02305,101159873.0
2024-01-29 04:00:00+00:00,0.02305,0.02319,0.02287,0.02292,67487143.0
2024-01-29 08:00:00+00:00,0.02292,0.02317,0.02277,0.02292,86938910.0
2024-01-29 12:00:00+00:00,0.02292,0.02313,0.02241,0.02311,237886744.0
2024-01-29 16:00:00+00:00,0.02311,0.02369,0.02301,0.02341,351610592.0
2024-01-29 20:00:00+00:00,0.02341,0.02359,0.02334,0.02345,92204493.0
2024-01-30 00:00:00+00:00,0.02345,0.02363,0.02317,0.02329,115534124.0
2024-01-30 04:00:00+00:00,0.02329,0.0234,0.02309,0.02329,73012320.0
2024-01-30 08:00:00+00:00,0.02329,0.02348,0.02319,0.02344,102294925.0
2024-01-30 12:00:00+00:00,0.02344,0.02355,0.02284,0.02321,335523613.0
2024-01-30 16:00:00+00:00,0.02321,0.02353,0.02308,0.02335,151015789.0
2024-01-30 20:00:00+00:00,0.02335,0.0234,0.02251,0.02269,158297106.0
2024-01-31 00:00:00+00:00,0.02269,0.0228,0.02226,0.02259,173067952.0
2024-01-31 04:00:00+00:00,0.02259,0.02265,0.02241,0.02252,76503621.0
2024-01-31 08:00:00+00:00,0.02252,0.02254,0.02189,0.02227,274532606.0
2024-01-31 12:00:00+00:00,0.02227,0.0224,0.02176,0.02236,229858506.0
2024-01-31 16:00:00+00:00,0.02236,0.02249,0.02205,0.0223,172687738.0
2024-01-31 20:00:00+00:00,0.0223,0.02232,0.02139,0.02174,246994091.0
2024-02-01 00:00:00+00:00,0.02174,0.02191,0.02117,0.02145,206329818.0
2024-02-01 04:00:00+00:00,0.02145,0.02157,0.0212,0.02141,116835109.0
2024-02-01 08:00:00+00:00,0.02141,0.02156,0.02125,0.02128,130944232.0
2024-02-01 12:00:00+00:00,0.02128,0.0218,0.02119,0.0216,198942523.0
2024-02-01 16:00:00+00:00,0.0216,0.02179,0.02126,0.02162,186434104.0
2024-02-01 20:00:00+00:00,0.02162,0.02174,0.02152,0.02172,127818570.0
2024-02-02 00:00:00+00:00,0.02172,0.0221,0.02165,0.02185,120566427.0
2024-02-02 04:00:00+00:00,0.02185,0.02221,0.02176,0.02215,94019408.0
2024-02-02 08:00:00+00:00,0.02215,0.0222,0.02192,0.02209,138642346.0
2024-02-02 12:00:00+00:00,0.02209,0.02217,0.02164,0.02211,195561484.0
2024-02-02 16:00:00+00:00,0.02211,0.02218,0.02162,0.02176,112988507.0
2024-02-02 20:00:00+00:00,0.02176,0.02195,0.02171,0.02189,54824995.0
2024-02-03 00:00:00+00:00,0.02189,0.02211,0.02184,0.02189,65608581.0
2024-02-03 04:00:00+00:00,0.02189,0.02204,0.02176,0.0218,40401708.0
2024-02-03 08:00:00+00:00,0.0218,0.02195,0.02172,0.02184,54434293.0
2024-02-03 12:00:00+00:00,0.02184,0.02194,0.02145,0.02178,112552708.0
2024-02-03 16:00:00+00:00,0.02178,0.02204,0.02178,0.02193,80055071.0
2024-02-03 20:00:00+00:00,0.02193,0.02194,0.02163,0.02167,37954975.0
2024-02-04 00:00:00+00:00,0.02167,0.02168,0.0214,0.02161,71803402.0
2024-02-04 04:00:00+00:00,0.02161,0.02161,0.02125,0.02136,93487353.0
2024-02-04 08:00:00+00:00,0.02136,0.02161,0.02127,0.02154,71720694.0
2024-02-04 12:00:00+00:00,0.02154,0.02162,0.02141,0.02144,48031801.0
2024-02-04 16:00:00+00:00,0.02144,0.02158,0.02121,0.02137,97045198.0
2024-02-04 20:00:00+00:00,0.02137,0.02155,0.02087,0.02112,145153272.0
2024-02-05 00:00:00+00:00,0.02112,0.02132,0.02066,0.02131,188633762.0
2024-02-05 04:00:00+00:00,0.02131,0.02166,0.02122,0.02161,78637387.0
2024-02-05 08:00:00+00:00,0.02161,0.02174,0.02142,0.02173,123740841.0
2024-02-05 12:00:00+00:00,0.02173,0.02198,0.02141,0.02151,179169094.0
2024-02-05 16:00:00+00:00,0.02151,0.02181,0.02137,0.02173,99528350.0
2024-02-05 20:00:00+00:00,0.02173,0.02186,0.02136,0.02185,144626516.0
2024-02-06 00:00:00+00:00,0.02185,0.02214,0.02168,0.02204,107013084.0
2024-02-06 04:00:00+00:00,0.02204,0.02207,0.02161,0.02186,110391338.0
2024-02-06 08:00:00+00:00,0.02186,0.02206,0.02152,0.02156,187553066.0
2024-02-06 12:00:00+00:00,0.02156,0.02173,0.02137,0.02172,120958563.0
2024-02-06 16:00:00+00:00,0.02172,0.02209,0.02166,0.02201,111218091.0
2024-02-06 20:00:00+00:00,0.02201,0.0221,0.02172,0.02175,72774989.0
2024-02-07 00:00:00+00:00,0.02175,0.02199,0.02165,0.02169,114406807.0
2024-02-07 04:00:00+00:00,0.02169,0.02188,0.02147,0.02167,109775127.0
2024-02-07 08:00:00+00:00,0.02167,0.02194,0.02159,0.02189,124038470.0
2024-02-07 12:00:00+00:00,0.02189,0.0221,0.02181,0.02197,125859765.0
2024-02-07 16:00:00+00:00,0.02197,0.02308,0.02194,0.02249,700034916.0
2024-02-07 20:00:00+00:00,0.02249,0.02304,0.02249,0.0229,195655067.0
2024-02-08 00:00:00+00:00,0.0229,0.02316,0.02279,0.02282,123353328.0
2024-02-08 04:00:00+00:00,0.02282,0.02287,0.02249,0.0226,161524832.0
2024-02-08 08:00:00+00:00,0.0226,0.02281,0.02246,0.02259,132838761.0
2024-02-08 12:00:00+00:00,0.02259,0.02309,0.02256,0.02298,240185866.0
2024-02-08 16:00:00+00:00,0.02298,0.02302,0.02245,0.02267,171002877.0
2024-02-08 20:00:00+00:00,0.02267,0.02278,0.02252,0.02256,118767254.0
2024-02-09 00:00:00+00:00,0.02256,0.02317,0.02255,0.02296,157094746.0
2024-02-09 04:00:00+00:00,0.02296,0.02337,0.02289,0.02332,146190207.0
2024-02-09 08:00:00+00:00,0.02332,0.02361,0.02321,0.02351,303339762.0
2024-02-09 12:00:00+00:00,0.02351,0.02386,0.0233,0.02377,366442932.0
2024-02-09 16:00:00+00:00,0.02377,0.02417,0.02364,0.02411,196272666.0
2024-02-09 20:00:00+00:00,0.02411,0.02429,0.02396,0.02411,169453973.0
2024-02-10 00:00:00+00:00,0.02411,0.02451,0.02384,0.02429,197515975.0
2024-02-10 04:00:00+00:00,0.02429,0.02432,0.02395,0.02406,103174461.0
2024-02-10 08:00:00+00:00,0.02406,0.0242,0.02361,0.024,199032408.0
2024-02-10 12:00:00+00:00,0.024,0.02449,0.02393,0.02435,190468104.0
2024-02-10 16:00:00+00:00,0.02435,0.02444,0.02411,0.02415,92931277.0
2024-02-10 20:00:00+00:00,0.02415,0.02431,0.0239,0.02393,125423313.0
2024-02-11 00:00:00+00:00,0.02393,0.02427,0.02381,0.02425,107195641.0
2024-02-11 04:00:00+00:00,0.02425,0.02465,0.0242,0.02452,160940383.0
2024-02-11 08:00:00+00:00,0.02452,0.02471,0.02421,0.02441,153980910.0
2024-02-11 12:00:00+00:00,0.02441,0.02441,0.02397,0.02409,143764199.0
2024-02-11 16:00:00+00:00,0.02409,0.02414,0.02385,0.02398,111963881.0
2024-02-11 20:00:00+00:00,0.02398,0.02408,0.02365,0.02384,152677744.0
2024-02-12 00:00:00+00:00,0.02384,0.02417,0.02354,0.0238,182429503.0
2024-02-12 04:00:00+00:00,0.0238,0.02382,0.02336,0.02369,134602635.0
2024-02-12 08:00:00+00:00,0.02369,0.02371,0.02304,0.02338,195230010.0
2024-02-12 12:00:00+00:00,0.02338,0.02417,0.0233,0.02414,206883836.0
2024-02-12 16:00:00+00:00,0.02414,0.02461,0.024,0.0242,238970784.0
2024-02-12 20:00:00+00:00,0.0242,0.02466,0.0242,0.02456,117408167.0
2024-02-13 00:00:00+00:00,0.02456,0.02531,0.02454,0.02466,313371082.0
2024-02-13 04:00:00+00:00,0.02466,0.02502,0.02465,0.02492,101038339.0
2024-02-13 08:00:00+00:00,0.02492,0.0251,0.02469,0.0249,137303384.0
2024-02-13 12:00:00+00:00,0.0249,0.02497,0.02378,0.02435,586104371.0
2024-02-13 16:00:00+00:00,0.02435,0.02483,0.02431,0.02465,178190073.0
2024-02-13 20:00:00+00:00,0.02465,0.02515,0.02464,0.02493,155441662.0
2024-02-14 00:00:00+00:00,0.02493,0.02498,0.02459,0.02483,108643903.0
2024-02-14 04:00:00+00:00,0.02483,0.0255,0.02467,0.02544,295938461.0
2024-02-14 08:00:00+00:00,0.02544,0.02612,0.02535,0.02577,449691225.0
2024-02-14 12:00:00+00:00,0.02577,0.02598,0.02538,0.02587,203590836.0
2024-02-14 16:00:00+00:00,0.02587,0.0259,0.02545,0.0258,137860081.0
2024-02-14 20:00:00+00:00,0.0258,0.02601,0.02575,0.02587,83143570.0
2024-02-15 00:00:00+00:00,0.02587,0.02684,0.0258,0.02647,311868356.0
2024-02-15 04:00:00+00:00,0.02647,0.02657,0.02584,0.02652,190562701.0
2024-02-15 08:00:00+00:00,0.02652,0.02664,0.02624,0.02645,161301648.0
2024-02-15 12:00:00+00:00,0.02645,0.02804,0.02628,0.02741,480830717.0
2024-02-15 16:00:00+00:00,0.02741,0.02755,0.02699,0.02733,275998913.0
2024-02-15 20:00:00+00:00,0.02733,0.02736,0.02663,0.02709,220229782.0
2024-02-16 00:00:00+00:00,0.02709,0.02724,0.02688,0.02712,83036150.0
2024-02-16 04:00:00+00:00,0.02712,0.02749,0.02694,0.02699,139191866.0
2024-02-16 08:00:00+00:00,0.02699,0.02757,0.02689,0.0274,309400224.0
2024-02-16 12:00:00+00:00,0.0274,0.02758,0.02603,0.02654,442986008.0
2024-02-16 16:00:00+00:00,0.02654,0.02681,0.0262,0.02633,168503287.0
2024-02-16 20:00:00+00:00,0.02633,0.02661,0.02627,0.02653,61201636.0
2024-02-17 00:00:00+00:00,0.02653,0.02725,0.02642,0.02672,162294649.0
2024-02-17 04:00:00+00:00,0.02672,0.02682,0.02655,0.02679,53987262.0
2024-02-17 08:00:00+00:00,0.02679,0.02683,0.02617,0.02631,181916829.0
2024-02-17 12:00:00+00:00,0.02631,0.02643,0.0254,0.0258,296912324.0
2024-02-17 16:00:00+00:00,0.0258,0.02616,0.02572,0.02607,78547929.0
2024-02-17 20:00:00+00:00,0.02607,0.02651,0.02606,0.02648,71114675.0
2024-02-18 00:00:00+00:00,0.02648,0.02755,0.02647,0.02728,244599054.0
2024-02-18 04:00:00+00:00,0.02728,0.02769,0.02707,0.02746,144362344.0
2024-02-18 08:00:00+00:00,0.02746,0.02752,0.02708,0.02729,140586744.0
2024-02-18 12:00:00+00:00,0.02729,0.02741,0.0268,0.02719,211070764.0
2024-02-18 16:00:00+00:00,0.02719,0.02742,0.02699,0.02712,135878071.0
2024-02-18 20:00:00+00:00,0.02712,0.0279,0.02685,0.0276,161658036.0
2024-02-19 00:00:00+00:00,0.0276,0.02805,0.02756,0.02786,125971392.0
2024-02-19 04:00:00+00:00,0.02786,0.02832,0.02774,0.02807,203118099.0
2024-02-19 08:00:00+00:00,0.02807,0.0282,0.02743,0.02798,218960440.0
2024-02-19 12:00:00+00:00,0.02798,0.02827,0.02766,0.0281,178891866.0
2024-02-19 16:00:00+00:00,0.0281,0.02847,0.02763,0.02806,279148624.0
2024-02-19 20:00:00+00:00,0.02806,0.0286,0.02792,0.02834,130587720.0
2024-02-20 00:00:00+00:00,0.02834,0.02844,0.02733,0.0276,219980085.0
2024-02-20 04:00:00+00:00,0.0276,0.02867,0.02746,0.02815,235350966.0
2024-02-20 08:00:00+00:00,0.02815,0.0282,0.02738,0.02811,297572046.0
2024-02-20 12:00:00+00:00,0.02811,0.0285,0.0261,0.02685,942567269.0
2024-02-20 16:00:00+00:00,0.02685,0.02718,0.02633,0.02718,291285322.0
2024-02-20 20:00:00+00:00,0.02718,0.02819,0.02703,0.02803,212319894.0
2024-02-21 00:00:00+00:00,0.02803,0.02825,0.02755,0.02779,111939796.0
2024-02-21 04:00:00+00:00,0.02779,0.02891,0.02746,0.02786,471663032.0
2024-02-21 08:00:00+00:00,0.02786,0.02827,0.02665,0.02696,477788509.0
2024-02-21 12:00:00+00:00,0.02696,0.02759,0.02632,0.0269,517637577.0
2024-02-21 16:00:00+00:00,0.0269,0.02736,0.02617,0.02667,254731135.0
2024-02-21 20:00:00+00:00,0.02667,0.02739,0.02639,0.02735,168994722.0
2024-02-22 00:00:00+00:00,0.02735,0.02756,0.02623,0.02672,221030343.0
2024-02-22 04:00:00+00:00,0.02672,0.02779,0.02642,0.02776,180890415.0
2024-02-22 08:00:00+00:00,0.02776,0.02829,0.02758,0.02796,271015745.0
2024-02-22 12:00:00+00:00,0.02796,0.02942,0.02745,0.02917,705189997.0
2024-02-22 16:00:00+00:00,0.02917,0.02933,0.02872,0.02916,289098784.0
2024-02-22 20:00:00+00:00,0.02916,0.02966,0.02859,0.02863,281896431.0
2024-02-23 00:00:00+00:00,0.02863,0.02913,0.02804,0.02824,239528899.0
2024-02-23 04:00:00+00:00,0.02824,0.02931,0.02796,0.02867,339428838.0
2024-02-23 08:00:00+00:00,0.02867,0.02894,0.02811,0.02846,264937355.0
2024-02-23 12:00:00+00:00,0.02846,0.02882,0.02763,0.02811,502056966.0
2024-02-23 16:00:00+00:00,0.02811,0.02935,0.02744,0.02915,657096249.0
2024-02-23 20:00:00+00:00,0.02915,0.03015,0.02876,0.02925,597939203.0
2024-02-24 00:00:00+00:00,0.02925,0.0299,0.02836,0.02982,407449960.0
2024-02-24 04:00:00+00:00,0.02982,0.03049,0.02964,0.03019,453071295.0
2024-02-24 08:00:00+00:00,0.03019,0.03077,0.02998,0.03038,373214790.0
2024-02-24 12:00:00+00:00,0.03038,0.03058,0.02985,0.03008,336895463.0
2024-02-24 16:00:00+00:00,0.03008,0.03034,0.02978,0.02993,207547424.0
2024-02-24 20:00:00+00:00,0.02993,0.03006,0.02975,0.02983,128387383.0
2024-02-25 00:00:00+00:00,0.02983,0.02999,0.02935,0.02966,226516065.0
2024-02-25 04:00:00+00:00,0.02966,0.02985,0.0294,0.02984,120204904.0
2024-02-25 08:00:00+00:00,0.02984,0.03017,0.02961,0.03004,247956614.0
2024-02-25 12:00:00+00:00,0.03004,0.03049,0.02993,0.03023,332690154.0
2024-02-25 16:00:00+00:00,0.03023,0.0305,0.03001,0.03015,200526616.0
2024-02-25 20:00:00+00:00,0.03015,0.03056,0.03001,0.03051,204230243.0
2024-02-26 00:00:00+00:00,0.03051,0.03072,0.03003,0.03049,214018281.0
2024-02-26 04:00:00+00:00,0.03049,0.0346,0.03041,0.03365,1426068370.0
2024-02-26 08:00:00+00:00,0.03365,0.03396,0.03247,0.03262,1024287728.0
2024-02-26 12:00:00+00:00,0.03262,0.03351,0.03211,0.03324,798986067.0
2024-02-26 16:00:00+00:00,0.03324,0.03354,0.03247,0.03325,500687718.0
2024-02-26 20:00:00+00:00,0.03325,0.03394,0.03296,0.03371,388194179.0
2024-02-27 00:00:00+00:00,0.03371,0.03492,0.03284,0.03314,678657435.0
2024-02-27 04:00:00+00:00,0.03314,0.03338,0.03253,0.03273,364743070.0
2024-02-27 08:00:00+00:00,0.03273,0.03497,0.03271,0.03485,600123075.0
2024-02-27 12:00:00+00:00,0.03485,0.03486,0.03317,0.03334,522409655.0
2024-02-27 16:00:00+00:00,0.03334,0.04235,0.03292,0.04168,2376144540.0
2024-02-27 20:00:00+00:00,0.04168,0.0432,0.03913,0.04116,1501962761.0
2024-02-28 00:00:00+00:00,0.04116,0.04136,0.03946,0.03958,844574238.0
2024-02-28 04:00:00+00:00,0.03958,0.04046,0.03819,0.03903,802082876.0
2024-02-28 08:00:00+00:00,0.03903,0.03953,0.03741,0.03778,975519511.0
2024-02-28 12:00:00+00:00,0.03778,0.03974,0.03752,0.03934,801056249.0
2024-02-28 16:00:00+00:00,0.03934,0.03975,0.033,0.03722,1992971507.0
2024-02-28 20:00:00+00:00,0.03722,0.03796,0.03693,0.03772,368049653.0
2024-02-29 00:00:00+00:00,0.03772,0.03941,0.037,0.03809,541431071.0
2024-02-29 04:00:00+00:00,0.03809,0.03911,0.03756,0.03836,493286144.0
2024-02-29 08:00:00+00:00,0.03836,0.0399,0.03812,0.03877,773428149.0
2024-02-29 12:00:00+00:00,0.03877,0.04077,0.03828,0.04005,782808595.0
2024-02-29 16:00:00+00:00,0.04005,0.04055,0.03819,0.04038,836049987.0
2024-02-29 20:00:00+00:00,0.04038,0.04064,0.03741,0.03982,589328191.0
2024-03-01 00:00:00+00:00,0.03982,0.04141,0.03883,0.04049,584160376.0
2024-03-01 04:00:00+00:00,0.04049,0.04147,0.03904,0.03914,453423703.0
2024-03-01 08:00:00+00:00,0.03914,0.04004,0.03893,0.03966,300837428.0
2024-03-01 12:00:00+00:00,0.03966,0.04078,0.0393,0.04013,515950571.0
2024-03-01 16:00:00+00:00,0.04013,0.04038,0.03929,0.04017,283186419.0
2024-03-01 20:00:00+00:00,0.04017,0.04211,0.03985,0.04179,248565264.0
2024-03-02 00:00:00+00:00,0.04179,0.04204,0.04008,0.04068,339729353.0
2024-03-02 04:00:00+00:00,0.04068,0.04513,0.0401,0.04456,743006744.0
2024-03-02 08:00:00+00:00,0.04456,0.04604,0.04377,0.04559,976579491.0
2024-03-02 12:00:00+00:00,0.04559,0.04935,0.04512,0.04693,1299734949.0
2024-03-02 16:00:00+00:00,0.04693,0.04716,0.04579,0.04623,457633250.0
2024-03-02 20:00:00+00:00,0.04623,0.0467,0.04535,0.04636,279651156.0
2024-03-03 00:00:00+00:00,0.04636,0.04832,0.04521,0.04769,476918388.0
2024-03-03 04:00:00+00:00,0.04769,0.0477,0.03845,0.04303,1047189610.0
2024-03-03 08:00:00+00:00,0.04303,0.04418,0.04236,0.04413,496412939.0
2024-03-03 12:00:00+00:00,0.04413,0.04591,0.04377,0.04448,487175381.0
2024-03-03 16:00:00+00:00,0.04448,0.04497,0.04397,0.04418,265320053.0
2024-03-03 20:00:00+00:00,0.04418,0.04527,0.04403,0.04497,172472350.0
2024-03-04 00:00:00+00:00,0.04497,0.04685,0.04422,0.045,521058638.0
2024-03-04 04:00:00+00:00,0.045,0.04812,0.04459,0.04684,420569337.0
2024-03-04 08:00:00+00:00,0.04684,0.04956,0.04597,0.04669,802050473.0
2024-03-04 12:00:00+00:00,0.04669,0.04747,0.04582,0.04649,402929967.0
2024-03-04 16:00:00+00:00,0.04649,0.04783,0.04464,0.04625,785366174.0
2024-03-04 20:00:00+00:00,0.04625,0.04654,0.04537,0.04554,272331031.0
2024-03-05 00:00:00+00:00,0.04554,0.04594,0.04414,0.04503,403801884.0
2024-03-05 04:00:00+00:00,0.04503,0.047,0.0429,0.04537,779639668.0
2024-03-05 08:00:00+00:00,0.04537,0.04703,0.04477,0.04533,317534934.0
2024-03-05 12:00:00+00:00,0.04533,0.04567,0.04322,0.04398,566729364.0
2024-03-05 16:00:00+00:00,0.04398,0.04428,0.03295,0.03679,1443622585.0
2024-03-05 20:00:00+00:00,0.03679,0.0401,0.03624,0.03981,917546854.0
2024-03-06 00:00:00+00:00,0.03981,0.04045,0.03837,0.03923,338794663.0
2024-03-06 04:00:00+00:00,0.03923,0.04304,0.03923,0.04262,414414784.0
2024-03-06 08:00:00+00:00,0.04262,0.04329,0.04044,0.04185,523671017.0
2024-03-06 12:00:00+00:00,0.04185,0.04207,0.03987,0.04083,776021138.0
2024-03-06 16:00:00+00:00,0.04083,0.04167,0.04052,0.0411,261157570.0
2024-03-06 20:00:00+00:00,0.0411,0.04274,0.04102,0.04266,249874239.0
2024-03-07 00:00:00+00:00,0.04266,0.04439,0.04216,0.0431,468520013.0
2024-03-07 04:00:00+00:00,0.0431,0.04407,0.04201,0.04321,642247853.0
2024-03-07 08:00:00+00:00,0.04321,0.04369,0.04258,0.04335,554422944.0
2024-03-07 12:00:00+00:00,0.04335,0.04513,0.04217,0.04458,925796944.0
2024-03-07 16:00:00+00:00,0.04458,0.04484,0.0431,0.04392,420451908.0
2024-03-07 20:00:00+00:00,0.04392,0.04477,0.04372,0.04408,306563681.0
2024-03-08 00:00:00+00:00,0.04408,0.04521,0.04332,0.04397,342223715.0
2024-03-08 04:00:00+00:00,0.04397,0.04443,0.04323,0.04396,256284418.0
2024-03-08 08:00:00+00:00,0.04396,0.0447,0.04334,0.04385,261270276.0
2024-03-08 12:00:00+00:00,0.04385,0.04396,0.04025,0.04208,865519813.0
2024-03-08 16:00:00+00:00,0.04208,0.04332,0.04118,0.04284,571608247.0
2024-03-08 20:00:00+00:00,0.04284,0.04469,0.0428,0.04382,217218825.0
2024-03-09 00:00:00+00:00,0.04382,0.0454,0.04347,0.04527,220470933.0
2024-03-09 04:00:00+00:00,0.04527,0.04559,0.04461,0.0454,220681058.0
2024-03-09 08:00:00+00:00,0.0454,0.05231,0.04522,0.05224,1382863666.0
2024-03-09 12:00:00+00:00,0.05224,0.05879,0.05221,0.05731,2261401034.0
2024-03-09 16:00:00+00:00,0.05731,0.05789,0.05474,0.05653,1242495608.0
2024-03-09 20:00:00+00:00,0.05653,0.05779,0.05509,0.05638,705742937.0
2024-03-10 00:00:00+00:00,0.05638,0.06139,0.05455,0.06097,1455650866.0
2024-03-10 04:00:00+00:00,0.06097,0.0688,0.0592,0.06702,2337706082.0
2024-03-10 08:00:00+00:00,0.06702,0.07515,0.06655,0.07205,3634933375.0
2024-03-10 12:00:00+00:00,0.07205,0.08188,0.06968,0.08129,3000359855.0
2024-03-10 16:00:00+00:00,0.08129,0.08701,0.07619,0.0787,2903735075.0
2024-03-10 20:00:00+00:00,0.0787,0.08321,0.0776,0.08279,1966844540.0
2024-03-11 00:00:00+00:00,0.08279,0.08281,0.07224,0.07604,2400158683.0
2024-03-11 04:00:00+00:00,0.07604,0.07778,0.07348,0.07508,1285765126.0
2024-03-11 08:00:00+00:00,0.07508,0.08238,0.07505,0.07592,1703578610.0
2024-03-11 12:00:00+00:00,0.07592,0.0774,0.07256,0.07273,935331756.0
2024-03-11 16:00:00+00:00,0.07273,0.07328,0.07094,0.07181,768520059.0
2024-03-11 20:00:00+00:00,0.07181,0.07463,0.07152,0.07394,490604412.0
2024-03-12 00:00:00+00:00,0.07394,0.07731,0.07211,0.07377,1445932324.0
2024-03-12 04:00:00+00:00,0.07377,0.07394,0.06834,0.06924,960809682.0
2024-03-12 08:00:00+00:00,0.06924,0.07064,0.06831,0.0701,730299949.0
2024-03-12 12:00:00+00:00,0.0701,0.07261,0.06939,0.07194,981633032.0
2024-03-12 16:00:00+00:00,0.07194,0.075,0.06662,0.06983,1368468486.0
2024-03-12 20:00:00+00:00,0.06983,0.07023,0.06864,0.07018,358892351.0
2024-03-13 00:00:00+00:00,0.07018,0.07398,0.06942,0.073,461336422.0
2024-03-13 04:00:00+00:00,0.073,0.07303,0.07006,0.07043,409991926.0
2024-03-13 08:00:00+00:00,0.07043,0.07777,0.07039,0.07434,1040874056.0
2024-03-13 12:00:00+00:00,0.07434,0.07593,0.0703,0.07176,986543496.0
2024-03-13 16:00:00+00:00,0.07176,0.07474,0.07112,0.07312,581372570.0
2024-03-13 20:00:00+00:00,0.07312,0.07378,0.07178,0.07291,355015221.0
2024-03-14 00:00:00+00:00,0.07291,0.07458,0.0705,0.07108,608256369.0
2024-03-14 04:00:00+00:00,0.07108,0.07116,0.06947,0.07014,377337070.0
2024-03-14 08:00:00+00:00,0.07014,0.07118,0.06849,0.06971,455571622.0
2024-03-14 12:00:00+00:00,0.06971,0.07024,0.06601,0.0666,959336923.0
2024-03-14 16:00:00+00:00,0.0666,0.06804,0.06459,0.06671,754924461.0
2024-03-14 20:00:00+00:00,0.06671,0.07104,0.06661,0.0705,357690098.0
2024-03-15 00:00:00+00:00,0.0705,0.07122,0.06143,0.06499,980197415.0
2024-03-15 04:00:00+00:00,0.06499,0.06577,0.06344,0.06491,551963626.0
2024-03-15 08:00:00+00:00,0.06491,0.06524,0.05801,0.06153,1145792935.0
2024-03-15 12:00:00+00:00,0.06153,0.06346,0.06091,0.06219,556292006.0
2024-03-15 16:00:00+00:00,0.06219,0.06542,0.06196,0.06366,675327065.0
2024-03-15 20:00:00+00:00,0.06366,0.06511,0.06233,0.06511,386342713.0
2024-03-16 00:00:00+00:00,0.06511,0.0674,0.06435,0.06553,604761184.0
2024-03-16 04:00:00+00:00,0.06553,0.07303,0.06369,0.07297,918146390.0
2024-03-16 08:00:00+00:00,0.07297,0.07395,0.06734,0.06738,1097763276.0
2024-03-16 12:00:00+00:00,0.06738,0.06761,0.06337,0.06461,626059158.0
2024-03-16 16:00:00+00:00,0.06461,0.06466,0.05798,0.05942,857009617.0
2024-03-16 20:00:00+00:00,0.05942,0.06036,0.05816,0.05985,439623908.0
2024-03-17 00:00:00+00:00,0.05985,0.06164,0.05894,0.06104,353033225.0
2024-03-17 04:00:00+00:00,0.06104,0.06106,0.0562,0.05861,439931086.0
2024-03-17 08:00:00+00:00,0.05861,0.06241,0.05802,0.06147,475423276.0
2024-03-17 12:00:00+00:00,0.06147,0.06361,0.05964,0.06297,405977155.0
2024-03-17 16:00:00+00:00,0.06297,0.06497,0.0625,0.0642,341965338.0
2024-03-17 20:00:00+00:00,0.0642,0.06424,0.06218,0.06301,217980704.0
2024-03-18 00:00:00+00:00,0.06301,0.06479,0.06072,0.06344,353806327.0
2024-03-18 04:00:00+00:00,0.06344,0.06561,0.06268,0.06323,341221270.0
2024-03-18 08:00:00+00:00,0.06323,0.06325,0.06058,0.06136,380244359.0
2024-03-18 12:00:00+00:00,0.06136,0.06161,0.05808,0.05945,534774977.0
2024-03-18 16:00:00+00:00,0.05945,0.06022,0.05766,0.05817,338018622.0
2024-03-18 20:00:00+00:00,0.05817,0.05947,0.05807,0.05873,169560401.0
2024-03-19 00:00:00+00:00,0.05873,0.05944,0.05423,0.05551,564568515.0
2024-03-19 04:00:00+00:00,0.05551,0.0559,0.05048,0.05365,665319128.0
2024-03-19 08:00:00+00:00,0.05365,0.05367,0.05025,0.05269,728966546.0
2024-03-19 12:00:00+00:00,0.05269,0.05611,0.0523,0.05582,628162924.0
2024-03-19 16:00:00+00:00,0.05582,0.05736,0.05501,0.05621,384609803.0
2024-03-19 20:00:00+00:00,0.05621,0.05639,0.05216,0.05338,457308678.0
2024-03-20 00:00:00+00:00,0.05338,0.05575,0.05264,0.05365,364166996.0
2024-03-20 04:00:00+00:00,0.05365,0.0561,0.05116,0.05566,555208178.0
2024-03-20 08:00:00+00:00,0.05566,0.05794,0.0547,0.05758,413991532.0
2024-03-20 12:00:00+00:00,0.05758,0.0578,0.05415,0.0544,460939827.0
2024-03-20 16:00:00+00:00,0.0544,0.05864,0.05217,0.05763,695914608.0
2024-03-20 20:00:00+00:00,0.05763,0.06111,0.05749,0.05874,535446895.0
2024-03-21 00:00:00+00:00,0.05874,0.06053,0.05786,0.05883,291120515.0
2024-03-21 04:00:00+00:00,0.05883,0.05982,0.05682,0.05792,319644819.0
2024-03-21 08:00:00+00:00,0.05792,0.05878,0.05745,0.05783,226943741.0
2024-03-21 12:00:00+00:00,0.05783,0.05864,0.05615,0.05678,382030933.0
2024-03-21 16:00:00+00:00,0.05678,0.05923,0.05529,0.05654,471142734.0
2024-03-21 20:00:00+00:00,0.05654,0.05772,0.05571,0.05688,175843308.0
2024-03-22 00:00:00+00:00,0.05688,0.05875,0.05567,0.05841,394965765.0
2024-03-22 04:00:00+00:00,0.05841,0.05922,0.0575,0.05758,283874912.0
2024-03-22 08:00:00+00:00,0.05758,0.0578,0.05467,0.05507,386875722.0
2024-03-22 12:00:00+00:00,0.05507,0.05584,0.05292,0.05486,532635115.0
2024-03-22 16:00:00+00:00,0.05486,0.05538,0.05386,0.05513,364657457.0
2024-03-22 20:00:00+00:00,0.05513,0.05635,0.0539,0.05632,251396614.0
2024-03-23 00:00:00+00:00,0.05632,0.05694,0.05493,0.05557,206695326.0
2024-03-23 04:00:00+00:00,0.05557,0.06345,0.05553,0.06285,753782508.0
2024-03-23 08:00:00+00:00,0.06285,0.06353,0.0594,0.0596,641884600.0
2024-03-23 12:00:00+00:00,0.0596,0.06488,0.05947,0.06383,828689862.0
2024-03-23 16:00:00+00:00,0.06383,0.06476,0.06241,0.06359,662708721.0
2024-03-23 20:00:00+00:00,0.06359,0.06637,0.06311,0.06377,634633278.0
2024-03-24 00:00:00+00:00,0.06377,0.0647,0.06107,0.06113,479503192.0
2024-03-24 04:00:00+00:00,0.06113,0.0617,0.05983,0.06117,373271940.0
2024-03-24 08:00:00+00:00,0.06117,0.06194,0.06036,0.06103,326431515.0
2024-03-24 12:00:00+00:00,0.06103,0.0617,0.06058,0.0612,263215515.0
2024-03-24 16:00:00+00:00,0.0612,0.06203,0.06013,0.06158,270163870.0
2024-03-24 20:00:00+00:00,0.06158,0.06338,0.06133,0.063,241086541.0
2024-03-25 00:00:00+00:00,0.063,0.06909,0.06223,0.0673,716926758.0
2024-03-25 04:00:00+00:00,0.0673,0.06885,0.06637,0.06748,337484452.0
2024-03-25 08:00:00+00:00,0.06748,0.07085,0.06745,0.0678,622668286.0
2024-03-25 12:00:00+00:00,0.0678,0.06862,0.06616,0.06841,565723792.0
2024-03-25 16:00:00+00:00,0.06841,0.06859,0.06725,0.06835,310776908.0
2024-03-25 20:00:00+00:00,0.06835,0.06934,0.06656,0.06794,348320961.0
2024-03-26 00:00:00+00:00,0.06794,0.07232,0.06739,0.07189,604875277.0
2024-03-26 04:00:00+00:00,0.07189,0.07302,0.06977,0.07,531223592.0
2024-03-26 08:00:00+00:00,0.07,0.07189,0.06941,0.06988,389848058.0
2024-03-26 12:00:00+00:00,0.06988,0.06988,0.06754,0.06834,573602117.0
2024-03-26 16:00:00+00:00,0.06834,0.0699,0.06702,0.06752,440157563.0
2024-03-26 20:00:00+00:00,0.06752,0.06871,0.06727,0.06825,206225424.0
2024-03-27 00:00:00+00:00,0.06825,0.06942,0.06708,0.06713,299986654.0
2024-03-27 04:00:00+00:00,0.06713,0.0696,0.06643,0.06687,394889750.0
2024-03-27 08:00:00+00:00,0.06687,0.06785,0.06556,0.0677,321216552.0
2024-03-27 12:00:00+00:00,0.0677,0.06919,0.06435,0.06491,836178317.0
2024-03-27 16:00:00+00:00,0.06491,0.06718,0.0645,0.0662,450135302.0
2024-03-27 20:00:00+00:00,0.0662,0.06648,0.06506,0.0654,155456306.0
2024-03-28 00:00:00+00:00,0.0654,0.06735,0.06461,0.06593,361694332.0
2024-03-28 04:00:00+00:00,0.06593,0.06795,0.06566,0.0678,335132331.0
2024-03-28 08:00:00+00:00,0.0678,0.06793,0.06575,0.06637,363346504.0
2024-03-28 12:00:00+00:00,0.06637,0.06789,0.0655,0.06756,378399877.0
2024-03-28 16:00:00+00:00,0.06756,0.06763,0.06625,0.06715,201308807.0
2024-03-28 20:00:00+00:00,0.06715,0.06843,0.0669,0.06803,262525589.0
2024-03-29 00:00:00+00:00,0.06803,0.06818,0.06525,0.066,210090815.0
2024-03-29 04:00:00+00:00,0.066,0.06659,0.06411,0.0645,243038840.0
2024-03-29 08:00:00+00:00,0.0645,0.06578,0.06431,0.06546,185108402.0
2024-03-29 12:00:00+00:00,0.06546,0.06628,0.06378,0.06454,310468103.0
2024-03-29 16:00:00+00:00,0.06454,0.06548,0.06435,0.06499,215081898.0
2024-03-29 20:00:00+00:00,0.06499,0.06578,0.0639,0.0655,124155919.0
2024-03-30 00:00:00+00:00,0.0655,0.06635,0.06498,0.06534,141299629.0
2024-03-30 04:00:00+00:00,0.06534,0.06632,0.06487,0.06489,161586030.0
2024-03-30 08:00:00+00:00,0.06489,0.06666,0.06446,0.06658,218458667.0
2024-03-30 12:00:00+00:00,0.06658,0.06998,0.06635,0.06892,637944207.0
2024-03-30 16:00:00+00:00,0.06892,0.07114,0.06826,0.07008,488206205.0
2024-03-30 20:00:00+00:00,0.07008,0.07047,0.06703,0.06749,240347545.0
2024-03-31 00:00:00+00:00,0.06749,0.06871,0.06703,0.0674,167507143.0
2024-03-31 04:00:00+00:00,0.0674,0.06805,0.06643,0.06746,230809383.0
2024-03-31 08:00:00+00:00,0.06746,0.06791,0.06659,0.0676,171117741.0
2024-03-31 12:00:00+00:00,0.0676,0.06822,0.06694,0.06742,259521667.0
2024-03-31 16:00:00+00:00,0.06742,0.06827,0.0671,0.06817,183341529.0
2024-03-31 20:00:00+00:00,0.06817,0.06988,0.06789,0.06915,222507618.0
2024-04-01 00:00:00+00:00,0.06915,0.06953,0.06765,0.06775,194757861.0
2024-04-01 04:00:00+00:00,0.06775,0.06792,0.06214,0.06498,760812228.0
2024-04-01 08:00:00+00:00,0.06498,0.06501,0.06392,0.06407,252908253.0
2024-04-01 12:00:00+00:00,0.06407,0.06526,0.06175,0.06222,578758831.0
2024-04-01 16:00:00+00:00,0.06222,0.06318,0.06125,0.06314,290475035.0
2024-04-01 20:00:00+00:00,0.06314,0.06401,0.06278,0.06371,120549233.0
2024-04-02 00:00:00+00:00,0.06371,0.06373,0.05838,0.05955,689489208.0
2024-04-02 04:00:00+00:00,0.05955,0.06008,0.05886,0.0592,287746598.0
2024-04-02 08:00:00+00:00,0.0592,0.05939,0.05639,0.05746,549710342.0
2024-04-02 12:00:00+00:00,0.05746,0.05907,0.05666,0.05721,387241426.0
2024-04-02 16:00:00+00:00,0.05721,0.0582,0.05682,0.0576,300846112.0
2024-04-02 20:00:00+00:00,0.0576,0.05805,0.05626,0.05694,221575888.0
2024-04-03 00:00:00+00:00,0.05694,0.05781,0.05435,0.0572,556408886.0
2024-04-03 04:00:00+00:00,0.0572,0.05843,0.0568,0.05804,189379071.0
2024-04-03 08:00:00+00:00,0.05804,0.05919,0.05708,0.0575,271000287.0
2024-04-03 12:00:00+00:00,0.0575,0.0581,0.05633,0.0567,292615113.0
2024-04-03 16:00:00+00:00,0.0567,0.05741,0.05517,0.05568,229581362.0
2024-04-03 20:00:00+00:00,0.05568,0.0561,0.05428,0.05561,194005836.0
2024-04-04 00:00:00+00:00,0.05561,0.05666,0.0548,0.05536,216725371.0
2024-04-04 04:00:00+00:00,0.05536,0.05667,0.0546,0.05631,217812041.0
2024-04-04 08:00:00+00:00,0.05631,0.05718,0.05617,0.05683,152590045.0
2024-04-04 12:00:00+00:00,0.05683,0.05876,0.05677,0.05809,246116788.0
2024-04-04 16:00:00+00:00,0.05809,0.05936,0.05784,0.05799,224653010.0
2024-04-04 20:00:00+00:00,0.05799,0.05807,0.05644,0.0575,277615908.0
2024-04-05 00:00:00+00:00,0.0575,0.05762,0.0552,0.05702,156403693.0
2024-04-05 04:00:00+00:00,0.05702,0.05702,0.05476,0.05579,251941189.0
2024-04-05 08:00:00+00:00,0.05579,0.05651,0.05423,0.05438,288692781.0
2024-04-05 12:00:00+00:00,0.05438,0.05699,0.05381,0.05696,338582977.0
2024-04-05 16:00:00+00:00,0.05696,0.05725,0.05612,0.05635,153878812.0
2024-04-05 20:00:00+00:00,0.05635,0.05689,0.0559,0.05593,68333366.0
2024-04-06 00:00:00+00:00,0.05593,0.05754,0.05567,0.05672,138382609.0
2024-04-06 04:00:00+00:00,0.05672,0.05725,0.05638,0.05698,82181953.0
2024-04-06 08:00:00+00:00,0.05698,0.05753,0.05653,0.05686,95498619.0
2024-04-06 12:00:00+00:00,0.05686,0.0575,0.05665,0.05733,135116637.0
2024-04-06 16:00:00+00:00,0.05733,0.05754,0.0568,0.05693,83351242.0
2024-04-06 20:00:00+00:00,0.05693,0.05799,0.05683,0.05716,79711776.0
2024-04-07 00:00:00+00:00,0.05716,0.05858,0.05683,0.05823,169100063.0
2024-04-07 04:00:00+00:00,0.05823,0.05879,0.05786,0.05829,96889898.0
2024-04-07 08:00:00+00:00,0.05829,0.06245,0.05829,0.0621,350906462.0
2024-04-07 12:00:00+00:00,0.0621,0.06395,0.06139,0.0627,634508852.0
2024-04-07 16:00:00+00:00,0.0627,0.06371,0.06139,0.0616,343174988.0
2024-04-07 20:00:00+00:00,0.0616,0.06206,0.06052,0.06157,165223182.0
2024-04-08 00:00:00+00:00,0.06157,0.06168,0.05973,0.06037,174970268.0
2024-04-08 04:00:00+00:00,0.06037,0.06278,0.05985,0.06234,258124291.0
2024-04-08 08:00:00+00:00,0.06234,0.06415,0.06225,0.06315,293419165.0
2024-04-08 12:00:00+00:00,0.06315,0.06504,0.06257,0.06432,496715952.0
2024-04-08 16:00:00+00:00,0.06432,0.06634,0.06416,0.06585,344046631.0
2024-04-08 20:00:00+00:00,0.06585,0.06606,0.06515,0.06582,138192078.0
2024-04-09 00:00:00+00:00,0.06582,0.06643,0.06412,0.06446,213886926.0
2024-04-09 04:00:00+00:00,0.06446,0.06818,0.06389,0.06535,631859418.0
2024-04-09 08:00:00+00:00,0.06535,0.0692,0.06347,0.06737,845463520.0
2024-04-09 12:00:00+00:00,0.06737,0.06821,0.06234,0.06322,990447887.0
2024-04-09 16:00:00+00:00,0.06322,0.06328,0.06077,0.06159,495521363.0
2024-04-09 20:00:00+00:00,0.06159,0.06194,0.06051,0.06084,168731766.0
2024-04-10 00:00:00+00:00,0.06084,0.06183,0.05832,0.05925,454642307.0
2024-04-10 04:00:00+00:00,0.05925,0.06038,0.05896,0.05967,190643177.0
2024-04-10 08:00:00+00:00,0.05967,0.05967,0.05815,0.05868,290844232.0
2024-04-10 12:00:00+00:00,0.05868,0.05888,0.05593,0.0584,735186755.0
2024-04-10 16:00:00+00:00,0.0584,0.06034,0.05809,0.06028,399959799.0
2024-04-10 20:00:00+00:00,0.06028,0.06122,0.05951,0.06013,271864521.0
2024-04-11 00:00:00+00:00,0.06013,0.06038,0.05933,0.06034,185481971.0
2024-04-11 04:00:00+00:00,0.06034,0.06173,0.05978,0.06064,215269720.0
2024-04-11 08:00:00+00:00,0.06064,0.06154,0.05867,0.05885,249287408.0
2024-04-11 12:00:00+00:00,0.05885,0.05988,0.05783,0.05864,377802466.0
2024-04-11 16:00:00+00:00,0.05864,0.05898,0.05767,0.05862,186680631.0
2024-04-11 20:00:00+00:00,0.05862,0.05924,0.05816,0.05878,97215807.0
2024-04-12 00:00:00+00:00,0.05878,0.05985,0.05854,0.05974,96833217.0
2024-04-12 04:00:00+00:00,0.05974,0.0601,0.05813,0.05839,134592873.0
2024-04-12 08:00:00+00:00,0.05839,0.05884,0.05776,0.05843,150008665.0
2024-04-12 12:00:00+00:00,0.05843,0.05845,0.05594,0.0564,362233435.0
2024-04-12 16:00:00+00:00,0.0564,0.05645,0.04091,0.04651,2606659821.0
2024-04-12 20:00:00+00:00,0.04651,0.04791,0.04629,0.04749,542928693.0
2024-04-13 00:00:00+00:00,0.04749,0.04769,0.04512,0.04691,534035421.0
2024-04-13 04:00:00+00:00,0.04691,0.04915,0.0466,0.04808,353416454.0
2024-04-13 08:00:00+00:00,0.04808,0.04943,0.04761,0.0488,258785121.0
2024-04-13 12:00:00+00:00,0.0488,0.04942,0.04783,0.04799,343220150.0
2024-04-13 16:00:00+00:00,0.04799,0.04818,0.03811,0.04032,2400345576.0
2024-04-13 20:00:00+00:00,0.04032,0.04159,0.0335,0.04056,2736301056.0
2024-04-14 00:00:00+00:00,0.04056,0.0412,0.03872,0.0403,935417965.0
2024-04-14 04:00:00+00:00,0.0403,0.04376,0.0399,0.04358,717264020.0
2024-04-14 08:00:00+00:00,0.04358,0.04382,0.04098,0.04127,643167976.0
2024-04-14 12:00:00+00:00,0.04127,0.04275,0.04068,0.04149,748547506.0
2024-04-14 16:00:00+00:00,0.04149,0.04301,0.03979,0.04181,1204863522.0
2024-04-14 20:00:00+00:00,0.04181,0.04442,0.04079,0.04396,652130057.0
2024-04-15 00:00:00+00:00,0.04396,0.04397,0.0425,0.04293,541427276.0
2024-04-15 04:00:00+00:00,0.04293,0.04643,0.04209,0.04545,552893611.0
2024-04-15 08:00:00+00:00,0.04545,0.04604,0.04455,0.04494,438687748.0
2024-04-15 12:00:00+00:00,0.04494,0.04549,0.04209,0.04291,906944480.0
2024-04-15 16:00:00+00:00,0.04291,0.04318,0.03918,0.04104,1180796686.0
2024-04-15 20:00:00+00:00,0.04104,0.04149,0.03982,0.04108,340819264.0
2024-04-16 00:00:00+00:00,0.04108,0.04194,0.04021,0.04059,282105021.0
2024-04-16 04:00:00+00:00,0.04059,0.04284,0.03943,0.04237,495257860.0
2024-04-16 08:00:00+00:00,0.04237,0.04241,0.04021,0.04185,499635190.0
2024-04-16 12:00:00+00:00,0.04185,0.04191,0.03936,0.03945,564038162.0
2024-04-16 16:00:00+00:00,0.03945,0.04162,0.03909,0.04063,483739310.0
2024-04-16 20:00:00+00:00,0.04063,0.04195,0.0405,0.04164,163387761.0
2024-04-17 00:00:00+00:00,0.04164,0.04205,0.04066,0.0414,176243065.0
2024-04-17 04:00:00+00:00,0.0414,0.04233,0.04101,0.04127,244977562.0
2024-04-17 08:00:00+00:00,0.04127,0.04161,0.03979,0.03984,217703978.0
2024-04-17 12:00:00+00:00,0.03984,0.04059,0.03848,0.03891,987708177.0
2024-04-17 16:00:00+00:00,0.03891,0.04175,0.03832,0.04074,770914323.0
2024-04-17 20:00:00+00:00,0.04074,0.04148,0.03987,0.04029,303440583.0
2024-04-18 00:00:00+00:00,0.04029,0.04135,0.03919,0.04081,306115129.0
2024-04-18 04:00:00+00:00,0.04081,0.04158,0.03959,0.03989,307141249.0
2024-04-18 08:00:00+00:00,0.03989,0.04218,0.03937,0.04167,465428463.0
2024-04-18 12:00:00+00:00,0.04167,0.04378,0.04074,0.04368,590802776.0
2024-04-18 16:00:00+00:00,0.04368,0.04405,0.04225,0.04355,455003987.0
2024-04-18 20:00:00+00:00,0.04355,0.04479,0.04312,0.04451,290913285.0
2024-04-19 00:00:00+00:00,0.04451,0.04491,0.04058,0.04302,873065979.0
2024-04-19 04:00:00+00:00,0.04302,0.04672,0.04296,0.0453,781087552.0
2024-04-19 08:00:00+00:00,0.0453,0.04602,0.04423,0.04454,433590886.0
2024-04-19 12:00:00+00:00,0.04454,0.04517,0.04384,0.04486,297900078.0
2024-04-19 16:00:00+00:00,0.04486,0.04513,0.04396,0.04504,221105698.0
2024-04-19 20:00:00+00:00,0.04504,0.04507,0.04319,0.04413,213015522.0
2024-04-20 00:00:00+00:00,0.04413,0.04531,0.04353,0.04472,198105345.0
2024-04-20 04:00:00+00:00,0.04472,0.04599,0.0445,0.0455,226407525.0
2024-04-20 08:00:00+00:00,0.0455,0.04559,0.04452,0.04464,137369755.0
2024-04-20 12:00:00+00:00,0.04464,0.04719,0.04458,0.04713,245283229.0
2024-04-20 16:00:00+00:00,0.04713,0.05104,0.04671,0.04973,588415706.0
2024-04-20 20:00:00+00:00,0.04973,0.05015,0.04905,0.04967,141377217.0
2024-04-21 00:00:00+00:00,0.04967,0.05083,0.04862,0.04995,221331033.0
2024-04-21 04:00:00+00:00,0.04995,0.05095,0.04952,0.05051,192336908.0
2024-04-21 08:00:00+00:00,0.05051,0.05102,0.0492,0.05006,252996016.0
2024-04-21 12:00:00+00:00,0.05006,0.0501,0.04864,0.04921,184616604.0
2024-04-21 16:00:00+00:00,0.04921,0.0493,0.04775,0.0485,322363538.0
2024-04-21 20:00:00+00:00,0.0485,0.04959,0.04829,0.04891,220855838.0
2024-04-22 00:00:00+00:00,0.04891,0.05045,0.04795,0.04986,305329040.0
2024-04-22 04:00:00+00:00,0.04986,0.05062,0.04963,0.04968,219522327.0
2024-04-22 08:00:00+00:00,0.04968,0.05007,0.04924,0.04944,197451296.0
2024-04-22 12:00:00+00:00,0.04944,0.05004,0.04869,0.04963,310424187.0
2024-04-22 16:00:00+00:00,0.04963,0.05044,0.0492,0.04998,247653766.0
2024-04-22 20:00:00+00:00,0.04998,0.05073,0.04977,0.0499,139375449.0
2024-04-23 00:00:00+00:00,0.0499,0.05092,0.04904,0.04911,150317841.0
2024-04-23 04:00:00+00:00,0.04911,0.04939,0.04798,0.04829,223546042.0
2024-04-23 08:00:00+00:00,0.04829,0.04878,0.04797,0.04834,182184302.0
2024-04-23 12:00:00+00:00,0.04834,0.05048,0.0482,0.04999,288037829.0
2024-04-23 16:00:00+00:00,0.04999,0.05196,0.04969,0.0517,313271737.0
2024-04-23 20:00:00+00:00,0.0517,0.05285,0.04969,0.04982,340277084.0
2024-04-24 00:00:00+00:00,0.04982,0.05191,0.04935,0.05152,339646119.0
2024-04-24 04:00:00+00:00,0.05152,0.05224,0.05055,0.05068,204344103.0
2024-04-24 08:00:00+00:00,0.05068,0.05156,0.05014,0.05142,182212230.0
2024-04-24 12:00:00+00:00,0.05142,0.05186,0.04793,0.04811,664128342.0
2024-04-24 16:00:00+00:00,0.04811,0.04909,0.04716,0.0481,419424768.0
2024-04-24 20:00:00+00:00,0.0481,0.0483,0.04645,0.04726,305118204.0
2024-04-25 00:00:00+00:00,0.04726,0.04754,0.04592,0.04614,215264820.0
2024-04-25 04:00:00+00:00,0.04614,0.04678,0.04527,0.04605,224270247.0
2024-04-25 08:00:00+00:00,0.04605,0.04658,0.0453,0.04627,276461437.0
2024-04-25 12:00:00+00:00,0.04627,0.04806,0.04578,0.04792,378578943.0
2024-04-25 16:00:00+00:00,0.04792,0.04859,0.04773,0.04817,200113849.0
2024-04-25 20:00:00+00:00,0.04817,0.04848,0.04738,0.0476,120295172.0
2024-04-26 00:00:00+00:00,0.0476,0.04804,0.04638,0.04725,204814969.0
2024-04-26 04:00:00+00:00,0.04725,0.04743,0.04628,0.04647,193918388.0
2024-04-26 08:00:00+00:00,0.04647,0.04714,0.04621,0.04645,163370767.0
2024-04-26 12:00:00+00:00,0.04645,0.04739,0.04546,0.04628,326091239.0
2024-04-26 16:00:00+00:00,0.04628,0.04672,0.04595,0.04652,88758404.0
2024-04-26 20:00:00+00:00,0.04652,0.047,0.04564,0.046,99525589.0
2024-04-27 00:00:00+00:00,0.046,0.04635,0.04341,0.04509,320320300.0
2024-04-27 04:00:00+00:00,0.04509,0.04568,0.04499,0.04509,76867594.0
2024-04-27 08:00:00+00:00,0.04509,0.04569,0.04436,0.04468,132836451.0
2024-04-27 12:00:00+00:00,0.04468,0.04596,0.04443,0.04466,173468762.0
2024-04-27 16:00:00+00:00,0.04466,0.04659,0.04431,0.0457,308362580.0
2024-04-27 20:00:00+00:00,0.0457,0.04592,0.04505,0.04544,121793689.0
2024-04-28 00:00:00+00:00,0.04544,0.04706,0.04535,0.04668,109147799.0
2024-04-28 04:00:00+00:00,0.04668,0.04774,0.04633,0.0477,161333482.0
2024-04-28 08:00:00+00:00,0.0477,0.04823,0.04703,0.04741,241060824.0
2024-04-28 12:00:00+00:00,0.04741,0.04871,0.04738,0.04774,187319552.0
2024-04-28 16:00:00+00:00,0.04774,0.0478,0.04709,0.04723,142521771.0
2024-04-28 20:00:00+00:00,0.04723,0.04731,0.0453,0.04559,179779291.0
2024-04-29 00:00:00+00:00,0.04559,0.04665,0.04489,0.04503,236267940.0
2024-04-29 04:00:00+00:00,0.04503,0.04546,0.04341,0.04356,281195165.0
2024-04-29 08:00:00+00:00,0.04356,0.04429,0.04277,0.04401,292312814.0
2024-04-29 12:00:00+00:00,0.04401,0.04522,0.04349,0.04492,346150014.0
2024-04-29 16:00:00+00:00,0.04492,0.04516,0.04403,0.04449,171720430.0
2024-04-29 20:00:00+00:00,0.04449,0.04566,0.04366,0.04506,155439593.0
2024-04-30 00:00:00+00:00,0.04506,0.04577,0.04404,0.0453,158922981.0
2024-04-30 04:00:00+00:00,0.0453,0.04539,0.04408,0.04414,94683240.0
2024-04-30 08:00:00+00:00,0.04414,0.04429,0.04148,0.04175,370530728.0
2024-04-30 12:00:00+00:00,0.04175,0.04201,0.04036,0.04073,404292634.0
2024-04-30 16:00:00+00:00,0.04073,0.04079,0.03962,0.04001,430222040.0
2024-04-30 20:00:00+00:00,0.04001,0.0416,0.04001,0.04118,267249152.0
2024-05-01 00:00:00+00:00,0.04118,0.04137,0.04026,0.04101,210648168.0
2024-05-01 04:00:00+00:00,0.04101,0.04119,0.03874,0.0395,399779800.0
2024-05-01 08:00:00+00:00,0.0395,0.04028,0.03842,0.04025,320156624.0
2024-05-01 12:00:00+00:00,0.04025,0.04099,0.03924,0.03971,345348242.0
2024-05-01 16:00:00+00:00,0.03971,0.04271,0.03924,0.04085,578348741.0
2024-05-01 20:00:00+00:00,0.04085,0.04231,0.04032,0.04206,254846101.0
2024-05-02 00:00:00+00:00,0.04206,0.04223,0.04047,0.04125,234325982.0
2024-05-02 04:00:00+00:00,0.04125,0.04152,0.04056,0.04061,125963450.0
2024-05-02 08:00:00+00:00,0.04061,0.04288,0.04041,0.04283,262831484.0
2024-05-02 12:00:00+00:00,0.04283,0.04317,0.04146,0.04262,358356018.0
2024-05-02 16:00:00+00:00,0.04262,0.04314,0.04228,0.04298,210538048.0
2024-05-02 20:00:00+00:00,0.04298,0.04356,0.04221,0.04294,152030102.0
2024-05-03 00:00:00+00:00,0.04294,0.0438,0.04258,0.04325,114076904.0
2024-05-03 04:00:00+00:00,0.04325,0.04377,0.0424,0.0426,127179413.0
2024-05-03 08:00:00+00:00,0.0426,0.04305,0.04199,0.04236,170506938.0
2024-05-03 12:00:00+00:00,0.04236,0.04449,0.04224,0.04422,330982704.0
2024-05-03 16:00:00+00:00,0.04422,0.04501,0.04422,0.04484,179433761.0
2024-05-03 20:00:00+00:00,0.04484,0.04592,0.04476,0.04514,154403025.0
2024-05-04 00:00:00+00:00,0.04514,0.04545,0.04451,0.04499,147033273.0
2024-05-04 04:00:00+00:00,0.04499,0.04542,0.04481,0.04498,113418059.0
2024-05-04 08:00:00+00:00,0.04498,0.04668,0.04497,0.046,207649528.0
2024-05-04 12:00:00+00:00,0.046,0.04614,0.04505,0.04558,179058107.0
2024-05-04 16:00:00+00:00,0.04558,0.04585,0.04503,0.04581,100735428.0
2024-05-04 20:00:00+00:00,0.04581,0.04599,0.04497,0.04505,221384462.0
2024-05-05 00:00:00+00:00,0.04505,0.04526,0.04389,0.0442,175208010.0
2024-05-05 04:00:00+00:00,0.0442,0.04468,0.04361,0.04448,146310749.0
2024-05-05 08:00:00+00:00,0.04448,0.04487,0.04425,0.04472,144092652.0
2024-05-05 12:00:00+00:00,0.04472,0.04835,0.0441,0.04755,411927652.0
2024-05-05 16:00:00+00:00,0.04755,0.04758,0.04587,0.04642,211725897.0
2024-05-05 20:00:00+00:00,0.04642,0.04672,0.04592,0.0463,124241058.0
2024-05-06 00:00:00+00:00,0.0463,0.04672,0.04559,0.04593,98993040.0
2024-05-06 04:00:00+00:00,0.04593,0.04783,0.04579,0.04779,139155679.0
2024-05-06 08:00:00+00:00,0.04779,0.0495,0.04751,0.0481,397755745.0
2024-05-06 12:00:00+00:00,0.0481,0.0483,0.04565,0.04643,496558959.0
2024-05-06 16:00:00+00:00,0.04643,0.04675,0.04546,0.04606,291874317.0
2024-05-06 20:00:00+00:00,0.04606,0.04634,0.04538,0.04551,111835267.0
2024-05-07 00:00:00+00:00,0.04551,0.04627,0.04473,0.04519,226269507.0
2024-05-07 04:00:00+00:00,0.04519,0.04567,0.04481,0.04549,155108597.0
2024-05-07 08:00:00+00:00,0.04549,0.04753,0.04533,0.04559,318056440.0
2024-05-07 12:00:00+00:00,0.04559,0.04669,0.04522,0.04591,223662462.0
2024-05-07 16:00:00+00:00,0.04591,0.0461,0.04473,0.04491,144666796.0
2024-05-07 20:00:00+00:00,0.04491,0.04522,0.04363,0.04389,262803856.0
2024-05-08 00:00:00+00:00,0.04389,0.04415,0.04324,0.04401,141375467.0
2024-05-08 04:00:00+00:00,0.04401,0.04411,0.04301,0.04327,159440703.0
2024-05-08 08:00:00+00:00,0.04327,0.04367,0.04285,0.043,175133499.0
2024-05-08 12:00:00+00:00,0.043,0.04425,0.04268,0.04393,288445935.0
2024-05-08 16:00:00+00:00,0.04393,0.04446,0.04324,0.04358,172790038.0
2024-05-08 20:00:00+00:00,0.04358,0.04384,0.04233,0.04294,243235862.0
2024-05-09 00:00:00+00:00,0.04294,0.04336,0.04273,0.04323,74769286.0
2024-05-09 04:00:00+00:00,0.04323,0.0438,0.04294,0.04312,146642919.0
2024-05-09 08:00:00+00:00,0.04312,0.04336,0.04196,0.04268,202954388.0
2024-05-09 12:00:00+00:00,0.04268,0.04387,0.04239,0.04369,202982382.0
2024-05-09 16:00:00+00:00,0.04369,0.04415,0.04311,0.04381,131023103.0
2024-05-09 20:00:00+00:00,0.04381,0.04498,0.04367,0.0445,156442111.0
2024-05-10 00:00:00+00:00,0.0445,0.04497,0.04419,0.04478,84026013.0
2024-05-10 04:00:00+00:00,0.04478,0.04524,0.04456,0.04494,90578078.0
2024-05-10 08:00:00+00:00,0.04494,0.04508,0.04456,0.04506,71740597.0
2024-05-10 12:00:00+00:00,0.04506,0.04524,0.0421,0.04266,454615516.0
2024-05-10 16:00:00+00:00,0.04266,0.04285,0.04147,0.04181,371520863.0
2024-05-10 20:00:00+00:00,0.04181,0.04225,0.04142,0.04213,115386387.0
2024-05-11 00:00:00+00:00,0.04213,0.04351,0.04208,0.04281,142624954.0
2024-05-11 04:00:00+00:00,0.04281,0.04305,0.04267,0.04285,64897495.0
2024-05-11 08:00:00+00:00,0.04285,0.04292,0.04213,0.04276,136256035.0
2024-05-11 12:00:00+00:00,0.04276,0.04347,0.04251,0.04301,180917454.0
2024-05-11 16:00:00+00:00,0.04301,0.04334,0.04274,0.0429,99406078.0
2024-05-11 20:00:00+00:00,0.0429,0.04292,0.04216,0.04236,92014646.0
2024-05-12 00:00:00+00:00,0.04236,0.04257,0.0421,0.04219,52880536.0
2024-05-12 04:00:00+00:00,0.04219,0.04249,0.0417,0.04188,82243577.0
2024-05-12 08:00:00+00:00,0.04188,0.04265,0.04171,0.04225,142444226.0
2024-05-12 12:00:00+00:00,0.04225,0.04246,0.04197,0.04234,76138695.0
2024-05-12 16:00:00+00:00,0.04234,0.04263,0.04156,0.04178,126548756.0
2024-05-12 20:00:00+00:00,0.04178,0.0418,0.04103,0.04152,125514818.0
2024-05-13 00:00:00+00:00,0.04152,0.04195,0.03903,0.03959,421175812.0
2024-05-13 04:00:00+00:00,0.03959,0.04154,0.03931,0.04149,217856166.0
2024-05-13 08:00:00+00:00,0.04149,0.04264,0.04149,0.0418,353297510.0
2024-05-13 12:00:00+00:00,0.0418,0.04234,0.04132,0.04189,329858222.0
2024-05-13 16:00:00+00:00,0.04189,0.04298,0.04089,0.04146,336637232.0
2024-05-13 20:00:00+00:00,0.04146,0.04158,0.04072,0.04099,107604834.0
2024-05-14 00:00:00+00:00,0.04099,0.04144,0.04052,0.04096,137643211.0
2024-05-14 04:00:00+00:00,0.04096,0.04156,0.03996,0.04118,221200093.0
2024-05-14 08:00:00+00:00,0.04118,0.0413,0.04064,0.04071,107287251.0
2024-05-14 12:00:00+00:00,0.04071,0.0411,0.03959,0.04016,393404488.0
2024-05-14 16:00:00+00:00,0.04016,0.04025,0.0394,0.03996,168869034.0
2024-05-14 20:00:00+00:00,0.03996,0.04005,0.0393,0.03957,86516918.0
2024-05-15 00:00:00+00:00,0.03957,0.04026,0.03936,0.04019,99615347.0
2024-05-15 04:00:00+00:00,0.04019,0.04024,0.03957,0.03979,90304540.0
2024-05-15 08:00:00+00:00,0.03979,0.04046,0.03921,0.03968,172566694.0
2024-05-15 12:00:00+00:00,0.03968,0.04265,0.03942,0.04205,544275815.0
2024-05-15 16:00:00+00:00,0.04205,0.04368,0.0418,0.04356,249645667.0
2024-05-15 20:00:00+00:00,0.04356,0.04385,0.04311,0.04334,142694108.0
2024-05-16 00:00:00+00:00,0.04334,0.04408,0.043,0.04395,162874813.0
2024-05-16 04:00:00+00:00,0.04395,0.04523,0.04378,0.04519,184994635.0
2024-05-16 08:00:00+00:00,0.04519,0.0455,0.04389,0.04423,234312544.0
2024-05-16 12:00:00+00:00,0.04423,0.04424,0.04254,0.04393,313205809.0
2024-05-16 16:00:00+00:00,0.04393,0.04421,0.04316,0.04365,151551715.0
2024-05-16 20:00:00+00:00,0.04365,0.04428,0.04355,0.04408,90861827.0
2024-05-17 00:00:00+00:00,0.04408,0.04423,0.04335,0.04347,100877195.0
2024-05-17 04:00:00+00:00,0.04347,0.0449,0.04306,0.04441,144298927.0
2024-05-17 08:00:00+00:00,0.04441,0.04472,0.04384,0.04447,143805881.0
2024-05-17 12:00:00+00:00,0.04447,0.04595,0.04427,0.04586,229789546.0
2024-05-17 16:00:00+00:00,0.04586,0.04757,0.04503,0.0455,330510246.0
2024-05-17 20:00:00+00:00,0.0455,0.04584,0.04529,0.04538,70923140.0
2024-05-18 00:00:00+00:00,0.04538,0.04557,0.04477,0.04547,86952538.0
2024-05-18 04:00:00+00:00,0.04547,0.0468,0.04529,0.04657,224195906.0
2024-05-18 08:00:00+00:00,0.04657,0.04738,0.04631,0.04638,204669416.0
2024-05-18 12:00:00+00:00,0.04638,0.0464,0.04504,0.04538,261967288.0
2024-05-18 16:00:00+00:00,0.04538,0.04583,0.04528,0.04569,102072022.0
2024-05-18 20:00:00+00:00,0.04569,0.04584,0.04533,0.04572,72373779.0
2024-05-19 00:00:00+00:00,0.04572,0.04674,0.04548,0.04634,89446967.0
2024-05-19 04:00:00+00:00,0.04634,0.04635,0.0455,0.04585,102345205.0
2024-05-19 08:00:00+00:00,0.04585,0.04585,0.04455,0.04505,199808278.0
2024-05-19 12:00:00+00:00,0.04505,0.04509,0.04358,0.04385,268945693.0
2024-05-19 16:00:00+00:00,0.04385,0.04392,0.04313,0.04327,154053291.0
2024-05-19 20:00:00+00:00,0.04327,0.04346,0.04277,0.04306,97346736.0
2024-05-20 00:00:00+00:00,0.04306,0.04325,0.0422,0.04293,158971497.0
2024-05-20 04:00:00+00:00,0.04293,0.04469,0.04286,0.04365,271317803.0
2024-05-20 08:00:00+00:00,0.04365,0.0441,0.04351,0.04364,115663037.0
2024-05-20 12:00:00+00:00,0.04364,0.04417,0.04315,0.04409,144401858.0
2024-05-20 16:00:00+00:00,0.04409,0.0483,0.04403,0.04642,736637904.0
2024-05-20 20:00:00+00:00,0.04642,0.04678,0.03745,0.04325,5265869064.0
2024-05-21 00:00:00+00:00,0.04325,0.04412,0.04148,0.04156,833863086.0
2024-05-21 04:00:00+00:00,0.04156,0.0426,0.04106,0.04173,581052813.0
2024-05-21 08:00:00+00:00,0.04173,0.04189,0.04101,0.0414,592695259.0
2024-05-21 12:00:00+00:00,0.0414,0.04446,0.04016,0.04241,2133381010.0
2024-05-21 16:00:00+00:00,0.04241,0.04409,0.04205,0.04317,851660759.0
2024-05-21 20:00:00+00:00,0.04317,0.04379,0.04274,0.04307,477821158.0
2024-05-22 00:00:00+00:00,0.04307,0.04519,0.04292,0.04392,715998176.0
2024-05-22 04:00:00+00:00,0.04392,0.04646,0.04355,0.04515,1099777972.0
2024-05-22 08:00:00+00:00,0.04515,0.04993,0.04492,0.04749,1912357755.0
2024-05-22 12:00:00+00:00,0.04749,0.04775,0.04532,0.04706,1426754126.0
2024-05-22 16:00:00+00:00,0.04706,0.04757,0.04576,0.04655,673379070.0
2024-05-22 20:00:00+00:00,0.04655,0.04686,0.0455,0.04607,466145615.0
2024-05-23 00:00:00+00:00,0.04607,0.04643,0.04527,0.04616,364868017.0
2024-05-23 04:00:00+00:00,0.04616,0.04635,0.04492,0.04543,421512927.0
2024-05-23 08:00:00+00:00,0.04543,0.0456,0.04456,0.04538,369505255.0
2024-05-23 12:00:00+00:00,0.04538,0.04584,0.042,0.04348,1282543228.0
2024-05-23 16:00:00+00:00,0.04348,0.04368,0.0421,0.04246,379665481.0
2024-05-23 20:00:00+00:00,0.04246,0.04396,0.04042,0.04375,1005431972.0
2024-05-24 00:00:00+00:00,0.04375,0.04462,0.04349,0.04419,194986175.0
2024-05-24 04:00:00+00:00,0.04419,0.0447,0.04264,0.04314,287923345.0
2024-05-24 08:00:00+00:00,0.04314,0.04323,0.04224,0.04314,185864856.0
2024-05-24 12:00:00+00:00,0.04314,0.04355,0.04232,0.04286,291732324.0
2024-05-24 16:00:00+00:00,0.04286,0.04334,0.0423,0.04324,183657866.0
2024-05-24 20:00:00+00:00,0.04324,0.04402,0.04291,0.04394,179324318.0
2024-05-25 00:00:00+00:00,0.04394,0.04425,0.04364,0.04379,181231001.0
2024-05-25 04:00:00+00:00,0.04379,0.04494,0.04377,0.04459,209339436.0
2024-05-25 08:00:00+00:00,0.04459,0.04523,0.04438,0.04459,286151431.0
2024-05-25 12:00:00+00:00,0.04459,0.04519,0.04407,0.04491,261895915.0
2024-05-25 16:00:00+00:00,0.04491,0.04535,0.04438,0.04512,136044085.0
2024-05-25 20:00:00+00:00,0.04512,0.04523,0.04432,0.04466,130233726.0
2024-05-26 00:00:00+00:00,0.04466,0.04487,0.04386,0.04447,133753158.0
2024-05-26 04:00:00+00:00,0.04447,0.04471,0.044,0.04441,105089554.0
2024-05-26 08:00:00+00:00,0.04441,0.04452,0.04372,0.04397,183571430.0
2024-05-26 12:00:00+00:00,0.04397,0.04417,0.04311,0.04371,265385959.0
2024-05-26 16:00:00+00:00,0.04371,0.04424,0.0433,0.04394,127706128.0
2024-05-26 20:00:00+00:00,0.04394,0.04424,0.04316,0.04392,144968198.0
2024-05-27 00:00:00+00:00,0.04392,0.04559,0.0439,0.04467,180799493.0
2024-05-27 04:00:00+00:00,0.04467,0.04474,0.04328,0.0436,254271006.0
2024-05-27 08:00:00+00:00,0.0436,0.04464,0.04349,0.04404,187984419.0
2024-05-27 12:00:00+00:00,0.04404,0.04533,0.0439,0.04506,254359304.0
2024-05-27 16:00:00+00:00,0.04506,0.04606,0.04453,0.04487,416192942.0
2024-05-27 20:00:00+00:00,0.04487,0.04604,0.04474,0.04575,204028982.0
2024-05-28 00:00:00+00:00,0.04575,0.04613,0.04443,0.04498,548438433.0
2024-05-28 04:00:00+00:00,0.04498,0.04498,0.04319,0.04367,449192241.0
2024-05-28 08:00:00+00:00,0.04367,0.04554,0.04358,0.04525,394925346.0
2024-05-28 12:00:00+00:00,0.04525,0.04572,0.04438,0.04539,439857143.0
2024-05-28 16:00:00+00:00,0.04539,0.04557,0.04427,0.04545,322313978.0
2024-05-28 20:00:00+00:00,0.04545,0.04668,0.04542,0.04583,310947070.0
2024-05-29 00:00:00+00:00,0.04583,0.04607,0.04502,0.04532,148120528.0
2024-05-29 04:00:00+00:00,0.04532,0.04687,0.04517,0.04538,275049810.0
2024-05-29 08:00:00+00:00,0.04538,0.04555,0.04428,0.04449,369642868.0
2024-05-29 12:00:00+00:00,0.04449,0.0449,0.04388,0.0441,363546267.0
2024-05-29 16:00:00+00:00,0.0441,0.04448,0.04365,0.04387,262660807.0
2024-05-29 20:00:00+00:00,0.04387,0.04416,0.04348,0.04369,170529124.0
2024-05-30 00:00:00+00:00,0.04369,0.04445,0.04346,0.04424,144370276.0
2024-05-30 04:00:00+00:00,0.04424,0.04438,0.04201,0.04226,361510073.0
2024-05-30 08:00:00+00:00,0.04226,0.04298,0.04181,0.0426,202808335.0
2024-05-30 12:00:00+00:00,0.0426,0.04442,0.04255,0.04393,268465363.0
2024-05-30 16:00:00+00:00,0.04393,0.04447,0.04344,0.04365,166996214.0
2024-05-30 20:00:00+00:00,0.04365,0.04366,0.04262,0.04272,153854916.0
2024-05-31 00:00:00+00:00,0.04272,0.04286,0.04215,0.04268,119021321.0
2024-05-31 04:00:00+00:00,0.04268,0.04314,0.04218,0.04296,126117566.0
2024-05-31 08:00:00+00:00,0.04296,0.04331,0.04235,0.04319,174104020.0
2024-05-31 12:00:00+00:00,0.04319,0.04368,0.04248,0.04281,264370359.0
2024-05-31 16:00:00+00:00,0.04281,0.04351,0.04226,0.04334,253785605.0
2024-05-31 20:00:00+00:00,0.04334,0.04385,0.04324,0.04354,98714398.0
2024-06-01 00:00:00+00:00,0.04354,0.04368,0.04299,0.04325,75544920.0
2024-06-01 04:00:00+00:00,0.04325,0.04328,0.04281,0.04296,82933651.0
2024-06-01 08:00:00+00:00,0.04296,0.04316,0.04275,0.04289,89959280.0
2024-06-01 12:00:00+00:00,0.04289,0.04345,0.04283,0.04292,108824367.0
2024-06-01 16:00:00+00:00,0.04292,0.0431,0.04273,0.04297,66251134.0
2024-06-01 20:00:00+00:00,0.04297,0.04358,0.04293,0.04303,79472016.0
2024-06-02 00:00:00+00:00,0.04303,0.04442,0.04298,0.04429,188807709.0
2024-06-02 04:00:00+00:00,0.04429,0.04501,0.04397,0.04398,225526387.0
2024-06-02 08:00:00+00:00,0.04398,0.04545,0.04387,0.04497,363862065.0
2024-06-02 12:00:00+00:00,0.04497,0.04579,0.04459,0.04554,262487402.0
2024-06-02 16:00:00+00:00,0.04554,0.04587,0.04412,0.04459,338290783.0
2024-06-02 20:00:00+00:00,0.04459,0.04463,0.04363,0.04368,184382206.0
2024-06-03 00:00:00+00:00,0.04368,0.04654,0.04288,0.04652,370830578.0
2024-06-03 04:00:00+00:00,0.04652,0.0481,0.04583,0.04683,784494342.0
2024-06-03 08:00:00+00:00,0.04683,0.0476,0.04627,0.0473,367994425.0
2024-06-03 12:00:00+00:00,0.0473,0.04744,0.04569,0.04636,526824793.0
2024-06-03 16:00:00+00:00,0.04636,0.04681,0.04588,0.04618,230136208.0
2024-06-03 20:00:00+00:00,0.04618,0.0462,0.04512,0.04513,159933633.0
2024-06-04 00:00:00+00:00,0.04513,0.04554,0.04485,0.04532,144798459.0
2024-06-04 04:00:00+00:00,0.04532,0.04533,0.04444,0.04453,139989846.0
2024-06-04 08:00:00+00:00,0.04453,0.04485,0.04421,0.04455,212269878.0
2024-06-04 12:00:00+00:00,0.04455,0.04535,0.04434,0.04511,279049348.0
2024-06-04 16:00:00+00:00,0.04511,0.04593,0.04496,0.04559,202064218.0
2024-06-04 20:00:00+00:00,0.04559,0.04704,0.04522,0.04684,205512254.0
2024-06-05 00:00:00+00:00,0.04684,0.04755,0.04667,0.04742,330360067.0
2024-06-05 04:00:00+00:00,0.04742,0.04779,0.04678,0.04747,275340838.0
2024-06-05 08:00:00+00:00,0.04747,0.04864,0.04645,0.0478,456936327.0
2024-06-05 12:00:00+00:00,0.0478,0.04781,0.04663,0.0474,275787094.0
2024-06-05 16:00:00+00:00,0.0474,0.04779,0.04647,0.04694,187641795.0
2024-06-05 20:00:00+00:00,0.04694,0.04723,0.0466,0.04688,123867392.0
2024-06-06 00:00:00+00:00,0.04688,0.04696,0.04645,0.04648,80540486.0
2024-06-06 04:00:00+00:00,0.04648,0.04661,0.04566,0.04587,182985570.0
2024-06-06 08:00:00+00:00,0.04587,0.04611,0.04516,0.046,191036488.0
2024-06-06 12:00:00+00:00,0.046,0.04664,0.04563,0.0459,218555578.0
2024-06-06 16:00:00+00:00,0.0459,0.04607,0.04489,0.04506,258960915.0
2024-06-06 20:00:00+00:00,0.04506,0.04552,0.04456,0.04543,155045709.0
2024-06-07 00:00:00+00:00,0.04543,0.0456,0.04476,0.04503,86635248.0
2024-06-07 04:00:00+00:00,0.04503,0.04546,0.04499,0.04532,115800308.0
2024-06-07 08:00:00+00:00,0.04532,0.04575,0.04506,0.04561,143220922.0
2024-06-07 12:00:00+00:00,0.04561,0.04571,0.04389,0.04468,562286474.0
2024-06-07 16:00:00+00:00,0.04468,0.04471,0.03616,0.0399,2397691816.0
2024-06-07 20:00:00+00:00,0.0399,0.04028,0.03947,0.04003,236244119.0
2024-06-08 00:00:00+00:00,0.04003,0.04024,0.03965,0.04005,180567588.0
2024-06-08 04:00:00+00:00,0.04005,0.04005,0.03962,0.03994,96688673.0
2024-06-08 08:00:00+00:00,0.03994,0.03994,0.03837,0.03858,356707642.0
2024-06-08 12:00:00+00:00,0.03858,0.03897,0.03778,0.03837,351731277.0
2024-06-08 16:00:00+00:00,0.03837,0.03852,0.03735,0.03798,274688409.0
2024-06-08 20:00:00+00:00,0.03798,0.03834,0.03754,0.03791,161603740.0
2024-06-09 00:00:00+00:00,0.03791,0.03831,0.0375,0.03777,105483059.0
2024-06-09 04:00:00+00:00,0.03777,0.03809,0.03744,0.03788,94374195.0
2024-06-09 08:00:00+00:00,0.03788,0.03814,0.03778,0.03804,72300066.0
2024-06-09 12:00:00+00:00,0.03804,0.03856,0.03783,0.03826,170558608.0
2024-06-09 16:00:00+00:00,0.03826,0.039,0.03817,0.03879,105256448.0
2024-06-09 20:00:00+00:00,0.03879,0.03906,0.03853,0.03895,106659999.0
2024-06-10 00:00:00+00:00,0.03895,0.03897,0.03807,0.03826,139226619.0
2024-06-10 04:00:00+00:00,0.03826,0.0384,0.03703,0.03709,317430655.0
2024-06-10 08:00:00+00:00,0.03709,0.03804,0.03706,0.03761,177874070.0
2024-06-10 12:00:00+00:00,0.03761,0.03859,0.03693,0.03843,362769361.0
2024-06-10 16:00:00+00:00,0.03843,0.03847,0.03743,0.03748,221820667.0
2024-06-10 20:00:00+00:00,0.03748,0.0376,0.0366,0.03695,243179601.0
2024-06-11 00:00:00+00:00,0.03695,0.03722,0.03469,0.03604,585702329.0
2024-06-11 04:00:00+00:00,0.03604,0.03611,0.03498,0.03541,246549944.0
2024-06-11 08:00:00+00:00,0.03541,0.03635,0.03539,0.03571,211363273.0
2024-06-11 12:00:00+00:00,0.03571,0.03588,0.034,0.03451,636230961.0
2024-06-11 16:00:00+00:00,0.03451,0.03513,0.03396,0.0348,265467281.0
2024-06-11 20:00:00+00:00,0.0348,0.03498,0.03433,0.03443,73016306.0
2024-06-12 00:00:00+00:00,0.03443,0.03471,0.03325,0.03467,313550273.0
2024-06-12 04:00:00+00:00,0.03467,0.03496,0.0345,0.03493,99181739.0
2024-06-12 08:00:00+00:00,0.03493,0.03559,0.03483,0.03509,200337130.0
2024-06-12 12:00:00+00:00,0.03509,0.03723,0.03504,0.0367,632077511.0
2024-06-12 16:00:00+00:00,0.0367,0.03698,0.03513,0.03547,749013744.0
2024-06-12 20:00:00+00:00,0.03547,0.03611,0.03525,0.03588,115729426.0
2024-06-13 00:00:00+00:00,0.03588,0.03588,0.03396,0.0347,286875336.0
2024-06-13 04:00:00+00:00,0.0347,0.03508,0.03447,0.03477,150322731.0
2024-06-13 08:00:00+00:00,0.03477,0.03491,0.03434,0.03447,127405666.0
2024-06-13 12:00:00+00:00,0.03447,0.03506,0.03371,0.03382,472330425.0
2024-06-13 16:00:00+00:00,0.03382,0.0345,0.03354,0.03409,190760566.0
2024-06-13 20:00:00+00:00,0.03409,0.0342,0.03363,0.03392,131183178.0
2024-06-14 00:00:00+00:00,0.03392,0.03446,0.03352,0.03428,176105553.0
2024-06-14 04:00:00+00:00,0.03428,0.03494,0.03415,0.03484,93538845.0
2024-06-14 08:00:00+00:00,0.03484,0.03515,0.03461,0.03488,109055161.0
2024-06-14 12:00:00+00:00,0.03488,0.03506,0.03357,0.03378,292453768.0
2024-06-14 16:00:00+00:00,0.03378,0.03385,0.03164,0.03212,1054757047.0
2024-06-14 20:00:00+00:00,0.03212,0.03329,0.03208,0.033,322675691.0
2024-06-15 00:00:00+00:00,0.033,0.03331,0.03282,0.03312,172636228.0
2024-06-15 04:00:00+00:00,0.03312,0.03335,0.03292,0.03306,175127351.0
2024-06-15 08:00:00+00:00,0.03306,0.0333,0.03305,0.03327,120707176.0
2024-06-15 12:00:00+00:00,0.03327,0.03375,0.03309,0.0335,175440401.0
2024-06-15 16:00:00+00:00,0.0335,0.03368,0.03285,0.03295,145188505.0
2024-06-15 20:00:00+00:00,0.03295,0.03301,0.03262,0.03289,103611727.0
2024-06-16 00:00:00+00:00,0.03289,0.0329,0.03225,0.03237,186604883.0
2024-06-16 04:00:00+00:00,0.03237,0.03293,0.03205,0.03279,118587518.0
2024-06-16 08:00:00+00:00,0.03279,0.03331,0.03264,0.03305,104478603.0
2024-06-16 12:00:00+00:00,0.03305,0.03342,0.03295,0.03317,118672346.0
2024-06-16 16:00:00+00:00,0.03317,0.0333,0.03286,0.03302,100074537.0
2024-06-16 20:00:00+00:00,0.03302,0.03354,0.03273,0.03308,189004605.0
2024-06-17 00:00:00+00:00,0.03308,0.0334,0.03204,0.0322,371111349.0
2024-06-17 04:00:00+00:00,0.0322,0.03242,0.03087,0.03121,482324088.0
2024-06-17 08:00:00+00:00,0.03121,0.03136,0.02963,0.03023,712326042.0
2024-06-17 12:00:00+00:00,0.03023,0.03041,0.02963,0.02984,400302067.0
2024-06-17 16:00:00+00:00,0.02984,0.03098,0.02864,0.03052,904036108.0
2024-06-17 20:00:00+00:00,0.03052,0.03055,0.02926,0.02937,342428029.0
2024-06-18 00:00:00+00:00,0.02937,0.02952,0.02503,0.02728,2487063909.0
2024-06-18 04:00:00+00:00,0.02728,0.02771,0.02703,0.02762,218484901.0
2024-06-18 08:00:00+00:00,0.02762,0.02776,0.02658,0.02683,342423831.0
2024-06-18 12:00:00+00:00,0.02683,0.0269,0.02578,0.02637,804339872.0
2024-06-18 16:00:00+00:00,0.02637,0.02663,0.02577,0.02662,408936009.0
2024-06-18 20:00:00+00:00,0.02662,0.02726,0.0263,0.02702,405543755.0
2024-06-19 00:00:00+00:00,0.02702,0.02808,0.02666,0.02781,361172268.0
2024-06-19 04:00:00+00:00,0.02781,0.02843,0.02774,0.02813,209812447.0
2024-06-19 08:00:00+00:00,0.02813,0.02819,0.0275,0.02778,292098789.0
2024-06-19 12:00:00+00:00,0.02778,0.02833,0.02757,0.02787,270888680.0
2024-06-19 16:00:00+00:00,0.02787,0.02881,0.02771,0.02803,304435997.0
2024-06-19 20:00:00+00:00,0.02803,0.02846,0.02777,0.02802,109027428.0
2024-06-20 00:00:00+00:00,0.02802,0.02887,0.02776,0.02814,315650785.0
2024-06-20 04:00:00+00:00,0.02814,0.02937,0.02787,0.02937,276797577.0
2024-06-20 08:00:00+00:00,0.02937,0.02977,0.02868,0.02905,333147639.0
2024-06-20 12:00:00+00:00,0.02905,0.02915,0.02753,0.02797,475069173.0
2024-06-20 16:00:00+00:00,0.02797,0.02832,0.02756,0.02827,205758212.0
2024-06-20 20:00:00+00:00,0.02827,0.02838,0.02799,0.02805,119967959.0
2024-06-21 00:00:00+00:00,0.02805,0.02872,0.02755,0.02835,218859456.0
2024-06-21 04:00:00+00:00,0.02835,0.02875,0.02775,0.02791,144636378.0
2024-06-21 08:00:00+00:00,0.02791,0.02856,0.02736,0.02849,279479215.0
2024-06-21 12:00:00+00:00,0.02849,0.02911,0.02767,0.02831,400794073.0
2024-06-21 16:00:00+00:00,0.02831,0.02849,0.02741,0.02813,332214202.0
2024-06-21 20:00:00+00:00,0.02813,0.02835,0.02775,0.02797,120064742.0
2024-06-22 00:00:00+00:00,0.02797,0.02815,0.02755,0.02805,103740985.0
2024-06-22 04:00:00+00:00,0.02805,0.02857,0.02794,0.02803,87589345.0
2024-06-22 08:00:00+00:00,0.02803,0.02843,0.02778,0.02835,103139705.0
2024-06-22 12:00:00+00:00,0.02835,0.02873,0.0283,0.02864,139495376.0
2024-06-22 16:00:00+00:00,0.02864,0.02907,0.02843,0.02851,177402731.0
2024-06-22 20:00:00+00:00,0.02851,0.02866,0.02824,0.02844,119927327.0
2024-06-23 00:00:00+00:00,0.02844,0.02898,0.02832,0.0288,121862814.0
2024-06-23 04:00:00+00:00,0.0288,0.02898,0.02853,0.0286,76587789.0
2024-06-23 08:00:00+00:00,0.0286,0.02888,0.02838,0.0285,113699975.0
2024-06-23 12:00:00+00:00,0.0285,0.02855,0.02735,0.02754,250724292.0
2024-06-23 16:00:00+00:00,0.02754,0.02779,0.02704,0.02755,229274320.0
2024-06-23 20:00:00+00:00,0.02755,0.02756,0.02677,0.02717,275671983.0
2024-06-24 00:00:00+00:00,0.02717,0.02745,0.02662,0.02712,270209984.0
2024-06-24 04:00:00+00:00,0.02712,0.02722,0.02624,0.02634,309493232.0
2024-06-24 08:00:00+00:00,0.02634,0.02688,0.02518,0.02646,734479082.0
2024-06-24 12:00:00+00:00,0.02646,0.0275,0.02639,0.02693,264601802.0
2024-06-24 16:00:00+00:00,0.02693,0.02776,0.02671,0.02689,354539776.0
2024-06-24 20:00:00+00:00,0.02689,0.02807,0.02656,0.02798,332641525.0
2024-06-25 00:00:00+00:00,0.02798,0.02855,0.0278,0.02827,137846470.0
2024-06-25 04:00:00+00:00,0.02827,0.02863,0.02817,0.0284,168138842.0
2024-06-25 08:00:00+00:00,0.0284,0.02859,0.02806,0.02837,174900845.0
2024-06-25 12:00:00+00:00,0.02837,0.02939,0.02826,0.02918,193117903.0
2024-06-25 16:00:00+00:00,0.02918,0.02922,0.02855,0.02889,207277759.0
2024-06-25 20:00:00+00:00,0.02889,0.0289,0.0284,0.02856,85020238.0
2024-06-26 00:00:00+00:00,0.02856,0.02924,0.0284,0.02881,100732076.0
2024-06-26 04:00:00+00:00,0.02881,0.02905,0.02847,0.02892,118635829.0
2024-06-26 08:00:00+00:00,0.02892,0.02893,0.02822,0.02837,161252733.0
2024-06-26 12:00:00+00:00,0.02837,0.02862,0.02793,0.02818,194697109.0
2024-06-26 16:00:00+00:00,0.02818,0.02827,0.02738,0.02824,181675221.0
2024-06-26 20:00:00+00:00,0.02824,0.02846,0.02765,0.02771,104202234.0
2024-06-27 00:00:00+00:00,0.02771,0.02778,0.02741,0.02762,116206983.0
2024-06-27 04:00:00+00:00,0.02762,0.02768,0.02705,0.02726,101176209.0
2024-06-27 08:00:00+00:00,0.02726,0.02792,0.02719,0.02772,109424820.0
2024-06-27 12:00:00+00:00,0.02772,0.02863,0.02771,0.02792,250128489.0
2024-06-27 16:00:00+00:00,0.02792,0.02826,0.02782,0.02811,70221759.0
2024-06-27 20:00:00+00:00,0.02811,0.02815,0.02785,0.02808,62124979.0
2024-06-28 00:00:00+00:00,0.02808,0.02849,0.02776,0.02818,104481820.0
2024-06-28 04:00:00+00:00,0.02818,0.02825,0.02768,0.02795,96687353.0
2024-06-28 08:00:00+00:00,0.02795,0.02805,0.0277,0.02786,63435095.0
2024-06-28 12:00:00+00:00,0.02786,0.02821,0.02743,0.02771,240994571.0
2024-06-28 16:00:00+00:00,0.02771,0.02781,0.02682,0.027,255884562.0
2024-06-28 20:00:00+00:00,0.027,0.02714,0.0266,0.02672,142725230.0
2024-06-29 00:00:00+00:00,0.02672,0.02754,0.02667,0.02723,89467798.0
2024-06-29 04:00:00+00:00,0.02723,0.02749,0.02702,0.02734,38135816.0
2024-06-29 08:00:00+00:00,0.02734,0.02743,0.02717,0.02735,61167242.0
2024-06-29 12:00:00+00:00,0.02735,0.02742,0.02686,0.02711,87169997.0
2024-06-29 16:00:00+00:00,0.02711,0.02714,0.02645,0.02671,102762789.0
2024-06-29 20:00:00+00:00,0.02671,0.02686,0.02624,0.0265,126623481.0
2024-06-30 00:00:00+00:00,0.0265,0.02675,0.02628,0.02647,185121898.0
2024-06-30 04:00:00+00:00,0.02647,0.02719,0.02628,0.02699,126502954.0
2024-06-30 08:00:00+00:00,0.02699,0.02719,0.02694,0.02698,63341109.0
2024-06-30 12:00:00+00:00,0.02698,0.02727,0.02679,0.02719,115318131.0
2024-06-30 16:00:00+00:00,0.02719,0.0273,0.02691,0.02727,151127991.0
2024-06-30 20:00:00+00:00,0.02727,0.02791,0.027,0.02768,191161889.0
2024-07-01 00:00:00+00:00,0.02768,0.02817,0.02749,0.02792,168733151.0
2024-07-01 04:00:00+00:00,0.02792,0.02806,0.02764,0.02769,86219772.0
2024-07-01 08:00:00+00:00,0.02769,0.02771,0.02727,0.02734,245759598.0
2024-07-01 12:00:00+00:00,0.02734,0.02752,0.02686,0.02712,444661675.0
2024-07-01 16:00:00+00:00,0.02712,0.02782,0.02704,0.02762,165498651.0
2024-07-01 20:00:00+00:00,0.02762,0.02768,0.02681,0.02689,139077043.0
2024-07-02 00:00:00+00:00,0.02689,0.02721,0.02667,0.0271,148791403.0
2024-07-02 04:00:00+00:00,0.0271,0.02806,0.02707,0.02741,394209978.0
2024-07-02 08:00:00+00:00,0.02741,0.02747,0.02701,0.02722,215478574.0
2024-07-02 12:00:00+00:00,0.02722,0.02808,0.02719,0.02746,284527672.0
2024-07-02 16:00:00+00:00,0.02746,0.02785,0.027,0.02761,214155352.0
2024-07-02 20:00:00+00:00,0.02761,0.02765,0.02732,0.02745,96312274.0
2024-07-03 00:00:00+00:00,0.02745,0.02756,0.02596,0.02635,457654134.0
2024-07-03 04:00:00+00:00,0.02635,0.02635,0.02592,0.02619,251099502.0
2024-07-03 08:00:00+00:00,0.02619,0.02644,0.02549,0.02586,499556418.0
2024-07-03 12:00:00+00:00,0.02586,0.02614,0.02541,0.02586,334529291.0
2024-07-03 16:00:00+00:00,0.02586,0.02602,0.02508,0.02539,247160090.0
2024-07-03 20:00:00+00:00,0.02539,0.02572,0.02533,0.02547,175714445.0
2024-07-04 00:00:00+00:00,0.02547,0.02583,0.02396,0.02477,1015855964.0
2024-07-04 04:00:00+00:00,0.02477,0.02487,0.02421,0.02434,199856872.0
2024-07-04 08:00:00+00:00,0.02434,0.02442,0.02371,0.02391,455574658.0
2024-07-04 12:00:00+00:00,0.02391,0.02398,0.02287,0.02366,528354179.0
2024-07-04 16:00:00+00:00,0.02366,0.02366,0.02317,0.02327,199508261.0
2024-07-04 20:00:00+00:00,0.02327,0.02364,0.02216,0.0224,432129459.0
2024-07-05 00:00:00+00:00,0.0224,0.02242,0.01892,0.01935,2948919981.0
2024-07-05 04:00:00+00:00,0.01935,0.02033,0.01896,0.02005,753670980.0
2024-07-05 08:00:00+00:00,0.02005,0.02067,0.01939,0.02065,395303081.0
2024-07-05 12:00:00+00:00,0.02065,0.02111,0.02023,0.02105,469311829.0
2024-07-05 16:00:00+00:00,0.02105,0.02132,0.02076,0.0212,229401911.0
2024-07-05 20:00:00+00:00,0.0212,0.02123,0.02088,0.02107,148757331.0
2024-07-06 00:00:00+00:00,0.02107,0.02201,0.02089,0.02126,413441713.0
2024-07-06 04:00:00+00:00,0.02126,0.02193,0.02104,0.02182,187215724.0
2024-07-06 08:00:00+00:00,0.02182,0.02233,0.02155,0.02226,191950260.0
2024-07-06 12:00:00+00:00,0.02226,0.02248,0.02191,0.02233,190655149.0
2024-07-06 16:00:00+00:00,0.02233,0.02307,0.0222,0.0227,233186496.0
2024-07-06 20:00:00+00:00,0.0227,0.02281,0.02235,0.02244,248765099.0
2024-07-07 00:00:00+00:00,0.02244,0.02246,0.02172,0.0222,212205756.0
2024-07-07 04:00:00+00:00,0.0222,0.02238,0.02175,0.02205,189562272.0
2024-07-07 08:00:00+00:00,0.02205,0.02236,0.02195,0.0222,99345490.0
2024-07-07 12:00:00+00:00,0.0222,0.02237,0.02113,0.02142,299914580.0
2024-07-07 16:00:00+00:00,0.02142,0.02195,0.02132,0.02173,188863753.0
2024-07-07 20:00:00+00:00,0.02173,0.02181,0.0208,0.02098,279851356.0
2024-07-08 00:00:00+00:00,0.02098,0.02108,0.01985,0.0208,596006923.0
2024-07-08 04:00:00+00:00,0.0208,0.02139,0.02073,0.02108,201278263.0
2024-07-08 08:00:00+00:00,0.02108,0.02249,0.02102,0.02225,571431803.0
2024-07-08 12:00:00+00:00,0.02225,0.02231,0.02098,0.02131,892045046.0
2024-07-08 16:00:00+00:00,0.02131,0.02158,0.02102,0.02154,201521764.0
2024-07-08 20:00:00+00:00,0.02154,0.02166,0.02121,0.02148,189138515.0
2024-07-09 00:00:00+00:00,0.02148,0.02198,0.02121,0.02172,332174600.0
2024-07-09 04:00:00+00:00,0.02172,0.02196,0.02148,0.0218,186087498.0
2024-07-09 08:00:00+00:00,0.0218,0.0221,0.02161,0.02185,174563241.0
2024-07-09 12:00:00+00:00,0.02185,0.02223,0.02146,0.02181,338974368.0
2024-07-09 16:00:00+00:00,0.02181,0.02202,0.02164,0.02194,291360248.0
2024-07-09 20:00:00+00:00,0.02194,0.02208,0.0217,0.02188,131040632.0
2024-07-10 00:00:00+00:00,0.02188,0.02198,0.02152,0.02195,189246518.0
2024-07-10 04:00:00+00:00,0.02195,0.02249,0.02194,0.02207,301750405.0
2024-07-10 08:00:00+00:00,0.02207,0.02207,0.02175,0.02185,143129821.0
2024-07-10 12:00:00+00:00,0.02185,0.02198,0.02155,0.02189,292037991.0
2024-07-10 16:00:00+00:00,0.02189,0.0223,0.02166,0.02177,222807712.0
2024-07-10 20:00:00+00:00,0.02177,0.02187,0.02149,0.02181,128081148.0
2024-07-11 00:00:00+00:00,0.02181,0.02212,0.02117,0.02149,335804885.0
2024-07-11 04:00:00+00:00,0.02149,0.02174,0.02141,0.0217,128952758.0
2024-07-11 08:00:00+00:00,0.0217,0.02205,0.0216,0.02197,205730888.0
2024-07-11 12:00:00+00:00,0.02197,0.02268,0.02119,0.02133,724614957.0
2024-07-11 16:00:00+00:00,0.02133,0.02156,0.02112,0.02123,185257441.0
2024-07-11 20:00:00+00:00,0.02123,0.02126,0.02076,0.02089,234756842.0
2024-07-12 00:00:00+00:00,0.02089,0.02123,0.02067,0.02109,200434040.0
2024-07-12 04:00:00+00:00,0.02109,0.02146,0.02088,0.02115,180489351.0
2024-07-12 08:00:00+00:00,0.02115,0.02119,0.02071,0.02083,210798593.0
2024-07-12 12:00:00+00:00,0.02083,0.02156,0.02079,0.0215,208327772.0
2024-07-12 16:00:00+00:00,0.0215,0.02161,0.02126,0.02129,176388354.0
2024-07-12 20:00:00+00:00,0.02129,0.02146,0.02107,0.02145,104477339.0
2024-07-13 00:00:00+00:00,0.02145,0.02165,0.02139,0.02151,125379838.0
2024-07-13 04:00:00+00:00,0.02151,0.02178,0.02136,0.02172,82239083.0
2024-07-13 08:00:00+00:00,0.02172,0.02184,0.02159,0.02171,93558986.0
2024-07-13 12:00:00+00:00,0.02171,0.02183,0.02142,0.02175,129352015.0
2024-07-13 16:00:00+00:00,0.02175,0.02175,0.02148,0.0217,84799856.0
2024-07-13 20:00:00+00:00,0.0217,0.02198,0.02139,0.02168,179786975.0
2024-07-14 00:00:00+00:00,0.02168,0.02189,0.02155,0.02169,112228426.0
2024-07-14 04:00:00+00:00,0.02169,0.02195,0.02157,0.02169,117926877.0
2024-07-14 08:00:00+00:00,0.02169,0.02199,0.02165,0.02169,129464650.0
2024-07-14 12:00:00+00:00,0.02169,0.02169,0.02115,0.02149,264135606.0
2024-07-14 16:00:00+00:00,0.02149,0.02157,0.02133,0.02135,93516208.0
2024-07-14 20:00:00+00:00,0.02135,0.02247,0.02131,0.02225,292336219.0
2024-07-15 00:00:00+00:00,0.02225,0.02281,0.02208,0.02265,295809294.0
2024-07-15 04:00:00+00:00,0.02265,0.02325,0.0224,0.02291,196414096.0
2024-07-15 08:00:00+00:00,0.02291,0.02314,0.02245,0.02265,269209270.0
2024-07-15 12:00:00+00:00,0.02265,0.02312,0.02264,0.02293,271722744.0
2024-07-15 16:00:00+00:00,0.02293,0.02421,0.02283,0.02415,688843426.0
2024-07-15 20:00:00+00:00,0.02415,0.02443,0.02401,0.02423,342893248.0
2024-07-16 00:00:00+00:00,0.02423,0.02503,0.02412,0.02493,280969467.0
2024-07-16 04:00:00+00:00,0.02493,0.02501,0.02336,0.0235,605109741.0
2024-07-16 08:00:00+00:00,0.0235,0.02395,0.02315,0.02377,353296607.0
2024-07-16 12:00:00+00:00,0.02377,0.0246,0.02355,0.02443,409203011.0
2024-07-16 16:00:00+00:00,0.02443,0.02482,0.02424,0.02455,343785158.0
2024-07-16 20:00:00+00:00,0.02455,0.02463,0.02419,0.02455,223297677.0
2024-07-17 00:00:00+00:00,0.02455,0.02542,0.02453,0.02496,305668499.0
2024-07-17 04:00:00+00:00,0.02496,0.02634,0.02483,0.02598,400811997.0
2024-07-17 08:00:00+00:00,0.02598,0.02674,0.02546,0.02572,694941413.0
2024-07-17 12:00:00+00:00,0.02572,0.02627,0.02549,0.02565,412277644.0
2024-07-17 16:00:00+00:00,0.02565,0.0258,0.02507,0.02563,345028824.0
2024-07-17 20:00:00+00:00,0.02563,0.02589,0.0253,0.02536,179607763.0
2024-07-18 00:00:00+00:00,0.02536,0.02638,0.02536,0.02584,364508626.0
2024-07-18 04:00:00+00:00,0.02584,0.02624,0.02476,0.02486,612013695.0
2024-07-18 08:00:00+00:00,0.02486,0.02511,0.02454,0.02481,390117084.0
2024-07-18 12:00:00+00:00,0.02481,0.02516,0.02387,0.02392,597483645.0
2024-07-18 16:00:00+00:00,0.02392,0.02404,0.02329,0.02348,481241806.0
2024-07-18 20:00:00+00:00,0.02348,0.0241,0.02326,0.0239,321507811.0
2024-07-19 00:00:00+00:00,0.0239,0.02409,0.02319,0.02404,325915787.0
2024-07-19 04:00:00+00:00,0.02404,0.02416,0.02341,0.02351,328065454.0
2024-07-19 08:00:00+00:00,0.02351,0.02367,0.02308,0.02349,419600928.0
2024-07-19 12:00:00+00:00,0.02349,0.02443,0.02338,0.02436,499525368.0
2024-07-19 16:00:00+00:00,0.02436,0.02544,0.02435,0.0253,550796341.0
2024-07-19 20:00:00+00:00,0.0253,0.02582,0.02515,0.02539,239504707.0
2024-07-20 00:00:00+00:00,0.02539,0.02554,0.02503,0.02542,172848766.0
2024-07-20 04:00:00+00:00,0.02542,0.02575,0.02541,0.02552,142572261.0
2024-07-20 08:00:00+00:00,0.02552,0.02562,0.02516,0.02529,220151785.0
2024-07-20 12:00:00+00:00,0.02529,0.0263,0.02498,0.02625,494797077.0
2024-07-20 16:00:00+00:00,0.02625,0.02646,0.02565,0.02624,579178515.0
2024-07-20 20:00:00+00:00,0.02624,0.02632,0.02587,0.02595,205171949.0
2024-07-21 00:00:00+00:00,0.02595,0.02629,0.02569,0.02603,200648012.0
2024-07-21 04:00:00+00:00,0.02603,0.02617,0.02526,0.02536,266996604.0
2024-07-21 08:00:00+00:00,0.02536,0.02577,0.02536,0.02554,211281204.0
2024-07-21 12:00:00+00:00,0.02554,0.02593,0.02517,0.02554,385106491.0
2024-07-21 16:00:00+00:00,0.02554,0.02586,0.02439,0.02553,879750825.0
2024-07-21 20:00:00+00:00,0.02553,0.02688,0.02551,0.02643,461702561.0
2024-07-22 00:00:00+00:00,0.02643,0.02661,0.02583,0.02585,252894745.0
2024-07-22 04:00:00+00:00,0.02585,0.02589,0.02526,0.02553,273853865.0
2024-07-22 08:00:00+00:00,0.02553,0.02591,0.0252,0.02586,277601107.0
2024-07-22 12:00:00+00:00,0.02586,0.02623,0.02541,0.02554,331039019.0
2024-07-22 16:00:00+00:00,0.02554,0.02577,0.02537,0.02575,179015456.0
2024-07-22 20:00:00+00:00,0.02575,0.02582,0.0244,0.02451,413691972.0
2024-07-23 00:00:00+00:00,0.02451,0.02521,0.02443,0.0248,283778015.0
2024-07-23 04:00:00+00:00,0.0248,0.02487,0.02385,0.02401,389831725.0
2024-07-23 08:00:00+00:00,0.02401,0.02483,0.02397,0.02436,326553278.0
2024-07-23 12:00:00+00:00,0.02436,0.0248,0.02389,0.02427,622708347.0
2024-07-23 16:00:00+00:00,0.02427,0.0243,0.02333,0.02375,588583507.0
2024-07-23 20:00:00+00:00,0.02375,0.02388,0.02348,0.02375,232491364.0
2024-07-24 00:00:00+00:00,0.02375,0.02397,0.0234,0.02387,161827089.0
2024-07-24 04:00:00+00:00,0.02387,0.0244,0.02359,0.02438,154081538.0
2024-07-24 08:00:00+00:00,0.02438,0.02451,0.02418,0.02435,156968661.0
2024-07-24 12:00:00+00:00,0.02435,0.02465,0.02401,0.02409,320231524.0
2024-07-24 16:00:00+00:00,0.02409,0.02448,0.02377,0.02383,262625706.0
2024-07-24 20:00:00+00:00,0.02383,0.02406,0.02324,0.0235,257146232.0
2024-07-25 00:00:00+00:00,0.0235,0.02358,0.02202,0.02232,906009947.0
2024-07-25 04:00:00+00:00,0.02232,0.02284,0.02221,0.02261,261207869.0
2024-07-25 08:00:00+00:00,0.02261,0.02279,0.02223,0.02241,209768404.0
2024-07-25 12:00:00+00:00,0.02241,0.02254,0.02184,0.0222,487799304.0
2024-07-25 16:00:00+00:00,0.0222,0.0225,0.02157,0.02181,373825316.0
2024-07-25 20:00:00+00:00,0.02181,0.02262,0.02138,0.02247,372909963.0
2024-07-26 00:00:00+00:00,0.02247,0.02319,0.02243,0.02312,221760840.0
2024-07-26 04:00:00+00:00,0.02312,0.02352,0.02308,0.02323,199847629.0
2024-07-26 08:00:00+00:00,0.02323,0.02334,0.02307,0.02325,161974718.0
2024-07-26 12:00:00+00:00,0.02325,0.02361,0.02298,0.02327,422825258.0
2024-07-26 16:00:00+00:00,0.02327,0.02394,0.02318,0.02374,218181750.0
2024-07-26 20:00:00+00:00,0.02374,0.02379,0.02351,0.02368,105753504.0
2024-07-27 00:00:00+00:00,0.02368,0.02384,0.02345,0.02349,75158272.0
2024-07-27 04:00:00+00:00,0.02349,0.02379,0.02348,0.02366,88660980.0
2024-07-27 08:00:00+00:00,0.02366,0.02376,0.02349,0.02373,78042356.0
2024-07-27 12:00:00+00:00,0.02373,0.02424,0.02336,0.02363,268673305.0
2024-07-27 16:00:00+00:00,0.02363,0.02373,0.02314,0.02355,331605734.0
2024-07-27 20:00:00+00:00,0.02355,0.02396,0.02289,0.02353,424556092.0
2024-07-28 00:00:00+00:00,0.02353,0.02358,0.02321,0.02326,115738710.0
2024-07-28 04:00:00+00:00,0.02326,0.02327,0.02274,0.02326,134586993.0
2024-07-28 08:00:00+00:00,0.02326,0.02354,0.02313,0.02338,94447157.0
2024-07-28 12:00:00+00:00,0.02338,0.02345,0.02295,0.02299,119914488.0
2024-07-28 16:00:00+00:00,0.02299,0.02331,0.02291,0.02314,89053134.0
2024-07-28 20:00:00+00:00,0.02314,0.02315,0.0227,0.02298,146706002.0
2024-07-29 00:00:00+00:00,0.02298,0.02432,0.02294,0.02387,305178986.0
2024-07-29 04:00:00+00:00,0.02387,0.02447,0.02378,0.02439,278612010.0
2024-07-29 08:00:00+00:00,0.02439,0.02446,0.02393,0.02404,178494316.0
2024-07-29 12:00:00+00:00,0.02404,0.02438,0.02336,0.02349,518132817.0
2024-07-29 16:00:00+00:00,0.02349,0.02353,0.02304,0.0234,444353681.0
2024-07-29 20:00:00+00:00,0.0234,0.02348,0.02306,0.02319,124159069.0
2024-07-30 00:00:00+00:00,0.02319,0.02363,0.02288,0.02348,179610397.0
2024-07-30 04:00:00+00:00,0.02348,0.02372,0.02326,0.02365,170339542.0
2024-07-30 08:00:00+00:00,0.02365,0.02395,0.02354,0.02358,302580279.0
2024-07-30 12:00:00+00:00,0.02358,0.02392,0.02318,0.02345,443791003.0
2024-07-30 16:00:00+00:00,0.02345,0.02355,0.0223,0.02248,469842472.0
2024-07-30 20:00:00+00:00,0.02248,0.02287,0.0221,0.02263,338402810.0
2024-07-31 00:00:00+00:00,0.02263,0.02303,0.02241,0.02275,204795246.0
2024-07-31 04:00:00+00:00,0.02275,0.02322,0.02236,0.0229,245630079.0
2024-07-31 08:00:00+00:00,0.0229,0.02296,0.02247,0.02262,150454293.0
2024-07-31 12:00:00+00:00,0.02262,0.02322,0.02259,0.02272,281467204.0
2024-07-31 16:00:00+00:00,0.02272,0.02297,0.02211,0.02228,382515919.0
2024-07-31 20:00:00+00:00,0.02228,0.02228,0.02173,0.02187,312623044.0
2024-08-01 00:00:00+00:00,0.02187,0.02214,0.02167,0.02174,339600154.0
2024-08-01 04:00:00+00:00,0.02174,0.02182,0.02103,0.02139,342759978.0
2024-08-01 08:00:00+00:00,0.02139,0.02185,0.02138,0.02183,120636525.0
2024-08-01 12:00:00+00:00,0.02183,0.02231,0.02103,0.02103,551595443.0
2024-08-01 16:00:00+00:00,0.02103,0.02108,0.0203,0.02082,734567194.0
2024-08-01 20:00:00+00:00,0.02082,0.02206,0.02065,0.02189,343282985.0
2024-08-02 00:00:00+00:00,0.02189,0.02219,0.0212,0.02153,318982152.0
2024-08-02 04:00:00+00:00,0.02153,0.02166,0.0207,0.02113,324342618.0
2024-08-02 08:00:00+00:00,0.02113,0.02139,0.02096,0.02117,256181290.0
2024-08-02 12:00:00+00:00,0.02117,0.0216,0.01966,0.02037,1022792585.0
2024-08-02 16:00:00+00:00,0.02037,0.02047,0.01973,0.01997,441106288.0
2024-08-02 20:00:00+00:00,0.01997,0.0202,0.01956,0.01985,480934230.0
2024-08-03 00:00:00+00:00,0.01985,0.02006,0.01927,0.02003,406021250.0
2024-08-03 04:00:00+00:00,0.02003,0.02024,0.0199,0.02011,156939537.0
2024-08-03 08:00:00+00:00,0.02011,0.02014,0.01985,0.01996,149319473.0
2024-08-03 12:00:00+00:00,0.01996,0.02024,0.01919,0.01921,337061475.0
2024-08-03 16:00:00+00:00,0.01921,0.01935,0.01816,0.01818,830500029.0
2024-08-03 20:00:00+00:00,0.01818,0.01876,0.01811,0.01856,277642431.0
2024-08-04 00:00:00+00:00,0.01856,0.01918,0.0185,0.01904,206788876.0
2024-08-04 04:00:00+00:00,0.01904,0.01908,0.01867,0.01871,114621777.0
2024-08-04 08:00:00+00:00,0.01871,0.019,0.01857,0.01885,119542778.0
2024-08-04 12:00:00+00:00,0.01885,0.01898,0.01772,0.01776,692306311.0
2024-08-04 16:00:00+00:00,0.01776,0.01806,0.01693,0.01792,1122944023.0
2024-08-04 20:00:00+00:00,0.01792,0.01824,0.01747,0.01755,366949296.0
2024-08-05 00:00:00+00:00,0.01755,0.01776,0.01469,0.01526,3877756791.0
2024-08-05 04:00:00+00:00,0.01526,0.01553,0.01355,0.01532,2956492909.0
2024-08-05 08:00:00+00:00,0.01532,0.01539,0.01389,0.01444,1252158943.0
2024-08-05 12:00:00+00:00,0.01444,0.01612,0.01381,0.01593,2418934206.0
2024-08-05 16:00:00+00:00,0.01593,0.01639,0.01527,0.01556,696716438.0
2024-08-05 20:00:00+00:00,0.01556,0.01604,0.01551,0.01568,380535968.0
2024-08-06 00:00:00+00:00,0.01568,0.01695,0.01565,0.01661,545177870.0
2024-08-06 04:00:00+00:00,0.01661,0.01698,0.01647,0.01684,509576622.0
2024-08-06 08:00:00+00:00,0.01684,0.01684,0.01621,0.01633,571725920.0
2024-08-06 12:00:00+00:00,0.01633,0.01709,0.01601,0.017,860325579.0
2024-08-06 16:00:00+00:00,0.017,0.01726,0.01685,0.01702,358648710.0
2024-08-06 20:00:00+00:00,0.01702,0.01749,0.01686,0.01702,379289641.0
2024-08-07 00:00:00+00:00,0.01702,0.0176,0.01669,0.01724,504302394.0
2024-08-07 04:00:00+00:00,0.01724,0.01751,0.017,0.0171,281512996.0
2024-08-07 08:00:00+00:00,0.0171,0.01748,0.01699,0.01701,358798818.0
2024-08-07 12:00:00+00:00,0.01701,0.01728,0.01627,0.01663,694475404.0
2024-08-07 16:00:00+00:00,0.01663,0.01673,0.01612,0.01627,580128541.0
2024-08-07 20:00:00+00:00,0.01627,0.01648,0.01592,0.01611,477718790.0
2024-08-08 00:00:00+00:00,0.01611,0.01723,0.01576,0.01685,698399073.0
2024-08-08 04:00:00+00:00,0.01685,0.01707,0.01677,0.01678,226690719.0
2024-08-08 08:00:00+00:00,0.01678,0.01699,0.01667,0.0169,247387320.0
2024-08-08 12:00:00+00:00,0.0169,0.01773,0.01683,0.01749,923366981.0
2024-08-08 16:00:00+00:00,0.01749,0.01772,0.0172,0.01724,322926581.0
2024-08-08 20:00:00+00:00,0.01724,0.01771,0.01709,0.01749,733725323.0
2024-08-09 00:00:00+00:00,0.01749,0.0175,0.01692,0.01705,587556520.0
2024-08-09 04:00:00+00:00,0.01705,0.01713,0.0167,0.01702,405601156.0
2024-08-09 08:00:00+00:00,0.01702,0.0172,0.01667,0.01679,499337193.0
2024-08-09 12:00:00+00:00,0.01679,0.01691,0.01627,0.01635,905531761.0
2024-08-09 16:00:00+00:00,0.01635,0.01677,0.01629,0.01667,431645646.0
2024-08-09 20:00:00+00:00,0.01667,0.01687,0.01656,0.01685,357551402.0
2024-08-10 00:00:00+00:00,0.01685,0.01707,0.01666,0.01674,265662145.0
2024-08-10 04:00:00+00:00,0.01674,0.0168,0.01658,0.0168,191619546.0
2024-08-10 08:00:00+00:00,0.0168,0.01705,0.01667,0.01703,201831573.0
2024-08-10 12:00:00+00:00,0.01703,0.01705,0.01666,0.01669,383422952.0
2024-08-10 16:00:00+00:00,0.01669,0.01695,0.01663,0.01684,228796373.0
2024-08-10 20:00:00+00:00,0.01684,0.01703,0.01675,0.01686,210811453.0
2024-08-11 00:00:00+00:00,0.01686,0.01716,0.01681,0.01706,192950629.0
2024-08-11 04:00:00+00:00,0.01706,0.01728,0.01704,0.01713,258619727.0
2024-08-11 08:00:00+00:00,0.01713,0.01736,0.01666,0.01674,413111432.0
2024-08-11 12:00:00+00:00,0.01674,0.01679,0.0162,0.01632,543323609.0
2024-08-11 16:00:00+00:00,0.01632,0.0164,0.01577,0.01578,483332242.0
2024-08-11 20:00:00+00:00,0.01578,0.0158,0.01538,0.01565,594564557.0
2024-08-12 00:00:00+00:00,0.01565,0.01588,0.01555,0.0158,325754530.0
2024-08-12 04:00:00+00:00,0.0158,0.0162,0.01555,0.01619,429664005.0
2024-08-12 08:00:00+00:00,0.01619,0.01704,0.01606,0.01694,657106727.0
2024-08-12 12:00:00+00:00,0.01694,0.01712,0.01614,0.01688,1181288470.0
2024-08-12 16:00:00+00:00,0.01688,0.01696,0.01629,0.0164,409977266.0
2024-08-12 20:00:00+00:00,0.0164,0.01681,0.01615,0.01673,264989102.0
2024-08-13 00:00:00+00:00,0.01673,0.01687,0.01618,0.01624,306087575.0
2024-08-13 04:00:00+00:00,0.01624,0.01656,0.01609,0.01637,207825774.0
2024-08-13 08:00:00+00:00,0.01637,0.01642,0.01608,0.01618,328935738.0
2024-08-13 12:00:00+00:00,0.01618,0.01655,0.0161,0.01637,532554636.0
2024-08-13 16:00:00+00:00,0.01637,0.01696,0.01633,0.01675,558308921.0
2024-08-13 20:00:00+00:00,0.01675,0.01687,0.01664,0.01681,215389168.0
2024-08-14 00:00:00+00:00,0.01681,0.01687,0.01659,0.01675,219772659.0
2024-08-14 04:00:00+00:00,0.01675,0.01691,0.01668,0.01674,285379441.0
2024-08-14 08:00:00+00:00,0.01674,0.01726,0.01666,0.01703,524492801.0
2024-08-14 12:00:00+00:00,0.01703,0.01744,0.01629,0.01659,1312887458.0
2024-08-14 16:00:00+00:00,0.01659,0.01659,0.01631,0.01639,402489726.0
2024-08-14 20:00:00+00:00,0.01639,0.01662,0.01631,0.0166,197506495.0
2024-08-15 00:00:00+00:00,0.0166,0.0168,0.01654,0.01668,281205270.0
2024-08-15 04:00:00+00:00,0.01668,0.01673,0.01637,0.01663,278125452.0
2024-08-15 08:00:00+00:00,0.01663,0.01749,0.0166,0.0171,1114677700.0
2024-08-15 12:00:00+00:00,0.0171,0.01737,0.01691,0.01698,883706484.0
2024-08-15 16:00:00+00:00,0.01698,0.01715,0.01585,0.01604,1198971726.0
2024-08-15 20:00:00+00:00,0.01604,0.01622,0.01583,0.01618,448395379.0
2024-08-16 00:00:00+00:00,0.01618,0.01626,0.01584,0.01589,434839000.0
2024-08-16 04:00:00+00:00,0.01589,0.0163,0.0158,0.01619,347709510.0
2024-08-16 08:00:00+00:00,0.01619,0.01627,0.01594,0.01603,302927378.0
2024-08-16 12:00:00+00:00,0.01603,0.0162,0.01533,0.01553,1310107935.0
2024-08-16 16:00:00+00:00,0.01553,0.01613,0.01548,0.01611,754257878.0
2024-08-16 20:00:00+00:00,0.01611,0.01622,0.01583,0.01589,317340352.0
2024-08-17 00:00:00+00:00,0.01589,0.016,0.01577,0.0159,204305236.0
2024-08-17 04:00:00+00:00,0.0159,0.01602,0.01583,0.01592,167726336.0
2024-08-17 08:00:00+00:00,0.01592,0.01599,0.01575,0.01585,216720596.0
2024-08-17 12:00:00+00:00,0.01585,0.0162,0.01581,0.01612,345374487.0
2024-08-17 16:00:00+00:00,0.01612,0.0165,0.01606,0.01642,371479392.0
2024-08-17 20:00:00+00:00,0.01642,0.01709,0.01635,0.01704,360299103.0
2024-08-18 00:00:00+00:00,0.01704,0.01718,0.01653,0.01661,441889723.0
2024-08-18 04:00:00+00:00,0.01661,0.01674,0.01649,0.01656,233136488.0
2024-08-18 08:00:00+00:00,0.01656,0.01799,0.0165,0.0177,1385770127.0
2024-08-18 12:00:00+00:00,0.0177,0.01789,0.01723,0.0174,831521025.0
2024-08-18 16:00:00+00:00,0.0174,0.01751,0.01713,0.01728,311119712.0
2024-08-18 20:00:00+00:00,0.01728,0.01747,0.01702,0.01704,342412827.0
2024-08-19 00:00:00+00:00,0.01704,0.01711,0.01671,0.017,380763361.0
2024-08-19 04:00:00+00:00,0.017,0.01751,0.0168,0.01716,623599955.0
2024-08-19 08:00:00+00:00,0.01716,0.01736,0.01677,0.01715,668144657.0
2024-08-19 12:00:00+00:00,0.01715,0.01754,0.01694,0.01697,640165240.0
2024-08-19 16:00:00+00:00,0.01697,0.01765,0.01674,0.01725,580582598.0
2024-08-19 20:00:00+00:00,0.01725,0.01741,0.01715,0.01736,262191364.0
2024-08-20 00:00:00+00:00,0.01736,0.01778,0.01729,0.01745,428941818.0
2024-08-20 04:00:00+00:00,0.01745,0.01805,0.01738,0.01786,822173739.0
2024-08-20 08:00:00+00:00,0.01786,0.01842,0.01774,0.01801,888922389.0
2024-08-20 12:00:00+00:00,0.01801,0.01823,0.01736,0.01748,1022435934.0
2024-08-20 16:00:00+00:00,0.01748,0.0184,0.01741,0.01828,624859828.0
2024-08-20 20:00:00+00:00,0.01828,0.01898,0.01783,0.01791,871477613.0
2024-08-21 00:00:00+00:00,0.01791,0.01816,0.01764,0.01796,318203449.0
2024-08-21 04:00:00+00:00,0.01796,0.01837,0.01792,0.01814,363828600.0
2024-08-21 08:00:00+00:00,0.01814,0.01823,0.01752,0.01759,440822331.0
2024-08-21 12:00:00+00:00,0.01759,0.01787,0.01719,0.01753,909184575.0
2024-08-21 16:00:00+00:00,0.01753,0.01847,0.01746,0.0184,675657433.0
2024-08-21 20:00:00+00:00,0.0184,0.01865,0.01824,0.01835,494081780.0
2024-08-22 00:00:00+00:00,0.01835,0.01839,0.01791,0.01827,282250931.0
2024-08-22 04:00:00+00:00,0.01827,0.01839,0.0182,0.01831,188266172.0
2024-08-22 08:00:00+00:00,0.01831,0.01862,0.01818,0.01848,348261192.0
2024-08-22 12:00:00+00:00,0.01848,0.01851,0.0182,0.01833,302709113.0
2024-08-22 16:00:00+00:00,0.01833,0.01855,0.01822,0.01825,261018647.0
2024-08-22 20:00:00+00:00,0.01825,0.01866,0.01825,0.01855,265323807.0
2024-08-23 00:00:00+00:00,0.01855,0.01967,0.01854,0.01943,723354210.0
2024-08-23 04:00:00+00:00,0.01943,0.01996,0.01939,0.01991,514818002.0
2024-08-23 08:00:00+00:00,0.01991,0.02039,0.01965,0.01967,624209842.0
2024-08-23 12:00:00+00:00,0.01967,0.02088,0.01967,0.02053,1429318151.0
2024-08-23 16:00:00+00:00,0.02053,0.02146,0.02042,0.02119,737681404.0
2024-08-23 20:00:00+00:00,0.02119,0.02145,0.02109,0.02138,408815767.0
2024-08-24 00:00:00+00:00,0.02138,0.02165,0.02112,0.0212,358658790.0
2024-08-24 04:00:00+00:00,0.0212,0.02151,0.02117,0.02124,235408910.0
2024-08-24 08:00:00+00:00,0.02124,0.02203,0.02116,0.02156,534592452.0
2024-08-24 12:00:00+00:00,0.02156,0.02181,0.02127,0.02142,561791963.0
2024-08-24 16:00:00+00:00,0.02142,0.02217,0.02141,0.02185,488677143.0
2024-08-24 20:00:00+00:00,0.02185,0.02196,0.02119,0.02168,358803262.0
2024-08-25 00:00:00+00:00,0.02168,0.02175,0.02097,0.02141,513646026.0
2024-08-25 04:00:00+00:00,0.02141,0.02152,0.02045,0.02059,447600919.0
2024-08-25 08:00:00+00:00,0.02059,0.02116,0.02043,0.02088,341221509.0
2024-08-25 12:00:00+00:00,0.02088,0.0217,0.02082,0.02137,469382716.0
2024-08-25 16:00:00+00:00,0.02137,0.02178,0.02118,0.02136,352494914.0
2024-08-25 20:00:00+00:00,0.02136,0.02224,0.02135,0.02157,667951507.0
2024-08-26 00:00:00+00:00,0.02157,0.02174,0.02096,0.02126,499889173.0
2024-08-26 04:00:00+00:00,0.02126,0.02145,0.02091,0.02103,316631231.0
2024-08-26 08:00:00+00:00,0.02103,0.02133,0.0208,0.02103,455546163.0
2024-08-26 12:00:00+00:00,0.02103,0.02111,0.02055,0.02078,476181692.0
2024-08-26 16:00:00+00:00,0.02078,0.02095,0.02014,0.02031,453914310.0
2024-08-26 20:00:00+00:00,0.02031,0.02052,0.02007,0.02014,285295543.0
2024-08-27 00:00:00+00:00,0.02014,0.02066,0.02012,0.02059,248469444.0
2024-08-27 04:00:00+00:00,0.02059,0.02179,0.02059,0.02098,767914459.0
2024-08-27 08:00:00+00:00,0.02098,0.02111,0.02014,0.02032,692693757.0
2024-08-27 12:00:00+00:00,0.02032,0.0205,0.01991,0.02004,641581232.0
2024-08-27 16:00:00+00:00,0.02004,0.02031,0.01976,0.02008,413905292.0
2024-08-27 20:00:00+00:00,0.02008,0.02009,0.01845,0.01888,1057225038.0
2024-08-28 00:00:00+00:00,0.01888,0.01924,0.01857,0.01919,342707577.0
2024-08-28 04:00:00+00:00,0.01919,0.01919,0.01864,0.01867,298654855.0
2024-08-28 08:00:00+00:00,0.01867,0.01974,0.01849,0.0194,546965699.0
2024-08-28 12:00:00+00:00,0.0194,0.01961,0.01862,0.01884,541507043.0
2024-08-28 16:00:00+00:00,0.01884,0.0192,0.01811,0.01892,824859493.0
2024-08-28 20:00:00+00:00,0.01892,0.01934,0.01842,0.01871,443647726.0
2024-08-29 00:00:00+00:00,0.01871,0.01905,0.01871,0.01894,185675292.0
2024-08-29 04:00:00+00:00,0.01894,0.01941,0.01882,0.01924,214755521.0
2024-08-29 08:00:00+00:00,0.01924,0.01943,0.01903,0.01926,267688488.0
2024-08-29 12:00:00+00:00,0.01926,0.02014,0.01916,0.01998,419382381.0
2024-08-29 16:00:00+00:00,0.01998,0.02024,0.01875,0.01902,721458456.0
2024-08-29 20:00:00+00:00,0.01902,0.01915,0.01849,0.01876,383362280.0
2024-08-30 00:00:00+00:00,0.01876,0.01912,0.01867,0.01876,319294500.0
2024-08-30 04:00:00+00:00,0.01876,0.0197,0.01873,0.01944,403505576.0
2024-08-30 08:00:00+00:00,0.01944,0.02003,0.01938,0.01974,611094639.0
2024-08-30 12:00:00+00:00,0.01974,0.02041,0.01874,0.01885,1483322737.0
2024-08-30 16:00:00+00:00,0.01885,0.02001,0.01872,0.01956,722535430.0
2024-08-30 20:00:00+00:00,0.01956,0.02021,0.01944,0.01996,544980015.0
2024-08-31 00:00:00+00:00,0.01996,0.02014,0.0196,0.01987,377140780.0
2024-08-31 04:00:00+00:00,0.01987,0.01999,0.01945,0.01949,290397090.0
2024-08-31 08:00:00+00:00,0.01949,0.01972,0.01906,0.01946,541461786.0
2024-08-31 12:00:00+00:00,0.01946,0.01954,0.01914,0.01922,280368601.0
2024-08-31 16:00:00+00:00,0.01922,0.01932,0.01885,0.01896,323829453.0
2024-08-31 20:00:00+00:00,0.01896,0.01918,0.01889,0.01897,221149668.0
2024-09-01 00:00:00+00:00,0.01897,0.01903,0.01855,0.01873,301351868.0
2024-09-01 04:00:00+00:00,0.01873,0.01876,0.01832,0.01866,352606173.0
2024-09-01 08:00:00+00:00,0.01866,0.01866,0.01818,0.01837,451406142.0
2024-09-01 12:00:00+00:00,0.01837,0.01842,0.01773,0.01821,868221971.0
2024-09-01 16:00:00+00:00,0.01821,0.01857,0.01776,0.01839,634787941.0
2024-09-01 20:00:00+00:00,0.01839,0.01855,0.01726,0.01763,942978867.0
2024-09-02 00:00:00+00:00,0.01763,0.01805,0.01752,0.01789,480193175.0
2024-09-02 04:00:00+00:00,0.01789,0.01802,0.01758,0.01763,281589049.0
2024-09-02 08:00:00+00:00,0.01763,0.01819,0.01762,0.01803,596585448.0
2024-09-02 12:00:00+00:00,0.01803,0.01827,0.01775,0.01804,644622249.0
2024-09-02 16:00:00+00:00,0.01804,0.0182,0.01793,0.01804,331429398.0
2024-09-02 20:00:00+00:00,0.01804,0.01868,0.01801,0.01849,409715667.0
2024-09-03 00:00:00+00:00,0.01849,0.01876,0.01834,0.01839,284822639.0
2024-09-03 04:00:00+00:00,0.01839,0.01849,0.01815,0.01834,457024824.0
2024-09-03 08:00:00+00:00,0.01834,0.01837,0.01798,0.01828,463852846.0
2024-09-03 12:00:00+00:00,0.01828,0.01844,0.01754,0.01761,911382767.0
2024-09-03 16:00:00+00:00,0.01761,0.01804,0.01751,0.01794,350224138.0
2024-09-03 20:00:00+00:00,0.01794,0.01803,0.01746,0.01752,232051336.0
2024-09-04 00:00:00+00:00,0.01752,0.01771,0.01643,0.01741,1135251532.0
2024-09-04 04:00:00+00:00,0.01741,0.01761,0.01722,0.01748,347055314.0
2024-09-04 08:00:00+00:00,0.01748,0.01755,0.01716,0.01725,382139643.0
2024-09-04 12:00:00+00:00,0.01725,0.01821,0.01712,0.01818,781504207.0
2024-09-04 16:00:00+00:00,0.01818,0.01854,0.01788,0.01802,501160286.0
2024-09-04 20:00:00+00:00,0.01802,0.01821,0.01784,0.01801,426688944.0
2024-09-05 00:00:00+00:00,0.01801,0.01811,0.0174,0.01747,347495390.0
2024-09-05 04:00:00+00:00,0.01747,0.01781,0.01741,0.01775,356531890.0
2024-09-05 08:00:00+00:00,0.01775,0.0178,0.01752,0.01762,259113269.0
2024-09-05 12:00:00+00:00,0.01762,0.01779,0.01712,0.01728,627872593.0
2024-09-05 16:00:00+00:00,0.01728,0.01754,0.0171,0.0172,371296778.0
2024-09-05 20:00:00+00:00,0.0172,0.01746,0.01714,0.01735,252368603.0
2024-09-06 00:00:00+00:00,0.01735,0.01793,0.01727,0.01774,411962313.0
2024-09-06 04:00:00+00:00,0.01774,0.01783,0.01723,0.01741,347839581.0
2024-09-06 08:00:00+00:00,0.01741,0.01765,0.01731,0.01756,313170313.0
2024-09-06 12:00:00+00:00,0.01756,0.01825,0.01717,0.0177,1469273296.0
2024-09-06 16:00:00+00:00,0.0177,0.01775,0.01693,0.01713,1014367184.0
2024-09-06 20:00:00+00:00,0.01713,0.01743,0.0165,0.01736,831942133.0
2024-09-07 00:00:00+00:00,0.01736,0.01746,0.01715,0.01722,232108880.0
2024-09-07 04:00:00+00:00,0.01722,0.01777,0.01719,0.01771,287415048.0
2024-09-07 08:00:00+00:00,0.01771,0.01798,0.01768,0.01789,349877061.0
2024-09-07 12:00:00+00:00,0.01789,0.0183,0.01789,0.01809,346648511.0
2024-09-07 16:00:00+00:00,0.01809,0.01882,0.01788,0.01874,587807824.0
2024-09-07 20:00:00+00:00,0.01874,0.01879,0.01819,0.0184,444021778.0
2024-09-08 00:00:00+00:00,0.0184,0.01874,0.0182,0.01871,283253117.0
2024-09-08 04:00:00+00:00,0.01871,0.01903,0.01862,0.0187,353559230.0
2024-09-08 08:00:00+00:00,0.0187,0.01894,0.01847,0.01849,449290111.0
2024-09-08 12:00:00+00:00,0.01849,0.01851,0.01802,0.01804,370621748.0
2024-09-08 16:00:00+00:00,0.01804,0.01831,0.01785,0.0182,322409542.0
2024-09-08 20:00:00+00:00,0.0182,0.01903,0.01815,0.01868,472788268.0
2024-09-09 00:00:00+00:00,0.01868,0.01891,0.01851,0.01868,262754897.0
2024-09-09 04:00:00+00:00,0.01868,0.01896,0.01858,0.01889,247803773.0
2024-09-09 08:00:00+00:00,0.01889,0.01907,0.01867,0.01873,286431301.0
2024-09-09 12:00:00+00:00,0.01873,0.0189,0.01846,0.01879,313458595.0
2024-09-09 16:00:00+00:00,0.01879,0.01942,0.01877,0.01937,542951367.0
2024-09-09 20:00:00+00:00,0.01937,0.01954,0.01857,0.01862,529778705.0
2024-09-10 00:00:00+00:00,0.01862,0.01866,0.01833,0.01835,306891939.0
2024-09-10 04:00:00+00:00,0.01835,0.01891,0.01834,0.01869,458693830.0
2024-09-10 08:00:00+00:00,0.01869,0.01874,0.01841,0.01849,370237181.0
2024-09-10 12:00:00+00:00,0.01849,0.01859,0.01826,0.01832,455842662.0
2024-09-10 16:00:00+00:00,0.01832,0.01882,0.01829,0.01872,494669410.0
2024-09-10 20:00:00+00:00,0.01872,0.01874,0.01849,0.01862,226792705.0
2024-09-11 00:00:00+00:00,0.01862,0.01865,0.01792,0.01798,561305416.0
2024-09-11 04:00:00+00:00,0.01798,0.01798,0.01751,0.01794,510907493.0
2024-09-11 08:00:00+00:00,0.01794,0.01794,0.01765,0.01779,422153043.0
2024-09-11 12:00:00+00:00,0.01779,0.01812,0.01735,0.01774,895398216.0
2024-09-11 16:00:00+00:00,0.01774,0.01813,0.01771,0.01795,601971480.0
2024-09-11 20:00:00+00:00,0.01795,0.01807,0.01791,0.01791,203503974.0
2024-09-12 00:00:00+00:00,0.01791,0.0184,0.01789,0.01823,431719161.0
2024-09-12 04:00:00+00:00,0.01823,0.01836,0.01809,0.01813,178327464.0
2024-09-12 08:00:00+00:00,0.01813,0.01823,0.01806,0.01812,317933494.0
2024-09-12 12:00:00+00:00,0.01812,0.01831,0.01771,0.01776,709733865.0
2024-09-12 16:00:00+00:00,0.01776,0.01821,0.01775,0.01817,397170918.0
2024-09-12 20:00:00+00:00,0.01817,0.01829,0.01808,0.01824,175051159.0
2024-09-13 00:00:00+00:00,0.01824,0.01827,0.01802,0.01803,156058642.0
2024-09-13 04:00:00+00:00,0.01803,0.01817,0.018,0.01814,198567175.0
2024-09-13 08:00:00+00:00,0.01814,0.01831,0.01792,0.01796,388363169.0
2024-09-13 12:00:00+00:00,0.01796,0.01843,0.01769,0.01839,747505554.0
2024-09-13 16:00:00+00:00,0.01839,0.0185,0.01814,0.01824,737324262.0
2024-09-13 20:00:00+00:00,0.01824,0.01856,0.01818,0.01842,332105304.0
2024-09-14 00:00:00+00:00,0.01842,0.0187,0.01833,0.01864,254797484.0
2024-09-14 04:00:00+00:00,0.01864,0.01865,0.01824,0.01845,320960786.0
2024-09-14 08:00:00+00:00,0.01845,0.01851,0.01815,0.01823,286494938.0
2024-09-14 12:00:00+00:00,0.01823,0.01848,0.0182,0.01837,240110710.0
2024-09-14 16:00:00+00:00,0.01837,0.01845,0.01805,0.01817,364608892.0
2024-09-14 20:00:00+00:00,0.01817,0.01829,0.01815,0.01823,158169246.0
2024-09-15 00:00:00+00:00,0.01823,0.01849,0.01818,0.01839,133081877.0
2024-09-15 04:00:00+00:00,0.01839,0.01854,0.01824,0.01851,222329288.0
2024-09-15 08:00:00+00:00,0.01851,0.01855,0.01819,0.01834,294364105.0
2024-09-15 12:00:00+00:00,0.01834,0.01857,0.01822,0.01845,334739228.0
2024-09-15 16:00:00+00:00,0.01845,0.01846,0.01793,0.01801,518722710.0
2024-09-15 20:00:00+00:00,0.01801,0.01804,0.0173,0.01746,696432573.0
2024-09-16 00:00:00+00:00,0.01746,0.0175,0.01708,0.0174,429148491.0
2024-09-16 04:00:00+00:00,0.0174,0.01762,0.01733,0.01759,276941841.0
2024-09-16 08:00:00+00:00,0.01759,0.01774,0.01735,0.01748,408157348.0
2024-09-16 12:00:00+00:00,0.01748,0.01758,0.01709,0.01726,541158731.0
2024-09-16 16:00:00+00:00,0.01726,0.01739,0.01706,0.01721,614670923.0
2024-09-16 20:00:00+00:00,0.01721,0.01736,0.01695,0.01725,396863814.0
2024-09-17 00:00:00+00:00,0.01725,0.01738,0.01707,0.01732,201794268.0
2024-09-17 04:00:00+00:00,0.01732,0.01767,0.0173,0.01752,243368084.0
2024-09-17 08:00:00+00:00,0.01752,0.01774,0.01748,0.01762,261579035.0
2024-09-17 12:00:00+00:00,0.01762,0.01806,0.01746,0.01794,704635995.0
2024-09-17 16:00:00+00:00,0.01794,0.01803,0.01758,0.01772,554222083.0
2024-09-17 20:00:00+00:00,0.01772,0.0182,0.01767,0.0181,479618869.0
2024-09-18 00:00:00+00:00,0.0181,0.01893,0.01793,0.01866,562448844.0
2024-09-18 04:00:00+00:00,0.01866,0.01874,0.01841,0.01845,264448861.0
2024-09-18 08:00:00+00:00,0.01845,0.01847,0.01782,0.01796,397573124.0
2024-09-18 12:00:00+00:00,0.01796,0.01808,0.01736,0.01747,496022665.0
2024-09-18 16:00:00+00:00,0.01747,0.01884,0.01734,0.01838,1777084584.0
2024-09-18 20:00:00+00:00,0.01838,0.0189,0.01816,0.01887,372517774.0
2024-09-19 00:00:00+00:00,0.01887,0.01946,0.01886,0.0192,581913551.0
2024-09-19 04:00:00+00:00,0.0192,0.01932,0.01894,0.01916,302752152.0
2024-09-19 08:00:00+00:00,0.01916,0.01929,0.01894,0.01916,301823088.0
2024-09-19 12:00:00+00:00,0.01916,0.01941,0.01908,0.01932,422498678.0
2024-09-19 16:00:00+00:00,0.01932,0.02023,0.01932,0.01977,767461026.0
2024-09-19 20:00:00+00:00,0.01977,0.0199,0.01945,0.01959,335861284.0
2024-09-20 00:00:00+00:00,0.01959,0.01998,0.0191,0.01997,594512288.0
2024-09-20 04:00:00+00:00,0.01997,0.02068,0.01993,0.0205,527952744.0
2024-09-20 08:00:00+00:00,0.0205,0.0205,0.02002,0.02011,370871511.0
2024-09-20 12:00:00+00:00,0.02011,0.02025,0.0198,0.02005,316255807.0
2024-09-20 16:00:00+00:00,0.02005,0.02012,0.01959,0.01978,168014563.0
2024-09-20 20:00:00+00:00,0.01978,0.02014,0.01975,0.02,196339820.0
2024-09-21 00:00:00+00:00,0.02,0.02026,0.01969,0.01992,355221076.0
2024-09-21 04:00:00+00:00,0.01992,0.02014,0.01966,0.01999,211745147.0
2024-09-21 08:00:00+00:00,0.01999,0.02008,0.01982,0.02,153408488.0
2024-09-21 12:00:00+00:00,0.02,0.02094,0.01995,0.02041,764323562.0
2024-09-21 16:00:00+00:00,0.02041,0.02077,0.0204,0.02051,251769198.0
2024-09-21 20:00:00+00:00,0.02051,0.02094,0.02044,0.02086,251096031.0
2024-09-22 00:00:00+00:00,0.02086,0.02087,0.02036,0.0206,250713493.0
2024-09-22 04:00:00+00:00,0.0206,0.02076,0.02036,0.02046,163463206.0
2024-09-22 08:00:00+00:00,0.02046,0.02075,0.02004,0.02027,377686341.0
2024-09-22 12:00:00+00:00,0.02027,0.02038,0.01996,0.0201,439414171.0
2024-09-22 16:00:00+00:00,0.0201,0.02029,0.01979,0.02007,460094413.0
2024-09-22 20:00:00+00:00,0.02007,0.02054,0.01953,0.02026,688622216.0
2024-09-23 00:00:00+00:00,0.02026,0.02112,0.01976,0.02092,736939648.0
2024-09-23 04:00:00+00:00,0.02092,0.02105,0.02033,0.02039,322905972.0
2024-09-23 08:00:00+00:00,0.02039,0.02047,0.02012,0.02025,397395510.0
2024-09-23 12:00:00+00:00,0.02025,0.02067,0.02009,0.0204,557687056.0
2024-09-23 16:00:00+00:00,0.0204,0.02051,0.02015,0.02026,391309431.0
2024-09-23 20:00:00+00:00,0.02026,0.02064,0.02016,0.02043,393985924.0
2024-09-24 00:00:00+00:00,0.02043,0.02056,0.01995,0.02032,632395640.0
2024-09-24 04:00:00+00:00,0.02032,0.02085,0.02013,0.02077,387567232.0
2024-09-24 08:00:00+00:00,0.02077,0.02213,0.02068,0.02182,1368999223.0
2024-09-24 12:00:00+00:00,0.02182,0.02196,0.02107,0.02126,779046002.0
2024-09-24 16:00:00+00:00,0.02126,0.02222,0.02126,0.02215,487634702.0
2024-09-24 20:00:00+00:00,0.02215,0.02219,0.02173,0.02192,516599397.0
2024-09-25 00:00:00+00:00,0.02192,0.02249,0.02173,0.02226,503889986.0
2024-09-25 04:00:00+00:00,0.02226,0.02232,0.02141,0.02157,471495625.0
2024-09-25 08:00:00+00:00,0.02157,0.0218,0.02147,0.02172,254119788.0
2024-09-25 12:00:00+00:00,0.02172,0.02209,0.02153,0.02172,459726569.0
2024-09-25 16:00:00+00:00,0.02172,0.022,0.02151,0.02176,384776480.0
2024-09-25 20:00:00+00:00,0.02176,0.02215,0.02125,0.02143,620648769.0
2024-09-26 00:00:00+00:00,0.02143,0.0218,0.02112,0.02173,671035124.0
2024-09-26 04:00:00+00:00,0.02173,0.02239,0.0217,0.02233,640854545.0
2024-09-26 08:00:00+00:00,0.02233,0.0229,0.02206,0.02258,974526654.0
2024-09-26 12:00:00+00:00,0.02258,0.02313,0.02232,0.02286,1024810725.0
2024-09-26 16:00:00+00:00,0.02286,0.0234,0.02271,0.02285,830793175.0
2024-09-26 20:00:00+00:00,0.02285,0.02349,0.02271,0.02317,435271973.0
2024-09-27 00:00:00+00:00,0.02317,0.02379,0.02309,0.02377,623181871.0
2024-09-27 04:00:00+00:00,0.02377,0.02461,0.02374,0.02445,1255765587.0
2024-09-27 08:00:00+00:00,0.02445,0.02502,0.02403,0.02409,931163326.0
2024-09-27 12:00:00+00:00,0.02409,0.02477,0.02392,0.02439,803099384.0
2024-09-27 16:00:00+00:00,0.02439,0.025,0.02429,0.02469,422122913.0
2024-09-27 20:00:00+00:00,0.02469,0.02484,0.02447,0.02456,236626596.0
2024-09-28 00:00:00+00:00,0.02456,0.02531,0.0244,0.02504,541040653.0
2024-09-28 04:00:00+00:00,0.02504,0.02531,0.02411,0.02433,551729067.0
2024-09-28 08:00:00+00:00,0.02433,0.02477,0.02374,0.02424,690295169.0
2024-09-28 12:00:00+00:00,0.02424,0.02443,0.02371,0.02419,546851170.0
2024-09-28 16:00:00+00:00,0.02419,0.02473,0.02416,0.02438,373255002.0
2024-09-28 20:00:00+00:00,0.02438,0.0245,0.02375,0.0242,384758980.0
2024-09-29 00:00:00+00:00,0.0242,0.02453,0.02379,0.02428,374018107.0
2024-09-29 04:00:00+00:00,0.02428,0.0243,0.0236,0.02364,307493371.0
2024-09-29 08:00:00+00:00,0.02364,0.02395,0.02352,0.02368,292601055.0
2024-09-29 12:00:00+00:00,0.02368,0.02456,0.02315,0.02452,818649229.0
2024-09-29 16:00:00+00:00,0.02452,0.0249,0.0242,0.02464,662394524.0
2024-09-29 20:00:00+00:00,0.02464,0.02483,0.02411,0.02434,408601414.0
2024-09-30 00:00:00+00:00,0.02434,0.02462,0.02362,0.02416,622321004.0
2024-09-30 04:00:00+00:00,0.02416,0.02417,0.02348,0.02369,437332267.0
2024-09-30 08:00:00+00:00,0.02369,0.02373,0.02266,0.02305,984875392.0
2024-09-30 12:00:00+00:00,0.02305,0.02328,0.02254,0.02257,763046910.0
2024-09-30 16:00:00+00:00,0.02257,0.02379,0.02252,0.02326,884607921.0
2024-09-30 20:00:00+00:00,0.02326,0.02341,0.02218,0.02247,600643953.0
2024-10-01 00:00:00+00:00,0.02247,0.02336,0.02244,0.02334,402282223.0
2024-10-01 04:00:00+00:00,0.02334,0.02362,0.02318,0.02342,367162703.0
2024-10-01 08:00:00+00:00,0.02342,0.02381,0.02332,0.02342,258436795.0
2024-10-01 12:00:00+00:00,0.02342,0.02352,0.02098,0.02173,2907753049.0
2024-10-01 16:00:00+00:00,0.02173,0.02187,0.01955,0.02014,2934755653.0
2024-10-01 20:00:00+00:00,0.02014,0.02046,0.01969,0.02023,920756636.0
2024-10-02 00:00:00+00:00,0.02023,0.02074,0.0201,0.02061,452091564.0
2024-10-02 04:00:00+00:00,0.02061,0.02102,0.02031,0.0208,389148269.0
2024-10-02 08:00:00+00:00,0.0208,0.02094,0.01992,0.02026,432941231.0
2024-10-02 12:00:00+00:00,0.02026,0.02059,0.01996,0.02041,537119554.0
2024-10-02 16:00:00+00:00,0.02041,0.02074,0.01904,0.01951,891654251.0
2024-10-02 20:00:00+00:00,0.01951,0.01987,0.01939,0.01963,345520450.0
2024-10-03 00:00:00+00:00,0.01963,0.02012,0.0195,0.0201,236880503.0
2024-10-03 04:00:00+00:00,0.0201,0.02013,0.0195,0.01952,240487358.0
2024-10-03 08:00:00+00:00,0.01952,0.01961,0.01873,0.01927,635838513.0
2024-10-03 12:00:00+00:00,0.01927,0.01946,0.01844,0.01897,1150056189.0
2024-10-03 16:00:00+00:00,0.01897,0.01922,0.0185,0.01919,631550279.0
2024-10-03 20:00:00+00:00,0.01919,0.0193,0.01882,0.0191,314737684.0
2024-10-04 00:00:00+00:00,0.0191,0.01957,0.01893,0.01935,261077103.0
2024-10-04 04:00:00+00:00,0.01935,0.01965,0.01934,0.01949,198072929.0
2024-10-04 08:00:00+00:00,0.01949,0.01974,0.01929,0.01951,304024115.0
2024-10-04 12:00:00+00:00,0.01951,0.01981,0.01913,0.0197,589196623.0
2024-10-04 16:00:00+00:00,0.0197,0.01995,0.01961,0.0199,327258488.0
2024-10-04 20:00:00+00:00,0.0199,0.01993,0.01969,0.0198,176314086.0
2024-10-05 00:00:00+00:00,0.0198,0.02006,0.01961,0.01965,152370403.0
2024-10-05 04:00:00+00:00,0.01965,0.02004,0.01958,0.01987,154155893.0
2024-10-05 08:00:00+00:00,0.01987,0.02014,0.01982,0.01991,138156084.0
2024-10-05 12:00:00+00:00,0.01991,0.02009,0.01965,0.01982,236591998.0
2024-10-05 16:00:00+00:00,0.01982,0.01987,0.01923,0.01929,314155097.0
2024-10-05 20:00:00+00:00,0.01929,0.01957,0.01896,0.01951,261446964.0
2024-10-06 00:00:00+00:00,0.01951,0.01975,0.01933,0.01942,135554226.0
2024-10-06 04:00:00+00:00,0.01942,0.01959,0.01932,0.01953,111253488.0
2024-10-06 08:00:00+00:00,0.01953,0.01988,0.01948,0.01982,166821830.0
2024-10-06 12:00:00+00:00,0.01982,0.02075,0.01979,0.0207,450075697.0
2024-10-06 16:00:00+00:00,0.0207,0.02087,0.02038,0.02048,326377603.0
2024-10-06 20:00:00+00:00,0.02048,0.02093,0.02034,0.0209,191355717.0
2024-10-07 00:00:00+00:00,0.0209,0.0218,0.02072,0.02152,458219556.0
2024-10-07 04:00:00+00:00,0.02152,0.0216,0.0213,0.02144,228678973.0
2024-10-07 08:00:00+00:00,0.02144,0.02161,0.02066,0.0211,542199732.0
2024-10-07 12:00:00+00:00,0.0211,0.02205,0.02092,0.02175,598310813.0
2024-10-07 16:00:00+00:00,0.02175,0.0223,0.02143,0.02171,515949078.0
2024-10-07 20:00:00+00:00,0.02171,0.02179,0.02105,0.02114,328283293.0
2024-10-08 00:00:00+00:00,0.02114,0.02176,0.0211,0.02133,264112641.0
2024-10-08 04:00:00+00:00,0.02133,0.02151,0.0205,0.02073,449031933.0
2024-10-08 08:00:00+00:00,0.02073,0.02114,0.02061,0.02105,326960549.0
2024-10-08 12:00:00+00:00,0.02105,0.02121,0.02035,0.02061,588819508.0
2024-10-08 16:00:00+00:00,0.02061,0.02091,0.02018,0.02054,407012588.0
2024-10-08 20:00:00+00:00,0.02054,0.0208,0.02025,0.02048,237440048.0
2024-10-09 00:00:00+00:00,0.02048,0.0211,0.02038,0.02071,230923410.0
2024-10-09 04:00:00+00:00,0.02071,0.0211,0.02061,0.02076,231710331.0
2024-10-09 08:00:00+00:00,0.02076,0.02088,0.02047,0.02068,201034721.0
2024-10-09 12:00:00+00:00,0.02068,0.02069,0.01985,0.02035,716368031.0
2024-10-09 16:00:00+00:00,0.02035,0.02038,0.01967,0.01984,558959576.0
2024-10-09 20:00:00+00:00,0.01984,0.01988,0.0194,0.0198,438291965.0
2024-10-10 00:00:00+00:00,0.0198,0.02011,0.01965,0.01999,172332003.0
2024-10-10 04:00:00+00:00,0.01999,0.0203,0.01992,0.02004,145064128.0
2024-10-10 08:00:00+00:00,0.02004,0.0202,0.01961,0.02018,252022003.0
2024-10-10 12:00:00+00:00,0.02018,0.0202,0.01954,0.01984,725048721.0
2024-10-10 16:00:00+00:00,0.01984,0.02001,0.01923,0.01964,535181757.0
2024-10-10 20:00:00+00:00,0.01964,0.01999,0.01956,0.01998,160162042.0
2024-10-11 00:00:00+00:00,0.01998,0.02021,0.01988,0.02,172475201.0
2024-10-11 04:00:00+00:00,0.02,0.02013,0.01986,0.02002,155864533.0
2024-10-11 08:00:00+00:00,0.02002,0.02063,0.02,0.02045,332572841.0
2024-10-11 12:00:00+00:00,0.02045,0.02092,0.02043,0.02082,476025633.0
2024-10-11 16:00:00+00:00,0.02082,0.02116,0.02073,0.02097,265445509.0
2024-10-11 20:00:00+00:00,0.02097,0.02118,0.0208,0.02088,242390432.0
2024-10-12 00:00:00+00:00,0.02088,0.02112,0.02071,0.0208,194746623.0
2024-10-12 04:00:00+00:00,0.0208,0.02128,0.0208,0.02126,207694709.0
2024-10-12 08:00:00+00:00,0.02126,0.02184,0.02116,0.02158,449205861.0
2024-10-12 12:00:00+00:00,0.02158,0.02206,0.02142,0.02183,333895736.0
2024-10-12 16:00:00+00:00,0.02183,0.02216,0.02149,0.02157,266652669.0
2024-10-12 20:00:00+00:00,0.02157,0.022,0.02154,0.02171,194709697.0
2024-10-13 00:00:00+00:00,0.02171,0.02187,0.02133,0.02138,262404981.0
2024-10-13 04:00:00+00:00,0.02138,0.02196,0.02138,0.02168,193776139.0
2024-10-13 08:00:00+00:00,0.02168,0.02182,0.02136,0.02136,281813238.0
2024-10-13 12:00:00+00:00,0.02136,0.02166,0.0209,0.02109,318379066.0
2024-10-13 16:00:00+00:00,0.02109,0.02152,0.02096,0.02124,285322822.0
2024-10-13 20:00:00+00:00,0.02124,0.02211,0.02114,0.02175,396753532.0
2024-10-14 00:00:00+00:00,0.02175,0.02271,0.02146,0.02261,428170329.0
2024-10-14 04:00:00+00:00,0.02261,0.02294,0.02243,0.02269,423028146.0
2024-10-14 08:00:00+00:00,0.02269,0.02281,0.02244,0.02267,272158582.0
2024-10-14 12:00:00+00:00,0.02267,0.02298,0.02236,0.02282,508966085.0
2024-10-14 16:00:00+00:00,0.02282,0.02298,0.02255,0.02285,318305298.0
2024-10-14 20:00:00+00:00,0.02285,0.02347,0.02283,0.02326,343234374.0
2024-10-15 00:00:00+00:00,0.02326,0.02376,0.02298,0.02303,438433900.0
2024-10-15 04:00:00+00:00,0.02303,0.02332,0.0228,0.02307,350860744.0
2024-10-15 08:00:00+00:00,0.02307,0.02344,0.02237,0.02251,391164126.0
2024-10-15 12:00:00+00:00,0.02251,0.02375,0.02182,0.02241,1231766901.0
2024-10-15 16:00:00+00:00,0.02241,0.02294,0.02235,0.02246,367179397.0
2024-10-15 20:00:00+00:00,0.02246,0.02278,0.02197,0.02276,255662904.0
2024-10-16 00:00:00+00:00,0.02276,0.02297,0.02239,0.02261,274930244.0
2024-10-16 04:00:00+00:00,0.02261,0.02273,0.02203,0.02213,275475412.0
2024-10-16 08:00:00+00:00,0.02213,0.02283,0.02208,0.02262,355270209.0
2024-10-16 12:00:00+00:00,0.02262,0.02277,0.02202,0.02231,438826203.0
2024-10-16 16:00:00+00:00,0.02231,0.02242,0.02207,0.02225,188114553.0
2024-10-16 20:00:00+00:00,0.02225,0.02271,0.02224,0.02227,220243114.0
2024-10-17 00:00:00+00:00,0.02227,0.02261,0.02225,0.02251,147729282.0
2024-10-17 04:00:00+00:00,0.02251,0.02252,0.0218,0.02194,236575528.0
2024-10-17 08:00:00+00:00,0.02194,0.02194,0.02111,0.02118,394862444.0
2024-10-17 12:00:00+00:00,0.02118,0.02172,0.02105,0.02159,426583978.0
2024-10-17 16:00:00+00:00,0.02159,0.0216,0.02082,0.0211,579179470.0
2024-10-17 20:00:00+00:00,0.0211,0.0214,0.02109,0.02124,174298083.0
2024-10-18 00:00:00+00:00,0.02124,0.0222,0.0211,0.02172,349802401.0
2024-10-18 04:00:00+00:00,0.02172,0.02205,0.02166,0.02189,179168755.0
2024-10-18 08:00:00+00:00,0.02189,0.02204,0.02149,0.02151,272697401.0
2024-10-18 12:00:00+00:00,0.02151,0.02202,0.02138,0.02192,375648915.0
2024-10-18 16:00:00+00:00,0.02192,0.02261,0.02174,0.02236,362602095.0
2024-10-18 20:00:00+00:00,0.02236,0.02288,0.02215,0.02279,203121268.0
2024-10-19 00:00:00+00:00,0.02279,0.02352,0.02271,0.02337,385203808.0
2024-10-19 04:00:00+00:00,0.02337,0.02366,0.02321,0.02326,285562177.0
2024-10-19 08:00:00+00:00,0.02326,0.02333,0.02253,0.02259,392898973.0
2024-10-19 12:00:00+00:00,0.02259,0.02322,0.02258,0.02309,361925389.0
2024-10-19 16:00:00+00:00,0.02309,0.02316,0.02274,0.02283,213326155.0
2024-10-19 20:00:00+00:00,0.02283,0.02324,0.02281,0.02315,150533955.0
2024-10-20 00:00:00+00:00,0.02315,0.0233,0.02263,0.02293,254051130.0
2024-10-20 04:00:00+00:00,0.02293,0.02371,0.02284,0.02339,479276574.0
2024-10-20 08:00:00+00:00,0.02339,0.0245,0.02339,0.02411,690001660.0
2024-10-20 12:00:00+00:00,0.02411,0.02481,0.02387,0.02416,782458366.0
2024-10-20 16:00:00+00:00,0.02416,0.02423,0.02377,0.02402,210119549.0
2024-10-20 20:00:00+00:00,0.02402,0.02424,0.02391,0.02421,219042479.0
2024-10-21 00:00:00+00:00,0.02421,0.02427,0.02382,0.02418,260648168.0
2024-10-21 04:00:00+00:00,0.02418,0.02451,0.02384,0.02389,307251084.0
2024-10-21 08:00:00+00:00,0.02389,0.02446,0.02359,0.02403,478154487.0
2024-10-21 12:00:00+00:00,0.02403,0.0247,0.02342,0.0245,905395300.0
2024-10-21 16:00:00+00:00,0.0245,0.0245,0.02365,0.02415,444212036.0
2024-10-21 20:00:00+00:00,0.02415,0.02426,0.02347,0.0235,227351807.0
2024-10-22 00:00:00+00:00,0.0235,0.02423,0.02339,0.02368,466465297.0
2024-10-22 04:00:00+00:00,0.02368,0.02372,0.02326,0.02332,272200153.0
2024-10-22 08:00:00+00:00,0.02332,0.02339,0.02265,0.0229,471682687.0
2024-10-22 12:00:00+00:00,0.0229,0.02298,0.02226,0.02272,697513525.0
2024-10-22 16:00:00+00:00,0.02272,0.02331,0.02244,0.02296,338618599.0
2024-10-22 20:00:00+00:00,0.02296,0.02431,0.02291,0.02421,551107702.0
2024-10-23 00:00:00+00:00,0.02421,0.02458,0.02347,0.02351,524277500.0
2024-10-23 04:00:00+00:00,0.02351,0.02373,0.02286,0.02294,377952725.0
2024-10-23 08:00:00+00:00,0.02294,0.02365,0.02266,0.02339,601821759.0
2024-10-23 12:00:00+00:00,0.02339,0.02339,0.02262,0.02287,474255176.0
2024-10-23 16:00:00+00:00,0.02287,0.02288,0.02185,0.02256,1125061575.0
2024-10-23 20:00:00+00:00,0.02256,0.02263,0.02212,0.02244,221048110.0
2024-10-24 00:00:00+00:00,0.02244,0.02323,0.02227,0.02251,412974941.0
2024-10-24 04:00:00+00:00,0.02251,0.02289,0.02233,0.02235,200841773.0
2024-10-24 08:00:00+00:00,0.02235,0.02244,0.02194,0.02231,326329127.0
2024-10-24 12:00:00+00:00,0.02231,0.02272,0.02228,0.02258,306065276.0
2024-10-24 16:00:00+00:00,0.02258,0.02299,0.02237,0.02299,217606250.0
2024-10-24 20:00:00+00:00,0.02299,0.02335,0.02285,0.0231,402730137.0
2024-10-25 00:00:00+00:00,0.0231,0.02326,0.02275,0.02288,223344466.0
2024-10-25 04:00:00+00:00,0.02288,0.02292,0.02218,0.02275,340622371.0
2024-10-25 08:00:00+00:00,0.02275,0.02282,0.02241,0.02275,367387735.0
2024-10-25 12:00:00+00:00,0.02275,0.02295,0.02202,0.02212,722950699.0
2024-10-25 16:00:00+00:00,0.02212,0.02237,0.02127,0.02167,735653626.0
2024-10-25 20:00:00+00:00,0.02167,0.02204,0.01933,0.02029,1535364786.0
2024-10-26 00:00:00+00:00,0.02029,0.02048,0.01975,0.02042,1088477028.0
2024-10-26 04:00:00+00:00,0.02042,0.02066,0.02024,0.02041,170596231.0
2024-10-26 08:00:00+00:00,0.02041,0.02059,0.0203,0.02039,133493796.0
2024-10-26 12:00:00+00:00,0.02039,0.02042,0.01954,0.01979,726041706.0
2024-10-26 16:00:00+00:00,0.01979,0.02026,0.01973,0.02025,230423140.0
2024-10-26 20:00:00+00:00,0.02025,0.02049,0.0202,0.02034,131335744.0
2024-10-27 00:00:00+00:00,0.02034,0.02034,0.02005,0.02031,126985589.0
2024-10-27 04:00:00+00:00,0.02031,0.02036,0.02007,0.02014,234482230.0
2024-10-27 08:00:00+00:00,0.02014,0.02024,0.01987,0.01994,228892816.0
2024-10-27 12:00:00+00:00,0.01994,0.02047,0.01994,0.02043,226587363.0
2024-10-27 16:00:00+00:00,0.02043,0.0206,0.02023,0.02035,241702303.0
2024-10-27 20:00:00+00:00,0.02035,0.02098,0.02031,0.0207,220208905.0
2024-10-28 00:00:00+00:00,0.0207,0.02078,0.01994,0.02,238179230.0
2024-10-28 04:00:00+00:00,0.02,0.02062,0.01979,0.02046,574529946.0
2024-10-28 08:00:00+00:00,0.02046,0.02057,0.0201,0.02015,208573955.0
2024-10-28 12:00:00+00:00,0.02015,0.02035,0.01976,0.01987,547492716.0
2024-10-28 16:00:00+00:00,0.01987,0.02036,0.01956,0.02022,561062100.0
2024-10-28 20:00:00+00:00,0.02022,0.02096,0.02017,0.02036,383893513.0
2024-10-29 00:00:00+00:00,0.02036,0.02089,0.02029,0.02069,440239902.0
2024-10-29 04:00:00+00:00,0.02069,0.0209,0.02061,0.02069,210133521.0
2024-10-29 08:00:00+00:00,0.02069,0.02085,0.02061,0.02066,196554023.0
2024-10-29 12:00:00+00:00,0.02066,0.02083,0.02049,0.02082,376667859.0
2024-10-29 16:00:00+00:00,0.02082,0.02157,0.0208,0.02095,662555113.0
2024-10-29 20:00:00+00:00,0.02095,0.02132,0.02064,0.02129,326416600.0
2024-10-30 00:00:00+00:00,0.02129,0.02139,0.0209,0.02117,271723646.0
2024-10-30 04:00:00+00:00,0.02117,0.02129,0.02083,0.02089,263377735.0
2024-10-30 08:00:00+00:00,0.02089,0.02104,0.02051,0.02053,264954672.0
2024-10-30 12:00:00+00:00,0.02053,0.02105,0.02034,0.02062,560398226.0
2024-10-30 16:00:00+00:00,0.02062,0.02083,0.02046,0.02064,199779973.0
2024-10-30 20:00:00+00:00,0.02064,0.02095,0.02051,0.02066,209092702.0
2024-10-31 00:00:00+00:00,0.02066,0.02089,0.02047,0.02054,170537652.0
2024-10-31 04:00:00+00:00,0.02054,0.02063,0.0199,0.02015,538781606.0
2024-10-31 08:00:00+00:00,0.02015,0.02023,0.01981,0.02007,430251766.0
2024-10-31 12:00:00+00:00,0.02007,0.02011,0.01961,0.01998,864358221.0
2024-10-31 16:00:00+00:00,0.01998,0.0201,0.01942,0.01945,983164193.0
2024-10-31 20:00:00+00:00,0.01945,0.01978,0.01943,0.0196,272941050.0
2024-11-01 00:00:00+00:00,0.0196,0.01974,0.01903,0.01953,384125239.0
2024-11-01 04:00:00+00:00,0.01953,0.01969,0.0191,0.01928,173914609.0
2024-11-01 08:00:00+00:00,0.01928,0.0197,0.01926,0.01964,299898725.0
2024-11-01 12:00:00+00:00,0.01964,0.02018,0.01903,0.01927,796667474.0
2024-11-01 16:00:00+00:00,0.01927,0.01965,0.01924,0.01934,493939760.0
2024-11-01 20:00:00+00:00,0.01934,0.01946,0.0188,0.0192,388352702.0
2024-11-02 00:00:00+00:00,0.0192,0.01955,0.01918,0.01927,162205484.0
2024-11-02 04:00:00+00:00,0.01927,0.01934,0.01913,0.01922,126188751.0
2024-11-02 08:00:00+00:00,0.01922,0.01927,0.01908,0.01919,131711114.0
2024-11-02 12:00:00+00:00,0.01919,0.01922,0.01866,0.01894,593182857.0
2024-11-02 16:00:00+00:00,0.01894,0.01913,0.01872,0.01898,338459811.0
2024-11-02 20:00:00+00:00,0.01898,0.01908,0.01883,0.01895,146270131.0
2024-11-03 00:00:00+00:00,0.01895,0.01911,0.0178,0.01815,979044998.0
2024-11-03 04:00:00+00:00,0.01815,0.01867,0.01814,0.01845,324564061.0
2024-11-03 08:00:00+00:00,0.01845,0.01854,0.01801,0.01805,362282219.0
2024-11-03 12:00:00+00:00,0.01805,0.01828,0.01715,0.01755,1555958434.0
2024-11-03 16:00:00+00:00,0.01755,0.01783,0.01724,0.01772,602508434.0
2024-11-03 20:00:00+00:00,0.01772,0.01808,0.01767,0.01793,438292417.0
2024-11-04 00:00:00+00:00,0.01793,0.01828,0.01767,0.01799,313191024.0
2024-11-04 04:00:00+00:00,0.01799,0.01812,0.01775,0.01779,255354128.0
2024-11-04 08:00:00+00:00,0.01779,0.01811,0.01766,0.01798,351672717.0
2024-11-04 12:00:00+00:00,0.01798,0.01818,0.01765,0.01777,423002766.0
2024-11-04 16:00:00+00:00,0.01777,0.01781,0.01744,0.01767,442533962.0
2024-11-04 20:00:00+00:00,0.01767,0.01769,0.01698,0.01741,671656355.0
2024-11-05 00:00:00+00:00,0.01741,0.01782,0.01741,0.01781,261617443.0
2024-11-05 04:00:00+00:00,0.01781,0.01814,0.01778,0.01809,177258791.0
2024-11-05 08:00:00+00:00,0.01809,0.01829,0.01805,0.01823,173321942.0
2024-11-05 12:00:00+00:00,0.01823,0.01909,0.01813,0.01875,541178363.0
2024-11-05 16:00:00+00:00,0.01875,0.01921,0.01862,0.01871,478582933.0
2024-11-05 20:00:00+00:00,0.01871,0.01907,0.01863,0.01891,237230067.0
2024-11-06 00:00:00+00:00,0.01891,0.02052,0.01891,0.02041,995683134.0
2024-11-06 04:00:00+00:00,0.02041,0.02076,0.02015,0.02041,690122279.0
2024-11-06 08:00:00+00:00,0.02041,0.02051,0.01996,0.02046,414590907.0
2024-11-06 12:00:00+00:00,0.02046,0.02064,0.02008,0.02035,392248503.0
2024-11-06 16:00:00+00:00,0.02035,0.02078,0.02027,0.02077,352673332.0
2024-11-06 20:00:00+00:00,0.02077,0.02153,0.02072,0.02136,371561002.0
2024-11-07 00:00:00+00:00,0.02136,0.02222,0.02131,0.02187,517043320.0
2024-11-07 04:00:00+00:00,0.02187,0.02196,0.02099,0.0213,381564831.0
2024-11-07 08:00:00+00:00,0.0213,0.02148,0.02109,0.02121,184178378.0
2024-11-07 12:00:00+00:00,0.02121,0.0216,0.02094,0.02159,325040213.0
2024-11-07 16:00:00+00:00,0.02159,0.02186,0.02143,0.02175,754312704.0
2024-11-07 20:00:00+00:00,0.02175,0.02216,0.02146,0.02171,317861317.0
2024-11-08 00:00:00+00:00,0.02171,0.02208,0.02115,0.02132,350793953.0
2024-11-08 04:00:00+00:00,0.02132,0.02162,0.02124,0.02154,210604479.0
2024-11-08 08:00:00+00:00,0.02154,0.02175,0.02127,0.02168,168591692.0
2024-11-08 12:00:00+00:00,0.02168,0.02212,0.02144,0.02172,436835296.0
2024-11-08 16:00:00+00:00,0.02172,0.02197,0.02103,0.02184,487242813.0
2024-11-08 20:00:00+00:00,0.02184,0.02205,0.02146,0.02203,245744365.0
2024-11-09 00:00:00+00:00,0.02203,0.02224,0.02166,0.02174,306185730.0
2024-11-09 04:00:00+00:00,0.02174,0.02272,0.02174,0.02261,275748612.0
2024-11-09 08:00:00+00:00,0.02261,0.02335,0.02253,0.02327,341299107.0
2024-11-09 12:00:00+00:00,0.02327,0.02339,0.02264,0.02294,334950266.0
2024-11-09 16:00:00+00:00,0.02294,0.02301,0.02234,0.02267,273876459.0
2024-11-09 20:00:00+00:00,0.02267,0.02349,0.02257,0.02343,246276246.0
2024-11-10 00:00:00+00:00,0.02343,0.02397,0.02283,0.02376,391554500.0
2024-11-10 04:00:00+00:00,0.02376,0.02424,0.02359,0.02398,525284705.0
2024-11-10 08:00:00+00:00,0.02398,0.02597,0.02397,0.02567,737673537.0
2024-11-10 12:00:00+00:00,0.02567,0.02591,0.02498,0.02573,771537565.0
2024-11-10 16:00:00+00:00,0.02573,0.02686,0.02522,0.02546,1177651840.0
2024-11-10 20:00:00+00:00,0.02546,0.02565,0.02388,0.02519,901134182.0
2024-11-11 00:00:00+00:00,0.02519,0.02684,0.02505,0.02656,448707167.0
2024-11-11 04:00:00+00:00,0.02656,0.0267,0.0248,0.02534,747220485.0
2024-11-11 08:00:00+00:00,0.02534,0.02593,0.02507,0.02591,404014799.0
2024-11-11 12:00:00+00:00,0.02591,0.02647,0.02528,0.02607,912929412.0
2024-11-11 16:00:00+00:00,0.02607,0.02696,0.02589,0.02644,755800540.0
2024-11-11 20:00:00+00:00,0.02644,0.02784,0.02604,0.02766,868571547.0
2024-11-12 00:00:00+00:00,0.02766,0.02788,0.02658,0.02786,855506130.0
2024-11-12 04:00:00+00:00,0.02786,0.02974,0.02743,0.0293,828631763.0
2024-11-12 08:00:00+00:00,0.0293,0.03171,0.02634,0.02757,2128829547.0
2024-11-12 12:00:00+00:00,0.02757,0.02788,0.02572,0.02664,1128443775.0
2024-11-12 16:00:00+00:00,0.02664,0.02781,0.0257,0.02746,633077080.0
2024-11-12 20:00:00+00:00,0.02746,0.02803,0.02696,0.02727,585430207.0
2024-11-13 00:00:00+00:00,0.02727,0.0277,0.02557,0.02558,651329609.0
2024-11-13 04:00:00+00:00,0.02558,0.02616,0.02445,0.02537,796403165.0
2024-11-13 08:00:00+00:00,0.02537,0.02577,0.02497,0.02546,432218023.0
2024-11-13 12:00:00+00:00,0.02546,0.02851,0.02514,0.02822,1297725474.0
2024-11-13 16:00:00+00:00,0.02822,0.02882,0.0264,0.02654,1140897985.0
2024-11-13 20:00:00+00:00,0.02654,0.02707,0.02575,0.02683,749420701.0
2024-11-14 00:00:00+00:00,0.02683,0.02757,0.0262,0.02718,539080053.0
2024-11-14 04:00:00+00:00,0.02718,0.02776,0.02663,0.02717,464529550.0
2024-11-14 08:00:00+00:00,0.02717,0.0274,0.02593,0.02661,561041705.0
2024-11-14 12:00:00+00:00,0.02661,0.02692,0.02502,0.02541,924486925.0
2024-11-14 16:00:00+00:00,0.02541,0.02627,0.02503,0.02589,905139700.0
2024-11-14 20:00:00+00:00,0.02589,0.02613,0.02422,0.02463,755015160.0
2024-11-15 00:00:00+00:00,0.02463,0.0251,0.02418,0.025,396056393.0
2024-11-15 04:00:00+00:00,0.025,0.02512,0.02401,0.02478,386617614.0
2024-11-15 08:00:00+00:00,0.02478,0.0259,0.0245,0.02587,301019268.0
2024-11-15 12:00:00+00:00,0.02587,0.02619,0.02458,0.02478,900973388.0
2024-11-15 16:00:00+00:00,0.02478,0.02582,0.02464,0.02562,653428223.0
2024-11-15 20:00:00+00:00,0.02562,0.02665,0.0256,0.02636,1251250409.0
2024-11-16 00:00:00+00:00,0.02636,0.02698,0.02619,0.02696,224103605.0
2024-11-16 04:00:00+00:00,0.02696,0.02702,0.02616,0.02646,205946377.0
2024-11-16 08:00:00+00:00,0.02646,0.02936,0.02642,0.02916,699997984.0
2024-11-16 12:00:00+00:00,0.02916,0.02965,0.02738,0.02783,1003588726.0
2024-11-16 16:00:00+00:00,0.02783,0.02936,0.02752,0.02904,409937001.0
2024-11-16 20:00:00+00:00,0.02904,0.0313,0.02889,0.03077,862803213.0
2024-11-17 00:00:00+00:00,0.03077,0.03102,0.02849,0.02923,826030129.0
2024-11-17 04:00:00+00:00,0.02923,0.03004,0.02867,0.02944,487901162.0
2024-11-17 08:00:00+00:00,0.02944,0.02974,0.02835,0.0284,354495065.0
2024-11-17 12:00:00+00:00,0.0284,0.02916,0.02825,0.02884,356019641.0
2024-11-17 16:00:00+00:00,0.02884,0.02923,0.02777,0.02816,361177213.0
2024-11-17 20:00:00+00:00,0.02816,0.0284,0.02728,0.02827,347204684.0
2024-11-18 00:00:00+00:00,0.02827,0.02963,0.02812,0.0295,279417295.0
2024-11-18 04:00:00+00:00,0.0295,0.03069,0.02916,0.0303,384717226.0
2024-11-18 08:00:00+00:00,0.0303,0.03042,0.02902,0.02952,461453526.0
2024-11-18 12:00:00+00:00,0.02952,0.0304,0.02878,0.03012,1166525269.0
2024-11-18 16:00:00+00:00,0.03012,0.03146,0.02954,0.03012,1349772964.0
2024-11-18 20:00:00+00:00,0.03012,0.03245,0.02991,0.03149,623955027.0
2024-11-19 00:00:00+00:00,0.03149,0.03165,0.03099,0.03126,361554292.0
2024-11-19 04:00:00+00:00,0.03126,0.03139,0.03037,0.0305,468499364.0
2024-11-19 08:00:00+00:00,0.0305,0.03052,0.02953,0.03022,315885348.0
2024-11-19 12:00:00+00:00,0.03022,0.03074,0.02944,0.02973,825548757.0
2024-11-19 16:00:00+00:00,0.02973,0.03006,0.02955,0.02976,448337269.0
2024-11-19 20:00:00+00:00,0.02976,0.02987,0.02848,0.0294,485093355.0
2024-11-20 00:00:00+00:00,0.0294,0.02941,0.02804,0.02855,524500166.0
2024-11-20 04:00:00+00:00,0.02855,0.02911,0.02819,0.02896,522623303.0
2024-11-20 08:00:00+00:00,0.02896,0.03004,0.02888,0.02917,487415502.0
2024-11-20 12:00:00+00:00,0.02917,0.03017,0.02836,0.02925,588516916.0
2024-11-20 16:00:00+00:00,0.02925,0.0293,0.02703,0.02742,538037116.0
2024-11-20 20:00:00+00:00,0.02742,0.02824,0.02715,0.02789,202771958.0
2024-11-21 00:00:00+00:00,0.02789,0.02839,0.02673,0.02744,354034038.0
2024-11-21 04:00:00+00:00,0.02744,0.02876,0.02718,0.02813,257493452.0
2024-11-21 08:00:00+00:00,0.02813,0.02824,0.0272,0.02784,389759050.0
2024-11-21 12:00:00+00:00,0.02784,0.02998,0.02782,0.02884,726795538.0
2024-11-21 16:00:00+00:00,0.02884,0.02949,0.02855,0.02872,627798633.0
2024-11-21 20:00:00+00:00,0.02872,0.02923,0.02853,0.02894,149098754.0
2024-11-22 00:00:00+00:00,0.02894,0.02941,0.02821,0.0292,331810888.0
2024-11-22 04:00:00+00:00,0.0292,0.02966,0.02862,0.02865,281220320.0
2024-11-22 08:00:00+00:00,0.02865,0.02905,0.0283,0.029,183633622.0
2024-11-22 12:00:00+00:00,0.029,0.02945,0.0276,0.02888,549646224.0
2024-11-22 16:00:00+00:00,0.02888,0.02918,0.02804,0.02844,348125520.0
2024-11-22 20:00:00+00:00,0.02844,0.02985,0.02835,0.02974,259094551.0
2024-11-23 00:00:00+00:00,0.02974,0.03088,0.02921,0.03053,735214522.0
2024-11-23 04:00:00+00:00,0.03053,0.03173,0.02993,0.03153,468378921.0
2024-11-23 08:00:00+00:00,0.03153,0.03207,0.03109,0.03185,428640390.0
2024-11-23 12:00:00+00:00,0.03185,0.03565,0.03165,0.03564,1197716163.0
2024-11-23 16:00:00+00:00,0.03564,0.03565,0.03276,0.03406,1277431912.0
2024-11-23 20:00:00+00:00,0.03406,0.03537,0.03277,0.03519,585702370.0
2024-11-24 00:00:00+00:00,0.03519,0.03858,0.03487,0.03766,1293750413.0
2024-11-24 04:00:00+00:00,0.03766,0.0412,0.03734,0.03921,2032509460.0
2024-11-24 08:00:00+00:00,0.03921,0.04128,0.03838,0.03885,1987907991.0
2024-11-24 12:00:00+00:00,0.03885,0.03967,0.03445,0.03451,1643014034.0
2024-11-24 16:00:00+00:00,0.03451,0.03632,0.03423,0.03557,662340731.0
2024-11-24 20:00:00+00:00,0.03557,0.04002,0.03544,0.03949,914603678.0
2024-11-25 00:00:00+00:00,0.03949,0.03953,0.03643,0.03812,1226600571.0
2024-11-25 04:00:00+00:00,0.03812,0.03874,0.03714,0.03826,547698987.0
2024-11-25 08:00:00+00:00,0.03826,0.0408,0.03804,0.03928,925342646.0
2024-11-25 12:00:00+00:00,0.03928,0.04008,0.0362,0.03777,1108504441.0
2024-11-25 16:00:00+00:00,0.03777,0.03796,0.03612,0.03749,530111894.0
2024-11-25 20:00:00+00:00,0.03749,0.03852,0.03591,0.03667,616151072.0
2024-11-26 00:00:00+00:00,0.03667,0.038,0.0361,0.03716,532188417.0
2024-11-26 04:00:00+00:00,0.03716,0.03774,0.03563,0.03592,421746298.0
2024-11-26 08:00:00+00:00,0.03592,0.03606,0.03271,0.03367,997223195.0
2024-11-26 12:00:00+00:00,0.03367,0.03531,0.03322,0.03439,788984237.0
2024-11-26 16:00:00+00:00,0.03439,0.03667,0.03413,0.03644,788779384.0
2024-11-26 20:00:00+00:00,0.03644,0.03753,0.03585,0.03647,743005344.0
2024-11-27 00:00:00+00:00,0.03647,0.03712,0.03561,0.03596,556086578.0
2024-11-27 04:00:00+00:00,0.03596,0.03744,0.03552,0.03741,454888355.0
2024-11-27 08:00:00+00:00,0.03741,0.03767,0.03604,0.03623,515720955.0
2024-11-27 12:00:00+00:00,0.03623,0.03736,0.03546,0.03699,505751787.0
2024-11-27 16:00:00+00:00,0.03699,0.03813,0.03669,0.03733,546619756.0
2024-11-27 20:00:00+00:00,0.03733,0.03825,0.03705,0.03726,385706663.0
2024-11-28 00:00:00+00:00,0.03726,0.038,0.03594,0.03635,501807226.0
2024-11-28 04:00:00+00:00,0.03635,0.03734,0.03617,0.03638,307750355.0
2024-11-28 08:00:00+00:00,0.03638,0.03711,0.03573,0.03654,436211970.0
2024-11-28 12:00:00+00:00,0.03654,0.03735,0.03587,0.03608,587840976.0
2024-11-28 16:00:00+00:00,0.03608,0.03972,0.03608,0.03924,843671034.0
2024-11-28 20:00:00+00:00,0.03924,0.04004,0.03817,0.03972,605041089.0
2024-11-29 00:00:00+00:00,0.03972,0.04061,0.03868,0.03872,647788264.0
2024-11-29 04:00:00+00:00,0.03872,0.03901,0.03841,0.0385,293640845.0
2024-11-29 08:00:00+00:00,0.0385,0.03932,0.0385,0.03904,242834375.0
2024-11-29 12:00:00+00:00,0.03904,0.04009,0.03857,0.03985,478798775.0
2024-11-29 16:00:00+00:00,0.03985,0.04012,0.03872,0.03921,310703234.0
2024-11-29 20:00:00+00:00,0.03921,0.04077,0.03918,0.03992,271099551.0
2024-11-30 00:00:00+00:00,0.03992,0.03992,0.03876,0.03945,355261508.0
2024-11-30 04:00:00+00:00,0.03945,0.04074,0.03923,0.0407,316996924.0
2024-11-30 08:00:00+00:00,0.0407,0.04181,0.04003,0.04044,604724674.0
2024-11-30 12:00:00+00:00,0.04044,0.04298,0.04042,0.04257,725348840.0
2024-11-30 16:00:00+00:00,0.04257,0.04497,0.04183,0.04492,777279235.0
2024-11-30 20:00:00+00:00,0.04492,0.04607,0.04437,0.04489,700950758.0
2024-12-01 00:00:00+00:00,0.04489,0.04495,0.04291,0.04371,528295891.0
2024-12-01 04:00:00+00:00,0.04371,0.04538,0.04318,0.0449,369033130.0
2024-12-01 08:00:00+00:00,0.0449,0.04503,0.04337,0.04419,472312210.0
2024-12-01 12:00:00+00:00,0.04419,0.04488,0.04363,0.04447,309742581.0
2024-12-01 16:00:00+00:00,0.04447,0.04468,0.04322,0.04342,352514232.0
2024-12-01 20:00:00+00:00,0.04342,0.04453,0.04237,0.04411,574769999.0
2024-12-02 00:00:00+00:00,0.04411,0.04625,0.04345,0.04405,736846564.0
2024-12-02 04:00:00+00:00,0.04405,0.04715,0.04332,0.04528,1090291419.0
2024-12-02 08:00:00+00:00,0.04528,0.04567,0.04108,0.04162,1178681812.0
2024-12-02 12:00:00+00:00,0.04162,0.04412,0.0415,0.0437,684032904.0
2024-12-02 16:00:00+00:00,0.0437,0.0438,0.04123,0.04356,638783819.0
2024-12-02 20:00:00+00:00,0.04356,0.047,0.04334,0.04662,601428970.0
2024-12-03 00:00:00+00:00,0.04662,0.05098,0.04611,0.04937,1731579742.0
2024-12-03 04:00:00+00:00,0.04937,0.0542,0.04903,0.05149,1220771292.0
2024-12-03 08:00:00+00:00,0.05149,0.05257,0.0502,0.05117,799453897.0
2024-12-03 12:00:00+00:00,0.05117,0.05143,0.04663,0.05083,1458901129.0
2024-12-03 16:00:00+00:00,0.05083,0.05242,0.04952,0.05199,752281752.0
2024-12-03 20:00:00+00:00,0.05199,0.05374,0.05109,0.0514,687335214.0
2024-12-04 00:00:00+00:00,0.0514,0.05281,0.05053,0.05273,503994864.0
2024-12-04 04:00:00+00:00,0.05273,0.05473,0.05185,0.05461,691844339.0
2024-12-04 08:00:00+00:00,0.05461,0.05663,0.05425,0.05487,1042527868.0
2024-12-04 12:00:00+00:00,0.05487,0.06298,0.05464,0.06296,1947017702.0
2024-12-04 16:00:00+00:00,0.06296,0.06665,0.05958,0.06441,2082238448.0
2024-12-04 20:00:00+00:00,0.06441,0.06461,0.05915,0.06023,1161257314.0
2024-12-05 00:00:00+00:00,0.06023,0.06104,0.05592,0.05671,1375454628.0
2024-12-05 04:00:00+00:00,0.05671,0.06054,0.05629,0.05952,761606250.0
2024-12-05 08:00:00+00:00,0.05952,0.0627,0.05811,0.06209,817758266.0
2024-12-05 12:00:00+00:00,0.06209,0.06221,0.05959,0.06035,950590951.0
2024-12-05 16:00:00+00:00,0.06035,0.06191,0.05946,0.06086,717714255.0
2024-12-05 20:00:00+00:00,0.06086,0.06408,0.05949,0.0604,1392580046.0
2024-12-06 00:00:00+00:00,0.0604,0.06246,0.05822,0.05873,895206602.0
2024-12-06 04:00:00+00:00,0.05873,0.0608,0.05787,0.05844,580290640.0
2024-12-06 08:00:00+00:00,0.05844,0.05933,0.05671,0.05837,574688158.0
2024-12-06 12:00:00+00:00,0.05837,0.05999,0.05685,0.05931,769645756.0
2024-12-06 16:00:00+00:00,0.05931,0.0599,0.0586,0.05976,383410525.0
2024-12-06 20:00:00+00:00,0.05976,0.06078,0.05921,0.05942,320928052.0
2024-12-07 00:00:00+00:00,0.05942,0.0609,0.05861,0.05922,374203863.0
2024-12-07 04:00:00+00:00,0.05922,0.06056,0.0581,0.0586,306988534.0
2024-12-07 08:00:00+00:00,0.0586,0.06005,0.05828,0.05947,373028686.0
2024-12-07 12:00:00+00:00,0.05947,0.05992,0.05877,0.05957,255068165.0
2024-12-07 16:00:00+00:00,0.05957,0.06006,0.05812,0.05884,385322910.0
2024-12-07 20:00:00+00:00,0.05884,0.06206,0.05875,0.06099,457650813.0
2024-12-08 00:00:00+00:00,0.06099,0.06148,0.05931,0.06012,446769002.0
2024-12-08 04:00:00+00:00,0.06012,0.06239,0.05863,0.06181,444134149.0
2024-12-08 08:00:00+00:00,0.06181,0.06373,0.05988,0.06191,795213836.0
2024-12-08 12:00:00+00:00,0.06191,0.06384,0.06065,0.0613,613977682.0
2024-12-08 16:00:00+00:00,0.0613,0.06171,0.05957,0.06105,342752842.0
2024-12-08 20:00:00+00:00,0.06105,0.0614,0.06005,0.06055,248861665.0
2024-12-09 00:00:00+00:00,0.06055,0.06058,0.05671,0.05733,482852863.0
2024-12-09 04:00:00+00:00,0.05733,0.05817,0.05552,0.05663,513844429.0
2024-12-09 08:00:00+00:00,0.05663,0.05665,0.05351,0.05463,825663309.0
2024-12-09 12:00:00+00:00,0.05463,0.05722,0.05408,0.05523,737961169.0
2024-12-09 16:00:00+00:00,0.05523,0.05596,0.054,0.0545,360295235.0
2024-12-09 20:00:00+00:00,0.0545,0.05464,0.04035,0.04774,3721767724.0
2024-12-10 00:00:00+00:00,0.04774,0.04887,0.04363,0.04603,1154229155.0
2024-12-10 04:00:00+00:00,0.04603,0.04822,0.04476,0.04741,643282970.0
2024-12-10 08:00:00+00:00,0.04741,0.04827,0.04645,0.04701,694806976.0
2024-12-10 12:00:00+00:00,0.04701,0.04722,0.04271,0.04279,1514521281.0
2024-12-10 16:00:00+00:00,0.04279,0.04428,0.0411,0.04386,1819199093.0
2024-12-10 20:00:00+00:00,0.04386,0.0463,0.04352,0.0456,626239875.0
2024-12-11 00:00:00+00:00,0.0456,0.04709,0.04378,0.04664,609289622.0
2024-12-11 04:00:00+00:00,0.04664,0.04699,0.04563,0.04583,389947755.0
2024-12-11 08:00:00+00:00,0.04583,0.0488,0.04577,0.04816,446033299.0
2024-12-11 12:00:00+00:00,0.04816,0.05284,0.04813,0.05173,1166817198.0
2024-12-11 16:00:00+00:00,0.05173,0.05232,0.05008,0.0511,504582506.0
2024-12-11 20:00:00+00:00,0.0511,0.05199,0.05043,0.05153,319753301.0
2024-12-12 00:00:00+00:00,0.05153,0.05465,0.05101,0.0534,729116746.0
2024-12-12 04:00:00+00:00,0.0534,0.05476,0.05285,0.05306,407381650.0
2024-12-12 08:00:00+00:00,0.05306,0.05377,0.05091,0.05134,527876032.0
2024-12-12 12:00:00+00:00,0.05134,0.05309,0.05132,0.05205,899769694.0
2024-12-12 16:00:00+00:00,0.05205,0.05305,0.05005,0.05035,639589607.0
2024-12-12 20:00:00+00:00,0.05035,0.05171,0.05006,0.05084,415529729.0
2024-12-13 00:00:00+00:00,0.05084,0.05206,0.04952,0.05145,517963261.0
2024-12-13 04:00:00+00:00,0.05145,0.05163,0.04958,0.05069,311127308.0
2024-12-13 08:00:00+00:00,0.05069,0.05256,0.05041,0.05179,341682532.0
2024-12-13 12:00:00+00:00,0.05179,0.05296,0.05096,0.05106,832796824.0
2024-12-13 16:00:00+00:00,0.05106,0.0527,0.05094,0.05171,505307432.0
2024-12-13 20:00:00+00:00,0.05171,0.05263,0.05071,0.05204,267023621.0
2024-12-14 00:00:00+00:00,0.05204,0.05256,0.05111,0.05125,235404360.0
2024-12-14 04:00:00+00:00,0.05125,0.05153,0.05052,0.05073,160519764.0
2024-12-14 08:00:00+00:00,0.05073,0.05121,0.05001,0.05028,245645307.0
2024-12-14 12:00:00+00:00,0.05028,0.05045,0.04821,0.04944,521225482.0
2024-12-14 16:00:00+00:00,0.04944,0.0496,0.04787,0.04855,368817472.0
2024-12-14 20:00:00+00:00,0.04855,0.04969,0.04773,0.04934,315757919.0
2024-12-15 00:00:00+00:00,0.04934,0.05053,0.04868,0.04955,223478767.0
2024-12-15 04:00:00+00:00,0.04955,0.05049,0.04807,0.04857,238215745.0
2024-12-15 08:00:00+00:00,0.04857,0.05001,0.04854,0.04955,323077546.0
2024-12-15 12:00:00+00:00,0.04955,0.05225,0.04928,0.05079,658339753.0
2024-12-15 16:00:00+00:00,0.05079,0.05137,0.05007,0.05018,282912998.0
2024-12-15 20:00:00+00:00,0.05018,0.05126,0.04832,0.05092,477730468.0
2024-12-16 00:00:00+00:00,0.05092,0.05199,0.04956,0.04991,353403125.0
2024-12-16 04:00:00+00:00,0.04991,0.05035,0.04886,0.04953,229070711.0
2024-12-16 08:00:00+00:00,0.04953,0.04963,0.04756,0.04772,503533480.0
2024-12-16 12:00:00+00:00,0.04772,0.04896,0.04766,0.04859,528981505.0
2024-12-16 16:00:00+00:00,0.04859,0.05017,0.04846,0.04917,374216832.0
2024-12-16 20:00:00+00:00,0.04917,0.04992,0.04792,0.04807,436896079.0
2024-12-17 00:00:00+00:00,0.04807,0.04819,0.04471,0.04578,859455981.0
2024-12-17 04:00:00+00:00,0.04578,0.04643,0.0453,0.04597,733683638.0
2024-12-17 08:00:00+00:00,0.04597,0.04721,0.04576,0.04661,380590117.0
2024-12-17 12:00:00+00:00,0.04661,0.04708,0.04455,0.04501,622610235.0
2024-12-17 16:00:00+00:00,0.04501,0.04615,0.04444,0.04559,362651768.0
2024-12-17 20:00:00+00:00,0.04559,0.04602,0.04356,0.04467,543388489.0
2024-12-18 00:00:00+00:00,0.04467,0.04497,0.04383,0.04396,242953866.0
2024-12-18 04:00:00+00:00,0.04396,0.0443,0.04302,0.04357,303484468.0
2024-12-18 08:00:00+00:00,0.04357,0.04469,0.04314,0.04457,348857081.0
2024-12-18 12:00:00+00:00,0.04457,0.04462,0.0432,0.04376,424131662.0
2024-12-18 16:00:00+00:00,0.04376,0.0451,0.0427,0.04271,530507164.0
2024-12-18 20:00:00+00:00,0.04271,0.04319,0.03875,0.04003,2061405374.0
2024-12-19 00:00:00+00:00,0.04003,0.04062,0.03708,0.0401,1114138192.0
2024-12-19 04:00:00+00:00,0.0401,0.04012,0.03934,0.03969,212407855.0
2024-12-19 08:00:00+00:00,0.03969,0.04026,0.03901,0.03982,276105130.0
2024-12-19 12:00:00+00:00,0.03982,0.04001,0.03728,0.03815,607058066.0
2024-12-19 16:00:00+00:00,0.03815,0.03855,0.0343,0.0351,1664301552.0
2024-12-19 20:00:00+00:00,0.0351,0.03642,0.03392,0.03516,716961177.0
2024-12-20 00:00:00+00:00,0.03516,0.03725,0.03453,0.03657,436668615.0
2024-12-20 04:00:00+00:00,0.03657,0.03692,0.03456,0.0355,449118462.0
2024-12-20 08:00:00+00:00,0.0355,0.03551,0.02947,0.02965,2303249881.0
2024-12-20 12:00:00+00:00,0.02965,0.03446,0.0296,0.03407,1347473565.0
2024-12-20 16:00:00+00:00,0.03407,0.0368,0.03369,0.03657,539272291.0
2024-12-20 20:00:00+00:00,0.03657,0.03798,0.03551,0.03741,473039596.0
2024-12-21 00:00:00+00:00,0.03741,0.03833,0.03707,0.03831,258641176.0
2024-12-21 04:00:00+00:00,0.03831,0.04093,0.03795,0.04033,433993489.0
2024-12-21 08:00:00+00:00,0.04033,0.04057,0.03817,0.03844,420240610.0
2024-12-21 12:00:00+00:00,0.03844,0.03847,0.03517,0.03635,983455600.0
2024-12-21 16:00:00+00:00,0.03635,0.03639,0.03458,0.0352,867726187.0
2024-12-21 20:00:00+00:00,0.0352,0.03579,0.03453,0.03505,381625896.0
2024-12-22 00:00:00+00:00,0.03505,0.03556,0.03422,0.03501,376983075.0
2024-12-22 04:00:00+00:00,0.03501,0.03522,0.03372,0.03482,395832640.0
2024-12-22 08:00:00+00:00,0.03482,0.03665,0.0348,0.03578,378973720.0
2024-12-22 12:00:00+00:00,0.03578,0.03651,0.03444,0.03509,592189935.0
2024-12-22 16:00:00+00:00,0.03509,0.03592,0.03431,0.03445,504295882.0
2024-12-22 20:00:00+00:00,0.03445,0.03551,0.034,0.03485,457167898.0
2024-12-23 00:00:00+00:00,0.03485,0.03646,0.03393,0.03634,564813567.0
2024-12-23 04:00:00+00:00,0.03634,0.03655,0.03453,0.03506,369737633.0
2024-12-23 08:00:00+00:00,0.03506,0.03576,0.03467,0.03518,304351017.0
2024-12-23 12:00:00+00:00,0.03518,0.0359,0.03425,0.03437,510932689.0
2024-12-23 16:00:00+00:00,0.03437,0.036,0.03426,0.03575,371609117.0
2024-12-23 20:00:00+00:00,0.03575,0.03915,0.03572,0.03786,701248681.0
2024-12-24 00:00:00+00:00,0.03786,0.03789,0.03621,0.037,287969940.0
2024-12-24 04:00:00+00:00,0.037,0.03738,0.03619,0.03664,302751511.0
2024-12-24 08:00:00+00:00,0.03664,0.03726,0.03635,0.03701,283876589.0
2024-12-24 12:00:00+00:00,0.03701,0.04076,0.03648,0.04032,686661904.0
2024-12-24 16:00:00+00:00,0.04032,0.04088,0.03856,0.03856,555032796.0
2024-12-24 20:00:00+00:00,0.03856,0.03971,0.03804,0.03961,455458845.0
2024-12-25 00:00:00+00:00,0.03961,0.03981,0.03871,0.03923,270538747.0
2024-12-25 04:00:00+00:00,0.03923,0.03958,0.03877,0.03886,191859178.0
2024-12-25 08:00:00+00:00,0.03886,0.03976,0.03845,0.03855,418549564.0
2024-12-25 12:00:00+00:00,0.03855,0.03943,0.03823,0.0386,281346725.0
2024-12-25 16:00:00+00:00,0.0386,0.03886,0.03788,0.03865,265947882.0
2024-12-25 20:00:00+00:00,0.03865,0.03891,0.03785,0.03848,197150716.0
2024-12-26 00:00:00+00:00,0.03848,0.03919,0.03767,0.03776,251349296.0
2024-12-26 04:00:00+00:00,0.03776,0.03777,0.03667,0.03679,278355026.0
2024-12-26 08:00:00+00:00,0.03679,0.03693,0.03531,0.03624,452940754.0
2024-12-26 12:00:00+00:00,0.03624,0.03639,0.03557,0.03572,292561813.0
2024-12-26 16:00:00+00:00,0.03572,0.03606,0.03491,0.03557,269586014.0
2024-12-26 20:00:00+00:00,0.03557,0.03584,0.03484,0.03532,195170277.0
2024-12-27 00:00:00+00:00,0.03532,0.03621,0.03506,0.03601,178456479.0
2024-12-27 04:00:00+00:00,0.03601,0.03648,0.03509,0.03548,392986131.0
2024-12-27 08:00:00+00:00,0.03548,0.03801,0.03547,0.03739,570466036.0
2024-12-27 12:00:00+00:00,0.03739,0.03761,0.03527,0.03558,517179535.0
2024-12-27 16:00:00+00:00,0.03558,0.03637,0.03497,0.03576,283258151.0
2024-12-27 20:00:00+00:00,0.03576,0.03585,0.03449,0.0349,323001876.0
2024-12-28 00:00:00+00:00,0.0349,0.03512,0.03426,0.03472,198532388.0
2024-12-28 04:00:00+00:00,0.03472,0.03505,0.03428,0.03432,171005824.0
2024-12-28 08:00:00+00:00,0.03432,0.03496,0.0343,0.0348,176052559.0
2024-12-28 12:00:00+00:00,0.0348,0.036,0.03439,0.03529,385041773.0
2024-12-28 16:00:00+00:00,0.03529,0.03635,0.03509,0.03597,217742313.0
2024-12-28 20:00:00+00:00,0.03597,0.03785,0.03582,0.03674,268466137.0
2024-12-29 00:00:00+00:00,0.03674,0.0373,0.03635,0.03703,237367131.0
2024-12-29 04:00:00+00:00,0.03703,0.03723,0.03615,0.03698,1732159785.0
2024-12-29 08:00:00+00:00,0.03698,0.03698,0.0359,0.03594,965172153.0
2024-12-29 12:00:00+00:00,0.03594,0.03616,0.03521,0.03544,290559859.0
2024-12-29 16:00:00+00:00,0.03544,0.03547,0.03472,0.03499,188162076.0
2024-12-29 20:00:00+00:00,0.03499,0.03523,0.03437,0.03472,207197295.0
2024-12-30 00:00:00+00:00,0.03472,0.03611,0.03452,0.03544,257202448.0
2024-12-30 04:00:00+00:00,0.03544,0.03602,0.03502,0.03535,277293568.0
2024-12-30 08:00:00+00:00,0.03535,0.03578,0.03468,0.03517,255582921.0
2024-12-30 12:00:00+00:00,0.03517,0.03605,0.03339,0.03372,761314561.0
2024-12-30 16:00:00+00:00,0.03372,0.03548,0.03315,0.03539,428222635.0
2024-12-30 20:00:00+00:00,0.03539,0.03608,0.03397,0.03449,433291459.0
2024-12-31 00:00:00+00:00,0.03449,0.03449,0.03353,0.03378,189664482.0
2024-12-31 04:00:00+00:00,0.03378,0.03406,0.03341,0.03372,131825026.0
2024-12-31 08:00:00+00:00,0.03372,0.03507,0.03371,0.03466,235184782.0
2024-12-31 12:00:00+00:00,0.03466,0.03611,0.03464,0.03571,417946090.0
2024-12-31 16:00:00+00:00,0.03571,0.03593,0.03434,0.03473,307365160.0
2024-12-31 20:00:00+00:00,0.03473,0.03496,0.03418,0.03437,137798665.0
2025-01-01 00:00:00+00:00,0.03437,0.03526,0.03428,0.0346,186446357.0
2025-01-01 04:00:00+00:00,0.0346,0.03464,0.03424,0.03454,85911768.0
2025-01-01 08:00:00+00:00,0.03454,0.03483,0.03379,0.03449,231771293.0
2025-01-01 12:00:00+00:00,0.03449,0.03607,0.03441,0.03605,429574905.0
2025-01-01 16:00:00+00:00,0.03605,0.03759,0.03565,0.0373,497640478.0
2025-01-01 20:00:00+00:00,0.0373,0.03764,0.03693,0.03708,263120026.0
2025-01-02 00:00:00+00:00,0.03708,0.0381,0.03707,0.03752,255289144.0
2025-01-02 04:00:00+00:00,0.03752,0.03809,0.037,0.03747,212462353.0
2025-01-02 08:00:00+00:00,0.03747,0.03977,0.03734,0.03971,368673768.0
2025-01-02 12:00:00+00:00,0.03971,0.04004,0.03847,0.03887,570668346.0
2025-01-02 16:00:00+00:00,0.03887,0.03975,0.03872,0.03921,258505232.0
2025-01-02 20:00:00+00:00,0.03921,0.03948,0.03832,0.03918,219449784.0
2025-01-03 00:00:00+00:00,0.03918,0.0406,0.03914,0.04033,272094978.0
2025-01-03 04:00:00+00:00,0.04033,0.04033,0.03897,0.03923,190088983.0
2025-01-03 08:00:00+00:00,0.03923,0.04247,0.03908,0.04222,659832326.0
2025-01-03 12:00:00+00:00,0.04222,0.04412,0.04161,0.04394,565400078.0
2025-01-03 16:00:00+00:00,0.04394,0.04446,0.04331,0.04351,357607979.0
2025-01-03 20:00:00+00:00,0.04351,0.0436,0.04286,0.04342,211355306.0
2025-01-04 00:00:00+00:00,0.04342,0.04396,0.0428,0.04303,241963342.0
2025-01-04 04:00:00+00:00,0.04303,0.04314,0.04237,0.04299,180619109.0
2025-01-04 08:00:00+00:00,0.04299,0.04299,0.04184,0.04204,237270083.0
2025-01-04 12:00:00+00:00,0.04204,0.04391,0.04173,0.04194,502059798.0
2025-01-04 16:00:00+00:00,0.04194,0.04283,0.04184,0.04235,396570523.0
2025-01-04 20:00:00+00:00,0.04235,0.04271,0.04215,0.04243,121341077.0
2025-01-05 00:00:00+00:00,0.04243,0.04259,0.04156,0.04208,180163119.0
2025-01-05 04:00:00+00:00,0.04208,0.04241,0.04174,0.04203,94789750.0
2025-01-05 08:00:00+00:00,0.04203,0.04214,0.04092,0.04117,465996453.0
2025-01-05 12:00:00+00:00,0.04117,0.04174,0.0406,0.04157,252651155.0
2025-01-05 16:00:00+00:00,0.04157,0.04226,0.04117,0.04208,280586868.0
2025-01-05 20:00:00+00:00,0.04208,0.0424,0.04158,0.04186,353574862.0
2025-01-06 00:00:00+00:00,0.04186,0.04329,0.04113,0.04266,490605307.0
2025-01-06 04:00:00+00:00,0.04266,0.04287,0.04173,0.04199,203384200.0
2025-01-06 08:00:00+00:00,0.04199,0.04289,0.04152,0.04254,286096416.0
2025-01-06 12:00:00+00:00,0.04254,0.04392,0.04179,0.04374,479926758.0
2025-01-06 16:00:00+00:00,0.04374,0.04454,0.04279,0.04384,451442258.0
2025-01-06 20:00:00+00:00,0.04384,0.04408,0.04218,0.04278,372179324.0
2025-01-07 00:00:00+00:00,0.04278,0.04315,0.04188,0.0422,235735961.0
2025-01-07 04:00:00+00:00,0.0422,0.04271,0.04169,0.04249,156156196.0
2025-01-07 08:00:00+00:00,0.04249,0.04345,0.04136,0.04174,434239222.0
2025-01-07 12:00:00+00:00,0.04174,0.04268,0.03883,0.03947,1413435448.0
2025-01-07 16:00:00+00:00,0.03947,0.03989,0.03785,0.03802,692204854.0
2025-01-07 20:00:00+00:00,0.03802,0.0383,0.03713,0.03717,312381483.0
2025-01-08 00:00:00+00:00,0.03717,0.03784,0.03648,0.03685,309858808.0
2025-01-08 04:00:00+00:00,0.03685,0.03701,0.0353,0.03618,402106728.0
2025-01-08 08:00:00+00:00,0.03618,0.03654,0.03535,0.03558,384168923.0
2025-01-08 12:00:00+00:00,0.03558,0.03639,0.03527,0.03581,518747783.0
2025-01-08 16:00:00+00:00,0.03581,0.03586,0.03277,0.03426,1100450127.0
2025-01-08 20:00:00+00:00,0.03426,0.0351,0.03389,0.03467,405954797.0
2025-01-09 00:00:00+00:00,0.03467,0.0354,0.03442,0.03458,256384785.0
2025-01-09 04:00:00+00:00,0.03458,0.03475,0.03349,0.03362,249127932.0
2025-01-09 08:00:00+00:00,0.03362,0.03479,0.0335,0.03458,601166358.0
2025-01-09 12:00:00+00:00,0.03458,0.03519,0.03311,0.03476,821282727.0
2025-01-09 16:00:00+00:00,0.03476,0.03499,0.03313,0.03331,504896740.0
2025-01-09 20:00:00+00:00,0.03331,0.034,0.03271,0.03372,351800128.0
2025-01-10 00:00:00+00:00,0.03372,0.03429,0.03367,0.03412,207606490.0
2025-01-10 04:00:00+00:00,0.03412,0.03544,0.03394,0.03516,212115076.0
2025-01-10 08:00:00+00:00,0.03516,0.03562,0.03491,0.03535,314972860.0
2025-01-10 12:00:00+00:00,0.03535,0.0356,0.03334,0.03418,985649853.0
2025-01-10 16:00:00+00:00,0.03418,0.03616,0.03371,0.03568,612203475.0
2025-01-10 20:00:00+00:00,0.03568,0.03592,0.03516,0.03536,199139322.0
2025-01-11 00:00:00+00:00,0.03536,0.03582,0.03501,0.0352,186811638.0
2025-01-11 04:00:00+00:00,0.0352,0.03579,0.03499,0.03534,153131582.0
2025-01-11 08:00:00+00:00,0.03534,0.0363,0.03505,0.03611,314910398.0
2025-01-11 12:00:00+00:00,0.03611,0.03614,0.03506,0.03522,261826493.0
2025-01-11 16:00:00+00:00,0.03522,0.03554,0.03486,0.03524,218697675.0
2025-01-11 20:00:00+00:00,0.03524,0.03707,0.03511,0.03631,327915727.0
2025-01-12 00:00:00+00:00,0.03631,0.03652,0.03571,0.03594,199201193.0
2025-01-12 04:00:00+00:00,0.03594,0.03608,0.03527,0.03567,121201603.0
2025-01-12 08:00:00+00:00,0.03567,0.03577,0.03502,0.03554,193294325.0
2025-01-12 12:00:00+00:00,0.03554,0.03591,0.03526,0.0357,192982723.0
2025-01-12 16:00:00+00:00,0.0357,0.03584,0.03497,0.03506,228262675.0
2025-01-12 20:00:00+00:00,0.03506,0.03521,0.0341,0.03474,153725570.0
2025-01-13 00:00:00+00:00,0.03474,0.03598,0.0335,0.03356,329983880.0
2025-01-13 04:00:00+00:00,0.03356,0.03424,0.0328,0.03316,238394234.0
2025-01-13 08:00:00+00:00,0.03316,0.03326,0.0308,0.03085,832236035.0
2025-01-13 12:00:00+00:00,0.03085,0.03287,0.03031,0.03228,1245217545.0
2025-01-13 16:00:00+00:00,0.03228,0.03254,0.03131,0.03181,426609417.0
2025-01-13 20:00:00+00:00,0.03181,0.03429,0.0316,0.03347,581859933.0
2025-01-14 00:00:00+00:00,0.03347,0.03416,0.0334,0.03372,300102244.0
2025-01-14 04:00:00+00:00,0.03372,0.03439,0.03364,0.03367,151111623.0
2025-01-14 08:00:00+00:00,0.03367,0.03497,0.03362,0.03421,415944932.0
2025-01-14 12:00:00+00:00,0.03421,0.03526,0.03381,0.03486,378839248.0
2025-01-14 16:00:00+00:00,0.03486,0.03538,0.0344,0.03501,258072682.0
2025-01-14 20:00:00+00:00,0.03501,0.03726,0.03474,0.03643,738513284.0
2025-01-15 00:00:00+00:00,0.03643,0.03668,0.03591,0.03638,300910223.0
2025-01-15 04:00:00+00:00,0.03638,0.03704,0.0358,0.03677,154828925.0
2025-01-15 08:00:00+00:00,0.03677,0.0374,0.03549,0.03601,388751652.0
2025-01-15 12:00:00+00:00,0.03601,0.03895,0.03566,0.0387,834237451.0
2025-01-15 16:00:00+00:00,0.0387,0.03953,0.03801,0.03857,360464935.0
2025-01-15 20:00:00+00:00,0.03857,0.03919,0.03808,0.0391,257290130.0
2025-01-16 00:00:00+00:00,0.0391,0.03922,0.03793,0.03848,290773683.0
2025-01-16 04:00:00+00:00,0.03848,0.0392,0.03831,0.03917,174177708.0
2025-01-16 08:00:00+00:00,0.03917,0.03949,0.03814,0.03908,486671929.0
2025-01-16 12:00:00+00:00,0.03908,0.0406,0.03776,0.03924,1022304207.0
2025-01-16 16:00:00+00:00,0.03924,0.0399,0.03901,0.0398,340827919.0
2025-01-16 20:00:00+00:00,0.0398,0.03996,0.03817,0.03852,261947892.0
2025-01-17 00:00:00+00:00,0.03852,0.04044,0.03851,0.03961,291531785.0
2025-01-17 04:00:00+00:00,0.03961,0.04167,0.03941,0.04096,456958149.0
2025-01-17 08:00:00+00:00,0.04096,0.04134,0.04044,0.0406,294151755.0
2025-01-17 12:00:00+00:00,0.0406,0.04157,0.04003,0.04041,649317730.0
2025-01-17 16:00:00+00:00,0.04041,0.04163,0.04024,0.04064,300240601.0
2025-01-17 20:00:00+00:00,0.04064,0.04235,0.04064,0.04116,311777652.0
2025-01-18 00:00:00+00:00,0.04116,0.04178,0.03895,0.03914,346168734.0
2025-01-18 04:00:00+00:00,0.03914,0.03939,0.03713,0.03745,546826322.0
2025-01-18 08:00:00+00:00,0.03745,0.03752,0.03639,0.03736,483164220.0
2025-01-18 12:00:00+00:00,0.03736,0.03798,0.03679,0.03704,388191327.0
2025-01-18 16:00:00+00:00,0.03704,0.03723,0.03611,0.0369,442889333.0
2025-01-18 20:00:00+00:00,0.0369,0.03748,0.03626,0.03735,225518622.0
2025-01-19 00:00:00+00:00,0.03735,0.03877,0.03726,0.0378,424330557.0
2025-01-19 04:00:00+00:00,0.0378,0.03784,0.0366,0.03682,477571546.0
2025-01-19 08:00:00+00:00,0.03682,0.03682,0.03392,0.03426,885525303.0
2025-01-19 12:00:00+00:00,0.03426,0.03736,0.03417,0.03695,694317189.0
2025-01-19 16:00:00+00:00,0.03695,0.03792,0.03664,0.03756,389011143.0
2025-01-19 20:00:00+00:00,0.03756,0.03782,0.03236,0.03324,1508023356.0
2025-01-20 00:00:00+00:00,0.03324,0.03333,0.03168,0.03297,1107464819.0
2025-01-20 04:00:00+00:00,0.03297,0.03676,0.03231,0.03593,967117371.0
2025-01-20 08:00:00+00:00,0.03593,0.03633,0.03433,0.03513,339595861.0
2025-01-20 12:00:00+00:00,0.03513,0.03517,0.03335,0.03377,502785538.0
2025-01-20 16:00:00+00:00,0.03377,0.03473,0.03157,0.03343,1350706380.0
2025-01-20 20:00:00+00:00,0.03343,0.0338,0.03224,0.03273,262526540.0
2025-01-21 00:00:00+00:00,0.03273,0.03286,0.0314,0.03203,311712071.0
2025-01-21 04:00:00+00:00,0.03203,0.03228,0.03097,0.03208,287769244.0
2025-01-21 08:00:00+00:00,0.03208,0.03352,0.03175,0.03323,412958350.0
2025-01-21 12:00:00+00:00,0.03323,0.03377,0.03276,0.03333,387356834.0
2025-01-21 16:00:00+00:00,0.03333,0.03522,0.03324,0.03457,602466797.0
2025-01-21 20:00:00+00:00,0.03457,0.03472,0.03369,0.03411,209708323.0
2025-01-22 00:00:00+00:00,0.03411,0.03435,0.03333,0.0341,206936468.0
2025-01-22 04:00:00+00:00,0.0341,0.03439,0.03367,0.03425,148657163.0
2025-01-22 08:00:00+00:00,0.03425,0.03494,0.03375,0.03441,279598911.0
2025-01-22 12:00:00+00:00,0.03441,0.03477,0.03318,0.0335,416196331.0
2025-01-22 16:00:00+00:00,0.0335,0.03395,0.03284,0.03328,253760249.0
2025-01-22 20:00:00+00:00,0.03328,0.03356,0.03265,0.03291,201722244.0
2025-01-23 00:00:00+00:00,0.03291,0.03302,0.03195,0.03236,283391537.0
2025-01-23 04:00:00+00:00,0.03236,0.03291,0.03186,0.03289,185243975.0
2025-01-23 08:00:00+00:00,0.03289,0.03316,0.0323,0.03253,205649826.0
2025-01-23 12:00:00+00:00,0.03253,0.03339,0.03189,0.03316,602548013.0
2025-01-23 16:00:00+00:00,0.03316,0.03389,0.03181,0.03206,579075803.0
2025-01-23 20:00:00+00:00,0.03206,0.03335,0.03187,0.03294,745543516.0
2025-01-24 00:00:00+00:00,0.03294,0.0331,0.03145,0.03204,299175452.0
2025-01-24 04:00:00+00:00,0.03204,0.03358,0.03183,0.03311,256051103.0
2025-01-24 08:00:00+00:00,0.03311,0.03418,0.033,0.03381,381906344.0
2025-01-24 12:00:00+00:00,0.03381,0.0342,0.03314,0.03353,331375095.0
2025-01-24 16:00:00+00:00,0.03353,0.03375,0.03308,0.03333,152057020.0
2025-01-24 20:00:00+00:00,0.03333,0.03346,0.03226,0.03249,241593971.0
2025-01-25 00:00:00+00:00,0.03249,0.03282,0.03175,0.03274,246684799.0
2025-01-25 04:00:00+00:00,0.03274,0.03274,0.03206,0.03213,110637535.0
2025-01-25 08:00:00+00:00,0.03213,0.03229,0.03172,0.03221,161967299.0
2025-01-25 12:00:00+00:00,0.03221,0.03248,0.03182,0.03226,141553142.0
2025-01-25 16:00:00+00:00,0.03226,0.03262,0.03203,0.03248,145261696.0
2025-01-25 20:00:00+00:00,0.03248,0.03277,0.03215,0.03225,100133256.0
2025-01-26 00:00:00+00:00,0.03225,0.03292,0.03207,0.03273,94431435.0
2025-01-26 04:00:00+00:00,0.03273,0.03309,0.03261,0.03283,79389230.0
2025-01-26 08:00:00+00:00,0.03283,0.03299,0.0322,0.0327,128315028.0
2025-01-26 12:00:00+00:00,0.0327,0.03282,0.03249,0.03266,92867954.0
2025-01-26 16:00:00+00:00,0.03266,0.03298,0.0324,0.03283,100711054.0
2025-01-26 20:00:00+00:00,0.03283,0.03289,0.03063,0.03076,453306029.0
2025-01-27 00:00:00+00:00,0.03076,0.03083,0.02887,0.02954,1022475234.0
2025-01-27 04:00:00+00:00,0.02954,0.02954,0.02684,0.02788,1093352858.0
2025-01-27 08:00:00+00:00,0.02788,0.02815,0.02717,0.02761,515632459.0
2025-01-27 12:00:00+00:00,0.02761,0.03005,0.02757,0.02969,513484578.0
2025-01-27 16:00:00+00:00,0.02969,0.02995,0.02843,0.02882,613407847.0
2025-01-27 20:00:00+00:00,0.02882,0.03102,0.02881,0.0303,500855163.0
2025-01-28 00:00:00+00:00,0.0303,0.0308,0.02983,0.03065,185368176.0
2025-01-28 04:00:00+00:00,0.03065,0.03117,0.03022,0.03039,333318751.0
2025-01-28 08:00:00+00:00,0.03039,0.03046,0.02955,0.02973,371293941.0
2025-01-28 12:00:00+00:00,0.02973,0.02988,0.02879,0.02927,542530016.0
2025-01-28 16:00:00+00:00,0.02927,0.0293,0.02818,0.02863,402606471.0
2025-01-28 20:00:00+00:00,0.02863,0.02872,0.02699,0.02733,517192930.0
2025-01-29 00:00:00+00:00,0.02733,0.02872,0.02723,0.02844,380087717.0
2025-01-29 04:00:00+00:00,0.02844,0.02933,0.02824,0.02927,285839866.0
2025-01-29 08:00:00+00:00,0.02927,0.02948,0.02836,0.02904,481383407.0
2025-01-29 12:00:00+00:00,0.02904,0.02914,0.02804,0.02842,421012199.0
2025-01-29 16:00:00+00:00,0.02842,0.02976,0.02757,0.02934,723652686.0
2025-01-29 20:00:00+00:00,0.02934,0.0302,0.02878,0.02896,605209672.0
2025-01-30 00:00:00+00:00,0.02896,0.03021,0.02861,0.03013,226953667.0
2025-01-30 04:00:00+00:00,0.03013,0.03037,0.02974,0.03,139557873.0
2025-01-30 08:00:00+00:00,0.03,0.03048,0.02968,0.03039,305891698.0
2025-01-30 12:00:00+00:00,0.03039,0.03194,0.03001,0.03149,466077408.0
2025-01-30 16:00:00+00:00,0.03149,0.03191,0.03122,0.03162,298919253.0
2025-01-30 20:00:00+00:00,0.03162,0.03177,0.031,0.03101,168734945.0
2025-01-31 00:00:00+00:00,0.03101,0.0312,0.03028,0.03057,208488253.0
2025-01-31 04:00:00+00:00,0.03057,0.03143,0.0302,0.031,199873258.0
2025-01-31 08:00:00+00:00,0.031,0.03224,0.0306,0.03209,413238499.0
2025-01-31 12:00:00+00:00,0.03209,0.03431,0.0318,0.034,731848580.0
2025-01-31 16:00:00+00:00,0.034,0.03421,0.03196,0.032,746842523.0
2025-01-31 20:00:00+00:00,0.032,0.03207,0.03118,0.03188,336613427.0
2025-02-01 00:00:00+00:00,0.03188,0.03235,0.03154,0.03185,182954038.0
2025-02-01 04:00:00+00:00,0.03185,0.03257,0.03167,0.032,190001621.0
2025-02-01 08:00:00+00:00,0.032,0.03223,0.03076,0.03137,292353826.0
2025-02-01 12:00:00+00:00,0.03137,0.03147,0.03008,0.03048,325424741.0
2025-02-01 16:00:00+00:00,0.03048,0.03073,0.02918,0.02934,328382834.0
2025-02-01 20:00:00+00:00,0.02934,0.02938,0.02802,0.02817,435509823.0
2025-02-02 00:00:00+00:00,0.02817,0.02887,0.02727,0.0274,373091821.0
2025-02-02 04:00:00+00:00,0.0274,0.02846,0.02731,0.02803,214370171.0
2025-02-02 08:00:00+00:00,0.02803,0.0285,0.02721,0.02735,233277339.0
2025-02-02 12:00:00+00:00,0.02735,0.02804,0.02708,0.02749,315883541.0
2025-02-02 16:00:00+00:00,0.02749,0.0275,0.02372,0.02497,1629932034.0
2025-02-02 20:00:00+00:00,0.02497,0.02544,0.02228,0.02387,1052209718.0
2025-02-03 00:00:00+00:00,0.02387,0.02389,0.01684,0.01957,4825039340.0
2025-02-03 04:00:00+00:00,0.01957,0.02172,0.01875,0.0217,1040454018.0
2025-02-03 08:00:00+00:00,0.0217,0.02188,0.02062,0.02125,881200549.0
2025-02-03 12:00:00+00:00,0.02125,0.02299,0.02017,0.02264,2299223544.0
2025-02-03 16:00:00+00:00,0.02264,0.02429,0.02243,0.02428,898836489.0
2025-02-03 20:00:00+00:00,0.02428,0.0249,0.02335,0.02443,422010177.0
2025-02-04 00:00:00+00:00,0.02443,0.02463,0.02317,0.02345,468815480.0
2025-02-04 04:00:00+00:00,0.02345,0.02373,0.02107,0.02119,1154093933.0
2025-02-04 08:00:00+00:00,0.02119,0.02242,0.02101,0.02208,774243321.0
2025-02-04 12:00:00+00:00,0.02208,0.02333,0.02208,0.02253,1203836717.0
2025-02-04 16:00:00+00:00,0.02253,0.02365,0.02223,0.02251,1375194953.0
2025-02-04 20:00:00+00:00,0.02251,0.02277,0.02147,0.02244,1127420930.0
2025-02-05 00:00:00+00:00,0.02244,0.02328,0.02225,0.02293,461059292.0
2025-02-05 04:00:00+00:00,0.02293,0.02343,0.02265,0.02302,351254145.0
2025-02-05 08:00:00+00:00,0.02302,0.02354,0.02266,0.02337,350641612.0
2025-02-05 12:00:00+00:00,0.02337,0.02403,0.02324,0.0236,524039712.0
2025-02-05 16:00:00+00:00,0.0236,0.02377,0.0224,0.02312,1097472994.0
2025-02-05 20:00:00+00:00,0.02312,0.02327,0.02211,0.02251,397387992.0
2025-02-06 00:00:00+00:00,0.02251,0.02323,0.0224,0.02291,207888990.0
2025-02-06 04:00:00+00:00,0.02291,0.02318,0.02265,0.02281,2782094983.0
2025-02-06 08:00:00+00:00,0.02281,0.02291,0.02212,0.02241,325138513.0
2025-02-06 12:00:00+00:00,0.02241,0.02255,0.02075,0.02094,775969184.0
2025-02-06 16:00:00+00:00,0.02094,0.02135,0.0206,0.02076,870371734.0
2025-02-06 20:00:00+00:00,0.02076,0.02128,0.02062,0.02083,395051333.0
2025-02-07 00:00:00+00:00,0.02083,0.02167,0.02079,0.02145,351142460.0
2025-02-07 04:00:00+00:00,0.02145,0.02169,0.02095,0.02135,1814144532.0
2025-02-07 08:00:00+00:00,0.02135,0.02211,0.02123,0.02204,442911562.0
2025-02-07 12:00:00+00:00,0.02204,0.02318,0.02173,0.02257,935671926.0
2025-02-07 16:00:00+00:00,0.02257,0.02258,0.02164,0.02181,695987820.0
2025-02-07 20:00:00+00:00,0.02181,0.02183,0.02036,0.02118,574588716.0
2025-02-08 00:00:00+00:00,0.02118,0.02152,0.02088,0.02098,281930478.0
2025-02-08 04:00:00+00:00,0.02098,0.02131,0.02067,0.02111,1372682042.0
2025-02-08 08:00:00+00:00,0.02111,0.02117,0.02064,0.02085,483070945.0
2025-02-08 12:00:00+00:00,0.02085,0.02161,0.02073,0.02136,412462132.0
2025-02-08 16:00:00+00:00,0.02136,0.02226,0.02117,0.0221,508899316.0
2025-02-08 20:00:00+00:00,0.0221,0.0223,0.02186,0.02206,195439600.0
2025-02-09 00:00:00+00:00,0.02206,0.02263,0.02184,0.02249,1442701531.0
2025-02-09 04:00:00+00:00,0.02249,0.0225,0.02193,0.02234,599723253.0
2025-02-09 08:00:00+00:00,0.02234,0.02262,0.02218,0.02223,731479603.0
2025-02-09 12:00:00+00:00,0.02223,0.02246,0.02159,0.02201,357932220.0
2025-02-09 16:00:00+00:00,0.02201,0.02223,0.02163,0.02174,209283511.0
2025-02-09 20:00:00+00:00,0.02174,0.02205,0.02048,0.02179,557465851.0
2025-02-10 00:00:00+00:00,0.02179,0.02237,0.021,0.02191,474836286.0
2025-02-10 04:00:00+00:00,0.02191,0.02287,0.02175,0.02239,381603613.0
2025-02-10 08:00:00+00:00,0.02239,0.02297,0.02227,0.02276,308790433.0
2025-02-10 12:00:00+00:00,0.02276,0.02313,0.02236,0.02258,356895435.0
2025-02-10 16:00:00+00:00,0.02258,0.02305,0.02251,0.02282,242759331.0
2025-02-10 20:00:00+00:00,0.02282,0.02329,0.02278,0.02305,265650509.0
2025-02-11 00:00:00+00:00,0.02305,0.02348,0.02288,0.02329,218111255.0
2025-02-11 04:00:00+00:00,0.02329,0.02465,0.0232,0.02425,934544589.0
2025-02-11 08:00:00+00:00,0.02425,0.0245,0.02363,0.02396,439899278.0
2025-02-11 12:00:00+00:00,0.02396,0.02401,0.02314,0.0235,441170937.0
2025-02-11 16:00:00+00:00,0.0235,0.02363,0.02213,0.0223,540565118.0
2025-02-11 20:00:00+00:00,0.0223,0.02291,0.02224,0.02269,284643019.0
2025-02-12 00:00:00+00:00,0.02269,0.02305,0.02242,0.02263,254079709.0
2025-02-12 04:00:00+00:00,0.02263,0.02275,0.02223,0.02245,208998366.0
2025-02-12 08:00:00+00:00,0.02245,0.02277,0.02236,0.02258,300659276.0
2025-02-12 12:00:00+00:00,0.02258,0.02322,0.02145,0.02258,1574040867.0
2025-02-12 16:00:00+00:00,0.02258,0.02369,0.02229,0.02351,543534778.0
2025-02-12 20:00:00+00:00,0.02351,0.02446,0.02335,0.02412,341588443.0
2025-02-13 00:00:00+00:00,0.02412,0.02479,0.02392,0.02418,216489406.0
2025-02-13 04:00:00+00:00,0.02418,0.02422,0.02313,0.02326,304692884.0
2025-02-13 08:00:00+00:00,0.02326,0.02371,0.02282,0.02327,332921542.0
2025-02-13 12:00:00+00:00,0.02327,0.02343,0.02271,0.02314,400441720.0
2025-02-13 16:00:00+00:00,0.02314,0.02336,0.0227,0.02307,356074280.0
2025-02-13 20:00:00+00:00,0.02307,0.02336,0.02291,0.02329,132942894.0
2025-02-14 00:00:00+00:00,0.02329,0.02378,0.02296,0.02371,178569038.0
2025-02-14 04:00:00+00:00,0.02371,0.02376,0.0231,0.0233,242810741.0
2025-02-14 08:00:00+00:00,0.0233,0.02415,0.02324,0.02369,314058431.0
2025-02-14 12:00:00+00:00,0.02369,0.02441,0.02343,0.02425,450232124.0
2025-02-14 16:00:00+00:00,0.02425,0.0252,0.02394,0.02481,558921193.0
2025-02-14 20:00:00+00:00,0.02481,0.02489,0.02378,0.02433,313146072.0
2025-02-15 00:00:00+00:00,0.02433,0.02476,0.02396,0.0247,174862524.0
2025-02-15 04:00:00+00:00,0.0247,0.02489,0.02431,0.02455,203525859.0
2025-02-15 08:00:00+00:00,0.02455,0.02497,0.02401,0.02425,240730158.0
2025-02-15 12:00:00+00:00,0.02425,0.02456,0.02373,0.02388,290863118.0
2025-02-15 16:00:00+00:00,0.02388,0.02417,0.02364,0.02381,258163294.0
2025-02-15 20:00:00+00:00,0.02381,0.02394,0.02344,0.0237,164119848.0
2025-02-16 00:00:00+00:00,0.0237,0.02391,0.02301,0.02332,231182913.0
2025-02-16 04:00:00+00:00,0.02332,0.02362,0.02308,0.02313,142037636.0
2025-02-16 08:00:00+00:00,0.02313,0.0236,0.02297,0.0236,222185871.0
2025-02-16 12:00:00+00:00,0.0236,0.02366,0.02249,0.0227,451025958.0
2025-02-16 16:00:00+00:00,0.0227,0.02294,0.02219,0.0225,388654725.0
2025-02-16 20:00:00+00:00,0.0225,0.02262,0.02214,0.02239,268252841.0
2025-02-17 00:00:00+00:00,0.02239,0.02292,0.02233,0.02254,227985608.0
2025-02-17 04:00:00+00:00,0.02254,0.02257,0.02181,0.02223,307896003.0
2025-02-17 08:00:00+00:00,0.02223,0.02319,0.0221,0.02285,256561668.0
2025-02-17 12:00:00+00:00,0.02285,0.02346,0.02242,0.02249,443403442.0
2025-02-17 16:00:00+00:00,0.02249,0.02271,0.02166,0.02212,484534645.0
2025-02-17 20:00:00+00:00,0.02212,0.02272,0.02206,0.02248,221493421.0
2025-02-18 00:00:00+00:00,0.02248,0.02262,0.02218,0.02241,160756394.0
2025-02-18 04:00:00+00:00,0.02241,0.02248,0.02117,0.02156,438440694.0
2025-02-18 08:00:00+00:00,0.02156,0.02203,0.0213,0.02165,279821264.0
2025-02-18 12:00:00+00:00,0.02165,0.02239,0.02111,0.02131,502353048.0
2025-02-18 16:00:00+00:00,0.02131,0.02155,0.02075,0.0213,691342436.0
2025-02-18 20:00:00+00:00,0.0213,0.02197,0.02106,0.02193,280817724.0
2025-02-19 00:00:00+00:00,0.02193,0.02208,0.02159,0.02175,166492213.0
2025-02-19 04:00:00+00:00,0.02175,0.02202,0.02128,0.02193,183530094.0
2025-02-19 08:00:00+00:00,0.02193,0.02229,0.0218,0.02222,343673684.0
2025-02-19 12:00:00+00:00,0.02222,0.02231,0.02169,0.02191,289906944.0
2025-02-19 16:00:00+00:00,0.02191,0.02239,0.02188,0.0222,292319704.0
2025-02-19 20:00:00+00:00,0.0222,0.02237,0.02184,0.02217,168629315.0
2025-02-20 00:00:00+00:00,0.02217,0.02256,0.02207,0.02246,175960610.0
2025-02-20 04:00:00+00:00,0.02246,0.02269,0.02211,0.02217,258310101.0
2025-02-20 08:00:00+00:00,0.02217,0.02247,0.02199,0.02232,198596063.0
2025-02-20 12:00:00+00:00,0.02232,0.02263,0.02199,0.02202,312233001.0
2025-02-20 16:00:00+00:00,0.02202,0.02296,0.02198,0.02284,263168305.0
2025-02-20 20:00:00+00:00,0.02284,0.02301,0.02262,0.02292,187429609.0
2025-02-21 00:00:00+00:00,0.02292,0.02306,0.02274,0.02291,166658846.0
2025-02-21 04:00:00+00:00,0.02291,0.02367,0.02289,0.0235,177256176.0
2025-02-21 08:00:00+00:00,0.0235,0.02455,0.02338,0.02414,362837279.0
2025-02-21 12:00:00+00:00,0.02414,0.02458,0.02311,0.02358,419913556.0
2025-02-21 16:00:00+00:00,0.02358,0.02404,0.02202,0.02214,647050595.0
2025-02-21 20:00:00+00:00,0.02214,0.02251,0.02198,0.02226,232477897.0
2025-02-22 00:00:00+00:00,0.02226,0.02264,0.02205,0.02246,159672729.0
2025-02-22 04:00:00+00:00,0.02246,0.02321,0.02241,0.02313,73848248.0
2025-02-22 08:00:00+00:00,0.02313,0.02342,0.02297,0.02315,132054942.0
2025-02-22 12:00:00+00:00,0.02315,0.02324,0.0228,0.02315,131880258.0
2025-02-22 16:00:00+00:00,0.02315,0.02341,0.02298,0.02321,182779449.0
2025-02-22 20:00:00+00:00,0.02321,0.02323,0.02288,0.02308,67360529.0
2025-02-23 00:00:00+00:00,0.02308,0.02309,0.02275,0.02294,78189223.0
2025-02-23 04:00:00+00:00,0.02294,0.02332,0.0228,0.02325,86019433.0
2025-02-23 08:00:00+00:00,0.02325,0.02326,0.02277,0.02287,102234235.0
2025-02-23 12:00:00+00:00,0.02287,0.02292,0.02222,0.02226,215950039.0
2025-02-23 16:00:00+00:00,0.02226,0.02251,0.02215,0.02225,128124350.0
2025-02-23 20:00:00+00:00,0.02225,0.02244,0.022,0.0223,190215461.0
2025-02-24 00:00:00+00:00,0.0223,0.02251,0.02126,0.02131,339895449.0
2025-02-24 04:00:00+00:00,0.02131,0.02141,0.02086,0.02131,368483540.0
2025-02-24 08:00:00+00:00,0.02131,0.02135,0.02079,0.02123,243830972.0
2025-02-24 12:00:00+00:00,0.02123,0.02127,0.02027,0.02049,418812511.0
2025-02-24 16:00:00+00:00,0.02049,0.02073,0.01973,0.01991,460972400.0
2025-02-24 20:00:00+00:00,0.01991,0.0204,0.01819,0.01876,1213436278.0
2025-02-25 00:00:00+00:00,0.01876,0.01924,0.01802,0.01884,535555207.0
2025-02-25 04:00:00+00:00,0.01884,0.01915,0.01773,0.01846,983797018.0
2025-02-25 08:00:00+00:00,0.01846,0.01949,0.01826,0.01939,736220447.0
2025-02-25 12:00:00+00:00,0.01939,0.01974,0.01867,0.01929,696654960.0
2025-02-25 16:00:00+00:00,0.01929,0.01974,0.01906,0.01973,438096522.0
2025-02-25 20:00:00+00:00,0.01973,0.02014,0.01959,0.01979,266358256.0
2025-02-26 00:00:00+00:00,0.01979,0.02016,0.01953,0.01994,212551365.0
2025-02-26 04:00:00+00:00,0.01994,0.02013,0.01962,0.01982,191348404.0
2025-02-26 08:00:00+00:00,0.01982,0.02004,0.01951,0.01969,219452429.0
2025-02-26 12:00:00+00:00,0.01969,0.02013,0.01912,0.0199,429507408.0
2025-02-26 16:00:00+00:00,0.0199,0.02002,0.0188,0.01912,651645781.0
2025-02-26 20:00:00+00:00,0.01912,0.02009,0.0189,0.01973,388358833.0
2025-02-27 00:00:00+00:00,0.01973,0.02007,0.0195,0.01999,199225824.0
2025-02-27 04:00:00+00:00,0.01999,0.02034,0.0198,0.02022,172649645.0
2025-02-27 08:00:00+00:00,0.02022,0.02044,0.02004,0.02018,185034378.0
2025-02-27 12:00:00+00:00,0.02018,0.02031,0.01975,0.02005,314925114.0
2025-02-27 16:00:00+00:00,0.02005,0.0202,0.01963,0.01972,244745047.0
2025-02-27 20:00:00+00:00,0.01972,0.01997,0.01933,0.01991,317237107.0
2025-02-28 00:00:00+00:00,0.01991,0.01998,0.01814,0.01821,932738898.0
2025-02-28 04:00:00+00:00,0.01821,0.01839,0.01784,0.01805,507714127.0
2025-02-28 08:00:00+00:00,0.01805,0.01864,0.01778,0.01845,371305111.0
2025-02-28 12:00:00+00:00,0.01845,0.01971,0.01837,0.01957,618815807.0
2025-02-28 16:00:00+00:00,0.01957,0.02011,0.0194,0.01995,447825299.0
2025-02-28 20:00:00+00:00,0.01995,0.0201,0.01978,0.01997,243723470.0
2025-03-01 00:00:00+00:00,0.01997,0.02005,0.01964,0.01992,208026732.0
2025-03-01 04:00:00+00:00,0.01992,0.0201,0.01957,0.01965,299450458.0
2025-03-01 08:00:00+00:00,0.01965,0.01983,0.01905,0.01916,185939522.0
2025-03-01 12:00:00+00:00,0.01916,0.01922,0.01878,0.01912,279875008.0
2025-03-01 16:00:00+00:00,0.01912,0.01936,0.01899,0.01925,194015182.0
2025-03-01 20:00:00+00:00,0.01925,0.01985,0.01914,0.01966,179029275.0
2025-03-02 00:00:00+00:00,0.01966,0.01982,0.0195,0.0197,126539595.0
2025-03-02 04:00:00+00:00,0.0197,0.01983,0.0195,0.01955,147005860.0
2025-03-02 08:00:00+00:00,0.01955,0.01977,0.01942,0.01962,242789434.0
2025-03-02 12:00:00+00:00,0.01962,0.02052,0.01912,0.01998,967553354.0
2025-03-02 16:00:00+00:00,0.01998,0.02247,0.01997,0.0219,1423278349.0
2025-03-02 20:00:00+00:00,0.0219,0.02224,0.02175,0.02219,258441728.0
2025-03-03 00:00:00+00:00,0.02219,0.02233,0.02117,0.02138,369420421.0
2025-03-03 04:00:00+00:00,0.02138,0.02159,0.02037,0.02096,369205401.0
2025-03-03 08:00:00+00:00,0.02096,0.02096,0.02015,0.02067,368554883.0
2025-03-03 12:00:00+00:00,0.02067,0.02098,0.01984,0.02012,678377065.0
2025-03-03 16:00:00+00:00,0.02012,0.02041,0.01815,0.01833,1583895370.0
2025-03-03 20:00:00+00:00,0.01833,0.01862,0.01798,0.01839,480229331.0
2025-03-04 00:00:00+00:00,0.01839,0.01855,0.01675,0.01747,1274354083.0
2025-03-04 04:00:00+00:00,0.01747,0.01794,0.0174,0.01763,309066926.0
2025-03-04 08:00:00+00:00,0.01763,0.01784,0.0174,0.01762,394964242.0
2025-03-04 12:00:00+00:00,0.01762,0.01812,0.01693,0.01743,1193618298.0
2025-03-04 16:00:00+00:00,0.01743,0.01784,0.01602,0.01777,1307431328.0
2025-03-04 20:00:00+00:00,0.01777,0.01803,0.01729,0.01769,344488936.0
2025-03-05 00:00:00+00:00,0.01769,0.01786,0.01743,0.01746,289230297.0
2025-03-05 04:00:00+00:00,0.01746,0.01784,0.01744,0.01777,201166668.0
2025-03-05 08:00:00+00:00,0.01777,0.01869,0.01772,0.01815,526269212.0
2025-03-05 12:00:00+00:00,0.01815,0.0183,0.01767,0.01788,445178809.0
2025-03-05 16:00:00+00:00,0.01788,0.0186,0.01761,0.01851,444159536.0
2025-03-05 20:00:00+00:00,0.01851,0.01898,0.01851,0.01879,298909032.0
2025-03-06 00:00:00+00:00,0.01879,0.01921,0.01854,0.01914,263367211.0
2025-03-06 04:00:00+00:00,0.01914,0.01959,0.01887,0.01894,303189249.0
2025-03-06 08:00:00+00:00,0.01894,0.01939,0.01894,0.01921,241115216.0
2025-03-06 12:00:00+00:00,0.01921,0.01934,0.01869,0.01922,338914012.0
2025-03-06 16:00:00+00:00,0.01922,0.01934,0.01828,0.01842,424524700.0
2025-03-06 20:00:00+00:00,0.01842,0.01896,0.0184,0.01852,229833323.0
2025-03-07 00:00:00+00:00,0.01852,0.01875,0.01736,0.01829,1132329344.0
2025-03-07 04:00:00+00:00,0.01829,0.01876,0.01822,0.01872,186395177.0
2025-03-07 08:00:00+00:00,0.01872,0.01929,0.01849,0.01906,327456873.0
2025-03-07 12:00:00+00:00,0.01906,0.01943,0.01874,0.01892,591754714.0
2025-03-07 16:00:00+00:00,0.01892,0.01942,0.01841,0.01916,485826889.0
2025-03-07 20:00:00+00:00,0.01916,0.01932,0.01828,0.01849,510399731.0
2025-03-08 00:00:00+00:00,0.01849,0.01861,0.01808,0.01836,248318286.0
2025-03-08 04:00:00+00:00,0.01836,0.01858,0.01797,0.01802,193412063.0
2025-03-08 08:00:00+00:00,0.01802,0.01811,0.01749,0.01762,293940693.0
2025-03-08 12:00:00+00:00,0.01762,0.01781,0.0175,0.01754,290379926.0
2025-03-08 16:00:00+00:00,0.01754,0.01788,0.01723,0.01778,323668433.0
2025-03-08 20:00:00+00:00,0.01778,0.01795,0.01746,0.01765,177890009.0
2025-03-09 00:00:00+00:00,0.01765,0.01774,0.01731,0.01746,157480685.0
2025-03-09 04:00:00+00:00,0.01746,0.01754,0.01721,0.0175,150705796.0
2025-03-09 08:00:00+00:00,0.0175,0.01752,0.01694,0.01698,347240472.0
2025-03-09 12:00:00+00:00,0.01698,0.01716,0.01632,0.01646,687308488.0
2025-03-09 16:00:00+00:00,0.01646,0.0166,0.01546,0.01594,989350611.0
2025-03-09 20:00:00+00:00,0.01594,0.0162,0.01562,0.01586,445607949.0
2025-03-10 00:00:00+00:00,0.01586,0.01644,0.01564,0.01617,408452826.0
2025-03-10 04:00:00+00:00,0.01617,0.01659,0.01616,0.01645,291613510.0
2025-03-10 08:00:00+00:00,0.01645,0.0173,0.01621,0.01707,691395633.0
2025-03-10 12:00:00+00:00,0.01707,0.01724,0.01602,0.01632,853846112.0
2025-03-10 16:00:00+00:00,0.01632,0.01641,0.01482,0.01551,1303698381.0
2025-03-10 20:00:00+00:00,0.01551,0.01562,0.01495,0.01499,513444049.0
2025-03-11 00:00:00+00:00,0.01499,0.01518,0.01384,0.0148,1425489747.0
2025-03-11 04:00:00+00:00,0.0148,0.01546,0.01475,0.0152,406356540.0
2025-03-11 08:00:00+00:00,0.0152,0.01561,0.01514,0.01547,383022768.0
2025-03-11 12:00:00+00:00,0.01547,0.01573,0.01478,0.01557,1113337671.0
2025-03-11 16:00:00+00:00,0.01557,0.01636,0.01532,0.01618,663794115.0
2025-03-11 20:00:00+00:00,0.01618,0.01623,0.01576,0.01583,223758922.0
2025-03-12 00:00:00+00:00,0.01583,0.01614,0.01545,0.01547,319690015.0
2025-03-12 04:00:00+00:00,0.01547,0.01601,0.01532,0.01593,324694147.0
2025-03-12 08:00:00+00:00,0.01593,0.0164,0.01587,0.01628,368606042.0
2025-03-12 12:00:00+00:00,0.01628,0.01688,0.01579,0.01621,832297163.0
2025-03-12 16:00:00+00:00,0.01621,0.0167,0.01616,0.01659,311168182.0
2025-03-12 20:00:00+00:00,0.01659,0.01671,0.01646,0.01662,177214953.0
2025-03-13 00:00:00+00:00,0.01662,0.01669,0.01637,0.01646,303269834.0
2025-03-13 04:00:00+00:00,0.01646,0.0165,0.01609,0.01624,279000492.0
2025-03-13 08:00:00+00:00,0.01624,0.01668,0.01611,0.01659,453513127.0
2025-03-13 12:00:00+00:00,0.01659,0.0169,0.01614,0.01627,682666673.0
2025-03-13 16:00:00+00:00,0.01627,0.01634,0.01574,0.01598,455734611.0
2025-03-13 20:00:00+00:00,0.01598,0.01639,0.01565,0.0162,317091229.0
2025-03-14 00:00:00+00:00,0.0162,0.01652,0.01614,0.0164,201444680.0
2025-03-14 04:00:00+00:00,0.0164,0.01654,0.01631,0.01642,188552881.0
2025-03-14 08:00:00+00:00,0.01642,0.0167,0.0164,0.0166,272220188.0
2025-03-14 12:00:00+00:00,0.0166,0.01703,0.01643,0.0168,458884536.0
2025-03-14 16:00:00+00:00,0.0168,0.01692,0.01663,0.01668,313117213.0
2025-03-14 20:00:00+00:00,0.01668,0.01676,0.01649,0.01656,142809333.0
2025-03-15 00:00:00+00:00,0.01656,0.01668,0.01639,0.01666,141677111.0
2025-03-15 04:00:00+00:00,0.01666,0.0168,0.0165,0.01657,120548005.0
2025-03-15 08:00:00+00:00,0.01657,0.01683,0.01651,0.01678,121403851.0
2025-03-15 12:00:00+00:00,0.01678,0.01695,0.01672,0.01678,155590688.0
2025-03-15 16:00:00+00:00,0.01678,0.01713,0.01674,0.01711,131579510.0
2025-03-15 20:00:00+00:00,0.01711,0.01726,0.01704,0.01712,133257897.0
2025-03-16 00:00:00+00:00,0.01712,0.01725,0.01685,0.01722,160814329.0
2025-03-16 04:00:00+00:00,0.01722,0.01736,0.01714,0.01725,142847330.0
2025-03-16 08:00:00+00:00,0.01725,0.01731,0.01645,0.01651,288666555.0
2025-03-16 12:00:00+00:00,0.01651,0.01669,0.01622,0.01652,337953126.0
2025-03-16 16:00:00+00:00,0.01652,0.01704,0.0162,0.01628,377117625.0
2025-03-16 20:00:00+00:00,0.01628,0.01637,0.01601,0.01626,216664674.0
2025-03-17 00:00:00+00:00,0.01626,0.01691,0.0162,0.0168,212180987.0
2025-03-17 04:00:00+00:00,0.0168,0.01688,0.01643,0.01684,203319778.0
2025-03-17 08:00:00+00:00,0.01684,0.01712,0.0167,0.01699,205306236.0
2025-03-17 12:00:00+00:00,0.01699,0.01735,0.0168,0.01711,538117494.0
2025-03-17 16:00:00+00:00,0.01711,0.01746,0.01695,0.01727,259602279.0
2025-03-17 20:00:00+00:00,0.01727,0.01759,0.0172,0.01726,238538344.0
2025-03-18 00:00:00+00:00,0.01726,0.01732,0.01675,0.01682,221024126.0
2025-03-18 04:00:00+00:00,0.01682,0.01695,0.0166,0.01685,239883260.0
2025-03-18 08:00:00+00:00,0.01685,0.01714,0.0167,0.01675,268050942.0
2025-03-18 12:00:00+00:00,0.01675,0.01696,0.0165,0.01654,489298949.0
2025-03-18 16:00:00+00:00,0.01654,0.01679,0.01635,0.01675,316651477.0
2025-03-18 20:00:00+00:00,0.01675,0.01732,0.01667,0.01731,197235835.0
2025-03-19 00:00:00+00:00,0.01731,0.01737,0.01708,0.01737,166169665.0
2025-03-19 04:00:00+00:00,0.01737,0.01741,0.017,0.01703,171551521.0
2025-03-19 08:00:00+00:00,0.01703,0.01753,0.01702,0.0175,440205522.0
2025-03-19 12:00:00+00:00,0.0175,0.01775,0.01728,0.01759,592375336.0
2025-03-19 16:00:00+00:00,0.01759,0.01782,0.0171,0.01757,757595843.0
2025-03-19 20:00:00+00:00,0.01757,0.01783,0.01744,0.01773,360021215.0
2025-03-20 00:00:00+00:00,0.01773,0.01779,0.01744,0.01747,187765202.0
2025-03-20 04:00:00+00:00,0.01747,0.01759,0.01733,0.01752,145999232.0
2025-03-20 08:00:00+00:00,0.01752,0.01765,0.01717,0.01724,264280918.0
2025-03-20 12:00:00+00:00,0.01724,0.01751,0.01715,0.01718,288463365.0
2025-03-20 16:00:00+00:00,0.01718,0.01728,0.01685,0.01723,450123882.0
2025-03-20 20:00:00+00:00,0.01723,0.01728,0.01698,0.01707,120859765.0
2025-03-21 00:00:00+00:00,0.01707,0.01725,0.01695,0.01697,289723720.0
2025-03-21 04:00:00+00:00,0.01697,0.01711,0.01678,0.01684,244417896.0
2025-03-21 08:00:00+00:00,0.01684,0.01692,0.01644,0.01653,362664658.0
2025-03-21 12:00:00+00:00,0.01653,0.01666,0.01639,0.01653,350636280.0
2025-03-21 16:00:00+00:00,0.01653,0.01691,0.01645,0.0168,329049108.0
2025-03-21 20:00:00+00:00,0.0168,0.01698,0.01659,0.01666,156566277.0
2025-03-22 00:00:00+00:00,0.01666,0.01691,0.01663,0.01688,83510666.0
2025-03-22 04:00:00+00:00,0.01688,0.01725,0.01687,0.01718,157141125.0
2025-03-22 08:00:00+00:00,0.01718,0.01751,0.01711,0.01724,189630757.0
2025-03-22 12:00:00+00:00,0.01724,0.01727,0.01692,0.01708,193403678.0
2025-03-22 16:00:00+00:00,0.01708,0.01736,0.01705,0.0173,154030169.0
2025-03-22 20:00:00+00:00,0.0173,0.01735,0.01702,0.01711,153602102.0
2025-03-23 00:00:00+00:00,0.01711,0.01738,0.01708,0.01737,156363059.0
2025-03-23 04:00:00+00:00,0.01737,0.01744,0.01712,0.01739,207026310.0
2025-03-23 08:00:00+00:00,0.01739,0.01751,0.01732,0.01737,210191586.0
2025-03-23 12:00:00+00:00,0.01737,0.01745,0.01716,0.01716,415538766.0
2025-03-23 16:00:00+00:00,0.01716,0.01723,0.01689,0.01713,180823465.0
2025-03-23 20:00:00+00:00,0.01713,0.01724,0.01694,0.01723,100986958.0
2025-03-24 00:00:00+00:00,0.01723,0.01761,0.01707,0.01755,254625426.0
2025-03-24 04:00:00+00:00,0.01755,0.01828,0.01755,0.01794,400386916.0
2025-03-24 08:00:00+00:00,0.01794,0.01826,0.01793,0.01805,177783718.0
2025-03-24 12:00:00+00:00,0.01805,0.01878,0.01799,0.01823,507949675.0
2025-03-24 16:00:00+00:00,0.01823,0.0183,0.01801,0.0182,298959610.0
2025-03-24 20:00:00+00:00,0.0182,0.01828,0.01799,0.01814,143477455.0
2025-03-25 00:00:00+00:00,0.01814,0.01839,0.01791,0.01799,272231180.0
2025-03-25 04:00:00+00:00,0.01799,0.01826,0.01792,0.0181,185760458.0
2025-03-25 08:00:00+00:00,0.0181,0.01837,0.01809,0.01832,215291160.0
2025-03-25 12:00:00+00:00,0.01832,0.01854,0.01819,0.01833,360634070.0
2025-03-25 16:00:00+00:00,0.01833,0.01866,0.01829,0.01848,165303435.0
2025-03-25 20:00:00+00:00,0.01848,0.01875,0.01844,0.01857,183566295.0
2025-03-26 00:00:00+00:00,0.01857,0.01871,0.01828,0.01836,166912317.0
2025-03-26 04:00:00+00:00,0.01836,0.01907,0.01827,0.01894,302225521.0
2025-03-26 08:00:00+00:00,0.01894,0.01911,0.01865,0.01899,223683396.0
2025-03-26 12:00:00+00:00,0.01899,0.01902,0.01821,0.01848,528092917.0
2025-03-26 16:00:00+00:00,0.01848,0.01862,0.01807,0.01827,319823496.0
2025-03-26 20:00:00+00:00,0.01827,0.01849,0.01808,0.01832,222878181.0
2025-03-27 00:00:00+00:00,0.01832,0.01887,0.01826,0.01886,198790300.0
2025-03-27 04:00:00+00:00,0.01886,0.019,0.01852,0.01856,271830255.0
2025-03-27 08:00:00+00:00,0.01856,0.01867,0.0182,0.01824,165546332.0
2025-03-27 12:00:00+00:00,0.01824,0.01866,0.01798,0.01847,346814222.0
2025-03-27 16:00:00+00:00,0.01847,0.01858,0.01822,0.01835,174646038.0
2025-03-27 20:00:00+00:00,0.01835,0.01852,0.01831,0.01832,101267826.0
2025-03-28 00:00:00+00:00,0.01832,0.0184,0.01791,0.01801,231998682.0
2025-03-28 04:00:00+00:00,0.01801,0.01802,0.01679,0.01688,1038231463.0
2025-03-28 08:00:00+00:00,0.01688,0.01702,0.01671,0.017,368389875.0
2025-03-28 12:00:00+00:00,0.017,0.01713,0.01663,0.01667,480615185.0
2025-03-28 16:00:00+00:00,0.01667,0.01675,0.01639,0.01645,275099195.0
2025-03-28 20:00:00+00:00,0.01645,0.01667,0.01624,0.01666,366378069.0
2025-03-29 00:00:00+00:00,0.01666,0.01677,0.01606,0.01639,235128217.0
2025-03-29 04:00:00+00:00,0.01639,0.01646,0.0157,0.01579,284595214.0
2025-03-29 08:00:00+00:00,0.01579,0.0159,0.01535,0.01549,508656341.0
2025-03-29 12:00:00+00:00,0.01549,0.0157,0.01538,0.01539,281857910.0
2025-03-29 16:00:00+00:00,0.01539,0.01544,0.01474,0.01514,941354012.0
2025-03-29 20:00:00+00:00,0.01514,0.01545,0.01497,0.01538,423278058.0
2025-03-30 00:00:00+00:00,0.01538,0.01579,0.01521,0.01559,359182703.0
2025-03-30 04:00:00+00:00,0.01559,0.01575,0.0155,0.01565,170897649.0
2025-03-30 08:00:00+00:00,0.01565,0.01591,0.01558,0.01566,183690127.0
2025-03-30 12:00:00+00:00,0.01566,0.0157,0.01533,0.01548,386692202.0
2025-03-30 16:00:00+00:00,0.01548,0.01568,0.01522,0.0155,248133582.0
2025-03-30 20:00:00+00:00,0.0155,0.01554,0.01508,0.01538,383643708.0
2025-03-31 00:00:00+00:00,0.01538,0.0154,0.01494,0.01503,516132551.0
2025-03-31 04:00:00+00:00,0.01503,0.01534,0.01478,0.01491,414526146.0
2025-03-31 08:00:00+00:00,0.01491,0.01523,0.01475,0.01516,465035149.0
2025-03-31 12:00:00+00:00,0.01516,0.01557,0.01497,0.01537,564145729.0
2025-03-31 16:00:00+00:00,0.01537,0.01548,0.01512,0.01527,469379641.0
2025-03-31 20:00:00+00:00,0.01527,0.01536,0.01513,0.01521,172668441.0
2025-04-01 00:00:00+00:00,0.01521,0.01557,0.01518,0.01546,320962305.0
2025-04-01 04:00:00+00:00,0.01546,0.01596,0.01543,0.01581,281123580.0
2025-04-01 08:00:00+00:00,0.01581,0.01625,0.01567,0.0158,336503032.0
2025-04-01 12:00:00+00:00,0.0158,0.01627,0.01549,0.01608,561098467.0
2025-04-01 16:00:00+00:00,0.01608,0.01615,0.01571,0.0158,318929611.0
2025-04-01 20:00:00+00:00,0.0158,0.01606,0.01566,0.01584,401150288.0
2025-04-02 00:00:00+00:00,0.01584,0.01585,0.01535,0.01569,579941506.0
2025-04-02 04:00:00+00:00,0.01569,0.01576,0.01538,0.01551,436607371.0
2025-04-02 08:00:00+00:00,0.01551,0.01577,0.01545,0.01554,415651840.0
2025-04-02 12:00:00+00:00,0.01554,0.016,0.01523,0.01587,1040348270.0
2025-04-02 16:00:00+00:00,0.01587,0.01599,0.01544,0.01565,376073083.0
2025-04-02 20:00:00+00:00,0.01565,0.01613,0.01418,0.01451,1645478421.0
2025-04-03 00:00:00+00:00,0.01451,0.01538,0.01443,0.01513,488078535.0
2025-04-03 04:00:00+00:00,0.01513,0.01523,0.01475,0.01485,287405566.0
2025-04-03 08:00:00+00:00,0.01485,0.01492,0.01423,0.01444,396739809.0
2025-04-03 12:00:00+00:00,0.01444,0.01464,0.01401,0.01454,869651793.0
2025-04-03 16:00:00+00:00,0.01454,0.01484,0.0144,0.01469,460797925.0
2025-04-03 20:00:00+00:00,0.01469,0.01513,0.01469,0.01488,325468987.0
2025-04-04 00:00:00+00:00,0.01488,0.01502,0.0147,0.01485,406646667.0
2025-04-04 04:00:00+00:00,0.01485,0.01527,0.01478,0.01521,387443130.0
2025-04-04 08:00:00+00:00,0.01521,0.01535,0.01459,0.01483,432097829.0
2025-04-04 12:00:00+00:00,0.01483,0.01533,0.01464,0.01504,823823934.0
2025-04-04 16:00:00+00:00,0.01504,0.01531,0.01492,0.01502,350219241.0
2025-04-04 20:00:00+00:00,0.01502,0.01522,0.01491,0.01502,150644669.0
2025-04-05 00:00:00+00:00,0.01502,0.01519,0.01495,0.01502,125616265.0
2025-04-05 04:00:00+00:00,0.01502,0.01505,0.01487,0.01499,103357927.0
2025-04-05 08:00:00+00:00,0.01499,0.01508,0.0149,0.01494,119965005.0
2025-04-05 12:00:00+00:00,0.01494,0.01495,0.01456,0.01464,235449373.0
2025-04-05 16:00:00+00:00,0.01464,0.01479,0.01462,0.01471,158903665.0
2025-04-05 20:00:00+00:00,0.01471,0.0149,0.01463,0.01484,153159774.0
2025-04-06 00:00:00+00:00,0.01484,0.01488,0.01458,0.01466,137843932.0
2025-04-06 04:00:00+00:00,0.01466,0.0147,0.01443,0.01447,142670353.0
2025-04-06 08:00:00+00:00,0.01447,0.01461,0.01437,0.01445,140009151.0
2025-04-06 12:00:00+00:00,0.01445,0.01446,0.01399,0.01421,435425555.0
2025-04-06 16:00:00+00:00,0.01421,0.01422,0.01291,0.01316,1346846634.0
2025-04-06 20:00:00+00:00,0.01316,0.01317,0.01254,0.01295,1231088333.0
2025-04-07 00:00:00+00:00,0.01295,0.01343,0.01256,0.01278,566728666.0
2025-04-07 04:00:00+00:00,0.01278,0.01304,0.01174,0.01211,1152139610.0
2025-04-07 08:00:00+00:00,0.01211,0.01301,0.01203,0.01267,609348083.0
2025-04-07 12:00:00+00:00,0.01267,0.01425,0.01264,0.01335,1297812144.0
2025-04-07 16:00:00+00:00,0.01335,0.01349,0.01307,0.01313,321133026.0
2025-04-07 20:00:00+00:00,0.01313,0.01353,0.01313,0.01327,196561024.0
2025-04-08 00:00:00+00:00,0.01327,0.01374,0.01315,0.0135,335721627.0
2025-04-08 04:00:00+00:00,0.0135,0.01365,0.01322,0.0133,356013055.0
2025-04-08 08:00:00+00:00,0.0133,0.0137,0.01315,0.01366,399147857.0
2025-04-08 12:00:00+00:00,0.01366,0.01379,0.01324,0.01339,612182863.0
2025-04-08 16:00:00+00:00,0.01339,0.01339,0.01271,0.01285,933935322.0
2025-04-08 20:00:00+00:00,0.01285,0.01293,0.01259,0.01271,474953372.0
2025-04-09 00:00:00+00:00,0.01271,0.01283,0.01205,0.01256,750694471.0
2025-04-09 04:00:00+00:00,0.01256,0.01309,0.01254,0.01304,463517199.0
2025-04-09 08:00:00+00:00,0.01304,0.01321,0.01273,0.01281,505797644.0
2025-04-09 12:00:00+00:00,0.01281,0.01323,0.01265,0.0131,607104552.0
2025-04-09 16:00:00+00:00,0.0131,0.01449,0.01309,0.0141,1022437271.0
2025-04-09 20:00:00+00:00,0.0141,0.01442,0.0141,0.01425,307422111.0
2025-04-10 00:00:00+00:00,0.01425,0.01426,0.01384,0.01399,290894678.0
2025-04-10 04:00:00+00:00,0.01399,0.01418,0.01386,0.01403,309756281.0
2025-04-10 08:00:00+00:00,0.01403,0.0141,0.01381,0.01394,260454180.0
2025-04-10 12:00:00+00:00,0.01394,0.01428,0.01345,0.01354,912652510.0
2025-04-10 16:00:00+00:00,0.01354,0.01383,0.01342,0.01371,585456263.0
2025-04-10 20:00:00+00:00,0.01371,0.01395,0.0137,0.01388,182851888.0
2025-04-11 00:00:00+00:00,0.01388,0.01429,0.01385,0.0142,317735010.0
2025-04-11 04:00:00+00:00,0.0142,0.01429,0.01413,0.01419,207283924.0
2025-04-11 08:00:00+00:00,0.01419,0.01445,0.01412,0.01421,466351635.0
2025-04-11 12:00:00+00:00,0.01421,0.01439,0.01412,0.01435,709425622.0
2025-04-11 16:00:00+00:00,0.01435,0.0147,0.01426,0.01453,335941013.0
2025-04-11 20:00:00+00:00,0.01453,0.01465,0.01425,0.01427,249845864.0
2025-04-12 00:00:00+00:00,0.01427,0.0144,0.01422,0.01433,191313173.0
2025-04-12 04:00:00+00:00,0.01433,0.01461,0.01428,0.01452,199334662.0
2025-04-12 08:00:00+00:00,0.01452,0.01465,0.0144,0.01451,177224335.0
2025-04-12 12:00:00+00:00,0.01451,0.01524,0.01447,0.01509,462853358.0
2025-04-12 16:00:00+00:00,0.01509,0.01515,0.0149,0.01513,275224152.0
2025-04-12 20:00:00+00:00,0.01513,0.01535,0.01511,0.01521,186679468.0
2025-04-13 00:00:00+00:00,0.01521,0.01533,0.015,0.01509,150812413.0
2025-04-13 04:00:00+00:00,0.01509,0.01509,0.01476,0.01479,183614349.0
2025-04-13 08:00:00+00:00,0.01479,0.01508,0.01473,0.0149,229041369.0
2025-04-13 12:00:00+00:00,0.0149,0.01494,0.01454,0.01467,306745648.0
2025-04-13 16:00:00+00:00,0.01467,0.01519,0.01444,0.01457,493147954.0
2025-04-13 20:00:00+00:00,0.01457,0.01474,0.0141,0.01434,470019128.0
2025-04-14 00:00:00+00:00,0.01434,0.01506,0.01427,0.01467,437809033.0
2025-04-14 04:00:00+00:00,0.01467,0.01498,0.01448,0.01467,311250619.0
2025-04-14 08:00:00+00:00,0.01467,0.01515,0.01454,0.01508,316113645.0
2025-04-14 12:00:00+00:00,0.01508,0.01527,0.01468,0.01472,770206425.0
2025-04-14 16:00:00+00:00,0.01472,0.01504,0.0146,0.01478,497471386.0
2025-04-14 20:00:00+00:00,0.01478,0.01485,0.01449,0.01464,227596350.0
2025-04-15 00:00:00+00:00,0.01464,0.01487,0.01449,0.01483,247002685.0
2025-04-15 04:00:00+00:00,0.01483,0.01489,0.01459,0.0148,216837299.0
2025-04-15 08:00:00+00:00,0.0148,0.01493,0.01451,0.01456,268068047.0
2025-04-15 12:00:00+00:00,0.01456,0.0148,0.01428,0.01444,433940177.0
2025-04-15 16:00:00+00:00,0.01444,0.01452,0.01412,0.01422,396355965.0
2025-04-15 20:00:00+00:00,0.01422,0.01428,0.01399,0.01406,221536305.0
2025-04-16 00:00:00+00:00,0.01406,0.01432,0.01395,0.01419,242552187.0
2025-04-16 04:00:00+00:00,0.01419,0.01424,0.01387,0.01392,316080980.0
2025-04-16 08:00:00+00:00,0.01392,0.01411,0.01377,0.01398,358241975.0
2025-04-16 12:00:00+00:00,0.01398,0.01429,0.01377,0.01402,437544895.0
2025-04-16 16:00:00+00:00,0.01402,0.01422,0.01355,0.01416,971764573.0
2025-04-16 20:00:00+00:00,0.01416,0.01433,0.01364,0.01375,380076499.0
2025-04-17 00:00:00+00:00,0.01375,0.01382,0.01359,0.01365,222994274.0
2025-04-17 04:00:00+00:00,0.01365,0.01404,0.01361,0.01397,234764995.0
2025-04-17 08:00:00+00:00,0.01397,0.01399,0.01379,0.01391,175306079.0
2025-04-17 12:00:00+00:00,0.01391,0.01401,0.01352,0.01383,469720095.0
2025-04-17 16:00:00+00:00,0.01383,0.01415,0.01372,0.01384,531467087.0
2025-04-17 20:00:00+00:00,0.01384,0.014,0.01371,0.01379,258137198.0
2025-04-18 00:00:00+00:00,0.01379,0.01387,0.01365,0.01384,239166025.0
2025-04-18 04:00:00+00:00,0.01384,0.01413,0.01377,0.0141,179183921.0
2025-04-18 08:00:00+00:00,0.0141,0.01429,0.01407,0.01416,194177535.0
2025-04-18 12:00:00+00:00,0.01416,0.01437,0.01411,0.01413,321696323.0
2025-04-18 16:00:00+00:00,0.01413,0.0143,0.01409,0.01423,180756673.0
2025-04-18 20:00:00+00:00,0.01423,0.01433,0.01417,0.01423,172101504.0
2025-04-19 00:00:00+00:00,0.01423,0.0147,0.0142,0.01457,304191123.0
2025-04-19 04:00:00+00:00,0.01457,0.01462,0.01444,0.01452,145830210.0
2025-04-19 08:00:00+00:00,0.01452,0.01516,0.01445,0.01471,544002826.0
2025-04-19 12:00:00+00:00,0.01471,0.01493,0.01463,0.01485,252961870.0
2025-04-19 16:00:00+00:00,0.01485,0.0153,0.01475,0.01518,318897498.0
2025-04-19 20:00:00+00:00,0.01518,0.01553,0.0151,0.01533,213005696.0
2025-04-20 00:00:00+00:00,0.01533,0.01552,0.01526,0.01542,165541468.0
2025-04-20 04:00:00+00:00,0.01542,0.0158,0.01534,0.01536,385687553.0
2025-04-20 08:00:00+00:00,0.01536,0.01544,0.01493,0.01508,359996610.0
2025-04-20 12:00:00+00:00,0.01508,0.01566,0.01504,0.01566,400307229.0
2025-04-20 16:00:00+00:00,0.01566,0.01586,0.01547,0.01559,658359906.0
2025-04-20 20:00:00+00:00,0.01559,0.01579,0.01545,0.01555,232161988.0
2025-04-21 00:00:00+00:00,0.01555,0.01599,0.01554,0.01584,333789463.0
2025-04-21 04:00:00+00:00,0.01584,0.01649,0.0157,0.01644,558910721.0
2025-04-21 08:00:00+00:00,0.01644,0.01654,0.0161,0.01621,315178008.0
2025-04-21 12:00:00+00:00,0.01621,0.01644,0.01612,0.01625,484288390.0
2025-04-21 16:00:00+00:00,0.01625,0.01631,0.01572,0.01596,581573092.0
2025-04-21 20:00:00+00:00,0.01596,0.01694,0.01526,0.01559,2695320528.0
2025-04-22 00:00:00+00:00,0.01559,0.01597,0.01532,0.0159,569507964.0
2025-04-22 04:00:00+00:00,0.0159,0.01601,0.0155,0.01595,371876714.0
2025-04-22 08:00:00+00:00,0.01595,0.01605,0.01579,0.01601,301838879.0
2025-04-22 12:00:00+00:00,0.01601,0.01649,0.01591,0.0162,696485128.0
2025-04-22 16:00:00+00:00,0.0162,0.01641,0.01604,0.01626,292743467.0
2025-04-22 20:00:00+00:00,0.01626,0.01693,0.01617,0.01677,491775917.0
2025-04-23 00:00:00+00:00,0.01677,0.01722,0.01676,0.01719,381052039.0
2025-04-23 04:00:00+00:00,0.01719,0.0173,0.01684,0.01706,441551079.0
2025-04-23 08:00:00+00:00,0.01706,0.01728,0.01693,0.01707,367023325.0
2025-04-23 12:00:00+00:00,0.01707,0.01736,0.01654,0.0169,867725026.0
2025-04-23 16:00:00+00:00,0.0169,0.01732,0.01667,0.01695,443566832.0
2025-04-23 20:00:00+00:00,0.01695,0.01718,0.01689,0.01705,142962376.0
2025-04-24 00:00:00+00:00,0.01705,0.01713,0.01651,0.01653,287513805.0
2025-04-24 04:00:00+00:00,0.01653,0.01692,0.01645,0.01661,266555369.0
2025-04-24 08:00:00+00:00,0.01661,0.01675,0.01605,0.01658,687888879.0
2025-04-24 12:00:00+00:00,0.01658,0.01727,0.01651,0.01704,523127046.0
2025-04-24 16:00:00+00:00,0.01704,0.01723,0.01678,0.0172,327832076.0
2025-04-24 20:00:00+00:00,0.0172,0.0176,0.01715,0.01747,373777717.0
2025-04-25 00:00:00+00:00,0.01747,0.01793,0.01714,0.01728,687634170.0
2025-04-25 04:00:00+00:00,0.01728,0.01781,0.01723,0.01768,229575890.0
2025-04-25 08:00:00+00:00,0.01768,0.01778,0.01736,0.01754,297110924.0
2025-04-25 12:00:00+00:00,0.01754,0.01768,0.01716,0.01745,359816588.0
2025-04-25 16:00:00+00:00,0.01745,0.01758,0.01722,0.01734,174502070.0
2025-04-25 20:00:00+00:00,0.01734,0.01753,0.01709,0.01736,163981937.0
2025-04-26 00:00:00+00:00,0.01736,0.01832,0.01736,0.01802,309527050.0
2025-04-26 04:00:00+00:00,0.01802,0.01821,0.01769,0.01804,293318613.0
2025-04-26 08:00:00+00:00,0.01804,0.01824,0.0174,0.01743,328772933.0
2025-04-26 12:00:00+00:00,0.01743,0.01775,0.01717,0.01772,562573820.0
2025-04-26 16:00:00+00:00,0.01772,0.01772,0.01744,0.01769,163949253.0
2025-04-26 20:00:00+00:00,0.01769,0.0178,0.01756,0.0177,147462595.0
2025-04-27 00:00:00+00:00,0.0177,0.01781,0.01705,0.01725,255541828.0
2025-04-27 04:00:00+00:00,0.01725,0.01729,0.01681,0.01698,204243181.0
2025-04-27 08:00:00+00:00,0.01698,0.01718,0.01687,0.01691,185220964.0
2025-04-27 12:00:00+00:00,0.01691,0.01694,0.01656,0.01674,254537445.0
2025-04-27 16:00:00+00:00,0.01674,0.01686,0.01651,0.01678,181622177.0
2025-04-27 20:00:00+00:00,0.01678,0.01681,0.01642,0.01646,187240829.0
2025-04-28 00:00:00+00:00,0.01646,0.01664,0.01589,0.01655,564375060.0
2025-04-28 04:00:00+00:00,0.01655,0.0172,0.01655,0.01711,356946941.0
2025-04-28 08:00:00+00:00,0.01711,0.01738,0.01688,0.01721,407639183.0
2025-04-28 12:00:00+00:00,0.01721,0.01729,0.01657,0.01672,501437950.0
2025-04-28 16:00:00+00:00,0.01672,0.01734,0.01659,0.0173,305099435.0
2025-04-28 20:00:00+00:00,0.0173,0.01739,0.01713,0.01732,182692877.0
2025-04-29 00:00:00+00:00,0.01732,0.01765,0.01729,0.01756,259427808.0
2025-04-29 04:00:00+00:00,0.01756,0.01763,0.0172,0.01758,299547010.0
2025-04-29 08:00:00+00:00,0.01758,0.01766,0.01713,0.01727,250942693.0
2025-04-29 12:00:00+00:00,0.01727,0.01741,0.01694,0.01726,294054136.0
2025-04-29 16:00:00+00:00,0.01726,0.01735,0.01705,0.01712,151236871.0
2025-04-29 20:00:00+00:00,0.01712,0.01717,0.01649,0.01673,318840023.0
2025-04-30 00:00:00+00:00,0.01673,0.01689,0.01652,0.01673,273491801.0
2025-04-30 04:00:00+00:00,0.01673,0.01705,0.01651,0.0166,245902081.0
2025-04-30 08:00:00+00:00,0.0166,0.0171,0.01656,0.01707,176892332.0
2025-04-30 12:00:00+00:00,0.01707,0.01709,0.01602,0.01657,1037420876.0
2025-04-30 16:00:00+00:00,0.01657,0.01703,0.01635,0.0169,270001391.0
2025-04-30 20:00:00+00:00,0.0169,0.01716,0.01685,0.01688,148416669.0
2025-05-01 00:00:00+00:00,0.01688,0.01721,0.01686,0.01691,224228472.0
2025-05-01 04:00:00+00:00,0.01691,0.01698,0.01682,0.01697,138825230.0
2025-05-01 08:00:00+00:00,0.01697,0.01726,0.01691,0.01715,213842756.0
2025-05-01 12:00:00+00:00,0.01715,0.01743,0.01688,0.01717,416356793.0
2025-05-01 16:00:00+00:00,0.01717,0.01734,0.01702,0.01727,281580830.0
2025-05-01 20:00:00+00:00,0.01727,0.01744,0.01706,0.01714,196106858.0
2025-05-02 00:00:00+00:00,0.01714,0.01754,0.01708,0.01738,165672182.0
2025-05-02 04:00:00+00:00,0.01738,0.01742,0.01694,0.01697,216332776.0
2025-05-02 08:00:00+00:00,0.01697,0.01724,0.01693,0.01706,193742497.0
2025-05-02 12:00:00+00:00,0.01706,0.01725,0.0169,0.01705,282796236.0
2025-05-02 16:00:00+00:00,0.01705,0.0172,0.01662,0.01669,240335670.0
2025-05-02 20:00:00+00:00,0.01669,0.01686,0.01662,0.01684,131848546.0
2025-05-03 00:00:00+00:00,0.01684,0.01685,0.0165,0.01657,195524630.0
2025-05-03 04:00:00+00:00,0.01657,0.0166,0.01642,0.01645,188332586.0
2025-05-03 08:00:00+00:00,0.01645,0.01649,0.01601,0.01605,367480386.0
2025-05-03 12:00:00+00:00,0.01605,0.01621,0.01603,0.0161,186818737.0
2025-05-03 16:00:00+00:00,0.0161,0.01611,0.01541,0.01581,733448014.0
2025-05-03 20:00:00+00:00,0.01581,0.01582,0.01556,0.01562,191992787.0
2025-05-04 00:00:00+00:00,0.01562,0.01574,0.01542,0.01547,203689255.0
2025-05-04 04:00:00+00:00,0.01547,0.01566,0.01536,0.01545,257682034.0
2025-05-04 08:00:00+00:00,0.01545,0.01545,0.01521,0.0154,213168661.0
2025-05-04 12:00:00+00:00,0.0154,0.01543,0.01516,0.01525,281260409.0
2025-05-04 16:00:00+00:00,0.01525,0.01531,0.01501,0.01512,288554070.0
2025-05-04 20:00:00+00:00,0.01512,0.01538,0.01508,0.0153,208542401.0
2025-05-05 00:00:00+00:00,0.0153,0.01565,0.01525,0.01548,274674007.0
2025-05-05 04:00:00+00:00,0.01548,0.01572,0.0154,0.01564,194248319.0
2025-05-05 08:00:00+00:00,0.01564,0.01569,0.01514,0.01521,402500712.0
2025-05-05 12:00:00+00:00,0.01521,0.01532,0.01503,0.01515,352734203.0
2025-05-05 16:00:00+00:00,0.01515,0.01554,0.01513,0.01531,298745064.0
2025-05-05 20:00:00+00:00,0.01531,0.01545,0.01502,0.01522,284812965.0
2025-05-06 00:00:00+00:00,0.01522,0.01539,0.01503,0.01533,263550469.0
2025-05-06 04:00:00+00:00,0.01533,0.01538,0.0151,0.01513,107298660.0
2025-05-06 08:00:00+00:00,0.01513,0.01513,0.01447,0.01459,601730807.0
2025-05-06 12:00:00+00:00,0.01459,0.01496,0.01452,0.01477,560380563.0
2025-05-06 16:00:00+00:00,0.01477,0.01506,0.01469,0.01486,335611537.0
2025-05-06 20:00:00+00:00,0.01486,0.01506,0.01432,0.015,468305289.0
2025-05-07 00:00:00+00:00,0.015,0.01539,0.01495,0.01513,327289422.0
2025-05-07 04:00:00+00:00,0.01513,0.01521,0.01494,0.01517,171034777.0
2025-05-07 08:00:00+00:00,0.01517,0.01539,0.01507,0.0152,186290294.0
2025-05-07 12:00:00+00:00,0.0152,0.01524,0.01488,0.01492,294267640.0
2025-05-07 16:00:00+00:00,0.01492,0.01518,0.01477,0.01496,584909882.0
2025-05-07 20:00:00+00:00,0.01496,0.01534,0.01489,0.01517,265411468.0
2025-05-08 00:00:00+00:00,0.01517,0.01599,0.01514,0.01598,445611476.0
2025-05-08 04:00:00+00:00,0.01598,0.01626,0.01598,0.01615,426374140.0
2025-05-08 08:00:00+00:00,0.01615,0.01647,0.01614,0.01631,343401071.0
2025-05-08 12:00:00+00:00,0.01631,0.01701,0.01619,0.01684,567386641.0
2025-05-08 16:00:00+00:00,0.01684,0.01725,0.01675,0.01722,423442198.0
2025-05-08 20:00:00+00:00,0.01722,0.01809,0.01715,0.01781,588402994.0
2025-05-09 00:00:00+00:00,0.01781,0.01837,0.0178,0.01808,507379640.0
2025-05-09 04:00:00+00:00,0.01808,0.01928,0.01802,0.01892,629990476.0
2025-05-09 08:00:00+00:00,0.01892,0.01966,0.01859,0.01929,1296087215.0
2025-05-09 12:00:00+00:00,0.01929,0.01969,0.01885,0.01912,704529125.0
2025-05-09 16:00:00+00:00,0.01912,0.01946,0.01879,0.01928,402397869.0
2025-05-09 20:00:00+00:00,0.01928,0.01963,0.01921,0.01961,270282799.0
2025-05-10 00:00:00+00:00,0.01961,0.02004,0.01933,0.01971,423598636.0
2025-05-10 04:00:00+00:00,0.01971,0.02034,0.01942,0.02024,266057772.0
2025-05-10 08:00:00+00:00,0.02024,0.02062,0.01969,0.0198,425997658.0
2025-05-10 12:00:00+00:00,0.0198,0.02027,0.01976,0.02002,286458307.0
2025-05-10 16:00:00+00:00,0.02002,0.02092,0.01995,0.02061,512296264.0
2025-05-10 20:00:00+00:00,0.02061,0.02243,0.02042,0.02235,479879142.0
2025-05-11 00:00:00+00:00,0.02235,0.02308,0.02136,0.02268,793274427.0
2025-05-11 04:00:00+00:00,0.02268,0.02364,0.02136,0.02165,910733948.0
2025-05-11 08:00:00+00:00,0.02165,0.02252,0.02149,0.02249,525398660.0
2025-05-11 12:00:00+00:00,0.02249,0.02252,0.02141,0.0217,531289315.0
2025-05-11 16:00:00+00:00,0.0217,0.02231,0.02128,0.02206,385207228.0
2025-05-11 20:00:00+00:00,0.02206,0.02249,0.02184,0.02193,278163259.0
2025-05-12 00:00:00+00:00,0.02193,0.0224,0.02149,0.02236,346310062.0
2025-05-12 04:00:00+00:00,0.02236,0.02348,0.02201,0.02273,533781937.0
2025-05-12 08:00:00+00:00,0.02273,0.0233,0.02225,0.02258,489826257.0
2025-05-12 12:00:00+00:00,0.02258,0.02338,0.02184,0.02208,739861697.0
2025-05-12 16:00:00+00:00,0.02208,0.02284,0.02103,0.02207,753191007.0
2025-05-12 20:00:00+00:00,0.02207,0.02241,0.02183,0.02202,220708451.0
2025-05-13 00:00:00+00:00,0.02202,0.02205,0.02048,0.02048,585407227.0
2025-05-13 04:00:00+00:00,0.02048,0.02129,0.0204,0.02091,376443917.0
2025-05-13 08:00:00+00:00,0.02091,0.02146,0.02073,0.02127,343980694.0
2025-05-13 12:00:00+00:00,0.02127,0.02181,0.02102,0.02163,521489100.0
2025-05-13 16:00:00+00:00,0.02163,0.02304,0.02156,0.0228,569414481.0
2025-05-13 20:00:00+00:00,0.0228,0.02284,0.02228,0.02253,403487472.0
2025-05-14 00:00:00+00:00,0.02253,0.02347,0.02235,0.02261,457587131.0
2025-05-14 04:00:00+00:00,0.02261,0.023,0.02233,0.02249,267275226.0
2025-05-14 08:00:00+00:00,0.02249,0.02263,0.02174,0.02231,492582929.0
2025-05-14 12:00:00+00:00,0.02231,0.02241,0.02148,0.02176,458456786.0
2025-05-14 16:00:00+00:00,0.02176,0.02185,0.02134,0.02164,366133100.0
2025-05-14 20:00:00+00:00,0.02164,0.02173,0.02126,0.02146,188293022.0
2025-05-15 00:00:00+00:00,0.02146,0.02184,0.02106,0.02117,303649792.0
2025-05-15 04:00:00+00:00,0.02117,0.0213,0.02001,0.02003,302749914.0
2025-05-15 08:00:00+00:00,0.02003,0.02065,0.01989,0.02037,547550102.0
2025-05-15 12:00:00+00:00,0.02037,0.02064,0.01957,0.0206,903450763.0
2025-05-15 16:00:00+00:00,0.0206,0.02117,0.01996,0.02021,551388072.0
2025-05-15 20:00:00+00:00,0.02021,0.02038,0.01927,0.01984,607862216.0
2025-05-16 00:00:00+00:00,0.01984,0.02037,0.01969,0.02023,381110247.0
2025-05-16 04:00:00+00:00,0.02023,0.02064,0.01992,0.02048,245297999.0
2025-05-16 08:00:00+00:00,0.02048,0.02069,0.01999,0.02038,367421156.0
2025-05-16 12:00:00+00:00,0.02038,0.02051,0.01997,0.0203,493108631.0
2025-05-16 16:00:00+00:00,0.0203,0.02042,0.01987,0.02003,330494240.0
2025-05-16 20:00:00+00:00,0.02003,0.02004,0.01923,0.01944,334388851.0
2025-05-17 00:00:00+00:00,0.01944,0.01957,0.01822,0.01888,558239406.0
2025-05-17 04:00:00+00:00,0.01888,0.01908,0.01859,0.01872,152656081.0
2025-05-17 08:00:00+00:00,0.01872,0.01888,0.01843,0.01867,238861744.0
2025-05-17 12:00:00+00:00,0.01867,0.01888,0.01822,0.01876,326306817.0
2025-05-17 16:00:00+00:00,0.01876,0.01886,0.01831,0.0184,405107959.0
2025-05-17 20:00:00+00:00,0.0184,0.01878,0.01828,0.01852,209822004.0
2025-05-18 00:00:00+00:00,0.01852,0.01874,0.01839,0.01852,240225348.0
2025-05-18 04:00:00+00:00,0.01852,0.01945,0.01851,0.01936,309507204.0
2025-05-18 08:00:00+00:00,0.01936,0.01979,0.01926,0.01929,374769202.0
2025-05-18 12:00:00+00:00,0.01929,0.02046,0.0191,0.02034,487871128.0
2025-05-18 16:00:00+00:00,0.02034,0.02055,0.01863,0.01864,1016292230.0
2025-05-18 20:00:00+00:00,0.01864,0.0201,0.01824,0.02002,722933661.0
2025-05-19 00:00:00+00:00,0.02002,0.02024,0.01873,0.01881,579130507.0
2025-05-19 04:00:00+00:00,0.01881,0.01901,0.01816,0.01862,556164797.0
2025-05-19 08:00:00+00:00,0.01862,0.01866,0.01826,0.01851,386845886.0
2025-05-19 12:00:00+00:00,0.01851,0.01903,0.01803,0.0189,722187098.0
2025-05-19 16:00:00+00:00,0.0189,0.0196,0.0187,0.01911,660024669.0
2025-05-19 20:00:00+00:00,0.01911,0.01919,0.01874,0.01898,372081403.0
2025-05-20 00:00:00+00:00,0.01898,0.01972,0.01877,0.01915,462515392.0
2025-05-20 04:00:00+00:00,0.01915,0.01936,0.01879,0.01885,404218151.0
2025-05-20 08:00:00+00:00,0.01885,0.01892,0.01829,0.01854,527691746.0
2025-05-20 12:00:00+00:00,0.01854,0.01879,0.01823,0.01874,486080497.0
2025-05-20 16:00:00+00:00,0.01874,0.01915,0.01838,0.01905,523752796.0
2025-05-20 20:00:00+00:00,0.01905,0.01971,0.01893,0.01949,552462822.0
2025-05-21 00:00:00+00:00,0.01949,0.0198,0.0191,0.01964,386257256.0
2025-05-21 04:00:00+00:00,0.01964,0.02004,0.01934,0.01946,623169298.0
2025-05-21 08:00:00+00:00,0.01946,0.01968,0.01911,0.01952,507770669.0
2025-05-21 12:00:00+00:00,0.01952,0.02001,0.01938,0.0199,906777885.0
2025-05-21 16:00:00+00:00,0.0199,0.02075,0.01915,0.01984,2149691281.0
2025-05-21 20:00:00+00:00,0.01984,0.02031,0.01952,0.0199,577583623.0
2025-05-22 00:00:00+00:00,0.0199,0.02071,0.01988,0.02059,685464015.0
2025-05-22 04:00:00+00:00,0.02059,0.02077,0.02032,0.02064,539000560.0
2025-05-22 08:00:00+00:00,0.02064,0.02119,0.02048,0.02065,645823265.0
2025-05-22 12:00:00+00:00,0.02065,0.02112,0.02036,0.02097,710680671.0
2025-05-22 16:00:00+00:00,0.02097,0.02134,0.02074,0.02083,583625463.0
2025-05-22 20:00:00+00:00,0.02083,0.02115,0.02067,0.02106,426563157.0
2025-05-23 00:00:00+00:00,0.02106,0.0219,0.02084,0.02185,587588607.0
2025-05-23 04:00:00+00:00,0.02185,0.02187,0.02064,0.02078,535667603.0
2025-05-23 08:00:00+00:00,0.02078,0.02153,0.01982,0.01997,971342574.0
2025-05-23 12:00:00+00:00,0.01997,0.02052,0.01923,0.01996,1269011770.0
2025-05-23 16:00:00+00:00,0.01996,0.02016,0.01969,0.01975,595514659.0
2025-05-23 20:00:00+00:00,0.01975,0.01975,0.01864,0.01879,621224671.0
2025-05-24 00:00:00+00:00,0.01879,0.01924,0.01867,0.01911,358376161.0
2025-05-24 04:00:00+00:00,0.01911,0.01922,0.0188,0.01898,322317387.0
2025-05-24 08:00:00+00:00,0.01898,0.01941,0.01879,0.01925,399792842.0
2025-05-24 12:00:00+00:00,0.01925,0.01941,0.01907,0.01923,366498216.0
2025-05-24 16:00:00+00:00,0.01923,0.01926,0.01886,0.01896,332319335.0
2025-05-24 20:00:00+00:00,0.01896,0.01908,0.01863,0.01885,365338304.0
2025-05-25 00:00:00+00:00,0.01885,0.01895,0.0183,0.01864,453363454.0
2025-05-25 04:00:00+00:00,0.01864,0.01875,0.01839,0.01849,253812381.0
2025-05-25 08:00:00+00:00,0.01849,0.0185,0.01811,0.01841,380070566.0
2025-05-25 12:00:00+00:00,0.01841,0.01858,0.01791,0.01829,526840709.0
2025-05-25 16:00:00+00:00,0.01829,0.0184,0.01794,0.01829,407157672.0
2025-05-25 20:00:00+00:00,0.01829,0.01916,0.01808,0.0191,467046670.0
2025-05-26 00:00:00+00:00,0.0191,0.01942,0.01896,0.01926,337373873.0
2025-05-26 04:00:00+00:00,0.01926,0.0198,0.01922,0.01975,396351595.0
2025-05-26 08:00:00+00:00,0.01975,0.01988,0.01933,0.01942,514842775.0
2025-05-26 12:00:00+00:00,0.01942,0.01954,0.01901,0.01942,730747688.0
2025-05-26 16:00:00+00:00,0.01942,0.01959,0.01876,0.01895,645565745.0
2025-05-26 20:00:00+00:00,0.01895,0.01933,0.01884,0.01908,352905329.0
2025-05-27 00:00:00+00:00,0.01908,0.01925,0.01841,0.01914,533546786.0
2025-05-27 04:00:00+00:00,0.01914,0.01975,0.01897,0.01953,580546351.0
2025-05-27 08:00:00+00:00,0.01953,0.01973,0.0194,0.01958,384506272.0
2025-05-27 12:00:00+00:00,0.01958,0.01998,0.01915,0.01951,825890546.0
2025-05-27 16:00:00+00:00,0.01951,0.01984,0.01939,0.0195,435623589.0
2025-05-27 20:00:00+00:00,0.0195,0.01961,0.0192,0.01934,269947344.0
2025-05-28 00:00:00+00:00,0.01934,0.01966,0.01916,0.01939,425483113.0
2025-05-28 04:00:00+00:00,0.01939,0.01952,0.01907,0.01918,217729333.0
2025-05-28 08:00:00+00:00,0.01918,0.01942,0.01889,0.01928,369602179.0
2025-05-28 12:00:00+00:00,0.01928,0.01984,0.019,0.01912,884457038.0
2025-05-28 16:00:00+00:00,0.01912,0.01962,0.01862,0.01867,578895138.0
2025-05-28 20:00:00+00:00,0.01867,0.01963,0.01857,0.01958,548739970.0
2025-05-29 00:00:00+00:00,0.01958,0.02034,0.01943,0.01997,956622312.0
2025-05-29 04:00:00+00:00,0.01997,0.02003,0.01931,0.01948,437450717.0
2025-05-29 08:00:00+00:00,0.01948,0.01963,0.01935,0.01952,474159876.0
2025-05-29 12:00:00+00:00,0.01952,0.01952,0.01881,0.01899,666749448.0
2025-05-29 16:00:00+00:00,0.01899,0.01918,0.0186,0.01869,520699547.0
2025-05-29 20:00:00+00:00,0.01869,0.01902,0.01844,0.01855,402411302.0
2025-05-30 00:00:00+00:00,0.01855,0.01868,0.01728,0.01779,2005838737.0
2025-05-30 04:00:00+00:00,0.01779,0.01789,0.01729,0.01751,533297910.0
2025-05-30 08:00:00+00:00,0.01751,0.0177,0.01727,0.01763,517333767.0
2025-05-30 12:00:00+00:00,0.01763,0.01768,0.0173,0.01741,655519485.0
2025-05-30 16:00:00+00:00,0.01741,0.01749,0.01663,0.01737,1303335066.0
2025-05-30 20:00:00+00:00,0.01737,0.01743,0.01608,0.01639,822987132.0
2025-05-31 00:00:00+00:00,0.01639,0.01648,0.01558,0.01609,1204986142.0
2025-05-31 04:00:00+00:00,0.01609,0.01631,0.01593,0.01619,362953007.0
2025-05-31 08:00:00+00:00,0.01619,0.01627,0.016,0.01605,374484611.0
2025-05-31 12:00:00+00:00,0.01605,0.0166,0.01603,0.01641,517846654.0
2025-05-31 16:00:00+00:00,0.01641,0.01675,0.01637,0.01666,293095681.0
2025-05-31 20:00:00+00:00,0.01666,0.01683,0.01654,0.01658,277853749.0
2025-06-01 00:00:00+00:00,0.01658,0.01665,0.01629,0.01648,236068085.0
2025-06-01 04:00:00+00:00,0.01648,0.01675,0.0164,0.01655,220798046.0
2025-06-01 08:00:00+00:00,0.01655,0.01659,0.01608,0.01644,399982345.0
2025-06-01 12:00:00+00:00,0.01644,0.01674,0.0163,0.01667,453046781.0
2025-06-01 16:00:00+00:00,0.01667,0.017,0.01647,0.0167,568635318.0
2025-06-01 20:00:00+00:00,0.0167,0.01699,0.01662,0.01691,191956329.0
2025-06-02 00:00:00+00:00,0.01691,0.01702,0.01648,0.01656,283571767.0
2025-06-02 04:00:00+00:00,0.01656,0.01682,0.01636,0.01664,279131627.0
2025-06-02 08:00:00+00:00,0.01664,0.01679,0.01622,0.01635,449836252.0
2025-06-02 12:00:00+00:00,0.01635,0.01679,0.01624,0.01667,448486378.0
2025-06-02 16:00:00+00:00,0.01667,0.01681,0.01641,0.01654,255335982.0
2025-06-02 20:00:00+00:00,0.01654,0.01742,0.01653,0.01727,392788773.0
2025-06-03 00:00:00+00:00,0.01727,0.01787,0.01724,0.01746,362247348.0
2025-06-03 04:00:00+00:00,0.01746,0.01753,0.01725,0.01732,214299051.0
2025-06-03 08:00:00+00:00,0.01732,0.01745,0.01713,0.01732,228362688.0
2025-06-03 12:00:00+00:00,0.01732,0.01766,0.01725,0.01748,390718726.0
2025-06-03 16:00:00+00:00,0.01748,0.01757,0.01729,0.01745,313256549.0
2025-06-03 20:00:00+00:00,0.01745,0.01748,0.01692,0.01707,278551578.0
2025-06-04 00:00:00+00:00,0.01707,0.01743,0.01693,0.01731,254584331.0
2025-06-04 04:00:00+00:00,0.01731,0.01738,0.01705,0.01711,206657475.0
2025-06-04 08:00:00+00:00,0.01711,0.0173,0.01683,0.01684,311984248.0
2025-06-04 12:00:00+00:00,0.01684,0.01712,0.01655,0.01708,604845210.0
2025-06-04 16:00:00+00:00,0.01708,0.0171,0.01661,0.01661,327330884.0
2025-06-04 20:00:00+00:00,0.01661,0.01664,0.01625,0.01642,366478540.0
2025-06-05 00:00:00+00:00,0.01642,0.01664,0.01633,0.01651,220062779.0
2025-06-05 04:00:00+00:00,0.01651,0.01668,0.0162,0.01647,732346131.0
2025-06-05 08:00:00+00:00,0.01647,0.01659,0.01618,0.01626,276791665.0
2025-06-05 12:00:00+00:00,0.01626,0.01659,0.01589,0.01629,714255985.0
2025-06-05 16:00:00+00:00,0.01629,0.01631,0.01528,0.01557,1411363956.0
2025-06-05 20:00:00+00:00,0.01557,0.01564,0.01497,0.01523,1085820731.0
2025-06-06 00:00:00+00:00,0.01523,0.01573,0.0152,0.01569,326245412.0
2025-06-06 04:00:00+00:00,0.01569,0.01587,0.01566,0.01573,216042700.0
2025-06-06 08:00:00+00:00,0.01573,0.01587,0.01571,0.01581,217962721.0
2025-06-06 12:00:00+00:00,0.01581,0.01627,0.01575,0.01602,564520437.0
2025-06-06 16:00:00+00:00,0.01602,0.0161,0.01555,0.01564,295778069.0
2025-06-06 20:00:00+00:00,0.01564,0.0158,0.0154,0.01553,273891990.0
2025-06-07 00:00:00+00:00,0.01553,0.01617,0.01548,0.01612,324904579.0
2025-06-07 04:00:00+00:00,0.01612,0.01643,0.01606,0.01635,227269708.0
2025-06-07 08:00:00+00:00,0.01635,0.01641,0.01622,0.01633,213287626.0
2025-06-07 12:00:00+00:00,0.01633,0.0165,0.0163,0.01636,172604121.0
2025-06-07 16:00:00+00:00,0.01636,0.0164,0.01611,0.01623,201755679.0
2025-06-07 20:00:00+00:00,0.01623,0.01639,0.01621,0.01624,136948476.0
2025-06-08 00:00:00+00:00,0.01624,0.0163,0.01613,0.01614,148532606.0
2025-06-08 04:00:00+00:00,0.01614,0.01625,0.016,0.01603,150524934.0
2025-06-08 08:00:00+00:00,0.01603,0.0163,0.01588,0.01626,216530185.0
2025-06-08 12:00:00+00:00,0.01626,0.01643,0.01615,0.01635,245064438.0
2025-06-08 16:00:00+00:00,0.01635,0.01659,0.01635,0.01655,215381861.0
2025-06-08 20:00:00+00:00,0.01655,0.01667,0.01625,0.01633,258156121.0
2025-06-09 00:00:00+00:00,0.01633,0.01642,0.01614,0.01624,244353947.0
2025-06-09 04:00:00+00:00,0.01624,0.01628,0.01596,0.01615,259906528.0
2025-06-09 08:00:00+00:00,0.01615,0.01662,0.01608,0.01652,378471480.0
2025-06-09 12:00:00+00:00,0.01652,0.01663,0.0163,0.01647,262719336.0
2025-06-09 16:00:00+00:00,0.01647,0.0168,0.01647,0.01668,279394593.0
2025-06-09 20:00:00+00:00,0.01668,0.01731,0.01667,0.01727,371116052.0
2025-06-10 00:00:00+00:00,0.01727,0.01748,0.01708,0.01716,263940616.0
2025-06-10 04:00:00+00:00,0.01716,0.0172,0.01686,0.01705,215804054.0
2025-06-10 08:00:00+00:00,0.01705,0.01772,0.0169,0.01772,409755584.0
2025-06-10 12:00:00+00:00,0.01772,0.01796,0.01712,0.01737,729345705.0
2025-06-10 16:00:00+00:00,0.01737,0.01791,0.01733,0.01771,341748491.0
2025-06-10 20:00:00+00:00,0.01771,0.01792,0.01751,0.01788,302356705.0
2025-06-11 00:00:00+00:00,0.01788,0.01793,0.01744,0.01768,303665858.0
2025-06-11 04:00:00+00:00,0.01768,0.01783,0.01755,0.01775,207927563.0
2025-06-11 08:00:00+00:00,0.01775,0.01781,0.01725,0.01737,290704492.0
2025-06-11 12:00:00+00:00,0.01737,0.01814,0.01729,0.01806,707715921.0
2025-06-11 16:00:00+00:00,0.01806,0.01814,0.01736,0.0174,482561965.0
2025-06-11 20:00:00+00:00,0.0174,0.01755,0.01689,0.01706,445854895.0
2025-06-12 00:00:00+00:00,0.01706,0.01708,0.01663,0.01669,309508545.0
2025-06-12 04:00:00+00:00,0.01669,0.01673,0.01635,0.01647,621567511.0
2025-06-12 08:00:00+00:00,0.01647,0.01658,0.0162,0.01623,345249147.0
2025-06-12 12:00:00+00:00,0.01623,0.01677,0.01616,0.01626,544704719.0
2025-06-12 16:00:00+00:00,0.01626,0.01657,0.01589,0.01598,698247781.0
2025-06-12 20:00:00+00:00,0.01598,0.01604,0.01562,0.01567,526079796.0
2025-06-13 00:00:00+00:00,0.01567,0.01569,0.01436,0.01495,1859633854.0
2025-06-13 04:00:00+00:00,0.01495,0.01496,0.01461,0.01476,623820798.0
2025-06-13 08:00:00+00:00,0.01476,0.01502,0.01458,0.01485,647731220.0
2025-06-13 12:00:00+00:00,0.01485,0.01512,0.01457,0.01499,847213169.0
2025-06-13 16:00:00+00:00,0.01499,0.01526,0.01472,0.01486,838907403.0
2025-06-13 20:00:00+00:00,0.01486,0.01524,0.01481,0.0152,367070384.0
2025-06-14 00:00:00+00:00,0.0152,0.01528,0.01499,0.01508,271687081.0
2025-06-14 04:00:00+00:00,0.01508,0.01524,0.01498,0.01509,307422375.0
2025-06-14 08:00:00+00:00,0.01509,0.01518,0.01497,0.01513,181123570.0
2025-06-14 12:00:00+00:00,0.01513,0.01523,0.01488,0.01498,231313484.0
2025-06-14 16:00:00+00:00,0.01498,0.01507,0.0147,0.01486,390830664.0
2025-06-14 20:00:00+00:00,0.01486,0.01514,0.01471,0.01502,325592040.0
2025-06-15 00:00:00+00:00,0.01502,0.01518,0.01501,0.0151,202890061.0
2025-06-15 04:00:00+00:00,0.0151,0.01527,0.01495,0.01499,191818602.0
2025-06-15 08:00:00+00:00,0.01499,0.01503,0.01484,0.01497,208658267.0
2025-06-15 12:00:00+00:00,0.01497,0.0152,0.01486,0.01501,379938894.0
2025-06-15 16:00:00+00:00,0.01501,0.01505,0.0148,0.01486,327982933.0
2025-06-15 20:00:00+00:00,0.01486,0.01503,0.01456,0.01499,521776751.0
2025-06-16 00:00:00+00:00,0.01499,0.01528,0.01481,0.01509,398885938.0
2025-06-16 04:00:00+00:00,0.01509,0.01556,0.01507,0.01551,379049582.0
2025-06-16 08:00:00+00:00,0.01551,0.01568,0.01538,0.01552,397804901.0
2025-06-16 12:00:00+00:00,0.01552,0.01578,0.01542,0.0155,711574026.0
2025-06-16 16:00:00+00:00,0.0155,0.01578,0.0155,0.01562,425235378.0
2025-06-16 20:00:00+00:00,0.01562,0.01572,0.01487,0.01491,704103626.0
2025-06-17 00:00:00+00:00,0.01491,0.01527,0.01453,0.01516,633546702.0
2025-06-17 04:00:00+00:00,0.01516,0.01519,0.01485,0.01486,271849347.0
2025-06-17 08:00:00+00:00,0.01486,0.01488,0.01457,0.01466,344204613.0
2025-06-17 12:00:00+00:00,0.01466,0.01484,0.01426,0.01439,1043791167.0
2025-06-17 16:00:00+00:00,0.01439,0.01459,0.01389,0.01446,960571399.0
2025-06-17 20:00:00+00:00,0.01446,0.01453,0.01411,0.01424,407333600.0
2025-06-18 00:00:00+00:00,0.01424,0.01447,0.01424,0.01434,316332852.0
2025-06-18 04:00:00+00:00,0.01434,0.01449,0.01431,0.01436,310715761.0
2025-06-18 08:00:00+00:00,0.01436,0.01443,0.01379,0.01405,542928910.0
2025-06-18 12:00:00+00:00,0.01405,0.01419,0.01359,0.01406,956280328.0
2025-06-18 16:00:00+00:00,0.01406,0.01424,0.01387,0.01398,740074950.0
2025-06-18 20:00:00+00:00,0.01398,0.01456,0.01395,0.01446,456729212.0
2025-06-19 00:00:00+00:00,0.01446,0.01464,0.01436,0.01449,236782071.0
2025-06-19 04:00:00+00:00,0.01449,0.01457,0.01432,0.01434,176604102.0
2025-06-19 08:00:00+00:00,0.01434,0.01448,0.01426,0.01428,230114458.0
2025-06-19 12:00:00+00:00,0.01428,0.01437,0.01412,0.01415,237587051.0
2025-06-19 16:00:00+00:00,0.01415,0.01436,0.01401,0.01415,354799616.0
2025-06-19 20:00:00+00:00,0.01415,0.01431,0.0141,0.01418,203149164.0
2025-06-20 00:00:00+00:00,0.01418,0.01429,0.01412,0.01416,161274097.0
2025-06-20 04:00:00+00:00,0.01416,0.01449,0.01399,0.01446,265243245.0
2025-06-20 08:00:00+00:00,0.01446,0.01455,0.01435,0.01448,274137366.0
2025-06-20 12:00:00+00:00,0.01448,0.01457,0.014,0.01406,522582579.0
2025-06-20 16:00:00+00:00,0.01406,0.01408,0.0134,0.01382,1140649065.0
2025-06-20 20:00:00+00:00,0.01382,0.01401,0.0136,0.01373,278366711.0
2025-06-21 00:00:00+00:00,0.01373,0.01402,0.01371,0.01397,173181665.0
2025-06-21 04:00:00+00:00,0.01397,0.01402,0.01391,0.01396,141779646.0
2025-06-21 08:00:00+00:00,0.01396,0.01405,0.01388,0.0139,185582687.0
2025-06-21 12:00:00+00:00,0.0139,0.01395,0.01344,0.01359,457550826.0
2025-06-21 16:00:00+00:00,0.01359,0.01364,0.01314,0.01315,601471069.0
2025-06-21 20:00:00+00:00,0.01315,0.01329,0.01253,0.01305,970285005.0
2025-06-22 00:00:00+00:00,0.01305,0.01325,0.01274,0.01283,565948244.0
2025-06-22 04:00:00+00:00,0.01283,0.01304,0.01276,0.01285,359346278.0
2025-06-22 08:00:00+00:00,0.01285,0.01288,0.0125,0.01263,595550683.0
2025-06-22 12:00:00+00:00,0.01263,0.01273,0.01197,0.01219,2110995319.0
2025-06-22 16:00:00+00:00,0.01219,0.01232,0.01178,0.01208,1271811257.0
2025-06-22 20:00:00+00:00,0.01208,0.01254,0.01177,0.01253,959053652.0
2025-06-23 00:00:00+00:00,0.01253,0.01271,0.01243,0.01253,345089011.0
2025-06-23 04:00:00+00:00,0.01253,0.01283,0.0125,0.01272,340075685.0
2025-06-23 08:00:00+00:00,0.01272,0.01276,0.01258,0.01271,226569356.0
2025-06-23 12:00:00+00:00,0.01271,0.01325,0.01263,0.01287,1108807634.0
2025-06-23 16:00:00+00:00,0.01287,0.01335,0.01248,0.01329,1053218222.0
2025-06-23 20:00:00+00:00,0.01329,0.01401,0.01326,0.01391,768580152.0
2025-06-24 00:00:00+00:00,0.01391,0.01408,0.0138,0.01381,438913675.0
2025-06-24 04:00:00+00:00,0.01381,0.01438,0.01376,0.01407,382418455.0
2025-06-24 08:00:00+00:00,0.01407,0.01422,0.01391,0.01403,309945796.0
2025-06-24 12:00:00+00:00,0.01403,0.01422,0.01392,0.01406,407670353.0
2025-06-24 16:00:00+00:00,0.01406,0.01446,0.01393,0.01405,535738995.0
2025-06-24 20:00:00+00:00,0.01405,0.01425,0.01399,0.0142,265262920.0
2025-06-25 00:00:00+00:00,0.0142,0.01428,0.01408,0.01414,265366709.0
2025-06-25 04:00:00+00:00,0.01414,0.01416,0.014,0.01409,193312969.0
2025-06-25 08:00:00+00:00,0.01409,0.01412,0.01372,0.01396,490990521.0
2025-06-25 12:00:00+00:00,0.01396,0.01411,0.01354,0.01358,665274844.0
2025-06-25 16:00:00+00:00,0.01358,0.01377,0.01344,0.01371,482575531.0
2025-06-25 20:00:00+00:00,0.01371,0.01381,0.01338,0.01348,376041241.0
2025-06-26 00:00:00+00:00,0.01348,0.01392,0.01344,0.01368,511589375.0
2025-06-26 04:00:00+00:00,0.01368,0.01383,0.01351,0.0138,383084492.0
2025-06-26 08:00:00+00:00,0.0138,0.01388,0.01359,0.01367,443972281.0
2025-06-26 12:00:00+00:00,0.01367,0.01367,0.0133,0.01343,785426550.0
2025-06-26 16:00:00+00:00,0.01343,0.01352,0.01325,0.01345,423650816.0
2025-06-26 20:00:00+00:00,0.01345,0.0137,0.01327,0.01331,554844086.0
2025-06-27 00:00:00+00:00,0.01331,0.01362,0.01309,0.01346,1060170162.0
2025-06-27 04:00:00+00:00,0.01346,0.01362,0.01329,0.01332,341891835.0
2025-06-27 08:00:00+00:00,0.01332,0.01356,0.01332,0.01335,348642987.0
2025-06-27 12:00:00+00:00,0.01335,0.01355,0.01324,0.01352,517610876.0
2025-06-27 16:00:00+00:00,0.01352,0.01371,0.01314,0.01326,637749929.0
2025-06-27 20:00:00+00:00,0.01326,0.01356,0.01324,0.01352,263461244.0
2025-06-28 00:00:00+00:00,0.01352,0.01362,0.01345,0.01347,223292684.0
2025-06-28 04:00:00+00:00,0.01347,0.01362,0.01342,0.01359,224403712.0
2025-06-28 08:00:00+00:00,0.01359,0.01368,0.01349,0.01361,265966928.0
2025-06-28 12:00:00+00:00,0.01361,0.01376,0.01354,0.01374,303057184.0
2025-06-28 16:00:00+00:00,0.01374,0.01398,0.01367,0.01389,698930797.0
2025-06-28 20:00:00+00:00,0.01389,0.01409,0.01383,0.01398,225215553.0
2025-06-29 00:00:00+00:00,0.01398,0.01407,0.01381,0.01382,185372149.0
2025-06-29 04:00:00+00:00,0.01382,0.014,0.01381,0.014,172055635.0
2025-06-29 08:00:00+00:00,0.014,0.01415,0.01397,0.01403,187426451.0
2025-06-29 12:00:00+00:00,0.01403,0.0141,0.01382,0.01386,243464770.0
2025-06-29 16:00:00+00:00,0.01386,0.01413,0.01385,0.01411,256894313.0
2025-06-29 20:00:00+00:00,0.01411,0.01519,0.01397,0.01496,1069726546.0
2025-06-30 00:00:00+00:00,0.01496,0.01519,0.01464,0.01468,435586583.0
2025-06-30 04:00:00+00:00,0.01468,0.01468,0.01434,0.01462,434602129.0
2025-06-30 08:00:00+00:00,0.01462,0.01468,0.01433,0.01435,398929797.0
2025-06-30 12:00:00+00:00,0.01435,0.01448,0.01404,0.01421,1165930857.0
2025-06-30 16:00:00+00:00,0.01421,0.01447,0.01411,0.01446,545999202.0
2025-06-30 20:00:00+00:00,0.01446,0.0145,0.01413,0.01419,346334334.0
2025-07-01 00:00:00+00:00,0.01419,0.01427,0.01398,0.01404,332173032.0
2025-07-01 04:00:00+00:00,0.01404,0.01404,0.01365,0.01387,516186643.0
2025-07-01 08:00:00+00:00,0.01387,0.01387,0.01366,0.0137,302195617.0
2025-07-01 12:00:00+00:00,0.0137,0.01385,0.01355,0.0137,553381505.0
2025-07-01 16:00:00+00:00,0.0137,0.0137,0.0133,0.01337,563102930.0
2025-07-01 20:00:00+00:00,0.01337,0.01352,0.01328,0.01338,237658467.0
2025-07-02 00:00:00+00:00,0.01338,0.01356,0.01323,0.01344,325643265.0
2025-07-02 04:00:00+00:00,0.01344,0.01383,0.01342,0.01376,360146821.0
2025-07-02 08:00:00+00:00,0.01376,0.0139,0.01368,0.01379,369519687.0
2025-07-02 12:00:00+00:00,0.01379,0.01425,0.01373,0.01422,597736138.0
2025-07-02 16:00:00+00:00,0.01422,0.01496,0.01422,0.01494,1363969292.0
2025-07-02 20:00:00+00:00,0.01494,0.01508,0.0147,0.01471,523556493.0
2025-07-03 00:00:00+00:00,0.01471,0.01491,0.01467,0.01474,339829830.0
2025-07-03 04:00:00+00:00,0.01474,0.0152,0.01472,0.01511,442660711.0
2025-07-03 08:00:00+00:00,0.01511,0.01517,0.01481,0.01487,428669269.0
2025-07-03 12:00:00+00:00,0.01487,0.01512,0.01455,0.01459,1004066814.0
2025-07-03 16:00:00+00:00,0.01459,0.01481,0.01448,0.01479,840328032.0
2025-07-03 20:00:00+00:00,0.01479,0.01491,0.01476,0.0148,193623562.0
2025-07-04 00:00:00+00:00,0.0148,0.0149,0.0146,0.01464,258898369.0
2025-07-04 04:00:00+00:00,0.01464,0.01468,0.01415,0.01417,393976105.0
2025-07-04 08:00:00+00:00,0.01417,0.01438,0.01409,0.01422,286914838.0
2025-07-04 12:00:00+00:00,0.01422,0.01428,0.01385,0.01387,493286538.0
2025-07-04 16:00:00+00:00,0.01387,0.01389,0.01359,0.01371,606969344.0
2025-07-04 20:00:00+00:00,0.01371,0.01392,0.01369,0.01387,255718392.0
2025-07-05 00:00:00+00:00,0.01387,0.01403,0.01378,0.01393,318576824.0
2025-07-05 04:00:00+00:00,0.01393,0.01408,0.01379,0.01396,210498918.0
2025-07-05 08:00:00+00:00,0.01396,0.014,0.01382,0.01386,159473807.0
2025-07-05 12:00:00+00:00,0.01386,0.01387,0.01372,0.01375,271309347.0
2025-07-05 16:00:00+00:00,0.01375,0.01385,0.01356,0.01374,400038919.0
2025-07-05 20:00:00+00:00,0.01374,0.01396,0.01368,0.0139,203199479.0
2025-07-06 00:00:00+00:00,0.0139,0.01392,0.01379,0.01382,174786418.0
2025-07-06 04:00:00+00:00,0.01382,0.01395,0.01375,0.01386,232665801.0
2025-07-06 08:00:00+00:00,0.01386,0.01395,0.01379,0.01393,216222465.0
2025-07-06 12:00:00+00:00,0.01393,0.0143,0.01388,0.01418,391238754.0
2025-07-06 16:00:00+00:00,0.01418,0.01431,0.01405,0.01418,227277403.0
2025-07-06 20:00:00+00:00,0.01418,0.01453,0.01415,0.01424,334743864.0
2025-07-07 00:00:00+00:00,0.01424,0.01449,0.01419,0.01437,224849259.0
2025-07-07 04:00:00+00:00,0.01437,0.01443,0.01417,0.0144,215383787.0
2025-07-07 08:00:00+00:00,0.0144,0.01446,0.01417,0.01421,201900096.0
2025-07-07 12:00:00+00:00,0.01421,0.01438,0.01405,0.01414,515110727.0
2025-07-07 16:00:00+00:00,0.01414,0.01424,0.01395,0.0141,520041787.0
2025-07-07 20:00:00+00:00,0.0141,0.01413,0.01388,0.01411,374898465.0
2025-07-08 00:00:00+00:00,0.01411,0.01416,0.01383,0.0139,495357425.0
2025-07-08 04:00:00+00:00,0.0139,0.01402,0.01379,0.01397,239617401.0
2025-07-08 08:00:00+00:00,0.01397,0.01421,0.01384,0.01416,222942882.0
2025-07-08 12:00:00+00:00,0.01416,0.0143,0.01397,0.01403,417310346.0
2025-07-08 16:00:00+00:00,0.01403,0.01449,0.014,0.01441,539633732.0
2025-07-08 20:00:00+00:00,0.01441,0.01446,0.01429,0.01433,234428280.0
2025-07-09 00:00:00+00:00,0.01433,0.01439,0.01412,0.01419,257073462.0
2025-07-09 04:00:00+00:00,0.01419,0.01464,0.01417,0.01462,548518434.0
2025-07-09 08:00:00+00:00,0.01462,0.01481,0.01453,0.01469,624296463.0
2025-07-09 12:00:00+00:00,0.01469,0.01493,0.01457,0.01475,960175334.0
2025-07-09 16:00:00+00:00,0.01475,0.01532,0.01471,0.01528,917389585.0
2025-07-09 20:00:00+00:00,0.01528,0.01553,0.01511,0.01535,670287408.0
2025-07-10 00:00:00+00:00,0.01535,0.01548,0.01522,0.01541,324181185.0
2025-07-10 04:00:00+00:00,0.01541,0.01558,0.01528,0.01547,368838195.0
2025-07-10 08:00:00+00:00,0.01547,0.01553,0.01537,0.01549,281829115.0
2025-07-10 12:00:00+00:00,0.01549,0.01566,0.01534,0.0154,509474216.0
2025-07-10 16:00:00+00:00,0.0154,0.0161,0.01539,0.01596,808748497.0
2025-07-10 20:00:00+00:00,0.01596,0.01698,0.01596,0.01692,740551817.0
2025-07-11 00:00:00+00:00,0.01692,0.01734,0.01655,0.01727,497130463.0
2025-07-11 04:00:00+00:00,0.01727,0.01782,0.01708,0.0172,867938219.0
2025-07-11 08:00:00+00:00,0.0172,0.01759,0.0172,0.01732,514843693.0
2025-07-11 12:00:00+00:00,0.01732,0.01784,0.01717,0.01729,1026071348.0
2025-07-11 16:00:00+00:00,0.01729,0.0179,0.01722,0.01782,755674702.0
2025-07-11 20:00:00+00:00,0.01782,0.01783,0.01668,0.01701,611340697.0
2025-07-12 00:00:00+00:00,0.01701,0.01739,0.01663,0.01728,371828520.0
2025-07-12 04:00:00+00:00,0.01728,0.01731,0.01672,0.01712,337812072.0
2025-07-12 08:00:00+00:00,0.01712,0.01722,0.0169,0.0171,225483449.0
2025-07-12 12:00:00+00:00,0.0171,0.01718,0.01613,0.01627,768771005.0
2025-07-12 16:00:00+00:00,0.01627,0.01671,0.01613,0.01662,357097507.0
2025-07-12 20:00:00+00:00,0.01662,0.01668,0.01633,0.01664,230295262.0
2025-07-13 00:00:00+00:00,0.01664,0.01685,0.01654,0.01669,254932413.0
2025-07-13 04:00:00+00:00,0.01669,0.01716,0.0166,0.01707,251310724.0
2025-07-13 08:00:00+00:00,0.01707,0.01711,0.01678,0.0171,200906406.0
2025-07-13 12:00:00+00:00,0.0171,0.01769,0.017,0.01737,633458347.0
2025-07-13 16:00:00+00:00,0.01737,0.01762,0.01716,0.01737,371907945.0
2025-07-13 20:00:00+00:00,0.01737,0.01762,0.01698,0.01722,408404183.0
2025-07-14 00:00:00+00:00,0.01722,0.01818,0.01711,0.01798,897450991.0
2025-07-14 04:00:00+00:00,0.01798,0.01839,0.01764,0.01794,919161499.0
2025-07-14 08:00:00+00:00,0.01794,0.01796,0.01752,0.01756,549379860.0
2025-07-14 12:00:00+00:00,0.01756,0.01779,0.01701,0.01717,792153502.0
2025-07-14 16:00:00+00:00,0.01717,0.01735,0.01678,0.01689,698392211.0
2025-07-14 20:00:00+00:00,0.01689,0.01714,0.01664,0.01704,419163446.0
2025-07-15 00:00:00+00:00,0.01704,0.0172,0.01635,0.01657,647711712.0
2025-07-15 04:00:00+00:00,0.01657,0.01683,0.01638,0.01657,329042324.0
2025-07-15 08:00:00+00:00,0.01657,0.01678,0.01643,0.01669,554291580.0
2025-07-15 12:00:00+00:00,0.01669,0.01723,0.01645,0.0171,803054448.0
2025-07-15 16:00:00+00:00,0.0171,0.01795,0.01708,0.0172,1177940397.0
2025-07-15 20:00:00+00:00,0.0172,0.01786,0.0171,0.01782,427521388.0
2025-07-16 00:00:00+00:00,0.01782,0.01796,0.01735,0.01745,438332483.0
2025-07-16 04:00:00+00:00,0.01745,0.0179,0.01728,0.01781,420550185.0
2025-07-16 08:00:00+00:00,0.01781,0.01783,0.0175,0.01765,417445602.0
2025-07-16 12:00:00+00:00,0.01765,0.01809,0.01752,0.01781,1013807764.0
2025-07-16 16:00:00+00:00,0.01781,0.0186,0.0178,0.01833,885548633.0
2025-07-16 20:00:00+00:00,0.01833,0.01892,0.0181,0.01815,690070764.0
2025-07-17 00:00:00+00:00,0.01815,0.01857,0.01761,0.01776,633268993.0
2025-07-17 04:00:00+00:00,0.01776,0.0185,0.01769,0.01833,621332382.0
2025-07-17 08:00:00+00:00,0.01833,0.01879,0.01828,0.01842,576390723.0
2025-07-17 12:00:00+00:00,0.01842,0.01868,0.01808,0.01845,760825110.0
2025-07-17 16:00:00+00:00,0.01845,0.01856,0.01784,0.01806,913360095.0
2025-07-17 20:00:00+00:00,0.01806,0.01895,0.01777,0.0186,823436131.0
2025-07-18 00:00:00+00:00,0.0186,0.01936,0.01848,0.01932,698823081.0
2025-07-18 04:00:00+00:00,0.01932,0.02049,0.01918,0.02,1069999492.0
2025-07-18 08:00:00+00:00,0.02,0.02031,0.01952,0.01986,721434174.0
2025-07-18 12:00:00+00:00,0.01986,0.02031,0.01891,0.0191,1179371900.0
2025-07-18 16:00:00+00:00,0.0191,0.01947,0.01872,0.0189,608157031.0
2025-07-18 20:00:00+00:00,0.0189,0.01895,0.0182,0.01869,815307128.0
2025-07-19 00:00:00+00:00,0.01869,0.01907,0.01806,0.01906,447548177.0
2025-07-19 04:00:00+00:00,0.01906,0.01934,0.01872,0.01876,456194357.0
2025-07-19 08:00:00+00:00,0.01876,0.01882,0.01834,0.01839,399910132.0
2025-07-19 12:00:00+00:00,0.01839,0.01854,0.01807,0.01833,363652080.0
2025-07-19 16:00:00+00:00,0.01833,0.01932,0.01822,0.0192,541736655.0
2025-07-19 20:00:00+00:00,0.0192,0.01943,0.01895,0.01932,364595937.0
2025-07-20 00:00:00+00:00,0.01932,0.01956,0.0191,0.01936,326267066.0
2025-07-20 04:00:00+00:00,0.01936,0.0198,0.01927,0.01964,382191661.0
2025-07-20 08:00:00+00:00,0.01964,0.02005,0.01964,0.01991,441065682.0
2025-07-20 12:00:00+00:00,0.01991,0.02034,0.01974,0.0203,494662368.0
2025-07-20 16:00:00+00:00,0.0203,0.02058,0.01998,0.02012,920447547.0
2025-07-20 20:00:00+00:00,0.02012,0.0202,0.01934,0.01996,741486406.0
2025-07-21 00:00:00+00:00,0.01996,0.02033,0.01946,0.02028,521207858.0
2025-07-21 04:00:00+00:00,0.02028,0.02053,0.01999,0.02045,445488788.0
2025-07-21 08:00:00+00:00,0.02045,0.02073,0.02005,0.02052,448439087.0
2025-07-21 12:00:00+00:00,0.02052,0.02099,0.02027,0.02049,949743617.0
2025-07-21 16:00:00+00:00,0.02049,0.02055,0.01977,0.01988,977429578.0
2025-07-21 20:00:00+00:00,0.01988,0.02052,0.0198,0.02032,382884681.0
2025-07-22 00:00:00+00:00,0.02032,0.02072,0.01952,0.01984,1062813089.0
2025-07-22 04:00:00+00:00,0.01984,0.01989,0.01915,0.01943,828870158.0
2025-07-22 08:00:00+00:00,0.01943,0.01972,0.01889,0.0196,694620043.0
2025-07-22 12:00:00+00:00,0.0196,0.01999,0.01903,0.01972,1210946897.0
2025-07-22 16:00:00+00:00,0.01972,0.02015,0.01942,0.0195,956244015.0
2025-07-22 20:00:00+00:00,0.0195,0.0202,0.01944,0.02017,483218955.0
2025-07-23 00:00:00+00:00,0.02017,0.02023,0.01965,0.01984,530888679.0
2025-07-23 04:00:00+00:00,0.01984,0.02019,0.01966,0.01981,430607897.0
2025-07-23 08:00:00+00:00,0.01981,0.02001,0.01916,0.0193,570368032.0
2025-07-23 12:00:00+00:00,0.0193,0.01939,0.01811,0.01864,2269959754.0
2025-07-23 16:00:00+00:00,0.01864,0.01864,0.01767,0.01803,1057374758.0
2025-07-23 20:00:00+00:00,0.01803,0.01815,0.01722,0.01784,1127559055.0
2025-07-24 00:00:00+00:00,0.01784,0.01821,0.01769,0.01792,300755717.0
2025-07-24 04:00:00+00:00,0.01792,0.01803,0.01647,0.01707,1531967500.0
2025-07-24 08:00:00+00:00,0.01707,0.0176,0.0169,0.01753,659304760.0
2025-07-24 12:00:00+00:00,0.01753,0.01806,0.01707,0.01772,928882792.0
2025-07-24 16:00:00+00:00,0.01772,0.01781,0.01721,0.01747,695934571.0
2025-07-24 20:00:00+00:00,0.01747,0.01772,0.01715,0.01724,455365340.0
2025-07-25 00:00:00+00:00,0.01724,0.01736,0.01654,0.01687,846081812.0
2025-07-25 04:00:00+00:00,0.01687,0.01712,0.01659,0.01692,566301188.0
2025-07-25 08:00:00+00:00,0.01692,0.01749,0.01686,0.01731,432336788.0
2025-07-25 12:00:00+00:00,0.01731,0.01747,0.01658,0.01686,749619053.0
2025-07-25 16:00:00+00:00,0.01686,0.01721,0.01675,0.01706,353698439.0
2025-07-25 20:00:00+00:00,0.01706,0.01767,0.01704,0.01761,297474165.0
2025-07-26 00:00:00+00:00,0.01761,0.01777,0.01744,0.01764,246751717.0
2025-07-26 04:00:00+00:00,0.01764,0.01768,0.0175,0.01756,105876758.0
2025-07-26 08:00:00+00:00,0.01756,0.01776,0.01754,0.0176,201652137.0
2025-07-26 12:00:00+00:00,0.0176,0.01783,0.01752,0.0178,323941574.0
2025-07-26 16:00:00+00:00,0.0178,0.01801,0.01758,0.01798,360831889.0
2025-07-26 20:00:00+00:00,0.01798,0.01805,0.01764,0.01767,226170245.0
2025-07-27 00:00:00+00:00,0.01767,0.01801,0.01763,0.01783,221689669.0
2025-07-27 04:00:00+00:00,0.01783,0.01808,0.0178,0.01789,203037997.0
2025-07-27 08:00:00+00:00,0.01789,0.01804,0.01762,0.01785,328332175.0
2025-07-27 12:00:00+00:00,0.01785,0.01806,0.01767,0.01785,351988591.0
2025-07-27 16:00:00+00:00,0.01785,0.01824,0.01785,0.018,523029315.0
2025-07-27 20:00:00+00:00,0.018,0.01845,0.01788,0.01834,376261773.0
2025-07-28 00:00:00+00:00,0.01834,0.01857,0.01803,0.01838,531068371.0
2025-07-28 04:00:00+00:00,0.01838,0.01873,0.01828,0.01851,672818204.0
2025-07-28 08:00:00+00:00,0.01851,0.01873,0.01831,0.01845,433769196.0
2025-07-28 12:00:00+00:00,0.01845,0.01849,0.01737,0.01757,1125408641.0
2025-07-28 16:00:00+00:00,0.01757,0.01763,0.01701,0.01717,667974834.0
2025-07-28 20:00:00+00:00,0.01717,0.01721,0.01674,0.01697,478514502.0
2025-07-29 00:00:00+00:00,0.01697,0.01711,0.01655,0.01696,587517796.0
2025-07-29 04:00:00+00:00,0.01696,0.01764,0.01683,0.01757,503444798.0
2025-07-29 08:00:00+00:00,0.01757,0.01761,0.017,0.01714,432633653.0
2025-07-29 12:00:00+00:00,0.01714,0.01744,0.01665,0.01683,751543897.0
2025-07-29 16:00:00+00:00,0.01683,0.01695,0.01648,0.01657,623401110.0
2025-07-29 20:00:00+00:00,0.01657,0.01689,0.01634,0.01682,544556186.0
2025-07-30 00:00:00+00:00,0.01682,0.01686,0.01644,0.01668,276324247.0
2025-07-30 04:00:00+00:00,0.01668,0.01677,0.01644,0.01648,394235010.0
2025-07-30 08:00:00+00:00,0.01648,0.01664,0.01586,0.01597,706230333.0
2025-07-30 12:00:00+00:00,0.01597,0.01649,0.01582,0.01634,727305993.0
2025-07-30 16:00:00+00:00,0.01634,0.01661,0.01539,0.01621,1484697012.0
2025-07-30 20:00:00+00:00,0.01621,0.01644,0.01601,0.0164,398882371.0
2025-07-31 00:00:00+00:00,0.0164,0.01665,0.01634,0.0166,546170730.0
2025-07-31 04:00:00+00:00,0.0166,0.01665,0.01649,0.01656,255613602.0
2025-07-31 08:00:00+00:00,0.01656,0.01667,0.0164,0.01647,289758573.0
2025-07-31 12:00:00+00:00,0.01647,0.01649,0.0158,0.01602,992057951.0
2025-07-31 16:00:00+00:00,0.01602,0.01645,0.01583,0.01586,658220979.0
2025-07-31 20:00:00+00:00,0.01586,0.01592,0.01534,0.01544,621045543.0
2025-08-01 00:00:00+00:00,0.01544,0.01556,0.01498,0.0155,1503386697.0
2025-08-01 04:00:00+00:00,0.0155,0.0155,0.01509,0.01522,582163799.0
2025-08-01 08:00:00+00:00,0.01522,0.01527,0.01481,0.01524,661942814.0
2025-08-01 12:00:00+00:00,0.01524,0.01543,0.01479,0.01537,1137459333.0
2025-08-01 16:00:00+00:00,0.01537,0.01548,0.01488,0.01529,860471431.0
2025-08-01 20:00:00+00:00,0.01529,0.01533,0.01446,0.01491,1065091292.0
2025-08-02 00:00:00+00:00,0.01491,0.01516,0.01488,0.01515,288880964.0
2025-08-02 04:00:00+00:00,0.01515,0.0152,0.01465,0.01509,439017713.0
2025-08-02 08:00:00+00:00,0.01509,0.01513,0.01468,0.01487,566412006.0
2025-08-02 12:00:00+00:00,0.01487,0.01495,0.01452,0.01459,615909621.0
2025-08-02 16:00:00+00:00,0.01459,0.01477,0.01426,0.01449,1374103591.0
2025-08-02 20:00:00+00:00,0.01449,0.01471,0.01445,0.01461,510046708.0
2025-08-03 00:00:00+00:00,0.01461,0.01487,0.01439,0.01483,465428909.0
2025-08-03 04:00:00+00:00,0.01483,0.01493,0.01477,0.0149,268478977.0
2025-08-03 08:00:00+00:00,0.0149,0.01511,0.01485,0.01504,330296093.0
2025-08-03 12:00:00+00:00,0.01504,0.01508,0.01492,0.01505,395018373.0
2025-08-03 16:00:00+00:00,0.01505,0.01513,0.015,0.01505,208583015.0
2025-08-03 20:00:00+00:00,0.01505,0.01523,0.01501,0.01512,168450478.0
2025-08-04 00:00:00+00:00,0.01512,0.01543,0.01509,0.0153,285557266.0
2025-08-04 04:00:00+00:00,0.0153,0.01551,0.01526,0.01545,341218454.0
2025-08-04 08:00:00+00:00,0.01545,0.01551,0.01524,0.01527,209741046.0
2025-08-04 12:00:00+00:00,0.01527,0.01568,0.01526,0.01555,645670089.0
2025-08-04 16:00:00+00:00,0.01555,0.01588,0.01552,0.01557,348044606.0
2025-08-04 20:00:00+00:00,0.01557,0.01589,0.01555,0.01584,340311799.0
2025-08-05 00:00:00+00:00,0.01584,0.01589,0.01549,0.0155,272412697.0
2025-08-05 04:00:00+00:00,0.0155,0.01561,0.01515,0.01521,638000729.0
2025-08-05 08:00:00+00:00,0.01521,0.01567,0.01515,0.01563,400656714.0
2025-08-05 12:00:00+00:00,0.01563,0.01565,0.01492,0.01501,1157422233.0
2025-08-05 16:00:00+00:00,0.01501,0.01519,0.01496,0.01504,386529156.0
2025-08-05 20:00:00+00:00,0.01504,0.01525,0.01479,0.01522,313454751.0
2025-08-06 00:00:00+00:00,0.01522,0.01522,0.01482,0.01487,302828013.0
2025-08-06 04:00:00+00:00,0.01487,0.01533,0.01479,0.0153,629897784.0
2025-08-06 08:00:00+00:00,0.0153,0.01536,0.01511,0.01516,419304645.0
2025-08-06 12:00:00+00:00,0.01516,0.01558,0.01499,0.01553,632869637.0
2025-08-06 16:00:00+00:00,0.01553,0.01559,0.01533,0.01547,295290830.0
2025-08-06 20:00:00+00:00,0.01547,0.0155,0.01534,0.01541,185287505.0
2025-08-07 00:00:00+00:00,0.01541,0.01558,0.01534,0.01536,245946917.0
2025-08-07 04:00:00+00:00,0.01536,0.0156,0.01534,0.01553,272579174.0
2025-08-07 08:00:00+00:00,0.01553,0.01611,0.01546,0.0161,536961655.0
2025-08-07 12:00:00+00:00,0.0161,0.01617,0.0159,0.016,399972910.0
2025-08-07 16:00:00+00:00,0.016,0.0162,0.01566,0.01612,581634672.0
2025-08-07 20:00:00+00:00,0.01612,0.01644,0.01606,0.01641,349566231.0
2025-08-08 00:00:00+00:00,0.01641,0.01678,0.01617,0.01655,1915469219.0
2025-08-08 04:00:00+00:00,0.01655,0.01676,0.01636,0.0167,290342604.0
2025-08-08 08:00:00+00:00,0.0167,0.01683,0.01662,0.0167,305559546.0
2025-08-08 12:00:00+00:00,0.0167,0.01693,0.01638,0.01652,628484056.0
2025-08-08 16:00:00+00:00,0.01652,0.01712,0.01651,0.01705,483543428.0
2025-08-08 20:00:00+00:00,0.01705,0.0171,0.01692,0.01699,259396627.0
2025-08-09 00:00:00+00:00,0.01699,0.01707,0.01693,0.017,170828450.0
2025-08-09 04:00:00+00:00,0.017,0.01761,0.01696,0.01748,527304743.0
2025-08-09 08:00:00+00:00,0.01748,0.01786,0.01732,0.0178,522149521.0
2025-08-09 12:00:00+00:00,0.0178,0.01801,0.01761,0.01776,425445883.0
2025-08-09 16:00:00+00:00,0.01776,0.01814,0.01776,0.01805,378964442.0
2025-08-09 20:00:00+00:00,0.01805,0.01829,0.01783,0.01791,441653801.0
2025-08-10 00:00:00+00:00,0.01791,0.01825,0.01779,0.01803,466482716.0
2025-08-10 04:00:00+00:00,0.01803,0.01817,0.01729,0.01734,543624147.0
2025-08-10 08:00:00+00:00,0.01734,0.01753,0.01711,0.01723,586963463.0
2025-08-10 12:00:00+00:00,0.01723,0.01767,0.01714,0.01759,444748225.0
2025-08-10 16:00:00+00:00,0.01759,0.01803,0.01756,0.01789,305114892.0
2025-08-10 20:00:00+00:00,0.01789,0.01793,0.0174,0.01768,473268328.0
2025-08-11 00:00:00+00:00,0.01768,0.01838,0.01755,0.01815,691935047.0
2025-08-11 04:00:00+00:00,0.01815,0.0183,0.01749,0.01754,400737199.0
2025-08-11 08:00:00+00:00,0.01754,0.01783,0.0169,0.017,803120126.0
2025-08-11 12:00:00+00:00,0.017,0.01743,0.0168,0.01727,1210024915.0
2025-08-11 16:00:00+00:00,0.01727,0.01761,0.01687,0.01703,873116242.0
2025-08-11 20:00:00+00:00,0.01703,0.01704,0.01653,0.01669,617787379.0
2025-08-12 00:00:00+00:00,0.01669,0.0171,0.01665,0.01689,268376543.0
2025-08-12 04:00:00+00:00,0.01689,0.01704,0.01655,0.01701,341469176.0
2025-08-12 08:00:00+00:00,0.01701,0.01703,0.01645,0.01672,353429635.0
2025-08-12 12:00:00+00:00,0.01672,0.01766,0.01662,0.01763,1053263194.0
2025-08-12 16:00:00+00:00,0.01763,0.01809,0.01752,0.01799,459190867.0
2025-08-12 20:00:00+00:00,0.01799,0.01824,0.0179,0.01797,391647716.0
2025-08-13 00:00:00+00:00,0.01797,0.01829,0.01781,0.01821,369532786.0
2025-08-13 04:00:00+00:00,0.01821,0.01831,0.01782,0.01814,321242310.0
2025-08-13 08:00:00+00:00,0.01814,0.01866,0.01812,0.0185,552918341.0
2025-08-13 12:00:00+00:00,0.0185,0.01884,0.01832,0.01859,1041591500.0
2025-08-13 16:00:00+00:00,0.01859,0.01885,0.01849,0.01873,502322502.0
2025-08-13 20:00:00+00:00,0.01873,0.01917,0.01856,0.01891,443239560.0
2025-08-14 00:00:00+00:00,0.01891,0.01916,0.01861,0.01902,523698999.0
2025-08-14 04:00:00+00:00,0.01902,0.01909,0.01844,0.01855,464700370.0
2025-08-14 08:00:00+00:00,0.01855,0.01856,0.01808,0.01821,685380703.0
2025-08-14 12:00:00+00:00,0.01821,0.01828,0.01674,0.01706,2968303951.0
2025-08-14 16:00:00+00:00,0.01706,0.01706,0.01652,0.01676,942383071.0
2025-08-14 20:00:00+00:00,0.01676,0.01676,0.01631,0.01667,534760379.0
2025-08-15 00:00:00+00:00,0.01667,0.01705,0.01661,0.01695,347947307.0
2025-08-15 04:00:00+00:00,0.01695,0.01726,0.01677,0.01703,368796807.0
2025-08-15 08:00:00+00:00,0.01703,0.01714,0.01677,0.01686,267232131.0
2025-08-15 12:00:00+00:00,0.01686,0.01709,0.016,0.01616,1284759504.0
2025-08-15 16:00:00+00:00,0.01616,0.01643,0.01594,0.01622,539908931.0
2025-08-15 20:00:00+00:00,0.01622,0.01671,0.01614,0.01655,230954464.0
2025-08-16 00:00:00+00:00,0.01655,0.01682,0.01652,0.01666,140576123.0
2025-08-16 04:00:00+00:00,0.01666,0.01694,0.01664,0.01691,141233217.0
2025-08-16 08:00:00+00:00,0.01691,0.01708,0.01673,0.01682,275207918.0
2025-08-16 12:00:00+00:00,0.01682,0.01755,0.01679,0.01737,580251203.0
2025-08-16 16:00:00+00:00,0.01737,0.01749,0.01713,0.01724,340371706.0
2025-08-16 20:00:00+00:00,0.01724,0.01742,0.01718,0.01722,157992628.0
2025-08-17 00:00:00+00:00,0.01722,0.01732,0.01707,0.01726,153304581.0
2025-08-17 04:00:00+00:00,0.01726,0.01759,0.01725,0.01746,195325094.0
2025-08-17 08:00:00+00:00,0.01746,0.01768,0.01743,0.01757,289690770.0
2025-08-17 12:00:00+00:00,0.01757,0.01783,0.0174,0.01782,290668406.0
2025-08-17 16:00:00+00:00,0.01782,0.01795,0.01718,0.0173,442336685.0
2025-08-17 20:00:00+00:00,0.0173,0.01751,0.01719,0.01722,165931388.0
2025-08-18 00:00:00+00:00,0.01722,0.01725,0.01633,0.01655,729899616.0
2025-08-18 04:00:00+00:00,0.01655,0.01686,0.01634,0.01649,386389748.0
2025-08-18 08:00:00+00:00,0.01649,0.01665,0.01629,0.01653,313178835.0
2025-08-18 12:00:00+00:00,0.01653,0.0169,0.01646,0.01671,447439679.0
2025-08-18 16:00:00+00:00,0.01671,0.0169,0.01651,0.01674,270627805.0
2025-08-18 20:00:00+00:00,0.01674,0.01698,0.01657,0.01661,225541025.0
2025-08-19 00:00:00+00:00,0.01661,0.01686,0.01615,0.01622,459349782.0
2025-08-19 04:00:00+00:00,0.01622,0.01646,0.01605,0.01629,254557208.0
2025-08-19 08:00:00+00:00,0.01629,0.01669,0.01617,0.01668,248898783.0
2025-08-19 12:00:00+00:00,0.01668,0.01673,0.01609,0.01617,647744797.0
2025-08-19 16:00:00+00:00,0.01617,0.0162,0.01572,0.0159,697998354.0
2025-08-19 20:00:00+00:00,0.0159,0.01605,0.01567,0.01573,244875188.0
2025-08-20 00:00:00+00:00,0.01573,0.01613,0.01565,0.01598,269847313.0
2025-08-20 04:00:00+00:00,0.01598,0.01618,0.01597,0.016,176584807.0
2025-08-20 08:00:00+00:00,0.016,0.01627,0.01593,0.01615,249086299.0
2025-08-20 12:00:00+00:00,0.01615,0.01657,0.01573,0.01638,740053710.0
2025-08-20 16:00:00+00:00,0.01638,0.01676,0.01635,0.01675,388629587.0
2025-08-20 20:00:00+00:00,0.01675,0.01682,0.01663,0.01666,175534646.0
2025-08-21 00:00:00+00:00,0.01666,0.01684,0.01653,0.01668,254458192.0
2025-08-21 04:00:00+00:00,0.01668,0.01677,0.01642,0.01656,206725004.0
2025-08-21 08:00:00+00:00,0.01656,0.01659,0.01624,0.01632,273373858.0
2025-08-21 12:00:00+00:00,0.01632,0.01653,0.01608,0.01615,618527998.0
2025-08-21 16:00:00+00:00,0.01615,0.01638,0.01607,0.01617,309054682.0
2025-08-21 20:00:00+00:00,0.01617,0.01638,0.01607,0.01621,155251814.0
2025-08-22 00:00:00+00:00,0.01621,0.01645,0.01606,0.01616,193181724.0
2025-08-22 04:00:00+00:00,0.01616,0.01633,0.0161,0.01629,162468971.0
2025-08-22 08:00:00+00:00,0.01629,0.01638,0.01591,0.01593,286365888.0
2025-08-22 12:00:00+00:00,0.01593,0.0173,0.01557,0.01714,3529292425.0
2025-08-22 16:00:00+00:00,0.01714,0.01826,0.01714,0.01818,1175575144.0
2025-08-22 20:00:00+00:00,0.01818,0.01894,0.0181,0.01885,721716388.0
2025-08-23 00:00:00+00:00,0.01885,0.01893,0.01786,0.01809,632452449.0
2025-08-23 04:00:00+00:00,0.01809,0.01878,0.01808,0.01847,493665777.0
2025-08-23 08:00:00+00:00,0.01847,0.01876,0.01846,0.01862,343607370.0
2025-08-23 12:00:00+00:00,0.01862,0.01879,0.01834,0.01844,347465312.0
2025-08-23 16:00:00+00:00,0.01844,0.01864,0.01823,0.01864,217844824.0
2025-08-23 20:00:00+00:00,0.01864,0.01867,0.0184,0.01843,155023618.0
2025-08-24 00:00:00+00:00,0.01843,0.0185,0.0181,0.01822,188761766.0
2025-08-24 04:00:00+00:00,0.01822,0.01826,0.01769,0.01775,270919060.0
2025-08-24 08:00:00+00:00,0.01775,0.01788,0.01728,0.01739,377342951.0
2025-08-24 12:00:00+00:00,0.01739,0.01782,0.01734,0.01764,352859276.0
2025-08-24 16:00:00+00:00,0.01764,0.01874,0.01747,0.01798,2704690883.0
2025-08-24 20:00:00+00:00,0.01798,0.01822,0.01747,0.01796,761598570.0
2025-08-25 00:00:00+00:00,0.01796,0.01832,0.01747,0.01812,405216961.0
2025-08-25 04:00:00+00:00,0.01812,0.0182,0.01708,0.01716,568824529.0
2025-08-25 08:00:00+00:00,0.01716,0.0173,0.01669,0.01694,523031203.0
2025-08-25 12:00:00+00:00,0.01694,0.01712,0.01669,0.01677,540671843.0
2025-08-25 16:00:00+00:00,0.01677,0.01687,0.0162,0.01623,839887520.0
2025-08-25 20:00:00+00:00,0.01623,0.0163,0.01571,0.016,1369077623.0
2025-08-26 00:00:00+00:00,0.016,0.01636,0.01584,0.01615,368538913.0
2025-08-26 04:00:00+00:00,0.01615,0.01637,0.01602,0.01628,217105176.0
2025-08-26 08:00:00+00:00,0.01628,0.01632,0.01609,0.01619,217025784.0
2025-08-26 12:00:00+00:00,0.01619,0.01667,0.01611,0.01644,853356540.0
2025-08-26 16:00:00+00:00,0.01644,0.0169,0.0164,0.01684,314081044.0
2025-08-26 20:00:00+00:00,0.01684,0.01695,0.01671,0.01673,215472515.0
2025-08-27 00:00:00+00:00,0.01673,0.01701,0.01659,0.01692,267401646.0
2025-08-27 04:00:00+00:00,0.01692,0.01714,0.01666,0.01673,301342384.0
2025-08-27 08:00:00+00:00,0.01673,0.01686,0.0166,0.01673,225396997.0
2025-08-27 12:00:00+00:00,0.01673,0.01694,0.01648,0.01677,589511862.0
2025-08-27 16:00:00+00:00,0.01677,0.01684,0.01638,0.01651,290183317.0
2025-08-27 20:00:00+00:00,0.01651,0.01681,0.0163,0.01641,1168563772.0
2025-08-28 00:00:00+00:00,0.01641,0.01668,0.01623,0.01664,228647641.0
2025-08-28 04:00:00+00:00,0.01664,0.01683,0.01659,0.01674,232316185.0
2025-08-28 08:00:00+00:00,0.01674,0.01691,0.01658,0.01672,188600790.0
2025-08-28 12:00:00+00:00,0.01672,0.01718,0.01667,0.01678,566327847.0
2025-08-28 16:00:00+00:00,0.01678,0.01694,0.01645,0.01647,334859528.0
2025-08-28 20:00:00+00:00,0.01647,0.01735,0.01644,0.01727,327240040.0
2025-08-29 00:00:00+00:00,0.01727,0.01734,0.01691,0.01719,338135941.0
2025-08-29 04:00:00+00:00,0.01719,0.01724,0.01634,0.01638,442062945.0
2025-08-29 08:00:00+00:00,0.01638,0.01644,0.01599,0.01618,538303893.0
2025-08-29 12:00:00+00:00,0.01618,0.01674,0.01578,0.016,1859320648.0
2025-08-29 16:00:00+00:00,0.016,0.01606,0.0157,0.01596,469549125.0
2025-08-29 20:00:00+00:00,0.01596,0.01614,0.01578,0.01602,212085497.0
2025-08-30 00:00:00+00:00,0.01602,0.01631,0.01573,0.01624,264215703.0
2025-08-30 04:00:00+00:00,0.01624,0.01642,0.01616,0.0164,150983890.0
2025-08-30 08:00:00+00:00,0.0164,0.01643,0.01623,0.01634,127158447.0
2025-08-30 12:00:00+00:00,0.01634,0.01634,0.01598,0.01627,356634135.0
2025-08-30 16:00:00+00:00,0.01627,0.0163,0.01603,0.01614,216824934.0
2025-08-30 20:00:00+00:00,0.01614,0.01621,0.01605,0.01617,100361660.0
2025-08-31 00:00:00+00:00,0.01617,0.01689,0.01617,0.01678,359394504.0
2025-08-31 04:00:00+00:00,0.01678,0.0168,0.01645,0.0165,147081136.0
2025-08-31 08:00:00+00:00,0.0165,0.0167,0.01634,0.01646,236621109.0
2025-08-31 12:00:00+00:00,0.01646,0.01653,0.01624,0.01642,207107970.0
2025-08-31 16:00:00+00:00,0.01642,0.01652,0.01627,0.01635,151661703.0
2025-08-31 20:00:00+00:00,0.01635,0.01654,0.01608,0.01611,370877187.0
2025-09-01 00:00:00+00:00,0.01611,0.01612,0.01567,0.01582,632223846.0
2025-09-01 04:00:00+00:00,0.01582,0.01633,0.01553,0.01633,478892768.0
2025-09-01 08:00:00+00:00,0.01633,0.0167,0.01602,0.01605,650705659.0
2025-09-01 12:00:00+00:00,0.01605,0.01616,0.01571,0.01576,471901068.0
2025-09-01 16:00:00+00:00,0.01576,0.01586,0.01561,0.01585,350129406.0
2025-09-01 20:00:00+00:00,0.01585,0.01586,0.01509,0.01557,1030291982.0
2025-09-02 00:00:00+00:00,0.01557,0.01598,0.01545,0.01595,408160502.0
2025-09-02 04:00:00+00:00,0.01595,0.01602,0.01578,0.01581,257377011.0
2025-09-02 08:00:00+00:00,0.01581,0.01596,0.01577,0.01581,305261610.0
2025-09-02 12:00:00+00:00,0.01581,0.01616,0.01542,0.01568,808779617.0
2025-09-02 16:00:00+00:00,0.01568,0.01602,0.01568,0.01585,255293909.0
2025-09-02 20:00:00+00:00,0.01585,0.01623,0.01581,0.0161,233516622.0
2025-09-03 00:00:00+00:00,0.0161,0.01627,0.016,0.01617,130577855.0
2025-09-03 04:00:00+00:00,0.01617,0.01617,0.01587,0.01599,201388277.0
2025-09-03 08:00:00+00:00,0.01599,0.01615,0.01588,0.01606,188571150.0
2025-09-03 12:00:00+00:00,0.01606,0.01639,0.01594,0.01631,369534330.0
2025-09-03 16:00:00+00:00,0.01631,0.01638,0.01617,0.01634,244843608.0
2025-09-03 20:00:00+00:00,0.01634,0.01638,0.01621,0.01624,121923682.0
2025-09-04 00:00:00+00:00,0.01624,0.01631,0.0159,0.01591,194965784.0
2025-09-04 04:00:00+00:00,0.01591,0.01599,0.01564,0.01578,236547278.0
2025-09-04 08:00:00+00:00,0.01578,0.01587,0.01571,0.01575,130089223.0
2025-09-04 12:00:00+00:00,0.01575,0.01586,0.01553,0.01559,364020560.0
2025-09-04 16:00:00+00:00,0.01559,0.01567,0.01541,0.01547,248336833.0
2025-09-04 20:00:00+00:00,0.01547,0.0158,0.01545,0.0156,177638287.0
2025-09-05 00:00:00+00:00,0.0156,0.01581,0.01559,0.01579,113325945.0
2025-09-05 04:00:00+00:00,0.01579,0.01612,0.01577,0.01611,172752389.0
2025-09-05 08:00:00+00:00,0.01611,0.01621,0.016,0.0161,336835830.0
2025-09-05 12:00:00+00:00,0.0161,0.01645,0.01582,0.01597,1493953738.0
2025-09-05 16:00:00+00:00,0.01597,0.01611,0.01582,0.01611,203321062.0
2025-09-05 20:00:00+00:00,0.01611,0.01621,0.01597,0.01613,248649182.0
2025-09-06 00:00:00+00:00,0.01613,0.01619,0.01599,0.01607,96301901.0
2025-09-06 04:00:00+00:00,0.01607,0.01607,0.01589,0.01594,115260973.0
2025-09-06 08:00:00+00:00,0.01594,0.01595,0.01581,0.0159,118191073.0
2025-09-06 12:00:00+00:00,0.0159,0.01604,0.01582,0.01584,211183574.0
2025-09-06 16:00:00+00:00,0.01584,0.01598,0.01574,0.01577,270859736.0
2025-09-06 20:00:00+00:00,0.01577,0.01603,0.01576,0.01595,133209428.0
2025-09-07 00:00:00+00:00,0.01595,0.01619,0.01593,0.01613,174706545.0
2025-09-07 04:00:00+00:00,0.01613,0.01635,0.01611,0.01621,187671780.0
2025-09-07 08:00:00+00:00,0.01621,0.01635,0.01617,0.01631,181162645.0
2025-09-07 12:00:00+00:00,0.01631,0.0164,0.01623,0.0163,297092312.0
2025-09-07 16:00:00+00:00,0.0163,0.0163,0.01607,0.01616,165608863.0
2025-09-07 20:00:00+00:00,0.01616,0.01637,0.01612,0.01625,111752146.0
2025-09-08 00:00:00+00:00,0.01625,0.01662,0.01617,0.01652,316405625.0
2025-09-08 04:00:00+00:00,0.01652,0.01655,0.01635,0.0164,170982221.0
2025-09-08 08:00:00+00:00,0.0164,0.01671,0.0164,0.01657,277735503.0
2025-09-08 12:00:00+00:00,0.01657,0.01701,0.01652,0.01692,452911921.0
2025-09-08 16:00:00+00:00,0.01692,0.01711,0.0168,0.01684,320818315.0
2025-09-08 20:00:00+00:00,0.01684,0.01702,0.01669,0.01691,173498512.0
2025-09-09 00:00:00+00:00,0.01691,0.01715,0.01671,0.01703,361272705.0
2025-09-09 04:00:00+00:00,0.01703,0.01753,0.01694,0.01745,446045343.0
2025-09-09 08:00:00+00:00,0.01745,0.01756,0.01733,0.01737,249748742.0
2025-09-09 12:00:00+00:00,0.01737,0.01751,0.01672,0.01682,940988504.0
2025-09-09 16:00:00+00:00,0.01682,0.01696,0.01663,0.0169,283517925.0
2025-09-09 20:00:00+00:00,0.0169,0.01702,0.01674,0.01693,175821599.0
2025-09-10 00:00:00+00:00,0.01693,0.01719,0.01673,0.01714,193377974.0
2025-09-10 04:00:00+00:00,0.01714,0.01723,0.01697,0.01712,199294775.0
2025-09-10 08:00:00+00:00,0.01712,0.01717,0.01691,0.01697,167802249.0
2025-09-10 12:00:00+00:00,0.01697,0.01749,0.01695,0.01727,601254028.0
2025-09-10 16:00:00+00:00,0.01727,0.01734,0.01689,0.01698,248983986.0
2025-09-10 20:00:00+00:00,0.01698,0.01732,0.01697,0.0173,132342069.0
2025-09-11 00:00:00+00:00,0.0173,0.01743,0.01725,0.01743,153255360.0
2025-09-11 04:00:00+00:00,0.01743,0.01763,0.01718,0.01746,273710829.0
2025-09-11 08:00:00+00:00,0.01746,0.01755,0.01711,0.01714,309888568.0
2025-09-11 12:00:00+00:00,0.01714,0.01742,0.01688,0.01704,626404143.0
2025-09-11 16:00:00+00:00,0.01704,0.01739,0.01702,0.01734,223829134.0
2025-09-11 20:00:00+00:00,0.01734,0.01764,0.01731,0.01757,271378059.0
2025-09-12 00:00:00+00:00,0.01757,0.01784,0.01751,0.0176,305390143.0
2025-09-12 04:00:00+00:00,0.0176,0.01803,0.01751,0.01784,796350263.0
2025-09-12 08:00:00+00:00,0.01784,0.01786,0.01742,0.01745,344054638.0
2025-09-12 12:00:00+00:00,0.01745,0.01772,0.01734,0.01761,406135226.0
2025-09-12 16:00:00+00:00,0.01761,0.0181,0.01757,0.01807,455244188.0
2025-09-12 20:00:00+00:00,0.01807,0.01811,0.01786,0.01804,322891194.0
2025-09-13 00:00:00+00:00,0.01804,0.01836,0.01795,0.01825,459644018.0
2025-09-13 04:00:00+00:00,0.01825,0.01831,0.01808,0.0182,246363800.0
2025-09-13 08:00:00+00:00,0.0182,0.01863,0.01817,0.01861,384132444.0
2025-09-13 12:00:00+00:00,0.01861,0.01876,0.01807,0.01836,774654520.0
2025-09-13 16:00:00+00:00,0.01836,0.01847,0.01791,0.0183,500235127.0
2025-09-13 20:00:00+00:00,0.0183,0.01851,0.01827,0.01838,195942991.0
2025-09-14 00:00:00+00:00,0.01838,0.01842,0.018,0.01806,282041188.0
2025-09-14 04:00:00+00:00,0.01806,0.01827,0.01787,0.01804,153508582.0
2025-09-14 08:00:00+00:00,0.01804,0.01811,0.01756,0.01759,269045371.0
2025-09-14 12:00:00+00:00,0.01759,0.01772,0.01714,0.01728,551085097.0
2025-09-14 16:00:00+00:00,0.01728,0.01762,0.01723,0.01744,173865034.0
2025-09-14 20:00:00+00:00,0.01744,0.01773,0.01737,0.01745,144378103.0
2025-09-15 00:00:00+00:00,0.01745,0.01771,0.01728,0.01768,166613182.0
2025-09-15 04:00:00+00:00,0.01768,0.01786,0.01717,0.01724,452256424.0
2025-09-15 08:00:00+00:00,0.01724,0.01724,0.01665,0.01683,857178347.0
2025-09-15 12:00:00+00:00,0.01683,0.01689,0.01639,0.01651,552138403.0
2025-09-15 16:00:00+00:00,0.01651,0.01665,0.01631,0.01658,256836120.0
2025-09-15 20:00:00+00:00,0.01658,0.01671,0.01655,0.01666,90931214.0
2025-09-16 00:00:00+00:00,0.01666,0.01675,0.01653,0.01655,210932781.0
2025-09-16 04:00:00+00:00,0.01655,0.01685,0.01636,0.01681,289037299.0
2025-09-16 08:00:00+00:00,0.01681,0.01701,0.0167,0.01677,205111672.0
2025-09-16 12:00:00+00:00,0.01677,0.01696,0.01653,0.01695,540977236.0
2025-09-16 16:00:00+00:00,0.01695,0.01714,0.01679,0.01706,327095618.0
2025-09-16 20:00:00+00:00,0.01706,0.01716,0.01698,0.017,164241956.0
2025-09-17 00:00:00+00:00,0.017,0.01717,0.01689,0.01691,192424181.0
2025-09-17 04:00:00+00:00,0.01691,0.01709,0.01677,0.01705,210059584.0
2025-09-17 08:00:00+00:00,0.01705,0.01705,0.01668,0.01679,197818472.0
2025-09-17 12:00:00+00:00,0.01679,0.0169,0.01669,0.01677,171587497.0
2025-09-17 16:00:00+00:00,0.01677,0.01735,0.01663,0.01734,1210987002.0
2025-09-17 20:00:00+00:00,0.01734,0.01823,0.01712,0.01797,842571321.0
2025-09-18 00:00:00+00:00,0.01797,0.01817,0.01778,0.01808,370975930.0
2025-09-18 04:00:00+00:00,0.01808,0.01811,0.01772,0.01782,294739761.0
2025-09-18 08:00:00+00:00,0.01782,0.01795,0.01772,0.01785,393766732.0
2025-09-18 12:00:00+00:00,0.01785,0.01825,0.01779,0.01821,391079741.0
2025-09-18 16:00:00+00:00,0.01821,0.01867,0.0182,0.01845,515626390.0
2025-09-18 20:00:00+00:00,0.01845,0.01856,0.01817,0.01833,292254451.0
2025-09-19 00:00:00+00:00,0.01833,0.01882,0.01812,0.01818,597016047.0
2025-09-19 04:00:00+00:00,0.01818,0.01838,0.01797,0.01813,362399773.0
2025-09-19 08:00:00+00:00,0.01813,0.01829,0.0176,0.0177,441889493.0
2025-09-19 12:00:00+00:00,0.0177,0.01792,0.01736,0.01753,639638565.0
2025-09-19 16:00:00+00:00,0.01753,0.01764,0.01722,0.01725,342376167.0
2025-09-19 20:00:00+00:00,0.01725,0.01741,0.01696,0.01716,321182373.0
2025-09-20 00:00:00+00:00,0.01716,0.0173,0.01698,0.01725,228764435.0
2025-09-20 04:00:00+00:00,0.01725,0.01754,0.0172,0.01753,288992602.0
2025-09-20 08:00:00+00:00,0.01753,0.01759,0.01718,0.01731,216904941.0
2025-09-20 12:00:00+00:00,0.01731,0.01782,0.01724,0.01764,384265375.0
2025-09-20 16:00:00+00:00,0.01764,0.01772,0.01742,0.0175,337718644.0
2025-09-20 20:00:00+00:00,0.0175,0.01771,0.01745,0.01752,157198763.0
2025-09-21 00:00:00+00:00,0.01752,0.01762,0.01735,0.01758,190431009.0
2025-09-21 04:00:00+00:00,0.01758,0.01787,0.01749,0.01771,199850535.0
2025-09-21 08:00:00+00:00,0.01771,0.01778,0.01727,0.01743,335816373.0
2025-09-21 12:00:00+00:00,0.01743,0.01766,0.01735,0.01738,257761480.0
2025-09-21 16:00:00+00:00,0.01738,0.01751,0.01711,0.01742,391496252.0
2025-09-21 20:00:00+00:00,0.01742,0.01742,0.01716,0.01723,201715484.0
2025-09-22 00:00:00+00:00,0.01723,0.01733,0.01633,0.01652,1036147904.0
2025-09-22 04:00:00+00:00,0.01652,0.01659,0.01468,0.01538,2361995571.0
2025-09-22 08:00:00+00:00,0.01538,0.01552,0.01524,0.01534,402834770.0
2025-09-22 12:00:00+00:00,0.01534,0.0155,0.01508,0.01512,768841627.0
2025-09-22 16:00:00+00:00,0.01512,0.01522,0.01492,0.015,414076150.0
2025-09-22 20:00:00+00:00,0.015,0.01533,0.01496,0.0153,217252752.0
2025-09-23 00:00:00+00:00,0.0153,0.01539,0.01489,0.01525,399690215.0
2025-09-23 04:00:00+00:00,0.01525,0.0154,0.01509,0.01531,270246798.0
2025-09-23 08:00:00+00:00,0.01531,0.01552,0.01529,0.01545,209830353.0
2025-09-23 12:00:00+00:00,0.01545,0.01558,0.01527,0.01542,301487749.0
2025-09-23 16:00:00+00:00,0.01542,0.0156,0.01508,0.01513,444425628.0
2025-09-23 20:00:00+00:00,0.01513,0.01535,0.01506,0.01509,165960973.0
2025-09-24 00:00:00+00:00,0.01509,0.01544,0.01499,0.01505,282225111.0
2025-09-24 04:00:00+00:00,0.01505,0.01548,0.01477,0.01544,509376137.0
2025-09-24 08:00:00+00:00,0.01544,0.01554,0.01539,0.01549,139034841.0
2025-09-24 12:00:00+00:00,0.01549,0.01566,0.01538,0.01543,187862771.0
2025-09-24 16:00:00+00:00,0.01543,0.01556,0.0153,0.01538,138098147.0
2025-09-24 20:00:00+00:00,0.01538,0.01541,0.01514,0.01521,134909912.0
2025-09-25 00:00:00+00:00,0.01521,0.01525,0.01485,0.01498,508660644.0
2025-09-25 04:00:00+00:00,0.01498,0.01504,0.01464,0.01477,638743085.0
2025-09-25 08:00:00+00:00,0.01477,0.01498,0.01464,0.01471,454281395.0
2025-09-25 12:00:00+00:00,0.01471,0.01501,0.01437,0.01481,1083599293.0
2025-09-25 16:00:00+00:00,0.01481,0.01485,0.01396,0.01442,1460252438.0
2025-09-25 20:00:00+00:00,0.01442,0.01444,0.01401,0.01417,383344604.0
2025-09-26 00:00:00+00:00,0.01417,0.01444,0.0141,0.0144,250114717.0
2025-09-26 04:00:00+00:00,0.0144,0.01443,0.01413,0.01428,256574274.0
2025-09-26 08:00:00+00:00,0.01428,0.01439,0.01399,0.01416,266508575.0
2025-09-26 12:00:00+00:00,0.01416,0.01446,0.01398,0.01437,506942311.0
2025-09-26 16:00:00+00:00,0.01437,0.01482,0.01436,0.01461,328321584.0
2025-09-26 20:00:00+00:00,0.01461,0.0147,0.01456,0.01463,106752671.0
2025-09-27 00:00:00+00:00,0.01463,0.01464,0.01449,0.01456,110166042.0
2025-09-27 04:00:00+00:00,0.01456,0.0147,0.01451,0.01454,89239554.0
2025-09-27 08:00:00+00:00,0.01454,0.01456,0.01432,0.01448,155330116.0
2025-09-27 12:00:00+00:00,0.01448,0.01458,0.01431,0.01455,176351851.0
2025-09-27 16:00:00+00:00,0.01455,0.01457,0.01429,0.01439,186179651.0
2025-09-27 20:00:00+00:00,0.01439,0.01461,0.01436,0.01442,96795939.0
2025-09-28 00:00:00+00:00,0.01442,0.01445,0.01422,0.01431,146632956.0
2025-09-28 04:00:00+00:00,0.01431,0.01432,0.01414,0.0142,117570925.0
2025-09-28 08:00:00+00:00,0.0142,0.01427,0.01405,0.01418,255419178.0
2025-09-28 12:00:00+00:00,0.01418,0.01445,0.01408,0.01438,278003559.0
2025-09-28 16:00:00+00:00,0.01438,0.01461,0.01438,0.01459,152574593.0
2025-09-28 20:00:00+00:00,0.01459,0.01497,0.01457,0.01493,226977075.0
2025-09-29 00:00:00+00:00,0.01493,0.01494,0.01474,0.01479,115694546.0
2025-09-29 04:00:00+00:00,0.01479,0.01481,0.01454,0.01463,184582132.0
2025-09-29 08:00:00+00:00,0.01463,0.01474,0.01441,0.01452,258317273.0
2025-09-29 12:00:00+00:00,0.01452,0.01477,0.01426,0.01449,629321384.0
2025-09-29 16:00:00+00:00,0.01449,0.01461,0.0143,0.01459,401783039.0
2025-09-29 20:00:00+00:00,0.01459,0.0148,0.01446,0.01447,237127922.0
2025-09-30 00:00:00+00:00,0.01447,0.01454,0.01417,0.01433,332272062.0
2025-09-30 04:00:00+00:00,0.01433,0.01446,0.01425,0.01432,269749692.0
2025-09-30 08:00:00+00:00,0.01432,0.01435,0.01414,0.01428,214132629.0
2025-09-30 12:00:00+00:00,0.01428,0.01434,0.01384,0.01402,669240720.0
2025-09-30 16:00:00+00:00,0.01402,0.01438,0.01392,0.01435,415443012.0
2025-09-30 20:00:00+00:00,0.01435,0.0145,0.01424,0.01439,231961020.0
2025-10-01 00:00:00+00:00,0.01439,0.01449,0.01427,0.0143,241845445.0
2025-10-01 04:00:00+00:00,0.0143,0.01453,0.01428,0.01442,184017927.0
2025-10-01 08:00:00+00:00,0.01442,0.01529,0.01441,0.01508,632243071.0
2025-10-01 12:00:00+00:00,0.01508,0.01521,0.01494,0.01515,264881119.0
2025-10-01 16:00:00+00:00,0.01515,0.01545,0.01506,0.01537,262711763.0
2025-10-01 20:00:00+00:00,0.01537,0.01546,0.01525,0.01543,180918184.0
2025-10-02 00:00:00+00:00,0.01543,0.0157,0.01539,0.01564,267382918.0
2025-10-02 04:00:00+00:00,0.01564,0.0159,0.01563,0.0157,292323255.0
2025-10-02 08:00:00+00:00,0.0157,0.01584,0.01564,0.01577,238138957.0
2025-10-02 12:00:00+00:00,0.01577,0.0159,0.01546,0.0158,674515089.0
2025-10-02 16:00:00+00:00,0.0158,0.01644,0.01575,0.01636,581766053.0
2025-10-02 20:00:00+00:00,0.01636,0.01639,0.0161,0.01618,250040698.0
2025-10-03 00:00:00+00:00,0.01618,0.01622,0.01582,0.0159,314432804.0
2025-10-03 04:00:00+00:00,0.0159,0.0161,0.01576,0.01593,273103987.0
2025-10-03 08:00:00+00:00,0.01593,0.01597,0.01577,0.01583,204054079.0
2025-10-03 12:00:00+00:00,0.01583,0.01626,0.01569,0.01623,480653695.0
2025-10-03 16:00:00+00:00,0.01623,0.01646,0.01566,0.01627,1339763746.0
2025-10-03 20:00:00+00:00,0.01627,0.01648,0.01623,0.01635,444107372.0
2025-10-04 00:00:00+00:00,0.01635,0.01644,0.01595,0.01603,183118089.0
2025-10-04 04:00:00+00:00,0.01603,0.01621,0.01594,0.01605,163795246.0
2025-10-04 08:00:00+00:00,0.01605,0.01606,0.0157,0.0158,211533136.0
2025-10-04 12:00:00+00:00,0.0158,0.01602,0.01551,0.01557,365739575.0
2025-10-04 16:00:00+00:00,0.01557,0.0157,0.01541,0.01569,223227114.0
2025-10-04 20:00:00+00:00,0.01569,0.01596,0.01569,0.01586,202143635.0
2025-10-05 00:00:00+00:00,0.01586,0.01629,0.01573,0.01608,386352513.0
2025-10-05 04:00:00+00:00,0.01608,0.01646,0.01604,0.01644,411874587.0
2025-10-05 08:00:00+00:00,0.01644,0.01652,0.01596,0.0161,450448888.0
2025-10-05 12:00:00+00:00,0.0161,0.01613,0.01589,0.01605,160280233.0
2025-10-05 16:00:00+00:00,0.01605,0.0161,0.01553,0.01554,332304892.0
2025-10-05 20:00:00+00:00,0.01554,0.01579,0.0155,0.01572,143038916.0
2025-10-06 00:00:00+00:00,0.01572,0.016,0.01562,0.01593,241899551.0
2025-10-06 04:00:00+00:00,0.01593,0.01614,0.01573,0.01594,255601855.0
2025-10-06 08:00:00+00:00,0.01594,0.01617,0.01594,0.01606,234227208.0
2025-10-06 12:00:00+00:00,0.01606,0.01657,0.01606,0.01649,502130117.0
2025-10-06 16:00:00+00:00,0.01649,0.01664,0.01639,0.01657,296713941.0
2025-10-06 20:00:00+00:00,0.01657,0.01668,0.0164,0.01645,197040136.0
2025-10-07 00:00:00+00:00,0.01645,0.01657,0.01627,0.01633,146061079.0
2025-10-07 04:00:00+00:00,0.01633,0.01653,0.01604,0.01612,339913258.0
2025-10-07 08:00:00+00:00,0.01612,0.01631,0.01591,0.01629,296265481.0
2025-10-07 12:00:00+00:00,0.01629,0.0164,0.01539,0.01546,1663328710.0
2025-10-07 16:00:00+00:00,0.01546,0.01557,0.01523,0.01537,494169891.0
2025-10-07 20:00:00+00:00,0.01537,0.0156,0.01525,0.01529,225621877.0
2025-10-08 00:00:00+00:00,0.01529,0.01551,0.01505,0.01519,323933137.0
2025-10-08 04:00:00+00:00,0.01519,0.01536,0.01508,0.01535,299301513.0
2025-10-08 08:00:00+00:00,0.01535,0.01563,0.01534,0.01544,314073006.0
2025-10-08 12:00:00+00:00,0.01544,0.01581,0.01535,0.01558,546046291.0
2025-10-08 16:00:00+00:00,0.01558,0.01622,0.01555,0.01602,486390951.0
2025-10-08 20:00:00+00:00,0.01602,0.01609,0.01587,0.01591,212609032.0
2025-10-09 00:00:00+00:00,0.01591,0.01596,0.01536,0.01561,270826500.0
2025-10-09 04:00:00+00:00,0.01561,0.0157,0.01533,0.01539,178851605.0
2025-10-09 08:00:00+00:00,0.01539,0.01541,0.015,0.01516,575573222.0
2025-10-09 12:00:00+00:00,0.01516,0.01537,0.01481,0.01488,772546300.0
2025-10-09 16:00:00+00:00,0.01488,0.01535,0.0148,0.01526,595133920.0
2025-10-09 20:00:00+00:00,0.01526,0.01558,0.01518,0.0154,203403296.0
2025-10-10 00:00:00+00:00,0.0154,0.01583,0.01526,0.01565,312729305.0
2025-10-10 04:00:00+00:00,0.01565,0.01591,0.0155,0.01552,319001540.0
2025-10-10 08:00:00+00:00,0.01552,0.01581,0.01548,0.01575,236884373.0
2025-10-10 12:00:00+00:00,0.01575,0.01599,0.01472,0.01485,1928165384.0
2025-10-10 16:00:00+00:00,0.01485,0.01499,0.01419,0.01441,1095625136.0
2025-10-10 20:00:00+00:00,0.01441,0.01453,0.00258,0.01013,8777183258.0
2025-10-11 00:00:00+00:00,0.01013,0.01118,0.01004,0.01102,1034776848.0
2025-10-11 04:00:00+00:00,0.01102,0.01133,0.0108,0.01122,533500019.0
2025-10-11 08:00:00+00:00,0.01122,0.01176,0.0111,0.01139,583923300.0
2025-10-11 12:00:00+00:00,0.01139,0.01145,0.01086,0.0111,684122458.0
2025-10-11 16:00:00+00:00,0.0111,0.01115,0.01029,0.01045,681318019.0
2025-10-11 20:00:00+00:00,0.01045,0.01066,0.01001,0.01055,806968034.0
2025-10-12 00:00:00+00:00,0.01055,0.01087,0.01044,0.01072,799440651.0
2025-10-12 04:00:00+00:00,0.01072,0.01089,0.01069,0.01079,391435066.0
2025-10-12 08:00:00+00:00,0.01079,0.0109,0.01057,0.01079,512746046.0
2025-10-12 12:00:00+00:00,0.01079,0.01182,0.01069,0.01177,2867588520.0
2025-10-12 16:00:00+00:00,0.01177,0.01216,0.01173,0.01209,1399562529.0
2025-10-12 20:00:00+00:00,0.01209,0.01223,0.01177,0.01193,711826456.0
2025-10-13 00:00:00+00:00,0.01193,0.01205,0.01171,0.01178,642276956.0
2025-10-13 04:00:00+00:00,0.01178,0.0121,0.01169,0.01196,582551710.0
2025-10-13 08:00:00+00:00,0.01196,0.01223,0.01155,0.01185,1809458144.0
2025-10-13 12:00:00+00:00,0.01185,0.0124,0.0117,0.01219,2950210367.0
2025-10-13 16:00:00+00:00,0.01219,0.01261,0.01208,0.01254,1330164860.0
2025-10-13 20:00:00+00:00,0.01254,0.01266,0.01244,0.01249,464252795.0
2025-10-14 00:00:00+00:00,0.01249,0.01257,0.01206,0.01211,453690171.0
2025-10-14 04:00:00+00:00,0.01211,0.01217,0.01115,0.01142,2094729338.0
2025-10-14 08:00:00+00:00,0.01142,0.01165,0.01121,0.01155,1048703246.0
2025-10-14 12:00:00+00:00,0.01155,0.01195,0.01116,0.01192,1172441329.0
2025-10-14 16:00:00+00:00,0.01192,0.01219,0.01171,0.01198,1032295956.0
2025-10-14 20:00:00+00:00,0.01198,0.01213,0.01189,0.01201,288321457.0
2025-10-15 00:00:00+00:00,0.01201,0.01212,0.01183,0.01191,426846125.0
2025-10-15 04:00:00+00:00,0.01191,0.01215,0.01186,0.0121,622250896.0
2025-10-15 08:00:00+00:00,0.0121,0.01231,0.01173,0.01179,703524881.0
2025-10-15 12:00:00+00:00,0.01179,0.0119,0.01143,0.01161,1493282821.0
2025-10-15 16:00:00+00:00,0.01161,0.01172,0.01149,0.01155,628652653.0
2025-10-15 20:00:00+00:00,0.01155,0.01162,0.01124,0.01139,685678226.0
2025-10-16 00:00:00+00:00,0.01139,0.01158,0.01134,0.01147,329060720.0
2025-10-16 04:00:00+00:00,0.01147,0.01173,0.01143,0.0116,459042745.0
2025-10-16 08:00:00+00:00,0.0116,0.01178,0.01109,0.01168,1232518074.0
2025-10-16 12:00:00+00:00,0.01168,0.01182,0.01111,0.01122,1804013294.0
2025-10-16 16:00:00+00:00,0.01122,0.01159,0.01096,0.0111,1752620217.0
2025-10-16 20:00:00+00:00,0.0111,0.01117,0.01082,0.01109,589188328.0
2025-10-17 00:00:00+00:00,0.01109,0.0113,0.01098,0.01114,358965782.0
2025-10-17 04:00:00+00:00,0.01114,0.01115,0.01021,0.01027,1266135071.0
2025-10-17 08:00:00+00:00,0.01027,0.01065,0.01004,0.01054,1606045516.0
2025-10-17 12:00:00+00:00,0.01054,0.01068,0.01035,0.01067,1114297516.0
2025-10-17 16:00:00+00:00,0.01067,0.01083,0.01057,0.01065,667425933.0
2025-10-17 20:00:00+00:00,0.01065,0.01084,0.01062,0.01067,297940179.0
2025-10-18 00:00:00+00:00,0.01067,0.01084,0.01063,0.01076,250514344.0
2025-10-18 04:00:00+00:00,0.01076,0.01096,0.01061,0.01083,447368868.0
2025-10-18 08:00:00+00:00,0.01083,0.01102,0.01083,0.01098,394145524.0
2025-10-18 12:00:00+00:00,0.01098,0.01104,0.01073,0.01087,346414589.0
2025-10-18 16:00:00+00:00,0.01087,0.01096,0.01071,0.01095,329863461.0
2025-10-18 20:00:00+00:00,0.01095,0.01105,0.01089,0.01094,174043802.0
2025-10-19 00:00:00+00:00,0.01094,0.01104,0.01086,0.01102,158038856.0
2025-10-19 04:00:00+00:00,0.01102,0.01103,0.0108,0.01086,145325294.0
2025-10-19 08:00:00+00:00,0.01086,0.01122,0.01071,0.01109,696737730.0
2025-10-19 12:00:00+00:00,0.01109,0.01127,0.01099,0.0112,383874072.0
2025-10-19 16:00:00+00:00,0.0112,0.01136,0.01113,0.01126,349926966.0
2025-10-19 20:00:00+00:00,0.01126,0.0113,0.01112,0.01116,232932417.0
2025-10-20 00:00:00+00:00,0.01116,0.01149,0.01091,0.01144,519392752.0
2025-10-20 04:00:00+00:00,0.01144,0.01167,0.01138,0.01155,479410485.0
2025-10-20 08:00:00+00:00,0.01155,0.01171,0.01147,0.01153,275654395.0
2025-10-20 12:00:00+00:00,0.01153,0.01164,0.01141,0.01141,255699548.0
2025-10-20 16:00:00+00:00,0.01141,0.01157,0.01116,0.01152,557085297.0
2025-10-20 20:00:00+00:00,0.01152,0.01154,0.01131,0.01133,173913157.0
2025-10-21 00:00:00+00:00,0.01133,0.01135,0.011,0.01109,289072429.0
2025-10-21 04:00:00+00:00,0.01109,0.01111,0.01081,0.01095,501888540.0
2025-10-21 08:00:00+00:00,0.01095,0.01106,0.01076,0.01101,308320461.0
2025-10-21 12:00:00+00:00,0.01101,0.01177,0.01098,0.01169,1119694273.0
2025-10-21 16:00:00+00:00,0.01169,0.01178,0.01141,0.01153,691633772.0
2025-10-21 20:00:00+00:00,0.01153,0.01156,0.01088,0.0109,704546270.0
2025-10-22 00:00:00+00:00,0.0109,0.01097,0.01078,0.01085,538911470.0
2025-10-22 04:00:00+00:00,0.01085,0.01098,0.01069,0.01085,416310432.0
2025-10-22 08:00:00+00:00,0.01085,0.01086,0.01054,0.01078,581035673.0
2025-10-22 12:00:00+00:00,0.01078,0.01099,0.01069,0.01083,885572616.0
2025-10-22 16:00:00+00:00,0.01083,0.01089,0.01049,0.01061,629192168.0
2025-10-22 20:00:00+00:00,0.01061,0.01065,0.01009,0.01046,911922352.0
2025-10-23 00:00:00+00:00,0.01046,0.01054,0.01042,0.01048,242028164.0
2025-10-23 04:00:00+00:00,0.01048,0.01077,0.01046,0.01071,391002750.0
2025-10-23 08:00:00+00:00,0.01071,0.01087,0.01069,0.01072,268795982.0
2025-10-23 12:00:00+00:00,0.01072,0.01095,0.01059,0.01087,433064246.0
2025-10-23 16:00:00+00:00,0.01087,0.01118,0.01087,0.011,387404369.0
2025-10-23 20:00:00+00:00,0.011,0.011,0.0108,0.0109,265909857.0
2025-10-24 00:00:00+00:00,0.0109,0.01101,0.01083,0.01087,218948262.0
2025-10-24 04:00:00+00:00,0.01087,0.01113,0.01083,0.01098,289383546.0
2025-10-24 08:00:00+00:00,0.01098,0.01107,0.01077,0.01091,249377339.0
2025-10-24 12:00:00+00:00,0.01091,0.01125,0.01074,0.01086,845479360.0
2025-10-24 16:00:00+00:00,0.01086,0.01114,0.01076,0.01109,315478613.0
2025-10-24 20:00:00+00:00,0.01109,0.01121,0.01106,0.01116,220309436.0
2025-10-25 00:00:00+00:00,0.01116,0.01119,0.01105,0.01107,236473021.0
2025-10-25 04:00:00+00:00,0.01107,0.01116,0.01098,0.01102,183539104.0
2025-10-25 08:00:00+00:00,0.01102,0.01111,0.01099,0.01107,183009317.0
2025-10-25 12:00:00+00:00,0.01107,0.0112,0.01106,0.01119,281051178.0
2025-10-25 16:00:00+00:00,0.01119,0.01121,0.01109,0.01117,211388656.0
2025-10-25 20:00:00+00:00,0.01117,0.01119,0.01104,0.01106,179681752.0
2025-10-26 00:00:00+00:00,0.01106,0.01111,0.01088,0.01093,247536295.0
2025-10-26 04:00:00+00:00,0.01093,0.01112,0.01092,0.01111,142704887.0
2025-10-26 08:00:00+00:00,0.01111,0.01138,0.01105,0.01136,418435593.0
2025-10-26 12:00:00+00:00,0.01136,0.0115,0.0113,0.01149,386431672.0
2025-10-26 16:00:00+00:00,0.01149,0.0115,0.01136,0.0114,175092661.0
2025-10-26 20:00:00+00:00,0.0114,0.01168,0.01125,0.01145,460377245.0
2025-10-27 00:00:00+00:00,0.01145,0.01163,0.01143,0.01155,218738824.0
2025-10-27 04:00:00+00:00,0.01155,0.01166,0.01137,0.01147,306756873.0
2025-10-27 08:00:00+00:00,0.01147,0.0115,0.01121,0.01132,518858736.0
2025-10-27 12:00:00+00:00,0.01132,0.01133,0.01104,0.0112,568635492.0
2025-10-27 16:00:00+00:00,0.0112,0.01153,0.0112,0.01132,437597495.0
2025-10-27 20:00:00+00:00,0.01132,0.01136,0.01108,0.01119,469826149.0
2025-10-28 00:00:00+00:00,0.01119,0.01131,0.01099,0.01106,390481170.0
2025-10-28 04:00:00+00:00,0.01106,0.01129,0.01094,0.0111,430713529.0
2025-10-28 08:00:00+00:00,0.0111,0.01119,0.01107,0.0111,185736002.0
2025-10-28 12:00:00+00:00,0.0111,0.01135,0.01089,0.0111,856602024.0
2025-10-28 16:00:00+00:00,0.0111,0.01121,0.01083,0.0109,597225541.0
2025-10-28 20:00:00+00:00,0.0109,0.01091,0.01052,0.01076,1104374121.0
2025-10-29 00:00:00+00:00,0.01076,0.01082,0.01069,0.01072,168864716.0
2025-10-29 04:00:00+00:00,0.01072,0.01086,0.0107,0.01079,231822410.0
2025-10-29 08:00:00+00:00,0.01079,0.01098,0.01073,0.01094,185877720.0
2025-10-29 12:00:00+00:00,0.01094,0.01103,0.01069,0.01076,491004569.0
2025-10-29 16:00:00+00:00,0.01076,0.01117,0.01053,0.01102,2190423997.0
2025-10-29 20:00:00+00:00,0.01102,0.01118,0.01072,0.01078,550562922.0
2025-10-30 00:00:00+00:00,0.01078,0.0109,0.0107,0.01083,405373646.0
2025-10-30 04:00:00+00:00,0.01083,0.01083,0.01033,0.01071,1099746736.0
2025-10-30 08:00:00+00:00,0.01071,0.01072,0.01035,0.01036,362925921.0
2025-10-30 12:00:00+00:00,0.01036,0.01039,0.00979,0.00984,1750328692.0
2025-10-30 16:00:00+00:00,0.00984,0.00994,0.00942,0.0095,1724068937.0
2025-10-30 20:00:00+00:00,0.0095,0.0099,0.00947,0.00988,846510543.0
2025-10-31 00:00:00+00:00,0.00988,0.01016,0.00986,0.01007,527058478.0
2025-10-31 04:00:00+00:00,0.01007,0.01017,0.01002,0.01006,347379465.0
2025-10-31 08:00:00+00:00,0.01006,0.01015,0.00995,0.01013,286360394.0
2025-10-31 12:00:00+00:00,0.01013,0.01023,0.00998,0.0101,598483450.0
2025-10-31 16:00:00+00:00,0.0101,0.01022,0.00974,0.01017,852004251.0
2025-10-31 20:00:00+00:00,0.01017,0.01017,0.00998,0.01005,253330648.0
2025-11-01 00:00:00+00:00,0.01005,0.01013,0.00995,0.01007,256742618.0
2025-11-01 04:00:00+00:00,0.01007,0.0102,0.00997,0.01018,272903678.0
2025-11-01 08:00:00+00:00,0.01018,0.01037,0.01016,0.01033,405451995.0
2025-11-01 12:00:00+00:00,0.01033,0.01041,0.01019,0.01035,621784456.0
2025-11-01 16:00:00+00:00,0.01035,0.01045,0.01033,0.01042,395876000.0
2025-11-01 20:00:00+00:00,0.01042,0.01051,0.01031,0.01044,327112925.0
2025-11-02 00:00:00+00:00,0.01044,0.01045,0.0103,0.01034,177867712.0
2025-11-02 04:00:00+00:00,0.01034,0.01059,0.01031,0.01055,337741846.0
2025-11-02 08:00:00+00:00,0.01055,0.01056,0.01034,0.01048,382918971.0
2025-11-02 12:00:00+00:00,0.01048,0.0105,0.01009,0.01016,523598231.0
2025-11-02 16:00:00+00:00,0.01016,0.0102,0.01002,0.01012,417922934.0
2025-11-02 20:00:00+00:00,0.01012,0.01053,0.01008,0.01048,284524687.0
2025-11-03 00:00:00+00:00,0.01048,0.0105,0.0096,0.00964,860780213.0
2025-11-03 04:00:00+00:00,0.00964,0.00978,0.00938,0.00954,1053727253.0
2025-11-03 08:00:00+00:00,0.00954,0.00969,0.00934,0.00948,858958200.0
2025-11-03 12:00:00+00:00,0.00948,0.00964,0.00833,0.00879,4145903383.0
2025-11-03 16:00:00+00:00,0.00879,0.0092,0.00866,0.00882,1128298500.0
2025-11-03 20:00:00+00:00,0.00882,0.00886,0.00858,0.00883,1026707494.0
2025-11-04 00:00:00+00:00,0.00883,0.00911,0.00874,0.00909,495299365.0
2025-11-04 04:00:00+00:00,0.00909,0.00914,0.00851,0.00859,1118345638.0
2025-11-04 08:00:00+00:00,0.00859,0.00895,0.00856,0.00883,399187918.0
2025-11-04 12:00:00+00:00,0.00883,0.00901,0.00863,0.00879,670243412.0
2025-11-04 16:00:00+00:00,0.00879,0.0089,0.00822,0.00839,1704297450.0
2025-11-04 20:00:00+00:00,0.00839,0.00863,0.00789,0.0085,3026145698.0
2025-11-05 00:00:00+00:00,0.0085,0.00878,0.00808,0.00875,805684869.0
2025-11-05 04:00:00+00:00,0.00875,0.00881,0.00866,0.00878,349745994.0
2025-11-05 08:00:00+00:00,0.00878,0.00881,0.00858,0.00878,462855876.0
2025-11-05 12:00:00+00:00,0.00878,0.00896,0.00874,0.00893,556330503.0
2025-11-05 16:00:00+00:00,0.00893,0.00909,0.00883,0.009,335915215.0
2025-11-05 20:00:00+00:00,0.009,0.00913,0.00896,0.00903,275786265.0
2025-11-06 00:00:00+00:00,0.00903,0.00903,0.00883,0.00894,251154624.0
2025-11-06 04:00:00+00:00,0.00894,0.00896,0.0087,0.00875,301210902.0
2025-11-06 08:00:00+00:00,0.00875,0.008833,0.008679,0.00878,440147404.0
2025-11-06 12:00:00+00:00,0.00878,0.008903,0.008516,0.008591,1184646385.0
2025-11-06 16:00:00+00:00,0.008591,0.008899,0.008416,0.008809,943787389.0
2025-11-06 20:00:00+00:00,0.008809,0.008886,0.008688,0.00884,713611209.0
2025-11-07 00:00:00+00:00,0.00884,0.009149,0.008838,0.009109,1351457089.0
2025-11-07 04:00:00+00:00,0.009109,0.00937,0.009024,0.009338,554162795.0
2025-11-07 08:00:00+00:00,0.009338,0.009354,0.008979,0.009097,908120316.0
2025-11-07 12:00:00+00:00,0.009097,0.009617,0.008843,0.009579,1933321612.0
2025-11-07 16:00:00+00:00,0.009579,0.010553,0.009578,0.010382,2091549399.0
2025-11-07 20:00:00+00:00,0.010382,0.010694,0.010235,0.010292,714906293.0
2025-11-08 00:00:00+00:00,0.010292,0.010597,0.010167,0.010287,673635031.0
2025-11-08 04:00:00+00:00,0.010287,0.010476,0.009876,0.010065,531843527.0
2025-11-08 08:00:00+00:00,0.010065,0.010243,0.009905,0.010123,481263517.0
2025-11-08 12:00:00+00:00,0.010123,0.01018,0.009781,0.010015,627603549.0
2025-11-08 16:00:00+00:00,0.010015,0.010115,0.009811,0.010093,417206767.0
2025-11-08 20:00:00+00:00,0.010093,0.010345,0.01005,0.010281,316310371.0
2025-11-09 00:00:00+00:00,0.010281,0.010304,0.00966,0.009722,510915247.0
2025-11-09 04:00:00+00:00,0.009722,0.009979,0.009691,0.009928,421933244.0
2025-11-09 08:00:00+00:00,0.009928,0.009983,0.009642,0.009933,424299185.0
2025-11-09 12:00:00+00:00,0.009933,0.010309,0.009908,0.010195,630408127.0
2025-11-09 16:00:00+00:00,0.010195,0.010353,0.010064,0.010352,383588348.0
2025-11-09 20:00:00+00:00,0.010352,0.010352,0.010124,0.010185,226048634.0
2025-11-10 00:00:00+00:00,0.010185,0.010477,0.010096,0.010359,280248125.0
2025-11-10 04:00:00+00:00,0.010359,0.01062,0.010214,0.010375,520086866.0
2025-11-10 08:00:00+00:00,0.010375,0.01061,0.010237,0.010478,348108925.0
2025-11-10 12:00:00+00:00,0.010478,0.010593,0.01024,0.01041,388496705.0
2025-11-10 16:00:00+00:00,0.01041,0.010607,0.010231,0.0105,248858429.0
2025-11-10 20:00:00+00:00,0.0105,0.010874,0.010365,0.010626,412354914.0
2025-11-11 00:00:00+00:00,0.010626,0.010838,0.010405,0.010714,678050595.0
2025-11-11 04:00:00+00:00,0.010714,0.010745,0.010077,0.010109,678197056.0
2025-11-11 08:00:00+00:00,0.010109,0.010296,0.010092,0.010204,484400277.0
2025-11-11 12:00:00+00:00,0.010204,0.010319,0.010018,0.010176,725424023.0
2025-11-11 16:00:00+00:00,0.010176,0.01035,0.01001,0.010028,554357864.0
2025-11-11 20:00:00+00:00,0.010028,0.010077,0.009821,0.009881,666753170.0
2025-11-12 00:00:00+00:00,0.009881,0.010101,0.009811,0.010056,750419821.0
2025-11-12 04:00:00+00:00,0.010056,0.010188,0.010014,0.010067,317163534.0
2025-11-12 08:00:00+00:00,0.010067,0.01054,0.010067,0.010464,471884430.0
2025-11-12 12:00:00+00:00,0.010464,0.010517,0.009883,0.009952,804655832.0
2025-11-12 16:00:00+00:00,0.009952,0.009983,0.009342,0.009511,1184890998.0
2025-11-12 20:00:00+00:00,0.009511,0.009721,0.009477,0.009621,342129041.0
2025-11-13 00:00:00+00:00,0.009621,0.009935,0.009543,0.009851,795263865.0
2025-11-13 04:00:00+00:00,0.009851,0.010057,0.009775,0.009891,642404027.0
2025-11-13 08:00:00+00:00,0.009891,0.009953,0.00977,0.00988,540792202.0
2025-11-13 12:00:00+00:00,0.00988,0.010039,0.009679,0.009782,1539704863.0
2025-11-13 16:00:00+00:00,0.009782,0.009825,0.009064,0.009124,1399192757.0
2025-11-13 20:00:00+00:00,0.009124,0.009465,0.009005,0.009331,834321849.0
2025-11-14 00:00:00+00:00,0.009331,0.009407,0.009167,0.00922,743519270.0
2025-11-14 04:00:00+00:00,0.00922,0.009314,0.008773,0.009214,1304749642.0
2025-11-14 08:00:00+00:00,0.009214,0.009225,0.00886,0.008943,753302652.0
2025-11-14 12:00:00+00:00,0.008943,0.009304,0.008704,0.009207,1343494226.0
2025-11-14 16:00:00+00:00,0.009207,0.009343,0.009071,0.009294,469871958.0
2025-11-14 20:00:00+00:00,0.009294,0.009324,0.008736,0.008951,757118099.0
2025-11-15 00:00:00+00:00,0.008951,0.009274,0.008934,0.009229,471683148.0
2025-11-15 04:00:00+00:00,0.009229,0.009428,0.009172,0.009262,326115316.0
2025-11-15 08:00:00+00:00,0.009262,0.009282,0.009084,0.00922,429752097.0
2025-11-15 12:00:00+00:00,0.00922,0.009416,0.00917,0.009188,419594786.0
2025-11-15 16:00:00+00:00,0.009188,0.009302,0.009122,0.009197,323041877.0
2025-11-15 20:00:00+00:00,0.009197,0.009204,0.009038,0.009097,262019661.0
2025-11-16 00:00:00+00:00,0.009097,0.009251,0.008925,0.009187,549724646.0
2025-11-16 04:00:00+00:00,0.009187,0.009212,0.009093,0.009181,293933978.0
2025-11-16 08:00:00+00:00,0.009181,0.00922,0.008942,0.00897,531453156.0
2025-11-16 12:00:00+00:00,0.00897,0.009035,0.008746,0.008768,813660066.0
2025-11-16 16:00:00+00:00,0.008768,0.00961,0.008247,0.008402,6967246156.0
2025-11-16 20:00:00+00:00,0.008402,0.008645,0.008275,0.008582,1022383735.0
2025-11-17 00:00:00+00:00,0.008582,0.008774,0.008458,0.008719,788255161.0
2025-11-17 04:00:00+00:00,0.008719,0.008842,0.008664,0.008787,336643609.0
2025-11-17 08:00:00+00:00,0.008787,0.008925,0.008745,0.008896,322559732.0
2025-11-17 12:00:00+00:00,0.008896,0.009018,0.008559,0.008658,1501811705.0
2025-11-17 16:00:00+00:00,0.008658,0.008818,0.008328,0.008403,1401119497.0
2025-11-17 20:00:00+00:00,0.008403,0.008462,0.008253,0.008442,1124410404.0
2025-11-18 00:00:00+00:00,0.008442,0.008688,0.008267,0.008619,1542354923.0
2025-11-18 04:00:00+00:00,0.008619,0.008753,0.008475,0.008574,658535408.0
2025-11-18 08:00:00+00:00,0.008574,0.008688,0.008552,0.008587,382247489.0
2025-11-18 12:00:00+00:00,0.008587,0.008797,0.00851,0.008737,775524181.0
2025-11-18 16:00:00+00:00,0.008737,0.008906,0.008713,0.008802,483967190.0
2025-11-18 20:00:00+00:00,0.008802,0.008822,0.008628,0.008686,277938112.0
2025-11-19 00:00:00+00:00,0.008686,0.008709,0.008528,0.008542,523579614.0
2025-11-19 04:00:00+00:00,0.008542,0.008543,0.008277,0.008506,670742446.0
2025-11-19 08:00:00+00:00,0.008506,0.008549,0.008406,0.008418,389313509.0
2025-11-19 12:00:00+00:00,0.008418,0.008535,0.008179,0.008196,701253331.0
2025-11-19 16:00:00+00:00,0.008196,0.008293,0.00797,0.00804,825918840.0
2025-11-19 20:00:00+00:00,0.00804,0.008402,0.008018,0.00835,570333964.0
2025-11-20 00:00:00+00:00,0.00835,0.008451,0.008305,0.008397,287217588.0
2025-11-20 04:00:00+00:00,0.008397,0.008498,0.008361,0.008496,227872030.0
2025-11-20 08:00:00+00:00,0.008496,0.00853,0.008406,0.008491,213639000.0
2025-11-20 12:00:00+00:00,0.008491,0.008737,0.008477,0.008515,655316896.0
2025-11-20 16:00:00+00:00,0.008515,0.008531,0.00783,0.008071,1338919464.0
2025-11-20 20:00:00+00:00,0.008071,0.008305,0.007952,0.008026,506553477.0
2025-11-21 00:00:00+00:00,0.008026,0.008257,0.007938,0.008061,614244522.0
2025-11-21 04:00:00+00:00,0.008061,0.008082,0.006958,0.00751,1324909399.0
2025-11-21 08:00:00+00:00,0.00751,0.007683,0.007304,0.007333,849341756.0
2025-11-21 12:00:00+00:00,0.007333,0.007658,0.007177,0.007452,1097553783.0
2025-11-21 16:00:00+00:00,0.007452,0.00778,0.007344,0.007639,804726245.0
2025-11-21 20:00:00+00:00,0.007639,0.007674,0.007271,0.007566,526549022.0
2025-11-22 00:00:00+00:00,0.007566,0.007603,0.007473,0.007484,264860124.0
2025-11-22 04:00:00+00:00,0.007484,0.007491,0.007289,0.007473,398317105.0
2025-11-22 08:00:00+00:00,0.007473,0.007482,0.007288,0.007432,340785457.0
2025-11-22 12:00:00+00:00,0.007432,0.007485,0.007258,0.007389,368082966.0
2025-11-22 16:00:00+00:00,0.007389,0.007504,0.007365,0.007401,261404171.0
2025-11-22 20:00:00+00:00,0.007401,0.007554,0.007329,0.007405,190597877.0
2025-11-23 00:00:00+00:00,0.007405,0.007548,0.007348,0.007507,236169547.0
2025-11-23 04:00:00+00:00,0.007507,0.007601,0.007428,0.007497,221201622.0
2025-11-23 08:00:00+00:00,0.007497,0.007561,0.007442,0.00752,175745992.0
2025-11-23 12:00:00+00:00,0.00752,0.007587,0.007431,0.007534,226520788.0
2025-11-23 16:00:00+00:00,0.007534,0.007578,0.007431,0.007529,259537859.0
2025-11-23 20:00:00+00:00,0.007529,0.00757,0.007387,0.007404,248884356.0
2025-11-24 00:00:00+00:00,0.007404,0.007646,0.007332,0.00757,382008279.0
2025-11-24 04:00:00+00:00,0.00757,0.007652,0.007436,0.007455,532669409.0
2025-11-24 08:00:00+00:00,0.007455,0.007479,0.007292,0.007377,359140056.0
2025-11-24 12:00:00+00:00,0.007377,0.007528,0.007267,0.007488,548301600.0
2025-11-24 16:00:00+00:00,0.007488,0.00786,0.007482,0.007732,493282488.0
2025-11-24 20:00:00+00:00,0.007732,0.00785,0.007692,0.007707,254974884.0
2025-11-25 00:00:00+00:00,0.007707,0.007749,0.007621,0.007677,108856658.0
2025-11-25 04:00:00+00:00,0.007677,0.007716,0.007595,0.00762,140105108.0
2025-11-25 08:00:00+00:00,0.00762,0.007689,0.007576,0.00763,150610390.0
2025-11-25 12:00:00+00:00,0.00763,0.007744,0.007525,0.007679,381507204.0
2025-11-25 16:00:00+00:00,0.007679,0.007879,0.007615,0.007749,310183749.0
2025-11-25 20:00:00+00:00,0.007749,0.007888,0.007675,0.007803,192639848.0
2025-11-26 00:00:00+00:00,0.007803,0.007834,0.007672,0.007685,158947316.0
2025-11-26 04:00:00+00:00,0.007685,0.007771,0.007652,0.00775,131681353.0
2025-11-26 08:00:00+00:00,0.00775,0.007753,0.00756,0.007588,224810070.0
2025-11-26 12:00:00+00:00,0.007588,0.007645,0.007474,0.00752,346334858.0
2025-11-26 16:00:00+00:00,0.00752,0.007889,0.007518,0.007833,449792288.0
2025-11-26 20:00:00+00:00,0.007833,0.007902,0.007765,0.007835,192408680.0
2025-11-27 00:00:00+00:00,0.007835,0.007896,0.007768,0.007784,236940667.0
2025-11-27 04:00:00+00:00,0.007784,0.007842,0.007742,0.007816,193480446.0
2025-11-27 08:00:00+00:00,0.007816,0.007871,0.00777,0.007802,131316197.0
2025-11-27 12:00:00+00:00,0.007802,0.007941,0.007745,0.007927,204497220.0
2025-11-27 16:00:00+00:00,0.007927,0.008134,0.007888,0.008091,288257659.0
2025-11-27 20:00:00+00:00,0.008091,0.008147,0.007889,0.007931,201856117.0
2025-11-28 00:00:00+00:00,0.007931,0.008018,0.007794,0.007845,324648649.0
2025-11-28 04:00:00+00:00,0.007845,0.007867,0.007772,0.007827,181063503.0
2025-11-28 08:00:00+00:00,0.007827,0.008077,0.007822,0.007914,318198792.0
2025-11-28 12:00:00+00:00,0.007914,0.0081,0.007842,0.008014,274905123.0
2025-11-28 16:00:00+00:00,0.008014,0.008015,0.007671,0.007864,402306850.0
2025-11-28 20:00:00+00:00,0.007864,0.007891,0.007773,0.00783,128524715.0
2025-11-29 00:00:00+00:00,0.00783,0.007938,0.007789,0.007861,124348084.0
2025-11-29 04:00:00+00:00,0.007861,0.007908,0.007736,0.007768,162083159.0
2025-11-29 08:00:00+00:00,0.007768,0.007826,0.007704,0.007819,173771670.0
2025-11-29 12:00:00+00:00,0.007819,0.007824,0.007673,0.007742,148330373.0
2025-11-29 16:00:00+00:00,0.007742,0.007756,0.007577,0.007646,237937100.0
2025-11-29 20:00:00+00:00,0.007646,0.007701,0.007605,0.007646,135227154.0
2025-11-30 00:00:00+00:00,0.007646,0.007705,0.00754,0.007656,124711754.0
2025-11-30 04:00:00+00:00,0.007656,0.007676,0.007558,0.007645,114226154.0
2025-11-30 08:00:00+00:00,0.007645,0.007706,0.007577,0.007592,135614410.0
2025-11-30 12:00:00+00:00,0.007592,0.007772,0.007557,0.007623,166698953.0
2025-11-30 16:00:00+00:00,0.007623,0.007735,0.007618,0.007686,117393673.0
2025-11-30 20:00:00+00:00,0.007686,0.007726,0.007489,0.007501,200849633.0
2025-12-01 00:00:00+00:00,0.007501,0.007526,0.006866,0.006881,1006049566.0
2025-12-01 04:00:00+00:00,0.006881,0.006936,0.006806,0.006886,319350408.0
2025-12-01 08:00:00+00:00,0.006886,0.00697,0.006819,0.006847,226684927.0
2025-12-01 12:00:00+00:00,0.006847,0.006901,0.00656,0.006699,778630058.0
2025-12-01 16:00:00+00:00,0.006699,0.006721,0.006568,0.006709,433849582.0
2025-12-01 20:00:00+00:00,0.006709,0.006894,0.006707,0.006765,275696747.0
2025-12-02 00:00:00+00:00,0.006765,0.006828,0.006633,0.006731,292971253.0
2025-12-02 04:00:00+00:00,0.006731,0.006776,0.006702,0.006744,127350167.0
2025-12-02 08:00:00+00:00,0.006744,0.006816,0.006665,0.006799,217784780.0
2025-12-02 12:00:00+00:00,0.006799,0.007524,0.006763,0.007495,641834270.0
2025-12-02 16:00:00+00:00,0.007495,0.007564,0.007376,0.007393,484346837.0
2025-12-02 20:00:00+00:00,0.007393,0.007511,0.007284,0.00741,263877862.0
2025-12-03 00:00:00+00:00,0.00741,0.007522,0.007409,0.007464,232296060.0
2025-12-03 04:00:00+00:00,0.007464,0.007606,0.007441,0.007554,302346294.0
2025-12-03 08:00:00+00:00,0.007554,0.007679,0.007545,0.007625,221980674.0
2025-12-03 12:00:00+00:00,0.007625,0.007674,0.007399,0.007603,507289886.0
2025-12-03 16:00:00+00:00,0.007603,0.007732,0.007504,0.007631,289820814.0
2025-12-03 20:00:00+00:00,0.007631,0.00787,0.007604,0.007742,263352598.0
2025-12-04 00:00:00+00:00,0.007742,0.007839,0.007687,0.007738,196590247.0
2025-12-04 04:00:00+00:00,0.007738,0.007818,0.007699,0.007779,203536025.0
2025-12-04 08:00:00+00:00,0.007779,0.007819,0.007691,0.007727,137661413.0
2025-12-04 12:00:00+00:00,0.007727,0.007797,0.007579,0.007764,293742929.0
2025-12-04 16:00:00+00:00,0.007764,0.007799,0.007422,0.007602,341195368.0
2025-12-04 20:00:00+00:00,0.007602,0.007635,0.007486,0.007499,170890856.0
2025-12-05 00:00:00+00:00,0.007499,0.007615,0.007481,0.007516,160279280.0
2025-12-05 04:00:00+00:00,0.007516,0.007588,0.007435,0.007558,158057738.0
2025-12-05 08:00:00+00:00,0.007558,0.007563,0.007315,0.007355,258377902.0
2025-12-05 12:00:00+00:00,0.007355,0.007481,0.007253,0.007317,495426474.0
2025-12-05 16:00:00+00:00,0.007317,0.00732,0.00693,0.007067,745351214.0
2025-12-05 20:00:00+00:00,0.007067,0.007195,0.007026,0.007107,212133088.0
2025-12-06 00:00:00+00:00,0.007107,0.007168,0.007054,0.007129,101017308.0
2025-12-06 04:00:00+00:00,0.007129,0.007136,0.007055,0.007127,114207641.0
2025-12-06 08:00:00+00:00,0.007127,0.007182,0.007078,0.007133,193928770.0
2025-12-06 12:00:00+00:00,0.007133,0.007259,0.007113,0.007207,197091900.0
2025-12-06 16:00:00+00:00,0.007207,0.007381,0.007204,0.00724,213780023.0
2025-12-06 20:00:00+00:00,0.00724,0.007374,0.007139,0.007166,188789737.0
2025-12-07 00:00:00+00:00,0.007166,0.007293,0.007127,0.007257,259622693.0
2025-12-07 04:00:00+00:00,0.007257,0.00728,0.007162,0.007181,94062359.0
2025-12-07 08:00:00+00:00,0.007181,0.007183,0.007067,0.007083,185745991.0
2025-12-07 12:00:00+00:00,0.007083,0.007147,0.00679,0.007093,622517413.0
2025-12-07 16:00:00+00:00,0.007093,0.007297,0.007005,0.007261,505311184.0
2025-12-07 20:00:00+00:00,0.007261,0.00728,0.006878,0.00703,430144287.0
2025-12-08 00:00:00+00:00,0.00703,0.007249,0.007004,0.007217,209575384.0
2025-12-08 04:00:00+00:00,0.007217,0.007352,0.007217,0.007315,130947502.0
2025-12-08 08:00:00+00:00,0.007315,0.007444,0.007299,0.007362,175737358.0
2025-12-08 12:00:00+00:00,0.007362,0.007483,0.007259,0.007328,636716390.0
2025-12-08 16:00:00+00:00,0.007328,0.007451,0.00725,0.007287,367132213.0
2025-12-08 20:00:00+00:00,0.007287,0.007401,0.00724,0.0073,311844137.0
2025-12-09 00:00:00+00:00,0.0073,0.007327,0.007165,0.007275,235199128.0
2025-12-09 04:00:00+00:00,0.007275,0.007278,0.007134,0.007223,192694056.0
2025-12-09 08:00:00+00:00,0.007223,0.00723,0.007131,0.007217,170261476.0
2025-12-09 12:00:00+00:00,0.007217,0.007614,0.007204,0.007599,647251676.0
2025-12-09 16:00:00+00:00,0.007599,0.007956,0.007599,0.007857,662351953.0
2025-12-09 20:00:00+00:00,0.007857,0.007877,0.007605,0.00779,433066289.0
2025-12-10 00:00:00+00:00,0.00779,0.00781,0.007595,0.007621,168973224.0
2025-12-10 04:00:00+00:00,0.007621,0.007656,0.007527,0.007588,169755263.0
2025-12-10 08:00:00+00:00,0.007588,0.00768,0.007463,0.007517,246902824.0
2025-12-10 12:00:00+00:00,0.007517,0.007588,0.007452,0.007545,220440661.0
2025-12-10 16:00:00+00:00,0.007545,0.00789,0.007522,0.007781,563241858.0
2025-12-10 20:00:00+00:00,0.007781,0.007935,0.007437,0.007503,399587436.0
2025-12-11 00:00:00+00:00,0.007503,0.007507,0.00711,0.007116,481264296.0
2025-12-11 04:00:00+00:00,0.007116,0.007196,0.007047,0.007132,212469285.0
2025-12-11 08:00:00+00:00,0.007132,0.007168,0.007061,0.007132,260199779.0
2025-12-11 12:00:00+00:00,0.007132,0.00724,0.007074,0.007117,514069893.0
2025-12-11 16:00:00+00:00,0.007117,0.007317,0.007045,0.007211,443187709.0
2025-12-11 20:00:00+00:00,0.007211,0.007515,0.007203,0.007379,480623328.0
2025-12-12 00:00:00+00:00,0.007379,0.007419,0.007246,0.00732,204665999.0
2025-12-12 04:00:00+00:00,0.00732,0.007447,0.007272,0.007344,148512723.0
2025-12-12 08:00:00+00:00,0.007344,0.007397,0.007261,0.007319,199030474.0
2025-12-12 12:00:00+00:00,0.007319,0.007358,0.006942,0.006994,516849079.0
2025-12-12 16:00:00+00:00,0.006994,0.007104,0.006873,0.006996,568815237.0
2025-12-12 20:00:00+00:00,0.006996,0.00714,0.006989,0.007115,168544659.0
2025-12-13 00:00:00+00:00,0.007115,0.00723,0.007098,0.007191,115009926.0
2025-12-13 04:00:00+00:00,0.007191,0.007202,0.007125,0.007183,100178628.0
2025-12-13 08:00:00+00:00,0.007183,0.007248,0.007135,0.007141,129458097.0
2025-12-13 12:00:00+00:00,0.007141,0.007177,0.007098,0.007149,179511726.0
2025-12-13 16:00:00+00:00,0.007149,0.007184,0.007089,0.007106,113340193.0
2025-12-13 20:00:00+00:00,0.007106,0.007151,0.007037,0.007144,101362188.0
2025-12-14 00:00:00+00:00,0.007144,0.007152,0.007081,0.007092,80675456.0
2025-12-14 04:00:00+00:00,0.007092,0.007093,0.006978,0.007019,221104299.0
2025-12-14 08:00:00+00:00,0.007019,0.007038,0.00688,0.006975,315216934.0
2025-12-14 12:00:00+00:00,0.006975,0.007018,0.006881,0.006924,294440341.0
2025-12-14 16:00:00+00:00,0.006924,0.006967,0.006827,0.00688,271198641.0
2025-12-14 20:00:00+00:00,0.00688,0.006936,0.006728,0.006798,499189792.0
2025-12-15 00:00:00+00:00,0.006798,0.007033,0.006776,0.006957,293488544.0
2025-12-15 04:00:00+00:00,0.006957,0.007038,0.006923,0.006943,161671461.0
2025-12-15 08:00:00+00:00,0.006943,0.006992,0.006899,0.006927,166639568.0
2025-12-15 12:00:00+00:00,0.006927,0.006979,0.00653,0.006583,977969773.0
2025-12-15 16:00:00+00:00,0.006583,0.006595,0.006315,0.006464,959152179.0
2025-12-15 20:00:00+00:00,0.006464,0.006547,0.006394,0.006507,286575455.0
2025-12-16 00:00:00+00:00,0.006507,0.006523,0.006426,0.006498,291152186.0
2025-12-16 04:00:00+00:00,0.006498,0.006518,0.006362,0.006421,338220384.0
2025-12-16 08:00:00+00:00,0.006421,0.006676,0.006416,0.006673,276577034.0
2025-12-16 12:00:00+00:00,0.006673,0.006719,0.006487,0.00668,977491205.0
2025-12-16 16:00:00+00:00,0.00668,0.006703,0.006581,0.006658,515413057.0
2025-12-16 20:00:00+00:00,0.006658,0.006686,0.00657,0.006603,240868405.0
2025-12-17 00:00:00+00:00,0.006603,0.006649,0.006545,0.00658,167652146.0
2025-12-17 04:00:00+00:00,0.00658,0.006589,0.00649,0.006526,273930497.0
2025-12-17 08:00:00+00:00,0.006526,0.006532,0.006463,0.006531,219340592.0
2025-12-17 12:00:00+00:00,0.006531,0.006845,0.006447,0.006512,1154703448.0
2025-12-17 16:00:00+00:00,0.006512,0.006568,0.006184,0.006286,1447801035.0
2025-12-17 20:00:00+00:00,0.006286,0.006347,0.006144,0.00622,377559574.0
2025-12-18 00:00:00+00:00,0.00622,0.006251,0.006127,0.006156,348700501.0
2025-12-18 04:00:00+00:00,0.006156,0.006195,0.00605,0.006089,457823266.0
2025-12-18 08:00:00+00:00,0.006089,0.006144,0.00607,0.006103,424379137.0
2025-12-18 12:00:00+00:00,0.006103,0.006401,0.006073,0.006316,1179734633.0
2025-12-18 16:00:00+00:00,0.006316,0.006326,0.005739,0.005761,1565699955.0
2025-12-18 20:00:00+00:00,0.005761,0.005998,0.005754,0.005889,410937236.0
2025-12-19 00:00:00+00:00,0.005889,0.006102,0.005803,0.006034,593494775.0
2025-12-19 04:00:00+00:00,0.006034,0.00622,0.006007,0.006156,470256569.0
2025-12-19 08:00:00+00:00,0.006156,0.00619,0.006095,0.006134,247560217.0
2025-12-19 12:00:00+00:00,0.006134,0.006369,0.006108,0.006231,524990274.0
2025-12-19 16:00:00+00:00,0.006231,0.006391,0.006143,0.006356,547579444.0
2025-12-19 20:00:00+00:00,0.006356,0.00641,0.006301,0.00632,215953948.0
2025-12-20 00:00:00+00:00,0.00632,0.00632,0.00626,0.006295,117840309.0
2025-12-20 04:00:00+00:00,0.006295,0.006379,0.00626,0.006371,154063355.0
2025-12-20 08:00:00+00:00,0.006371,0.006423,0.006308,0.006362,151588790.0
2025-12-20 12:00:00+00:00,0.006362,0.006366,0.006265,0.006285,284401440.0
2025-12-20 16:00:00+00:00,0.006285,0.006322,0.006266,0.006295,153944512.0
2025-12-20 20:00:00+00:00,0.006295,0.006345,0.006288,0.006301,97012290.0
2025-12-21 00:00:00+00:00,0.006301,0.006308,0.006151,0.006214,274963638.0
2025-12-21 04:00:00+00:00,0.006214,0.006233,0.006193,0.006203,111187021.0
2025-12-21 08:00:00+00:00,0.006203,0.006274,0.006175,0.006179,217838320.0
2025-12-21 12:00:00+00:00,0.006179,0.006204,0.005963,0.006015,589317016.0
2025-12-21 16:00:00+00:00,0.006015,0.006111,0.005983,0.006091,330888107.0
2025-12-21 20:00:00+00:00,0.006091,0.006194,0.006025,0.006127,189480504.0
2025-12-22 00:00:00+00:00,0.006127,0.006327,0.006051,0.006182,613904262.0
2025-12-22 04:00:00+00:00,0.006182,0.006269,0.006173,0.006252,199303459.0
2025-12-22 08:00:00+00:00,0.006252,0.006346,0.006232,0.006279,274474207.0
2025-12-22 12:00:00+00:00,0.006279,0.006348,0.0062,0.006288,375746175.0
2025-12-22 16:00:00+00:00,0.006288,0.006332,0.006101,0.006117,302141503.0
2025-12-22 20:00:00+00:00,0.006117,0.00621,0.006073,0.006199,258824508.0
2025-12-23 00:00:00+00:00,0.006199,0.006258,0.006108,0.006141,277998330.0
2025-12-23 04:00:00+00:00,0.006141,0.006156,0.00605,0.006081,331308761.0
2025-12-23 08:00:00+00:00,0.006081,0.006115,0.006048,0.006095,168149281.0
2025-12-23 12:00:00+00:00,0.006095,0.006095,0.005919,0.006012,612239940.0
2025-12-23 16:00:00+00:00,0.006012,0.006163,0.005999,0.006112,463490118.0
2025-12-23 20:00:00+00:00,0.006112,0.006203,0.006079,0.006131,188264027.0
2025-12-24 00:00:00+00:00,0.006131,0.00617,0.005997,0.006056,214909240.0
2025-12-24 04:00:00+00:00,0.006056,0.006092,0.005937,0.005992,255732666.0
2025-12-24 08:00:00+00:00,0.005992,0.006033,0.005971,0.006018,186814346.0
2025-12-24 12:00:00+00:00,0.006018,0.006088,0.005929,0.006074,274417374.0
2025-12-24 16:00:00+00:00,0.006074,0.006122,0.006034,0.006094,153205903.0
2025-12-24 20:00:00+00:00,0.006094,0.006182,0.00609,0.006127,173102312.0
2025-12-25 00:00:00+00:00,0.006127,0.006247,0.006099,0.006218,218871771.0
2025-12-25 04:00:00+00:00,0.006218,0.006253,0.006192,0.006233,142372120.0
2025-12-25 08:00:00+00:00,0.006233,0.006294,0.006111,0.00613,229239151.0
2025-12-25 12:00:00+00:00,0.00613,0.006196,0.00608,0.006165,242280537.0
2025-12-25 16:00:00+00:00,0.006165,0.006196,0.006105,0.006183,210359504.0
2025-12-25 20:00:00+00:00,0.006183,0.006205,0.005932,0.005963,316373828.0
2025-12-26 00:00:00+00:00,0.005963,0.006255,0.005934,0.006181,490754871.0
2025-12-26 04:00:00+00:00,0.006181,0.006223,0.006102,0.006118,214980016.0
2025-12-26 08:00:00+00:00,0.006118,0.006159,0.006111,0.006133,148207974.0
2025-12-26 12:00:00+00:00,0.006133,0.006176,0.005958,0.006033,515440563.0
2025-12-26 16:00:00+00:00,0.006033,0.006106,0.005965,0.006088,261420252.0
2025-12-26 20:00:00+00:00,0.006088,0.006113,0.006039,0.006081,158892196.0
2025-12-27 00:00:00+00:00,0.006081,0.006128,0.006044,0.006115,149835876.0
2025-12-27 04:00:00+00:00,0.006115,0.006116,0.006043,0.006047,72559324.0
2025-12-27 08:00:00+00:00,0.006047,0.006103,0.005975,0.006099,210533852.0
2025-12-27 12:00:00+00:00,0.006099,0.006121,0.006043,0.006107,173148258.0
2025-12-27 16:00:00+00:00,0.006107,0.006165,0.006107,0.006126,130689922.0
2025-12-27 20:00:00+00:00,0.006126,0.006274,0.006117,0.006265,136391307.0
2025-12-28 00:00:00+00:00,0.006265,0.006295,0.00622,0.00626,86764455.0
2025-12-28 04:00:00+00:00,0.00626,0.00634,0.006239,0.006295,93468637.0
2025-12-28 08:00:00+00:00,0.006295,0.006303,0.006233,0.006262,79875659.0
2025-12-28 12:00:00+00:00,0.006262,0.006304,0.006206,0.006246,174315569.0
2025-12-28 16:00:00+00:00,0.006246,0.006275,0.006119,0.006131,164650480.0
2025-12-28 20:00:00+00:00,0.006131,0.006201,0.006101,0.006201,121571680.0
2025-12-29 00:00:00+00:00,0.006201,0.006346,0.006174,0.006327,290824295.0
2025-12-29 04:00:00+00:00,0.006327,0.006345,0.0062,0.006273,180707040.0
2025-12-29 08:00:00+00:00,0.006273,0.006288,0.006107,0.006158,221933228.0
2025-12-29 12:00:00+00:00,0.006158,0.006166,0.00601,0.006101,550203070.0
2025-12-29 16:00:00+00:00,0.006101,0.006108,0.006002,0.006021,289934658.0
2025-12-29 20:00:00+00:00,0.006021,0.006043,0.005983,0.006004,219317122.0
2025-12-30 00:00:00+00:00,0.006004,0.006047,0.005954,0.006024,256193791.0
2025-12-30 04:00:00+00:00,0.006024,0.006051,0.005966,0.00601,284823183.0
2025-12-30 08:00:00+00:00,0.00601,0.006107,0.006006,0.006069,320843302.0
2025-12-30 12:00:00+00:00,0.006069,0.006094,0.005971,0.006067,471737258.0
2025-12-30 16:00:00+00:00,0.006067,0.00609,0.005938,0.006013,326320802.0
2025-12-30 20:00:00+00:00,0.006013,0.006013,0.005943,0.005991,226953944.0
2025-12-31 00:00:00+00:00,0.005991,0.006021,0.005939,0.005965,169812086.0
2025-12-31 04:00:00+00:00,0.005965,0.00597,0.005904,0.005933,198697190.0
2025-12-31 08:00:00+00:00,0.005933,0.005944,0.005872,0.00594,287665363.0
2025-12-31 12:00:00+00:00,0.00594,0.005987,0.005876,0.005898,367770115.0
2025-12-31 16:00:00+00:00,0.005898,0.005904,0.005713,0.005818,647335304.0
2025-12-31 20:00:00+00:00,0.005818,0.005898,0.005767,0.005844,244348983.0
2026-01-01 00:00:00+00:00,0.005844,0.005903,0.005832,0.00584,154006988.0
2026-01-01 04:00:00+00:00,0.00584,0.005921,0.005811,0.005912,156885962.0
2026-01-01 08:00:00+00:00,0.005912,0.005993,0.005894,0.005987,223887499.0
2026-01-01 12:00:00+00:00,0.005987,0.00616,0.005946,0.006121,489602232.0
2026-01-01 16:00:00+00:00,0.006121,0.006248,0.006095,0.006247,446164799.0
2026-01-01 20:00:00+00:00,0.006247,0.006322,0.006193,0.006295,244170087.0
2026-01-02 00:00:00+00:00,0.006295,0.006365,0.006242,0.006365,410731000.0
2026-01-02 04:00:00+00:00,0.006365,0.006378,0.006251,0.006266,278158994.0
2026-01-02 08:00:00+00:00,0.006266,0.006464,0.006234,0.00633,639447688.0
2026-01-02 12:00:00+00:00,0.00633,0.006508,0.006317,0.006432,1212739868.0
2026-01-02 16:00:00+00:00,0.006432,0.006704,0.006417,0.006681,952605481.0
2026-01-02 20:00:00+00:00,0.006681,0.006811,0.00662,0.006788,392547966.0
2026-01-03 00:00:00+00:00,0.006788,0.006954,0.006749,0.006941,322772678.0
2026-01-03 04:00:00+00:00,0.006941,0.006967,0.00669,0.006702,399351958.0
2026-01-03 08:00:00+00:00,0.006702,0.006771,0.006656,0.006685,369034192.0
2026-01-03 12:00:00+00:00,0.006685,0.006771,0.006673,0.006729,257818553.0
2026-01-03 16:00:00+00:00,0.006729,0.006853,0.006716,0.006788,290570995.0
2026-01-03 20:00:00+00:00,0.006788,0.006855,0.006739,0.006827,198197694.0
2026-01-04 00:00:00+00:00,0.006827,0.006968,0.006807,0.006932,455042902.0
2026-01-04 04:00:00+00:00,0.006932,0.007011,0.006859,0.006937,314959835.0
2026-01-04 08:00:00+00:00,0.006937,0.007019,0.006874,0.007012,380870144.0
2026-01-04 12:00:00+00:00,0.007012,0.007294,0.006987,0.007261,572141381.0
2026-01-04 16:00:00+00:00,0.007261,0.007586,0.007253,0.007381,715723614.0
2026-01-04 20:00:00+00:00,0.007381,0.007532,0.007297,0.007433,296305655.0
2026-01-05 00:00:00+00:00,0.007433,0.007516,0.007322,0.007354,519765992.0
2026-01-05 04:00:00+00:00,0.007354,0.007388,0.007162,0.007277,434040121.0
2026-01-05 08:00:00+00:00,0.007277,0.007298,0.007075,0.007151,390785999.0
2026-01-05 12:00:00+00:00,0.007151,0.00738,0.007128,0.007356,450405982.0
2026-01-05 16:00:00+00:00,0.007356,0.007528,0.007243,0.007457,468545195.0
2026-01-05 20:00:00+00:00,0.007457,0.007615,0.007456,0.00752,292456068.0
2026-01-06 00:00:00+00:00,0.00752,0.007654,0.007432,0.007595,350502419.0
2026-01-06 04:00:00+00:00,0.007595,0.007635,0.00742,0.007454,249908037.0
2026-01-06 08:00:00+00:00,0.007454,0.007692,0.007453,0.007659,274912020.0
2026-01-06 12:00:00+00:00,0.007659,0.007894,0.007535,0.007595,556210926.0
2026-01-06 16:00:00+00:00,0.007595,0.007626,0.007209,0.007369,663502068.0
2026-01-06 20:00:00+00:00,0.007369,0.007672,0.007369,0.007583,320457930.0
2026-01-07 00:00:00+00:00,0.007583,0.007585,0.007307,0.007392,336862678.0
2026-01-07 04:00:00+00:00,0.007392,0.007551,0.007362,0.007545,218919812.0
2026-01-07 08:00:00+00:00,0.007545,0.007613,0.007384,0.007445,644467433.0
2026-01-07 12:00:00+00:00,0.007445,0.007457,0.007192,0.007259,562155496.0
2026-01-07 16:00:00+00:00,0.007259,0.007371,0.007212,0.007307,421488784.0
2026-01-07 20:00:00+00:00,0.007307,0.007368,0.007215,0.007333,194186526.0
2026-01-08 00:00:00+00:00,0.007333,0.007375,0.007184,0.007222,223074739.0
2026-01-08 04:00:00+00:00,0.007222,0.007323,0.007064,0.007252,440930002.0
2026-01-08 08:00:00+00:00,0.007252,0.007295,0.007037,0.00714,326631573.0
2026-01-08 12:00:00+00:00,0.00714,0.007283,0.006966,0.007281,484959011.0
2026-01-08 16:00:00+00:00,0.007281,0.007301,0.00715,0.00717,344030499.0
2026-01-08 20:00:00+00:00,0.00717,0.007288,0.007092,0.0072,207350241.0
2026-01-09 00:00:00+00:00,0.0072,0.007263,0.007108,0.007222,220808448.0
2026-01-09 04:00:00+00:00,0.007222,0.00724,0.00717,0.007182,133151476.0
2026-01-09 08:00:00+00:00,0.007182,0.0072,0.007021,0.007104,322461867.0
2026-01-09 12:00:00+00:00,0.007104,0.007379,0.00705,0.007297,615107603.0
2026-01-09 16:00:00+00:00,0.007297,0.007422,0.007064,0.007092,472417861.0
2026-01-09 20:00:00+00:00,0.007092,0.007235,0.007084,0.007177,182803656.0
2026-01-10 00:00:00+00:00,0.007177,0.007181,0.007047,0.007108,130486441.0
2026-01-10 04:00:00+00:00,0.007108,0.007156,0.006998,0.007128,151459386.0
2026-01-10 08:00:00+00:00,0.007128,0.007218,0.007126,0.007214,146981726.0
2026-01-10 12:00:00+00:00,0.007214,0.007267,0.007149,0.007156,129925926.0
2026-01-10 16:00:00+00:00,0.007156,0.007232,0.00709,0.007221,180116823.0
2026-01-10 20:00:00+00:00,0.007221,0.00723,0.007051,0.007081,155160706.0
2026-01-11 00:00:00+00:00,0.007081,0.007128,0.007064,0.007107,97601988.0
2026-01-11 04:00:00+00:00,0.007107,0.007153,0.007074,0.007147,103142718.0
2026-01-11 08:00:00+00:00,0.007147,0.007194,0.007118,0.007182,101550707.0
2026-01-11 12:00:00+00:00,0.007182,0.00724,0.007048,0.007078,154401329.0
2026-01-11 16:00:00+00:00,0.007078,0.00721,0.007066,0.007116,185846134.0
2026-01-11 20:00:00+00:00,0.007116,0.007116,0.006859,0.006991,379485043.0
2026-01-12 00:00:00+00:00,0.006991,0.007254,0.006893,0.007113,455013730.0
2026-01-12 04:00:00+00:00,0.007113,0.00717,0.00695,0.006961,250742891.0
2026-01-12 08:00:00+00:00,0.006961,0.007016,0.006867,0.006963,287543409.0
2026-01-12 12:00:00+00:00,0.006963,0.007014,0.006756,0.006995,469513694.0
2026-01-12 16:00:00+00:00,0.006995,0.007069,0.00685,0.006933,352297382.0
2026-01-12 20:00:00+00:00,0.006933,0.00698,0.006782,0.006869,213813294.0
2026-01-13 00:00:00+00:00,0.006869,0.006972,0.006857,0.006959,164840847.0
2026-01-13 04:00:00+00:00,0.006959,0.00707,0.006948,0.007033,156464376.0
2026-01-13 08:00:00+00:00,0.007033,0.007181,0.007019,0.007128,214724802.0
2026-01-13 12:00:00+00:00,0.007128,0.00735,0.00711,0.007331,546187241.0
2026-01-13 16:00:00+00:00,0.007331,0.007466,0.007328,0.007395,354659602.0
2026-01-13 20:00:00+00:00,0.007395,0.007747,0.007302,0.007585,534016801.0
2026-01-14 00:00:00+00:00,0.007585,0.007661,0.007541,0.007605,221378819.0
2026-01-14 04:00:00+00:00,0.007605,0.007632,0.007482,0.00757,195276967.0
2026-01-14 08:00:00+00:00,0.00757,0.007658,0.007535,0.00757,144992456.0
2026-01-14 12:00:00+00:00,0.00757,0.00768,0.007449,0.007617,335784658.0
2026-01-14 16:00:00+00:00,0.007617,0.007699,0.007365,0.007513,464923560.0
2026-01-14 20:00:00+00:00,0.007513,0.007577,0.007381,0.007427,144596425.0
2026-01-15 00:00:00+00:00,0.007427,0.007481,0.00718,0.0072,287750077.0
2026-01-15 04:00:00+00:00,0.0072,0.007356,0.007178,0.007333,206644310.0
2026-01-15 08:00:00+00:00,0.007333,0.007374,0.007267,0.00728,150065111.0
2026-01-15 12:00:00+00:00,0.00728,0.007349,0.006998,0.007123,407141165.0
2026-01-15 16:00:00+00:00,0.007123,0.007155,0.006915,0.006988,370098143.0
2026-01-15 20:00:00+00:00,0.006988,0.007023,0.006904,0.006996,131348124.0
2026-01-16 00:00:00+00:00,0.006996,0.007079,0.006956,0.007015,244200265.0
2026-01-16 04:00:00+00:00,0.007015,0.007118,0.006937,0.007068,210937091.0
2026-01-16 08:00:00+00:00,0.007068,0.007113,0.007006,0.007071,287954584.0
2026-01-16 12:00:00+00:00,0.007071,0.007094,0.006832,0.006889,373385922.0
2026-01-16 16:00:00+00:00,0.006889,0.007029,0.006861,0.007016,250590798.0
2026-01-16 20:00:00+00:00,0.007016,0.007297,0.006977,0.007259,261852461.0
2026-01-17 00:00:00+00:00,0.007259,0.007404,0.007228,0.007333,256822818.0
2026-01-17 04:00:00+00:00,0.007333,0.007569,0.007302,0.007539,286476402.0
2026-01-17 08:00:00+00:00,0.007539,0.007726,0.00749,0.007495,570464595.0
2026-01-17 12:00:00+00:00,0.007495,0.008252,0.007482,0.008026,1186241414.0
2026-01-17 16:00:00+00:00,0.008026,0.008152,0.007864,0.00796,618820848.0
2026-01-17 20:00:00+00:00,0.00796,0.008047,0.007686,0.007786,564563501.0
2026-01-18 00:00:00+00:00,0.007786,0.007956,0.007633,0.00766,671777547.0
2026-01-18 04:00:00+00:00,0.00766,0.007766,0.007574,0.007708,373445013.0
2026-01-18 08:00:00+00:00,0.007708,0.007747,0.007559,0.007583,334460508.0
2026-01-18 12:00:00+00:00,0.007583,0.007616,0.007465,0.007577,401868786.0
2026-01-18 16:00:00+00:00,0.007577,0.007623,0.007479,0.00753,260665713.0
2026-01-18 20:00:00+00:00,0.00753,0.007621,0.007133,0.007156,631844736.0
2026-01-19 00:00:00+00:00,0.007156,0.007156,0.006296,0.006819,1591150246.0
2026-01-19 04:00:00+00:00,0.006819,0.006827,0.006622,0.006667,683921642.0
2026-01-19 08:00:00+00:00,0.006667,0.006753,0.006621,0.006641,442318487.0
2026-01-19 12:00:00+00:00,0.006641,0.00666,0.006543,0.006601,434744286.0
2026-01-19 16:00:00+00:00,0.006601,0.006812,0.006583,0.006766,313690549.0
2026-01-19 20:00:00+00:00,0.006766,0.006799,0.00661,0.006673,381234117.0
2026-01-20 00:00:00+00:00,0.006673,0.006764,0.006598,0.006691,380427138.0
2026-01-20 04:00:00+00:00,0.006691,0.006761,0.006536,0.006568,703072040.0
2026-01-20 08:00:00+00:00,0.006568,0.006692,0.006481,0.006513,611456458.0
2026-01-20 12:00:00+00:00,0.006513,0.006799,0.006429,0.006484,1033690498.0
2026-01-20 16:00:00+00:00,0.006484,0.006527,0.00631,0.00637,519671124.0
2026-01-20 20:00:00+00:00,0.00637,0.006435,0.006208,0.006276,428441570.0
2026-01-21 00:00:00+00:00,0.006276,0.006588,0.006272,0.00651,458072132.0
2026-01-21 04:00:00+00:00,0.00651,0.006518,0.006366,0.006391,242739460.0
2026-01-21 08:00:00+00:00,0.006391,0.006477,0.006295,0.006307,335789507.0
2026-01-21 12:00:00+00:00,0.006307,0.006511,0.006182,0.006499,805347342.0
2026-01-21 16:00:00+00:00,0.006499,0.006651,0.006178,0.006651,945122814.0
2026-01-21 20:00:00+00:00,0.006651,0.00669,0.006463,0.006491,318898572.0
2026-01-22 00:00:00+00:00,0.006491,0.006745,0.006487,0.006655,388021473.0
2026-01-22 04:00:00+00:00,0.006655,0.006846,0.006528,0.006573,414240691.0
2026-01-22 08:00:00+00:00,0.006573,0.006618,0.006478,0.006503,254310250.0
2026-01-22 12:00:00+00:00,0.006503,0.006518,0.006275,0.006358,471551021.0
2026-01-22 16:00:00+00:00,0.006358,0.006466,0.006306,0.00634,389073441.0
2026-01-22 20:00:00+00:00,0.00634,0.006354,0.00626,0.006346,292410748.0
2026-01-23 00:00:00+00:00,0.006346,0.006568,0.006313,0.006507,560911769.0
2026-01-23 04:00:00+00:00,0.006507,0.006644,0.006445,0.006471,366941611.0
2026-01-23 08:00:00+00:00,0.006471,0.006504,0.006384,0.006423,243791251.0
2026-01-23 12:00:00+00:00,0.006423,0.006463,0.006231,0.006422,579602127.0
2026-01-23 16:00:00+00:00,0.006422,0.006579,0.006314,0.006353,537887143.0
2026-01-23 20:00:00+00:00,0.006353,0.006383,0.006259,0.006358,228866118.0
2026-01-24 00:00:00+00:00,0.006358,0.006385,0.006285,0.006319,273811401.0
2026-01-24 04:00:00+00:00,0.006319,0.006365,0.006276,0.006332,206308836.0
2026-01-24 08:00:00+00:00,0.006332,0.006383,0.006296,0.006357,150023199.0
2026-01-24 12:00:00+00:00,0.006357,0.006379,0.006221,0.006242,286859331.0
2026-01-24 16:00:00+00:00,0.006242,0.006269,0.006188,0.006206,266273346.0
2026-01-24 20:00:00+00:00,0.006206,0.006248,0.006193,0.006216,156228596.0
2026-01-25 00:00:00+00:00,0.006216,0.006238,0.006125,0.006143,336010712.0
2026-01-25 04:00:00+00:00,0.006143,0.006187,0.006105,0.00614,224014721.0
2026-01-25 08:00:00+00:00,0.00614,0.006251,0.006058,0.006155,321263590.0
2026-01-25 12:00:00+00:00,0.006155,0.006158,0.006041,0.006076,345017063.0
2026-01-25 16:00:00+00:00,0.006076,0.006077,0.005743,0.005781,959558712.0
2026-01-25 20:00:00+00:00,0.005781,0.005946,0.005768,0.005937,460331615.0
2026-01-26 00:00:00+00:00,0.005937,0.006085,0.005907,0.005997,347745271.0
2026-01-26 04:00:00+00:00,0.005997,0.006167,0.005996,0.006114,468237153.0
2026-01-26 08:00:00+00:00,0.006114,0.006184,0.006033,0.00607,373010711.0
2026-01-26 12:00:00+00:00,0.00607,0.006174,0.006008,0.006076,678276129.0
2026-01-26 16:00:00+00:00,0.006076,0.006127,0.006007,0.006064,397331524.0
2026-01-26 20:00:00+00:00,0.006064,0.006127,0.006,0.006046,264296092.0
2026-01-27 00:00:00+00:00,0.006046,0.00613,0.006024,0.006034,270518849.0
2026-01-27 04:00:00+00:00,0.006034,0.006066,0.006002,0.006027,165770811.0
2026-01-27 08:00:00+00:00,0.006027,0.006036,0.005964,0.006001,184000857.0
2026-01-27 12:00:00+00:00,0.006001,0.006034,0.005923,0.006031,303546411.0
2026-01-27 16:00:00+00:00,0.006031,0.006141,0.005915,0.006093,551472602.0
2026-01-27 20:00:00+00:00,0.006093,0.006165,0.006055,0.00607,290995466.0
2026-01-28 00:00:00+00:00,0.00607,0.006087,0.005987,0.006016,196674431.0
2026-01-28 04:00:00+00:00,0.006016,0.006063,0.005964,0.006007,221192385.0
2026-01-28 08:00:00+00:00,0.006007,0.006069,0.005968,0.006048,240404640.0
2026-01-28 12:00:00+00:00,0.006048,0.006048,0.005891,0.005918,340623916.0
2026-01-28 16:00:00+00:00,0.005918,0.005963,0.005866,0.005931,403009829.0
2026-01-28 20:00:00+00:00,0.005931,0.006032,0.005882,0.005946,369865805.0
2026-01-29 00:00:00+00:00,0.005946,0.005964,0.005718,0.00576,615876728.0
2026-01-29 04:00:00+00:00,0.00576,0.005802,0.005708,0.005762,299486173.0
2026-01-29 08:00:00+00:00,0.005762,0.005767,0.005665,0.005682,340284541.0
2026-01-29 12:00:00+00:00,0.005682,0.005734,0.005351,0.005511,1217074553.0
2026-01-29 16:00:00+00:00,0.005511,0.005635,0.005363,0.005448,755391570.0
2026-01-29 20:00:00+00:00,0.005448,0.005554,0.005433,0.0055,257637355.0
2026-01-30 00:00:00+00:00,0.0055,0.005528,0.005223,0.005374,1020584162.0
2026-01-30 04:00:00+00:00,0.005374,0.005449,0.005293,0.005411,322793843.0
2026-01-30 08:00:00+00:00,0.005411,0.005485,0.005348,0.005456,285602152.0
2026-01-30 12:00:00+00:00,0.005456,0.005465,0.005321,0.00539,461054776.0
2026-01-30 16:00:00+00:00,0.00539,0.005494,0.005259,0.005434,688107663.0
2026-01-30 20:00:00+00:00,0.005434,0.005435,0.00533,0.005368,319614211.0
2026-01-31 00:00:00+00:00,0.005368,0.00537,0.005288,0.005302,237818930.0
2026-01-31 04:00:00+00:00,0.005302,0.005315,0.005153,0.005215,314020078.0
2026-01-31 08:00:00+00:00,0.005215,0.005228,0.005105,0.005166,543036406.0
2026-01-31 12:00:00+00:00,0.005166,0.005168,0.004801,0.004918,1260957866.0
2026-01-31 16:00:00+00:00,0.004918,0.005015,0.004322,0.004629,2871514489.0
2026-01-31 20:00:00+00:00,0.004629,0.004837,0.004587,0.004827,542279408.0
2026-02-01 00:00:00+00:00,0.004827,0.004889,0.004798,0.004861,339944984.0
2026-02-01 04:00:00+00:00,0.004861,0.004897,0.004818,0.004858,282888233.0
2026-02-01 08:00:00+00:00,0.004858,0.004896,0.004771,0.004813,391653349.0
2026-02-01 12:00:00+00:00,0.004813,0.004842,0.004609,0.004686,676658605.0
2026-02-01 16:00:00+00:00,0.004686,0.004817,0.00464,0.004733,562844108.0
2026-02-01 20:00:00+00:00,0.004733,0.004802,0.004578,0.00469,757072058.0
2026-02-02 00:00:00+00:00,0.00469,0.00485,0.00453,0.004734,791661080.0
2026-02-02 04:00:00+00:00,0.004734,0.004795,0.004545,0.004654,926630965.0
2026-02-02 08:00:00+00:00,0.004654,0.004772,0.004653,0.004728,466692584.0
2026-02-02 12:00:00+00:00,0.004728,0.004939,0.004728,0.004889,514856131.0
2026-02-02 16:00:00+00:00,0.004889,0.004902,0.004805,0.004811,283595339.0
2026-02-02 20:00:00+00:00,0.004811,0.004846,0.004786,0.004793,240896575.0
2026-02-03 00:00:00+00:00,0.004793,0.004804,0.004691,0.004791,260345353.0
2026-02-03 04:00:00+00:00,0.004791,0.004827,0.004731,0.004781,223433973.0
2026-02-03 08:00:00+00:00,0.004781,0.004814,0.004702,0.004769,341555696.0
2026-02-03 12:00:00+00:00,0.004769,0.004842,0.004703,0.004832,621531877.0
2026-02-03 16:00:00+00:00,0.004832,0.004835,0.004491,0.004744,1363238057.0
2026-02-03 20:00:00+00:00,0.004744,0.004952,0.00467,0.004716,955141858.0
2026-02-04 00:00:00+00:00,0.004716,0.004825,0.004698,0.004806,262952903.0
2026-02-04 04:00:00+00:00,0.004806,0.004811,0.004745,0.004778,199575530.0
2026-02-04 08:00:00+00:00,0.004778,0.004804,0.004699,0.004745,342468645.0
2026-02-04 12:00:00+00:00,0.004745,0.004761,0.004545,0.00461,690403485.0
2026-02-04 16:00:00+00:00,0.00461,0.004757,0.004551,0.004753,1073292666.0
2026-02-04 20:00:00+00:00,0.004753,0.00476,0.004571,0.00466,460140108.0
2026-02-05 00:00:00+00:00,0.00466,0.004706,0.004548,0.004564,553086010.0
2026-02-05 04:00:00+00:00,0.004564,0.004604,0.004483,0.004509,738657325.0
2026-02-05 08:00:00+00:00,0.004509,0.004595,0.004344,0.004415,766636305.0
2026-02-05 12:00:00+00:00,0.004415,0.004489,0.004092,0.00422,1890452198.0
2026-02-05 16:00:00+00:00,0.00422,0.00429,0.004043,0.004068,1669313183.0
2026-02-05 20:00:00+00:00,0.004068,0.004103,0.003836,0.003877,2385538352.0
2026-02-06 00:00:00+00:00,0.003877,0.00395,0.003394,0.003827,4355643194.0
2026-02-06 04:00:00+00:00,0.003827,0.003984,0.003797,0.003887,753475822.0
2026-02-06 08:00:00+00:00,0.003887,0.004062,0.003851,0.004048,819619635.0
2026-02-06 12:00:00+00:00,0.004048,0.004231,0.004028,0.004203,692270696.0
2026-02-06 16:00:00+00:00,0.004203,0.004439,0.004188,0.004318,848613556.0
2026-02-06 20:00:00+00:00,0.004318,0.004381,0.004259,0.004323,354222641.0
2026-02-07 00:00:00+00:00,0.004323,0.004325,0.004235,0.004299,443310826.0
2026-02-07 04:00:00+00:00,0.004299,0.004344,0.00411,0.004147,763708219.0
2026-02-07 08:00:00+00:00,0.004147,0.004184,0.00412,0.004142,392253423.0
2026-02-07 12:00:00+00:00,0.004142,0.004295,0.004133,0.004252,563391958.0
2026-02-07 16:00:00+00:00,0.004252,0.004378,0.00423,0.004279,2190824122.0
2026-02-07 20:00:00+00:00,0.004279,0.004304,0.004218,0.004245,268164613.0
2026-02-08 00:00:00+00:00,0.004245,0.004248,0.004173,0.004181,144804236.0
2026-02-08 04:00:00+00:00,0.004181,0.004205,0.004141,0.00417,177711857.0
2026-02-08 08:00:00+00:00,0.00417,0.004226,0.004138,0.004209,408865467.0
2026-02-08 12:00:00+00:00,0.004209,0.004228,0.004145,0.004157,404854041.0
2026-02-08 16:00:00+00:00,0.004157,0.004176,0.004067,0.004144,484705488.0
2026-02-08 20:00:00+00:00,0.004144,0.004159,0.004019,0.004057,418586836.0
2026-02-09 00:00:00+00:00,0.004057,0.004167,0.004026,0.004162,431628168.0
2026-02-09 04:00:00+00:00,0.004162,0.004163,0.0041,0.004105,312469471.0
2026-02-09 08:00:00+00:00,0.004105,0.004115,0.003963,0.003998,539184160.0
2026-02-09 12:00:00+00:00,0.003998,0.004074,0.003973,0.004049,505186399.0
2026-02-09 16:00:00+00:00,0.004049,0.004139,0.004018,0.004112,628554118.0
2026-02-09 20:00:00+00:00,0.004112,0.004127,0.00406,0.004103,436367330.0
2026-02-10 00:00:00+00:00,0.004103,0.00414,0.00403,0.004056,453900420.0
2026-02-10 04:00:00+00:00,0.004056,0.004085,0.003951,0.003987,510708186.0
2026-02-10 08:00:00+00:00,0.003987,0.004031,0.003984,0.00399,387057331.0
2026-02-10 12:00:00+00:00,0.00399,0.004055,0.003977,0.004026,556856271.0
2026-02-10 16:00:00+00:00,0.004026,0.004049,0.00393,0.00397,581915306.0
2026-02-10 20:00:00+00:00,0.00397,0.003995,0.003939,0.003966,334800883.0
2026-02-11 00:00:00+00:00,0.003966,0.003994,0.003916,0.003946,377008680.0
2026-02-11 04:00:00+00:00,0.003946,0.003955,0.003825,0.003839,667766837.0
2026-02-11 08:00:00+00:00,0.003839,0.003873,0.00382,0.003871,360678548.0
2026-02-11 12:00:00+00:00,0.003871,0.004056,0.003812,0.003854,1065895074.0
2026-02-11 16:00:00+00:00,0.003854,0.003919,0.003824,0.003882,647260733.0
2026-02-11 20:00:00+00:00,0.003882,0.003957,0.003846,0.003881,584893659.0
2026-02-12 00:00:00+00:00,0.003881,0.003954,0.00388,0.003942,389829206.0
2026-02-12 04:00:00+00:00,0.003942,0.004016,0.003929,0.004013,388088127.0
2026-02-12 08:00:00+00:00,0.004013,0.004066,0.003984,0.00404,317843055.0
2026-02-12 12:00:00+00:00,0.00404,0.004043,0.00396,0.003967,558657422.0
2026-02-12 16:00:00+00:00,0.003967,0.00401,0.003897,0.003959,696767612.0
2026-02-12 20:00:00+00:00,0.003959,0.003999,0.003904,0.003988,355207612.0
2026-02-13 00:00:00+00:00,0.003988,0.004,0.003901,0.003907,348045852.0
2026-02-13 04:00:00+00:00,0.003907,0.003911,0.00384,0.003891,339678301.0
2026-02-13 08:00:00+00:00,0.003891,0.003962,0.003886,0.003957,327833533.0
2026-02-13 12:00:00+00:00,0.003957,0.004107,0.003925,0.004041,852131345.0
2026-02-13 16:00:00+00:00,0.004041,0.004104,0.004028,0.004063,621276319.0
2026-02-13 20:00:00+00:00,0.004063,0.004114,0.004057,0.004087,327591655.0
2026-02-14 00:00:00+00:00,0.004087,0.004163,0.004086,0.00415,287849559.0
2026-02-14 04:00:00+00:00,0.00415,0.004156,0.004108,0.004138,237119844.0
2026-02-14 08:00:00+00:00,0.004138,0.004233,0.004133,0.004225,384425102.0
2026-02-14 12:00:00+00:00,0.004225,0.004279,0.004178,0.004276,513827280.0
2026-02-14 16:00:00+00:00,0.004276,0.004351,0.004241,0.004334,441951621.0
2026-02-14 20:00:00+00:00,0.004334,0.004376,0.004265,0.004333,555785330.0
2026-02-15 00:00:00+00:00,0.004333,0.004343,0.004232,0.004306,670813350.0
2026-02-15 04:00:00+00:00,0.004306,0.004368,0.004298,0.004354,535413591.0
2026-02-15 08:00:00+00:00,0.004354,0.00437,0.004237,0.004255,489005628.0
2026-02-15 12:00:00+00:00,0.004255,0.00426,0.004077,0.004122,936707131.0
2026-02-15 16:00:00+00:00,0.004122,0.004131,0.003998,0.004028,1061988410.0
2026-02-15 20:00:00+00:00,0.004028,0.00408,0.004005,0.004073,356188476.0
2026-02-16 00:00:00+00:00,0.004073,0.004099,0.004046,0.004068,302491685.0
2026-02-16 04:00:00+00:00,0.004068,0.00411,0.004037,0.00406,264521634.0
2026-02-16 08:00:00+00:00,0.00406,0.004118,0.004036,0.004094,282055733.0
2026-02-16 12:00:00+00:00,0.004094,0.004208,0.004012,0.004038,942771059.0
2026-02-16 16:00:00+00:00,0.004038,0.004105,0.004034,0.004093,523194738.0
2026-02-16 20:00:00+00:00,0.004093,0.004172,0.004078,0.004142,440697456.0
2026-02-17 00:00:00+00:00,0.004142,0.004147,0.004091,0.004099,257257483.0
2026-02-17 04:00:00+00:00,0.004099,0.004112,0.004032,0.004058,465834672.0
2026-02-17 08:00:00+00:00,0.004058,0.004075,0.004026,0.004069,469792135.0
2026-02-17 12:00:00+00:00,0.004069,0.004107,0.004008,0.004073,858220349.0
2026-02-17 16:00:00+00:00,0.004073,0.004133,0.004025,0.004054,768180409.0
2026-02-17 20:00:00+00:00,0.004054,0.004065,0.00402,0.004036,396510029.0
2026-02-18 00:00:00+00:00,0.004036,0.004073,0.004011,0.004065,333301088.0
2026-02-18 04:00:00+00:00,0.004065,0.004084,0.004038,0.004073,257291498.0
2026-02-18 08:00:00+00:00,0.004073,0.004096,0.003971,0.003993,451174946.0
2026-02-18 12:00:00+00:00,0.003993,0.00407,0.003953,0.004021,680015948.0
2026-02-18 16:00:00+00:00,0.004021,0.004025,0.003863,0.003882,920689842.0
2026-02-18 20:00:00+00:00,0.003882,0.003909,0.003851,0.00387,420310270.0
2026-02-19 00:00:00+00:00,0.00387,0.003918,0.003857,0.003906,367950919.0
2026-02-19 04:00:00+00:00,0.003906,0.003917,0.003856,0.003888,390869175.0
2026-02-19 08:00:00+00:00,0.003888,0.003888,0.003825,0.003831,484494438.0
2026-02-19 12:00:00+00:00,0.003831,0.003855,0.003739,0.003749,991418204.0
2026-02-19 16:00:00+00:00,0.003749,0.003788,0.003708,0.003747,829923247.0
2026-02-19 20:00:00+00:00,0.003747,0.003794,0.003736,0.003793,372226006.0
2026-02-20 00:00:00+00:00,0.003793,0.00384,0.003784,0.00383,334130205.0
2026-02-20 04:00:00+00:00,0.00383,0.003854,0.003793,0.003829,370410489.0
2026-02-20 08:00:00+00:00,0.003829,0.003889,0.003822,0.003829,374316652.0
2026-02-20 12:00:00+00:00,0.003829,0.003913,0.003711,0.003913,1315441822.0
2026-02-20 16:00:00+00:00,0.003913,0.003962,0.003818,0.003914,1508788505.0
2026-02-20 20:00:00+00:00,0.003914,0.003932,0.003897,0.003915,378029777.0
2026-02-21 00:00:00+00:00,0.003915,0.003957,0.003899,0.003953,384462077.0
2026-02-21 04:00:00+00:00,0.003953,0.003979,0.003916,0.003949,282825804.0
2026-02-21 08:00:00+00:00,0.003949,0.004058,0.003943,0.003994,534777513.0
2026-02-21 12:00:00+00:00,0.003994,0.004013,0.003949,0.003963,335985160.0
2026-02-21 16:00:00+00:00,0.003963,0.003965,0.003914,0.003929,297570766.0
2026-02-21 20:00:00+00:00,0.003929,0.003935,0.00388,0.003882,234145886.0
2026-02-22 00:00:00+00:00,0.003882,0.003882,0.003776,0.003807,411350367.0
2026-02-22 04:00:00+00:00,0.003807,0.003811,0.003775,0.003797,205775464.0
2026-02-22 08:00:00+00:00,0.003797,0.003808,0.00377,0.003772,311385324.0
2026-02-22 12:00:00+00:00,0.003772,0.003772,0.003636,0.003667,790567370.0
2026-02-22 16:00:00+00:00,0.003667,0.003667,0.003615,0.003629,340961823.0
2026-02-22 20:00:00+00:00,0.003629,0.003654,0.003605,0.003636,336098196.0
2026-02-23 00:00:00+00:00,0.003636,0.00364,0.003399,0.003472,2038103460.0
2026-02-23 04:00:00+00:00,0.003472,0.003586,0.003454,0.003568,695235602.0
2026-02-23 08:00:00+00:00,0.003568,0.003662,0.003549,0.003648,722439262.0
2026-02-23 12:00:00+00:00,0.003648,0.003677,0.003467,0.003481,1042634989.0
2026-02-23 16:00:00+00:00,0.003481,0.003498,0.003389,0.003465,1370375662.0
2026-02-23 20:00:00+00:00,0.003465,0.003531,0.003446,0.003508,580363265.0
2026-02-24 00:00:00+00:00,0.003508,0.00355,0.003421,0.003437,1068159069.0
2026-02-24 04:00:00+00:00,0.003437,0.003463,0.003394,0.003454,886753004.0
2026-02-24 08:00:00+00:00,0.003454,0.003474,0.003423,0.003432,545910807.0
2026-02-24 12:00:00+00:00,0.003432,0.003543,0.003408,0.00351,1119739101.0
2026-02-24 16:00:00+00:00,0.00351,0.003542,0.003482,0.003528,831102336.0
2026-02-24 20:00:00+00:00,0.003528,0.003546,0.00349,0.003494,417777611.0
2026-02-25 00:00:00+00:00,0.003494,0.003619,0.003483,0.00349,1157188155.0
2026-02-25 04:00:00+00:00,0.00349,0.003529,0.003434,0.003529,636896014.0
2026-02-25 08:00:00+00:00,0.003529,0.003569,0.003496,0.003537,597946225.0
2026-02-25 12:00:00+00:00,0.003537,0.003751,0.003528,0.003725,1264099605.0
2026-02-25 16:00:00+00:00,0.003725,0.003998,0.003725,0.003995,1327133890.0
2026-02-25 20:00:00+00:00,0.003995,0.004157,0.003854,0.003896,1622105648.0
2026-02-26 00:00:00+00:00,0.003896,0.003903,0.003803,0.003853,664172111.0
2026-02-26 04:00:00+00:00,0.003853,0.003872,0.003754,0.003777,504731028.0
2026-02-26 08:00:00+00:00,0.003777,0.003841,0.003709,0.003736,576273567.0
2026-02-26 12:00:00+00:00,0.003736,0.003792,0.003716,0.003761,636465383.0
2026-02-26 16:00:00+00:00,0.003761,0.003763,0.003605,0.00372,1120474074.0
2026-02-26 20:00:00+00:00,0.00372,0.003733,0.00367,0.003706,290946425.0
2026-02-27 00:00:00+00:00,0.003706,0.003763,0.003674,0.003749,269827795.0
2026-02-27 04:00:00+00:00,0.003749,0.003851,0.003748,0.003833,558645018.0
2026-02-27 08:00:00+00:00,0.003833,0.003864,0.003702,0.003729,593423052.0
2026-02-27 12:00:00+00:00,0.003729,0.003753,0.003659,0.00369,748236818.0
2026-02-27 16:00:00+00:00,0.00369,0.003705,0.003632,0.003658,591160786.0
2026-02-27 20:00:00+00:00,0.003658,0.003676,0.003579,0.003655,433383738.0
2026-02-28 00:00:00+00:00,0.003655,0.003671,0.003609,0.003613,267181603.0
2026-02-28 04:00:00+00:00,0.003613,0.003621,0.0034,0.003492,1320982191.0
2026-02-28 08:00:00+00:00,0.003492,0.003492,0.003375,0.00338,766980260.0
2026-02-28 12:00:00+00:00,0.00338,0.003469,0.003354,0.003393,1256632895.0
2026-02-28 16:00:00+00:00,0.003393,0.003591,0.003386,0.003554,996419370.0
2026-02-28 20:00:00+00:00,0.003554,0.003632,0.003535,0.003602,879950134.0
2026-03-01 00:00:00+00:00,0.003602,0.003729,0.003535,0.003635,852659909.0
2026-03-01 04:00:00+00:00,0.003635,0.003645,0.003564,0.003608,620388540.0
2026-03-01 08:00:00+00:00,0.003608,0.003614,0.003502,0.003522,601500858.0
2026-03-01 12:00:00+00:00,0.003522,0.003603,0.003476,0.003566,1050078583.0
2026-03-01 16:00:00+00:00,0.003566,0.003596,0.003457,0.00347,1169975637.0
2026-03-01 20:00:00+00:00,0.00347,0.003523,0.003393,0.003482,960812270.0
2026-03-02 00:00:00+00:00,0.003482,0.003582,0.003482,0.003554,720640359.0
2026-03-02 04:00:00+00:00,0.003554,0.003574,0.003448,0.003465,588858051.0
2026-03-02 08:00:00+00:00,0.003465,0.003519,0.003429,0.003466,877886852.0
2026-03-02 12:00:00+00:00,0.003466,0.003688,0.003421,0.00363,1515498752.0
2026-03-02 16:00:00+00:00,0.00363,0.003705,0.003567,0.003597,1217067429.0
2026-03-02 20:00:00+00:00,0.003597,0.003615,0.003506,0.003537,674490226.0
2026-03-03 00:00:00+00:00,0.003537,0.003538,0.003466,0.003505,668308289.0
2026-03-03 04:00:00+00:00,0.003505,0.003525,0.003467,0.003492,595992118.0
2026-03-03 08:00:00+00:00,0.003492,0.003498,0.003383,0.003428,1028767958.0
2026-03-03 12:00:00+00:00,0.003428,0.00354,0.00342,0.00351,1419480752.0
2026-03-03 16:00:00+00:00,0.00351,0.003618,0.003478,0.003534,1398206962.0
2026-03-03 20:00:00+00:00,0.003534,0.003551,0.003466,0.003511,719066150.0
2026-03-04 00:00:00+00:00,0.003511,0.003542,0.003474,0.003522,852760691.0
2026-03-04 04:00:00+00:00,0.003522,0.003565,0.003483,0.00355,794922525.0
2026-03-04 08:00:00+00:00,0.00355,0.003702,0.003538,0.003574,1376110474.0
2026-03-04 12:00:00+00:00,0.003574,0.003696,0.003522,0.003696,1835805437.0
2026-03-04 16:00:00+00:00,0.003696,0.00375,0.003605,0.003718,1144332537.0
2026-03-04 20:00:00+00:00,0.003718,0.003719,0.003563,0.003613,660276203.0
2026-03-05 00:00:00+00:00,0.003613,0.003617,0.003554,0.003588,585019751.0
2026-03-05 04:00:00+00:00,0.003588,0.003607,0.003529,0.003544,531871730.0
2026-03-05 08:00:00+00:00,0.003544,0.003663,0.003526,0.003613,762528961.0
2026-03-05 12:00:00+00:00,0.003613,0.003651,0.003529,0.003551,1174390404.0
2026-03-05 16:00:00+00:00,0.003551,0.003566,0.003444,0.003528,1196238085.0
2026-03-05 20:00:00+00:00,0.003528,0.003582,0.003527,0.003536,505347261.0
2026-03-06 00:00:00+00:00,0.003536,0.003577,0.003506,0.003573,463745788.0
2026-03-06 04:00:00+00:00,0.003573,0.003583,0.003501,0.003572,526054293.0
2026-03-06 08:00:00+00:00,0.003572,0.003573,0.003485,0.003486,542115373.0
2026-03-06 12:00:00+00:00,0.003486,0.003518,0.003355,0.003388,1772740310.0
2026-03-06 16:00:00+00:00,0.003388,0.00346,0.003347,0.00344,1283138306.0
2026-03-06 20:00:00+00:00,0.00344,0.003447,0.003411,0.003426,386515371.0
2026-03-07 00:00:00+00:00,0.003426,0.003442,0.003369,0.003381,586987024.0
2026-03-07 04:00:00+00:00,0.003381,0.003397,0.003335,0.003362,693111666.0
2026-03-07 08:00:00+00:00,0.003362,0.003403,0.00336,0.003379,480310512.0
2026-03-07 12:00:00+00:00,0.003379,0.003384,0.003314,0.003328,700385774.0
2026-03-07 16:00:00+00:00,0.003328,0.003358,0.003284,0.003296,683558845.0
2026-03-07 20:00:00+00:00,0.003296,0.003309,0.003239,0.00328,691014887.0
2026-03-08 00:00:00+00:00,0.00328,0.003283,0.003207,0.003217,718381734.0
2026-03-08 04:00:00+00:00,0.003217,0.003258,0.003176,0.003253,748099316.0
2026-03-08 08:00:00+00:00,0.003253,0.003307,0.003239,0.00327,678845855.0
2026-03-08 12:00:00+00:00,0.00327,0.003306,0.003213,0.003231,1214924920.0
2026-03-08 16:00:00+00:00,0.003231,0.00335,0.003221,0.003349,1204727901.0
2026-03-08 20:00:00+00:00,0.003349,0.003393,0.003231,0.003275,1928496156.0
2026-03-09 00:00:00+00:00,0.003275,0.00339,0.003273,0.003325,1581108521.0
2026-03-09 04:00:00+00:00,0.003325,0.003429,0.003297,0.003343,1559731967.0
2026-03-09 08:00:00+00:00,0.003343,0.003377,0.003303,0.003332,1181496486.0
2026-03-09 12:00:00+00:00,0.003332,0.003454,0.003332,0.003418,1799516533.0
2026-03-09 16:00:00+00:00,0.003418,0.003473,0.003366,0.003398,1210581560.0
2026-03-09 20:00:00+00:00,0.003398,0.003428,0.00334,0.003348,754376164.0
2026-03-10 00:00:00+00:00,0.003348,0.003442,0.00334,0.003391,966951357.0
2026-03-10 04:00:00+00:00,0.003391,0.003426,0.003363,0.003409,623641893.0
2026-03-10 08:00:00+00:00,0.003409,0.003445,0.003389,0.003413,700664067.0
2026-03-10 12:00:00+00:00,0.003413,0.003512,0.003371,0.003481,1337270393.0
2026-03-10 16:00:00+00:00,0.003481,0.003502,0.003348,0.003363,1394381699.0
2026-03-10 20:00:00+00:00,0.003363,0.003373,0.003319,0.003345,610246732.0
2026-03-11 00:00:00+00:00,0.003345,0.00336,0.00332,0.003333,478220296.0
2026-03-11 04:00:00+00:00,0.003333,0.00334,0.003275,0.003324,837138193.0
2026-03-11 08:00:00+00:00,0.003324,0.003427,0.003322,0.00341,1138691556.0
2026-03-11 12:00:00+00:00,0.00341,0.003544,0.003377,0.003421,1920345381.0
2026-03-11 16:00:00+00:00,0.003421,0.003458,0.003398,0.003429,1108740673.0
2026-03-11 20:00:00+00:00,0.003429,0.003443,0.00339,0.003395,582113507.0
2026-03-12 00:00:00+00:00,0.003395,0.003412,0.003351,0.003357,732060153.0
2026-03-12 04:00:00+00:00,0.003357,0.003379,0.003332,0.003377,546523272.0
2026-03-12 08:00:00+00:00,0.003377,0.003432,0.003348,0.003356,829762683.0
2026-03-12 12:00:00+00:00,0.003356,0.003368,0.003284,0.003349,1399727512.0
2026-03-12 16:00:00+00:00,0.003349,0.003387,0.003299,0.003343,1157769231.0
2026-03-12 20:00:00+00:00,0.003343,0.00337,0.003313,0.003344,753855221.0
2026-03-13 00:00:00+00:00,0.003344,0.003493,0.003334,0.003488,1889874300.0
2026-03-13 04:00:00+00:00,0.003488,0.003518,0.003452,0.003504,901746382.0
2026-03-13 08:00:00+00:00,0.003504,0.003608,0.003497,0.00354,1255791719.0
2026-03-13 12:00:00+00:00,0.00354,0.003608,0.003522,0.003539,1462183601.0
2026-03-13 16:00:00+00:00,0.003539,0.003569,0.003485,0.003527,1058932164.0
2026-03-13 20:00:00+00:00,0.003527,0.003643,0.003476,0.003523,1358247957.0
2026-03-14 00:00:00+00:00,0.003523,0.003535,0.003468,0.003532,830721931.0
2026-03-14 04:00:00+00:00,0.003532,0.003579,0.003414,0.003423,852395964.0
2026-03-14 08:00:00+00:00,0.003423,0.00343,0.003384,0.003399,519925003.0
2026-03-14 12:00:00+00:00,0.003399,0.003452,0.003367,0.003404,788826554.0
2026-03-14 16:00:00+00:00,0.003404,0.003426,0.003377,0.00339,427460437.0
2026-03-14 20:00:00+00:00,0.00339,0.003393,0.003344,0.00339,569523842.0
2026-03-15 00:00:00+00:00,0.00339,0.003481,0.003379,0.003444,775544018.0
2026-03-15 04:00:00+00:00,0.003444,0.003452,0.003382,0.0034,562786525.0
2026-03-15 08:00:00+00:00,0.0034,0.003494,0.003392,0.003477,622288828.0
2026-03-15 12:00:00+00:00,0.003477,0.00348,0.003415,0.003428,831310119.0
2026-03-15 16:00:00+00:00,0.003428,0.003519,0.003422,0.003505,821801845.0
2026-03-15 20:00:00+00:00,0.003505,0.003541,0.00347,0.003492,1063274996.0
2026-03-16 00:00:00+00:00,0.003492,0.003639,0.003478,0.003586,1188299706.0
2026-03-16 04:00:00+00:00,0.003586,0.003657,0.003572,0.003634,1203253428.0
2026-03-16 08:00:00+00:00,0.003634,0.003672,0.003579,0.003592,923857817.0
2026-03-16 12:00:00+00:00,0.003592,0.003617,0.003541,0.003584,1268371682.0
2026-03-16 16:00:00+00:00,0.003584,0.00364,0.003581,0.003609,980192321.0
2026-03-16 20:00:00+00:00,0.003609,0.003708,0.003601,0.003679,843871744.0
2026-03-17 00:00:00+00:00,0.003679,0.003699,0.003603,0.003635,1196999275.0
2026-03-17 04:00:00+00:00,0.003635,0.003651,0.003593,0.003613,677636925.0
2026-03-17 08:00:00+00:00,0.003613,0.003628,0.003576,0.003603,651157259.0
2026-03-17 12:00:00+00:00,0.003603,0.003606,0.003533,0.00358,1123409811.0
2026-03-17 16:00:00+00:00,0.00358,0.003639,0.003576,0.003603,836101318.0
2026-03-17 20:00:00+00:00,0.003603,0.003649,0.003587,0.003592,472488118.0
2026-03-18 00:00:00+00:00,0.003592,0.003668,0.003563,0.003648,665009903.0
2026-03-18 04:00:00+00:00,0.003648,0.003686,0.003617,0.003677,570808902.0
2026-03-18 08:00:00+00:00,0.003677,0.0037,0.003494,0.003517,1141509704.0
2026-03-18 12:00:00+00:00,0.003517,0.003517,0.003362,0.003392,2186366605.0
2026-03-18 16:00:00+00:00,0.003392,0.003456,0.003356,0.003415,1455354268.0
2026-03-18 20:00:00+00:00,0.003415,0.003463,0.003377,0.003451,754977247.0
2026-03-19 00:00:00+00:00,0.003451,0.003461,0.003399,0.003422,724731918.0
2026-03-19 04:00:00+00:00,0.003422,0.003429,0.003331,0.003351,988272935.0
2026-03-19 08:00:00+00:00,0.003351,0.003384,0.003335,0.003357,829588721.0
2026-03-19 12:00:00+00:00,0.003357,0.003358,0.003278,0.003321,1948684256.0
2026-03-19 16:00:00+00:00,0.003321,0.00336,0.003283,0.003345,991071086.0
2026-03-19 20:00:00+00:00,0.003345,0.003365,0.003334,0.00336,622495929.0
2026-03-20 00:00:00+00:00,0.00336,0.003426,0.003348,0.003393,852652978.0
2026-03-20 04:00:00+00:00,0.003393,0.003425,0.003368,0.003386,917337348.0
2026-03-20 08:00:00+00:00,0.003386,0.003412,0.003347,0.003369,868038162.0
2026-03-20 12:00:00+00:00,0.003369,0.003382,0.003322,0.003364,1223902038.0
2026-03-20 16:00:00+00:00,0.003364,0.003376,0.00331,0.003345,816818825.0
2026-03-20 20:00:00+00:00,0.003345,0.003381,0.003309,0.003329,647292796.0
2026-03-21 00:00:00+00:00,0.003329,0.003348,0.003322,0.003322,348893376.0
2026-03-21 04:00:00+00:00,0.003322,0.003348,0.00332,0.003334,374581556.0
2026-03-21 08:00:00+00:00,0.003334,0.00335,0.003235,0.003302,958341172.0
2026-03-21 12:00:00+00:00,0.003302,0.003349,0.003297,0.003347,547872179.0
2026-03-21 16:00:00+00:00,0.003347,0.003348,0.003309,0.003315,448267947.0
2026-03-21 20:00:00+00:00,0.003315,0.003341,0.00316,0.003189,1361810852.0
2026-03-22 00:00:00+00:00,0.003189,0.003226,0.003122,0.003193,1911781092.0
2026-03-22 04:00:00+00:00,0.003193,0.003219,0.003167,0.003167,915650282.0
2026-03-22 08:00:00+00:00,0.003167,0.003167,0.003083,0.003089,1630538090.0
2026-03-22 12:00:00+00:00,0.003089,0.003121,0.003079,0.0031,1031983395.0
2026-03-22 16:00:00+00:00,0.0031,0.0031,0.003019,0.003045,1473756017.0
2026-03-22 20:00:00+00:00,0.003045,0.003082,0.002985,0.003048,1773982498.0
2026-03-23 00:00:00+00:00,0.003048,0.003095,0.003029,0.003069,1606686050.0
2026-03-23 04:00:00+00:00,0.003069,0.003101,0.002994,0.003015,1481167520.0
2026-03-23 08:00:00+00:00,0.003015,0.003207,0.00299,0.003143,4046392185.0
2026-03-23 12:00:00+00:00,0.003143,0.00322,0.003128,0.003135,1417399791.0
2026-03-23 16:00:00+00:00,0.003135,0.003199,0.003097,0.003142,1123928788.0
2026-03-23 20:00:00+00:00,0.003142,0.003207,0.00313,0.003204,996932069.0
2026-03-24 00:00:00+00:00,0.003204,0.003252,0.003168,0.003244,1252771416.0
2026-03-24 04:00:00+00:00,0.003244,0.003256,0.003203,0.003243,989649777.0
2026-03-24 08:00:00+00:00,0.003243,0.003266,0.003181,0.003205,1411557918.0
2026-03-24 12:00:00+00:00,0.003205,0.003214,0.00315,0.003182,1476501999.0
2026-03-24 16:00:00+00:00,0.003182,0.003204,0.003136,0.003185,1250961397.0
2026-03-24 20:00:00+00:00,0.003185,0.003267,0.003184,0.003202,975952639.0
2026-03-25 00:00:00+00:00,0.003202,0.003225,0.003159,0.003185,716217310.0
2026-03-25 04:00:00+00:00,0.003185,0.003196,0.003134,0.003141,889770925.0
2026-03-25 08:00:00+00:00,0.003141,0.00322,0.003138,0.003212,705001994.0
2026-03-25 12:00:00+00:00,0.003212,0.003262,0.003185,0.003195,1012805589.0
2026-03-25 16:00:00+00:00,0.003195,0.003219,0.00316,0.00317,750323577.0
2026-03-25 20:00:00+00:00,0.00317,0.003196,0.003134,0.003149,707356269.0
2026-03-26 00:00:00+00:00,0.003149,0.003155,0.003087,0.003106,859294998.0
2026-03-26 04:00:00+00:00,0.003106,0.003122,0.003067,0.003099,936019610.0
2026-03-26 08:00:00+00:00,0.003099,0.0031,0.003031,0.003032,1409085033.0
2026-03-26 12:00:00+00:00,0.003032,0.003073,0.003015,0.00302,1814833329.0
2026-03-26 16:00:00+00:00,0.00302,0.003033,0.00299,0.003003,1326159549.0
2026-03-26 20:00:00+00:00,0.003003,0.003071,0.002994,0.003033,1487191227.0
2026-03-27 00:00:00+00:00,0.003033,0.003077,0.003032,0.003059,893093611.0
2026-03-27 04:00:00+00:00,0.003059,0.003085,0.003035,0.003068,1050706691.0
2026-03-27 08:00:00+00:00,0.003068,0.003072,0.002934,0.002953,1895216438.0
2026-03-27 12:00:00+00:00,0.002953,0.002978,0.002912,0.002935,1937017724.0
2026-03-27 16:00:00+00:00,0.002935,0.002976,0.002923,0.002974,1468864589.0
2026-03-27 20:00:00+00:00,0.002974,0.002983,0.002939,0.002947,670587760.0
2026-03-28 00:00:00+00:00,0.002947,0.002963,0.002908,0.002917,1296892517.0
2026-03-28 04:00:00+00:00,0.002917,0.002931,0.002901,0.002916,1235074670.0
2026-03-28 08:00:00+00:00,0.002916,0.002927,0.002883,0.002906,786842051.0
2026-03-28 12:00:00+00:00,0.002906,0.002981,0.002895,0.002934,1845194409.0
2026-03-28 16:00:00+00:00,0.002934,0.002947,0.002887,0.002895,849697748.0
2026-03-28 20:00:00+00:00,0.002895,0.002917,0.002828,0.002837,1314829078.0
2026-03-29 00:00:00+00:00,0.002837,0.002866,0.002807,0.002845,1002037501.0
2026-03-29 04:00:00+00:00,0.002845,0.002849,0.002821,0.002824,940438221.0
2026-03-29 08:00:00+00:00,0.002824,0.002839,0.00279,0.002812,935739103.0
2026-03-29 12:00:00+00:00,0.002812,0.002815,0.002753,0.002774,1575461468.0
2026-03-29 16:00:00+00:00,0.002774,0.002802,0.002761,0.002764,885783408.0
2026-03-29 20:00:00+00:00,0.002764,0.002799,0.002677,0.002774,2257517227.0
2026-03-30 00:00:00+00:00,0.002774,0.002891,0.002771,0.002858,1516435252.0
2026-03-30 04:00:00+00:00,0.002858,0.002926,0.00285,0.002916,997289779.0
2026-03-30 08:00:00+00:00,0.002916,0.002983,0.002889,0.002934,1286327471.0
2026-03-30 12:00:00+00:00,0.002934,0.002962,0.002876,0.002886,1356721129.0
2026-03-30 16:00:00+00:00,0.002886,0.002898,0.002822,0.002857,1313172037.0
2026-03-30 20:00:00+00:00,0.002857,0.002891,0.002848,0.002883,795084402.0
2026-03-31 00:00:00+00:00,0.002883,0.002942,0.002864,0.002911,1231222927.0
2026-03-31 04:00:00+00:00,0.002911,0.002939,0.002889,0.002932,1071781931.0
2026-03-31 08:00:00+00:00,0.002932,0.002934,0.002846,0.002894,1333958549.0
2026-03-31 12:00:00+00:00,0.002894,0.002965,0.002875,0.002883,1640112305.0
2026-03-31 16:00:00+00:00,0.002883,0.00297,0.002882,0.002931,1403167148.0
2026-03-31 20:00:00+00:00,0.002931,0.002935,0.002885,0.002904,695506415.0
2026-04-01 00:00:00+00:00,0.002904,0.002954,0.00287,0.002951,898804422.0
2026-04-01 04:00:00+00:00,0.002951,0.003035,0.002937,0.002967,1256233129.0
2026-04-01 08:00:00+00:00,0.002967,0.002989,0.002945,0.002986,783160094.0
2026-04-01 12:00:00+00:00,0.002986,0.003046,0.00296,0.003007,1409939373.0
2026-04-01 16:00:00+00:00,0.003007,0.003015,0.002941,0.002957,981147513.0
2026-04-01 20:00:00+00:00,0.002957,0.002974,0.002918,0.002932,727784978.0
2026-04-02 00:00:00+00:00,0.002932,0.00295,0.002832,0.002844,1553353637.0
2026-04-02 04:00:00+00:00,0.002844,0.002883,0.002831,0.002867,913647388.0
2026-04-02 08:00:00+00:00,0.002867,0.002873,0.002824,0.002834,940636226.0
2026-04-02 12:00:00+00:00,0.002834,0.002884,0.002799,0.002855,2146926089.0
2026-04-02 16:00:00+00:00,0.002855,0.002895,0.002832,0.002842,947264146.0
2026-04-02 20:00:00+00:00,0.002842,0.002859,0.002832,0.002854,590572788.0
2026-04-03 00:00:00+00:00,0.002854,0.002885,0.002838,0.002878,745094888.0
2026-04-03 04:00:00+00:00,0.002878,0.00294,0.002865,0.002909,1048848956.0
2026-04-03 08:00:00+00:00,0.002909,0.002969,0.002906,0.002948,1163255830.0
2026-04-03 12:00:00+00:00,0.002948,0.002981,0.002911,0.002916,1355687469.0
2026-04-03 16:00:00+00:00,0.002916,0.002936,0.002899,0.002912,986395697.0
2026-04-03 20:00:00+00:00,0.002912,0.002938,0.002887,0.002896,582207914.0
2026-04-04 00:00:00+00:00,0.002896,0.002896,0.002844,0.002859,664844844.0
2026-04-04 04:00:00+00:00,0.002859,0.00292,0.002851,0.002894,579212547.0
2026-04-04 08:00:00+00:00,0.002894,0.002901,0.002879,0.002892,397102892.0
2026-04-04 12:00:00+00:00,0.002892,0.00292,0.002857,0.002905,633044643.0
2026-04-04 16:00:00+00:00,0.002905,0.002941,0.002884,0.002914,775667642.0
2026-04-04 20:00:00+00:00,0.002914,0.002937,0.002893,0.002923,687582289.0
2026-04-05 00:00:00+00:00,0.002923,0.002926,0.002871,0.002876,626885376.0
2026-04-05 04:00:00+00:00,0.002876,0.002876,0.002804,0.002819,1097641959.0
2026-04-05 08:00:00+00:00,0.002819,0.002858,0.00281,0.002844,823972779.0
2026-04-05 12:00:00+00:00,0.002844,0.002869,0.002801,0.002836,1310483678.0
2026-04-05 16:00:00+00:00,0.002836,0.002846,0.002811,0.002832,892803427.0
2026-04-05 20:00:00+00:00,0.002832,0.002904,0.00282,0.002903,1041472408.0
2026-04-06 00:00:00+00:00,0.002903,0.00297,0.002903,0.002939,1386288585.0
2026-04-06 04:00:00+00:00,0.002939,0.00296,0.002922,0.002934,919849518.0
2026-04-06 08:00:00+00:00,0.002934,0.002994,0.002934,0.00299,1230771738.0
2026-04-06 12:00:00+00:00,0.00299,0.002999,0.00293,0.002972,1406866373.0
2026-04-06 16:00:00+00:00,0.002972,0.002979,0.002931,0.002941,794970958.0
2026-04-06 20:00:00+00:00,0.002941,0.002946,0.002831,0.002862,1322429640.0
2026-04-07 00:00:00+00:00,0.002862,0.002884,0.002845,0.002882,1121134316.0
2026-04-07 04:00:00+00:00,0.002882,0.002892,0.002853,0.002871,936444725.0
2026-04-07 08:00:00+00:00,0.002871,0.002885,0.002806,0.00281,1801321501.0
2026-04-07 12:00:00+00:00,0.00281,0.002827,0.002766,0.002814,2205051449.0
2026-04-07 16:00:00+00:00,0.002814,0.002882,0.002812,0.002882,1814919534.0
2026-04-07 20:00:00+00:00,0.002882,0.003119,0.00288,0.003096,3259632070.0
2026-04-08 00:00:00+00:00,0.003096,0.003128,0.003062,0.003102,1389903086.0
2026-04-08 04:00:00+00:00,0.003102,0.003139,0.0031,0.003113,950562729.0
2026-04-08 08:00:00+00:00,0.003113,0.003113,0.003037,0.003064,1068898940.0
2026-04-08 12:00:00+00:00,0.003064,0.003074,0.003022,0.003054,1642242883.0
2026-04-08 16:00:00+00:00,0.003054,0.003139,0.003031,0.003064,1886689301.0
2026-04-08 20:00:00+00:00,0.003064,0.00312,0.003018,0.003028,1291325863.0
2026-04-09 00:00:00+00:00,0.003028,0.003043,0.002988,0.003004,1239588687.0
2026-04-09 04:00:00+00:00,0.003004,0.003104,0.002998,0.003091,1398324778.0
2026-04-09 08:00:00+00:00,0.003091,0.003111,0.002996,0.003003,1232023134.0
2026-04-09 12:00:00+00:00,0.003003,0.003072,0.002968,0.003047,954674233.0
2026-04-09 16:00:00+00:00,0.003047,0.003084,0.003026,0.003065,700161031.0
2026-04-09 20:00:00+00:00,0.003065,0.003156,0.003039,0.003056,613840120.0
2026-04-10 00:00:00+00:00,0.003056,0.003074,0.003008,0.003012,640595061.0
2026-04-10 04:00:00+00:00,0.003012,0.003098,0.00301,0.003039,773300274.0
2026-04-10 08:00:00+00:00,0.003039,0.003059,0.003013,0.003025,968730762.0
2026-04-10 12:00:00+00:00,0.003025,0.003101,0.003019,0.003064,1228515991.0
2026-04-10 16:00:00+00:00,0.003064,0.003121,0.003025,0.003116,921795466.0
2026-04-10 20:00:00+00:00,0.003116,0.003117,0.003069,0.003075,415662576.0
2026-04-11 00:00:00+00:00,0.003075,0.003076,0.003002,0.003035,698654561.0
2026-04-11 04:00:00+00:00,0.003035,0.003057,0.002991,0.003013,525203909.0
2026-04-11 08:00:00+00:00,0.003013,0.003036,0.003008,0.00301,426565428.0
2026-04-11 12:00:00+00:00,0.00301,0.00301,0.002973,0.002993,539125227.0
2026-04-11 16:00:00+00:00,0.002993,0.003099,0.002987,0.003084,834556187.0
2026-04-11 20:00:00+00:00,0.003084,0.003088,0.003021,0.003024,576557915.0
2026-04-12 00:00:00+00:00,0.003024,0.00303,0.002912,0.002936,1082653226.0
2026-04-12 04:00:00+00:00,0.002936,0.002969,0.002923,0.002933,681313755.0
2026-04-12 08:00:00+00:00,0.002933,0.002946,0.002919,0.00293,726813987.0
2026-04-12 12:00:00+00:00,0.00293,0.002973,0.002911,0.002916,1087625513.0
2026-04-12 16:00:00+00:00,0.002916,0.002949,0.002898,0.002922,671931701.0
2026-04-12 20:00:00+00:00,0.002922,0.002946,0.002873,0.00288,784112388.0
2026-04-13 00:00:00+00:00,0.00288,0.002924,0.002876,0.0029,717816200.0
2026-04-13 04:00:00+00:00,0.0029,0.002918,0.002876,0.002882,789311659.0
2026-04-13 08:00:00+00:00,0.002882,0.002919,0.00287,0.002911,765769846.0
2026-04-13 12:00:00+00:00,0.002911,0.002979,0.002895,0.002906,1331981007.0
2026-04-13 16:00:00+00:00,0.002906,0.002966,0.002889,0.002963,912579223.0
2026-04-13 20:00:00+00:00,0.002963,0.003066,0.002916,0.003047,1416741539.0
2026-04-14 00:00:00+00:00,0.003047,0.003072,0.002996,0.003005,683235548.0
2026-04-14 04:00:00+00:00,0.003005,0.003013,0.00297,0.002994,464527927.0
2026-04-14 08:00:00+00:00,0.002994,0.003023,0.002979,0.002982,450906901.0
2026-04-14 12:00:00+00:00,0.002982,0.003034,0.002962,0.002985,842739789.0
2026-04-14 16:00:00+00:00,0.002985,0.003032,0.002896,0.002952,1113524243.0
2026-04-14 20:00:00+00:00,0.002952,0.002973,0.002926,0.002948,455494000.0
2026-04-15 00:00:00+00:00,0.002948,0.002996,0.002948,0.00297,560857124.0
2026-04-15 04:00:00+00:00,0.00297,0.003017,0.002952,0.002954,569668343.0
2026-04-15 08:00:00+00:00,0.002954,0.003062,0.002949,0.003025,768856836.0
2026-04-15 12:00:00+00:00,0.003025,0.003125,0.003021,0.003092,1542536710.0
2026-04-15 16:00:00+00:00,0.003092,0.003139,0.003061,0.003066,1725704264.0
2026-04-15 20:00:00+00:00,0.003066,0.003179,0.00305,0.003122,915848638.0
2026-04-16 00:00:00+00:00,0.003122,0.003158,0.003084,0.003134,1265442227.0
2026-04-16 04:00:00+00:00,0.003134,0.003215,0.003125,0.003192,1569955438.0
2026-04-16 08:00:00+00:00,0.003192,0.003247,0.003166,0.003247,1690521360.0
2026-04-16 12:00:00+00:00,0.003247,0.003388,0.003205,0.003336,4322161957.0
2026-04-16 16:00:00+00:00,0.003336,0.003433,0.003279,0.003414,2215351444.0
2026-04-16 20:00:00+00:00,0.003414,0.003461,0.003335,0.003425,906637221.0
2026-04-17 00:00:00+00:00,0.003425,0.003448,0.003352,0.003373,842333673.0
2026-04-17 04:00:00+00:00,0.003373,0.00338,0.003291,0.003343,697755721.0
2026-04-17 08:00:00+00:00,0.003343,0.003397,0.003325,0.003353,682909685.0
2026-04-17 12:00:00+00:00,0.003353,0.003461,0.003341,0.003422,1562492001.0
2026-04-17 16:00:00+00:00,0.003422,0.003514,0.003395,0.003453,1152724253.0
2026-04-17 20:00:00+00:00,0.003453,0.003471,0.003372,0.003395,509760037.0
2026-04-18 00:00:00+00:00,0.003395,0.003414,0.00335,0.003391,536980369.0
2026-04-18 04:00:00+00:00,0.003391,0.003517,0.003344,0.003495,1378534323.0
2026-04-18 08:00:00+00:00,0.003495,0.003514,0.003306,0.003341,1754938712.0
2026-04-18 12:00:00+00:00,0.003341,0.003354,0.003277,0.003322,889602440.0
2026-04-18 16:00:00+00:00,0.003322,0.003325,0.003224,0.003236,994831148.0
2026-04-18 20:00:00+00:00,0.003236,0.003257,0.003212,0.003224,380305088.0
2026-04-19 00:00:00+00:00,0.003224,0.003224,0.00314,0.003169,697280935.0
2026-04-19 04:00:00+00:00,0.003169,0.003203,0.003158,0.003199,624934884.0
2026-04-19 08:00:00+00:00,0.003199,0.00324,0.003183,0.003212,657807169.0
2026-04-19 12:00:00+00:00,0.003212,0.003304,0.003198,0.003237,948480718.0
2026-04-19 16:00:00+00:00,0.003237,0.003248,0.003171,0.003235,619569421.0
2026-04-19 20:00:00+00:00,0.003235,0.003257,0.003143,0.003169,820982722.0
2026-04-20 00:00:00+00:00,0.003169,0.003235,0.003166,0.003223,708159496.0
2026-04-20 04:00:00+00:00,0.003223,0.003225,0.003156,0.003178,513692511.0
2026-04-20 08:00:00+00:00,0.003178,0.003216,0.00316,0.003194,446633264.0
2026-04-20 12:00:00+00:00,0.003194,0.003252,0.003179,0.003215,716153400.0
2026-04-20 16:00:00+00:00,0.003215,0.003283,0.003209,0.003262,445986981.0
2026-04-20 20:00:00+00:00,0.003262,0.003275,0.003205,0.003221,472727314.0
2026-04-21 00:00:00+00:00,0.003221,0.003237,0.003182,0.003201,578113661.0
2026-04-21 04:00:00+00:00,0.003201,0.00323,0.003188,0.003203,489644693.0
2026-04-21 08:00:00+00:00,0.003203,0.003247,0.003188,0.003219,666033469.0
2026-04-21 12:00:00+00:00,0.003219,0.003224,0.003165,0.003212,986194552.0
2026-04-21 16:00:00+00:00,0.003212,0.003231,0.003117,0.003132,1369384317.0
2026-04-21 20:00:00+00:00,0.003132,0.003222,0.003129,0.003218,751234957.0
2026-04-22 00:00:00+00:00,0.003218,0.003254,0.00319,0.003237,675600180.0
2026-04-22 04:00:00+00:00,0.003237,0.003319,0.003233,0.003307,869528761.0
2026-04-22 08:00:00+00:00,0.003307,0.003321,0.003257,0.003287,711519590.0
2026-04-22 12:00:00+00:00,0.003287,0.003327,0.003259,0.003304,950836509.0
2026-04-22 16:00:00+00:00,0.003304,0.003338,0.003238,0.003269,614673449.0
2026-04-22 20:00:00+00:00,0.003269,0.00327,0.003184,0.003189,541044739.0
2026-04-23 00:00:00+00:00,0.003189,0.003208,0.003137,0.003164,976571909.0
2026-04-23 04:00:00+00:00,0.003164,0.003197,0.003152,0.003176,531435004.0
2026-04-23 08:00:00+00:00,0.003176,0.003185,0.003118,0.003161,650892687.0
2026-04-23 12:00:00+00:00,0.003161,0.003237,0.003161,0.003229,790163370.0
2026-04-23 16:00:00+00:00,0.003229,0.003239,0.00314,0.00317,1179053603.0
2026-04-23 20:00:00+00:00,0.00317,0.003242,0.003168,0.003228,538416362.0
2026-04-24 00:00:00+00:00,0.003228,0.003254,0.003201,0.00322,668311220.0
2026-04-24 04:00:00+00:00,0.00322,0.003265,0.00319,0.003247,857664715.0
2026-04-24 08:00:00+00:00,0.003247,0.003292,0.003212,0.003276,992865719.0
2026-04-24 12:00:00+00:00,0.003276,0.003329,0.003228,0.003323,1117339808.0
2026-04-24 16:00:00+00:00,0.003323,0.003465,0.003292,0.003449,2496527301.0
2026-04-24 20:00:00+00:00,0.003449,0.003631,0.003405,0.003538,6447065848.0
2026-04-25 00:00:00+00:00,0.003538,0.003828,0.003515,0.003726,7384967161.0
2026-04-25 04:00:00+00:00,0.003726,0.003757,0.00355,0.003615,4358538233.0
2026-04-25 08:00:00+00:00,0.003615,0.003697,0.003532,0.00356,3443638606.0
2026-04-25 12:00:00+00:00,0.00356,0.003591,0.003473,0.0035,2283873245.0
2026-04-25 16:00:00+00:00,0.0035,0.003511,0.003441,0.003454,1107428681.0
2026-04-25 20:00:00+00:00,0.003454,0.003507,0.003447,0.003476,449876283.0
2026-04-26 00:00:00+00:00,0.003476,0.003476,0.003403,0.003441,921532216.0
2026-04-26 04:00:00+00:00,0.003441,0.00349,0.00342,0.00345,852816016.0
2026-04-26 08:00:00+00:00,0.00345,0.003463,0.003415,0.003436,459263302.0
2026-04-26 12:00:00+00:00,0.003436,0.003462,0.003395,0.003408,708670771.0
2026-04-26 16:00:00+00:00,0.003408,0.003434,0.003379,0.00341,547970534.0
2026-04-26 20:00:00+00:00,0.00341,0.003425,0.003374,0.003392,411489121.0
2026-04-27 00:00:00+00:00,0.003392,0.003485,0.003375,0.003478,699023534.0
2026-04-27 04:00:00+00:00,0.003478,0.00349,0.003326,0.003343,975117113.0
2026-04-27 08:00:00+00:00,0.003343,0.003364,0.003306,0.003354,562142687.0
2026-04-27 12:00:00+00:00,0.003354,0.003379,0.003275,0.003293,860610056.0
2026-04-27 16:00:00+00:00,0.003293,0.003315,0.003253,0.003264,568471686.0
2026-04-27 20:00:00+00:00,0.003264,0.003306,0.003262,0.003296,264609617.0
2026-04-28 00:00:00+00:00,0.003296,0.00331,0.003257,0.003284,527530378.0
2026-04-28 04:00:00+00:00,0.003284,0.003337,0.003276,0.003315,570687066.0
2026-04-28 08:00:00+00:00,0.003315,0.003353,0.003262,0.00328,450450536.0
2026-04-28 12:00:00+00:00,0.00328,0.003312,0.003245,0.003301,689399219.0
2026-04-28 16:00:00+00:00,0.003301,0.003311,0.003264,0.003286,412587961.0
2026-04-28 20:00:00+00:00,0.003286,0.003355,0.003278,0.003321,474415167.0
2026-04-29 00:00:00+00:00,0.003321,0.003386,0.003288,0.003385,755336362.0
2026-04-29 04:00:00+00:00,0.003385,0.003393,0.00334,0.003341,435513402.0
2026-04-29 08:00:00+00:00,0.003341,0.003391,0.003333,0.003348,392828616.0
2026-04-29 12:00:00+00:00,0.003348,0.003348,0.003229,0.003236,900843704.0
2026-04-29 16:00:00+00:00,0.003236,0.003248,0.00314,0.003179,1199769044.0
2026-04-29 20:00:00+00:00,0.003179,0.003233,0.003176,0.003206,555478634.0
2026-04-30 00:00:00+00:00,0.003206,0.003258,0.003197,0.003211,703312992.0
2026-04-30 04:00:00+00:00,0.003211,0.003256,0.003187,0.003251,452758178.0
2026-04-30 08:00:00+00:00,0.003251,0.003278,0.003232,0.003243,456684444.0
2026-04-30 12:00:00+00:00,0.003243,0.003255,0.003182,0.003218,546883082.0
2026-04-30 16:00:00+00:00,0.003218,0.003224,0.003195,0.00321,347852719.0
2026-04-30 20:00:00+00:00,0.00321,0.003215,0.003183,0.003194,353777373.0
2026-05-01 00:00:00+00:00,0.003194,0.003259,0.003194,0.003233,468264387.0
2026-05-01 04:00:00+00:00,0.003233,0.003244,0.003199,0.003204,218019818.0
2026-05-01 08:00:00+00:00,0.003204,0.003223,0.003176,0.003192,351416059.0
2026-05-01 12:00:00+00:00,0.003192,0.003268,0.003188,0.003255,589806864.0
2026-05-01 16:00:00+00:00,0.003255,0.003266,0.003235,0.003246,376722420.0
2026-05-01 20:00:00+00:00,0.003246,0.003251,0.003193,0.003214,352630096.0
2026-05-02 00:00:00+00:00,0.003214,0.00323,0.003195,0.003204,278472159.0
2026-05-02 04:00:00+00:00,0.003204,0.003204,0.003177,0.003189,238169456.0
2026-05-02 08:00:00+00:00,0.003189,0.003193,0.00316,0.003165,431165834.0
2026-05-02 12:00:00+00:00,0.003165,0.003221,0.003157,0.003206,409681254.0
2026-05-02 16:00:00+00:00,0.003206,0.003216,0.003182,0.00321,339497686.0
2026-05-02 20:00:00+00:00,0.00321,0.003218,0.00318,0.003181,282225030.0
2026-05-03 00:00:00+00:00,0.003181,0.003186,0.003106,0.003122,674568644.0
2026-05-03 04:00:00+00:00,0.003122,0.003127,0.003092,0.003097,471900995.0
2026-05-03 08:00:00+00:00,0.003097,0.003128,0.003088,0.00311,463686909.0
2026-05-03 12:00:00+00:00,0.00311,0.003129,0.003094,0.003106,408707026.0
2026-05-03 16:00:00+00:00,0.003106,0.003119,0.003084,0.003103,307063603.0
2026-05-03 20:00:00+00:00,0.003103,0.00313,0.003066,0.003083,560806454.0
2026-05-04 00:00:00+00:00,0.003083,0.003195,0.003054,0.00319,815502261.0
2026-05-04 04:00:00+00:00,0.00319,0.003213,0.003154,0.003184,432677685.0
2026-05-04 08:00:00+00:00,0.003184,0.003216,0.003098,0.003114,993704581.0
2026-05-04 12:00:00+00:00,0.003114,0.003176,0.003091,0.003125,1107256213.0
2026-05-04 16:00:00+00:00,0.003125,0.003186,0.003108,0.003154,597585998.0
2026-05-04 20:00:00+00:00,0.003154,0.00318,0.003108,0.00312,332456361.0
2026-05-05 00:00:00+00:00,0.00312,0.00318,0.00311,0.003161,434223302.0
2026-05-05 04:00:00+00:00,0.003161,0.003226,0.003142,0.003222,405637373.0
2026-05-05 08:00:00+00:00,0.003222,0.003266,0.003204,0.003257,556282867.0
2026-05-05 12:00:00+00:00,0.003257,0.003308,0.003251,0.003288,763403406.0
2026-05-05 16:00:00+00:00,0.003288,0.003391,0.003268,0.003388,519966991.0
2026-05-05 20:00:00+00:00,0.003388,0.003657,0.003385,0.003478,2201666649.0
2026-05-06 00:00:00+00:00,0.003478,0.003648,0.003444,0.003627,1297490198.0
2026-05-06 04:00:00+00:00,0.003627,0.00367,0.003543,0.003555,1367501557.0
2026-05-06 08:00:00+00:00,0.003555,0.003715,0.00355,0.003714,1044885282.0
2026-05-06 12:00:00+00:00,0.003714,0.00375,0.003571,0.003666,1590944827.0
2026-05-06 16:00:00+00:00,0.003666,0.003732,0.003606,0.003632,1166869290.0
2026-05-06 20:00:00+00:00,0.003632,0.003792,0.003619,0.003713,825536200.0
2026-05-07 00:00:00+00:00,0.003713,0.003728,0.003617,0.003682,1277845667.0
2026-05-07 04:00:00+00:00,0.003682,0.003898,0.003682,0.003793,1921745091.0
2026-05-07 08:00:00+00:00,0.003793,0.00382,0.003729,0.003765,752813412.0
2026-05-07 12:00:00+00:00,0.003765,0.003813,0.003623,0.003632,976586802.0
2026-05-07 16:00:00+00:00,0.003632,0.003755,0.003622,0.003735,1023882355.0
2026-05-07 20:00:00+00:00,0.003735,0.003779,0.003681,0.003743,686887593.0
2026-05-08 00:00:00+00:00,0.003743,0.003809,0.00373,0.003749,760991686.0
2026-05-08 04:00:00+00:00,0.003749,0.003791,0.003676,0.003771,638927614.0
2026-05-08 08:00:00+00:00,0.003771,0.003917,0.00377,0.003904,1307257916.0
2026-05-08 12:00:00+00:00,0.003904,0.004527,0.003888,0.004086,11138682411.0
2026-05-08 16:00:00+00:00,0.004086,0.004113,0.003935,0.004113,3231939949.0
2026-05-08 20:00:00+00:00,0.004113,0.004247,0.004095,0.004161,1387793177.0
2026-05-09 00:00:00+00:00,0.004161,0.004334,0.004148,0.004272,1314978088.0
2026-05-09 04:00:00+00:00,0.004272,0.004476,0.004225,0.004236,3446520199.0
2026-05-09 08:00:00+00:00,0.004236,0.004348,0.00418,0.004223,1938527582.0
2026-05-09 12:00:00+00:00,0.004223,0.004224,0.004081,0.00412,1129588121.0
2026-05-09 16:00:00+00:00,0.00412,0.004145,0.00408,0.004133,549104814.0
2026-05-09 20:00:00+00:00,0.004133,0.004148,0.004063,0.004081,345072042.0
2026-05-10 00:00:00+00:00,0.004081,0.004104,0.004014,0.004078,661765763.0
2026-05-10 04:00:00+00:00,0.004078,0.004087,0.004034,0.004059,334400340.0
2026-05-10 08:00:00+00:00,0.004059,0.004141,0.004049,0.004102,635440706.0
2026-05-10 12:00:00+00:00,0.004102,0.004133,0.004049,0.004076,411370930.0
2026-05-10 16:00:00+00:00,0.004076,0.004141,0.004074,0.004104,557255082.0
2026-05-10 20:00:00+00:00,0.004104,0.00412,0.003933,0.004074,838755449.0
2026-05-11 00:00:00+00:00,0.004074,0.004077,0.003932,0.003973,499670014.0
2026-05-11 04:00:00+00:00,0.003973,0.004009,0.003949,0.003973,334942168.0
2026-05-11 08:00:00+00:00,0.003973,0.004041,0.003958,0.003994,376437034.0
2026-05-11 12:00:00+00:00,0.003994,0.003999,0.003883,0.003916,526715535.0
2026-05-11 16:00:00+00:00,0.003916,0.003966,0.003899,0.003955,403137885.0
2026-05-11 20:00:00+00:00,0.003955,0.003974,0.003899,0.003912,194081169.0
2026-05-12 00:00:00+00:00,0.003912,0.003932,0.003829,0.003845,375796876.0
2026-05-12 04:00:00+00:00,0.003845,0.003888,0.003826,0.003853,393450944.0
2026-05-12 08:00:00+00:00,0.003853,0.003887,0.00377,0.003782,562678243.0
2026-05-12 12:00:00+00:00,0.003782,0.003803,0.003682,0.003698,992206570.0
2026-05-12 16:00:00+00:00,0.003698,0.003776,0.003682,0.003768,524686409.0
2026-05-12 20:00:00+00:00,0.003768,0.00377,0.003739,0.003751,178902842.0
2026-05-13 00:00:00+00:00,0.003751,0.003837,0.003743,0.003824,239259674.0
2026-05-13 04:00:00+00:00,0.003824,0.003849,0.003773,0.003834,362506665.0
2026-05-13 08:00:00+00:00,0.003834,0.003923,0.003811,0.00382,636274177.0
2026-05-13 12:00:00+00:00,0.00382,0.003833,0.0036,0.003611,1160444441.0
2026-05-13 16:00:00+00:00,0.003611,0.003697,0.003604,0.003643,507605265.0
2026-05-13 20:00:00+00:00,0.003643,0.003666,0.003599,0.00362,227059452.0
2026-05-14 00:00:00+00:00,0.00362,0.003637,0.003541,0.003556,426326012.0
2026-05-14 04:00:00+00:00,0.003556,0.003617,0.003546,0.003578,294255628.0
2026-05-14 08:00:00+00:00,0.003578,0.003611,0.00356,0.003589,415285169.0
2026-05-14 12:00:00+00:00,0.003589,0.003732,0.003588,0.003707,604660789.0
2026-05-14 16:00:00+00:00,0.003707,0.003777,0.003704,0.003733,667555710.0
2026-05-14 20:00:00+00:00,0.003733,0.003747,0.003681,0.00369,255259325.0
2026-05-15 00:00:00+00:00,0.00369,0.003724,0.003648,0.003689,491398004.0
2026-05-15 04:00:00+00:00,0.003689,0.003689,0.00357,0.003612,600535259.0
2026-05-15 08:00:00+00:00,0.003612,0.00364,0.003577,0.003612,335597300.0
2026-05-15 12:00:00+00:00,0.003612,0.003614,0.003444,0.003482,1089762347.0
2026-05-15 16:00:00+00:00,0.003482,0.003567,0.003477,0.003512,339035541.0
2026-05-15 20:00:00+00:00,0.003512,0.003515,0.003485,0.003498,253219634.0
2026-05-16 00:00:00+00:00,0.003498,0.003511,0.003465,0.003471,390530343.0
2026-05-16 04:00:00+00:00,0.003471,0.003474,0.003344,0.003377,738856221.0
2026-05-16 08:00:00+00:00,0.003377,0.003388,0.003324,0.003362,464890823.0
2026-05-16 12:00:00+00:00,0.003362,0.003397,0.003354,0.003385,245018456.0
2026-05-16 16:00:00+00:00,0.003385,0.003424,0.003371,0.003379,232898199.0
2026-05-16 20:00:00+00:00,0.003379,0.003405,0.003366,0.003387,129212364.0
2026-05-17 00:00:00+00:00,0.003387,0.003402,0.003342,0.003392,279692260.0
2026-05-17 04:00:00+00:00,0.003392,0.003481,0.00339,0.00346,271245929.0
2026-05-17 08:00:00+00:00,0.00346,0.003482,0.003431,0.003434,254113594.0
2026-05-17 12:00:00+00:00,0.003434,0.003455,0.003403,0.003411,415977537.0
2026-05-17 16:00:00+00:00,0.003411,0.003423,0.003372,0.003409,318282087.0
2026-05-17 20:00:00+00:00,0.003409,0.003419,0.003193,0.003303,1222156207.0
2026-05-18 00:00:00+00:00,0.003303,0.003348,0.003278,0.003322,453712153.0
2026-05-18 04:00:00+00:00,0.003322,0.003345,0.003274,0.003284,454832942.0
2026-05-18 08:00:00+00:00,0.003284,0.003316,0.003254,0.003291,390336916.0
2026-05-18 12:00:00+00:00,0.003291,0.003344,0.003254,0.003281,707129154.0
2026-05-18 16:00:00+00:00,0.003281,0.003332,0.003246,0.003322,528333642.0
2026-05-18 20:00:00+00:00,0.003322,0.003396,0.003318,0.003391,298800584.0
2026-05-19 00:00:00+00:00,0.003391,0.003413,0.003351,0.003359,266370033.0
2026-05-19 04:00:00+00:00,0.003359,0.003391,0.003334,0.003381,262100330.0
2026-05-19 08:00:00+00:00,0.003381,0.003383,0.003312,0.003319,269775936.0
2026-05-19 12:00:00+00:00,0.003319,0.003367,0.003308,0.003342,385302919.0
2026-05-19 16:00:00+00:00,0.003342,0.003387,0.003327,0.003344,244598671.0
2026-05-19 20:00:00+00:00,0.003344,0.003367,0.003301,0.003323,242693909.0
2026-05-20 00:00:00+00:00,0.003323,0.003338,0.003289,0.003315,245634306.0
2026-05-20 04:00:00+00:00,0.003315,0.003375,0.003306,0.003356,203402402.0
2026-05-20 08:00:00+00:00,0.003356,0.003378,0.003337,0.003347,211988120.0
2026-05-20 12:00:00+00:00,0.003347,0.003439,0.00333,0.003435,484791689.0
2026-05-20 16:00:00+00:00,0.003435,0.003444,0.003377,0.003395,339134625.0
2026-05-20 20:00:00+00:00,0.003395,0.003418,0.003352,0.003375,222238875.0
2026-05-21 00:00:00+00:00,0.003375,0.003413,0.003363,0.003402,176966943.0
2026-05-21 04:00:00+00:00,0.003402,0.003412,0.003355,0.003394,209002151.0
2026-05-21 08:00:00+00:00,0.003394,0.003409,0.003299,0.003312,530952549.0
2026-05-21 12:00:00+00:00,0.003312,0.00339,0.003304,0.003376,350841805.0
2026-05-21 16:00:00+00:00,0.003376,0.003456,0.003362,0.003432,390297101.0
2026-05-21 20:00:00+00:00,0.003432,0.003438,0.003389,0.003404,182283943.0
2026-05-22 00:00:00+00:00,0.003404,0.003455,0.00337,0.003446,328172134.0
2026-05-22 04:00:00+00:00,0.003446,0.003476,0.003401,0.00344,362208918.0
2026-05-22 08:00:00+00:00,0.00344,0.003463,0.003415,0.003447,291908396.0
2026-05-22 12:00:00+00:00,0.003447,0.003492,0.003371,0.003409,567322265.0
2026-05-22 16:00:00+00:00,0.003409,0.003433,0.003238,0.003275,997077050.0
2026-05-22 20:00:00+00:00,0.003275,0.003313,0.003208,0.003237,574590799.0
2026-05-23 00:00:00+00:00,0.003237,0.003275,0.003223,0.003264,229092274.0
2026-05-23 04:00:00+00:00,0.003264,0.003264,0.003071,0.00312,995614820.0
2026-05-23 08:00:00+00:00,0.00312,0.003124,0.00308,0.003092,384745249.0
2026-05-23 12:00:00+00:00,0.003092,0.003228,0.003082,0.003226,314625058.0
2026-05-23 16:00:00+00:00,0.003226,0.003281,0.003206,0.003245,306363735.0
2026-05-23 20:00:00+00:00,0.003245,0.003368,0.003232,0.003283,454950571.0
2026-05-24 00:00:00+00:00,0.003283,0.003292,0.003257,0.003264,178515021.0
2026-05-24 04:00:00+00:00,0.003264,0.00328,0.003244,0.003253,163670084.0
2026-05-24 08:00:00+00:00,0.003253,0.003282,0.003241,0.003261,185683147.0
2026-05-24 12:00:00+00:00,0.003261,0.003262,0.003156,0.0032,415886567.0
2026-05-24 16:00:00+00:00,0.0032,0.003212,0.003171,0.003183,166396149.0
2026-05-24 20:00:00+00:00,0.003183,0.003185,0.003106,0.003169,335545724.0
2026-05-25 00:00:00+00:00,0.003169,0.003205,0.003169,0.003189,173940348.0
2026-05-25 04:00:00+00:00,0.003189,0.003278,0.003186,0.003253,212948718.0
2026-05-25 08:00:00+00:00,0.003253,0.003282,0.003239,0.003254,159610464.0
2026-05-25 12:00:00+00:00,0.003254,0.003326,0.00324,0.003312,266668199.0
2026-05-25 16:00:00+00:00,0.003312,0.003369,0.003306,0.003327,269511983.0
2026-05-25 20:00:00+00:00,0.003327,0.003345,0.003267,0.00329,271750601.0
2026-05-26 00:00:00+00:00,0.00329,0.003292,0.003199,0.003219,300689099.0
2026-05-26 04:00:00+00:00,0.003219,0.003316,0.00321,0.003301,381864412.0
2026-05-26 08:00:00+00:00,0.003301,0.003376,0.003295,0.003333,544619438.0
2026-05-26 12:00:00+00:00,0.003333,0.003392,0.003301,0.003333,830543321.0
2026-05-26 16:00:00+00:00,0.003333,0.003336,0.003244,0.003285,616399159.0
2026-05-26 20:00:00+00:00,0.003285,0.003294,0.003252,0.003268,185524659.0
2026-05-27 00:00:00+00:00,0.003268,0.003308,0.003217,0.00323,222264721.0
2026-05-27 04:00:00+00:00,0.00323,0.003266,0.003191,0.003249,257790499.0
2026-05-27 08:00:00+00:00,0.003249,0.003268,0.003202,0.003217,203455253.0
2026-05-27 12:00:00+00:00,0.003217,0.003277,0.003166,0.003259,605013817.0
2026-05-27 16:00:00+00:00,0.003259,0.003286,0.003168,0.00324,433246305.0
2026-05-27 20:00:00+00:00,0.00324,0.003247,0.003096,0.003139,510858791.0
2026-05-28 00:00:00+00:00,0.003139,0.003157,0.003034,0.003052,620721551.0
2026-05-28 04:00:00+00:00,0.003052,0.003053,0.002978,0.003036,598837547.0
2026-05-28 08:00:00+00:00,0.003036,0.003041,0.002981,0.003,377317790.0
2026-05-28 12:00:00+00:00,0.003,0.003021,0.002947,0.003003,693643495.0
2026-05-28 16:00:00+00:00,0.003003,0.003116,0.002989,0.003074,478627536.0
2026-05-28 20:00:00+00:00,0.003074,0.003109,0.003037,0.003054,243514959.0
2026-05-29 00:00:00+00:00,0.003054,0.003094,0.003042,0.003049,304673357.0
2026-05-29 04:00:00+00:00,0.003049,0.003133,0.003024,0.0031,373743190.0
2026-05-29 08:00:00+00:00,0.0031,0.003138,0.00304,0.00306,371811450.0
2026-05-29 12:00:00+00:00,0.00306,0.003144,0.002974,0.003116,1158426308.0
2026-05-29 16:00:00+00:00,0.003116,0.003133,0.003046,0.003085,611224428.0
2026-05-29 20:00:00+00:00,0.003085,0.003103,0.003055,0.003082,389658393.0
2026-05-30 00:00:00+00:00,0.003082,0.003174,0.003074,0.003133,378049542.0
2026-05-30 04:00:00+00:00,0.003133,0.003147,0.003082,0.003125,395511195.0
2026-05-30 08:00:00+00:00,0.003125,0.003128,0.003096,0.00311,147916678.0
2026-05-30 12:00:00+00:00,0.00311,0.003137,0.003098,0.003109,255231041.0
2026-05-30 16:00:00+00:00,0.003109,0.003141,0.003103,0.00313,215736789.0
2026-05-30 20:00:00+00:00,0.00313,0.003143,0.003083,0.003104,215237309.0
2026-05-31 00:00:00+00:00,0.003104,0.003139,0.003096,0.003112,269098318.0
2026-05-31 04:00:00+00:00,0.003112,0.003128,0.003072,0.003081,181472973.0
2026-05-31 08:00:00+00:00,0.003081,0.00311,0.00306,0.003085,282169244.0
2026-05-31 12:00:00+00:00,0.003085,0.003097,0.003017,0.00304,523444223.0
2026-05-31 16:00:00+00:00,0.00304,0.00305,0.003011,0.003043,292280304.0
2026-05-31 20:00:00+00:00,0.003043,0.003184,0.003043,0.003154,482494713.0
2026-06-01 00:00:00+00:00,0.003154,0.003185,0.003091,0.003174,455447729.0
2026-06-01 04:00:00+00:00,0.003174,0.003188,0.00307,0.003082,427032707.0
2026-06-01 08:00:00+00:00,0.003082,0.003111,0.003066,0.00309,407612950.0
2026-06-01 12:00:00+00:00,0.00309,0.0031,0.003027,0.003062,1037211937.0
2026-06-01 16:00:00+00:00,0.003062,0.003149,0.003039,0.003143,683436471.0
2026-06-01 20:00:00+00:00,0.003143,0.003147,0.003077,0.003125,298740065.0
2026-06-02 00:00:00+00:00,0.003125,0.003132,0.00302,0.003119,399856094.0
2026-06-02 04:00:00+00:00,0.003119,0.003127,0.003017,0.003049,509126615.0
2026-06-02 08:00:00+00:00,0.003049,0.003065,0.003026,0.003043,359894734.0
2026-06-02 12:00:00+00:00,0.003043,0.003063,0.002822,0.002864,1818490027.0
2026-06-02 16:00:00+00:00,0.002864,0.002951,0.002831,0.002895,935419020.0
2026-06-02 20:00:00+00:00,0.002895,0.002942,0.002778,0.002842,894056202.0
2026-06-03 00:00:00+00:00,0.002842,0.00291,0.002822,0.00284,672240389.0
2026-06-03 04:00:00+00:00,0.00284,0.003019,0.00284,0.002988,687977396.0
2026-06-03 08:00:00+00:00,0.002988,0.002999,0.002943,0.002967,520353353.0
2026-06-03 12:00:00+00:00,0.002967,0.002995,0.002942,0.002945,595269808.0
2026-06-03 16:00:00+00:00,0.002945,0.002955,0.002871,0.002884,759870761.0
2026-06-03 20:00:00+00:00,0.002884,0.00294,0.002824,0.002859,736583155.0
2026-06-04 00:00:00+00:00,0.002859,0.002881,0.002574,0.002782,1853660987.0
2026-06-04 04:00:00+00:00,0.002782,0.002795,0.002701,0.002702,565322094.0
2026-06-04 08:00:00+00:00,0.002702,0.002716,0.002617,0.002666,1170973817.0
2026-06-04 12:00:00+00:00,0.002666,0.002776,0.002644,0.002753,906017299.0
2026-06-04 16:00:00+00:00,0.002753,0.002762,0.002696,0.002732,583270616.0
2026-06-04 20:00:00+00:00,0.002732,0.002734,0.002654,0.002706,482079906.0
2026-06-05 00:00:00+00:00,0.002706,0.002711,0.00259,0.002605,710442784.0
2026-06-05 04:00:00+00:00,0.002605,0.002668,0.002428,0.002573,1745295257.0
2026-06-05 08:00:00+00:00,0.002573,0.002601,0.002526,0.00256,615235990.0
2026-06-05 12:00:00+00:00,0.00256,0.00263,0.002479,0.002508,1795476894.0
2026-06-05 16:00:00+00:00,0.002508,0.002572,0.002388,0.002476,1953276206.0
2026-06-05 20:00:00+00:00,0.002476,0.002568,0.002453,0.002501,693980106.0
2026-06-06 00:00:00+00:00,0.002501,0.002541,0.002452,0.002465,397710526.0
2026-06-06 04:00:00+00:00,0.002465,0.002491,0.002341,0.002472,1267518028.0
2026-06-06 08:00:00+00:00,0.002472,0.00251,0.00242,0.002466,629325584.0
2026-06-06 12:00:00+00:00,0.002466,0.002499,0.002441,0.002478,605733789.0
2026-06-06 16:00:00+00:00,0.002478,0.002496,0.002446,0.002455,681991671.0
2026-06-06 20:00:00+00:00,0.002455,0.002492,0.002441,0.002485,430397850.0
2026-06-07 00:00:00+00:00,0.002485,0.002566,0.002479,0.002544,638570925.0
2026-06-07 04:00:00+00:00,0.002544,0.002594,0.002529,0.002586,643311632.0
2026-06-07 08:00:00+00:00,0.002586,0.002639,0.00257,0.002599,711433986.0
2026-06-07 12:00:00+00:00,0.002599,0.002601,0.002536,0.002576,807870526.0
2026-06-07 16:00:00+00:00,0.002576,0.002596,0.002512,0.002532,699276384.0
2026-06-07 20:00:00+00:00,0.002532,0.002691,0.002522,0.002628,1009965998.0
2026-06-08 00:00:00+00:00,0.002628,0.002663,0.002599,0.002643,553116087.0
2026-06-08 04:00:00+00:00,0.002643,0.002645,0.002576,0.002623,361832895.0
2026-06-08 08:00:00+00:00,0.002623,0.002672,0.002601,0.002659,439568521.0
2026-06-08 12:00:00+00:00,0.002659,0.002693,0.002631,0.002654,551941432.0
2026-06-08 16:00:00+00:00,0.002654,0.002688,0.002649,0.002662,352598547.0
2026-06-08 20:00:00+00:00,0.002662,0.002682,0.002615,0.002625,357076899.0
2026-06-09 00:00:00+00:00,0.002625,0.002629,0.002557,0.002579,623923454.0
2026-06-09 04:00:00+00:00,0.002579,0.00264,0.002568,0.002629,395870034.0
2026-06-09 08:00:00+00:00,0.002629,0.002633,0.002578,0.002599,503945501.0
2026-06-09 12:00:00+00:00,0.002599,0.002621,0.002534,0.002542,696524596.0
2026-06-09 16:00:00+00:00,0.002542,0.002599,0.002498,0.002593,849870247.0
2026-06-09 20:00:00+00:00,0.002593,0.00261,0.002555,0.002571,316594662.0
2026-06-10 00:00:00+00:00,0.002571,0.002585,0.002538,0.002562,305611355.0
2026-06-10 04:00:00+00:00,0.002562,0.002575,0.002532,0.002569,298431805.0
2026-06-10 08:00:00+00:00,0.002569,0.002569,0.002498,0.002513,670221868.0
2026-06-10 12:00:00+00:00,0.002513,0.002636,0.002503,0.002623,1335780292.0
2026-06-10 16:00:00+00:00,0.002623,0.00263,0.002533,0.00254,947722784.0
2026-06-10 20:00:00+00:00,0.00254,0.002547,0.002473,0.002529,991205572.0
2026-06-11 00:00:00+00:00,0.002529,0.002632,0.002528,0.002623,596527869.0
2026-06-11 04:00:00+00:00,0.002623,0.002805,0.002556,0.002659,3327923531.0
2026-06-11 08:00:00+00:00,0.002659,0.002712,0.002658,0.002692,644272320.0
2026-06-11 12:00:00+00:00,0.002692,0.002712,0.002645,0.002697,804231969.0
2026-06-11 16:00:00+00:00,0.002697,0.00275,0.002643,0.002714,945031520.0
2026-06-11 20:00:00+00:00,0.002714,0.002733,0.002689,0.002713,363241521.0
2026-06-12 00:00:00+00:00,0.002713,0.002726,0.002684,0.002695,370289408.0
2026-06-12 04:00:00+00:00,0.002695,0.002701,0.00263,0.002643,487885489.0
2026-06-12 08:00:00+00:00,0.002643,0.002684,0.002643,0.002665,362966001.0
2026-06-12 12:00:00+00:00,0.002665,0.002703,0.002622,0.002644,704474940.0
2026-06-12 16:00:00+00:00,0.002644,0.002673,0.002629,0.002651,522214682.0
2026-06-12 20:00:00+00:00,0.002651,0.002671,0.002632,0.002651,266734899.0
2026-06-13 00:00:00+00:00,0.002651,0.002686,0.002641,0.00265,447470638.0
2026-06-13 04:00:00+00:00,0.00265,0.002681,0.002636,0.002672,509883920.0
2026-06-13 08:00:00+00:00,0.002672,0.002698,0.002665,0.002684,382258302.0
2026-06-13 12:00:00+00:00,0.002684,0.002702,0.002676,0.00269,394524268.0
2026-06-13 16:00:00+00:00,0.00269,0.002697,0.002659,0.002664,604413677.0
2026-06-13 20:00:00+00:00,0.002664,0.002687,0.002653,0.002663,160381187.0
2026-06-14 00:00:00+00:00,0.002663,0.002673,0.00264,0.002645,316943857.0
2026-06-14 04:00:00+00:00,0.002645,0.002652,0.002598,0.00261,442913413.0
2026-06-14 08:00:00+00:00,0.00261,0.002631,0.002592,0.002611,406114229.0
2026-06-14 12:00:00+00:00,0.002611,0.002623,0.002562,0.002581,495331733.0
2026-06-14 16:00:00+00:00,0.002581,0.002597,0.002573,0.00259,370670357.0
2026-06-14 20:00:00+00:00,0.00259,0.002743,0.002585,0.002737,767007929.0
2026-06-15 00:00:00+00:00,0.002737,0.002752,0.002705,0.002742,477315616.0
2026-06-15 04:00:00+00:00,0.002742,0.002749,0.002722,0.002732,367602744.0
2026-06-15 08:00:00+00:00,0.002732,0.00278,0.002714,0.002769,668072104.0
2026-06-15 12:00:00+00:00,0.002769,0.002807,0.002755,0.00279,788509861.0
2026-06-15 16:00:00+00:00,0.00279,0.002804,0.002722,0.002734,666955219.0
2026-06-15 20:00:00+00:00,0.002734,0.002762,0.002718,0.002741,320895941.0
2026-06-16 00:00:00+00:00,0.002741,0.002755,0.002696,0.002741,410168370.0
2026-06-16 04:00:00+00:00,0.002741,0.002759,0.002715,0.002749,270922962.0
2026-06-16 08:00:00+00:00,0.002749,0.002767,0.002731,0.002745,386253832.0
2026-06-16 12:00:00+00:00,0.002745,0.002766,0.002658,0.002693,753068217.0
2026-06-16 16:00:00+00:00,0.002693,0.002734,0.002675,0.002701,428991276.0
2026-06-16 20:00:00+00:00,0.002701,0.002726,0.002691,0.002698,257097463.0
2026-06-17 00:00:00+00:00,0.002698,0.002771,0.002697,0.00273,386700324.0
2026-06-17 04:00:00+00:00,0.00273,0.002743,0.002694,0.002704,324298269.0
2026-06-17 08:00:00+00:00,0.002704,0.002706,0.00266,0.002677,337074303.0
2026-06-17 12:00:00+00:00,0.002677,0.002743,0.002666,0.002743,686175354.0
2026-06-17 16:00:00+00:00,0.002743,0.002768,0.002644,0.00266,1323609464.0
2026-06-17 20:00:00+00:00,0.00266,0.002693,0.002633,0.002672,437785888.0
2026-06-18 00:00:00+00:00,0.002672,0.002699,0.002647,0.002651,344393329.0
2026-06-18 04:00:00+00:00,0.002651,0.002652,0.002595,0.002643,637103209.0
2026-06-18 08:00:00+00:00,0.002643,0.002655,0.002616,0.002621,391548493.0
2026-06-18 12:00:00+00:00,0.002621,0.00265,0.002517,0.002531,1301805202.0
2026-06-18 16:00:00+00:00,0.002531,0.002587,0.002522,0.002581,647835635.0
2026-06-18 20:00:00+00:00,0.002581,0.002611,0.002566,0.002585,373273532.0
2026-06-19 00:00:00+00:00,0.002585,0.002603,0.002542,0.002566,531567856.0
2026-06-19 04:00:00+00:00,0.002566,0.002574,0.002525,0.002539,379562162.0
2026-06-19 08:00:00+00:00,0.002539,0.002547,0.002521,0.002533,413667240.0
2026-06-19 12:00:00+00:00,0.002533,0.002568,0.002521,0.00256,420815467.0
2026-06-19 16:00:00+00:00,0.00256,0.002572,0.002531,0.002541,373681322.0
2026-06-19 20:00:00+00:00,0.002541,0.002563,0.002533,0.002559,198040531.0
2026-06-20 00:00:00+00:00,0.002559,0.002575,0.002544,0.002563,371357797.0
2026-06-20 04:00:00+00:00,0.002563,0.002614,0.00256,0.002582,461028881.0
2026-06-20 08:00:00+00:00,0.002582,0.002673,0.002573,0.00263,1062629168.0
2026-06-20 12:00:00+00:00,0.00263,0.002728,0.002586,0.002726,956742275.0
2026-06-20 16:00:00+00:00,0.002726,0.002751,0.002676,0.002721,1052968064.0
2026-06-20 20:00:00+00:00,0.002721,0.002748,0.002694,0.002709,444258284.0
2026-06-21 00:00:00+00:00,0.002709,0.002767,0.002698,0.002722,652596950.0
2026-06-21 04:00:00+00:00,0.002722,0.002724,0.002679,0.002695,308317459.0
2026-06-21 08:00:00+00:00,0.002695,0.002712,0.002665,0.002674,374455327.0
2026-06-21 12:00:00+00:00,0.002674,0.002678,0.002654,0.00267,277549205.0
2026-06-21 16:00:00+00:00,0.00267,0.002672,0.002627,0.002643,261560118.0
2026-06-21 20:00:00+00:00,0.002643,0.002644,0.002559,0.002564,423085975.0
2026-06-22 00:00:00+00:00,0.002564,0.002644,0.002558,0.002566,490742341.0
2026-06-22 04:00:00+00:00,0.002566,0.002601,0.00256,0.002595,205145001.0
2026-06-22 08:00:00+00:00,0.002595,0.00264,0.002589,0.002635,326195497.0
2026-06-22 12:00:00+00:00,0.002635,0.002673,0.002608,0.002616,628121622.0
2026-06-22 16:00:00+00:00,0.002616,0.002619,0.002549,0.002561,503152170.0
2026-06-22 20:00:00+00:00,0.002561,0.002576,0.002494,0.002513,479109008.0
2026-06-23 00:00:00+00:00,0.002513,0.002552,0.002492,0.002551,494801425.0
2026-06-23 04:00:00+00:00,0.002551,0.002555,0.002439,0.002466,969363727.0
2026-06-23 08:00:00+00:00,0.002466,0.002472,0.0024,0.002442,1150511411.0
2026-06-23 12:00:00+00:00,0.002442,0.002485,0.002429,0.002461,688173871.0
2026-06-23 16:00:00+00:00,0.002461,0.002476,0.002403,0.002415,641090240.0
2026-06-23 20:00:00+00:00,0.002415,0.002429,0.00241,0.002426,270463684.0
2026-06-24 00:00:00+00:00,0.002426,0.002443,0.002396,0.002396,405507358.0
2026-06-24 04:00:00+00:00,0.002396,0.002415,0.002374,0.002397,373838441.0
2026-06-24 08:00:00+00:00,0.002397,0.002438,0.002391,0.002425,400005768.0
2026-06-24 12:00:00+00:00,0.002425,0.002432,0.002325,0.00234,1335621686.0
2026-06-24 16:00:00+00:00,0.00234,0.00236,0.002224,0.002297,1666499519.0
2026-06-24 20:00:00+00:00,0.002297,0.002382,0.002291,0.002347,528750032.0
2026-06-25 00:00:00+00:00,0.002347,0.002356,0.002334,0.002343,228814497.0
2026-06-25 04:00:00+00:00,0.002343,0.002434,0.002342,0.002394,605540755.0
2026-06-25 08:00:00+00:00,0.002394,0.002396,0.002356,0.002365,142638587.0
2026-06-25 12:00:00+00:00,0.002365,0.002377,0.002177,0.002281,1297689005.0
2026-06-25 16:00:00+00:00,0.002281,0.002306,0.002255,0.002262,290791613.0
2026-06-25 20:00:00+00:00,0.002262,0.002307,0.002262,0.002285,150522006.0
2026-06-26 00:00:00+00:00,0.002285,0.002291,0.002196,0.002276,499044817.0
2026-06-26 04:00:00+00:00,0.002276,0.002331,0.002266,0.002319,272879387.0
2026-06-26 08:00:00+00:00,0.002319,0.00232,0.002251,0.002258,178804176.0
2026-06-26 12:00:00+00:00,0.002258,0.002327,0.002234,0.002315,713375836.0
2026-06-26 16:00:00+00:00,0.002315,0.002359,0.00231,0.002325,392320666.0
2026-06-26 20:00:00+00:00,0.002325,0.002359,0.002324,0.002341,210526047.0
2026-06-27 00:00:00+00:00,0.002341,0.002349,0.002311,0.002322,134774395.0
2026-06-27 04:00:00+00:00,0.002322,0.00233,0.002298,0.002313,109715695.0
2026-06-27 08:00:00+00:00,0.002313,0.002314,0.002284,0.002295,69680537.0
2026-06-27 12:00:00+00:00,0.002295,0.002323,0.002291,0.002317,112624783.0
2026-06-27 16:00:00+00:00,0.002317,0.002317,0.002252,0.002268,217486001.0
2026-06-27 20:00:00+00:00,0.002268,0.002278,0.002242,0.002253,112546289.0
2026-06-28 00:00:00+00:00,0.002253,0.002263,0.00224,0.00225,64012311.0
2026-06-28 04:00:00+00:00,0.00225,0.002274,0.002227,0.002273,131888243.0
2026-06-28 08:00:00+00:00,0.002273,0.002283,0.002245,0.002268,153648697.0
2026-06-28 12:00:00+00:00,0.002268,0.002308,0.002249,0.002283,356260401.0
2026-06-28 16:00:00+00:00,0.002283,0.002286,0.002241,0.002262,181706813.0
2026-06-28 20:00:00+00:00,0.002262,0.002284,0.002222,0.002255,246956923.0
2026-06-29 00:00:00+00:00,0.002255,0.002302,0.00224,0.002291,260174091.0
2026-06-29 04:00:00+00:00,0.002291,0.00233,0.002251,0.002284,181726586.0
2026-06-29 08:00:00+00:00,0.002284,0.002294,0.002267,0.002276,212024750.0
2026-06-29 12:00:00+00:00,0.002276,0.002311,0.00224,0.002285,706597083.0
2026-06-29 16:00:00+00:00,0.002285,0.002328,0.002274,0.002291,270929802.0
2026-06-29 20:00:00+00:00,0.002291,0.002294,0.002271,0.002278,144281889.0
2026-06-30 00:00:00+00:00,0.002278,0.002312,0.00225,0.00227,415136181.0
2026-06-30 04:00:00+00:00,0.00227,0.002314,0.002266,0.002277,157822027.0
2026-06-30 08:00:00+00:00,0.002277,0.002285,0.002242,0.002247,185147584.0
2026-06-30 12:00:00+00:00,0.002247,0.002259,0.002198,0.002234,387843765.0
2026-06-30 16:00:00+00:00,0.002234,0.002269,0.00222,0.002258,167044471.0
2026-06-30 20:00:00+00:00,0.002258,0.002265,0.00221,0.002232,379164828.0
2026-07-01 00:00:00+00:00,0.002232,0.002288,0.002179,0.002282,385222030.0
2026-07-01 04:00:00+00:00,0.002282,0.00232,0.002255,0.002272,291085372.0
2026-07-01 08:00:00+00:00,0.002272,0.00231,0.002256,0.002295,196965312.0
2026-07-01 12:00:00+00:00,0.002295,0.002345,0.002262,0.00233,488323940.0
2026-07-01 16:00:00+00:00,0.00233,0.002342,0.002296,0.002302,313500703.0
2026-07-01 20:00:00+00:00,0.002302,0.002378,0.002296,0.002301,476087666.0
2026-07-02 00:00:00+00:00,0.002301,0.002338,0.002283,0.002333,197474544.0
2026-07-02 04:00:00+00:00,0.002333,0.002334,0.00229,0.002303,118807989.0
2026-07-02 08:00:00+00:00,0.002303,0.002344,0.0023,0.002328,232006980.0
2026-07-02 12:00:00+00:00,0.002328,0.002382,0.002285,0.002302,597138030.0
2026-07-02 16:00:00+00:00,0.002302,0.002338,0.002285,0.002293,312570951.0
2026-07-02 20:00:00+00:00,0.002293,0.002338,0.00229,0.002317,257455960.0
2026-07-03 00:00:00+00:00,0.002317,0.002339,0.002285,0.002294,332694798.0
2026-07-03 04:00:00+00:00,0.002294,0.002361,0.002287,0.002352,240904891.0
2026-07-03 08:00:00+00:00,0.002352,0.002491,0.002352,0.002475,737839835.0
2026-07-03 12:00:00+00:00,0.002475,0.002593,0.00246,0.00257,1358670541.0
2026-07-03 16:00:00+00:00,0.00257,0.002576,0.002478,0.002513,583995565.0
2026-07-03 20:00:00+00:00,0.002513,0.00253,0.002497,0.002501,194693985.0
2026-07-04 00:00:00+00:00,0.002501,0.00251,0.002426,0.002432,230819777.0
2026-07-04 04:00:00+00:00,0.002432,0.002436,0.00232,0.002361,717177627.0
2026-07-04 08:00:00+00:00,0.002361,0.0024,0.002355,0.002391,290689576.0
2026-07-04 12:00:00+00:00,0.002391,0.002473,0.002389,0.002469,335500562.0
2026-07-04 16:00:00+00:00,0.002469,0.002497,0.002429,0.002437,378067508.0
2026-07-04 20:00:00+00:00,0.002437,0.002445,0.002383,0.002391,216163751.0
2026-07-05 00:00:00+00:00,0.002391,0.002394,0.002309,0.002333,510655594.0
2026-07-05 04:00:00+00:00,0.002333,0.002359,0.002272,0.002281,334756428.0
2026-07-05 08:00:00+00:00,0.002281,0.002305,0.002267,0.002286,220710758.0
2026-07-05 12:00:00+00:00,0.002286,0.002335,0.002276,0.002312,229281836.0
2026-07-05 16:00:00+00:00,0.002312,0.00233,0.002297,0.002319,152540005.0
2026-07-05 20:00:00+00:00,0.002319,0.002358,0.002311,0.002316,226588888.0
2026-07-06 00:00:00+00:00,0.002316,0.002318,0.002274,0.002293,226199190.0
2026-07-06 04:00:00+00:00,0.002293,0.002297,0.002231,0.002254,363863374.0
2026-07-06 08:00:00+00:00,0.002254,0.002273,0.002227,0.002249,258540779.0
2026-07-06 12:00:00+00:00,0.002249,0.002281,0.002182,0.002276,874613185.0
2026-07-06 16:00:00+00:00,0.002276,0.002306,0.002266,0.002273,362544679.0
2026-07-06 20:00:00+00:00,0.002273,0.002314,0.002246,0.002248,300389139.0
2026-07-07 00:00:00+00:00,0.002248,0.002255,0.002212,0.002233,281947652.0
2026-07-07 04:00:00+00:00,0.002233,0.002242,0.002207,0.00222,156810430.0
2026-07-07 08:00:00+00:00,0.00222,0.002235,0.002206,0.002231,176385692.0
2026-07-07 12:00:00+00:00,0.002231,0.00224,0.002185,0.002228,434637588.0
2026-07-07 16:00:00+00:00,0.002228,0.002235,0.002187,0.002212,424003370.0
2026-07-07 20:00:00+00:00,0.002212,0.00224,0.002186,0.002216,237917933.0
2026-07-08 00:00:00+00:00,0.002216,0.002233,0.002131,0.002148,653772048.0
2026-07-08 04:00:00+00:00,0.002148,0.002148,0.002102,0.002131,514792971.0
2026-07-08 08:00:00+00:00,0.002131,0.002149,0.00204,0.002077,1273943876.0
2026-07-08 12:00:00+00:00,0.002077,0.002107,0.00205,0.002064,438020093.0
2026-07-08 16:00:00+00:00,0.002064,0.002099,0.002062,0.002088,262500625.0
2026-07-08 20:00:00+00:00,0.002088,0.002101,0.002064,0.002081,328360142.0
2026-07-09 00:00:00+00:00,0.002081,0.002108,0.002067,0.002091,189765467.0
2026-07-09 04:00:00+00:00,0.002091,0.002129,0.002088,0.002119,223028673.0
2026-07-09 08:00:00+00:00,0.002119,0.002132,0.002106,0.002122,150555640.0
2026-07-09 12:00:00+00:00,0.002122,0.002141,0.002098,0.002121,498782122.0
2026-07-09 16:00:00+00:00,0.002121,0.002143,0.002107,0.002118,238091693.0
2026-07-09 20:00:00+00:00,0.002118,0.002135,0.002111,0.002113,158910013.0
2026-07-10 00:00:00+00:00,0.002113,0.002164,0.002099,0.002142,330022364.0
2026-07-10 04:00:00+00:00,0.002142,0.002174,0.002136,0.002159,328470030.0
2026-07-10 08:00:00+00:00,0.002159,0.002188,0.002154,0.002174,336966805.0
2026-07-10 12:00:00+00:00,0.002174,0.002187,0.002124,0.002149,374913101.0
2026-07-10 16:00:00+00:00,0.002149,0.00217,0.002139,0.00215,203213040.0
2026-07-10 20:00:00+00:00,0.00215,0.002173,0.002143,0.002154,83819008.0
2026-07-11 00:00:00+00:00,0.002154,0.002186,0.002142,0.002165,317630295.0
2026-07-11 04:00:00+00:00,0.002165,0.002174,0.002145,0.002158,218604919.0
2026-07-11 08:00:00+00:00,0.002158,0.002158,0.002119,0.002135,169635315.0
2026-07-11 12:00:00+00:00,0.002135,0.002143,0.002103,0.00212,266998731.0
2026-07-11 16:00:00+00:00,0.00212,0.002141,0.002104,0.002134,207816752.0
2026-07-11 20:00:00+00:00,0.002134,0.002139,0.002075,0.002082,259984151.0
2026-07-12 00:00:00+00:00,0.002082,0.002118,0.002062,0.002105,217287441.0
2026-07-12 04:00:00+00:00,0.002105,0.002105,0.002075,0.00209,110706285.0
2026-07-12 08:00:00+00:00,0.00209,0.002107,0.002088,0.002096,114415215.0
2026-07-12 12:00:00+00:00,0.002096,0.002099,0.002074,0.002078,103435173.0
2026-07-12 16:00:00+00:00,0.002078,0.002083,0.002047,0.002071,273367407.0
2026-07-12 20:00:00+00:00,0.002071,0.002072,0.002028,0.002049,278099376.0
2026-07-13 00:00:00+00:00,0.002049,0.002077,0.001993,0.002022,414282953.0
2026-07-13 04:00:00+00:00,0.002022,0.002048,0.002017,0.002038,169804658.0
2026-07-13 08:00:00+00:00,0.002038,0.002052,0.002025,0.002029,185607735.0
2026-07-13 12:00:00+00:00,0.002029,0.002049,0.002006,0.002039,331031005.0
2026-07-13 16:00:00+00:00,0.002039,0.002042,0.001984,0.002012,280783038.0
2026-07-13 20:00:00+00:00,0.002012,0.002031,0.001967,0.002028,307173590.0
2026-07-14 00:00:00+00:00,0.002028,0.002034,0.001997,0.002008,200408335.0
2026-07-14 04:00:00+00:00,0.002008,0.00204,0.002006,0.002033,112565864.0
2026-07-14 08:00:00+00:00,0.002033,0.002093,0.00203,0.002058,659041285.0
2026-07-14 12:00:00+00:00,0.002058,0.002083,0.00202,0.00205,894669652.0
2026-07-14 16:00:00+00:00,0.00205,0.002071,0.002026,0.002033,413194077.0
2026-07-14 20:00:00+00:00,0.002033,0.002048,0.002022,0.002035,232724559.0
2026-07-15 00:00:00+00:00,0.002035,0.002039,0.002015,0.002031,177079691.0
2026-07-15 04:00:00+00:00,0.002031,0.002041,0.002001,0.002022,358009716.0
2026-07-15 08:00:00+00:00,0.002022,0.002038,0.002011,0.002023,366092080.0
2026-07-15 12:00:00+00:00,0.002023,0.002056,0.00202,0.002029,555135686.0
2026-07-15 16:00:00+00:00,0.002029,0.002043,0.002009,0.002017,406489625.0
2026-07-15 20:00:00+00:00,0.002017,0.002034,0.002015,0.002028,174167148.0
2026-07-16 00:00:00+00:00,0.002028,0.002046,0.002012,0.00202,287054126.0
2026-07-16 04:00:00+00:00,0.00202,0.002026,0.001986,0.001999,538465477.0
2026-07-16 08:00:00+00:00,0.001999,0.002015,0.001963,0.002014,390005025.0
2026-07-16 12:00:00+00:00,0.002014,0.002054,0.002,0.002045,699664492.0
2026-07-16 16:00:00+00:00,0.002045,0.002073,0.002032,0.002063,464761996.0
2026-07-16 20:00:00+00:00,0.002063,0.002119,0.002062,0.002078,623655562.0
2026-07-17 00:00:00+00:00,0.002078,0.002105,0.002044,0.002059,382297897.0
2026-07-17 04:00:00+00:00,0.002059,0.002066,0.002021,0.002026,218827573.0
2026-07-17 08:00:00+00:00,0.002026,0.002059,0.002007,0.002039,242151190.0
2026-07-17 12:00:00+00:00,0.002039,0.002076,0.002014,0.002063,346324717.0
2026-07-17 16:00:00+00:00,0.002063,0.002219,0.002056,0.00214,1398037950.0
2026-07-17 20:00:00+00:00,0.00214,0.00215,0.002083,0.002097,395462982.0
2026-07-18 00:00:00+00:00,0.002097,0.002147,0.002086,0.002138,298419135.0
2026-07-18 04:00:00+00:00,0.002138,0.002194,0.002112,0.002142,609121445.0
2026-07-18 08:00:00+00:00,0.002142,0.002149,0.002055,0.002074,535404566.0
2026-07-18 12:00:00+00:00,0.002074,0.002075,0.002033,0.002049,312499857.0
2026-07-18 16:00:00+00:00,0.002049,0.002068,0.002034,0.00204,213432713.0
2026-07-18 20:00:00+00:00,0.00204,0.002052,0.002037,0.002049,102396204.0
2026-07-19 00:00:00+00:00,0.002049,0.002063,0.002037,0.002058,145953600.0
2026-07-19 04:00:00+00:00,0.002058,0.002112,0.002049,0.002075,291949062.0
2026-07-19 08:00:00+00:00,0.002075,0.002096,0.00204,0.002044,175046592.0
2026-07-19 12:00:00+00:00,0.002044,0.002061,0.002028,0.00205,179896294.0
2026-07-19 16:00:00+00:00,0.00205,0.002053,0.001994,0.002016,253603867.0
2026-07-19 20:00:00+00:00,0.002016,0.002022,0.001995,0.00201,128268345.0
2026-07-20 00:00:00+00:00,0.00201,0.002025,0.001992,0.002012,133928761.0
2026-07-20 04:00:00+00:00,0.002012,0.002015,0.001966,0.002013,285007108.0
2026-07-20 08:00:00+00:00,0.002013,0.002053,0.001994,0.002051,189505149.0
2026-07-20 12:00:00+00:00,0.002051,0.002063,0.002029,0.002055,248519432.0
2026-07-20 16:00:00+00:00,0.002055,0.002059,0.002031,0.002039,188267890.0
2026-07-20 20:00:00+00:00,0.002039,0.002048,0.002024,0.002033,85287986.0
2026-07-21 00:00:00+00:00,0.002033,0.002035,0.001981,0.002015,522936716.0
2026-07-21 04:00:00+00:00,0.002015,0.002034,0.002006,0.002031,150504535.0
2026-07-21 08:00:00+00:00,0.002031,0.002042,0.002015,0.002031,236760574.0
2026-07-21 12:00:00+00:00,0.002031,0.002045,0.00202,0.002031,131068022.0
2026-07-21 16:00:00+00:00,0.002031,0.002054,0.002024,0.002044,161214786.0
2026-07-21 20:00:00+00:00,0.002044,0.002063,0.002037,0.00206,133918653.0
2026-07-22 00:00:00+00:00,0.00206,0.002094,0.002057,0.002067,181103579.0
2026-07-22 04:00:00+00:00,0.002067,0.002076,0.002036,0.00204,227809618.0
2026-07-22 08:00:00+00:00,0.00204,0.002061,0.002033,0.002061,186887382.0
2026-07-22 12:00:00+00:00,0.002061,0.002085,0.002046,0.002068,317726096.0
2026-07-22 16:00:00+00:00,0.002068,0.002086,0.002047,0.002054,268146738.0
2026-07-22 20:00:00+00:00,0.002054,0.002062,0.002035,0.00205,124380239.0
2026-07-23 00:00:00+00:00,0.00205,0.002063,0.002023,0.002026,117841455.0
2026-07-23 04:00:00+00:00,0.002026,0.002042,0.002015,0.002031,154023754.0
2026-07-23 08:00:00+00:00,0.002031,0.002044,0.002019,0.002024,81239994.0
2026-07-23 12:00:00+00:00,0.002024,0.002028,0.001969,0.001994,474027705.0
2026-07-23 16:00:00+00:00,0.001994,0.002001,0.001978,0.002,149590022.0
2026-07-23 20:00:00+00:00,0.002,0.002007,0.001983,0.001987,88944082.0
2026-07-24 00:00:00+00:00,0.001987,0.002003,0.001976,0.001998,155063130.0
2026-07-24 04:00:00+00:00,0.001998,0.002018,0.001992,0.002008,114987520.0
2026-07-24 08:00:00+00:00,0.002008,0.002015,0.002,0.002006,78228839.0
2026-07-24 12:00:00+00:00,0.002006,0.002015,0.001939,0.001969,710789681.0
2026-07-24 16:00:00+00:00,0.001969,0.001987,0.001954,0.001978,186734087.0
2026-07-24 20:00:00+00:00,0.001978,0.001984,0.001959,0.001979,101887123.0
2026-07-25 00:00:00+00:00,0.001979,0.001999,0.001975,0.001979,63544753.0
2026-07-25 04:00:00+00:00,0.001979,0.001981,0.00196,0.001964,74734560.0
2026-07-25 08:00:00+00:00,0.001964,0.001972,0.001958,0.00196,69639674.0
2026-07-25 12:00:00+00:00,0.00196,0.001995,0.001958,0.001988,174647142.0
2026-07-25 16:00:00+00:00,0.001988,0.002018,0.001987,0.001999,216310438.0
2026-07-25 20:00:00+00:00,0.001999,0.002002,0.001985,0.001988,64606488.0
2026-07-26 00:00:00+00:00,0.001988,0.001996,0.00198,0.00199,60928245.0
2026-07-26 04:00:00+00:00,0.00199,0.002003,0.001983,0.001995,81611723.0
2026-07-26 08:00:00+00:00,0.001995,0.002003,0.001984,0.001986,57128975.0
2026-07-26 12:00:00+00:00,0.001986,0.001991,0.001976,0.001986,162206919.0
2026-07-26 16:00:00+00:00,0.001986,0.001994,0.00197,0.001982,123762051.0
2026-07-26 20:00:00+00:00,0.001982,0.00201,0.001972,0.002008,172721189.0
2026-07-27 00:00:00+00:00,0.002008,0.002009,0.001991,0.001995,173520306.0
2026-07-27 04:00:00+00:00,0.001995,0.002012,0.001985,0.001985,119428966.0
2026-07-27 08:00:00+00:00,0.001985,0.001986,0.001949,0.001953,310235337.0
2026-07-27 12:00:00+00:00,0.001953,0.001965,0.001867,0.001882,1245529610.0
2026-07-27 16:00:00+00:00,0.001882,0.001915,0.001872,0.00191,249069503.0
2026-07-27 20:00:00+00:00,0.00191,0.001915,0.001813,0.001852,740780374.0
2026-07-28 00:00:00+00:00,0.001852,0.001863,0.001822,0.001852,224174735.0
2026-07-28 04:00:00+00:00,0.001852,0.00186,0.001842,0.001848,242787809.0
2026-07-28 08:00:00+00:00,0.001848,0.001853,0.001827,0.001831,248243185.0
2026-07-28 12:00:00+00:00,0.001831,0.001837,0.001784,0.001822,789168632.0
2026-07-28 16:00:00+00:00,0.001822,0.001827,0.001798,0.001819,166414268.0
2026-07-28 20:00:00+00:00,0.001819,0.001839,0.001815,0.001833,166560839.0
2026-07-29 00:00:00+00:00,0.001833,0.001839,0.001776,0.00178,382725082.0
2026-07-29 04:00:00+00:00,0.00178,0.001805,0.001765,0.001802,204026580.0
2026-07-29 08:00:00+00:00,0.001802,0.001815,0.001786,0.001801,147544784.0
2026-07-29 12:00:00+00:00,0.001801,0.001803,0.001786,0.001792,251148663.0
2026-07-29 16:00:00+00:00,0.001792,0.001822,0.00177,0.001775,421855121.0
2026-07-29 20:00:00+00:00,0.001775,0.001796,0.00174,0.001795,450415146.0
2026-07-30 00:00:00+00:00,0.001795,0.001811,0.001781,0.001785,228039975.0
2026-07-30 04:00:00+00:00,0.001785,0.001786,0.001771,0.001771,93113030.0
2026-07-30 08:00:00+00:00,0.001771,0.001785,0.001763,0.001777,150564267.0
2026-07-30 12:00:00+00:00,0.001777,0.001795,0.001774,0.001778,176003087.0
2026-07-30 16:00:00+00:00,0.001778,0.001784,0.001765,0.001783,169554668.0
2026-07-30 20:00:00+00:00,0.001783,0.001789,0.001763,0.001769,196502914.0
2026-07-31 00:00:00+00:00,0.001769,0.001786,0.001747,0.001759,145516765.0
2026-07-31 04:00:00+00:00,0.001759,0.001782,0.001755,0.001779,192674143.0
2026-07-31 08:00:00+00:00,0.001779,0.001781,0.001755,0.001764,145550924.0
2026-07-31 12:00:00+00:00,0.001764,0.00178,0.001725,0.001775,385537362.0
2026-07-31 16:00:00+00:00,0.001775,0.001828,0.001774,0.001803,346552635.0
2026-07-31 20:00:00+00:00,0.001803,0.001828,0.001801,0.001824,222706634.0
2026-08-01 00:00:00+00:00,0.001824,0.001841,0.001813,0.001817,185399189.0
2026-08-01 04:00:00+00:00,0.001817,0.001829,0.001797,0.001797,106085145.0
2026-08-01 08:00:00+00:00,0.001797,0.001808,0.00179,0.001799,150085781.0
2026-08-01 12:00:00+00:00,0.001799,0.001809,0.001777,0.001783,217678123.0
2026-08-01 16:00:00+00:00,0.001783,0.001791,0.001746,0.001759,396756315.0
2026-08-01 20:00:00+00:00,0.001759,0.001777,0.001751,0.001751,159865740.0
2026-08-02 00:00:00+00:00,0.001751,0.001784,0.001748,0.001779,249948484.0
2026-08-02 04:00:00+00:00,0.001779,0.001786,0.001767,0.001777,131764880.0
2026-08-02 08:00:00+00:00,0.001777,0.001777,0.001752,0.001765,132117562.0
2026-08-02 12:00:00+00:00,0.001765,0.001784,0.001765,0.001781,78478414.0
2026-08-02 16:00:00+00:00,0.001781,0.001789,0.001773,0.001778,108916767.0
2026-08-02 20:00:00+00:00,0.001778,0.001811,0.001772,0.001799,261341349.0
2026-08-03 00:00:00+00:00,0.001799,0.001804,0.001752,0.001759,246340910.0
2026-08-03 04:00:00+00:00,0.001759,0.001772,0.00175,0.001758,142406391.0
2026-08-03 08:00:00+00:00,0.001758,0.001773,0.001743,0.001768,147817688.0
2026-08-03 12:00:00+00:00,0.001768,0.001807,0.001767,0.001797,256447370.0
2026-08-03 16:00:00+00:00,0.001797,0.001813,0.001788,0.001797,233538232.0
2026-08-03 20:00:00+00:00,0.001797,0.001815,0.001792,0.00181,198491380.0
2026-08-04 00:00:00+00:00,0.00181,0.001817,0.001791,0.001806,179059138.0
2026-08-04 04:00:00+00:00,0.001806,0.001825,0.001789,0.001805,227978551.0
2026-08-04 08:00:00+00:00,0.001805,0.001809,0.001777,0.001781,205045960.0
2026-08-04 12:00:00+00:00,0.001781,0.001784,0.001761,0.001779,299273424.0
2026-08-04 16:00:00+00:00,0.001779,0.001804,0.001777,0.001798,141089749.0
2026-08-04 20:00:00+00:00,0.001798,0.001815,0.00179,0.001791,174152434.0
2026-08-05 00:00:00+00:00,0.001791,0.001791,0.001768,0.001773,197913474.0
2026-08-05 04:00:00+00:00,0.001773,0.001784,0.001766,0.00177,98653237.0
2026-08-05 08:00:00+00:00,0.00177,0.001775,0.001753,0.001756,203297205.0
2026-08-05 12:00:00+00:00,0.001756,0.001776,0.001745,0.001758,446338263.0
2026-08-05 16:00:00+00:00,0.001758,0.001791,0.001757,0.001781,250670960.0
2026-08-05 20:00:00+00:00,0.001781,0.001793,0.001771,0.001779,177025422.0
2026-08-06 00:00:00+00:00,0.001779,0.001799,0.001775,0.00179,191686307.0
2026-08-06 04:00:00+00:00,0.00179,0.001805,0.001785,0.001793,167665195.0
2026-08-06 08:00:00+00:00,0.001793,0.001796,0.00176,0.001775,182049791.0
2026-08-06 12:00:00+00:00,0.001775,0.001786,0.001762,0.001785,162226088.0
2026-08-06 16:00:00+00:00,0.001785,0.00181,0.001778,0.001781,250363586.0
2026-08-06 20:00:00+00:00,0.001781,0.001826,0.001781,0.001805,295653314.0
2026-08-07 00:00:00+00:00,0.001805,0.001813,0.001792,0.001793,143988885.0
2026-08-07 04:00:00+00:00,0.001793,0.001804,0.001784,0.001795,217120654.0
2026-08-07 08:00:00+00:00,0.001795,0.001798,0.001781,0.001785,197298462.0
2026-08-07 12:00:00+00:00,0.001785,0.001791,0.001758,0.001773,270175939.0
2026-08-07 16:00:00+00:00,0.001773,0.001778,0.001746,0.001761,232174849.0
2026-08-07 20:00:00+00:00,0.001761,0.001766,0.001749,0.001755,85924800.0
2026-08-08 00:00:00+00:00,0.001755,0.001781,0.001741,0.001775,240791747.0
2026-08-08 04:00:00+00:00,0.001775,0.001782,0.001768,0.001774,107250937.0
2026-08-08 08:00:00+00:00,0.001774,0.001777,0.001769,0.001773,68803110.0
2026-08-08 12:00:00+00:00,0.001773,0.001813,0.001771,0.001812,352248522.0
2026-08-08 16:00:00+00:00,0.001812,0.001838,0.001807,0.001821,354855930.0
2026-08-08 20:00:00+00:00,0.001821,0.001824,0.001804,0.00181,135688759.0
2026-08-09 00:00:00+00:00,0.00181,0.001814,0.001787,0.001799,195020656.0
2026-08-09 04:00:00+00:00,0.001799,0.001815,0.001786,0.001798,180879901.0
2026-08-09 08:00:00+00:00,0.001798,0.001807,0.001788,0.001799,85090106.0
2026-08-09 12:00:00+00:00,0.001799,0.001816,0.001795,0.001812,119790858.0
2026-08-09 16:00:00+00:00,0.001812,0.001815,0.001799,0.001804,92567605.0
2026-08-09 20:00:00+00:00,0.001804,0.001858,0.001758,0.001761,572810917.0
2026-08-10 00:00:00+00:00,0.001761,0.001798,0.001757,0.001782,327032401.0
2026-08-10 04:00:00+00:00,0.001782,0.001824,0.001781,0.001824,178060222.0
2026-08-10 08:00:00+00:00,0.001824,0.001837,0.001804,0.001814,219973756.0
2026-08-10 12:00:00+00:00,0.001814,0.001829,0.001801,0.00181,302761431.0
2026-08-10 16:00:00+00:00,0.00181,0.001821,0.001795,0.001804,248850800.0
2026-08-10 20:00:00+00:00,0.001804,0.001807,0.001784,0.001789,180086339.0
2026-08-11 00:00:00+00:00,0.001789,0.001809,0.001781,0.001794,117734201.0
2026-08-11 04:00:00+00:00,0.001794,0.001796,0.001746,0.001755,375499342.0
2026-08-11 08:00:00+00:00,0.001755,0.00177,0.001748,0.001757,227264850.0
2026-08-11 12:00:00+00:00,0.001757,0.001767,0.001689,0.001712,1111909317.0
2026-08-11 16:00:00+00:00,0.001712,0.00172,0.001693,0.001717,431074910.0
2026-08-11 20:00:00+00:00,0.001717,0.00173,0.001714,0.001726,168967192.0
2026-08-12 00:00:00+00:00,0.001726,0.001733,0.001717,0.001721,215124795.0
2026-08-12 04:00:00+00:00,0.001721,0.001722,0.001696,0.001703,193423801.0
2026-08-12 08:00:00+00:00,0.001703,0.001714,0.001685,0.001713,251174154.0
2026-08-12 12:00:00+00:00,0.001713,0.00173,0.001692,0.001697,366654349.0
2026-08-12 16:00:00+00:00,0.001697,0.001703,0.001666,0.001672,420244728.0
2026-08-12 20:00:00+00:00,0.001672,0.001683,0.001612,0.001642,574382692.0
2026-08-13 00:00:00+00:00,0.001642,0.001653,0.001611,0.001636,244546110.0
2026-08-13 04:00:00+00:00,0.001636,0.001661,0.001635,0.001651,190335166.0
2026-08-13 08:00:00+00:00,0.001651,0.001675,0.001648,0.00166,233252520.0
2026-08-13 12:00:00+00:00,0.00166,0.00169,0.001654,0.001675,280632723.0
2026-08-13 16:00:00+00:00,0.001675,0.001682,0.001658,0.001674,200362591.0
2026-08-13 20:00:00+00:00,0.001674,0.00168,0.001665,0.001676,105308972.0
2026-08-14 00:00:00+00:00,0.001676,0.001682,0.001659,0.001661,111592002.0
2026-08-14 04:00:00+00:00,0.001661,0.001662,0.001627,0.00163,187412126.0
2026-08-14 08:00:00+00:00,0.00163,0.001639,0.001618,0.001626,168737494.0
2026-08-14 12:00:00+00:00,0.001626,0.001658,0.001623,0.001658,283099634.0
2026-08-14 16:00:00+00:00,0.001658,0.001701,0.001657,0.001674,394887866.0
2026-08-14 20:00:00+00:00,0.001674,0.001678,0.001653,0.001678,149722549.0
2026-08-15 00:00:00+00:00,0.001678,0.001686,0.001671,0.001673,109979554.0
2026-08-15 04:00:00+00:00,0.001673,0.001681,0.001662,0.001663,105153900.0
2026-08-15 08:00:00+00:00,0.001663,0.001672,0.00166,0.001663,95623675.0
2026-08-15 12:00:00+00:00,0.001663,0.001664,0.001651,0.001662,118126402.0
2026-08-15 16:00:00+00:00,0.001662,0.001665,0.001653,0.001662,99377490.0
2026-08-15 20:00:00+00:00,0.001662,0.00167,0.001631,0.001637,205596788.0
2026-08-16 00:00:00+00:00,0.001637,0.001654,0.00163,0.001647,123681784.0
2026-08-16 04:00:00+00:00,0.001647,0.001679,0.001643,0.001679,169501416.0
2026-08-16 08:00:00+00:00,0.001679,0.001695,0.001665,0.001669,333502663.0
2026-08-16 12:00:00+00:00,0.001669,0.001677,0.001657,0.001665,121537023.0
2026-08-16 16:00:00+00:00,0.001665,0.001669,0.00164,0.00165,126497031.0
2026-08-16 20:00:00+00:00,0.00165,0.001654,0.001617,0.001636,335682645.0
2026-08-17 00:00:00+00:00,0.001636,0.001659,0.001633,0.001652,141709538.0
2026-08-17 04:00:00+00:00,0.001652,0.001664,0.001649,0.001653,91124717.0
2026-08-17 08:00:00+00:00,0.001653,0.001653,0.001625,0.001635,156528876.0
