timestamp,open,high,low,close,volume
2023-11-21 12:00:00+00:00,0.14021,0.14122,0.13177,0.13554,37228243.3
2023-11-21 16:00:00+00:00,0.13554,0.13756,0.12831,0.1315,31884447.2
2023-11-21 20:00:00+00:00,0.1315,0.13404,0.12508,0.12525,24072532.4
2023-11-22 00:00:00+00:00,0.12525,0.13279,0.12499,0.13217,14201453.1
2023-11-22 04:00:00+00:00,0.13217,0.135,0.13068,0.13337,11993411.1
2023-11-22 08:00:00+00:00,0.13337,0.14007,0.13337,0.13767,21490468.7
2023-11-22 12:00:00+00:00,0.13767,0.14312,0.13762,0.14189,25612531.7
2023-11-22 16:00:00+00:00,0.14189,0.14345,0.1404,0.14153,23208419.7
2023-11-22 20:00:00+00:00,0.14153,0.14541,0.14085,0.14513,18886954.6
2023-11-23 00:00:00+00:00,0.14513,0.14662,0.14183,0.1427,17852696.5
2023-11-23 04:00:00+00:00,0.1427,0.14396,0.14103,0.14155,9040228.7
2023-11-23 08:00:00+00:00,0.14155,0.14383,0.13937,0.1402,18721521.9
2023-11-23 12:00:00+00:00,0.1402,0.141,0.13744,0.13815,13178454.9
2023-11-23 16:00:00+00:00,0.13815,0.13936,0.13722,0.13782,7956946.3
2023-11-23 20:00:00+00:00,0.13782,0.13956,0.13771,0.13843,10958007.2
2023-11-24 00:00:00+00:00,0.13843,0.13988,0.1375,0.13839,11733303.9
2023-11-24 04:00:00+00:00,0.13839,0.14454,0.13839,0.14409,15659429.4
2023-11-24 08:00:00+00:00,0.14409,0.1543,0.14403,0.15203,51750568.4
2023-11-24 12:00:00+00:00,0.15203,0.15297,0.14763,0.15102,32896841.3
2023-11-24 16:00:00+00:00,0.15102,0.15273,0.14828,0.15142,19578565.8
2023-11-24 20:00:00+00:00,0.15142,0.15503,0.15055,0.15421,23085490.7
2023-11-25 00:00:00+00:00,0.15421,0.16168,0.15203,0.16006,32163771.8
2023-11-25 04:00:00+00:00,0.16006,0.16074,0.15541,0.15583,16657315.8
2023-11-25 08:00:00+00:00,0.15583,0.15639,0.15101,0.15256,17672235.9
2023-11-25 12:00:00+00:00,0.15256,0.15345,0.15017,0.15097,11794101.8
2023-11-25 16:00:00+00:00,0.15097,0.15313,0.15077,0.15089,11122078.9
2023-11-25 20:00:00+00:00,0.15089,0.1521,0.15043,0.1519,5416566.5
2023-11-26 00:00:00+00:00,0.1519,0.15202,0.14843,0.15037,10828287.5
2023-11-26 04:00:00+00:00,0.15037,0.15091,0.14954,0.14959,3834088.1
2023-11-26 08:00:00+00:00,0.14959,0.15001,0.14751,0.1476,8538588.0
2023-11-26 12:00:00+00:00,0.1476,0.14892,0.14541,0.14634,13991217.0
2023-11-26 16:00:00+00:00,0.14634,0.14778,0.1435,0.14763,19271137.7
2023-11-26 20:00:00+00:00,0.14763,0.1533,0.14728,0.14969,14641529.1
2023-11-27 00:00:00+00:00,0.14969,0.15306,0.14805,0.15052,16515311.3
2023-11-27 04:00:00+00:00,0.15052,0.15589,0.14902,0.15131,26467329.7
2023-11-27 08:00:00+00:00,0.15131,0.15384,0.14824,0.15067,25478417.3
2023-11-27 12:00:00+00:00,0.15067,0.15333,0.1463,0.14657,35358830.4
2023-11-27 16:00:00+00:00,0.14657,0.14977,0.14387,0.14513,20770013.8
2023-11-27 20:00:00+00:00,0.14513,0.14885,0.14417,0.1485,11060263.0
2023-11-28 00:00:00+00:00,0.1485,0.15167,0.14532,0.14549,9947882.7
2023-11-28 04:00:00+00:00,0.14549,0.14567,0.14028,0.14162,18291796.8
2023-11-28 08:00:00+00:00,0.14162,0.14484,0.14041,0.14448,10861650.8
2023-11-28 12:00:00+00:00,0.14448,0.14616,0.14264,0.14483,12828649.4
2023-11-28 16:00:00+00:00,0.14483,0.14941,0.14447,0.14804,9707135.9
2023-11-28 20:00:00+00:00,0.14804,0.14898,0.14665,0.14681,5918320.2
2023-11-29 00:00:00+00:00,0.14681,0.14929,0.14581,0.14785,4908651.6
2023-11-29 04:00:00+00:00,0.14785,0.1494,0.14706,0.1486,4277120.4
2023-11-29 08:00:00+00:00,0.1486,0.15186,0.14705,0.14748,15284109.2
2023-11-29 12:00:00+00:00,0.14748,0.14836,0.14304,0.14533,13270905.2
2023-11-29 16:00:00+00:00,0.14533,0.14593,0.14333,0.14442,6455517.9
2023-11-29 20:00:00+00:00,0.14442,0.14465,0.1425,0.1434,4391239.7
2023-11-30 00:00:00+00:00,0.1434,0.14397,0.14103,0.14337,6619740.7
2023-11-30 04:00:00+00:00,0.14337,0.14386,0.14132,0.14149,4325953.7
2023-11-30 08:00:00+00:00,0.14149,0.14398,0.14028,0.14373,8448000.7
2023-11-30 12:00:00+00:00,0.14373,0.144,0.141,0.14315,10237274.8
2023-11-30 16:00:00+00:00,0.14315,0.14426,0.14216,0.14279,6668319.9
2023-11-30 20:00:00+00:00,0.14279,0.14414,0.14224,0.14296,4728481.0
2023-12-01 00:00:00+00:00,0.14296,0.14803,0.14211,0.14746,16197951.3
2023-12-01 04:00:00+00:00,0.14746,0.14969,0.1467,0.14739,8295505.4
2023-12-01 08:00:00+00:00,0.14739,0.14906,0.14632,0.14845,12045522.7
2023-12-01 12:00:00+00:00,0.14845,0.14945,0.1471,0.14852,10770560.3
2023-12-01 16:00:00+00:00,0.14852,0.15081,0.14824,0.1495,12284708.4
2023-12-01 20:00:00+00:00,0.1495,0.15079,0.14922,0.15012,5188097.7
2023-12-02 00:00:00+00:00,0.15012,0.15209,0.14898,0.1513,5073798.7
2023-12-02 04:00:00+00:00,0.1513,0.15197,0.15011,0.15058,3891384.4
2023-12-02 08:00:00+00:00,0.15058,0.15256,0.15036,0.15085,6045890.0
2023-12-02 12:00:00+00:00,0.15085,0.15134,0.14819,0.14949,7591470.6
2023-12-02 16:00:00+00:00,0.14949,0.15359,0.14921,0.15272,12199790.1
2023-12-02 20:00:00+00:00,0.15272,0.15371,0.15081,0.15223,6083939.8
2023-12-03 00:00:00+00:00,0.15223,0.15359,0.15053,0.15149,6855329.9
2023-12-03 04:00:00+00:00,0.15149,0.15217,0.15027,0.15135,3474215.4
2023-12-03 08:00:00+00:00,0.15135,0.15188,0.14857,0.14935,5350141.9
2023-12-03 12:00:00+00:00,0.14935,0.1496,0.1474,0.14809,7136529.8
2023-12-03 16:00:00+00:00,0.14809,0.14926,0.14757,0.1484,6035749.5
2023-12-03 20:00:00+00:00,0.1484,0.15232,0.1484,0.14964,6761532.3
2023-12-04 00:00:00+00:00,0.14964,0.15313,0.14873,0.15135,8181986.2
2023-12-04 04:00:00+00:00,0.15135,0.15355,0.15074,0.15174,11178259.9
2023-12-04 08:00:00+00:00,0.15174,0.1552,0.14113,0.14866,30279861.8
2023-12-04 12:00:00+00:00,0.14866,0.151,0.14487,0.14614,15109589.1
2023-12-04 16:00:00+00:00,0.14614,0.14893,0.14608,0.14795,7815532.7
2023-12-04 20:00:00+00:00,0.14795,0.151,0.14679,0.15099,10519897.2
2023-12-05 00:00:00+00:00,0.15099,0.15397,0.14866,0.15175,11445627.6
2023-12-05 04:00:00+00:00,0.15175,0.15668,0.15021,0.15212,15077397.2
2023-12-05 08:00:00+00:00,0.15212,0.15521,0.14928,0.15187,8409452.0
2023-12-05 12:00:00+00:00,0.15187,0.15367,0.15009,0.15293,7300148.9
2023-12-05 16:00:00+00:00,0.15293,0.15841,0.1515,0.15689,16640194.9
2023-12-05 20:00:00+00:00,0.15689,0.15908,0.15506,0.15791,10038219.5
2023-12-06 00:00:00+00:00,0.15791,0.1597,0.15476,0.15566,9261058.5
2023-12-06 04:00:00+00:00,0.15566,0.15781,0.15316,0.15642,7464443.0
2023-12-06 08:00:00+00:00,0.15642,0.16839,0.15552,0.16033,43647549.4
2023-12-06 12:00:00+00:00,0.16033,0.16493,0.15961,0.1621,30832677.1
2023-12-06 16:00:00+00:00,0.1621,0.1696,0.16206,0.16751,25443395.0
2023-12-06 20:00:00+00:00,0.16751,0.16832,0.16271,0.16357,18516953.5
2023-12-07 00:00:00+00:00,0.16357,0.16592,0.1617,0.1628,9690862.0
2023-12-07 04:00:00+00:00,0.1628,0.16406,0.15972,0.16071,8030145.0
2023-12-07 08:00:00+00:00,0.16071,0.16157,0.15416,0.15739,23608308.5
2023-12-07 12:00:00+00:00,0.15739,0.16232,0.15676,0.16155,11105870.3
2023-12-07 16:00:00+00:00,0.16155,0.16531,0.16068,0.16221,8826415.0
2023-12-07 20:00:00+00:00,0.16221,0.166,0.1617,0.16502,7664945.3
2023-12-08 00:00:00+00:00,0.16502,0.16817,0.16467,0.16794,8682423.6
2023-12-08 04:00:00+00:00,0.16794,0.17014,0.16543,0.16919,11972178.2
2023-12-08 08:00:00+00:00,0.16919,0.17323,0.16919,0.16984,16343366.8
2023-12-08 12:00:00+00:00,0.16984,0.1734,0.16832,0.17199,17483222.9
2023-12-08 16:00:00+00:00,0.17199,0.17441,0.17075,0.17399,8547101.7
2023-12-08 20:00:00+00:00,0.17399,0.17715,0.17347,0.17442,9439110.5
2023-12-09 00:00:00+00:00,0.17442,0.17789,0.17352,0.17506,11408626.2
2023-12-09 04:00:00+00:00,0.17506,0.17705,0.17334,0.1761,7766913.3
2023-12-09 08:00:00+00:00,0.1761,0.17643,0.16919,0.17264,16629178.1
2023-12-09 12:00:00+00:00,0.17264,0.17523,0.17051,0.17356,10226074.9
2023-12-09 16:00:00+00:00,0.17356,0.17407,0.16922,0.17146,6572775.2
2023-12-09 20:00:00+00:00,0.17146,0.17203,0.16717,0.16898,6688008.4
2023-12-10 00:00:00+00:00,0.16898,0.17183,0.16813,0.17025,4898552.8
2023-12-10 04:00:00+00:00,0.17025,0.1793,0.1698,0.17479,17401442.2
2023-12-10 08:00:00+00:00,0.17479,0.17519,0.16643,0.16742,14437548.9
2023-12-10 12:00:00+00:00,0.16742,0.17158,0.16719,0.17155,9245517.3
2023-12-10 16:00:00+00:00,0.17155,0.1718,0.16701,0.1697,6364355.9
2023-12-10 20:00:00+00:00,0.1697,0.17368,0.16968,0.17201,6583807.4
2023-12-11 00:00:00+00:00,0.17201,0.17522,0.14498,0.16307,50646277.1
2023-12-11 04:00:00+00:00,0.16307,0.16374,0.1575,0.16074,22157717.8
2023-12-11 08:00:00+00:00,0.16074,0.16305,0.15939,0.16299,10907088.8
2023-12-11 12:00:00+00:00,0.16299,0.16338,0.15762,0.1599,11292224.3
2023-12-11 16:00:00+00:00,0.1599,0.16131,0.15245,0.15645,20953744.8
2023-12-11 20:00:00+00:00,0.15645,0.15964,0.15451,0.159,7123751.1
2023-12-12 00:00:00+00:00,0.159,0.16518,0.15864,0.16319,6837343.2
2023-12-12 04:00:00+00:00,0.16319,0.16633,0.16038,0.16477,7636088.6
2023-12-12 08:00:00+00:00,0.16477,0.16527,0.15907,0.15955,7636619.7
2023-12-12 12:00:00+00:00,0.15955,0.16217,0.15631,0.15823,12429752.1
2023-12-12 16:00:00+00:00,0.15823,0.15894,0.15381,0.15728,7518715.7
2023-12-12 20:00:00+00:00,0.15728,0.16066,0.15577,0.16021,8084223.3
2023-12-13 00:00:00+00:00,0.16021,0.16045,0.15277,0.15325,12100304.8
2023-12-13 04:00:00+00:00,0.15325,0.15503,0.15012,0.15337,8878751.6
2023-12-13 08:00:00+00:00,0.15337,0.15476,0.15211,0.15235,5709253.9
2023-12-13 12:00:00+00:00,0.15235,0.15836,0.15234,0.15784,5801749.1
2023-12-13 16:00:00+00:00,0.15784,0.16285,0.15545,0.1627,8600698.6
2023-12-13 20:00:00+00:00,0.1627,0.1658,0.16182,0.16436,19177560.5
2023-12-14 00:00:00+00:00,0.16436,0.16632,0.16196,0.16292,8961887.2
2023-12-14 04:00:00+00:00,0.16292,0.17009,0.16287,0.16883,10115360.8
2023-12-14 08:00:00+00:00,0.16883,0.17421,0.16858,0.1729,10784154.1
2023-12-14 12:00:00+00:00,0.1729,0.17677,0.16512,0.17144,30341797.3
2023-12-14 16:00:00+00:00,0.17144,0.17509,0.17044,0.17316,8462552.6
2023-12-14 20:00:00+00:00,0.17316,0.17605,0.17155,0.17536,6727511.4
2023-12-15 00:00:00+00:00,0.17536,0.17587,0.17061,0.17322,9118800.3
2023-12-15 04:00:00+00:00,0.17322,0.17457,0.17078,0.17109,5514379.3
2023-12-15 08:00:00+00:00,0.17109,0.17247,0.16869,0.16884,7670034.3
2023-12-15 12:00:00+00:00,0.16884,0.16903,0.16496,0.1669,9787241.3
2023-12-15 16:00:00+00:00,0.1669,0.17009,0.16649,0.16794,7990354.6
2023-12-15 20:00:00+00:00,0.16794,0.16922,0.16327,0.16349,5377961.4
2023-12-16 00:00:00+00:00,0.16349,0.16446,0.16078,0.16402,5716658.8
2023-12-16 04:00:00+00:00,0.16402,0.16578,0.16302,0.16379,3465300.8
2023-12-16 08:00:00+00:00,0.16379,0.16573,0.16336,0.16562,3863543.2
2023-12-16 12:00:00+00:00,0.16562,0.167,0.16441,0.167,4963404.4
2023-12-16 16:00:00+00:00,0.167,0.16782,0.1622,0.16347,6045178.8
2023-12-16 20:00:00+00:00,0.16347,0.16459,0.16165,0.16245,3680307.4
2023-12-17 00:00:00+00:00,0.16245,0.16379,0.16057,0.16171,6486599.7
2023-12-17 04:00:00+00:00,0.16171,0.16308,0.15894,0.15927,5632908.8
2023-12-17 08:00:00+00:00,0.15927,0.16262,0.15896,0.16203,4896905.0
2023-12-17 12:00:00+00:00,0.16203,0.16246,0.15858,0.16235,4835218.1
2023-12-17 16:00:00+00:00,0.16235,0.16477,0.1609,0.16214,5184199.1
2023-12-17 20:00:00+00:00,0.16214,0.16369,0.15758,0.15864,7614486.4
2023-12-18 00:00:00+00:00,0.15864,0.16034,0.15405,0.15572,9900931.2
2023-12-18 04:00:00+00:00,0.15572,0.15639,0.1524,0.15302,5231233.3
2023-12-18 08:00:00+00:00,0.15302,0.15415,0.14455,0.14896,21611824.0
2023-12-18 12:00:00+00:00,0.14896,0.15245,0.1474,0.1502,10175599.1
2023-12-18 16:00:00+00:00,0.1502,0.15291,0.14926,0.15206,6032629.4
2023-12-18 20:00:00+00:00,0.15206,0.16048,0.15089,0.16034,8937380.3
2023-12-19 00:00:00+00:00,0.16034,0.16424,0.1574,0.16354,13397536.4
2023-12-19 04:00:00+00:00,0.16354,0.16436,0.16076,0.16312,6236384.6
2023-12-19 08:00:00+00:00,0.16312,0.16469,0.16023,0.16078,7660066.7
2023-12-19 12:00:00+00:00,0.16078,0.1615,0.15679,0.15887,10801351.3
2023-12-19 16:00:00+00:00,0.15887,0.16071,0.15427,0.15752,7748469.7
2023-12-19 20:00:00+00:00,0.15752,0.15873,0.15464,0.1559,5343881.1
2023-12-20 00:00:00+00:00,0.1559,0.15777,0.15389,0.15648,4363410.9
2023-12-20 04:00:00+00:00,0.15648,0.15908,0.15606,0.159,3560299.7
2023-12-20 08:00:00+00:00,0.159,0.16049,0.15805,0.15987,6047534.1
2023-12-20 12:00:00+00:00,0.15987,0.16587,0.15893,0.16587,11553909.0
2023-12-20 16:00:00+00:00,0.16587,0.17003,0.16154,0.16198,13976120.3
2023-12-20 20:00:00+00:00,0.16198,0.16244,0.15845,0.16099,9013192.5
2023-12-21 00:00:00+00:00,0.16099,0.16133,0.15913,0.15992,3224016.5
2023-12-21 04:00:00+00:00,0.15992,0.16046,0.15805,0.15947,4445744.1
2023-12-21 08:00:00+00:00,0.15947,0.1636,0.15842,0.16258,9755461.6
2023-12-21 12:00:00+00:00,0.16258,0.16353,0.15752,0.15958,17868051.1
2023-12-21 16:00:00+00:00,0.15958,0.16225,0.15857,0.16143,7410946.5
2023-12-21 20:00:00+00:00,0.16143,0.16607,0.16133,0.16538,9170371.1
2023-12-22 00:00:00+00:00,0.16538,0.16767,0.1639,0.16546,12235263.5
2023-12-22 04:00:00+00:00,0.16546,0.1672,0.163,0.16441,11426607.9
2023-12-22 08:00:00+00:00,0.16441,0.1734,0.16427,0.17297,27743517.9
2023-12-22 12:00:00+00:00,0.17297,0.18099,0.17106,0.17972,41975747.5
2023-12-22 16:00:00+00:00,0.17972,0.191,0.1788,0.18738,74221909.1
2023-12-22 20:00:00+00:00,0.18738,0.19462,0.18552,0.1906,31376424.2
2023-12-23 00:00:00+00:00,0.1906,0.1937,0.17851,0.17948,36628905.7
2023-12-23 04:00:00+00:00,0.17948,0.18105,0.17668,0.1787,17442706.4
2023-12-23 08:00:00+00:00,0.1787,0.18563,0.17839,0.18368,23483330.8
2023-12-23 12:00:00+00:00,0.18368,0.18406,0.1787,0.17998,14100086.2
2023-12-23 16:00:00+00:00,0.17998,0.18391,0.17981,0.18217,12490415.2
2023-12-23 20:00:00+00:00,0.18217,0.18503,0.18089,0.18267,9056122.5
2023-12-24 00:00:00+00:00,0.18267,0.18457,0.17909,0.1801,10341984.0
2023-12-24 04:00:00+00:00,0.1801,0.1842,0.17629,0.18378,19160806.3
2023-12-24 08:00:00+00:00,0.18378,0.18467,0.17982,0.18282,13517632.0
2023-12-24 12:00:00+00:00,0.18282,0.1893,0.18153,0.18882,14555026.8
2023-12-24 16:00:00+00:00,0.18882,0.1991,0.18717,0.19454,27308200.6
2023-12-24 20:00:00+00:00,0.19454,0.19457,0.18275,0.18634,28420966.8
2023-12-25 00:00:00+00:00,0.18634,0.18807,0.18026,0.18392,16915465.6
2023-12-25 04:00:00+00:00,0.18392,0.18712,0.18357,0.18486,17212758.4
2023-12-25 08:00:00+00:00,0.18486,0.18701,0.18265,0.18625,8940689.2
2023-12-25 12:00:00+00:00,0.18625,0.19317,0.18379,0.19083,13062395.2
2023-12-25 16:00:00+00:00,0.19083,0.19197,0.1872,0.18883,9294986.1
2023-12-25 20:00:00+00:00,0.18883,0.19807,0.18713,0.19687,12833851.2
2023-12-26 00:00:00+00:00,0.19687,0.2004,0.19462,0.19694,14379737.3
2023-12-26 04:00:00+00:00,0.19694,0.19744,0.18816,0.19219,20448634.5
2023-12-26 08:00:00+00:00,0.19219,0.19488,0.18786,0.19215,15122953.9
2023-12-26 12:00:00+00:00,0.19215,0.20471,0.1919,0.19602,32422212.5
2023-12-26 16:00:00+00:00,0.19602,0.1989,0.179,0.19254,30592347.2
2023-12-26 20:00:00+00:00,0.19254,0.20155,0.18936,0.19899,14684501.9
2023-12-27 00:00:00+00:00,0.19899,0.2023,0.1853,0.18653,16737944.1
2023-12-27 04:00:00+00:00,0.18653,0.19239,0.18643,0.18684,7850557.6
2023-12-27 08:00:00+00:00,0.18684,0.19339,0.18666,0.19187,10099178.5
2023-12-27 12:00:00+00:00,0.19187,0.19479,0.19021,0.19399,14750775.8
2023-12-27 16:00:00+00:00,0.19399,0.19582,0.19061,0.19257,12434494.9
2023-12-27 20:00:00+00:00,0.19257,0.19444,0.18973,0.19182,7748356.4
2023-12-28 00:00:00+00:00,0.19182,0.19935,0.1913,0.19733,12986149.6
2023-12-28 04:00:00+00:00,0.19733,0.20109,0.19326,0.19518,18588135.5
2023-12-28 08:00:00+00:00,0.19518,0.20118,0.19388,0.2003,17948867.6
2023-12-28 12:00:00+00:00,0.2003,0.20196,0.1903,0.19135,47936719.1
2023-12-28 16:00:00+00:00,0.19135,0.19669,0.18721,0.19464,22447950.9
2023-12-28 20:00:00+00:00,0.19464,0.19493,0.18835,0.1886,10514228.3
2023-12-29 00:00:00+00:00,0.1886,0.19025,0.17958,0.18464,18779675.8
2023-12-29 04:00:00+00:00,0.18464,0.18655,0.18125,0.18174,7592876.0
2023-12-29 08:00:00+00:00,0.18174,0.19107,0.18174,0.19104,7446074.0
2023-12-29 12:00:00+00:00,0.19104,0.19242,0.1842,0.18573,13522323.9
2023-12-29 16:00:00+00:00,0.18573,0.18716,0.18045,0.18383,11535709.2
2023-12-29 20:00:00+00:00,0.18383,0.18387,0.17746,0.18158,8614789.7
2023-12-30 00:00:00+00:00,0.18158,0.18225,0.17841,0.17939,6031589.8
2023-12-30 04:00:00+00:00,0.17939,0.18121,0.17857,0.17879,3656925.9
2023-12-30 08:00:00+00:00,0.17879,0.17922,0.1735,0.17707,10560120.4
2023-12-30 12:00:00+00:00,0.17707,0.18025,0.17558,0.17994,6831783.1
2023-12-30 16:00:00+00:00,0.17994,0.1807,0.17754,0.178,6274619.4
2023-12-30 20:00:00+00:00,0.178,0.17959,0.17716,0.17837,2868745.5
2023-12-31 00:00:00+00:00,0.17837,0.18152,0.1767,0.17965,4448104.2
2023-12-31 04:00:00+00:00,0.17965,0.18395,0.17907,0.18343,5827003.6
2023-12-31 08:00:00+00:00,0.18343,0.18462,0.1816,0.18249,5009848.9
2023-12-31 12:00:00+00:00,0.18249,0.18458,0.18033,0.18136,4435095.0
2023-12-31 16:00:00+00:00,0.18136,0.189,0.18111,0.18775,9721835.2
2023-12-31 20:00:00+00:00,0.18775,0.19054,0.17868,0.18438,7994317.8
2024-01-01 00:00:00+00:00,0.18438,0.19032,0.18433,0.18554,6537463.0
2024-01-01 04:00:00+00:00,0.18554,0.19303,0.18434,0.19182,13176090.1
2024-01-01 08:00:00+00:00,0.19182,0.19792,0.19127,0.19531,20568666.8
2024-01-01 12:00:00+00:00,0.19531,0.20574,0.1931,0.20476,27076684.8
2024-01-01 16:00:00+00:00,0.20476,0.22,0.2005,0.21275,44859306.9
2024-01-01 20:00:00+00:00,0.21275,0.22106,0.21166,0.21796,36439972.4
2024-01-02 00:00:00+00:00,0.21796,0.22558,0.21274,0.21742,37640129.9
2024-01-02 04:00:00+00:00,0.21742,0.22557,0.21503,0.21746,22713578.9
2024-01-02 08:00:00+00:00,0.21746,0.22218,0.21244,0.21357,18142679.1
2024-01-02 12:00:00+00:00,0.21357,0.21534,0.20644,0.20763,22938785.6
2024-01-02 16:00:00+00:00,0.20763,0.21105,0.20615,0.20992,13301469.5
2024-01-02 20:00:00+00:00,0.20992,0.21107,0.20672,0.20755,7003902.5
2024-01-03 00:00:00+00:00,0.20755,0.21562,0.20689,0.21182,11977750.9
2024-01-03 04:00:00+00:00,0.21182,0.21425,0.20727,0.20797,9411213.5
2024-01-03 08:00:00+00:00,0.20797,0.21379,0.201,0.20242,18324738.9
2024-01-03 12:00:00+00:00,0.20242,0.20252,0.14043,0.19102,101731942.4
2024-01-03 16:00:00+00:00,0.19102,0.19381,0.18578,0.18785,19131967.7
2024-01-03 20:00:00+00:00,0.18785,0.19303,0.18755,0.18925,7512040.1
2024-01-04 00:00:00+00:00,0.18925,0.19159,0.18374,0.18957,6711203.9
2024-01-04 04:00:00+00:00,0.18957,0.19116,0.1858,0.18583,4901557.7
2024-01-04 08:00:00+00:00,0.18583,0.18711,0.18241,0.18396,9841209.5
2024-01-04 12:00:00+00:00,0.18396,0.19405,0.18379,0.19381,13480111.7
2024-01-04 16:00:00+00:00,0.19381,0.19624,0.19,0.19565,11514015.1
2024-01-04 20:00:00+00:00,0.19565,0.2004,0.1934,0.19857,11398729.0
2024-01-05 00:00:00+00:00,0.19857,0.19939,0.18553,0.19022,17051046.1
2024-01-05 04:00:00+00:00,0.19022,0.19085,0.18733,0.18791,6232710.5
2024-01-05 08:00:00+00:00,0.18791,0.1937,0.18432,0.18453,13588507.5
2024-01-05 12:00:00+00:00,0.18453,0.18688,0.17795,0.18057,18024453.2
2024-01-05 16:00:00+00:00,0.18057,0.18213,0.1758,0.18105,14124638.4
2024-01-05 20:00:00+00:00,0.18105,0.18455,0.17971,0.18447,8896767.3
2024-01-06 00:00:00+00:00,0.18447,0.1846,0.17689,0.17778,7705060.1
2024-01-06 04:00:00+00:00,0.17778,0.17864,0.16568,0.16967,15695648.5
2024-01-06 08:00:00+00:00,0.16967,0.17271,0.16837,0.17063,5827660.6
2024-01-06 12:00:00+00:00,0.17063,0.1742,0.16821,0.17202,6935747.8
2024-01-06 16:00:00+00:00,0.17202,0.1755,0.17056,0.17189,8045349.6
2024-01-06 20:00:00+00:00,0.17189,0.17315,0.16887,0.17195,3632571.4
2024-01-07 00:00:00+00:00,0.17195,0.17592,0.17066,0.1733,5673093.6
2024-01-07 04:00:00+00:00,0.1733,0.17557,0.17283,0.17396,3309438.2
2024-01-07 08:00:00+00:00,0.17396,0.17485,0.16989,0.17015,4673347.2
2024-01-07 12:00:00+00:00,0.17015,0.17219,0.16057,0.16283,13615099.7
2024-01-07 16:00:00+00:00,0.16283,0.16996,0.1626,0.16935,8071318.1
2024-01-07 20:00:00+00:00,0.16935,0.16955,0.16156,0.16344,9953663.4
2024-01-08 00:00:00+00:00,0.16344,0.16466,0.14863,0.153,20497630.9
2024-01-08 04:00:00+00:00,0.153,0.15956,0.1523,0.1575,8910103.4
2024-01-08 08:00:00+00:00,0.1575,0.16076,0.15493,0.16063,5152686.7
2024-01-08 12:00:00+00:00,0.16063,0.16518,0.15893,0.16331,20418140.6
2024-01-08 16:00:00+00:00,0.16331,0.17172,0.16216,0.171,12181138.1
2024-01-08 20:00:00+00:00,0.171,0.17183,0.1682,0.17151,7244187.9
2024-01-09 00:00:00+00:00,0.17151,0.17205,0.16606,0.16746,8314092.6
2024-01-09 04:00:00+00:00,0.16746,0.17057,0.16681,0.16872,4014319.8
2024-01-09 08:00:00+00:00,0.16872,0.16951,0.16303,0.16476,6430756.8
2024-01-09 12:00:00+00:00,0.16476,0.16541,0.15681,0.15922,20292758.2
2024-01-09 16:00:00+00:00,0.15922,0.15947,0.15484,0.15687,15403255.6
2024-01-09 20:00:00+00:00,0.15687,0.16165,0.15317,0.16024,20889325.8
2024-01-10 00:00:00+00:00,0.16024,0.1631,0.15896,0.16122,5837015.8
2024-01-10 04:00:00+00:00,0.16122,0.16363,0.16023,0.1614,5031764.7
2024-01-10 08:00:00+00:00,0.1614,0.16753,0.15797,0.16565,14402584.2
2024-01-10 12:00:00+00:00,0.16565,0.16649,0.15649,0.16294,20593114.1
2024-01-10 16:00:00+00:00,0.16294,0.16576,0.16001,0.16492,10435724.0
2024-01-10 20:00:00+00:00,0.16492,0.18225,0.15986,0.1777,29892906.0
2024-01-11 00:00:00+00:00,0.1777,0.18235,0.17579,0.18152,10986587.0
2024-01-11 04:00:00+00:00,0.18152,0.1817,0.17503,0.17982,5561537.3
2024-01-11 08:00:00+00:00,0.17982,0.18676,0.17902,0.18653,7816595.4
2024-01-11 12:00:00+00:00,0.18653,0.19074,0.18259,0.18481,31916749.0
2024-01-11 16:00:00+00:00,0.18481,0.1876,0.17906,0.18749,19672817.3
2024-01-11 20:00:00+00:00,0.18749,0.1882,0.18274,0.18715,5469065.2
2024-01-12 00:00:00+00:00,0.18715,0.19098,0.1827,0.1893,7230709.7
2024-01-12 04:00:00+00:00,0.1893,0.193,0.18669,0.18811,6963685.8
2024-01-12 08:00:00+00:00,0.18811,0.19099,0.18448,0.19006,9968290.2
2024-01-12 12:00:00+00:00,0.19006,0.19628,0.18407,0.18478,18147896.0
2024-01-12 16:00:00+00:00,0.18478,0.18755,0.17733,0.18143,16052252.7
2024-01-12 20:00:00+00:00,0.18143,0.18451,0.169,0.17482,16524230.9
2024-01-13 00:00:00+00:00,0.17482,0.17627,0.16876,0.17123,4855992.7
2024-01-13 04:00:00+00:00,0.17123,0.17546,0.17076,0.17378,6193670.3
2024-01-13 08:00:00+00:00,0.17378,0.1745,0.16987,0.17121,6778889.8
2024-01-13 12:00:00+00:00,0.17121,0.17444,0.1703,0.17336,8083949.6
2024-01-13 16:00:00+00:00,0.17336,0.17404,0.17118,0.17286,3793617.3
2024-01-13 20:00:00+00:00,0.17286,0.17319,0.17082,0.17099,3145390.1
2024-01-14 00:00:00+00:00,0.17099,0.17132,0.16778,0.16816,5691767.9
2024-01-14 04:00:00+00:00,0.16816,0.17098,0.16681,0.17083,6304181.5
2024-01-14 08:00:00+00:00,0.17083,0.17243,0.16855,0.16915,5031449.6
2024-01-14 12:00:00+00:00,0.16915,0.16983,0.16744,0.16882,4882752.9
2024-01-14 16:00:00+00:00,0.16882,0.1694,0.16395,0.16417,7492668.3
2024-01-14 20:00:00+00:00,0.16417,0.16733,0.16094,0.16158,8086735.5
2024-01-15 00:00:00+00:00,0.16158,0.16568,0.16157,0.16389,4769001.7
2024-01-15 04:00:00+00:00,0.16389,0.16629,0.16261,0.16336,4758116.5
2024-01-15 08:00:00+00:00,0.16336,0.16712,0.16246,0.16528,5295410.5
2024-01-15 12:00:00+00:00,0.16528,0.16607,0.16066,0.16117,8152930.4
2024-01-15 16:00:00+00:00,0.16117,0.16606,0.16097,0.16351,6105851.7
2024-01-15 20:00:00+00:00,0.16351,0.16437,0.16069,0.16278,4256806.3
2024-01-16 00:00:00+00:00,0.16278,0.1698,0.16278,0.16861,13979271.7
2024-01-16 04:00:00+00:00,0.16861,0.1695,0.16464,0.16637,4125225.4
2024-01-16 08:00:00+00:00,0.16637,0.16872,0.16525,0.16721,6124812.3
2024-01-16 12:00:00+00:00,0.16721,0.16826,0.16271,0.16804,8819444.6
2024-01-16 16:00:00+00:00,0.16804,0.16964,0.16638,0.16766,9118542.0
2024-01-16 20:00:00+00:00,0.16766,0.17005,0.16748,0.1694,4845729.4
2024-01-17 00:00:00+00:00,0.1694,0.1722,0.16933,0.16958,4131565.5
2024-01-17 04:00:00+00:00,0.16958,0.17011,0.16533,0.16561,3962890.4
2024-01-17 08:00:00+00:00,0.16561,0.1687,0.16491,0.16793,7279383.2
2024-01-17 12:00:00+00:00,0.16793,0.16848,0.1655,0.16666,6324262.0
2024-01-17 16:00:00+00:00,0.16666,0.16805,0.16442,0.16674,4618469.0
2024-01-17 20:00:00+00:00,0.16674,0.16775,0.164,0.16764,4458932.1
2024-01-18 00:00:00+00:00,0.16764,0.16861,0.16244,0.16328,6750236.8
2024-01-18 04:00:00+00:00,0.16328,0.1656,0.16249,0.16502,3392748.3
2024-01-18 08:00:00+00:00,0.16502,0.16527,0.16128,0.16244,3608504.2
2024-01-18 12:00:00+00:00,0.16244,0.16249,0.15975,0.16056,5169960.4
2024-01-18 16:00:00+00:00,0.16056,0.16066,0.15167,0.15286,15091612.8
2024-01-18 20:00:00+00:00,0.15286,0.15571,0.15141,0.15482,6916443.5
2024-01-19 00:00:00+00:00,0.15482,0.15522,0.14915,0.15227,6195507.6
2024-01-19 04:00:00+00:00,0.15227,0.15499,0.15214,0.15365,3016312.9
2024-01-19 08:00:00+00:00,0.15365,0.15644,0.15264,0.15541,4017773.9
2024-01-19 12:00:00+00:00,0.15541,0.15565,0.15031,0.15092,6985520.4
2024-01-19 16:00:00+00:00,0.15092,0.15338,0.14551,0.15226,15793029.5
2024-01-19 20:00:00+00:00,0.15226,0.15399,0.15182,0.15359,4012318.0
2024-01-20 00:00:00+00:00,0.15359,0.157,0.15142,0.15583,4091123.5
2024-01-20 04:00:00+00:00,0.15583,0.15876,0.15535,0.158,3506544.6
2024-01-20 08:00:00+00:00,0.158,0.1619,0.15608,0.15792,10662725.4
2024-01-20 12:00:00+00:00,0.15792,0.1618,0.15752,0.16068,9903248.9
2024-01-20 16:00:00+00:00,0.16068,0.16221,0.15887,0.15942,8670947.6
2024-01-20 20:00:00+00:00,0.15942,0.16072,0.15901,0.16035,3824306.9
2024-01-21 00:00:00+00:00,0.16035,0.16484,0.15802,0.16389,7484714.1
2024-01-21 04:00:00+00:00,0.16389,0.164,0.16073,0.16139,3556881.3
2024-01-21 08:00:00+00:00,0.16139,0.16318,0.16109,0.16184,2724364.1
2024-01-21 12:00:00+00:00,0.16184,0.1637,0.16143,0.16288,4408632.7
2024-01-21 16:00:00+00:00,0.16288,0.16374,0.16127,0.16296,2582736.7
2024-01-21 20:00:00+00:00,0.16296,0.16336,0.15946,0.15995,3187714.1
2024-01-22 00:00:00+00:00,0.15995,0.16293,0.15682,0.15754,7328860.5
2024-01-22 04:00:00+00:00,0.15754,0.15882,0.15523,0.15678,5064683.2
2024-01-22 08:00:00+00:00,0.15678,0.15682,0.15143,0.15333,8337852.3
2024-01-22 12:00:00+00:00,0.15333,0.15524,0.14954,0.15222,7823971.7
2024-01-22 16:00:00+00:00,0.15222,0.15318,0.14721,0.14995,9232631.8
2024-01-22 20:00:00+00:00,0.14995,0.15271,0.14814,0.1488,7987712.0
2024-01-23 00:00:00+00:00,0.1488,0.15155,0.14756,0.15049,5115562.2
2024-01-23 04:00:00+00:00,0.15049,0.15186,0.14685,0.14783,2804716.1
2024-01-23 08:00:00+00:00,0.14783,0.14894,0.13974,0.14124,17669313.8
2024-01-23 12:00:00+00:00,0.14124,0.14476,0.13831,0.14339,11344460.5
2024-01-23 16:00:00+00:00,0.14339,0.14556,0.14195,0.14244,5436270.1
2024-01-23 20:00:00+00:00,0.14244,0.14777,0.14186,0.14743,4921190.2
2024-01-24 00:00:00+00:00,0.14743,0.14871,0.14519,0.14563,2737306.4
2024-01-24 04:00:00+00:00,0.14563,0.15058,0.1453,0.15007,2684219.6
2024-01-24 08:00:00+00:00,0.15007,0.15259,0.14937,0.15133,4575877.2
2024-01-24 12:00:00+00:00,0.15133,0.15253,0.14928,0.15108,5745316.7
2024-01-24 16:00:00+00:00,0.15108,0.15249,0.14947,0.15104,4364773.6
2024-01-24 20:00:00+00:00,0.15104,0.15391,0.14923,0.15322,4200341.0
2024-01-25 00:00:00+00:00,0.15322,0.15326,0.14933,0.15,2879508.9
2024-01-25 04:00:00+00:00,0.15,0.15079,0.14784,0.15045,3004729.7
2024-01-25 08:00:00+00:00,0.15045,0.15097,0.14802,0.14954,2878086.4
2024-01-25 12:00:00+00:00,0.14954,0.15026,0.14632,0.14694,6336839.4
2024-01-25 16:00:00+00:00,0.14694,0.15008,0.14609,0.14925,3308996.3
2024-01-25 20:00:00+00:00,0.14925,0.15014,0.14827,0.14949,2628945.1
2024-01-26 00:00:00+00:00,0.14949,0.15153,0.14772,0.15056,1590201.0
2024-01-26 04:00:00+00:00,0.15056,0.15137,0.14875,0.14938,1165994.8
2024-01-26 08:00:00+00:00,0.14938,0.15473,0.14927,0.15407,6245422.5
2024-01-26 12:00:00+00:00,0.15407,0.15606,0.15246,0.15587,5898451.1
2024-01-26 16:00:00+00:00,0.15587,0.15772,0.15569,0.15633,5619418.8
2024-01-26 20:00:00+00:00,0.15633,0.15747,0.1551,0.1563,3910543.3
2024-01-27 00:00:00+00:00,0.1563,0.16198,0.15585,0.16019,10261925.2
2024-01-27 04:00:00+00:00,0.16019,0.16147,0.15638,0.15727,3298812.3
2024-01-27 08:00:00+00:00,0.15727,0.1597,0.15654,0.1588,6464271.5
2024-01-27 12:00:00+00:00,0.1588,0.16249,0.15863,0.1605,9640779.0
2024-01-27 16:00:00+00:00,0.1605,0.16087,0.159,0.16028,4871185.1
2024-01-27 20:00:00+00:00,0.16028,0.16147,0.1595,0.16001,3696222.5
2024-01-28 00:00:00+00:00,0.16001,0.16184,0.1593,0.16177,3618497.5
2024-01-28 04:00:00+00:00,0.16177,0.16282,0.15945,0.15997,3909091.7
2024-01-28 08:00:00+00:00,0.15997,0.16177,0.15906,0.15975,5072617.5
2024-01-28 12:00:00+00:00,0.15975,0.15993,0.15708,0.15866,5684219.0
2024-01-28 16:00:00+00:00,0.15866,0.16081,0.15581,0.15677,3270183.4
2024-01-28 20:00:00+00:00,0.15677,0.15876,0.15512,0.15694,3193566.2
2024-01-29 00:00:00+00:00,0.15694,0.16044,0.156,0.15949,3103810.4
2024-01-29 04:00:00+00:00,0.15949,0.1605,0.15808,0.1583,2381188.0
2024-01-29 08:00:00+00:00,0.1583,0.15984,0.15751,0.15865,4609198.4
2024-01-29 12:00:00+00:00,0.15865,0.1596,0.15511,0.15941,4373382.5
2024-01-29 16:00:00+00:00,0.15941,0.16317,0.15856,0.1615,8208042.7
2024-01-29 20:00:00+00:00,0.1615,0.1635,0.16117,0.16234,4143493.6
2024-01-30 00:00:00+00:00,0.16234,0.16376,0.16112,0.1614,3944463.4
2024-01-30 04:00:00+00:00,0.1614,0.16196,0.16029,0.16147,2183085.8
2024-01-30 08:00:00+00:00,0.16147,0.16444,0.16093,0.16361,6618314.0
2024-01-30 12:00:00+00:00,0.16361,0.16387,0.15885,0.16228,7942663.9
2024-01-30 16:00:00+00:00,0.16228,0.16386,0.16113,0.16298,4481319.1
2024-01-30 20:00:00+00:00,0.16298,0.16321,0.15743,0.1584,6457527.4
2024-01-31 00:00:00+00:00,0.1584,0.15922,0.15596,0.15841,5337885.5
2024-01-31 04:00:00+00:00,0.15841,0.15894,0.15667,0.15816,3961532.6
2024-01-31 08:00:00+00:00,0.15816,0.15848,0.15354,0.15591,6978923.8
2024-01-31 12:00:00+00:00,0.15591,0.15737,0.15264,0.1566,8903020.6
2024-01-31 16:00:00+00:00,0.1566,0.15868,0.15563,0.15741,12310659.8
2024-01-31 20:00:00+00:00,0.15741,0.1576,0.15251,0.15454,4538047.1
2024-02-01 00:00:00+00:00,0.15454,0.15641,0.15117,0.1531,5655906.4
2024-02-01 04:00:00+00:00,0.1531,0.15378,0.15163,0.15289,2099616.0
2024-02-01 08:00:00+00:00,0.15289,0.15408,0.15167,0.15212,2926021.5
2024-02-01 12:00:00+00:00,0.15212,0.15537,0.15183,0.15355,3555797.3
2024-02-01 16:00:00+00:00,0.15355,0.15496,0.15191,0.15409,4372514.4
2024-02-01 20:00:00+00:00,0.15409,0.15505,0.15346,0.15435,2071761.1
2024-02-02 00:00:00+00:00,0.15435,0.15677,0.1541,0.15595,2240563.2
2024-02-02 04:00:00+00:00,0.15595,0.15673,0.15546,0.15624,2521339.4
2024-02-02 08:00:00+00:00,0.15624,0.15636,0.15479,0.15584,7558575.2
2024-02-02 12:00:00+00:00,0.15584,0.1568,0.15324,0.15663,4492393.1
2024-02-02 16:00:00+00:00,0.15663,0.15724,0.15515,0.15587,2692870.7
2024-02-02 20:00:00+00:00,0.15587,0.15697,0.15502,0.1561,1052666.3
2024-02-03 00:00:00+00:00,0.1561,0.16002,0.15575,0.15764,3928390.4
2024-02-03 04:00:00+00:00,0.15764,0.15953,0.15627,0.15676,1867249.3
2024-02-03 08:00:00+00:00,0.15676,0.1579,0.15607,0.15754,3070881.2
2024-02-03 12:00:00+00:00,0.15754,0.15983,0.15713,0.15928,9282614.1
2024-02-03 16:00:00+00:00,0.15928,0.15998,0.15766,0.15809,6853525.7
2024-02-03 20:00:00+00:00,0.15809,0.15841,0.15598,0.15637,5012157.1
2024-02-04 00:00:00+00:00,0.15637,0.15731,0.15471,0.15709,2973096.2
2024-02-04 04:00:00+00:00,0.15709,0.1571,0.15267,0.15368,4896013.8
2024-02-04 08:00:00+00:00,0.15368,0.15615,0.1534,0.15557,5391051.2
2024-02-04 12:00:00+00:00,0.15557,0.15604,0.15487,0.15551,1179394.0
2024-02-04 16:00:00+00:00,0.15551,0.15571,0.15323,0.15456,1823116.3
2024-02-04 20:00:00+00:00,0.15456,0.15558,0.15206,0.15232,2122874.6
2024-02-05 00:00:00+00:00,0.15232,0.15316,0.14956,0.15296,4653794.4
2024-02-05 04:00:00+00:00,0.15296,0.15482,0.15239,0.1545,1882537.1
2024-02-05 08:00:00+00:00,0.1545,0.15505,0.15316,0.15398,1723559.4
2024-02-05 12:00:00+00:00,0.15398,0.15523,0.15319,0.15364,4020887.7
2024-02-05 16:00:00+00:00,0.15364,0.15411,0.15264,0.15348,2608117.3
2024-02-05 20:00:00+00:00,0.15348,0.15356,0.15032,0.15253,1460616.7
2024-02-06 00:00:00+00:00,0.15253,0.15358,0.15162,0.15334,1480606.7
2024-02-06 04:00:00+00:00,0.15334,0.15507,0.15334,0.15498,1704741.4
2024-02-06 08:00:00+00:00,0.15498,0.15628,0.15441,0.15482,2026112.9
2024-02-06 12:00:00+00:00,0.15482,0.15622,0.15382,0.15609,2726383.8
2024-02-06 16:00:00+00:00,0.15609,0.15988,0.15609,0.1595,4680265.8
2024-02-06 20:00:00+00:00,0.1595,0.16155,0.15895,0.15902,5049753.8
2024-02-07 00:00:00+00:00,0.15902,0.15996,0.15746,0.15754,2487725.4
2024-02-07 04:00:00+00:00,0.15754,0.15807,0.15517,0.15733,4255441.5
2024-02-07 08:00:00+00:00,0.15733,0.15791,0.15597,0.15617,1935629.8
2024-02-07 12:00:00+00:00,0.15617,0.15712,0.15548,0.15606,2390303.7
2024-02-07 16:00:00+00:00,0.15606,0.16127,0.15593,0.15871,5631277.1
2024-02-07 20:00:00+00:00,0.15871,0.16223,0.15866,0.16075,3693189.0
2024-02-08 00:00:00+00:00,0.16075,0.16311,0.16075,0.16182,2128328.0
2024-02-08 04:00:00+00:00,0.16182,0.16349,0.16029,0.16256,2615603.6
2024-02-08 08:00:00+00:00,0.16256,0.1631,0.16172,0.16233,2785882.4
2024-02-08 12:00:00+00:00,0.16233,0.16398,0.16163,0.16388,3961515.7
2024-02-08 16:00:00+00:00,0.16388,0.164,0.16056,0.16078,4296190.9
2024-02-08 20:00:00+00:00,0.16078,0.16478,0.16072,0.16431,4850606.0
2024-02-09 00:00:00+00:00,0.16431,0.16727,0.16371,0.16579,3416033.9
2024-02-09 04:00:00+00:00,0.16579,0.16899,0.16522,0.16652,5312652.7
2024-02-09 08:00:00+00:00,0.16652,0.16802,0.16584,0.16754,5605946.0
2024-02-09 12:00:00+00:00,0.16754,0.16866,0.16433,0.16622,8199689.0
2024-02-09 16:00:00+00:00,0.16622,0.16769,0.16511,0.16627,5954792.7
2024-02-09 20:00:00+00:00,0.16627,0.16856,0.16583,0.16715,2777163.7
2024-02-10 00:00:00+00:00,0.16715,0.17184,0.16638,0.16996,4102465.2
2024-02-10 04:00:00+00:00,0.16996,0.17107,0.16859,0.1699,1970237.6
2024-02-10 08:00:00+00:00,0.1699,0.17256,0.16626,0.16897,3979886.2
2024-02-10 12:00:00+00:00,0.16897,0.17174,0.16772,0.17159,3745746.5
2024-02-10 16:00:00+00:00,0.17159,0.1722,0.17026,0.17105,3599186.8
2024-02-10 20:00:00+00:00,0.17105,0.17209,0.16996,0.17052,2600159.5
2024-02-11 00:00:00+00:00,0.17052,0.17143,0.16991,0.17137,1565881.4
2024-02-11 04:00:00+00:00,0.17137,0.17148,0.16984,0.17073,2031848.0
2024-02-11 08:00:00+00:00,0.17073,0.17179,0.16942,0.17108,2959798.1
2024-02-11 12:00:00+00:00,0.17108,0.17225,0.16788,0.16915,6264546.1
2024-02-11 16:00:00+00:00,0.16915,0.16971,0.16763,0.16804,1998202.0
2024-02-11 20:00:00+00:00,0.16804,0.16819,0.16561,0.16739,3879216.6
2024-02-12 00:00:00+00:00,0.16739,0.17018,0.16576,0.16732,2946649.6
2024-02-12 04:00:00+00:00,0.16732,0.16771,0.16426,0.16574,4884156.8
2024-02-12 08:00:00+00:00,0.16574,0.16693,0.16305,0.16416,3398427.2
2024-02-12 12:00:00+00:00,0.16416,0.17017,0.16377,0.17014,4579218.1
2024-02-12 16:00:00+00:00,0.17014,0.17689,0.16909,0.175,13172802.9
2024-02-12 20:00:00+00:00,0.175,0.17622,0.17468,0.17501,4377289.1
2024-02-13 00:00:00+00:00,0.17501,0.17623,0.17265,0.17339,5977698.7
2024-02-13 04:00:00+00:00,0.17339,0.17487,0.17302,0.17445,2830033.5
2024-02-13 08:00:00+00:00,0.17445,0.17519,0.17268,0.1743,3815824.1
2024-02-13 12:00:00+00:00,0.1743,0.17536,0.16805,0.17129,15713349.7
2024-02-13 16:00:00+00:00,0.17129,0.17376,0.16977,0.17225,5804135.9
2024-02-13 20:00:00+00:00,0.17225,0.17408,0.17177,0.17227,4930090.6
2024-02-14 00:00:00+00:00,0.17227,0.17311,0.17015,0.17296,4548929.3
2024-02-14 04:00:00+00:00,0.17296,0.17627,0.17256,0.17609,2477971.9
2024-02-14 08:00:00+00:00,0.17609,0.18026,0.17576,0.18005,6936543.9
2024-02-14 12:00:00+00:00,0.18005,0.18106,0.1776,0.17965,7042146.1
2024-02-14 16:00:00+00:00,0.17965,0.18035,0.17754,0.17993,3964021.0
2024-02-14 20:00:00+00:00,0.17993,0.1813,0.17974,0.18026,2240573.0
2024-02-15 00:00:00+00:00,0.18026,0.18757,0.17976,0.18458,9878511.0
2024-02-15 04:00:00+00:00,0.18458,0.18458,0.17933,0.18201,5214161.6
2024-02-15 08:00:00+00:00,0.18201,0.18285,0.18051,0.18214,2860221.6
2024-02-15 12:00:00+00:00,0.18214,0.18492,0.1804,0.18186,5725536.5
2024-02-15 16:00:00+00:00,0.18186,0.18459,0.17969,0.18375,3931257.0
2024-02-15 20:00:00+00:00,0.18375,0.18448,0.17957,0.18439,3204795.7
2024-02-16 00:00:00+00:00,0.18439,0.18517,0.18123,0.18497,3065423.7
2024-02-16 04:00:00+00:00,0.18497,0.18806,0.18463,0.18631,5102568.5
2024-02-16 08:00:00+00:00,0.18631,0.1952,0.18631,0.19431,16596666.7
2024-02-16 12:00:00+00:00,0.19431,0.19988,0.18744,0.19213,24566752.3
2024-02-16 16:00:00+00:00,0.19213,0.19544,0.19,0.19061,11035805.1
2024-02-16 20:00:00+00:00,0.19061,0.19563,0.1899,0.19432,6881628.9
2024-02-17 00:00:00+00:00,0.19432,0.19437,0.18906,0.19085,5836530.1
2024-02-17 04:00:00+00:00,0.19085,0.19132,0.18916,0.19008,3082603.2
2024-02-17 08:00:00+00:00,0.19008,0.19008,0.1856,0.18779,5356189.9
2024-02-17 12:00:00+00:00,0.18779,0.18934,0.18345,0.18862,7670097.0
2024-02-17 16:00:00+00:00,0.18862,0.20203,0.18745,0.20173,8999194.6
2024-02-17 20:00:00+00:00,0.20173,0.2171,0.19845,0.2161,23812163.5
2024-02-18 00:00:00+00:00,0.2161,0.22885,0.21231,0.22543,43999735.2
2024-02-18 04:00:00+00:00,0.22543,0.22663,0.21038,0.21329,24904172.0
2024-02-18 08:00:00+00:00,0.21329,0.219,0.21092,0.21678,16197696.2
2024-02-18 12:00:00+00:00,0.21678,0.22366,0.21462,0.22057,15558486.9
2024-02-18 16:00:00+00:00,0.22057,0.252,0.21869,0.24299,50558285.4
2024-02-18 20:00:00+00:00,0.24299,0.25118,0.23725,0.23888,51472694.4
2024-02-19 00:00:00+00:00,0.23888,0.275,0.23888,0.26653,67744836.2
2024-02-19 04:00:00+00:00,0.26653,0.27525,0.26082,0.26409,47537854.9
2024-02-19 08:00:00+00:00,0.26409,0.26959,0.2581,0.26117,43186575.4
2024-02-19 12:00:00+00:00,0.26117,0.26652,0.25419,0.25576,53711517.2
2024-02-19 16:00:00+00:00,0.25576,0.25656,0.24625,0.24872,45555822.0
2024-02-19 20:00:00+00:00,0.24872,0.24925,0.243,0.2453,19013804.8
2024-02-20 00:00:00+00:00,0.2453,0.25226,0.24232,0.24491,51153354.6
2024-02-20 04:00:00+00:00,0.24491,0.2538,0.24408,0.25005,19994022.6
2024-02-20 08:00:00+00:00,0.25005,0.25514,0.24583,0.25124,23469872.5
2024-02-20 12:00:00+00:00,0.25124,0.25132,0.22899,0.23737,44163758.0
2024-02-20 16:00:00+00:00,0.23737,0.24053,0.2339,0.23948,18375092.4
2024-02-20 20:00:00+00:00,0.23948,0.25089,0.23716,0.25001,22063624.1
2024-02-21 00:00:00+00:00,0.25001,0.25001,0.24166,0.24489,12027606.8
2024-02-21 04:00:00+00:00,0.24489,0.24744,0.23477,0.23738,11821131.0
2024-02-21 08:00:00+00:00,0.23738,0.24098,0.23193,0.23304,16867721.9
2024-02-21 12:00:00+00:00,0.23304,0.24258,0.22955,0.2398,25710009.5
2024-02-21 16:00:00+00:00,0.2398,0.24831,0.23182,0.23682,22836526.9
2024-02-21 20:00:00+00:00,0.23682,0.284,0.23333,0.28177,52022863.1
2024-02-22 00:00:00+00:00,0.28177,0.28855,0.26539,0.27211,59246289.0
2024-02-22 04:00:00+00:00,0.27211,0.28629,0.26779,0.28401,47419045.3
2024-02-22 08:00:00+00:00,0.28401,0.29275,0.27429,0.28418,43853053.4
2024-02-22 12:00:00+00:00,0.28418,0.29455,0.27672,0.29033,55302998.7
2024-02-22 16:00:00+00:00,0.29033,0.2952,0.27872,0.2801,28783050.7
2024-02-22 20:00:00+00:00,0.2801,0.28429,0.26964,0.27027,20636773.7
2024-02-23 00:00:00+00:00,0.27027,0.27897,0.27027,0.2747,21149803.3
2024-02-23 04:00:00+00:00,0.2747,0.27594,0.26807,0.26983,17801787.7
2024-02-23 08:00:00+00:00,0.26983,0.27639,0.26777,0.2728,16892659.7
2024-02-23 12:00:00+00:00,0.2728,0.29878,0.27055,0.27248,71451131.3
2024-02-23 16:00:00+00:00,0.27248,0.27747,0.26578,0.27422,24979568.2
2024-02-23 20:00:00+00:00,0.27422,0.27473,0.2629,0.26552,20751983.8
2024-02-24 00:00:00+00:00,0.26552,0.26637,0.25378,0.25881,17949935.6
2024-02-24 04:00:00+00:00,0.25881,0.26251,0.2578,0.25861,13279057.8
2024-02-24 08:00:00+00:00,0.25861,0.28066,0.25445,0.27162,47140291.6
2024-02-24 12:00:00+00:00,0.27162,0.27474,0.26573,0.26658,29704038.5
2024-02-24 16:00:00+00:00,0.26658,0.27443,0.26619,0.27257,10693830.5
2024-02-24 20:00:00+00:00,0.27257,0.27449,0.26898,0.27087,8586409.8
2024-02-25 00:00:00+00:00,0.27087,0.28986,0.26952,0.28802,31372110.0
2024-02-25 04:00:00+00:00,0.28802,0.29988,0.2836,0.29859,34704772.5
2024-02-25 08:00:00+00:00,0.29859,0.3029,0.28674,0.29478,52209354.6
2024-02-25 12:00:00+00:00,0.29478,0.29563,0.28268,0.28892,36089161.5
2024-02-25 16:00:00+00:00,0.28892,0.29797,0.28638,0.29696,22876434.9
2024-02-25 20:00:00+00:00,0.29696,0.3004,0.28654,0.28949,23852715.0
2024-02-26 00:00:00+00:00,0.28949,0.31176,0.28696,0.30013,50115428.1
2024-02-26 04:00:00+00:00,0.30013,0.30028,0.28891,0.29068,24072476.3
2024-02-26 08:00:00+00:00,0.29068,0.29779,0.28424,0.29213,34302875.4
2024-02-26 12:00:00+00:00,0.29213,0.29521,0.28656,0.29297,19398983.2
2024-02-26 16:00:00+00:00,0.29297,0.29534,0.28617,0.29312,19811502.4
2024-02-26 20:00:00+00:00,0.29312,0.29474,0.28904,0.29452,7111097.5
2024-02-27 00:00:00+00:00,0.29452,0.29452,0.28073,0.28155,28749744.6
2024-02-27 04:00:00+00:00,0.28155,0.28814,0.28123,0.28605,14454479.8
2024-02-27 08:00:00+00:00,0.28605,0.28762,0.28268,0.28572,12753139.6
2024-02-27 12:00:00+00:00,0.28572,0.28765,0.27873,0.28528,22432755.4
2024-02-27 16:00:00+00:00,0.28528,0.28715,0.27934,0.28096,11336949.5
2024-02-27 20:00:00+00:00,0.28096,0.28326,0.27755,0.27992,9076437.1
2024-02-28 00:00:00+00:00,0.27992,0.28499,0.27349,0.28188,19037695.2
2024-02-28 04:00:00+00:00,0.28188,0.28789,0.28082,0.28338,14532826.8
2024-02-28 08:00:00+00:00,0.28338,0.28773,0.27408,0.28103,33303671.7
2024-02-28 12:00:00+00:00,0.28103,0.30847,0.2793,0.29332,49355656.6
2024-02-28 16:00:00+00:00,0.29332,0.29722,0.24909,0.28682,77942279.4
2024-02-28 20:00:00+00:00,0.28682,0.29728,0.28279,0.28733,21188857.7
2024-02-29 00:00:00+00:00,0.28733,0.29086,0.28123,0.28211,11482012.9
2024-02-29 04:00:00+00:00,0.28211,0.28988,0.2809,0.28932,14053523.4
2024-02-29 08:00:00+00:00,0.28932,0.29281,0.28503,0.28847,14171986.4
2024-02-29 12:00:00+00:00,0.28847,0.29053,0.28346,0.28841,14244665.2
2024-02-29 16:00:00+00:00,0.28841,0.29008,0.28021,0.28692,21370901.4
2024-02-29 20:00:00+00:00,0.28692,0.28805,0.27035,0.28182,18460437.1
2024-03-01 00:00:00+00:00,0.28182,0.29723,0.2817,0.2922,22989646.9
2024-03-01 04:00:00+00:00,0.2922,0.30185,0.29008,0.29117,27826382.9
2024-03-01 08:00:00+00:00,0.29117,0.3083,0.29087,0.306,18999198.8
2024-03-01 12:00:00+00:00,0.306,0.33224,0.30435,0.31817,70839943.1
2024-03-01 16:00:00+00:00,0.31817,0.32448,0.31107,0.32239,24656300.5
2024-03-01 20:00:00+00:00,0.32239,0.3269,0.31868,0.32235,14151204.3
2024-03-02 00:00:00+00:00,0.32235,0.32656,0.3096,0.31411,23878186.3
2024-03-02 04:00:00+00:00,0.31411,0.31732,0.31267,0.31463,9131100.2
2024-03-02 08:00:00+00:00,0.31463,0.3163,0.30744,0.31542,13971181.4
2024-03-02 12:00:00+00:00,0.31542,0.31937,0.31099,0.31179,12537879.6
2024-03-02 16:00:00+00:00,0.31179,0.32559,0.30911,0.32029,15342370.2
2024-03-02 20:00:00+00:00,0.32029,0.32269,0.31623,0.31878,8134772.8
2024-03-03 00:00:00+00:00,0.31878,0.33351,0.31646,0.3203,18798266.9
2024-03-03 04:00:00+00:00,0.3203,0.3329,0.28852,0.31773,35373537.7
2024-03-03 08:00:00+00:00,0.31773,0.33393,0.3175,0.3276,23896298.7
2024-03-03 12:00:00+00:00,0.3276,0.33085,0.32104,0.3231,14679083.8
2024-03-03 16:00:00+00:00,0.3231,0.32744,0.31944,0.3216,9151471.7
2024-03-03 20:00:00+00:00,0.3216,0.32605,0.31882,0.32059,7772933.7
2024-03-04 00:00:00+00:00,0.32059,0.32254,0.31286,0.31501,18312630.2
2024-03-04 04:00:00+00:00,0.31501,0.32148,0.31342,0.31948,7837934.5
2024-03-04 08:00:00+00:00,0.31948,0.3235,0.31221,0.31404,12493613.3
2024-03-04 12:00:00+00:00,0.31404,0.31588,0.30705,0.31151,11407660.7
2024-03-04 16:00:00+00:00,0.31151,0.31909,0.29994,0.31772,21574780.4
2024-03-04 20:00:00+00:00,0.31772,0.32045,0.30768,0.30819,9413338.4
2024-03-05 00:00:00+00:00,0.30819,0.3098,0.29934,0.30104,13505583.8
2024-03-05 04:00:00+00:00,0.30104,0.31287,0.2984,0.3035,26448235.8
2024-03-05 08:00:00+00:00,0.3035,0.31208,0.30058,0.30588,9032506.5
2024-03-05 12:00:00+00:00,0.30588,0.31209,0.29508,0.29847,29849511.7
2024-03-05 16:00:00+00:00,0.29847,0.30083,0.23,0.2582,82820056.9
2024-03-05 20:00:00+00:00,0.2582,0.27987,0.25309,0.27784,48624679.7
2024-03-06 00:00:00+00:00,0.27784,0.28532,0.26814,0.27527,18600516.9
2024-03-06 04:00:00+00:00,0.27527,0.2993,0.27365,0.29855,24256588.5
2024-03-06 08:00:00+00:00,0.29855,0.30207,0.2906,0.29136,15748421.2
2024-03-06 12:00:00+00:00,0.29136,0.29615,0.28068,0.29241,32345336.6
2024-03-06 16:00:00+00:00,0.29241,0.32032,0.29131,0.31159,45432983.1
2024-03-06 20:00:00+00:00,0.31159,0.32992,0.31118,0.32526,21069333.5
2024-03-07 00:00:00+00:00,0.32526,0.33293,0.31574,0.31727,26702075.4
2024-03-07 04:00:00+00:00,0.31727,0.33289,0.31465,0.32845,22253648.4
2024-03-07 08:00:00+00:00,0.32845,0.33926,0.31985,0.32861,25128566.5
2024-03-07 12:00:00+00:00,0.32861,0.35111,0.3266,0.34143,49470520.4
2024-03-07 16:00:00+00:00,0.34143,0.36041,0.33939,0.35215,33099230.3
2024-03-07 20:00:00+00:00,0.35215,0.35466,0.34358,0.34623,18430492.0
2024-03-08 00:00:00+00:00,0.34623,0.35209,0.33324,0.33455,16563711.6
2024-03-08 04:00:00+00:00,0.33455,0.34008,0.33414,0.33844,8603767.0
2024-03-08 08:00:00+00:00,0.33844,0.34163,0.33444,0.33749,8480959.8
2024-03-08 12:00:00+00:00,0.33749,0.34696,0.32075,0.33798,36076148.4
2024-03-08 16:00:00+00:00,0.33798,0.35056,0.32959,0.34078,34107941.2
2024-03-08 20:00:00+00:00,0.34078,0.34355,0.33653,0.34019,9088648.5
2024-03-09 00:00:00+00:00,0.34019,0.37265,0.33744,0.37002,25602816.1
2024-03-09 04:00:00+00:00,0.37002,0.40786,0.36925,0.39812,46810417.4
2024-03-09 08:00:00+00:00,0.39812,0.4234,0.3948,0.39698,47663619.6
2024-03-09 12:00:00+00:00,0.39698,0.40649,0.38846,0.40166,30003378.3
2024-03-09 16:00:00+00:00,0.40166,0.40309,0.39093,0.40037,20545061.6
2024-03-09 20:00:00+00:00,0.40037,0.45372,0.39659,0.45244,30174955.6
2024-03-10 00:00:00+00:00,0.45244,0.49497,0.43849,0.481,102955464.9
2024-03-10 04:00:00+00:00,0.481,0.48131,0.4512,0.45502,39933443.2
2024-03-10 08:00:00+00:00,0.45502,0.46975,0.43943,0.46607,37964967.8
2024-03-10 12:00:00+00:00,0.46607,0.47541,0.43225,0.43246,41865134.8
2024-03-10 16:00:00+00:00,0.43246,0.44682,0.43041,0.43452,15332344.9
2024-03-10 20:00:00+00:00,0.43452,0.43973,0.42669,0.43716,16161589.9
2024-03-11 00:00:00+00:00,0.43716,0.45967,0.40828,0.4488,50728855.7
2024-03-11 04:00:00+00:00,0.4488,0.45604,0.43595,0.44358,20289582.8
2024-03-11 08:00:00+00:00,0.44358,0.45514,0.43811,0.4415,17391132.0
2024-03-11 12:00:00+00:00,0.4415,0.45742,0.4335,0.43768,18936712.6
2024-03-11 16:00:00+00:00,0.43768,0.43905,0.42679,0.42755,13258722.3
2024-03-11 20:00:00+00:00,0.42755,0.43646,0.42477,0.4354,7779324.8
2024-03-12 00:00:00+00:00,0.4354,0.4457,0.4297,0.43023,13680229.3
2024-03-12 04:00:00+00:00,0.43023,0.44219,0.42228,0.4247,10802138.8
2024-03-12 08:00:00+00:00,0.4247,0.45501,0.41511,0.4388,20387719.9
2024-03-12 12:00:00+00:00,0.4388,0.45369,0.43522,0.44077,27343267.4
2024-03-12 16:00:00+00:00,0.44077,0.44292,0.40854,0.44205,31125709.2
2024-03-12 20:00:00+00:00,0.44205,0.44794,0.43321,0.44616,7047339.2
2024-03-13 00:00:00+00:00,0.44616,0.47252,0.44165,0.46224,23618148.8
2024-03-13 04:00:00+00:00,0.46224,0.46224,0.44909,0.45027,7284501.6
2024-03-13 08:00:00+00:00,0.45027,0.45168,0.44672,0.45033,4605523.6
2024-03-13 12:00:00+00:00,0.45033,0.4524,0.43242,0.43518,14321046.7
2024-03-13 16:00:00+00:00,0.43518,0.44452,0.43254,0.43801,9732127.8
2024-03-13 20:00:00+00:00,0.43801,0.44315,0.43489,0.44135,3410867.2
2024-03-14 00:00:00+00:00,0.44135,0.44766,0.43088,0.43831,8592892.5
2024-03-14 04:00:00+00:00,0.43831,0.43831,0.42733,0.43014,6729535.1
2024-03-14 08:00:00+00:00,0.43014,0.43926,0.42475,0.43005,6089990.7
2024-03-14 12:00:00+00:00,0.43005,0.43272,0.41255,0.41689,16056961.2
2024-03-14 16:00:00+00:00,0.41689,0.43389,0.40587,0.41728,18251930.2
2024-03-14 20:00:00+00:00,0.41728,0.4448,0.41693,0.43809,10915675.7
2024-03-15 00:00:00+00:00,0.43809,0.44049,0.38969,0.40852,24793124.7
2024-03-15 04:00:00+00:00,0.40852,0.41051,0.39563,0.40733,11496240.9
2024-03-15 08:00:00+00:00,0.40733,0.40776,0.37013,0.39548,32052430.3
2024-03-15 12:00:00+00:00,0.39548,0.40695,0.39062,0.39968,15125067.5
2024-03-15 16:00:00+00:00,0.39968,0.41638,0.39426,0.40225,12535777.8
2024-03-15 20:00:00+00:00,0.40225,0.41468,0.39032,0.41238,8687020.9
2024-03-16 00:00:00+00:00,0.41238,0.41572,0.40295,0.41332,7748956.4
2024-03-16 04:00:00+00:00,0.41332,0.42313,0.40573,0.41942,10154376.7
2024-03-16 08:00:00+00:00,0.41942,0.42082,0.40491,0.40901,6999515.8
2024-03-16 12:00:00+00:00,0.40901,0.40991,0.38839,0.39842,13994111.0
2024-03-16 16:00:00+00:00,0.39842,0.39844,0.36358,0.37128,16603946.6
2024-03-16 20:00:00+00:00,0.37128,0.37721,0.36,0.36811,9052745.1
2024-03-17 00:00:00+00:00,0.36811,0.40728,0.35942,0.4057,23386262.1
2024-03-17 04:00:00+00:00,0.4057,0.40654,0.37833,0.39289,21968163.8
2024-03-17 08:00:00+00:00,0.39289,0.40744,0.38845,0.40044,12309247.1
2024-03-17 12:00:00+00:00,0.40044,0.42962,0.39412,0.42177,20187779.0
2024-03-17 16:00:00+00:00,0.42177,0.42601,0.41368,0.42506,10185012.2
2024-03-17 20:00:00+00:00,0.42506,0.43599,0.42101,0.42314,11572337.0
2024-03-18 00:00:00+00:00,0.42314,0.44117,0.41722,0.42422,28206293.1
2024-03-18 04:00:00+00:00,0.42422,0.42777,0.41418,0.41563,9206082.8
2024-03-18 08:00:00+00:00,0.41563,0.42864,0.40492,0.42528,15668650.2
2024-03-18 12:00:00+00:00,0.42528,0.42924,0.40172,0.41136,22345114.2
2024-03-18 16:00:00+00:00,0.41136,0.41832,0.39163,0.39235,16425745.2
2024-03-18 20:00:00+00:00,0.39235,0.40241,0.38942,0.391,9910178.8
2024-03-19 00:00:00+00:00,0.391,0.40486,0.37062,0.39089,35366600.5
2024-03-19 04:00:00+00:00,0.39089,0.39135,0.36002,0.38087,22390837.3
2024-03-19 08:00:00+00:00,0.38087,0.38799,0.35741,0.38799,23590602.7
2024-03-19 12:00:00+00:00,0.38799,0.40625,0.38361,0.40331,27990261.7
2024-03-19 16:00:00+00:00,0.40331,0.40505,0.39233,0.39456,12979683.3
2024-03-19 20:00:00+00:00,0.39456,0.3956,0.36411,0.37347,13078209.1
2024-03-20 00:00:00+00:00,0.37347,0.37883,0.36415,0.36576,11499351.4
2024-03-20 04:00:00+00:00,0.36576,0.37996,0.35456,0.37891,17056802.3
2024-03-20 08:00:00+00:00,0.37891,0.38605,0.37154,0.38413,8344460.4
2024-03-20 12:00:00+00:00,0.38413,0.39068,0.37148,0.3736,10113921.5
2024-03-20 16:00:00+00:00,0.3736,0.40077,0.35871,0.39765,20981836.6
2024-03-20 20:00:00+00:00,0.39765,0.40836,0.39569,0.40466,11615821.1
2024-03-21 00:00:00+00:00,0.40466,0.40477,0.39188,0.39398,6834149.5
2024-03-21 04:00:00+00:00,0.39398,0.39603,0.38299,0.38924,7460117.0
2024-03-21 08:00:00+00:00,0.38924,0.39459,0.38767,0.38984,6299416.3
2024-03-21 12:00:00+00:00,0.38984,0.39332,0.38249,0.38671,10174613.9
2024-03-21 16:00:00+00:00,0.38671,0.39191,0.37286,0.37975,16260144.7
2024-03-21 20:00:00+00:00,0.37975,0.38553,0.37515,0.38108,4463018.4
2024-03-22 00:00:00+00:00,0.38108,0.38338,0.37286,0.38056,4579364.0
2024-03-22 04:00:00+00:00,0.38056,0.38852,0.37885,0.38637,2853052.9
2024-03-22 08:00:00+00:00,0.38637,0.38822,0.37124,0.37245,4801867.4
2024-03-22 12:00:00+00:00,0.37245,0.37563,0.35931,0.3685,10629226.2
2024-03-22 16:00:00+00:00,0.3685,0.36894,0.36171,0.36662,5374057.8
2024-03-22 20:00:00+00:00,0.36662,0.36741,0.35684,0.36667,7117235.0
2024-03-23 00:00:00+00:00,0.36667,0.37035,0.35828,0.36249,4588450.9
2024-03-23 04:00:00+00:00,0.36249,0.37086,0.36148,0.36812,4665695.3
2024-03-23 08:00:00+00:00,0.36812,0.38008,0.36482,0.37388,7471092.9
2024-03-23 12:00:00+00:00,0.37388,0.37728,0.36969,0.37456,6184009.0
2024-03-23 16:00:00+00:00,0.37456,0.37762,0.37037,0.37109,4079159.3
2024-03-23 20:00:00+00:00,0.37109,0.37207,0.36407,0.36497,2883288.3
2024-03-24 00:00:00+00:00,0.36497,0.37937,0.36418,0.36496,9399564.4
2024-03-24 04:00:00+00:00,0.36496,0.36792,0.36198,0.36739,4389319.3
2024-03-24 08:00:00+00:00,0.36739,0.37555,0.36681,0.372,3116520.6
2024-03-24 12:00:00+00:00,0.372,0.37713,0.37127,0.37498,3766482.2
2024-03-24 16:00:00+00:00,0.37498,0.37996,0.36761,0.37937,9866271.0
2024-03-24 20:00:00+00:00,0.37937,0.39282,0.37707,0.38877,9406027.9
2024-03-25 00:00:00+00:00,0.38877,0.39358,0.38269,0.38548,5949656.7
2024-03-25 04:00:00+00:00,0.38548,0.38974,0.38131,0.38197,3202491.4
2024-03-25 08:00:00+00:00,0.38197,0.39475,0.38173,0.38718,6639775.5
2024-03-25 12:00:00+00:00,0.38718,0.39967,0.38357,0.3981,12601489.2
2024-03-25 16:00:00+00:00,0.3981,0.40929,0.3966,0.40806,11131516.5
2024-03-25 20:00:00+00:00,0.40806,0.41808,0.40029,0.40332,10601154.6
2024-03-26 00:00:00+00:00,0.40332,0.41701,0.40064,0.4156,4724201.3
2024-03-26 04:00:00+00:00,0.4156,0.41802,0.41101,0.41224,5715730.9
2024-03-26 08:00:00+00:00,0.41224,0.41597,0.40973,0.41141,4523667.4
2024-03-26 12:00:00+00:00,0.41141,0.41363,0.39573,0.40212,15902829.2
2024-03-26 16:00:00+00:00,0.40212,0.40489,0.39136,0.3923,10387677.7
2024-03-26 20:00:00+00:00,0.3923,0.39942,0.3923,0.39878,4478789.7
2024-03-27 00:00:00+00:00,0.39878,0.40542,0.39801,0.40108,6734147.2
2024-03-27 04:00:00+00:00,0.40108,0.40201,0.38928,0.39079,5300287.7
2024-03-27 08:00:00+00:00,0.39079,0.42829,0.38703,0.40753,28131282.2
2024-03-27 12:00:00+00:00,0.40753,0.42,0.39276,0.39629,27682120.6
2024-03-27 16:00:00+00:00,0.39629,0.40261,0.39103,0.3951,9340987.2
2024-03-27 20:00:00+00:00,0.3951,0.40885,0.39426,0.40104,11387656.5
2024-03-28 00:00:00+00:00,0.40104,0.42082,0.39715,0.40589,22628660.1
2024-03-28 04:00:00+00:00,0.40589,0.42038,0.40432,0.41998,9095578.3
2024-03-28 08:00:00+00:00,0.41998,0.42686,0.4143,0.41761,15637800.3
2024-03-28 12:00:00+00:00,0.41761,0.42454,0.40809,0.42332,11916526.3
2024-03-28 16:00:00+00:00,0.42332,0.42404,0.41105,0.41501,6618275.8
2024-03-28 20:00:00+00:00,0.41501,0.41574,0.40994,0.41292,3865196.2
2024-03-29 00:00:00+00:00,0.41292,0.41975,0.40405,0.40751,11544438.2
2024-03-29 04:00:00+00:00,0.40751,0.40984,0.39772,0.39944,6604900.1
2024-03-29 08:00:00+00:00,0.39944,0.40431,0.39501,0.40248,8087423.5
2024-03-29 12:00:00+00:00,0.40248,0.4046,0.3916,0.39487,8426693.4
2024-03-29 16:00:00+00:00,0.39487,0.40015,0.39457,0.39622,5541332.9
2024-03-29 20:00:00+00:00,0.39622,0.39632,0.39001,0.39387,5401565.5
2024-03-30 00:00:00+00:00,0.39387,0.39433,0.38945,0.39015,3241290.4
2024-03-30 04:00:00+00:00,0.39015,0.39477,0.38916,0.38977,3802003.8
2024-03-30 08:00:00+00:00,0.38977,0.39781,0.38911,0.39742,4468028.2
2024-03-30 12:00:00+00:00,0.39742,0.39786,0.39172,0.3928,3006468.3
2024-03-30 16:00:00+00:00,0.3928,0.39532,0.38803,0.39188,4283476.6
2024-03-30 20:00:00+00:00,0.39188,0.39397,0.38571,0.38913,2815809.1
2024-03-31 00:00:00+00:00,0.38913,0.39293,0.38734,0.38928,2151744.2
2024-03-31 04:00:00+00:00,0.38928,0.39569,0.38882,0.39347,2269395.1
2024-03-31 08:00:00+00:00,0.39347,0.39474,0.38925,0.39204,2264847.3
2024-03-31 12:00:00+00:00,0.39204,0.39287,0.38861,0.38977,2095326.8
2024-03-31 16:00:00+00:00,0.38977,0.39237,0.38812,0.39009,2473199.0
2024-03-31 20:00:00+00:00,0.39009,0.39374,0.38661,0.39311,2460744.8
2024-04-01 00:00:00+00:00,0.39311,0.39472,0.38418,0.38495,4591175.3
2024-04-01 04:00:00+00:00,0.38495,0.38641,0.36602,0.37528,17700080.7
2024-04-01 08:00:00+00:00,0.37528,0.37572,0.36937,0.36984,4518028.5
2024-04-01 12:00:00+00:00,0.36984,0.37609,0.36001,0.36479,12082123.6
2024-04-01 16:00:00+00:00,0.36479,0.37401,0.36184,0.3735,5853108.5
2024-04-01 20:00:00+00:00,0.3735,0.37679,0.37201,0.37475,2747088.4
2024-04-02 00:00:00+00:00,0.37475,0.37663,0.34773,0.35325,18624520.7
2024-04-02 04:00:00+00:00,0.35325,0.35523,0.34645,0.34956,6636382.2
2024-04-02 08:00:00+00:00,0.34956,0.35091,0.33251,0.33795,11546693.9
2024-04-02 12:00:00+00:00,0.33795,0.34596,0.33116,0.33589,8190695.9
2024-04-02 16:00:00+00:00,0.33589,0.34001,0.32916,0.33899,8372555.6
2024-04-02 20:00:00+00:00,0.33899,0.34017,0.33206,0.33377,2725426.5
2024-04-03 00:00:00+00:00,0.33377,0.33753,0.31955,0.33536,11096001.1
2024-04-03 04:00:00+00:00,0.33536,0.34434,0.33446,0.34119,7002813.6
2024-04-03 08:00:00+00:00,0.34119,0.34956,0.339,0.34104,8378408.5
2024-04-03 12:00:00+00:00,0.34104,0.34525,0.33421,0.33765,6400181.4
2024-04-03 16:00:00+00:00,0.33765,0.34317,0.32989,0.33183,6370928.5
2024-04-03 20:00:00+00:00,0.33183,0.33337,0.32554,0.3293,4707124.5
2024-04-04 00:00:00+00:00,0.3293,0.34088,0.32701,0.32727,9291518.5
2024-04-04 04:00:00+00:00,0.32727,0.33686,0.32314,0.33507,5508364.2
2024-04-04 08:00:00+00:00,0.33507,0.34523,0.33402,0.34081,7244436.5
2024-04-04 12:00:00+00:00,0.34081,0.34885,0.3397,0.34245,8925211.8
2024-04-04 16:00:00+00:00,0.34245,0.3494,0.34121,0.34225,7660594.6
2024-04-04 20:00:00+00:00,0.34225,0.34289,0.33374,0.33837,6382475.1
2024-04-05 00:00:00+00:00,0.33837,0.34029,0.32752,0.33266,3887506.1
2024-04-05 04:00:00+00:00,0.33266,0.33302,0.32193,0.32511,6119503.6
2024-04-05 08:00:00+00:00,0.32511,0.33005,0.31793,0.31856,8874420.7
2024-04-05 12:00:00+00:00,0.31856,0.33325,0.31625,0.3332,10138926.1
2024-04-05 16:00:00+00:00,0.3332,0.33485,0.32935,0.33231,3120745.8
2024-04-05 20:00:00+00:00,0.33231,0.33607,0.33124,0.33135,1594793.0
2024-04-06 00:00:00+00:00,0.33135,0.338,0.32943,0.33643,2817562.3
2024-04-06 04:00:00+00:00,0.33643,0.33841,0.33372,0.33703,1565422.0
2024-04-06 08:00:00+00:00,0.33703,0.33997,0.33376,0.33423,2216913.0
2024-04-06 12:00:00+00:00,0.33423,0.33628,0.3318,0.33459,2450576.2
2024-04-06 16:00:00+00:00,0.33459,0.33776,0.33386,0.33524,1843588.4
2024-04-06 20:00:00+00:00,0.33524,0.3428,0.33251,0.33769,17720748.7
2024-04-07 00:00:00+00:00,0.33769,0.3419,0.3342,0.3405,4720845.0
2024-04-07 04:00:00+00:00,0.3405,0.3413,0.33697,0.33821,1899505.4
2024-04-07 08:00:00+00:00,0.33821,0.3418,0.33817,0.34086,3566346.0
2024-04-07 12:00:00+00:00,0.34086,0.3419,0.33745,0.33818,5234760.5
2024-04-07 16:00:00+00:00,0.33818,0.34198,0.33317,0.33414,5332494.0
2024-04-07 20:00:00+00:00,0.33414,0.33841,0.33193,0.3373,2556927.0
2024-04-08 00:00:00+00:00,0.3373,0.33976,0.32944,0.33177,3771074.1
2024-04-08 04:00:00+00:00,0.33177,0.34312,0.32994,0.34169,3783276.4
2024-04-08 08:00:00+00:00,0.34169,0.35437,0.34125,0.35288,9555160.1
2024-04-08 12:00:00+00:00,0.35288,0.35446,0.34466,0.34601,5010473.6
2024-04-08 16:00:00+00:00,0.34601,0.35177,0.34516,0.35108,3862045.3
2024-04-08 20:00:00+00:00,0.35108,0.35489,0.35056,0.35268,3439882.5
2024-04-09 00:00:00+00:00,0.35268,0.35464,0.34664,0.34883,3752764.6
2024-04-09 04:00:00+00:00,0.34883,0.35452,0.34156,0.34374,6336474.8
2024-04-09 08:00:00+00:00,0.34374,0.34673,0.33754,0.34612,5670303.3
2024-04-09 12:00:00+00:00,0.34612,0.34931,0.33336,0.33982,8721216.3
2024-04-09 16:00:00+00:00,0.33982,0.34025,0.33214,0.33918,4284749.4
2024-04-09 20:00:00+00:00,0.33918,0.34133,0.33211,0.33314,4083562.3
2024-04-10 00:00:00+00:00,0.33314,0.33565,0.32257,0.32721,5884473.3
2024-04-10 04:00:00+00:00,0.32721,0.33257,0.32623,0.32907,2907489.1
2024-04-10 08:00:00+00:00,0.32907,0.32958,0.32284,0.32647,3462578.9
2024-04-10 12:00:00+00:00,0.32647,0.32724,0.31288,0.32262,13994676.5
2024-04-10 16:00:00+00:00,0.32262,0.32912,0.32063,0.32772,6962532.2
2024-04-10 20:00:00+00:00,0.32772,0.33247,0.32441,0.32899,3590652.4
2024-04-11 00:00:00+00:00,0.32899,0.32908,0.31978,0.32104,3888695.6
2024-04-11 04:00:00+00:00,0.32104,0.32827,0.3188,0.32628,5179279.4
2024-04-11 08:00:00+00:00,0.32628,0.32977,0.3153,0.31624,5760075.2
2024-04-11 12:00:00+00:00,0.31624,0.32039,0.30918,0.31133,10116604.7
2024-04-11 16:00:00+00:00,0.31133,0.31237,0.30601,0.30883,6901940.8
2024-04-11 20:00:00+00:00,0.30883,0.31197,0.3082,0.31092,4464450.6
2024-04-12 00:00:00+00:00,0.31092,0.31488,0.30923,0.31392,2074538.0
2024-04-12 04:00:00+00:00,0.31392,0.3164,0.31028,0.31242,3471358.7
2024-04-12 08:00:00+00:00,0.31242,0.3134,0.3084,0.31141,2057887.1
2024-04-12 12:00:00+00:00,0.31141,0.31143,0.29371,0.29514,12735600.6
2024-04-12 16:00:00+00:00,0.29514,0.29567,0.23,0.25814,80212599.2
2024-04-12 20:00:00+00:00,0.25814,0.27,0.25707,0.26809,16250586.5
2024-04-13 00:00:00+00:00,0.26809,0.26816,0.25226,0.2607,22082431.0
2024-04-13 04:00:00+00:00,0.2607,0.26481,0.25815,0.26144,7491600.8
2024-04-13 08:00:00+00:00,0.26144,0.27455,0.25859,0.26887,10854107.0
2024-04-13 12:00:00+00:00,0.26887,0.27259,0.26377,0.26594,10479541.3
2024-04-13 16:00:00+00:00,0.26594,0.26705,0.21699,0.23121,50388238.8
2024-04-13 20:00:00+00:00,0.23121,0.23861,0.194,0.23446,82340195.3
2024-04-14 00:00:00+00:00,0.23446,0.23568,0.22197,0.22897,22593190.9
2024-04-14 04:00:00+00:00,0.22897,0.25136,0.22736,0.25003,13741163.5
2024-04-14 08:00:00+00:00,0.25003,0.25246,0.23787,0.23961,9057247.0
2024-04-14 12:00:00+00:00,0.23961,0.24675,0.2352,0.24048,15345112.8
2024-04-14 16:00:00+00:00,0.24048,0.24833,0.23227,0.24342,23535051.1
2024-04-14 20:00:00+00:00,0.24342,0.26281,0.23803,0.25901,14141252.7
2024-04-15 00:00:00+00:00,0.25901,0.26064,0.2525,0.25671,7683002.7
2024-04-15 04:00:00+00:00,0.25671,0.277,0.25292,0.27415,10686643.6
2024-04-15 08:00:00+00:00,0.27415,0.28477,0.27184,0.28014,17412302.9
2024-04-15 12:00:00+00:00,0.28014,0.28822,0.26237,0.2651,25196148.8
2024-04-15 16:00:00+00:00,0.2651,0.26818,0.24375,0.25693,23109704.3
2024-04-15 20:00:00+00:00,0.25693,0.26016,0.24957,0.25301,8691824.5
2024-04-16 00:00:00+00:00,0.25301,0.26053,0.24739,0.25056,13309400.9
2024-04-16 04:00:00+00:00,0.25056,0.26181,0.24345,0.26044,11145029.1
2024-04-16 08:00:00+00:00,0.26044,0.26197,0.24437,0.25572,14924297.0
2024-04-16 12:00:00+00:00,0.25572,0.25577,0.24047,0.2407,15824922.6
2024-04-16 16:00:00+00:00,0.2407,0.25529,0.23932,0.24957,13135665.4
2024-04-16 20:00:00+00:00,0.24957,0.26142,0.24912,0.25823,6528862.4
2024-04-17 00:00:00+00:00,0.25823,0.25978,0.25225,0.25442,5178392.6
2024-04-17 04:00:00+00:00,0.25442,0.26052,0.25082,0.254,5582075.8
2024-04-17 08:00:00+00:00,0.254,0.25639,0.24622,0.24651,5633532.4
2024-04-17 12:00:00+00:00,0.24651,0.24968,0.23784,0.23981,13884174.8
2024-04-17 16:00:00+00:00,0.23981,0.25367,0.23599,0.24639,10957149.8
2024-04-17 20:00:00+00:00,0.24639,0.24826,0.2399,0.2416,4684496.7
2024-04-18 00:00:00+00:00,0.2416,0.24668,0.23571,0.24489,7470561.0
2024-04-18 04:00:00+00:00,0.24489,0.2469,0.2356,0.23666,4350074.5
2024-04-18 08:00:00+00:00,0.23666,0.24967,0.23409,0.24568,6699679.0
2024-04-18 12:00:00+00:00,0.24568,0.25516,0.24005,0.25215,6898950.4
2024-04-18 16:00:00+00:00,0.25215,0.25555,0.24579,0.25462,5308663.7
2024-04-18 20:00:00+00:00,0.25462,0.25769,0.25315,0.25533,2661810.8
2024-04-19 00:00:00+00:00,0.25533,0.25566,0.23299,0.24425,10199342.0
2024-04-19 04:00:00+00:00,0.24425,0.26505,0.24332,0.25702,10592849.2
2024-04-19 08:00:00+00:00,0.25702,0.26335,0.25577,0.25796,7348696.0
2024-04-19 12:00:00+00:00,0.25796,0.26264,0.25462,0.26018,6229330.4
2024-04-19 16:00:00+00:00,0.26018,0.26562,0.25607,0.26367,4632786.7
2024-04-19 20:00:00+00:00,0.26367,0.26367,0.25324,0.25677,4157001.6
2024-04-20 00:00:00+00:00,0.25677,0.26293,0.25204,0.2601,3461254.3
2024-04-20 04:00:00+00:00,0.2601,0.26988,0.25951,0.26782,2767799.3
2024-04-20 08:00:00+00:00,0.26782,0.27159,0.26524,0.27133,4951760.6
2024-04-20 12:00:00+00:00,0.27133,0.28376,0.26977,0.28259,8370697.9
2024-04-20 16:00:00+00:00,0.28259,0.29299,0.28036,0.29264,12447675.5
2024-04-20 20:00:00+00:00,0.29264,0.29928,0.29058,0.29115,6150806.5
2024-04-21 00:00:00+00:00,0.29115,0.29421,0.28694,0.29028,6282110.5
2024-04-21 04:00:00+00:00,0.29028,0.29045,0.28503,0.28648,2063857.6
2024-04-21 08:00:00+00:00,0.28648,0.28817,0.28176,0.28521,4445495.4
2024-04-21 12:00:00+00:00,0.28521,0.28598,0.27911,0.28344,3670197.5
2024-04-21 16:00:00+00:00,0.28344,0.28391,0.27662,0.27909,3732994.3
2024-04-21 20:00:00+00:00,0.27909,0.28532,0.27817,0.2813,3164250.5
2024-04-22 00:00:00+00:00,0.2813,0.29146,0.27814,0.28913,4602171.0
2024-04-22 04:00:00+00:00,0.28913,0.29883,0.28693,0.29623,5379822.1
2024-04-22 08:00:00+00:00,0.29623,0.30611,0.29322,0.29963,7635684.5
2024-04-22 12:00:00+00:00,0.29963,0.30261,0.29352,0.30151,5781251.5
2024-04-22 16:00:00+00:00,0.30151,0.30549,0.29547,0.30294,6556705.4
2024-04-22 20:00:00+00:00,0.30294,0.30476,0.30001,0.30135,2452250.2
2024-04-23 00:00:00+00:00,0.30135,0.31135,0.30087,0.30257,7477224.4
2024-04-23 04:00:00+00:00,0.30257,0.30431,0.29284,0.2937,5720684.0
2024-04-23 08:00:00+00:00,0.2937,0.29913,0.29225,0.29648,2834940.2
2024-04-23 12:00:00+00:00,0.29648,0.30521,0.29584,0.29811,5399370.1
2024-04-23 16:00:00+00:00,0.29811,0.3012,0.29558,0.2993,2399320.1
2024-04-23 20:00:00+00:00,0.2993,0.29956,0.29153,0.29282,3161000.7
2024-04-24 00:00:00+00:00,0.29282,0.2975,0.29034,0.29158,2612925.4
2024-04-24 04:00:00+00:00,0.29158,0.29977,0.29099,0.29323,3308979.2
2024-04-24 08:00:00+00:00,0.29323,0.29729,0.29078,0.29499,2849328.2
2024-04-24 12:00:00+00:00,0.29499,0.29578,0.27524,0.27597,14883410.4
2024-04-24 16:00:00+00:00,0.27597,0.28033,0.27128,0.27537,8398993.6
2024-04-24 20:00:00+00:00,0.27537,0.27614,0.26631,0.26978,5461024.3
2024-04-25 00:00:00+00:00,0.26978,0.2729,0.26544,0.26667,4486863.7
2024-04-25 04:00:00+00:00,0.26667,0.26899,0.26132,0.26425,4999893.8
2024-04-25 08:00:00+00:00,0.26425,0.26735,0.26024,0.26524,6722695.3
2024-04-25 12:00:00+00:00,0.26524,0.27029,0.2597,0.26991,8565154.5
2024-04-25 16:00:00+00:00,0.26991,0.27138,0.26719,0.26817,4530272.3
2024-04-25 20:00:00+00:00,0.26817,0.273,0.26503,0.26592,3446120.6
2024-04-26 00:00:00+00:00,0.26592,0.27074,0.25892,0.2663,7037933.9
2024-04-26 04:00:00+00:00,0.2663,0.26719,0.26029,0.26133,3658688.9
2024-04-26 08:00:00+00:00,0.26133,0.26412,0.2583,0.25943,4081427.1
2024-04-26 12:00:00+00:00,0.25943,0.2664,0.25413,0.25799,9563152.3
2024-04-26 16:00:00+00:00,0.25799,0.26115,0.25727,0.25991,3821352.9
2024-04-26 20:00:00+00:00,0.25991,0.26232,0.25581,0.25892,2524300.5
2024-04-27 00:00:00+00:00,0.25892,0.26239,0.24849,0.25929,9517050.6
2024-04-27 04:00:00+00:00,0.25929,0.26861,0.25918,0.26077,7606358.4
2024-04-27 08:00:00+00:00,0.26077,0.26805,0.25429,0.25687,10219936.1
2024-04-27 12:00:00+00:00,0.25687,0.26617,0.256,0.25691,6219598.1
2024-04-27 16:00:00+00:00,0.25691,0.27109,0.25601,0.26722,7700595.8
2024-04-27 20:00:00+00:00,0.26722,0.26855,0.26366,0.2642,2739137.5
2024-04-28 00:00:00+00:00,0.2642,0.27535,0.26371,0.27073,4211804.4
2024-04-28 04:00:00+00:00,0.27073,0.27137,0.26724,0.26781,2525018.0
2024-04-28 08:00:00+00:00,0.26781,0.2685,0.2621,0.26292,4533736.6
2024-04-28 12:00:00+00:00,0.26292,0.26659,0.26232,0.26369,2455867.3
2024-04-28 16:00:00+00:00,0.26369,0.26951,0.26185,0.26766,3372700.1
2024-04-28 20:00:00+00:00,0.26766,0.26795,0.25549,0.25679,4627547.3
2024-04-29 00:00:00+00:00,0.25679,0.26096,0.25209,0.25263,6855940.1
2024-04-29 04:00:00+00:00,0.25263,0.25559,0.24667,0.24981,5499302.8
2024-04-29 08:00:00+00:00,0.24981,0.2508,0.24723,0.24793,3001201.5
2024-04-29 12:00:00+00:00,0.24793,0.25452,0.2454,0.25278,6704269.5
2024-04-29 16:00:00+00:00,0.25278,0.2534,0.24876,0.25173,3878616.0
2024-04-29 20:00:00+00:00,0.25173,0.25885,0.24904,0.25647,5409950.4
2024-04-30 00:00:00+00:00,0.25647,0.26028,0.24974,0.25307,4807128.5
2024-04-30 04:00:00+00:00,0.25307,0.25363,0.24827,0.24865,3385241.6
2024-04-30 08:00:00+00:00,0.24865,0.24937,0.23522,0.23641,8565927.8
2024-04-30 12:00:00+00:00,0.23641,0.23863,0.23227,0.23389,6475661.1
2024-04-30 16:00:00+00:00,0.23389,0.23483,0.22908,0.23225,7701244.7
2024-04-30 20:00:00+00:00,0.23225,0.23922,0.23225,0.23594,4992280.0
2024-05-01 00:00:00+00:00,0.23594,0.23686,0.231,0.23504,4255784.9
2024-05-01 04:00:00+00:00,0.23504,0.23607,0.22269,0.22568,11960654.1
2024-05-01 08:00:00+00:00,0.22568,0.22955,0.22051,0.2295,7417116.3
2024-05-01 12:00:00+00:00,0.2295,0.23338,0.22595,0.22763,8697463.8
2024-05-01 16:00:00+00:00,0.22763,0.24784,0.22503,0.23726,14316474.7
2024-05-01 20:00:00+00:00,0.23726,0.24472,0.23536,0.24282,8316522.2
2024-05-02 00:00:00+00:00,0.24282,0.24333,0.23365,0.23796,5706864.3
2024-05-02 04:00:00+00:00,0.23796,0.23831,0.23357,0.23406,6121506.0
2024-05-02 08:00:00+00:00,0.23406,0.24784,0.23364,0.24638,8265573.6
2024-05-02 12:00:00+00:00,0.24638,0.25232,0.23981,0.25078,10847882.1
2024-05-02 16:00:00+00:00,0.25078,0.25475,0.24861,0.25229,5130397.6
2024-05-02 20:00:00+00:00,0.25229,0.25496,0.24856,0.25041,2796837.3
2024-05-03 00:00:00+00:00,0.25041,0.2578,0.2497,0.25395,4434799.3
2024-05-03 04:00:00+00:00,0.25395,0.25478,0.24792,0.24888,3991243.9
2024-05-03 08:00:00+00:00,0.24888,0.25199,0.24701,0.24882,2504406.2
2024-05-03 12:00:00+00:00,0.24882,0.26927,0.24803,0.2679,11446618.6
2024-05-03 16:00:00+00:00,0.2679,0.27707,0.26675,0.27664,7763345.1
2024-05-03 20:00:00+00:00,0.27664,0.28333,0.27417,0.27485,8912087.8
2024-05-04 00:00:00+00:00,0.27485,0.28231,0.27402,0.27792,7506935.7
2024-05-04 04:00:00+00:00,0.27792,0.28034,0.27733,0.27972,3029708.2
2024-05-04 08:00:00+00:00,0.27972,0.28574,0.27809,0.28202,7400794.7
2024-05-04 12:00:00+00:00,0.28202,0.28529,0.2756,0.27869,7348733.7
2024-05-04 16:00:00+00:00,0.27869,0.28182,0.27558,0.27962,7161810.8
2024-05-04 20:00:00+00:00,0.27962,0.28053,0.27452,0.27508,2947593.5
2024-05-05 00:00:00+00:00,0.27508,0.27644,0.26588,0.26902,9581971.3
2024-05-05 04:00:00+00:00,0.26902,0.27796,0.26779,0.27349,6764719.6
2024-05-05 08:00:00+00:00,0.27349,0.28201,0.27205,0.27816,10584112.3
2024-05-05 12:00:00+00:00,0.27816,0.29598,0.27755,0.29381,15565582.2
2024-05-05 16:00:00+00:00,0.29381,0.30143,0.2905,0.29448,9598139.3
2024-05-05 20:00:00+00:00,0.29448,0.29514,0.2907,0.29372,3264854.3
2024-05-06 00:00:00+00:00,0.29372,0.30249,0.29087,0.29184,8336841.6
2024-05-06 04:00:00+00:00,0.29184,0.30494,0.28779,0.30402,10664976.9
2024-05-06 08:00:00+00:00,0.30402,0.30588,0.296,0.30222,18507325.0
2024-05-06 12:00:00+00:00,0.30222,0.30297,0.28311,0.2872,19019290.1
2024-05-06 16:00:00+00:00,0.2872,0.28829,0.28225,0.28566,9700179.5
2024-05-06 20:00:00+00:00,0.28566,0.2866,0.28133,0.28169,4476334.4
2024-05-07 00:00:00+00:00,0.28169,0.29206,0.28166,0.28573,8454651.2
2024-05-07 04:00:00+00:00,0.28573,0.29104,0.28194,0.28919,7282628.3
2024-05-07 08:00:00+00:00,0.28919,0.29446,0.2869,0.28837,13000348.3
2024-05-07 12:00:00+00:00,0.28837,0.29432,0.28482,0.29019,8548705.3
2024-05-07 16:00:00+00:00,0.29019,0.29333,0.28507,0.28737,6331024.3
2024-05-07 20:00:00+00:00,0.28737,0.29042,0.27838,0.27992,14968891.5
2024-05-08 00:00:00+00:00,0.27992,0.2836,0.27507,0.28141,5048615.2
2024-05-08 04:00:00+00:00,0.28141,0.28197,0.27257,0.27526,5953702.6
2024-05-08 08:00:00+00:00,0.27526,0.27999,0.2706,0.27171,10910394.3
2024-05-08 12:00:00+00:00,0.27171,0.27936,0.26824,0.27052,11941494.4
2024-05-08 16:00:00+00:00,0.27052,0.27176,0.26434,0.26575,7166269.8
2024-05-08 20:00:00+00:00,0.26575,0.26704,0.25974,0.26249,10251971.8
2024-05-09 00:00:00+00:00,0.26249,0.26817,0.2615,0.26807,4558946.2
2024-05-09 04:00:00+00:00,0.26807,0.27408,0.26733,0.26864,4538005.8
2024-05-09 08:00:00+00:00,0.26864,0.26973,0.26208,0.26704,5848946.8
2024-05-09 12:00:00+00:00,0.26704,0.27456,0.26423,0.27425,6528419.0
2024-05-09 16:00:00+00:00,0.27425,0.28805,0.27367,0.28475,11428607.1
2024-05-09 20:00:00+00:00,0.28475,0.29941,0.2819,0.29286,13607425.8
2024-05-10 00:00:00+00:00,0.29286,0.31435,0.29116,0.30576,26310266.5
2024-05-10 04:00:00+00:00,0.30576,0.30949,0.29868,0.30544,15077511.0
2024-05-10 08:00:00+00:00,0.30544,0.31281,0.30286,0.31275,15229822.8
2024-05-10 12:00:00+00:00,0.31275,0.31751,0.28874,0.28889,32741616.3
2024-05-10 16:00:00+00:00,0.28889,0.294,0.28472,0.29132,15807694.9
2024-05-10 20:00:00+00:00,0.29132,0.2944,0.28673,0.29164,7608862.8
2024-05-11 00:00:00+00:00,0.29164,0.30263,0.28681,0.29373,9076629.4
2024-05-11 04:00:00+00:00,0.29373,0.30042,0.28988,0.29829,6757566.7
2024-05-11 08:00:00+00:00,0.29829,0.30013,0.29043,0.29128,7335727.5
2024-05-11 12:00:00+00:00,0.29128,0.29552,0.28686,0.28898,10023884.4
2024-05-11 16:00:00+00:00,0.28898,0.29261,0.28549,0.28724,6097595.7
2024-05-11 20:00:00+00:00,0.28724,0.29009,0.28433,0.28483,5048715.8
2024-05-12 00:00:00+00:00,0.28483,0.29174,0.2811,0.2819,6624088.9
2024-05-12 04:00:00+00:00,0.2819,0.28433,0.27996,0.28101,4243945.4
2024-05-12 08:00:00+00:00,0.28101,0.29031,0.27897,0.28512,7568190.9
2024-05-12 12:00:00+00:00,0.28512,0.28552,0.28086,0.28348,4403640.8
2024-05-12 16:00:00+00:00,0.28348,0.28725,0.27963,0.28022,3905418.0
2024-05-12 20:00:00+00:00,0.28022,0.28035,0.27619,0.27825,3197987.1
2024-05-13 00:00:00+00:00,0.27825,0.28075,0.2608,0.26385,14526777.7
2024-05-13 04:00:00+00:00,0.26385,0.27956,0.26156,0.27948,8729668.3
2024-05-13 08:00:00+00:00,0.27948,0.28898,0.2794,0.28284,15014155.0
2024-05-13 12:00:00+00:00,0.28284,0.28536,0.27916,0.28322,8382166.3
2024-05-13 16:00:00+00:00,0.28322,0.28881,0.27713,0.28206,10210055.1
2024-05-13 20:00:00+00:00,0.28206,0.28232,0.27681,0.2791,2878923.7
2024-05-14 00:00:00+00:00,0.2791,0.2808,0.272,0.27372,8595700.7
2024-05-14 04:00:00+00:00,0.27372,0.27998,0.2685,0.27427,9986124.6
2024-05-14 08:00:00+00:00,0.27427,0.27443,0.27042,0.2709,4738227.8
2024-05-14 12:00:00+00:00,0.2709,0.27402,0.26509,0.26895,11977127.6
2024-05-14 16:00:00+00:00,0.26895,0.26904,0.26409,0.26578,5567065.9
2024-05-14 20:00:00+00:00,0.26578,0.26786,0.26294,0.26464,3763715.2
2024-05-15 00:00:00+00:00,0.26464,0.26988,0.26451,0.26885,6465118.2
2024-05-15 04:00:00+00:00,0.26885,0.26905,0.26529,0.26664,3521907.9
2024-05-15 08:00:00+00:00,0.26664,0.27065,0.26256,0.26585,7469539.8
2024-05-15 12:00:00+00:00,0.26585,0.29699,0.26502,0.29304,30506646.7
2024-05-15 16:00:00+00:00,0.29304,0.30433,0.29071,0.30344,13073242.9
2024-05-15 20:00:00+00:00,0.30344,0.30415,0.29874,0.30243,7108976.2
2024-05-16 00:00:00+00:00,0.30243,0.31027,0.29947,0.30936,7338819.1
2024-05-16 04:00:00+00:00,0.30936,0.31275,0.30661,0.30891,6718760.0
2024-05-16 08:00:00+00:00,0.30891,0.31184,0.30653,0.30822,6974058.3
2024-05-16 12:00:00+00:00,0.30822,0.30842,0.29571,0.30226,21031580.9
2024-05-16 16:00:00+00:00,0.30226,0.3029,0.29339,0.29765,11798274.2
2024-05-16 20:00:00+00:00,0.29765,0.30465,0.29567,0.30312,5409158.8
2024-05-17 00:00:00+00:00,0.30312,0.30388,0.29916,0.30158,3593379.2
2024-05-17 04:00:00+00:00,0.30158,0.31545,0.29983,0.31259,7330206.0
2024-05-17 08:00:00+00:00,0.31259,0.31642,0.3075,0.31557,7548304.4
2024-05-17 12:00:00+00:00,0.31557,0.32233,0.30885,0.31562,11278011.5
2024-05-17 16:00:00+00:00,0.31562,0.32161,0.31324,0.31903,6381333.6
2024-05-17 20:00:00+00:00,0.31903,0.32018,0.3159,0.31655,3187902.9
2024-05-18 00:00:00+00:00,0.31655,0.31985,0.31406,0.31952,3581310.6
2024-05-18 04:00:00+00:00,0.31952,0.32015,0.31384,0.31417,2403600.7
2024-05-18 08:00:00+00:00,0.31417,0.31678,0.31158,0.31174,3235624.3
2024-05-18 12:00:00+00:00,0.31174,0.31252,0.30682,0.30908,3743659.0
2024-05-18 16:00:00+00:00,0.30908,0.31196,0.30876,0.31141,2509521.2
2024-05-18 20:00:00+00:00,0.31141,0.31381,0.30938,0.31214,1841382.7
2024-05-19 00:00:00+00:00,0.31214,0.31437,0.31064,0.31229,2395915.3
2024-05-19 04:00:00+00:00,0.31229,0.31229,0.30749,0.31024,1641673.0
2024-05-19 08:00:00+00:00,0.31024,0.3103,0.30297,0.30562,4145385.1
2024-05-19 12:00:00+00:00,0.30562,0.30581,0.29864,0.30256,5628655.7
2024-05-19 16:00:00+00:00,0.30256,0.30269,0.29804,0.29897,3004022.6
2024-05-19 20:00:00+00:00,0.29897,0.30193,0.29606,0.29983,2587966.9
2024-05-20 00:00:00+00:00,0.29983,0.31048,0.29874,0.30805,7826032.1
2024-05-20 04:00:00+00:00,0.30805,0.3134,0.30444,0.31056,5897084.9
2024-05-20 08:00:00+00:00,0.31056,0.31474,0.31055,0.31198,4858576.0
2024-05-20 12:00:00+00:00,0.31198,0.3217,0.30792,0.32132,8899410.0
2024-05-20 16:00:00+00:00,0.32132,0.33135,0.31962,0.32985,15132693.1
2024-05-20 20:00:00+00:00,0.32985,0.33871,0.32711,0.33852,7865924.5
2024-05-21 00:00:00+00:00,0.33852,0.35404,0.33721,0.34086,12362423.7
2024-05-21 04:00:00+00:00,0.34086,0.34829,0.34066,0.34773,4844701.7
2024-05-21 08:00:00+00:00,0.34773,0.35393,0.34248,0.34425,8873654.9
2024-05-21 12:00:00+00:00,0.34425,0.34661,0.33878,0.34002,10376142.8
2024-05-21 16:00:00+00:00,0.34002,0.34538,0.33509,0.33643,4527363.9
2024-05-21 20:00:00+00:00,0.33643,0.34275,0.33591,0.33976,4140859.3
2024-05-22 00:00:00+00:00,0.33976,0.34029,0.33116,0.33414,4357723.3
2024-05-22 04:00:00+00:00,0.33414,0.34029,0.32916,0.33608,5475030.9
2024-05-22 08:00:00+00:00,0.33608,0.34267,0.33289,0.33729,6009149.1
2024-05-22 12:00:00+00:00,0.33729,0.35668,0.3307,0.35403,21325336.0
2024-05-22 16:00:00+00:00,0.35403,0.35814,0.34503,0.35461,13568347.0
2024-05-22 20:00:00+00:00,0.35461,0.35865,0.34344,0.34759,11836241.8
2024-05-23 00:00:00+00:00,0.34759,0.34912,0.33821,0.34182,5336180.4
2024-05-23 04:00:00+00:00,0.34182,0.34261,0.33837,0.34,4419723.9
2024-05-23 08:00:00+00:00,0.34,0.34014,0.33349,0.33782,4847651.0
2024-05-23 12:00:00+00:00,0.33782,0.33835,0.31952,0.32468,18014811.9
2024-05-23 16:00:00+00:00,0.32468,0.32772,0.31843,0.32173,6090750.4
2024-05-23 20:00:00+00:00,0.32173,0.33398,0.30945,0.32865,17754199.4
2024-05-24 00:00:00+00:00,0.32865,0.33333,0.32603,0.33198,2919465.4
2024-05-24 04:00:00+00:00,0.33198,0.33283,0.31732,0.32247,4681139.5
2024-05-24 08:00:00+00:00,0.32247,0.32376,0.31659,0.32307,2668271.4
2024-05-24 12:00:00+00:00,0.32307,0.32666,0.31866,0.32246,3402535.0
2024-05-24 16:00:00+00:00,0.32246,0.32698,0.31888,0.32495,2317563.1
2024-05-24 20:00:00+00:00,0.32495,0.32673,0.32369,0.32524,1715199.0
2024-05-25 00:00:00+00:00,0.32524,0.32664,0.32239,0.3262,1473005.2
2024-05-25 04:00:00+00:00,0.3262,0.32825,0.32263,0.32407,2150550.5
2024-05-25 08:00:00+00:00,0.32407,0.32771,0.32321,0.32466,2912052.5
2024-05-25 12:00:00+00:00,0.32466,0.3261,0.32136,0.32526,2870215.0
2024-05-25 16:00:00+00:00,0.32526,0.32832,0.32345,0.32696,1754473.3
2024-05-25 20:00:00+00:00,0.32696,0.32855,0.32473,0.32745,1592305.0
2024-05-26 00:00:00+00:00,0.32745,0.32892,0.32264,0.32791,2607030.8
2024-05-26 04:00:00+00:00,0.32791,0.32953,0.32278,0.32534,5705709.0
2024-05-26 08:00:00+00:00,0.32534,0.32673,0.31938,0.31998,3654822.9
2024-05-26 12:00:00+00:00,0.31998,0.32188,0.31634,0.31858,3960778.7
2024-05-26 16:00:00+00:00,0.31858,0.32047,0.31672,0.31908,1382269.3
2024-05-26 20:00:00+00:00,0.31908,0.3196,0.31447,0.31721,2866116.5
2024-05-27 00:00:00+00:00,0.31721,0.32397,0.31692,0.32277,2939249.2
2024-05-27 04:00:00+00:00,0.32277,0.32363,0.31537,0.3172,2912591.0
2024-05-27 08:00:00+00:00,0.3172,0.31929,0.31367,0.31619,4400285.6
2024-05-27 12:00:00+00:00,0.31619,0.32891,0.31476,0.32871,6031544.5
2024-05-27 16:00:00+00:00,0.32871,0.33263,0.3238,0.32585,5224047.6
2024-05-27 20:00:00+00:00,0.32585,0.33004,0.32463,0.32585,2608282.4
2024-05-28 00:00:00+00:00,0.32585,0.32629,0.31137,0.31443,9897205.8
2024-05-28 04:00:00+00:00,0.31443,0.31451,0.30879,0.31056,6074975.8
2024-05-28 08:00:00+00:00,0.31056,0.31718,0.31023,0.31421,3600850.0
2024-05-28 12:00:00+00:00,0.31421,0.31637,0.30888,0.31464,7233590.4
2024-05-28 16:00:00+00:00,0.31464,0.31775,0.30982,0.31573,7938999.1
2024-05-28 20:00:00+00:00,0.31573,0.31736,0.3129,0.3144,3585131.3
2024-05-29 00:00:00+00:00,0.3144,0.31894,0.31239,0.31856,3616826.8
2024-05-29 04:00:00+00:00,0.31856,0.3246,0.31685,0.31696,5235082.5
2024-05-29 08:00:00+00:00,0.31696,0.32121,0.31235,0.31765,5648920.3
2024-05-29 12:00:00+00:00,0.31765,0.3209,0.31326,0.31366,6331683.0
2024-05-29 16:00:00+00:00,0.31366,0.31703,0.31001,0.31039,5683207.8
2024-05-29 20:00:00+00:00,0.31039,0.3127,0.30945,0.31015,1832413.6
2024-05-30 00:00:00+00:00,0.31015,0.3162,0.30964,0.31477,1546237.2
2024-05-30 04:00:00+00:00,0.31477,0.31592,0.30187,0.30248,11713271.0
2024-05-30 08:00:00+00:00,0.30248,0.30916,0.29961,0.30659,5379881.2
2024-05-30 12:00:00+00:00,0.30659,0.31294,0.30615,0.30973,4819321.6
2024-05-30 16:00:00+00:00,0.30973,0.31291,0.30718,0.30835,2679304.1
2024-05-30 20:00:00+00:00,0.30835,0.30836,0.30309,0.30363,2502605.2
2024-05-31 00:00:00+00:00,0.30363,0.30404,0.30001,0.30311,2191296.8
2024-05-31 04:00:00+00:00,0.30311,0.30383,0.29719,0.29947,3793194.3
2024-05-31 08:00:00+00:00,0.29947,0.30248,0.29773,0.30167,3728775.9
2024-05-31 12:00:00+00:00,0.30167,0.3065,0.29559,0.29615,7667417.2
2024-05-31 16:00:00+00:00,0.29615,0.29898,0.29262,0.29803,4935321.4
2024-05-31 20:00:00+00:00,0.29803,0.30022,0.29687,0.29839,1667414.3
2024-06-01 00:00:00+00:00,0.29839,0.29968,0.29743,0.29844,1363625.7
2024-06-01 04:00:00+00:00,0.29844,0.29984,0.29788,0.29795,1062751.4
2024-06-01 08:00:00+00:00,0.29795,0.2995,0.29654,0.29697,1056523.1
2024-06-01 12:00:00+00:00,0.29697,0.30104,0.2965,0.29967,2522199.8
2024-06-01 16:00:00+00:00,0.29967,0.30412,0.29965,0.30063,2114112.0
2024-06-01 20:00:00+00:00,0.30063,0.30206,0.29885,0.29971,1438372.7
2024-06-02 00:00:00+00:00,0.29971,0.30335,0.29895,0.30079,1916448.1
2024-06-02 04:00:00+00:00,0.30079,0.30212,0.29693,0.29715,1465379.4
2024-06-02 08:00:00+00:00,0.29715,0.30054,0.29521,0.30026,2592772.6
2024-06-02 12:00:00+00:00,0.30026,0.30219,0.29777,0.29999,1704411.0
2024-06-02 16:00:00+00:00,0.29999,0.30078,0.29037,0.29488,4532049.0
2024-06-02 20:00:00+00:00,0.29488,0.29539,0.29199,0.29339,1377633.5
2024-06-03 00:00:00+00:00,0.29339,0.29919,0.28855,0.29732,4080566.2
2024-06-03 04:00:00+00:00,0.29732,0.30281,0.29413,0.30086,3673683.6
2024-06-03 08:00:00+00:00,0.30086,0.30184,0.29815,0.29939,2577452.0
2024-06-03 12:00:00+00:00,0.29939,0.30384,0.29475,0.30188,7652900.5
2024-06-03 16:00:00+00:00,0.30188,0.30256,0.2972,0.29805,2977967.3
2024-06-03 20:00:00+00:00,0.29805,0.29941,0.29332,0.29417,2802592.1
2024-06-04 00:00:00+00:00,0.29417,0.29685,0.29256,0.29649,2170499.6
2024-06-04 04:00:00+00:00,0.29649,0.29716,0.29225,0.29299,1940634.6
2024-06-04 08:00:00+00:00,0.29299,0.29598,0.29053,0.29506,3421589.2
2024-06-04 12:00:00+00:00,0.29506,0.302,0.294,0.30132,8496179.8
2024-06-04 16:00:00+00:00,0.30132,0.30269,0.29753,0.30039,3649775.9
2024-06-04 20:00:00+00:00,0.30039,0.30165,0.29909,0.29998,2571193.9
2024-06-05 00:00:00+00:00,0.29998,0.30336,0.29828,0.29964,3556060.4
2024-06-05 04:00:00+00:00,0.29964,0.30354,0.29866,0.30184,5495715.9
2024-06-05 08:00:00+00:00,0.30184,0.30405,0.29951,0.30264,5462257.9
2024-06-05 12:00:00+00:00,0.30264,0.30495,0.29833,0.30361,7375454.3
2024-06-05 16:00:00+00:00,0.30361,0.30556,0.30207,0.30426,4851225.7
2024-06-05 20:00:00+00:00,0.30426,0.30516,0.30247,0.30473,1849356.7
2024-06-06 00:00:00+00:00,0.30473,0.30516,0.30147,0.30202,2206082.6
2024-06-06 04:00:00+00:00,0.30202,0.30224,0.29837,0.29975,4536649.4
2024-06-06 08:00:00+00:00,0.29975,0.30039,0.29794,0.29904,3829747.4
2024-06-06 12:00:00+00:00,0.29904,0.30036,0.29541,0.29854,7625828.1
2024-06-06 16:00:00+00:00,0.29854,0.29954,0.29221,0.29273,5785592.9
2024-06-06 20:00:00+00:00,0.29273,0.29546,0.28992,0.29387,5261569.1
2024-06-07 00:00:00+00:00,0.29387,0.2947,0.29081,0.29299,2440209.3
2024-06-07 04:00:00+00:00,0.29299,0.29644,0.29232,0.29437,2517027.3
2024-06-07 08:00:00+00:00,0.29437,0.29634,0.29181,0.29586,2900671.0
2024-06-07 12:00:00+00:00,0.29586,0.29759,0.28891,0.29634,10826442.1
2024-06-07 16:00:00+00:00,0.29634,0.29638,0.24262,0.27172,56702228.5
2024-06-07 20:00:00+00:00,0.27172,0.27517,0.27019,0.27265,6588277.2
2024-06-08 00:00:00+00:00,0.27265,0.27328,0.26954,0.27218,3419704.2
2024-06-08 04:00:00+00:00,0.27218,0.27234,0.26952,0.27101,1919749.3
2024-06-08 08:00:00+00:00,0.27101,0.27101,0.26115,0.26209,5935146.6
2024-06-08 12:00:00+00:00,0.26209,0.26529,0.25941,0.26199,7299013.0
2024-06-08 16:00:00+00:00,0.26199,0.26333,0.25866,0.26143,4030149.5
2024-06-08 20:00:00+00:00,0.26143,0.26709,0.26123,0.2664,7343275.0
2024-06-09 00:00:00+00:00,0.2664,0.26818,0.26314,0.26427,2819630.4
2024-06-09 04:00:00+00:00,0.26427,0.2676,0.26197,0.26619,2796747.1
2024-06-09 08:00:00+00:00,0.26619,0.26744,0.26456,0.26496,1480045.4
2024-06-09 12:00:00+00:00,0.26496,0.26685,0.26327,0.26449,4786993.8
2024-06-09 16:00:00+00:00,0.26449,0.26893,0.2644,0.26818,2163607.5
2024-06-09 20:00:00+00:00,0.26818,0.26911,0.26634,0.26838,1854434.4
2024-06-10 00:00:00+00:00,0.26838,0.26839,0.26277,0.26376,1815964.4
2024-06-10 04:00:00+00:00,0.26376,0.26444,0.25622,0.25645,9072135.0
2024-06-10 08:00:00+00:00,0.25645,0.26508,0.2563,0.26392,4118591.2
2024-06-10 12:00:00+00:00,0.26392,0.26878,0.25995,0.26747,7468522.5
2024-06-10 16:00:00+00:00,0.26747,0.26802,0.26096,0.26133,5558703.1
2024-06-10 20:00:00+00:00,0.26133,0.26225,0.25849,0.2595,4469126.8
2024-06-11 00:00:00+00:00,0.2595,0.26048,0.24986,0.25496,14895711.0
2024-06-11 04:00:00+00:00,0.25496,0.25572,0.24724,0.25085,12625380.5
2024-06-11 08:00:00+00:00,0.25085,0.25417,0.25024,0.2509,5775956.4
2024-06-11 12:00:00+00:00,0.2509,0.25176,0.24053,0.24328,14863506.8
2024-06-11 16:00:00+00:00,0.24328,0.24692,0.23955,0.24409,9495344.6
2024-06-11 20:00:00+00:00,0.24409,0.24511,0.24252,0.24367,3135381.6
2024-06-12 00:00:00+00:00,0.24367,0.24578,0.23736,0.24565,7886927.9
2024-06-12 04:00:00+00:00,0.24565,0.24816,0.24517,0.24806,2583573.0
2024-06-12 08:00:00+00:00,0.24806,0.25381,0.24749,0.25179,5122303.1
2024-06-12 12:00:00+00:00,0.25179,0.27236,0.25063,0.26854,21232287.6
2024-06-12 16:00:00+00:00,0.26854,0.27072,0.25447,0.2563,23625909.8
2024-06-12 20:00:00+00:00,0.2563,0.26474,0.25489,0.26242,3825821.9
2024-06-13 00:00:00+00:00,0.26242,0.2643,0.25,0.25301,8487021.1
2024-06-13 04:00:00+00:00,0.25301,0.25519,0.25088,0.25325,2294460.0
2024-06-13 08:00:00+00:00,0.25325,0.25395,0.24983,0.25046,4349633.9
2024-06-13 12:00:00+00:00,0.25046,0.25584,0.24221,0.24297,15538718.6
2024-06-13 16:00:00+00:00,0.24297,0.24856,0.24175,0.24589,3541017.7
2024-06-13 20:00:00+00:00,0.24589,0.24689,0.2423,0.243,3133116.4
2024-06-14 00:00:00+00:00,0.243,0.24779,0.24039,0.2456,6270914.4
2024-06-14 04:00:00+00:00,0.2456,0.24801,0.24461,0.24635,4324668.3
2024-06-14 08:00:00+00:00,0.24635,0.25088,0.24542,0.24763,8492843.5
2024-06-14 12:00:00+00:00,0.24763,0.24884,0.23978,0.24091,6584117.9
2024-06-14 16:00:00+00:00,0.24091,0.24128,0.22736,0.23075,21494176.4
2024-06-14 20:00:00+00:00,0.23075,0.23745,0.23017,0.23591,7323124.5
2024-06-15 00:00:00+00:00,0.23591,0.23859,0.23465,0.23844,2106924.4
2024-06-15 04:00:00+00:00,0.23844,0.24116,0.23725,0.23945,1932702.3
2024-06-15 08:00:00+00:00,0.23945,0.24034,0.23779,0.23849,2533769.6
2024-06-15 12:00:00+00:00,0.23849,0.24133,0.23761,0.23968,2406731.8
2024-06-15 16:00:00+00:00,0.23968,0.24059,0.23688,0.23807,2128682.4
2024-06-15 20:00:00+00:00,0.23807,0.23852,0.23598,0.23772,1927077.7
2024-06-16 00:00:00+00:00,0.23772,0.23789,0.23371,0.2347,3356028.3
2024-06-16 04:00:00+00:00,0.2347,0.23693,0.23241,0.23573,2741408.5
2024-06-16 08:00:00+00:00,0.23573,0.23658,0.2328,0.23484,3295458.2
2024-06-16 12:00:00+00:00,0.23484,0.23775,0.23427,0.2373,2857183.3
2024-06-16 16:00:00+00:00,0.2373,0.2375,0.23455,0.23596,1320460.8
2024-06-16 20:00:00+00:00,0.23596,0.23953,0.23513,0.23538,2795743.5
2024-06-17 00:00:00+00:00,0.23538,0.23769,0.22614,0.2267,9606952.3
2024-06-17 04:00:00+00:00,0.2267,0.2286,0.22137,0.22214,5663819.7
2024-06-17 08:00:00+00:00,0.22214,0.22318,0.21283,0.21674,10984118.9
2024-06-17 12:00:00+00:00,0.21674,0.21733,0.21262,0.21417,6383457.5
2024-06-17 16:00:00+00:00,0.21417,0.22319,0.20868,0.22123,11482729.2
2024-06-17 20:00:00+00:00,0.22123,0.22144,0.21316,0.21363,5344181.4
2024-06-18 00:00:00+00:00,0.21363,0.2146,0.18645,0.19981,38019113.7
2024-06-18 04:00:00+00:00,0.19981,0.20565,0.19819,0.20482,11631166.8
2024-06-18 08:00:00+00:00,0.20482,0.20483,0.19706,0.1998,5144938.9
2024-06-18 12:00:00+00:00,0.1998,0.20074,0.19082,0.20055,18184083.9
2024-06-18 16:00:00+00:00,0.20055,0.20159,0.19476,0.19828,8484539.4
2024-06-18 20:00:00+00:00,0.19828,0.20287,0.19683,0.20139,8005393.2
2024-06-19 00:00:00+00:00,0.20139,0.2161,0.19842,0.21408,11588328.9
2024-06-19 04:00:00+00:00,0.21408,0.221,0.21368,0.21924,9377209.2
2024-06-19 08:00:00+00:00,0.21924,0.21954,0.21361,0.21655,7200769.7
2024-06-19 12:00:00+00:00,0.21655,0.22082,0.21305,0.21491,10305769.7
2024-06-19 16:00:00+00:00,0.21491,0.22271,0.21369,0.21906,8972784.5
2024-06-19 20:00:00+00:00,0.21906,0.22236,0.21681,0.21811,3748840.5
2024-06-20 00:00:00+00:00,0.21811,0.22431,0.21644,0.21952,10934810.0
2024-06-20 04:00:00+00:00,0.21952,0.23308,0.2181,0.23308,10737329.8
2024-06-20 08:00:00+00:00,0.23308,0.23328,0.22631,0.23122,7915283.1
2024-06-20 12:00:00+00:00,0.23122,0.23362,0.22245,0.2225,10518072.2
2024-06-20 16:00:00+00:00,0.2225,0.22786,0.21988,0.22678,11077765.6
2024-06-20 20:00:00+00:00,0.22678,0.22749,0.22052,0.22098,2629333.5
2024-06-21 00:00:00+00:00,0.22098,0.22654,0.21771,0.22183,4765242.5
2024-06-21 04:00:00+00:00,0.22183,0.22503,0.2179,0.21922,5017166.3
2024-06-21 08:00:00+00:00,0.21922,0.22512,0.21635,0.22216,14480241.4
2024-06-21 12:00:00+00:00,0.22216,0.22353,0.21533,0.21958,10299595.6
2024-06-21 16:00:00+00:00,0.21958,0.22115,0.21262,0.21904,9687584.0
2024-06-21 20:00:00+00:00,0.21904,0.22033,0.21723,0.21771,2355509.1
2024-06-22 00:00:00+00:00,0.21771,0.21864,0.21287,0.21753,4948827.0
2024-06-22 04:00:00+00:00,0.21753,0.21897,0.21534,0.21597,4941483.8
2024-06-22 08:00:00+00:00,0.21597,0.21668,0.214,0.21466,4103177.9
2024-06-22 12:00:00+00:00,0.21466,0.2192,0.21246,0.21836,3953208.9
2024-06-22 16:00:00+00:00,0.21836,0.219,0.2148,0.21592,2038175.5
2024-06-22 20:00:00+00:00,0.21592,0.21593,0.21167,0.2127,3163217.5
2024-06-23 00:00:00+00:00,0.2127,0.2207,0.21242,0.21902,4961218.5
2024-06-23 04:00:00+00:00,0.21902,0.21908,0.21502,0.2156,1839906.3
2024-06-23 08:00:00+00:00,0.2156,0.21633,0.21314,0.21408,2765196.0
2024-06-23 12:00:00+00:00,0.21408,0.21745,0.21011,0.21113,3810098.5
2024-06-23 16:00:00+00:00,0.21113,0.21184,0.2082,0.20884,4033843.8
2024-06-23 20:00:00+00:00,0.20884,0.20924,0.20435,0.20549,5425201.9
2024-06-24 00:00:00+00:00,0.20549,0.20701,0.20296,0.20495,4374264.8
2024-06-24 04:00:00+00:00,0.20495,0.20541,0.19821,0.20063,8845422.6
2024-06-24 08:00:00+00:00,0.20063,0.21013,0.19485,0.20595,21965840.7
2024-06-24 12:00:00+00:00,0.20595,0.21329,0.2049,0.20637,6792650.7
2024-06-24 16:00:00+00:00,0.20637,0.21317,0.20568,0.20814,8410992.4
2024-06-24 20:00:00+00:00,0.20814,0.21896,0.20421,0.21647,11929230.3
2024-06-25 00:00:00+00:00,0.21647,0.22563,0.21442,0.22417,5835425.3
2024-06-25 04:00:00+00:00,0.22417,0.22538,0.21901,0.22005,6124818.6
2024-06-25 08:00:00+00:00,0.22005,0.22187,0.21749,0.21867,5862526.6
2024-06-25 12:00:00+00:00,0.21867,0.22262,0.21797,0.22066,6686494.9
2024-06-25 16:00:00+00:00,0.22066,0.22292,0.21813,0.22231,3782245.5
2024-06-25 20:00:00+00:00,0.22231,0.22288,0.2201,0.2202,3240137.1
2024-06-26 00:00:00+00:00,0.2202,0.22474,0.21882,0.2209,3392908.2
2024-06-26 04:00:00+00:00,0.2209,0.22135,0.21848,0.22068,4267742.7
2024-06-26 08:00:00+00:00,0.22068,0.22095,0.21709,0.21876,4361703.3
2024-06-26 12:00:00+00:00,0.21876,0.22317,0.2167,0.21766,5573065.2
2024-06-26 16:00:00+00:00,0.21766,0.22023,0.21398,0.22009,5681890.3
2024-06-26 20:00:00+00:00,0.22009,0.22195,0.21814,0.21852,4608881.4
2024-06-27 00:00:00+00:00,0.21852,0.21873,0.21491,0.21545,4990811.4
2024-06-27 04:00:00+00:00,0.21545,0.21639,0.21115,0.21241,5637864.8
2024-06-27 08:00:00+00:00,0.21241,0.21892,0.21173,0.21834,5560327.7
2024-06-27 12:00:00+00:00,0.21834,0.22526,0.21795,0.22019,8431960.9
2024-06-27 16:00:00+00:00,0.22019,0.22133,0.21835,0.21918,3150106.6
2024-06-27 20:00:00+00:00,0.21918,0.22031,0.21693,0.21766,2011682.2
2024-06-28 00:00:00+00:00,0.21766,0.22004,0.2152,0.21643,4160537.0
2024-06-28 04:00:00+00:00,0.21643,0.2166,0.21417,0.21604,5137353.5
2024-06-28 08:00:00+00:00,0.21604,0.21765,0.21473,0.21564,6689951.2
2024-06-28 12:00:00+00:00,0.21564,0.21756,0.21171,0.21286,13148304.5
2024-06-28 16:00:00+00:00,0.21286,0.21332,0.20843,0.21006,7802343.6
2024-06-28 20:00:00+00:00,0.21006,0.21084,0.20624,0.20712,3147903.2
2024-06-29 00:00:00+00:00,0.20712,0.20937,0.2063,0.20903,2736882.2
2024-06-29 04:00:00+00:00,0.20903,0.21025,0.20668,0.20984,2146372.3
2024-06-29 08:00:00+00:00,0.20984,0.21128,0.20896,0.21058,1849442.8
2024-06-29 12:00:00+00:00,0.21058,0.21064,0.2078,0.20864,2218522.6
2024-06-29 16:00:00+00:00,0.20864,0.20867,0.20443,0.20583,3293933.1
2024-06-29 20:00:00+00:00,0.20583,0.20606,0.20251,0.20311,4549560.0
2024-06-30 00:00:00+00:00,0.20311,0.20407,0.20002,0.20102,4292126.7
2024-06-30 04:00:00+00:00,0.20102,0.20706,0.20003,0.20606,3871765.2
2024-06-30 08:00:00+00:00,0.20606,0.20779,0.20513,0.20596,2970865.5
2024-06-30 12:00:00+00:00,0.20596,0.20754,0.20511,0.20619,3098180.8
2024-06-30 16:00:00+00:00,0.20619,0.20706,0.2043,0.20551,2862071.6
2024-06-30 20:00:00+00:00,0.20551,0.21169,0.20402,0.21044,5309195.9
2024-07-01 00:00:00+00:00,0.21044,0.21825,0.20934,0.21463,6839422.1
2024-07-01 04:00:00+00:00,0.21463,0.21598,0.21284,0.21315,3142861.0
2024-07-01 08:00:00+00:00,0.21315,0.21399,0.20948,0.21015,3858014.1
2024-07-01 12:00:00+00:00,0.21015,0.2122,0.20749,0.21074,7807025.8
2024-07-01 16:00:00+00:00,0.21074,0.21456,0.20971,0.21346,4657360.6
2024-07-01 20:00:00+00:00,0.21346,0.2136,0.20666,0.20724,2824762.8
2024-07-02 00:00:00+00:00,0.20724,0.21065,0.20568,0.20899,3488564.1
2024-07-02 04:00:00+00:00,0.20899,0.21085,0.20675,0.20739,3471024.0
2024-07-02 08:00:00+00:00,0.20739,0.20932,0.20659,0.2083,2781539.0
2024-07-02 12:00:00+00:00,0.2083,0.21422,0.2077,0.20902,6970416.0
2024-07-02 16:00:00+00:00,0.20902,0.21227,0.20673,0.21194,3936364.0
2024-07-02 20:00:00+00:00,0.21194,0.2137,0.21095,0.21225,1961671.7
2024-07-03 00:00:00+00:00,0.21225,0.21347,0.20363,0.20559,7942727.6
2024-07-03 04:00:00+00:00,0.20559,0.2086,0.2037,0.20692,4279191.3
2024-07-03 08:00:00+00:00,0.20692,0.20717,0.20065,0.2022,8872563.2
2024-07-03 12:00:00+00:00,0.2022,0.20431,0.19781,0.20042,9749449.3
2024-07-03 16:00:00+00:00,0.20042,0.20175,0.19573,0.19717,5726591.7
2024-07-03 20:00:00+00:00,0.19717,0.19857,0.19595,0.19692,2924122.7
2024-07-04 00:00:00+00:00,0.19692,0.19818,0.1865,0.1905,16887752.1
2024-07-04 04:00:00+00:00,0.1905,0.19061,0.18577,0.18683,4002711.8
2024-07-04 08:00:00+00:00,0.18683,0.18834,0.18342,0.1841,13529327.9
2024-07-04 12:00:00+00:00,0.1841,0.18431,0.17784,0.18339,9446672.8
2024-07-04 16:00:00+00:00,0.18339,0.18408,0.17971,0.1812,7246671.6
2024-07-04 20:00:00+00:00,0.1812,0.18455,0.17444,0.17573,8641985.2
2024-07-05 00:00:00+00:00,0.17573,0.1761,0.15252,0.1575,52332897.5
2024-07-05 04:00:00+00:00,0.1575,0.16366,0.15316,0.15983,16152759.1
2024-07-05 08:00:00+00:00,0.15983,0.16757,0.15397,0.16726,11109100.9
2024-07-05 12:00:00+00:00,0.16726,0.17411,0.16524,0.17218,13167697.1
2024-07-05 16:00:00+00:00,0.17218,0.17533,0.17006,0.17351,6542177.8
2024-07-05 20:00:00+00:00,0.17351,0.17365,0.17087,0.17256,4555725.0
2024-07-06 00:00:00+00:00,0.17256,0.17969,0.17154,0.17529,4992889.9
2024-07-06 04:00:00+00:00,0.17529,0.17836,0.17304,0.17774,2315839.6
2024-07-06 08:00:00+00:00,0.17774,0.18013,0.17674,0.17865,3368243.6
2024-07-06 12:00:00+00:00,0.17865,0.18158,0.17759,0.18059,4194497.9
2024-07-06 16:00:00+00:00,0.18059,0.18861,0.17996,0.18607,6965661.7
2024-07-06 20:00:00+00:00,0.18607,0.18862,0.18595,0.18721,4568831.8
2024-07-07 00:00:00+00:00,0.18721,0.18733,0.1829,0.18463,2617237.2
2024-07-07 04:00:00+00:00,0.18463,0.18484,0.18054,0.18264,2206115.5
2024-07-07 08:00:00+00:00,0.18264,0.18573,0.18193,0.18427,2206424.7
2024-07-07 12:00:00+00:00,0.18427,0.1857,0.17736,0.17899,4494185.2
2024-07-07 16:00:00+00:00,0.17899,0.18213,0.17861,0.17983,2004027.7
2024-07-07 20:00:00+00:00,0.17983,0.18044,0.17232,0.17339,6600309.8
2024-07-08 00:00:00+00:00,0.17339,0.17385,0.16383,0.16968,12107623.5
2024-07-08 04:00:00+00:00,0.16968,0.17403,0.16934,0.17252,4733003.0
2024-07-08 08:00:00+00:00,0.17252,0.18707,0.17212,0.18429,14613583.3
2024-07-08 12:00:00+00:00,0.18429,0.18482,0.17292,0.17619,12811728.6
2024-07-08 16:00:00+00:00,0.17619,0.17786,0.17395,0.17629,5153569.0
2024-07-08 20:00:00+00:00,0.17629,0.17765,0.17448,0.17623,3978019.6
2024-07-09 00:00:00+00:00,0.17623,0.18135,0.17516,0.18027,4044442.9
2024-07-09 04:00:00+00:00,0.18027,0.18213,0.17845,0.17973,2960587.2
2024-07-09 08:00:00+00:00,0.17973,0.18311,0.17806,0.17919,3842144.2
2024-07-09 12:00:00+00:00,0.17919,0.18353,0.17741,0.18075,5245591.8
2024-07-09 16:00:00+00:00,0.18075,0.18219,0.17895,0.18112,2591825.3
2024-07-09 20:00:00+00:00,0.18112,0.18357,0.18054,0.18286,2258492.1
2024-07-10 00:00:00+00:00,0.18286,0.18484,0.18033,0.18476,3314274.6
2024-07-10 04:00:00+00:00,0.18476,0.19195,0.18476,0.18914,8280395.7
2024-07-10 08:00:00+00:00,0.18914,0.18925,0.18526,0.18705,4287496.7
2024-07-10 12:00:00+00:00,0.18705,0.18886,0.18407,0.18738,4754246.8
2024-07-10 16:00:00+00:00,0.18738,0.18919,0.18516,0.18597,1806925.1
2024-07-10 20:00:00+00:00,0.18597,0.18637,0.18432,0.18579,1762760.4
2024-07-11 00:00:00+00:00,0.18579,0.18936,0.18306,0.1852,5585026.2
2024-07-11 04:00:00+00:00,0.1852,0.1868,0.18458,0.18654,2591450.5
2024-07-11 08:00:00+00:00,0.18654,0.19169,0.18595,0.19108,4841758.0
2024-07-11 12:00:00+00:00,0.19108,0.19585,0.18492,0.18551,9362379.7
2024-07-11 16:00:00+00:00,0.18551,0.1887,0.18375,0.18473,4661089.9
2024-07-11 20:00:00+00:00,0.18473,0.18505,0.18053,0.18112,4103089.6
2024-07-12 00:00:00+00:00,0.18112,0.18443,0.17926,0.18125,3446459.3
2024-07-12 04:00:00+00:00,0.18125,0.18297,0.17985,0.18108,6029595.0
2024-07-12 08:00:00+00:00,0.18108,0.18197,0.17802,0.1796,4844828.8
2024-07-12 12:00:00+00:00,0.1796,0.18558,0.1796,0.18492,4903288.4
2024-07-12 16:00:00+00:00,0.18492,0.18612,0.18335,0.18404,1951355.4
2024-07-12 20:00:00+00:00,0.18404,0.18624,0.18219,0.18534,6239181.8
2024-07-13 00:00:00+00:00,0.18534,0.18592,0.18368,0.18455,2164698.2
2024-07-13 04:00:00+00:00,0.18455,0.18708,0.18352,0.18662,3899889.5
2024-07-13 08:00:00+00:00,0.18662,0.18949,0.18557,0.18798,4864552.2
2024-07-13 12:00:00+00:00,0.18798,0.18974,0.18608,0.18945,3280223.9
2024-07-13 16:00:00+00:00,0.18945,0.19239,0.18923,0.19101,4313508.0
2024-07-13 20:00:00+00:00,0.19101,0.1944,0.1888,0.19209,5345206.4
2024-07-14 00:00:00+00:00,0.19209,0.1947,0.19146,0.19158,2676403.7
2024-07-14 04:00:00+00:00,0.19158,0.19489,0.19134,0.19176,4029953.4
2024-07-14 08:00:00+00:00,0.19176,0.19295,0.18985,0.19006,3881093.6
2024-07-14 12:00:00+00:00,0.19006,0.19096,0.18779,0.19089,3971399.0
2024-07-14 16:00:00+00:00,0.19089,0.19222,0.19014,0.1905,2337443.1
2024-07-14 20:00:00+00:00,0.1905,0.20022,0.19037,0.1979,7075949.6
2024-07-15 00:00:00+00:00,0.1979,0.20232,0.19589,0.20213,8571451.9
2024-07-15 04:00:00+00:00,0.20213,0.20592,0.20071,0.20474,7792273.2
2024-07-15 08:00:00+00:00,0.20474,0.20616,0.20261,0.20276,4590176.0
2024-07-15 12:00:00+00:00,0.20276,0.20753,0.20253,0.20408,9849398.0
2024-07-15 16:00:00+00:00,0.20408,0.21349,0.20286,0.21311,11282314.8
2024-07-15 20:00:00+00:00,0.21311,0.22086,0.21267,0.21939,13909596.4
2024-07-16 00:00:00+00:00,0.21939,0.22164,0.21504,0.21572,8681202.5
2024-07-16 04:00:00+00:00,0.21572,0.21633,0.20572,0.2083,20243201.9
2024-07-16 08:00:00+00:00,0.2083,0.21087,0.20432,0.20977,10974433.6
2024-07-16 12:00:00+00:00,0.20977,0.21564,0.2073,0.21479,18244291.2
2024-07-16 16:00:00+00:00,0.21479,0.21642,0.21224,0.21597,7406801.2
2024-07-16 20:00:00+00:00,0.21597,0.216,0.21126,0.21386,6039478.5
2024-07-17 00:00:00+00:00,0.21386,0.21888,0.21336,0.21532,5829739.6
2024-07-17 04:00:00+00:00,0.21532,0.21734,0.21451,0.21633,6512313.1
2024-07-17 08:00:00+00:00,0.21633,0.22041,0.21242,0.21496,14923220.2
2024-07-17 12:00:00+00:00,0.21496,0.21774,0.21287,0.21316,7930291.9
2024-07-17 16:00:00+00:00,0.21316,0.21586,0.20935,0.21477,8416161.1
2024-07-17 20:00:00+00:00,0.21477,0.21542,0.20784,0.2079,8493615.6
2024-07-18 00:00:00+00:00,0.2079,0.21294,0.20787,0.21221,5208705.1
2024-07-18 04:00:00+00:00,0.21221,0.21284,0.20934,0.20953,5812143.0
2024-07-18 08:00:00+00:00,0.20953,0.21083,0.20507,0.20798,11426282.0
2024-07-18 12:00:00+00:00,0.20798,0.20921,0.20106,0.2012,10264985.3
2024-07-18 16:00:00+00:00,0.2012,0.20316,0.19777,0.19916,7853106.3
2024-07-18 20:00:00+00:00,0.19916,0.20333,0.1987,0.20268,3655448.7
2024-07-19 00:00:00+00:00,0.20268,0.2061,0.19737,0.2048,8441796.1
2024-07-19 04:00:00+00:00,0.2048,0.20656,0.20085,0.20135,4691513.5
2024-07-19 08:00:00+00:00,0.20135,0.20267,0.19869,0.2006,5275743.0
2024-07-19 12:00:00+00:00,0.2006,0.2091,0.1994,0.20858,6989526.4
2024-07-19 16:00:00+00:00,0.20858,0.21519,0.20834,0.21415,9244820.8
2024-07-19 20:00:00+00:00,0.21415,0.2147,0.21256,0.21403,4103673.7
2024-07-20 00:00:00+00:00,0.21403,0.2178,0.21106,0.21605,6272347.5
2024-07-20 04:00:00+00:00,0.21605,0.21863,0.21475,0.21741,2353227.2
2024-07-20 08:00:00+00:00,0.21741,0.21743,0.21392,0.21402,2726319.2
2024-07-20 12:00:00+00:00,0.21402,0.2185,0.21279,0.21706,5107306.7
2024-07-20 16:00:00+00:00,0.21706,0.21804,0.21366,0.21507,7556635.6
2024-07-20 20:00:00+00:00,0.21507,0.21598,0.21285,0.21354,2361860.2
2024-07-21 00:00:00+00:00,0.21354,0.22387,0.21351,0.22127,8396001.4
2024-07-21 04:00:00+00:00,0.22127,0.22145,0.21496,0.21554,5208825.0
2024-07-21 08:00:00+00:00,0.21554,0.21667,0.21382,0.21487,4153647.6
2024-07-21 12:00:00+00:00,0.21487,0.21812,0.21209,0.21537,4639766.3
2024-07-21 16:00:00+00:00,0.21537,0.21881,0.20912,0.21523,11075928.5
2024-07-21 20:00:00+00:00,0.21523,0.22109,0.21432,0.21901,6362678.3
2024-07-22 00:00:00+00:00,0.21901,0.22178,0.21624,0.21641,4854654.4
2024-07-22 04:00:00+00:00,0.21641,0.21641,0.21031,0.21145,4667109.1
2024-07-22 08:00:00+00:00,0.21145,0.2126,0.21018,0.21235,4409421.5
2024-07-22 12:00:00+00:00,0.21235,0.21339,0.20716,0.2092,7079508.8
2024-07-22 16:00:00+00:00,0.2092,0.21074,0.20869,0.21017,2405577.3
2024-07-22 20:00:00+00:00,0.21017,0.21077,0.20427,0.20624,4507463.8
2024-07-23 00:00:00+00:00,0.20624,0.20972,0.20624,0.20777,2525904.2
2024-07-23 04:00:00+00:00,0.20777,0.2085,0.19918,0.20172,7160593.7
2024-07-23 08:00:00+00:00,0.20172,0.20856,0.20147,0.20593,6655261.9
2024-07-23 12:00:00+00:00,0.20593,0.20616,0.20087,0.20185,11130609.8
2024-07-23 16:00:00+00:00,0.20185,0.20206,0.19532,0.19911,9547052.5
2024-07-23 20:00:00+00:00,0.19911,0.1997,0.19666,0.19817,3041433.8
2024-07-24 00:00:00+00:00,0.19817,0.1992,0.19572,0.19823,3804164.0
2024-07-24 04:00:00+00:00,0.19823,0.19943,0.19612,0.19943,2057490.9
2024-07-24 08:00:00+00:00,0.19943,0.20176,0.19916,0.20102,2707722.0
2024-07-24 12:00:00+00:00,0.20102,0.20369,0.19941,0.19945,5441150.8
2024-07-24 16:00:00+00:00,0.19945,0.2018,0.19616,0.19649,4755419.9
2024-07-24 20:00:00+00:00,0.19649,0.19767,0.19079,0.19255,9639720.4
2024-07-25 00:00:00+00:00,0.19255,0.1933,0.1831,0.18557,20654052.6
2024-07-25 04:00:00+00:00,0.18557,0.18805,0.1842,0.18603,4734817.7
2024-07-25 08:00:00+00:00,0.18603,0.18724,0.18471,0.18564,4654208.9
2024-07-25 12:00:00+00:00,0.18564,0.18885,0.18348,0.18743,8283366.1
2024-07-25 16:00:00+00:00,0.18743,0.1892,0.18337,0.18576,4996706.8
2024-07-25 20:00:00+00:00,0.18576,0.19027,0.18251,0.18928,5687487.3
2024-07-26 00:00:00+00:00,0.18928,0.19516,0.18883,0.19417,8600495.9
2024-07-26 04:00:00+00:00,0.19417,0.19957,0.19304,0.19524,9951492.6
2024-07-26 08:00:00+00:00,0.19524,0.19764,0.19433,0.19492,3352428.1
2024-07-26 12:00:00+00:00,0.19492,0.19695,0.19235,0.19472,8626197.0
2024-07-26 16:00:00+00:00,0.19472,0.20032,0.19466,0.19926,5330175.3
2024-07-26 20:00:00+00:00,0.19926,0.2012,0.19726,0.20061,2278335.9
2024-07-27 00:00:00+00:00,0.20061,0.20106,0.19823,0.19828,2016320.7
2024-07-27 04:00:00+00:00,0.19828,0.20059,0.19821,0.19956,2189360.9
2024-07-27 08:00:00+00:00,0.19956,0.2017,0.19883,0.20105,4874861.0
2024-07-27 12:00:00+00:00,0.20105,0.20449,0.19762,0.19916,7955731.4
2024-07-27 16:00:00+00:00,0.19916,0.2006,0.1962,0.1987,7475877.9
2024-07-27 20:00:00+00:00,0.1987,0.20171,0.19421,0.19787,10312680.5
2024-07-28 00:00:00+00:00,0.19787,0.19854,0.19556,0.19573,3072865.1
2024-07-28 04:00:00+00:00,0.19573,0.19578,0.19228,0.19427,4035404.4
2024-07-28 08:00:00+00:00,0.19427,0.19565,0.19309,0.19464,2526551.0
2024-07-28 12:00:00+00:00,0.19464,0.19557,0.19285,0.19347,2907224.9
2024-07-28 16:00:00+00:00,0.19347,0.1943,0.19204,0.1931,2747231.5
2024-07-28 20:00:00+00:00,0.1931,0.19313,0.19068,0.19247,2943500.3
2024-07-29 00:00:00+00:00,0.19247,0.19993,0.19247,0.19823,7794960.8
2024-07-29 04:00:00+00:00,0.19823,0.20224,0.19759,0.20202,5466796.0
2024-07-29 08:00:00+00:00,0.20202,0.20332,0.20071,0.20103,3149535.9
2024-07-29 12:00:00+00:00,0.20103,0.2024,0.19416,0.19554,8516079.3
2024-07-29 16:00:00+00:00,0.19554,0.19554,0.1919,0.19391,5898391.7
2024-07-29 20:00:00+00:00,0.19391,0.19433,0.19147,0.19184,2342283.6
2024-07-30 00:00:00+00:00,0.19184,0.19369,0.18957,0.19261,3603206.0
2024-07-30 04:00:00+00:00,0.19261,0.19488,0.19153,0.19443,2060476.2
2024-07-30 08:00:00+00:00,0.19443,0.19517,0.19141,0.19142,2592615.0
2024-07-30 12:00:00+00:00,0.19142,0.19354,0.18897,0.19032,5927596.7
2024-07-30 16:00:00+00:00,0.19032,0.19072,0.1847,0.18612,6379659.3
2024-07-30 20:00:00+00:00,0.18612,0.18819,0.18356,0.18794,5563332.3
2024-07-31 00:00:00+00:00,0.18794,0.18894,0.18594,0.1866,2550717.3
2024-07-31 04:00:00+00:00,0.1866,0.19007,0.18451,0.18709,6971186.1
2024-07-31 08:00:00+00:00,0.18709,0.18737,0.18464,0.18571,4067999.9
2024-07-31 12:00:00+00:00,0.18571,0.18827,0.18419,0.18437,6205475.8
2024-07-31 16:00:00+00:00,0.18437,0.18691,0.18036,0.18175,8327075.0
2024-07-31 20:00:00+00:00,0.18175,0.18194,0.1782,0.17943,8850399.2
2024-08-01 00:00:00+00:00,0.17943,0.18099,0.17751,0.17791,5938768.8
2024-08-01 04:00:00+00:00,0.17791,0.17871,0.17411,0.17645,7598223.8
2024-08-01 08:00:00+00:00,0.17645,0.17834,0.17624,0.17806,3315051.8
2024-08-01 12:00:00+00:00,0.17806,0.17978,0.17232,0.17289,8673026.9
2024-08-01 16:00:00+00:00,0.17289,0.17294,0.16675,0.17182,12539517.1
2024-08-01 20:00:00+00:00,0.17182,0.17866,0.17055,0.17796,6087435.0
2024-08-02 00:00:00+00:00,0.17796,0.17877,0.17246,0.17589,5469787.0
2024-08-02 04:00:00+00:00,0.17589,0.1762,0.16939,0.16942,12539480.9
2024-08-02 08:00:00+00:00,0.16942,0.1721,0.1671,0.17121,9147305.1
2024-08-02 12:00:00+00:00,0.17121,0.17534,0.16281,0.16846,18828088.6
2024-08-02 16:00:00+00:00,0.16846,0.16894,0.16383,0.16538,6500349.9
2024-08-02 20:00:00+00:00,0.16538,0.1669,0.16168,0.1624,9022528.3
2024-08-03 00:00:00+00:00,0.1624,0.16301,0.15684,0.16247,9802554.7
2024-08-03 04:00:00+00:00,0.16247,0.16396,0.16161,0.1628,3967384.0
2024-08-03 08:00:00+00:00,0.1628,0.16302,0.16147,0.16242,2136190.0
2024-08-03 12:00:00+00:00,0.16242,0.1641,0.1571,0.1572,5654111.4
2024-08-03 16:00:00+00:00,0.1572,0.15823,0.15099,0.15108,14690829.3
2024-08-03 20:00:00+00:00,0.15108,0.15508,0.15013,0.15382,8146211.1
2024-08-04 00:00:00+00:00,0.15382,0.15687,0.15316,0.15624,5358098.9
2024-08-04 04:00:00+00:00,0.15624,0.15636,0.15362,0.15386,3303458.9
2024-08-04 08:00:00+00:00,0.15386,0.15534,0.1529,0.15412,3183468.7
2024-08-04 12:00:00+00:00,0.15412,0.15537,0.14593,0.14606,11711383.0
2024-08-04 16:00:00+00:00,0.14606,0.14875,0.13937,0.14779,20789448.9
2024-08-04 20:00:00+00:00,0.14779,0.14961,0.14354,0.14384,5468966.7
2024-08-05 00:00:00+00:00,0.14384,0.14492,0.11767,0.12473,83469415.6
2024-08-05 04:00:00+00:00,0.12473,0.12724,0.11195,0.12606,65073276.9
2024-08-05 08:00:00+00:00,0.12606,0.12638,0.11541,0.11987,24882473.2
2024-08-05 12:00:00+00:00,0.11987,0.13493,0.11504,0.13432,35915624.7
2024-08-05 16:00:00+00:00,0.13432,0.13863,0.13002,0.13174,15201986.4
2024-08-05 20:00:00+00:00,0.13174,0.13506,0.13099,0.13122,8752023.2
2024-08-06 00:00:00+00:00,0.13122,0.14041,0.131,0.13682,9533857.5
2024-08-06 04:00:00+00:00,0.13682,0.14048,0.13559,0.14044,5929740.7
2024-08-06 08:00:00+00:00,0.14044,0.14044,0.13467,0.13523,7757616.4
2024-08-06 12:00:00+00:00,0.13523,0.14181,0.1329,0.13906,14987211.0
2024-08-06 16:00:00+00:00,0.13906,0.14118,0.1382,0.1386,5033670.6
2024-08-06 20:00:00+00:00,0.1386,0.1408,0.13635,0.1373,6103668.9
2024-08-07 00:00:00+00:00,0.1373,0.14188,0.13578,0.14028,13506913.9
2024-08-07 04:00:00+00:00,0.14028,0.1419,0.13891,0.13989,5521234.2
2024-08-07 08:00:00+00:00,0.13989,0.14259,0.13856,0.13868,5681279.3
2024-08-07 12:00:00+00:00,0.13868,0.14164,0.13332,0.13588,18457621.6
2024-08-07 16:00:00+00:00,0.13588,0.13635,0.12984,0.13026,16106425.9
2024-08-07 20:00:00+00:00,0.13026,0.13141,0.12727,0.12852,12236746.3
2024-08-08 00:00:00+00:00,0.12852,0.13732,0.12684,0.13466,16756200.3
2024-08-08 04:00:00+00:00,0.13466,0.13585,0.13354,0.13385,4938826.6
2024-08-08 08:00:00+00:00,0.13385,0.13494,0.1335,0.13388,4673526.8
2024-08-08 12:00:00+00:00,0.13388,0.14011,0.13252,0.13992,14452730.8
2024-08-08 16:00:00+00:00,0.13992,0.14205,0.13861,0.13893,6235591.8
2024-08-08 20:00:00+00:00,0.13893,0.14705,0.13854,0.1463,11773741.8
2024-08-09 00:00:00+00:00,0.1463,0.14687,0.14405,0.14441,6246974.1
2024-08-09 04:00:00+00:00,0.14441,0.14455,0.14155,0.1428,5172774.1
2024-08-09 08:00:00+00:00,0.1428,0.14405,0.14082,0.14178,7460414.9
2024-08-09 12:00:00+00:00,0.14178,0.14363,0.1391,0.13959,8950542.2
2024-08-09 16:00:00+00:00,0.13959,0.14198,0.13937,0.14154,3379419.6
2024-08-09 20:00:00+00:00,0.14154,0.14334,0.14066,0.14275,6604079.0
2024-08-10 00:00:00+00:00,0.14275,0.14476,0.14058,0.14127,5631657.3
2024-08-10 04:00:00+00:00,0.14127,0.14247,0.14036,0.14226,2894022.1
2024-08-10 08:00:00+00:00,0.14226,0.14373,0.14116,0.14366,2754395.5
2024-08-10 12:00:00+00:00,0.14366,0.14379,0.14134,0.14277,4014714.5
2024-08-10 16:00:00+00:00,0.14277,0.14645,0.14239,0.14531,4857552.4
2024-08-10 20:00:00+00:00,0.14531,0.14715,0.14439,0.14602,2741816.4
2024-08-11 00:00:00+00:00,0.14602,0.14757,0.14521,0.14637,2606765.7
2024-08-11 04:00:00+00:00,0.14637,0.14919,0.1458,0.14882,2445004.5
2024-08-11 08:00:00+00:00,0.14882,0.15254,0.14717,0.14884,10949741.6
2024-08-11 12:00:00+00:00,0.14884,0.14895,0.14261,0.1437,10430083.3
2024-08-11 16:00:00+00:00,0.1437,0.14427,0.13998,0.1401,5957483.3
2024-08-11 20:00:00+00:00,0.1401,0.14022,0.13583,0.13638,8746588.6
2024-08-12 00:00:00+00:00,0.13638,0.13853,0.13606,0.13743,5947772.8
2024-08-12 04:00:00+00:00,0.13743,0.13978,0.1349,0.13924,6620147.5
2024-08-12 08:00:00+00:00,0.13924,0.14666,0.13892,0.14615,9402886.6
2024-08-12 12:00:00+00:00,0.14615,0.14622,0.1388,0.14436,13850215.8
2024-08-12 16:00:00+00:00,0.14436,0.14485,0.14004,0.14133,5422178.0
2024-08-12 20:00:00+00:00,0.14133,0.14454,0.13978,0.14327,4504105.1
2024-08-13 00:00:00+00:00,0.14327,0.14447,0.13972,0.14018,6414807.6
2024-08-13 04:00:00+00:00,0.14018,0.14222,0.13957,0.14116,3263694.7
2024-08-13 08:00:00+00:00,0.14116,0.14128,0.13809,0.13992,4304615.0
2024-08-13 12:00:00+00:00,0.13992,0.14296,0.13944,0.14196,5142947.8
2024-08-13 16:00:00+00:00,0.14196,0.14848,0.1417,0.1474,6949239.8
2024-08-13 20:00:00+00:00,0.1474,0.14756,0.14567,0.14612,3319905.6
2024-08-14 00:00:00+00:00,0.14612,0.14663,0.14441,0.14526,3757794.6
2024-08-14 04:00:00+00:00,0.14526,0.14553,0.14365,0.1443,3803062.6
2024-08-14 08:00:00+00:00,0.1443,0.14549,0.14358,0.14515,5599123.8
2024-08-14 12:00:00+00:00,0.14515,0.14769,0.13948,0.14375,18002102.5
2024-08-14 16:00:00+00:00,0.14375,0.14375,0.14098,0.1417,4168387.0
2024-08-14 20:00:00+00:00,0.1417,0.14329,0.14041,0.14215,2410113.1
2024-08-15 00:00:00+00:00,0.14215,0.14368,0.14145,0.14267,2376369.1
2024-08-15 04:00:00+00:00,0.14267,0.14302,0.1393,0.14039,3389482.6
2024-08-15 08:00:00+00:00,0.14039,0.14244,0.13973,0.14194,4232217.2
2024-08-15 12:00:00+00:00,0.14194,0.14497,0.14169,0.14296,8082503.6
2024-08-15 16:00:00+00:00,0.14296,0.14377,0.13483,0.1358,12159474.0
2024-08-15 20:00:00+00:00,0.1358,0.1372,0.13413,0.13619,6600648.4
2024-08-16 00:00:00+00:00,0.13619,0.13812,0.13512,0.13572,6163699.0
2024-08-16 04:00:00+00:00,0.13572,0.13878,0.13536,0.1384,2641850.4
2024-08-16 08:00:00+00:00,0.1384,0.13876,0.13621,0.1367,5347499.1
2024-08-16 12:00:00+00:00,0.1367,0.1374,0.13201,0.13346,11635911.6
2024-08-16 16:00:00+00:00,0.13346,0.1382,0.1331,0.13741,7416907.0
2024-08-16 20:00:00+00:00,0.13741,0.13851,0.13635,0.13667,3487014.3
2024-08-17 00:00:00+00:00,0.13667,0.13727,0.13541,0.13594,1551495.8
2024-08-17 04:00:00+00:00,0.13594,0.13683,0.13542,0.13637,1373080.7
2024-08-17 08:00:00+00:00,0.13637,0.13725,0.13511,0.13553,2909682.6
2024-08-17 12:00:00+00:00,0.13553,0.13796,0.13539,0.13676,4352942.2
2024-08-17 16:00:00+00:00,0.13676,0.13865,0.13643,0.13703,3144881.4
2024-08-17 20:00:00+00:00,0.13703,0.13841,0.13695,0.13831,1785732.8
2024-08-18 00:00:00+00:00,0.13831,0.13908,0.13647,0.13647,2704736.1
2024-08-18 04:00:00+00:00,0.13647,0.1378,0.1362,0.13748,1809203.9
2024-08-18 08:00:00+00:00,0.13748,0.14092,0.13713,0.14056,5475153.9
2024-08-18 12:00:00+00:00,0.14056,0.14324,0.14024,0.14298,4516146.2
2024-08-18 16:00:00+00:00,0.14298,0.14382,0.14146,0.14339,3005202.7
2024-08-18 20:00:00+00:00,0.14339,0.14373,0.13958,0.13973,4085426.3
2024-08-19 00:00:00+00:00,0.13973,0.1405,0.13835,0.14005,5455256.4
2024-08-19 04:00:00+00:00,0.14005,0.14005,0.13722,0.138,6584405.8
2024-08-19 08:00:00+00:00,0.138,0.14009,0.13652,0.13954,7533071.1
2024-08-19 12:00:00+00:00,0.13954,0.14177,0.13844,0.13988,6909118.9
2024-08-19 16:00:00+00:00,0.13988,0.14191,0.13799,0.14169,7545366.2
2024-08-19 20:00:00+00:00,0.14169,0.14472,0.14151,0.14455,5862341.0
2024-08-20 00:00:00+00:00,0.14455,0.14724,0.14402,0.14611,5584530.4
2024-08-20 04:00:00+00:00,0.14611,0.14845,0.14597,0.14702,3605873.1
2024-08-20 08:00:00+00:00,0.14702,0.14756,0.14567,0.14617,3298309.0
2024-08-20 12:00:00+00:00,0.14617,0.14685,0.1406,0.14202,7225108.3
2024-08-20 16:00:00+00:00,0.14202,0.14467,0.14159,0.14426,3398744.4
2024-08-20 20:00:00+00:00,0.14426,0.14542,0.14261,0.1427,7160638.0
2024-08-21 00:00:00+00:00,0.1427,0.14474,0.14251,0.14388,6968128.7
2024-08-21 04:00:00+00:00,0.14388,0.14682,0.14362,0.14614,3455994.3
2024-08-21 08:00:00+00:00,0.14614,0.14669,0.14326,0.14354,4436560.1
2024-08-21 12:00:00+00:00,0.14354,0.14589,0.14087,0.14347,11305300.7
2024-08-21 16:00:00+00:00,0.14347,0.14976,0.14261,0.14969,11303607.6
2024-08-21 20:00:00+00:00,0.14969,0.15144,0.14908,0.14973,6491690.9
2024-08-22 00:00:00+00:00,0.14973,0.1507,0.14712,0.14935,3922634.3
2024-08-22 04:00:00+00:00,0.14935,0.15128,0.14916,0.15128,2466248.0
2024-08-22 08:00:00+00:00,0.15128,0.15579,0.15085,0.15497,7369032.9
2024-08-22 12:00:00+00:00,0.15497,0.15499,0.15182,0.15294,8199495.6
2024-08-22 16:00:00+00:00,0.15294,0.1541,0.15225,0.15265,5082908.7
2024-08-22 20:00:00+00:00,0.15265,0.15515,0.1526,0.15485,4426005.0
2024-08-23 00:00:00+00:00,0.15485,0.16142,0.15462,0.16138,8512655.5
2024-08-23 04:00:00+00:00,0.16138,0.16403,0.16013,0.16372,11116986.0
2024-08-23 08:00:00+00:00,0.16372,0.16422,0.16076,0.161,7567752.1
2024-08-23 12:00:00+00:00,0.161,0.16839,0.161,0.16728,19402260.7
2024-08-23 16:00:00+00:00,0.16728,0.17196,0.16629,0.17021,11429338.4
2024-08-23 20:00:00+00:00,0.17021,0.17215,0.16925,0.17042,6986219.5
2024-08-24 00:00:00+00:00,0.17042,0.17121,0.16726,0.16751,3388343.1
2024-08-24 04:00:00+00:00,0.16751,0.16927,0.16678,0.16925,3056508.1
2024-08-24 08:00:00+00:00,0.16925,0.17433,0.16829,0.17322,8036592.3
2024-08-24 12:00:00+00:00,0.17322,0.17762,0.17252,0.17474,10933483.0
2024-08-24 16:00:00+00:00,0.17474,0.1802,0.17458,0.17947,13293407.0
2024-08-24 20:00:00+00:00,0.17947,0.17995,0.1741,0.17656,7757938.1
2024-08-25 00:00:00+00:00,0.17656,0.17672,0.17108,0.17348,7132076.1
2024-08-25 04:00:00+00:00,0.17348,0.17366,0.16717,0.16798,7390073.7
2024-08-25 08:00:00+00:00,0.16798,0.17261,0.16678,0.17133,7245038.0
2024-08-25 12:00:00+00:00,0.17133,0.17472,0.17115,0.17306,5200380.6
2024-08-25 16:00:00+00:00,0.17306,0.17475,0.17077,0.17251,7341361.9
2024-08-25 20:00:00+00:00,0.17251,0.1756,0.17149,0.1719,6167499.9
2024-08-26 00:00:00+00:00,0.1719,0.17383,0.16867,0.1715,6988856.8
2024-08-26 04:00:00+00:00,0.1715,0.17193,0.16803,0.16872,4043392.5
2024-08-26 08:00:00+00:00,0.16872,0.17413,0.16791,0.1724,7080370.2
2024-08-26 12:00:00+00:00,0.1724,0.17313,0.16611,0.16697,10152685.2
2024-08-26 16:00:00+00:00,0.16697,0.16862,0.16232,0.16303,7205011.7
2024-08-26 20:00:00+00:00,0.16303,0.16417,0.16085,0.16104,4421389.1
2024-08-27 00:00:00+00:00,0.16104,0.16296,0.16078,0.16183,5281118.8
2024-08-27 04:00:00+00:00,0.16183,0.16635,0.16118,0.16251,5422395.5
2024-08-27 08:00:00+00:00,0.16251,0.16346,0.15836,0.15945,9644958.4
2024-08-27 12:00:00+00:00,0.15945,0.1599,0.15687,0.15803,8442331.5
2024-08-27 16:00:00+00:00,0.15803,0.16121,0.15699,0.15978,6263365.3
2024-08-27 20:00:00+00:00,0.15978,0.15981,0.14771,0.15077,19011683.3
2024-08-28 00:00:00+00:00,0.15077,0.15272,0.14876,0.15254,4413456.6
2024-08-28 04:00:00+00:00,0.15254,0.15269,0.14767,0.14767,5563296.5
2024-08-28 08:00:00+00:00,0.14767,0.15495,0.14673,0.15353,10046008.1
2024-08-28 12:00:00+00:00,0.15353,0.155,0.14796,0.1494,8448213.9
2024-08-28 16:00:00+00:00,0.1494,0.15035,0.14326,0.14746,13924260.4
2024-08-28 20:00:00+00:00,0.14746,0.15063,0.14488,0.14627,10246044.9
2024-08-29 00:00:00+00:00,0.14627,0.14769,0.14532,0.14729,4338875.2
2024-08-29 04:00:00+00:00,0.14729,0.15056,0.1462,0.1498,5520535.2
2024-08-29 08:00:00+00:00,0.1498,0.1514,0.14808,0.14976,7034114.4
2024-08-29 12:00:00+00:00,0.14976,0.15254,0.14955,0.15097,12584731.6
2024-08-29 16:00:00+00:00,0.15097,0.15152,0.14341,0.14564,13515463.4
2024-08-29 20:00:00+00:00,0.14564,0.14724,0.14407,0.14645,3736896.8
2024-08-30 00:00:00+00:00,0.14645,0.14797,0.1454,0.14583,3360183.4
2024-08-30 04:00:00+00:00,0.14583,0.14797,0.14447,0.1467,5307971.5
2024-08-30 08:00:00+00:00,0.1467,0.14798,0.14607,0.14615,4872286.3
2024-08-30 12:00:00+00:00,0.14615,0.14804,0.13908,0.13986,16796648.4
2024-08-30 16:00:00+00:00,0.13986,0.14727,0.13908,0.14539,9088792.5
2024-08-30 20:00:00+00:00,0.14539,0.1478,0.14523,0.14727,2884895.2
2024-08-31 00:00:00+00:00,0.14727,0.14888,0.14722,0.14816,2829874.5
2024-08-31 04:00:00+00:00,0.14816,0.14864,0.14716,0.14724,2056163.8
2024-08-31 08:00:00+00:00,0.14724,0.14772,0.14552,0.14692,2892256.1
2024-08-31 12:00:00+00:00,0.14692,0.14777,0.14554,0.14665,3240215.6
2024-08-31 16:00:00+00:00,0.14665,0.14683,0.14364,0.14447,3875968.9
2024-08-31 20:00:00+00:00,0.14447,0.14615,0.14405,0.14563,1777525.4
2024-09-01 00:00:00+00:00,0.14563,0.14613,0.14283,0.14444,3162833.8
2024-09-01 04:00:00+00:00,0.14444,0.14494,0.14207,0.14486,3777297.7
2024-09-01 08:00:00+00:00,0.14486,0.14513,0.14187,0.14302,2918284.8
2024-09-01 12:00:00+00:00,0.14302,0.14353,0.13939,0.14291,7212504.2
2024-09-01 16:00:00+00:00,0.14291,0.14474,0.13934,0.14337,6610394.0
2024-09-01 20:00:00+00:00,0.14337,0.14492,0.13644,0.13797,8162017.7
2024-09-02 00:00:00+00:00,0.13797,0.14046,0.13717,0.13932,8922417.0
2024-09-02 04:00:00+00:00,0.13932,0.13999,0.13747,0.13788,3622001.1
2024-09-02 08:00:00+00:00,0.13788,0.1452,0.13779,0.14418,8141135.4
2024-09-02 12:00:00+00:00,0.14418,0.1446,0.14088,0.14367,8373111.9
2024-09-02 16:00:00+00:00,0.14367,0.14421,0.14238,0.14314,2922686.4
2024-09-02 20:00:00+00:00,0.14314,0.14679,0.1427,0.1456,3720096.1
2024-09-03 00:00:00+00:00,0.1456,0.14783,0.14491,0.14506,5593884.6
2024-09-03 04:00:00+00:00,0.14506,0.14551,0.14376,0.1454,3808531.7
2024-09-03 08:00:00+00:00,0.1454,0.14544,0.14283,0.14417,3151444.8
2024-09-03 12:00:00+00:00,0.14417,0.14504,0.13699,0.1372,9218409.1
2024-09-03 16:00:00+00:00,0.1372,0.1389,0.13675,0.13829,4616159.0
2024-09-03 20:00:00+00:00,0.13829,0.139,0.13502,0.1355,7473982.3
2024-09-04 00:00:00+00:00,0.1355,0.1374,0.12905,0.13491,19765160.2
2024-09-04 04:00:00+00:00,0.13491,0.13746,0.13439,0.13683,4409730.5
2024-09-04 08:00:00+00:00,0.13683,0.13749,0.13528,0.13547,3978904.6
2024-09-04 12:00:00+00:00,0.13547,0.14098,0.1349,0.14036,9065762.8
2024-09-04 16:00:00+00:00,0.14036,0.14297,0.13907,0.14008,6660234.7
2024-09-04 20:00:00+00:00,0.14008,0.14114,0.13935,0.13958,4954771.8
2024-09-05 00:00:00+00:00,0.13958,0.14116,0.13754,0.13821,4772964.2
2024-09-05 04:00:00+00:00,0.13821,0.13963,0.13726,0.13893,5800938.1
2024-09-05 08:00:00+00:00,0.13893,0.13946,0.13709,0.13731,4239857.3
2024-09-05 12:00:00+00:00,0.13731,0.13952,0.13487,0.13563,13575270.5
2024-09-05 16:00:00+00:00,0.13563,0.13645,0.13295,0.13371,4565980.1
2024-09-05 20:00:00+00:00,0.13371,0.13456,0.13313,0.13391,2935059.9
2024-09-06 00:00:00+00:00,0.13391,0.13635,0.13337,0.13525,3294501.0
2024-09-06 04:00:00+00:00,0.13525,0.13578,0.13183,0.13329,4611341.9
2024-09-06 08:00:00+00:00,0.13329,0.13529,0.13276,0.13434,4838180.0
2024-09-06 12:00:00+00:00,0.13434,0.13829,0.13091,0.13305,18735362.1
2024-09-06 16:00:00+00:00,0.13305,0.13308,0.12858,0.1297,12321159.0
2024-09-06 20:00:00+00:00,0.1297,0.13094,0.12549,0.12977,15519736.9
2024-09-07 00:00:00+00:00,0.12977,0.13048,0.12875,0.12881,2110282.6
2024-09-07 04:00:00+00:00,0.12881,0.13144,0.12856,0.1314,4099662.9
2024-09-07 08:00:00+00:00,0.1314,0.13243,0.13112,0.13187,3018364.6
2024-09-07 12:00:00+00:00,0.13187,0.13455,0.13187,0.13311,4283496.2
2024-09-07 16:00:00+00:00,0.13311,0.13397,0.13153,0.13348,5110233.9
2024-09-07 20:00:00+00:00,0.13348,0.13356,0.13001,0.13168,5914067.4
2024-09-08 00:00:00+00:00,0.13168,0.13389,0.13136,0.13373,2449066.4
2024-09-08 04:00:00+00:00,0.13373,0.13561,0.13367,0.13534,3135124.3
2024-09-08 08:00:00+00:00,0.13534,0.137,0.13474,0.13487,4569410.7
2024-09-08 12:00:00+00:00,0.13487,0.13518,0.13187,0.13205,5778893.7
2024-09-08 16:00:00+00:00,0.13205,0.13427,0.13131,0.13316,4395559.8
2024-09-08 20:00:00+00:00,0.13316,0.13816,0.13284,0.13628,6757101.7
2024-09-09 00:00:00+00:00,0.13628,0.13791,0.1358,0.1372,4559005.0
2024-09-09 04:00:00+00:00,0.1372,0.13784,0.13583,0.13771,3817539.5
2024-09-09 08:00:00+00:00,0.13771,0.14008,0.13769,0.1387,9524127.6
2024-09-09 12:00:00+00:00,0.1387,0.13973,0.13644,0.13868,7580948.3
2024-09-09 16:00:00+00:00,0.13868,0.14295,0.13868,0.14276,10181133.0
2024-09-09 20:00:00+00:00,0.14276,0.14491,0.14171,0.14292,7033083.4
2024-09-10 00:00:00+00:00,0.14292,0.14294,0.13968,0.13968,4005694.8
2024-09-10 04:00:00+00:00,0.13968,0.1422,0.13943,0.14194,5355937.7
2024-09-10 08:00:00+00:00,0.14194,0.14355,0.14076,0.14337,5128140.6
2024-09-10 12:00:00+00:00,0.14337,0.14342,0.14027,0.14102,4620472.7
2024-09-10 16:00:00+00:00,0.14102,0.14459,0.14094,0.14308,7477537.0
2024-09-10 20:00:00+00:00,0.14308,0.14325,0.14114,0.14136,4309167.6
2024-09-11 00:00:00+00:00,0.14136,0.14166,0.1378,0.13851,5725687.3
2024-09-11 04:00:00+00:00,0.13851,0.13852,0.1357,0.13825,5629694.2
2024-09-11 08:00:00+00:00,0.13825,0.13826,0.13517,0.13622,5435909.9
2024-09-11 12:00:00+00:00,0.13622,0.13895,0.13279,0.13606,16555880.5
2024-09-11 16:00:00+00:00,0.13606,0.13835,0.13575,0.13725,8676613.4
2024-09-11 20:00:00+00:00,0.13725,0.13793,0.13682,0.13729,2552011.5
2024-09-12 00:00:00+00:00,0.13729,0.14183,0.13707,0.14117,5456234.6
2024-09-12 04:00:00+00:00,0.14117,0.14208,0.1401,0.1406,4511208.6
2024-09-12 08:00:00+00:00,0.1406,0.14163,0.1402,0.14084,4541799.4
2024-09-12 12:00:00+00:00,0.14084,0.14237,0.1382,0.13856,9715800.3
2024-09-12 16:00:00+00:00,0.13856,0.14332,0.1385,0.1433,8055765.8
2024-09-12 20:00:00+00:00,0.1433,0.14395,0.1419,0.14388,3882929.6
2024-09-13 00:00:00+00:00,0.14388,0.14561,0.14386,0.14399,5268844.0
2024-09-13 04:00:00+00:00,0.14399,0.14483,0.14334,0.14471,3698024.6
2024-09-13 08:00:00+00:00,0.14471,0.14636,0.14432,0.14445,7791730.5
2024-09-13 12:00:00+00:00,0.14445,0.14979,0.1428,0.14908,17101224.9
2024-09-13 16:00:00+00:00,0.14908,0.14969,0.14628,0.14751,11118858.7
2024-09-13 20:00:00+00:00,0.14751,0.15039,0.14742,0.15003,4439100.9
2024-09-14 00:00:00+00:00,0.15003,0.15144,0.14883,0.15102,3923663.9
2024-09-14 04:00:00+00:00,0.15102,0.15198,0.14885,0.1491,4307446.8
2024-09-14 08:00:00+00:00,0.1491,0.15052,0.14811,0.14861,6071263.2
2024-09-14 12:00:00+00:00,0.14861,0.15043,0.14842,0.14977,4971065.6
2024-09-14 16:00:00+00:00,0.14977,0.15022,0.14723,0.14827,5566349.6
2024-09-14 20:00:00+00:00,0.14827,0.14949,0.14813,0.14926,2697988.3
2024-09-15 00:00:00+00:00,0.14926,0.15018,0.14839,0.14882,2871419.3
2024-09-15 04:00:00+00:00,0.14882,0.14958,0.14807,0.14911,3255853.4
2024-09-15 08:00:00+00:00,0.14911,0.14914,0.14622,0.1472,5385680.3
2024-09-15 12:00:00+00:00,0.1472,0.1486,0.14659,0.14795,3400015.5
2024-09-15 16:00:00+00:00,0.14795,0.14805,0.14522,0.14576,7084609.4
2024-09-15 20:00:00+00:00,0.14576,0.14581,0.14088,0.14241,9219557.4
2024-09-16 00:00:00+00:00,0.14241,0.14257,0.13842,0.14086,7113112.1
2024-09-16 04:00:00+00:00,0.14086,0.14242,0.13995,0.14222,4903735.9
2024-09-16 08:00:00+00:00,0.14222,0.14356,0.1396,0.14056,4525902.5
2024-09-16 12:00:00+00:00,0.14056,0.14076,0.13684,0.1388,7284600.6
2024-09-16 16:00:00+00:00,0.1388,0.13988,0.13751,0.13842,6000908.8
2024-09-16 20:00:00+00:00,0.13842,0.13882,0.1368,0.1382,3378406.1
2024-09-17 00:00:00+00:00,0.1382,0.13903,0.13674,0.13864,3035317.1
2024-09-17 04:00:00+00:00,0.13864,0.14275,0.13834,0.1415,5411256.3
2024-09-17 08:00:00+00:00,0.1415,0.14218,0.13977,0.14079,9558197.8
2024-09-17 12:00:00+00:00,0.14079,0.14445,0.13985,0.14331,20492471.0
2024-09-17 16:00:00+00:00,0.14331,0.14376,0.13962,0.1408,10373682.2
2024-09-17 20:00:00+00:00,0.1408,0.14251,0.14032,0.14173,4317483.4
2024-09-18 00:00:00+00:00,0.14173,0.14354,0.13991,0.14229,3920677.2
2024-09-18 04:00:00+00:00,0.14229,0.14234,0.13993,0.14044,2985653.9
2024-09-18 08:00:00+00:00,0.14044,0.1405,0.13496,0.13675,9731595.7
2024-09-18 12:00:00+00:00,0.13675,0.1379,0.13453,0.13488,7579063.3
2024-09-18 16:00:00+00:00,0.13488,0.14308,0.13433,0.14,18111760.6
2024-09-18 20:00:00+00:00,0.14,0.14722,0.13845,0.14699,7870403.2
2024-09-19 00:00:00+00:00,0.14699,0.15117,0.14699,0.14992,14168079.3
2024-09-19 04:00:00+00:00,0.14992,0.1515,0.14926,0.15136,8497786.8
2024-09-19 08:00:00+00:00,0.15136,0.15536,0.14947,0.15519,17216736.4
2024-09-19 12:00:00+00:00,0.15519,0.15653,0.15323,0.15597,17468673.7
2024-09-19 16:00:00+00:00,0.15597,0.15838,0.15392,0.15425,14107089.9
2024-09-19 20:00:00+00:00,0.15425,0.15514,0.15202,0.15385,10482538.4
2024-09-20 00:00:00+00:00,0.15385,0.15664,0.15048,0.15658,13819149.6
2024-09-20 04:00:00+00:00,0.15658,0.16341,0.15594,0.16282,22601536.3
2024-09-20 08:00:00+00:00,0.16282,0.16282,0.15765,0.15894,12912422.9
2024-09-20 12:00:00+00:00,0.15894,0.16126,0.15733,0.15941,21660440.9
2024-09-20 16:00:00+00:00,0.15941,0.15993,0.15614,0.15768,8815331.2
2024-09-20 20:00:00+00:00,0.15768,0.16164,0.1576,0.16093,6160719.5
2024-09-21 00:00:00+00:00,0.16093,0.16568,0.16026,0.1616,11669666.6
2024-09-21 04:00:00+00:00,0.1616,0.16365,0.1595,0.16355,5824460.6
2024-09-21 08:00:00+00:00,0.16355,0.16589,0.16189,0.16372,11127819.6
2024-09-21 12:00:00+00:00,0.16372,0.16665,0.16309,0.16416,7508391.0
2024-09-21 16:00:00+00:00,0.16416,0.16537,0.16372,0.16442,4112437.1
2024-09-21 20:00:00+00:00,0.16442,0.16687,0.1625,0.16608,5724624.0
2024-09-22 00:00:00+00:00,0.16608,0.16613,0.16068,0.16202,7319283.8
2024-09-22 04:00:00+00:00,0.16202,0.1628,0.15943,0.1607,7137178.9
2024-09-22 08:00:00+00:00,0.1607,0.16228,0.1582,0.15966,7902257.4
2024-09-22 12:00:00+00:00,0.15966,0.15989,0.15681,0.15785,8517353.0
2024-09-22 16:00:00+00:00,0.15785,0.16032,0.15639,0.15986,6416612.7
2024-09-22 20:00:00+00:00,0.15986,0.16159,0.15455,0.16027,16159175.6
2024-09-23 00:00:00+00:00,0.16027,0.17283,0.156,0.17072,23324007.5
2024-09-23 04:00:00+00:00,0.17072,0.17781,0.16881,0.17283,27445658.7
2024-09-23 08:00:00+00:00,0.17283,0.17615,0.17145,0.1742,16718444.0
2024-09-23 12:00:00+00:00,0.1742,0.17915,0.17164,0.17665,25589439.9
2024-09-23 16:00:00+00:00,0.17665,0.17765,0.17283,0.17317,13009309.0
2024-09-23 20:00:00+00:00,0.17317,0.17509,0.17209,0.17455,8637483.5
2024-09-24 00:00:00+00:00,0.17455,0.17486,0.16984,0.17224,14465573.2
2024-09-24 04:00:00+00:00,0.17224,0.17611,0.16993,0.17571,10834675.9
2024-09-24 08:00:00+00:00,0.17571,0.17878,0.17511,0.17823,15338200.6
2024-09-24 12:00:00+00:00,0.17823,0.18547,0.1764,0.17893,38578428.9
2024-09-24 16:00:00+00:00,0.17893,0.18458,0.17764,0.18435,16029448.6
2024-09-24 20:00:00+00:00,0.18435,0.18749,0.18305,0.18709,15918288.4
2024-09-25 00:00:00+00:00,0.18709,0.19038,0.18522,0.18595,15612446.6
2024-09-25 04:00:00+00:00,0.18595,0.1861,0.18007,0.18167,11783184.1
2024-09-25 08:00:00+00:00,0.18167,0.18255,0.18028,0.18234,8118959.7
2024-09-25 12:00:00+00:00,0.18234,0.18452,0.17947,0.18164,15740775.4
2024-09-25 16:00:00+00:00,0.18164,0.18356,0.17921,0.17952,11573608.7
2024-09-25 20:00:00+00:00,0.17952,0.18176,0.17705,0.17877,12682302.5
2024-09-26 00:00:00+00:00,0.17877,0.1807,0.17458,0.17852,15091744.9
2024-09-26 04:00:00+00:00,0.17852,0.1869,0.17702,0.18575,12503774.4
2024-09-26 08:00:00+00:00,0.18575,0.18798,0.18328,0.18604,12732927.4
2024-09-26 12:00:00+00:00,0.18604,0.18978,0.18436,0.18867,25997437.5
2024-09-26 16:00:00+00:00,0.18867,0.19088,0.18568,0.18574,14393265.3
2024-09-26 20:00:00+00:00,0.18574,0.18749,0.18325,0.18694,13646494.4
2024-09-27 00:00:00+00:00,0.18694,0.18719,0.18278,0.18681,12150843.9
2024-09-27 04:00:00+00:00,0.18681,0.19046,0.18543,0.18775,14423354.8
2024-09-27 08:00:00+00:00,0.18775,0.19059,0.1858,0.187,11928077.0
2024-09-27 12:00:00+00:00,0.187,0.19296,0.18545,0.19018,19872998.1
2024-09-27 16:00:00+00:00,0.19018,0.19398,0.18828,0.18857,10333126.9
2024-09-27 20:00:00+00:00,0.18857,0.19033,0.18739,0.18838,4917130.8
2024-09-28 00:00:00+00:00,0.18838,0.19032,0.18716,0.18881,5238749.8
2024-09-28 04:00:00+00:00,0.18881,0.1905,0.18445,0.1845,8247801.9
2024-09-28 08:00:00+00:00,0.1845,0.18616,0.18125,0.1845,15761018.9
2024-09-28 12:00:00+00:00,0.1845,0.18572,0.18129,0.18449,10592388.3
2024-09-28 16:00:00+00:00,0.18449,0.18858,0.18304,0.18825,6772125.0
2024-09-28 20:00:00+00:00,0.18825,0.18844,0.18304,0.18644,6439869.0
2024-09-29 00:00:00+00:00,0.18644,0.18819,0.18462,0.1876,6395579.1
2024-09-29 04:00:00+00:00,0.1876,0.1879,0.1807,0.18139,10455689.5
2024-09-29 08:00:00+00:00,0.18139,0.18448,0.18129,0.18305,7485759.4
2024-09-29 12:00:00+00:00,0.18305,0.18524,0.17977,0.18522,11472973.8
2024-09-29 16:00:00+00:00,0.18522,0.19128,0.18386,0.19124,9994708.0
2024-09-29 20:00:00+00:00,0.19124,0.19401,0.18709,0.18831,10701307.6
2024-09-30 00:00:00+00:00,0.18831,0.19059,0.18172,0.18542,14038953.1
2024-09-30 04:00:00+00:00,0.18542,0.19129,0.18282,0.1896,12352602.2
2024-09-30 08:00:00+00:00,0.1896,0.18983,0.18091,0.18424,16376749.1
2024-09-30 12:00:00+00:00,0.18424,0.18505,0.17841,0.17862,14456644.7
2024-09-30 16:00:00+00:00,0.17862,0.1802,0.17696,0.17923,11976219.8
2024-09-30 20:00:00+00:00,0.17923,0.18152,0.17343,0.17531,11841410.0
2024-10-01 00:00:00+00:00,0.17531,0.17914,0.17387,0.17913,9045113.7
2024-10-01 04:00:00+00:00,0.17913,0.18,0.17603,0.17902,11281169.2
2024-10-01 08:00:00+00:00,0.17902,0.18154,0.1781,0.17928,8726453.9
2024-10-01 12:00:00+00:00,0.17928,0.17996,0.16132,0.16614,35328313.5
2024-10-01 16:00:00+00:00,0.16614,0.16717,0.15366,0.16005,35808849.9
2024-10-01 20:00:00+00:00,0.16005,0.16122,0.15671,0.15919,17168342.8
2024-10-02 00:00:00+00:00,0.15919,0.16269,0.15791,0.16192,19074018.5
2024-10-02 04:00:00+00:00,0.16192,0.1639,0.15912,0.16259,10114642.8
2024-10-02 08:00:00+00:00,0.16259,0.16384,0.15595,0.15783,17027245.9
2024-10-02 12:00:00+00:00,0.15783,0.16025,0.1548,0.15926,16624707.9
2024-10-02 16:00:00+00:00,0.15926,0.16239,0.15008,0.15215,22303700.3
2024-10-02 20:00:00+00:00,0.15215,0.15472,0.15062,0.15351,10818647.0
2024-10-03 00:00:00+00:00,0.15351,0.15716,0.15162,0.15712,9313674.2
2024-10-03 04:00:00+00:00,0.15712,0.15836,0.15489,0.15497,6705485.2
2024-10-03 08:00:00+00:00,0.15497,0.15527,0.14978,0.15302,13126713.6
2024-10-03 12:00:00+00:00,0.15302,0.15495,0.1477,0.15123,24246875.2
2024-10-03 16:00:00+00:00,0.15123,0.15198,0.14752,0.15189,11283357.4
2024-10-03 20:00:00+00:00,0.15189,0.15501,0.14975,0.15398,7381545.6
2024-10-04 00:00:00+00:00,0.15398,0.15606,0.1513,0.15275,8272717.7
2024-10-04 04:00:00+00:00,0.15275,0.1554,0.15275,0.15507,4849973.4
2024-10-04 08:00:00+00:00,0.15507,0.15726,0.15402,0.15624,6112016.9
2024-10-04 12:00:00+00:00,0.15624,0.159,0.15367,0.15891,14109918.2
2024-10-04 16:00:00+00:00,0.15891,0.16091,0.15726,0.15861,10622733.2
2024-10-04 20:00:00+00:00,0.15861,0.15965,0.15771,0.15965,6068998.2
2024-10-05 00:00:00+00:00,0.15965,0.16053,0.15577,0.15647,6136186.2
2024-10-05 04:00:00+00:00,0.15647,0.16094,0.15606,0.15991,4795144.3
2024-10-05 08:00:00+00:00,0.15991,0.16234,0.15927,0.16132,6126403.1
2024-10-05 12:00:00+00:00,0.16132,0.16216,0.15807,0.15947,5720228.6
2024-10-05 16:00:00+00:00,0.15947,0.15947,0.15561,0.15588,5613948.3
2024-10-05 20:00:00+00:00,0.15588,0.15829,0.1541,0.15781,6264925.4
2024-10-06 00:00:00+00:00,0.15781,0.15956,0.15678,0.15691,3438963.2
2024-10-06 04:00:00+00:00,0.15691,0.1593,0.15586,0.1585,3595420.2
2024-10-06 08:00:00+00:00,0.1585,0.1611,0.15808,0.16042,5104207.0
2024-10-06 12:00:00+00:00,0.16042,0.16426,0.15991,0.16401,9151231.0
2024-10-06 16:00:00+00:00,0.16401,0.16537,0.16178,0.16228,7364977.1
2024-10-06 20:00:00+00:00,0.16228,0.16453,0.1607,0.16415,3788530.7
2024-10-07 00:00:00+00:00,0.16415,0.1735,0.16305,0.17291,18885916.0
2024-10-07 04:00:00+00:00,0.17291,0.17342,0.16946,0.17124,10751334.3
2024-10-07 08:00:00+00:00,0.17124,0.17134,0.16544,0.1683,12504413.4
2024-10-07 12:00:00+00:00,0.1683,0.17534,0.16672,0.17295,14126996.7
2024-10-07 16:00:00+00:00,0.17295,0.17451,0.16656,0.16901,12493717.9
2024-10-07 20:00:00+00:00,0.16901,0.17007,0.1635,0.16428,9586566.8
2024-10-08 00:00:00+00:00,0.16428,0.16752,0.16428,0.1672,10007065.8
2024-10-08 04:00:00+00:00,0.1672,0.16833,0.16148,0.16393,10986646.5
2024-10-08 08:00:00+00:00,0.16393,0.16483,0.16208,0.16445,7078784.5
2024-10-08 12:00:00+00:00,0.16445,0.16534,0.1592,0.1606,16299242.4
2024-10-08 16:00:00+00:00,0.1606,0.16261,0.15884,0.16091,13898546.3
2024-10-08 20:00:00+00:00,0.16091,0.16167,0.15743,0.15895,5361795.3
2024-10-09 00:00:00+00:00,0.15895,0.16064,0.15726,0.15891,5618501.5
2024-10-09 04:00:00+00:00,0.15891,0.16048,0.1575,0.15832,6078816.5
2024-10-09 08:00:00+00:00,0.15832,0.16032,0.15754,0.16002,6036068.9
2024-10-09 12:00:00+00:00,0.16002,0.16052,0.15494,0.15891,17398756.4
2024-10-09 16:00:00+00:00,0.15891,0.15925,0.15461,0.15607,9113275.1
2024-10-09 20:00:00+00:00,0.15607,0.1563,0.15341,0.15525,9199120.9
2024-10-10 00:00:00+00:00,0.15525,0.15694,0.15395,0.15632,3635035.1
2024-10-10 04:00:00+00:00,0.15632,0.15867,0.15568,0.15606,4681195.9
2024-10-10 08:00:00+00:00,0.15606,0.15675,0.1532,0.15634,7444479.5
2024-10-10 12:00:00+00:00,0.15634,0.15679,0.15126,0.15321,13485151.0
2024-10-10 16:00:00+00:00,0.15321,0.15446,0.14838,0.15178,12461070.0
2024-10-10 20:00:00+00:00,0.15178,0.15428,0.15132,0.15406,5430255.3
2024-10-11 00:00:00+00:00,0.15406,0.15565,0.15305,0.15505,3112389.5
2024-10-11 04:00:00+00:00,0.15505,0.15675,0.15371,0.156,4370851.1
2024-10-11 08:00:00+00:00,0.156,0.15901,0.15589,0.15834,5684851.8
2024-10-11 12:00:00+00:00,0.15834,0.16206,0.15772,0.16122,12045662.0
2024-10-11 16:00:00+00:00,0.16122,0.16428,0.16016,0.16265,11131015.7
2024-10-11 20:00:00+00:00,0.16265,0.16413,0.1617,0.16261,4733973.2
2024-10-12 00:00:00+00:00,0.16261,0.164,0.16054,0.16143,3878046.1
2024-10-12 04:00:00+00:00,0.16143,0.16473,0.16143,0.16438,5925460.8
2024-10-12 08:00:00+00:00,0.16438,0.1663,0.16356,0.1646,8014902.0
2024-10-12 12:00:00+00:00,0.1646,0.16888,0.16357,0.16692,10391102.0
2024-10-12 16:00:00+00:00,0.16692,0.16832,0.16489,0.1655,6930581.3
2024-10-12 20:00:00+00:00,0.1655,0.16745,0.16533,0.16629,2947810.3
2024-10-13 00:00:00+00:00,0.16629,0.16686,0.16219,0.16243,7445551.5
2024-10-13 04:00:00+00:00,0.16243,0.16538,0.16243,0.16356,4149183.5
2024-10-13 08:00:00+00:00,0.16356,0.16443,0.16062,0.1608,4777492.9
2024-10-13 12:00:00+00:00,0.1608,0.16262,0.15787,0.15869,7580589.2
2024-10-13 16:00:00+00:00,0.15869,0.16118,0.15802,0.16057,6585358.1
2024-10-13 20:00:00+00:00,0.16057,0.16773,0.16018,0.16574,7377073.2
2024-10-14 00:00:00+00:00,0.16574,0.17468,0.16276,0.1745,10786345.5
2024-10-14 04:00:00+00:00,0.1745,0.1782,0.17235,0.17631,19725722.5
2024-10-14 08:00:00+00:00,0.17631,0.17839,0.17491,0.1756,14154250.3
2024-10-14 12:00:00+00:00,0.1756,0.17766,0.17392,0.17644,13122801.0
2024-10-14 16:00:00+00:00,0.17644,0.17777,0.17412,0.17673,9264485.6
2024-10-14 20:00:00+00:00,0.17673,0.17891,0.17518,0.17762,7721672.5
2024-10-15 00:00:00+00:00,0.17762,0.17967,0.17479,0.17522,12862585.2
2024-10-15 04:00:00+00:00,0.17522,0.17862,0.17417,0.17735,9804456.2
2024-10-15 08:00:00+00:00,0.17735,0.1779,0.17085,0.17172,12206936.6
2024-10-15 12:00:00+00:00,0.17172,0.17982,0.16788,0.17216,28654342.5
2024-10-15 16:00:00+00:00,0.17216,0.17626,0.17093,0.17167,10914041.4
2024-10-15 20:00:00+00:00,0.17167,0.1738,0.16892,0.17372,6653632.0
2024-10-16 00:00:00+00:00,0.17372,0.17458,0.17097,0.1728,5154843.0
2024-10-16 04:00:00+00:00,0.1728,0.17398,0.16988,0.17022,6002955.5
2024-10-16 08:00:00+00:00,0.17022,0.1754,0.16969,0.17353,7296263.2
2024-10-16 12:00:00+00:00,0.17353,0.17438,0.16892,0.16999,9064901.4
2024-10-16 16:00:00+00:00,0.16999,0.17089,0.16812,0.16869,4957169.4
2024-10-16 20:00:00+00:00,0.16869,0.16971,0.16733,0.16755,4958044.1
2024-10-17 00:00:00+00:00,0.16755,0.16992,0.16708,0.1684,6634476.7
2024-10-17 04:00:00+00:00,0.1684,0.16872,0.16438,0.16594,6190260.1
2024-10-17 08:00:00+00:00,0.16594,0.16688,0.16277,0.16325,7171287.2
2024-10-17 12:00:00+00:00,0.16325,0.16695,0.16284,0.1657,11853619.8
2024-10-17 16:00:00+00:00,0.1657,0.1657,0.16162,0.16352,7913883.4
2024-10-17 20:00:00+00:00,0.16352,0.16456,0.16315,0.16388,3541711.7
2024-10-18 00:00:00+00:00,0.16388,0.16634,0.16218,0.16441,10216514.9
2024-10-18 04:00:00+00:00,0.16441,0.16641,0.16441,0.16562,6007802.9
2024-10-18 08:00:00+00:00,0.16562,0.16637,0.16423,0.16427,4143613.9
2024-10-18 12:00:00+00:00,0.16427,0.16673,0.1625,0.16638,9629357.7
2024-10-18 16:00:00+00:00,0.16638,0.1687,0.16502,0.16738,7279496.8
2024-10-18 20:00:00+00:00,0.16738,0.16912,0.16654,0.16906,3615076.3
2024-10-19 00:00:00+00:00,0.16906,0.1722,0.16867,0.1704,4409037.7
2024-10-19 04:00:00+00:00,0.1704,0.17138,0.16916,0.16959,3682981.3
2024-10-19 08:00:00+00:00,0.16959,0.17033,0.16646,0.16655,5169441.0
2024-10-19 12:00:00+00:00,0.16655,0.16886,0.16655,0.16778,2946603.6
2024-10-19 16:00:00+00:00,0.16778,0.16782,0.16547,0.16584,6446305.1
2024-10-19 20:00:00+00:00,0.16584,0.16744,0.16565,0.16692,2792613.6
2024-10-20 00:00:00+00:00,0.16692,0.16779,0.1644,0.16544,4279475.4
2024-10-20 04:00:00+00:00,0.16544,0.16727,0.16502,0.16655,4633296.6
2024-10-20 08:00:00+00:00,0.16655,0.17111,0.16646,0.17106,4765877.3
2024-10-20 12:00:00+00:00,0.17106,0.182,0.1692,0.17583,23233276.6
2024-10-20 16:00:00+00:00,0.17583,0.17696,0.17382,0.1742,6544552.4
2024-10-20 20:00:00+00:00,0.1742,0.17953,0.17408,0.17908,9499201.2
2024-10-21 00:00:00+00:00,0.17908,0.18002,0.17498,0.17585,8122043.1
2024-10-21 04:00:00+00:00,0.17585,0.17718,0.1744,0.1746,5587704.5
2024-10-21 08:00:00+00:00,0.1746,0.17578,0.17115,0.17255,13366897.7
2024-10-21 12:00:00+00:00,0.17255,0.17351,0.1686,0.17055,12671601.9
2024-10-21 16:00:00+00:00,0.17055,0.17146,0.1682,0.17076,7330730.4
2024-10-21 20:00:00+00:00,0.17076,0.17193,0.16922,0.16925,3769593.8
2024-10-22 00:00:00+00:00,0.16925,0.1723,0.16663,0.17104,10451300.4
2024-10-22 04:00:00+00:00,0.17104,0.17286,0.17009,0.17016,5816724.5
2024-10-22 08:00:00+00:00,0.17016,0.17016,0.16586,0.16821,11392286.2
2024-10-22 12:00:00+00:00,0.16821,0.16896,0.16528,0.16785,11162024.1
2024-10-22 16:00:00+00:00,0.16785,0.16789,0.16574,0.16692,7275083.1
2024-10-22 20:00:00+00:00,0.16692,0.16846,0.16642,0.16737,4381246.3
2024-10-23 00:00:00+00:00,0.16737,0.16777,0.16453,0.16538,5014798.0
2024-10-23 04:00:00+00:00,0.16538,0.16574,0.16334,0.16366,5448574.5
2024-10-23 08:00:00+00:00,0.16366,0.16485,0.16084,0.16118,13019480.3
2024-10-23 12:00:00+00:00,0.16118,0.16251,0.15876,0.1605,10451428.3
2024-10-23 16:00:00+00:00,0.1605,0.16064,0.15628,0.15992,14562866.7
2024-10-23 20:00:00+00:00,0.15992,0.1612,0.15954,0.16094,4545240.9
2024-10-24 00:00:00+00:00,0.16094,0.16407,0.16,0.16313,4707368.2
2024-10-24 04:00:00+00:00,0.16313,0.16467,0.16175,0.16195,3805298.4
2024-10-24 08:00:00+00:00,0.16195,0.16279,0.15925,0.16259,8794830.7
2024-10-24 12:00:00+00:00,0.16259,0.16367,0.16168,0.16271,6130065.2
2024-10-24 16:00:00+00:00,0.16271,0.16399,0.16195,0.16365,4457902.3
2024-10-24 20:00:00+00:00,0.16365,0.16512,0.16273,0.16377,5827049.5
2024-10-25 00:00:00+00:00,0.16377,0.16454,0.16148,0.16194,2729110.6
2024-10-25 04:00:00+00:00,0.16194,0.16216,0.15832,0.15966,8194032.6
2024-10-25 08:00:00+00:00,0.15966,0.16268,0.15856,0.16241,4980253.2
2024-10-25 12:00:00+00:00,0.16241,0.16415,0.16045,0.16128,7060666.3
2024-10-25 16:00:00+00:00,0.16128,0.16249,0.15576,0.15868,14097797.0
2024-10-25 20:00:00+00:00,0.15868,0.16061,0.14491,0.15182,23639873.9
2024-10-26 00:00:00+00:00,0.15182,0.15381,0.1496,0.15344,8836093.0
2024-10-26 04:00:00+00:00,0.15344,0.15402,0.15272,0.15304,4645875.6
2024-10-26 08:00:00+00:00,0.15304,0.15415,0.15219,0.15286,3085909.7
2024-10-26 12:00:00+00:00,0.15286,0.15289,0.14783,0.14888,9150466.3
2024-10-26 16:00:00+00:00,0.14888,0.15153,0.14835,0.15128,4046413.3
2024-10-26 20:00:00+00:00,0.15128,0.15312,0.15099,0.15187,3586991.8
2024-10-27 00:00:00+00:00,0.15187,0.15223,0.15032,0.15216,4592220.3
2024-10-27 04:00:00+00:00,0.15216,0.15252,0.15121,0.15134,1426448.7
2024-10-27 08:00:00+00:00,0.15134,0.15248,0.15041,0.15177,5792405.7
2024-10-27 12:00:00+00:00,0.15177,0.15473,0.15175,0.15443,4304069.3
2024-10-27 16:00:00+00:00,0.15443,0.15534,0.15348,0.1541,2888196.2
2024-10-27 20:00:00+00:00,0.1541,0.15659,0.15379,0.15517,4209069.6
2024-10-28 00:00:00+00:00,0.15517,0.15553,0.1504,0.1508,4086375.0
2024-10-28 04:00:00+00:00,0.1508,0.15486,0.14939,0.15389,4407260.4
2024-10-28 08:00:00+00:00,0.15389,0.15488,0.15262,0.15321,5462302.0
2024-10-28 12:00:00+00:00,0.15321,0.15372,0.14925,0.14929,8562496.3
2024-10-28 16:00:00+00:00,0.14929,0.15265,0.14783,0.1516,11622680.5
2024-10-28 20:00:00+00:00,0.1516,0.15736,0.15139,0.15618,6954713.4
2024-10-29 00:00:00+00:00,0.15618,0.15952,0.15508,0.15895,7095702.6
2024-10-29 04:00:00+00:00,0.15895,0.15946,0.15661,0.15716,4132969.5
2024-10-29 08:00:00+00:00,0.15716,0.16081,0.15716,0.15966,10485827.8
2024-10-29 12:00:00+00:00,0.15966,0.16029,0.15701,0.15876,11724470.2
2024-10-29 16:00:00+00:00,0.15876,0.16139,0.15785,0.15822,10948101.0
2024-10-29 20:00:00+00:00,0.15822,0.16069,0.15659,0.16051,6752247.3
2024-10-30 00:00:00+00:00,0.16051,0.16063,0.15793,0.15995,5274155.5
2024-10-30 04:00:00+00:00,0.15995,0.16114,0.15858,0.15881,2887908.8
2024-10-30 08:00:00+00:00,0.15881,0.15975,0.15621,0.15635,5512275.2
2024-10-30 12:00:00+00:00,0.15635,0.16009,0.15552,0.15711,8823784.0
2024-10-30 16:00:00+00:00,0.15711,0.15849,0.15642,0.15714,4810463.2
2024-10-30 20:00:00+00:00,0.15714,0.1593,0.15618,0.1571,5226649.4
2024-10-31 00:00:00+00:00,0.1571,0.15759,0.15434,0.15506,4387912.7
2024-10-31 04:00:00+00:00,0.15506,0.1551,0.15262,0.15378,4201195.3
2024-10-31 08:00:00+00:00,0.15378,0.15421,0.15206,0.15297,4371896.7
2024-10-31 12:00:00+00:00,0.15297,0.15311,0.14878,0.14939,15563362.5
2024-10-31 16:00:00+00:00,0.14939,0.14979,0.1462,0.14626,8502238.3
2024-10-31 20:00:00+00:00,0.14626,0.148,0.14569,0.14713,5900071.5
2024-11-01 00:00:00+00:00,0.14713,0.14761,0.14337,0.14614,8766314.5
2024-11-01 04:00:00+00:00,0.14614,0.14732,0.14348,0.14442,5231684.3
2024-11-01 08:00:00+00:00,0.14442,0.1485,0.14423,0.14812,8655098.2
2024-11-01 12:00:00+00:00,0.14812,0.1526,0.14497,0.14651,13351076.1
2024-11-01 16:00:00+00:00,0.14651,0.14979,0.14619,0.14718,9251438.7
2024-11-01 20:00:00+00:00,0.14718,0.14792,0.14301,0.14512,13910623.0
2024-11-02 00:00:00+00:00,0.14512,0.14681,0.14501,0.14517,2945536.3
2024-11-02 04:00:00+00:00,0.14517,0.14622,0.14424,0.14608,2772189.4
2024-11-02 08:00:00+00:00,0.14608,0.14632,0.14417,0.14455,3303031.6
2024-11-02 12:00:00+00:00,0.14455,0.14479,0.1413,0.14284,7578975.1
2024-11-02 16:00:00+00:00,0.14284,0.14404,0.14141,0.14267,4305741.7
2024-11-02 20:00:00+00:00,0.14267,0.14373,0.14181,0.14308,2531363.5
2024-11-03 00:00:00+00:00,0.14308,0.14403,0.13755,0.13944,9668038.3
2024-11-03 04:00:00+00:00,0.13944,0.14188,0.1394,0.14024,3759829.6
2024-11-03 08:00:00+00:00,0.14024,0.14024,0.13653,0.13674,5094225.7
2024-11-03 12:00:00+00:00,0.13674,0.13752,0.13164,0.1348,14612027.4
2024-11-03 16:00:00+00:00,0.1348,0.13615,0.13153,0.13499,8655665.1
2024-11-03 20:00:00+00:00,0.13499,0.13772,0.13438,0.13637,8024322.3
2024-11-04 00:00:00+00:00,0.13637,0.13967,0.13445,0.13765,8898810.1
2024-11-04 04:00:00+00:00,0.13765,0.13846,0.13492,0.13514,4335061.6
2024-11-04 08:00:00+00:00,0.13514,0.1371,0.1346,0.1362,5240508.6
2024-11-04 12:00:00+00:00,0.1362,0.13735,0.13338,0.13385,5678180.9
2024-11-04 16:00:00+00:00,0.13385,0.13385,0.1311,0.1318,8517926.7
2024-11-04 20:00:00+00:00,0.1318,0.13225,0.12836,0.13085,9531656.0
2024-11-05 00:00:00+00:00,0.13085,0.13293,0.13051,0.13283,5420443.3
2024-11-05 04:00:00+00:00,0.13283,0.13497,0.1328,0.13486,3245520.9
2024-11-05 08:00:00+00:00,0.13486,0.13597,0.13405,0.13575,3844985.3
2024-11-05 12:00:00+00:00,0.13575,0.14128,0.1349,0.13791,12677028.1
2024-11-05 16:00:00+00:00,0.13791,0.14076,0.13654,0.13719,9332578.9
2024-11-05 20:00:00+00:00,0.13719,0.13965,0.13667,0.13859,4992534.8
2024-11-06 00:00:00+00:00,0.13859,0.14972,0.13859,0.14846,18236953.4
2024-11-06 04:00:00+00:00,0.14846,0.15127,0.14714,0.14888,16669777.4
2024-11-06 08:00:00+00:00,0.14888,0.15054,0.14543,0.14995,10253257.8
2024-11-06 12:00:00+00:00,0.14995,0.15075,0.14763,0.14941,8098308.5
2024-11-06 16:00:00+00:00,0.14941,0.15137,0.14896,0.1512,5758046.1
2024-11-06 20:00:00+00:00,0.1512,0.15488,0.15075,0.15403,7500228.0
2024-11-07 00:00:00+00:00,0.15403,0.159,0.15273,0.15748,12697570.0
2024-11-07 04:00:00+00:00,0.15748,0.15773,0.15312,0.1543,7555421.8
2024-11-07 08:00:00+00:00,0.1543,0.15578,0.15253,0.15267,5063020.7
2024-11-07 12:00:00+00:00,0.15267,0.15695,0.15161,0.15694,9872793.7
2024-11-07 16:00:00+00:00,0.15694,0.15788,0.15514,0.15707,10670450.5
2024-11-07 20:00:00+00:00,0.15707,0.16016,0.15521,0.15693,13279468.5
2024-11-08 00:00:00+00:00,0.15693,0.15999,0.15415,0.15535,12963125.2
2024-11-08 04:00:00+00:00,0.15535,0.15686,0.15385,0.15561,5976172.3
2024-11-08 08:00:00+00:00,0.15561,0.15616,0.153,0.15487,7233992.5
2024-11-08 12:00:00+00:00,0.15487,0.15783,0.15441,0.1562,12927610.3
2024-11-08 16:00:00+00:00,0.1562,0.158,0.15223,0.1572,14941024.7
2024-11-08 20:00:00+00:00,0.1572,0.1638,0.15482,0.16341,13461787.8
2024-11-09 00:00:00+00:00,0.16341,0.16394,0.15791,0.15807,11645363.1
2024-11-09 04:00:00+00:00,0.15807,0.16637,0.15807,0.16576,10870679.3
2024-11-09 08:00:00+00:00,0.16576,0.17108,0.16486,0.16924,17412690.5
2024-11-09 12:00:00+00:00,0.16924,0.1695,0.1637,0.16566,13074373.3
2024-11-09 16:00:00+00:00,0.16566,0.16621,0.16221,0.16492,14783864.4
2024-11-09 20:00:00+00:00,0.16492,0.17298,0.16426,0.17134,11559869.0
2024-11-10 00:00:00+00:00,0.17134,0.17365,0.17,0.1729,11421321.2
2024-11-10 04:00:00+00:00,0.1729,0.17704,0.17229,0.17681,16327619.2
2024-11-10 08:00:00+00:00,0.17681,0.17991,0.17615,0.17896,11529647.8
2024-11-10 12:00:00+00:00,0.17896,0.18437,0.17521,0.18326,20047942.3
2024-11-10 16:00:00+00:00,0.18326,0.18538,0.172,0.17832,28059164.8
2024-11-10 20:00:00+00:00,0.17832,0.17942,0.16806,0.17852,24114130.2
2024-11-11 00:00:00+00:00,0.17852,0.18975,0.17767,0.18662,23034781.0
2024-11-11 04:00:00+00:00,0.18662,0.18934,0.17586,0.18172,30237739.8
2024-11-11 08:00:00+00:00,0.18172,0.18684,0.18087,0.18612,17951523.9
2024-11-11 12:00:00+00:00,0.18612,0.18639,0.17974,0.18414,16554594.2
2024-11-11 16:00:00+00:00,0.18414,0.19037,0.18324,0.18684,20849431.5
2024-11-11 20:00:00+00:00,0.18684,0.20047,0.18534,0.19992,27629259.0
2024-11-12 00:00:00+00:00,0.19992,0.20777,0.19034,0.20674,37000554.8
2024-11-12 04:00:00+00:00,0.20674,0.2082,0.19867,0.20473,19951846.2
2024-11-12 08:00:00+00:00,0.20473,0.211,0.18493,0.19422,53260345.5
2024-11-12 12:00:00+00:00,0.19422,0.19535,0.18541,0.18676,23240048.3
2024-11-12 16:00:00+00:00,0.18676,0.19189,0.18222,0.18966,17656756.9
2024-11-12 20:00:00+00:00,0.18966,0.19546,0.18728,0.19122,12248262.0
2024-11-13 00:00:00+00:00,0.19122,0.19504,0.18169,0.18202,15496088.0
2024-11-13 04:00:00+00:00,0.18202,0.18436,0.17328,0.17736,18930100.2
2024-11-13 08:00:00+00:00,0.17736,0.17961,0.17397,0.17794,13483423.2
2024-11-13 12:00:00+00:00,0.17794,0.19063,0.176,0.19058,23209285.4
2024-11-13 16:00:00+00:00,0.19058,0.19306,0.17813,0.17849,28299745.2
2024-11-13 20:00:00+00:00,0.17849,0.18105,0.17472,0.18072,28798559.3
2024-11-14 00:00:00+00:00,0.18072,0.18137,0.17593,0.17956,10235627.3
2024-11-14 04:00:00+00:00,0.17956,0.18811,0.17873,0.18459,10046166.2
2024-11-14 08:00:00+00:00,0.18459,0.18615,0.17621,0.17892,17645864.8
2024-11-14 12:00:00+00:00,0.17892,0.17986,0.17064,0.17228,26288978.0
2024-11-14 16:00:00+00:00,0.17228,0.17836,0.17084,0.17596,12742690.5
2024-11-14 20:00:00+00:00,0.17596,0.17764,0.16985,0.1722,17510705.1
2024-11-15 00:00:00+00:00,0.1722,0.17468,0.16915,0.17242,13177650.5
2024-11-15 04:00:00+00:00,0.17242,0.17315,0.1667,0.17074,14131698.3
2024-11-15 08:00:00+00:00,0.17074,0.17704,0.16874,0.17703,10178465.2
2024-11-15 12:00:00+00:00,0.17703,0.1785,0.16957,0.17103,18101499.3
2024-11-15 16:00:00+00:00,0.17103,0.17899,0.16986,0.17757,11144544.7
2024-11-15 20:00:00+00:00,0.17757,0.18513,0.17751,0.18465,9743549.6
2024-11-16 00:00:00+00:00,0.18465,0.19615,0.18426,0.19527,9728589.9
2024-11-16 04:00:00+00:00,0.19527,0.19565,0.18907,0.19387,10677530.6
2024-11-16 08:00:00+00:00,0.19387,0.20612,0.19387,0.20177,46008646.4
2024-11-16 12:00:00+00:00,0.20177,0.2057,0.1968,0.19942,26037940.9
2024-11-16 16:00:00+00:00,0.19942,0.21014,0.19731,0.20835,25303528.3
2024-11-16 20:00:00+00:00,0.20835,0.21012,0.20454,0.20958,19906136.5
2024-11-17 00:00:00+00:00,0.20958,0.2096,0.19317,0.20075,20667352.4
2024-11-17 04:00:00+00:00,0.20075,0.20381,0.1988,0.20129,13144736.3
2024-11-17 08:00:00+00:00,0.20129,0.2042,0.19755,0.19762,12831890.1
2024-11-17 12:00:00+00:00,0.19762,0.202,0.19754,0.19845,17210341.1
2024-11-17 16:00:00+00:00,0.19845,0.1996,0.19171,0.1938,8688973.6
2024-11-17 20:00:00+00:00,0.1938,0.19478,0.18808,0.1924,11447025.0
2024-11-18 00:00:00+00:00,0.1924,0.20267,0.19014,0.20228,11326661.8
2024-11-18 04:00:00+00:00,0.20228,0.20449,0.19728,0.20433,9531609.5
2024-11-18 08:00:00+00:00,0.20433,0.20936,0.20101,0.2028,26103407.4
2024-11-18 12:00:00+00:00,0.2028,0.21833,0.20173,0.21705,36494941.6
2024-11-18 16:00:00+00:00,0.21705,0.22335,0.20854,0.21312,35610380.7
2024-11-18 20:00:00+00:00,0.21312,0.22021,0.21195,0.21874,15516183.2
2024-11-19 00:00:00+00:00,0.21874,0.22278,0.2143,0.21496,11444294.4
2024-11-19 04:00:00+00:00,0.21496,0.21577,0.21225,0.21333,7696729.3
2024-11-19 08:00:00+00:00,0.21333,0.22816,0.20892,0.22435,29924400.0
2024-11-19 12:00:00+00:00,0.22435,0.24564,0.22285,0.23659,90584362.9
2024-11-19 16:00:00+00:00,0.23659,0.24776,0.23413,0.23728,52775274.6
2024-11-19 20:00:00+00:00,0.23728,0.24045,0.22662,0.2335,29057952.7
2024-11-20 00:00:00+00:00,0.2335,0.23379,0.21804,0.22322,24707267.5
2024-11-20 04:00:00+00:00,0.22322,0.22331,0.21903,0.22251,19604540.1
2024-11-20 08:00:00+00:00,0.22251,0.23624,0.2222,0.22835,36703462.8
2024-11-20 12:00:00+00:00,0.22835,0.24079,0.22479,0.2354,39784966.9
2024-11-20 16:00:00+00:00,0.2354,0.23963,0.22049,0.22252,44980967.7
2024-11-20 20:00:00+00:00,0.22252,0.22842,0.21966,0.22087,19007217.2
2024-11-21 00:00:00+00:00,0.22087,0.22385,0.21087,0.21437,24999512.0
2024-11-21 04:00:00+00:00,0.21437,0.22211,0.21306,0.21704,19965643.8
2024-11-21 08:00:00+00:00,0.21704,0.21768,0.20987,0.21416,15851245.1
2024-11-21 12:00:00+00:00,0.21416,0.2281,0.2119,0.21636,45526350.3
2024-11-21 16:00:00+00:00,0.21636,0.22603,0.21597,0.21944,28884797.6
2024-11-21 20:00:00+00:00,0.21944,0.22216,0.21829,0.22196,12127648.9
2024-11-22 00:00:00+00:00,0.22196,0.22288,0.21505,0.22146,21170645.3
2024-11-22 04:00:00+00:00,0.22146,0.22512,0.21844,0.21887,15410189.7
2024-11-22 08:00:00+00:00,0.21887,0.22261,0.21541,0.21984,14093550.7
2024-11-22 12:00:00+00:00,0.21984,0.22277,0.21095,0.21739,29530751.5
2024-11-22 16:00:00+00:00,0.21739,0.22535,0.21408,0.22156,22472903.8
2024-11-22 20:00:00+00:00,0.22156,0.24061,0.2209,0.23773,25724090.3
2024-11-23 00:00:00+00:00,0.23773,0.24675,0.23388,0.23939,36243371.5
2024-11-23 04:00:00+00:00,0.23939,0.24758,0.23618,0.24665,23499427.9
2024-11-23 08:00:00+00:00,0.24665,0.25806,0.24506,0.2518,37442315.2
2024-11-23 12:00:00+00:00,0.2518,0.2558,0.24396,0.25304,39162770.0
2024-11-23 16:00:00+00:00,0.25304,0.2553,0.2379,0.2405,42519237.1
2024-11-23 20:00:00+00:00,0.2405,0.24316,0.23186,0.23964,22360819.1
2024-11-24 00:00:00+00:00,0.23964,0.25773,0.23776,0.25669,21854269.7
2024-11-24 04:00:00+00:00,0.25669,0.26396,0.2501,0.26277,31153840.9
2024-11-24 08:00:00+00:00,0.26277,0.26463,0.24141,0.24145,28123381.9
2024-11-24 12:00:00+00:00,0.24145,0.24532,0.22893,0.22917,36139533.3
2024-11-24 16:00:00+00:00,0.22917,0.23976,0.22793,0.23699,23005862.4
2024-11-24 20:00:00+00:00,0.23699,0.26185,0.2359,0.2602,23980716.4
2024-11-25 00:00:00+00:00,0.2602,0.27037,0.2524,0.25618,40451258.4
2024-11-25 04:00:00+00:00,0.25618,0.25999,0.25252,0.25549,12809448.1
2024-11-25 08:00:00+00:00,0.25549,0.26754,0.254,0.25933,19544236.4
2024-11-25 12:00:00+00:00,0.25933,0.26354,0.2437,0.25594,30861396.0
2024-11-25 16:00:00+00:00,0.25594,0.25752,0.24536,0.25026,19134390.2
2024-11-25 20:00:00+00:00,0.25026,0.25454,0.2397,0.24413,23710335.6
2024-11-26 00:00:00+00:00,0.24413,0.25273,0.24179,0.24962,15919037.8
2024-11-26 04:00:00+00:00,0.24962,0.25624,0.24358,0.24559,12005448.5
2024-11-26 08:00:00+00:00,0.24559,0.24574,0.22846,0.23433,23304396.1
2024-11-26 12:00:00+00:00,0.23433,0.23959,0.22959,0.23326,16462543.4
2024-11-26 16:00:00+00:00,0.23326,0.24102,0.23025,0.23414,17146407.5
2024-11-26 20:00:00+00:00,0.23414,0.2434,0.23307,0.24259,12397520.6
2024-11-27 00:00:00+00:00,0.24259,0.24417,0.236,0.24011,15851768.8
2024-11-27 04:00:00+00:00,0.24011,0.24667,0.2383,0.24551,11160578.3
2024-11-27 08:00:00+00:00,0.24551,0.24952,0.24045,0.24548,11213207.5
2024-11-27 12:00:00+00:00,0.24548,0.2538,0.24166,0.25182,16052979.9
2024-11-27 16:00:00+00:00,0.25182,0.26045,0.25087,0.2578,15963638.0
2024-11-27 20:00:00+00:00,0.2578,0.26172,0.25439,0.25705,15409909.2
2024-11-28 00:00:00+00:00,0.25705,0.25917,0.24943,0.25177,9809590.2
2024-11-28 04:00:00+00:00,0.25177,0.25805,0.25055,0.25138,7846603.6
2024-11-28 08:00:00+00:00,0.25138,0.25341,0.24722,0.25072,11842945.6
2024-11-28 12:00:00+00:00,0.25072,0.25499,0.24652,0.24724,14649139.2
2024-11-28 16:00:00+00:00,0.24724,0.27311,0.24724,0.27147,33459026.2
2024-11-28 20:00:00+00:00,0.27147,0.2802,0.26489,0.27482,23635575.4
2024-11-29 00:00:00+00:00,0.27482,0.27516,0.26598,0.26607,14272530.7
2024-11-29 04:00:00+00:00,0.26607,0.26836,0.26159,0.26168,9835139.3
2024-11-29 08:00:00+00:00,0.26168,0.26961,0.26168,0.26929,9191037.5
2024-11-29 12:00:00+00:00,0.26929,0.27667,0.26852,0.2722,17268774.0
2024-11-29 16:00:00+00:00,0.2722,0.27859,0.27165,0.27814,11606278.7
2024-11-29 20:00:00+00:00,0.27814,0.29393,0.2775,0.28721,18394931.2
2024-11-30 00:00:00+00:00,0.28721,0.28862,0.27877,0.28003,14252111.8
2024-11-30 04:00:00+00:00,0.28003,0.28548,0.27965,0.28332,12381959.9
2024-11-30 08:00:00+00:00,0.28332,0.2899,0.27763,0.2826,14234917.4
2024-11-30 12:00:00+00:00,0.2826,0.29469,0.28135,0.2932,15362114.3
2024-11-30 16:00:00+00:00,0.2932,0.29584,0.29025,0.29434,15797918.9
2024-11-30 20:00:00+00:00,0.29434,0.2965,0.28656,0.28989,13348780.8
2024-12-01 00:00:00+00:00,0.28989,0.29027,0.27744,0.28338,17204214.6
2024-12-01 04:00:00+00:00,0.28338,0.29298,0.28206,0.28673,12643001.7
2024-12-01 08:00:00+00:00,0.28673,0.29562,0.28523,0.2924,10214998.5
2024-12-01 12:00:00+00:00,0.2924,0.29514,0.28895,0.2915,9193720.6
2024-12-01 16:00:00+00:00,0.2915,0.29215,0.28457,0.2877,8371358.6
2024-12-01 20:00:00+00:00,0.2877,0.2917,0.28285,0.28895,10208802.7
2024-12-02 00:00:00+00:00,0.28895,0.29321,0.28062,0.28167,17011302.1
2024-12-02 04:00:00+00:00,0.28167,0.29724,0.27717,0.28957,22673065.5
2024-12-02 08:00:00+00:00,0.28957,0.29072,0.27013,0.27205,29001311.5
2024-12-02 12:00:00+00:00,0.27205,0.28812,0.27122,0.28597,20751451.0
2024-12-02 16:00:00+00:00,0.28597,0.28623,0.27132,0.2805,21013611.1
2024-12-02 20:00:00+00:00,0.2805,0.30073,0.27966,0.29867,29404610.5
2024-12-03 00:00:00+00:00,0.29867,0.30896,0.2963,0.30663,26527374.6
2024-12-03 04:00:00+00:00,0.30663,0.31625,0.29855,0.30346,26842213.9
2024-12-03 08:00:00+00:00,0.30346,0.31348,0.30179,0.30566,18214094.8
2024-12-03 12:00:00+00:00,0.30566,0.30771,0.27492,0.2909,48241849.6
2024-12-03 16:00:00+00:00,0.2909,0.29713,0.28301,0.294,21165707.9
2024-12-03 20:00:00+00:00,0.294,0.32866,0.29355,0.31879,53391020.0
2024-12-04 00:00:00+00:00,0.31879,0.32321,0.30864,0.31948,23556228.0
2024-12-04 04:00:00+00:00,0.31948,0.3245,0.31755,0.31977,9886286.3
2024-12-04 08:00:00+00:00,0.31977,0.33088,0.31882,0.3287,12675326.0
2024-12-04 12:00:00+00:00,0.3287,0.33559,0.32024,0.32996,23109153.3
2024-12-04 16:00:00+00:00,0.32996,0.33177,0.3122,0.32956,30319165.6
2024-12-04 20:00:00+00:00,0.32956,0.33439,0.31784,0.32274,18555776.7
2024-12-05 00:00:00+00:00,0.32274,0.32962,0.30626,0.32074,33781740.3
2024-12-05 04:00:00+00:00,0.32074,0.3279,0.31731,0.32709,15480906.3
2024-12-05 08:00:00+00:00,0.32709,0.32835,0.32184,0.32779,10092495.4
2024-12-05 12:00:00+00:00,0.32779,0.3337,0.32517,0.3331,19602655.0
2024-12-05 16:00:00+00:00,0.3331,0.34895,0.33217,0.33658,31430670.5
2024-12-05 20:00:00+00:00,0.33658,0.34391,0.32278,0.32705,26230283.9
2024-12-06 00:00:00+00:00,0.32705,0.34723,0.32224,0.33724,28727202.6
2024-12-06 04:00:00+00:00,0.33724,0.3455,0.3364,0.34034,12821197.3
2024-12-06 08:00:00+00:00,0.34034,0.34363,0.32703,0.33261,14418778.8
2024-12-06 12:00:00+00:00,0.33261,0.33828,0.3194,0.33213,20873483.7
2024-12-06 16:00:00+00:00,0.33213,0.347,0.32936,0.34062,25089277.2
2024-12-06 20:00:00+00:00,0.34062,0.34656,0.33573,0.33722,11342788.8
2024-12-07 00:00:00+00:00,0.33722,0.34136,0.32968,0.33054,8812386.4
2024-12-07 04:00:00+00:00,0.33054,0.33411,0.32739,0.3288,8193730.4
2024-12-07 08:00:00+00:00,0.3288,0.33448,0.32652,0.33326,10128288.7
2024-12-07 12:00:00+00:00,0.33326,0.33483,0.3284,0.33046,11385874.1
2024-12-07 16:00:00+00:00,0.33046,0.33116,0.3234,0.32584,10367158.6
2024-12-07 20:00:00+00:00,0.32584,0.32946,0.32432,0.32641,4689589.0
2024-12-08 00:00:00+00:00,0.32641,0.32866,0.32326,0.32391,6548493.9
2024-12-08 04:00:00+00:00,0.32391,0.32584,0.31684,0.32468,9599782.3
2024-12-08 08:00:00+00:00,0.32468,0.32528,0.31547,0.32084,8154956.0
2024-12-08 12:00:00+00:00,0.32084,0.32378,0.31666,0.32126,6911065.3
2024-12-08 16:00:00+00:00,0.32126,0.32279,0.3167,0.3206,5557321.9
2024-12-08 20:00:00+00:00,0.3206,0.32448,0.31403,0.32346,9118997.1
2024-12-09 00:00:00+00:00,0.32346,0.32413,0.30343,0.30697,16638345.8
2024-12-09 04:00:00+00:00,0.30697,0.31065,0.29773,0.30197,14959713.1
2024-12-09 08:00:00+00:00,0.30197,0.30202,0.28614,0.28737,24725066.0
2024-12-09 12:00:00+00:00,0.28737,0.30145,0.28445,0.29231,22126655.7
2024-12-09 16:00:00+00:00,0.29231,0.29424,0.28784,0.28804,9216502.2
2024-12-09 20:00:00+00:00,0.28804,0.28872,0.22418,0.26548,111964396.8
2024-12-10 00:00:00+00:00,0.26548,0.27288,0.2494,0.25967,27431662.2
2024-12-10 04:00:00+00:00,0.25967,0.26986,0.25357,0.26821,15910353.8
2024-12-10 08:00:00+00:00,0.26821,0.2749,0.26339,0.26974,12573654.1
2024-12-10 12:00:00+00:00,0.26974,0.27052,0.24775,0.24812,29516117.1
2024-12-10 16:00:00+00:00,0.24812,0.25478,0.23872,0.25444,30604302.0
2024-12-10 20:00:00+00:00,0.25444,0.2669,0.25175,0.26258,14639776.1
2024-12-11 00:00:00+00:00,0.26258,0.26402,0.24985,0.25937,16181006.3
2024-12-11 04:00:00+00:00,0.25937,0.2614,0.25347,0.25376,6566793.2
2024-12-11 08:00:00+00:00,0.25376,0.26971,0.25362,0.26725,11823851.8
2024-12-11 12:00:00+00:00,0.26725,0.28715,0.26709,0.28563,23151346.4
2024-12-11 16:00:00+00:00,0.28563,0.28797,0.27727,0.28264,14528802.9
2024-12-11 20:00:00+00:00,0.28264,0.2848,0.27943,0.2819,9001021.0
2024-12-12 00:00:00+00:00,0.2819,0.29698,0.28095,0.2932,16908698.5
2024-12-12 04:00:00+00:00,0.2932,0.30011,0.29164,0.29386,8537289.0
2024-12-12 08:00:00+00:00,0.29386,0.29924,0.28501,0.28752,11238820.1
2024-12-12 12:00:00+00:00,0.28752,0.29781,0.28752,0.29122,24632662.6
2024-12-12 16:00:00+00:00,0.29122,0.29562,0.28218,0.28312,22497525.2
2024-12-12 20:00:00+00:00,0.28312,0.28821,0.28134,0.28523,14506756.0
2024-12-13 00:00:00+00:00,0.28523,0.29008,0.27745,0.28459,14303414.8
2024-12-13 04:00:00+00:00,0.28459,0.28567,0.27468,0.27851,10560293.4
2024-12-13 08:00:00+00:00,0.27851,0.28461,0.27652,0.28046,9259839.2
2024-12-13 12:00:00+00:00,0.28046,0.28749,0.2772,0.27815,18779353.8
2024-12-13 16:00:00+00:00,0.27815,0.28464,0.27746,0.28268,13243330.9
2024-12-13 20:00:00+00:00,0.28268,0.2871,0.27991,0.28629,6319841.5
2024-12-14 00:00:00+00:00,0.28629,0.29024,0.28327,0.28399,8091221.4
2024-12-14 04:00:00+00:00,0.28399,0.28724,0.2822,0.28286,5711421.1
2024-12-14 08:00:00+00:00,0.28286,0.28596,0.27783,0.27846,7473347.8
2024-12-14 12:00:00+00:00,0.27846,0.27903,0.26835,0.27205,14802686.7
2024-12-14 16:00:00+00:00,0.27205,0.27318,0.26572,0.26914,10047038.0
2024-12-14 20:00:00+00:00,0.26914,0.2744,0.26634,0.27238,6448556.6
2024-12-15 00:00:00+00:00,0.27238,0.2754,0.26884,0.2701,8560384.3
2024-12-15 04:00:00+00:00,0.2701,0.27536,0.26518,0.26754,6421687.7
2024-12-15 08:00:00+00:00,0.26754,0.27459,0.26731,0.27283,5115786.2
2024-12-15 12:00:00+00:00,0.27283,0.28877,0.27212,0.28454,9711364.1
2024-12-15 16:00:00+00:00,0.28454,0.28603,0.27876,0.28133,5324075.7
2024-12-15 20:00:00+00:00,0.28133,0.28848,0.2722,0.28707,10567266.9
2024-12-16 00:00:00+00:00,0.28707,0.29282,0.27932,0.28103,11203802.0
2024-12-16 04:00:00+00:00,0.28103,0.28411,0.2781,0.28133,5787736.6
2024-12-16 08:00:00+00:00,0.28133,0.28218,0.26838,0.26921,10506348.5
2024-12-16 12:00:00+00:00,0.26921,0.27762,0.26759,0.27535,9956480.2
2024-12-16 16:00:00+00:00,0.27535,0.285,0.27535,0.28061,10188005.1
2024-12-16 20:00:00+00:00,0.28061,0.2833,0.27425,0.27513,7591093.8
2024-12-17 00:00:00+00:00,0.27513,0.27593,0.27043,0.27443,8713212.2
2024-12-17 04:00:00+00:00,0.27443,0.2745,0.26778,0.26868,5172764.3
2024-12-17 08:00:00+00:00,0.26868,0.2774,0.26857,0.27487,9070457.0
2024-12-17 12:00:00+00:00,0.27487,0.27737,0.26333,0.26566,20629171.7
2024-12-17 16:00:00+00:00,0.26566,0.27063,0.26239,0.26647,10018921.6
2024-12-17 20:00:00+00:00,0.26647,0.26842,0.25773,0.25991,16279772.4
2024-12-18 00:00:00+00:00,0.25991,0.26073,0.25419,0.25438,15608400.8
2024-12-18 04:00:00+00:00,0.25438,0.25496,0.24969,0.25184,10898063.2
2024-12-18 08:00:00+00:00,0.25184,0.25589,0.24924,0.2552,6186078.1
2024-12-18 12:00:00+00:00,0.2552,0.25574,0.24616,0.24878,15558705.0
2024-12-18 16:00:00+00:00,0.24878,0.25654,0.24553,0.24558,15461459.2
2024-12-18 20:00:00+00:00,0.24558,0.24791,0.22831,0.23357,46783318.8
2024-12-19 00:00:00+00:00,0.23357,0.23542,0.21846,0.23477,30148523.4
2024-12-19 04:00:00+00:00,0.23477,0.2356,0.23113,0.23425,9438506.2
2024-12-19 08:00:00+00:00,0.23425,0.23772,0.23026,0.23407,9374289.8
2024-12-19 12:00:00+00:00,0.23407,0.23436,0.22134,0.22505,22748702.7
2024-12-19 16:00:00+00:00,0.22505,0.22756,0.20531,0.21003,49847961.3
2024-12-19 20:00:00+00:00,0.21003,0.21855,0.20307,0.21044,25424624.6
2024-12-20 00:00:00+00:00,0.21044,0.21998,0.20662,0.21467,26170216.7
2024-12-20 04:00:00+00:00,0.21467,0.21597,0.20517,0.2103,15907608.7
2024-12-20 08:00:00+00:00,0.2103,0.21064,0.18371,0.18375,50723138.9
2024-12-20 12:00:00+00:00,0.18375,0.20971,0.18375,0.20795,37353489.3
2024-12-20 16:00:00+00:00,0.20795,0.22024,0.20615,0.21812,18754097.9
2024-12-20 20:00:00+00:00,0.21812,0.21964,0.21172,0.21779,13713811.8
2024-12-21 00:00:00+00:00,0.21779,0.22111,0.21563,0.21707,9059702.0
2024-12-21 04:00:00+00:00,0.21707,0.23281,0.2168,0.22988,14022975.8
2024-12-21 08:00:00+00:00,0.22988,0.2305,0.22044,0.22251,11143493.5
2024-12-21 12:00:00+00:00,0.22251,0.22267,0.20706,0.21162,21553066.9
2024-12-21 16:00:00+00:00,0.21162,0.21181,0.20218,0.2051,15989183.1
2024-12-21 20:00:00+00:00,0.2051,0.20818,0.20182,0.20475,10546801.8
2024-12-22 00:00:00+00:00,0.20475,0.2077,0.20111,0.20609,9543017.9
2024-12-22 04:00:00+00:00,0.20609,0.20651,0.19947,0.20565,9134294.0
2024-12-22 08:00:00+00:00,0.20565,0.21333,0.20551,0.21098,11871844.9
2024-12-22 12:00:00+00:00,0.21098,0.21421,0.2041,0.20614,13577535.2
2024-12-22 16:00:00+00:00,0.20614,0.21001,0.20119,0.20189,8502569.2
2024-12-22 20:00:00+00:00,0.20189,0.20882,0.19969,0.20546,10936634.8
2024-12-23 00:00:00+00:00,0.20546,0.214,0.1997,0.21349,21407576.7
2024-12-23 04:00:00+00:00,0.21349,0.21406,0.20362,0.2067,9043195.0
2024-12-23 08:00:00+00:00,0.2067,0.21208,0.20624,0.20885,7820938.1
2024-12-23 12:00:00+00:00,0.20885,0.21151,0.20241,0.20272,11684631.4
2024-12-23 16:00:00+00:00,0.20272,0.211,0.20243,0.20906,14663721.0
2024-12-23 20:00:00+00:00,0.20906,0.22875,0.20886,0.22331,23464657.7
2024-12-24 00:00:00+00:00,0.22331,0.22361,0.21602,0.2197,8034358.4
2024-12-24 04:00:00+00:00,0.2197,0.22173,0.21667,0.21906,6413193.7
2024-12-24 08:00:00+00:00,0.21906,0.22475,0.21822,0.22451,6543872.0
2024-12-24 12:00:00+00:00,0.22451,0.2341,0.22123,0.23298,11629270.7
2024-12-24 16:00:00+00:00,0.23298,0.23429,0.22586,0.22597,8827603.4
2024-12-24 20:00:00+00:00,0.22597,0.23054,0.22326,0.22967,9324999.3
2024-12-25 00:00:00+00:00,0.22967,0.23001,0.22548,0.22752,5951208.5
2024-12-25 04:00:00+00:00,0.22752,0.22869,0.22497,0.22537,4153626.3
2024-12-25 08:00:00+00:00,0.22537,0.23089,0.22273,0.22315,5778607.1
2024-12-25 12:00:00+00:00,0.22315,0.22561,0.22136,0.22219,7145340.0
2024-12-25 16:00:00+00:00,0.22219,0.22465,0.21933,0.22408,8961625.0
2024-12-25 20:00:00+00:00,0.22408,0.22524,0.21964,0.22312,3610277.8
2024-12-26 00:00:00+00:00,0.22312,0.22569,0.21722,0.21818,5434400.7
2024-12-26 04:00:00+00:00,0.21818,0.21818,0.21283,0.21397,6741041.5
2024-12-26 08:00:00+00:00,0.21397,0.21432,0.20789,0.21112,11820654.1
2024-12-26 12:00:00+00:00,0.21112,0.21124,0.20713,0.20796,6869009.4
2024-12-26 16:00:00+00:00,0.20796,0.2104,0.20518,0.2089,5421313.3
2024-12-26 20:00:00+00:00,0.2089,0.20925,0.20538,0.2076,4936032.1
2024-12-27 00:00:00+00:00,0.2076,0.21184,0.20579,0.21045,4423567.5
2024-12-27 04:00:00+00:00,0.21045,0.21195,0.2046,0.20688,5097249.1
2024-12-27 08:00:00+00:00,0.20688,0.21829,0.20676,0.21594,11263829.9
2024-12-27 12:00:00+00:00,0.21594,0.2168,0.20543,0.2068,8920382.2
2024-12-27 16:00:00+00:00,0.2068,0.2119,0.20449,0.21075,5764148.2
2024-12-27 20:00:00+00:00,0.21075,0.21107,0.20535,0.20713,3656780.7
2024-12-28 00:00:00+00:00,0.20713,0.20878,0.20563,0.20815,3001925.9
2024-12-28 04:00:00+00:00,0.20815,0.20848,0.20495,0.20517,2403302.5
2024-12-28 08:00:00+00:00,0.20517,0.20767,0.20448,0.20651,2692444.4
2024-12-28 12:00:00+00:00,0.20651,0.21461,0.20427,0.20954,9648599.5
2024-12-28 16:00:00+00:00,0.20954,0.21556,0.20859,0.21341,3741180.9
2024-12-28 20:00:00+00:00,0.21341,0.21747,0.212,0.2157,3721829.8
2024-12-29 00:00:00+00:00,0.2157,0.21842,0.2123,0.21841,4239040.1
2024-12-29 04:00:00+00:00,0.21841,0.2191,0.21368,0.21727,2828680.7
2024-12-29 08:00:00+00:00,0.21727,0.21766,0.21247,0.21247,2945828.2
2024-12-29 12:00:00+00:00,0.21247,0.2154,0.20977,0.21113,5238633.7
2024-12-29 16:00:00+00:00,0.21113,0.21115,0.2062,0.20714,8600247.0
2024-12-29 20:00:00+00:00,0.20714,0.20807,0.20352,0.20665,7002348.1
2024-12-30 00:00:00+00:00,0.20665,0.21571,0.20542,0.21142,8173587.8
2024-12-30 04:00:00+00:00,0.21142,0.21368,0.2091,0.21025,3254805.3
2024-12-30 08:00:00+00:00,0.21025,0.2123,0.20626,0.20862,4593829.0
2024-12-30 12:00:00+00:00,0.20862,0.21052,0.19872,0.20023,8884330.0
2024-12-30 16:00:00+00:00,0.20023,0.20927,0.19813,0.20908,6008274.5
2024-12-30 20:00:00+00:00,0.20908,0.21171,0.2016,0.20372,7802830.6
2024-12-31 00:00:00+00:00,0.20372,0.20375,0.19824,0.19863,3864866.6
2024-12-31 04:00:00+00:00,0.19863,0.2002,0.19761,0.19987,4957301.0
2024-12-31 08:00:00+00:00,0.19987,0.20634,0.19964,0.20433,4839990.2
2024-12-31 12:00:00+00:00,0.20433,0.21072,0.2033,0.20807,5721103.4
2024-12-31 16:00:00+00:00,0.20807,0.20886,0.20159,0.20294,4893548.1
2024-12-31 20:00:00+00:00,0.20294,0.20363,0.19854,0.19955,5826834.8
2025-01-01 00:00:00+00:00,0.19955,0.20395,0.19914,0.19988,12607843.0
2025-01-01 04:00:00+00:00,0.19988,0.19998,0.19812,0.19916,2793510.4
2025-01-01 08:00:00+00:00,0.19916,0.20034,0.19545,0.19891,4512558.7
2025-01-01 12:00:00+00:00,0.19891,0.20356,0.19851,0.20354,5359591.7
2025-01-01 16:00:00+00:00,0.20354,0.2099,0.20116,0.20882,9239680.9
2025-01-01 20:00:00+00:00,0.20882,0.21108,0.20824,0.20842,5251124.6
2025-01-02 00:00:00+00:00,0.20842,0.21406,0.20818,0.21351,5523351.1
2025-01-02 04:00:00+00:00,0.21351,0.217,0.21312,0.21581,5110043.5
2025-01-02 08:00:00+00:00,0.21581,0.22415,0.21509,0.22274,11087321.9
2025-01-02 12:00:00+00:00,0.22274,0.22634,0.21912,0.22128,9929582.7
2025-01-02 16:00:00+00:00,0.22128,0.2236,0.21864,0.22089,6246239.0
2025-01-02 20:00:00+00:00,0.22089,0.22255,0.21751,0.21965,3850841.6
2025-01-03 00:00:00+00:00,0.21965,0.22213,0.21683,0.22116,6576767.8
2025-01-03 04:00:00+00:00,0.22116,0.22119,0.21588,0.21621,4264025.5
2025-01-03 08:00:00+00:00,0.21621,0.22888,0.21574,0.22816,8668087.4
2025-01-03 12:00:00+00:00,0.22816,0.24082,0.22772,0.23978,14480699.9
2025-01-03 16:00:00+00:00,0.23978,0.24395,0.23838,0.24215,8150847.5
2025-01-03 20:00:00+00:00,0.24215,0.24239,0.23944,0.24168,5020060.3
2025-01-04 00:00:00+00:00,0.24168,0.24416,0.23768,0.24338,7246029.5
2025-01-04 04:00:00+00:00,0.24338,0.24438,0.2395,0.24324,6002269.4
2025-01-04 08:00:00+00:00,0.24324,0.2437,0.23685,0.24044,7518400.2
2025-01-04 12:00:00+00:00,0.24044,0.2463,0.23768,0.23917,9107177.8
2025-01-04 16:00:00+00:00,0.23917,0.24229,0.23853,0.24126,5538085.8
2025-01-04 20:00:00+00:00,0.24126,0.24259,0.23982,0.24032,2061777.4
2025-01-05 00:00:00+00:00,0.24032,0.24095,0.23776,0.23883,2909806.0
2025-01-05 04:00:00+00:00,0.23883,0.24194,0.23867,0.24029,3454977.8
2025-01-05 08:00:00+00:00,0.24029,0.24067,0.23428,0.23633,6819338.9
2025-01-05 12:00:00+00:00,0.23633,0.23849,0.23164,0.23721,12295364.8
2025-01-05 16:00:00+00:00,0.23721,0.24147,0.23616,0.2409,5437465.8
2025-01-05 20:00:00+00:00,0.2409,0.24623,0.23905,0.24284,7341603.5
2025-01-06 00:00:00+00:00,0.24284,0.24646,0.23659,0.24401,8884449.5
2025-01-06 04:00:00+00:00,0.24401,0.24683,0.24071,0.24278,6312134.1
2025-01-06 08:00:00+00:00,0.24278,0.24377,0.2387,0.24252,5471133.4
2025-01-06 12:00:00+00:00,0.24252,0.25141,0.23928,0.25092,8243400.7
2025-01-06 16:00:00+00:00,0.25092,0.25535,0.24548,0.24797,7419329.8
2025-01-06 20:00:00+00:00,0.24797,0.25003,0.2441,0.2479,5356271.9
2025-01-07 00:00:00+00:00,0.2479,0.24915,0.24228,0.24608,3976138.5
2025-01-07 04:00:00+00:00,0.24608,0.24718,0.2423,0.24463,4558666.7
2025-01-07 08:00:00+00:00,0.24463,0.24803,0.23905,0.24075,5282215.1
2025-01-07 12:00:00+00:00,0.24075,0.24646,0.22778,0.23134,27884701.3
2025-01-07 16:00:00+00:00,0.23134,0.233,0.22221,0.22308,16095123.7
2025-01-07 20:00:00+00:00,0.22308,0.22621,0.22038,0.22045,8144836.4
2025-01-08 00:00:00+00:00,0.22045,0.22297,0.21464,0.21628,7994944.4
2025-01-08 04:00:00+00:00,0.21628,0.21671,0.20734,0.212,10880519.0
2025-01-08 08:00:00+00:00,0.212,0.21555,0.20866,0.21019,6234501.8
2025-01-08 12:00:00+00:00,0.21019,0.21363,0.20797,0.21093,8670587.1
2025-01-08 16:00:00+00:00,0.21093,0.21169,0.19752,0.20631,21353484.3
2025-01-08 20:00:00+00:00,0.20631,0.21242,0.20462,0.21138,6731749.2
2025-01-09 00:00:00+00:00,0.21138,0.21334,0.20764,0.21039,6320369.4
2025-01-09 04:00:00+00:00,0.21039,0.2115,0.20327,0.20397,6140549.4
2025-01-09 08:00:00+00:00,0.20397,0.20873,0.20387,0.20635,7124807.7
2025-01-09 12:00:00+00:00,0.20635,0.21004,0.19834,0.20871,11733177.7
2025-01-09 16:00:00+00:00,0.20871,0.21,0.20059,0.20101,14446069.6
2025-01-09 20:00:00+00:00,0.20101,0.2048,0.19839,0.20313,6944235.1
2025-01-10 00:00:00+00:00,0.20313,0.20646,0.20145,0.20576,4348946.4
2025-01-10 04:00:00+00:00,0.20576,0.21131,0.20404,0.20841,7765510.2
2025-01-10 08:00:00+00:00,0.20841,0.20879,0.20412,0.20699,8301744.8
2025-01-10 12:00:00+00:00,0.20699,0.20743,0.19768,0.20263,23446354.9
2025-01-10 16:00:00+00:00,0.20263,0.20836,0.19975,0.20741,9641483.0
2025-01-10 20:00:00+00:00,0.20741,0.20746,0.20409,0.20561,3477931.3
2025-01-11 00:00:00+00:00,0.20561,0.20665,0.20139,0.20194,4346304.2
2025-01-11 04:00:00+00:00,0.20194,0.2042,0.20092,0.20224,3192030.0
2025-01-11 08:00:00+00:00,0.20224,0.20515,0.20055,0.20455,3090006.6
2025-01-11 12:00:00+00:00,0.20455,0.20487,0.20179,0.20252,3873296.3
2025-01-11 16:00:00+00:00,0.20252,0.20406,0.20096,0.20183,4249433.8
2025-01-11 20:00:00+00:00,0.20183,0.21007,0.20158,0.2057,6767324.4
2025-01-12 00:00:00+00:00,0.2057,0.20665,0.20427,0.2057,2742982.7
2025-01-12 04:00:00+00:00,0.2057,0.20637,0.20179,0.20329,4331591.2
2025-01-12 08:00:00+00:00,0.20329,0.20351,0.20005,0.2023,3057927.1
2025-01-12 12:00:00+00:00,0.2023,0.20544,0.20168,0.20465,3388717.0
2025-01-12 16:00:00+00:00,0.20465,0.20539,0.2023,0.20276,3550782.9
2025-01-12 20:00:00+00:00,0.20276,0.20319,0.19841,0.20144,4217429.6
2025-01-13 00:00:00+00:00,0.20144,0.20591,0.19514,0.19588,6763323.7
2025-01-13 04:00:00+00:00,0.19588,0.19926,0.19138,0.19311,6561692.8
2025-01-13 08:00:00+00:00,0.19311,0.19354,0.18143,0.18151,10688986.7
2025-01-13 12:00:00+00:00,0.18151,0.19323,0.18038,0.1903,17561885.1
2025-01-13 16:00:00+00:00,0.1903,0.19096,0.18227,0.18637,9698883.8
2025-01-13 20:00:00+00:00,0.18637,0.19542,0.18473,0.19289,7130163.3
2025-01-14 00:00:00+00:00,0.19289,0.19621,0.19201,0.1948,4619042.5
2025-01-14 04:00:00+00:00,0.1948,0.19898,0.1948,0.19529,4445299.3
2025-01-14 08:00:00+00:00,0.19529,0.20209,0.19529,0.19939,8162052.9
2025-01-14 12:00:00+00:00,0.19939,0.20239,0.19668,0.19957,8854060.9
2025-01-14 16:00:00+00:00,0.19957,0.20362,0.19748,0.20189,8570138.8
2025-01-14 20:00:00+00:00,0.20189,0.20462,0.20054,0.2038,2733061.4
2025-01-15 00:00:00+00:00,0.2038,0.20528,0.20033,0.20228,4297666.1
2025-01-15 04:00:00+00:00,0.20228,0.2049,0.20085,0.2036,3704357.4
2025-01-15 08:00:00+00:00,0.2036,0.20521,0.19628,0.1981,9400814.6
2025-01-15 12:00:00+00:00,0.1981,0.21568,0.19644,0.21399,19413949.0
2025-01-15 16:00:00+00:00,0.21399,0.21658,0.21024,0.21396,7485450.0
2025-01-15 20:00:00+00:00,0.21396,0.2161,0.21172,0.21608,6590645.6
2025-01-16 00:00:00+00:00,0.21608,0.21679,0.21096,0.21263,5151929.5
2025-01-16 04:00:00+00:00,0.21263,0.21375,0.21094,0.21275,1889752.3
2025-01-16 08:00:00+00:00,0.21275,0.21323,0.2069,0.21278,7455490.8
2025-01-16 12:00:00+00:00,0.21278,0.21836,0.20784,0.21401,18378043.9
2025-01-16 16:00:00+00:00,0.21401,0.219,0.21375,0.21794,7047662.1
2025-01-16 20:00:00+00:00,0.21794,0.21876,0.21067,0.21247,5422377.4
2025-01-17 00:00:00+00:00,0.21247,0.22238,0.21238,0.21901,8441687.7
2025-01-17 04:00:00+00:00,0.21901,0.2301,0.2178,0.22868,9617876.4
2025-01-17 08:00:00+00:00,0.22868,0.23287,0.22595,0.23151,12665613.6
2025-01-17 12:00:00+00:00,0.23151,0.23562,0.22933,0.23446,14398524.1
2025-01-17 16:00:00+00:00,0.23446,0.23665,0.23092,0.2332,8202830.3
2025-01-17 20:00:00+00:00,0.2332,0.23783,0.23248,0.23493,5458967.4
2025-01-18 00:00:00+00:00,0.23493,0.23861,0.22809,0.22895,10556722.2
2025-01-18 04:00:00+00:00,0.22895,0.23002,0.2191,0.21939,11646813.6
2025-01-18 08:00:00+00:00,0.21939,0.22371,0.21649,0.22301,9991891.4
2025-01-18 12:00:00+00:00,0.22301,0.22555,0.21962,0.21967,8675185.0
2025-01-18 16:00:00+00:00,0.21967,0.22098,0.21442,0.21738,8891843.0
2025-01-18 20:00:00+00:00,0.21738,0.21948,0.21309,0.21844,8165079.0
2025-01-19 00:00:00+00:00,0.21844,0.22531,0.21754,0.21997,6153588.5
2025-01-19 04:00:00+00:00,0.21997,0.21997,0.21038,0.21055,8629114.6
2025-01-19 08:00:00+00:00,0.21055,0.21055,0.19928,0.2008,31613546.9
2025-01-19 12:00:00+00:00,0.2008,0.21783,0.20025,0.21411,21977722.0
2025-01-19 16:00:00+00:00,0.21411,0.21754,0.20971,0.21676,6949696.4
2025-01-19 20:00:00+00:00,0.21676,0.21828,0.19333,0.19721,38434539.9
2025-01-20 00:00:00+00:00,0.19721,0.19964,0.1897,0.19851,28660723.0
2025-01-20 04:00:00+00:00,0.19851,0.21922,0.19605,0.21242,28417029.2
2025-01-20 08:00:00+00:00,0.21242,0.21597,0.20752,0.21176,10666901.1
2025-01-20 12:00:00+00:00,0.21176,0.2124,0.20268,0.20711,21676203.9
2025-01-20 16:00:00+00:00,0.20711,0.21111,0.1958,0.20665,37912861.5
2025-01-20 20:00:00+00:00,0.20665,0.20777,0.19929,0.20213,20853639.3
2025-01-21 00:00:00+00:00,0.20213,0.20269,0.1938,0.19634,12552500.1
2025-01-21 04:00:00+00:00,0.19634,0.19858,0.19239,0.19724,8864794.3
2025-01-21 08:00:00+00:00,0.19724,0.2045,0.19537,0.20381,9310057.0
2025-01-21 12:00:00+00:00,0.20381,0.20688,0.20087,0.20323,13480303.6
2025-01-21 16:00:00+00:00,0.20323,0.21316,0.20247,0.20947,14714945.0
2025-01-21 20:00:00+00:00,0.20947,0.21235,0.2063,0.20969,9871692.9
2025-01-22 00:00:00+00:00,0.20969,0.21172,0.20559,0.20621,5519928.2
2025-01-22 04:00:00+00:00,0.20621,0.20687,0.20132,0.20132,5113174.1
2025-01-22 08:00:00+00:00,0.20132,0.2035,0.19915,0.20265,7962025.6
2025-01-22 12:00:00+00:00,0.20265,0.20331,0.19843,0.20024,11742597.8
2025-01-22 16:00:00+00:00,0.20024,0.20068,0.19617,0.19774,10107291.8
2025-01-22 20:00:00+00:00,0.19774,0.19901,0.19369,0.19501,8787826.7
2025-01-23 00:00:00+00:00,0.19501,0.19513,0.19002,0.19079,6960117.1
2025-01-23 04:00:00+00:00,0.19079,0.19105,0.18788,0.19048,7063048.4
2025-01-23 08:00:00+00:00,0.19048,0.19052,0.18664,0.18721,4350369.4
2025-01-23 12:00:00+00:00,0.18721,0.1936,0.18404,0.18916,16820805.4
2025-01-23 16:00:00+00:00,0.18916,0.19362,0.18409,0.18482,11459107.9
2025-01-23 20:00:00+00:00,0.18482,0.191,0.18341,0.1892,13311472.9
2025-01-24 00:00:00+00:00,0.1892,0.18987,0.18291,0.18551,6031570.6
2025-01-24 04:00:00+00:00,0.18551,0.19404,0.18508,0.19123,8401482.7
2025-01-24 08:00:00+00:00,0.19123,0.19477,0.19057,0.19412,8326326.2
2025-01-24 12:00:00+00:00,0.19412,0.19544,0.19017,0.19205,12269110.3
2025-01-24 16:00:00+00:00,0.19205,0.19376,0.1867,0.18754,13601808.3
2025-01-24 20:00:00+00:00,0.18754,0.18805,0.18211,0.18302,6539073.8
2025-01-25 00:00:00+00:00,0.18302,0.18591,0.1795,0.18558,8347090.9
2025-01-25 04:00:00+00:00,0.18558,0.18558,0.18163,0.18193,2802024.6
2025-01-25 08:00:00+00:00,0.18193,0.18311,0.18039,0.18223,3651311.3
2025-01-25 12:00:00+00:00,0.18223,0.18607,0.18105,0.18525,4691871.2
2025-01-25 16:00:00+00:00,0.18525,0.18647,0.18326,0.18443,9434745.1
2025-01-25 20:00:00+00:00,0.18443,0.18552,0.18178,0.18206,13014342.5
2025-01-26 00:00:00+00:00,0.18206,0.18744,0.18139,0.18693,4130714.3
2025-01-26 04:00:00+00:00,0.18693,0.19009,0.18505,0.18993,6803494.5
2025-01-26 08:00:00+00:00,0.18993,0.19195,0.18598,0.18867,10712678.6
2025-01-26 12:00:00+00:00,0.18867,0.18967,0.18677,0.18919,5403934.9
2025-01-26 16:00:00+00:00,0.18919,0.19141,0.18734,0.19121,5361014.6
2025-01-26 20:00:00+00:00,0.19121,0.19176,0.18038,0.18067,11519186.1
2025-01-27 00:00:00+00:00,0.18067,0.18168,0.17353,0.1755,17098281.0
2025-01-27 04:00:00+00:00,0.1755,0.17558,0.1631,0.16777,14597825.4
2025-01-27 08:00:00+00:00,0.16777,0.17028,0.16466,0.16683,10480347.0
2025-01-27 12:00:00+00:00,0.16683,0.17732,0.16577,0.17522,13829913.1
2025-01-27 16:00:00+00:00,0.17522,0.17524,0.16855,0.17095,13479152.7
2025-01-27 20:00:00+00:00,0.17095,0.18018,0.1709,0.17729,11552972.3
2025-01-28 00:00:00+00:00,0.17729,0.17929,0.17439,0.17676,2865915.5
2025-01-28 04:00:00+00:00,0.17676,0.17847,0.17243,0.17321,4640814.8
2025-01-28 08:00:00+00:00,0.17321,0.17398,0.17154,0.17257,4708718.6
2025-01-28 12:00:00+00:00,0.17257,0.17577,0.17009,0.1734,14296665.2
2025-01-28 16:00:00+00:00,0.1734,0.17356,0.1685,0.16993,6445529.1
2025-01-28 20:00:00+00:00,0.16993,0.17065,0.16321,0.16455,10393037.1
2025-01-29 00:00:00+00:00,0.16455,0.17056,0.16401,0.16894,4915253.2
2025-01-29 04:00:00+00:00,0.16894,0.17152,0.16839,0.17142,2856170.0
2025-01-29 08:00:00+00:00,0.17142,0.17207,0.16747,0.1698,3855908.9
2025-01-29 12:00:00+00:00,0.1698,0.17025,0.16512,0.16753,4744546.4
2025-01-29 16:00:00+00:00,0.16753,0.1734,0.16396,0.17129,10077972.4
2025-01-29 20:00:00+00:00,0.17129,0.17671,0.16885,0.16924,9190537.3
2025-01-30 00:00:00+00:00,0.16924,0.1748,0.1677,0.17448,3854764.0
2025-01-30 04:00:00+00:00,0.17448,0.17684,0.17383,0.17575,3112788.4
2025-01-30 08:00:00+00:00,0.17575,0.17937,0.17461,0.17903,6017161.0
2025-01-30 12:00:00+00:00,0.17903,0.18193,0.17635,0.17987,6718380.0
2025-01-30 16:00:00+00:00,0.17987,0.18567,0.1798,0.18567,11621768.9
2025-01-30 20:00:00+00:00,0.18567,0.18599,0.18109,0.18161,6101653.6
2025-01-31 00:00:00+00:00,0.18161,0.18475,0.17852,0.17999,7542218.7
2025-01-31 04:00:00+00:00,0.17999,0.18616,0.178,0.18289,4207413.9
2025-01-31 08:00:00+00:00,0.18289,0.1871,0.17974,0.18683,8046588.8
2025-01-31 12:00:00+00:00,0.18683,0.19041,0.18531,0.19031,8344584.8
2025-01-31 16:00:00+00:00,0.19031,0.19127,0.18167,0.18261,9721562.6
2025-01-31 20:00:00+00:00,0.18261,0.18261,0.17873,0.18016,4934749.9
2025-02-01 00:00:00+00:00,0.18016,0.18443,0.17932,0.18172,3161759.1
2025-02-01 04:00:00+00:00,0.18172,0.18305,0.18005,0.18031,2222685.7
2025-02-01 08:00:00+00:00,0.18031,0.18077,0.17479,0.17725,4669509.1
2025-02-01 12:00:00+00:00,0.17725,0.17875,0.17348,0.17606,4075161.3
2025-02-01 16:00:00+00:00,0.17606,0.17686,0.16997,0.17048,7176513.8
2025-02-01 20:00:00+00:00,0.17048,0.17156,0.16426,0.166,9397040.8
2025-02-02 00:00:00+00:00,0.166,0.16983,0.16121,0.16131,9505015.8
2025-02-02 04:00:00+00:00,0.16131,0.16572,0.16067,0.16309,6018908.3
2025-02-02 08:00:00+00:00,0.16309,0.16547,0.15863,0.15917,8639291.8
2025-02-02 12:00:00+00:00,0.15917,0.16115,0.15718,0.15937,7660098.1
2025-02-02 16:00:00+00:00,0.15937,0.15943,0.14344,0.14932,32474377.9
2025-02-02 20:00:00+00:00,0.14932,0.15085,0.13687,0.14425,29745923.7
2025-02-03 00:00:00+00:00,0.14425,0.1443,0.10342,0.12244,105060297.4
2025-02-03 04:00:00+00:00,0.12244,0.13478,0.11909,0.13342,31575319.7
2025-02-03 08:00:00+00:00,0.13342,0.13504,0.12937,0.13317,19251455.9
2025-02-03 12:00:00+00:00,0.13317,0.14073,0.12785,0.13979,38281499.1
2025-02-03 16:00:00+00:00,0.13979,0.14646,0.13858,0.14613,23650098.1
2025-02-03 20:00:00+00:00,0.14613,0.15055,0.14188,0.14867,13104471.4
2025-02-04 00:00:00+00:00,0.14867,0.15021,0.14159,0.14292,8308104.0
2025-02-04 04:00:00+00:00,0.14292,0.1449,0.13242,0.13302,20309759.3
2025-02-04 08:00:00+00:00,0.13302,0.13999,0.13212,0.13821,9226271.7
2025-02-04 12:00:00+00:00,0.13821,0.14407,0.13783,0.14032,19713377.2
2025-02-04 16:00:00+00:00,0.14032,0.14521,0.13903,0.13905,24126490.6
2025-02-04 20:00:00+00:00,0.13905,0.14122,0.13376,0.13941,22390759.3
2025-02-05 00:00:00+00:00,0.13941,0.14069,0.13677,0.13842,8498551.7
2025-02-05 04:00:00+00:00,0.13842,0.13948,0.1358,0.13776,6952604.6
2025-02-05 08:00:00+00:00,0.13776,0.14031,0.13677,0.14016,7379827.6
2025-02-05 12:00:00+00:00,0.14016,0.14156,0.13655,0.13813,11078760.3
2025-02-05 16:00:00+00:00,0.13813,0.1388,0.1331,0.13645,10702135.2
2025-02-05 20:00:00+00:00,0.13645,0.13713,0.13285,0.13453,5648426.0
2025-02-06 00:00:00+00:00,0.13453,0.13642,0.13326,0.13546,5388601.2
2025-02-06 04:00:00+00:00,0.13546,0.13847,0.13497,0.13702,6308855.2
2025-02-06 08:00:00+00:00,0.13702,0.13829,0.13492,0.1361,13283454.7
2025-02-06 12:00:00+00:00,0.1361,0.13632,0.12955,0.13048,16430567.4
2025-02-06 16:00:00+00:00,0.13048,0.13279,0.12821,0.12857,10074717.5
2025-02-06 20:00:00+00:00,0.12857,0.13147,0.12675,0.12848,10602187.4
2025-02-07 00:00:00+00:00,0.12848,0.13224,0.12822,0.13059,4700271.1
2025-02-07 04:00:00+00:00,0.13059,0.13129,0.1272,0.12906,6411457.5
2025-02-07 08:00:00+00:00,0.12906,0.13274,0.12854,0.13224,6010358.7
2025-02-07 12:00:00+00:00,0.13224,0.13784,0.13064,0.13411,15771246.8
2025-02-07 16:00:00+00:00,0.13411,0.1342,0.12973,0.12997,10871848.8
2025-02-07 20:00:00+00:00,0.12997,0.13009,0.12419,0.12774,8890237.3
2025-02-08 00:00:00+00:00,0.12774,0.12913,0.1265,0.12733,3947876.8
2025-02-08 04:00:00+00:00,0.12733,0.12841,0.12549,0.12779,2992343.7
2025-02-08 08:00:00+00:00,0.12779,0.12811,0.12572,0.12664,3174464.1
2025-02-08 12:00:00+00:00,0.12664,0.129,0.12575,0.12696,5831923.7
2025-02-08 16:00:00+00:00,0.12696,0.13054,0.12583,0.12987,5955830.4
2025-02-08 20:00:00+00:00,0.12987,0.13126,0.1289,0.13007,6085666.8
2025-02-09 00:00:00+00:00,0.13007,0.13364,0.12925,0.13334,6127604.8
2025-02-09 04:00:00+00:00,0.13334,0.13516,0.13231,0.13409,5972780.7
2025-02-09 08:00:00+00:00,0.13409,0.13619,0.13409,0.13445,4921948.5
2025-02-09 12:00:00+00:00,0.13445,0.13491,0.13034,0.13272,6702089.9
2025-02-09 16:00:00+00:00,0.13272,0.13348,0.12878,0.12921,4553897.6
2025-02-09 20:00:00+00:00,0.12921,0.13264,0.1248,0.13231,16259841.7
2025-02-10 00:00:00+00:00,0.13231,0.13464,0.12732,0.13124,8847229.0
2025-02-10 04:00:00+00:00,0.13124,0.13547,0.13054,0.13421,6229364.6
2025-02-10 08:00:00+00:00,0.13421,0.13729,0.13405,0.13631,5550978.6
2025-02-10 12:00:00+00:00,0.13631,0.13928,0.13446,0.13816,7311820.2
2025-02-10 16:00:00+00:00,0.13816,0.14431,0.13779,0.14018,11916971.7
2025-02-10 20:00:00+00:00,0.14018,0.1417,0.13848,0.13966,7111645.5
2025-02-11 00:00:00+00:00,0.13966,0.14267,0.13899,0.14151,4909847.2
2025-02-11 04:00:00+00:00,0.14151,0.14751,0.14145,0.14608,12638467.2
2025-02-11 08:00:00+00:00,0.14608,0.14798,0.14441,0.14644,7429956.1
2025-02-11 12:00:00+00:00,0.14644,0.1466,0.14068,0.14208,11636246.9
2025-02-11 16:00:00+00:00,0.14208,0.1425,0.13636,0.13724,11783203.6
2025-02-11 20:00:00+00:00,0.13724,0.14048,0.13695,0.13788,10558167.7
2025-02-12 00:00:00+00:00,0.13788,0.13933,0.13537,0.13689,5272497.8
2025-02-12 04:00:00+00:00,0.13689,0.13893,0.13576,0.13824,5251517.7
2025-02-12 08:00:00+00:00,0.13824,0.14007,0.13682,0.13861,9991446.6
2025-02-12 12:00:00+00:00,0.13861,0.14094,0.13248,0.13762,19235361.5
2025-02-12 16:00:00+00:00,0.13762,0.14361,0.13585,0.1431,8560511.8
2025-02-12 20:00:00+00:00,0.1431,0.1476,0.14261,0.14525,7706204.4
2025-02-13 00:00:00+00:00,0.14525,0.14741,0.14474,0.14614,4047917.9
2025-02-13 04:00:00+00:00,0.14614,0.1463,0.14081,0.14121,4307876.8
2025-02-13 08:00:00+00:00,0.14121,0.14253,0.13957,0.14022,4640526.4
2025-02-13 12:00:00+00:00,0.14022,0.14262,0.13875,0.14118,12748160.7
2025-02-13 16:00:00+00:00,0.14118,0.14268,0.13881,0.13971,7001652.8
2025-02-13 20:00:00+00:00,0.13971,0.14142,0.13935,0.14001,7213019.8
2025-02-14 00:00:00+00:00,0.14001,0.1426,0.1391,0.14221,3636747.1
2025-02-14 04:00:00+00:00,0.14221,0.14264,0.13943,0.14018,5231759.3
2025-02-14 08:00:00+00:00,0.14018,0.14383,0.13961,0.14263,6307120.6
2025-02-14 12:00:00+00:00,0.14263,0.14466,0.14113,0.14357,9080238.1
2025-02-14 16:00:00+00:00,0.14357,0.14653,0.142,0.14453,10604053.3
2025-02-14 20:00:00+00:00,0.14453,0.14512,0.14076,0.14272,9000707.9
2025-02-15 00:00:00+00:00,0.14272,0.14494,0.14103,0.14437,4637095.7
2025-02-15 04:00:00+00:00,0.14437,0.14515,0.14128,0.14138,3043667.8
2025-02-15 08:00:00+00:00,0.14138,0.14243,0.13934,0.14017,7771650.6
2025-02-15 12:00:00+00:00,0.14017,0.14133,0.13803,0.13914,5694634.1
2025-02-15 16:00:00+00:00,0.13914,0.1397,0.13776,0.13777,4239457.7
2025-02-15 20:00:00+00:00,0.13777,0.13881,0.13669,0.13821,6819665.9
2025-02-16 00:00:00+00:00,0.13821,0.13902,0.13622,0.13725,3329701.5
2025-02-16 04:00:00+00:00,0.13725,0.1383,0.13654,0.13746,2320623.3
2025-02-16 08:00:00+00:00,0.13746,0.1429,0.13733,0.1428,6753519.2
2025-02-16 12:00:00+00:00,0.1428,0.14286,0.13846,0.14061,8025866.9
2025-02-16 16:00:00+00:00,0.14061,0.14163,0.13738,0.13903,10473593.8
2025-02-16 20:00:00+00:00,0.13903,0.13955,0.13685,0.138,10062845.6
2025-02-17 00:00:00+00:00,0.138,0.14237,0.13784,0.14223,8727331.3
2025-02-17 04:00:00+00:00,0.14223,0.14368,0.13946,0.14305,13018068.8
2025-02-17 08:00:00+00:00,0.14305,0.14619,0.14195,0.14489,8841563.7
2025-02-17 12:00:00+00:00,0.14489,0.149,0.14294,0.14345,11147105.5
2025-02-17 16:00:00+00:00,0.14345,0.14431,0.13894,0.14105,8566009.6
2025-02-17 20:00:00+00:00,0.14105,0.14348,0.14075,0.14185,3800347.6
2025-02-18 00:00:00+00:00,0.14185,0.14246,0.13915,0.14097,5031722.4
2025-02-18 04:00:00+00:00,0.14097,0.14156,0.13477,0.13481,7652177.4
2025-02-18 08:00:00+00:00,0.13481,0.13558,0.13236,0.13276,10383058.8
2025-02-18 12:00:00+00:00,0.13276,0.13592,0.12931,0.13025,10643702.7
2025-02-18 16:00:00+00:00,0.13025,0.13103,0.12644,0.12992,12628716.1
2025-02-18 20:00:00+00:00,0.12992,0.13277,0.12854,0.13277,6491233.5
2025-02-19 00:00:00+00:00,0.13277,0.13312,0.13083,0.13194,2984276.5
2025-02-19 04:00:00+00:00,0.13194,0.13379,0.12985,0.13305,4016381.6
2025-02-19 08:00:00+00:00,0.13305,0.13458,0.13224,0.13419,3459967.9
2025-02-19 12:00:00+00:00,0.13419,0.13476,0.1313,0.13149,7115908.5
2025-02-19 16:00:00+00:00,0.13149,0.13401,0.13131,0.13304,4476646.9
2025-02-19 20:00:00+00:00,0.13304,0.13497,0.13134,0.13359,9440923.0
2025-02-20 00:00:00+00:00,0.13359,0.13633,0.13323,0.13597,3378196.6
2025-02-20 04:00:00+00:00,0.13597,0.13723,0.13369,0.1337,3343302.8
2025-02-20 08:00:00+00:00,0.1337,0.13543,0.13274,0.13498,3447459.5
2025-02-20 12:00:00+00:00,0.13498,0.13689,0.13315,0.13325,5988962.8
2025-02-20 16:00:00+00:00,0.13325,0.13826,0.13314,0.13807,5506511.7
2025-02-20 20:00:00+00:00,0.13807,0.13993,0.13753,0.13881,3453965.3
2025-02-21 00:00:00+00:00,0.13881,0.13944,0.13754,0.13799,2035199.6
2025-02-21 04:00:00+00:00,0.13799,0.1437,0.13798,0.14259,4138858.3
2025-02-21 08:00:00+00:00,0.14259,0.14708,0.14259,0.14529,6624715.0
2025-02-21 12:00:00+00:00,0.14529,0.14804,0.13987,0.14211,11935912.8
2025-02-21 16:00:00+00:00,0.14211,0.14464,0.13333,0.13404,13217289.7
2025-02-21 20:00:00+00:00,0.13404,0.13561,0.13159,0.13356,7911677.5
2025-02-22 00:00:00+00:00,0.13356,0.13556,0.13271,0.1353,5465598.3
2025-02-22 04:00:00+00:00,0.1353,0.13711,0.13499,0.13577,2240121.8
2025-02-22 08:00:00+00:00,0.13577,0.13894,0.13519,0.13863,3794083.1
2025-02-22 12:00:00+00:00,0.13863,0.14018,0.13808,0.13977,4575229.7
2025-02-22 16:00:00+00:00,0.13977,0.14195,0.13966,0.14063,2296281.4
2025-02-22 20:00:00+00:00,0.14063,0.14068,0.13834,0.1387,2479576.7
2025-02-23 00:00:00+00:00,0.1387,0.13872,0.13635,0.13745,1545241.8
2025-02-23 04:00:00+00:00,0.13745,0.14003,0.13668,0.13971,1597045.0
2025-02-23 08:00:00+00:00,0.13971,0.14038,0.13697,0.13722,2275841.8
2025-02-23 12:00:00+00:00,0.13722,0.13761,0.13489,0.13501,2591095.0
2025-02-23 16:00:00+00:00,0.13501,0.13706,0.1348,0.13555,1319546.2
2025-02-23 20:00:00+00:00,0.13555,0.13806,0.13519,0.13704,1931064.6
2025-02-24 00:00:00+00:00,0.13704,0.13779,0.13176,0.13218,3661549.7
2025-02-24 04:00:00+00:00,0.13218,0.13383,0.13047,0.13312,5466338.7
2025-02-24 08:00:00+00:00,0.13312,0.13334,0.13015,0.13187,5020687.4
2025-02-24 12:00:00+00:00,0.13187,0.13283,0.12755,0.1292,6948121.4
2025-02-24 16:00:00+00:00,0.1292,0.13087,0.12632,0.12738,7128694.4
2025-02-24 20:00:00+00:00,0.12738,0.13001,0.12008,0.121,22671651.1
2025-02-25 00:00:00+00:00,0.121,0.12257,0.1172,0.11997,8934534.7
2025-02-25 04:00:00+00:00,0.11997,0.12079,0.11124,0.11514,18174709.4
2025-02-25 08:00:00+00:00,0.11514,0.11689,0.11072,0.11657,14267377.6
2025-02-25 12:00:00+00:00,0.11657,0.11825,0.11304,0.11588,10275658.9
2025-02-25 16:00:00+00:00,0.11588,0.12008,0.11441,0.11999,6949530.9
2025-02-25 20:00:00+00:00,0.11999,0.12257,0.11895,0.12109,9694278.7
2025-02-26 00:00:00+00:00,0.12109,0.1238,0.1197,0.12279,3347756.9
2025-02-26 04:00:00+00:00,0.12279,0.12412,0.12086,0.12229,4215792.7
2025-02-26 08:00:00+00:00,0.12229,0.12436,0.12083,0.12172,4606550.4
2025-02-26 12:00:00+00:00,0.12172,0.12347,0.11753,0.12205,12549693.7
2025-02-26 16:00:00+00:00,0.12205,0.12279,0.1158,0.11728,15700790.1
2025-02-26 20:00:00+00:00,0.11728,0.12244,0.11554,0.11994,18488908.9
2025-02-27 00:00:00+00:00,0.11994,0.12328,0.11911,0.12257,11826661.8
2025-02-27 04:00:00+00:00,0.12257,0.12517,0.12142,0.12438,4276170.9
2025-02-27 08:00:00+00:00,0.12438,0.12627,0.12351,0.12512,6657958.2
2025-02-27 12:00:00+00:00,0.12512,0.12617,0.12181,0.12369,10308195.6
2025-02-27 16:00:00+00:00,0.12369,0.12472,0.12146,0.12198,9241982.4
2025-02-27 20:00:00+00:00,0.12198,0.12347,0.12003,0.12314,5866420.3
2025-02-28 00:00:00+00:00,0.12314,0.12391,0.11309,0.11323,15861996.9
2025-02-28 04:00:00+00:00,0.11323,0.11382,0.11089,0.1125,8847541.2
2025-02-28 08:00:00+00:00,0.1125,0.11544,0.11055,0.11382,6208422.5
2025-02-28 12:00:00+00:00,0.11382,0.12035,0.11357,0.11951,16676604.0
2025-02-28 16:00:00+00:00,0.11951,0.12179,0.11841,0.12049,7259099.7
2025-02-28 20:00:00+00:00,0.12049,0.12073,0.11909,0.12023,2882524.6
2025-03-01 00:00:00+00:00,0.12023,0.12196,0.11883,0.12058,3350304.5
2025-03-01 04:00:00+00:00,0.12058,0.12153,0.11767,0.11791,6885059.9
2025-03-01 08:00:00+00:00,0.11791,0.11956,0.11654,0.11706,8115207.9
2025-03-01 12:00:00+00:00,0.11706,0.11758,0.11537,0.11625,3407468.9
2025-03-01 16:00:00+00:00,0.11625,0.11785,0.11561,0.11744,4449001.4
2025-03-01 20:00:00+00:00,0.11744,0.11962,0.11656,0.11922,3334464.1
2025-03-02 00:00:00+00:00,0.11922,0.12003,0.1179,0.11905,2539992.6
2025-03-02 04:00:00+00:00,0.11905,0.11998,0.11803,0.1183,2638334.4
2025-03-02 08:00:00+00:00,0.1183,0.11976,0.11749,0.11888,2435810.7
2025-03-02 12:00:00+00:00,0.11888,0.12296,0.11603,0.12013,9953832.7
2025-03-02 16:00:00+00:00,0.12013,0.13005,0.11998,0.12981,19089530.6
2025-03-02 20:00:00+00:00,0.12981,0.13076,0.12872,0.12909,5565377.1
2025-03-03 00:00:00+00:00,0.12909,0.13019,0.12473,0.12565,6458842.2
2025-03-03 04:00:00+00:00,0.12565,0.12722,0.1205,0.12236,10969784.0
2025-03-03 08:00:00+00:00,0.12236,0.12236,0.11875,0.12135,7371491.0
2025-03-03 12:00:00+00:00,0.12135,0.12337,0.11805,0.11882,13934339.3
2025-03-03 16:00:00+00:00,0.11882,0.1205,0.11,0.11026,19273347.9
2025-03-03 20:00:00+00:00,0.11026,0.11134,0.10762,0.10905,12165368.9
2025-03-04 00:00:00+00:00,0.10905,0.1096,0.10053,0.10355,16161577.7
2025-03-04 04:00:00+00:00,0.10355,0.10625,0.10331,0.10403,4276843.6
2025-03-04 08:00:00+00:00,0.10403,0.10546,0.10251,0.10377,8915446.4
2025-03-04 12:00:00+00:00,0.10377,0.10669,0.1003,0.10266,12347712.7
2025-03-04 16:00:00+00:00,0.10266,0.10631,0.09679,0.10612,14421424.1
2025-03-04 20:00:00+00:00,0.10612,0.10806,0.10397,0.10649,4583684.0
2025-03-05 00:00:00+00:00,0.10649,0.10747,0.10441,0.10441,5037272.4
2025-03-05 04:00:00+00:00,0.10441,0.10657,0.10417,0.10626,2895966.4
2025-03-05 08:00:00+00:00,0.10626,0.10981,0.10607,0.10741,5047137.3
2025-03-05 12:00:00+00:00,0.10741,0.10919,0.10547,0.10615,9728857.6
2025-03-05 16:00:00+00:00,0.10615,0.10971,0.10482,0.10947,5301980.8
2025-03-05 20:00:00+00:00,0.10947,0.11126,0.10944,0.11002,3041505.9
2025-03-06 00:00:00+00:00,0.11002,0.11117,0.10807,0.11102,3562393.0
2025-03-06 04:00:00+00:00,0.11102,0.11338,0.11014,0.11074,3171883.7
2025-03-06 08:00:00+00:00,0.11074,0.11263,0.11028,0.1123,4300584.8
2025-03-06 12:00:00+00:00,0.1123,0.11262,0.10773,0.111,12045590.7
2025-03-06 16:00:00+00:00,0.111,0.11168,0.10627,0.10715,10271853.9
2025-03-06 20:00:00+00:00,0.10715,0.10949,0.10704,0.10735,7228551.0
2025-03-07 00:00:00+00:00,0.10735,0.1085,0.10124,0.10494,16130636.5
2025-03-07 04:00:00+00:00,0.10494,0.10716,0.10458,0.10695,4836767.4
2025-03-07 08:00:00+00:00,0.10695,0.10809,0.1058,0.10716,3973617.1
2025-03-07 12:00:00+00:00,0.10716,0.10923,0.10551,0.10679,9001155.0
2025-03-07 16:00:00+00:00,0.10679,0.10858,0.10354,0.10662,8023798.5
2025-03-07 20:00:00+00:00,0.10662,0.10731,0.10191,0.10291,6722715.0
2025-03-08 00:00:00+00:00,0.10291,0.10432,0.10168,0.10306,3039515.2
2025-03-08 04:00:00+00:00,0.10306,0.10393,0.10184,0.10204,2120554.8
2025-03-08 08:00:00+00:00,0.10204,0.10255,0.10036,0.10099,3390102.5
2025-03-08 12:00:00+00:00,0.10099,0.10238,0.10051,0.10134,2963503.3
2025-03-08 16:00:00+00:00,0.10134,0.10254,0.10004,0.10227,3355374.2
2025-03-08 20:00:00+00:00,0.10227,0.10267,0.10059,0.10124,2825644.1
2025-03-09 00:00:00+00:00,0.10124,0.1018,0.09986,0.10048,4442109.9
2025-03-09 04:00:00+00:00,0.10048,0.10119,0.09949,0.10011,3049483.8
2025-03-09 08:00:00+00:00,0.10011,0.10029,0.0954,0.09652,6260154.1
2025-03-09 12:00:00+00:00,0.09652,0.09676,0.0932,0.09374,6437560.3
2025-03-09 16:00:00+00:00,0.09374,0.09399,0.08907,0.09125,9108980.2
2025-03-09 20:00:00+00:00,0.09125,0.09223,0.08936,0.0909,6424890.7
2025-03-10 00:00:00+00:00,0.0909,0.09425,0.08951,0.0929,7359765.1
2025-03-10 04:00:00+00:00,0.0929,0.09499,0.09283,0.09455,2904790.7
2025-03-10 08:00:00+00:00,0.09455,0.09739,0.09283,0.09482,8073794.8
2025-03-10 12:00:00+00:00,0.09482,0.09551,0.08852,0.09068,11154074.1
2025-03-10 16:00:00+00:00,0.09068,0.09105,0.08305,0.08662,16682819.1
2025-03-10 20:00:00+00:00,0.08662,0.08706,0.08428,0.08444,6981722.6
2025-03-11 00:00:00+00:00,0.08444,0.08556,0.07947,0.08431,15400607.3
2025-03-11 04:00:00+00:00,0.08431,0.08765,0.08406,0.08659,5764647.7
2025-03-11 08:00:00+00:00,0.08659,0.08948,0.08636,0.0887,7459855.9
2025-03-11 12:00:00+00:00,0.0887,0.09056,0.08555,0.08912,20534652.3
2025-03-11 16:00:00+00:00,0.08912,0.09318,0.08791,0.09287,17093841.6
2025-03-11 20:00:00+00:00,0.09287,0.09321,0.0899,0.09028,5103115.8
2025-03-12 00:00:00+00:00,0.09028,0.09231,0.08877,0.08883,3733738.4
2025-03-12 04:00:00+00:00,0.08883,0.09029,0.08746,0.09003,7379950.0
2025-03-12 08:00:00+00:00,0.09003,0.09264,0.08943,0.09205,9832927.3
2025-03-12 12:00:00+00:00,0.09205,0.09491,0.08754,0.08964,26784317.3
2025-03-12 16:00:00+00:00,0.08964,0.092,0.08931,0.09151,7871915.6
2025-03-12 20:00:00+00:00,0.09151,0.09296,0.09126,0.09221,4256032.8
2025-03-13 00:00:00+00:00,0.09221,0.09267,0.0911,0.09128,6345876.4
2025-03-13 04:00:00+00:00,0.09128,0.09158,0.08931,0.09092,5255810.7
2025-03-13 08:00:00+00:00,0.09092,0.09306,0.09008,0.09156,13965800.3
2025-03-13 12:00:00+00:00,0.09156,0.09302,0.08857,0.08893,12631258.1
2025-03-13 16:00:00+00:00,0.08893,0.08935,0.08649,0.08735,8267484.6
2025-03-13 20:00:00+00:00,0.08735,0.09015,0.08703,0.0891,4858250.6
2025-03-14 00:00:00+00:00,0.0891,0.09042,0.08876,0.0897,3867103.7
2025-03-14 04:00:00+00:00,0.0897,0.09069,0.08943,0.09022,4583536.1
2025-03-14 08:00:00+00:00,0.09022,0.09265,0.0901,0.0923,4170058.9
2025-03-14 12:00:00+00:00,0.0923,0.09584,0.09206,0.09445,16402406.6
2025-03-14 16:00:00+00:00,0.09445,0.0952,0.0938,0.09453,5108669.0
2025-03-14 20:00:00+00:00,0.09453,0.0957,0.09348,0.09417,7439500.0
2025-03-15 00:00:00+00:00,0.09417,0.09572,0.09368,0.09551,4664549.2
2025-03-15 04:00:00+00:00,0.09551,0.097,0.09417,0.09484,6311662.5
2025-03-15 08:00:00+00:00,0.09484,0.09689,0.09443,0.09637,8720392.7
2025-03-15 12:00:00+00:00,0.09637,0.09707,0.09512,0.09564,3821574.9
2025-03-15 16:00:00+00:00,0.09564,0.09708,0.09539,0.0959,3773842.5
2025-03-15 20:00:00+00:00,0.0959,0.09669,0.09544,0.09579,3396405.9
2025-03-16 00:00:00+00:00,0.09579,0.09612,0.09435,0.09558,2863757.8
2025-03-16 04:00:00+00:00,0.09558,0.09572,0.09455,0.09509,2528571.2
2025-03-16 08:00:00+00:00,0.09509,0.0953,0.09115,0.09143,8389136.0
2025-03-16 12:00:00+00:00,0.09143,0.09227,0.09061,0.09197,4786200.0
2025-03-16 16:00:00+00:00,0.09197,0.09459,0.09062,0.09116,8227991.7
2025-03-16 20:00:00+00:00,0.09116,0.09192,0.0905,0.09139,4093159.8
2025-03-17 00:00:00+00:00,0.09139,0.0939,0.09136,0.09366,5792816.2
2025-03-17 04:00:00+00:00,0.09366,0.0941,0.09182,0.09378,6820199.7
2025-03-17 08:00:00+00:00,0.09378,0.09488,0.09324,0.0946,4208772.7
2025-03-17 12:00:00+00:00,0.0946,0.09626,0.09277,0.09451,22299614.8
2025-03-17 16:00:00+00:00,0.09451,0.09674,0.09398,0.0963,9085859.9
2025-03-17 20:00:00+00:00,0.0963,0.09734,0.09563,0.09608,5212828.8
2025-03-18 00:00:00+00:00,0.09608,0.09646,0.09401,0.09465,7722128.6
2025-03-18 04:00:00+00:00,0.09465,0.09533,0.09322,0.09457,5447088.9
2025-03-18 08:00:00+00:00,0.09457,0.09689,0.09419,0.09606,12695741.0
2025-03-18 12:00:00+00:00,0.09606,0.09776,0.09475,0.09516,10348193.2
2025-03-18 16:00:00+00:00,0.09516,0.09543,0.09143,0.09302,13065046.9
2025-03-18 20:00:00+00:00,0.09302,0.09565,0.09239,0.09549,7681542.0
2025-03-19 00:00:00+00:00,0.09549,0.09635,0.09472,0.09611,4774409.1
2025-03-19 04:00:00+00:00,0.09611,0.09629,0.09414,0.09423,5847861.9
2025-03-19 08:00:00+00:00,0.09423,0.09786,0.09416,0.09772,10380249.2
2025-03-19 12:00:00+00:00,0.09772,0.09978,0.09635,0.09965,19103571.9
2025-03-19 16:00:00+00:00,0.09965,0.10052,0.09671,0.09867,21581115.5
2025-03-19 20:00:00+00:00,0.09867,0.09973,0.09824,0.09921,4180297.0
2025-03-20 00:00:00+00:00,0.09921,0.09986,0.0966,0.09715,4001249.6
2025-03-20 04:00:00+00:00,0.09715,0.09724,0.09647,0.09709,3787579.4
2025-03-20 08:00:00+00:00,0.09709,0.09826,0.09532,0.09623,4517168.8
2025-03-20 12:00:00+00:00,0.09623,0.09773,0.09555,0.09573,11195789.3
2025-03-20 16:00:00+00:00,0.09573,0.09618,0.09432,0.0956,5870944.9
2025-03-20 20:00:00+00:00,0.0956,0.09617,0.09478,0.09547,2546329.0
2025-03-21 00:00:00+00:00,0.09547,0.09618,0.09444,0.09446,3185147.9
2025-03-21 04:00:00+00:00,0.09446,0.09527,0.09355,0.09387,3820330.1
2025-03-21 08:00:00+00:00,0.09387,0.09424,0.09158,0.09227,10460769.6
2025-03-21 12:00:00+00:00,0.09227,0.09356,0.09181,0.09257,9298383.8
2025-03-21 16:00:00+00:00,0.09257,0.09565,0.09196,0.09427,6203336.2
2025-03-21 20:00:00+00:00,0.09427,0.09521,0.09348,0.09386,2684137.2
2025-03-22 00:00:00+00:00,0.09386,0.09526,0.09382,0.09483,2240904.5
2025-03-22 04:00:00+00:00,0.09483,0.09651,0.0948,0.09604,4187555.7
2025-03-22 08:00:00+00:00,0.09604,0.09675,0.09532,0.09539,5560888.7
2025-03-22 12:00:00+00:00,0.09539,0.09559,0.0944,0.09548,5407920.3
2025-03-22 16:00:00+00:00,0.09548,0.09726,0.09536,0.09619,4258293.8
2025-03-22 20:00:00+00:00,0.09619,0.09637,0.09478,0.09545,3800109.3
2025-03-23 00:00:00+00:00,0.09545,0.09787,0.09513,0.09787,5164510.6
2025-03-23 04:00:00+00:00,0.09787,0.09815,0.09702,0.09772,4420686.2
2025-03-23 08:00:00+00:00,0.09772,0.09821,0.09704,0.09736,3037948.2
2025-03-23 12:00:00+00:00,0.09736,0.09774,0.096,0.09633,4159915.0
2025-03-23 16:00:00+00:00,0.09633,0.09633,0.09426,0.09562,6453000.3
2025-03-23 20:00:00+00:00,0.09562,0.0966,0.09479,0.09659,6493653.0
2025-03-24 00:00:00+00:00,0.09659,0.0978,0.09522,0.09709,6133956.2
2025-03-24 04:00:00+00:00,0.09709,0.10081,0.09709,0.09967,8685500.5
2025-03-24 08:00:00+00:00,0.09967,0.10276,0.09967,0.10152,6048964.2
2025-03-24 12:00:00+00:00,0.10152,0.10372,0.10079,0.10238,6429487.4
2025-03-24 16:00:00+00:00,0.10238,0.10267,0.10124,0.10211,4122988.7
2025-03-24 20:00:00+00:00,0.10211,0.10292,0.10092,0.10211,2811938.0
2025-03-25 00:00:00+00:00,0.10211,0.10235,0.10042,0.10096,3980212.3
2025-03-25 04:00:00+00:00,0.10096,0.10224,0.10051,0.10147,2002869.1
2025-03-25 08:00:00+00:00,0.10147,0.10391,0.10145,0.10343,3803090.6
2025-03-25 12:00:00+00:00,0.10343,0.1051,0.10288,0.10405,5953727.4
2025-03-25 16:00:00+00:00,0.10405,0.1055,0.10304,0.10514,4965012.1
2025-03-25 20:00:00+00:00,0.10514,0.10621,0.10413,0.10452,6065270.2
2025-03-26 00:00:00+00:00,0.10452,0.10578,0.10327,0.10379,5597598.3
2025-03-26 04:00:00+00:00,0.10379,0.10744,0.10367,0.10693,6165289.9
2025-03-26 08:00:00+00:00,0.10693,0.10839,0.10625,0.10783,8366050.7
2025-03-26 12:00:00+00:00,0.10783,0.10786,0.10437,0.10549,9357944.7
2025-03-26 16:00:00+00:00,0.10549,0.10619,0.10262,0.10389,8540240.3
2025-03-26 20:00:00+00:00,0.10389,0.10486,0.10311,0.10394,4653132.0
2025-03-27 00:00:00+00:00,0.10394,0.10719,0.1039,0.10709,5210297.3
2025-03-27 04:00:00+00:00,0.10709,0.10746,0.10598,0.10675,6205518.9
2025-03-27 08:00:00+00:00,0.10675,0.10775,0.10465,0.10494,6885472.7
2025-03-27 12:00:00+00:00,0.10494,0.10655,0.10324,0.10543,10290733.6
2025-03-27 16:00:00+00:00,0.10543,0.10625,0.10391,0.10502,9628530.8
2025-03-27 20:00:00+00:00,0.10502,0.10596,0.10382,0.10425,3514501.2
2025-03-28 00:00:00+00:00,0.10425,0.10426,0.10151,0.10194,8217837.8
2025-03-28 04:00:00+00:00,0.10194,0.10194,0.097,0.09702,11071339.6
2025-03-28 08:00:00+00:00,0.09702,0.09749,0.0959,0.09725,7962635.5
2025-03-28 12:00:00+00:00,0.09725,0.0976,0.09509,0.09515,5826910.8
2025-03-28 16:00:00+00:00,0.09515,0.09535,0.0937,0.094,4422493.2
2025-03-28 20:00:00+00:00,0.094,0.09563,0.09362,0.09486,5345652.3
2025-03-29 00:00:00+00:00,0.09486,0.09551,0.09237,0.09443,8099045.6
2025-03-29 04:00:00+00:00,0.09443,0.09498,0.09192,0.09225,3733701.7
2025-03-29 08:00:00+00:00,0.09225,0.09266,0.0896,0.0903,9618073.5
2025-03-29 12:00:00+00:00,0.0903,0.09121,0.08958,0.0899,3304990.1
2025-03-29 16:00:00+00:00,0.0899,0.0902,0.08747,0.08838,8283226.3
2025-03-29 20:00:00+00:00,0.08838,0.08868,0.08728,0.08846,2519921.3
2025-03-30 00:00:00+00:00,0.08846,0.09066,0.08764,0.08999,4891308.9
2025-03-30 04:00:00+00:00,0.08999,0.09107,0.08996,0.09063,1969708.4
2025-03-30 08:00:00+00:00,0.09063,0.09162,0.09006,0.09035,2912222.1
2025-03-30 12:00:00+00:00,0.09035,0.09106,0.08901,0.08944,6184896.7
2025-03-30 16:00:00+00:00,0.08944,0.09057,0.08806,0.0898,2924168.0
2025-03-30 20:00:00+00:00,0.0898,0.09,0.08752,0.08907,4416179.1
2025-03-31 00:00:00+00:00,0.08907,0.08936,0.08666,0.08701,4862160.5
2025-03-31 04:00:00+00:00,0.08701,0.08872,0.08569,0.08638,3867294.7
2025-03-31 08:00:00+00:00,0.08638,0.08733,0.0845,0.08695,5820528.9
2025-03-31 12:00:00+00:00,0.08695,0.08961,0.08606,0.08864,8013931.5
2025-03-31 16:00:00+00:00,0.08864,0.08978,0.08768,0.08786,3973443.2
2025-03-31 20:00:00+00:00,0.08786,0.08851,0.08719,0.08789,1919117.7
2025-04-01 00:00:00+00:00,0.08789,0.09038,0.08774,0.09035,4303884.2
2025-04-01 04:00:00+00:00,0.09035,0.0917,0.08994,0.09097,6614773.9
2025-04-01 08:00:00+00:00,0.09097,0.09335,0.09036,0.09078,9220651.5
2025-04-01 12:00:00+00:00,0.09078,0.09341,0.08967,0.09299,7558940.5
2025-04-01 16:00:00+00:00,0.09299,0.09331,0.09,0.09042,5014759.2
2025-04-01 20:00:00+00:00,0.09042,0.09064,0.08927,0.08975,9666952.3
2025-04-02 00:00:00+00:00,0.08975,0.08977,0.08676,0.08797,7732932.9
2025-04-02 04:00:00+00:00,0.08797,0.0881,0.08602,0.08665,4117258.4
2025-04-02 08:00:00+00:00,0.08665,0.08833,0.08616,0.08694,6266328.6
2025-04-02 12:00:00+00:00,0.08694,0.09011,0.08611,0.0895,10775146.6
2025-04-02 16:00:00+00:00,0.0895,0.0899,0.08687,0.08851,4798798.1
2025-04-02 20:00:00+00:00,0.08851,0.09057,0.08116,0.0826,15196098.0
2025-04-03 00:00:00+00:00,0.0826,0.085,0.08162,0.08424,5600438.3
2025-04-03 04:00:00+00:00,0.08424,0.08501,0.08207,0.08292,5718252.9
2025-04-03 08:00:00+00:00,0.08292,0.08354,0.08032,0.08118,7983177.1
2025-04-03 12:00:00+00:00,0.08118,0.08169,0.07941,0.08121,17520261.7
2025-04-03 16:00:00+00:00,0.08121,0.08252,0.08087,0.08191,9121061.1
2025-04-03 20:00:00+00:00,0.08191,0.08344,0.08173,0.08297,6151363.1
2025-04-04 00:00:00+00:00,0.08297,0.08328,0.08147,0.08255,6038637.0
2025-04-04 04:00:00+00:00,0.08255,0.08421,0.08205,0.084,6416318.3
2025-04-04 08:00:00+00:00,0.084,0.08489,0.08026,0.08148,9362473.4
2025-04-04 12:00:00+00:00,0.08148,0.08384,0.08066,0.08226,17099224.6
2025-04-04 16:00:00+00:00,0.08226,0.08421,0.08187,0.08315,9854767.9
2025-04-04 20:00:00+00:00,0.08315,0.08392,0.08281,0.08308,4055727.7
2025-04-05 00:00:00+00:00,0.08308,0.08401,0.0826,0.08267,2215807.8
2025-04-05 04:00:00+00:00,0.08267,0.08311,0.08212,0.0829,2458955.2
2025-04-05 08:00:00+00:00,0.0829,0.08328,0.08178,0.08188,4122971.5
2025-04-05 12:00:00+00:00,0.08188,0.08195,0.08027,0.08035,7494080.9
2025-04-05 16:00:00+00:00,0.08035,0.0815,0.08025,0.08078,3955891.5
2025-04-05 20:00:00+00:00,0.08078,0.08196,0.08043,0.08181,2774740.9
2025-04-06 00:00:00+00:00,0.08181,0.08206,0.08102,0.08139,1357733.1
2025-04-06 04:00:00+00:00,0.08139,0.08242,0.0807,0.08093,3849595.2
2025-04-06 08:00:00+00:00,0.08093,0.08172,0.08049,0.08107,5212806.7
2025-04-06 12:00:00+00:00,0.08107,0.08116,0.07832,0.07963,8806786.7
2025-04-06 16:00:00+00:00,0.07963,0.07963,0.07326,0.07448,20825587.6
2025-04-06 20:00:00+00:00,0.07448,0.07454,0.07135,0.07318,12664540.9
2025-04-07 00:00:00+00:00,0.07318,0.07526,0.07058,0.07177,10264990.4
2025-04-07 04:00:00+00:00,0.07177,0.07265,0.0662,0.06806,28181725.1
2025-04-07 08:00:00+00:00,0.06806,0.0722,0.06773,0.07076,13323639.1
2025-04-07 12:00:00+00:00,0.07076,0.07796,0.07067,0.07397,36315940.9
2025-04-07 16:00:00+00:00,0.07397,0.07516,0.07249,0.07376,15050258.8
2025-04-07 20:00:00+00:00,0.07376,0.07598,0.07376,0.07475,6017885.8
2025-04-08 00:00:00+00:00,0.07475,0.07712,0.0742,0.0758,5126152.8
2025-04-08 04:00:00+00:00,0.0758,0.07639,0.07439,0.07467,3120422.9
2025-04-08 08:00:00+00:00,0.07467,0.07644,0.07385,0.07637,6614597.9
2025-04-08 12:00:00+00:00,0.07637,0.07706,0.07443,0.07489,8417052.7
2025-04-08 16:00:00+00:00,0.07489,0.07493,0.07147,0.07211,13153803.9
2025-04-08 20:00:00+00:00,0.07211,0.07304,0.07134,0.07174,5442448.1
2025-04-09 00:00:00+00:00,0.07174,0.07275,0.06915,0.07213,10308821.8
2025-04-09 04:00:00+00:00,0.07213,0.07422,0.07194,0.07369,7548946.2
2025-04-09 08:00:00+00:00,0.07369,0.07395,0.07148,0.07189,7629877.6
2025-04-09 12:00:00+00:00,0.07189,0.07396,0.07129,0.07294,7700339.1
2025-04-09 16:00:00+00:00,0.07294,0.07952,0.07228,0.07919,36461120.9
2025-04-09 20:00:00+00:00,0.07919,0.08103,0.07915,0.08015,6819242.4
2025-04-10 00:00:00+00:00,0.08015,0.08016,0.07738,0.07817,6227732.8
2025-04-10 04:00:00+00:00,0.07817,0.07912,0.07746,0.0782,4306920.2
2025-04-10 08:00:00+00:00,0.0782,0.07837,0.07699,0.07763,3055986.8
2025-04-10 12:00:00+00:00,0.07763,0.07935,0.07471,0.07503,14719408.9
2025-04-10 16:00:00+00:00,0.07503,0.07635,0.07457,0.07572,9397851.0
2025-04-10 20:00:00+00:00,0.07572,0.07666,0.07569,0.07622,3358975.3
2025-04-11 00:00:00+00:00,0.07622,0.07844,0.07606,0.07811,5372317.1
2025-04-11 04:00:00+00:00,0.07811,0.07916,0.0779,0.07854,4209037.8
2025-04-11 08:00:00+00:00,0.07854,0.07982,0.07811,0.07869,6965053.4
2025-04-11 12:00:00+00:00,0.07869,0.07994,0.07796,0.07902,30500239.4
2025-04-11 16:00:00+00:00,0.07902,0.08007,0.07855,0.07919,10017826.7
2025-04-11 20:00:00+00:00,0.07919,0.0805,0.07904,0.07924,4710706.8
2025-04-12 00:00:00+00:00,0.07924,0.07959,0.07855,0.07924,5144273.4
2025-04-12 04:00:00+00:00,0.07924,0.08041,0.07893,0.07983,2984394.3
2025-04-12 08:00:00+00:00,0.07983,0.08061,0.07951,0.08029,3630602.2
2025-04-12 12:00:00+00:00,0.08029,0.08384,0.08014,0.08312,13638336.8
2025-04-12 16:00:00+00:00,0.08312,0.08351,0.08219,0.08271,4072975.4
2025-04-12 20:00:00+00:00,0.08271,0.08327,0.08218,0.0823,2868639.6
2025-04-13 00:00:00+00:00,0.0823,0.0827,0.08127,0.0816,2622881.2
2025-04-13 04:00:00+00:00,0.0816,0.0816,0.08043,0.0811,2739162.4
2025-04-13 08:00:00+00:00,0.0811,0.08281,0.08087,0.08181,4565722.9
2025-04-13 12:00:00+00:00,0.08181,0.08198,0.08013,0.08057,7431805.6
2025-04-13 16:00:00+00:00,0.08057,0.08298,0.07877,0.0798,10202128.2
2025-04-13 20:00:00+00:00,0.0798,0.0808,0.07771,0.07865,7035768.7
2025-04-14 00:00:00+00:00,0.07865,0.08131,0.0784,0.07917,7197662.0
2025-04-14 04:00:00+00:00,0.07917,0.07997,0.07803,0.07889,5552649.5
2025-04-14 08:00:00+00:00,0.07889,0.08092,0.07842,0.08072,9884628.3
2025-04-14 12:00:00+00:00,0.08072,0.08136,0.07809,0.07835,15043162.8
2025-04-14 16:00:00+00:00,0.07835,0.07936,0.07764,0.07884,12720624.8
2025-04-14 20:00:00+00:00,0.07884,0.07906,0.07741,0.07817,5890146.5
2025-04-15 00:00:00+00:00,0.07817,0.07955,0.07763,0.07939,4517860.3
2025-04-15 04:00:00+00:00,0.07939,0.0802,0.07921,0.07999,3095182.8
2025-04-15 08:00:00+00:00,0.07999,0.08055,0.07886,0.07907,7153864.5
2025-04-15 12:00:00+00:00,0.07907,0.08057,0.07815,0.07875,9968391.1
2025-04-15 16:00:00+00:00,0.07875,0.07893,0.07699,0.0778,9522879.5
2025-04-15 20:00:00+00:00,0.0778,0.07852,0.07702,0.07743,7574756.9
2025-04-16 00:00:00+00:00,0.07743,0.0786,0.07696,0.07807,3492211.0
2025-04-16 04:00:00+00:00,0.07807,0.07851,0.07668,0.07681,4207687.8
2025-04-16 08:00:00+00:00,0.07681,0.07783,0.07614,0.07737,5609325.7
2025-04-16 12:00:00+00:00,0.07737,0.07865,0.07642,0.07747,5761024.0
2025-04-16 16:00:00+00:00,0.07747,0.07784,0.07483,0.07723,20237100.5
2025-04-16 20:00:00+00:00,0.07723,0.07787,0.0759,0.07627,4317043.5
2025-04-17 00:00:00+00:00,0.07627,0.07683,0.07553,0.07587,4150452.5
2025-04-17 04:00:00+00:00,0.07587,0.07791,0.07561,0.07744,2682898.2
2025-04-17 08:00:00+00:00,0.07744,0.07755,0.07629,0.07666,4463574.6
2025-04-17 12:00:00+00:00,0.07666,0.07735,0.07507,0.07665,8401209.5
2025-04-17 16:00:00+00:00,0.07665,0.07819,0.0763,0.07677,8242479.1
2025-04-17 20:00:00+00:00,0.07677,0.07733,0.07501,0.07561,6057674.4
2025-04-18 00:00:00+00:00,0.07561,0.07687,0.07498,0.07679,4229727.7
2025-04-18 04:00:00+00:00,0.07679,0.07787,0.07648,0.07758,4489326.0
2025-04-18 08:00:00+00:00,0.07758,0.07803,0.07711,0.07751,3076838.0
2025-04-18 12:00:00+00:00,0.07751,0.07818,0.07701,0.07721,5194082.3
2025-04-18 16:00:00+00:00,0.07721,0.0784,0.07706,0.07814,4996316.8
2025-04-18 20:00:00+00:00,0.07814,0.0786,0.07727,0.07779,4054371.8
2025-04-19 00:00:00+00:00,0.07779,0.08077,0.07777,0.08061,6091184.1
2025-04-19 04:00:00+00:00,0.08061,0.08115,0.08014,0.08094,4412026.8
2025-04-19 08:00:00+00:00,0.08094,0.08145,0.08042,0.08074,8337192.5
2025-04-19 12:00:00+00:00,0.08074,0.08141,0.08024,0.08103,4195280.5
2025-04-19 16:00:00+00:00,0.08103,0.08255,0.08089,0.08144,13908862.9
2025-04-19 20:00:00+00:00,0.08144,0.08278,0.08131,0.08197,6899212.4
2025-04-20 00:00:00+00:00,0.08197,0.08236,0.08157,0.08229,4637808.3
2025-04-20 04:00:00+00:00,0.08229,0.08351,0.08123,0.0816,6399947.5
2025-04-20 08:00:00+00:00,0.0816,0.08266,0.08007,0.08048,11828175.0
2025-04-20 12:00:00+00:00,0.08048,0.08159,0.08017,0.0815,4564569.9
2025-04-20 16:00:00+00:00,0.0815,0.08366,0.08146,0.08342,6593399.3
2025-04-20 20:00:00+00:00,0.08342,0.08463,0.083,0.08325,8992981.7
2025-04-21 00:00:00+00:00,0.08325,0.0853,0.08309,0.08408,7352125.9
2025-04-21 04:00:00+00:00,0.08408,0.08564,0.08343,0.08527,6072653.3
2025-04-21 08:00:00+00:00,0.08527,0.08617,0.08429,0.0846,7936510.3
2025-04-21 12:00:00+00:00,0.0846,0.08589,0.08439,0.08489,7901807.5
2025-04-21 16:00:00+00:00,0.08489,0.08508,0.08243,0.08365,9212220.9
2025-04-21 20:00:00+00:00,0.08365,0.08381,0.08218,0.0829,2931263.5
2025-04-22 00:00:00+00:00,0.0829,0.08411,0.0814,0.08307,4554582.8
2025-04-22 04:00:00+00:00,0.08307,0.08378,0.0813,0.08369,4858711.4
2025-04-22 08:00:00+00:00,0.08369,0.08529,0.08329,0.08514,10597263.3
2025-04-22 12:00:00+00:00,0.08514,0.08804,0.08449,0.08748,12801907.1
2025-04-22 16:00:00+00:00,0.08748,0.08806,0.08664,0.08743,5912965.7
2025-04-22 20:00:00+00:00,0.08743,0.08987,0.08691,0.08938,5807055.6
2025-04-23 00:00:00+00:00,0.08938,0.09113,0.08898,0.09113,5614600.4
2025-04-23 04:00:00+00:00,0.09113,0.09205,0.09035,0.09137,7214384.0
2025-04-23 08:00:00+00:00,0.09137,0.09216,0.08996,0.09165,7882894.2
2025-04-23 12:00:00+00:00,0.09165,0.09298,0.08905,0.09119,21733814.3
2025-04-23 16:00:00+00:00,0.09119,0.09174,0.08939,0.09015,8319897.3
2025-04-23 20:00:00+00:00,0.09015,0.09115,0.09014,0.0905,3355116.4
2025-04-24 00:00:00+00:00,0.0905,0.09094,0.08823,0.08833,3483726.6
2025-04-24 04:00:00+00:00,0.08833,0.08922,0.08784,0.08805,4053604.7
2025-04-24 08:00:00+00:00,0.08805,0.08934,0.08707,0.08922,6571858.8
2025-04-24 12:00:00+00:00,0.08922,0.09479,0.08879,0.0937,14615429.1
2025-04-24 16:00:00+00:00,0.0937,0.09467,0.09214,0.09358,7340942.5
2025-04-24 20:00:00+00:00,0.09358,0.09542,0.09317,0.09511,7485194.3
2025-04-25 00:00:00+00:00,0.09511,0.09655,0.09346,0.09527,8349492.0
2025-04-25 04:00:00+00:00,0.09527,0.10036,0.09499,0.10035,15973139.5
2025-04-25 08:00:00+00:00,0.10035,0.10343,0.09991,0.10311,21292665.2
2025-04-25 12:00:00+00:00,0.10311,0.1044,0.1008,0.10219,17252532.1
2025-04-25 16:00:00+00:00,0.10219,0.10286,0.1001,0.10084,6936750.5
2025-04-25 20:00:00+00:00,0.10084,0.10145,0.09937,0.10068,4970957.1
2025-04-26 00:00:00+00:00,0.10068,0.10523,0.10063,0.1048,7248114.1
2025-04-26 04:00:00+00:00,0.1048,0.1066,0.10347,0.10485,9128320.3
2025-04-26 08:00:00+00:00,0.10485,0.10566,0.10093,0.10141,11801077.1
2025-04-26 12:00:00+00:00,0.10141,0.1028,0.10016,0.10276,5923391.7
2025-04-26 16:00:00+00:00,0.10276,0.10316,0.1014,0.10297,2553563.8
2025-04-26 20:00:00+00:00,0.10297,0.10377,0.1017,0.10352,4288654.4
2025-04-27 00:00:00+00:00,0.10352,0.10444,0.10021,0.10153,7957021.0
2025-04-27 04:00:00+00:00,0.10153,0.10345,0.10033,0.10154,8434873.7
2025-04-27 08:00:00+00:00,0.10154,0.10228,0.10072,0.10074,3898262.7
2025-04-27 12:00:00+00:00,0.10074,0.10158,0.09901,0.09921,11270491.2
2025-04-27 16:00:00+00:00,0.09921,0.10012,0.09824,0.10003,6681559.6
2025-04-27 20:00:00+00:00,0.10003,0.10004,0.09781,0.09792,3350056.6
2025-04-28 00:00:00+00:00,0.09792,0.09974,0.09559,0.09939,7571665.9
2025-04-28 04:00:00+00:00,0.09939,0.10057,0.0967,0.09933,29388464.9
2025-04-28 08:00:00+00:00,0.09933,0.10135,0.09899,0.1003,11635155.5
2025-04-28 12:00:00+00:00,0.1003,0.10048,0.09593,0.09666,12819964.9
2025-04-28 16:00:00+00:00,0.09666,0.0996,0.09575,0.09925,9474373.4
2025-04-28 20:00:00+00:00,0.09925,0.09937,0.098,0.09883,4130202.6
2025-04-29 00:00:00+00:00,0.09883,0.09993,0.09831,0.09972,5713980.3
2025-04-29 04:00:00+00:00,0.09972,0.10133,0.09858,0.10133,6873611.6
2025-04-29 08:00:00+00:00,0.10133,0.10187,0.09898,0.09961,6413549.2
2025-04-29 12:00:00+00:00,0.09961,0.10027,0.0976,0.09918,9207070.4
2025-04-29 16:00:00+00:00,0.09918,0.10035,0.09886,0.0991,5256683.9
2025-04-29 20:00:00+00:00,0.0991,0.09937,0.09556,0.09688,11645637.8
2025-04-30 00:00:00+00:00,0.09688,0.09797,0.09608,0.09773,3616143.9
2025-04-30 04:00:00+00:00,0.09773,0.09884,0.09705,0.09731,3263773.8
2025-04-30 08:00:00+00:00,0.09731,0.09826,0.09648,0.09801,4096978.6
2025-04-30 12:00:00+00:00,0.09801,0.09812,0.09267,0.09471,15690716.3
2025-04-30 16:00:00+00:00,0.09471,0.09621,0.09399,0.09512,6017758.8
2025-04-30 20:00:00+00:00,0.09512,0.09632,0.095,0.09606,5080548.0
2025-05-01 00:00:00+00:00,0.09606,0.09835,0.09599,0.09654,5060113.4
2025-05-01 04:00:00+00:00,0.09654,0.09757,0.09572,0.09725,3254209.1
2025-05-01 08:00:00+00:00,0.09725,0.1003,0.09701,0.09969,9860569.7
2025-05-01 12:00:00+00:00,0.09969,0.10076,0.09837,0.09924,9444885.0
2025-05-01 16:00:00+00:00,0.09924,0.10268,0.09876,0.10221,14157920.5
2025-05-01 20:00:00+00:00,0.10221,0.10408,0.0997,0.10046,11923870.9
2025-05-02 00:00:00+00:00,0.10046,0.10194,0.09953,0.10089,6623907.3
2025-05-02 04:00:00+00:00,0.10089,0.10096,0.09899,0.09932,5577204.1
2025-05-02 08:00:00+00:00,0.09932,0.1006,0.09925,0.09942,3514823.5
2025-05-02 12:00:00+00:00,0.09942,0.10113,0.09887,0.09998,6439925.0
2025-05-02 16:00:00+00:00,0.09998,0.10105,0.09729,0.09759,13810223.0
2025-05-02 20:00:00+00:00,0.09759,0.09867,0.09742,0.09814,3321598.6
2025-05-03 00:00:00+00:00,0.09814,0.09828,0.09652,0.09736,2658696.2
2025-05-03 04:00:00+00:00,0.09736,0.09775,0.09622,0.09659,2659617.0
2025-05-03 08:00:00+00:00,0.09659,0.09674,0.09469,0.09484,5084041.3
2025-05-03 12:00:00+00:00,0.09484,0.09624,0.09481,0.09549,3185396.2
2025-05-03 16:00:00+00:00,0.09549,0.09553,0.09254,0.09518,19490991.5
2025-05-03 20:00:00+00:00,0.09518,0.09524,0.09315,0.09323,4051097.5
2025-05-04 00:00:00+00:00,0.09323,0.09397,0.09168,0.09183,7646490.4
2025-05-04 04:00:00+00:00,0.09183,0.0927,0.09142,0.09177,4437990.9
2025-05-04 08:00:00+00:00,0.09177,0.09188,0.09072,0.09116,5532708.6
2025-05-04 12:00:00+00:00,0.09116,0.09154,0.08991,0.09098,4856574.8
2025-05-04 16:00:00+00:00,0.09098,0.09113,0.08952,0.09001,4050865.5
2025-05-04 20:00:00+00:00,0.09001,0.09102,0.08955,0.08989,3475433.7
2025-05-05 00:00:00+00:00,0.08989,0.09142,0.0887,0.09059,6681575.0
2025-05-05 04:00:00+00:00,0.09059,0.09184,0.09045,0.09114,2464433.4
2025-05-05 08:00:00+00:00,0.09114,0.09145,0.08927,0.08954,4365691.9
2025-05-05 12:00:00+00:00,0.08954,0.09001,0.08864,0.08933,9393073.0
2025-05-05 16:00:00+00:00,0.08933,0.0923,0.08919,0.09078,12912252.8
2025-05-05 20:00:00+00:00,0.09078,0.09248,0.08944,0.09182,13817968.0
2025-05-06 00:00:00+00:00,0.09182,0.09208,0.09029,0.09148,8564815.5
2025-05-06 04:00:00+00:00,0.09148,0.09175,0.09061,0.09078,3005753.9
2025-05-06 08:00:00+00:00,0.09078,0.09078,0.08713,0.08762,15522614.4
2025-05-06 12:00:00+00:00,0.08762,0.08923,0.08676,0.08782,11740849.7
2025-05-06 16:00:00+00:00,0.08782,0.08909,0.08706,0.08828,6876445.5
2025-05-06 20:00:00+00:00,0.08828,0.09005,0.086,0.08987,6334849.7
2025-05-07 00:00:00+00:00,0.08987,0.09165,0.08953,0.09058,6112837.5
2025-05-07 04:00:00+00:00,0.09058,0.09158,0.08996,0.09155,7930048.6
2025-05-07 08:00:00+00:00,0.09155,0.09247,0.09105,0.0915,6589293.4
2025-05-07 12:00:00+00:00,0.0915,0.09203,0.08979,0.09015,6008628.9
2025-05-07 16:00:00+00:00,0.09015,0.09025,0.08859,0.08913,9868225.2
2025-05-07 20:00:00+00:00,0.08913,0.09172,0.08883,0.09128,4431604.2
2025-05-08 00:00:00+00:00,0.09128,0.0962,0.09116,0.09616,11550337.1
2025-05-08 04:00:00+00:00,0.09616,0.09709,0.09539,0.09662,6698327.5
2025-05-08 08:00:00+00:00,0.09662,0.09805,0.09662,0.0979,9313057.0
2025-05-08 12:00:00+00:00,0.0979,0.1009,0.0972,0.09971,10297743.8
2025-05-08 16:00:00+00:00,0.09971,0.10098,0.09942,0.10073,6698138.9
2025-05-08 20:00:00+00:00,0.10073,0.10377,0.10028,0.10374,11679094.0
2025-05-09 00:00:00+00:00,0.10374,0.10516,0.10264,0.10326,6891325.6
2025-05-09 04:00:00+00:00,0.10326,0.10766,0.10303,0.10628,8073322.2
2025-05-09 08:00:00+00:00,0.10628,0.11191,0.10468,0.11102,40507671.7
2025-05-09 12:00:00+00:00,0.11102,0.11369,0.10966,0.11103,35864318.8
2025-05-09 16:00:00+00:00,0.11103,0.11164,0.10907,0.11001,13740470.4
2025-05-09 20:00:00+00:00,0.11001,0.11227,0.10977,0.11226,8140515.7
2025-05-10 00:00:00+00:00,0.11226,0.1162,0.11152,0.11609,13197215.4
2025-05-10 04:00:00+00:00,0.11609,0.11989,0.11494,0.11913,25772820.9
2025-05-10 08:00:00+00:00,0.11913,0.12061,0.11538,0.11601,17346206.7
2025-05-10 12:00:00+00:00,0.11601,0.11947,0.11597,0.11715,11889156.3
2025-05-10 16:00:00+00:00,0.11715,0.12125,0.11673,0.12109,12728458.6
2025-05-10 20:00:00+00:00,0.12109,0.12588,0.12011,0.12531,15602389.6
2025-05-11 00:00:00+00:00,0.12531,0.12621,0.12053,0.12226,17369378.7
2025-05-11 04:00:00+00:00,0.12226,0.12391,0.11722,0.11837,20236359.9
2025-05-11 08:00:00+00:00,0.11837,0.12032,0.1176,0.12021,8160926.9
2025-05-11 12:00:00+00:00,0.12021,0.12061,0.11625,0.11719,15998493.9
2025-05-11 16:00:00+00:00,0.11719,0.11966,0.11509,0.11925,12303210.9
2025-05-11 20:00:00+00:00,0.11925,0.11969,0.1172,0.11827,6698148.3
2025-05-12 00:00:00+00:00,0.11827,0.12136,0.11717,0.12096,12534090.5
2025-05-12 04:00:00+00:00,0.12096,0.12556,0.11812,0.12235,19133963.0
2025-05-12 08:00:00+00:00,0.12235,0.1251,0.12057,0.12107,14394852.4
2025-05-12 12:00:00+00:00,0.12107,0.12381,0.11704,0.11778,26983592.6
2025-05-12 16:00:00+00:00,0.11778,0.12005,0.11217,0.11612,17683775.9
2025-05-12 20:00:00+00:00,0.11612,0.1195,0.11541,0.11833,6245989.0
2025-05-13 00:00:00+00:00,0.11833,0.11862,0.11161,0.11164,14300480.9
2025-05-13 04:00:00+00:00,0.11164,0.11745,0.11117,0.11618,19987392.2
2025-05-13 08:00:00+00:00,0.11618,0.1206,0.11601,0.11988,15516829.4
2025-05-13 12:00:00+00:00,0.11988,0.12157,0.11807,0.12112,21708095.3
2025-05-13 16:00:00+00:00,0.12112,0.12762,0.12084,0.12662,13609228.6
2025-05-13 20:00:00+00:00,0.12662,0.1308,0.12522,0.12785,17306002.3
2025-05-14 00:00:00+00:00,0.12785,0.13119,0.12716,0.12806,13604984.6
2025-05-14 04:00:00+00:00,0.12806,0.12926,0.12565,0.12627,8199907.5
2025-05-14 08:00:00+00:00,0.12627,0.12666,0.12259,0.1256,12086988.5
2025-05-14 12:00:00+00:00,0.1256,0.12634,0.12131,0.12265,11153215.5
2025-05-14 16:00:00+00:00,0.12265,0.12384,0.12104,0.12301,7910552.0
2025-05-14 20:00:00+00:00,0.12301,0.12338,0.12031,0.12168,5451859.4
2025-05-15 00:00:00+00:00,0.12168,0.12326,0.11876,0.11936,7816206.5
2025-05-15 04:00:00+00:00,0.11936,0.11996,0.11372,0.11425,11917416.5
2025-05-15 08:00:00+00:00,0.11425,0.11596,0.11207,0.11458,13870015.0
2025-05-15 12:00:00+00:00,0.11458,0.11678,0.11191,0.11665,21255568.6
2025-05-15 16:00:00+00:00,0.11665,0.11872,0.11343,0.11488,11001401.6
2025-05-15 20:00:00+00:00,0.11488,0.1156,0.11103,0.114,12420985.1
2025-05-16 00:00:00+00:00,0.114,0.116,0.11211,0.11503,12735268.2
2025-05-16 04:00:00+00:00,0.11503,0.11552,0.11319,0.11447,10328622.5
2025-05-16 08:00:00+00:00,0.11447,0.11632,0.11237,0.11498,9560098.5
2025-05-16 12:00:00+00:00,0.11498,0.11573,0.11218,0.1133,13273817.1
2025-05-16 16:00:00+00:00,0.1133,0.11395,0.11152,0.11275,8752297.2
2025-05-16 20:00:00+00:00,0.11275,0.11276,0.10879,0.11004,12482756.6
2025-05-17 00:00:00+00:00,0.11004,0.1104,0.10525,0.10731,18316270.9
2025-05-17 04:00:00+00:00,0.10731,0.10896,0.1067,0.10791,6681944.1
2025-05-17 08:00:00+00:00,0.10791,0.10793,0.10608,0.10686,5631970.6
2025-05-17 12:00:00+00:00,0.10686,0.10715,0.10501,0.10636,7119141.6
2025-05-17 16:00:00+00:00,0.10636,0.10669,0.10379,0.10519,14138438.4
2025-05-17 20:00:00+00:00,0.10519,0.10714,0.10429,0.10555,6607297.1
2025-05-18 00:00:00+00:00,0.10555,0.10642,0.10487,0.10555,6505829.4
2025-05-18 04:00:00+00:00,0.10555,0.11043,0.10548,0.11026,9970843.5
2025-05-18 08:00:00+00:00,0.11026,0.11167,0.10983,0.10984,6880624.3
2025-05-18 12:00:00+00:00,0.10984,0.11575,0.10887,0.11537,15072615.2
2025-05-18 16:00:00+00:00,0.11537,0.11648,0.10758,0.10766,20043784.0
2025-05-18 20:00:00+00:00,0.10766,0.11507,0.10527,0.1145,18097285.1
2025-05-19 00:00:00+00:00,0.1145,0.11483,0.10739,0.10774,11407177.1
2025-05-19 04:00:00+00:00,0.10774,0.10832,0.10476,0.10699,11629992.8
2025-05-19 08:00:00+00:00,0.10699,0.10714,0.10534,0.10645,7471953.7
2025-05-19 12:00:00+00:00,0.10645,0.1097,0.10445,0.10921,17103052.5
2025-05-19 16:00:00+00:00,0.10921,0.11196,0.10824,0.10985,11768437.7
2025-05-19 20:00:00+00:00,0.10985,0.11052,0.10851,0.11032,5251550.0
2025-05-20 00:00:00+00:00,0.11032,0.11418,0.10883,0.11128,16339744.3
2025-05-20 04:00:00+00:00,0.11128,0.11209,0.10873,0.10897,13829036.0
2025-05-20 08:00:00+00:00,0.10897,0.10929,0.10584,0.10696,10613093.1
2025-05-20 12:00:00+00:00,0.10696,0.10826,0.1057,0.10795,9862073.6
2025-05-20 16:00:00+00:00,0.10795,0.10993,0.10584,0.10955,14188668.8
2025-05-20 20:00:00+00:00,0.10955,0.11211,0.109,0.11073,11495802.3
2025-05-21 00:00:00+00:00,0.11073,0.11342,0.1087,0.11256,16263248.0
2025-05-21 04:00:00+00:00,0.11256,0.11466,0.1112,0.11181,11024202.4
2025-05-21 08:00:00+00:00,0.11181,0.11199,0.1086,0.11037,11349041.0
2025-05-21 12:00:00+00:00,0.11037,0.11292,0.10945,0.11265,14654127.3
2025-05-21 16:00:00+00:00,0.11265,0.11627,0.10905,0.11238,26516676.9
2025-05-21 20:00:00+00:00,0.11238,0.11569,0.11158,0.11438,11166868.6
2025-05-22 00:00:00+00:00,0.11438,0.11807,0.11438,0.11767,8023232.2
2025-05-22 04:00:00+00:00,0.11767,0.11848,0.11642,0.11806,6731737.1
2025-05-22 08:00:00+00:00,0.11806,0.12101,0.11784,0.11946,8648490.0
2025-05-22 12:00:00+00:00,0.11946,0.12373,0.11817,0.12209,15013585.4
2025-05-22 16:00:00+00:00,0.12209,0.1234,0.1206,0.12114,10335127.4
2025-05-22 20:00:00+00:00,0.12114,0.12257,0.11962,0.12232,7788309.6
2025-05-23 00:00:00+00:00,0.12232,0.12533,0.12067,0.12391,13177593.9
2025-05-23 04:00:00+00:00,0.12391,0.12419,0.11795,0.11843,14440488.0
2025-05-23 08:00:00+00:00,0.11843,0.12173,0.11398,0.11489,25554121.5
2025-05-23 12:00:00+00:00,0.11489,0.11679,0.11135,0.11431,24430132.1
2025-05-23 16:00:00+00:00,0.11431,0.11601,0.11318,0.11342,11062132.2
2025-05-23 20:00:00+00:00,0.11342,0.11342,0.10824,0.10913,12187111.0
2025-05-24 00:00:00+00:00,0.10913,0.11142,0.10821,0.11082,15833044.3
2025-05-24 04:00:00+00:00,0.11082,0.11139,0.1091,0.10927,9237274.7
2025-05-24 08:00:00+00:00,0.10927,0.11117,0.10852,0.11046,11812457.9
2025-05-24 12:00:00+00:00,0.11046,0.11085,0.10939,0.11008,5929592.2
2025-05-24 16:00:00+00:00,0.11008,0.11073,0.1085,0.10924,8243714.9
2025-05-24 20:00:00+00:00,0.10924,0.10976,0.10708,0.10792,7891807.7
2025-05-25 00:00:00+00:00,0.10792,0.10834,0.10484,0.107,10575325.1
2025-05-25 04:00:00+00:00,0.107,0.10752,0.10552,0.10587,5126533.9
2025-05-25 08:00:00+00:00,0.10587,0.10589,0.10374,0.1053,10287957.9
2025-05-25 12:00:00+00:00,0.1053,0.10691,0.10363,0.10536,10878706.5
2025-05-25 16:00:00+00:00,0.10536,0.10608,0.10375,0.10554,5827348.1
2025-05-25 20:00:00+00:00,0.10554,0.11023,0.1045,0.11013,9718577.8
2025-05-26 00:00:00+00:00,0.11013,0.11247,0.10972,0.11158,7847686.7
2025-05-26 04:00:00+00:00,0.11158,0.11493,0.11136,0.11421,8703436.6
2025-05-26 08:00:00+00:00,0.11421,0.11477,0.11099,0.11176,8457178.5
2025-05-26 12:00:00+00:00,0.11176,0.11319,0.10932,0.11204,16102148.8
2025-05-26 16:00:00+00:00,0.11204,0.11291,0.1078,0.10839,14345362.4
2025-05-26 20:00:00+00:00,0.10839,0.11079,0.10785,0.11004,10744558.3
2025-05-27 00:00:00+00:00,0.11004,0.11083,0.10667,0.1091,13725964.3
2025-05-27 04:00:00+00:00,0.1091,0.11287,0.10831,0.112,14221156.0
2025-05-27 08:00:00+00:00,0.112,0.11326,0.11175,0.11288,9197735.6
2025-05-27 12:00:00+00:00,0.11288,0.11507,0.11063,0.11275,18448024.8
2025-05-27 16:00:00+00:00,0.11275,0.11467,0.11228,0.11271,8859478.4
2025-05-27 20:00:00+00:00,0.11271,0.11353,0.11081,0.11142,5829782.6
2025-05-28 00:00:00+00:00,0.11142,0.11237,0.10994,0.11207,10153742.0
2025-05-28 04:00:00+00:00,0.11207,0.11307,0.11037,0.11037,12991283.7
2025-05-28 08:00:00+00:00,0.11037,0.11118,0.10853,0.11114,9353487.4
2025-05-28 12:00:00+00:00,0.11114,0.11365,0.10709,0.10758,17022327.3
2025-05-28 16:00:00+00:00,0.10758,0.10963,0.10629,0.10638,14650883.4
2025-05-28 20:00:00+00:00,0.10638,0.11124,0.1063,0.1111,12967732.9
2025-05-29 00:00:00+00:00,0.1111,0.11388,0.11034,0.11212,17978705.8
2025-05-29 04:00:00+00:00,0.11212,0.11228,0.10896,0.11032,12955301.5
2025-05-29 08:00:00+00:00,0.11032,0.11115,0.10949,0.11056,7761308.1
2025-05-29 12:00:00+00:00,0.11056,0.11057,0.10691,0.10785,10324828.7
2025-05-29 16:00:00+00:00,0.10785,0.10832,0.10562,0.10603,9158639.3
2025-05-29 20:00:00+00:00,0.10603,0.1073,0.10458,0.10526,7275138.4
2025-05-30 00:00:00+00:00,0.10526,0.10597,0.09893,0.10202,32781731.8
2025-05-30 04:00:00+00:00,0.10202,0.10203,0.09821,0.09918,19315209.0
2025-05-30 08:00:00+00:00,0.09918,0.10018,0.09812,0.09934,14690846.3
2025-05-30 12:00:00+00:00,0.09934,0.09996,0.0976,0.09819,13723372.0
2025-05-30 16:00:00+00:00,0.09819,0.09885,0.09406,0.09649,24704395.0
2025-05-30 20:00:00+00:00,0.09649,0.09662,0.09076,0.09215,20661025.6
2025-05-31 00:00:00+00:00,0.09215,0.09249,0.08903,0.09081,19178469.9
2025-05-31 04:00:00+00:00,0.09081,0.09365,0.09023,0.09339,8975987.1
2025-05-31 08:00:00+00:00,0.09339,0.09381,0.09228,0.09264,9861341.4
2025-05-31 12:00:00+00:00,0.09264,0.09603,0.09255,0.09467,13402789.2
2025-05-31 16:00:00+00:00,0.09467,0.09625,0.09426,0.09568,8491577.9
2025-05-31 20:00:00+00:00,0.09568,0.0969,0.09471,0.09503,9513267.1
2025-06-01 00:00:00+00:00,0.09503,0.09541,0.09343,0.09444,7622041.5
2025-06-01 04:00:00+00:00,0.09444,0.09585,0.0941,0.09481,4631314.7
2025-06-01 08:00:00+00:00,0.09481,0.09491,0.09243,0.09405,8786290.8
2025-06-01 12:00:00+00:00,0.09405,0.0963,0.09321,0.0956,8894004.1
2025-06-01 16:00:00+00:00,0.0956,0.09674,0.09376,0.09515,11384232.8
2025-06-01 20:00:00+00:00,0.09515,0.09665,0.09467,0.09604,5674863.7
2025-06-02 00:00:00+00:00,0.09604,0.09644,0.09408,0.09449,4303770.0
2025-06-02 04:00:00+00:00,0.09449,0.0956,0.09337,0.09489,6804561.7
2025-06-02 08:00:00+00:00,0.09489,0.09559,0.09279,0.09364,9650648.7
2025-06-02 12:00:00+00:00,0.09364,0.09548,0.09325,0.09498,9332391.9
2025-06-02 16:00:00+00:00,0.09498,0.09598,0.09343,0.09411,6566225.5
2025-06-02 20:00:00+00:00,0.09411,0.09818,0.09411,0.09777,8353503.0
2025-06-03 00:00:00+00:00,0.09777,0.10085,0.09757,0.09793,12829651.7
2025-06-03 04:00:00+00:00,0.09793,0.09909,0.09724,0.09812,5530330.8
2025-06-03 08:00:00+00:00,0.09812,0.09892,0.09714,0.09828,6070030.8
2025-06-03 12:00:00+00:00,0.09828,0.10045,0.09789,0.09954,10986314.0
2025-06-03 16:00:00+00:00,0.09954,0.10022,0.09876,0.09956,6803397.9
2025-06-03 20:00:00+00:00,0.09956,0.09958,0.09716,0.09732,6315094.0
2025-06-04 00:00:00+00:00,0.09732,0.0996,0.09676,0.09839,5917614.1
2025-06-04 04:00:00+00:00,0.09839,0.09865,0.09732,0.098,5188567.6
2025-06-04 08:00:00+00:00,0.098,0.09879,0.09695,0.09697,5515956.5
2025-06-04 12:00:00+00:00,0.09697,0.09802,0.09527,0.09782,7443666.7
2025-06-04 16:00:00+00:00,0.09782,0.0979,0.09548,0.09552,4877059.8
2025-06-04 20:00:00+00:00,0.09552,0.09559,0.09371,0.09439,6253700.1
2025-06-05 00:00:00+00:00,0.09439,0.09535,0.09389,0.09486,4260026.6
2025-06-05 04:00:00+00:00,0.09486,0.09549,0.09354,0.09454,7982187.8
2025-06-05 08:00:00+00:00,0.09454,0.0948,0.09291,0.09377,4019118.1
2025-06-05 12:00:00+00:00,0.09377,0.09566,0.092,0.09309,13583868.4
2025-06-05 16:00:00+00:00,0.09309,0.09317,0.08807,0.08914,16653021.6
2025-06-05 20:00:00+00:00,0.08914,0.08935,0.08584,0.08705,36632251.7
2025-06-06 00:00:00+00:00,0.08705,0.08931,0.08661,0.08906,5575175.0
2025-06-06 04:00:00+00:00,0.08906,0.09006,0.08888,0.08925,4530779.5
2025-06-06 08:00:00+00:00,0.08925,0.09007,0.08911,0.08965,4285965.7
2025-06-06 12:00:00+00:00,0.08965,0.0927,0.08965,0.09184,8887862.3
2025-06-06 16:00:00+00:00,0.09184,0.09214,0.08953,0.08966,6157587.2
2025-06-06 20:00:00+00:00,0.08966,0.09066,0.08892,0.08927,7056745.2
2025-06-07 00:00:00+00:00,0.08927,0.09195,0.08902,0.09182,4288373.3
2025-06-07 04:00:00+00:00,0.09182,0.09306,0.09142,0.09276,3770535.9
2025-06-07 08:00:00+00:00,0.09276,0.09331,0.0922,0.09297,2911002.8
2025-06-07 12:00:00+00:00,0.09297,0.09345,0.09162,0.09188,5408167.9
2025-06-07 16:00:00+00:00,0.09188,0.09238,0.09115,0.0913,5418576.1
2025-06-07 20:00:00+00:00,0.0913,0.09187,0.09098,0.09164,3095876.6
2025-06-08 00:00:00+00:00,0.09164,0.0918,0.09078,0.09086,3302294.6
2025-06-08 04:00:00+00:00,0.09086,0.09368,0.09074,0.09148,21482832.0
2025-06-08 08:00:00+00:00,0.09148,0.09203,0.09058,0.09184,10141041.9
2025-06-08 12:00:00+00:00,0.09184,0.09247,0.09106,0.09216,5012814.6
2025-06-08 16:00:00+00:00,0.09216,0.09284,0.09174,0.09269,4737780.6
2025-06-08 20:00:00+00:00,0.09269,0.09328,0.09115,0.09151,7014516.1
2025-06-09 00:00:00+00:00,0.09151,0.0919,0.09028,0.09081,3181838.3
2025-06-09 04:00:00+00:00,0.09081,0.09113,0.08956,0.09083,4464054.6
2025-06-09 08:00:00+00:00,0.09083,0.0942,0.09043,0.09395,10118185.2
2025-06-09 12:00:00+00:00,0.09395,0.09439,0.09254,0.09403,10595368.3
2025-06-09 16:00:00+00:00,0.09403,0.0956,0.094,0.09426,7488020.2
2025-06-09 20:00:00+00:00,0.09426,0.09774,0.09426,0.09735,13616795.1
2025-06-10 00:00:00+00:00,0.09735,0.09879,0.09699,0.09736,10971676.0
2025-06-10 04:00:00+00:00,0.09736,0.09803,0.09541,0.09653,9701398.5
2025-06-10 08:00:00+00:00,0.09653,0.09984,0.09597,0.09984,10571236.0
2025-06-10 12:00:00+00:00,0.09984,0.10075,0.09718,0.09872,13442008.9
2025-06-10 16:00:00+00:00,0.09872,0.10143,0.09836,0.10034,10902379.9
2025-06-10 20:00:00+00:00,0.10034,0.1024,0.09974,0.10216,9889373.0
2025-06-11 00:00:00+00:00,0.10216,0.10257,0.10012,0.101,8429891.5
2025-06-11 04:00:00+00:00,0.101,0.10159,0.1003,0.10101,4286507.1
2025-06-11 08:00:00+00:00,0.10101,0.10145,0.0984,0.09921,7807333.3
2025-06-11 12:00:00+00:00,0.09921,0.10286,0.09867,0.10252,14577373.0
2025-06-11 16:00:00+00:00,0.10252,0.10258,0.09815,0.09825,13656462.1
2025-06-11 20:00:00+00:00,0.09825,0.09899,0.09612,0.09713,16237295.1
2025-06-12 00:00:00+00:00,0.09713,0.09719,0.09433,0.09475,7911213.1
2025-06-12 04:00:00+00:00,0.09475,0.09528,0.09342,0.09359,7528733.2
2025-06-12 08:00:00+00:00,0.09359,0.09432,0.09203,0.09229,8351272.4
2025-06-12 12:00:00+00:00,0.09229,0.09513,0.09184,0.09278,10272966.0
2025-06-12 16:00:00+00:00,0.09278,0.09514,0.09123,0.09171,7582441.5
2025-06-12 20:00:00+00:00,0.09171,0.09209,0.08959,0.08964,10352507.9
2025-06-13 00:00:00+00:00,0.08964,0.08964,0.08239,0.08593,68983207.8
2025-06-13 04:00:00+00:00,0.08593,0.08604,0.08429,0.0856,12666526.5
2025-06-13 08:00:00+00:00,0.0856,0.08643,0.08482,0.08643,9146608.7
2025-06-13 12:00:00+00:00,0.08643,0.08733,0.08485,0.08674,16724721.3
2025-06-13 16:00:00+00:00,0.08674,0.08799,0.08537,0.08614,8723964.3
2025-06-13 20:00:00+00:00,0.08614,0.08834,0.086,0.08807,4453905.9
2025-06-14 00:00:00+00:00,0.08807,0.08825,0.08678,0.0875,4806146.0
2025-06-14 04:00:00+00:00,0.0875,0.08843,0.0872,0.08795,5687346.5
2025-06-14 08:00:00+00:00,0.08795,0.08834,0.08728,0.08814,3381921.3
2025-06-14 12:00:00+00:00,0.08814,0.08867,0.0865,0.08694,5989183.4
2025-06-14 16:00:00+00:00,0.08694,0.08724,0.08548,0.08616,7354049.9
2025-06-14 20:00:00+00:00,0.08616,0.08753,0.08541,0.08694,4484375.3
2025-06-15 00:00:00+00:00,0.08694,0.08744,0.08651,0.0869,4108295.3
2025-06-15 04:00:00+00:00,0.0869,0.08772,0.08622,0.08667,6625119.2
2025-06-15 08:00:00+00:00,0.08667,0.08683,0.08593,0.0866,7813043.9
2025-06-15 12:00:00+00:00,0.0866,0.08762,0.08603,0.08651,6370596.9
2025-06-15 16:00:00+00:00,0.08651,0.08695,0.08574,0.086,6264077.4
2025-06-15 20:00:00+00:00,0.086,0.08699,0.08477,0.08658,8030536.6
2025-06-16 00:00:00+00:00,0.08658,0.08767,0.08531,0.08691,7680408.4
2025-06-16 04:00:00+00:00,0.08691,0.08963,0.08688,0.08947,10584279.7
2025-06-16 08:00:00+00:00,0.08947,0.09025,0.08867,0.08944,10284412.4
2025-06-16 12:00:00+00:00,0.08944,0.09104,0.0886,0.09034,14517951.9
2025-06-16 16:00:00+00:00,0.09034,0.09124,0.0903,0.09089,7709290.5
2025-06-16 20:00:00+00:00,0.09089,0.09176,0.08733,0.08753,16025132.2
2025-06-17 00:00:00+00:00,0.08753,0.08872,0.08583,0.08823,11783188.8
2025-06-17 04:00:00+00:00,0.08823,0.08827,0.08662,0.08683,6457339.5
2025-06-17 08:00:00+00:00,0.08683,0.08687,0.08474,0.08504,7039110.7
2025-06-17 12:00:00+00:00,0.08504,0.08611,0.08312,0.08389,10389061.9
2025-06-17 16:00:00+00:00,0.08389,0.08524,0.08175,0.08449,19409659.4
2025-06-17 20:00:00+00:00,0.08449,0.08501,0.08282,0.08368,5879813.1
2025-06-18 00:00:00+00:00,0.08368,0.0848,0.08341,0.08439,6441273.8
2025-06-18 04:00:00+00:00,0.08439,0.08525,0.08394,0.08428,5938683.9
2025-06-18 08:00:00+00:00,0.08428,0.08461,0.08072,0.08231,38671184.7
2025-06-18 12:00:00+00:00,0.08231,0.08325,0.07984,0.08236,33484810.7
2025-06-18 16:00:00+00:00,0.08236,0.08333,0.08141,0.08182,10221879.7
2025-06-18 20:00:00+00:00,0.08182,0.08471,0.08158,0.08447,9585265.3
2025-06-19 00:00:00+00:00,0.08447,0.08543,0.08362,0.08473,7354578.8
2025-06-19 04:00:00+00:00,0.08473,0.08547,0.08392,0.08397,5751060.0
2025-06-19 08:00:00+00:00,0.08397,0.085,0.08386,0.08391,5625505.5
2025-06-19 12:00:00+00:00,0.08391,0.08434,0.0827,0.08288,7729342.2
2025-06-19 16:00:00+00:00,0.08288,0.08378,0.08193,0.08268,10273388.6
2025-06-19 20:00:00+00:00,0.08268,0.08409,0.08243,0.08374,10011039.8
2025-06-20 00:00:00+00:00,0.08374,0.08405,0.0831,0.0835,4824438.1
2025-06-20 04:00:00+00:00,0.0835,0.08477,0.08243,0.08461,7355146.4
2025-06-20 08:00:00+00:00,0.08461,0.0854,0.08453,0.08504,7816242.3
2025-06-20 12:00:00+00:00,0.08504,0.08551,0.082,0.08232,15200423.8
2025-06-20 16:00:00+00:00,0.08232,0.08242,0.07863,0.08076,39349846.9
2025-06-20 20:00:00+00:00,0.08076,0.08161,0.07952,0.08019,7550850.5
2025-06-21 00:00:00+00:00,0.08019,0.08184,0.08006,0.08161,7945222.8
2025-06-21 04:00:00+00:00,0.08161,0.08164,0.08089,0.08108,3634268.8
2025-06-21 08:00:00+00:00,0.08108,0.08134,0.08067,0.08087,7369152.9
2025-06-21 12:00:00+00:00,0.08087,0.08105,0.07838,0.07937,48037085.8
2025-06-21 16:00:00+00:00,0.07937,0.07966,0.07713,0.07725,21348907.1
2025-06-21 20:00:00+00:00,0.07725,0.07798,0.07455,0.07653,36997935.8
2025-06-22 00:00:00+00:00,0.07653,0.07756,0.07464,0.07512,17430378.9
2025-06-22 04:00:00+00:00,0.07512,0.07639,0.07485,0.07541,10722354.6
2025-06-22 08:00:00+00:00,0.07541,0.07552,0.07385,0.07468,13776270.2
2025-06-22 12:00:00+00:00,0.07468,0.07507,0.07048,0.07165,37079529.8
2025-06-22 16:00:00+00:00,0.07165,0.07276,0.07118,0.07141,9125734.4
2025-06-22 20:00:00+00:00,0.07141,0.07332,0.06925,0.07312,14369715.8
2025-06-23 00:00:00+00:00,0.07312,0.07408,0.07293,0.07336,14135718.6
2025-06-23 04:00:00+00:00,0.07336,0.07491,0.07329,0.07427,8353818.4
2025-06-23 08:00:00+00:00,0.07427,0.07458,0.07383,0.0741,6404815.8
2025-06-23 12:00:00+00:00,0.0741,0.07622,0.07352,0.07417,17670204.2
2025-06-23 16:00:00+00:00,0.07417,0.0771,0.07224,0.07686,18842999.0
2025-06-23 20:00:00+00:00,0.07686,0.08172,0.07674,0.08136,18955009.0
2025-06-24 00:00:00+00:00,0.08136,0.08257,0.08136,0.08167,12550705.7
2025-06-24 04:00:00+00:00,0.08167,0.08464,0.08152,0.08329,12540613.9
2025-06-24 08:00:00+00:00,0.08329,0.08374,0.08207,0.08243,10746755.9
2025-06-24 12:00:00+00:00,0.08243,0.0838,0.08211,0.08321,16466337.1
2025-06-24 16:00:00+00:00,0.08321,0.08541,0.08211,0.08274,13106781.8
2025-06-24 20:00:00+00:00,0.08274,0.08432,0.08242,0.08391,6355639.8
2025-06-25 00:00:00+00:00,0.08391,0.0845,0.08341,0.08345,11826201.5
2025-06-25 04:00:00+00:00,0.08345,0.08394,0.08265,0.08371,9584736.6
2025-06-25 08:00:00+00:00,0.08371,0.08393,0.08184,0.08341,12239339.9
2025-06-25 12:00:00+00:00,0.08341,0.08454,0.08101,0.08124,12128398.0
2025-06-25 16:00:00+00:00,0.08124,0.08236,0.08079,0.08177,9828837.2
2025-06-25 20:00:00+00:00,0.08177,0.08257,0.08027,0.08083,7514566.7
2025-06-26 00:00:00+00:00,0.08083,0.08346,0.08044,0.08202,8369692.7
2025-06-26 04:00:00+00:00,0.08202,0.08258,0.08085,0.08213,5586926.9
2025-06-26 08:00:00+00:00,0.08213,0.08258,0.08059,0.08099,5407935.4
2025-06-26 12:00:00+00:00,0.08099,0.08101,0.07867,0.07945,14304235.3
2025-06-26 16:00:00+00:00,0.07945,0.08011,0.07861,0.07973,7362752.7
2025-06-26 20:00:00+00:00,0.07973,0.08108,0.07875,0.07891,5898352.7
2025-06-27 00:00:00+00:00,0.07891,0.08012,0.07777,0.07993,6927575.9
2025-06-27 04:00:00+00:00,0.07993,0.08107,0.0793,0.07943,6714173.3
2025-06-27 08:00:00+00:00,0.07943,0.08089,0.07943,0.0799,6723643.4
2025-06-27 12:00:00+00:00,0.0799,0.08122,0.07901,0.08099,9743679.4
2025-06-27 16:00:00+00:00,0.08099,0.08249,0.07885,0.07945,18352446.8
2025-06-27 20:00:00+00:00,0.07945,0.08122,0.07932,0.08095,6682292.7
2025-06-28 00:00:00+00:00,0.08095,0.08177,0.08076,0.08126,4147093.1
2025-06-28 04:00:00+00:00,0.08126,0.08197,0.08077,0.08183,4555781.6
2025-06-28 08:00:00+00:00,0.08183,0.08242,0.0814,0.08212,5065719.2
2025-06-28 12:00:00+00:00,0.08212,0.08275,0.08122,0.08243,19689525.1
2025-06-28 16:00:00+00:00,0.08243,0.084,0.08219,0.08321,10250982.0
2025-06-28 20:00:00+00:00,0.08321,0.08462,0.08294,0.08428,3851779.3
2025-06-29 00:00:00+00:00,0.08428,0.08484,0.08362,0.08365,2706210.2
2025-06-29 04:00:00+00:00,0.08365,0.08517,0.08357,0.08517,3911810.3
2025-06-29 08:00:00+00:00,0.08517,0.0855,0.08456,0.0847,5891462.6
2025-06-29 12:00:00+00:00,0.0847,0.08487,0.08323,0.08334,4860387.6
2025-06-29 16:00:00+00:00,0.08334,0.08466,0.08325,0.08459,4512530.0
2025-06-29 20:00:00+00:00,0.08459,0.08863,0.08379,0.08768,10347210.7
2025-06-30 00:00:00+00:00,0.08768,0.08829,0.08572,0.08598,7774919.5
2025-06-30 04:00:00+00:00,0.08598,0.08604,0.08441,0.0855,5108184.2
2025-06-30 08:00:00+00:00,0.0855,0.08566,0.08413,0.0847,6472254.6
2025-06-30 12:00:00+00:00,0.0847,0.08581,0.08357,0.08487,14505089.3
2025-06-30 16:00:00+00:00,0.08487,0.08634,0.08445,0.08619,7648757.2
2025-06-30 20:00:00+00:00,0.08619,0.08632,0.08383,0.08389,4031941.2
2025-07-01 00:00:00+00:00,0.08389,0.0845,0.08254,0.08281,5631342.7
2025-07-01 04:00:00+00:00,0.08281,0.08282,0.08103,0.08212,9082070.5
2025-07-01 08:00:00+00:00,0.08212,0.08212,0.08077,0.08093,6421670.0
2025-07-01 12:00:00+00:00,0.08093,0.08181,0.0802,0.08052,10235136.4
2025-07-01 16:00:00+00:00,0.08052,0.08078,0.07925,0.07963,9340374.2
2025-07-01 20:00:00+00:00,0.07963,0.08038,0.07889,0.07964,9804391.9
2025-07-02 00:00:00+00:00,0.07964,0.08083,0.07877,0.08007,5252796.9
2025-07-02 04:00:00+00:00,0.08007,0.08241,0.07997,0.08208,9640274.8
2025-07-02 08:00:00+00:00,0.08208,0.0831,0.08173,0.08239,6129173.2
2025-07-02 12:00:00+00:00,0.08239,0.08464,0.08157,0.0846,11549021.3
2025-07-02 16:00:00+00:00,0.0846,0.08808,0.08434,0.08806,24341659.7
2025-07-02 20:00:00+00:00,0.08806,0.08855,0.08648,0.08678,8569029.8
2025-07-03 00:00:00+00:00,0.08678,0.08798,0.08668,0.08708,4992111.0
2025-07-03 04:00:00+00:00,0.08708,0.08914,0.08699,0.08893,6984890.5
2025-07-03 08:00:00+00:00,0.08893,0.08927,0.08761,0.08779,5393331.8
2025-07-03 12:00:00+00:00,0.08779,0.0891,0.08595,0.08605,10193160.9
2025-07-03 16:00:00+00:00,0.08605,0.08747,0.08601,0.08743,4268972.2
2025-07-03 20:00:00+00:00,0.08743,0.08813,0.08705,0.0873,2620204.7
2025-07-04 00:00:00+00:00,0.0873,0.08827,0.08614,0.08641,5291991.0
2025-07-04 04:00:00+00:00,0.08641,0.0869,0.08396,0.08408,7458545.6
2025-07-04 08:00:00+00:00,0.08408,0.08494,0.08329,0.08443,7031401.6
2025-07-04 12:00:00+00:00,0.08443,0.08473,0.08248,0.08249,8378140.4
2025-07-04 16:00:00+00:00,0.08249,0.0826,0.08114,0.08132,7654966.8
2025-07-04 20:00:00+00:00,0.08132,0.08294,0.08116,0.08245,4992092.6
2025-07-05 00:00:00+00:00,0.08245,0.08327,0.08214,0.08276,4016660.8
2025-07-05 04:00:00+00:00,0.08276,0.08323,0.082,0.08278,2888536.5
2025-07-05 08:00:00+00:00,0.08278,0.08288,0.08202,0.08236,2837025.1
2025-07-05 12:00:00+00:00,0.08236,0.0824,0.08143,0.08167,3040958.2
2025-07-05 16:00:00+00:00,0.08167,0.0821,0.08077,0.08159,6329144.7
2025-07-05 20:00:00+00:00,0.08159,0.08268,0.08148,0.08245,4896557.4
2025-07-06 00:00:00+00:00,0.08245,0.0826,0.08177,0.08203,2443927.0
2025-07-06 04:00:00+00:00,0.08203,0.08296,0.08192,0.08249,4018494.2
2025-07-06 08:00:00+00:00,0.08249,0.08272,0.08188,0.08266,2906491.2
2025-07-06 12:00:00+00:00,0.08266,0.08476,0.08251,0.08437,10386946.2
2025-07-06 16:00:00+00:00,0.08437,0.08523,0.08374,0.08439,8227736.0
2025-07-06 20:00:00+00:00,0.08439,0.08642,0.08428,0.08472,7640085.0
2025-07-07 00:00:00+00:00,0.08472,0.08566,0.08408,0.0849,5525274.2
2025-07-07 04:00:00+00:00,0.0849,0.08532,0.084,0.0853,6013813.0
2025-07-07 08:00:00+00:00,0.0853,0.08556,0.08407,0.08432,6688176.8
2025-07-07 12:00:00+00:00,0.08432,0.08495,0.08313,0.08368,9263566.6
2025-07-07 16:00:00+00:00,0.08368,0.08403,0.08244,0.08326,9195172.9
2025-07-07 20:00:00+00:00,0.08326,0.08329,0.08203,0.08307,8120135.0
2025-07-08 00:00:00+00:00,0.08307,0.08346,0.08173,0.08217,9139386.3
2025-07-08 04:00:00+00:00,0.08217,0.0829,0.08165,0.08248,4826563.1
2025-07-08 08:00:00+00:00,0.08248,0.08427,0.08201,0.08376,6645124.9
2025-07-08 12:00:00+00:00,0.08376,0.08441,0.08276,0.08303,18607699.6
2025-07-08 16:00:00+00:00,0.08303,0.08599,0.08267,0.08536,17253564.9
2025-07-08 20:00:00+00:00,0.08536,0.08573,0.08461,0.08513,4581606.4
2025-07-09 00:00:00+00:00,0.08513,0.08546,0.08431,0.08489,10900684.5
2025-07-09 04:00:00+00:00,0.08489,0.08647,0.08456,0.08627,8046102.9
2025-07-09 08:00:00+00:00,0.08627,0.08729,0.08603,0.08709,9374691.0
2025-07-09 12:00:00+00:00,0.08709,0.08773,0.08633,0.08711,8983572.4
2025-07-09 16:00:00+00:00,0.08711,0.09046,0.08685,0.09015,16401395.4
2025-07-09 20:00:00+00:00,0.09015,0.09102,0.08949,0.09027,13173766.3
2025-07-10 00:00:00+00:00,0.09027,0.09069,0.08935,0.09035,4476455.6
2025-07-10 04:00:00+00:00,0.09035,0.09132,0.08972,0.09089,4817989.4
2025-07-10 08:00:00+00:00,0.09089,0.09117,0.09026,0.09051,6135900.6
2025-07-10 12:00:00+00:00,0.09051,0.0911,0.08951,0.08971,10507919.5
2025-07-10 16:00:00+00:00,0.08971,0.09358,0.0897,0.09254,14808830.5
2025-07-10 20:00:00+00:00,0.09254,0.09766,0.09253,0.09701,16550680.9
2025-07-11 00:00:00+00:00,0.09701,0.09901,0.09545,0.0988,12671609.9
2025-07-11 04:00:00+00:00,0.0988,0.10128,0.09743,0.09764,17037321.8
2025-07-11 08:00:00+00:00,0.09764,0.10014,0.09764,0.09875,10661490.5
2025-07-11 12:00:00+00:00,0.09875,0.10149,0.0981,0.0984,15214807.3
2025-07-11 16:00:00+00:00,0.0984,0.10056,0.09802,0.10043,10624382.8
2025-07-11 20:00:00+00:00,0.10043,0.1005,0.09484,0.09619,10969624.3
2025-07-12 00:00:00+00:00,0.09619,0.09787,0.09441,0.09756,8503234.2
2025-07-12 04:00:00+00:00,0.09756,0.09827,0.09524,0.09755,7336166.5
2025-07-12 08:00:00+00:00,0.09755,0.09818,0.0967,0.09752,7429551.3
2025-07-12 12:00:00+00:00,0.09752,0.09796,0.09264,0.09336,19193031.8
2025-07-12 16:00:00+00:00,0.09336,0.0955,0.09278,0.09542,8033734.3
2025-07-12 20:00:00+00:00,0.09542,0.09595,0.09377,0.09578,5799831.7
2025-07-13 00:00:00+00:00,0.09578,0.09701,0.09541,0.09671,9668711.9
2025-07-13 04:00:00+00:00,0.09671,0.09906,0.09623,0.09849,6655129.1
2025-07-13 08:00:00+00:00,0.09849,0.09906,0.09752,0.09906,10626705.3
2025-07-13 12:00:00+00:00,0.09906,0.10157,0.09841,0.10032,15733336.4
2025-07-13 16:00:00+00:00,0.10032,0.10109,0.09903,0.10008,7236688.3
2025-07-13 20:00:00+00:00,0.10008,0.10091,0.09789,0.09935,8684111.7
2025-07-14 00:00:00+00:00,0.09935,0.10358,0.09904,0.10297,11233679.2
2025-07-14 04:00:00+00:00,0.10297,0.1049,0.10174,0.10378,12387196.9
2025-07-14 08:00:00+00:00,0.10378,0.10398,0.10184,0.10209,9154260.1
2025-07-14 12:00:00+00:00,0.10209,0.10354,0.09908,0.09981,18128513.1
2025-07-14 16:00:00+00:00,0.09981,0.10128,0.09845,0.09882,11354706.9
2025-07-14 20:00:00+00:00,0.09882,0.09964,0.09768,0.09912,8305229.4
2025-07-15 00:00:00+00:00,0.09912,0.09999,0.09552,0.09633,20199490.3
2025-07-15 04:00:00+00:00,0.09633,0.09819,0.09519,0.09684,14388115.7
2025-07-15 08:00:00+00:00,0.09684,0.09783,0.09526,0.09746,14464957.0
2025-07-15 12:00:00+00:00,0.09746,0.09978,0.0958,0.09902,25778445.0
2025-07-15 16:00:00+00:00,0.09902,0.10253,0.09895,0.09939,33938071.9
2025-07-15 20:00:00+00:00,0.09939,0.10344,0.09898,0.10343,9585367.0
2025-07-16 00:00:00+00:00,0.10343,0.10434,0.10123,0.1016,15167766.9
2025-07-16 04:00:00+00:00,0.1016,0.10399,0.10074,0.10344,10453523.5
2025-07-16 08:00:00+00:00,0.10344,0.10399,0.10274,0.10331,7733951.9
2025-07-16 12:00:00+00:00,0.10331,0.10463,0.10201,0.10324,18705294.4
2025-07-16 16:00:00+00:00,0.10324,0.10666,0.10291,0.10496,22191303.9
2025-07-16 20:00:00+00:00,0.10496,0.10709,0.10334,0.10386,20997456.5
2025-07-17 00:00:00+00:00,0.10386,0.10573,0.10107,0.1018,15681439.5
2025-07-17 04:00:00+00:00,0.1018,0.10544,0.10148,0.10505,15633612.8
2025-07-17 08:00:00+00:00,0.10505,0.10703,0.10456,0.10565,17002778.9
2025-07-17 12:00:00+00:00,0.10565,0.10726,0.10363,0.1049,25847268.2
2025-07-17 16:00:00+00:00,0.1049,0.10522,0.10235,0.1031,12511263.8
2025-07-17 20:00:00+00:00,0.1031,0.10747,0.1018,0.10643,12941850.3
2025-07-18 00:00:00+00:00,0.10643,0.10991,0.10519,0.10978,24813094.6
2025-07-18 04:00:00+00:00,0.10978,0.11457,0.10937,0.11188,25847226.4
2025-07-18 08:00:00+00:00,0.11188,0.11347,0.11014,0.11149,15129037.5
2025-07-18 12:00:00+00:00,0.11149,0.1136,0.1073,0.10814,16177507.1
2025-07-18 16:00:00+00:00,0.10814,0.11004,0.10609,0.10732,10643196.3
2025-07-18 20:00:00+00:00,0.10732,0.10766,0.10417,0.10677,15037489.3
2025-07-19 00:00:00+00:00,0.10677,0.10933,0.10422,0.10928,9070467.7
2025-07-19 04:00:00+00:00,0.10928,0.11056,0.10767,0.1081,8191204.9
2025-07-19 08:00:00+00:00,0.1081,0.10835,0.1063,0.10658,5147867.6
2025-07-19 12:00:00+00:00,0.10658,0.10699,0.10467,0.10576,8219809.0
2025-07-19 16:00:00+00:00,0.10576,0.11019,0.10523,0.10969,15268072.1
2025-07-19 20:00:00+00:00,0.10969,0.11052,0.10809,0.10999,8476658.0
2025-07-20 00:00:00+00:00,0.10999,0.11133,0.10915,0.11025,5269125.3
2025-07-20 04:00:00+00:00,0.11025,0.11252,0.10991,0.11174,6972150.6
2025-07-20 08:00:00+00:00,0.11174,0.11487,0.11174,0.1142,15311161.5
2025-07-20 12:00:00+00:00,0.1142,0.1171,0.11338,0.11682,13537893.6
2025-07-20 16:00:00+00:00,0.11682,0.11822,0.11552,0.11687,15962810.9
2025-07-20 20:00:00+00:00,0.11687,0.1171,0.11285,0.1157,15179015.5
2025-07-21 00:00:00+00:00,0.1157,0.11791,0.11306,0.11785,12453441.7
2025-07-21 04:00:00+00:00,0.11785,0.11923,0.11629,0.11882,14287264.4
2025-07-21 08:00:00+00:00,0.11882,0.11997,0.11677,0.11807,14164892.6
2025-07-21 12:00:00+00:00,0.11807,0.12065,0.1171,0.11805,17940056.0
2025-07-21 16:00:00+00:00,0.11805,0.11836,0.11386,0.11427,15805764.0
2025-07-21 20:00:00+00:00,0.11427,0.11561,0.11324,0.1147,7769788.8
2025-07-22 00:00:00+00:00,0.1147,0.11564,0.11094,0.11238,21236835.8
2025-07-22 04:00:00+00:00,0.11238,0.11244,0.10922,0.11054,14802690.5
2025-07-22 08:00:00+00:00,0.11054,0.11475,0.10809,0.11294,28443057.0
2025-07-22 12:00:00+00:00,0.11294,0.11376,0.10838,0.11078,29563015.1
2025-07-22 16:00:00+00:00,0.11078,0.11239,0.10928,0.10966,12815337.3
2025-07-22 20:00:00+00:00,0.10966,0.11388,0.10938,0.11352,8221103.3
2025-07-23 00:00:00+00:00,0.11352,0.11376,0.11081,0.11191,11172971.0
2025-07-23 04:00:00+00:00,0.11191,0.11346,0.1103,0.11088,5616063.9
2025-07-23 08:00:00+00:00,0.11088,0.11102,0.10803,0.10912,12031647.2
2025-07-23 12:00:00+00:00,0.10912,0.10956,0.10341,0.10571,31933803.8
2025-07-23 16:00:00+00:00,0.10571,0.10573,0.10081,0.10261,16634870.4
2025-07-23 20:00:00+00:00,0.10261,0.10326,0.09894,0.10258,17523102.9
2025-07-24 00:00:00+00:00,0.10258,0.10767,0.10181,0.10656,17857600.7
2025-07-24 04:00:00+00:00,0.10656,0.10772,0.0984,0.10157,30442704.0
2025-07-24 08:00:00+00:00,0.10157,0.10444,0.1004,0.10388,22829724.9
2025-07-24 12:00:00+00:00,0.10388,0.10719,0.10169,0.10551,16301734.8
2025-07-24 16:00:00+00:00,0.10551,0.10622,0.10264,0.10421,10876955.9
2025-07-24 20:00:00+00:00,0.10421,0.10551,0.10206,0.10259,7614372.3
2025-07-25 00:00:00+00:00,0.10259,0.10284,0.09893,0.10023,13469804.7
2025-07-25 04:00:00+00:00,0.10023,0.10188,0.09876,0.1012,10648891.1
2025-07-25 08:00:00+00:00,0.1012,0.10413,0.10049,0.10379,16415467.4
2025-07-25 12:00:00+00:00,0.10379,0.10459,0.09973,0.10113,14183367.0
2025-07-25 16:00:00+00:00,0.10113,0.10282,0.10034,0.102,6084779.3
2025-07-25 20:00:00+00:00,0.102,0.10526,0.102,0.10494,5572412.8
2025-07-26 00:00:00+00:00,0.10494,0.10581,0.10411,0.10507,4139430.0
2025-07-26 04:00:00+00:00,0.10507,0.10527,0.10403,0.10426,4317623.8
2025-07-26 08:00:00+00:00,0.10426,0.10594,0.10424,0.10496,6310370.1
2025-07-26 12:00:00+00:00,0.10496,0.10555,0.10426,0.10529,5308210.8
2025-07-26 16:00:00+00:00,0.10529,0.10654,0.10408,0.1064,5760085.1
2025-07-26 20:00:00+00:00,0.1064,0.10716,0.10491,0.10503,3964754.7
2025-07-27 00:00:00+00:00,0.10503,0.10716,0.10463,0.10625,4880020.6
2025-07-27 04:00:00+00:00,0.10625,0.10797,0.10605,0.10659,5788088.5
2025-07-27 08:00:00+00:00,0.10659,0.10751,0.10521,0.10655,6398285.2
2025-07-27 12:00:00+00:00,0.10655,0.10814,0.10626,0.1076,7285709.6
2025-07-27 16:00:00+00:00,0.1076,0.10953,0.10754,0.10859,11838182.3
2025-07-27 20:00:00+00:00,0.10859,0.11057,0.10822,0.10989,7740130.1
2025-07-28 00:00:00+00:00,0.10989,0.111,0.10797,0.11056,11322890.2
2025-07-28 04:00:00+00:00,0.11056,0.11272,0.11007,0.1116,22459964.9
2025-07-28 08:00:00+00:00,0.1116,0.11198,0.10936,0.11012,7248270.6
2025-07-28 12:00:00+00:00,0.11012,0.11066,0.10468,0.10577,20416597.6
2025-07-28 16:00:00+00:00,0.10577,0.10613,0.10331,0.10413,10604040.4
2025-07-28 20:00:00+00:00,0.10413,0.10445,0.10162,0.10294,9075402.9
2025-07-29 00:00:00+00:00,0.10294,0.10353,0.10049,0.10252,8468681.5
2025-07-29 04:00:00+00:00,0.10252,0.10667,0.10186,0.10646,8304540.2
2025-07-29 08:00:00+00:00,0.10646,0.10657,0.10288,0.10381,6018760.0
2025-07-29 12:00:00+00:00,0.10381,0.10547,0.10126,0.10177,10358054.4
2025-07-29 16:00:00+00:00,0.10177,0.10262,0.10018,0.10137,10501480.1
2025-07-29 20:00:00+00:00,0.10137,0.10261,0.10018,0.10213,6563868.2
2025-07-30 00:00:00+00:00,0.10213,0.10244,0.09992,0.10129,6056599.3
2025-07-30 04:00:00+00:00,0.10129,0.10177,0.10007,0.10075,7862460.0
2025-07-30 08:00:00+00:00,0.10075,0.10131,0.09724,0.09781,11897658.7
2025-07-30 12:00:00+00:00,0.09781,0.10038,0.09691,0.09925,13377634.5
2025-07-30 16:00:00+00:00,0.09925,0.10065,0.09459,0.09915,26468739.2
2025-07-30 20:00:00+00:00,0.09915,0.1004,0.09837,0.10019,7613577.7
2025-07-31 00:00:00+00:00,0.10019,0.10181,0.09988,0.10148,5493587.2
2025-07-31 04:00:00+00:00,0.10148,0.10241,0.10117,0.10192,2927336.6
2025-07-31 08:00:00+00:00,0.10192,0.10243,0.10071,0.101,3600617.3
2025-07-31 12:00:00+00:00,0.101,0.10102,0.09713,0.09815,9364849.4
2025-07-31 16:00:00+00:00,0.09815,0.1001,0.0962,0.09656,21357950.1
2025-07-31 20:00:00+00:00,0.09656,0.09669,0.09345,0.09397,13567758.8
2025-08-01 00:00:00+00:00,0.09397,0.09815,0.09148,0.09396,27831112.3
2025-08-01 04:00:00+00:00,0.09396,0.09399,0.09194,0.09267,9836762.4
2025-08-01 08:00:00+00:00,0.09267,0.09267,0.09052,0.09198,19831001.3
2025-08-01 12:00:00+00:00,0.09198,0.0932,0.08967,0.09258,25527473.1
2025-08-01 16:00:00+00:00,0.09258,0.09313,0.08993,0.09234,15732957.4
2025-08-01 20:00:00+00:00,0.09234,0.09259,0.0879,0.09063,16293398.0
2025-08-02 00:00:00+00:00,0.09063,0.09157,0.09027,0.09138,4423166.5
2025-08-02 04:00:00+00:00,0.09138,0.09187,0.08881,0.09097,5255060.6
2025-08-02 08:00:00+00:00,0.09097,0.0911,0.08873,0.08977,6199652.4
2025-08-02 12:00:00+00:00,0.08977,0.09041,0.08774,0.08804,8711893.2
2025-08-02 16:00:00+00:00,0.08804,0.089,0.08587,0.08723,11778687.3
2025-08-02 20:00:00+00:00,0.08723,0.08881,0.08717,0.08839,5648403.3
2025-08-03 00:00:00+00:00,0.08839,0.08986,0.08717,0.08966,7602386.9
2025-08-03 04:00:00+00:00,0.08966,0.09012,0.08929,0.08995,2935831.1
2025-08-03 08:00:00+00:00,0.08995,0.09136,0.08976,0.09095,4509154.6
2025-08-03 12:00:00+00:00,0.09095,0.09132,0.09033,0.09114,5225594.7
2025-08-03 16:00:00+00:00,0.09114,0.09194,0.09059,0.09137,3586404.5
2025-08-03 20:00:00+00:00,0.09137,0.09206,0.09107,0.09134,4122886.5
2025-08-04 00:00:00+00:00,0.09134,0.09325,0.09118,0.09257,6256048.2
2025-08-04 04:00:00+00:00,0.09257,0.09309,0.09193,0.09252,3784303.3
2025-08-04 08:00:00+00:00,0.09252,0.0931,0.0916,0.09188,3545669.1
2025-08-04 12:00:00+00:00,0.09188,0.09423,0.09168,0.09318,14040148.3
2025-08-04 16:00:00+00:00,0.09318,0.09488,0.0925,0.09272,11658127.0
2025-08-04 20:00:00+00:00,0.09272,0.09403,0.09257,0.09336,5569706.2
2025-08-05 00:00:00+00:00,0.09336,0.09355,0.09082,0.09104,10925665.0
2025-08-05 04:00:00+00:00,0.09104,0.0915,0.08917,0.08941,7230274.1
2025-08-05 08:00:00+00:00,0.08941,0.09283,0.08918,0.0927,9618322.7
2025-08-05 12:00:00+00:00,0.0927,0.09284,0.08805,0.08834,18101169.7
2025-08-05 16:00:00+00:00,0.08834,0.08928,0.08783,0.08815,6192915.3
2025-08-05 20:00:00+00:00,0.08815,0.08993,0.0873,0.08978,8734636.5
2025-08-06 00:00:00+00:00,0.08978,0.08984,0.08754,0.08754,9520908.3
2025-08-06 04:00:00+00:00,0.08754,0.09073,0.08716,0.09062,10899882.3
2025-08-06 08:00:00+00:00,0.09062,0.09088,0.08948,0.0899,11721215.6
2025-08-06 12:00:00+00:00,0.0899,0.09264,0.08899,0.09249,33344169.4
2025-08-06 16:00:00+00:00,0.09249,0.09293,0.09132,0.09239,10587563.9
2025-08-06 20:00:00+00:00,0.09239,0.09242,0.09157,0.09176,4039486.3
2025-08-07 00:00:00+00:00,0.09176,0.0929,0.09161,0.09167,5597262.5
2025-08-07 04:00:00+00:00,0.09167,0.09303,0.09143,0.09291,12194412.3
2025-08-07 08:00:00+00:00,0.09291,0.09576,0.09255,0.09556,12889834.5
2025-08-07 12:00:00+00:00,0.09556,0.09586,0.09417,0.09441,8635387.2
2025-08-07 16:00:00+00:00,0.09441,0.09464,0.09143,0.09302,16305180.6
2025-08-07 20:00:00+00:00,0.09302,0.09562,0.09292,0.09557,10881979.5
2025-08-08 00:00:00+00:00,0.09557,0.09644,0.09397,0.09463,27058614.7
2025-08-08 04:00:00+00:00,0.09463,0.09544,0.09344,0.09472,11439014.0
2025-08-08 08:00:00+00:00,0.09472,0.09555,0.09384,0.09442,9957932.3
2025-08-08 12:00:00+00:00,0.09442,0.09595,0.09297,0.09375,18748585.1
2025-08-08 16:00:00+00:00,0.09375,0.09686,0.09362,0.09607,13473859.2
2025-08-08 20:00:00+00:00,0.09607,0.09629,0.09525,0.09571,9173117.9
2025-08-09 00:00:00+00:00,0.09571,0.09625,0.09507,0.09531,6610532.7
2025-08-09 04:00:00+00:00,0.09531,0.09847,0.09516,0.09841,20214505.8
2025-08-09 08:00:00+00:00,0.09841,0.09962,0.09792,0.09955,15525052.3
2025-08-09 12:00:00+00:00,0.09955,0.10097,0.09851,0.09931,28749829.7
2025-08-09 16:00:00+00:00,0.09931,0.1009,0.09907,0.10031,8646245.2
2025-08-09 20:00:00+00:00,0.10031,0.10134,0.09945,0.10011,12586397.6
2025-08-10 00:00:00+00:00,0.10011,0.10162,0.0996,0.10123,10033230.7
2025-08-10 04:00:00+00:00,0.10123,0.10178,0.09722,0.09741,17694806.3
2025-08-10 08:00:00+00:00,0.09741,0.09836,0.09634,0.09651,15604365.4
2025-08-10 12:00:00+00:00,0.09651,0.09877,0.09594,0.09827,14810485.2
2025-08-10 16:00:00+00:00,0.09827,0.09983,0.09807,0.09942,7513211.9
2025-08-10 20:00:00+00:00,0.09942,0.09953,0.09785,0.09926,9757340.8
2025-08-11 00:00:00+00:00,0.09926,0.10242,0.09828,0.10171,19217519.6
2025-08-11 04:00:00+00:00,0.10171,0.10253,0.09901,0.09919,13170535.6
2025-08-11 08:00:00+00:00,0.09919,0.10019,0.09523,0.09554,18786460.2
2025-08-11 12:00:00+00:00,0.09554,0.09664,0.0942,0.09648,14381452.2
2025-08-11 16:00:00+00:00,0.09648,0.09781,0.09363,0.09469,13487499.9
2025-08-11 20:00:00+00:00,0.09469,0.0948,0.0921,0.09323,11094421.7
2025-08-12 00:00:00+00:00,0.09323,0.09489,0.09298,0.09373,6889229.1
2025-08-12 04:00:00+00:00,0.09373,0.09446,0.09236,0.09412,7792967.3
2025-08-12 08:00:00+00:00,0.09412,0.09419,0.09202,0.09354,5722602.8
2025-08-12 12:00:00+00:00,0.09354,0.09838,0.09291,0.09837,22496101.9
2025-08-12 16:00:00+00:00,0.09837,0.10059,0.0982,0.10035,23932742.9
2025-08-12 20:00:00+00:00,0.10035,0.10184,0.10025,0.10135,8965630.6
2025-08-13 00:00:00+00:00,0.10135,0.10248,0.09981,0.10206,13067893.7
2025-08-13 04:00:00+00:00,0.10206,0.10253,0.10003,0.10198,9398218.5
2025-08-13 08:00:00+00:00,0.10198,0.10419,0.10195,0.10354,22851724.7
2025-08-13 12:00:00+00:00,0.10354,0.1045,0.10165,0.10284,25991432.2
2025-08-13 16:00:00+00:00,0.10284,0.10391,0.10224,0.10276,9322282.9
2025-08-13 20:00:00+00:00,0.10276,0.10287,0.10014,0.10147,18672122.8
2025-08-14 00:00:00+00:00,0.10147,0.1037,0.10088,0.10259,15568946.8
2025-08-14 04:00:00+00:00,0.10259,0.10316,0.09971,0.10043,16235515.4
2025-08-14 08:00:00+00:00,0.10043,0.10045,0.09777,0.09814,15062792.5
2025-08-14 12:00:00+00:00,0.09814,0.09887,0.0922,0.0939,55518938.7
2025-08-14 16:00:00+00:00,0.0939,0.09391,0.09164,0.09274,13844964.2
2025-08-14 20:00:00+00:00,0.09274,0.09317,0.09046,0.09278,13467612.9
2025-08-15 00:00:00+00:00,0.09278,0.0941,0.09228,0.09366,5912031.2
2025-08-15 04:00:00+00:00,0.09366,0.09472,0.09302,0.09416,8022240.0
2025-08-15 08:00:00+00:00,0.09416,0.09451,0.09277,0.09309,9360881.7
2025-08-15 12:00:00+00:00,0.09309,0.09422,0.08955,0.09009,22735754.9
2025-08-15 16:00:00+00:00,0.09009,0.09152,0.08908,0.09122,11571480.2
2025-08-15 20:00:00+00:00,0.09122,0.0938,0.09095,0.09292,6642243.3
2025-08-16 00:00:00+00:00,0.09292,0.09409,0.09283,0.09329,5184695.8
2025-08-16 04:00:00+00:00,0.09329,0.09414,0.09298,0.09394,4881331.9
2025-08-16 08:00:00+00:00,0.09394,0.09403,0.09252,0.09273,4532003.5
2025-08-16 12:00:00+00:00,0.09273,0.0953,0.09255,0.09489,7426065.4
2025-08-16 16:00:00+00:00,0.09489,0.09543,0.09386,0.0944,4602433.8
2025-08-16 20:00:00+00:00,0.0944,0.09508,0.09401,0.09462,2183470.9
2025-08-17 00:00:00+00:00,0.09462,0.09528,0.09374,0.09493,3278588.7
2025-08-17 04:00:00+00:00,0.09493,0.09571,0.09479,0.09548,4857001.1
2025-08-17 08:00:00+00:00,0.09548,0.09666,0.09526,0.09637,5788747.9
2025-08-17 12:00:00+00:00,0.09637,0.09711,0.09505,0.0971,5986324.8
2025-08-17 16:00:00+00:00,0.0971,0.09765,0.09394,0.09429,13934857.6
2025-08-17 20:00:00+00:00,0.09429,0.0953,0.09388,0.09393,4183057.7
2025-08-18 00:00:00+00:00,0.09393,0.09407,0.08998,0.09112,17221055.4
2025-08-18 04:00:00+00:00,0.09112,0.09199,0.08984,0.09059,12454363.3
2025-08-18 08:00:00+00:00,0.09059,0.09107,0.08962,0.09059,8898819.6
2025-08-18 12:00:00+00:00,0.09059,0.09214,0.09025,0.09169,12778376.1
2025-08-18 16:00:00+00:00,0.09169,0.09271,0.0906,0.09185,8587773.5
2025-08-18 20:00:00+00:00,0.09185,0.09315,0.09085,0.09104,5013879.1
2025-08-19 00:00:00+00:00,0.09104,0.09271,0.08947,0.08962,17294067.6
2025-08-19 04:00:00+00:00,0.08962,0.09063,0.08896,0.09015,10457501.2
2025-08-19 08:00:00+00:00,0.09015,0.09288,0.08964,0.09284,8623903.4
2025-08-19 12:00:00+00:00,0.09284,0.09604,0.08931,0.0896,39751980.0
2025-08-19 16:00:00+00:00,0.0896,0.08976,0.08762,0.08832,13314903.4
2025-08-19 20:00:00+00:00,0.08832,0.0893,0.08798,0.08828,7648775.5
2025-08-20 00:00:00+00:00,0.08828,0.0899,0.0875,0.08915,9071563.8
2025-08-20 04:00:00+00:00,0.08915,0.09013,0.08914,0.08944,6938393.8
2025-08-20 08:00:00+00:00,0.08944,0.09066,0.08872,0.08994,9148001.3
2025-08-20 12:00:00+00:00,0.08994,0.09187,0.08813,0.09112,21145574.5
2025-08-20 16:00:00+00:00,0.09112,0.09289,0.0907,0.09286,12197996.0
2025-08-20 20:00:00+00:00,0.09286,0.09338,0.09229,0.0925,4565528.4
2025-08-21 00:00:00+00:00,0.0925,0.09317,0.09153,0.09209,5404347.6
2025-08-21 04:00:00+00:00,0.09209,0.09251,0.09071,0.09129,3753111.7
2025-08-21 08:00:00+00:00,0.09129,0.09153,0.08982,0.09012,5083723.3
2025-08-21 12:00:00+00:00,0.09012,0.09132,0.08921,0.08939,8387655.5
2025-08-21 16:00:00+00:00,0.08939,0.09062,0.08913,0.08958,3308461.3
2025-08-21 20:00:00+00:00,0.08958,0.09074,0.08911,0.08948,3809782.9
2025-08-22 00:00:00+00:00,0.08948,0.09089,0.08883,0.08937,4608512.2
2025-08-22 04:00:00+00:00,0.08937,0.09053,0.08936,0.09037,5023402.3
2025-08-22 08:00:00+00:00,0.09037,0.09085,0.08823,0.08826,6942111.7
2025-08-22 12:00:00+00:00,0.08826,0.09518,0.08663,0.09436,53198670.8
2025-08-22 16:00:00+00:00,0.09436,0.09821,0.09436,0.09726,29595144.3
2025-08-22 20:00:00+00:00,0.09726,0.09805,0.09666,0.09704,8118081.0
2025-08-23 00:00:00+00:00,0.09704,0.09741,0.09363,0.09413,8658619.6
2025-08-23 04:00:00+00:00,0.09413,0.09684,0.09407,0.09509,10461929.5
2025-08-23 08:00:00+00:00,0.09509,0.09551,0.09434,0.09456,4917271.1
2025-08-23 12:00:00+00:00,0.09456,0.09514,0.09411,0.09471,4509911.4
2025-08-23 16:00:00+00:00,0.09471,0.09606,0.09416,0.09599,3807467.3
2025-08-23 20:00:00+00:00,0.09599,0.09603,0.09489,0.09548,3957915.0
2025-08-24 00:00:00+00:00,0.09548,0.09575,0.0938,0.09427,4145136.1
2025-08-24 04:00:00+00:00,0.09427,0.09449,0.0922,0.09222,6958481.7
2025-08-24 08:00:00+00:00,0.09222,0.09262,0.09088,0.09148,8388140.6
2025-08-24 12:00:00+00:00,0.09148,0.09351,0.09135,0.09271,7097631.1
2025-08-24 16:00:00+00:00,0.09271,0.0977,0.09219,0.09453,41587894.4
2025-08-24 20:00:00+00:00,0.09453,0.09509,0.09237,0.09408,21521800.5
2025-08-25 00:00:00+00:00,0.09408,0.09554,0.09207,0.09483,12481292.7
2025-08-25 04:00:00+00:00,0.09483,0.09502,0.08978,0.09008,14917843.3
2025-08-25 08:00:00+00:00,0.09008,0.09083,0.08903,0.09023,14495690.7
2025-08-25 12:00:00+00:00,0.09023,0.09115,0.08948,0.0899,11288970.3
2025-08-25 16:00:00+00:00,0.0899,0.09057,0.08711,0.08724,13130101.0
2025-08-25 20:00:00+00:00,0.08724,0.08736,0.08466,0.08629,35225862.9
2025-08-26 00:00:00+00:00,0.08629,0.08786,0.08557,0.08745,11061438.4
2025-08-26 04:00:00+00:00,0.08745,0.08883,0.0874,0.08803,5473845.5
2025-08-26 08:00:00+00:00,0.08803,0.08859,0.08745,0.08764,4180493.8
2025-08-26 12:00:00+00:00,0.08764,0.08974,0.08704,0.08897,17817721.5
2025-08-26 16:00:00+00:00,0.08897,0.09039,0.08852,0.09024,6319308.2
2025-08-26 20:00:00+00:00,0.09024,0.0906,0.08967,0.08992,4098785.8
2025-08-27 00:00:00+00:00,0.08992,0.09053,0.08891,0.09008,3099010.1
2025-08-27 04:00:00+00:00,0.09008,0.09093,0.0892,0.0895,5260171.5
2025-08-27 08:00:00+00:00,0.0895,0.09031,0.08915,0.09006,4042130.9
2025-08-27 12:00:00+00:00,0.09006,0.09119,0.08916,0.09106,7660019.1
2025-08-27 16:00:00+00:00,0.09106,0.0919,0.08996,0.09047,8795854.8
2025-08-27 20:00:00+00:00,0.09047,0.09197,0.08948,0.09044,21778171.1
2025-08-28 00:00:00+00:00,0.09044,0.09145,0.08979,0.09139,8277222.0
2025-08-28 04:00:00+00:00,0.09139,0.09242,0.09121,0.09174,4663195.3
2025-08-28 08:00:00+00:00,0.09174,0.09251,0.09077,0.09151,3758680.6
2025-08-28 12:00:00+00:00,0.09151,0.09401,0.09124,0.0925,12389030.2
2025-08-28 16:00:00+00:00,0.0925,0.09313,0.09063,0.09063,7584253.9
2025-08-28 20:00:00+00:00,0.09063,0.09356,0.09053,0.09346,7487998.4
2025-08-29 00:00:00+00:00,0.09346,0.09391,0.09167,0.09201,9516040.1
2025-08-29 04:00:00+00:00,0.09201,0.09246,0.08906,0.0892,12625209.4
2025-08-29 08:00:00+00:00,0.0892,0.08932,0.0869,0.08821,12599565.3
2025-08-29 12:00:00+00:00,0.08821,0.0909,0.08688,0.08769,29746558.0
2025-08-29 16:00:00+00:00,0.08769,0.08809,0.08612,0.08721,8701707.9
2025-08-29 20:00:00+00:00,0.08721,0.08813,0.08614,0.08773,6072564.6
2025-08-30 00:00:00+00:00,0.08773,0.08932,0.08643,0.08901,6537218.4
2025-08-30 04:00:00+00:00,0.08901,0.08945,0.08858,0.08945,3026415.9
2025-08-30 08:00:00+00:00,0.08945,0.08947,0.08841,0.08878,2302397.8
2025-08-30 12:00:00+00:00,0.08878,0.08913,0.08737,0.089,5310624.0
2025-08-30 16:00:00+00:00,0.089,0.0891,0.08833,0.08887,4068221.8
2025-08-30 20:00:00+00:00,0.08887,0.08941,0.08854,0.08939,2411898.6
2025-08-31 00:00:00+00:00,0.08939,0.09183,0.08939,0.09153,10283080.6
2025-08-31 04:00:00+00:00,0.09153,0.09166,0.09031,0.09054,4073348.3
2025-08-31 08:00:00+00:00,0.09054,0.09158,0.08957,0.09033,4828335.0
2025-08-31 12:00:00+00:00,0.09033,0.0907,0.08936,0.09033,3766949.5
2025-08-31 16:00:00+00:00,0.09033,0.09091,0.08967,0.09015,6326952.0
2025-08-31 20:00:00+00:00,0.09015,0.0906,0.08839,0.08842,5203046.3
2025-09-01 00:00:00+00:00,0.08842,0.08893,0.08699,0.08758,9776724.7
2025-09-01 04:00:00+00:00,0.08758,0.09,0.08655,0.08994,10306051.1
2025-09-01 08:00:00+00:00,0.08994,0.09148,0.08836,0.08844,11576462.9
2025-09-01 12:00:00+00:00,0.08844,0.08895,0.087,0.0872,8297857.5
2025-09-01 16:00:00+00:00,0.0872,0.08794,0.08652,0.0879,6470667.5
2025-09-01 20:00:00+00:00,0.0879,0.08808,0.08512,0.08712,32274632.8
2025-09-02 00:00:00+00:00,0.08712,0.08882,0.0865,0.08842,6640486.9
2025-09-02 04:00:00+00:00,0.08842,0.08896,0.08783,0.08803,5143132.1
2025-09-02 08:00:00+00:00,0.08803,0.08875,0.08772,0.0878,7059101.4
2025-09-02 12:00:00+00:00,0.0878,0.08912,0.08614,0.08664,17699105.0
2025-09-02 16:00:00+00:00,0.08664,0.08833,0.08664,0.08726,6820071.5
2025-09-02 20:00:00+00:00,0.08726,0.08918,0.08715,0.08908,6930630.4
2025-09-03 00:00:00+00:00,0.08908,0.09006,0.08858,0.08947,4086448.1
2025-09-03 04:00:00+00:00,0.08947,0.08961,0.08856,0.08927,2353154.5
2025-09-03 08:00:00+00:00,0.08927,0.09024,0.0889,0.08981,5044433.4
2025-09-03 12:00:00+00:00,0.08981,0.09098,0.08922,0.09063,7443170.4
2025-09-03 16:00:00+00:00,0.09063,0.09091,0.08947,0.09016,3771760.2
2025-09-03 20:00:00+00:00,0.09016,0.09027,0.08921,0.0894,3009536.4
2025-09-04 00:00:00+00:00,0.0894,0.08993,0.08798,0.08802,4449602.0
2025-09-04 04:00:00+00:00,0.08802,0.08823,0.0865,0.08699,7804213.5
2025-09-04 08:00:00+00:00,0.08699,0.08786,0.08693,0.08734,3997150.0
2025-09-04 12:00:00+00:00,0.08734,0.08783,0.08612,0.08672,8217301.4
2025-09-04 16:00:00+00:00,0.08672,0.08707,0.08587,0.08609,3324505.7
2025-09-04 20:00:00+00:00,0.08609,0.08761,0.086,0.08661,3087316.7
2025-09-05 00:00:00+00:00,0.08661,0.08783,0.08653,0.08782,3458433.0
2025-09-05 04:00:00+00:00,0.08782,0.08997,0.08758,0.08997,4242104.1
2025-09-05 08:00:00+00:00,0.08997,0.09026,0.08874,0.08923,10996072.5
2025-09-05 12:00:00+00:00,0.08923,0.09082,0.08718,0.08805,31183913.4
2025-09-05 16:00:00+00:00,0.08805,0.08852,0.08752,0.08846,8158731.1
2025-09-05 20:00:00+00:00,0.08846,0.08916,0.08819,0.08861,4157332.0
2025-09-06 00:00:00+00:00,0.08861,0.08904,0.08847,0.08859,1114727.3
2025-09-06 04:00:00+00:00,0.08859,0.08861,0.08762,0.08779,2952217.9
2025-09-06 08:00:00+00:00,0.08779,0.08789,0.08726,0.08771,2307723.2
2025-09-06 12:00:00+00:00,0.08771,0.08817,0.08724,0.08733,2825882.6
2025-09-06 16:00:00+00:00,0.08733,0.08804,0.08686,0.08699,3332582.9
2025-09-06 20:00:00+00:00,0.08699,0.08787,0.08686,0.08758,2164170.4
2025-09-07 00:00:00+00:00,0.08758,0.08903,0.08754,0.0889,2768640.0
2025-09-07 04:00:00+00:00,0.0889,0.08961,0.08861,0.0889,3451462.3
2025-09-07 08:00:00+00:00,0.0889,0.08943,0.08859,0.08901,2198329.3
2025-09-07 12:00:00+00:00,0.08901,0.08921,0.08865,0.08898,3398399.2
2025-09-07 16:00:00+00:00,0.08898,0.08916,0.08768,0.08805,3093641.4
2025-09-07 20:00:00+00:00,0.08805,0.0891,0.08777,0.08886,3350144.6
2025-09-08 00:00:00+00:00,0.08886,0.09013,0.08825,0.0896,3360432.6
2025-09-08 04:00:00+00:00,0.0896,0.09011,0.08911,0.08941,4524085.8
2025-09-08 08:00:00+00:00,0.08941,0.09124,0.08941,0.09022,8699472.6
2025-09-08 12:00:00+00:00,0.09022,0.09213,0.08993,0.09178,13730627.9
2025-09-08 16:00:00+00:00,0.09178,0.0925,0.0908,0.09114,8617488.9
2025-09-08 20:00:00+00:00,0.09114,0.09205,0.09038,0.09176,7529329.8
2025-09-09 00:00:00+00:00,0.09176,0.09478,0.09167,0.0947,20193233.7
2025-09-09 04:00:00+00:00,0.0947,0.09695,0.0938,0.09585,20338310.5
2025-09-09 08:00:00+00:00,0.09585,0.09822,0.0957,0.09688,24231523.8
2025-09-09 12:00:00+00:00,0.09688,0.0978,0.09373,0.09464,41450280.7
2025-09-09 16:00:00+00:00,0.09464,0.10012,0.09377,0.09948,36847010.4
2025-09-09 20:00:00+00:00,0.09948,0.102,0.09631,0.09915,51134548.2
2025-09-10 00:00:00+00:00,0.09915,0.10033,0.09764,0.09962,36299533.0
2025-09-10 04:00:00+00:00,0.09962,0.0998,0.09734,0.0976,19597078.4
2025-09-10 08:00:00+00:00,0.0976,0.09856,0.09671,0.0977,15386888.8
2025-09-10 12:00:00+00:00,0.0977,0.10014,0.09759,0.09823,24573975.4
2025-09-10 16:00:00+00:00,0.09823,0.09885,0.09612,0.09664,12832491.0
2025-09-10 20:00:00+00:00,0.09664,0.09798,0.09655,0.09772,6138414.9
2025-09-11 00:00:00+00:00,0.09772,0.09877,0.09754,0.09852,5121647.5
2025-09-11 04:00:00+00:00,0.09852,0.09852,0.09703,0.09826,8731511.5
2025-09-11 08:00:00+00:00,0.09826,0.09871,0.09677,0.09687,10996209.8
2025-09-11 12:00:00+00:00,0.09687,0.09834,0.09525,0.09671,22194626.8
2025-09-11 16:00:00+00:00,0.09671,0.0989,0.09671,0.09869,7681840.9
2025-09-11 20:00:00+00:00,0.09869,0.10072,0.09843,0.09991,23307167.6
2025-09-12 00:00:00+00:00,0.09991,0.10106,0.09883,0.09925,13762948.8
2025-09-12 04:00:00+00:00,0.09925,0.10073,0.09893,0.09961,13964171.8
2025-09-12 08:00:00+00:00,0.09961,0.09969,0.09779,0.09788,17599764.5
2025-09-12 12:00:00+00:00,0.09788,0.09987,0.09764,0.09831,25792447.9
2025-09-12 16:00:00+00:00,0.09831,0.10124,0.09823,0.10117,12165187.0
2025-09-12 20:00:00+00:00,0.10117,0.10137,0.10007,0.10075,14064823.3
2025-09-13 00:00:00+00:00,0.10075,0.10164,0.1003,0.1012,6962452.4
2025-09-13 04:00:00+00:00,0.1012,0.10151,0.10056,0.10064,12608067.0
2025-09-13 08:00:00+00:00,0.10064,0.10284,0.10062,0.10273,14947032.3
2025-09-13 12:00:00+00:00,0.10273,0.10328,0.1004,0.10111,19142382.0
2025-09-13 16:00:00+00:00,0.10111,0.10162,0.09936,0.10046,12144878.3
2025-09-13 20:00:00+00:00,0.10046,0.10135,0.10042,0.10085,2974022.1
2025-09-14 00:00:00+00:00,0.10085,0.10089,0.0988,0.09891,7146809.2
2025-09-14 04:00:00+00:00,0.09891,0.10011,0.09811,0.09908,5632988.9
2025-09-14 08:00:00+00:00,0.09908,0.0998,0.0973,0.0974,11949550.8
2025-09-14 12:00:00+00:00,0.0974,0.09784,0.09587,0.09637,18642193.3
2025-09-14 16:00:00+00:00,0.09637,0.09722,0.09603,0.0964,14513068.2
2025-09-14 20:00:00+00:00,0.0964,0.0975,0.09591,0.09631,6254744.2
2025-09-15 00:00:00+00:00,0.09631,0.09717,0.09503,0.09705,10310212.0
2025-09-15 04:00:00+00:00,0.09705,0.09769,0.09471,0.09497,14534421.2
2025-09-15 08:00:00+00:00,0.09497,0.09497,0.09237,0.09304,24771271.1
2025-09-15 12:00:00+00:00,0.09304,0.09342,0.0916,0.0924,11906290.2
2025-09-15 16:00:00+00:00,0.0924,0.0929,0.09131,0.09254,7247638.7
2025-09-15 20:00:00+00:00,0.09254,0.09331,0.0924,0.09312,2980333.2
2025-09-16 00:00:00+00:00,0.09312,0.09322,0.09209,0.09209,4358136.0
2025-09-16 04:00:00+00:00,0.09209,0.09345,0.0915,0.09325,7834084.2
2025-09-16 08:00:00+00:00,0.09325,0.09433,0.09325,0.09377,8122664.6
2025-09-16 12:00:00+00:00,0.09377,0.09493,0.09272,0.09454,11202999.9
2025-09-16 16:00:00+00:00,0.09454,0.0953,0.09387,0.09491,7574290.1
2025-09-16 20:00:00+00:00,0.09491,0.09519,0.09452,0.09459,2513487.9
2025-09-17 00:00:00+00:00,0.09459,0.09517,0.09362,0.09378,3866288.3
2025-09-17 04:00:00+00:00,0.09378,0.0945,0.09297,0.09441,5354907.7
2025-09-17 08:00:00+00:00,0.09441,0.09447,0.09238,0.09291,7165248.2
2025-09-17 12:00:00+00:00,0.09291,0.09346,0.09257,0.09276,4383343.6
2025-09-17 16:00:00+00:00,0.09276,0.09584,0.09203,0.09564,25924362.2
2025-09-17 20:00:00+00:00,0.09564,0.09792,0.09429,0.09722,10721955.5
2025-09-18 00:00:00+00:00,0.09722,0.09813,0.09668,0.09759,7896417.5
2025-09-18 04:00:00+00:00,0.09759,0.09794,0.09608,0.09662,7255439.0
2025-09-18 08:00:00+00:00,0.09662,0.09784,0.09651,0.0971,7653848.7
2025-09-18 12:00:00+00:00,0.0971,0.09864,0.09673,0.09811,9992746.1
2025-09-18 16:00:00+00:00,0.09811,0.09952,0.09808,0.09875,6914838.8
2025-09-18 20:00:00+00:00,0.09875,0.0994,0.09793,0.09851,5593453.7
2025-09-19 00:00:00+00:00,0.09851,0.09989,0.09683,0.09692,10424660.8
2025-09-19 04:00:00+00:00,0.09692,0.09759,0.09588,0.09681,9690910.4
2025-09-19 08:00:00+00:00,0.09681,0.09729,0.09459,0.09482,8970611.1
2025-09-19 12:00:00+00:00,0.09482,0.09581,0.09338,0.09403,15092343.1
2025-09-19 16:00:00+00:00,0.09403,0.09445,0.09267,0.09291,7707556.2
2025-09-19 20:00:00+00:00,0.09291,0.09358,0.09214,0.09282,4167031.1
2025-09-20 00:00:00+00:00,0.09282,0.09304,0.09189,0.09268,3538125.0
2025-09-20 04:00:00+00:00,0.09268,0.0941,0.09243,0.09409,3080042.0
2025-09-20 08:00:00+00:00,0.09409,0.09411,0.09241,0.09306,4002246.1
2025-09-20 12:00:00+00:00,0.09306,0.09498,0.09279,0.09433,4616851.5
2025-09-20 16:00:00+00:00,0.09433,0.09477,0.09342,0.09368,3892907.0
2025-09-20 20:00:00+00:00,0.09368,0.09455,0.0936,0.09408,2003441.1
2025-09-21 00:00:00+00:00,0.09408,0.09433,0.09326,0.09401,2529765.1
2025-09-21 04:00:00+00:00,0.09401,0.09472,0.09356,0.094,2941961.8
2025-09-21 08:00:00+00:00,0.094,0.09421,0.09213,0.09278,5372282.7
2025-09-21 12:00:00+00:00,0.09278,0.09375,0.09275,0.09301,4127723.7
2025-09-21 16:00:00+00:00,0.09301,0.0934,0.09215,0.09312,4758328.6
2025-09-21 20:00:00+00:00,0.09312,0.09321,0.09212,0.09213,3808505.7
2025-09-22 00:00:00+00:00,0.09213,0.09259,0.08817,0.08903,31248225.4
2025-09-22 04:00:00+00:00,0.08903,0.08936,0.07926,0.08457,76844706.3
2025-09-22 08:00:00+00:00,0.08457,0.08496,0.08357,0.08425,12514709.4
2025-09-22 12:00:00+00:00,0.08425,0.0851,0.08368,0.08394,10946919.3
2025-09-22 16:00:00+00:00,0.08394,0.08453,0.08291,0.08307,10888177.1
2025-09-22 20:00:00+00:00,0.08307,0.08524,0.08291,0.08513,3844752.0
2025-09-23 00:00:00+00:00,0.08513,0.08551,0.08288,0.08438,6768031.5
2025-09-23 04:00:00+00:00,0.08438,0.08493,0.08341,0.08428,8063539.0
2025-09-23 08:00:00+00:00,0.08428,0.08487,0.08403,0.08455,7919740.2
2025-09-23 12:00:00+00:00,0.08455,0.0851,0.08369,0.08458,5981162.4
2025-09-23 16:00:00+00:00,0.08458,0.08533,0.08322,0.08345,6598443.1
2025-09-23 20:00:00+00:00,0.08345,0.08434,0.08319,0.08345,3136706.4
2025-09-24 00:00:00+00:00,0.08345,0.08496,0.08289,0.08324,5835598.3
2025-09-24 04:00:00+00:00,0.08324,0.08502,0.08213,0.08438,10414230.3
2025-09-24 08:00:00+00:00,0.08438,0.0851,0.08409,0.085,4090761.1
2025-09-24 12:00:00+00:00,0.085,0.08566,0.08423,0.08453,4547157.1
2025-09-24 16:00:00+00:00,0.08453,0.08521,0.08424,0.0845,2656290.6
2025-09-24 20:00:00+00:00,0.0845,0.08459,0.08336,0.08367,8126071.0
2025-09-25 00:00:00+00:00,0.08367,0.08384,0.08202,0.08265,10694358.1
2025-09-25 04:00:00+00:00,0.08265,0.08294,0.08117,0.08144,11649631.7
2025-09-25 08:00:00+00:00,0.08144,0.08241,0.08102,0.08125,9062356.9
2025-09-25 12:00:00+00:00,0.08125,0.08306,0.0799,0.08194,19917499.3
2025-09-25 16:00:00+00:00,0.08194,0.08206,0.07824,0.08071,26680088.3
2025-09-25 20:00:00+00:00,0.08071,0.08089,0.07913,0.07977,10056417.1
2025-09-26 00:00:00+00:00,0.07977,0.08097,0.07931,0.08072,10142136.6
2025-09-26 04:00:00+00:00,0.08072,0.08077,0.07953,0.08026,9697371.1
2025-09-26 08:00:00+00:00,0.08026,0.08083,0.07895,0.07982,10228445.7
2025-09-26 12:00:00+00:00,0.07982,0.08107,0.07898,0.08063,18385311.9
2025-09-26 16:00:00+00:00,0.08063,0.08277,0.08056,0.08201,9991794.6
2025-09-26 20:00:00+00:00,0.08201,0.08257,0.08174,0.08236,3303116.5
2025-09-27 00:00:00+00:00,0.08236,0.08241,0.0816,0.08191,2809229.5
2025-09-27 04:00:00+00:00,0.08191,0.08258,0.08158,0.08165,2793508.8
2025-09-27 08:00:00+00:00,0.08165,0.08192,0.08076,0.08172,4996199.3
2025-09-27 12:00:00+00:00,0.08172,0.0821,0.08126,0.08198,6073604.0
2025-09-27 16:00:00+00:00,0.08198,0.08208,0.0804,0.08083,5901947.5
2025-09-27 20:00:00+00:00,0.08083,0.08153,0.08061,0.08088,2569848.9
2025-09-28 00:00:00+00:00,0.08088,0.08114,0.07971,0.08011,4227349.9
2025-09-28 04:00:00+00:00,0.08011,0.08022,0.07945,0.07975,3246572.0
2025-09-28 08:00:00+00:00,0.07975,0.07994,0.07912,0.07945,3885180.3
2025-09-28 12:00:00+00:00,0.07945,0.08034,0.0788,0.08022,4337956.4
2025-09-28 16:00:00+00:00,0.08022,0.08095,0.08022,0.08081,3139507.0
2025-09-28 20:00:00+00:00,0.08081,0.08293,0.08081,0.08265,5017000.9
2025-09-29 00:00:00+00:00,0.08265,0.08277,0.08156,0.0819,3801328.9
2025-09-29 04:00:00+00:00,0.0819,0.08192,0.08094,0.0815,2472810.2
2025-09-29 08:00:00+00:00,0.0815,0.08199,0.08042,0.08078,2693432.9
2025-09-29 12:00:00+00:00,0.08078,0.08333,0.07973,0.08184,10822549.9
2025-09-29 16:00:00+00:00,0.08184,0.08253,0.08082,0.08247,4860807.1
2025-09-29 20:00:00+00:00,0.08247,0.08319,0.08155,0.08156,4060610.6
2025-09-30 00:00:00+00:00,0.08156,0.08188,0.08028,0.08035,7768381.5
2025-09-30 04:00:00+00:00,0.08035,0.08097,0.07992,0.0802,5847547.5
2025-09-30 08:00:00+00:00,0.0802,0.0803,0.07933,0.08009,5657047.3
2025-09-30 12:00:00+00:00,0.08009,0.08016,0.07833,0.07907,8537919.0
2025-09-30 16:00:00+00:00,0.07907,0.08072,0.07825,0.08061,9130777.5
2025-09-30 20:00:00+00:00,0.08061,0.08118,0.07981,0.08042,4536537.6
2025-10-01 00:00:00+00:00,0.08042,0.08114,0.07986,0.07992,2768814.9
2025-10-01 04:00:00+00:00,0.07992,0.0812,0.07986,0.08079,5014769.5
2025-10-01 08:00:00+00:00,0.08079,0.0851,0.08073,0.08399,12713982.8
2025-10-01 12:00:00+00:00,0.08399,0.08437,0.08329,0.08393,7349960.9
2025-10-01 16:00:00+00:00,0.08393,0.0849,0.08347,0.08463,4265401.4
2025-10-01 20:00:00+00:00,0.08463,0.08492,0.0842,0.08488,2721653.0
2025-10-02 00:00:00+00:00,0.08488,0.08603,0.08453,0.08593,6291754.6
2025-10-02 04:00:00+00:00,0.08593,0.08689,0.08557,0.08599,6770206.4
2025-10-02 08:00:00+00:00,0.08599,0.08703,0.08599,0.08667,4260869.5
2025-10-02 12:00:00+00:00,0.08667,0.08712,0.08503,0.0866,14499915.1
2025-10-02 16:00:00+00:00,0.0866,0.08862,0.08652,0.08833,11037735.1
2025-10-02 20:00:00+00:00,0.08833,0.08892,0.08787,0.08848,4382216.8
2025-10-03 00:00:00+00:00,0.08848,0.0885,0.0869,0.08735,9516993.8
2025-10-03 04:00:00+00:00,0.08735,0.08822,0.08691,0.08723,4628562.7
2025-10-03 08:00:00+00:00,0.08723,0.08727,0.08603,0.08617,9075985.4
2025-10-03 12:00:00+00:00,0.08617,0.08821,0.08531,0.08815,12511503.5
2025-10-03 16:00:00+00:00,0.08815,0.08916,0.08573,0.08672,21874363.1
2025-10-03 20:00:00+00:00,0.08672,0.08675,0.08552,0.08565,5716762.3
2025-10-04 00:00:00+00:00,0.08565,0.08587,0.08401,0.08435,9641287.3
2025-10-04 04:00:00+00:00,0.08435,0.08478,0.08385,0.08417,5778982.8
2025-10-04 08:00:00+00:00,0.08417,0.08429,0.08241,0.08301,11306625.3
2025-10-04 12:00:00+00:00,0.08301,0.08406,0.08209,0.08248,8382426.0
2025-10-04 16:00:00+00:00,0.08248,0.08309,0.08193,0.08309,4932685.1
2025-10-04 20:00:00+00:00,0.08309,0.08415,0.08308,0.08376,8932649.5
2025-10-05 00:00:00+00:00,0.08376,0.08563,0.08293,0.085,8056175.9
2025-10-05 04:00:00+00:00,0.085,0.08714,0.08499,0.08707,10983758.1
2025-10-05 08:00:00+00:00,0.08707,0.08741,0.08459,0.0854,13881513.4
2025-10-05 12:00:00+00:00,0.0854,0.0854,0.08389,0.08443,11361643.0
2025-10-05 16:00:00+00:00,0.08443,0.08458,0.08221,0.08226,11448419.1
2025-10-05 20:00:00+00:00,0.08226,0.08323,0.08209,0.08284,4626967.9
2025-10-06 00:00:00+00:00,0.08284,0.08376,0.08229,0.08338,8560940.1
2025-10-06 04:00:00+00:00,0.08338,0.0844,0.08278,0.08336,8494852.7
2025-10-06 08:00:00+00:00,0.08336,0.08464,0.08336,0.0842,8449034.8
2025-10-06 12:00:00+00:00,0.0842,0.08703,0.0842,0.08667,11098513.9
2025-10-06 16:00:00+00:00,0.08667,0.08716,0.086,0.08652,11809221.8
2025-10-06 20:00:00+00:00,0.08652,0.08709,0.08563,0.08591,4845922.5
2025-10-07 00:00:00+00:00,0.08591,0.08669,0.08563,0.08582,3547160.2
2025-10-07 04:00:00+00:00,0.08582,0.087,0.08425,0.08452,10645514.1
2025-10-07 08:00:00+00:00,0.08452,0.08534,0.08317,0.0853,11511789.8
2025-10-07 12:00:00+00:00,0.0853,0.08611,0.08172,0.08223,25452592.2
2025-10-07 16:00:00+00:00,0.08223,0.0835,0.08145,0.08223,10720488.8
2025-10-07 20:00:00+00:00,0.08223,0.08302,0.08168,0.08197,4182037.8
2025-10-08 00:00:00+00:00,0.08197,0.08274,0.08079,0.08127,5515094.8
2025-10-08 04:00:00+00:00,0.08127,0.08242,0.08095,0.0824,5445888.2
2025-10-08 08:00:00+00:00,0.0824,0.08293,0.08179,0.08194,6485933.2
2025-10-08 12:00:00+00:00,0.08194,0.0834,0.08169,0.08243,5499612.9
2025-10-08 16:00:00+00:00,0.08243,0.08456,0.08226,0.08386,7715048.1
2025-10-08 20:00:00+00:00,0.08386,0.08413,0.08281,0.08301,2811444.0
2025-10-09 00:00:00+00:00,0.08301,0.0832,0.08055,0.08181,7867797.0
2025-10-09 04:00:00+00:00,0.08181,0.08242,0.08097,0.08113,3670714.3
2025-10-09 08:00:00+00:00,0.08113,0.08119,0.07973,0.08082,8152343.0
2025-10-09 12:00:00+00:00,0.08082,0.08169,0.07943,0.07986,9654667.4
2025-10-09 16:00:00+00:00,0.07986,0.08124,0.07925,0.08074,6575041.3
2025-10-09 20:00:00+00:00,0.08074,0.08185,0.08065,0.08114,3726052.7
2025-10-10 00:00:00+00:00,0.08114,0.0825,0.08044,0.08163,6239889.5
2025-10-10 04:00:00+00:00,0.08163,0.08209,0.08045,0.08049,5354497.8
2025-10-10 08:00:00+00:00,0.08049,0.08239,0.08023,0.08233,7740278.9
2025-10-10 12:00:00+00:00,0.08233,0.08332,0.07757,0.07854,32034720.2
2025-10-10 16:00:00+00:00,0.07854,0.07942,0.07635,0.07724,23916839.7
2025-10-10 20:00:00+00:00,0.07724,0.07756,0.02949,0.06047,264649593.1
2025-10-11 00:00:00+00:00,0.06047,0.06351,0.05852,0.0623,50495080.5
2025-10-11 04:00:00+00:00,0.0623,0.06454,0.06217,0.06416,22123017.8
2025-10-11 08:00:00+00:00,0.06416,0.06715,0.06384,0.06672,24112522.5
2025-10-11 12:00:00+00:00,0.06672,0.06685,0.06436,0.06625,20216315.3
2025-10-11 16:00:00+00:00,0.06625,0.0666,0.06232,0.06289,16229595.3
2025-10-11 20:00:00+00:00,0.06289,0.06314,0.06086,0.06253,13041894.6
2025-10-12 00:00:00+00:00,0.06253,0.06326,0.06107,0.06246,12381369.9
2025-10-12 04:00:00+00:00,0.06246,0.06469,0.06232,0.06414,8006040.2
2025-10-12 08:00:00+00:00,0.06414,0.06467,0.06308,0.0642,10353631.3
2025-10-12 12:00:00+00:00,0.0642,0.06814,0.06338,0.06781,26512403.6
2025-10-12 16:00:00+00:00,0.06781,0.06962,0.06755,0.06957,17691534.5
2025-10-12 20:00:00+00:00,0.06957,0.07008,0.06822,0.06904,8719720.9
2025-10-13 00:00:00+00:00,0.06904,0.06947,0.06774,0.06855,8849041.0
2025-10-13 04:00:00+00:00,0.06855,0.07016,0.06786,0.06917,7064906.3
2025-10-13 08:00:00+00:00,0.06917,0.07104,0.06761,0.06903,16115339.1
2025-10-13 12:00:00+00:00,0.06903,0.0716,0.06846,0.07076,23019716.5
2025-10-13 16:00:00+00:00,0.07076,0.07361,0.07015,0.07344,13861454.8
2025-10-13 20:00:00+00:00,0.07344,0.07489,0.07302,0.07349,9439431.4
2025-10-14 00:00:00+00:00,0.07349,0.07373,0.07066,0.07086,10169711.8
2025-10-14 04:00:00+00:00,0.07086,0.07114,0.06594,0.06668,26479568.7
2025-10-14 08:00:00+00:00,0.06668,0.06776,0.06511,0.06719,16697805.1
2025-10-14 12:00:00+00:00,0.06719,0.06976,0.06551,0.06974,14191294.0
2025-10-14 16:00:00+00:00,0.06974,0.0707,0.06842,0.0694,12196269.0
2025-10-14 20:00:00+00:00,0.0694,0.07044,0.06899,0.07002,8046757.5
2025-10-15 00:00:00+00:00,0.07002,0.07043,0.06856,0.069,7851471.9
2025-10-15 04:00:00+00:00,0.069,0.07052,0.06856,0.07019,8570963.7
2025-10-15 08:00:00+00:00,0.07019,0.07111,0.06833,0.06848,12561926.8
2025-10-15 12:00:00+00:00,0.06848,0.06871,0.06606,0.06651,19456784.9
2025-10-15 16:00:00+00:00,0.06651,0.06701,0.06556,0.06585,8487131.3
2025-10-15 20:00:00+00:00,0.06585,0.06648,0.06484,0.06625,10248971.6
2025-10-16 00:00:00+00:00,0.06625,0.06718,0.066,0.06633,5527951.2
2025-10-16 04:00:00+00:00,0.06633,0.06717,0.0658,0.06629,5589737.6
2025-10-16 08:00:00+00:00,0.06629,0.06781,0.06429,0.06732,19302151.4
2025-10-16 12:00:00+00:00,0.06732,0.06784,0.06392,0.06435,17875925.1
2025-10-16 16:00:00+00:00,0.06435,0.06618,0.06337,0.06401,19799135.9
2025-10-16 20:00:00+00:00,0.06401,0.0644,0.06297,0.06383,7374969.0
2025-10-17 00:00:00+00:00,0.06383,0.0651,0.06361,0.06507,4543316.0
2025-10-17 04:00:00+00:00,0.06507,0.0651,0.06041,0.06065,23549104.3
2025-10-17 08:00:00+00:00,0.06065,0.06302,0.05939,0.0625,20735552.9
2025-10-17 12:00:00+00:00,0.0625,0.06293,0.06095,0.06274,17603128.4
2025-10-17 16:00:00+00:00,0.06274,0.06358,0.06178,0.06228,9522825.7
2025-10-17 20:00:00+00:00,0.06228,0.06331,0.06174,0.06189,4213497.1
2025-10-18 00:00:00+00:00,0.06189,0.06322,0.06182,0.0629,3035091.2
2025-10-18 04:00:00+00:00,0.0629,0.06383,0.06227,0.06265,5186422.6
2025-10-18 08:00:00+00:00,0.06265,0.06298,0.06224,0.06285,3453636.4
2025-10-18 12:00:00+00:00,0.06285,0.06306,0.06171,0.06195,5807779.6
2025-10-18 16:00:00+00:00,0.06195,0.06287,0.06142,0.06272,5459381.7
2025-10-18 20:00:00+00:00,0.06272,0.06297,0.06214,0.06247,1835758.0
2025-10-19 00:00:00+00:00,0.06247,0.06295,0.06202,0.06286,2326169.5
2025-10-19 04:00:00+00:00,0.06286,0.0629,0.06179,0.06209,1809397.0
2025-10-19 08:00:00+00:00,0.06209,0.06416,0.06162,0.06362,20697872.8
2025-10-19 12:00:00+00:00,0.06362,0.06494,0.06317,0.06474,9350395.1
2025-10-19 16:00:00+00:00,0.06474,0.06516,0.06424,0.06444,7438656.6
2025-10-19 20:00:00+00:00,0.06444,0.06471,0.0639,0.06397,3076474.3
2025-10-20 00:00:00+00:00,0.06397,0.06589,0.06266,0.06572,8813811.5
2025-10-20 04:00:00+00:00,0.06572,0.06719,0.06542,0.06681,9661506.4
2025-10-20 08:00:00+00:00,0.06681,0.06704,0.06599,0.06646,5960306.0
2025-10-20 12:00:00+00:00,0.06646,0.06708,0.06613,0.06613,6313308.1
2025-10-20 16:00:00+00:00,0.06613,0.06613,0.06489,0.06589,8924701.9
2025-10-20 20:00:00+00:00,0.06589,0.06674,0.06562,0.06565,3620684.9
2025-10-21 00:00:00+00:00,0.06565,0.06574,0.06395,0.06412,4055445.2
2025-10-21 04:00:00+00:00,0.06412,0.06412,0.06273,0.06393,9830574.1
2025-10-21 08:00:00+00:00,0.06393,0.06454,0.06305,0.06439,4883110.3
2025-10-21 12:00:00+00:00,0.06439,0.06835,0.06413,0.06783,20568785.5
2025-10-21 16:00:00+00:00,0.06783,0.06841,0.06612,0.06636,15349408.5
2025-10-21 20:00:00+00:00,0.06636,0.06649,0.06305,0.06336,9441911.7
2025-10-22 00:00:00+00:00,0.06336,0.06373,0.06281,0.06347,6585351.5
2025-10-22 04:00:00+00:00,0.06347,0.06392,0.06235,0.06292,7780496.2
2025-10-22 08:00:00+00:00,0.06292,0.06292,0.06109,0.06223,12969459.2
2025-10-22 12:00:00+00:00,0.06223,0.06347,0.06186,0.06263,17176390.7
2025-10-22 16:00:00+00:00,0.06263,0.06279,0.06126,0.06187,12043213.3
2025-10-22 20:00:00+00:00,0.06187,0.06201,0.0597,0.0616,14951801.9
2025-10-23 00:00:00+00:00,0.0616,0.06185,0.06121,0.06158,7860045.5
2025-10-23 04:00:00+00:00,0.06158,0.06272,0.06149,0.06224,6232275.5
2025-10-23 08:00:00+00:00,0.06224,0.06266,0.06166,0.06179,4662500.0
2025-10-23 12:00:00+00:00,0.06179,0.06319,0.06119,0.06285,10298731.3
2025-10-23 16:00:00+00:00,0.06285,0.0644,0.06283,0.06368,8491430.0
2025-10-23 20:00:00+00:00,0.06368,0.06377,0.06278,0.06343,6803034.9
2025-10-24 00:00:00+00:00,0.06343,0.06409,0.06332,0.06371,4992756.9
2025-10-24 04:00:00+00:00,0.06371,0.06526,0.06357,0.06495,7055790.6
2025-10-24 08:00:00+00:00,0.06495,0.0655,0.06375,0.06436,7579279.4
2025-10-24 12:00:00+00:00,0.06436,0.06591,0.06332,0.06357,16369311.1
2025-10-24 16:00:00+00:00,0.06357,0.06472,0.06315,0.06444,7573895.7
2025-10-24 20:00:00+00:00,0.06444,0.06515,0.0643,0.06493,6444445.4
2025-10-25 00:00:00+00:00,0.06493,0.06493,0.06389,0.06391,2652995.3
2025-10-25 04:00:00+00:00,0.06391,0.06419,0.06346,0.06363,3426599.3
2025-10-25 08:00:00+00:00,0.06363,0.06405,0.06326,0.06365,2991117.5
2025-10-25 12:00:00+00:00,0.06365,0.06481,0.06365,0.06455,3953287.6
2025-10-25 16:00:00+00:00,0.06455,0.06526,0.06432,0.06516,3007670.6
2025-10-25 20:00:00+00:00,0.06516,0.06549,0.06454,0.06469,2101537.5
2025-10-26 00:00:00+00:00,0.06469,0.0648,0.06391,0.06409,5017592.2
2025-10-26 04:00:00+00:00,0.06409,0.06512,0.06402,0.0651,2578681.4
2025-10-26 08:00:00+00:00,0.0651,0.06628,0.06498,0.0662,5804472.5
2025-10-26 12:00:00+00:00,0.0662,0.06665,0.06574,0.06612,5695111.7
2025-10-26 16:00:00+00:00,0.06612,0.06612,0.06547,0.06558,3007439.7
2025-10-26 20:00:00+00:00,0.06558,0.06743,0.06524,0.06648,9760808.0
2025-10-27 00:00:00+00:00,0.06648,0.06741,0.06631,0.06687,4070000.0
2025-10-27 04:00:00+00:00,0.06687,0.06753,0.06593,0.0666,5509592.3
2025-10-27 08:00:00+00:00,0.0666,0.067,0.06511,0.06561,8561988.0
2025-10-27 12:00:00+00:00,0.06561,0.0657,0.06433,0.06519,8944585.5
2025-10-27 16:00:00+00:00,0.06519,0.06705,0.06519,0.06552,10870457.0
2025-10-27 20:00:00+00:00,0.06552,0.06556,0.06434,0.06497,6057257.6
2025-10-28 00:00:00+00:00,0.06497,0.06557,0.06425,0.06455,5695849.5
2025-10-28 04:00:00+00:00,0.06455,0.06564,0.06403,0.06485,9657055.7
2025-10-28 08:00:00+00:00,0.06485,0.06516,0.06428,0.06432,10731477.4
2025-10-28 12:00:00+00:00,0.06432,0.06557,0.06339,0.06446,19201330.5
2025-10-28 16:00:00+00:00,0.06446,0.06492,0.06288,0.06325,13152849.0
2025-10-28 20:00:00+00:00,0.06325,0.06325,0.06148,0.0623,17672199.5
2025-10-29 00:00:00+00:00,0.0623,0.06287,0.06212,0.06257,2766171.1
2025-10-29 04:00:00+00:00,0.06257,0.06376,0.06252,0.06362,3598487.9
2025-10-29 08:00:00+00:00,0.06362,0.06449,0.06315,0.06428,4495190.0
2025-10-29 12:00:00+00:00,0.06428,0.06544,0.06323,0.06364,9238923.2
2025-10-29 16:00:00+00:00,0.06364,0.06599,0.06229,0.06516,21993662.2
2025-10-29 20:00:00+00:00,0.06516,0.06615,0.0632,0.06351,11797065.9
2025-10-30 00:00:00+00:00,0.06351,0.06424,0.06305,0.06375,8412591.9
2025-10-30 04:00:00+00:00,0.06375,0.06393,0.06117,0.06378,16929834.1
2025-10-30 08:00:00+00:00,0.06378,0.06383,0.06206,0.06211,6916333.2
2025-10-30 12:00:00+00:00,0.06211,0.06226,0.05998,0.06035,22216620.0
2025-10-30 16:00:00+00:00,0.06035,0.0608,0.05899,0.05917,23850687.3
2025-10-30 20:00:00+00:00,0.05917,0.0609,0.05853,0.06085,15984288.6
2025-10-31 00:00:00+00:00,0.06085,0.06147,0.06057,0.06146,7764241.4
2025-10-31 04:00:00+00:00,0.06146,0.06209,0.06105,0.06132,5219828.4
2025-10-31 08:00:00+00:00,0.06132,0.0622,0.06101,0.06213,3529425.3
2025-10-31 12:00:00+00:00,0.06213,0.06287,0.06162,0.06229,11684928.6
2025-10-31 16:00:00+00:00,0.06229,0.06238,0.0602,0.06217,12595137.4
2025-10-31 20:00:00+00:00,0.06217,0.0622,0.06117,0.06134,5089533.1
2025-11-01 00:00:00+00:00,0.06134,0.06182,0.06078,0.06175,3664570.1
2025-11-01 04:00:00+00:00,0.06175,0.06259,0.061,0.06248,6012339.4
2025-11-01 08:00:00+00:00,0.06248,0.06382,0.06233,0.06381,12177232.0
2025-11-01 12:00:00+00:00,0.06381,0.06446,0.06307,0.06414,11136079.7
2025-11-01 16:00:00+00:00,0.06414,0.06455,0.06384,0.06408,5341281.8
2025-11-01 20:00:00+00:00,0.06408,0.06466,0.06365,0.06415,4597549.3
2025-11-02 00:00:00+00:00,0.06415,0.06432,0.06351,0.06358,5406651.1
2025-11-02 04:00:00+00:00,0.06358,0.06531,0.06345,0.06513,8251728.2
2025-11-02 08:00:00+00:00,0.06513,0.06525,0.06376,0.06501,11373464.3
2025-11-02 12:00:00+00:00,0.06501,0.06505,0.06251,0.06306,10640793.8
2025-11-02 16:00:00+00:00,0.06306,0.06375,0.06228,0.06308,7464682.8
2025-11-02 20:00:00+00:00,0.06308,0.06535,0.06293,0.06515,8399795.8
2025-11-03 00:00:00+00:00,0.06515,0.06524,0.06033,0.06048,21506322.8
2025-11-03 04:00:00+00:00,0.06048,0.06105,0.05903,0.05984,18450831.7
2025-11-03 08:00:00+00:00,0.05984,0.06055,0.05855,0.05951,16426446.9
2025-11-03 12:00:00+00:00,0.05951,0.06032,0.05459,0.05675,49857244.9
2025-11-03 16:00:00+00:00,0.05675,0.05851,0.05602,0.05646,20804994.3
2025-11-03 20:00:00+00:00,0.05646,0.0567,0.055,0.05663,15338330.8
2025-11-04 00:00:00+00:00,0.05663,0.0575,0.05604,0.05717,9195835.4
2025-11-04 04:00:00+00:00,0.05717,0.05754,0.05444,0.05477,29012879.9
2025-11-04 08:00:00+00:00,0.05477,0.05664,0.05449,0.05628,14090944.8
2025-11-04 12:00:00+00:00,0.05628,0.0575,0.05516,0.05613,15907437.1
2025-11-04 16:00:00+00:00,0.05613,0.05648,0.05296,0.05383,24702775.8
2025-11-04 20:00:00+00:00,0.05383,0.05527,0.05146,0.05465,37581825.5
2025-11-05 00:00:00+00:00,0.05465,0.05576,0.05202,0.05541,22645885.2
2025-11-05 04:00:00+00:00,0.05541,0.05579,0.05503,0.05564,6384540.2
2025-11-05 08:00:00+00:00,0.05564,0.05586,0.05445,0.05569,7612947.5
2025-11-05 12:00:00+00:00,0.05569,0.05653,0.0554,0.05642,8123379.5
2025-11-05 16:00:00+00:00,0.05642,0.05723,0.05593,0.05651,7654565.9
2025-11-05 20:00:00+00:00,0.05651,0.05696,0.0559,0.05625,5836495.6
2025-11-06 00:00:00+00:00,0.05625,0.05626,0.05507,0.05604,5976486.8
2025-11-06 04:00:00+00:00,0.05604,0.0561,0.05479,0.0549,10858875.5
2025-11-06 08:00:00+00:00,0.0549,0.0553,0.05448,0.05524,6490936.5
2025-11-06 12:00:00+00:00,0.05524,0.05619,0.05434,0.05465,11983109.5
2025-11-06 16:00:00+00:00,0.05465,0.05572,0.05348,0.05535,26883441.9
2025-11-06 20:00:00+00:00,0.05535,0.05632,0.05486,0.05631,13243494.6
2025-11-07 00:00:00+00:00,0.05631,0.05813,0.05628,0.05789,21294144.2
2025-11-07 04:00:00+00:00,0.05789,0.05985,0.0575,0.05958,13874447.2
2025-11-07 08:00:00+00:00,0.05958,0.06061,0.05818,0.05897,22627736.9
2025-11-07 12:00:00+00:00,0.05897,0.06282,0.05715,0.06269,34112445.8
2025-11-07 16:00:00+00:00,0.06269,0.07446,0.06252,0.07387,98114980.5
2025-11-07 20:00:00+00:00,0.07387,0.07593,0.06957,0.0699,65402944.4
2025-11-08 00:00:00+00:00,0.0699,0.07199,0.06769,0.06776,29214157.4
2025-11-08 04:00:00+00:00,0.06776,0.06899,0.06609,0.06722,18566858.9
2025-11-08 08:00:00+00:00,0.06722,0.06897,0.06645,0.06843,17695164.7
2025-11-08 12:00:00+00:00,0.06843,0.0686,0.0649,0.06525,19632044.8
2025-11-08 16:00:00+00:00,0.06525,0.06637,0.06461,0.06584,9894397.8
2025-11-08 20:00:00+00:00,0.06584,0.06665,0.06562,0.06645,5518033.8
2025-11-09 00:00:00+00:00,0.06645,0.06667,0.06346,0.06404,11161346.4
2025-11-09 04:00:00+00:00,0.06404,0.06483,0.06367,0.06479,5838039.5
2025-11-09 08:00:00+00:00,0.06479,0.06515,0.06295,0.06484,12568930.2
2025-11-09 12:00:00+00:00,0.06484,0.06624,0.06414,0.06585,18041796.6
2025-11-09 16:00:00+00:00,0.06585,0.0668,0.06478,0.0668,7509129.1
2025-11-09 20:00:00+00:00,0.0668,0.06716,0.06539,0.06642,6004281.7
2025-11-10 00:00:00+00:00,0.06642,0.06953,0.06582,0.06933,16516134.8
2025-11-10 04:00:00+00:00,0.06933,0.07042,0.06824,0.07038,13201733.5
2025-11-10 08:00:00+00:00,0.07038,0.07061,0.06872,0.06969,13432036.8
2025-11-10 12:00:00+00:00,0.06969,0.06989,0.06689,0.06763,16826523.5
2025-11-10 16:00:00+00:00,0.06763,0.06875,0.06666,0.06799,12361207.5
2025-11-10 20:00:00+00:00,0.06799,0.06997,0.06704,0.06885,12303658.7
2025-11-11 00:00:00+00:00,0.06885,0.07005,0.06754,0.06889,10153253.9
2025-11-11 04:00:00+00:00,0.06889,0.0691,0.06547,0.06558,11071313.3
2025-11-11 08:00:00+00:00,0.06558,0.06672,0.06552,0.06654,6918897.9
2025-11-11 12:00:00+00:00,0.06654,0.06714,0.06553,0.06613,10364820.7
2025-11-11 16:00:00+00:00,0.06613,0.06674,0.06457,0.06474,8853731.7
2025-11-11 20:00:00+00:00,0.06474,0.06492,0.06321,0.06344,7549162.3
2025-11-12 00:00:00+00:00,0.06344,0.06497,0.06302,0.06482,7993393.5
2025-11-12 04:00:00+00:00,0.06482,0.06573,0.06441,0.06491,4590091.0
2025-11-12 08:00:00+00:00,0.06491,0.06717,0.06491,0.0668,6973484.9
2025-11-12 12:00:00+00:00,0.0668,0.0672,0.06352,0.06382,19105401.1
2025-11-12 16:00:00+00:00,0.06382,0.06397,0.06206,0.06281,16288478.8
2025-11-12 20:00:00+00:00,0.06281,0.06391,0.06255,0.06289,4977397.1
2025-11-13 00:00:00+00:00,0.06289,0.06419,0.06216,0.06362,7190586.1
2025-11-13 04:00:00+00:00,0.06362,0.06483,0.06315,0.06376,10524336.0
2025-11-13 08:00:00+00:00,0.06376,0.06428,0.06284,0.06315,10234909.3
2025-11-13 12:00:00+00:00,0.06315,0.0645,0.06234,0.063,13236961.2
2025-11-13 16:00:00+00:00,0.063,0.06316,0.0592,0.05943,24018155.4
2025-11-13 20:00:00+00:00,0.05943,0.06097,0.05892,0.0604,7151740.5
2025-11-14 00:00:00+00:00,0.0604,0.06113,0.05925,0.05956,9607946.5
2025-11-14 04:00:00+00:00,0.05956,0.06018,0.05738,0.05953,17683378.5
2025-11-14 08:00:00+00:00,0.05953,0.05964,0.05791,0.05838,5521777.3
2025-11-14 12:00:00+00:00,0.05838,0.05945,0.05728,0.05893,15587207.2
2025-11-14 16:00:00+00:00,0.05893,0.05955,0.0584,0.05921,8836467.9
2025-11-14 20:00:00+00:00,0.05921,0.05935,0.05586,0.05643,17124325.0
2025-11-15 00:00:00+00:00,0.05643,0.05809,0.0562,0.05795,10244525.1
2025-11-15 04:00:00+00:00,0.05795,0.05911,0.05783,0.05816,6960429.9
2025-11-15 08:00:00+00:00,0.05816,0.05822,0.05669,0.05698,6503455.5
2025-11-15 12:00:00+00:00,0.05698,0.05809,0.05682,0.05739,7167370.4
2025-11-15 16:00:00+00:00,0.05739,0.05808,0.05687,0.05739,11352042.3
2025-11-15 20:00:00+00:00,0.05739,0.05743,0.05656,0.05694,3026948.1
2025-11-16 00:00:00+00:00,0.05694,0.05787,0.05606,0.05761,5009928.8
2025-11-16 04:00:00+00:00,0.05761,0.05786,0.05702,0.05762,2348360.7
2025-11-16 08:00:00+00:00,0.05762,0.05795,0.05632,0.05642,5592140.0
2025-11-16 12:00:00+00:00,0.05642,0.05682,0.05515,0.05524,12625494.6
2025-11-16 16:00:00+00:00,0.05524,0.05593,0.05416,0.05526,15601633.4
2025-11-16 20:00:00+00:00,0.05526,0.05625,0.05477,0.05589,6699419.4
2025-11-17 00:00:00+00:00,0.05589,0.05708,0.05527,0.05678,6340168.3
2025-11-17 04:00:00+00:00,0.05678,0.05762,0.05657,0.05742,5760964.6
2025-11-17 08:00:00+00:00,0.05742,0.05789,0.05701,0.05734,6561011.1
2025-11-17 12:00:00+00:00,0.05734,0.05833,0.05533,0.05612,18202357.3
2025-11-17 16:00:00+00:00,0.05612,0.05697,0.0542,0.05453,13643016.4
2025-11-17 20:00:00+00:00,0.05453,0.05523,0.05397,0.05515,8902925.1
2025-11-18 00:00:00+00:00,0.05515,0.05597,0.05429,0.05567,12880552.0
2025-11-18 04:00:00+00:00,0.05567,0.05633,0.05492,0.05562,8525183.7
2025-11-18 08:00:00+00:00,0.05562,0.05623,0.05522,0.05527,4622116.5
2025-11-18 12:00:00+00:00,0.05527,0.05689,0.05491,0.0565,17357373.3
2025-11-18 16:00:00+00:00,0.0565,0.05756,0.05634,0.05712,10567726.1
2025-11-18 20:00:00+00:00,0.05712,0.0572,0.05597,0.05609,3991174.6
2025-11-19 00:00:00+00:00,0.05609,0.05643,0.05505,0.05512,6169824.1
2025-11-19 04:00:00+00:00,0.05512,0.05532,0.05381,0.05514,6830945.4
2025-11-19 08:00:00+00:00,0.05514,0.05537,0.05474,0.05493,7736670.4
2025-11-19 12:00:00+00:00,0.05493,0.05581,0.05394,0.05399,9556625.8
2025-11-19 16:00:00+00:00,0.05399,0.05434,0.05191,0.05242,13906588.5
2025-11-19 20:00:00+00:00,0.05242,0.05502,0.05222,0.05469,11437232.9
2025-11-20 00:00:00+00:00,0.05469,0.05528,0.05446,0.05481,6558375.4
2025-11-20 04:00:00+00:00,0.05481,0.05554,0.05471,0.05554,4626458.6
2025-11-20 08:00:00+00:00,0.05554,0.0569,0.05536,0.05677,11388123.2
2025-11-20 12:00:00+00:00,0.05677,0.05876,0.05677,0.05721,20112101.5
2025-11-20 16:00:00+00:00,0.05721,0.0573,0.05257,0.05361,37695352.1
2025-11-20 20:00:00+00:00,0.05361,0.05469,0.05281,0.05309,9883061.0
2025-11-21 00:00:00+00:00,0.05309,0.05422,0.05219,0.05277,8556987.6
2025-11-21 04:00:00+00:00,0.05277,0.05302,0.04755,0.05022,34559993.9
2025-11-21 08:00:00+00:00,0.05022,0.05094,0.04848,0.04859,16136055.7
2025-11-21 12:00:00+00:00,0.04859,0.05115,0.04753,0.04968,36480226.8
2025-11-21 16:00:00+00:00,0.04968,0.05153,0.04904,0.04979,21823085.2
2025-11-21 20:00:00+00:00,0.04979,0.04994,0.04799,0.04919,11183777.3
2025-11-22 00:00:00+00:00,0.04919,0.04939,0.04822,0.04847,4644283.7
2025-11-22 04:00:00+00:00,0.04847,0.04849,0.04738,0.04819,9984331.5
2025-11-22 08:00:00+00:00,0.04819,0.04862,0.04721,0.04814,6942170.3
2025-11-22 12:00:00+00:00,0.04814,0.04855,0.04738,0.04809,4812403.1
2025-11-22 16:00:00+00:00,0.04809,0.04879,0.04803,0.04836,4369183.0
2025-11-22 20:00:00+00:00,0.04836,0.04927,0.04802,0.04866,4328341.4
2025-11-23 00:00:00+00:00,0.04866,0.04998,0.04844,0.04962,5072618.1
2025-11-23 04:00:00+00:00,0.04962,0.05042,0.04941,0.05001,6203871.6
2025-11-23 08:00:00+00:00,0.05001,0.05009,0.04942,0.04985,4290567.7
2025-11-23 12:00:00+00:00,0.04985,0.05041,0.04972,0.05016,5945251.8
2025-11-23 16:00:00+00:00,0.05016,0.05028,0.04961,0.05003,3985520.3
2025-11-23 20:00:00+00:00,0.05003,0.05008,0.04907,0.04916,4640379.8
2025-11-24 00:00:00+00:00,0.04916,0.05046,0.04873,0.05005,8930982.3
2025-11-24 04:00:00+00:00,0.05005,0.05081,0.04925,0.05014,20988831.5
2025-11-24 08:00:00+00:00,0.05014,0.05019,0.04888,0.04945,8190757.2
2025-11-24 12:00:00+00:00,0.04945,0.05031,0.04882,0.04999,15317074.2
2025-11-24 16:00:00+00:00,0.04999,0.05205,0.04999,0.05162,12680150.3
2025-11-24 20:00:00+00:00,0.05162,0.05225,0.05116,0.0512,4943391.8
2025-11-25 00:00:00+00:00,0.0512,0.0515,0.05047,0.05073,3093626.9
2025-11-25 04:00:00+00:00,0.05073,0.05103,0.05033,0.05039,2746794.4
2025-11-25 08:00:00+00:00,0.05039,0.05065,0.04996,0.05046,3871720.7
2025-11-25 12:00:00+00:00,0.05046,0.05098,0.04964,0.0505,9140445.5
2025-11-25 16:00:00+00:00,0.0505,0.05192,0.05045,0.05122,9848277.3
2025-11-25 20:00:00+00:00,0.05122,0.0524,0.05094,0.05209,7607954.1
2025-11-26 00:00:00+00:00,0.05209,0.0523,0.05071,0.05078,7642616.6
2025-11-26 04:00:00+00:00,0.05078,0.05129,0.05047,0.05129,4988911.7
2025-11-26 08:00:00+00:00,0.05129,0.05129,0.0501,0.0502,4194861.8
2025-11-26 12:00:00+00:00,0.0502,0.05063,0.04975,0.05007,6037563.6
2025-11-26 16:00:00+00:00,0.05007,0.0523,0.05007,0.05173,11639249.0
2025-11-26 20:00:00+00:00,0.05173,0.052,0.05141,0.0519,3566584.7
2025-11-27 00:00:00+00:00,0.0519,0.05233,0.05157,0.05179,7482106.5
2025-11-27 04:00:00+00:00,0.05179,0.0521,0.05146,0.05172,2595260.6
2025-11-27 08:00:00+00:00,0.05172,0.05216,0.05145,0.0515,2111048.5
2025-11-27 12:00:00+00:00,0.0515,0.052,0.0512,0.05199,3526432.6
2025-11-27 16:00:00+00:00,0.05199,0.05286,0.05192,0.05267,11145449.4
2025-11-27 20:00:00+00:00,0.05267,0.05295,0.05189,0.05199,4441372.3
2025-11-28 00:00:00+00:00,0.05199,0.05229,0.05124,0.05163,6083145.1
2025-11-28 04:00:00+00:00,0.05163,0.05185,0.0513,0.05171,2975973.3
2025-11-28 08:00:00+00:00,0.05171,0.05286,0.05157,0.05182,9883076.2
2025-11-28 12:00:00+00:00,0.05182,0.05273,0.05158,0.05233,7220296.3
2025-11-28 16:00:00+00:00,0.05233,0.05233,0.05039,0.05107,14685581.7
2025-11-28 20:00:00+00:00,0.05107,0.05122,0.05065,0.05105,2749220.9
2025-11-29 00:00:00+00:00,0.05105,0.05139,0.05088,0.05107,1589732.7
2025-11-29 04:00:00+00:00,0.05107,0.05131,0.0506,0.0507,4072374.4
2025-11-29 08:00:00+00:00,0.0507,0.05111,0.05039,0.05108,3116586.4
2025-11-29 12:00:00+00:00,0.05108,0.05116,0.05055,0.05096,2652210.0
2025-11-29 16:00:00+00:00,0.05096,0.05096,0.05003,0.05013,5604957.6
2025-11-29 20:00:00+00:00,0.05013,0.05043,0.04988,0.0503,1864298.5
2025-11-30 00:00:00+00:00,0.0503,0.05061,0.04982,0.0504,3511407.1
2025-11-30 04:00:00+00:00,0.0504,0.05041,0.04988,0.0503,1160516.5
2025-11-30 08:00:00+00:00,0.0503,0.0506,0.04982,0.04987,2983595.2
2025-11-30 12:00:00+00:00,0.04987,0.05071,0.04971,0.04995,5174298.8
2025-11-30 16:00:00+00:00,0.04995,0.05039,0.04993,0.05019,3684606.2
2025-11-30 20:00:00+00:00,0.05019,0.05042,0.04917,0.04926,2456551.1
2025-12-01 00:00:00+00:00,0.04926,0.04942,0.04584,0.04593,22824395.5
2025-12-01 04:00:00+00:00,0.04593,0.04642,0.04542,0.04636,9059896.6
2025-12-01 08:00:00+00:00,0.04636,0.04671,0.04619,0.04638,6425938.6
2025-12-01 12:00:00+00:00,0.04638,0.04665,0.04488,0.04559,12257281.4
2025-12-01 16:00:00+00:00,0.04559,0.04576,0.04513,0.04521,7475398.0
2025-12-01 20:00:00+00:00,0.04521,0.04644,0.04521,0.04626,8491956.6
2025-12-02 00:00:00+00:00,0.04626,0.04672,0.04576,0.0463,4767114.7
2025-12-02 04:00:00+00:00,0.0463,0.04668,0.04623,0.0466,2206049.6
2025-12-02 08:00:00+00:00,0.0466,0.04794,0.04609,0.04778,6688520.4
2025-12-02 12:00:00+00:00,0.04778,0.05057,0.04741,0.05052,11967543.6
2025-12-02 16:00:00+00:00,0.05052,0.05077,0.04954,0.04955,9506149.6
2025-12-02 20:00:00+00:00,0.04955,0.04963,0.04892,0.04916,2474841.2
2025-12-03 00:00:00+00:00,0.04916,0.04979,0.0489,0.04953,7908047.6
2025-12-03 04:00:00+00:00,0.04953,0.05024,0.04948,0.04968,4706660.5
2025-12-03 08:00:00+00:00,0.04968,0.05001,0.04948,0.04994,4071604.6
2025-12-03 12:00:00+00:00,0.04994,0.05021,0.04866,0.04949,11762453.7
2025-12-03 16:00:00+00:00,0.04949,0.05021,0.04926,0.04981,7887742.1
2025-12-03 20:00:00+00:00,0.04981,0.05047,0.04957,0.04979,6746807.0
2025-12-04 00:00:00+00:00,0.04979,0.05018,0.04937,0.04947,4076826.5
2025-12-04 04:00:00+00:00,0.04947,0.04957,0.04903,0.04932,6983841.8
2025-12-04 08:00:00+00:00,0.04932,0.04934,0.0489,0.04907,9467965.3
2025-12-04 12:00:00+00:00,0.04907,0.04937,0.04829,0.04919,8051693.6
2025-12-04 16:00:00+00:00,0.04919,0.04943,0.04709,0.04797,9668273.3
2025-12-04 20:00:00+00:00,0.04797,0.04825,0.04773,0.04783,4297781.6
2025-12-05 00:00:00+00:00,0.04783,0.04839,0.04776,0.04794,3957860.8
2025-12-05 04:00:00+00:00,0.04794,0.04834,0.04745,0.04813,2985915.9
2025-12-05 08:00:00+00:00,0.04813,0.04818,0.04693,0.04716,6313842.7
2025-12-05 12:00:00+00:00,0.04716,0.04738,0.04584,0.04609,20758642.2
2025-12-05 16:00:00+00:00,0.04609,0.04611,0.04459,0.04515,17087270.3
2025-12-05 20:00:00+00:00,0.04515,0.04554,0.04502,0.04545,3522134.9
2025-12-06 00:00:00+00:00,0.04545,0.0456,0.04524,0.0454,2153920.8
2025-12-06 04:00:00+00:00,0.0454,0.0455,0.04505,0.0454,1909022.5
2025-12-06 08:00:00+00:00,0.0454,0.04556,0.0452,0.04553,1951662.9
2025-12-06 12:00:00+00:00,0.04553,0.04622,0.04543,0.04604,5167948.7
2025-12-06 16:00:00+00:00,0.04604,0.04683,0.04602,0.04634,5179900.2
2025-12-06 20:00:00+00:00,0.04634,0.04693,0.04623,0.04649,5697957.0
2025-12-07 00:00:00+00:00,0.04649,0.04682,0.04642,0.04674,1911957.7
2025-12-07 04:00:00+00:00,0.04674,0.04677,0.04624,0.0464,860324.8
2025-12-07 08:00:00+00:00,0.0464,0.04647,0.04565,0.04569,5069440.5
2025-12-07 12:00:00+00:00,0.04569,0.04595,0.04431,0.04567,13592518.1
2025-12-07 16:00:00+00:00,0.04567,0.04651,0.04502,0.04646,9685526.8
2025-12-07 20:00:00+00:00,0.04646,0.04667,0.04443,0.04506,7821525.4
2025-12-08 00:00:00+00:00,0.04506,0.0459,0.04489,0.04559,4727106.1
2025-12-08 04:00:00+00:00,0.04559,0.0467,0.04559,0.04646,3837721.2
2025-12-08 08:00:00+00:00,0.04646,0.04716,0.04632,0.0466,3337216.5
2025-12-08 12:00:00+00:00,0.0466,0.04696,0.04593,0.04615,9350631.1
2025-12-08 16:00:00+00:00,0.04615,0.04665,0.0456,0.04573,7833796.9
2025-12-08 20:00:00+00:00,0.04573,0.04629,0.04561,0.0459,4014204.8
2025-12-09 00:00:00+00:00,0.0459,0.04614,0.04519,0.04573,2725977.4
2025-12-09 04:00:00+00:00,0.04573,0.04573,0.04508,0.04551,2201986.2
2025-12-09 08:00:00+00:00,0.04551,0.04551,0.045,0.04547,2761281.8
2025-12-09 12:00:00+00:00,0.04547,0.04755,0.04538,0.04746,9569681.5
2025-12-09 16:00:00+00:00,0.04746,0.04848,0.04746,0.04773,11989043.0
2025-12-09 20:00:00+00:00,0.04773,0.04779,0.04659,0.04725,7072794.6
2025-12-10 00:00:00+00:00,0.04725,0.0473,0.04611,0.04618,3792356.0
2025-12-10 04:00:00+00:00,0.04618,0.04631,0.04586,0.046,2234849.7
2025-12-10 08:00:00+00:00,0.046,0.04623,0.04532,0.04554,6337671.1
2025-12-10 12:00:00+00:00,0.04554,0.04585,0.04525,0.04569,8557030.4
2025-12-10 16:00:00+00:00,0.04569,0.04724,0.04552,0.04718,16465251.1
2025-12-10 20:00:00+00:00,0.04718,0.04801,0.04539,0.04563,13885352.7
2025-12-11 00:00:00+00:00,0.04563,0.04567,0.04385,0.044,11291927.5
2025-12-11 04:00:00+00:00,0.044,0.044,0.04337,0.04362,9479656.0
2025-12-11 08:00:00+00:00,0.04362,0.04371,0.04313,0.04337,13388251.9
2025-12-11 12:00:00+00:00,0.04337,0.04392,0.04326,0.04346,7806961.6
2025-12-11 16:00:00+00:00,0.04346,0.04399,0.04261,0.04354,15926467.2
2025-12-11 20:00:00+00:00,0.04354,0.04513,0.04353,0.04438,9384340.3
2025-12-12 00:00:00+00:00,0.04438,0.04463,0.04382,0.04443,4394658.6
2025-12-12 04:00:00+00:00,0.04443,0.04491,0.04418,0.04457,3468805.0
2025-12-12 08:00:00+00:00,0.04457,0.04477,0.04327,0.04333,6077895.6
2025-12-12 12:00:00+00:00,0.04333,0.04381,0.04153,0.04177,24219721.0
2025-12-12 16:00:00+00:00,0.04177,0.04189,0.04031,0.04059,30418638.1
2025-12-12 20:00:00+00:00,0.04059,0.04113,0.0405,0.04086,7387695.9
2025-12-13 00:00:00+00:00,0.04086,0.04106,0.0405,0.04092,5342805.1
2025-12-13 04:00:00+00:00,0.04092,0.04132,0.04075,0.04119,4851327.9
2025-12-13 08:00:00+00:00,0.04119,0.04171,0.04119,0.04129,4298573.1
2025-12-13 12:00:00+00:00,0.04129,0.04158,0.04102,0.04125,7439571.5
2025-12-13 16:00:00+00:00,0.04125,0.0423,0.04125,0.04196,6858402.4
2025-12-13 20:00:00+00:00,0.04196,0.04219,0.04148,0.04208,3968290.1
2025-12-14 00:00:00+00:00,0.04208,0.04213,0.0416,0.04163,2309169.1
2025-12-14 04:00:00+00:00,0.04163,0.04165,0.04105,0.04127,4129071.9
2025-12-14 08:00:00+00:00,0.04127,0.04137,0.04046,0.04075,5579656.5
2025-12-14 12:00:00+00:00,0.04075,0.0409,0.04022,0.04048,5064570.4
2025-12-14 16:00:00+00:00,0.04048,0.04078,0.03989,0.04006,5588513.6
2025-12-14 20:00:00+00:00,0.04006,0.04031,0.03948,0.03999,6542293.2
2025-12-15 00:00:00+00:00,0.03999,0.04117,0.03999,0.04062,4378456.3
2025-12-15 04:00:00+00:00,0.04062,0.04112,0.04057,0.04061,4880063.5
2025-12-15 08:00:00+00:00,0.04061,0.04079,0.04027,0.04038,3497207.8
2025-12-15 12:00:00+00:00,0.04038,0.04055,0.03817,0.03845,21090666.1
2025-12-15 16:00:00+00:00,0.03845,0.03845,0.03716,0.03786,12814981.1
2025-12-15 20:00:00+00:00,0.03786,0.03819,0.03751,0.03805,5878748.8
2025-12-16 00:00:00+00:00,0.03805,0.03814,0.0376,0.03804,4628872.4
2025-12-16 04:00:00+00:00,0.03804,0.03822,0.03749,0.03774,3821586.4
2025-12-16 08:00:00+00:00,0.03774,0.03889,0.03773,0.03884,3672607.5
2025-12-16 12:00:00+00:00,0.03884,0.03912,0.0381,0.03898,16746653.9
2025-12-16 16:00:00+00:00,0.03898,0.03911,0.03851,0.03888,4061589.1
2025-12-16 20:00:00+00:00,0.03888,0.03915,0.03861,0.03878,3425754.1
2025-12-17 00:00:00+00:00,0.03878,0.03887,0.03844,0.03853,3047504.1
2025-12-17 04:00:00+00:00,0.03853,0.03859,0.03812,0.03841,3528257.7
2025-12-17 08:00:00+00:00,0.03841,0.03841,0.03798,0.03835,3216991.6
2025-12-17 12:00:00+00:00,0.03835,0.03999,0.03835,0.03851,34660924.6
2025-12-17 16:00:00+00:00,0.03851,0.03872,0.03678,0.03734,41351512.5
2025-12-17 20:00:00+00:00,0.03734,0.03762,0.03707,0.03732,3819467.9
2025-12-18 00:00:00+00:00,0.03732,0.0374,0.0366,0.03667,4970789.1
2025-12-18 04:00:00+00:00,0.03667,0.03683,0.03604,0.03639,8672222.4
2025-12-18 08:00:00+00:00,0.03639,0.03683,0.03637,0.03681,2825080.4
2025-12-18 12:00:00+00:00,0.03681,0.03814,0.03677,0.03783,18471222.3
2025-12-18 16:00:00+00:00,0.03783,0.03801,0.03513,0.03519,32658008.0
2025-12-18 20:00:00+00:00,0.03519,0.03601,0.03512,0.03569,8749933.5
2025-12-19 00:00:00+00:00,0.03569,0.03668,0.03508,0.03626,11310275.5
2025-12-19 04:00:00+00:00,0.03626,0.03696,0.036,0.03661,5064014.4
2025-12-19 08:00:00+00:00,0.03661,0.03682,0.03623,0.03647,3908151.6
2025-12-19 12:00:00+00:00,0.03647,0.03779,0.03638,0.03707,13443776.1
2025-12-19 16:00:00+00:00,0.03707,0.03801,0.03692,0.03789,9280128.7
2025-12-19 20:00:00+00:00,0.03789,0.03819,0.03749,0.0375,2826133.2
2025-12-20 00:00:00+00:00,0.0375,0.03761,0.03725,0.03755,2536485.2
2025-12-20 04:00:00+00:00,0.03755,0.03802,0.03722,0.03802,3634736.8
2025-12-20 08:00:00+00:00,0.03802,0.03819,0.03751,0.03773,3089292.6
2025-12-20 12:00:00+00:00,0.03773,0.03775,0.03728,0.03756,5302466.0
2025-12-20 16:00:00+00:00,0.03756,0.03793,0.03755,0.03774,5069226.7
2025-12-20 20:00:00+00:00,0.03774,0.03798,0.0377,0.03775,2184124.0
2025-12-21 00:00:00+00:00,0.03775,0.03782,0.03708,0.03723,2933668.3
2025-12-21 04:00:00+00:00,0.03723,0.03738,0.03714,0.03725,3596353.3
2025-12-21 08:00:00+00:00,0.03725,0.03754,0.03703,0.03707,2849811.9
2025-12-21 12:00:00+00:00,0.03707,0.03725,0.03562,0.03602,20686822.5
2025-12-21 16:00:00+00:00,0.03602,0.03648,0.03585,0.03636,5568750.3
2025-12-21 20:00:00+00:00,0.03636,0.03678,0.03599,0.03663,7202270.4
2025-12-22 00:00:00+00:00,0.03663,0.0382,0.03567,0.03632,62289816.8
2025-12-22 04:00:00+00:00,0.03632,0.03722,0.03631,0.03703,7160978.2
2025-12-22 08:00:00+00:00,0.03703,0.03853,0.03697,0.0384,15859772.5
2025-12-22 12:00:00+00:00,0.0384,0.03906,0.03821,0.03872,13255257.3
2025-12-22 16:00:00+00:00,0.03872,0.03914,0.03797,0.03809,10743116.6
2025-12-22 20:00:00+00:00,0.03809,0.03824,0.03741,0.0378,8886131.1
2025-12-23 00:00:00+00:00,0.0378,0.03825,0.03689,0.03698,8840571.5
2025-12-23 04:00:00+00:00,0.03698,0.03709,0.03637,0.03651,6820572.4
2025-12-23 08:00:00+00:00,0.03651,0.03718,0.03648,0.03709,5315922.0
2025-12-23 12:00:00+00:00,0.03709,0.03709,0.03591,0.03623,11702314.7
2025-12-23 16:00:00+00:00,0.03623,0.03685,0.03616,0.03653,8484012.0
2025-12-23 20:00:00+00:00,0.03653,0.03701,0.03632,0.03653,4051714.2
2025-12-24 00:00:00+00:00,0.03653,0.03672,0.03585,0.03613,8036354.2
2025-12-24 04:00:00+00:00,0.03613,0.03628,0.03566,0.0358,5230680.6
2025-12-24 08:00:00+00:00,0.0358,0.03583,0.03554,0.0357,6112065.9
2025-12-24 12:00:00+00:00,0.0357,0.03626,0.03543,0.03615,6160102.8
2025-12-24 16:00:00+00:00,0.03615,0.03643,0.03597,0.03617,4899135.7
2025-12-24 20:00:00+00:00,0.03617,0.03669,0.03616,0.03662,2096684.7
2025-12-25 00:00:00+00:00,0.03662,0.03682,0.03631,0.03679,4736103.4
2025-12-25 04:00:00+00:00,0.03679,0.03694,0.03653,0.0369,6863910.4
2025-12-25 08:00:00+00:00,0.0369,0.03714,0.03624,0.03629,12181366.5
2025-12-25 12:00:00+00:00,0.03629,0.03679,0.03623,0.03666,4811137.8
2025-12-25 16:00:00+00:00,0.03666,0.03679,0.03633,0.03657,3145588.5
2025-12-25 20:00:00+00:00,0.03657,0.0366,0.03526,0.03535,5911412.0
2025-12-26 00:00:00+00:00,0.03535,0.03668,0.03516,0.03638,6960757.7
2025-12-26 04:00:00+00:00,0.03638,0.03658,0.03591,0.03598,2938602.4
2025-12-26 08:00:00+00:00,0.03598,0.03687,0.03593,0.03666,20184601.1
2025-12-26 12:00:00+00:00,0.03666,0.03695,0.03591,0.03616,8631111.7
2025-12-26 16:00:00+00:00,0.03616,0.03651,0.03589,0.03643,3341302.4
2025-12-26 20:00:00+00:00,0.03643,0.03659,0.03615,0.03631,2314118.0
2025-12-27 00:00:00+00:00,0.03631,0.0369,0.03621,0.03679,3608338.2
2025-12-27 04:00:00+00:00,0.03679,0.03685,0.03658,0.03665,2377285.2
2025-12-27 08:00:00+00:00,0.03665,0.03701,0.03629,0.03699,3428748.5
2025-12-27 12:00:00+00:00,0.03699,0.03737,0.03682,0.0373,4011714.0
2025-12-27 16:00:00+00:00,0.0373,0.03745,0.03721,0.03739,3152301.4
2025-12-27 20:00:00+00:00,0.03739,0.03823,0.03713,0.03816,6155466.6
2025-12-28 00:00:00+00:00,0.03816,0.03823,0.03788,0.03807,3496236.7
2025-12-28 04:00:00+00:00,0.03807,0.03844,0.03803,0.03837,2371543.9
2025-12-28 08:00:00+00:00,0.03837,0.03852,0.03816,0.03833,3734386.9
2025-12-28 12:00:00+00:00,0.03833,0.03834,0.03793,0.03801,3349632.0
2025-12-28 16:00:00+00:00,0.03801,0.03817,0.03747,0.03752,4786284.3
2025-12-28 20:00:00+00:00,0.03752,0.03786,0.03741,0.03781,3091766.3
2025-12-29 00:00:00+00:00,0.03781,0.03841,0.03772,0.03837,6046647.0
2025-12-29 04:00:00+00:00,0.03837,0.0384,0.03756,0.03793,4443932.7
2025-12-29 08:00:00+00:00,0.03793,0.03798,0.0369,0.03691,7692390.6
2025-12-29 12:00:00+00:00,0.03691,0.03693,0.03605,0.03642,7884026.8
2025-12-29 16:00:00+00:00,0.03642,0.03649,0.03534,0.03551,11387310.2
2025-12-29 20:00:00+00:00,0.03551,0.03576,0.03505,0.03544,14620295.7
2025-12-30 00:00:00+00:00,0.03544,0.03557,0.03511,0.03547,4622395.4
2025-12-30 04:00:00+00:00,0.03547,0.03554,0.03506,0.03532,6782379.3
2025-12-30 08:00:00+00:00,0.03532,0.03569,0.03522,0.03543,4556356.5
2025-12-30 12:00:00+00:00,0.03543,0.03561,0.03507,0.03551,6500293.7
2025-12-30 16:00:00+00:00,0.03551,0.03552,0.03479,0.03507,10286928.6
2025-12-30 20:00:00+00:00,0.03507,0.03507,0.03481,0.03489,3157601.3
2025-12-31 00:00:00+00:00,0.03489,0.03506,0.03439,0.03457,10974567.6
2025-12-31 04:00:00+00:00,0.03457,0.03465,0.03432,0.03455,2808878.2
2025-12-31 08:00:00+00:00,0.03455,0.0349,0.03442,0.03488,4161213.3
2025-12-31 12:00:00+00:00,0.03488,0.03493,0.03443,0.03452,6222959.2
2025-12-31 16:00:00+00:00,0.03452,0.03453,0.0329,0.03297,20155491.8
2025-12-31 20:00:00+00:00,0.03297,0.0334,0.03263,0.03318,12229170.9
2026-01-01 00:00:00+00:00,0.03318,0.03351,0.03318,0.03329,5275160.5
2026-01-01 04:00:00+00:00,0.03329,0.0336,0.03295,0.0335,8700216.9
2026-01-01 08:00:00+00:00,0.0335,0.03445,0.03342,0.03444,7388495.2
2026-01-01 12:00:00+00:00,0.03444,0.03543,0.03412,0.03536,13602898.9
2026-01-01 16:00:00+00:00,0.03536,0.03582,0.03516,0.03582,11081153.6
2026-01-01 20:00:00+00:00,0.03582,0.03617,0.03547,0.03602,8508358.6
2026-01-02 00:00:00+00:00,0.03602,0.03615,0.03557,0.03612,9542372.4
2026-01-02 04:00:00+00:00,0.03612,0.03616,0.03546,0.03552,3773851.9
2026-01-02 08:00:00+00:00,0.03552,0.03637,0.03536,0.03586,12323425.7
2026-01-02 12:00:00+00:00,0.03586,0.03649,0.03561,0.03609,17264953.9
2026-01-02 16:00:00+00:00,0.03609,0.03758,0.03609,0.03753,15288653.9
2026-01-02 20:00:00+00:00,0.03753,0.03773,0.03697,0.03722,7805982.2
2026-01-03 00:00:00+00:00,0.03722,0.03836,0.03692,0.03829,6172568.1
2026-01-03 04:00:00+00:00,0.03829,0.03843,0.03628,0.03644,16119591.5
2026-01-03 08:00:00+00:00,0.03644,0.0367,0.03626,0.03635,5932908.8
2026-01-03 12:00:00+00:00,0.03635,0.03784,0.03628,0.03702,17011635.0
2026-01-03 16:00:00+00:00,0.03702,0.03808,0.037,0.03769,10082786.1
2026-01-03 20:00:00+00:00,0.03769,0.03894,0.03736,0.03844,9962517.4
2026-01-04 00:00:00+00:00,0.03844,0.03909,0.03824,0.03906,10370344.1
2026-01-04 04:00:00+00:00,0.03906,0.04005,0.03893,0.03943,17437624.9
2026-01-04 08:00:00+00:00,0.03943,0.04047,0.0391,0.04043,21973429.6
2026-01-04 12:00:00+00:00,0.04043,0.04113,0.04,0.04086,20572334.2
2026-01-04 16:00:00+00:00,0.04086,0.04127,0.04019,0.04051,12476495.0
2026-01-04 20:00:00+00:00,0.04051,0.041,0.04028,0.04072,7161993.6
2026-01-05 00:00:00+00:00,0.04072,0.04162,0.04048,0.04092,14089004.8
2026-01-05 04:00:00+00:00,0.04092,0.04095,0.03974,0.04062,12217591.4
2026-01-05 08:00:00+00:00,0.04062,0.04074,0.03969,0.04003,8771742.9
2026-01-05 12:00:00+00:00,0.04003,0.04089,0.03977,0.04082,11082488.5
2026-01-05 16:00:00+00:00,0.04082,0.0416,0.03996,0.04111,20503663.9
2026-01-05 20:00:00+00:00,0.04111,0.04216,0.04107,0.04166,11837904.2
2026-01-06 00:00:00+00:00,0.04166,0.04196,0.04102,0.04175,9727861.3
2026-01-06 04:00:00+00:00,0.04175,0.04218,0.04127,0.04136,11865199.2
2026-01-06 08:00:00+00:00,0.04136,0.04222,0.04126,0.04215,6716729.4
2026-01-06 12:00:00+00:00,0.04215,0.04397,0.04207,0.04284,25126302.3
2026-01-06 16:00:00+00:00,0.04284,0.04306,0.04038,0.04103,27335771.1
2026-01-06 20:00:00+00:00,0.04103,0.0429,0.04103,0.04248,12437692.0
2026-01-07 00:00:00+00:00,0.04248,0.0426,0.04117,0.04158,11025840.2
2026-01-07 04:00:00+00:00,0.04158,0.04194,0.0412,0.04192,7687669.2
2026-01-07 08:00:00+00:00,0.04192,0.04221,0.04113,0.04166,9670694.4
2026-01-07 12:00:00+00:00,0.04166,0.04169,0.04017,0.04043,13875270.7
2026-01-07 16:00:00+00:00,0.04043,0.04084,0.04004,0.04046,9879057.2
2026-01-07 20:00:00+00:00,0.04046,0.04073,0.04003,0.04069,4544690.2
2026-01-08 00:00:00+00:00,0.04069,0.04125,0.04042,0.04065,7405040.7
2026-01-08 04:00:00+00:00,0.04065,0.0415,0.03973,0.04071,14334422.0
2026-01-08 08:00:00+00:00,0.04071,0.04081,0.03942,0.03988,13030700.1
2026-01-08 12:00:00+00:00,0.03988,0.04086,0.03893,0.04079,11203225.1
2026-01-08 16:00:00+00:00,0.04079,0.0409,0.03999,0.04008,5301792.2
2026-01-08 20:00:00+00:00,0.04008,0.04078,0.03963,0.04047,4785465.2
2026-01-09 00:00:00+00:00,0.04047,0.04106,0.04021,0.04097,12606517.9
2026-01-09 04:00:00+00:00,0.04097,0.04154,0.04075,0.04122,6320323.5
2026-01-09 08:00:00+00:00,0.04122,0.04212,0.04075,0.04145,14268747.0
2026-01-09 12:00:00+00:00,0.04145,0.04324,0.04106,0.04291,57172504.4
2026-01-09 16:00:00+00:00,0.04291,0.04501,0.04162,0.04177,42015331.2
2026-01-09 20:00:00+00:00,0.04177,0.04294,0.0417,0.04246,9432827.3
2026-01-10 00:00:00+00:00,0.04246,0.04247,0.04127,0.04151,10832066.4
2026-01-10 04:00:00+00:00,0.04151,0.04164,0.04092,0.0414,8373086.0
2026-01-10 08:00:00+00:00,0.0414,0.04209,0.04129,0.04209,6185377.6
2026-01-10 12:00:00+00:00,0.04209,0.04265,0.04193,0.04233,10155891.6
2026-01-10 16:00:00+00:00,0.04233,0.04259,0.04183,0.0425,6757991.4
2026-01-10 20:00:00+00:00,0.0425,0.0428,0.04131,0.04154,9649736.4
2026-01-11 00:00:00+00:00,0.04154,0.04188,0.04122,0.04182,6183603.6
2026-01-11 04:00:00+00:00,0.04182,0.04189,0.04132,0.04164,4806919.8
2026-01-11 08:00:00+00:00,0.04164,0.04207,0.04151,0.04207,3241460.7
2026-01-11 12:00:00+00:00,0.04207,0.04324,0.04174,0.04194,13510559.1
2026-01-11 16:00:00+00:00,0.04194,0.04307,0.04181,0.04258,11813561.3
2026-01-11 20:00:00+00:00,0.04258,0.04261,0.04098,0.0417,17047123.6
2026-01-12 00:00:00+00:00,0.0417,0.04314,0.04108,0.04233,20339091.5
2026-01-12 04:00:00+00:00,0.04233,0.04296,0.04141,0.0415,9657131.8
2026-01-12 08:00:00+00:00,0.0415,0.04172,0.04097,0.04148,9924256.3
2026-01-12 12:00:00+00:00,0.04148,0.04309,0.04057,0.04285,29863257.8
2026-01-12 16:00:00+00:00,0.04285,0.04289,0.04114,0.04162,21340482.9
2026-01-12 20:00:00+00:00,0.04162,0.04193,0.04031,0.04062,11991323.8
2026-01-13 00:00:00+00:00,0.04062,0.04106,0.04049,0.04102,8268964.2
2026-01-13 04:00:00+00:00,0.04102,0.04185,0.0409,0.04134,7095878.7
2026-01-13 08:00:00+00:00,0.04134,0.04233,0.04128,0.04214,7610073.9
2026-01-13 12:00:00+00:00,0.04214,0.04314,0.04203,0.04275,18968930.1
2026-01-13 16:00:00+00:00,0.04275,0.0435,0.04258,0.04302,14573794.4
2026-01-13 20:00:00+00:00,0.04302,0.04431,0.04259,0.04352,12335786.4
2026-01-14 00:00:00+00:00,0.04352,0.0439,0.04294,0.04333,11344782.8
2026-01-14 04:00:00+00:00,0.04333,0.04337,0.04275,0.04307,5466082.7
2026-01-14 08:00:00+00:00,0.04307,0.04345,0.0426,0.04281,9749099.4
2026-01-14 12:00:00+00:00,0.04281,0.04343,0.04254,0.04321,10009081.1
2026-01-14 16:00:00+00:00,0.04321,0.04365,0.04195,0.04254,16357421.2
2026-01-14 20:00:00+00:00,0.04254,0.04279,0.04188,0.04213,8427616.8
2026-01-15 00:00:00+00:00,0.04213,0.04227,0.04112,0.04118,8415466.1
2026-01-15 04:00:00+00:00,0.04118,0.04202,0.0411,0.04185,7095726.7
2026-01-15 08:00:00+00:00,0.04185,0.04229,0.04166,0.04172,3938923.0
2026-01-15 12:00:00+00:00,0.04172,0.04212,0.04025,0.04096,14223497.2
2026-01-15 16:00:00+00:00,0.04096,0.0412,0.04,0.04054,13443260.2
2026-01-15 20:00:00+00:00,0.04054,0.04093,0.04017,0.04079,5886337.9
2026-01-16 00:00:00+00:00,0.04079,0.04097,0.04041,0.04066,3903239.8
2026-01-16 04:00:00+00:00,0.04066,0.04099,0.04029,0.04072,5297940.6
2026-01-16 08:00:00+00:00,0.04072,0.04089,0.04021,0.04044,11166267.3
2026-01-16 12:00:00+00:00,0.04044,0.04052,0.03928,0.03958,15517002.1
2026-01-16 16:00:00+00:00,0.03958,0.04031,0.03949,0.04024,6519929.4
2026-01-16 20:00:00+00:00,0.04024,0.042,0.03998,0.04144,13947632.5
2026-01-17 00:00:00+00:00,0.04144,0.04281,0.04132,0.04277,11463446.1
2026-01-17 04:00:00+00:00,0.04277,0.0437,0.0426,0.04323,18824724.3
2026-01-17 08:00:00+00:00,0.04323,0.04473,0.0432,0.04365,28906564.2
2026-01-17 12:00:00+00:00,0.04365,0.04428,0.04337,0.04371,20710061.2
2026-01-17 16:00:00+00:00,0.04371,0.04376,0.04311,0.04345,6130282.0
2026-01-17 20:00:00+00:00,0.04345,0.04356,0.04255,0.04267,8418980.2
2026-01-18 00:00:00+00:00,0.04267,0.04337,0.04208,0.04213,12373992.9
2026-01-18 04:00:00+00:00,0.04213,0.04244,0.04186,0.0424,4959622.3
2026-01-18 08:00:00+00:00,0.0424,0.04289,0.04219,0.04223,7094346.0
2026-01-18 12:00:00+00:00,0.04223,0.04233,0.04174,0.04233,5901436.9
2026-01-18 16:00:00+00:00,0.04233,0.04292,0.04206,0.04259,4270206.1
2026-01-18 20:00:00+00:00,0.04259,0.04288,0.04023,0.0403,18280203.2
2026-01-19 00:00:00+00:00,0.0403,0.0403,0.03445,0.03853,81711692.8
2026-01-19 04:00:00+00:00,0.03853,0.0387,0.03761,0.03787,14847981.1
2026-01-19 08:00:00+00:00,0.03787,0.03808,0.03736,0.03749,13833761.8
2026-01-19 12:00:00+00:00,0.03749,0.0379,0.03715,0.03757,9695265.1
2026-01-19 16:00:00+00:00,0.03757,0.03905,0.03751,0.03868,10397967.2
2026-01-19 20:00:00+00:00,0.03868,0.03887,0.03795,0.03856,6731106.9
2026-01-20 00:00:00+00:00,0.03856,0.03904,0.03832,0.03859,10306760.0
2026-01-20 04:00:00+00:00,0.03859,0.03875,0.03735,0.03735,14693526.0
2026-01-20 08:00:00+00:00,0.03735,0.03749,0.03676,0.0368,8921054.8
2026-01-20 12:00:00+00:00,0.0368,0.0374,0.03644,0.03688,12474386.9
2026-01-20 16:00:00+00:00,0.03688,0.03702,0.03605,0.03629,6020169.5
2026-01-20 20:00:00+00:00,0.03629,0.03673,0.0357,0.03601,5912253.2
2026-01-21 00:00:00+00:00,0.03601,0.03727,0.03598,0.03702,6471252.5
2026-01-21 04:00:00+00:00,0.03702,0.03737,0.03687,0.03714,4416654.4
2026-01-21 08:00:00+00:00,0.03714,0.03732,0.03667,0.03673,4475187.4
2026-01-21 12:00:00+00:00,0.03673,0.0377,0.03611,0.03749,13065334.5
2026-01-21 16:00:00+00:00,0.03749,0.03776,0.03571,0.03771,11041774.6
2026-01-21 20:00:00+00:00,0.03771,0.03781,0.03657,0.03675,4795102.1
2026-01-22 00:00:00+00:00,0.03675,0.03787,0.03675,0.03726,4462838.1
2026-01-22 04:00:00+00:00,0.03726,0.03731,0.03665,0.03684,2131316.8
2026-01-22 08:00:00+00:00,0.03684,0.03717,0.03653,0.03659,2862984.6
2026-01-22 12:00:00+00:00,0.03659,0.03679,0.03561,0.03615,8323077.6
2026-01-22 16:00:00+00:00,0.03615,0.03687,0.03614,0.03657,4904494.2
2026-01-22 20:00:00+00:00,0.03657,0.03665,0.03611,0.03643,3041685.4
2026-01-23 00:00:00+00:00,0.03643,0.03738,0.0364,0.03724,3255080.4
2026-01-23 04:00:00+00:00,0.03724,0.03765,0.03685,0.03692,3805830.5
2026-01-23 08:00:00+00:00,0.03692,0.03705,0.03645,0.0369,4090623.2
2026-01-23 12:00:00+00:00,0.0369,0.03731,0.03596,0.03701,19041364.8
2026-01-23 16:00:00+00:00,0.03701,0.03757,0.03641,0.03659,12705793.4
2026-01-23 20:00:00+00:00,0.03659,0.03686,0.03625,0.03666,6347549.3
2026-01-24 00:00:00+00:00,0.03666,0.03695,0.03659,0.0367,2422728.7
2026-01-24 04:00:00+00:00,0.0367,0.03692,0.03653,0.03679,2458361.0
2026-01-24 08:00:00+00:00,0.03679,0.037,0.03654,0.03678,1556077.5
2026-01-24 12:00:00+00:00,0.03678,0.03683,0.03623,0.03624,2246271.0
2026-01-24 16:00:00+00:00,0.03624,0.03655,0.0361,0.0363,2798950.7
2026-01-24 20:00:00+00:00,0.0363,0.03661,0.03625,0.03652,2763349.5
2026-01-25 00:00:00+00:00,0.03652,0.03671,0.03621,0.03627,2538262.9
2026-01-25 04:00:00+00:00,0.03627,0.03635,0.03592,0.0361,2121034.9
2026-01-25 08:00:00+00:00,0.0361,0.03624,0.0358,0.03602,3673743.7
2026-01-25 12:00:00+00:00,0.03602,0.03613,0.03563,0.03576,4907785.2
2026-01-25 16:00:00+00:00,0.03576,0.03576,0.03426,0.03449,16191825.0
2026-01-25 20:00:00+00:00,0.03449,0.03516,0.03436,0.03492,9073539.6
2026-01-26 00:00:00+00:00,0.03492,0.03569,0.03485,0.03527,8532412.3
2026-01-26 04:00:00+00:00,0.03527,0.03621,0.03527,0.03615,5050087.9
2026-01-26 08:00:00+00:00,0.03615,0.03648,0.03568,0.03622,8532070.6
2026-01-26 12:00:00+00:00,0.03622,0.03711,0.03593,0.0365,32618502.0
2026-01-26 16:00:00+00:00,0.0365,0.03659,0.03578,0.03584,11862888.6
2026-01-26 20:00:00+00:00,0.03584,0.03654,0.03561,0.03609,6009389.0
2026-01-27 00:00:00+00:00,0.03609,0.03635,0.03595,0.03598,4542914.2
2026-01-27 04:00:00+00:00,0.03598,0.03619,0.03577,0.0358,6479867.0
2026-01-27 08:00:00+00:00,0.0358,0.03588,0.03555,0.03557,2420085.0
2026-01-27 12:00:00+00:00,0.03557,0.03601,0.03537,0.03599,6410237.5
2026-01-27 16:00:00+00:00,0.03599,0.0368,0.0355,0.0367,8912554.5
2026-01-27 20:00:00+00:00,0.0367,0.03703,0.03651,0.03663,7927848.3
2026-01-28 00:00:00+00:00,0.03663,0.03669,0.03624,0.03626,2180458.1
2026-01-28 04:00:00+00:00,0.03626,0.03632,0.03578,0.03589,4664062.0
2026-01-28 08:00:00+00:00,0.03589,0.03638,0.03576,0.03637,8323354.5
2026-01-28 12:00:00+00:00,0.03637,0.03637,0.03565,0.03573,6051139.7
2026-01-28 16:00:00+00:00,0.03573,0.03604,0.03544,0.03583,6674305.5
2026-01-28 20:00:00+00:00,0.03583,0.03716,0.03551,0.03691,11781292.8
2026-01-29 00:00:00+00:00,0.03691,0.03704,0.03523,0.03541,12732412.1
2026-01-29 04:00:00+00:00,0.03541,0.03554,0.03514,0.03535,6723317.2
2026-01-29 08:00:00+00:00,0.03535,0.03537,0.03467,0.03474,9500423.5
2026-01-29 12:00:00+00:00,0.03474,0.03476,0.03299,0.03368,24389002.5
2026-01-29 16:00:00+00:00,0.03368,0.03438,0.03299,0.03341,16565206.7
2026-01-29 20:00:00+00:00,0.03341,0.03421,0.03333,0.03394,6856807.0
2026-01-30 00:00:00+00:00,0.03394,0.03412,0.03254,0.03295,20413868.6
2026-01-30 04:00:00+00:00,0.03295,0.03342,0.03255,0.03296,7526872.7
2026-01-30 08:00:00+00:00,0.03296,0.03352,0.03264,0.03342,5757636.2
2026-01-30 12:00:00+00:00,0.03342,0.03348,0.03263,0.03295,11907175.3
2026-01-30 16:00:00+00:00,0.03295,0.03378,0.03215,0.03356,16251828.9
2026-01-30 20:00:00+00:00,0.03356,0.03357,0.03279,0.03306,8346757.3
2026-01-31 00:00:00+00:00,0.03306,0.03307,0.0327,0.03285,2066440.1
2026-01-31 04:00:00+00:00,0.03285,0.03293,0.0322,0.0324,2790832.3
2026-01-31 08:00:00+00:00,0.0324,0.03244,0.03157,0.03174,8171223.0
2026-01-31 12:00:00+00:00,0.03174,0.03179,0.0298,0.03037,29931547.3
2026-01-31 16:00:00+00:00,0.03037,0.03083,0.02642,0.02895,94090634.7
2026-01-31 20:00:00+00:00,0.02895,0.03044,0.02891,0.0302,14037872.0
2026-02-01 00:00:00+00:00,0.0302,0.03095,0.03017,0.03095,7188430.8
2026-02-01 04:00:00+00:00,0.03095,0.03103,0.03055,0.03067,6648958.6
2026-02-01 08:00:00+00:00,0.03067,0.03128,0.03051,0.03071,7682317.6
2026-02-01 12:00:00+00:00,0.03071,0.03108,0.02966,0.03007,14352648.0
2026-02-01 16:00:00+00:00,0.03007,0.03049,0.02969,0.02996,12254051.8
2026-02-01 20:00:00+00:00,0.02996,0.03049,0.02895,0.02956,18544895.4
2026-02-02 00:00:00+00:00,0.02956,0.03038,0.02872,0.02981,15773303.4
2026-02-02 04:00:00+00:00,0.02981,0.0302,0.02882,0.02925,20696935.4
2026-02-02 08:00:00+00:00,0.02925,0.03007,0.02925,0.02972,11806127.0
2026-02-02 12:00:00+00:00,0.02972,0.03103,0.02972,0.03086,12284793.9
2026-02-02 16:00:00+00:00,0.03086,0.03104,0.03043,0.03044,5092467.3
2026-02-02 20:00:00+00:00,0.03044,0.0306,0.03026,0.03045,5978897.8
2026-02-03 00:00:00+00:00,0.03045,0.03051,0.02961,0.03023,5813809.7
2026-02-03 04:00:00+00:00,0.03023,0.03043,0.02981,0.03033,5856175.8
2026-02-03 08:00:00+00:00,0.03033,0.03039,0.0297,0.03017,8655804.8
2026-02-03 12:00:00+00:00,0.03017,0.03062,0.0296,0.03054,13497440.9
2026-02-03 16:00:00+00:00,0.03054,0.03056,0.0283,0.02968,25797549.1
2026-02-03 20:00:00+00:00,0.02968,0.03097,0.02934,0.02961,29479736.8
2026-02-04 00:00:00+00:00,0.02961,0.0303,0.02951,0.03014,5575011.9
2026-02-04 04:00:00+00:00,0.03014,0.03014,0.02957,0.02998,5874624.2
2026-02-04 08:00:00+00:00,0.02998,0.03,0.02927,0.02959,6139605.8
2026-02-04 12:00:00+00:00,0.02959,0.02971,0.02837,0.02869,17762490.4
2026-02-04 16:00:00+00:00,0.02869,0.02963,0.02828,0.02956,23274471.2
2026-02-04 20:00:00+00:00,0.02956,0.02958,0.02855,0.02905,10155637.7
2026-02-05 00:00:00+00:00,0.02905,0.02944,0.02841,0.02855,19063926.7
2026-02-05 04:00:00+00:00,0.02855,0.02881,0.02811,0.02831,9562508.8
2026-02-05 08:00:00+00:00,0.02831,0.02887,0.02725,0.02761,14145993.5
2026-02-05 12:00:00+00:00,0.02761,0.02799,0.02562,0.02614,39242334.2
2026-02-05 16:00:00+00:00,0.02614,0.02661,0.0252,0.02533,36473214.2
2026-02-05 20:00:00+00:00,0.02533,0.02551,0.02399,0.02471,49362584.1
2026-02-06 00:00:00+00:00,0.02471,0.02559,0.02251,0.02513,112904906.0
2026-02-06 04:00:00+00:00,0.02513,0.02626,0.02504,0.02569,14042336.7
2026-02-06 08:00:00+00:00,0.02569,0.02672,0.02558,0.0266,15611180.0
2026-02-06 12:00:00+00:00,0.0266,0.02783,0.02642,0.02769,27203822.2
2026-02-06 16:00:00+00:00,0.02769,0.02943,0.02758,0.02855,34092006.8
2026-02-06 20:00:00+00:00,0.02855,0.02889,0.02809,0.02862,10338481.6
2026-02-07 00:00:00+00:00,0.02862,0.02868,0.0281,0.02842,10229543.6
2026-02-07 04:00:00+00:00,0.02842,0.02882,0.02732,0.02761,11987326.1
2026-02-07 08:00:00+00:00,0.02761,0.02781,0.02727,0.02743,3864179.5
2026-02-07 12:00:00+00:00,0.02743,0.02835,0.02738,0.02791,9214775.2
2026-02-07 16:00:00+00:00,0.02791,0.02885,0.02786,0.02807,47606437.7
2026-02-07 20:00:00+00:00,0.02807,0.02831,0.0279,0.02805,4738340.3
2026-02-08 00:00:00+00:00,0.02805,0.02809,0.0276,0.02762,2248552.8
2026-02-08 04:00:00+00:00,0.02762,0.02772,0.02752,0.02767,1820669.3
2026-02-08 08:00:00+00:00,0.02767,0.02818,0.02758,0.02818,5822870.3
2026-02-08 12:00:00+00:00,0.02818,0.02822,0.02769,0.02777,6840437.9
2026-02-08 16:00:00+00:00,0.02777,0.02788,0.02722,0.02781,5149916.5
2026-02-08 20:00:00+00:00,0.02781,0.02807,0.02723,0.02748,3946573.6
2026-02-09 00:00:00+00:00,0.02748,0.02773,0.02725,0.02765,7371268.0
2026-02-09 04:00:00+00:00,0.02765,0.02773,0.02726,0.0273,3391167.2
2026-02-09 08:00:00+00:00,0.0273,0.02735,0.02641,0.0267,6468437.4
2026-02-09 12:00:00+00:00,0.0267,0.02732,0.02663,0.02714,10663497.5
2026-02-09 16:00:00+00:00,0.02714,0.02763,0.02691,0.02734,6635781.2
2026-02-09 20:00:00+00:00,0.02734,0.02742,0.02696,0.02711,4375068.0
2026-02-10 00:00:00+00:00,0.02711,0.02726,0.02659,0.02676,2709679.3
2026-02-10 04:00:00+00:00,0.02676,0.02695,0.02621,0.02633,4506627.5
2026-02-10 08:00:00+00:00,0.02633,0.02652,0.02622,0.02632,3477430.0
2026-02-10 12:00:00+00:00,0.02632,0.02675,0.02626,0.02662,5336980.6
2026-02-10 16:00:00+00:00,0.02662,0.02679,0.02628,0.02643,2292178.5
2026-02-10 20:00:00+00:00,0.02643,0.02654,0.02629,0.02651,1777723.5
2026-02-11 00:00:00+00:00,0.02651,0.02673,0.02633,0.02652,3554629.2
2026-02-11 04:00:00+00:00,0.02652,0.02655,0.02551,0.02551,6432126.2
2026-02-11 08:00:00+00:00,0.02551,0.02567,0.02536,0.02565,3942818.7
2026-02-11 12:00:00+00:00,0.02565,0.02688,0.02541,0.02567,20090581.5
2026-02-11 16:00:00+00:00,0.02567,0.02621,0.02549,0.02601,8211835.6
2026-02-11 20:00:00+00:00,0.02601,0.02647,0.0258,0.02606,6971599.2
2026-02-12 00:00:00+00:00,0.02606,0.02662,0.02606,0.02662,2390099.7
2026-02-12 04:00:00+00:00,0.02662,0.02702,0.02642,0.02701,2167843.7
2026-02-12 08:00:00+00:00,0.02701,0.02754,0.0268,0.02733,3877735.4
2026-02-12 12:00:00+00:00,0.02733,0.02734,0.02647,0.02648,6106463.4
2026-02-12 16:00:00+00:00,0.02648,0.02679,0.02587,0.02648,6954926.2
2026-02-12 20:00:00+00:00,0.02648,0.02678,0.02618,0.02678,2526257.2
2026-02-13 00:00:00+00:00,0.02678,0.02689,0.0264,0.02646,1745116.1
2026-02-13 04:00:00+00:00,0.02646,0.02652,0.02615,0.02641,3265909.5
2026-02-13 08:00:00+00:00,0.02641,0.02689,0.02637,0.0267,4053842.0
2026-02-13 12:00:00+00:00,0.0267,0.02762,0.02647,0.0271,9160644.2
2026-02-13 16:00:00+00:00,0.0271,0.02772,0.0271,0.02746,9155735.9
2026-02-13 20:00:00+00:00,0.02746,0.02784,0.02738,0.02751,3208630.7
2026-02-14 00:00:00+00:00,0.02751,0.02806,0.02751,0.02795,4718464.4
2026-02-14 04:00:00+00:00,0.02795,0.02797,0.02765,0.02782,4134131.6
2026-02-14 08:00:00+00:00,0.02782,0.02837,0.02778,0.02832,4017099.5
2026-02-14 12:00:00+00:00,0.02832,0.02858,0.02798,0.02858,5457612.5
2026-02-14 16:00:00+00:00,0.02858,0.02933,0.02838,0.02929,5324546.5
2026-02-14 20:00:00+00:00,0.02929,0.02942,0.02889,0.02897,5229058.0
2026-02-15 00:00:00+00:00,0.02897,0.02903,0.02835,0.02883,4128543.1
2026-02-15 04:00:00+00:00,0.02883,0.02932,0.0288,0.02919,3480787.5
2026-02-15 08:00:00+00:00,0.02919,0.02923,0.02837,0.02847,4826164.8
2026-02-15 12:00:00+00:00,0.02847,0.02847,0.02741,0.02774,7911621.4
2026-02-15 16:00:00+00:00,0.02774,0.02778,0.02717,0.02731,7735982.1
2026-02-15 20:00:00+00:00,0.02731,0.02784,0.02718,0.02783,2554411.5
2026-02-16 00:00:00+00:00,0.02783,0.02799,0.0276,0.02788,4929827.5
2026-02-16 04:00:00+00:00,0.02788,0.02806,0.02756,0.02764,1904656.1
2026-02-16 08:00:00+00:00,0.02764,0.02791,0.02738,0.02774,3380840.4
2026-02-16 12:00:00+00:00,0.02774,0.02839,0.02728,0.02747,6778215.2
2026-02-16 16:00:00+00:00,0.02747,0.02791,0.02744,0.02784,2752699.3
2026-02-16 20:00:00+00:00,0.02784,0.02834,0.02774,0.02814,2631276.9
2026-02-17 00:00:00+00:00,0.02814,0.02819,0.02781,0.02792,999357.6
2026-02-17 04:00:00+00:00,0.02792,0.02805,0.02761,0.02794,1542150.9
2026-02-17 08:00:00+00:00,0.02794,0.02798,0.02761,0.02776,3278313.9
2026-02-17 12:00:00+00:00,0.02776,0.02799,0.02731,0.02774,4954028.7
2026-02-17 16:00:00+00:00,0.02774,0.02814,0.02747,0.02783,3730666.8
2026-02-17 20:00:00+00:00,0.02783,0.02787,0.02762,0.0277,1550328.8
2026-02-18 00:00:00+00:00,0.0277,0.02785,0.02747,0.02781,1941499.3
2026-02-18 04:00:00+00:00,0.02781,0.02795,0.02771,0.02791,963566.5
2026-02-18 08:00:00+00:00,0.02791,0.02801,0.02742,0.02756,2663637.8
2026-02-18 12:00:00+00:00,0.02756,0.02779,0.02709,0.02758,6765689.1
2026-02-18 16:00:00+00:00,0.02758,0.02761,0.0266,0.02678,4492101.8
2026-02-18 20:00:00+00:00,0.02678,0.02692,0.02648,0.02685,5726341.5
2026-02-19 00:00:00+00:00,0.02685,0.02703,0.02663,0.02701,2255519.5
2026-02-19 04:00:00+00:00,0.02701,0.02706,0.02679,0.02694,1211064.6
2026-02-19 08:00:00+00:00,0.02694,0.02694,0.02653,0.02663,2333080.3
2026-02-19 12:00:00+00:00,0.02663,0.02671,0.02599,0.02621,5311180.4
2026-02-19 16:00:00+00:00,0.02621,0.02647,0.02598,0.02628,2738173.9
2026-02-19 20:00:00+00:00,0.02628,0.02645,0.02617,0.02643,1665805.6
2026-02-20 00:00:00+00:00,0.02643,0.02667,0.02639,0.02655,1919358.0
2026-02-20 04:00:00+00:00,0.02655,0.02677,0.02633,0.02661,2965790.8
2026-02-20 08:00:00+00:00,0.02661,0.02687,0.02635,0.02638,1236895.0
2026-02-20 12:00:00+00:00,0.02638,0.02713,0.02589,0.02713,7976132.1
2026-02-20 16:00:00+00:00,0.02713,0.02731,0.02656,0.02699,9754582.7
2026-02-20 20:00:00+00:00,0.02699,0.02723,0.02692,0.0272,1288350.2
2026-02-21 00:00:00+00:00,0.0272,0.02831,0.02719,0.02829,12443455.4
2026-02-21 04:00:00+00:00,0.02829,0.02921,0.02823,0.02913,27848143.1
2026-02-21 08:00:00+00:00,0.02913,0.02962,0.02867,0.02886,37499265.8
2026-02-21 12:00:00+00:00,0.02886,0.02916,0.02806,0.02819,25219761.6
2026-02-21 16:00:00+00:00,0.02819,0.02849,0.0279,0.0283,6347900.8
2026-02-21 20:00:00+00:00,0.0283,0.0283,0.02788,0.0279,3166475.9
2026-02-22 00:00:00+00:00,0.0279,0.02795,0.02695,0.0271,7182685.9
2026-02-22 04:00:00+00:00,0.0271,0.02719,0.02683,0.02714,5747508.8
2026-02-22 08:00:00+00:00,0.02714,0.02728,0.027,0.02709,3862922.2
2026-02-22 12:00:00+00:00,0.02709,0.0271,0.02643,0.02671,11133651.0
2026-02-22 16:00:00+00:00,0.02671,0.02681,0.02654,0.02669,2325160.3
2026-02-22 20:00:00+00:00,0.02669,0.02684,0.02648,0.02668,1991867.5
2026-02-23 00:00:00+00:00,0.02668,0.02674,0.02558,0.02593,24887821.4
2026-02-23 04:00:00+00:00,0.02593,0.02655,0.02577,0.02642,4886591.8
2026-02-23 08:00:00+00:00,0.02642,0.02698,0.02637,0.02666,5242740.3
2026-02-23 12:00:00+00:00,0.02666,0.02686,0.02611,0.02614,7045511.8
2026-02-23 16:00:00+00:00,0.02614,0.02619,0.02557,0.0257,9192114.9
2026-02-23 20:00:00+00:00,0.0257,0.02625,0.02563,0.02601,4981444.3
2026-02-24 00:00:00+00:00,0.02601,0.02616,0.02555,0.02572,7865535.0
2026-02-24 04:00:00+00:00,0.02572,0.02573,0.02541,0.02555,7810904.8
2026-02-24 08:00:00+00:00,0.02555,0.02569,0.02545,0.0256,2345633.9
2026-02-24 12:00:00+00:00,0.0256,0.02614,0.02531,0.02602,6986018.2
2026-02-24 16:00:00+00:00,0.02602,0.0263,0.02593,0.02611,4580969.0
2026-02-24 20:00:00+00:00,0.02611,0.02614,0.02548,0.02569,6770595.9
2026-02-25 00:00:00+00:00,0.02569,0.0266,0.02558,0.02614,11254386.5
2026-02-25 04:00:00+00:00,0.02614,0.02632,0.02589,0.02614,7062381.2
2026-02-25 08:00:00+00:00,0.02614,0.02658,0.02598,0.02648,9293932.4
2026-02-25 12:00:00+00:00,0.02648,0.02803,0.02641,0.02785,16762962.6
2026-02-25 16:00:00+00:00,0.02785,0.02866,0.02785,0.02866,12457534.5
2026-02-25 20:00:00+00:00,0.02866,0.02905,0.02744,0.02776,24531636.2
2026-02-26 00:00:00+00:00,0.02776,0.02799,0.02727,0.02751,9044438.3
2026-02-26 04:00:00+00:00,0.02751,0.02766,0.02713,0.02721,4328503.5
2026-02-26 08:00:00+00:00,0.02721,0.02749,0.02692,0.02694,8266686.9
2026-02-26 12:00:00+00:00,0.02694,0.0271,0.02653,0.02682,16499397.4
2026-02-26 16:00:00+00:00,0.02682,0.02683,0.02609,0.02666,28752987.7
2026-02-26 20:00:00+00:00,0.02666,0.02673,0.02651,0.02665,5442874.4
2026-02-27 00:00:00+00:00,0.02665,0.02699,0.02656,0.02697,3909238.5
2026-02-27 04:00:00+00:00,0.02697,0.0274,0.02695,0.02728,6502654.8
2026-02-27 08:00:00+00:00,0.02728,0.02751,0.02662,0.0267,11882665.6
2026-02-27 12:00:00+00:00,0.0267,0.02677,0.02637,0.02654,8395813.6
2026-02-27 16:00:00+00:00,0.02654,0.02661,0.02604,0.02612,8294939.6
2026-02-27 20:00:00+00:00,0.02612,0.02622,0.02561,0.02614,5829321.8
2026-02-28 00:00:00+00:00,0.02614,0.02623,0.0259,0.02597,3662607.9
2026-02-28 04:00:00+00:00,0.02597,0.02597,0.02455,0.02498,23980607.5
2026-02-28 08:00:00+00:00,0.02498,0.02498,0.02435,0.02444,11106804.9
2026-02-28 12:00:00+00:00,0.02444,0.02535,0.02441,0.02499,16139740.4
2026-02-28 16:00:00+00:00,0.02499,0.026,0.02487,0.02582,14059569.1
2026-02-28 20:00:00+00:00,0.02582,0.02659,0.02574,0.0265,8734831.8
2026-03-01 00:00:00+00:00,0.0265,0.02729,0.02587,0.02678,12957958.9
2026-03-01 04:00:00+00:00,0.02678,0.02692,0.02643,0.02663,7470769.9
2026-03-01 08:00:00+00:00,0.02663,0.02669,0.02596,0.02607,5771961.5
2026-03-01 12:00:00+00:00,0.02607,0.02637,0.02559,0.02593,9126407.9
2026-03-01 16:00:00+00:00,0.02593,0.02611,0.02529,0.02534,9378223.8
2026-03-01 20:00:00+00:00,0.02534,0.02578,0.025,0.02557,8907316.5
2026-03-02 00:00:00+00:00,0.02557,0.02633,0.02555,0.02611,7268556.8
2026-03-02 04:00:00+00:00,0.02611,0.02635,0.02535,0.02556,6460796.0
2026-03-02 08:00:00+00:00,0.02556,0.02597,0.02532,0.02569,8584160.9
2026-03-02 12:00:00+00:00,0.02569,0.02698,0.02546,0.02669,9735996.1
2026-03-02 16:00:00+00:00,0.02669,0.02698,0.02604,0.02629,14236131.3
2026-03-02 20:00:00+00:00,0.02629,0.02644,0.02592,0.02603,5396576.5
2026-03-03 00:00:00+00:00,0.02603,0.0261,0.02559,0.02589,6598937.4
2026-03-03 04:00:00+00:00,0.02589,0.02599,0.02563,0.02578,4482934.8
2026-03-03 08:00:00+00:00,0.02578,0.02584,0.02525,0.02546,5770275.9
2026-03-03 12:00:00+00:00,0.02546,0.02596,0.02534,0.02591,7299827.9
2026-03-03 16:00:00+00:00,0.02591,0.02646,0.02569,0.02608,11720933.7
2026-03-03 20:00:00+00:00,0.02608,0.02628,0.02569,0.02599,4515542.6
2026-03-04 00:00:00+00:00,0.02599,0.02612,0.02563,0.02586,4514137.9
2026-03-04 04:00:00+00:00,0.02586,0.02612,0.02567,0.02607,4959370.0
2026-03-04 08:00:00+00:00,0.02607,0.02695,0.02593,0.02631,15953033.2
2026-03-04 12:00:00+00:00,0.02631,0.02705,0.02597,0.02704,12439584.1
2026-03-04 16:00:00+00:00,0.02704,0.02715,0.02657,0.02692,10865045.8
2026-03-04 20:00:00+00:00,0.02692,0.02705,0.02649,0.02672,3883399.6
2026-03-05 00:00:00+00:00,0.02672,0.0268,0.02638,0.02654,5175261.8
2026-03-05 04:00:00+00:00,0.02654,0.02678,0.02635,0.02649,6637939.2
2026-03-05 08:00:00+00:00,0.02649,0.02697,0.02634,0.02672,11187729.0
2026-03-05 12:00:00+00:00,0.02672,0.02691,0.02621,0.02629,7953357.8
2026-03-05 16:00:00+00:00,0.02629,0.02636,0.02581,0.02621,9055752.6
2026-03-05 20:00:00+00:00,0.02621,0.02651,0.02617,0.02625,2844005.1
2026-03-06 00:00:00+00:00,0.02625,0.02651,0.0261,0.02649,2679117.8
2026-03-06 04:00:00+00:00,0.02649,0.02652,0.02608,0.02647,3158322.4
2026-03-06 08:00:00+00:00,0.02647,0.02647,0.02593,0.02596,3879448.9
2026-03-06 12:00:00+00:00,0.02596,0.02619,0.02518,0.02539,21040748.4
2026-03-06 16:00:00+00:00,0.02539,0.02569,0.02522,0.02554,4566425.3
2026-03-06 20:00:00+00:00,0.02554,0.02572,0.02551,0.02563,1925321.0
2026-03-07 00:00:00+00:00,0.02563,0.02576,0.02548,0.02548,1490587.9
2026-03-07 04:00:00+00:00,0.02548,0.0256,0.02518,0.02534,2567586.6
2026-03-07 08:00:00+00:00,0.02534,0.02553,0.02527,0.02544,2724477.1
2026-03-07 12:00:00+00:00,0.02544,0.02546,0.02508,0.0252,5857682.9
2026-03-07 16:00:00+00:00,0.0252,0.02539,0.02504,0.02508,4369948.3
2026-03-07 20:00:00+00:00,0.02508,0.02522,0.02488,0.02505,3455466.6
2026-03-08 00:00:00+00:00,0.02505,0.02507,0.02469,0.02479,4700851.7
2026-03-08 04:00:00+00:00,0.02479,0.02498,0.02461,0.02495,1991756.0
2026-03-08 08:00:00+00:00,0.02495,0.02558,0.02482,0.02529,2930473.6
2026-03-08 12:00:00+00:00,0.02529,0.02547,0.02496,0.02502,3879083.3
2026-03-08 16:00:00+00:00,0.02502,0.0251,0.02456,0.025,4052726.6
2026-03-08 20:00:00+00:00,0.025,0.02509,0.02444,0.02463,6508659.4
2026-03-09 00:00:00+00:00,0.02463,0.02528,0.02459,0.02502,5233197.1
2026-03-09 04:00:00+00:00,0.02502,0.02554,0.02494,0.02524,4919865.1
2026-03-09 08:00:00+00:00,0.02524,0.02539,0.02495,0.02513,3969978.1
2026-03-09 12:00:00+00:00,0.02513,0.0256,0.02512,0.02536,10436627.8
2026-03-09 16:00:00+00:00,0.02536,0.02577,0.02517,0.02539,7611281.7
2026-03-09 20:00:00+00:00,0.02539,0.02542,0.02497,0.02504,3195163.7
2026-03-10 00:00:00+00:00,0.02504,0.02552,0.02495,0.02519,3553439.9
2026-03-10 04:00:00+00:00,0.02519,0.02546,0.02512,0.02522,2416935.6
2026-03-10 08:00:00+00:00,0.02522,0.02559,0.0252,0.02533,6034916.5
2026-03-10 12:00:00+00:00,0.02533,0.02587,0.02514,0.02562,3681720.6
2026-03-10 16:00:00+00:00,0.02562,0.02583,0.02499,0.02511,4913589.0
2026-03-10 20:00:00+00:00,0.02511,0.02521,0.02482,0.02492,4252686.4
2026-03-11 00:00:00+00:00,0.02492,0.02508,0.02476,0.02492,2363784.8
2026-03-11 04:00:00+00:00,0.02492,0.0252,0.02473,0.02509,2799421.7
2026-03-11 08:00:00+00:00,0.02509,0.02569,0.02508,0.02549,8103833.8
2026-03-11 12:00:00+00:00,0.02549,0.02621,0.02542,0.02564,16404173.0
2026-03-11 16:00:00+00:00,0.02564,0.02598,0.02556,0.02589,4729275.2
2026-03-11 20:00:00+00:00,0.02589,0.02604,0.02576,0.02586,4312459.4
2026-03-12 00:00:00+00:00,0.02586,0.0259,0.02539,0.02544,4394247.3
2026-03-12 04:00:00+00:00,0.02544,0.02555,0.0253,0.02547,2296745.5
2026-03-12 08:00:00+00:00,0.02547,0.02583,0.0254,0.02562,2911875.1
2026-03-12 12:00:00+00:00,0.02562,0.02697,0.02556,0.0264,56552991.0
2026-03-12 16:00:00+00:00,0.0264,0.02799,0.02627,0.02755,53002801.5
2026-03-12 20:00:00+00:00,0.02755,0.02933,0.02753,0.02772,160381123.6
2026-03-13 00:00:00+00:00,0.02772,0.02922,0.02768,0.02801,82188836.8
2026-03-13 04:00:00+00:00,0.02801,0.02817,0.02721,0.02726,28634841.2
2026-03-13 08:00:00+00:00,0.02726,0.02736,0.02675,0.02704,24227420.4
2026-03-13 12:00:00+00:00,0.02704,0.0277,0.02696,0.02736,24353963.1
2026-03-13 16:00:00+00:00,0.02736,0.02769,0.02685,0.02699,14105017.3
2026-03-13 20:00:00+00:00,0.02699,0.02713,0.0267,0.0268,7693252.0
2026-03-14 00:00:00+00:00,0.0268,0.02699,0.02648,0.0269,8492067.0
2026-03-14 04:00:00+00:00,0.0269,0.02692,0.02632,0.02645,5365812.6
2026-03-14 08:00:00+00:00,0.02645,0.02645,0.02615,0.02635,5481228.6
2026-03-14 12:00:00+00:00,0.02635,0.02639,0.02601,0.02609,5182608.5
2026-03-14 16:00:00+00:00,0.02609,0.02629,0.02584,0.0259,6625750.7
2026-03-14 20:00:00+00:00,0.0259,0.02622,0.02583,0.02616,6198966.8
2026-03-15 00:00:00+00:00,0.02616,0.02653,0.02594,0.02621,10672857.9
2026-03-15 04:00:00+00:00,0.02621,0.02633,0.02608,0.02632,5289052.1
2026-03-15 08:00:00+00:00,0.02632,0.02712,0.02624,0.02685,12759965.8
2026-03-15 12:00:00+00:00,0.02685,0.02705,0.02646,0.02669,16979218.2
2026-03-15 16:00:00+00:00,0.02669,0.02689,0.02654,0.02677,6838989.8
2026-03-15 20:00:00+00:00,0.02677,0.02707,0.02663,0.02689,9826654.2
2026-03-16 00:00:00+00:00,0.02689,0.02736,0.02663,0.02727,27217873.8
2026-03-16 04:00:00+00:00,0.02727,0.02782,0.02716,0.0277,13155877.5
2026-03-16 08:00:00+00:00,0.0277,0.02798,0.02726,0.02729,15377198.0
2026-03-16 12:00:00+00:00,0.02729,0.02779,0.02723,0.02752,14361874.3
2026-03-16 16:00:00+00:00,0.02752,0.02839,0.02748,0.0278,19105208.6
2026-03-16 20:00:00+00:00,0.0278,0.02825,0.02772,0.02805,7031671.3
2026-03-17 00:00:00+00:00,0.02805,0.02827,0.02728,0.02754,12070163.4
2026-03-17 04:00:00+00:00,0.02754,0.02769,0.02712,0.0276,8061075.3
2026-03-17 08:00:00+00:00,0.0276,0.02822,0.02757,0.02804,11164235.5
2026-03-17 12:00:00+00:00,0.02804,0.02814,0.02754,0.02789,11665955.1
2026-03-17 16:00:00+00:00,0.02789,0.02812,0.02765,0.02768,8457849.3
2026-03-17 20:00:00+00:00,0.02768,0.02812,0.02768,0.02783,6819216.1
2026-03-18 00:00:00+00:00,0.02783,0.02822,0.02761,0.02811,8721852.7
2026-03-18 04:00:00+00:00,0.02811,0.02827,0.0277,0.02794,6835789.7
2026-03-18 08:00:00+00:00,0.02794,0.02807,0.02721,0.02738,10026952.1
2026-03-18 12:00:00+00:00,0.02738,0.02738,0.02643,0.02659,14191546.5
2026-03-18 16:00:00+00:00,0.02659,0.02681,0.0263,0.02647,7768412.9
2026-03-18 20:00:00+00:00,0.02647,0.02673,0.0263,0.02662,4911253.5
2026-03-19 00:00:00+00:00,0.02662,0.02687,0.02634,0.02668,3640587.9
2026-03-19 04:00:00+00:00,0.02668,0.02669,0.02599,0.02611,7429053.3
2026-03-19 08:00:00+00:00,0.02611,0.02632,0.02603,0.02605,4884876.6
2026-03-19 12:00:00+00:00,0.02605,0.02606,0.02554,0.02578,8906868.1
2026-03-19 16:00:00+00:00,0.02578,0.02595,0.0255,0.02592,4881434.9
2026-03-19 20:00:00+00:00,0.02592,0.02602,0.02557,0.02566,6065383.1
2026-03-20 00:00:00+00:00,0.02566,0.0262,0.02565,0.02615,5652119.5
2026-03-20 04:00:00+00:00,0.02615,0.02671,0.02601,0.02617,12299611.2
2026-03-20 08:00:00+00:00,0.02617,0.02632,0.02602,0.02617,3269443.2
2026-03-20 12:00:00+00:00,0.02617,0.02622,0.02575,0.02593,7114922.7
2026-03-20 16:00:00+00:00,0.02593,0.02609,0.02569,0.02592,5148287.0
2026-03-20 20:00:00+00:00,0.02592,0.02626,0.0257,0.02605,3255984.2
2026-03-21 00:00:00+00:00,0.02605,0.02617,0.026,0.02604,1669810.3
2026-03-21 04:00:00+00:00,0.02604,0.02622,0.02601,0.02605,2231546.0
2026-03-21 08:00:00+00:00,0.02605,0.02609,0.02585,0.0259,1210064.5
2026-03-21 12:00:00+00:00,0.0259,0.02615,0.02578,0.02615,2184189.8
2026-03-21 16:00:00+00:00,0.02615,0.02616,0.0259,0.02594,1077111.8
2026-03-21 20:00:00+00:00,0.02594,0.02612,0.02512,0.0253,11380430.3
2026-03-22 00:00:00+00:00,0.0253,0.02542,0.0248,0.02517,12613465.3
2026-03-22 04:00:00+00:00,0.02517,0.02537,0.02499,0.02501,8709973.4
2026-03-22 08:00:00+00:00,0.02501,0.02502,0.02456,0.0246,12250626.7
2026-03-22 12:00:00+00:00,0.0246,0.02493,0.02458,0.02478,5239930.0
2026-03-22 16:00:00+00:00,0.02478,0.02495,0.02441,0.02453,8879659.4
2026-03-22 20:00:00+00:00,0.02453,0.02466,0.02414,0.0244,8076149.2
2026-03-23 00:00:00+00:00,0.0244,0.02468,0.02435,0.02452,3932999.9
2026-03-23 04:00:00+00:00,0.02452,0.02459,0.02399,0.02409,5034829.6
2026-03-23 08:00:00+00:00,0.02409,0.02505,0.02394,0.02487,18842993.3
2026-03-23 12:00:00+00:00,0.02487,0.02561,0.02476,0.02501,8421901.7
2026-03-23 16:00:00+00:00,0.02501,0.02527,0.02492,0.02503,6064740.6
2026-03-23 20:00:00+00:00,0.02503,0.02545,0.02501,0.02528,3027730.3
2026-03-24 00:00:00+00:00,0.02528,0.02533,0.02488,0.02524,5711239.1
2026-03-24 04:00:00+00:00,0.02524,0.02546,0.02496,0.0254,5595374.7
2026-03-24 08:00:00+00:00,0.0254,0.02547,0.02495,0.02502,9236615.8
2026-03-24 12:00:00+00:00,0.02502,0.02518,0.02478,0.02499,7718790.1
2026-03-24 16:00:00+00:00,0.02499,0.02504,0.02468,0.02494,3419900.9
2026-03-24 20:00:00+00:00,0.02494,0.02537,0.02491,0.02522,4045903.2
2026-03-25 00:00:00+00:00,0.02522,0.02545,0.02519,0.02531,2710941.0
2026-03-25 04:00:00+00:00,0.02531,0.02535,0.02514,0.02524,3067914.6
2026-03-25 08:00:00+00:00,0.02524,0.02561,0.02519,0.02556,9231130.8
2026-03-25 12:00:00+00:00,0.02556,0.02565,0.02524,0.02533,4632133.0
2026-03-25 16:00:00+00:00,0.02533,0.02551,0.02528,0.02537,4086621.7
2026-03-25 20:00:00+00:00,0.02537,0.02549,0.02519,0.02547,3250755.5
2026-03-26 00:00:00+00:00,0.02547,0.02552,0.02499,0.02507,3478405.8
2026-03-26 04:00:00+00:00,0.02507,0.02508,0.0246,0.02468,5052410.2
2026-03-26 08:00:00+00:00,0.02468,0.02468,0.02429,0.02435,3504308.6
2026-03-26 12:00:00+00:00,0.02435,0.02464,0.02414,0.02415,4859416.4
2026-03-26 16:00:00+00:00,0.02415,0.02426,0.02395,0.02399,4001478.8
2026-03-26 20:00:00+00:00,0.02399,0.02447,0.02394,0.02427,6517934.2
2026-03-27 00:00:00+00:00,0.02427,0.02452,0.02425,0.02435,2002239.4
2026-03-27 04:00:00+00:00,0.02435,0.02448,0.02417,0.02446,2603855.8
2026-03-27 08:00:00+00:00,0.02446,0.02451,0.02355,0.0237,9647686.2
2026-03-27 12:00:00+00:00,0.0237,0.02391,0.02353,0.02371,4961365.2
2026-03-27 16:00:00+00:00,0.02371,0.02384,0.02357,0.02378,2721011.6
2026-03-27 20:00:00+00:00,0.02378,0.02384,0.02365,0.02375,3103208.4
2026-03-28 00:00:00+00:00,0.02375,0.02377,0.02336,0.02347,2564338.6
2026-03-28 04:00:00+00:00,0.02347,0.02387,0.02341,0.02387,1320855.4
2026-03-28 08:00:00+00:00,0.02387,0.024,0.02377,0.02389,1754434.6
2026-03-28 12:00:00+00:00,0.02389,0.02429,0.02382,0.02413,4038759.7
2026-03-28 16:00:00+00:00,0.02413,0.02421,0.02403,0.02412,1392693.2
2026-03-28 20:00:00+00:00,0.02412,0.02417,0.02359,0.02363,3206498.3
2026-03-29 00:00:00+00:00,0.02363,0.0238,0.02353,0.0237,1567701.4
2026-03-29 04:00:00+00:00,0.0237,0.02374,0.02351,0.02355,2263308.4
2026-03-29 08:00:00+00:00,0.02355,0.02367,0.02344,0.02359,1817431.9
2026-03-29 12:00:00+00:00,0.02359,0.02361,0.02335,0.02347,2985480.3
2026-03-29 16:00:00+00:00,0.02347,0.02352,0.02328,0.02342,2063777.1
2026-03-29 20:00:00+00:00,0.02342,0.02365,0.02288,0.02337,6688838.8
2026-03-30 00:00:00+00:00,0.02337,0.02401,0.02333,0.02396,4582545.8
2026-03-30 04:00:00+00:00,0.02396,0.02436,0.02396,0.02434,2913364.8
2026-03-30 08:00:00+00:00,0.02434,0.02454,0.02414,0.02442,5614407.8
2026-03-30 12:00:00+00:00,0.02442,0.02447,0.02405,0.02415,4765129.0
2026-03-30 16:00:00+00:00,0.02415,0.02424,0.02356,0.0237,3525984.3
2026-03-30 20:00:00+00:00,0.0237,0.02395,0.02359,0.02367,2070097.9
2026-03-31 00:00:00+00:00,0.02367,0.02411,0.02364,0.02383,2564154.1
2026-03-31 04:00:00+00:00,0.02383,0.02387,0.0237,0.02381,2222787.5
2026-03-31 08:00:00+00:00,0.02381,0.02387,0.02341,0.02366,5169909.6
2026-03-31 12:00:00+00:00,0.02366,0.02395,0.0236,0.02367,6718503.9
2026-03-31 16:00:00+00:00,0.02367,0.02421,0.02367,0.02407,4685401.9
2026-03-31 20:00:00+00:00,0.02407,0.0242,0.02396,0.02411,2279398.3
2026-04-01 00:00:00+00:00,0.02411,0.02443,0.02399,0.02443,5070508.0
2026-04-01 04:00:00+00:00,0.02443,0.02508,0.02422,0.02468,17271823.5
2026-04-01 08:00:00+00:00,0.02468,0.0248,0.02451,0.02466,3682204.7
2026-04-01 12:00:00+00:00,0.02466,0.02493,0.02443,0.02475,7278625.6
2026-04-01 16:00:00+00:00,0.02475,0.02478,0.02437,0.02444,2808077.4
2026-04-01 20:00:00+00:00,0.02444,0.02452,0.02427,0.0243,1626316.0
2026-04-02 00:00:00+00:00,0.0243,0.02453,0.02353,0.02361,5967484.5
2026-04-02 04:00:00+00:00,0.02361,0.02381,0.02347,0.02379,2295225.3
2026-04-02 08:00:00+00:00,0.02379,0.02379,0.02342,0.02355,1979871.0
2026-04-02 12:00:00+00:00,0.02355,0.02372,0.02321,0.02354,5765900.4
2026-04-02 16:00:00+00:00,0.02354,0.02378,0.02349,0.02363,3293159.4
2026-04-02 20:00:00+00:00,0.02363,0.02375,0.02353,0.02362,2505912.7
2026-04-03 00:00:00+00:00,0.02362,0.02398,0.0236,0.02397,1713140.7
2026-04-03 04:00:00+00:00,0.02397,0.0244,0.02391,0.02427,3891841.7
2026-04-03 08:00:00+00:00,0.02427,0.02455,0.02424,0.02426,6232451.4
2026-04-03 12:00:00+00:00,0.02426,0.02448,0.02381,0.02386,7393701.5
2026-04-03 16:00:00+00:00,0.02386,0.02397,0.02372,0.02384,3356183.2
2026-04-03 20:00:00+00:00,0.02384,0.02401,0.02383,0.02388,2728747.0
2026-04-04 00:00:00+00:00,0.02388,0.02419,0.02379,0.02414,4709563.0
2026-04-04 04:00:00+00:00,0.02414,0.02434,0.0241,0.02433,1662596.7
2026-04-04 08:00:00+00:00,0.02433,0.02442,0.02416,0.02431,2042469.3
2026-04-04 12:00:00+00:00,0.02431,0.02432,0.02399,0.0241,5589125.3
2026-04-04 16:00:00+00:00,0.0241,0.02438,0.02397,0.02417,3037565.8
2026-04-04 20:00:00+00:00,0.02417,0.02422,0.02406,0.02411,2319879.7
2026-04-05 00:00:00+00:00,0.02411,0.02414,0.02373,0.02379,2496838.7
2026-04-05 04:00:00+00:00,0.02379,0.0238,0.02341,0.02347,5530483.3
2026-04-05 08:00:00+00:00,0.02347,0.02364,0.02344,0.02349,1821480.2
2026-04-05 12:00:00+00:00,0.02349,0.02378,0.02328,0.02352,5932349.2
2026-04-05 16:00:00+00:00,0.02352,0.02354,0.02335,0.02344,1268024.8
2026-04-05 20:00:00+00:00,0.02344,0.02386,0.02336,0.02385,2287772.9
2026-04-06 00:00:00+00:00,0.02385,0.02403,0.02372,0.02391,2534463.0
2026-04-06 04:00:00+00:00,0.02391,0.02407,0.02384,0.02401,3663916.6
2026-04-06 08:00:00+00:00,0.02401,0.02465,0.024,0.02455,5999597.6
2026-04-06 12:00:00+00:00,0.02455,0.02461,0.02414,0.02422,5653354.4
2026-04-06 16:00:00+00:00,0.02422,0.02427,0.02398,0.02403,2217563.6
2026-04-06 20:00:00+00:00,0.02403,0.0243,0.02345,0.02369,11222986.4
2026-04-07 00:00:00+00:00,0.02369,0.02376,0.02342,0.02367,2971597.9
2026-04-07 04:00:00+00:00,0.02367,0.02387,0.02348,0.02364,2512236.5
2026-04-07 08:00:00+00:00,0.02364,0.02387,0.02351,0.02357,4071014.9
2026-04-07 12:00:00+00:00,0.02357,0.02359,0.0233,0.02348,4381065.1
2026-04-07 16:00:00+00:00,0.02348,0.02391,0.02343,0.02389,2802245.8
2026-04-07 20:00:00+00:00,0.02389,0.02519,0.02389,0.02506,15329985.1
2026-04-08 00:00:00+00:00,0.02506,0.02513,0.02469,0.02478,5258789.0
2026-04-08 04:00:00+00:00,0.02478,0.02487,0.02471,0.02481,2637385.2
2026-04-08 08:00:00+00:00,0.02481,0.02494,0.02449,0.02455,4067135.8
2026-04-08 12:00:00+00:00,0.02455,0.02465,0.02406,0.0244,5895518.0
2026-04-08 16:00:00+00:00,0.0244,0.02446,0.02385,0.02397,6121597.1
2026-04-08 20:00:00+00:00,0.02397,0.02418,0.02373,0.02379,5412161.5
2026-04-09 00:00:00+00:00,0.02379,0.02425,0.02363,0.02421,4925629.8
2026-04-09 04:00:00+00:00,0.02421,0.02427,0.02396,0.0241,3631219.7
2026-04-09 08:00:00+00:00,0.0241,0.02422,0.02388,0.02396,5549829.2
2026-04-09 12:00:00+00:00,0.02396,0.02441,0.02384,0.02428,8835625.8
2026-04-09 16:00:00+00:00,0.02428,0.02439,0.02409,0.02425,3702612.1
2026-04-09 20:00:00+00:00,0.02425,0.02459,0.0241,0.0242,3861128.4
2026-04-10 00:00:00+00:00,0.0242,0.02438,0.02401,0.02409,4328609.9
2026-04-10 04:00:00+00:00,0.02409,0.02431,0.02392,0.02395,3637743.9
2026-04-10 08:00:00+00:00,0.02395,0.02413,0.0239,0.02399,4254719.2
2026-04-10 12:00:00+00:00,0.02399,0.02469,0.02396,0.02445,9624927.5
2026-04-10 16:00:00+00:00,0.02445,0.02463,0.02418,0.02461,6510980.7
2026-04-10 20:00:00+00:00,0.02461,0.02462,0.02429,0.02438,2805226.0
2026-04-11 00:00:00+00:00,0.02438,0.02443,0.02406,0.02427,2498678.3
2026-04-11 04:00:00+00:00,0.02427,0.02431,0.02399,0.02411,5983408.1
2026-04-11 08:00:00+00:00,0.02411,0.02419,0.02402,0.02404,1925941.7
2026-04-11 12:00:00+00:00,0.02404,0.02405,0.02382,0.02398,5344887.8
2026-04-11 16:00:00+00:00,0.02398,0.02441,0.02396,0.02439,4220013.0
2026-04-11 20:00:00+00:00,0.02439,0.02443,0.02404,0.02422,6004382.6
2026-04-12 00:00:00+00:00,0.02422,0.02425,0.02353,0.02365,6977739.2
2026-04-12 04:00:00+00:00,0.02365,0.02375,0.02356,0.02367,2927058.3
2026-04-12 08:00:00+00:00,0.02367,0.02372,0.02344,0.02359,4312899.2
2026-04-12 12:00:00+00:00,0.02359,0.02376,0.02346,0.02351,4282508.0
2026-04-12 16:00:00+00:00,0.02351,0.02374,0.02341,0.02357,3224594.4
2026-04-12 20:00:00+00:00,0.02357,0.02372,0.02342,0.02355,4195558.5
2026-04-13 00:00:00+00:00,0.02355,0.02372,0.02338,0.02348,3661385.4
2026-04-13 04:00:00+00:00,0.02348,0.02363,0.02333,0.02342,5337532.1
2026-04-13 08:00:00+00:00,0.02342,0.02366,0.02335,0.02352,3049816.8
2026-04-13 12:00:00+00:00,0.02352,0.02396,0.02345,0.02378,13361974.9
2026-04-13 16:00:00+00:00,0.02378,0.02423,0.02367,0.02416,7029938.6
2026-04-13 20:00:00+00:00,0.02416,0.02473,0.02396,0.02465,7061789.8
2026-04-14 00:00:00+00:00,0.02465,0.02473,0.02432,0.02438,4369690.3
2026-04-14 04:00:00+00:00,0.02438,0.02446,0.02401,0.02414,5228506.8
2026-04-14 08:00:00+00:00,0.02414,0.02426,0.02407,0.02412,4447277.6
2026-04-14 12:00:00+00:00,0.02412,0.0244,0.02396,0.02415,5242289.2
2026-04-14 16:00:00+00:00,0.02415,0.02426,0.02372,0.02388,6707001.0
2026-04-14 20:00:00+00:00,0.02388,0.02398,0.02382,0.02395,2664959.8
2026-04-15 00:00:00+00:00,0.02395,0.02414,0.0239,0.02398,2403626.4
2026-04-15 04:00:00+00:00,0.02398,0.02414,0.02374,0.0238,4671461.0
2026-04-15 08:00:00+00:00,0.0238,0.02418,0.02379,0.02413,2870215.0
2026-04-15 12:00:00+00:00,0.02413,0.02437,0.02405,0.02429,5375784.5
2026-04-15 16:00:00+00:00,0.02429,0.02471,0.02429,0.02465,4699774.7
2026-04-15 20:00:00+00:00,0.02465,0.02484,0.02454,0.02478,4351957.8
2026-04-16 00:00:00+00:00,0.02478,0.02533,0.02472,0.02524,5477463.7
2026-04-16 04:00:00+00:00,0.02524,0.02553,0.02506,0.02522,7337464.3
2026-04-16 08:00:00+00:00,0.02522,0.02525,0.02483,0.02492,3597796.5
2026-04-16 12:00:00+00:00,0.02492,0.02544,0.02463,0.02538,11576445.8
2026-04-16 16:00:00+00:00,0.02538,0.02594,0.0251,0.02591,7315582.5
2026-04-16 20:00:00+00:00,0.02591,0.02596,0.02532,0.02569,5501869.5
2026-04-17 00:00:00+00:00,0.02569,0.02573,0.02534,0.02558,6310198.5
2026-04-17 04:00:00+00:00,0.02558,0.02574,0.02523,0.02567,8362577.0
2026-04-17 08:00:00+00:00,0.02567,0.02574,0.02536,0.02572,6784170.1
2026-04-17 12:00:00+00:00,0.02572,0.02651,0.02564,0.02614,9988419.1
2026-04-17 16:00:00+00:00,0.02614,0.02648,0.02604,0.02619,5003109.6
2026-04-17 20:00:00+00:00,0.02619,0.02631,0.02586,0.02596,5532502.1
2026-04-18 00:00:00+00:00,0.02596,0.02603,0.02575,0.02576,2939371.8
2026-04-18 04:00:00+00:00,0.02576,0.02655,0.02569,0.02632,10086160.1
2026-04-18 08:00:00+00:00,0.02632,0.02638,0.02524,0.0254,11321674.8
2026-04-18 12:00:00+00:00,0.0254,0.02553,0.02518,0.02528,5082291.4
2026-04-18 16:00:00+00:00,0.02528,0.02541,0.02485,0.02501,11280020.2
2026-04-18 20:00:00+00:00,0.02501,0.02521,0.02479,0.02487,5690518.0
2026-04-19 00:00:00+00:00,0.02487,0.02488,0.0244,0.02452,6684719.9
2026-04-19 04:00:00+00:00,0.02452,0.02478,0.02446,0.02455,7596092.4
2026-04-19 08:00:00+00:00,0.02455,0.02483,0.02437,0.02482,4480979.1
2026-04-19 12:00:00+00:00,0.02482,0.02517,0.02471,0.025,7510671.2
2026-04-19 16:00:00+00:00,0.025,0.02501,0.02447,0.02486,5814900.5
2026-04-19 20:00:00+00:00,0.02486,0.02486,0.02415,0.02423,6995412.5
2026-04-20 00:00:00+00:00,0.02423,0.02457,0.0242,0.0245,7212925.2
2026-04-20 04:00:00+00:00,0.0245,0.02485,0.02433,0.02461,8009215.0
2026-04-20 08:00:00+00:00,0.02461,0.02486,0.02451,0.02469,4414339.8
2026-04-20 12:00:00+00:00,0.02469,0.02531,0.02465,0.02497,12454606.6
2026-04-20 16:00:00+00:00,0.02497,0.02555,0.02493,0.025,11989157.9
2026-04-20 20:00:00+00:00,0.025,0.02528,0.02487,0.02496,4153414.9
2026-04-21 00:00:00+00:00,0.02496,0.02561,0.02457,0.02473,15588141.6
2026-04-21 04:00:00+00:00,0.02473,0.02493,0.02462,0.02473,2975239.1
2026-04-21 08:00:00+00:00,0.02473,0.02501,0.02461,0.02485,3677691.9
2026-04-21 12:00:00+00:00,0.02485,0.0249,0.02451,0.02476,7130503.9
2026-04-21 16:00:00+00:00,0.02476,0.02483,0.02423,0.02433,14180896.9
2026-04-21 20:00:00+00:00,0.02433,0.02466,0.02431,0.02466,4338192.3
2026-04-22 00:00:00+00:00,0.02466,0.02506,0.02455,0.02494,5177911.5
2026-04-22 04:00:00+00:00,0.02494,0.02538,0.02494,0.02527,10275874.2
2026-04-22 08:00:00+00:00,0.02527,0.02541,0.02516,0.0253,3759901.3
2026-04-22 12:00:00+00:00,0.0253,0.02541,0.02508,0.02532,6799291.5
2026-04-22 16:00:00+00:00,0.02532,0.02542,0.02496,0.02505,8677533.6
2026-04-22 20:00:00+00:00,0.02505,0.02508,0.02463,0.02465,12852167.5
2026-04-23 00:00:00+00:00,0.02465,0.02476,0.02424,0.02432,11187219.6
2026-04-23 04:00:00+00:00,0.02432,0.02458,0.02424,0.02454,4748374.4
2026-04-23 08:00:00+00:00,0.02454,0.02456,0.0243,0.0245,3393202.3
2026-04-23 12:00:00+00:00,0.0245,0.02484,0.02443,0.02474,5940611.9
2026-04-23 16:00:00+00:00,0.02474,0.02476,0.02425,0.02442,12719659.8
2026-04-23 20:00:00+00:00,0.02442,0.02468,0.02442,0.02465,3323826.5
2026-04-24 00:00:00+00:00,0.02465,0.02477,0.02433,0.02444,5472642.6
2026-04-24 04:00:00+00:00,0.02444,0.02456,0.02436,0.02446,2390504.5
2026-04-24 08:00:00+00:00,0.02446,0.02473,0.02443,0.02468,5292629.2
2026-04-24 12:00:00+00:00,0.02468,0.02485,0.0245,0.02481,5005540.1
2026-04-24 16:00:00+00:00,0.02481,0.02496,0.02455,0.02495,7959176.3
2026-04-24 20:00:00+00:00,0.02495,0.02518,0.02469,0.02475,6043703.9
2026-04-25 00:00:00+00:00,0.02475,0.02545,0.0246,0.02542,9252107.8
2026-04-25 04:00:00+00:00,0.02542,0.02559,0.02512,0.02525,10965606.9
2026-04-25 08:00:00+00:00,0.02525,0.02552,0.02499,0.02505,8959050.3
2026-04-25 12:00:00+00:00,0.02505,0.02521,0.02487,0.02492,8265959.6
2026-04-25 16:00:00+00:00,0.02492,0.02496,0.02452,0.02457,7710202.5
2026-04-25 20:00:00+00:00,0.02457,0.02471,0.02451,0.02469,4012746.5
2026-04-26 00:00:00+00:00,0.02469,0.02472,0.02442,0.02456,3458203.8
2026-04-26 04:00:00+00:00,0.02456,0.025,0.02454,0.02495,3517336.8
2026-04-26 08:00:00+00:00,0.02495,0.02516,0.02484,0.02513,4495392.5
2026-04-26 12:00:00+00:00,0.02513,0.02516,0.02483,0.02506,3320302.9
2026-04-26 16:00:00+00:00,0.02506,0.02529,0.02488,0.0251,5068483.7
2026-04-26 20:00:00+00:00,0.0251,0.02516,0.02488,0.02501,3014975.4
2026-04-27 00:00:00+00:00,0.02501,0.02539,0.02493,0.02525,5041326.2
2026-04-27 04:00:00+00:00,0.02525,0.02529,0.02444,0.02448,9536032.0
2026-04-27 08:00:00+00:00,0.02448,0.02466,0.02444,0.02461,2972305.3
2026-04-27 12:00:00+00:00,0.02461,0.02479,0.02413,0.02434,8993668.7
2026-04-27 16:00:00+00:00,0.02434,0.02458,0.02428,0.0244,4834210.4
2026-04-27 20:00:00+00:00,0.0244,0.02468,0.02437,0.02465,3012520.9
2026-04-28 00:00:00+00:00,0.02465,0.02465,0.02443,0.02447,1777068.2
2026-04-28 04:00:00+00:00,0.02447,0.02466,0.02433,0.02442,2537524.9
2026-04-28 08:00:00+00:00,0.02442,0.02452,0.02425,0.02432,4524848.9
2026-04-28 12:00:00+00:00,0.02432,0.02453,0.02423,0.02443,10936617.9
2026-04-28 16:00:00+00:00,0.02443,0.02465,0.02438,0.02464,2897812.2
2026-04-28 20:00:00+00:00,0.02464,0.02476,0.02459,0.02465,2480842.6
2026-04-29 00:00:00+00:00,0.02465,0.02513,0.02463,0.0251,4984667.7
2026-04-29 04:00:00+00:00,0.0251,0.02532,0.02502,0.02503,8349360.7
2026-04-29 08:00:00+00:00,0.02503,0.02532,0.02488,0.02502,4495722.0
2026-04-29 12:00:00+00:00,0.02502,0.02503,0.02439,0.02445,12358342.9
2026-04-29 16:00:00+00:00,0.02445,0.02464,0.02382,0.02412,16634109.0
2026-04-29 20:00:00+00:00,0.02412,0.02439,0.02407,0.0243,6103596.9
2026-04-30 00:00:00+00:00,0.0243,0.02452,0.02404,0.02415,7147287.2
2026-04-30 04:00:00+00:00,0.02415,0.02427,0.02385,0.02424,6361278.8
2026-04-30 08:00:00+00:00,0.02424,0.02433,0.0241,0.02418,4011328.1
2026-04-30 12:00:00+00:00,0.02418,0.0243,0.02399,0.02417,5484525.0
2026-04-30 16:00:00+00:00,0.02417,0.02421,0.02402,0.02408,3724577.6
2026-04-30 20:00:00+00:00,0.02408,0.02412,0.02397,0.02408,3999768.8
2026-05-01 00:00:00+00:00,0.02408,0.02451,0.02407,0.0244,4639418.4
2026-05-01 04:00:00+00:00,0.0244,0.02447,0.02415,0.0242,3110583.3
2026-05-01 08:00:00+00:00,0.0242,0.02426,0.02401,0.02406,2407965.3
2026-05-01 12:00:00+00:00,0.02406,0.02439,0.02404,0.0242,7062624.8
2026-05-01 16:00:00+00:00,0.0242,0.0243,0.02415,0.02419,3711768.4
2026-05-01 20:00:00+00:00,0.02419,0.02421,0.02403,0.02411,3976976.0
2026-05-02 00:00:00+00:00,0.02411,0.02442,0.0241,0.02432,3689313.0
2026-05-02 04:00:00+00:00,0.02432,0.02432,0.02417,0.02425,3556081.8
2026-05-02 08:00:00+00:00,0.02425,0.02437,0.02418,0.02422,3503739.4
2026-05-02 12:00:00+00:00,0.02422,0.02457,0.02418,0.02453,3479122.7
2026-05-02 16:00:00+00:00,0.02453,0.02476,0.02444,0.02473,4450329.3
2026-05-02 20:00:00+00:00,0.02473,0.02505,0.02473,0.0248,5604685.6
2026-05-03 00:00:00+00:00,0.0248,0.02486,0.02434,0.02439,5767985.3
2026-05-03 04:00:00+00:00,0.02439,0.02451,0.02431,0.02444,2682674.8
2026-05-03 08:00:00+00:00,0.02444,0.02461,0.02435,0.02453,3234521.4
2026-05-03 12:00:00+00:00,0.02453,0.0247,0.02448,0.02454,4398582.0
2026-05-03 16:00:00+00:00,0.02454,0.02468,0.02449,0.02464,1674588.2
2026-05-03 20:00:00+00:00,0.02464,0.02476,0.02448,0.0245,3219953.1
2026-05-04 00:00:00+00:00,0.0245,0.02513,0.02432,0.02511,5583234.6
2026-05-04 04:00:00+00:00,0.02511,0.0252,0.02481,0.02487,4790806.5
2026-05-04 08:00:00+00:00,0.02487,0.02497,0.02433,0.02445,8063942.4
2026-05-04 12:00:00+00:00,0.02445,0.02474,0.02431,0.02451,8372151.6
2026-05-04 16:00:00+00:00,0.02451,0.02466,0.02437,0.02449,5947182.8
2026-05-04 20:00:00+00:00,0.02449,0.0246,0.02436,0.02444,3141891.4
2026-05-05 00:00:00+00:00,0.02444,0.02504,0.02441,0.02497,6345481.2
2026-05-05 04:00:00+00:00,0.02497,0.02509,0.02481,0.02502,3857850.0
2026-05-05 08:00:00+00:00,0.02502,0.02518,0.02487,0.02507,4409077.9
2026-05-05 12:00:00+00:00,0.02507,0.02525,0.02489,0.02499,9057686.5
2026-05-05 16:00:00+00:00,0.02499,0.02526,0.02488,0.02526,4086027.8
2026-05-05 20:00:00+00:00,0.02526,0.02578,0.02525,0.02573,15258864.2
2026-05-06 00:00:00+00:00,0.02573,0.02604,0.02541,0.026,11675105.1
2026-05-06 04:00:00+00:00,0.026,0.02638,0.02565,0.02625,11920809.2
2026-05-06 08:00:00+00:00,0.02625,0.02666,0.02621,0.02626,8648544.0
2026-05-06 12:00:00+00:00,0.02626,0.02659,0.02567,0.02628,32155094.2
2026-05-06 16:00:00+00:00,0.02628,0.02649,0.02602,0.02625,15440177.4
2026-05-06 20:00:00+00:00,0.02625,0.02665,0.02612,0.02649,6575534.4
2026-05-07 00:00:00+00:00,0.02649,0.0265,0.02581,0.02596,8834425.4
2026-05-07 04:00:00+00:00,0.02596,0.02665,0.02591,0.02659,7859565.6
2026-05-07 08:00:00+00:00,0.02659,0.02665,0.02611,0.0263,9357921.8
2026-05-07 12:00:00+00:00,0.0263,0.0266,0.02561,0.0258,15330973.6
2026-05-07 16:00:00+00:00,0.0258,0.02607,0.02566,0.02587,10547191.9
2026-05-07 20:00:00+00:00,0.02587,0.02606,0.02557,0.02598,12014785.7
2026-05-08 00:00:00+00:00,0.02598,0.02615,0.02578,0.02603,11174987.7
2026-05-08 04:00:00+00:00,0.02603,0.02643,0.02599,0.0264,10158469.5
2026-05-08 08:00:00+00:00,0.0264,0.02683,0.02627,0.02641,17204509.1
2026-05-08 12:00:00+00:00,0.02641,0.02697,0.02608,0.02696,16162191.2
2026-05-08 16:00:00+00:00,0.02696,0.02766,0.02695,0.02743,16753808.1
2026-05-08 20:00:00+00:00,0.02743,0.02799,0.02736,0.02753,15463449.3
2026-05-09 00:00:00+00:00,0.02753,0.02787,0.02746,0.02773,7709661.9
2026-05-09 04:00:00+00:00,0.02773,0.02776,0.02732,0.02737,8648854.5
2026-05-09 08:00:00+00:00,0.02737,0.02752,0.02707,0.02727,5797489.8
2026-05-09 12:00:00+00:00,0.02727,0.02729,0.0268,0.02681,4773880.4
2026-05-09 16:00:00+00:00,0.02681,0.02729,0.02669,0.02723,7038322.1
2026-05-09 20:00:00+00:00,0.02723,0.02726,0.02702,0.02711,2613594.4
2026-05-10 00:00:00+00:00,0.02711,0.02711,0.02663,0.02691,5323502.1
2026-05-10 04:00:00+00:00,0.02691,0.02757,0.02689,0.0274,9912332.5
2026-05-10 08:00:00+00:00,0.0274,0.0279,0.02737,0.02766,9478894.6
2026-05-10 12:00:00+00:00,0.02766,0.02838,0.02751,0.02815,34060211.9
2026-05-10 16:00:00+00:00,0.02815,0.0303,0.02806,0.02901,50090540.9
2026-05-10 20:00:00+00:00,0.02901,0.02919,0.02798,0.02852,20422467.9
2026-05-11 00:00:00+00:00,0.02852,0.02862,0.0274,0.02768,18207386.9
2026-05-11 04:00:00+00:00,0.02768,0.02812,0.02753,0.02789,5849741.2
2026-05-11 08:00:00+00:00,0.02789,0.02851,0.02784,0.02823,6627707.3
2026-05-11 12:00:00+00:00,0.02823,0.02878,0.02805,0.02864,13710542.5
2026-05-11 16:00:00+00:00,0.02864,0.02908,0.02852,0.02867,18752709.3
2026-05-11 20:00:00+00:00,0.02867,0.02877,0.02828,0.0284,5405166.9
2026-05-12 00:00:00+00:00,0.0284,0.02878,0.02788,0.02876,15454224.0
2026-05-12 04:00:00+00:00,0.02876,0.02906,0.02828,0.02872,11763893.2
2026-05-12 08:00:00+00:00,0.02872,0.0289,0.02824,0.02829,14292349.8
2026-05-12 12:00:00+00:00,0.02829,0.02943,0.02814,0.02834,39156218.0
2026-05-12 16:00:00+00:00,0.02834,0.0292,0.02792,0.02911,20052901.8
2026-05-12 20:00:00+00:00,0.02911,0.02983,0.02881,0.02889,25298161.1
2026-05-13 00:00:00+00:00,0.02889,0.02943,0.0288,0.02896,12939411.1
2026-05-13 04:00:00+00:00,0.02896,0.02912,0.0285,0.02869,10328349.7
2026-05-13 08:00:00+00:00,0.02869,0.02952,0.02861,0.02892,13857613.2
2026-05-13 12:00:00+00:00,0.02892,0.02927,0.02724,0.02732,35852261.5
2026-05-13 16:00:00+00:00,0.02732,0.02793,0.02722,0.0276,11247406.0
2026-05-13 20:00:00+00:00,0.0276,0.02783,0.02721,0.02742,8460986.3
2026-05-14 00:00:00+00:00,0.02742,0.02762,0.02681,0.02689,12121823.7
2026-05-14 04:00:00+00:00,0.02689,0.02767,0.02679,0.02763,6622510.5
2026-05-14 08:00:00+00:00,0.02763,0.02893,0.02755,0.02878,31706448.2
2026-05-14 12:00:00+00:00,0.02878,0.02939,0.02864,0.02889,48428766.9
2026-05-14 16:00:00+00:00,0.02889,0.0289,0.02812,0.02819,18840570.2
2026-05-14 20:00:00+00:00,0.02819,0.02822,0.0278,0.02793,9562138.7
2026-05-15 00:00:00+00:00,0.02793,0.02815,0.02759,0.0279,9616420.8
2026-05-15 04:00:00+00:00,0.0279,0.02794,0.02725,0.02775,9639509.1
2026-05-15 08:00:00+00:00,0.02775,0.02817,0.02757,0.02792,13771521.3
2026-05-15 12:00:00+00:00,0.02792,0.02807,0.02653,0.02686,24138209.7
2026-05-15 16:00:00+00:00,0.02686,0.02722,0.02676,0.02682,7992761.0
2026-05-15 20:00:00+00:00,0.02682,0.02698,0.02667,0.02694,4456565.6
2026-05-16 00:00:00+00:00,0.02694,0.02718,0.0267,0.02675,8059997.7
2026-05-16 04:00:00+00:00,0.02675,0.02675,0.02549,0.02562,15803662.1
2026-05-16 08:00:00+00:00,0.02562,0.02582,0.02523,0.02565,10494203.6
2026-05-16 12:00:00+00:00,0.02565,0.02581,0.02552,0.02575,3915453.6
2026-05-16 16:00:00+00:00,0.02575,0.02596,0.02568,0.02578,5019039.5
2026-05-16 20:00:00+00:00,0.02578,0.02579,0.02544,0.02546,1895349.5
2026-05-17 00:00:00+00:00,0.02546,0.02552,0.02513,0.02543,5115396.2
2026-05-17 04:00:00+00:00,0.02543,0.02559,0.02535,0.02544,2647269.5
2026-05-17 08:00:00+00:00,0.02544,0.02546,0.02527,0.02529,4714178.5
2026-05-17 12:00:00+00:00,0.02529,0.02549,0.02518,0.02539,6420629.8
2026-05-17 16:00:00+00:00,0.02539,0.02559,0.02508,0.02554,10179165.2
2026-05-17 20:00:00+00:00,0.02554,0.02558,0.02398,0.02464,20014800.8
2026-05-18 00:00:00+00:00,0.02464,0.02481,0.02433,0.0246,6108023.1
2026-05-18 04:00:00+00:00,0.0246,0.02472,0.02438,0.02456,7791530.3
2026-05-18 08:00:00+00:00,0.02456,0.02527,0.02445,0.02499,7861561.7
2026-05-18 12:00:00+00:00,0.02499,0.02534,0.02452,0.02472,12987653.6
2026-05-18 16:00:00+00:00,0.02472,0.02516,0.02443,0.02513,7429998.1
2026-05-18 20:00:00+00:00,0.02513,0.02543,0.025,0.02528,5885524.3
2026-05-19 00:00:00+00:00,0.02528,0.0254,0.0251,0.02511,3262551.3
2026-05-19 04:00:00+00:00,0.02511,0.02538,0.02506,0.02527,3324949.9
2026-05-19 08:00:00+00:00,0.02527,0.02528,0.02471,0.02473,5871222.3
2026-05-19 12:00:00+00:00,0.02473,0.02491,0.0244,0.02458,5888832.6
2026-05-19 16:00:00+00:00,0.02458,0.02484,0.02457,0.02466,3090349.2
2026-05-19 20:00:00+00:00,0.02466,0.02483,0.02451,0.02465,1446560.5
2026-05-20 00:00:00+00:00,0.02465,0.02476,0.02449,0.02466,3079231.2
2026-05-20 04:00:00+00:00,0.02466,0.02505,0.02466,0.02495,3108417.3
2026-05-20 08:00:00+00:00,0.02495,0.02502,0.02471,0.02472,2537177.4
2026-05-20 12:00:00+00:00,0.02472,0.02521,0.02466,0.02516,9069104.9
2026-05-20 16:00:00+00:00,0.02516,0.02531,0.02507,0.02519,5632230.5
2026-05-20 20:00:00+00:00,0.02519,0.02521,0.02487,0.02504,5444805.8
2026-05-21 00:00:00+00:00,0.02504,0.02574,0.02502,0.02573,4585780.7
2026-05-21 04:00:00+00:00,0.02573,0.0258,0.02527,0.02544,4630616.5
2026-05-21 08:00:00+00:00,0.02544,0.02569,0.02495,0.02499,6293510.9
2026-05-21 12:00:00+00:00,0.02499,0.02535,0.02494,0.02518,3117845.1
2026-05-21 16:00:00+00:00,0.02518,0.02558,0.02505,0.02544,3375049.8
2026-05-21 20:00:00+00:00,0.02544,0.02555,0.02523,0.02538,3082550.1
2026-05-22 00:00:00+00:00,0.02538,0.02577,0.02515,0.02572,3608659.8
2026-05-22 04:00:00+00:00,0.02572,0.0269,0.0257,0.02663,16432005.7
2026-05-22 08:00:00+00:00,0.02663,0.02754,0.02624,0.02752,21517774.5
2026-05-22 12:00:00+00:00,0.02752,0.0276,0.02635,0.02653,20327138.9
2026-05-22 16:00:00+00:00,0.02653,0.02662,0.02535,0.02561,15159978.3
2026-05-22 20:00:00+00:00,0.02561,0.02614,0.0255,0.02583,9339488.5
2026-05-23 00:00:00+00:00,0.02583,0.02659,0.02534,0.02647,13840882.0
2026-05-23 04:00:00+00:00,0.02647,0.02694,0.02524,0.02541,34449103.0
2026-05-23 08:00:00+00:00,0.02541,0.02565,0.02506,0.0254,14161487.6
2026-05-23 12:00:00+00:00,0.0254,0.02691,0.02507,0.02691,17833321.2
2026-05-23 16:00:00+00:00,0.02691,0.02774,0.02644,0.02749,18456278.0
2026-05-23 20:00:00+00:00,0.02749,0.02752,0.02661,0.02673,10428476.9
2026-05-24 00:00:00+00:00,0.02673,0.02688,0.02647,0.02672,7253715.7
2026-05-24 04:00:00+00:00,0.02672,0.0269,0.02644,0.02651,9906239.2
2026-05-24 08:00:00+00:00,0.02651,0.02658,0.02617,0.02621,5690596.6
2026-05-24 12:00:00+00:00,0.02621,0.02629,0.02564,0.02608,12133759.5
2026-05-24 16:00:00+00:00,0.02608,0.02617,0.02592,0.02599,4747273.8
2026-05-24 20:00:00+00:00,0.02599,0.02601,0.02526,0.02583,10173873.4
2026-05-25 00:00:00+00:00,0.02583,0.026,0.02568,0.02588,3253507.1
2026-05-25 04:00:00+00:00,0.02588,0.02657,0.02587,0.02629,7130466.3
2026-05-25 08:00:00+00:00,0.02629,0.02657,0.02626,0.02642,2891566.2
2026-05-25 12:00:00+00:00,0.02642,0.02704,0.02632,0.02694,9577176.1
2026-05-25 16:00:00+00:00,0.02694,0.02731,0.0268,0.02709,7755240.4
2026-05-25 20:00:00+00:00,0.02709,0.02834,0.02709,0.02765,32138725.1
2026-05-26 00:00:00+00:00,0.02765,0.0278,0.02664,0.02708,20353670.4
2026-05-26 04:00:00+00:00,0.02708,0.02916,0.02702,0.02819,64729532.1
2026-05-26 08:00:00+00:00,0.02819,0.02927,0.02801,0.02903,64201702.3
2026-05-26 12:00:00+00:00,0.02903,0.03003,0.02851,0.02898,75622212.7
2026-05-26 16:00:00+00:00,0.02898,0.02903,0.02776,0.02808,35676699.3
2026-05-26 20:00:00+00:00,0.02808,0.02854,0.02779,0.02807,15539129.4
2026-05-27 00:00:00+00:00,0.02807,0.02838,0.02746,0.02775,17895349.8
2026-05-27 04:00:00+00:00,0.02775,0.02874,0.02725,0.02854,18535482.0
2026-05-27 08:00:00+00:00,0.02854,0.02901,0.0279,0.02799,22698097.2
2026-05-27 12:00:00+00:00,0.02799,0.02889,0.02775,0.02834,26439055.8
2026-05-27 16:00:00+00:00,0.02834,0.02847,0.02753,0.02792,17971099.5
2026-05-27 20:00:00+00:00,0.02792,0.02941,0.027,0.02729,70627040.3
2026-05-28 00:00:00+00:00,0.02729,0.02737,0.02628,0.02635,23656933.7
2026-05-28 04:00:00+00:00,0.02635,0.02665,0.02595,0.02651,18038873.4
2026-05-28 08:00:00+00:00,0.02651,0.02655,0.02578,0.02594,12931263.0
2026-05-28 12:00:00+00:00,0.02594,0.02636,0.02567,0.02607,19734656.0
2026-05-28 16:00:00+00:00,0.02607,0.02681,0.02578,0.02627,13281607.9
2026-05-28 20:00:00+00:00,0.02627,0.02665,0.02611,0.02662,7615587.1
2026-05-29 00:00:00+00:00,0.02662,0.02753,0.02629,0.02636,18886748.8
2026-05-29 04:00:00+00:00,0.02636,0.02658,0.026,0.02628,16861929.9
2026-05-29 08:00:00+00:00,0.02628,0.02667,0.02565,0.02587,17782529.4
2026-05-29 12:00:00+00:00,0.02587,0.02659,0.02512,0.02633,22923692.5
2026-05-29 16:00:00+00:00,0.02633,0.02657,0.02585,0.02603,19469312.2
2026-05-29 20:00:00+00:00,0.02603,0.02619,0.02563,0.02595,7721958.8
2026-05-30 00:00:00+00:00,0.02595,0.0266,0.02571,0.02615,10043022.9
2026-05-30 04:00:00+00:00,0.02615,0.02621,0.02561,0.0258,10641055.2
2026-05-30 08:00:00+00:00,0.0258,0.02583,0.02562,0.02567,6716760.0
2026-05-30 12:00:00+00:00,0.02567,0.02714,0.02563,0.02659,17975245.0
2026-05-30 16:00:00+00:00,0.02659,0.02682,0.02616,0.02626,11310431.1
2026-05-30 20:00:00+00:00,0.02626,0.02672,0.02618,0.02645,13156085.8
2026-05-31 00:00:00+00:00,0.02645,0.02653,0.02611,0.02622,8940823.9
2026-05-31 04:00:00+00:00,0.02622,0.02642,0.02584,0.02588,7374985.0
2026-05-31 08:00:00+00:00,0.02588,0.02601,0.02564,0.02584,5584679.8
2026-05-31 12:00:00+00:00,0.02584,0.026,0.02534,0.02538,9818516.4
2026-05-31 16:00:00+00:00,0.02538,0.02561,0.0253,0.02557,5782578.2
2026-05-31 20:00:00+00:00,0.02557,0.02611,0.02557,0.02598,5144545.6
2026-06-01 00:00:00+00:00,0.02598,0.02694,0.02576,0.02657,13189375.8
2026-06-01 04:00:00+00:00,0.02657,0.02668,0.02524,0.02525,14973738.9
2026-06-01 08:00:00+00:00,0.02525,0.02539,0.02506,0.02517,9229542.2
2026-06-01 12:00:00+00:00,0.02517,0.02532,0.02469,0.02484,16642518.1
2026-06-01 16:00:00+00:00,0.02484,0.02578,0.02466,0.02562,14134735.8
2026-06-01 20:00:00+00:00,0.02562,0.02566,0.02491,0.02515,11325456.2
2026-06-02 00:00:00+00:00,0.02515,0.02519,0.02423,0.02514,11721915.8
2026-06-02 04:00:00+00:00,0.02514,0.0252,0.02434,0.02444,10484222.2
2026-06-02 08:00:00+00:00,0.02444,0.02471,0.02414,0.02458,8863874.2
2026-06-02 12:00:00+00:00,0.02458,0.02494,0.02327,0.02361,30069670.9
2026-06-02 16:00:00+00:00,0.02361,0.02397,0.02283,0.02331,12210593.7
2026-06-02 20:00:00+00:00,0.02331,0.02371,0.02237,0.02303,15504953.3
2026-06-03 00:00:00+00:00,0.02303,0.0234,0.02258,0.02266,10085299.6
2026-06-03 04:00:00+00:00,0.02266,0.02397,0.02266,0.02382,13674991.8
2026-06-03 08:00:00+00:00,0.02382,0.02443,0.02361,0.02396,14874249.8
2026-06-03 12:00:00+00:00,0.02396,0.02429,0.02364,0.02364,16789679.2
2026-06-03 16:00:00+00:00,0.02364,0.02369,0.02293,0.02305,13261980.2
2026-06-03 20:00:00+00:00,0.02305,0.02378,0.02275,0.0231,11518310.9
2026-06-04 00:00:00+00:00,0.0231,0.02325,0.02109,0.02251,37690383.4
2026-06-04 04:00:00+00:00,0.02251,0.02263,0.02173,0.02173,9210291.9
2026-06-04 08:00:00+00:00,0.02173,0.02195,0.02119,0.02169,19145979.8
2026-06-04 12:00:00+00:00,0.02169,0.02277,0.02152,0.02249,12434241.9
2026-06-04 16:00:00+00:00,0.02249,0.02249,0.02192,0.022,6682201.4
2026-06-04 20:00:00+00:00,0.022,0.02202,0.02125,0.02174,5618294.7
2026-06-05 00:00:00+00:00,0.02174,0.02183,0.02096,0.02101,12706261.6
2026-06-05 04:00:00+00:00,0.02101,0.02133,0.01964,0.02064,20920418.8
2026-06-05 08:00:00+00:00,0.02064,0.02083,0.02018,0.02022,11742754.9
2026-06-05 12:00:00+00:00,0.02022,0.02043,0.01944,0.01968,21186344.7
2026-06-05 16:00:00+00:00,0.01968,0.0203,0.01913,0.01971,23378967.6
2026-06-05 20:00:00+00:00,0.01971,0.02052,0.01946,0.02005,12525154.4
2026-06-06 00:00:00+00:00,0.02005,0.02021,0.0195,0.01956,6830919.9
2026-06-06 04:00:00+00:00,0.01956,0.01973,0.01877,0.01963,15653950.0
2026-06-06 08:00:00+00:00,0.01963,0.0199,0.01922,0.01954,7057604.4
2026-06-06 12:00:00+00:00,0.01954,0.01977,0.01939,0.01957,7372301.5
2026-06-06 16:00:00+00:00,0.01957,0.0197,0.01937,0.01949,6837908.5
2026-06-06 20:00:00+00:00,0.01949,0.01979,0.01945,0.01976,3761401.2
2026-06-07 00:00:00+00:00,0.01976,0.02017,0.01958,0.01995,5609680.4
2026-06-07 04:00:00+00:00,0.01995,0.0202,0.01987,0.0201,6190008.2
2026-06-07 08:00:00+00:00,0.0201,0.02055,0.01988,0.02006,8512608.9
2026-06-07 12:00:00+00:00,0.02006,0.02006,0.01954,0.01998,8036155.3
2026-06-07 16:00:00+00:00,0.01998,0.02009,0.01939,0.01951,5546749.6
2026-06-07 20:00:00+00:00,0.01951,0.02057,0.01945,0.02008,10078173.1
2026-06-08 00:00:00+00:00,0.02008,0.0203,0.01979,0.02005,4937427.2
2026-06-08 04:00:00+00:00,0.02005,0.02009,0.01968,0.02003,4083061.3
2026-06-08 08:00:00+00:00,0.02003,0.02032,0.01969,0.02021,6901617.4
2026-06-08 12:00:00+00:00,0.02021,0.02042,0.02001,0.02023,5171127.0
2026-06-08 16:00:00+00:00,0.02023,0.0204,0.02009,0.0202,4424040.2
2026-06-08 20:00:00+00:00,0.0202,0.02036,0.01979,0.01996,3181739.0
2026-06-09 00:00:00+00:00,0.01996,0.01997,0.01953,0.01972,6428551.1
2026-06-09 04:00:00+00:00,0.01972,0.02006,0.01965,0.01986,2894192.7
2026-06-09 08:00:00+00:00,0.01986,0.01991,0.01969,0.01989,3680207.1
2026-06-09 12:00:00+00:00,0.01989,0.02011,0.01935,0.01941,8707764.4
2026-06-09 16:00:00+00:00,0.01941,0.01988,0.01902,0.01984,8591776.3
2026-06-09 20:00:00+00:00,0.01984,0.01997,0.01949,0.01955,3910560.4
2026-06-10 00:00:00+00:00,0.01955,0.01963,0.01914,0.01923,4689132.3
2026-06-10 04:00:00+00:00,0.01923,0.01933,0.01906,0.01924,3787240.4
2026-06-10 08:00:00+00:00,0.01924,0.01926,0.01874,0.01883,8781089.2
2026-06-10 12:00:00+00:00,0.01883,0.01947,0.01878,0.01927,8184244.9
2026-06-10 16:00:00+00:00,0.01927,0.01941,0.01879,0.01883,4011636.3
2026-06-10 20:00:00+00:00,0.01883,0.01888,0.01841,0.01871,12467005.8
2026-06-11 00:00:00+00:00,0.01871,0.01928,0.0187,0.01922,6798605.7
2026-06-11 04:00:00+00:00,0.01922,0.01932,0.01907,0.01922,4522094.4
2026-06-11 08:00:00+00:00,0.01922,0.01939,0.01912,0.01933,5053916.8
2026-06-11 12:00:00+00:00,0.01933,0.01933,0.01894,0.01919,8242282.9
2026-06-11 16:00:00+00:00,0.01919,0.01979,0.01903,0.01963,10432527.6
2026-06-11 20:00:00+00:00,0.01963,0.01974,0.01948,0.01972,3564810.7
2026-06-12 00:00:00+00:00,0.01972,0.02,0.01966,0.01988,6181784.0
2026-06-12 04:00:00+00:00,0.01988,0.01999,0.01953,0.01964,2972383.9
2026-06-12 08:00:00+00:00,0.01964,0.01994,0.01963,0.01972,3514314.4
2026-06-12 12:00:00+00:00,0.01972,0.01991,0.01939,0.01959,15991424.3
2026-06-12 16:00:00+00:00,0.01959,0.01984,0.01953,0.01984,5188904.7
2026-06-12 20:00:00+00:00,0.01984,0.02007,0.0197,0.01993,7716913.4
2026-06-13 00:00:00+00:00,0.01993,0.02005,0.01965,0.01969,6128362.8
2026-06-13 04:00:00+00:00,0.01969,0.02002,0.01954,0.01993,8403459.9
2026-06-13 08:00:00+00:00,0.01993,0.02006,0.01985,0.01995,2950476.4
2026-06-13 12:00:00+00:00,0.01995,0.02023,0.01983,0.02003,6203556.7
2026-06-13 16:00:00+00:00,0.02003,0.02003,0.01975,0.01986,5031730.8
2026-06-13 20:00:00+00:00,0.01986,0.02006,0.01981,0.01999,2703409.6
2026-06-14 00:00:00+00:00,0.01999,0.02011,0.01989,0.02001,2323896.4
2026-06-14 04:00:00+00:00,0.02001,0.02001,0.0197,0.01985,3251082.8
2026-06-14 08:00:00+00:00,0.01985,0.01994,0.01977,0.01993,3895319.0
2026-06-14 12:00:00+00:00,0.01993,0.02015,0.01943,0.01961,12679013.1
2026-06-14 16:00:00+00:00,0.01961,0.0197,0.0194,0.01948,3336916.6
2026-06-14 20:00:00+00:00,0.01948,0.02027,0.01944,0.02011,7176680.8
2026-06-15 00:00:00+00:00,0.02011,0.02068,0.01995,0.02065,7839019.9
2026-06-15 04:00:00+00:00,0.02065,0.02115,0.02052,0.0208,12429745.4
2026-06-15 08:00:00+00:00,0.0208,0.02147,0.02056,0.02117,10065114.3
2026-06-15 12:00:00+00:00,0.02117,0.02125,0.02058,0.02092,16265850.5
2026-06-15 16:00:00+00:00,0.02092,0.02099,0.02029,0.0204,8287153.5
2026-06-15 20:00:00+00:00,0.0204,0.02068,0.02011,0.02033,17083110.5
2026-06-16 00:00:00+00:00,0.02033,0.02044,0.01997,0.02037,8943430.1
2026-06-16 04:00:00+00:00,0.02037,0.02037,0.02016,0.02027,3562799.9
2026-06-16 08:00:00+00:00,0.02027,0.02055,0.01996,0.02005,11076446.5
2026-06-16 12:00:00+00:00,0.02005,0.02023,0.01957,0.01976,13029258.3
2026-06-16 16:00:00+00:00,0.01976,0.02011,0.01967,0.0198,5288800.6
2026-06-16 20:00:00+00:00,0.0198,0.01999,0.01976,0.01992,2906407.8
2026-06-17 00:00:00+00:00,0.01992,0.02044,0.01988,0.02005,8931424.9
2026-06-17 04:00:00+00:00,0.02005,0.02025,0.01985,0.01997,2632722.8
2026-06-17 08:00:00+00:00,0.01997,0.01997,0.01963,0.01973,5502919.5
2026-06-17 12:00:00+00:00,0.01973,0.02014,0.01964,0.02012,8559590.4
2026-06-17 16:00:00+00:00,0.02012,0.02029,0.01928,0.01938,15224302.7
2026-06-17 20:00:00+00:00,0.01938,0.01956,0.01921,0.01949,6470621.6
2026-06-18 00:00:00+00:00,0.01949,0.01961,0.01928,0.01931,5771156.1
2026-06-18 04:00:00+00:00,0.01931,0.01936,0.01893,0.01934,4805572.7
2026-06-18 08:00:00+00:00,0.01934,0.01939,0.01915,0.01923,2399752.1
2026-06-18 12:00:00+00:00,0.01923,0.01945,0.01854,0.01858,14129572.2
2026-06-18 16:00:00+00:00,0.01858,0.01929,0.01855,0.01925,6563918.0
2026-06-18 20:00:00+00:00,0.01925,0.01954,0.01917,0.01954,3728453.0
2026-06-19 00:00:00+00:00,0.01954,0.02008,0.01946,0.01979,10644001.0
2026-06-19 04:00:00+00:00,0.01979,0.01982,0.01922,0.01931,7136898.8
2026-06-19 08:00:00+00:00,0.01931,0.01939,0.01905,0.01931,4891098.8
2026-06-19 12:00:00+00:00,0.01931,0.01998,0.01922,0.01969,7844032.9
2026-06-19 16:00:00+00:00,0.01969,0.01985,0.01937,0.01938,4542998.1
2026-06-19 20:00:00+00:00,0.01938,0.01947,0.01914,0.01941,4979620.0
2026-06-20 00:00:00+00:00,0.01941,0.01953,0.01902,0.01925,4076997.1
2026-06-20 04:00:00+00:00,0.01925,0.01945,0.01922,0.01935,2465897.7
2026-06-20 08:00:00+00:00,0.01935,0.01973,0.01931,0.01963,4539025.9
2026-06-20 12:00:00+00:00,0.01963,0.01984,0.01924,0.01957,7697443.2
2026-06-20 16:00:00+00:00,0.01957,0.01962,0.01933,0.01954,2736911.2
2026-06-20 20:00:00+00:00,0.01954,0.01988,0.0195,0.01985,2532687.4
2026-06-21 00:00:00+00:00,0.01985,0.02007,0.01981,0.01988,3621755.8
2026-06-21 04:00:00+00:00,0.01988,0.02017,0.01977,0.01994,2841869.6
2026-06-21 08:00:00+00:00,0.01994,0.02057,0.01982,0.02005,5578341.5
2026-06-21 12:00:00+00:00,0.02005,0.02018,0.01988,0.02001,3715966.7
2026-06-21 16:00:00+00:00,0.02001,0.02016,0.01975,0.01994,2580967.2
2026-06-21 20:00:00+00:00,0.01994,0.01997,0.01943,0.01945,4782887.9
2026-06-22 00:00:00+00:00,0.01945,0.01995,0.01943,0.01968,3015029.9
2026-06-22 04:00:00+00:00,0.01968,0.02011,0.01965,0.01983,6362003.9
2026-06-22 08:00:00+00:00,0.01983,0.02003,0.01967,0.02,4383915.9
2026-06-22 12:00:00+00:00,0.02,0.02012,0.01968,0.01974,8006002.3
2026-06-22 16:00:00+00:00,0.01974,0.01976,0.01946,0.0195,5049255.1
2026-06-22 20:00:00+00:00,0.0195,0.01968,0.01923,0.01939,7629115.0
2026-06-23 00:00:00+00:00,0.01939,0.01942,0.01919,0.01942,2631892.1
2026-06-23 04:00:00+00:00,0.01942,0.01947,0.01881,0.01892,7134659.1
2026-06-23 08:00:00+00:00,0.01892,0.01906,0.01844,0.01902,12929006.7
2026-06-23 12:00:00+00:00,0.01902,0.01925,0.01884,0.01892,5675921.6
2026-06-23 16:00:00+00:00,0.01892,0.01905,0.01874,0.01889,2729777.1
2026-06-23 20:00:00+00:00,0.01889,0.01911,0.01888,0.019,1500894.6
2026-06-24 00:00:00+00:00,0.019,0.0191,0.0189,0.01898,4842558.7
2026-06-24 04:00:00+00:00,0.01898,0.0191,0.01881,0.01893,2422452.8
2026-06-24 08:00:00+00:00,0.01893,0.01897,0.01854,0.01884,6421458.6
2026-06-24 12:00:00+00:00,0.01884,0.01888,0.01808,0.01814,10312317.6
2026-06-24 16:00:00+00:00,0.01814,0.01832,0.01749,0.0181,12050667.8
2026-06-24 20:00:00+00:00,0.0181,0.01857,0.01806,0.01843,3858003.0
2026-06-25 00:00:00+00:00,0.01843,0.01858,0.01833,0.01837,4125065.8
2026-06-25 04:00:00+00:00,0.01837,0.01873,0.01831,0.01863,3289866.3
2026-06-25 08:00:00+00:00,0.01863,0.01863,0.01831,0.01837,4613807.2
2026-06-25 12:00:00+00:00,0.01837,0.01852,0.01702,0.01778,18432371.3
2026-06-25 16:00:00+00:00,0.01778,0.01798,0.01761,0.01769,4633278.8
2026-06-25 20:00:00+00:00,0.01769,0.01806,0.01769,0.01802,5385821.6
2026-06-26 00:00:00+00:00,0.01802,0.01807,0.01729,0.01785,9498295.7
2026-06-26 04:00:00+00:00,0.01785,0.01811,0.01762,0.018,2813497.4
2026-06-26 08:00:00+00:00,0.018,0.01802,0.01748,0.01753,6067289.1
2026-06-26 12:00:00+00:00,0.01753,0.01813,0.01729,0.01797,8803796.9
2026-06-26 16:00:00+00:00,0.01797,0.01832,0.01787,0.01808,5482155.4
2026-06-26 20:00:00+00:00,0.01808,0.01829,0.01789,0.018,3921340.7
2026-06-27 00:00:00+00:00,0.018,0.01811,0.01788,0.01793,3414861.0
2026-06-27 04:00:00+00:00,0.01793,0.01802,0.01783,0.01794,1767808.0
2026-06-27 08:00:00+00:00,0.01794,0.01812,0.01785,0.01804,4721592.6
2026-06-27 12:00:00+00:00,0.01804,0.01835,0.018,0.01832,3246307.2
2026-06-27 16:00:00+00:00,0.01832,0.01835,0.01767,0.01777,2979782.8
2026-06-27 20:00:00+00:00,0.01777,0.01787,0.01758,0.01767,3015317.7
2026-06-28 00:00:00+00:00,0.01767,0.01776,0.01752,0.01764,3311411.3
2026-06-28 04:00:00+00:00,0.01764,0.01773,0.01748,0.01759,1876788.6
2026-06-28 08:00:00+00:00,0.01759,0.01782,0.01754,0.01773,5255610.8
2026-06-28 12:00:00+00:00,0.01773,0.01798,0.01765,0.01797,4721180.7
2026-06-28 16:00:00+00:00,0.01797,0.01798,0.01745,0.01754,4035004.7
2026-06-28 20:00:00+00:00,0.01754,0.0177,0.01732,0.0176,3018658.5
2026-06-29 00:00:00+00:00,0.0176,0.01795,0.01738,0.01789,3544473.2
2026-06-29 04:00:00+00:00,0.01789,0.01802,0.0176,0.0178,7523308.1
2026-06-29 08:00:00+00:00,0.0178,0.0184,0.01773,0.01822,17615073.8
2026-06-29 12:00:00+00:00,0.01822,0.01856,0.01784,0.01812,12938177.8
2026-06-29 16:00:00+00:00,0.01812,0.01851,0.01805,0.01809,3851247.5
2026-06-29 20:00:00+00:00,0.01809,0.01812,0.01786,0.01789,1950903.1
2026-06-30 00:00:00+00:00,0.01789,0.01801,0.0177,0.01793,3189786.4
2026-06-30 04:00:00+00:00,0.01793,0.01822,0.01787,0.0179,5128853.6
2026-06-30 08:00:00+00:00,0.0179,0.01791,0.01764,0.01767,4152609.3
2026-06-30 12:00:00+00:00,0.01767,0.01776,0.01736,0.01746,5741192.6
2026-06-30 16:00:00+00:00,0.01746,0.01775,0.01741,0.01755,3928571.2
2026-06-30 20:00:00+00:00,0.01755,0.01767,0.01731,0.01767,9441861.6
2026-07-01 00:00:00+00:00,0.01767,0.01805,0.01736,0.01793,7660119.6
2026-07-01 04:00:00+00:00,0.01793,0.01799,0.01749,0.01757,3558466.7
2026-07-01 08:00:00+00:00,0.01757,0.01775,0.01749,0.01753,2296142.5
2026-07-01 12:00:00+00:00,0.01753,0.01792,0.01715,0.01778,8610693.8
2026-07-01 16:00:00+00:00,0.01778,0.01782,0.01759,0.01759,4291376.5
2026-07-01 20:00:00+00:00,0.01759,0.01801,0.01755,0.0177,8734809.1
2026-07-02 00:00:00+00:00,0.0177,0.01791,0.01758,0.0179,8243459.7
2026-07-02 04:00:00+00:00,0.0179,0.01794,0.0177,0.01786,3693864.8
2026-07-02 08:00:00+00:00,0.01786,0.01829,0.01781,0.01821,9592091.4
2026-07-02 12:00:00+00:00,0.01821,0.01842,0.01811,0.01815,9913160.1
2026-07-02 16:00:00+00:00,0.01815,0.0182,0.01799,0.01805,6123833.0
2026-07-02 20:00:00+00:00,0.01805,0.01821,0.01796,0.01811,8487023.1
2026-07-03 00:00:00+00:00,0.01811,0.01892,0.01805,0.01884,10209511.2
2026-07-03 04:00:00+00:00,0.01884,0.01887,0.01843,0.01853,8213799.4
2026-07-03 08:00:00+00:00,0.01853,0.01883,0.01847,0.0187,7386634.8
2026-07-03 12:00:00+00:00,0.0187,0.0188,0.01854,0.01866,3070325.3
2026-07-03 16:00:00+00:00,0.01866,0.01885,0.01861,0.01877,4771501.8
2026-07-03 20:00:00+00:00,0.01877,0.01945,0.01875,0.0193,37907221.1
2026-07-04 00:00:00+00:00,0.0193,0.01937,0.01887,0.01888,17431904.6
2026-07-04 04:00:00+00:00,0.01888,0.01911,0.01886,0.01898,12037644.8
2026-07-04 08:00:00+00:00,0.01898,0.01913,0.01875,0.01894,24626561.0
2026-07-04 12:00:00+00:00,0.01894,0.01909,0.01886,0.019,10391128.6
2026-07-04 16:00:00+00:00,0.019,0.01922,0.01896,0.01901,10127990.3
2026-07-04 20:00:00+00:00,0.01901,0.01907,0.01872,0.01878,10074202.2
2026-07-05 00:00:00+00:00,0.01878,0.01887,0.01845,0.01851,12291672.6
2026-07-05 04:00:00+00:00,0.01851,0.01861,0.01844,0.01855,5038196.7
2026-07-05 08:00:00+00:00,0.01855,0.01855,0.01822,0.01835,7252747.7
2026-07-05 12:00:00+00:00,0.01835,0.0186,0.01827,0.01853,4014169.6
2026-07-05 16:00:00+00:00,0.01853,0.01854,0.01838,0.0184,5200940.1
2026-07-05 20:00:00+00:00,0.0184,0.01873,0.01835,0.01865,5867509.2
2026-07-06 00:00:00+00:00,0.01865,0.01898,0.01848,0.0188,10390075.8
2026-07-06 04:00:00+00:00,0.0188,0.019,0.01819,0.01841,10821984.6
2026-07-06 08:00:00+00:00,0.01841,0.01846,0.01831,0.01831,3203444.8
2026-07-06 12:00:00+00:00,0.01831,0.01863,0.01796,0.01861,13285033.1
2026-07-06 16:00:00+00:00,0.01861,0.01907,0.01852,0.01855,17942853.2
2026-07-06 20:00:00+00:00,0.01855,0.01875,0.01838,0.0184,6897830.3
2026-07-07 00:00:00+00:00,0.0184,0.01841,0.01802,0.01803,4730774.8
2026-07-07 04:00:00+00:00,0.01803,0.01813,0.01788,0.01798,6263990.4
2026-07-07 08:00:00+00:00,0.01798,0.01819,0.01794,0.01811,5784310.0
2026-07-07 12:00:00+00:00,0.01811,0.01822,0.01781,0.01815,5965032.5
2026-07-07 16:00:00+00:00,0.01815,0.01823,0.01775,0.01788,6397372.8
2026-07-07 20:00:00+00:00,0.01788,0.01794,0.01769,0.01779,3468138.7
2026-07-08 00:00:00+00:00,0.01779,0.01793,0.01739,0.01777,9718054.7
2026-07-08 04:00:00+00:00,0.01777,0.0178,0.01764,0.01771,3211238.8
2026-07-08 08:00:00+00:00,0.01771,0.01771,0.01738,0.01754,13237539.7
2026-07-08 12:00:00+00:00,0.01754,0.01758,0.01729,0.01731,11976635.4
2026-07-08 16:00:00+00:00,0.01731,0.01757,0.01728,0.01741,7809330.4
2026-07-08 20:00:00+00:00,0.01741,0.01751,0.01732,0.01749,2756150.7
2026-07-09 00:00:00+00:00,0.01749,0.01776,0.01728,0.01737,4920787.1
2026-07-09 04:00:00+00:00,0.01737,0.01769,0.01735,0.0176,2992775.9
2026-07-09 08:00:00+00:00,0.0176,0.01761,0.01742,0.01755,4518512.1
2026-07-09 12:00:00+00:00,0.01755,0.01761,0.01743,0.01752,3573852.1
2026-07-09 16:00:00+00:00,0.01752,0.01768,0.01739,0.01756,4731672.9
2026-07-09 20:00:00+00:00,0.01756,0.01758,0.01738,0.01742,2044578.1
2026-07-10 00:00:00+00:00,0.01742,0.01773,0.01733,0.01765,4253821.8
2026-07-10 04:00:00+00:00,0.01765,0.01776,0.01761,0.01764,4146609.7
2026-07-10 08:00:00+00:00,0.01764,0.01806,0.01764,0.01793,9793119.1
2026-07-10 12:00:00+00:00,0.01793,0.01801,0.01757,0.01774,7484575.9
2026-07-10 16:00:00+00:00,0.01774,0.01781,0.0176,0.01765,2893629.9
2026-07-10 20:00:00+00:00,0.01765,0.0177,0.01753,0.01762,2561756.0
2026-07-11 00:00:00+00:00,0.01762,0.01778,0.01746,0.01775,6263128.4
2026-07-11 04:00:00+00:00,0.01775,0.01779,0.01758,0.01763,6112366.8
2026-07-11 08:00:00+00:00,0.01763,0.01789,0.01762,0.01786,5124903.9
2026-07-11 12:00:00+00:00,0.01786,0.01814,0.01786,0.01789,8866745.4
2026-07-11 16:00:00+00:00,0.01789,0.01809,0.01787,0.01799,2164993.4
2026-07-11 20:00:00+00:00,0.01799,0.018,0.01748,0.0175,4049450.7
2026-07-12 00:00:00+00:00,0.0175,0.01774,0.01744,0.01771,4577957.7
2026-07-12 04:00:00+00:00,0.01771,0.01776,0.01746,0.01749,2479109.0
2026-07-12 08:00:00+00:00,0.01749,0.01761,0.01744,0.01761,1570608.9
2026-07-12 12:00:00+00:00,0.01761,0.01766,0.01752,0.01762,1939067.1
2026-07-12 16:00:00+00:00,0.01762,0.01763,0.0175,0.01758,2131173.1
2026-07-12 20:00:00+00:00,0.01758,0.01761,0.01736,0.01743,3180234.9
2026-07-13 00:00:00+00:00,0.01743,0.0177,0.0169,0.0171,14810851.8
2026-07-13 04:00:00+00:00,0.0171,0.01734,0.01707,0.01732,3600017.3
2026-07-13 08:00:00+00:00,0.01732,0.01734,0.0172,0.01724,5254718.5
2026-07-13 12:00:00+00:00,0.01724,0.01731,0.01711,0.01718,5266272.9
2026-07-13 16:00:00+00:00,0.01718,0.01722,0.01699,0.01711,6120969.2
2026-07-13 20:00:00+00:00,0.01711,0.01722,0.01692,0.01719,3437787.8
2026-07-14 00:00:00+00:00,0.01719,0.01742,0.01715,0.01724,3305181.5
2026-07-14 04:00:00+00:00,0.01724,0.01779,0.01724,0.01736,8717975.3
2026-07-14 08:00:00+00:00,0.01736,0.01741,0.01729,0.0174,3343001.0
2026-07-14 12:00:00+00:00,0.0174,0.01776,0.01729,0.01765,8794660.0
2026-07-14 16:00:00+00:00,0.01765,0.01768,0.01753,0.0176,4585346.6
2026-07-14 20:00:00+00:00,0.0176,0.01769,0.01753,0.01761,1912427.3
2026-07-15 00:00:00+00:00,0.01761,0.01794,0.01761,0.01788,2557088.1
2026-07-15 04:00:00+00:00,0.01788,0.01795,0.01764,0.01767,4787163.5
2026-07-15 08:00:00+00:00,0.01767,0.01782,0.01764,0.0177,2997006.9
2026-07-15 12:00:00+00:00,0.0177,0.01793,0.01767,0.01777,5612971.4
2026-07-15 16:00:00+00:00,0.01777,0.01784,0.01761,0.01766,4661540.3
2026-07-15 20:00:00+00:00,0.01766,0.01781,0.01765,0.01769,2007165.8
2026-07-16 00:00:00+00:00,0.01769,0.01785,0.01764,0.01774,1871928.4
2026-07-16 04:00:00+00:00,0.01774,0.01785,0.01754,0.01756,3569731.4
2026-07-16 08:00:00+00:00,0.01756,0.01757,0.01716,0.01741,12239439.9
2026-07-16 12:00:00+00:00,0.01741,0.01759,0.01733,0.01748,6049328.2
2026-07-16 16:00:00+00:00,0.01748,0.01749,0.0173,0.01733,2932735.9
2026-07-16 20:00:00+00:00,0.01733,0.0174,0.01712,0.01718,3856462.7
2026-07-17 00:00:00+00:00,0.01718,0.01727,0.01705,0.01721,4152605.9
2026-07-17 04:00:00+00:00,0.01721,0.01724,0.01701,0.01702,3422005.2
2026-07-17 08:00:00+00:00,0.01702,0.01725,0.017,0.01718,2719826.0
2026-07-17 12:00:00+00:00,0.01718,0.01718,0.01687,0.01717,7518802.6
2026-07-17 16:00:00+00:00,0.01717,0.01737,0.01713,0.01723,5489119.4
2026-07-17 20:00:00+00:00,0.01723,0.01723,0.01698,0.01709,8977824.2
2026-07-18 00:00:00+00:00,0.01709,0.01712,0.017,0.01706,2353013.6
2026-07-18 04:00:00+00:00,0.01706,0.01706,0.01684,0.01691,4503142.1
2026-07-18 08:00:00+00:00,0.01691,0.01695,0.01674,0.0169,5314686.6
2026-07-18 12:00:00+00:00,0.0169,0.01696,0.0168,0.01688,10886178.3
2026-07-18 16:00:00+00:00,0.01688,0.01709,0.01686,0.01694,4630661.4
2026-07-18 20:00:00+00:00,0.01694,0.01699,0.01691,0.01693,2181967.3
2026-07-19 00:00:00+00:00,0.01693,0.01699,0.0168,0.01681,2973270.2
2026-07-19 04:00:00+00:00,0.01681,0.01686,0.0167,0.01678,2586066.6
2026-07-19 08:00:00+00:00,0.01678,0.01684,0.01653,0.01656,8140448.0
2026-07-19 12:00:00+00:00,0.01656,0.01662,0.01641,0.01652,3883873.0
2026-07-19 16:00:00+00:00,0.01652,0.01653,0.01625,0.01636,8799040.4
2026-07-19 20:00:00+00:00,0.01636,0.01648,0.01633,0.01644,3202988.4
2026-07-20 00:00:00+00:00,0.01644,0.01656,0.01629,0.01634,5044012.6
2026-07-20 04:00:00+00:00,0.01634,0.01634,0.01608,0.01627,12104839.1
2026-07-20 08:00:00+00:00,0.01627,0.01661,0.01616,0.0166,10338423.8
2026-07-20 12:00:00+00:00,0.0166,0.01682,0.01636,0.01677,4840742.3
2026-07-20 16:00:00+00:00,0.01677,0.01682,0.01663,0.01666,5538749.1
2026-07-20 20:00:00+00:00,0.01666,0.0167,0.01653,0.01661,3069881.5
2026-07-21 00:00:00+00:00,0.01661,0.01679,0.01651,0.01671,3920643.8
2026-07-21 04:00:00+00:00,0.01671,0.01694,0.01661,0.01677,7151427.7
2026-07-21 08:00:00+00:00,0.01677,0.01685,0.01671,0.01676,4856965.8
2026-07-21 12:00:00+00:00,0.01676,0.01689,0.01674,0.01683,3868703.2
2026-07-21 16:00:00+00:00,0.01683,0.01685,0.01662,0.01674,4336691.9
2026-07-21 20:00:00+00:00,0.01674,0.01676,0.01668,0.01675,1478898.0
2026-07-22 00:00:00+00:00,0.01675,0.01682,0.01657,0.01658,3594455.1
2026-07-22 04:00:00+00:00,0.01658,0.01667,0.01631,0.01635,11400672.8
2026-07-22 08:00:00+00:00,0.01635,0.01648,0.01634,0.01642,2593737.4
2026-07-22 12:00:00+00:00,0.01642,0.0166,0.01634,0.01651,5011360.6
2026-07-22 16:00:00+00:00,0.01651,0.01654,0.01634,0.01645,2478997.3
2026-07-22 20:00:00+00:00,0.01645,0.01652,0.01638,0.01652,2615999.3
2026-07-23 00:00:00+00:00,0.01652,0.01657,0.01627,0.01631,3229468.7
2026-07-23 04:00:00+00:00,0.01631,0.01656,0.01629,0.0164,6188691.9
2026-07-23 08:00:00+00:00,0.0164,0.01647,0.01635,0.01638,2669277.4
2026-07-23 12:00:00+00:00,0.01638,0.0164,0.01602,0.0161,10872016.6
2026-07-23 16:00:00+00:00,0.0161,0.01614,0.01567,0.01585,17966925.8
2026-07-23 20:00:00+00:00,0.01585,0.01592,0.01573,0.01583,6009597.0
2026-07-24 00:00:00+00:00,0.01583,0.01606,0.01569,0.01606,5222659.5
2026-07-24 04:00:00+00:00,0.01606,0.01617,0.01595,0.01606,5445291.4
2026-07-24 08:00:00+00:00,0.01606,0.01624,0.01593,0.01597,10047171.3
2026-07-24 12:00:00+00:00,0.01597,0.01606,0.01571,0.01582,8345586.1
2026-07-24 16:00:00+00:00,0.01582,0.01594,0.01564,0.01583,10521093.2
2026-07-24 20:00:00+00:00,0.01583,0.01593,0.01571,0.01578,3166686.9
2026-07-25 00:00:00+00:00,0.01578,0.01587,0.01571,0.01573,3390080.3
2026-07-25 04:00:00+00:00,0.01573,0.01577,0.01557,0.01559,3329586.6
2026-07-25 08:00:00+00:00,0.01559,0.01573,0.01553,0.01571,4038078.2
2026-07-25 12:00:00+00:00,0.01571,0.01611,0.01571,0.01604,4911837.7
2026-07-25 16:00:00+00:00,0.01604,0.01642,0.01604,0.0162,15220146.1
2026-07-25 20:00:00+00:00,0.0162,0.01628,0.01615,0.0162,1792766.6
2026-07-26 00:00:00+00:00,0.0162,0.01624,0.01611,0.01616,1953239.1
2026-07-26 04:00:00+00:00,0.01616,0.01634,0.01612,0.01624,3150034.0
2026-07-26 08:00:00+00:00,0.01624,0.01624,0.01596,0.01596,7854692.7
2026-07-26 12:00:00+00:00,0.01596,0.01606,0.01592,0.016,3525232.7
2026-07-26 16:00:00+00:00,0.016,0.01606,0.01592,0.01593,2012289.0
2026-07-26 20:00:00+00:00,0.01593,0.01614,0.01591,0.01609,4490403.0
2026-07-27 00:00:00+00:00,0.01609,0.01617,0.01592,0.01612,4377019.8
2026-07-27 04:00:00+00:00,0.01612,0.01625,0.01593,0.01595,4138145.6
2026-07-27 08:00:00+00:00,0.01595,0.01601,0.01582,0.01595,6117026.2
2026-07-27 12:00:00+00:00,0.01595,0.01608,0.01541,0.01548,14241489.3
2026-07-27 16:00:00+00:00,0.01548,0.01575,0.01544,0.01567,8496578.0
2026-07-27 20:00:00+00:00,0.01567,0.0158,0.01502,0.01527,14891796.4
2026-07-28 00:00:00+00:00,0.01527,0.01527,0.01482,0.01515,18040027.6
2026-07-28 04:00:00+00:00,0.01515,0.01518,0.01502,0.01507,6450163.7
2026-07-28 08:00:00+00:00,0.01507,0.01513,0.01495,0.01507,4367051.5
2026-07-28 12:00:00+00:00,0.01507,0.01523,0.01478,0.01518,9120018.6
2026-07-28 16:00:00+00:00,0.01518,0.01521,0.01492,0.01504,5086233.1
2026-07-28 20:00:00+00:00,0.01504,0.01523,0.01501,0.01523,5753490.4
2026-07-29 00:00:00+00:00,0.01523,0.01539,0.01472,0.01472,13684517.0
2026-07-29 04:00:00+00:00,0.01472,0.01489,0.01456,0.01489,12894955.1
2026-07-29 08:00:00+00:00,0.01489,0.01491,0.01476,0.01484,3007571.2
2026-07-29 12:00:00+00:00,0.01484,0.01488,0.01471,0.01473,6696813.9
2026-07-29 16:00:00+00:00,0.01473,0.01509,0.01468,0.01476,10447490.5
2026-07-29 20:00:00+00:00,0.01476,0.01496,0.01459,0.01489,7583029.2
2026-07-30 00:00:00+00:00,0.01489,0.0151,0.01485,0.01495,4017144.1
2026-07-30 04:00:00+00:00,0.01495,0.015,0.01478,0.0148,5895863.9
2026-07-30 08:00:00+00:00,0.0148,0.0149,0.01476,0.01488,2719184.8
2026-07-30 12:00:00+00:00,0.01488,0.01497,0.01478,0.01488,4562865.4
2026-07-30 16:00:00+00:00,0.01488,0.01492,0.01472,0.01482,3723625.4
2026-07-30 20:00:00+00:00,0.01482,0.015,0.01482,0.01494,3098558.3
2026-07-31 00:00:00+00:00,0.01494,0.01505,0.01466,0.01468,10259249.8
2026-07-31 04:00:00+00:00,0.01468,0.01469,0.0143,0.01446,15561352.1
2026-07-31 08:00:00+00:00,0.01446,0.01449,0.01427,0.01428,5173030.7
2026-07-31 12:00:00+00:00,0.01428,0.01444,0.01414,0.01431,11985633.0
2026-07-31 16:00:00+00:00,0.01431,0.01441,0.01423,0.01428,6938715.9
2026-07-31 20:00:00+00:00,0.01428,0.0143,0.01417,0.0143,5747207.9
2026-08-01 00:00:00+00:00,0.0143,0.01442,0.0143,0.01436,3027368.2
2026-08-01 04:00:00+00:00,0.01436,0.01441,0.0142,0.01421,4088698.0
2026-08-01 08:00:00+00:00,0.01421,0.01439,0.01419,0.01436,12287784.3
2026-08-01 12:00:00+00:00,0.01436,0.01449,0.01426,0.01437,10737270.9
2026-08-01 16:00:00+00:00,0.01437,0.01459,0.01407,0.01415,16492224.6
2026-08-01 20:00:00+00:00,0.01415,0.01425,0.01409,0.01413,4485894.6
2026-08-02 00:00:00+00:00,0.01413,0.01436,0.01413,0.01429,5744603.5
2026-08-02 04:00:00+00:00,0.01429,0.0146,0.01427,0.01449,7269016.8
2026-08-02 08:00:00+00:00,0.01449,0.01451,0.0143,0.01432,6482872.3
2026-08-02 12:00:00+00:00,0.01432,0.01442,0.01425,0.01434,5973201.4
2026-08-02 16:00:00+00:00,0.01434,0.0146,0.01428,0.01454,4061046.4
2026-08-02 20:00:00+00:00,0.01454,0.01481,0.01448,0.0147,12459776.3
2026-08-03 00:00:00+00:00,0.0147,0.01476,0.01432,0.0144,5551007.5
2026-08-03 04:00:00+00:00,0.0144,0.01446,0.01428,0.01432,4058977.9
2026-08-03 08:00:00+00:00,0.01432,0.01461,0.01424,0.01457,5594523.2
2026-08-03 12:00:00+00:00,0.01457,0.01475,0.01446,0.01461,10005032.2
2026-08-03 16:00:00+00:00,0.01461,0.01483,0.01461,0.01466,5431945.0
2026-08-03 20:00:00+00:00,0.01466,0.0149,0.01465,0.01477,4070696.6
2026-08-04 00:00:00+00:00,0.01477,0.01488,0.01473,0.01478,5900916.6
2026-08-04 04:00:00+00:00,0.01478,0.01482,0.01466,0.0147,3851264.8
2026-08-04 08:00:00+00:00,0.0147,0.01473,0.01461,0.01468,2132167.4
2026-08-04 12:00:00+00:00,0.01468,0.01468,0.01452,0.01467,6371246.1
2026-08-04 16:00:00+00:00,0.01467,0.01474,0.01461,0.0147,4781711.7
2026-08-04 20:00:00+00:00,0.0147,0.01478,0.01459,0.01459,3669751.2
2026-08-05 00:00:00+00:00,0.01459,0.01467,0.01451,0.01455,2985554.1
2026-08-05 04:00:00+00:00,0.01455,0.01468,0.01454,0.0146,3322233.9
2026-08-05 08:00:00+00:00,0.0146,0.01471,0.01449,0.01452,5331743.1
2026-08-05 12:00:00+00:00,0.01452,0.01466,0.01407,0.01442,36627152.9
2026-08-05 16:00:00+00:00,0.01442,0.0147,0.01439,0.01468,12518385.9
2026-08-05 20:00:00+00:00,0.01468,0.01507,0.01466,0.01485,30616600.3
2026-08-06 00:00:00+00:00,0.01485,0.01487,0.01448,0.01448,10775725.6
2026-08-06 04:00:00+00:00,0.01448,0.01458,0.01445,0.01451,4589659.2
2026-08-06 08:00:00+00:00,0.01451,0.01457,0.01434,0.0144,8510136.5
2026-08-06 12:00:00+00:00,0.0144,0.0145,0.01432,0.01444,7073410.2
2026-08-06 16:00:00+00:00,0.01444,0.01452,0.01435,0.01441,3397153.4
2026-08-06 20:00:00+00:00,0.01441,0.01453,0.01441,0.01447,3712242.7
2026-08-07 00:00:00+00:00,0.01447,0.01453,0.01438,0.01439,4054375.0
2026-08-07 04:00:00+00:00,0.01439,0.01458,0.01436,0.01456,6339340.1
2026-08-07 08:00:00+00:00,0.01456,0.01457,0.01438,0.01447,3687628.7
2026-08-07 12:00:00+00:00,0.01447,0.01448,0.01426,0.01433,9006225.2
2026-08-07 16:00:00+00:00,0.01433,0.01443,0.01418,0.01439,6322462.6
2026-08-07 20:00:00+00:00,0.01439,0.0145,0.01434,0.01447,3394112.9
2026-08-08 00:00:00+00:00,0.01447,0.01449,0.01429,0.01431,3248425.5
2026-08-08 04:00:00+00:00,0.01431,0.01445,0.0143,0.01436,4564730.5
2026-08-08 08:00:00+00:00,0.01436,0.01453,0.01434,0.01448,5115857.8
2026-08-08 12:00:00+00:00,0.01448,0.01455,0.01445,0.01451,4093086.3
2026-08-08 16:00:00+00:00,0.01451,0.01455,0.01446,0.01447,3892432.9
2026-08-08 20:00:00+00:00,0.01447,0.0147,0.01441,0.01447,6954983.8
2026-08-09 00:00:00+00:00,0.01447,0.01483,0.01439,0.0147,7617689.4
2026-08-09 04:00:00+00:00,0.0147,0.01486,0.01456,0.01468,7934677.0
2026-08-09 08:00:00+00:00,0.01468,0.01474,0.0146,0.01461,2998196.8
2026-08-09 12:00:00+00:00,0.01461,0.01473,0.01454,0.01469,2845106.7
2026-08-09 16:00:00+00:00,0.01469,0.01483,0.01465,0.0147,3252763.0
2026-08-09 20:00:00+00:00,0.0147,0.01478,0.01441,0.01443,5315859.9
2026-08-10 00:00:00+00:00,0.01443,0.01465,0.01439,0.0145,3978179.7
2026-08-10 04:00:00+00:00,0.0145,0.01466,0.01448,0.01458,9052737.8
2026-08-10 08:00:00+00:00,0.01458,0.01469,0.01455,0.01465,3708256.2
2026-08-10 12:00:00+00:00,0.01465,0.01472,0.01434,0.01442,12231001.5
2026-08-10 16:00:00+00:00,0.01442,0.01447,0.01429,0.0143,8085003.9
2026-08-10 20:00:00+00:00,0.0143,0.0143,0.01404,0.01415,13879476.2
2026-08-11 00:00:00+00:00,0.01415,0.01424,0.01408,0.01419,5215160.0
2026-08-11 04:00:00+00:00,0.01419,0.01419,0.01402,0.01403,4833763.8
2026-08-11 08:00:00+00:00,0.01403,0.01416,0.01396,0.01409,12225469.6
2026-08-11 12:00:00+00:00,0.01409,0.0141,0.01371,0.0138,26422120.6
2026-08-11 16:00:00+00:00,0.0138,0.01386,0.01374,0.01378,6693826.6
2026-08-11 20:00:00+00:00,0.01378,0.01392,0.01375,0.01379,6220375.1
2026-08-12 00:00:00+00:00,0.01379,0.01393,0.01365,0.01388,10167536.4
2026-08-12 04:00:00+00:00,0.01388,0.0139,0.0137,0.01374,6048594.6
2026-08-12 08:00:00+00:00,0.01374,0.01386,0.01366,0.01386,9009766.3
2026-08-12 12:00:00+00:00,0.01386,0.01409,0.01376,0.01377,18813607.0
2026-08-12 16:00:00+00:00,0.01377,0.01389,0.01346,0.01352,9521593.5
2026-08-12 20:00:00+00:00,0.01352,0.01362,0.01318,0.0134,15432160.1
2026-08-13 00:00:00+00:00,0.0134,0.01349,0.01325,0.01341,6124564.4
2026-08-13 04:00:00+00:00,0.01341,0.01357,0.0134,0.01347,5697539.0
2026-08-13 08:00:00+00:00,0.01347,0.01361,0.01345,0.01351,15940130.0
2026-08-13 12:00:00+00:00,0.01351,0.01391,0.01349,0.01372,20508028.3
2026-08-13 16:00:00+00:00,0.01372,0.01377,0.01343,0.01346,10644517.0
2026-08-13 20:00:00+00:00,0.01346,0.0137,0.01343,0.01356,6915103.5
2026-08-14 00:00:00+00:00,0.01356,0.01367,0.0135,0.01352,4247747.8
2026-08-14 04:00:00+00:00,0.01352,0.01356,0.01332,0.01332,6520856.8
2026-08-14 08:00:00+00:00,0.01332,0.01344,0.01329,0.01336,6203930.3
2026-08-14 12:00:00+00:00,0.01336,0.01347,0.01326,0.01346,4518623.1
2026-08-14 16:00:00+00:00,0.01346,0.01368,0.01342,0.01345,5281001.2
2026-08-14 20:00:00+00:00,0.01345,0.01351,0.01343,0.01351,1487547.0
2026-08-15 00:00:00+00:00,0.01351,0.01363,0.01348,0.01353,3775185.0
2026-08-15 04:00:00+00:00,0.01353,0.01367,0.01353,0.01355,4002974.5
2026-08-15 08:00:00+00:00,0.01355,0.01371,0.01352,0.01369,4904512.7
2026-08-15 12:00:00+00:00,0.01369,0.01377,0.0136,0.01365,6052850.0
2026-08-15 16:00:00+00:00,0.01365,0.01366,0.01349,0.01353,3068899.5
2026-08-15 20:00:00+00:00,0.01353,0.01361,0.01343,0.01347,2910640.7
2026-08-16 00:00:00+00:00,0.01347,0.01354,0.01339,0.01343,1584172.4
2026-08-16 04:00:00+00:00,0.01343,0.01353,0.01339,0.01348,1656840.5
2026-08-16 08:00:00+00:00,0.01348,0.01355,0.01342,0.01346,6311134.1
2026-08-16 12:00:00+00:00,0.01346,0.01354,0.01343,0.01348,5709844.7
2026-08-16 16:00:00+00:00,0.01348,0.01351,0.01338,0.01348,3738293.6
2026-08-16 20:00:00+00:00,0.01348,0.01349,0.01314,0.01326,8743841.2
2026-08-17 00:00:00+00:00,0.01326,0.01354,0.01323,0.01345,5848765.8
2026-08-17 04:00:00+00:00,0.01345,0.01356,0.01338,0.0134,6763323.7
2026-08-17 08:00:00+00:00,0.0134,0.01341,0.01327,0.01335,4704560.5
