timestamp,open,high,low,close,volume
2023-11-21 12:00:00+00:00,0.06333,0.06399,0.0607,0.06201,67792515.0
2023-11-21 16:00:00+00:00,0.06201,0.06218,0.05914,0.06098,45965715.0
2023-11-21 20:00:00+00:00,0.06098,0.06127,0.05772,0.05836,45649034.0
2023-11-22 00:00:00+00:00,0.05836,0.06026,0.05825,0.06023,18615176.0
2023-11-22 04:00:00+00:00,0.06023,0.06058,0.05981,0.05982,12057278.0
2023-11-22 08:00:00+00:00,0.05982,0.06059,0.05976,0.05992,11770782.0
2023-11-22 12:00:00+00:00,0.05992,0.06044,0.0594,0.05993,17819095.0
2023-11-22 16:00:00+00:00,0.05993,0.06217,0.05971,0.062,24406172.0
2023-11-22 20:00:00+00:00,0.062,0.06372,0.06177,0.06252,18380462.0
2023-11-23 00:00:00+00:00,0.06252,0.06321,0.06189,0.06196,12760636.0
2023-11-23 04:00:00+00:00,0.06196,0.06239,0.06167,0.0618,9543619.0
2023-11-23 08:00:00+00:00,0.0618,0.06288,0.06156,0.06182,12222028.0
2023-11-23 12:00:00+00:00,0.06182,0.06194,0.06049,0.0609,21277838.0
2023-11-23 16:00:00+00:00,0.0609,0.0619,0.06087,0.06127,10426952.0
2023-11-23 20:00:00+00:00,0.06127,0.06205,0.06123,0.06159,4431812.0
2023-11-24 00:00:00+00:00,0.06159,0.06229,0.06139,0.06149,7858267.0
2023-11-24 04:00:00+00:00,0.06149,0.06196,0.06134,0.06186,6178223.0
2023-11-24 08:00:00+00:00,0.06186,0.06254,0.06155,0.06206,16202599.0
2023-11-24 12:00:00+00:00,0.06206,0.063,0.0619,0.06274,11600895.0
2023-11-24 16:00:00+00:00,0.06274,0.06331,0.06206,0.06243,18485910.0
2023-11-24 20:00:00+00:00,0.06243,0.06306,0.06192,0.06242,11685996.0
2023-11-25 00:00:00+00:00,0.06242,0.06339,0.06201,0.0632,10550211.0
2023-11-25 04:00:00+00:00,0.0632,0.06357,0.06268,0.06352,5291860.0
2023-11-25 08:00:00+00:00,0.06352,0.0637,0.06244,0.06278,6003594.0
2023-11-25 12:00:00+00:00,0.06278,0.06359,0.06275,0.06346,5836958.0
2023-11-25 16:00:00+00:00,0.06346,0.06385,0.06313,0.06321,7485343.0
2023-11-25 20:00:00+00:00,0.06321,0.06372,0.06299,0.06364,7863867.0
2023-11-26 00:00:00+00:00,0.06364,0.06383,0.06289,0.06317,8633966.0
2023-11-26 04:00:00+00:00,0.06317,0.06362,0.06296,0.06338,5129526.0
2023-11-26 08:00:00+00:00,0.06338,0.06396,0.06311,0.06368,8171509.0
2023-11-26 12:00:00+00:00,0.06368,0.06402,0.06241,0.06266,29550106.0
2023-11-26 16:00:00+00:00,0.06266,0.06287,0.06117,0.06236,18222189.0
2023-11-26 20:00:00+00:00,0.06236,0.06318,0.06199,0.06305,9577009.0
2023-11-27 00:00:00+00:00,0.06305,0.06322,0.06095,0.06133,11435581.0
2023-11-27 04:00:00+00:00,0.06133,0.06175,0.06031,0.06104,11104827.0
2023-11-27 08:00:00+00:00,0.06104,0.06129,0.06012,0.06092,12498955.0
2023-11-27 12:00:00+00:00,0.06092,0.06193,0.06076,0.06099,13654993.0
2023-11-27 16:00:00+00:00,0.06099,0.06181,0.06009,0.06041,10064044.0
2023-11-27 20:00:00+00:00,0.06041,0.06176,0.06014,0.06159,9319682.0
2023-11-28 00:00:00+00:00,0.06159,0.06181,0.06065,0.06069,5566986.0
2023-11-28 04:00:00+00:00,0.06069,0.06098,0.05929,0.05994,10145908.0
2023-11-28 08:00:00+00:00,0.05994,0.06059,0.05959,0.06052,5167924.0
2023-11-28 12:00:00+00:00,0.06052,0.06096,0.06028,0.06079,7447762.0
2023-11-28 16:00:00+00:00,0.06079,0.06184,0.06074,0.06152,12014269.0
2023-11-28 20:00:00+00:00,0.06152,0.06177,0.06094,0.06117,5311375.0
2023-11-29 00:00:00+00:00,0.06117,0.0615,0.06084,0.06101,5524208.0
2023-11-29 04:00:00+00:00,0.06101,0.06101,0.06037,0.06059,7120222.0
2023-11-29 08:00:00+00:00,0.06059,0.06105,0.06002,0.0604,14674372.0
2023-11-29 12:00:00+00:00,0.0604,0.06103,0.05993,0.06027,14440583.0
2023-11-29 16:00:00+00:00,0.06027,0.06043,0.05971,0.06027,9501872.0
2023-11-29 20:00:00+00:00,0.06027,0.06029,0.0598,0.06019,3455700.0
2023-11-30 00:00:00+00:00,0.06019,0.06116,0.05997,0.06072,5823905.0
2023-11-30 04:00:00+00:00,0.06072,0.06098,0.06029,0.06034,3288298.0
2023-11-30 08:00:00+00:00,0.06034,0.06061,0.05993,0.06056,10732609.0
2023-11-30 12:00:00+00:00,0.06056,0.06076,0.05988,0.0605,9032900.0
2023-11-30 16:00:00+00:00,0.0605,0.06087,0.05996,0.05997,8245854.0
2023-11-30 20:00:00+00:00,0.05997,0.06034,0.05994,0.06029,6791428.0
2023-12-01 00:00:00+00:00,0.06029,0.06083,0.05995,0.06064,13471079.0
2023-12-01 04:00:00+00:00,0.06064,0.06089,0.06036,0.06044,8330689.0
2023-12-01 08:00:00+00:00,0.06044,0.06095,0.06029,0.06082,8738812.0
2023-12-01 12:00:00+00:00,0.06082,0.06092,0.06034,0.06073,6634301.0
2023-12-01 16:00:00+00:00,0.06073,0.06147,0.06067,0.06138,10050855.0
2023-12-01 20:00:00+00:00,0.06138,0.06141,0.06073,0.06092,4557779.0
2023-12-02 00:00:00+00:00,0.06092,0.06123,0.06077,0.06108,5425775.0
2023-12-02 04:00:00+00:00,0.06108,0.06258,0.06105,0.06193,17483007.0
2023-12-02 08:00:00+00:00,0.06193,0.06234,0.06174,0.06181,7246843.0
2023-12-02 12:00:00+00:00,0.06181,0.06199,0.06102,0.06139,9680377.0
2023-12-02 16:00:00+00:00,0.06139,0.06256,0.06117,0.06237,12472900.0
2023-12-02 20:00:00+00:00,0.06237,0.06267,0.06208,0.06257,7568085.0
2023-12-03 00:00:00+00:00,0.06257,0.06274,0.06152,0.06178,7858264.0
2023-12-03 04:00:00+00:00,0.06178,0.06197,0.06152,0.0618,5197454.0
2023-12-03 08:00:00+00:00,0.0618,0.0625,0.06178,0.06217,12730028.0
2023-12-03 12:00:00+00:00,0.06217,0.06241,0.06117,0.06169,17496360.0
2023-12-03 16:00:00+00:00,0.06169,0.0621,0.06148,0.06161,7841794.0
2023-12-03 20:00:00+00:00,0.06161,0.06277,0.06161,0.0624,7667440.0
2023-12-04 00:00:00+00:00,0.0624,0.06344,0.06228,0.06316,15315863.0
2023-12-04 04:00:00+00:00,0.06316,0.06387,0.06303,0.06352,16779715.0
2023-12-04 08:00:00+00:00,0.06352,0.06444,0.06077,0.06259,52689006.0
2023-12-04 12:00:00+00:00,0.06259,0.06313,0.06156,0.06176,23570758.0
2023-12-04 16:00:00+00:00,0.06176,0.06319,0.06165,0.06319,13176503.0
2023-12-04 20:00:00+00:00,0.06319,0.06418,0.06291,0.06398,19124014.0
2023-12-05 00:00:00+00:00,0.06398,0.066,0.06368,0.0657,31568035.0
2023-12-05 04:00:00+00:00,0.0657,0.06599,0.06387,0.06439,22402802.0
2023-12-05 08:00:00+00:00,0.06439,0.06501,0.06369,0.06423,25094351.0
2023-12-05 12:00:00+00:00,0.06423,0.06508,0.06357,0.06496,18650700.0
2023-12-05 16:00:00+00:00,0.06496,0.06624,0.06466,0.06582,29719299.0
2023-12-05 20:00:00+00:00,0.06582,0.06624,0.06454,0.06621,19943990.0
2023-12-06 00:00:00+00:00,0.06621,0.07138,0.0662,0.0691,95143519.0
2023-12-06 04:00:00+00:00,0.0691,0.06946,0.06695,0.06817,36787247.0
2023-12-06 08:00:00+00:00,0.06817,0.06846,0.06555,0.06662,49368687.0
2023-12-06 12:00:00+00:00,0.06662,0.06827,0.06654,0.06796,40085197.0
2023-12-06 16:00:00+00:00,0.06796,0.07037,0.06782,0.0703,46203342.0
2023-12-06 20:00:00+00:00,0.0703,0.07052,0.06782,0.06872,52880983.0
2023-12-07 00:00:00+00:00,0.06872,0.06956,0.0675,0.06784,30077629.0
2023-12-07 04:00:00+00:00,0.06784,0.0685,0.06764,0.06794,22206173.0
2023-12-07 08:00:00+00:00,0.06794,0.06822,0.06562,0.06709,49618893.0
2023-12-07 12:00:00+00:00,0.06709,0.0684,0.06693,0.06797,28224361.0
2023-12-07 16:00:00+00:00,0.06797,0.06892,0.06755,0.06788,34756797.0
2023-12-07 20:00:00+00:00,0.06788,0.06968,0.06782,0.06928,21099345.0
2023-12-08 00:00:00+00:00,0.06928,0.06953,0.06843,0.06897,12563345.0
2023-12-08 04:00:00+00:00,0.06897,0.06945,0.06853,0.06883,16299178.0
2023-12-08 08:00:00+00:00,0.06883,0.07035,0.06855,0.06996,24152689.0
2023-12-08 12:00:00+00:00,0.06996,0.07131,0.06926,0.07101,36349351.0
2023-12-08 16:00:00+00:00,0.07101,0.07278,0.07099,0.07262,30183806.0
2023-12-08 20:00:00+00:00,0.07262,0.07491,0.07262,0.07427,42273644.0
2023-12-09 00:00:00+00:00,0.07427,0.07612,0.07394,0.07562,31634717.0
2023-12-09 04:00:00+00:00,0.07562,0.0767,0.07537,0.07642,23756608.0
2023-12-09 08:00:00+00:00,0.07642,0.07695,0.07431,0.07603,51471369.0
2023-12-09 12:00:00+00:00,0.07603,0.07691,0.07498,0.07636,25759269.0
2023-12-09 16:00:00+00:00,0.07636,0.07768,0.07494,0.0771,35622899.0
2023-12-09 20:00:00+00:00,0.0771,0.0771,0.07378,0.07448,27343308.0
2023-12-10 00:00:00+00:00,0.07448,0.07652,0.07441,0.07568,19064396.0
2023-12-10 04:00:00+00:00,0.07568,0.07588,0.0743,0.07487,9143169.0
2023-12-10 08:00:00+00:00,0.07487,0.0749,0.07164,0.07325,29620676.0
2023-12-10 12:00:00+00:00,0.07325,0.07528,0.07302,0.07442,31862300.0
2023-12-10 16:00:00+00:00,0.07442,0.07467,0.07321,0.07446,12689070.0
2023-12-10 20:00:00+00:00,0.07446,0.07643,0.07437,0.07519,20674562.0
2023-12-11 00:00:00+00:00,0.07519,0.07624,0.06602,0.07273,87255293.0
2023-12-11 04:00:00+00:00,0.07273,0.07307,0.07009,0.07052,36189688.0
2023-12-11 08:00:00+00:00,0.07052,0.07298,0.07016,0.07202,39004989.0
2023-12-11 12:00:00+00:00,0.07202,0.07222,0.07022,0.07141,39901103.0
2023-12-11 16:00:00+00:00,0.07141,0.07162,0.06831,0.06976,62804222.0
2023-12-11 20:00:00+00:00,0.06976,0.0715,0.06913,0.07107,15963387.0
2023-12-12 00:00:00+00:00,0.07107,0.07255,0.07084,0.07182,11986375.0
2023-12-12 04:00:00+00:00,0.07182,0.07323,0.07102,0.07316,15659406.0
2023-12-12 08:00:00+00:00,0.07316,0.07415,0.07249,0.07309,23888092.0
2023-12-12 12:00:00+00:00,0.07309,0.07477,0.07221,0.07267,39982238.0
2023-12-12 16:00:00+00:00,0.07267,0.0744,0.07133,0.074,22802386.0
2023-12-12 20:00:00+00:00,0.074,0.07599,0.07386,0.07562,30475245.0
2023-12-13 00:00:00+00:00,0.07562,0.07658,0.0727,0.07292,39961509.0
2023-12-13 04:00:00+00:00,0.07292,0.07536,0.07212,0.07332,35451185.0
2023-12-13 08:00:00+00:00,0.07332,0.07632,0.07318,0.07349,43103656.0
2023-12-13 12:00:00+00:00,0.07349,0.08033,0.0734,0.07987,91175270.0
2023-12-13 16:00:00+00:00,0.07987,0.08005,0.07708,0.0788,54679505.0
2023-12-13 20:00:00+00:00,0.0788,0.07891,0.07637,0.07701,32955171.0
2023-12-14 00:00:00+00:00,0.07701,0.07899,0.07686,0.07881,30255525.0
2023-12-14 04:00:00+00:00,0.07881,0.08168,0.07858,0.08003,41736147.0
2023-12-14 08:00:00+00:00,0.08003,0.08135,0.07909,0.0813,19794533.0
2023-12-14 12:00:00+00:00,0.0813,0.0813,0.0765,0.08044,58162515.0
2023-12-14 16:00:00+00:00,0.08044,0.08258,0.07971,0.08242,31780173.0
2023-12-14 20:00:00+00:00,0.08242,0.08506,0.08166,0.08358,30235755.0
2023-12-15 00:00:00+00:00,0.08358,0.08861,0.08339,0.08748,43499093.0
2023-12-15 04:00:00+00:00,0.08748,0.08752,0.08435,0.08451,37859616.0
2023-12-15 08:00:00+00:00,0.08451,0.08553,0.08403,0.08438,27312294.0
2023-12-15 12:00:00+00:00,0.08438,0.08523,0.08371,0.08415,39375311.0
2023-12-15 16:00:00+00:00,0.08415,0.08464,0.08185,0.08197,29943060.0
2023-12-15 20:00:00+00:00,0.08197,0.08348,0.07961,0.08029,30312644.0
2023-12-16 00:00:00+00:00,0.08029,0.08253,0.07941,0.08208,13423994.0
2023-12-16 04:00:00+00:00,0.08208,0.0828,0.08089,0.08164,11031573.0
2023-12-16 08:00:00+00:00,0.08164,0.08265,0.08128,0.08235,8475080.0
2023-12-16 12:00:00+00:00,0.08235,0.08349,0.08172,0.08264,16141748.0
2023-12-16 16:00:00+00:00,0.08264,0.0834,0.07996,0.08047,24889025.0
2023-12-16 20:00:00+00:00,0.08047,0.08132,0.07978,0.08023,10933809.0
2023-12-17 00:00:00+00:00,0.08023,0.08061,0.07908,0.07975,15295048.0
2023-12-17 04:00:00+00:00,0.07975,0.08038,0.07802,0.07808,12610519.0
2023-12-17 08:00:00+00:00,0.07808,0.07979,0.078,0.07965,11182786.0
2023-12-17 12:00:00+00:00,0.07965,0.07989,0.07847,0.07988,12240629.0
2023-12-17 16:00:00+00:00,0.07988,0.0806,0.07918,0.08026,10558363.0
2023-12-17 20:00:00+00:00,0.08026,0.08071,0.07793,0.07874,11827463.0
2023-12-18 00:00:00+00:00,0.07874,0.07979,0.07617,0.07656,22422591.0
2023-12-18 04:00:00+00:00,0.07656,0.07732,0.0756,0.0758,11396652.0
2023-12-18 08:00:00+00:00,0.0758,0.07626,0.07254,0.07467,33959992.0
2023-12-18 12:00:00+00:00,0.07467,0.07731,0.07378,0.07634,18735897.0
2023-12-18 16:00:00+00:00,0.07634,0.07773,0.07608,0.07728,13226221.0
2023-12-18 20:00:00+00:00,0.07728,0.07971,0.07675,0.07969,16737877.0
2023-12-19 00:00:00+00:00,0.07969,0.08015,0.07846,0.07931,13467854.0
2023-12-19 04:00:00+00:00,0.07931,0.07989,0.07826,0.07949,11850832.0
2023-12-19 08:00:00+00:00,0.07949,0.08029,0.07886,0.07971,11450826.0
2023-12-19 12:00:00+00:00,0.07971,0.08018,0.0783,0.07945,16449311.0
2023-12-19 16:00:00+00:00,0.07945,0.08105,0.07867,0.08077,17185379.0
2023-12-19 20:00:00+00:00,0.08077,0.08182,0.08007,0.08155,13663416.0
2023-12-20 00:00:00+00:00,0.08155,0.08295,0.08062,0.08188,16823373.0
2023-12-20 04:00:00+00:00,0.08188,0.08684,0.08171,0.08665,35145765.0
2023-12-20 08:00:00+00:00,0.08665,0.08787,0.08619,0.08702,40000691.0
2023-12-20 12:00:00+00:00,0.08702,0.08839,0.08581,0.0883,38116198.0
2023-12-20 16:00:00+00:00,0.0883,0.09047,0.08645,0.08682,54747313.0
2023-12-20 20:00:00+00:00,0.08682,0.0877,0.08493,0.08705,41724789.0
2023-12-21 00:00:00+00:00,0.08705,0.08747,0.08521,0.08561,26230841.0
2023-12-21 04:00:00+00:00,0.08561,0.08759,0.08523,0.08739,13693600.0
2023-12-21 08:00:00+00:00,0.08739,0.09204,0.0871,0.09146,33914302.0
2023-12-21 12:00:00+00:00,0.09146,0.09229,0.08914,0.09049,33163552.0
2023-12-21 16:00:00+00:00,0.09049,0.09306,0.08983,0.09182,31372018.0
2023-12-21 20:00:00+00:00,0.09182,0.09248,0.09047,0.0914,17596917.0
2023-12-22 00:00:00+00:00,0.0914,0.09433,0.09016,0.09078,43858519.0
2023-12-22 04:00:00+00:00,0.09078,0.09243,0.08944,0.09103,33013253.0
2023-12-22 08:00:00+00:00,0.09103,0.09128,0.08723,0.08959,39361448.0
2023-12-22 12:00:00+00:00,0.08959,0.08992,0.08802,0.08937,25702393.0
2023-12-22 16:00:00+00:00,0.08937,0.09071,0.08892,0.08944,18611616.0
2023-12-22 20:00:00+00:00,0.08944,0.09173,0.08942,0.09082,18449186.0
2023-12-23 00:00:00+00:00,0.09082,0.09089,0.08701,0.08742,21300814.0
2023-12-23 04:00:00+00:00,0.08742,0.08879,0.08681,0.08869,23831941.0
2023-12-23 08:00:00+00:00,0.08869,0.08992,0.0886,0.08895,11615264.0
2023-12-23 12:00:00+00:00,0.08895,0.09047,0.08886,0.08926,15555670.0
2023-12-23 16:00:00+00:00,0.08926,0.09005,0.08858,0.0897,12605334.0
2023-12-23 20:00:00+00:00,0.0897,0.0919,0.08963,0.09125,13884989.0
2023-12-24 00:00:00+00:00,0.09125,0.09541,0.09069,0.09299,53753345.0
2023-12-24 04:00:00+00:00,0.09299,0.09417,0.09113,0.09341,23702348.0
2023-12-24 08:00:00+00:00,0.09341,0.09388,0.09122,0.09237,20505833.0
2023-12-24 12:00:00+00:00,0.09237,0.09416,0.09178,0.09229,16155372.0
2023-12-24 16:00:00+00:00,0.09229,0.09395,0.09204,0.09314,12316731.0
2023-12-24 20:00:00+00:00,0.09314,0.09318,0.08824,0.09035,38867036.0
2023-12-25 00:00:00+00:00,0.09035,0.09086,0.08915,0.0902,16182718.0
2023-12-25 04:00:00+00:00,0.0902,0.09109,0.09015,0.09032,11321174.0
2023-12-25 08:00:00+00:00,0.09032,0.09102,0.0891,0.0902,13909909.0
2023-12-25 12:00:00+00:00,0.0902,0.09193,0.09007,0.09144,19647388.0
2023-12-25 16:00:00+00:00,0.09144,0.09293,0.09019,0.09165,15737951.0
2023-12-25 20:00:00+00:00,0.09165,0.09354,0.09073,0.09251,12701907.0
2023-12-26 00:00:00+00:00,0.09251,0.0929,0.09118,0.09176,8745910.0
2023-12-26 04:00:00+00:00,0.09176,0.0923,0.08778,0.09036,38191780.0
2023-12-26 08:00:00+00:00,0.09036,0.09125,0.08802,0.09116,29382317.0
2023-12-26 12:00:00+00:00,0.09116,0.09172,0.0885,0.08863,18669002.0
2023-12-26 16:00:00+00:00,0.08863,0.08965,0.08259,0.08849,60125004.0
2023-12-26 20:00:00+00:00,0.08849,0.09051,0.08821,0.09015,20134065.0
2023-12-27 00:00:00+00:00,0.09015,0.09042,0.08609,0.08708,18396900.0
2023-12-27 04:00:00+00:00,0.08708,0.08862,0.08697,0.08764,10970302.0
2023-12-27 08:00:00+00:00,0.08764,0.0904,0.08712,0.09011,14503627.0
2023-12-27 12:00:00+00:00,0.09011,0.09105,0.08944,0.0908,20413520.0
2023-12-27 16:00:00+00:00,0.0908,0.09366,0.09038,0.09238,24119896.0
2023-12-27 20:00:00+00:00,0.09238,0.09346,0.09127,0.0925,14033591.0
2023-12-28 00:00:00+00:00,0.0925,0.09448,0.09232,0.09334,19505923.0
2023-12-28 04:00:00+00:00,0.09334,0.09425,0.09092,0.09219,12646318.0
2023-12-28 08:00:00+00:00,0.09219,0.09451,0.092,0.09388,20938045.0
2023-12-28 12:00:00+00:00,0.09388,0.09413,0.08902,0.08994,54392612.0
2023-12-28 16:00:00+00:00,0.08994,0.09104,0.08939,0.09038,18013071.0
2023-12-28 20:00:00+00:00,0.09038,0.09039,0.08909,0.08956,16802073.0
2023-12-29 00:00:00+00:00,0.08956,0.09001,0.08696,0.08906,24860365.0
2023-12-29 04:00:00+00:00,0.08906,0.08934,0.08764,0.08789,6988984.0
2023-12-29 08:00:00+00:00,0.08789,0.09025,0.08789,0.09009,11375704.0
2023-12-29 12:00:00+00:00,0.09009,0.09151,0.0886,0.08981,17979839.0
2023-12-29 16:00:00+00:00,0.08981,0.09041,0.08754,0.09028,16426956.0
2023-12-29 20:00:00+00:00,0.09028,0.09047,0.08718,0.08926,11186603.0
2023-12-30 00:00:00+00:00,0.08926,0.08992,0.08805,0.08855,5129154.0
2023-12-30 04:00:00+00:00,0.08855,0.08902,0.08792,0.08813,4832757.0
2023-12-30 08:00:00+00:00,0.08813,0.0883,0.0863,0.08708,13251568.0
2023-12-30 12:00:00+00:00,0.08708,0.088,0.08642,0.08797,5425326.0
2023-12-30 16:00:00+00:00,0.08797,0.08819,0.08719,0.08725,7295072.0
2023-12-30 20:00:00+00:00,0.08725,0.08772,0.08653,0.08708,4794945.0
2023-12-31 00:00:00+00:00,0.08708,0.08794,0.08588,0.08677,7360904.0
2023-12-31 04:00:00+00:00,0.08677,0.08855,0.08661,0.08808,5910288.0
2023-12-31 08:00:00+00:00,0.08808,0.08946,0.08803,0.08879,6900795.0
2023-12-31 12:00:00+00:00,0.08879,0.08922,0.08755,0.0881,9447786.0
2023-12-31 16:00:00+00:00,0.0881,0.08877,0.08706,0.08749,5239048.0
2023-12-31 20:00:00+00:00,0.08749,0.08788,0.08482,0.08604,11014939.0
2024-01-01 00:00:00+00:00,0.08604,0.08685,0.08486,0.08489,4431121.0
2024-01-01 04:00:00+00:00,0.08489,0.08518,0.08407,0.08443,8860467.0
2024-01-01 08:00:00+00:00,0.08443,0.08598,0.08441,0.08597,9851768.0
2024-01-01 12:00:00+00:00,0.08597,0.08713,0.08553,0.08712,6708806.0
2024-01-01 16:00:00+00:00,0.08712,0.08898,0.08651,0.08848,9614001.0
2024-01-01 20:00:00+00:00,0.08848,0.09295,0.08822,0.09164,28969467.0
2024-01-02 00:00:00+00:00,0.09164,0.0949,0.09104,0.0944,34238947.0
2024-01-02 04:00:00+00:00,0.0944,0.09813,0.09381,0.09742,33918419.0
2024-01-02 08:00:00+00:00,0.09742,0.10165,0.09608,0.09787,72218831.0
2024-01-02 12:00:00+00:00,0.09787,0.09873,0.0949,0.09633,65946583.0
2024-01-02 16:00:00+00:00,0.09633,0.09744,0.09533,0.0961,33909163.0
2024-01-02 20:00:00+00:00,0.0961,0.09782,0.0952,0.09712,28611918.0
2024-01-03 00:00:00+00:00,0.09712,0.09953,0.09631,0.09695,39693179.0
2024-01-03 04:00:00+00:00,0.09695,0.09753,0.09411,0.09481,26431316.0
2024-01-03 08:00:00+00:00,0.09481,0.09687,0.09188,0.09273,52652724.0
2024-01-03 12:00:00+00:00,0.09273,0.09287,0.073,0.08935,183985545.0
2024-01-03 16:00:00+00:00,0.08935,0.0898,0.08578,0.08631,32890906.0
2024-01-03 20:00:00+00:00,0.08631,0.09123,0.08612,0.08847,26579092.0
2024-01-04 00:00:00+00:00,0.08847,0.08899,0.08596,0.08717,10507328.0
2024-01-04 04:00:00+00:00,0.08717,0.08851,0.08636,0.08637,13612527.0
2024-01-04 08:00:00+00:00,0.08637,0.08724,0.08501,0.08636,15887872.0
2024-01-04 12:00:00+00:00,0.08636,0.08939,0.08615,0.08876,13570825.0
2024-01-04 16:00:00+00:00,0.08876,0.08914,0.08731,0.08822,12620387.0
2024-01-04 20:00:00+00:00,0.08822,0.0896,0.0879,0.08792,11041236.0
2024-01-05 00:00:00+00:00,0.08792,0.08849,0.0832,0.08505,25025742.0
2024-01-05 04:00:00+00:00,0.08505,0.08566,0.08433,0.08489,11616117.0
2024-01-05 08:00:00+00:00,0.08489,0.08591,0.0829,0.08394,21885481.0
2024-01-05 12:00:00+00:00,0.08394,0.0848,0.08171,0.08261,24264089.0
2024-01-05 16:00:00+00:00,0.08261,0.08337,0.08057,0.08252,14722839.0
2024-01-05 20:00:00+00:00,0.08252,0.08477,0.08249,0.08477,15649707.0
2024-01-06 00:00:00+00:00,0.08477,0.08478,0.08204,0.08256,8039102.0
2024-01-06 04:00:00+00:00,0.08256,0.08287,0.07841,0.08004,17481778.0
2024-01-06 08:00:00+00:00,0.08004,0.08077,0.07958,0.08014,6533351.0
2024-01-06 12:00:00+00:00,0.08014,0.08069,0.07903,0.08049,10032337.0
2024-01-06 16:00:00+00:00,0.08049,0.08073,0.07876,0.07935,12608520.0
2024-01-06 20:00:00+00:00,0.07935,0.07975,0.07831,0.07948,5760647.0
2024-01-07 00:00:00+00:00,0.07948,0.08046,0.07898,0.07955,8523856.0
2024-01-07 04:00:00+00:00,0.07955,0.08055,0.07936,0.08004,6679320.0
2024-01-07 08:00:00+00:00,0.08004,0.08102,0.07844,0.07935,10808252.0
2024-01-07 12:00:00+00:00,0.07935,0.08021,0.07825,0.07865,8717105.0
2024-01-07 16:00:00+00:00,0.07865,0.07903,0.07714,0.07836,9830716.0
2024-01-07 20:00:00+00:00,0.07836,0.07855,0.07408,0.07526,21327805.0
2024-01-08 00:00:00+00:00,0.07526,0.07586,0.06936,0.07204,34399512.0
2024-01-08 04:00:00+00:00,0.07204,0.07532,0.07166,0.07478,15327260.0
2024-01-08 08:00:00+00:00,0.07478,0.07674,0.07462,0.07674,10052638.0
2024-01-08 12:00:00+00:00,0.07674,0.07993,0.0767,0.07898,26646960.0
2024-01-08 16:00:00+00:00,0.07898,0.0823,0.07843,0.08175,23704807.0
2024-01-08 20:00:00+00:00,0.08175,0.0824,0.08087,0.08143,10817336.0
2024-01-09 00:00:00+00:00,0.08143,0.08177,0.07934,0.07986,11462479.0
2024-01-09 04:00:00+00:00,0.07986,0.08151,0.07962,0.08086,8156790.0
2024-01-09 08:00:00+00:00,0.08086,0.08086,0.07845,0.0795,8575613.0
2024-01-09 12:00:00+00:00,0.0795,0.07965,0.07583,0.07723,29367729.0
2024-01-09 16:00:00+00:00,0.07723,0.0774,0.07569,0.07664,10546948.0
2024-01-09 20:00:00+00:00,0.07664,0.07826,0.07528,0.07748,41655828.0
2024-01-10 00:00:00+00:00,0.07748,0.0784,0.07691,0.0776,10069870.0
2024-01-10 04:00:00+00:00,0.0776,0.07813,0.07646,0.07667,6312298.0
2024-01-10 08:00:00+00:00,0.07667,0.07812,0.07584,0.07754,9133822.0
2024-01-10 12:00:00+00:00,0.07754,0.07755,0.07392,0.07671,19906552.0
2024-01-10 16:00:00+00:00,0.07671,0.07819,0.07601,0.07783,28825441.0
2024-01-10 20:00:00+00:00,0.07783,0.0853,0.07573,0.08339,51542533.0
2024-01-11 00:00:00+00:00,0.08339,0.08413,0.08224,0.08361,9455605.0
2024-01-11 04:00:00+00:00,0.08361,0.08389,0.08147,0.08255,11256129.0
2024-01-11 08:00:00+00:00,0.08255,0.0854,0.08252,0.08535,15382244.0
2024-01-11 12:00:00+00:00,0.08535,0.08742,0.08345,0.08473,31704442.0
2024-01-11 16:00:00+00:00,0.08473,0.08546,0.08258,0.08496,13923534.0
2024-01-11 20:00:00+00:00,0.08496,0.08532,0.08309,0.08423,6287404.0
2024-01-12 00:00:00+00:00,0.08423,0.08458,0.08247,0.08354,9034639.0
2024-01-12 04:00:00+00:00,0.08354,0.08464,0.08318,0.08401,5031977.0
2024-01-12 08:00:00+00:00,0.08401,0.08467,0.08237,0.08422,10006334.0
2024-01-12 12:00:00+00:00,0.08422,0.08539,0.08176,0.08233,32144592.0
2024-01-12 16:00:00+00:00,0.08233,0.08325,0.079,0.08114,36953487.0
2024-01-12 20:00:00+00:00,0.08114,0.0832,0.07719,0.08007,52401014.0
2024-01-13 00:00:00+00:00,0.08007,0.08033,0.07759,0.07912,10679904.0
2024-01-13 04:00:00+00:00,0.07912,0.08023,0.07879,0.07982,6617890.0
2024-01-13 08:00:00+00:00,0.07982,0.08113,0.07889,0.07934,21609908.0
2024-01-13 12:00:00+00:00,0.07934,0.08009,0.0788,0.07989,7629079.0
2024-01-13 16:00:00+00:00,0.07989,0.08052,0.07937,0.08035,5202622.0
2024-01-13 20:00:00+00:00,0.08035,0.08173,0.08004,0.08121,6761238.0
2024-01-14 00:00:00+00:00,0.08121,0.08135,0.07962,0.0802,7637747.0
2024-01-14 04:00:00+00:00,0.0802,0.08129,0.0796,0.08074,4655124.0
2024-01-14 08:00:00+00:00,0.08074,0.08081,0.07959,0.07983,4889995.0
2024-01-14 12:00:00+00:00,0.07983,0.08046,0.07914,0.08017,7734462.0
2024-01-14 16:00:00+00:00,0.08017,0.08039,0.07853,0.07863,6228761.0
2024-01-14 20:00:00+00:00,0.07863,0.0794,0.07685,0.07707,8878450.0
2024-01-15 00:00:00+00:00,0.07707,0.07911,0.07706,0.07864,4357689.0
2024-01-15 04:00:00+00:00,0.07864,0.07918,0.07834,0.07869,3110819.0
2024-01-15 08:00:00+00:00,0.07869,0.08027,0.07807,0.07915,10694366.0
2024-01-15 12:00:00+00:00,0.07915,0.07953,0.07746,0.07767,13597748.0
2024-01-15 16:00:00+00:00,0.07767,0.07967,0.07755,0.0792,7432980.0
2024-01-15 20:00:00+00:00,0.0792,0.0796,0.07721,0.07779,6458633.0
2024-01-16 00:00:00+00:00,0.07779,0.07833,0.07754,0.07825,4507859.0
2024-01-16 04:00:00+00:00,0.07825,0.07898,0.07746,0.07885,4581302.0
2024-01-16 08:00:00+00:00,0.07885,0.07967,0.07868,0.07898,5688220.0
2024-01-16 12:00:00+00:00,0.07898,0.08044,0.07787,0.08002,18091405.0
2024-01-16 16:00:00+00:00,0.08002,0.08134,0.07998,0.08077,11409267.0
2024-01-16 20:00:00+00:00,0.08077,0.08169,0.08036,0.08058,9323407.0
2024-01-17 00:00:00+00:00,0.08058,0.0812,0.08013,0.08018,5537415.0
2024-01-17 04:00:00+00:00,0.08018,0.0804,0.07884,0.0791,5559175.0
2024-01-17 08:00:00+00:00,0.0791,0.08098,0.07871,0.08051,10095937.0
2024-01-17 12:00:00+00:00,0.08051,0.08121,0.07932,0.0795,16715123.0
2024-01-17 16:00:00+00:00,0.0795,0.07993,0.07864,0.07927,7784143.0
2024-01-17 20:00:00+00:00,0.07927,0.07971,0.07834,0.07899,4849872.0
2024-01-18 00:00:00+00:00,0.07899,0.07908,0.07758,0.07817,6493663.0
2024-01-18 04:00:00+00:00,0.07817,0.0795,0.07778,0.07948,4001188.0
2024-01-18 08:00:00+00:00,0.07948,0.07965,0.0783,0.07865,4270971.0
2024-01-18 12:00:00+00:00,0.07865,0.07866,0.07744,0.07837,4948334.0
2024-01-18 16:00:00+00:00,0.07837,0.07837,0.07379,0.07434,25269095.0
2024-01-18 20:00:00+00:00,0.07434,0.07593,0.07424,0.07535,8018720.0
2024-01-19 00:00:00+00:00,0.07535,0.07548,0.07235,0.07359,15307624.0
2024-01-19 04:00:00+00:00,0.07359,0.0751,0.07346,0.0747,8166010.0
2024-01-19 08:00:00+00:00,0.0747,0.07611,0.07428,0.07587,6095159.0
2024-01-19 12:00:00+00:00,0.07587,0.07609,0.07435,0.07486,10530006.0
2024-01-19 16:00:00+00:00,0.07486,0.07617,0.07213,0.07563,28952360.0
2024-01-19 20:00:00+00:00,0.07563,0.07631,0.07523,0.07564,5949766.0
2024-01-20 00:00:00+00:00,0.07564,0.07579,0.07466,0.07554,5388410.0
2024-01-20 04:00:00+00:00,0.07554,0.07609,0.07527,0.07575,3645448.0
2024-01-20 08:00:00+00:00,0.07575,0.07616,0.07527,0.07583,5017702.0
2024-01-20 12:00:00+00:00,0.07583,0.07642,0.07535,0.0756,6117324.0
2024-01-20 16:00:00+00:00,0.0756,0.07616,0.07544,0.07585,3625039.0
2024-01-20 20:00:00+00:00,0.07585,0.07699,0.07574,0.07645,7077957.0
2024-01-21 00:00:00+00:00,0.07645,0.07741,0.07617,0.07731,6328155.0
2024-01-21 04:00:00+00:00,0.07731,0.07758,0.07638,0.07675,4057173.0
2024-01-21 08:00:00+00:00,0.07675,0.0772,0.07653,0.07671,5027223.0
2024-01-21 12:00:00+00:00,0.07671,0.07698,0.07588,0.07619,4855353.0
2024-01-21 16:00:00+00:00,0.07619,0.07689,0.07572,0.0766,3224750.0
2024-01-21 20:00:00+00:00,0.0766,0.07706,0.07546,0.07552,5817394.0
2024-01-22 00:00:00+00:00,0.07552,0.07606,0.07411,0.07468,8104639.0
2024-01-22 04:00:00+00:00,0.07468,0.07516,0.07358,0.07455,5406858.0
2024-01-22 08:00:00+00:00,0.07455,0.07458,0.07233,0.07345,11949094.0
2024-01-22 12:00:00+00:00,0.07345,0.07421,0.07178,0.07305,17300160.0
2024-01-22 16:00:00+00:00,0.07305,0.07361,0.07095,0.0722,14221452.0
2024-01-22 20:00:00+00:00,0.0722,0.0731,0.07083,0.0714,11413868.0
2024-01-23 00:00:00+00:00,0.0714,0.07231,0.07066,0.07185,7567825.0
2024-01-23 04:00:00+00:00,0.07185,0.07252,0.07032,0.07064,5143029.0
2024-01-23 08:00:00+00:00,0.07064,0.07096,0.06715,0.06834,29091799.0
2024-01-23 12:00:00+00:00,0.06834,0.07018,0.06711,0.06964,14813794.0
2024-01-23 16:00:00+00:00,0.06964,0.07009,0.06864,0.06901,9153845.0
2024-01-23 20:00:00+00:00,0.06901,0.07086,0.06875,0.07067,7322513.0
2024-01-24 00:00:00+00:00,0.07067,0.07116,0.06991,0.0701,6867243.0
2024-01-24 04:00:00+00:00,0.0701,0.07142,0.06994,0.07115,5052022.0
2024-01-24 08:00:00+00:00,0.07115,0.07252,0.07088,0.07204,9222372.0
2024-01-24 12:00:00+00:00,0.07204,0.07275,0.07121,0.07247,14461299.0
2024-01-24 16:00:00+00:00,0.07247,0.07268,0.07121,0.07192,9112259.0
2024-01-24 20:00:00+00:00,0.07192,0.07256,0.07137,0.07231,3885060.0
2024-01-25 00:00:00+00:00,0.07231,0.07255,0.07163,0.07212,3525024.0
2024-01-25 04:00:00+00:00,0.07212,0.07224,0.07132,0.07194,3917121.0
2024-01-25 08:00:00+00:00,0.07194,0.0724,0.07125,0.07194,3756764.0
2024-01-25 12:00:00+00:00,0.07194,0.07209,0.06996,0.07019,13126466.0
2024-01-25 16:00:00+00:00,0.07019,0.07149,0.06977,0.07138,7017069.0
2024-01-25 20:00:00+00:00,0.07138,0.07174,0.07096,0.07131,5857154.0
2024-01-26 00:00:00+00:00,0.07131,0.07197,0.07032,0.07167,7425538.0
2024-01-26 04:00:00+00:00,0.07167,0.07186,0.07101,0.0711,2015730.0
2024-01-26 08:00:00+00:00,0.0711,0.07341,0.0711,0.07325,11054800.0
2024-01-26 12:00:00+00:00,0.07325,0.07387,0.0726,0.07366,14866348.0
2024-01-26 16:00:00+00:00,0.07366,0.0746,0.07358,0.07436,9745493.0
2024-01-26 20:00:00+00:00,0.07436,0.07476,0.0739,0.07446,3716222.0
2024-01-27 00:00:00+00:00,0.07446,0.07537,0.07434,0.075,3810746.0
2024-01-27 04:00:00+00:00,0.075,0.07524,0.07392,0.07411,4328599.0
2024-01-27 08:00:00+00:00,0.07411,0.07448,0.07365,0.07414,3438870.0
2024-01-27 12:00:00+00:00,0.07414,0.07455,0.07412,0.07429,2091873.0
2024-01-27 16:00:00+00:00,0.07429,0.07453,0.07405,0.07448,2299347.0
2024-01-27 20:00:00+00:00,0.07448,0.07464,0.07423,0.07443,2291786.0
2024-01-28 00:00:00+00:00,0.07443,0.07552,0.07435,0.07546,9457215.0
2024-01-28 04:00:00+00:00,0.07546,0.07605,0.07515,0.07519,7173979.0
2024-01-28 08:00:00+00:00,0.07519,0.07557,0.0744,0.07478,7429198.0
2024-01-28 12:00:00+00:00,0.07478,0.07485,0.0737,0.07415,5550542.0
2024-01-28 16:00:00+00:00,0.07415,0.07439,0.07282,0.07313,6017515.0
2024-01-28 20:00:00+00:00,0.07313,0.07365,0.07255,0.07332,3875389.0
2024-01-29 00:00:00+00:00,0.07332,0.07431,0.07277,0.07395,4073596.0
2024-01-29 04:00:00+00:00,0.07395,0.074,0.07297,0.07305,2303772.0
2024-01-29 08:00:00+00:00,0.07305,0.07378,0.07285,0.07305,5391315.0
2024-01-29 12:00:00+00:00,0.07305,0.07346,0.07117,0.07287,12959303.0
2024-01-29 16:00:00+00:00,0.07287,0.07433,0.07273,0.07377,12969584.0
2024-01-29 20:00:00+00:00,0.07377,0.07457,0.07372,0.07435,4452884.0
2024-01-30 00:00:00+00:00,0.07435,0.07516,0.07404,0.07435,8528812.0
2024-01-30 04:00:00+00:00,0.07435,0.07471,0.07382,0.07423,5561296.0
2024-01-30 08:00:00+00:00,0.07423,0.07478,0.07388,0.07457,4277204.0
2024-01-30 12:00:00+00:00,0.07457,0.07486,0.07283,0.07364,11644858.0
2024-01-30 16:00:00+00:00,0.07364,0.07479,0.07346,0.07423,10176993.0
2024-01-30 20:00:00+00:00,0.07423,0.0745,0.07244,0.07291,8683130.0
2024-01-31 00:00:00+00:00,0.07291,0.07315,0.07179,0.07293,8549784.0
2024-01-31 04:00:00+00:00,0.07293,0.07311,0.0724,0.07284,8020743.0
2024-01-31 08:00:00+00:00,0.07284,0.07291,0.07077,0.07136,16737287.0
2024-01-31 12:00:00+00:00,0.07136,0.07136,0.06878,0.07063,35738419.0
2024-01-31 16:00:00+00:00,0.07063,0.07121,0.06995,0.07094,16796090.0
2024-01-31 20:00:00+00:00,0.07094,0.071,0.0689,0.06951,15538892.0
2024-02-01 00:00:00+00:00,0.06951,0.07012,0.06834,0.06914,10285957.0
2024-02-01 04:00:00+00:00,0.06914,0.06951,0.06855,0.06899,5753823.0
2024-02-01 08:00:00+00:00,0.06899,0.06914,0.06822,0.06833,9616516.0
2024-02-01 12:00:00+00:00,0.06833,0.07003,0.06831,0.06919,13075015.0
2024-02-01 16:00:00+00:00,0.06919,0.06981,0.06846,0.06943,6124956.0
2024-02-01 20:00:00+00:00,0.06943,0.07032,0.06922,0.07021,9076564.0
2024-02-02 00:00:00+00:00,0.07021,0.07138,0.06969,0.06983,17099005.0
2024-02-02 04:00:00+00:00,0.06983,0.07009,0.06897,0.06954,11208286.0
2024-02-02 08:00:00+00:00,0.06954,0.06981,0.06881,0.06931,9284338.0
2024-02-02 12:00:00+00:00,0.06931,0.07,0.06816,0.06994,16547986.0
2024-02-02 16:00:00+00:00,0.06994,0.07019,0.06839,0.069,10428721.0
2024-02-02 20:00:00+00:00,0.069,0.06927,0.06862,0.06923,5982630.0
2024-02-03 00:00:00+00:00,0.06923,0.07,0.06911,0.06992,8498308.0
2024-02-03 04:00:00+00:00,0.06992,0.07007,0.06918,0.06928,4788447.0
2024-02-03 08:00:00+00:00,0.06928,0.06966,0.06898,0.06903,5126736.0
2024-02-03 12:00:00+00:00,0.06903,0.06918,0.06836,0.06881,6394081.0
2024-02-03 16:00:00+00:00,0.06881,0.06985,0.06873,0.0698,5975210.0
2024-02-03 20:00:00+00:00,0.0698,0.06989,0.06916,0.06933,3253386.0
2024-02-04 00:00:00+00:00,0.06933,0.06934,0.06843,0.06894,4841825.0
2024-02-04 04:00:00+00:00,0.06894,0.06895,0.06812,0.06848,4501433.0
2024-02-04 08:00:00+00:00,0.06848,0.06883,0.06813,0.06867,2684114.0
2024-02-04 12:00:00+00:00,0.06867,0.06936,0.06862,0.06934,6279345.0
2024-02-04 16:00:00+00:00,0.06934,0.06964,0.06862,0.06897,3550059.0
2024-02-04 20:00:00+00:00,0.06897,0.06963,0.06815,0.06835,6746554.0
2024-02-05 00:00:00+00:00,0.06835,0.06859,0.06734,0.06838,16190201.0
2024-02-05 04:00:00+00:00,0.06838,0.06899,0.06825,0.06893,6805857.0
2024-02-05 08:00:00+00:00,0.06893,0.06982,0.06882,0.06968,10666035.0
2024-02-05 12:00:00+00:00,0.06968,0.0709,0.06906,0.06933,22317966.0
2024-02-05 16:00:00+00:00,0.06933,0.07057,0.06922,0.07003,12850602.0
2024-02-05 20:00:00+00:00,0.07003,0.07008,0.06881,0.06951,9075859.0
2024-02-06 00:00:00+00:00,0.06951,0.07039,0.06913,0.06991,7401359.0
2024-02-06 04:00:00+00:00,0.06991,0.07019,0.0695,0.07019,8758847.0
2024-02-06 08:00:00+00:00,0.07019,0.0705,0.06927,0.06946,14344881.0
2024-02-06 12:00:00+00:00,0.06946,0.07717,0.06907,0.07341,375034314.0
2024-02-06 16:00:00+00:00,0.07341,0.07369,0.07182,0.07275,46867870.0
2024-02-06 20:00:00+00:00,0.07275,0.07511,0.07262,0.07499,35192067.0
2024-02-07 00:00:00+00:00,0.07499,0.07613,0.07291,0.07296,48485349.0
2024-02-07 04:00:00+00:00,0.07296,0.07311,0.07071,0.07196,35636940.0
2024-02-07 08:00:00+00:00,0.07196,0.07409,0.07126,0.07228,53028052.0
2024-02-07 12:00:00+00:00,0.07228,0.07424,0.07227,0.0742,35015048.0
2024-02-07 16:00:00+00:00,0.0742,0.07559,0.07356,0.07512,34426004.0
2024-02-07 20:00:00+00:00,0.07512,0.0769,0.07512,0.07587,21045676.0
2024-02-08 00:00:00+00:00,0.07587,0.077,0.07559,0.07634,16752555.0
2024-02-08 04:00:00+00:00,0.07634,0.07786,0.07625,0.0772,28938752.0
2024-02-08 08:00:00+00:00,0.0772,0.07849,0.07671,0.07698,42512570.0
2024-02-08 12:00:00+00:00,0.07698,0.07723,0.076,0.0767,24898289.0
2024-02-08 16:00:00+00:00,0.0767,0.07687,0.07528,0.0766,22662953.0
2024-02-08 20:00:00+00:00,0.0766,0.07708,0.07591,0.07598,8998146.0
2024-02-09 00:00:00+00:00,0.07598,0.07681,0.07543,0.0761,16925597.0
2024-02-09 04:00:00+00:00,0.0761,0.07672,0.0757,0.07658,6744519.0
2024-02-09 08:00:00+00:00,0.07658,0.07735,0.07642,0.07724,9210145.0
2024-02-09 12:00:00+00:00,0.07724,0.07967,0.07693,0.07822,52132063.0
2024-02-09 16:00:00+00:00,0.07822,0.07875,0.07771,0.07814,10460568.0
2024-02-09 20:00:00+00:00,0.07814,0.07977,0.07813,0.07941,16154339.0
2024-02-10 00:00:00+00:00,0.07941,0.07993,0.07888,0.07991,9631802.0
2024-02-10 04:00:00+00:00,0.07991,0.08024,0.07853,0.07858,11068690.0
2024-02-10 08:00:00+00:00,0.07858,0.07901,0.07733,0.07842,14236911.0
2024-02-10 12:00:00+00:00,0.07842,0.07859,0.07738,0.07847,8410914.0
2024-02-10 16:00:00+00:00,0.07847,0.07896,0.07775,0.07888,5629463.0
2024-02-10 20:00:00+00:00,0.07888,0.07953,0.07867,0.07889,6673855.0
2024-02-11 00:00:00+00:00,0.07889,0.07909,0.07819,0.07903,4415894.0
2024-02-11 04:00:00+00:00,0.07903,0.08003,0.07894,0.07984,5952160.0
2024-02-11 08:00:00+00:00,0.07984,0.07985,0.07868,0.07888,7420076.0
2024-02-11 12:00:00+00:00,0.07888,0.07905,0.0778,0.07863,10167554.0
2024-02-11 16:00:00+00:00,0.07863,0.07876,0.07819,0.07842,4121648.0
2024-02-11 20:00:00+00:00,0.07842,0.07854,0.07755,0.07834,4349820.0
2024-02-12 00:00:00+00:00,0.07834,0.07905,0.07709,0.0776,8605850.0
2024-02-12 04:00:00+00:00,0.0776,0.07763,0.07662,0.0774,5166809.0
2024-02-12 08:00:00+00:00,0.0774,0.07749,0.07627,0.07679,5486366.0
2024-02-12 12:00:00+00:00,0.07679,0.07864,0.07647,0.07859,9817305.0
2024-02-12 16:00:00+00:00,0.07859,0.07988,0.07813,0.07886,12805661.0
2024-02-12 20:00:00+00:00,0.07886,0.08044,0.07885,0.07971,14864095.0
2024-02-13 00:00:00+00:00,0.07971,0.08114,0.07966,0.08015,17970847.0
2024-02-13 04:00:00+00:00,0.08015,0.08207,0.08015,0.08185,13066528.0
2024-02-13 08:00:00+00:00,0.08185,0.08236,0.08091,0.08114,13802565.0
2024-02-13 12:00:00+00:00,0.08114,0.08132,0.07827,0.07961,29914777.0
2024-02-13 16:00:00+00:00,0.07961,0.08042,0.07878,0.08026,12127855.0
2024-02-13 20:00:00+00:00,0.08026,0.08189,0.08026,0.08154,14708203.0
2024-02-14 00:00:00+00:00,0.08154,0.0816,0.08045,0.0808,6320487.0
2024-02-14 04:00:00+00:00,0.0808,0.08268,0.0806,0.08229,9504639.0
2024-02-14 08:00:00+00:00,0.08229,0.08325,0.08215,0.08312,13256020.0
2024-02-14 12:00:00+00:00,0.08312,0.08464,0.08157,0.08204,44220358.0
2024-02-14 16:00:00+00:00,0.08204,0.0828,0.08152,0.08272,10928673.0
2024-02-14 20:00:00+00:00,0.08272,0.08278,0.08205,0.08258,5266161.0
2024-02-15 00:00:00+00:00,0.08258,0.08332,0.08191,0.08309,12422846.0
2024-02-15 04:00:00+00:00,0.08309,0.08321,0.08152,0.08198,10949623.0
2024-02-15 08:00:00+00:00,0.08198,0.08292,0.08175,0.08256,7517576.0
2024-02-15 12:00:00+00:00,0.08256,0.08456,0.08234,0.08283,27065307.0
2024-02-15 16:00:00+00:00,0.08283,0.08372,0.08216,0.08347,9561972.0
2024-02-15 20:00:00+00:00,0.08347,0.08353,0.0816,0.08298,10503334.0
2024-02-16 00:00:00+00:00,0.08298,0.08489,0.08246,0.08463,13577046.0
2024-02-16 04:00:00+00:00,0.08463,0.08613,0.08406,0.08424,15256547.0
2024-02-16 08:00:00+00:00,0.08424,0.08599,0.08337,0.08548,13686400.0
2024-02-16 12:00:00+00:00,0.08548,0.08596,0.08225,0.08399,22190685.0
2024-02-16 16:00:00+00:00,0.08399,0.08473,0.08314,0.08417,8101314.0
2024-02-16 20:00:00+00:00,0.08417,0.08588,0.08409,0.0857,7388887.0
2024-02-17 00:00:00+00:00,0.0857,0.08602,0.08386,0.08488,10549715.0
2024-02-17 04:00:00+00:00,0.08488,0.08521,0.08435,0.08513,4318110.0
2024-02-17 08:00:00+00:00,0.08513,0.08513,0.08339,0.08363,6322394.0
2024-02-17 12:00:00+00:00,0.08363,0.08425,0.08164,0.08284,16882134.0
2024-02-17 16:00:00+00:00,0.08284,0.08322,0.08241,0.08282,6163116.0
2024-02-17 20:00:00+00:00,0.08282,0.08378,0.08263,0.08362,6224491.0
2024-02-18 00:00:00+00:00,0.08362,0.08541,0.08342,0.08531,13478977.0
2024-02-18 04:00:00+00:00,0.08531,0.08617,0.08498,0.08615,7638179.0
2024-02-18 08:00:00+00:00,0.08615,0.0891,0.08587,0.0882,20189752.0
2024-02-18 12:00:00+00:00,0.0882,0.09086,0.08806,0.09042,33111079.0
2024-02-18 16:00:00+00:00,0.09042,0.09228,0.0896,0.0899,27517521.0
2024-02-18 20:00:00+00:00,0.0899,0.09046,0.08923,0.08996,12548595.0
2024-02-19 00:00:00+00:00,0.08996,0.09448,0.08969,0.09392,34228668.0
2024-02-19 04:00:00+00:00,0.09392,0.09557,0.0934,0.09503,30499599.0
2024-02-19 08:00:00+00:00,0.09503,0.10265,0.09497,0.10239,132352585.0
2024-02-19 12:00:00+00:00,0.10239,0.10607,0.09846,0.10272,188478033.0
2024-02-19 16:00:00+00:00,0.10272,0.10678,0.10067,0.10412,108563931.0
2024-02-19 20:00:00+00:00,0.10412,0.118,0.10412,0.11209,200181744.0
2024-02-20 00:00:00+00:00,0.11209,0.11374,0.10444,0.10488,102550483.0
2024-02-20 04:00:00+00:00,0.10488,0.10868,0.10423,0.10761,62618736.0
2024-02-20 08:00:00+00:00,0.10761,0.10906,0.10348,0.10722,79392626.0
2024-02-20 12:00:00+00:00,0.10722,0.11054,0.10112,0.10265,126000923.0
2024-02-20 16:00:00+00:00,0.10265,0.10719,0.10208,0.10654,85328574.0
2024-02-20 20:00:00+00:00,0.10654,0.11054,0.10579,0.10744,78149652.0
2024-02-21 00:00:00+00:00,0.10744,0.10796,0.10472,0.10724,32741277.0
2024-02-21 04:00:00+00:00,0.10724,0.11231,0.10633,0.10828,105446354.0
2024-02-21 08:00:00+00:00,0.10828,0.112,0.1025,0.10304,144144101.0
2024-02-21 12:00:00+00:00,0.10304,0.10544,0.10116,0.10284,86229160.0
2024-02-21 16:00:00+00:00,0.10284,0.10409,0.09957,0.10127,53277915.0
2024-02-21 20:00:00+00:00,0.10127,0.10549,0.10043,0.10486,31535736.0
2024-02-22 00:00:00+00:00,0.10486,0.10572,0.10032,0.10143,29120236.0
2024-02-22 04:00:00+00:00,0.10143,0.10545,0.10063,0.10542,26795639.0
2024-02-22 08:00:00+00:00,0.10542,0.11134,0.10501,0.11105,56251836.0
2024-02-22 12:00:00+00:00,0.11105,0.11529,0.10935,0.1127,127855000.0
2024-02-22 16:00:00+00:00,0.1127,0.11769,0.11154,0.11613,91705639.0
2024-02-22 20:00:00+00:00,0.11613,0.11999,0.11453,0.11634,73313915.0
2024-02-23 00:00:00+00:00,0.11634,0.11708,0.1114,0.1118,56913693.0
2024-02-23 04:00:00+00:00,0.1118,0.11354,0.11036,0.11276,37213802.0
2024-02-23 08:00:00+00:00,0.11276,0.11657,0.1117,0.11339,47180890.0
2024-02-23 12:00:00+00:00,0.11339,0.11468,0.10871,0.10905,59046183.0
2024-02-23 16:00:00+00:00,0.10905,0.11158,0.10734,0.11019,40293475.0
2024-02-23 20:00:00+00:00,0.11019,0.11062,0.10746,0.10945,22619736.0
2024-02-24 00:00:00+00:00,0.10945,0.1096,0.1065,0.10787,17194396.0
2024-02-24 04:00:00+00:00,0.10787,0.10875,0.10742,0.10788,13095635.0
2024-02-24 08:00:00+00:00,0.10788,0.11074,0.10638,0.10969,25967806.0
2024-02-24 12:00:00+00:00,0.10969,0.1116,0.10828,0.1091,31662968.0
2024-02-24 16:00:00+00:00,0.1091,0.11047,0.10862,0.10941,19017303.0
2024-02-24 20:00:00+00:00,0.10941,0.11065,0.1088,0.11022,11784974.0
2024-02-25 00:00:00+00:00,0.11022,0.11208,0.10838,0.1097,19757870.0
2024-02-25 04:00:00+00:00,0.1097,0.10981,0.10792,0.1089,18812998.0
2024-02-25 08:00:00+00:00,0.1089,0.10901,0.10717,0.1081,15007254.0
2024-02-25 12:00:00+00:00,0.1081,0.10849,0.10658,0.10696,14594160.0
2024-02-25 16:00:00+00:00,0.10696,0.10826,0.10663,0.10778,13554121.0
2024-02-25 20:00:00+00:00,0.10778,0.10984,0.10776,0.10941,21265203.0
2024-02-26 00:00:00+00:00,0.10941,0.10941,0.10668,0.10733,15811070.0
2024-02-26 04:00:00+00:00,0.10733,0.10748,0.1058,0.10601,21650066.0
2024-02-26 08:00:00+00:00,0.10601,0.10657,0.10323,0.10496,45604097.0
2024-02-26 12:00:00+00:00,0.10496,0.10804,0.10416,0.10768,40275258.0
2024-02-26 16:00:00+00:00,0.10768,0.11357,0.10756,0.11333,70219118.0
2024-02-26 20:00:00+00:00,0.11333,0.11401,0.11157,0.11175,25157612.0
2024-02-27 00:00:00+00:00,0.11175,0.11335,0.11035,0.11162,25337569.0
2024-02-27 04:00:00+00:00,0.11162,0.11206,0.10983,0.1104,19516406.0
2024-02-27 08:00:00+00:00,0.1104,0.11225,0.10978,0.11165,14308504.0
2024-02-27 12:00:00+00:00,0.11165,0.11248,0.10789,0.10844,25367379.0
2024-02-27 16:00:00+00:00,0.10844,0.10943,0.10701,0.10847,21389046.0
2024-02-27 20:00:00+00:00,0.10847,0.10918,0.10778,0.1083,10329736.0
2024-02-28 00:00:00+00:00,0.1083,0.11027,0.10763,0.10984,13385122.0
2024-02-28 04:00:00+00:00,0.10984,0.11414,0.10984,0.11381,31655140.0
2024-02-28 08:00:00+00:00,0.11381,0.119,0.1113,0.11475,71296446.0
2024-02-28 12:00:00+00:00,0.11475,0.11644,0.11389,0.11457,39907102.0
2024-02-28 16:00:00+00:00,0.11457,0.1169,0.10146,0.11119,150463270.0
2024-02-28 20:00:00+00:00,0.11119,0.11506,0.11062,0.1135,48447998.0
2024-02-29 00:00:00+00:00,0.1135,0.11726,0.1117,0.11704,35081741.0
2024-02-29 04:00:00+00:00,0.11704,0.11891,0.1154,0.11817,40326189.0
2024-02-29 08:00:00+00:00,0.11817,0.12462,0.1178,0.11937,73484133.0
2024-02-29 12:00:00+00:00,0.11937,0.12142,0.11726,0.1185,43780370.0
2024-02-29 16:00:00+00:00,0.1185,0.11863,0.11425,0.11645,56866227.0
2024-02-29 20:00:00+00:00,0.11645,0.11658,0.10991,0.11461,44960513.0
2024-03-01 00:00:00+00:00,0.11461,0.11762,0.1143,0.11678,23923574.0
2024-03-01 04:00:00+00:00,0.11678,0.11803,0.11486,0.11497,19225560.0
2024-03-01 08:00:00+00:00,0.11497,0.11683,0.11482,0.11577,13007609.0
2024-03-01 12:00:00+00:00,0.11577,0.11652,0.11384,0.11426,22669132.0
2024-03-01 16:00:00+00:00,0.11426,0.11621,0.11328,0.11503,16048496.0
2024-03-01 20:00:00+00:00,0.11503,0.11712,0.11414,0.11693,20292549.0
2024-03-02 00:00:00+00:00,0.11693,0.1184,0.11436,0.11738,21904390.0
2024-03-02 04:00:00+00:00,0.11738,0.11963,0.1166,0.11941,27362344.0
2024-03-02 08:00:00+00:00,0.11941,0.1209,0.11449,0.11474,81064397.0
2024-03-02 12:00:00+00:00,0.11474,0.11607,0.11223,0.11386,34801038.0
2024-03-02 16:00:00+00:00,0.11386,0.1149,0.11336,0.1145,20540200.0
2024-03-02 20:00:00+00:00,0.1145,0.11576,0.11361,0.1157,15468621.0
2024-03-03 00:00:00+00:00,0.1157,0.11575,0.11383,0.11535,14491295.0
2024-03-03 04:00:00+00:00,0.11535,0.1156,0.10539,0.11051,62205297.0
2024-03-03 08:00:00+00:00,0.11051,0.11298,0.10935,0.11188,29939560.0
2024-03-03 12:00:00+00:00,0.11188,0.11243,0.11078,0.11168,15072567.0
2024-03-03 16:00:00+00:00,0.11168,0.11333,0.11084,0.1128,29024305.0
2024-03-03 20:00:00+00:00,0.1128,0.11353,0.11192,0.11316,8333714.0
2024-03-04 00:00:00+00:00,0.11316,0.1149,0.11169,0.11239,21817931.0
2024-03-04 04:00:00+00:00,0.11239,0.11493,0.11177,0.11406,10850456.0
2024-03-04 08:00:00+00:00,0.11406,0.11648,0.11279,0.11648,28300753.0
2024-03-04 12:00:00+00:00,0.11648,0.11982,0.11534,0.11971,55915525.0
2024-03-04 16:00:00+00:00,0.11971,0.12012,0.11379,0.11764,48177405.0
2024-03-04 20:00:00+00:00,0.11764,0.11865,0.11588,0.11751,23319524.0
2024-03-05 00:00:00+00:00,0.11751,0.12355,0.11745,0.11901,70204277.0
2024-03-05 04:00:00+00:00,0.11901,0.12454,0.1155,0.12246,75238475.0
2024-03-05 08:00:00+00:00,0.12246,0.12848,0.1213,0.12553,54859008.0
2024-03-05 12:00:00+00:00,0.12553,0.12758,0.12014,0.12221,69133979.0
2024-03-05 16:00:00+00:00,0.12221,0.12312,0.09094,0.10357,175770989.0
2024-03-05 20:00:00+00:00,0.10357,0.11229,0.10323,0.11146,94554849.0
2024-03-06 00:00:00+00:00,0.11146,0.11233,0.1083,0.11124,33074777.0
2024-03-06 04:00:00+00:00,0.11124,0.12287,0.11124,0.12222,38889668.0
2024-03-06 08:00:00+00:00,0.12222,0.12417,0.12018,0.12325,35983574.0
2024-03-06 12:00:00+00:00,0.12325,0.12348,0.11716,0.11979,47604356.0
2024-03-06 16:00:00+00:00,0.11979,0.12298,0.11923,0.12274,26580640.0
2024-03-06 20:00:00+00:00,0.12274,0.12684,0.12145,0.12609,29011589.0
2024-03-07 00:00:00+00:00,0.12609,0.13049,0.12483,0.1303,44454485.0
2024-03-07 04:00:00+00:00,0.1303,0.13967,0.12908,0.1375,78798337.0
2024-03-07 08:00:00+00:00,0.1375,0.13786,0.13231,0.13483,39771348.0
2024-03-07 12:00:00+00:00,0.13483,0.13491,0.13162,0.13446,36393900.0
2024-03-07 16:00:00+00:00,0.13446,0.13638,0.13369,0.13619,22220488.0
2024-03-07 20:00:00+00:00,0.13619,0.13639,0.13325,0.13396,15267315.0
2024-03-08 00:00:00+00:00,0.13396,0.13512,0.13107,0.13208,21280496.0
2024-03-08 04:00:00+00:00,0.13208,0.13215,0.13009,0.13189,16667973.0
2024-03-08 08:00:00+00:00,0.13189,0.13361,0.13133,0.13308,13601987.0
2024-03-08 12:00:00+00:00,0.13308,0.13383,0.1241,0.12689,59799167.0
2024-03-08 16:00:00+00:00,0.12689,0.1299,0.12403,0.12931,49406475.0
2024-03-08 20:00:00+00:00,0.12931,0.13111,0.12878,0.13067,17429925.0
2024-03-09 00:00:00+00:00,0.13067,0.13174,0.12954,0.13104,11182357.0
2024-03-09 04:00:00+00:00,0.13104,0.132,0.13009,0.13021,9659143.0
2024-03-09 08:00:00+00:00,0.13021,0.13182,0.12902,0.12996,13093387.0
2024-03-09 12:00:00+00:00,0.12996,0.13162,0.12914,0.13103,8757152.0
2024-03-09 16:00:00+00:00,0.13103,0.13142,0.12867,0.12972,9895572.0
2024-03-09 20:00:00+00:00,0.12972,0.13209,0.12962,0.13085,10101396.0
2024-03-10 00:00:00+00:00,0.13085,0.13305,0.1301,0.13272,11943886.0
2024-03-10 04:00:00+00:00,0.13272,0.13282,0.12851,0.12963,37583055.0
2024-03-10 08:00:00+00:00,0.12963,0.13001,0.12682,0.1276,25067534.0
2024-03-10 12:00:00+00:00,0.1276,0.12859,0.12345,0.12481,27057744.0
2024-03-10 16:00:00+00:00,0.12481,0.12665,0.12456,0.12628,13060347.0
2024-03-10 20:00:00+00:00,0.12628,0.12709,0.12306,0.12604,16476080.0
2024-03-11 00:00:00+00:00,0.12604,0.12633,0.12013,0.12484,42722283.0
2024-03-11 04:00:00+00:00,0.12484,0.1284,0.12329,0.12793,24135911.0
2024-03-11 08:00:00+00:00,0.12793,0.13198,0.12793,0.13029,23252163.0
2024-03-11 12:00:00+00:00,0.13029,0.13109,0.12783,0.12797,18627366.0
2024-03-11 16:00:00+00:00,0.12797,0.13158,0.12666,0.1298,29412395.0
2024-03-11 20:00:00+00:00,0.1298,0.13312,0.12964,0.13292,22867371.0
2024-03-12 00:00:00+00:00,0.13292,0.13373,0.131,0.13123,19390398.0
2024-03-12 04:00:00+00:00,0.13123,0.13308,0.12935,0.1303,19229161.0
2024-03-12 08:00:00+00:00,0.1303,0.13055,0.12612,0.12818,26782645.0
2024-03-12 12:00:00+00:00,0.12818,0.13288,0.12651,0.13186,38489171.0
2024-03-12 16:00:00+00:00,0.13186,0.13214,0.12214,0.13202,54579258.0
2024-03-12 20:00:00+00:00,0.13202,0.13355,0.12972,0.13333,14362160.0
2024-03-13 00:00:00+00:00,0.13333,0.14061,0.13333,0.13521,56927842.0
2024-03-13 04:00:00+00:00,0.13521,0.13545,0.13371,0.13458,14600166.0
2024-03-13 08:00:00+00:00,0.13458,0.1375,0.13352,0.13419,30438346.0
2024-03-13 12:00:00+00:00,0.13419,0.13427,0.12914,0.13093,28377237.0
2024-03-13 16:00:00+00:00,0.13093,0.1321,0.13031,0.13124,13522267.0
2024-03-13 20:00:00+00:00,0.13124,0.13291,0.13003,0.13272,10405426.0
2024-03-14 00:00:00+00:00,0.13272,0.13278,0.12976,0.13059,15306705.0
2024-03-14 04:00:00+00:00,0.13059,0.13071,0.12879,0.12942,9887951.0
2024-03-14 08:00:00+00:00,0.12942,0.13089,0.12768,0.12893,12524548.0
2024-03-14 12:00:00+00:00,0.12893,0.12925,0.12342,0.12456,38391084.0
2024-03-14 16:00:00+00:00,0.12456,0.12704,0.12,0.12227,35211801.0
2024-03-14 20:00:00+00:00,0.12227,0.12786,0.12219,0.1273,17535315.0
2024-03-15 00:00:00+00:00,0.1273,0.12775,0.11553,0.11965,54462618.0
2024-03-15 04:00:00+00:00,0.11965,0.12012,0.11651,0.11903,28033827.0
2024-03-15 08:00:00+00:00,0.11903,0.11911,0.11044,0.11553,66828012.0
2024-03-15 12:00:00+00:00,0.11553,0.11789,0.11463,0.11683,25873810.0
2024-03-15 16:00:00+00:00,0.11683,0.1219,0.11535,0.11838,27176712.0
2024-03-15 20:00:00+00:00,0.11838,0.12144,0.11501,0.12067,35787189.0
2024-03-16 00:00:00+00:00,0.12067,0.12359,0.11989,0.1231,17041476.0
2024-03-16 04:00:00+00:00,0.1231,0.12486,0.12057,0.12413,22528002.0
2024-03-16 08:00:00+00:00,0.12413,0.12418,0.1197,0.12068,17810394.0
2024-03-16 12:00:00+00:00,0.12068,0.12096,0.11448,0.11746,25662737.0
2024-03-16 16:00:00+00:00,0.11746,0.11758,0.10909,0.11124,37980769.0
2024-03-16 20:00:00+00:00,0.11124,0.11345,0.10848,0.11092,44725586.0
2024-03-17 00:00:00+00:00,0.11092,0.11391,0.1089,0.11387,27795114.0
2024-03-17 04:00:00+00:00,0.11387,0.114,0.10677,0.10954,19580413.0
2024-03-17 08:00:00+00:00,0.10954,0.11551,0.10935,0.11405,24266158.0
2024-03-17 12:00:00+00:00,0.11405,0.11884,0.11195,0.11859,15436908.0
2024-03-17 16:00:00+00:00,0.11859,0.11952,0.11725,0.11944,12372756.0
2024-03-17 20:00:00+00:00,0.11944,0.11996,0.11582,0.11656,11343481.0
2024-03-18 00:00:00+00:00,0.11656,0.1166,0.11201,0.11413,22124607.0
2024-03-18 04:00:00+00:00,0.11413,0.11636,0.11295,0.11456,10536845.0
2024-03-18 08:00:00+00:00,0.11456,0.11462,0.11174,0.11368,13563370.0
2024-03-18 12:00:00+00:00,0.11368,0.11412,0.1091,0.11165,47452725.0
2024-03-18 16:00:00+00:00,0.11165,0.1128,0.10858,0.11059,30478421.0
2024-03-18 20:00:00+00:00,0.11059,0.11277,0.11017,0.11195,10852752.0
2024-03-19 00:00:00+00:00,0.11195,0.11342,0.10445,0.10717,34910015.0
2024-03-19 04:00:00+00:00,0.10717,0.10808,0.09983,0.10446,44919252.0
2024-03-19 08:00:00+00:00,0.10446,0.10452,0.09889,0.10353,47400903.0
2024-03-19 12:00:00+00:00,0.10353,0.10759,0.10328,0.10725,31005224.0
2024-03-19 16:00:00+00:00,0.10725,0.10812,0.10487,0.10684,22233056.0
2024-03-19 20:00:00+00:00,0.10684,0.107,0.09941,0.10146,27334891.0
2024-03-20 00:00:00+00:00,0.10146,0.10508,0.10119,0.10215,19312254.0
2024-03-20 04:00:00+00:00,0.10215,0.10669,0.09827,0.10635,28853376.0
2024-03-20 08:00:00+00:00,0.10635,0.10813,0.10507,0.10729,18190192.0
2024-03-20 12:00:00+00:00,0.10729,0.10775,0.10352,0.1039,16597143.0
2024-03-20 16:00:00+00:00,0.1039,0.1092,0.1001,0.10881,39745904.0
2024-03-20 20:00:00+00:00,0.10881,0.11245,0.10833,0.11146,31354441.0
2024-03-21 00:00:00+00:00,0.11146,0.11307,0.11086,0.11137,11430948.0
2024-03-21 04:00:00+00:00,0.11137,0.11191,0.10843,0.11043,12259916.0
2024-03-21 08:00:00+00:00,0.11043,0.11307,0.11042,0.11113,16472441.0
2024-03-21 12:00:00+00:00,0.11113,0.11262,0.10993,0.11137,13942125.0
2024-03-21 16:00:00+00:00,0.11137,0.11316,0.1078,0.10955,19078036.0
2024-03-21 20:00:00+00:00,0.10955,0.11083,0.1082,0.11016,9922526.0
2024-03-22 00:00:00+00:00,0.11016,0.11089,0.10751,0.11075,9525263.0
2024-03-22 04:00:00+00:00,0.11075,0.11218,0.10984,0.11138,5548827.0
2024-03-22 08:00:00+00:00,0.11138,0.11175,0.10682,0.10711,9583761.0
2024-03-22 12:00:00+00:00,0.10711,0.108,0.10356,0.10621,26191074.0
2024-03-22 16:00:00+00:00,0.10621,0.10716,0.10465,0.10654,10108549.0
2024-03-22 20:00:00+00:00,0.10654,0.10679,0.10422,0.10676,7671050.0
2024-03-23 00:00:00+00:00,0.10676,0.1084,0.10502,0.10631,7943999.0
2024-03-23 04:00:00+00:00,0.10631,0.10838,0.10613,0.10777,4817391.0
2024-03-23 08:00:00+00:00,0.10777,0.1085,0.10693,0.10848,5932334.0
2024-03-23 12:00:00+00:00,0.10848,0.11007,0.10785,0.10932,7354980.0
2024-03-23 16:00:00+00:00,0.10932,0.10965,0.10801,0.10827,5903382.0
2024-03-23 20:00:00+00:00,0.10827,0.10851,0.10635,0.10656,6063571.0
2024-03-24 00:00:00+00:00,0.10656,0.10803,0.10601,0.10628,5215720.0
2024-03-24 04:00:00+00:00,0.10628,0.10734,0.1056,0.10669,2849337.0
2024-03-24 08:00:00+00:00,0.10669,0.10815,0.10646,0.10781,4659159.0
2024-03-24 12:00:00+00:00,0.10781,0.10909,0.10761,0.10826,4300900.0
2024-03-24 16:00:00+00:00,0.10826,0.1086,0.10606,0.10827,5294163.0
2024-03-24 20:00:00+00:00,0.10827,0.11056,0.10802,0.11011,6645231.0
2024-03-25 00:00:00+00:00,0.11011,0.11214,0.10955,0.11193,8913620.0
2024-03-25 04:00:00+00:00,0.11193,0.11252,0.11059,0.1109,10006114.0
2024-03-25 08:00:00+00:00,0.1109,0.11296,0.1108,0.11131,6506414.0
2024-03-25 12:00:00+00:00,0.11131,0.11624,0.11119,0.11577,20138414.0
2024-03-25 16:00:00+00:00,0.11577,0.119,0.11534,0.11855,13037193.0
2024-03-25 20:00:00+00:00,0.11855,0.11873,0.11597,0.11728,13948783.0
2024-03-26 00:00:00+00:00,0.11728,0.12036,0.11677,0.12,8180902.0
2024-03-26 04:00:00+00:00,0.12,0.12256,0.11992,0.12098,10906186.0
2024-03-26 08:00:00+00:00,0.12098,0.1241,0.1204,0.12219,11726462.0
2024-03-26 12:00:00+00:00,0.12219,0.13098,0.11937,0.1212,100878549.0
2024-03-26 16:00:00+00:00,0.1212,0.12193,0.11793,0.11882,20267350.0
2024-03-26 20:00:00+00:00,0.11882,0.12157,0.11831,0.12054,12230122.0
2024-03-27 00:00:00+00:00,0.12054,0.12155,0.1179,0.11827,11308438.0
2024-03-27 04:00:00+00:00,0.11827,0.11846,0.11518,0.11534,20078114.0
2024-03-27 08:00:00+00:00,0.11534,0.11641,0.11278,0.11597,35416268.0
2024-03-27 12:00:00+00:00,0.11597,0.11875,0.11273,0.11373,52166833.0
2024-03-27 16:00:00+00:00,0.11373,0.11459,0.11214,0.11339,17931728.0
2024-03-27 20:00:00+00:00,0.11339,0.11474,0.11327,0.11391,9182680.0
2024-03-28 00:00:00+00:00,0.11391,0.11519,0.11135,0.11265,7787818.0
2024-03-28 04:00:00+00:00,0.11265,0.1151,0.11174,0.11504,7666532.0
2024-03-28 08:00:00+00:00,0.11504,0.11646,0.114,0.11545,10322974.0
2024-03-28 12:00:00+00:00,0.11545,0.11637,0.11354,0.11622,9481330.0
2024-03-28 16:00:00+00:00,0.11622,0.11774,0.11604,0.11668,9497792.0
2024-03-28 20:00:00+00:00,0.11668,0.11721,0.11572,0.11641,4722231.0
2024-03-29 00:00:00+00:00,0.11641,0.11688,0.11446,0.11519,5202247.0
2024-03-29 04:00:00+00:00,0.11519,0.11566,0.11269,0.11299,8009508.0
2024-03-29 08:00:00+00:00,0.11299,0.11548,0.11278,0.11543,11194852.0
2024-03-29 12:00:00+00:00,0.11543,0.11822,0.11442,0.11526,16591948.0
2024-03-29 16:00:00+00:00,0.11526,0.11765,0.1146,0.11535,9267108.0
2024-03-29 20:00:00+00:00,0.11535,0.11676,0.1136,0.11625,7080949.0
2024-03-30 00:00:00+00:00,0.11625,0.11636,0.11441,0.11459,5116303.0
2024-03-30 04:00:00+00:00,0.11459,0.11674,0.11445,0.11496,8091487.0
2024-03-30 08:00:00+00:00,0.11496,0.11659,0.11439,0.11638,5971509.0
2024-03-30 12:00:00+00:00,0.11638,0.11657,0.11453,0.11504,4719523.0
2024-03-30 16:00:00+00:00,0.11504,0.11612,0.1142,0.11531,5824400.0
2024-03-30 20:00:00+00:00,0.11531,0.11536,0.11292,0.11368,5352514.0
2024-03-31 00:00:00+00:00,0.11368,0.11579,0.11319,0.11463,11959425.0
2024-03-31 04:00:00+00:00,0.11463,0.1174,0.11445,0.11716,8265286.0
2024-03-31 08:00:00+00:00,0.11716,0.1184,0.11676,0.11724,7007230.0
2024-03-31 12:00:00+00:00,0.11724,0.11997,0.11693,0.11694,13779650.0
2024-03-31 16:00:00+00:00,0.11694,0.11762,0.1156,0.11596,11457790.0
2024-03-31 20:00:00+00:00,0.11596,0.11638,0.11492,0.11596,9976509.0
2024-04-01 00:00:00+00:00,0.11596,0.11681,0.11475,0.11526,9630443.0
2024-04-01 04:00:00+00:00,0.11526,0.11526,0.10962,0.11213,36795065.0
2024-04-01 08:00:00+00:00,0.11213,0.11219,0.1104,0.11108,12294449.0
2024-04-01 12:00:00+00:00,0.11108,0.11229,0.10744,0.10761,32650985.0
2024-04-01 16:00:00+00:00,0.10761,0.10963,0.10693,0.1095,18565755.0
2024-04-01 20:00:00+00:00,0.1095,0.11031,0.10903,0.11014,5514414.0
2024-04-02 00:00:00+00:00,0.11014,0.11014,0.10355,0.10589,37311839.0
2024-04-02 04:00:00+00:00,0.10589,0.10703,0.10469,0.10596,13483377.0
2024-04-02 08:00:00+00:00,0.10596,0.10638,0.10243,0.10441,22829280.0
2024-04-02 12:00:00+00:00,0.10441,0.10632,0.10266,0.10385,16356374.0
2024-04-02 16:00:00+00:00,0.10385,0.10541,0.1034,0.105,8396942.0
2024-04-02 20:00:00+00:00,0.105,0.10553,0.10346,0.10376,7326307.0
2024-04-03 00:00:00+00:00,0.10376,0.1057,0.10045,0.1054,22570199.0
2024-04-03 04:00:00+00:00,0.1054,0.10646,0.10475,0.10556,8975120.0
2024-04-03 08:00:00+00:00,0.10556,0.1072,0.10458,0.10517,16519126.0
2024-04-03 12:00:00+00:00,0.10517,0.10571,0.10314,0.10386,14609257.0
2024-04-03 16:00:00+00:00,0.10386,0.10507,0.10226,0.10299,7913055.0
2024-04-03 20:00:00+00:00,0.10299,0.10328,0.10122,0.10265,11852237.0
2024-04-04 00:00:00+00:00,0.10265,0.10476,0.10218,0.10235,13078603.0
2024-04-04 04:00:00+00:00,0.10235,0.10604,0.1013,0.10543,23637067.0
2024-04-04 08:00:00+00:00,0.10543,0.10609,0.10508,0.10555,8252312.0
2024-04-04 12:00:00+00:00,0.10555,0.10734,0.10548,0.10574,12704849.0
2024-04-04 16:00:00+00:00,0.10574,0.1075,0.1053,0.10547,11036121.0
2024-04-04 20:00:00+00:00,0.10547,0.10555,0.10325,0.10529,14163233.0
2024-04-05 00:00:00+00:00,0.10529,0.10541,0.10282,0.10475,9352948.0
2024-04-05 04:00:00+00:00,0.10475,0.10477,0.10163,0.10264,10619247.0
2024-04-05 08:00:00+00:00,0.10264,0.10337,0.10051,0.10066,13184072.0
2024-04-05 12:00:00+00:00,0.10066,0.10429,0.10007,0.10422,17853663.0
2024-04-05 16:00:00+00:00,0.10422,0.10478,0.10323,0.1039,6036018.0
2024-04-05 20:00:00+00:00,0.1039,0.10515,0.10388,0.10464,4549272.0
2024-04-06 00:00:00+00:00,0.10464,0.10554,0.10423,0.10544,6907417.0
2024-04-06 04:00:00+00:00,0.10544,0.10601,0.10485,0.10556,5342539.0
2024-04-06 08:00:00+00:00,0.10556,0.10627,0.10497,0.10509,2874890.0
2024-04-06 12:00:00+00:00,0.10509,0.10609,0.10464,0.10562,4831793.0
2024-04-06 16:00:00+00:00,0.10562,0.1062,0.10513,0.10528,4241827.0
2024-04-06 20:00:00+00:00,0.10528,0.10698,0.10518,0.10602,3626820.0
2024-04-07 00:00:00+00:00,0.10602,0.10711,0.10547,0.10649,2829272.0
2024-04-07 04:00:00+00:00,0.10649,0.1068,0.10593,0.10642,2391865.0
2024-04-07 08:00:00+00:00,0.10642,0.10693,0.1059,0.10669,2325183.0
2024-04-07 12:00:00+00:00,0.10669,0.10755,0.10634,0.10669,5874488.0
2024-04-07 16:00:00+00:00,0.10669,0.10771,0.10482,0.10514,7152206.0
2024-04-07 20:00:00+00:00,0.10514,0.10615,0.10445,0.10596,4880895.0
2024-04-08 00:00:00+00:00,0.10596,0.10601,0.10311,0.10329,13900688.0
2024-04-08 04:00:00+00:00,0.10329,0.10463,0.10254,0.10458,16810103.0
2024-04-08 08:00:00+00:00,0.10458,0.109,0.10443,0.10878,19796197.0
2024-04-08 12:00:00+00:00,0.10878,0.11114,0.10809,0.10887,52539349.0
2024-04-08 16:00:00+00:00,0.10887,0.1102,0.10867,0.1097,14624225.0
2024-04-08 20:00:00+00:00,0.1097,0.1104,0.10921,0.10957,10788989.0
2024-04-09 00:00:00+00:00,0.10957,0.10983,0.10788,0.10835,12773954.0
2024-04-09 04:00:00+00:00,0.10835,0.10911,0.10624,0.10681,21557636.0
2024-04-09 08:00:00+00:00,0.10681,0.10826,0.1052,0.10807,22308240.0
2024-04-09 12:00:00+00:00,0.10807,0.10837,0.10381,0.10575,28424942.0
2024-04-09 16:00:00+00:00,0.10575,0.10603,0.10411,0.10547,10537733.0
2024-04-09 20:00:00+00:00,0.10547,0.10599,0.1031,0.1035,25371611.0
2024-04-10 00:00:00+00:00,0.1035,0.10449,0.1013,0.10268,19577757.0
2024-04-10 04:00:00+00:00,0.10268,0.10364,0.10224,0.10308,12910778.0
2024-04-10 08:00:00+00:00,0.10308,0.10322,0.10134,0.10199,14258305.0
2024-04-10 12:00:00+00:00,0.10199,0.10208,0.09779,0.10089,56853009.0
2024-04-10 16:00:00+00:00,0.10089,0.10252,0.10016,0.10166,22963302.0
2024-04-10 20:00:00+00:00,0.10166,0.10301,0.10078,0.10237,11149839.0
2024-04-11 00:00:00+00:00,0.10237,0.10256,0.10046,0.10146,15458533.0
2024-04-11 04:00:00+00:00,0.10146,0.10307,0.10107,0.10258,9153035.0
2024-04-11 08:00:00+00:00,0.10258,0.10298,0.09945,0.0997,10741558.0
2024-04-11 12:00:00+00:00,0.0997,0.10116,0.09874,0.09974,22002337.0
2024-04-11 16:00:00+00:00,0.09974,0.09994,0.09823,0.09942,11716429.0
2024-04-11 20:00:00+00:00,0.09942,0.10015,0.09918,0.09995,7331272.0
2024-04-12 00:00:00+00:00,0.09995,0.10099,0.09977,0.10087,3448170.0
2024-04-12 04:00:00+00:00,0.10087,0.10124,0.09942,0.0998,4319594.0
2024-04-12 08:00:00+00:00,0.0998,0.10013,0.09909,0.0996,4312455.0
2024-04-12 12:00:00+00:00,0.0996,0.0996,0.09522,0.09548,24946668.0
2024-04-12 16:00:00+00:00,0.09548,0.09573,0.074,0.08479,230342056.0
2024-04-12 20:00:00+00:00,0.08479,0.08767,0.08449,0.08755,33049589.0
2024-04-13 00:00:00+00:00,0.08755,0.08755,0.08324,0.08428,34094041.0
2024-04-13 04:00:00+00:00,0.08428,0.0865,0.08368,0.08546,15227429.0
2024-04-13 08:00:00+00:00,0.08546,0.0871,0.08467,0.08589,15656139.0
2024-04-13 12:00:00+00:00,0.08589,0.08672,0.08486,0.08501,20108713.0
2024-04-13 16:00:00+00:00,0.08501,0.0854,0.07284,0.07634,111686837.0
2024-04-13 20:00:00+00:00,0.07634,0.07959,0.06515,0.07843,197733045.0
2024-04-14 00:00:00+00:00,0.07843,0.07903,0.07407,0.07557,46649091.0
2024-04-14 04:00:00+00:00,0.07557,0.0813,0.07502,0.08105,28043939.0
2024-04-14 08:00:00+00:00,0.08105,0.08185,0.07843,0.07893,19831257.0
2024-04-14 12:00:00+00:00,0.07893,0.08099,0.07763,0.0787,40081942.0
2024-04-14 16:00:00+00:00,0.0787,0.08037,0.07589,0.0787,68556614.0
2024-04-14 20:00:00+00:00,0.0787,0.08359,0.0777,0.08346,27293781.0
2024-04-15 00:00:00+00:00,0.08346,0.08351,0.08108,0.08164,21306919.0
2024-04-15 04:00:00+00:00,0.08164,0.08794,0.08063,0.08667,27726893.0
2024-04-15 08:00:00+00:00,0.08667,0.08732,0.08535,0.08544,18050710.0
2024-04-15 12:00:00+00:00,0.08544,0.08648,0.08134,0.08263,39438537.0
2024-04-15 16:00:00+00:00,0.08263,0.08328,0.07721,0.08005,45991035.0
2024-04-15 20:00:00+00:00,0.08005,0.08049,0.07797,0.07944,15096575.0
2024-04-16 00:00:00+00:00,0.07944,0.08017,0.0776,0.07834,17591000.0
2024-04-16 04:00:00+00:00,0.07834,0.08107,0.07631,0.08062,20175193.0
2024-04-16 08:00:00+00:00,0.08062,0.08067,0.077,0.08012,21594553.0
2024-04-16 12:00:00+00:00,0.08012,0.08012,0.07619,0.07653,23270381.0
2024-04-16 16:00:00+00:00,0.07653,0.08007,0.07626,0.07889,18831469.0
2024-04-16 20:00:00+00:00,0.07889,0.08074,0.07879,0.07981,6841101.0
2024-04-17 00:00:00+00:00,0.07981,0.08032,0.07864,0.07955,7273718.0
2024-04-17 04:00:00+00:00,0.07955,0.08074,0.07906,0.07982,8461262.0
2024-04-17 08:00:00+00:00,0.07982,0.08025,0.07798,0.07801,7254199.0
2024-04-17 12:00:00+00:00,0.07801,0.07935,0.07584,0.07636,32099059.0
2024-04-17 16:00:00+00:00,0.07636,0.08033,0.07551,0.07872,18050742.0
2024-04-17 20:00:00+00:00,0.07872,0.07965,0.07779,0.07809,7633091.0
2024-04-18 00:00:00+00:00,0.07809,0.08028,0.07644,0.07957,12970709.0
2024-04-18 04:00:00+00:00,0.07957,0.08018,0.07755,0.07794,9237424.0
2024-04-18 08:00:00+00:00,0.07794,0.08116,0.0772,0.08047,11226664.0
2024-04-18 12:00:00+00:00,0.08047,0.08266,0.07899,0.08156,17141349.0
2024-04-18 16:00:00+00:00,0.08156,0.08243,0.07998,0.08211,10242537.0
2024-04-18 20:00:00+00:00,0.08211,0.0828,0.08164,0.08216,5332956.0
2024-04-19 00:00:00+00:00,0.08216,0.08216,0.07614,0.07988,29993077.0
2024-04-19 04:00:00+00:00,0.07988,0.08407,0.07968,0.08211,18471878.0
2024-04-19 08:00:00+00:00,0.08211,0.08367,0.08185,0.0829,10909674.0
2024-04-19 12:00:00+00:00,0.0829,0.08411,0.08212,0.08366,8232937.0
2024-04-19 16:00:00+00:00,0.08366,0.08369,0.08185,0.08249,10985690.0
2024-04-19 20:00:00+00:00,0.08249,0.08249,0.07902,0.08023,15256866.0
2024-04-20 00:00:00+00:00,0.08023,0.0813,0.07934,0.08042,11844242.0
2024-04-20 04:00:00+00:00,0.08042,0.08197,0.08026,0.08152,3628755.0
2024-04-20 08:00:00+00:00,0.08152,0.08157,0.08039,0.08109,5808683.0
2024-04-20 12:00:00+00:00,0.08109,0.08365,0.08087,0.08352,9528927.0
2024-04-20 16:00:00+00:00,0.08352,0.08653,0.08291,0.08619,16169188.0
2024-04-20 20:00:00+00:00,0.08619,0.08697,0.08582,0.08682,7721103.0
2024-04-21 00:00:00+00:00,0.08682,0.08855,0.08569,0.08801,9604080.0
2024-04-21 04:00:00+00:00,0.08801,0.09065,0.08764,0.09027,13447538.0
2024-04-21 08:00:00+00:00,0.09027,0.09081,0.08876,0.0907,12404013.0
2024-04-21 12:00:00+00:00,0.0907,0.09127,0.08839,0.09017,19618902.0
2024-04-21 16:00:00+00:00,0.09017,0.09038,0.08801,0.08872,13130148.0
2024-04-21 20:00:00+00:00,0.08872,0.08987,0.08815,0.08875,10851682.0
2024-04-22 00:00:00+00:00,0.08875,0.09177,0.08846,0.09152,13086780.0
2024-04-22 04:00:00+00:00,0.09152,0.09326,0.09061,0.09071,15341085.0
2024-04-22 08:00:00+00:00,0.09071,0.09099,0.08974,0.09008,10783969.0
2024-04-22 12:00:00+00:00,0.09008,0.09112,0.08873,0.08998,9442800.0
2024-04-22 16:00:00+00:00,0.08998,0.09037,0.08883,0.08999,8702708.0
2024-04-22 20:00:00+00:00,0.08999,0.09145,0.08979,0.09033,7435593.0
2024-04-23 00:00:00+00:00,0.09033,0.09131,0.08901,0.08928,5955650.0
2024-04-23 04:00:00+00:00,0.08928,0.08989,0.08778,0.088,9063539.0
2024-04-23 08:00:00+00:00,0.088,0.08857,0.08731,0.08801,8311755.0
2024-04-23 12:00:00+00:00,0.08801,0.10132,0.08765,0.10116,180709015.0
2024-04-23 16:00:00+00:00,0.10116,0.132,0.09935,0.12565,914631783.0
2024-04-23 20:00:00+00:00,0.12565,0.15965,0.12422,0.15526,1098136148.0
2024-04-24 00:00:00+00:00,0.15526,0.18085,0.15114,0.17045,1706745630.0
2024-04-24 04:00:00+00:00,0.17045,0.17887,0.13479,0.1392,2262823247.0
2024-04-24 08:00:00+00:00,0.1392,0.13977,0.12303,0.12885,1594495362.0
2024-04-24 12:00:00+00:00,0.12885,0.14068,0.12458,0.12903,1427565043.0
2024-04-24 16:00:00+00:00,0.12903,0.12917,0.11752,0.12598,808564254.0
2024-04-24 20:00:00+00:00,0.12598,0.12794,0.12034,0.12467,333847349.0
2024-04-25 00:00:00+00:00,0.12467,0.12717,0.11235,0.11293,650337726.0
2024-04-25 04:00:00+00:00,0.11293,0.11487,0.11172,0.11276,437901349.0
2024-04-25 08:00:00+00:00,0.11276,0.11649,0.10936,0.11411,472492993.0
2024-04-25 12:00:00+00:00,0.11411,0.125,0.11162,0.12011,779321467.0
2024-04-25 16:00:00+00:00,0.12011,0.12196,0.11684,0.11804,252909769.0
2024-04-25 20:00:00+00:00,0.11804,0.12143,0.11687,0.11947,137612944.0
2024-04-26 00:00:00+00:00,0.11947,0.12391,0.11437,0.11777,457456065.0
2024-04-26 04:00:00+00:00,0.11777,0.11783,0.11343,0.11598,237563249.0
2024-04-26 08:00:00+00:00,0.11598,0.11683,0.11205,0.11232,161950060.0
2024-04-26 12:00:00+00:00,0.11232,0.11384,0.10938,0.11071,221209142.0
2024-04-26 16:00:00+00:00,0.11071,0.11227,0.10974,0.11153,76250943.0
2024-04-26 20:00:00+00:00,0.11153,0.11267,0.1102,0.11096,49046730.0
2024-04-27 00:00:00+00:00,0.11096,0.11214,0.105,0.1086,232857951.0
2024-04-27 04:00:00+00:00,0.1086,0.10988,0.10605,0.10859,77711788.0
2024-04-27 08:00:00+00:00,0.10859,0.10896,0.10609,0.10703,73526216.0
2024-04-27 12:00:00+00:00,0.10703,0.10796,0.1041,0.10473,96479409.0
2024-04-27 16:00:00+00:00,0.10473,0.10945,0.10445,0.10791,90067228.0
2024-04-27 20:00:00+00:00,0.10791,0.10826,0.10636,0.1065,32972641.0
2024-04-28 00:00:00+00:00,0.1065,0.10896,0.1058,0.10707,81360717.0
2024-04-28 04:00:00+00:00,0.10707,0.10723,0.10605,0.1068,37357046.0
2024-04-28 08:00:00+00:00,0.1068,0.1068,0.10367,0.1043,69280257.0
2024-04-28 12:00:00+00:00,0.1043,0.10732,0.10396,0.10636,62812957.0
2024-04-28 16:00:00+00:00,0.10636,0.10771,0.10586,0.10643,37032357.0
2024-04-28 20:00:00+00:00,0.10643,0.10669,0.10289,0.10345,51461170.0
2024-04-29 00:00:00+00:00,0.10345,0.10534,0.10129,0.10134,85941162.0
2024-04-29 04:00:00+00:00,0.10134,0.10319,0.10096,0.10197,62680414.0
2024-04-29 08:00:00+00:00,0.10197,0.10576,0.10048,0.10302,95901993.0
2024-04-29 12:00:00+00:00,0.10302,0.10429,0.10149,0.10404,61811939.0
2024-04-29 16:00:00+00:00,0.10404,0.10464,0.10166,0.10266,40995551.0
2024-04-29 20:00:00+00:00,0.10266,0.10425,0.10018,0.10316,56420943.0
2024-04-30 00:00:00+00:00,0.10316,0.10395,0.10032,0.1014,54007623.0
2024-04-30 04:00:00+00:00,0.1014,0.10156,0.09965,0.09984,39326291.0
2024-04-30 08:00:00+00:00,0.09984,0.10016,0.09422,0.09447,142793321.0
2024-04-30 12:00:00+00:00,0.09447,0.09505,0.09256,0.0934,131301375.0
2024-04-30 16:00:00+00:00,0.0934,0.09389,0.0906,0.09168,135375602.0
2024-04-30 20:00:00+00:00,0.09168,0.09536,0.09168,0.09366,73164661.0
2024-05-01 00:00:00+00:00,0.09366,0.0946,0.09181,0.09446,60393376.0
2024-05-01 04:00:00+00:00,0.09446,0.09685,0.09199,0.09276,148323944.0
2024-05-01 08:00:00+00:00,0.09276,0.09602,0.08979,0.09595,135233250.0
2024-05-01 12:00:00+00:00,0.09595,0.10033,0.09511,0.0981,189160492.0
2024-05-01 16:00:00+00:00,0.0981,0.10927,0.09678,0.10219,300566546.0
2024-05-01 20:00:00+00:00,0.10219,0.10308,0.09894,0.0995,151284476.0
2024-05-02 00:00:00+00:00,0.0995,0.10009,0.09511,0.09648,96053371.0
2024-05-02 04:00:00+00:00,0.09648,0.09821,0.09545,0.09762,67925296.0
2024-05-02 08:00:00+00:00,0.09762,0.09892,0.096,0.09828,84829451.0
2024-05-02 12:00:00+00:00,0.09828,0.10039,0.09761,0.09904,140898036.0
2024-05-02 16:00:00+00:00,0.09904,0.10256,0.09781,0.0991,102001349.0
2024-05-02 20:00:00+00:00,0.0991,0.10131,0.09809,0.10027,78074443.0
2024-05-03 00:00:00+00:00,0.10027,0.1041,0.09884,0.10352,62370706.0
2024-05-03 04:00:00+00:00,0.10352,0.10904,0.10333,0.10566,156602770.0
2024-05-03 08:00:00+00:00,0.10566,0.10671,0.10215,0.10292,103961780.0
2024-05-03 12:00:00+00:00,0.10292,0.10971,0.1028,0.10909,107717525.0
2024-05-03 16:00:00+00:00,0.10909,0.11467,0.10902,0.11393,205445333.0
2024-05-03 20:00:00+00:00,0.11393,0.11577,0.1111,0.11124,116321850.0
2024-05-04 00:00:00+00:00,0.11124,0.11271,0.10914,0.11063,78413733.0
2024-05-04 04:00:00+00:00,0.11063,0.11215,0.10904,0.10998,55146826.0
2024-05-04 08:00:00+00:00,0.10998,0.11084,0.10862,0.10909,58379301.0
2024-05-04 12:00:00+00:00,0.10909,0.10952,0.10773,0.10926,50166806.0
2024-05-04 16:00:00+00:00,0.10926,0.11029,0.10828,0.10916,39630691.0
2024-05-04 20:00:00+00:00,0.10916,0.10986,0.10818,0.10895,28806263.0
2024-05-05 00:00:00+00:00,0.10895,0.10999,0.10565,0.10896,72474546.0
2024-05-05 04:00:00+00:00,0.10896,0.11107,0.10893,0.10921,44558299.0
2024-05-05 08:00:00+00:00,0.10921,0.11109,0.10896,0.10924,27019134.0
2024-05-05 12:00:00+00:00,0.10924,0.11052,0.10811,0.11024,31961505.0
2024-05-05 16:00:00+00:00,0.11024,0.11131,0.10929,0.11056,29358484.0
2024-05-05 20:00:00+00:00,0.11056,0.11126,0.10904,0.11025,18527731.0
2024-05-06 00:00:00+00:00,0.11025,0.11664,0.11009,0.11431,115056643.0
2024-05-06 04:00:00+00:00,0.11431,0.1235,0.11332,0.12246,201171374.0
2024-05-06 08:00:00+00:00,0.12246,0.12249,0.11704,0.11926,125316600.0
2024-05-06 12:00:00+00:00,0.11926,0.11954,0.11336,0.11496,112363643.0
2024-05-06 16:00:00+00:00,0.11496,0.11549,0.11216,0.11359,64295354.0
2024-05-06 20:00:00+00:00,0.11359,0.11462,0.11294,0.11373,39442699.0
2024-05-07 00:00:00+00:00,0.11373,0.11639,0.11123,0.11209,92501227.0
2024-05-07 04:00:00+00:00,0.11209,0.11256,0.11011,0.11213,40815551.0
2024-05-07 08:00:00+00:00,0.11213,0.11391,0.11139,0.11161,33329830.0
2024-05-07 12:00:00+00:00,0.11161,0.11328,0.11037,0.11204,31933711.0
2024-05-07 16:00:00+00:00,0.11204,0.11241,0.11014,0.11054,28079158.0
2024-05-07 20:00:00+00:00,0.11054,0.11126,0.10773,0.10787,57132458.0
2024-05-08 00:00:00+00:00,0.10787,0.10863,0.10674,0.10766,35121883.0
2024-05-08 04:00:00+00:00,0.10766,0.10767,0.10535,0.10627,28239753.0
2024-05-08 08:00:00+00:00,0.10627,0.10828,0.10581,0.10778,28387278.0
2024-05-08 12:00:00+00:00,0.10778,0.10947,0.10684,0.10815,36803784.0
2024-05-08 16:00:00+00:00,0.10815,0.11025,0.10714,0.10845,23333460.0
2024-05-08 20:00:00+00:00,0.10845,0.10906,0.10507,0.10583,32060662.0
2024-05-09 00:00:00+00:00,0.10583,0.10849,0.10579,0.10841,17498037.0
2024-05-09 04:00:00+00:00,0.10841,0.11068,0.10822,0.10921,31460514.0
2024-05-09 08:00:00+00:00,0.10921,0.10926,0.10571,0.10779,34945116.0
2024-05-09 12:00:00+00:00,0.10779,0.11105,0.10768,0.11011,51354548.0
2024-05-09 16:00:00+00:00,0.11011,0.11131,0.10963,0.1103,25940136.0
2024-05-09 20:00:00+00:00,0.1103,0.11165,0.10926,0.11051,25589461.0
2024-05-10 00:00:00+00:00,0.11051,0.11146,0.1097,0.11015,18425668.0
2024-05-10 04:00:00+00:00,0.11015,0.11127,0.10932,0.11066,18758981.0
2024-05-10 08:00:00+00:00,0.11066,0.11182,0.10962,0.11173,13971558.0
2024-05-10 12:00:00+00:00,0.11173,0.11254,0.10535,0.10703,62248085.0
2024-05-10 16:00:00+00:00,0.10703,0.1076,0.10511,0.10644,39557834.0
2024-05-10 20:00:00+00:00,0.10644,0.10716,0.10475,0.10567,21147517.0
2024-05-11 00:00:00+00:00,0.10567,0.10838,0.10511,0.10618,24346943.0
2024-05-11 04:00:00+00:00,0.10618,0.1071,0.10578,0.10707,13832600.0
2024-05-11 08:00:00+00:00,0.10707,0.10714,0.10523,0.10624,19955904.0
2024-05-11 12:00:00+00:00,0.10624,0.10874,0.10623,0.10803,18702067.0
2024-05-11 16:00:00+00:00,0.10803,0.10875,0.10771,0.1079,12360523.0
2024-05-11 20:00:00+00:00,0.1079,0.10812,0.10643,0.10663,10790372.0
2024-05-12 00:00:00+00:00,0.10663,0.10919,0.10631,0.10869,17044541.0
2024-05-12 04:00:00+00:00,0.10869,0.11023,0.10814,0.10865,21031968.0
2024-05-12 08:00:00+00:00,0.10865,0.11149,0.10762,0.11071,27588383.0
2024-05-12 12:00:00+00:00,0.11071,0.11164,0.10995,0.11136,18113369.0
2024-05-12 16:00:00+00:00,0.11136,0.11188,0.10906,0.10953,17322852.0
2024-05-12 20:00:00+00:00,0.10953,0.10954,0.10807,0.10861,14638672.0
2024-05-13 00:00:00+00:00,0.10861,0.1092,0.10312,0.10449,59576112.0
2024-05-13 04:00:00+00:00,0.10449,0.10658,0.10237,0.10642,32923966.0
2024-05-13 08:00:00+00:00,0.10642,0.10944,0.10641,0.10879,31484922.0
2024-05-13 12:00:00+00:00,0.10879,0.11084,0.10839,0.1089,30002227.0
2024-05-13 16:00:00+00:00,0.1089,0.1109,0.10787,0.10872,23119477.0
2024-05-13 20:00:00+00:00,0.10872,0.10881,0.10728,0.10744,12274321.0
2024-05-14 00:00:00+00:00,0.10744,0.10998,0.10677,0.10808,35631981.0
2024-05-14 04:00:00+00:00,0.10808,0.11006,0.10611,0.10986,32688715.0
2024-05-14 08:00:00+00:00,0.10986,0.11026,0.10771,0.10874,24870569.0
2024-05-14 12:00:00+00:00,0.10874,0.10956,0.10488,0.10679,47023944.0
2024-05-14 16:00:00+00:00,0.10679,0.10695,0.10482,0.10616,21547632.0
2024-05-14 20:00:00+00:00,0.10616,0.10657,0.10481,0.10523,12862366.0
2024-05-15 00:00:00+00:00,0.10523,0.10713,0.1044,0.1065,14800467.0
2024-05-15 04:00:00+00:00,0.1065,0.10662,0.10568,0.10608,10756612.0
2024-05-15 08:00:00+00:00,0.10608,0.10739,0.10454,0.10495,28989248.0
2024-05-15 12:00:00+00:00,0.10495,0.11057,0.10451,0.10917,62620218.0
2024-05-15 16:00:00+00:00,0.10917,0.11226,0.10864,0.11217,29345488.0
2024-05-15 20:00:00+00:00,0.11217,0.11283,0.11077,0.11084,24647297.0
2024-05-16 00:00:00+00:00,0.11084,0.11172,0.10942,0.1101,19200660.0
2024-05-16 04:00:00+00:00,0.1101,0.11206,0.10957,0.11129,19844067.0
2024-05-16 08:00:00+00:00,0.11129,0.11201,0.1095,0.11067,16084390.0
2024-05-16 12:00:00+00:00,0.11067,0.11115,0.10758,0.11017,34975377.0
2024-05-16 16:00:00+00:00,0.11017,0.11087,0.10857,0.11041,16023046.0
2024-05-16 20:00:00+00:00,0.11041,0.1126,0.10989,0.11224,20302521.0
2024-05-17 00:00:00+00:00,0.11224,0.11369,0.11156,0.11368,23361021.0
2024-05-17 04:00:00+00:00,0.11368,0.11904,0.11308,0.11814,63483463.0
2024-05-17 08:00:00+00:00,0.11814,0.12018,0.11628,0.11738,63168431.0
2024-05-17 12:00:00+00:00,0.11738,0.11798,0.11433,0.11639,54210258.0
2024-05-17 16:00:00+00:00,0.11639,0.11695,0.11356,0.11445,27647917.0
2024-05-17 20:00:00+00:00,0.11445,0.1156,0.11422,0.11487,17183949.0
2024-05-18 00:00:00+00:00,0.11487,0.11609,0.11413,0.11584,19534740.0
2024-05-18 04:00:00+00:00,0.11584,0.11588,0.11376,0.11414,16331365.0
2024-05-18 08:00:00+00:00,0.11414,0.1153,0.11397,0.11401,13595184.0
2024-05-18 12:00:00+00:00,0.11401,0.11453,0.1126,0.11446,22265267.0
2024-05-18 16:00:00+00:00,0.11446,0.11668,0.1144,0.11581,31226070.0
2024-05-18 20:00:00+00:00,0.11581,0.11597,0.1141,0.11454,21200214.0
2024-05-19 00:00:00+00:00,0.11454,0.11575,0.11414,0.11504,19139394.0
2024-05-19 04:00:00+00:00,0.11504,0.11517,0.11291,0.11426,14117779.0
2024-05-19 08:00:00+00:00,0.11426,0.11431,0.11144,0.11261,24049637.0
2024-05-19 12:00:00+00:00,0.11261,0.11273,0.11036,0.11262,25315250.0
2024-05-19 16:00:00+00:00,0.11262,0.11315,0.11016,0.11039,18219494.0
2024-05-19 20:00:00+00:00,0.11039,0.11177,0.10956,0.11099,12827583.0
2024-05-20 00:00:00+00:00,0.11099,0.11176,0.109,0.11112,16846985.0
2024-05-20 04:00:00+00:00,0.11112,0.11306,0.10981,0.11165,17809270.0
2024-05-20 08:00:00+00:00,0.11165,0.11228,0.1105,0.11094,13425527.0
2024-05-20 12:00:00+00:00,0.11094,0.11253,0.11061,0.11234,10844897.0
2024-05-20 16:00:00+00:00,0.11234,0.11641,0.11207,0.11598,53177220.0
2024-05-20 20:00:00+00:00,0.11598,0.11869,0.11503,0.11752,39496066.0
2024-05-21 00:00:00+00:00,0.11752,0.11886,0.11476,0.11591,30271693.0
2024-05-21 04:00:00+00:00,0.11591,0.11693,0.11504,0.11592,14677260.0
2024-05-21 08:00:00+00:00,0.11592,0.11707,0.11557,0.11627,13852612.0
2024-05-21 12:00:00+00:00,0.11627,0.11693,0.11392,0.11429,38348992.0
2024-05-21 16:00:00+00:00,0.11429,0.11647,0.11352,0.11471,19226232.0
2024-05-21 20:00:00+00:00,0.11471,0.11587,0.1142,0.11513,9726954.0
2024-05-22 00:00:00+00:00,0.11513,0.11654,0.11477,0.11491,10043705.0
2024-05-22 04:00:00+00:00,0.11491,0.11622,0.11254,0.11605,22591852.0
2024-05-22 08:00:00+00:00,0.11605,0.11658,0.11405,0.11405,16105499.0
2024-05-22 12:00:00+00:00,0.11405,0.11554,0.11233,0.11524,24117783.0
2024-05-22 16:00:00+00:00,0.11524,0.11547,0.11236,0.11353,15144352.0
2024-05-22 20:00:00+00:00,0.11353,0.11408,0.1118,0.1134,14977568.0
2024-05-23 00:00:00+00:00,0.1134,0.11465,0.11308,0.11446,7508423.0
2024-05-23 04:00:00+00:00,0.11446,0.11552,0.11403,0.1146,7647342.0
2024-05-23 08:00:00+00:00,0.1146,0.11467,0.11242,0.11398,12176163.0
2024-05-23 12:00:00+00:00,0.11398,0.11436,0.10945,0.11011,43344046.0
2024-05-23 16:00:00+00:00,0.11011,0.11023,0.10645,0.10752,28497644.0
2024-05-23 20:00:00+00:00,0.10752,0.1102,0.10462,0.10902,48935930.0
2024-05-24 00:00:00+00:00,0.10902,0.11035,0.10823,0.1099,9410512.0
2024-05-24 04:00:00+00:00,0.1099,0.11013,0.10534,0.10661,24166105.0
2024-05-24 08:00:00+00:00,0.10661,0.10814,0.10491,0.10806,10892766.0
2024-05-24 12:00:00+00:00,0.10806,0.10939,0.10741,0.10837,14059713.0
2024-05-24 16:00:00+00:00,0.10837,0.10948,0.1074,0.10884,15345640.0
2024-05-24 20:00:00+00:00,0.10884,0.10914,0.10758,0.10807,5305224.0
2024-05-25 00:00:00+00:00,0.10807,0.10858,0.1077,0.10819,3918574.0
2024-05-25 04:00:00+00:00,0.10819,0.10883,0.10796,0.10849,6887296.0
2024-05-25 08:00:00+00:00,0.10849,0.10943,0.10821,0.1087,5957166.0
2024-05-25 12:00:00+00:00,0.1087,0.10921,0.10776,0.10879,7290802.0
2024-05-25 16:00:00+00:00,0.10879,0.1089,0.10812,0.10834,5760865.0
2024-05-25 20:00:00+00:00,0.10834,0.10886,0.10791,0.10858,4428494.0
2024-05-26 00:00:00+00:00,0.10858,0.10908,0.10743,0.10822,6834641.0
2024-05-26 04:00:00+00:00,0.10822,0.10822,0.10741,0.10783,3931826.0
2024-05-26 08:00:00+00:00,0.10783,0.10797,0.10631,0.1072,6035723.0
2024-05-26 12:00:00+00:00,0.1072,0.10805,0.10635,0.10702,6121329.0
2024-05-26 16:00:00+00:00,0.10702,0.10738,0.10632,0.10688,5474563.0
2024-05-26 20:00:00+00:00,0.10688,0.10749,0.10577,0.10686,5608049.0
2024-05-27 00:00:00+00:00,0.10686,0.10786,0.10675,0.10751,4817743.0
2024-05-27 04:00:00+00:00,0.10751,0.10796,0.10603,0.10622,5450660.0
2024-05-27 08:00:00+00:00,0.10622,0.10719,0.10622,0.10684,9063904.0
2024-05-27 12:00:00+00:00,0.10684,0.10898,0.10666,0.10889,15080954.0
2024-05-27 16:00:00+00:00,0.10889,0.10974,0.10608,0.10674,18001335.0
2024-05-27 20:00:00+00:00,0.10674,0.10757,0.10649,0.10689,8485050.0
2024-05-28 00:00:00+00:00,0.10689,0.10702,0.10462,0.10561,22079303.0
2024-05-28 04:00:00+00:00,0.10561,0.10562,0.10361,0.10394,14991419.0
2024-05-28 08:00:00+00:00,0.10394,0.10582,0.10378,0.10532,10633617.0
2024-05-28 12:00:00+00:00,0.10532,0.10554,0.10364,0.10463,16221120.0
2024-05-28 16:00:00+00:00,0.10463,0.10498,0.10268,0.10475,13762775.0
2024-05-28 20:00:00+00:00,0.10475,0.10549,0.10372,0.10451,7369886.0
2024-05-29 00:00:00+00:00,0.10451,0.10532,0.10394,0.10498,6811115.0
2024-05-29 04:00:00+00:00,0.10498,0.1065,0.10477,0.10604,13675637.0
2024-05-29 08:00:00+00:00,0.10604,0.10768,0.10506,0.10577,25975187.0
2024-05-29 12:00:00+00:00,0.10577,0.1063,0.1045,0.10463,16226982.0
2024-05-29 16:00:00+00:00,0.10463,0.10614,0.10338,0.10345,20176052.0
2024-05-29 20:00:00+00:00,0.10345,0.10416,0.10302,0.10336,10943180.0
2024-05-30 00:00:00+00:00,0.10336,0.1052,0.10318,0.10459,6848899.0
2024-05-30 04:00:00+00:00,0.10459,0.10503,0.10071,0.10109,21584028.0
2024-05-30 08:00:00+00:00,0.10109,0.10213,0.10001,0.10154,19151821.0
2024-05-30 12:00:00+00:00,0.10154,0.10304,0.1011,0.10202,16706215.0
2024-05-30 16:00:00+00:00,0.10202,0.10316,0.10151,0.10201,14330862.0
2024-05-30 20:00:00+00:00,0.10201,0.10201,0.10065,0.10078,10682863.0
2024-05-31 00:00:00+00:00,0.10078,0.10114,0.10005,0.10059,9140183.0
2024-05-31 04:00:00+00:00,0.10059,0.10104,0.09942,0.10027,9888300.0
2024-05-31 08:00:00+00:00,0.10027,0.10137,0.10008,0.10101,8388244.0
2024-05-31 12:00:00+00:00,0.10101,0.10189,0.09907,0.09912,19822316.0
2024-05-31 16:00:00+00:00,0.09912,0.1005,0.0981,0.10037,21353671.0
2024-05-31 20:00:00+00:00,0.10037,0.10065,0.09974,0.10017,8505475.0
2024-06-01 00:00:00+00:00,0.10017,0.10059,0.0998,0.10012,4749001.0
2024-06-01 04:00:00+00:00,0.10012,0.10051,0.09986,0.1,4457842.0
2024-06-01 08:00:00+00:00,0.1,0.10035,0.09975,0.10005,4458198.0
2024-06-01 12:00:00+00:00,0.10005,0.10055,0.09987,0.09988,6536956.0
2024-06-01 16:00:00+00:00,0.09988,0.10049,0.09986,0.10008,4579403.0
2024-06-01 20:00:00+00:00,0.10008,0.10051,0.09988,0.10005,5086603.0
2024-06-02 00:00:00+00:00,0.10005,0.10069,0.09939,0.10014,8914700.0
2024-06-02 04:00:00+00:00,0.10014,0.10065,0.09919,0.09941,9053826.0
2024-06-02 08:00:00+00:00,0.09941,0.09996,0.09822,0.09975,12895963.0
2024-06-02 12:00:00+00:00,0.09975,0.10044,0.09943,0.09984,10003411.0
2024-06-02 16:00:00+00:00,0.09984,0.1002,0.0976,0.0992,19054226.0
2024-06-02 20:00:00+00:00,0.0992,0.09944,0.09865,0.09925,6780438.0
2024-06-03 00:00:00+00:00,0.09925,0.10125,0.09844,0.10068,15320302.0
2024-06-03 04:00:00+00:00,0.10068,0.10221,0.09969,0.1015,20087878.0
2024-06-03 08:00:00+00:00,0.1015,0.10291,0.10131,0.10272,18257390.0
2024-06-03 12:00:00+00:00,0.10272,0.10393,0.1018,0.10254,25909565.0
2024-06-03 16:00:00+00:00,0.10254,0.10309,0.10159,0.10172,15437168.0
2024-06-03 20:00:00+00:00,0.10172,0.10217,0.10078,0.10136,11491983.0
2024-06-04 00:00:00+00:00,0.10136,0.10202,0.10074,0.10117,13966420.0
2024-06-04 04:00:00+00:00,0.10117,0.10147,0.09991,0.10065,11909427.0
2024-06-04 08:00:00+00:00,0.10065,0.10163,0.09992,0.10055,11568709.0
2024-06-04 12:00:00+00:00,0.10055,0.10202,0.10012,0.102,14660476.0
2024-06-04 16:00:00+00:00,0.102,0.1027,0.10156,0.10222,18295371.0
2024-06-04 20:00:00+00:00,0.10222,0.10267,0.1016,0.10257,8257158.0
2024-06-05 00:00:00+00:00,0.10257,0.10296,0.10201,0.10255,13035929.0
2024-06-05 04:00:00+00:00,0.10255,0.10459,0.10243,0.10369,17536657.0
2024-06-05 08:00:00+00:00,0.10369,0.10404,0.10275,0.1035,15227909.0
2024-06-05 12:00:00+00:00,0.1035,0.10358,0.10222,0.10343,14154318.0
2024-06-05 16:00:00+00:00,0.10343,0.1046,0.10314,0.10439,15377420.0
2024-06-05 20:00:00+00:00,0.10439,0.10574,0.10389,0.10457,28825304.0
2024-06-06 00:00:00+00:00,0.10457,0.1052,0.10432,0.10441,10350550.0
2024-06-06 04:00:00+00:00,0.10441,0.10442,0.10287,0.1035,7559333.0
2024-06-06 08:00:00+00:00,0.1035,0.1041,0.103,0.10358,6248748.0
2024-06-06 12:00:00+00:00,0.10358,0.10393,0.10276,0.10314,18788063.0
2024-06-06 16:00:00+00:00,0.10314,0.10325,0.10074,0.10095,15539303.0
2024-06-06 20:00:00+00:00,0.10095,0.10185,0.10007,0.10154,11648927.0
2024-06-07 00:00:00+00:00,0.10154,0.10164,0.10052,0.10095,6656768.0
2024-06-07 04:00:00+00:00,0.10095,0.10219,0.10087,0.10116,7649560.0
2024-06-07 08:00:00+00:00,0.10116,0.10183,0.10081,0.10165,8876060.0
2024-06-07 12:00:00+00:00,0.10165,0.10197,0.09952,0.10083,27465881.0
2024-06-07 16:00:00+00:00,0.10083,0.10083,0.08266,0.09328,210763833.0
2024-06-07 20:00:00+00:00,0.09328,0.09473,0.09293,0.09395,22014837.0
2024-06-08 00:00:00+00:00,0.09395,0.0942,0.09313,0.09387,16378082.0
2024-06-08 04:00:00+00:00,0.09387,0.09392,0.09282,0.09346,6361672.0
2024-06-08 08:00:00+00:00,0.09346,0.09347,0.09017,0.09044,19488055.0
2024-06-08 12:00:00+00:00,0.09044,0.09131,0.08903,0.09028,40576987.0
2024-06-08 16:00:00+00:00,0.09028,0.09085,0.08892,0.08966,28644809.0
2024-06-08 20:00:00+00:00,0.08966,0.09035,0.08921,0.09022,10875167.0
2024-06-09 00:00:00+00:00,0.09022,0.09086,0.08913,0.08979,10159269.0
2024-06-09 04:00:00+00:00,0.08979,0.09077,0.08902,0.09063,9610616.0
2024-06-09 08:00:00+00:00,0.09063,0.09087,0.09012,0.09031,8095715.0
2024-06-09 12:00:00+00:00,0.09031,0.09131,0.08986,0.08995,12930391.0
2024-06-09 16:00:00+00:00,0.08995,0.09101,0.08976,0.09079,7561160.0
2024-06-09 20:00:00+00:00,0.09079,0.09159,0.09039,0.09138,6183197.0
2024-06-10 00:00:00+00:00,0.09138,0.09163,0.09023,0.09055,6177356.0
2024-06-10 04:00:00+00:00,0.09055,0.09099,0.08845,0.08857,24168854.0
2024-06-10 08:00:00+00:00,0.08857,0.0909,0.08856,0.08994,18315854.0
2024-06-10 12:00:00+00:00,0.08994,0.09142,0.08851,0.09109,22351695.0
2024-06-10 16:00:00+00:00,0.09109,0.09119,0.08903,0.08919,18919864.0
2024-06-10 20:00:00+00:00,0.08919,0.08962,0.08835,0.08911,11972770.0
2024-06-11 00:00:00+00:00,0.08911,0.08994,0.08679,0.08842,47465048.0
2024-06-11 04:00:00+00:00,0.08842,0.08902,0.08719,0.08761,23862336.0
2024-06-11 08:00:00+00:00,0.08761,0.08859,0.08719,0.08722,15826187.0
2024-06-11 12:00:00+00:00,0.08722,0.08767,0.08393,0.08508,65956888.0
2024-06-11 16:00:00+00:00,0.08508,0.0877,0.08462,0.08743,26795604.0
2024-06-11 20:00:00+00:00,0.08743,0.08775,0.08646,0.08727,7947185.0
2024-06-12 00:00:00+00:00,0.08727,0.08796,0.08571,0.08734,23426024.0
2024-06-12 04:00:00+00:00,0.08734,0.08834,0.08686,0.08831,5928206.0
2024-06-12 08:00:00+00:00,0.08831,0.09017,0.08804,0.08919,11644596.0
2024-06-12 12:00:00+00:00,0.08919,0.09408,0.08912,0.09266,36727940.0
2024-06-12 16:00:00+00:00,0.09266,0.09304,0.09,0.09051,48448936.0
2024-06-12 20:00:00+00:00,0.09051,0.09216,0.09006,0.09174,10584412.0
2024-06-13 00:00:00+00:00,0.09174,0.09244,0.08828,0.08975,38925083.0
2024-06-13 04:00:00+00:00,0.08975,0.09006,0.08839,0.08943,7010405.0
2024-06-13 08:00:00+00:00,0.08943,0.09011,0.08889,0.08981,7716807.0
2024-06-13 12:00:00+00:00,0.08981,0.09109,0.08756,0.08782,28065846.0
2024-06-13 16:00:00+00:00,0.08782,0.08945,0.08726,0.08871,11947439.0
2024-06-13 20:00:00+00:00,0.08871,0.08899,0.08717,0.0882,7129958.0
2024-06-14 00:00:00+00:00,0.0882,0.08942,0.08738,0.08893,16155385.0
2024-06-14 04:00:00+00:00,0.08893,0.08966,0.08869,0.08922,5623557.0
2024-06-14 08:00:00+00:00,0.08922,0.08986,0.089,0.08962,6488036.0
2024-06-14 12:00:00+00:00,0.08962,0.0905,0.08789,0.08866,15067503.0
2024-06-14 16:00:00+00:00,0.08866,0.08884,0.0845,0.08483,51184866.0
2024-06-14 20:00:00+00:00,0.08483,0.08762,0.08475,0.08632,13700492.0
2024-06-15 00:00:00+00:00,0.08632,0.08659,0.08543,0.08593,6716122.0
2024-06-15 04:00:00+00:00,0.08593,0.08648,0.08544,0.08588,5742870.0
2024-06-15 08:00:00+00:00,0.08588,0.08613,0.08529,0.08572,8476348.0
2024-06-15 12:00:00+00:00,0.08572,0.08633,0.08531,0.08581,5576644.0
2024-06-15 16:00:00+00:00,0.08581,0.08607,0.08493,0.08525,7110266.0
2024-06-15 20:00:00+00:00,0.08525,0.08542,0.08456,0.08481,5988566.0
2024-06-16 00:00:00+00:00,0.08481,0.08489,0.08384,0.08427,7741088.0
2024-06-16 04:00:00+00:00,0.08427,0.08538,0.08385,0.08499,5400915.0
2024-06-16 08:00:00+00:00,0.08499,0.08528,0.08446,0.08466,6727300.0
2024-06-16 12:00:00+00:00,0.08466,0.08599,0.08459,0.08598,18653419.0
2024-06-16 16:00:00+00:00,0.08598,0.08605,0.08533,0.08571,3521860.0
2024-06-16 20:00:00+00:00,0.08571,0.08686,0.08548,0.0863,6541136.0
2024-06-17 00:00:00+00:00,0.0863,0.08671,0.08416,0.08498,11358929.0
2024-06-17 04:00:00+00:00,0.08498,0.0855,0.0825,0.08275,15318375.0
2024-06-17 08:00:00+00:00,0.08275,0.083,0.08064,0.08221,33838416.0
2024-06-17 12:00:00+00:00,0.08221,0.08258,0.08021,0.0804,20496873.0
2024-06-17 16:00:00+00:00,0.0804,0.08355,0.07841,0.08273,39351730.0
2024-06-17 20:00:00+00:00,0.08273,0.08278,0.07989,0.08018,16418000.0
2024-06-18 00:00:00+00:00,0.08018,0.08047,0.07184,0.07727,128320559.0
2024-06-18 04:00:00+00:00,0.07727,0.07821,0.07662,0.07695,17845888.0
2024-06-18 08:00:00+00:00,0.07695,0.07696,0.07494,0.07592,31739535.0
2024-06-18 12:00:00+00:00,0.07592,0.0762,0.0733,0.07556,36905043.0
2024-06-18 16:00:00+00:00,0.07556,0.07598,0.0743,0.07586,19232147.0
2024-06-18 20:00:00+00:00,0.07586,0.07809,0.07543,0.0776,17157407.0
2024-06-19 00:00:00+00:00,0.0776,0.0813,0.07717,0.08015,28285015.0
2024-06-19 04:00:00+00:00,0.08015,0.08205,0.08001,0.08187,14061593.0
2024-06-19 08:00:00+00:00,0.08187,0.08194,0.0795,0.08019,17752325.0
2024-06-19 12:00:00+00:00,0.08019,0.08089,0.07917,0.07961,13795017.0
2024-06-19 16:00:00+00:00,0.07961,0.08167,0.07956,0.08062,9338565.0
2024-06-19 20:00:00+00:00,0.08062,0.08112,0.07984,0.08049,6079901.0
2024-06-20 00:00:00+00:00,0.08049,0.08179,0.08005,0.08097,10130798.0
2024-06-20 04:00:00+00:00,0.08097,0.08401,0.08065,0.08376,17668669.0
2024-06-20 08:00:00+00:00,0.08376,0.08493,0.08305,0.08424,14866733.0
2024-06-20 12:00:00+00:00,0.08424,0.08448,0.08134,0.0815,14384182.0
2024-06-20 16:00:00+00:00,0.0815,0.08218,0.08068,0.08149,13871947.0
2024-06-20 20:00:00+00:00,0.08149,0.08162,0.08022,0.08034,5288655.0
2024-06-21 00:00:00+00:00,0.08034,0.08184,0.07937,0.08163,10403014.0
2024-06-21 04:00:00+00:00,0.08163,0.08184,0.07989,0.08022,5002650.0
2024-06-21 08:00:00+00:00,0.08022,0.08154,0.07907,0.08057,12820068.0
2024-06-21 12:00:00+00:00,0.08057,0.0808,0.07885,0.07978,12929506.0
2024-06-21 16:00:00+00:00,0.07978,0.07991,0.07824,0.07884,10587353.0
2024-06-21 20:00:00+00:00,0.07884,0.0794,0.07811,0.07875,7061163.0
2024-06-22 00:00:00+00:00,0.07875,0.07875,0.07764,0.07813,7066682.0
2024-06-22 04:00:00+00:00,0.07813,0.07872,0.07784,0.07798,3471244.0
2024-06-22 08:00:00+00:00,0.07798,0.07823,0.0774,0.07802,5364142.0
2024-06-22 12:00:00+00:00,0.07802,0.07863,0.07784,0.07826,4817022.0
2024-06-22 16:00:00+00:00,0.07826,0.07853,0.07785,0.07806,3793150.0
2024-06-22 20:00:00+00:00,0.07806,0.07809,0.07761,0.07782,3222118.0
2024-06-23 00:00:00+00:00,0.07782,0.07949,0.07764,0.07933,6920810.0
2024-06-23 04:00:00+00:00,0.07933,0.0794,0.07854,0.0788,3098829.0
2024-06-23 08:00:00+00:00,0.0788,0.07937,0.07828,0.07842,4115121.0
2024-06-23 12:00:00+00:00,0.07842,0.07889,0.07709,0.07738,7272702.0
2024-06-23 16:00:00+00:00,0.07738,0.07809,0.07672,0.07768,6275387.0
2024-06-23 20:00:00+00:00,0.07768,0.07769,0.07578,0.07629,15214476.0
2024-06-24 00:00:00+00:00,0.07629,0.07752,0.07555,0.07619,12600163.0
2024-06-24 04:00:00+00:00,0.07619,0.07634,0.07374,0.07486,17606439.0
2024-06-24 08:00:00+00:00,0.07486,0.07603,0.07227,0.07503,41470718.0
2024-06-24 12:00:00+00:00,0.07503,0.07672,0.07419,0.07461,12500394.0
2024-06-24 16:00:00+00:00,0.07461,0.07547,0.07385,0.0742,17488387.0
2024-06-24 20:00:00+00:00,0.0742,0.07786,0.07321,0.0775,18259293.0
2024-06-25 00:00:00+00:00,0.0775,0.07885,0.07704,0.07851,9921637.0
2024-06-25 04:00:00+00:00,0.07851,0.07914,0.07814,0.07818,5905500.0
2024-06-25 08:00:00+00:00,0.07818,0.08078,0.07786,0.07998,13058351.0
2024-06-25 12:00:00+00:00,0.07998,0.08036,0.07827,0.08002,15613183.0
2024-06-25 16:00:00+00:00,0.08002,0.08011,0.07899,0.07921,7206806.0
2024-06-25 20:00:00+00:00,0.07921,0.07928,0.07842,0.0788,5042116.0
2024-06-26 00:00:00+00:00,0.0788,0.07995,0.07852,0.07886,5901749.0
2024-06-26 04:00:00+00:00,0.07886,0.079,0.07788,0.0783,5631695.0
2024-06-26 08:00:00+00:00,0.0783,0.07838,0.07697,0.07726,16818056.0
2024-06-26 12:00:00+00:00,0.07726,0.07763,0.07622,0.07639,12077233.0
2024-06-26 16:00:00+00:00,0.07639,0.07644,0.07484,0.07604,15978785.0
2024-06-26 20:00:00+00:00,0.07604,0.07663,0.07543,0.07619,8035407.0
2024-06-27 00:00:00+00:00,0.07619,0.07642,0.07512,0.07571,6221665.0
2024-06-27 04:00:00+00:00,0.07571,0.07627,0.07505,0.07559,5450453.0
2024-06-27 08:00:00+00:00,0.07559,0.07755,0.07549,0.07724,11284368.0
2024-06-27 12:00:00+00:00,0.07724,0.08017,0.07715,0.07845,18180771.0
2024-06-27 16:00:00+00:00,0.07845,0.07931,0.07794,0.07885,6833477.0
2024-06-27 20:00:00+00:00,0.07885,0.07952,0.07842,0.07869,6022162.0
2024-06-28 00:00:00+00:00,0.07869,0.07951,0.07794,0.07847,6069815.0
2024-06-28 04:00:00+00:00,0.07847,0.07864,0.07761,0.07832,8350972.0
2024-06-28 08:00:00+00:00,0.07832,0.07952,0.0782,0.07923,5356650.0
2024-06-28 12:00:00+00:00,0.07923,0.07992,0.07792,0.07868,10938500.0
2024-06-28 16:00:00+00:00,0.07868,0.0788,0.07717,0.07747,8575469.0
2024-06-28 20:00:00+00:00,0.07747,0.07795,0.07656,0.07691,10447233.0
2024-06-29 00:00:00+00:00,0.07691,0.0783,0.07688,0.07786,6426268.0
2024-06-29 04:00:00+00:00,0.07786,0.07813,0.0769,0.07781,5312989.0
2024-06-29 08:00:00+00:00,0.07781,0.07782,0.07711,0.07749,3886045.0
2024-06-29 12:00:00+00:00,0.07749,0.07762,0.07647,0.07712,4824491.0
2024-06-29 16:00:00+00:00,0.07712,0.07712,0.0763,0.07667,3020095.0
2024-06-29 20:00:00+00:00,0.07667,0.07685,0.076,0.07623,6063495.0
2024-06-30 00:00:00+00:00,0.07623,0.07664,0.0753,0.07579,6465423.0
2024-06-30 04:00:00+00:00,0.07579,0.0773,0.07519,0.07682,6485162.0
2024-06-30 08:00:00+00:00,0.07682,0.07755,0.07621,0.07626,4693766.0
2024-06-30 12:00:00+00:00,0.07626,0.07693,0.07594,0.07633,6291807.0
2024-06-30 16:00:00+00:00,0.07633,0.0764,0.07508,0.07543,7103906.0
2024-06-30 20:00:00+00:00,0.07543,0.07722,0.07501,0.07665,9632827.0
2024-07-01 00:00:00+00:00,0.07665,0.07858,0.07651,0.07687,25071960.0
2024-07-01 04:00:00+00:00,0.07687,0.0774,0.0765,0.07707,7193735.0
2024-07-01 08:00:00+00:00,0.07707,0.07736,0.07661,0.07683,12745657.0
2024-07-01 12:00:00+00:00,0.07683,0.07719,0.07479,0.07559,19365651.0
2024-07-01 16:00:00+00:00,0.07559,0.07745,0.07553,0.07672,10539392.0
2024-07-01 20:00:00+00:00,0.07672,0.07772,0.07624,0.07663,11519540.0
2024-07-02 00:00:00+00:00,0.07663,0.07719,0.07594,0.07682,5355643.0
2024-07-02 04:00:00+00:00,0.07682,0.07848,0.07679,0.07718,14710726.0
2024-07-02 08:00:00+00:00,0.07718,0.07791,0.07687,0.07765,6229052.0
2024-07-02 12:00:00+00:00,0.07765,0.07923,0.07758,0.07782,24887764.0
2024-07-02 16:00:00+00:00,0.07782,0.07919,0.07681,0.07846,20131029.0
2024-07-02 20:00:00+00:00,0.07846,0.07887,0.07805,0.07813,9343535.0
2024-07-03 00:00:00+00:00,0.07813,0.07836,0.07496,0.07558,24120127.0
2024-07-03 04:00:00+00:00,0.07558,0.07592,0.07412,0.07509,32508317.0
2024-07-03 08:00:00+00:00,0.07509,0.07533,0.07275,0.07365,40816309.0
2024-07-03 12:00:00+00:00,0.07365,0.07452,0.07287,0.07375,19851338.0
2024-07-03 16:00:00+00:00,0.07375,0.07391,0.07186,0.07223,19981388.0
2024-07-03 20:00:00+00:00,0.07223,0.07245,0.07149,0.07212,27506089.0
2024-07-04 00:00:00+00:00,0.07212,0.0725,0.0685,0.07074,52483352.0
2024-07-04 04:00:00+00:00,0.07074,0.07138,0.06983,0.07035,26587098.0
2024-07-04 08:00:00+00:00,0.07035,0.07058,0.06924,0.06958,21152580.0
2024-07-04 12:00:00+00:00,0.06958,0.06975,0.06691,0.0693,46826140.0
2024-07-04 16:00:00+00:00,0.0693,0.06948,0.0682,0.06825,12615393.0
2024-07-04 20:00:00+00:00,0.06825,0.06905,0.06585,0.0663,21840109.0
2024-07-05 00:00:00+00:00,0.0663,0.06642,0.05853,0.06005,193437280.0
2024-07-05 04:00:00+00:00,0.06005,0.06274,0.05874,0.06211,68259876.0
2024-07-05 08:00:00+00:00,0.06211,0.06475,0.06011,0.06447,45059466.0
2024-07-05 12:00:00+00:00,0.06447,0.06668,0.06331,0.06665,40186548.0
2024-07-05 16:00:00+00:00,0.06665,0.06889,0.06612,0.06711,37451604.0
2024-07-05 20:00:00+00:00,0.06711,0.0674,0.06639,0.06708,12191951.0
2024-07-06 00:00:00+00:00,0.06708,0.06854,0.06613,0.06743,13686243.0
2024-07-06 04:00:00+00:00,0.06743,0.06772,0.06638,0.06728,16024564.0
2024-07-06 08:00:00+00:00,0.06728,0.06851,0.06692,0.06769,10134899.0
2024-07-06 12:00:00+00:00,0.06769,0.06827,0.06727,0.06779,9550926.0
2024-07-06 16:00:00+00:00,0.06779,0.07143,0.06761,0.07019,44537587.0
2024-07-06 20:00:00+00:00,0.07019,0.07098,0.06976,0.06991,8434986.0
2024-07-07 00:00:00+00:00,0.06991,0.07003,0.06881,0.0692,7609667.0
2024-07-07 04:00:00+00:00,0.0692,0.06925,0.06756,0.06798,12717065.0
2024-07-07 08:00:00+00:00,0.06798,0.06837,0.06714,0.06766,26387020.0
2024-07-07 12:00:00+00:00,0.06766,0.0681,0.06555,0.06631,22321045.0
2024-07-07 16:00:00+00:00,0.06631,0.06704,0.06611,0.06625,10017448.0
2024-07-07 20:00:00+00:00,0.06625,0.06652,0.06412,0.06456,19201679.0
2024-07-08 00:00:00+00:00,0.06456,0.06495,0.06226,0.06421,40967143.0
2024-07-08 04:00:00+00:00,0.06421,0.06517,0.06368,0.06439,16032797.0
2024-07-08 08:00:00+00:00,0.06439,0.06846,0.06428,0.06754,37834940.0
2024-07-08 12:00:00+00:00,0.06754,0.06767,0.06418,0.06539,51666762.0
2024-07-08 16:00:00+00:00,0.06539,0.06636,0.06476,0.06621,22652629.0
2024-07-08 20:00:00+00:00,0.06621,0.06664,0.0656,0.06628,11407127.0
2024-07-09 00:00:00+00:00,0.06628,0.06782,0.06593,0.06688,20761821.0
2024-07-09 04:00:00+00:00,0.06688,0.06822,0.06671,0.06818,10861282.0
2024-07-09 08:00:00+00:00,0.06818,0.06905,0.06711,0.06733,29086651.0
2024-07-09 12:00:00+00:00,0.06733,0.06823,0.06647,0.06727,38249829.0
2024-07-09 16:00:00+00:00,0.06727,0.06769,0.06685,0.06724,13852430.0
2024-07-09 20:00:00+00:00,0.06724,0.06819,0.0671,0.06774,9646214.0
2024-07-10 00:00:00+00:00,0.06774,0.0678,0.06688,0.06763,6487738.0
2024-07-10 04:00:00+00:00,0.06763,0.06927,0.0676,0.06863,21654169.0
2024-07-10 08:00:00+00:00,0.06863,0.06877,0.06737,0.06783,10701178.0
2024-07-10 12:00:00+00:00,0.06783,0.0679,0.06599,0.06677,39143412.0
2024-07-10 16:00:00+00:00,0.06677,0.06722,0.06585,0.06607,15630530.0
2024-07-10 20:00:00+00:00,0.06607,0.06651,0.06541,0.06639,8848434.0
2024-07-11 00:00:00+00:00,0.06639,0.067,0.06555,0.0662,11899521.0
2024-07-11 04:00:00+00:00,0.0662,0.06719,0.06607,0.06705,9450943.0
2024-07-11 08:00:00+00:00,0.06705,0.06757,0.0665,0.06728,7696964.0
2024-07-11 12:00:00+00:00,0.06728,0.0687,0.06613,0.06637,31754032.0
2024-07-11 16:00:00+00:00,0.06637,0.06738,0.06584,0.06637,11359687.0
2024-07-11 20:00:00+00:00,0.06637,0.06664,0.06515,0.06556,16961371.0
2024-07-12 00:00:00+00:00,0.06556,0.06623,0.06489,0.06515,13448689.0
2024-07-12 04:00:00+00:00,0.06515,0.06597,0.06475,0.06552,9251117.0
2024-07-12 08:00:00+00:00,0.06552,0.06577,0.06468,0.06562,12386219.0
2024-07-12 12:00:00+00:00,0.06562,0.06745,0.06537,0.06719,15820396.0
2024-07-12 16:00:00+00:00,0.06719,0.06766,0.06659,0.0671,14606610.0
2024-07-12 20:00:00+00:00,0.0671,0.06728,0.06639,0.06728,13354017.0
2024-07-13 00:00:00+00:00,0.06728,0.06755,0.06693,0.06701,4451264.0
2024-07-13 04:00:00+00:00,0.06701,0.06768,0.06677,0.06758,6698737.0
2024-07-13 08:00:00+00:00,0.06758,0.06846,0.06748,0.06828,15310031.0
2024-07-13 12:00:00+00:00,0.06828,0.06869,0.06796,0.06848,11226920.0
2024-07-13 16:00:00+00:00,0.06848,0.06959,0.06825,0.0694,9041696.0
2024-07-13 20:00:00+00:00,0.0694,0.07212,0.06867,0.07134,58629178.0
2024-07-14 00:00:00+00:00,0.07134,0.07318,0.07061,0.07081,46961808.0
2024-07-14 04:00:00+00:00,0.07081,0.07175,0.07072,0.07093,15988344.0
2024-07-14 08:00:00+00:00,0.07093,0.07122,0.07015,0.07042,17009662.0
2024-07-14 12:00:00+00:00,0.07042,0.07049,0.06931,0.07043,23291830.0
2024-07-14 16:00:00+00:00,0.07043,0.07093,0.07009,0.07074,5726715.0
2024-07-14 20:00:00+00:00,0.07074,0.07251,0.07065,0.07204,16863591.0
2024-07-15 00:00:00+00:00,0.07204,0.07351,0.07177,0.07351,14954263.0
2024-07-15 04:00:00+00:00,0.07351,0.07483,0.07324,0.07433,16796096.0
2024-07-15 08:00:00+00:00,0.07433,0.07497,0.07336,0.07347,15913229.0
2024-07-15 12:00:00+00:00,0.07347,0.07521,0.07325,0.07403,24790510.0
2024-07-15 16:00:00+00:00,0.07403,0.07762,0.07388,0.07712,26998842.0
2024-07-15 20:00:00+00:00,0.07712,0.07926,0.07699,0.07817,18793020.0
2024-07-16 00:00:00+00:00,0.07817,0.07899,0.07716,0.07875,13694606.0
2024-07-16 04:00:00+00:00,0.07875,0.07923,0.07515,0.07594,34083111.0
2024-07-16 08:00:00+00:00,0.07594,0.07656,0.07481,0.07572,32081473.0
2024-07-16 12:00:00+00:00,0.07572,0.07787,0.07514,0.07776,23113896.0
2024-07-16 16:00:00+00:00,0.07776,0.07819,0.07637,0.07687,15641956.0
2024-07-16 20:00:00+00:00,0.07687,0.07723,0.07582,0.0765,11856554.0
2024-07-17 00:00:00+00:00,0.0765,0.07819,0.07634,0.07716,14311149.0
2024-07-17 04:00:00+00:00,0.07716,0.07806,0.07672,0.07767,8994096.0
2024-07-17 08:00:00+00:00,0.07767,0.07857,0.07671,0.07758,20556919.0
2024-07-17 12:00:00+00:00,0.07758,0.07898,0.07661,0.0767,16840320.0
2024-07-17 16:00:00+00:00,0.0767,0.07675,0.07515,0.07603,21060623.0
2024-07-17 20:00:00+00:00,0.07603,0.0766,0.07519,0.07523,8345875.0
2024-07-18 00:00:00+00:00,0.07523,0.07618,0.07502,0.07568,9970957.0
2024-07-18 04:00:00+00:00,0.07568,0.07574,0.07417,0.07426,15990946.0
2024-07-18 08:00:00+00:00,0.07426,0.07513,0.07391,0.0748,14478912.0
2024-07-18 12:00:00+00:00,0.0748,0.07573,0.07234,0.07237,18799656.0
2024-07-18 16:00:00+00:00,0.07237,0.07289,0.07088,0.07217,33073709.0
2024-07-18 20:00:00+00:00,0.07217,0.07283,0.07194,0.07271,19176351.0
2024-07-19 00:00:00+00:00,0.07271,0.07358,0.07126,0.07331,13250166.0
2024-07-19 04:00:00+00:00,0.07331,0.07359,0.07206,0.07229,13196293.0
2024-07-19 08:00:00+00:00,0.07229,0.07261,0.07133,0.0722,14554094.0
2024-07-19 12:00:00+00:00,0.0722,0.07424,0.07166,0.07424,20727260.0
2024-07-19 16:00:00+00:00,0.07424,0.07516,0.07417,0.0751,24706536.0
2024-07-19 20:00:00+00:00,0.0751,0.07564,0.0745,0.07461,14317523.0
2024-07-20 00:00:00+00:00,0.07461,0.07605,0.07424,0.07456,11231364.0
2024-07-20 04:00:00+00:00,0.07456,0.07502,0.07435,0.07473,5644681.0
2024-07-20 08:00:00+00:00,0.07473,0.07473,0.07398,0.07404,6292686.0
2024-07-20 12:00:00+00:00,0.07404,0.07473,0.07312,0.07454,9492961.0
2024-07-20 16:00:00+00:00,0.07454,0.07525,0.07398,0.07449,11901057.0
2024-07-20 20:00:00+00:00,0.07449,0.0747,0.07402,0.07458,4965252.0
2024-07-21 00:00:00+00:00,0.07458,0.07582,0.07456,0.07512,5722225.0
2024-07-21 04:00:00+00:00,0.07512,0.07512,0.07327,0.07369,8841922.0
2024-07-21 08:00:00+00:00,0.07369,0.07424,0.07344,0.07373,4095921.0
2024-07-21 12:00:00+00:00,0.07373,0.07376,0.07212,0.07295,8759576.0
2024-07-21 16:00:00+00:00,0.07295,0.0737,0.07012,0.07225,32881315.0
2024-07-21 20:00:00+00:00,0.07225,0.07479,0.07198,0.07472,16602011.0
2024-07-22 00:00:00+00:00,0.07472,0.07535,0.07345,0.07353,14698652.0
2024-07-22 04:00:00+00:00,0.07353,0.07385,0.07166,0.07198,16121225.0
2024-07-22 08:00:00+00:00,0.07198,0.07261,0.07171,0.07245,12662236.0
2024-07-22 12:00:00+00:00,0.07245,0.07303,0.07135,0.07186,28021788.0
2024-07-22 16:00:00+00:00,0.07186,0.07227,0.07145,0.07223,5971987.0
2024-07-22 20:00:00+00:00,0.07223,0.07231,0.07044,0.07069,12978674.0
2024-07-23 00:00:00+00:00,0.07069,0.0715,0.07011,0.07059,14613061.0
2024-07-23 04:00:00+00:00,0.07059,0.07062,0.06854,0.0693,25092421.0
2024-07-23 08:00:00+00:00,0.0693,0.07129,0.06923,0.07021,14503062.0
2024-07-23 12:00:00+00:00,0.07021,0.07036,0.06871,0.06937,22785464.0
2024-07-23 16:00:00+00:00,0.06937,0.06937,0.06683,0.06856,33217636.0
2024-07-23 20:00:00+00:00,0.06856,0.0688,0.06774,0.06818,11723703.0
2024-07-24 00:00:00+00:00,0.06818,0.06855,0.06744,0.06817,9512317.0
2024-07-24 04:00:00+00:00,0.06817,0.06889,0.06738,0.06879,11834127.0
2024-07-24 08:00:00+00:00,0.06879,0.06968,0.06868,0.06928,11120353.0
2024-07-24 12:00:00+00:00,0.06928,0.07023,0.06859,0.06874,17683096.0
2024-07-24 16:00:00+00:00,0.06874,0.06909,0.06703,0.06723,15308281.0
2024-07-24 20:00:00+00:00,0.06723,0.06757,0.06586,0.06646,23353342.0
2024-07-25 00:00:00+00:00,0.06646,0.06696,0.06409,0.06491,41680896.0
2024-07-25 04:00:00+00:00,0.06491,0.0658,0.06436,0.06557,14249243.0
2024-07-25 08:00:00+00:00,0.06557,0.0661,0.06409,0.06413,14547785.0
2024-07-25 12:00:00+00:00,0.06413,0.06571,0.06376,0.06544,22362910.0
2024-07-25 16:00:00+00:00,0.06544,0.06618,0.06375,0.06482,15360007.0
2024-07-25 20:00:00+00:00,0.06482,0.06628,0.06383,0.06596,19916130.0
2024-07-26 00:00:00+00:00,0.06596,0.06728,0.06581,0.0668,15150090.0
2024-07-26 04:00:00+00:00,0.0668,0.068,0.06679,0.06749,7519618.0
2024-07-26 08:00:00+00:00,0.06749,0.06764,0.06693,0.06741,8693685.0
2024-07-26 12:00:00+00:00,0.06741,0.06798,0.06673,0.06739,11566198.0
2024-07-26 16:00:00+00:00,0.06739,0.06855,0.06739,0.06808,14411114.0
2024-07-26 20:00:00+00:00,0.06808,0.06836,0.06762,0.06834,8845768.0
2024-07-27 00:00:00+00:00,0.06834,0.06896,0.06789,0.06842,7570562.0
2024-07-27 04:00:00+00:00,0.06842,0.06907,0.06837,0.06879,4894881.0
2024-07-27 08:00:00+00:00,0.06879,0.06954,0.0687,0.06914,8015494.0
2024-07-27 12:00:00+00:00,0.06914,0.07018,0.06837,0.0688,11895286.0
2024-07-27 16:00:00+00:00,0.0688,0.06912,0.06811,0.06864,13413646.0
2024-07-27 20:00:00+00:00,0.06864,0.06939,0.06738,0.06867,20214275.0
2024-07-28 00:00:00+00:00,0.06867,0.06915,0.06809,0.06845,7317609.0
2024-07-28 04:00:00+00:00,0.06845,0.06858,0.06736,0.06829,5755299.0
2024-07-28 08:00:00+00:00,0.06829,0.06903,0.06797,0.06858,4151331.0
2024-07-28 12:00:00+00:00,0.06858,0.06897,0.06761,0.06764,5757100.0
2024-07-28 16:00:00+00:00,0.06764,0.0681,0.06754,0.06792,3148139.0
2024-07-28 20:00:00+00:00,0.06792,0.06794,0.06671,0.06754,8558048.0
2024-07-29 00:00:00+00:00,0.06754,0.06937,0.06743,0.06862,13481205.0
2024-07-29 04:00:00+00:00,0.06862,0.06924,0.06845,0.06906,8536379.0
2024-07-29 08:00:00+00:00,0.06906,0.06937,0.06862,0.06873,6848491.0
2024-07-29 12:00:00+00:00,0.06873,0.06925,0.06701,0.0675,21596939.0
2024-07-29 16:00:00+00:00,0.0675,0.0676,0.06651,0.06744,16112112.0
2024-07-29 20:00:00+00:00,0.06744,0.06749,0.06668,0.06704,5682288.0
2024-07-30 00:00:00+00:00,0.06704,0.06817,0.0664,0.06773,9490975.0
2024-07-30 04:00:00+00:00,0.06773,0.068,0.06713,0.06765,3784484.0
2024-07-30 08:00:00+00:00,0.06765,0.06778,0.0664,0.06672,9631565.0
2024-07-30 12:00:00+00:00,0.06672,0.06718,0.06595,0.0668,12259288.0
2024-07-30 16:00:00+00:00,0.0668,0.06692,0.06523,0.06549,9788240.0
2024-07-30 20:00:00+00:00,0.06549,0.0661,0.06465,0.06591,11442796.0
2024-07-31 00:00:00+00:00,0.06591,0.06648,0.06542,0.06603,7502344.0
2024-07-31 04:00:00+00:00,0.06603,0.06691,0.06517,0.06671,8125888.0
2024-07-31 08:00:00+00:00,0.06671,0.06674,0.06565,0.06597,6168842.0
2024-07-31 12:00:00+00:00,0.06597,0.06696,0.06562,0.06579,8257118.0
2024-07-31 16:00:00+00:00,0.06579,0.0661,0.06244,0.06292,72779513.0
2024-07-31 20:00:00+00:00,0.06292,0.06342,0.06222,0.06292,26392105.0
2024-08-01 00:00:00+00:00,0.06292,0.06347,0.06246,0.06272,17456982.0
2024-08-01 04:00:00+00:00,0.06272,0.06295,0.06125,0.06188,22984362.0
2024-08-01 08:00:00+00:00,0.06188,0.06264,0.06188,0.06214,12609498.0
2024-08-01 12:00:00+00:00,0.06214,0.06281,0.06023,0.06025,36558658.0
2024-08-01 16:00:00+00:00,0.06025,0.06153,0.05883,0.06149,57509585.0
2024-08-01 20:00:00+00:00,0.06149,0.06384,0.06114,0.06329,44079682.0
2024-08-02 00:00:00+00:00,0.06329,0.06401,0.06151,0.06214,22609048.0
2024-08-02 04:00:00+00:00,0.06214,0.06226,0.06032,0.06122,13591791.0
2024-08-02 08:00:00+00:00,0.06122,0.06158,0.06063,0.06131,12132566.0
2024-08-02 12:00:00+00:00,0.06131,0.06275,0.05876,0.06047,49601263.0
2024-08-02 16:00:00+00:00,0.06047,0.06059,0.05906,0.05957,19517287.0
2024-08-02 20:00:00+00:00,0.05957,0.06002,0.05868,0.05949,20300706.0
2024-08-03 00:00:00+00:00,0.05949,0.05979,0.05786,0.05909,26665821.0
2024-08-03 04:00:00+00:00,0.05909,0.05971,0.05896,0.05939,9724096.0
2024-08-03 08:00:00+00:00,0.05939,0.05945,0.05871,0.05901,7730695.0
2024-08-03 12:00:00+00:00,0.05901,0.05969,0.05772,0.0578,24293022.0
2024-08-03 16:00:00+00:00,0.0578,0.05818,0.05606,0.05631,50292163.0
2024-08-03 20:00:00+00:00,0.05631,0.05826,0.05609,0.0582,17991832.0
2024-08-04 00:00:00+00:00,0.0582,0.05877,0.05766,0.0584,14599223.0
2024-08-04 04:00:00+00:00,0.0584,0.0588,0.05766,0.05791,16917518.0
2024-08-04 08:00:00+00:00,0.05791,0.05842,0.05747,0.058,25475165.0
2024-08-04 12:00:00+00:00,0.058,0.05855,0.05562,0.05572,30428531.0
2024-08-04 16:00:00+00:00,0.05572,0.05647,0.05336,0.05592,56207384.0
2024-08-04 20:00:00+00:00,0.05592,0.05661,0.05504,0.05524,19448045.0
2024-08-05 00:00:00+00:00,0.05524,0.05587,0.04677,0.04914,245001324.0
2024-08-05 04:00:00+00:00,0.04914,0.05147,0.04521,0.05131,160804552.0
2024-08-05 08:00:00+00:00,0.05131,0.05134,0.04672,0.04863,66345087.0
2024-08-05 12:00:00+00:00,0.04863,0.05323,0.0465,0.05284,92177595.0
2024-08-05 16:00:00+00:00,0.05284,0.05426,0.05118,0.05184,41792621.0
2024-08-05 20:00:00+00:00,0.05184,0.05315,0.05174,0.0521,22264674.0
2024-08-06 00:00:00+00:00,0.0521,0.05558,0.05199,0.05465,37569017.0
2024-08-06 04:00:00+00:00,0.05465,0.05625,0.05432,0.05584,13793434.0
2024-08-06 08:00:00+00:00,0.05584,0.05586,0.05379,0.05416,26423033.0
2024-08-06 12:00:00+00:00,0.05416,0.05609,0.05349,0.05557,38456463.0
2024-08-06 16:00:00+00:00,0.05557,0.05639,0.05529,0.05585,12284747.0
2024-08-06 20:00:00+00:00,0.05585,0.05627,0.05439,0.05504,23222546.0
2024-08-07 00:00:00+00:00,0.05504,0.05625,0.05442,0.05583,18181770.0
2024-08-07 04:00:00+00:00,0.05583,0.05705,0.05577,0.05632,18332170.0
2024-08-07 08:00:00+00:00,0.05632,0.05675,0.05542,0.05545,14481058.0
2024-08-07 12:00:00+00:00,0.05545,0.0564,0.05375,0.05434,23826576.0
2024-08-07 16:00:00+00:00,0.05434,0.05447,0.05198,0.05219,19875294.0
2024-08-07 20:00:00+00:00,0.05219,0.05265,0.05079,0.05139,34731017.0
2024-08-08 00:00:00+00:00,0.05139,0.05397,0.05066,0.05279,40042260.0
2024-08-08 04:00:00+00:00,0.05279,0.05364,0.05268,0.05271,13578939.0
2024-08-08 08:00:00+00:00,0.05271,0.05338,0.05264,0.05305,10885931.0
2024-08-08 12:00:00+00:00,0.05305,0.05516,0.05276,0.05511,31003480.0
2024-08-08 16:00:00+00:00,0.05511,0.05645,0.05507,0.0562,15448730.0
2024-08-08 20:00:00+00:00,0.0562,0.0592,0.0562,0.05901,62075276.0
2024-08-09 00:00:00+00:00,0.05901,0.05905,0.05781,0.05813,18686965.0
2024-08-09 04:00:00+00:00,0.05813,0.05864,0.05712,0.05832,23439397.0
2024-08-09 08:00:00+00:00,0.05832,0.0584,0.05683,0.05713,19043936.0
2024-08-09 12:00:00+00:00,0.05713,0.05758,0.0557,0.05572,29126948.0
2024-08-09 16:00:00+00:00,0.05572,0.05625,0.05543,0.05565,14159625.0
2024-08-09 20:00:00+00:00,0.05565,0.05628,0.0552,0.05626,14776611.0
2024-08-10 00:00:00+00:00,0.05626,0.05702,0.05498,0.05532,20573189.0
2024-08-10 04:00:00+00:00,0.05532,0.05575,0.05488,0.05557,16341269.0
2024-08-10 08:00:00+00:00,0.05557,0.056,0.0552,0.056,9086030.0
2024-08-10 12:00:00+00:00,0.056,0.05608,0.05525,0.05572,7124997.0
2024-08-10 16:00:00+00:00,0.05572,0.05618,0.05564,0.05594,7537902.0
2024-08-10 20:00:00+00:00,0.05594,0.05617,0.0556,0.05587,4853170.0
2024-08-11 00:00:00+00:00,0.05587,0.05678,0.05567,0.05626,9308211.0
2024-08-11 04:00:00+00:00,0.05626,0.05678,0.05605,0.0566,6535281.0
2024-08-11 08:00:00+00:00,0.0566,0.05729,0.05539,0.05563,17721385.0
2024-08-11 12:00:00+00:00,0.05563,0.05572,0.05427,0.05444,16415168.0
2024-08-11 16:00:00+00:00,0.05444,0.05484,0.05343,0.05348,13415122.0
2024-08-11 20:00:00+00:00,0.05348,0.05356,0.05249,0.05259,14892558.0
2024-08-12 00:00:00+00:00,0.05259,0.05354,0.05257,0.05329,7647961.0
2024-08-12 04:00:00+00:00,0.05329,0.05385,0.0525,0.05362,9230797.0
2024-08-12 08:00:00+00:00,0.05362,0.05507,0.05322,0.05503,17039957.0
2024-08-12 12:00:00+00:00,0.05503,0.05546,0.05265,0.05472,35505446.0
2024-08-12 16:00:00+00:00,0.05472,0.05492,0.05284,0.05316,19159726.0
2024-08-12 20:00:00+00:00,0.05316,0.05407,0.05265,0.05382,16620329.0
2024-08-13 00:00:00+00:00,0.05382,0.05402,0.05276,0.05284,13730832.0
2024-08-13 04:00:00+00:00,0.05284,0.05296,0.05192,0.05249,22646445.0
2024-08-13 08:00:00+00:00,0.05249,0.05249,0.05166,0.05231,16847696.0
2024-08-13 12:00:00+00:00,0.05231,0.05327,0.05214,0.05295,20318455.0
2024-08-13 16:00:00+00:00,0.05295,0.0546,0.05291,0.05414,17809092.0
2024-08-13 20:00:00+00:00,0.05414,0.05443,0.05375,0.05424,14970890.0
2024-08-14 00:00:00+00:00,0.05424,0.05432,0.05357,0.05403,9118865.0
2024-08-14 04:00:00+00:00,0.05403,0.05426,0.05367,0.05383,5293682.0
2024-08-14 08:00:00+00:00,0.05383,0.05487,0.05363,0.05425,19461334.0
2024-08-14 12:00:00+00:00,0.05425,0.05524,0.05271,0.05422,55451595.0
2024-08-14 16:00:00+00:00,0.05422,0.05429,0.05288,0.05303,18187094.0
2024-08-14 20:00:00+00:00,0.05303,0.05361,0.05278,0.05357,8788996.0
2024-08-15 00:00:00+00:00,0.05357,0.05413,0.05332,0.05353,13003325.0
2024-08-15 04:00:00+00:00,0.05353,0.05437,0.05272,0.05311,19813970.0
2024-08-15 08:00:00+00:00,0.05311,0.05342,0.05248,0.05342,13311518.0
2024-08-15 12:00:00+00:00,0.05342,0.05413,0.05323,0.05359,16285526.0
2024-08-15 16:00:00+00:00,0.05359,0.0537,0.05131,0.05182,26924292.0
2024-08-15 20:00:00+00:00,0.05182,0.05221,0.05114,0.05187,17588313.0
2024-08-16 00:00:00+00:00,0.05187,0.05258,0.05156,0.05201,15000063.0
2024-08-16 04:00:00+00:00,0.05201,0.05265,0.05193,0.05239,13691541.0
2024-08-16 08:00:00+00:00,0.05239,0.05249,0.05181,0.05185,13910667.0
2024-08-16 12:00:00+00:00,0.05185,0.05219,0.05057,0.05101,33247764.0
2024-08-16 16:00:00+00:00,0.05101,0.05229,0.0509,0.05223,14663144.0
2024-08-16 20:00:00+00:00,0.05223,0.05246,0.05183,0.05186,9133204.0
2024-08-17 00:00:00+00:00,0.05186,0.05193,0.0514,0.05166,11334501.0
2024-08-17 04:00:00+00:00,0.05166,0.05179,0.05141,0.05165,6257718.0
2024-08-17 08:00:00+00:00,0.05165,0.05165,0.05112,0.05137,9132260.0
2024-08-17 12:00:00+00:00,0.05137,0.05224,0.05135,0.05205,11708249.0
2024-08-17 16:00:00+00:00,0.05205,0.05269,0.05198,0.05239,6354026.0
2024-08-17 20:00:00+00:00,0.05239,0.05271,0.05224,0.05259,4861564.0
2024-08-18 00:00:00+00:00,0.05259,0.05287,0.0521,0.05226,8712013.0
2024-08-18 04:00:00+00:00,0.05226,0.05257,0.05207,0.05212,7235651.0
2024-08-18 08:00:00+00:00,0.05212,0.05348,0.05208,0.05333,18496654.0
2024-08-18 12:00:00+00:00,0.05333,0.05519,0.05333,0.05431,41287470.0
2024-08-18 16:00:00+00:00,0.05431,0.05442,0.05318,0.05407,15448209.0
2024-08-18 20:00:00+00:00,0.05407,0.05413,0.05299,0.05308,12369078.0
2024-08-19 00:00:00+00:00,0.05308,0.0533,0.05267,0.05321,11823650.0
2024-08-19 04:00:00+00:00,0.05321,0.05324,0.05241,0.05249,7302179.0
2024-08-19 08:00:00+00:00,0.05249,0.05345,0.05223,0.05332,41798292.0
2024-08-19 12:00:00+00:00,0.05332,0.05373,0.0526,0.05261,26665261.0
2024-08-19 16:00:00+00:00,0.05261,0.05355,0.05233,0.05335,24413721.0
2024-08-19 20:00:00+00:00,0.05335,0.05434,0.05325,0.05426,13320900.0
2024-08-20 00:00:00+00:00,0.05426,0.05506,0.05396,0.05479,12533474.0
2024-08-20 04:00:00+00:00,0.05479,0.05546,0.05466,0.05487,11245535.0
2024-08-20 08:00:00+00:00,0.05487,0.05498,0.05422,0.05431,17162489.0
2024-08-20 12:00:00+00:00,0.05431,0.05455,0.05296,0.05338,36353773.0
2024-08-20 16:00:00+00:00,0.05338,0.05399,0.05299,0.05382,10647385.0
2024-08-20 20:00:00+00:00,0.05382,0.05412,0.05338,0.05361,13965367.0
2024-08-21 00:00:00+00:00,0.05361,0.05388,0.05303,0.05346,6681830.0
2024-08-21 04:00:00+00:00,0.05346,0.05386,0.05297,0.05331,13594450.0
2024-08-21 08:00:00+00:00,0.05331,0.05352,0.05268,0.05292,16172939.0
2024-08-21 12:00:00+00:00,0.05292,0.0537,0.05212,0.05344,29634374.0
2024-08-21 16:00:00+00:00,0.05344,0.0554,0.05324,0.05494,24039768.0
2024-08-21 20:00:00+00:00,0.05494,0.05557,0.05456,0.0547,16811867.0
2024-08-22 00:00:00+00:00,0.0547,0.05517,0.05401,0.0546,14246118.0
2024-08-22 04:00:00+00:00,0.0546,0.05483,0.05435,0.05447,13669276.0
2024-08-22 08:00:00+00:00,0.05447,0.05549,0.0544,0.05526,16145351.0
2024-08-22 12:00:00+00:00,0.05526,0.05566,0.05452,0.05476,17299281.0
2024-08-22 16:00:00+00:00,0.05476,0.05532,0.05461,0.0547,11552416.0
2024-08-22 20:00:00+00:00,0.0547,0.05542,0.05459,0.05522,10515494.0
2024-08-23 00:00:00+00:00,0.05522,0.05593,0.05511,0.0558,13287965.0
2024-08-23 04:00:00+00:00,0.0558,0.0565,0.05559,0.05629,16100057.0
2024-08-23 08:00:00+00:00,0.05629,0.05668,0.05593,0.05615,13974948.0
2024-08-23 12:00:00+00:00,0.05615,0.05907,0.0561,0.05832,46877063.0
2024-08-23 16:00:00+00:00,0.05832,0.05966,0.05778,0.05918,22004831.0
2024-08-23 20:00:00+00:00,0.05918,0.05991,0.05909,0.05945,12691726.0
2024-08-24 00:00:00+00:00,0.05945,0.05978,0.05852,0.05855,9876260.0
2024-08-24 04:00:00+00:00,0.05855,0.05928,0.05853,0.05904,9812350.0
2024-08-24 08:00:00+00:00,0.05904,0.06051,0.05875,0.06011,18732416.0
2024-08-24 12:00:00+00:00,0.06011,0.06087,0.05991,0.06019,17256842.0
2024-08-24 16:00:00+00:00,0.06019,0.06164,0.06011,0.06113,18739462.0
2024-08-24 20:00:00+00:00,0.06113,0.06201,0.05936,0.0604,21983322.0
2024-08-25 00:00:00+00:00,0.0604,0.06052,0.05846,0.05948,18362203.0
2024-08-25 04:00:00+00:00,0.05948,0.0598,0.05749,0.05805,19101011.0
2024-08-25 08:00:00+00:00,0.05805,0.05903,0.05774,0.05856,13064251.0
2024-08-25 12:00:00+00:00,0.05856,0.05955,0.05843,0.05897,8368929.0
2024-08-25 16:00:00+00:00,0.05897,0.05931,0.05844,0.05881,6606980.0
2024-08-25 20:00:00+00:00,0.05881,0.06008,0.05876,0.05893,10175245.0
2024-08-26 00:00:00+00:00,0.05893,0.05938,0.05772,0.05844,10881596.0
2024-08-26 04:00:00+00:00,0.05844,0.0587,0.05755,0.05793,8697599.0
2024-08-26 08:00:00+00:00,0.05793,0.05887,0.05768,0.05813,11067440.0
2024-08-26 12:00:00+00:00,0.05813,0.05837,0.05682,0.05695,27102811.0
2024-08-26 16:00:00+00:00,0.05695,0.0575,0.0556,0.056,25552978.0
2024-08-26 20:00:00+00:00,0.056,0.05649,0.05552,0.0559,13175664.0
2024-08-27 00:00:00+00:00,0.0559,0.05681,0.05586,0.05621,10395466.0
2024-08-27 04:00:00+00:00,0.05621,0.05673,0.05547,0.05558,10534354.0
2024-08-27 08:00:00+00:00,0.05558,0.05599,0.05431,0.05464,28295107.0
2024-08-27 12:00:00+00:00,0.05464,0.055,0.05414,0.05441,11688327.0
2024-08-27 16:00:00+00:00,0.05441,0.05504,0.05417,0.05458,9652252.0
2024-08-27 20:00:00+00:00,0.05458,0.05458,0.05096,0.05246,55156657.0
2024-08-28 00:00:00+00:00,0.05246,0.05264,0.05168,0.05254,15578916.0
2024-08-28 04:00:00+00:00,0.05254,0.05279,0.05181,0.05186,12614374.0
2024-08-28 08:00:00+00:00,0.05186,0.05392,0.05156,0.05329,14621461.0
2024-08-28 12:00:00+00:00,0.05329,0.05347,0.05154,0.05197,18189396.0
2024-08-28 16:00:00+00:00,0.05197,0.05225,0.05027,0.0514,28454145.0
2024-08-28 20:00:00+00:00,0.0514,0.05211,0.05058,0.05124,15626089.0
2024-08-29 00:00:00+00:00,0.05124,0.05176,0.05099,0.05126,9469181.0
2024-08-29 04:00:00+00:00,0.05126,0.05181,0.05102,0.05153,7226357.0
2024-08-29 08:00:00+00:00,0.05153,0.05219,0.05118,0.05174,14510158.0
2024-08-29 12:00:00+00:00,0.05174,0.05305,0.0516,0.05263,16170161.0
2024-08-29 16:00:00+00:00,0.05263,0.05275,0.05035,0.05086,24890099.0
2024-08-29 20:00:00+00:00,0.05086,0.05124,0.05042,0.05113,10386753.0
2024-08-30 00:00:00+00:00,0.05113,0.05151,0.05072,0.05084,11314593.0
2024-08-30 04:00:00+00:00,0.05084,0.05153,0.0507,0.05119,8313914.0
2024-08-30 08:00:00+00:00,0.05119,0.0518,0.05116,0.05125,9825053.0
2024-08-30 12:00:00+00:00,0.05125,0.05162,0.0495,0.04975,30032236.0
2024-08-30 16:00:00+00:00,0.04975,0.0514,0.04956,0.0508,18385727.0
2024-08-30 20:00:00+00:00,0.0508,0.05165,0.0508,0.0513,8342402.0
2024-08-31 00:00:00+00:00,0.0513,0.05164,0.05111,0.05111,8410739.0
2024-08-31 04:00:00+00:00,0.05111,0.05124,0.05087,0.05087,2907686.0
2024-08-31 08:00:00+00:00,0.05087,0.05104,0.05033,0.05077,7334340.0
2024-08-31 12:00:00+00:00,0.05077,0.05088,0.05016,0.05036,6253076.0
2024-08-31 16:00:00+00:00,0.05036,0.05041,0.0495,0.04975,12521224.0
2024-08-31 20:00:00+00:00,0.04975,0.05028,0.04965,0.04995,6375792.0
2024-09-01 00:00:00+00:00,0.04995,0.05003,0.04902,0.04958,11866506.0
2024-09-01 04:00:00+00:00,0.04958,0.04975,0.04867,0.04941,11197249.0
2024-09-01 08:00:00+00:00,0.04941,0.04948,0.04849,0.04887,8767043.0
2024-09-01 12:00:00+00:00,0.04887,0.04904,0.04798,0.04901,16837296.0
2024-09-01 16:00:00+00:00,0.04901,0.04945,0.04807,0.04925,16038250.0
2024-09-01 20:00:00+00:00,0.04925,0.04959,0.04747,0.0479,20256477.0
2024-09-02 00:00:00+00:00,0.0479,0.04863,0.04786,0.04851,6321499.0
2024-09-02 04:00:00+00:00,0.04851,0.04864,0.04785,0.0481,6161341.0
2024-09-02 08:00:00+00:00,0.0481,0.0501,0.0481,0.04975,13808281.0
2024-09-02 12:00:00+00:00,0.04975,0.05046,0.04939,0.05011,16806819.0
2024-09-02 16:00:00+00:00,0.05011,0.05041,0.04975,0.0499,5794207.0
2024-09-02 20:00:00+00:00,0.0499,0.051,0.04988,0.05077,5986735.0
2024-09-03 00:00:00+00:00,0.05077,0.05166,0.05054,0.0511,8467738.0
2024-09-03 04:00:00+00:00,0.0511,0.05134,0.05083,0.0513,3754627.0
2024-09-03 08:00:00+00:00,0.0513,0.05135,0.0507,0.05106,6109734.0
2024-09-03 12:00:00+00:00,0.05106,0.05125,0.04877,0.04883,21517961.0
2024-09-03 16:00:00+00:00,0.04883,0.04975,0.04868,0.04944,10837619.0
2024-09-03 20:00:00+00:00,0.04944,0.04956,0.04875,0.04883,7852968.0
2024-09-04 00:00:00+00:00,0.04883,0.04922,0.04696,0.04869,34153297.0
2024-09-04 04:00:00+00:00,0.04869,0.04912,0.04821,0.04891,9637933.0
2024-09-04 08:00:00+00:00,0.04891,0.04909,0.04806,0.04817,14758061.0
2024-09-04 12:00:00+00:00,0.04817,0.04998,0.04802,0.0499,13087085.0
2024-09-04 16:00:00+00:00,0.0499,0.05068,0.04903,0.04925,17836282.0
2024-09-04 20:00:00+00:00,0.04925,0.04977,0.04907,0.04931,5211881.0
2024-09-05 00:00:00+00:00,0.04931,0.04971,0.04844,0.04846,10802960.0
2024-09-05 04:00:00+00:00,0.04846,0.04915,0.04828,0.04893,6359878.0
2024-09-05 08:00:00+00:00,0.04893,0.049,0.04813,0.04831,6955881.0
2024-09-05 12:00:00+00:00,0.04831,0.04894,0.04759,0.04807,30374747.0
2024-09-05 16:00:00+00:00,0.04807,0.04852,0.04757,0.04777,15280025.0
2024-09-05 20:00:00+00:00,0.04777,0.04829,0.0477,0.04813,8047297.0
2024-09-06 00:00:00+00:00,0.04813,0.0485,0.04781,0.04815,7453544.0
2024-09-06 04:00:00+00:00,0.04815,0.04831,0.0473,0.0477,8454375.0
2024-09-06 08:00:00+00:00,0.0477,0.04795,0.0472,0.04772,11963741.0
2024-09-06 12:00:00+00:00,0.04772,0.04886,0.04694,0.0476,32381443.0
2024-09-06 16:00:00+00:00,0.0476,0.0476,0.04641,0.04667,22171374.0
2024-09-06 20:00:00+00:00,0.04667,0.04717,0.04562,0.04715,27142820.0
2024-09-07 00:00:00+00:00,0.04715,0.04747,0.0469,0.047,5051936.0
2024-09-07 04:00:00+00:00,0.047,0.04812,0.04697,0.04799,6313822.0
2024-09-07 08:00:00+00:00,0.04799,0.04817,0.04768,0.04775,4831847.0
2024-09-07 12:00:00+00:00,0.04775,0.04903,0.04775,0.04868,8524037.0
2024-09-07 16:00:00+00:00,0.04868,0.04883,0.048,0.04861,5995880.0
2024-09-07 20:00:00+00:00,0.04861,0.04863,0.04773,0.04854,6799562.0
2024-09-08 00:00:00+00:00,0.04854,0.04886,0.04804,0.04886,9386875.0
2024-09-08 04:00:00+00:00,0.04886,0.04976,0.04881,0.0497,11913331.0
2024-09-08 08:00:00+00:00,0.0497,0.04998,0.0494,0.04947,6201286.0
2024-09-08 12:00:00+00:00,0.04947,0.04957,0.04858,0.04863,8867520.0
2024-09-08 16:00:00+00:00,0.04863,0.04973,0.04842,0.04925,9037510.0
2024-09-08 20:00:00+00:00,0.04925,0.04997,0.049,0.04946,11692007.0
2024-09-09 00:00:00+00:00,0.04946,0.05011,0.04942,0.04982,9864350.0
2024-09-09 04:00:00+00:00,0.04982,0.05028,0.04934,0.05027,6363751.0
2024-09-09 08:00:00+00:00,0.05027,0.05082,0.05026,0.05048,7594678.0
2024-09-09 12:00:00+00:00,0.05048,0.05096,0.05007,0.05065,14994801.0
2024-09-09 16:00:00+00:00,0.05065,0.05132,0.05064,0.05124,26943889.0
2024-09-09 20:00:00+00:00,0.05124,0.05158,0.05088,0.05103,14563196.0
2024-09-10 00:00:00+00:00,0.05103,0.05103,0.05001,0.05006,7215251.0
2024-09-10 04:00:00+00:00,0.05006,0.05065,0.05003,0.05053,10252241.0
2024-09-10 08:00:00+00:00,0.05053,0.0508,0.05009,0.05075,16129095.0
2024-09-10 12:00:00+00:00,0.05075,0.05095,0.05025,0.05039,11584010.0
2024-09-10 16:00:00+00:00,0.05039,0.05112,0.05032,0.05097,7916040.0
2024-09-10 20:00:00+00:00,0.05097,0.05118,0.05074,0.05088,10501389.0
2024-09-11 00:00:00+00:00,0.05088,0.05088,0.04981,0.04986,11177916.0
2024-09-11 04:00:00+00:00,0.04986,0.04986,0.04905,0.04956,9104442.0
2024-09-11 08:00:00+00:00,0.04956,0.04957,0.04912,0.0494,9455309.0
2024-09-11 12:00:00+00:00,0.0494,0.05008,0.04861,0.04969,18793086.0
2024-09-11 16:00:00+00:00,0.04969,0.05064,0.04962,0.05003,17788653.0
2024-09-11 20:00:00+00:00,0.05003,0.05028,0.04983,0.04996,9849581.0
2024-09-12 00:00:00+00:00,0.04996,0.05087,0.04994,0.05058,10200209.0
2024-09-12 04:00:00+00:00,0.05058,0.05084,0.05037,0.05055,7195199.0
2024-09-12 08:00:00+00:00,0.05055,0.0509,0.05035,0.05041,6682933.0
2024-09-12 12:00:00+00:00,0.05041,0.05096,0.04973,0.04982,35777714.0
2024-09-12 16:00:00+00:00,0.04982,0.05039,0.04979,0.05036,11692883.0
2024-09-12 20:00:00+00:00,0.05036,0.05054,0.05008,0.05052,8233013.0
2024-09-13 00:00:00+00:00,0.05052,0.05093,0.0503,0.05066,9048822.0
2024-09-13 04:00:00+00:00,0.05066,0.05113,0.05062,0.05102,7066038.0
2024-09-13 08:00:00+00:00,0.05102,0.05209,0.05092,0.05143,26506482.0
2024-09-13 12:00:00+00:00,0.05143,0.05271,0.05089,0.05248,21422324.0
2024-09-13 16:00:00+00:00,0.05248,0.05272,0.05205,0.05234,16789867.0
2024-09-13 20:00:00+00:00,0.05234,0.05284,0.05223,0.05233,9413634.0
2024-09-14 00:00:00+00:00,0.05233,0.05283,0.05233,0.05268,8367375.0
2024-09-14 04:00:00+00:00,0.05268,0.05268,0.05187,0.05203,8289805.0
2024-09-14 08:00:00+00:00,0.05203,0.05206,0.0515,0.0517,8293368.0
2024-09-14 12:00:00+00:00,0.0517,0.05209,0.05158,0.052,8902414.0
2024-09-14 16:00:00+00:00,0.052,0.05203,0.05115,0.05126,12718131.0
2024-09-14 20:00:00+00:00,0.05126,0.05176,0.05126,0.05163,10036064.0
2024-09-15 00:00:00+00:00,0.05163,0.05194,0.05138,0.0516,8381368.0
2024-09-15 04:00:00+00:00,0.0516,0.05193,0.05138,0.05169,9932951.0
2024-09-15 08:00:00+00:00,0.05169,0.05176,0.05117,0.05148,7530808.0
2024-09-15 12:00:00+00:00,0.05148,0.05181,0.05126,0.05164,8954991.0
2024-09-15 16:00:00+00:00,0.05164,0.05165,0.05079,0.05098,9220869.0
2024-09-15 20:00:00+00:00,0.05098,0.05108,0.04952,0.05001,23843151.0
2024-09-16 00:00:00+00:00,0.05001,0.05002,0.04907,0.04968,10426094.0
2024-09-16 04:00:00+00:00,0.04968,0.05033,0.04952,0.05033,11195089.0
2024-09-16 08:00:00+00:00,0.05033,0.0506,0.04955,0.05005,12687456.0
2024-09-16 12:00:00+00:00,0.05005,0.05014,0.04925,0.0496,13028049.0
2024-09-16 16:00:00+00:00,0.0496,0.04985,0.04911,0.04941,11379601.0
2024-09-16 20:00:00+00:00,0.04941,0.04955,0.04902,0.04943,15411330.0
2024-09-17 00:00:00+00:00,0.04943,0.04948,0.04881,0.04934,10210393.0
2024-09-17 04:00:00+00:00,0.04934,0.04993,0.04928,0.04952,6656523.0
2024-09-17 08:00:00+00:00,0.04952,0.04975,0.0493,0.04944,14547677.0
2024-09-17 12:00:00+00:00,0.04944,0.05065,0.04907,0.05049,29767399.0
2024-09-17 16:00:00+00:00,0.05049,0.05077,0.04937,0.04966,14982193.0
2024-09-17 20:00:00+00:00,0.04966,0.04996,0.04951,0.04983,7002010.0
2024-09-18 00:00:00+00:00,0.04983,0.04994,0.04933,0.04975,8065791.0
2024-09-18 04:00:00+00:00,0.04975,0.04983,0.04928,0.0494,8486738.0
2024-09-18 08:00:00+00:00,0.0494,0.0494,0.04839,0.0488,16812716.0
2024-09-18 12:00:00+00:00,0.0488,0.04904,0.0484,0.04842,16507877.0
2024-09-18 16:00:00+00:00,0.04842,0.05017,0.04834,0.04938,31762376.0
2024-09-18 20:00:00+00:00,0.04938,0.05077,0.04906,0.05071,18940711.0
2024-09-19 00:00:00+00:00,0.05071,0.05197,0.05071,0.05184,28849519.0
2024-09-19 04:00:00+00:00,0.05184,0.05341,0.05136,0.05193,114034722.0
2024-09-19 08:00:00+00:00,0.05193,0.05219,0.05131,0.05218,44229470.0
2024-09-19 12:00:00+00:00,0.05218,0.05243,0.05164,0.05198,31389702.0
2024-09-19 16:00:00+00:00,0.05198,0.05286,0.05178,0.05192,43084931.0
2024-09-19 20:00:00+00:00,0.05192,0.05215,0.05125,0.05166,21483937.0
2024-09-20 00:00:00+00:00,0.05166,0.05242,0.05085,0.05242,28584115.0
2024-09-20 04:00:00+00:00,0.05242,0.05369,0.05239,0.05347,52199967.0
2024-09-20 08:00:00+00:00,0.05347,0.05351,0.05192,0.05233,31395226.0
2024-09-20 12:00:00+00:00,0.05233,0.05274,0.05141,0.05187,46933808.0
2024-09-20 16:00:00+00:00,0.05187,0.05229,0.05122,0.05171,19591401.0
2024-09-20 20:00:00+00:00,0.05171,0.05284,0.05162,0.0528,14820247.0
2024-09-21 00:00:00+00:00,0.0528,0.0535,0.05242,0.05309,26131821.0
2024-09-21 04:00:00+00:00,0.05309,0.05426,0.05253,0.05398,24465459.0
2024-09-21 08:00:00+00:00,0.05398,0.0546,0.05356,0.05399,34983642.0
2024-09-21 12:00:00+00:00,0.05399,0.05607,0.05393,0.05518,40930214.0
2024-09-21 16:00:00+00:00,0.05518,0.05565,0.05469,0.05479,38422717.0
2024-09-21 20:00:00+00:00,0.05479,0.05608,0.05444,0.05604,20839585.0
2024-09-22 00:00:00+00:00,0.05604,0.05605,0.05415,0.05481,24279740.0
2024-09-22 04:00:00+00:00,0.05481,0.05501,0.05386,0.0541,13426163.0
2024-09-22 08:00:00+00:00,0.0541,0.0544,0.05309,0.05359,25832454.0
2024-09-22 12:00:00+00:00,0.05359,0.05375,0.05282,0.05319,19360376.0
2024-09-22 16:00:00+00:00,0.05319,0.05401,0.05276,0.05369,13485196.0
2024-09-22 20:00:00+00:00,0.05369,0.05409,0.05234,0.05375,27966946.0
2024-09-23 00:00:00+00:00,0.05375,0.0554,0.05259,0.05495,26593164.0
2024-09-23 04:00:00+00:00,0.05495,0.056,0.05449,0.0551,22357050.0
2024-09-23 08:00:00+00:00,0.0551,0.05677,0.05453,0.05596,39459430.0
2024-09-23 12:00:00+00:00,0.05596,0.0567,0.05539,0.05656,34750326.0
2024-09-23 16:00:00+00:00,0.05656,0.05746,0.05598,0.05712,24147281.0
2024-09-23 20:00:00+00:00,0.05712,0.058,0.05691,0.05782,29200397.0
2024-09-24 00:00:00+00:00,0.05782,0.05792,0.05632,0.05674,24763005.0
2024-09-24 04:00:00+00:00,0.05674,0.05793,0.05613,0.05785,18465285.0
2024-09-24 08:00:00+00:00,0.05785,0.05808,0.05678,0.05698,23301631.0
2024-09-24 12:00:00+00:00,0.05698,0.05743,0.05558,0.0561,28338703.0
2024-09-24 16:00:00+00:00,0.0561,0.05729,0.05598,0.05724,21543033.0
2024-09-24 20:00:00+00:00,0.05724,0.05805,0.05677,0.05765,20956207.0
2024-09-25 00:00:00+00:00,0.05765,0.05906,0.05722,0.059,22901434.0
2024-09-25 04:00:00+00:00,0.059,0.05993,0.05825,0.05905,36458790.0
2024-09-25 08:00:00+00:00,0.05905,0.06042,0.05904,0.05973,30648135.0
2024-09-25 12:00:00+00:00,0.05973,0.05999,0.05806,0.05846,39073439.0
2024-09-25 16:00:00+00:00,0.05846,0.05906,0.05779,0.05808,24586072.0
2024-09-25 20:00:00+00:00,0.05808,0.05952,0.05801,0.05847,20333407.0
2024-09-26 00:00:00+00:00,0.05847,0.05853,0.05688,0.05786,25983049.0
2024-09-26 04:00:00+00:00,0.05786,0.05876,0.05746,0.05864,22490678.0
2024-09-26 08:00:00+00:00,0.05864,0.05916,0.05802,0.05881,24101699.0
2024-09-26 12:00:00+00:00,0.05881,0.06114,0.05857,0.06114,51156992.0
2024-09-26 16:00:00+00:00,0.06114,0.06209,0.06046,0.06135,26310536.0
2024-09-26 20:00:00+00:00,0.06135,0.06178,0.06065,0.0617,19811913.0
2024-09-27 00:00:00+00:00,0.0617,0.06214,0.06074,0.06198,25907240.0
2024-09-27 04:00:00+00:00,0.06198,0.06286,0.06137,0.0614,26166605.0
2024-09-27 08:00:00+00:00,0.0614,0.06195,0.06045,0.06108,26716832.0
2024-09-27 12:00:00+00:00,0.06108,0.06235,0.06075,0.06155,27916553.0
2024-09-27 16:00:00+00:00,0.06155,0.06216,0.06093,0.06137,18896042.0
2024-09-27 20:00:00+00:00,0.06137,0.06193,0.06116,0.0618,12471548.0
2024-09-28 00:00:00+00:00,0.0618,0.06339,0.0614,0.06326,22848137.0
2024-09-28 04:00:00+00:00,0.06326,0.06378,0.06147,0.06151,28304429.0
2024-09-28 08:00:00+00:00,0.06151,0.06187,0.0602,0.06141,25767931.0
2024-09-28 12:00:00+00:00,0.06141,0.06145,0.06038,0.06108,17780105.0
2024-09-28 16:00:00+00:00,0.06108,0.06138,0.06039,0.06125,12916020.0
2024-09-28 20:00:00+00:00,0.06125,0.06129,0.06006,0.06116,12976766.0
2024-09-29 00:00:00+00:00,0.06116,0.06167,0.06045,0.06155,16162428.0
2024-09-29 04:00:00+00:00,0.06155,0.0616,0.05981,0.05997,13923675.0
2024-09-29 08:00:00+00:00,0.05997,0.06075,0.05994,0.06059,12944828.0
2024-09-29 12:00:00+00:00,0.06059,0.06085,0.05964,0.06056,21191633.0
2024-09-29 16:00:00+00:00,0.06056,0.06242,0.06047,0.06208,25236600.0
2024-09-29 20:00:00+00:00,0.06208,0.06252,0.061,0.06136,15971064.0
2024-09-30 00:00:00+00:00,0.06136,0.06168,0.05955,0.06012,38536179.0
2024-09-30 04:00:00+00:00,0.06012,0.06073,0.05941,0.06061,21403249.0
2024-09-30 08:00:00+00:00,0.06061,0.06061,0.05874,0.05941,26157290.0
2024-09-30 12:00:00+00:00,0.05941,0.06019,0.05837,0.05845,21234157.0
2024-09-30 16:00:00+00:00,0.05845,0.05904,0.05825,0.05849,22976819.0
2024-09-30 20:00:00+00:00,0.05849,0.05914,0.0569,0.0574,30705232.0
2024-10-01 00:00:00+00:00,0.0574,0.05881,0.05702,0.05874,18751168.0
2024-10-01 04:00:00+00:00,0.05874,0.05935,0.05826,0.05914,15558560.0
2024-10-01 08:00:00+00:00,0.05914,0.05925,0.05851,0.05857,12978755.0
2024-10-01 12:00:00+00:00,0.05857,0.05882,0.0541,0.05527,75951191.0
2024-10-01 16:00:00+00:00,0.05527,0.05553,0.05187,0.05321,80438677.0
2024-10-01 20:00:00+00:00,0.05321,0.05333,0.05183,0.05277,39238883.0
2024-10-02 00:00:00+00:00,0.05277,0.05412,0.05239,0.05389,24722382.0
2024-10-02 04:00:00+00:00,0.05389,0.05475,0.05356,0.05433,22549216.0
2024-10-02 08:00:00+00:00,0.05433,0.0546,0.05279,0.05323,22653847.0
2024-10-02 12:00:00+00:00,0.05323,0.05356,0.05225,0.05312,36833546.0
2024-10-02 16:00:00+00:00,0.05312,0.05353,0.05062,0.05129,44689597.0
2024-10-02 20:00:00+00:00,0.05129,0.05198,0.05097,0.05159,28735357.0
2024-10-03 00:00:00+00:00,0.05159,0.05237,0.05108,0.05237,26423019.0
2024-10-03 04:00:00+00:00,0.05237,0.05245,0.05108,0.05113,15981404.0
2024-10-03 08:00:00+00:00,0.05113,0.05146,0.05001,0.05071,33276812.0
2024-10-03 12:00:00+00:00,0.05071,0.05138,0.04996,0.05087,37334793.0
2024-10-03 16:00:00+00:00,0.05087,0.05189,0.04995,0.05184,25655214.0
2024-10-03 20:00:00+00:00,0.05184,0.05197,0.05123,0.05168,19721768.0
2024-10-04 00:00:00+00:00,0.05168,0.05243,0.05138,0.0518,14666425.0
2024-10-04 04:00:00+00:00,0.0518,0.05245,0.05177,0.05213,15161257.0
2024-10-04 08:00:00+00:00,0.05213,0.05309,0.05202,0.05253,19509396.0
2024-10-04 12:00:00+00:00,0.05253,0.05326,0.05217,0.05326,41012305.0
2024-10-04 16:00:00+00:00,0.05326,0.05483,0.05325,0.05449,36624250.0
2024-10-04 20:00:00+00:00,0.05449,0.05474,0.05382,0.05474,25178237.0
2024-10-05 00:00:00+00:00,0.05474,0.05507,0.05342,0.05344,17381343.0
2024-10-05 04:00:00+00:00,0.05344,0.05432,0.05344,0.05372,11923622.0
2024-10-05 08:00:00+00:00,0.05372,0.05407,0.05352,0.05384,8750692.0
2024-10-05 12:00:00+00:00,0.05384,0.05393,0.05318,0.05349,10270342.0
2024-10-05 16:00:00+00:00,0.05349,0.05355,0.05265,0.05272,12726744.0
2024-10-05 20:00:00+00:00,0.05272,0.05324,0.0523,0.05307,10717312.0
2024-10-06 00:00:00+00:00,0.05307,0.05329,0.05243,0.05244,9750257.0
2024-10-06 04:00:00+00:00,0.05244,0.05288,0.05227,0.05267,7203437.0
2024-10-06 08:00:00+00:00,0.05267,0.0532,0.05255,0.05301,9553918.0
2024-10-06 12:00:00+00:00,0.05301,0.05399,0.05298,0.05377,13881043.0
2024-10-06 16:00:00+00:00,0.05377,0.05404,0.05319,0.05326,12268542.0
2024-10-06 20:00:00+00:00,0.05326,0.05426,0.05303,0.05423,11417079.0
2024-10-07 00:00:00+00:00,0.05423,0.05541,0.05382,0.05529,25391842.0
2024-10-07 04:00:00+00:00,0.05529,0.05559,0.05471,0.05497,12895530.0
2024-10-07 08:00:00+00:00,0.05497,0.05526,0.05322,0.05395,20199013.0
2024-10-07 12:00:00+00:00,0.05395,0.05517,0.05358,0.05426,23538547.0
2024-10-07 16:00:00+00:00,0.05426,0.05464,0.05306,0.05346,23503057.0
2024-10-07 20:00:00+00:00,0.05346,0.05359,0.05237,0.05242,20691443.0
2024-10-08 00:00:00+00:00,0.05242,0.05299,0.05241,0.05293,13924829.0
2024-10-08 04:00:00+00:00,0.05293,0.05318,0.05171,0.05207,14122996.0
2024-10-08 08:00:00+00:00,0.05207,0.05259,0.05182,0.0525,10754389.0
2024-10-08 12:00:00+00:00,0.0525,0.05294,0.05127,0.05178,18126060.0
2024-10-08 16:00:00+00:00,0.05178,0.05267,0.05146,0.05253,16147518.0
2024-10-08 20:00:00+00:00,0.05253,0.05286,0.05205,0.05231,9820964.0
2024-10-09 00:00:00+00:00,0.05231,0.05297,0.05189,0.05222,14201816.0
2024-10-09 04:00:00+00:00,0.05222,0.05292,0.05187,0.05212,10317806.0
2024-10-09 08:00:00+00:00,0.05212,0.05216,0.05167,0.0519,10611027.0
2024-10-09 12:00:00+00:00,0.0519,0.05198,0.05058,0.0515,30336747.0
2024-10-09 16:00:00+00:00,0.0515,0.05156,0.05044,0.05068,16997622.0
2024-10-09 20:00:00+00:00,0.05068,0.05068,0.04991,0.05022,23457648.0
2024-10-10 00:00:00+00:00,0.05022,0.05063,0.04983,0.05041,12797577.0
2024-10-10 04:00:00+00:00,0.05041,0.05076,0.05012,0.05014,10939358.0
2024-10-10 08:00:00+00:00,0.05014,0.05036,0.04952,0.05034,17472714.0
2024-10-10 12:00:00+00:00,0.05034,0.05036,0.04938,0.0498,29942778.0
2024-10-10 16:00:00+00:00,0.0498,0.05011,0.04901,0.04987,35233020.0
2024-10-10 20:00:00+00:00,0.04987,0.05036,0.04976,0.05033,9345270.0
2024-10-11 00:00:00+00:00,0.05033,0.05081,0.05002,0.05058,11129202.0
2024-10-11 04:00:00+00:00,0.05058,0.05097,0.05011,0.05071,13867795.0
2024-10-11 08:00:00+00:00,0.05071,0.05125,0.05068,0.0509,7726540.0
2024-10-11 12:00:00+00:00,0.0509,0.0516,0.05078,0.05136,32728446.0
2024-10-11 16:00:00+00:00,0.05136,0.05188,0.05112,0.05162,24556801.0
2024-10-11 20:00:00+00:00,0.05162,0.05177,0.05122,0.05134,9051821.0
2024-10-12 00:00:00+00:00,0.05134,0.05189,0.05098,0.05103,9732726.0
2024-10-12 04:00:00+00:00,0.05103,0.05178,0.05103,0.05175,6784441.0
2024-10-12 08:00:00+00:00,0.05175,0.05198,0.0515,0.05151,14127143.0
2024-10-12 12:00:00+00:00,0.05151,0.05197,0.05134,0.05161,16640579.0
2024-10-12 16:00:00+00:00,0.05161,0.05191,0.05109,0.05123,14386392.0
2024-10-12 20:00:00+00:00,0.05123,0.05161,0.05108,0.05152,10818720.0
2024-10-13 00:00:00+00:00,0.05152,0.05153,0.05073,0.05087,13119200.0
2024-10-13 04:00:00+00:00,0.05087,0.05138,0.05082,0.05112,8912631.0
2024-10-13 08:00:00+00:00,0.05112,0.0513,0.05035,0.05038,10452252.0
2024-10-13 12:00:00+00:00,0.05038,0.05086,0.04964,0.04992,13553285.0
2024-10-13 16:00:00+00:00,0.04992,0.05047,0.04973,0.05023,14417126.0
2024-10-13 20:00:00+00:00,0.05023,0.05143,0.0502,0.05123,11774288.0
2024-10-14 00:00:00+00:00,0.05123,0.05235,0.0504,0.05214,29964446.0
2024-10-14 04:00:00+00:00,0.05214,0.05246,0.05141,0.05212,24085678.0
2024-10-14 08:00:00+00:00,0.05212,0.05218,0.05165,0.05194,16191823.0
2024-10-14 12:00:00+00:00,0.05194,0.05324,0.05182,0.05312,62972974.0
2024-10-14 16:00:00+00:00,0.05312,0.05329,0.05261,0.05282,30917666.0
2024-10-14 20:00:00+00:00,0.05282,0.05369,0.05276,0.05344,36785244.0
2024-10-15 00:00:00+00:00,0.05344,0.05618,0.05308,0.05436,119052500.0
2024-10-15 04:00:00+00:00,0.05436,0.05484,0.05351,0.05457,26671516.0
2024-10-15 08:00:00+00:00,0.05457,0.05597,0.05419,0.05449,48415391.0
2024-10-15 12:00:00+00:00,0.05449,0.05767,0.05383,0.05501,127124567.0
2024-10-15 16:00:00+00:00,0.05501,0.05901,0.05498,0.05585,216593709.0
2024-10-15 20:00:00+00:00,0.05585,0.05612,0.05469,0.05608,37829389.0
2024-10-16 00:00:00+00:00,0.05608,0.058,0.056,0.05608,74960340.0
2024-10-16 04:00:00+00:00,0.05608,0.05617,0.05405,0.05412,30484528.0
2024-10-16 08:00:00+00:00,0.05412,0.05508,0.05378,0.05455,34054522.0
2024-10-16 12:00:00+00:00,0.05455,0.05462,0.05348,0.05382,31217004.0
2024-10-16 16:00:00+00:00,0.05382,0.05434,0.05339,0.05377,14523911.0
2024-10-16 20:00:00+00:00,0.05377,0.0543,0.05339,0.05341,14061659.0
2024-10-17 00:00:00+00:00,0.05341,0.05394,0.05278,0.05304,24164687.0
2024-10-17 04:00:00+00:00,0.05304,0.05308,0.0517,0.05194,22583676.0
2024-10-17 08:00:00+00:00,0.05194,0.05197,0.05073,0.05089,32125027.0
2024-10-17 12:00:00+00:00,0.05089,0.05162,0.05068,0.05136,27415775.0
2024-10-17 16:00:00+00:00,0.05136,0.05141,0.0502,0.05082,32750844.0
2024-10-17 20:00:00+00:00,0.05082,0.05118,0.05078,0.05108,12745239.0
2024-10-18 00:00:00+00:00,0.05108,0.05159,0.05056,0.05104,27446382.0
2024-10-18 04:00:00+00:00,0.05104,0.05158,0.05076,0.05144,13644139.0
2024-10-18 08:00:00+00:00,0.05144,0.05149,0.05101,0.05114,11238869.0
2024-10-18 12:00:00+00:00,0.05114,0.0523,0.05073,0.05201,31029892.0
2024-10-18 16:00:00+00:00,0.05201,0.05273,0.05157,0.0517,20190524.0
2024-10-18 20:00:00+00:00,0.0517,0.05186,0.05139,0.05174,9495497.0
2024-10-19 00:00:00+00:00,0.05174,0.05283,0.05174,0.05238,14422244.0
2024-10-19 04:00:00+00:00,0.05238,0.05306,0.05223,0.05259,16091653.0
2024-10-19 08:00:00+00:00,0.05259,0.05296,0.05226,0.05247,22931497.0
2024-10-19 12:00:00+00:00,0.05247,0.05402,0.05245,0.05332,34424653.0
2024-10-19 16:00:00+00:00,0.05332,0.05345,0.05247,0.05252,11706696.0
2024-10-19 20:00:00+00:00,0.05252,0.05374,0.05236,0.05338,11517411.0
2024-10-20 00:00:00+00:00,0.05338,0.05365,0.05185,0.05242,15253537.0
2024-10-20 04:00:00+00:00,0.05242,0.05344,0.0523,0.05311,11281910.0
2024-10-20 08:00:00+00:00,0.05311,0.05325,0.05258,0.05297,16885215.0
2024-10-20 12:00:00+00:00,0.05297,0.05406,0.05262,0.05366,25466774.0
2024-10-20 16:00:00+00:00,0.05366,0.05461,0.05363,0.0544,19832247.0
2024-10-20 20:00:00+00:00,0.0544,0.05656,0.0544,0.056,64880916.0
2024-10-21 00:00:00+00:00,0.056,0.05656,0.05521,0.05577,43125842.0
2024-10-21 04:00:00+00:00,0.05577,0.05657,0.05544,0.05578,40537449.0
2024-10-21 08:00:00+00:00,0.05578,0.05607,0.05468,0.05496,41073643.0
2024-10-21 12:00:00+00:00,0.05496,0.05516,0.05343,0.05414,48103201.0
2024-10-21 16:00:00+00:00,0.05414,0.05464,0.05336,0.05403,24550712.0
2024-10-21 20:00:00+00:00,0.05403,0.05416,0.05281,0.05284,35943991.0
2024-10-22 00:00:00+00:00,0.05284,0.05356,0.05207,0.05312,23801491.0
2024-10-22 04:00:00+00:00,0.05312,0.05368,0.05284,0.05294,13469631.0
2024-10-22 08:00:00+00:00,0.05294,0.05296,0.05169,0.05223,23289313.0
2024-10-22 12:00:00+00:00,0.05223,0.05251,0.05129,0.05209,34317573.0
2024-10-22 16:00:00+00:00,0.05209,0.05216,0.0513,0.052,19909575.0
2024-10-22 20:00:00+00:00,0.052,0.05297,0.05184,0.05257,14881394.0
2024-10-23 00:00:00+00:00,0.05257,0.05267,0.05192,0.05227,10273602.0
2024-10-23 04:00:00+00:00,0.05227,0.05245,0.05146,0.05157,10701719.0
2024-10-23 08:00:00+00:00,0.05157,0.05192,0.05101,0.05113,17896275.0
2024-10-23 12:00:00+00:00,0.05113,0.05189,0.05066,0.05117,26750811.0
2024-10-23 16:00:00+00:00,0.05117,0.05131,0.04987,0.05117,40309709.0
2024-10-23 20:00:00+00:00,0.05117,0.05148,0.05094,0.05135,13351012.0
2024-10-24 00:00:00+00:00,0.05135,0.05206,0.05108,0.05153,19358940.0
2024-10-24 04:00:00+00:00,0.05153,0.05183,0.05107,0.05109,9278732.0
2024-10-24 08:00:00+00:00,0.05109,0.05135,0.05026,0.05126,16641783.0
2024-10-24 12:00:00+00:00,0.05126,0.05169,0.05115,0.05146,15218600.0
2024-10-24 16:00:00+00:00,0.05146,0.05182,0.05133,0.05176,12042342.0
2024-10-24 20:00:00+00:00,0.05176,0.05207,0.0511,0.05115,18563410.0
2024-10-25 00:00:00+00:00,0.05115,0.05137,0.05059,0.05077,7971650.0
2024-10-25 04:00:00+00:00,0.05077,0.05082,0.05002,0.05042,17811887.0
2024-10-25 08:00:00+00:00,0.05042,0.05089,0.05007,0.05079,15818957.0
2024-10-25 12:00:00+00:00,0.05079,0.0522,0.05001,0.05035,62528767.0
2024-10-25 16:00:00+00:00,0.05035,0.05056,0.04866,0.04916,62228776.0
2024-10-25 20:00:00+00:00,0.04916,0.0497,0.04526,0.04773,93693286.0
2024-10-26 00:00:00+00:00,0.04773,0.04834,0.04699,0.04788,35845073.0
2024-10-26 04:00:00+00:00,0.04788,0.04841,0.04765,0.04808,15191902.0
2024-10-26 08:00:00+00:00,0.04808,0.04844,0.04793,0.04813,11650187.0
2024-10-26 12:00:00+00:00,0.04813,0.04813,0.04694,0.04714,19291929.0
2024-10-26 16:00:00+00:00,0.04714,0.04802,0.04705,0.04796,14279361.0
2024-10-26 20:00:00+00:00,0.04796,0.0484,0.04791,0.04817,10471192.0
2024-10-27 00:00:00+00:00,0.04817,0.04847,0.04796,0.04842,8625862.0
2024-10-27 04:00:00+00:00,0.04842,0.04852,0.04819,0.04833,6073751.0
2024-10-27 08:00:00+00:00,0.04833,0.04846,0.04802,0.04815,8825626.0
2024-10-27 12:00:00+00:00,0.04815,0.04937,0.04811,0.04927,14065846.0
2024-10-27 16:00:00+00:00,0.04927,0.04961,0.04868,0.04892,12542338.0
2024-10-27 20:00:00+00:00,0.04892,0.04939,0.04867,0.04886,14368203.0
2024-10-28 00:00:00+00:00,0.04886,0.04894,0.04768,0.04776,14963887.0
2024-10-28 04:00:00+00:00,0.04776,0.04892,0.04751,0.04867,15382450.0
2024-10-28 08:00:00+00:00,0.04867,0.04905,0.04835,0.04882,12207628.0
2024-10-28 12:00:00+00:00,0.04882,0.04901,0.04785,0.04787,19210645.0
2024-10-28 16:00:00+00:00,0.04787,0.0483,0.04709,0.04794,25745735.0
2024-10-28 20:00:00+00:00,0.04794,0.04955,0.04793,0.04882,17737890.0
2024-10-29 00:00:00+00:00,0.04882,0.04975,0.04859,0.04922,23475364.0
2024-10-29 04:00:00+00:00,0.04922,0.04942,0.04874,0.04889,17962694.0
2024-10-29 08:00:00+00:00,0.04889,0.04967,0.04889,0.04958,16498073.0
2024-10-29 12:00:00+00:00,0.04958,0.05011,0.04905,0.04952,30600959.0
2024-10-29 16:00:00+00:00,0.04952,0.05059,0.04928,0.04939,37538499.0
2024-10-29 20:00:00+00:00,0.04939,0.04991,0.0488,0.04969,24946808.0
2024-10-30 00:00:00+00:00,0.04969,0.04972,0.04887,0.0493,15537346.0
2024-10-30 04:00:00+00:00,0.0493,0.0497,0.04885,0.04897,18567092.0
2024-10-30 08:00:00+00:00,0.04897,0.04925,0.04839,0.04845,14800203.0
2024-10-30 12:00:00+00:00,0.04845,0.04932,0.04806,0.04838,31685351.0
2024-10-30 16:00:00+00:00,0.04838,0.04883,0.04829,0.04856,12252156.0
2024-10-30 20:00:00+00:00,0.04856,0.04927,0.04836,0.0486,15969074.0
2024-10-31 00:00:00+00:00,0.0486,0.04877,0.0479,0.04801,17531838.0
2024-10-31 04:00:00+00:00,0.04801,0.04806,0.04722,0.04752,38894467.0
2024-10-31 08:00:00+00:00,0.04752,0.0476,0.04705,0.04727,19699859.0
2024-10-31 12:00:00+00:00,0.04727,0.0473,0.0461,0.04651,49868858.0
2024-10-31 16:00:00+00:00,0.04651,0.04653,0.04558,0.04574,26092913.0
2024-10-31 20:00:00+00:00,0.04574,0.04654,0.04572,0.04628,18117645.0
2024-11-01 00:00:00+00:00,0.04628,0.04652,0.04533,0.04603,23758568.0
2024-11-01 04:00:00+00:00,0.04603,0.04616,0.04515,0.04564,16896689.0
2024-11-01 08:00:00+00:00,0.04564,0.04654,0.04556,0.0464,14347051.0
2024-11-01 12:00:00+00:00,0.0464,0.04705,0.04504,0.04556,32124224.0
2024-11-01 16:00:00+00:00,0.04556,0.04627,0.04543,0.04565,19394580.0
2024-11-01 20:00:00+00:00,0.04565,0.04587,0.04514,0.0456,13636890.0
2024-11-02 00:00:00+00:00,0.0456,0.04605,0.04556,0.04565,7029043.0
2024-11-02 04:00:00+00:00,0.04565,0.04593,0.04554,0.04582,8034316.0
2024-11-02 08:00:00+00:00,0.04582,0.04588,0.04542,0.04557,12256785.0
2024-11-02 12:00:00+00:00,0.04557,0.04557,0.04455,0.04498,33324215.0
2024-11-02 16:00:00+00:00,0.04498,0.0453,0.04459,0.04509,12136578.0
2024-11-02 20:00:00+00:00,0.04509,0.04526,0.04455,0.04489,16353481.0
2024-11-03 00:00:00+00:00,0.04489,0.04506,0.04295,0.04359,46489771.0
2024-11-03 04:00:00+00:00,0.04359,0.04405,0.04343,0.04361,17064419.0
2024-11-03 08:00:00+00:00,0.04361,0.04374,0.0428,0.04285,18142577.0
2024-11-03 12:00:00+00:00,0.04285,0.04305,0.04155,0.0424,41947298.0
2024-11-03 16:00:00+00:00,0.0424,0.04287,0.04172,0.04269,36196409.0
2024-11-03 20:00:00+00:00,0.04269,0.04323,0.04259,0.04279,34439056.0
2024-11-04 00:00:00+00:00,0.04279,0.04358,0.04235,0.04309,42742438.0
2024-11-04 04:00:00+00:00,0.04309,0.04339,0.0426,0.04277,24617378.0
2024-11-04 08:00:00+00:00,0.04277,0.04325,0.04251,0.04297,31127517.0
2024-11-04 12:00:00+00:00,0.04297,0.0435,0.04269,0.04282,28129200.0
2024-11-04 16:00:00+00:00,0.04282,0.04296,0.04218,0.0428,23340219.0
2024-11-04 20:00:00+00:00,0.0428,0.04286,0.04168,0.0425,53593716.0
2024-11-05 00:00:00+00:00,0.0425,0.04333,0.04245,0.04322,30410923.0
2024-11-05 04:00:00+00:00,0.04322,0.04426,0.04318,0.04419,15466106.0
2024-11-05 08:00:00+00:00,0.04419,0.04473,0.04384,0.04467,22953510.0
2024-11-05 12:00:00+00:00,0.04467,0.04539,0.04422,0.04518,35841013.0
2024-11-05 16:00:00+00:00,0.04518,0.04598,0.04468,0.04508,26146599.0
2024-11-05 20:00:00+00:00,0.04508,0.04626,0.04495,0.04608,37333108.0
2024-11-06 00:00:00+00:00,0.04608,0.04966,0.04606,0.04901,57181741.0
2024-11-06 04:00:00+00:00,0.04901,0.04977,0.04849,0.04926,42407907.0
2024-11-06 08:00:00+00:00,0.04926,0.05003,0.04843,0.04989,30057527.0
2024-11-06 12:00:00+00:00,0.04989,0.05009,0.04785,0.04791,48120842.0
2024-11-06 16:00:00+00:00,0.04791,0.04863,0.0479,0.04855,20406011.0
2024-11-06 20:00:00+00:00,0.04855,0.04945,0.04839,0.04898,32416122.0
2024-11-07 00:00:00+00:00,0.04898,0.04983,0.04875,0.04941,36611553.0
2024-11-07 04:00:00+00:00,0.04941,0.04949,0.04799,0.04853,24219431.0
2024-11-07 08:00:00+00:00,0.04853,0.04889,0.04805,0.0481,21839091.0
2024-11-07 12:00:00+00:00,0.0481,0.04904,0.04775,0.04904,28064104.0
2024-11-07 16:00:00+00:00,0.04904,0.04917,0.04857,0.04907,24533132.0
2024-11-07 20:00:00+00:00,0.04907,0.04971,0.04872,0.04927,24379756.0
2024-11-08 00:00:00+00:00,0.04927,0.04964,0.04824,0.04864,42022721.0
2024-11-08 04:00:00+00:00,0.04864,0.04994,0.04857,0.0496,40477048.0
2024-11-08 08:00:00+00:00,0.0496,0.05181,0.04918,0.05176,87991262.0
2024-11-08 12:00:00+00:00,0.05176,0.05207,0.05063,0.05114,61730121.0
2024-11-08 16:00:00+00:00,0.05114,0.05296,0.05025,0.05234,71237456.0
2024-11-08 20:00:00+00:00,0.05234,0.05257,0.05057,0.05217,43996217.0
2024-11-09 00:00:00+00:00,0.05217,0.05218,0.05051,0.05061,13946980.0
2024-11-09 04:00:00+00:00,0.05061,0.05154,0.05054,0.05127,13885914.0
2024-11-09 08:00:00+00:00,0.05127,0.05189,0.05107,0.05179,17820014.0
2024-11-09 12:00:00+00:00,0.05179,0.05182,0.05046,0.0512,23843190.0
2024-11-09 16:00:00+00:00,0.0512,0.05133,0.05013,0.05082,21808534.0
2024-11-09 20:00:00+00:00,0.05082,0.05312,0.05075,0.05285,29301108.0
2024-11-10 00:00:00+00:00,0.05285,0.0541,0.0524,0.05378,48351127.0
2024-11-10 04:00:00+00:00,0.05378,0.05575,0.05372,0.05498,43794330.0
2024-11-10 08:00:00+00:00,0.05498,0.05699,0.05488,0.05673,31713205.0
2024-11-10 12:00:00+00:00,0.05673,0.05766,0.05557,0.05619,77634594.0
2024-11-10 16:00:00+00:00,0.05619,0.0577,0.05526,0.05587,58586303.0
2024-11-10 20:00:00+00:00,0.05587,0.05618,0.05223,0.05498,50692429.0
2024-11-11 00:00:00+00:00,0.05498,0.05698,0.05475,0.05655,33895870.0
2024-11-11 04:00:00+00:00,0.05655,0.05674,0.05363,0.05462,50089271.0
2024-11-11 08:00:00+00:00,0.05462,0.05609,0.05451,0.05606,27328375.0
2024-11-11 12:00:00+00:00,0.05606,0.05634,0.0543,0.05524,46330329.0
2024-11-11 16:00:00+00:00,0.05524,0.05668,0.05488,0.05595,51437592.0
2024-11-11 20:00:00+00:00,0.05595,0.05873,0.05567,0.0584,67477173.0
2024-11-12 00:00:00+00:00,0.0584,0.05845,0.05622,0.05782,63785744.0
2024-11-12 04:00:00+00:00,0.05782,0.05953,0.05632,0.05944,42433906.0
2024-11-12 08:00:00+00:00,0.05944,0.06049,0.0532,0.05544,128586535.0
2024-11-12 12:00:00+00:00,0.05544,0.05624,0.05346,0.05398,74310189.0
2024-11-12 16:00:00+00:00,0.05398,0.0762,0.05312,0.0682,1215950514.0
2024-11-12 20:00:00+00:00,0.0682,0.06866,0.06405,0.06472,260196685.0
2024-11-13 00:00:00+00:00,0.06472,0.06494,0.05877,0.05884,196195215.0
2024-11-13 04:00:00+00:00,0.05884,0.0596,0.0564,0.05864,139989485.0
2024-11-13 08:00:00+00:00,0.05864,0.05871,0.05642,0.0572,112433442.0
2024-11-13 12:00:00+00:00,0.0572,0.062,0.05651,0.06167,219484760.0
2024-11-13 16:00:00+00:00,0.06167,0.06167,0.05772,0.05821,143654313.0
2024-11-13 20:00:00+00:00,0.05821,0.05969,0.05688,0.05945,102203546.0
2024-11-14 00:00:00+00:00,0.05945,0.06064,0.05852,0.05986,102982174.0
2024-11-14 04:00:00+00:00,0.05986,0.062,0.05945,0.06089,80268388.0
2024-11-14 08:00:00+00:00,0.06089,0.06277,0.05972,0.0615,124963432.0
2024-11-14 12:00:00+00:00,0.0615,0.06266,0.05943,0.06044,181882606.0
2024-11-14 16:00:00+00:00,0.06044,0.06769,0.05983,0.06599,320646217.0
2024-11-14 20:00:00+00:00,0.06599,0.06795,0.06291,0.06386,244097407.0
2024-11-15 00:00:00+00:00,0.06386,0.0681,0.06275,0.06606,166451432.0
2024-11-15 04:00:00+00:00,0.06606,0.06985,0.06445,0.06977,192054095.0
2024-11-15 08:00:00+00:00,0.06977,0.07227,0.0666,0.07124,228754297.0
2024-11-15 12:00:00+00:00,0.07124,0.07426,0.06682,0.06716,283134091.0
2024-11-15 16:00:00+00:00,0.06716,0.07,0.06659,0.06961,119977713.0
2024-11-15 20:00:00+00:00,0.06961,0.07313,0.06957,0.07238,110268827.0
2024-11-16 00:00:00+00:00,0.07238,0.08435,0.07128,0.0776,364598957.0
2024-11-16 04:00:00+00:00,0.0776,0.08836,0.07649,0.08436,310979440.0
2024-11-16 08:00:00+00:00,0.08436,0.09187,0.08048,0.08266,418133629.0
2024-11-16 12:00:00+00:00,0.08266,0.09468,0.08229,0.08657,490004274.0
2024-11-16 16:00:00+00:00,0.08657,0.09349,0.08421,0.09325,250369755.0
2024-11-16 20:00:00+00:00,0.09325,0.09626,0.08967,0.09016,338212036.0
2024-11-17 00:00:00+00:00,0.09016,0.09425,0.08292,0.08574,297411731.0
2024-11-17 04:00:00+00:00,0.08574,0.08813,0.08352,0.08597,110626389.0
2024-11-17 08:00:00+00:00,0.08597,0.0868,0.08326,0.08379,79234283.0
2024-11-17 12:00:00+00:00,0.08379,0.09325,0.08354,0.08795,193537196.0
2024-11-17 16:00:00+00:00,0.08795,0.09085,0.08577,0.08652,135620050.0
2024-11-17 20:00:00+00:00,0.08652,0.09122,0.08648,0.09027,122206437.0
2024-11-18 00:00:00+00:00,0.09027,0.11456,0.08727,0.11433,654651810.0
2024-11-18 04:00:00+00:00,0.11433,0.12712,0.10511,0.11977,981378163.0
2024-11-18 08:00:00+00:00,0.11977,0.12299,0.10885,0.11159,650344926.0
2024-11-18 12:00:00+00:00,0.11159,0.12882,0.10972,0.12855,768074512.0
2024-11-18 16:00:00+00:00,0.12855,0.14916,0.12052,0.1209,1458465046.0
2024-11-18 20:00:00+00:00,0.1209,0.14599,0.12063,0.14412,723267916.0
2024-11-19 00:00:00+00:00,0.14412,0.1575,0.13536,0.15141,1277055740.0
2024-11-19 04:00:00+00:00,0.15141,0.15691,0.13751,0.13902,806147105.0
2024-11-19 08:00:00+00:00,0.13902,0.1493,0.13482,0.14674,674957077.0
2024-11-19 12:00:00+00:00,0.14674,0.14829,0.13464,0.1379,482607075.0
2024-11-19 16:00:00+00:00,0.1379,0.13982,0.13472,0.13756,272691620.0
2024-11-19 20:00:00+00:00,0.13756,0.13865,0.12771,0.13302,333466832.0
2024-11-20 00:00:00+00:00,0.13302,0.13469,0.12387,0.12432,345661615.0
2024-11-20 04:00:00+00:00,0.12432,0.12771,0.11742,0.12638,384598207.0
2024-11-20 08:00:00+00:00,0.12638,0.12793,0.12234,0.12351,296137481.0
2024-11-20 12:00:00+00:00,0.12351,0.12867,0.12274,0.12289,359297133.0
2024-11-20 16:00:00+00:00,0.12289,0.12518,0.11727,0.12072,314462218.0
2024-11-20 20:00:00+00:00,0.12072,0.12473,0.11897,0.12173,154603841.0
2024-11-21 00:00:00+00:00,0.12173,0.13819,0.12129,0.1262,746565882.0
2024-11-21 04:00:00+00:00,0.1262,0.12758,0.12203,0.12557,282209516.0
2024-11-21 08:00:00+00:00,0.12557,0.12604,0.12012,0.12091,180981449.0
2024-11-21 12:00:00+00:00,0.12091,0.12495,0.11826,0.11994,284359436.0
2024-11-21 16:00:00+00:00,0.11994,0.12952,0.11988,0.12291,227222611.0
2024-11-21 20:00:00+00:00,0.12291,0.12739,0.12113,0.12669,124782186.0
2024-11-22 00:00:00+00:00,0.12669,0.13059,0.12179,0.1303,295150258.0
2024-11-22 04:00:00+00:00,0.1303,0.1407,0.12706,0.12791,521917969.0
2024-11-22 08:00:00+00:00,0.12791,0.13986,0.12791,0.13791,315483360.0
2024-11-22 12:00:00+00:00,0.13791,0.1396,0.12861,0.13072,318226120.0
2024-11-22 16:00:00+00:00,0.13072,0.14359,0.13072,0.13592,382862543.0
2024-11-22 20:00:00+00:00,0.13592,0.1559,0.13547,0.14705,397236799.0
2024-11-23 00:00:00+00:00,0.14705,0.17,0.14493,0.15117,863698701.0
2024-11-23 04:00:00+00:00,0.15117,0.15207,0.14578,0.14991,227413384.0
2024-11-23 08:00:00+00:00,0.14991,0.15248,0.14619,0.15037,236729699.0
2024-11-23 12:00:00+00:00,0.15037,0.16281,0.14893,0.16062,298865477.0
2024-11-23 16:00:00+00:00,0.16062,0.16323,0.1487,0.15544,530820310.0
2024-11-23 20:00:00+00:00,0.15544,0.1565,0.14901,0.15452,211324013.0
2024-11-24 00:00:00+00:00,0.15452,0.16851,0.15183,0.1536,471544242.0
2024-11-24 04:00:00+00:00,0.1536,0.15506,0.14728,0.15202,185969921.0
2024-11-24 08:00:00+00:00,0.15202,0.15238,0.14522,0.14569,184522706.0
2024-11-24 12:00:00+00:00,0.14569,0.14872,0.13656,0.13686,308781835.0
2024-11-24 16:00:00+00:00,0.13686,0.14479,0.13616,0.14312,147723245.0
2024-11-24 20:00:00+00:00,0.14312,0.15056,0.14255,0.14715,112711961.0
2024-11-25 00:00:00+00:00,0.14715,0.14718,0.13829,0.14043,145597668.0
2024-11-25 04:00:00+00:00,0.14043,0.14531,0.1402,0.14391,95147897.0
2024-11-25 08:00:00+00:00,0.14391,0.1481,0.14329,0.14458,122185792.0
2024-11-25 12:00:00+00:00,0.14458,0.1452,0.13451,0.14034,206645884.0
2024-11-25 16:00:00+00:00,0.14034,0.14176,0.13552,0.13806,108175355.0
2024-11-25 20:00:00+00:00,0.13806,0.13922,0.13076,0.13497,129533446.0
2024-11-26 00:00:00+00:00,0.13497,0.14056,0.13343,0.13852,99389025.0
2024-11-26 04:00:00+00:00,0.13852,0.14004,0.1341,0.13513,68234708.0
2024-11-26 08:00:00+00:00,0.13513,0.13526,0.12601,0.13051,191584591.0
2024-11-26 12:00:00+00:00,0.13051,0.13705,0.12932,0.13386,158872622.0
2024-11-26 16:00:00+00:00,0.13386,0.14017,0.13317,0.13649,131249451.0
2024-11-26 20:00:00+00:00,0.13649,0.14062,0.13518,0.13938,92435940.0
2024-11-27 00:00:00+00:00,0.13938,0.13938,0.13355,0.13473,100478821.0
2024-11-27 04:00:00+00:00,0.13473,0.14053,0.1326,0.13952,78923771.0
2024-11-27 08:00:00+00:00,0.13952,0.14361,0.13705,0.13982,113528432.0
2024-11-27 12:00:00+00:00,0.13982,0.14602,0.13506,0.14514,144875512.0
2024-11-27 16:00:00+00:00,0.14514,0.14746,0.14288,0.14394,94514667.0
2024-11-27 20:00:00+00:00,0.14394,0.14742,0.14161,0.14198,58737046.0
2024-11-28 00:00:00+00:00,0.14198,0.14286,0.13687,0.13843,71063600.0
2024-11-28 04:00:00+00:00,0.13843,0.14054,0.13801,0.13924,41505181.0
2024-11-28 08:00:00+00:00,0.13924,0.14024,0.13674,0.13922,57762592.0
2024-11-28 12:00:00+00:00,0.13922,0.14066,0.13683,0.1373,65853594.0
2024-11-28 16:00:00+00:00,0.1373,0.1443,0.13729,0.14362,66847917.0
2024-11-28 20:00:00+00:00,0.14362,0.15036,0.14229,0.14496,85899384.0
2024-11-29 00:00:00+00:00,0.14496,0.15049,0.14355,0.14884,103574303.0
2024-11-29 04:00:00+00:00,0.14884,0.15319,0.14728,0.14876,127693504.0
2024-11-29 08:00:00+00:00,0.14876,0.15673,0.14862,0.15114,145658366.0
2024-11-29 12:00:00+00:00,0.15114,0.1582,0.14855,0.15538,135780946.0
2024-11-29 16:00:00+00:00,0.15538,0.17343,0.15538,0.17319,285525475.0
2024-11-29 20:00:00+00:00,0.17319,0.18689,0.16682,0.17808,358464980.0
2024-11-30 00:00:00+00:00,0.17808,0.1863,0.16427,0.16438,329811607.0
2024-11-30 04:00:00+00:00,0.16438,0.17281,0.164,0.16881,153632312.0
2024-11-30 08:00:00+00:00,0.16881,0.17055,0.16439,0.16851,109286482.0
2024-11-30 12:00:00+00:00,0.16851,0.1714,0.16572,0.16841,122649237.0
2024-11-30 16:00:00+00:00,0.16841,0.1694,0.1659,0.16834,69029645.0
2024-11-30 20:00:00+00:00,0.16834,0.17051,0.16719,0.17039,72698910.0
2024-12-01 00:00:00+00:00,0.17039,0.17039,0.16436,0.16899,136725119.0
2024-12-01 04:00:00+00:00,0.16899,0.18229,0.16781,0.17922,171173743.0
2024-12-01 08:00:00+00:00,0.17922,0.20917,0.17851,0.20168,562849353.0
2024-12-01 12:00:00+00:00,0.20168,0.20354,0.19109,0.19497,230965904.0
2024-12-01 16:00:00+00:00,0.19497,0.20631,0.18909,0.20405,174313913.0
2024-12-01 20:00:00+00:00,0.20405,0.22127,0.19872,0.20891,407811206.0
2024-12-02 00:00:00+00:00,0.20891,0.24816,0.20753,0.23692,737237006.0
2024-12-02 04:00:00+00:00,0.23692,0.25988,0.23413,0.24313,536754171.0
2024-12-02 08:00:00+00:00,0.24313,0.24913,0.23183,0.23809,489991286.0
2024-12-02 12:00:00+00:00,0.23809,0.29068,0.23458,0.28569,727856022.0
2024-12-02 16:00:00+00:00,0.28569,0.30515,0.27217,0.28636,714551369.0
2024-12-02 20:00:00+00:00,0.28636,0.32461,0.27538,0.31169,498620413.0
2024-12-03 00:00:00+00:00,0.31169,0.39299,0.30884,0.38536,910842106.0
2024-12-03 04:00:00+00:00,0.38536,0.38552,0.33738,0.34693,523520776.0
2024-12-03 08:00:00+00:00,0.34693,0.37147,0.33997,0.3655,405717206.0
2024-12-03 12:00:00+00:00,0.3655,0.36567,0.31118,0.32821,792020331.0
2024-12-03 16:00:00+00:00,0.32821,0.34959,0.31775,0.32024,375996132.0
2024-12-03 20:00:00+00:00,0.32024,0.35206,0.31441,0.31502,294417768.0
2024-12-04 00:00:00+00:00,0.31502,0.33673,0.31502,0.33135,329774442.0
2024-12-04 04:00:00+00:00,0.33135,0.33698,0.3215,0.32474,168965484.0
2024-12-04 08:00:00+00:00,0.32474,0.33332,0.32214,0.33028,164173737.0
2024-12-04 12:00:00+00:00,0.33028,0.33037,0.29291,0.29916,371120499.0
2024-12-04 16:00:00+00:00,0.29916,0.30446,0.27782,0.29864,386116474.0
2024-12-04 20:00:00+00:00,0.29864,0.30119,0.28036,0.28808,218787825.0
2024-12-05 00:00:00+00:00,0.28808,0.31,0.28543,0.28956,532675942.0
2024-12-05 04:00:00+00:00,0.28956,0.30411,0.28721,0.29765,204258917.0
2024-12-05 08:00:00+00:00,0.29765,0.3117,0.29669,0.30895,224324226.0
2024-12-05 12:00:00+00:00,0.30895,0.30906,0.29217,0.3044,189959314.0
2024-12-05 16:00:00+00:00,0.3044,0.3049,0.28378,0.28544,154440850.0
2024-12-05 20:00:00+00:00,0.28544,0.29379,0.27815,0.29242,213117109.0
2024-12-06 00:00:00+00:00,0.29242,0.29383,0.28473,0.28997,133551854.0
2024-12-06 04:00:00+00:00,0.28997,0.29491,0.28705,0.28936,83028491.0
2024-12-06 08:00:00+00:00,0.28936,0.2923,0.27644,0.28868,174208556.0
2024-12-06 12:00:00+00:00,0.28868,0.29277,0.27552,0.28695,183067511.0
2024-12-06 16:00:00+00:00,0.28695,0.33129,0.2865,0.32853,298582350.0
2024-12-06 20:00:00+00:00,0.32853,0.37826,0.316,0.36794,582060749.0
2024-12-07 00:00:00+00:00,0.36794,0.37444,0.33868,0.33948,395150135.0
2024-12-07 04:00:00+00:00,0.33948,0.35145,0.33187,0.33441,174903243.0
2024-12-07 08:00:00+00:00,0.33441,0.33745,0.32632,0.33365,164643668.0
2024-12-07 12:00:00+00:00,0.33365,0.34818,0.33333,0.34073,194770680.0
2024-12-07 16:00:00+00:00,0.34073,0.3409,0.32022,0.32171,185311176.0
2024-12-07 20:00:00+00:00,0.32171,0.33414,0.32124,0.33218,99360246.0
2024-12-08 00:00:00+00:00,0.33218,0.34222,0.32869,0.33435,148442145.0
2024-12-08 04:00:00+00:00,0.33435,0.33984,0.32941,0.33268,96591144.0
2024-12-08 08:00:00+00:00,0.33268,0.336,0.32458,0.33529,104339245.0
2024-12-08 12:00:00+00:00,0.33529,0.33615,0.32639,0.33152,66916206.0
2024-12-08 16:00:00+00:00,0.33152,0.33416,0.3253,0.32864,79736586.0
2024-12-08 20:00:00+00:00,0.32864,0.33335,0.32578,0.33333,60518529.0
2024-12-09 00:00:00+00:00,0.33333,0.33608,0.31066,0.31529,170578502.0
2024-12-09 04:00:00+00:00,0.31529,0.3184,0.30926,0.31432,88995431.0
2024-12-09 08:00:00+00:00,0.31432,0.31488,0.30392,0.30489,160715088.0
2024-12-09 12:00:00+00:00,0.30489,0.31404,0.30023,0.30216,149487958.0
2024-12-09 16:00:00+00:00,0.30216,0.30918,0.30041,0.30276,62285798.0
2024-12-09 20:00:00+00:00,0.30276,0.30386,0.23231,0.27998,625553468.0
2024-12-10 00:00:00+00:00,0.27998,0.30308,0.27256,0.28986,356232226.0
2024-12-10 04:00:00+00:00,0.28986,0.29913,0.27957,0.28833,162693160.0
2024-12-10 08:00:00+00:00,0.28833,0.30002,0.28306,0.29335,125249537.0
2024-12-10 12:00:00+00:00,0.29335,0.29422,0.26625,0.26711,239473383.0
2024-12-10 16:00:00+00:00,0.26711,0.27249,0.25256,0.269,293023619.0
2024-12-10 20:00:00+00:00,0.269,0.29464,0.26723,0.28958,184794923.0
2024-12-11 00:00:00+00:00,0.28958,0.29006,0.27084,0.2799,159005216.0
2024-12-11 04:00:00+00:00,0.2799,0.28899,0.27523,0.27551,75843037.0
2024-12-11 08:00:00+00:00,0.27551,0.29794,0.27538,0.29204,124821288.0
2024-12-11 12:00:00+00:00,0.29204,0.31037,0.28639,0.30204,247595390.0
2024-12-11 16:00:00+00:00,0.30204,0.30657,0.29202,0.29717,133839858.0
2024-12-11 20:00:00+00:00,0.29717,0.304,0.29332,0.2988,78787943.0
2024-12-12 00:00:00+00:00,0.2988,0.30506,0.2891,0.30044,136811808.0
2024-12-12 04:00:00+00:00,0.30044,0.31474,0.30002,0.30749,158854851.0
2024-12-12 08:00:00+00:00,0.30749,0.31399,0.29256,0.29515,131795193.0
2024-12-12 12:00:00+00:00,0.29515,0.30202,0.29272,0.29566,156656628.0
2024-12-12 16:00:00+00:00,0.29566,0.30938,0.29362,0.29415,185627952.0
2024-12-12 20:00:00+00:00,0.29415,0.30371,0.2854,0.29143,141910808.0
2024-12-13 00:00:00+00:00,0.29143,0.30035,0.28945,0.29534,103276900.0
2024-12-13 04:00:00+00:00,0.29534,0.29983,0.28871,0.29454,71989467.0
2024-12-13 08:00:00+00:00,0.29454,0.31486,0.29299,0.30944,154697390.0
2024-12-13 12:00:00+00:00,0.30944,0.33079,0.3051,0.30575,324581645.0
2024-12-13 16:00:00+00:00,0.30575,0.31419,0.301,0.31136,132231596.0
2024-12-13 20:00:00+00:00,0.31136,0.31641,0.3051,0.31426,81866386.0
2024-12-14 00:00:00+00:00,0.31426,0.31528,0.30383,0.30488,80351769.0
2024-12-14 04:00:00+00:00,0.30488,0.30686,0.3027,0.30661,43681399.0
2024-12-14 08:00:00+00:00,0.30661,0.30935,0.29887,0.29946,59427042.0
2024-12-14 12:00:00+00:00,0.29946,0.3003,0.29247,0.29575,91328046.0
2024-12-14 16:00:00+00:00,0.29575,0.29694,0.28924,0.29328,64367744.0
2024-12-14 20:00:00+00:00,0.29328,0.29469,0.28837,0.29402,51367558.0
2024-12-15 00:00:00+00:00,0.29402,0.29551,0.28635,0.29088,53416488.0
2024-12-15 04:00:00+00:00,0.29088,0.29573,0.28264,0.28484,57093282.0
2024-12-15 08:00:00+00:00,0.28484,0.29298,0.28434,0.2903,43350014.0
2024-12-15 12:00:00+00:00,0.2903,0.29649,0.28893,0.29314,51894211.0
2024-12-15 16:00:00+00:00,0.29314,0.29448,0.28975,0.2925,34617799.0
2024-12-15 20:00:00+00:00,0.2925,0.29775,0.28335,0.29582,79752791.0
2024-12-16 00:00:00+00:00,0.29582,0.2986,0.28503,0.28743,90780001.0
2024-12-16 04:00:00+00:00,0.28743,0.28923,0.28011,0.283,64421609.0
2024-12-16 08:00:00+00:00,0.283,0.28407,0.27436,0.27523,95677415.0
2024-12-16 12:00:00+00:00,0.27523,0.28277,0.27497,0.28098,85850088.0
2024-12-16 16:00:00+00:00,0.28098,0.29378,0.28098,0.28622,140508170.0
2024-12-16 20:00:00+00:00,0.28622,0.28773,0.28048,0.28231,42214952.0
2024-12-17 00:00:00+00:00,0.28231,0.28231,0.27502,0.28012,59704625.0
2024-12-17 04:00:00+00:00,0.28012,0.28027,0.27552,0.27686,29848599.0
2024-12-17 08:00:00+00:00,0.27686,0.29614,0.27657,0.29231,162601861.0
2024-12-17 12:00:00+00:00,0.29231,0.29389,0.27711,0.27772,137152082.0
2024-12-17 16:00:00+00:00,0.27772,0.29914,0.27557,0.29138,221875522.0
2024-12-17 20:00:00+00:00,0.29138,0.29607,0.28149,0.28462,106189090.0
2024-12-18 00:00:00+00:00,0.28462,0.30019,0.27906,0.2911,178474067.0
2024-12-18 04:00:00+00:00,0.2911,0.29914,0.28573,0.29,151574123.0
2024-12-18 08:00:00+00:00,0.29,0.31141,0.28549,0.30682,201079367.0
2024-12-18 12:00:00+00:00,0.30682,0.30776,0.29141,0.294,221133442.0
2024-12-18 16:00:00+00:00,0.294,0.30793,0.28941,0.29318,245962271.0
2024-12-18 20:00:00+00:00,0.29318,0.29644,0.27001,0.27232,371151936.0
2024-12-19 00:00:00+00:00,0.27232,0.27578,0.25311,0.27298,311878014.0
2024-12-19 04:00:00+00:00,0.27298,0.29111,0.27065,0.28797,141102994.0
2024-12-19 08:00:00+00:00,0.28797,0.30018,0.28321,0.29264,172855731.0
2024-12-19 12:00:00+00:00,0.29264,0.30142,0.28358,0.29058,279215914.0
2024-12-19 16:00:00+00:00,0.29058,0.29104,0.25845,0.26281,350344249.0
2024-12-19 20:00:00+00:00,0.26281,0.27438,0.25453,0.26734,213631105.0
2024-12-20 00:00:00+00:00,0.26734,0.28618,0.26345,0.28113,198709294.0
2024-12-20 04:00:00+00:00,0.28113,0.286,0.27066,0.27516,167971785.0
2024-12-20 08:00:00+00:00,0.27516,0.2753,0.23441,0.2346,401932493.0
2024-12-20 12:00:00+00:00,0.2346,0.27178,0.23332,0.26548,401158561.0
2024-12-20 16:00:00+00:00,0.26548,0.27348,0.25906,0.26975,187229366.0
2024-12-20 20:00:00+00:00,0.26975,0.2763,0.26184,0.27044,112066880.0
2024-12-21 00:00:00+00:00,0.27044,0.27264,0.26501,0.26855,74310539.0
2024-12-21 04:00:00+00:00,0.26855,0.28287,0.26837,0.2784,125085849.0
2024-12-21 08:00:00+00:00,0.2784,0.28036,0.26616,0.26931,112016575.0
2024-12-21 12:00:00+00:00,0.26931,0.26938,0.24961,0.25789,226593777.0
2024-12-21 16:00:00+00:00,0.25789,0.2581,0.24933,0.25378,128836995.0
2024-12-21 20:00:00+00:00,0.25378,0.25686,0.25007,0.25367,69854356.0
2024-12-22 00:00:00+00:00,0.25367,0.25606,0.24741,0.25265,71383888.0
2024-12-22 04:00:00+00:00,0.25265,0.25395,0.24367,0.25183,66433934.0
2024-12-22 08:00:00+00:00,0.25183,0.27292,0.25156,0.26245,112679909.0
2024-12-22 12:00:00+00:00,0.26245,0.2657,0.25574,0.25983,97801075.0
2024-12-22 16:00:00+00:00,0.25983,0.27079,0.25723,0.26137,115655278.0
2024-12-22 20:00:00+00:00,0.26137,0.26847,0.25821,0.26553,77623871.0
2024-12-23 00:00:00+00:00,0.26553,0.26863,0.25546,0.26833,88414371.0
2024-12-23 04:00:00+00:00,0.26833,0.27121,0.26123,0.2672,69354608.0
2024-12-23 08:00:00+00:00,0.2672,0.27849,0.26449,0.27629,97769586.0
2024-12-23 12:00:00+00:00,0.27629,0.2799,0.26179,0.26407,164791692.0
2024-12-23 16:00:00+00:00,0.26407,0.27457,0.2638,0.27227,100697322.0
2024-12-23 20:00:00+00:00,0.27227,0.29261,0.27182,0.29145,151337690.0
2024-12-24 00:00:00+00:00,0.29145,0.29771,0.2814,0.28777,132898314.0
2024-12-24 04:00:00+00:00,0.28777,0.30112,0.28776,0.29862,144667572.0
2024-12-24 08:00:00+00:00,0.29862,0.31839,0.29782,0.31345,173146892.0
2024-12-24 12:00:00+00:00,0.31345,0.33235,0.30535,0.32091,269927002.0
2024-12-24 16:00:00+00:00,0.32091,0.32803,0.31554,0.3236,141727574.0
2024-12-24 20:00:00+00:00,0.3236,0.33889,0.32031,0.32869,128580384.0
2024-12-25 00:00:00+00:00,0.32869,0.33535,0.30933,0.31371,171525098.0
2024-12-25 04:00:00+00:00,0.31371,0.31565,0.30575,0.30598,79938274.0
2024-12-25 08:00:00+00:00,0.30598,0.32532,0.30585,0.31176,149653131.0
2024-12-25 12:00:00+00:00,0.31176,0.31595,0.30822,0.31278,63210701.0
2024-12-25 16:00:00+00:00,0.31278,0.3186,0.31032,0.31507,57489239.0
2024-12-25 20:00:00+00:00,0.31507,0.31581,0.30935,0.31304,44390691.0
2024-12-26 00:00:00+00:00,0.31304,0.31764,0.30625,0.31267,77660657.0
2024-12-26 04:00:00+00:00,0.31267,0.3136,0.29252,0.29371,116924897.0
2024-12-26 08:00:00+00:00,0.29371,0.29538,0.2853,0.29169,152810500.0
2024-12-26 12:00:00+00:00,0.29169,0.29405,0.28603,0.28805,85175686.0
2024-12-26 16:00:00+00:00,0.28805,0.29245,0.28503,0.29014,50856407.0
2024-12-26 20:00:00+00:00,0.29014,0.29041,0.28303,0.28442,49699174.0
2024-12-27 00:00:00+00:00,0.28442,0.2966,0.2797,0.28537,106716157.0
2024-12-27 04:00:00+00:00,0.28537,0.28924,0.27934,0.28131,78994735.0
2024-12-27 08:00:00+00:00,0.28131,0.29537,0.28129,0.29098,123843171.0
2024-12-27 12:00:00+00:00,0.29098,0.2912,0.27548,0.27668,97513369.0
2024-12-27 16:00:00+00:00,0.27668,0.28268,0.27334,0.28036,63776271.0
2024-12-27 20:00:00+00:00,0.28036,0.28091,0.27423,0.27657,37944878.0
2024-12-28 00:00:00+00:00,0.27657,0.27912,0.27184,0.27446,52917932.0
2024-12-28 04:00:00+00:00,0.27446,0.27656,0.27226,0.27283,34709280.0
2024-12-28 08:00:00+00:00,0.27283,0.27642,0.2723,0.27497,27827768.0
2024-12-28 12:00:00+00:00,0.27497,0.2817,0.27252,0.27942,79932489.0
2024-12-28 16:00:00+00:00,0.27942,0.29205,0.27734,0.2876,95086606.0
2024-12-28 20:00:00+00:00,0.2876,0.30256,0.2864,0.29429,83041408.0
2024-12-29 00:00:00+00:00,0.29429,0.30442,0.28719,0.29238,103058590.0
2024-12-29 04:00:00+00:00,0.29238,0.2956,0.28707,0.29397,36152382.0
2024-12-29 08:00:00+00:00,0.29397,0.29427,0.28847,0.28869,30215611.0
2024-12-29 12:00:00+00:00,0.28869,0.2916,0.28471,0.28595,45566855.0
2024-12-29 16:00:00+00:00,0.28595,0.28643,0.27849,0.28024,61003645.0
2024-12-29 20:00:00+00:00,0.28024,0.28171,0.27498,0.27864,41494683.0
2024-12-30 00:00:00+00:00,0.27864,0.28654,0.27735,0.27993,50579221.0
2024-12-30 04:00:00+00:00,0.27993,0.28378,0.27575,0.27973,37661968.0
2024-12-30 08:00:00+00:00,0.27973,0.28309,0.27577,0.27876,45795126.0
2024-12-30 12:00:00+00:00,0.27876,0.28222,0.26575,0.26889,111464477.0
2024-12-30 16:00:00+00:00,0.26889,0.28596,0.2675,0.28128,107329069.0
2024-12-30 20:00:00+00:00,0.28128,0.29053,0.2743,0.27844,96499551.0
2024-12-31 00:00:00+00:00,0.27844,0.27844,0.27001,0.27021,36001795.0
2024-12-31 04:00:00+00:00,0.27021,0.27258,0.26753,0.26849,34618384.0
2024-12-31 08:00:00+00:00,0.26849,0.27814,0.26839,0.27152,47935680.0
2024-12-31 12:00:00+00:00,0.27152,0.28231,0.27152,0.27757,77365314.0
2024-12-31 16:00:00+00:00,0.27757,0.27818,0.26644,0.26806,52476781.0
2024-12-31 20:00:00+00:00,0.26806,0.27032,0.26712,0.26872,28174958.0
2025-01-01 00:00:00+00:00,0.26872,0.27225,0.26751,0.2691,28848699.0
2025-01-01 04:00:00+00:00,0.2691,0.27479,0.26746,0.26835,39613462.0
2025-01-01 08:00:00+00:00,0.26835,0.26965,0.26403,0.26786,43685939.0
2025-01-01 12:00:00+00:00,0.26786,0.28066,0.26699,0.27958,58440564.0
2025-01-01 16:00:00+00:00,0.27958,0.2983,0.27898,0.2957,344917412.0
2025-01-01 20:00:00+00:00,0.2957,0.30045,0.29046,0.2947,102357858.0
2025-01-02 00:00:00+00:00,0.2947,0.30942,0.29257,0.2953,166378798.0
2025-01-02 04:00:00+00:00,0.2953,0.29624,0.28488,0.28841,76733086.0
2025-01-02 08:00:00+00:00,0.28841,0.29533,0.28725,0.29356,68452573.0
2025-01-02 12:00:00+00:00,0.29356,0.29703,0.28797,0.28965,89822123.0
2025-01-02 16:00:00+00:00,0.28965,0.2952,0.28863,0.29234,42121288.0
2025-01-02 20:00:00+00:00,0.29234,0.29377,0.2892,0.29208,28361344.0
2025-01-03 00:00:00+00:00,0.29208,0.3049,0.2919,0.30388,111682730.0
2025-01-03 04:00:00+00:00,0.30388,0.30607,0.2974,0.2997,106033577.0
2025-01-03 08:00:00+00:00,0.2997,0.31541,0.2996,0.31455,131923277.0
2025-01-03 12:00:00+00:00,0.31455,0.32435,0.31011,0.31316,161851606.0
2025-01-03 16:00:00+00:00,0.31316,0.31982,0.30922,0.31637,73193253.0
2025-01-03 20:00:00+00:00,0.31637,0.31698,0.31101,0.31368,44789781.0
2025-01-04 00:00:00+00:00,0.31368,0.3206,0.30688,0.31357,117839019.0
2025-01-04 04:00:00+00:00,0.31357,0.31432,0.30795,0.30827,55401641.0
2025-01-04 08:00:00+00:00,0.30827,0.30926,0.30173,0.30451,78877563.0
2025-01-04 12:00:00+00:00,0.30451,0.31277,0.30093,0.30371,89783379.0
2025-01-04 16:00:00+00:00,0.30371,0.30769,0.30324,0.30536,39064948.0
2025-01-04 20:00:00+00:00,0.30536,0.30814,0.30471,0.30571,27786490.0
2025-01-05 00:00:00+00:00,0.30571,0.31282,0.30388,0.30615,75276442.0
2025-01-05 04:00:00+00:00,0.30615,0.30838,0.30259,0.30441,42326934.0
2025-01-05 08:00:00+00:00,0.30441,0.30522,0.2971,0.29962,61334054.0
2025-01-05 12:00:00+00:00,0.29962,0.30279,0.29592,0.30117,53688030.0
2025-01-05 16:00:00+00:00,0.30117,0.30335,0.29736,0.30011,33111049.0
2025-01-05 20:00:00+00:00,0.30011,0.30321,0.29922,0.30135,28581025.0
2025-01-06 00:00:00+00:00,0.30135,0.30849,0.29666,0.30682,64076443.0
2025-01-06 04:00:00+00:00,0.30682,0.30787,0.30071,0.30136,33532861.0
2025-01-06 08:00:00+00:00,0.30136,0.312,0.30007,0.31071,58477825.0
2025-01-06 12:00:00+00:00,0.31071,0.31384,0.3009,0.3108,132560368.0
2025-01-06 16:00:00+00:00,0.3108,0.31861,0.3077,0.31554,91095088.0
2025-01-06 20:00:00+00:00,0.31554,0.31692,0.30557,0.30819,48846713.0
2025-01-07 00:00:00+00:00,0.30819,0.31626,0.30542,0.316,52036340.0
2025-01-07 04:00:00+00:00,0.316,0.32498,0.3121,0.32394,124085008.0
2025-01-07 08:00:00+00:00,0.32394,0.33032,0.31283,0.31614,139133812.0
2025-01-07 12:00:00+00:00,0.31614,0.32514,0.29636,0.30044,280842153.0
2025-01-07 16:00:00+00:00,0.30044,0.30575,0.29037,0.29202,188600640.0
2025-01-07 20:00:00+00:00,0.29202,0.2961,0.28803,0.28902,109906635.0
2025-01-08 00:00:00+00:00,0.28902,0.2957,0.28359,0.28553,132362173.0
2025-01-08 04:00:00+00:00,0.28553,0.28756,0.27516,0.28018,75008579.0
2025-01-08 08:00:00+00:00,0.28018,0.28543,0.27553,0.27966,70136178.0
2025-01-08 12:00:00+00:00,0.27966,0.2834,0.27628,0.27989,82393482.0
2025-01-08 16:00:00+00:00,0.27989,0.28652,0.26618,0.27959,163887770.0
2025-01-08 20:00:00+00:00,0.27959,0.28845,0.27694,0.28478,53559270.0
2025-01-09 00:00:00+00:00,0.28478,0.28505,0.27657,0.27685,50225228.0
2025-01-09 04:00:00+00:00,0.27685,0.27893,0.26891,0.26974,46282789.0
2025-01-09 08:00:00+00:00,0.26974,0.27479,0.26619,0.27106,55839214.0
2025-01-09 12:00:00+00:00,0.27106,0.27782,0.26236,0.27543,80422862.0
2025-01-09 16:00:00+00:00,0.27543,0.27843,0.26554,0.26697,90920433.0
2025-01-09 20:00:00+00:00,0.26697,0.27053,0.26277,0.26854,47054602.0
2025-01-10 00:00:00+00:00,0.26854,0.27489,0.26812,0.27283,24218944.0
2025-01-10 04:00:00+00:00,0.27283,0.2853,0.27046,0.28177,50813445.0
2025-01-10 08:00:00+00:00,0.28177,0.28515,0.27761,0.27913,56040558.0
2025-01-10 12:00:00+00:00,0.27913,0.28019,0.26664,0.27185,130501348.0
2025-01-10 16:00:00+00:00,0.27185,0.28529,0.2682,0.28466,64659950.0
2025-01-10 20:00:00+00:00,0.28466,0.28472,0.27877,0.28152,30260740.0
2025-01-11 00:00:00+00:00,0.28152,0.28319,0.27658,0.27685,19203958.0
2025-01-11 04:00:00+00:00,0.27685,0.27977,0.27532,0.27799,22299041.0
2025-01-11 08:00:00+00:00,0.27799,0.28412,0.27705,0.28259,28726332.0
2025-01-11 12:00:00+00:00,0.28259,0.28413,0.27781,0.27842,25760154.0
2025-01-11 16:00:00+00:00,0.27842,0.28311,0.277,0.28201,36253105.0
2025-01-11 20:00:00+00:00,0.28201,0.29652,0.28079,0.29203,83195011.0
2025-01-12 00:00:00+00:00,0.29203,0.29225,0.2852,0.28736,36330966.0
2025-01-12 04:00:00+00:00,0.28736,0.28926,0.2826,0.2854,26111717.0
2025-01-12 08:00:00+00:00,0.2854,0.28789,0.27883,0.28108,30443735.0
2025-01-12 12:00:00+00:00,0.28108,0.285,0.27916,0.28226,36810117.0
2025-01-12 16:00:00+00:00,0.28226,0.28511,0.28033,0.28189,20898424.0
2025-01-12 20:00:00+00:00,0.28189,0.28212,0.27086,0.27786,72090663.0
2025-01-13 00:00:00+00:00,0.27786,0.28878,0.27205,0.27336,67376562.0
2025-01-13 04:00:00+00:00,0.27336,0.27876,0.26827,0.26969,45291958.0
2025-01-13 08:00:00+00:00,0.26969,0.26969,0.25853,0.25891,61528492.0
2025-01-13 12:00:00+00:00,0.25891,0.27714,0.25505,0.27065,116638873.0
2025-01-13 16:00:00+00:00,0.27065,0.27178,0.26301,0.26605,44747339.0
2025-01-13 20:00:00+00:00,0.26605,0.27875,0.26386,0.27495,50989816.0
2025-01-14 00:00:00+00:00,0.27495,0.28066,0.2725,0.27658,23884228.0
2025-01-14 04:00:00+00:00,0.27658,0.28125,0.27598,0.27831,32629276.0
2025-01-14 08:00:00+00:00,0.27831,0.28724,0.2783,0.28388,54343161.0
2025-01-14 12:00:00+00:00,0.28388,0.29108,0.27895,0.2896,78331754.0
2025-01-14 16:00:00+00:00,0.2896,0.29334,0.28616,0.28872,74298628.0
2025-01-14 20:00:00+00:00,0.28872,0.29058,0.28476,0.28704,27322055.0
2025-01-15 00:00:00+00:00,0.28704,0.30325,0.28575,0.29913,83544998.0
2025-01-15 04:00:00+00:00,0.29913,0.31405,0.29764,0.31195,70927115.0
2025-01-15 08:00:00+00:00,0.31195,0.31295,0.29434,0.29754,113201576.0
2025-01-15 12:00:00+00:00,0.29754,0.32207,0.29451,0.31783,200950934.0
2025-01-15 16:00:00+00:00,0.31783,0.32191,0.3083,0.3102,97517419.0
2025-01-15 20:00:00+00:00,0.3102,0.32818,0.30761,0.32244,122878665.0
2025-01-16 00:00:00+00:00,0.32244,0.33435,0.30803,0.3267,210519583.0
2025-01-16 04:00:00+00:00,0.3267,0.34763,0.32634,0.33754,161617875.0
2025-01-16 08:00:00+00:00,0.33754,0.34834,0.32949,0.3474,247152285.0
2025-01-16 12:00:00+00:00,0.3474,0.375,0.34326,0.36082,550278980.0
2025-01-16 16:00:00+00:00,0.36082,0.38465,0.3605,0.37782,247950071.0
2025-01-16 20:00:00+00:00,0.37782,0.387,0.35874,0.36277,273683927.0
2025-01-17 00:00:00+00:00,0.36277,0.40135,0.36151,0.38549,363234547.0
2025-01-17 04:00:00+00:00,0.38549,0.39361,0.37524,0.3762,155226337.0
2025-01-17 08:00:00+00:00,0.3762,0.37703,0.3676,0.37468,158784497.0
2025-01-17 12:00:00+00:00,0.37468,0.3749,0.36295,0.36436,156094532.0
2025-01-17 16:00:00+00:00,0.36436,0.37391,0.36168,0.36947,112120750.0
2025-01-17 20:00:00+00:00,0.36947,0.37962,0.36855,0.37438,93810247.0
2025-01-18 00:00:00+00:00,0.37438,0.38489,0.36045,0.37188,187607094.0
2025-01-18 04:00:00+00:00,0.37188,0.37792,0.34875,0.34981,226284552.0
2025-01-18 08:00:00+00:00,0.34981,0.35466,0.34052,0.35003,120198312.0
2025-01-18 12:00:00+00:00,0.35003,0.36302,0.34688,0.34851,116974934.0
2025-01-18 16:00:00+00:00,0.34851,0.35771,0.34224,0.35771,84998585.0
2025-01-18 20:00:00+00:00,0.35771,0.35869,0.35049,0.35444,49014026.0
2025-01-19 00:00:00+00:00,0.35444,0.37085,0.34954,0.35447,127978011.0
2025-01-19 04:00:00+00:00,0.35447,0.36138,0.34711,0.34984,84130496.0
2025-01-19 08:00:00+00:00,0.34984,0.34985,0.3268,0.32859,159561894.0
2025-01-19 12:00:00+00:00,0.32859,0.35153,0.32838,0.34658,110301940.0
2025-01-19 16:00:00+00:00,0.34658,0.36336,0.34356,0.36254,84878302.0
2025-01-19 20:00:00+00:00,0.36254,0.36473,0.31697,0.3262,251451672.0
2025-01-20 00:00:00+00:00,0.3262,0.34358,0.3193,0.3402,186683088.0
2025-01-20 04:00:00+00:00,0.3402,0.37168,0.33472,0.36361,155119320.0
2025-01-20 08:00:00+00:00,0.36361,0.37429,0.36082,0.37066,149501821.0
2025-01-20 12:00:00+00:00,0.37066,0.37308,0.35244,0.35417,155359639.0
2025-01-20 16:00:00+00:00,0.35417,0.36309,0.32912,0.34699,272334208.0
2025-01-20 20:00:00+00:00,0.34699,0.34804,0.33373,0.34202,65456297.0
2025-01-21 00:00:00+00:00,0.34202,0.34594,0.33138,0.33596,95808727.0
2025-01-21 04:00:00+00:00,0.33596,0.33601,0.32542,0.33125,63088284.0
2025-01-21 08:00:00+00:00,0.33125,0.34072,0.32785,0.33559,68396561.0
2025-01-21 12:00:00+00:00,0.33559,0.34394,0.32812,0.33395,78821439.0
2025-01-21 16:00:00+00:00,0.33395,0.34843,0.3328,0.34226,78536488.0
2025-01-21 20:00:00+00:00,0.34226,0.34878,0.33313,0.33762,62059050.0
2025-01-22 00:00:00+00:00,0.33762,0.33801,0.32968,0.33057,28326525.0
2025-01-22 04:00:00+00:00,0.33057,0.3324,0.326,0.32631,31981030.0
2025-01-22 08:00:00+00:00,0.32631,0.33,0.32088,0.32934,44671232.0
2025-01-22 12:00:00+00:00,0.32934,0.33259,0.3209,0.32293,66348229.0
2025-01-22 16:00:00+00:00,0.32293,0.32966,0.32054,0.3263,38799028.0
2025-01-22 20:00:00+00:00,0.3263,0.33106,0.3218,0.32597,40731528.0
2025-01-23 00:00:00+00:00,0.32597,0.33054,0.31653,0.31852,57926957.0
2025-01-23 04:00:00+00:00,0.31852,0.32106,0.31411,0.3205,33739347.0
2025-01-23 08:00:00+00:00,0.3205,0.32378,0.31516,0.31732,39583345.0
2025-01-23 12:00:00+00:00,0.31732,0.3317,0.31225,0.32867,99672510.0
2025-01-23 16:00:00+00:00,0.32867,0.335,0.31216,0.31529,69771052.0
2025-01-23 20:00:00+00:00,0.31529,0.32996,0.31381,0.32787,107348559.0
2025-01-24 00:00:00+00:00,0.32787,0.32945,0.31429,0.32141,50290581.0
2025-01-24 04:00:00+00:00,0.32141,0.33387,0.32105,0.3288,49612145.0
2025-01-24 08:00:00+00:00,0.3288,0.34067,0.32768,0.33909,53544299.0
2025-01-24 12:00:00+00:00,0.33909,0.35085,0.33628,0.34025,102331393.0
2025-01-24 16:00:00+00:00,0.34025,0.34094,0.33366,0.33673,32766089.0
2025-01-24 20:00:00+00:00,0.33673,0.33827,0.32547,0.32686,36944656.0
2025-01-25 00:00:00+00:00,0.32686,0.33872,0.32539,0.33637,57519994.0
2025-01-25 04:00:00+00:00,0.33637,0.33762,0.32962,0.33359,26416265.0
2025-01-25 08:00:00+00:00,0.33359,0.33359,0.32791,0.33168,28667500.0
2025-01-25 12:00:00+00:00,0.33168,0.33473,0.32878,0.3331,44090507.0
2025-01-25 16:00:00+00:00,0.3331,0.3364,0.32944,0.33324,30039021.0
2025-01-25 20:00:00+00:00,0.33324,0.3371,0.33109,0.3321,24571717.0
2025-01-26 00:00:00+00:00,0.3321,0.34666,0.3316,0.34601,51518317.0
2025-01-26 04:00:00+00:00,0.34601,0.35442,0.34007,0.34528,52577401.0
2025-01-26 08:00:00+00:00,0.34528,0.34796,0.33644,0.33932,32848645.0
2025-01-26 12:00:00+00:00,0.33932,0.33982,0.33466,0.3351,26616008.0
2025-01-26 16:00:00+00:00,0.3351,0.3372,0.33224,0.33598,23671103.0
2025-01-26 20:00:00+00:00,0.33598,0.34022,0.32262,0.32304,58068134.0
2025-01-27 00:00:00+00:00,0.32304,0.3265,0.31418,0.31825,79638804.0
2025-01-27 04:00:00+00:00,0.31825,0.31825,0.29123,0.3025,153544097.0
2025-01-27 08:00:00+00:00,0.3025,0.30256,0.29201,0.29517,79739157.0
2025-01-27 12:00:00+00:00,0.29517,0.31366,0.29433,0.30887,113389532.0
2025-01-27 16:00:00+00:00,0.30887,0.31192,0.29871,0.30299,58646245.0
2025-01-27 20:00:00+00:00,0.30299,0.31804,0.30299,0.31448,47826159.0
2025-01-28 00:00:00+00:00,0.31448,0.31963,0.30845,0.31432,39113878.0
2025-01-28 04:00:00+00:00,0.31432,0.32133,0.31417,0.31821,37848208.0
2025-01-28 08:00:00+00:00,0.31821,0.31999,0.31263,0.3173,24968133.0
2025-01-28 12:00:00+00:00,0.3173,0.32275,0.3126,0.31613,66023484.0
2025-01-28 16:00:00+00:00,0.31613,0.31719,0.30569,0.30857,43759398.0
2025-01-28 20:00:00+00:00,0.30857,0.30888,0.295,0.29874,52487691.0
2025-01-29 00:00:00+00:00,0.29874,0.30373,0.29755,0.30343,22763234.0
2025-01-29 04:00:00+00:00,0.30343,0.30966,0.303,0.30937,27106808.0
2025-01-29 08:00:00+00:00,0.30937,0.3109,0.30455,0.30898,24693168.0
2025-01-29 12:00:00+00:00,0.30898,0.31028,0.30017,0.30303,35024701.0
2025-01-29 16:00:00+00:00,0.30303,0.31108,0.29378,0.30561,85396899.0
2025-01-29 20:00:00+00:00,0.30561,0.31776,0.30177,0.30857,69827654.0
2025-01-30 00:00:00+00:00,0.30857,0.318,0.3059,0.318,23672233.0
2025-01-30 04:00:00+00:00,0.318,0.32131,0.31207,0.31354,29344315.0
2025-01-30 08:00:00+00:00,0.31354,0.3171,0.3119,0.31511,23597363.0
2025-01-30 12:00:00+00:00,0.31511,0.3218,0.31009,0.31858,51043396.0
2025-01-30 16:00:00+00:00,0.31858,0.32223,0.31456,0.31928,34984774.0
2025-01-30 20:00:00+00:00,0.31928,0.3228,0.31574,0.31583,47575406.0
2025-01-31 00:00:00+00:00,0.31583,0.31654,0.30802,0.30849,31225215.0
2025-01-31 04:00:00+00:00,0.30849,0.31519,0.30553,0.31144,26910814.0
2025-01-31 08:00:00+00:00,0.31144,0.31822,0.30867,0.31763,45606208.0
2025-01-31 12:00:00+00:00,0.31763,0.32007,0.31429,0.31772,44081133.0
2025-01-31 16:00:00+00:00,0.31772,0.319,0.30313,0.30627,58877475.0
2025-01-31 20:00:00+00:00,0.30627,0.30754,0.30175,0.30648,27398655.0
2025-02-01 00:00:00+00:00,0.30648,0.31204,0.3047,0.30838,16066182.0
2025-02-01 04:00:00+00:00,0.30838,0.309,0.30386,0.3046,13718610.0
2025-02-01 08:00:00+00:00,0.3046,0.30543,0.29814,0.3016,31459820.0
2025-02-01 12:00:00+00:00,0.3016,0.3016,0.29502,0.29867,21183979.0
2025-02-01 16:00:00+00:00,0.29867,0.2998,0.29123,0.29304,28535688.0
2025-02-01 20:00:00+00:00,0.29304,0.29306,0.28116,0.28477,61093697.0
2025-02-02 00:00:00+00:00,0.28477,0.29377,0.27784,0.27819,47660328.0
2025-02-02 04:00:00+00:00,0.27819,0.28582,0.27744,0.28023,28114274.0
2025-02-02 08:00:00+00:00,0.28023,0.28497,0.2718,0.27272,43194710.0
2025-02-02 12:00:00+00:00,0.27272,0.27729,0.26847,0.27319,47823567.0
2025-02-02 16:00:00+00:00,0.27319,0.27327,0.24407,0.25818,231852680.0
2025-02-02 20:00:00+00:00,0.25818,0.26267,0.2365,0.25288,150555758.0
2025-02-03 00:00:00+00:00,0.25288,0.2532,0.1782,0.22185,702339540.0
2025-02-03 04:00:00+00:00,0.22185,0.24509,0.21054,0.24401,186892196.0
2025-02-03 08:00:00+00:00,0.24401,0.24627,0.23347,0.2366,106109897.0
2025-02-03 12:00:00+00:00,0.2366,0.26637,0.22056,0.26357,309687416.0
2025-02-03 16:00:00+00:00,0.26357,0.27795,0.25538,0.27462,174196154.0
2025-02-03 20:00:00+00:00,0.27462,0.28228,0.26435,0.27464,95496989.0
2025-02-04 00:00:00+00:00,0.27464,0.27793,0.26403,0.26635,62013428.0
2025-02-04 04:00:00+00:00,0.26635,0.2675,0.2461,0.24701,104314508.0
2025-02-04 08:00:00+00:00,0.24701,0.25984,0.24527,0.25444,84700429.0
2025-02-04 12:00:00+00:00,0.25444,0.26512,0.25364,0.25694,119722604.0
2025-02-04 16:00:00+00:00,0.25694,0.26964,0.25572,0.25586,85684822.0
2025-02-04 20:00:00+00:00,0.25586,0.25892,0.24261,0.24982,114770698.0
2025-02-05 00:00:00+00:00,0.24982,0.25502,0.2487,0.25287,39176058.0
2025-02-05 04:00:00+00:00,0.25287,0.2552,0.249,0.25242,24388596.0
2025-02-05 08:00:00+00:00,0.25242,0.25645,0.2499,0.25608,41847585.0
2025-02-05 12:00:00+00:00,0.25608,0.25815,0.24968,0.25271,53603176.0
2025-02-05 16:00:00+00:00,0.25271,0.25341,0.23853,0.24549,91723604.0
2025-02-05 20:00:00+00:00,0.24549,0.24834,0.23572,0.23839,38613588.0
2025-02-06 00:00:00+00:00,0.23839,0.24414,0.23684,0.24268,24674963.0
2025-02-06 04:00:00+00:00,0.24268,0.24758,0.24224,0.24419,24483215.0
2025-02-06 08:00:00+00:00,0.24419,0.24972,0.24172,0.24575,38999575.0
2025-02-06 12:00:00+00:00,0.24575,0.24625,0.22968,0.23181,80610274.0
2025-02-06 16:00:00+00:00,0.23181,0.23614,0.22705,0.22802,66582141.0
2025-02-06 20:00:00+00:00,0.22802,0.23331,0.22618,0.22851,34878228.0
2025-02-07 00:00:00+00:00,0.22851,0.23708,0.22813,0.23317,30704142.0
2025-02-07 04:00:00+00:00,0.23317,0.23512,0.22722,0.23079,24180583.0
2025-02-07 08:00:00+00:00,0.23079,0.23808,0.22967,0.23782,42608036.0
2025-02-07 12:00:00+00:00,0.23782,0.24764,0.23469,0.24161,107406830.0
2025-02-07 16:00:00+00:00,0.24161,0.24452,0.23534,0.23837,50518950.0
2025-02-07 20:00:00+00:00,0.23837,0.23881,0.22614,0.23255,61643853.0
2025-02-08 00:00:00+00:00,0.23255,0.23525,0.22941,0.22998,22658838.0
2025-02-08 04:00:00+00:00,0.22998,0.23119,0.2256,0.22963,20978830.0
2025-02-08 08:00:00+00:00,0.22963,0.23063,0.2266,0.22911,15238260.0
2025-02-08 12:00:00+00:00,0.22911,0.23313,0.22705,0.23033,29134287.0
2025-02-08 16:00:00+00:00,0.23033,0.23441,0.22854,0.23351,31518484.0
2025-02-08 20:00:00+00:00,0.23351,0.23624,0.23146,0.23395,12422226.0
2025-02-09 00:00:00+00:00,0.23395,0.24204,0.23296,0.24204,26533457.0
2025-02-09 04:00:00+00:00,0.24204,0.24212,0.23738,0.24021,19321502.0
2025-02-09 08:00:00+00:00,0.24021,0.24286,0.23572,0.2359,17967601.0
2025-02-09 12:00:00+00:00,0.2359,0.23684,0.22811,0.23402,28068428.0
2025-02-09 16:00:00+00:00,0.23402,0.23617,0.22886,0.22953,17682405.0
2025-02-09 20:00:00+00:00,0.22953,0.23273,0.21928,0.2289,57429334.0
2025-02-10 00:00:00+00:00,0.2289,0.23567,0.2235,0.2319,51477965.0
2025-02-10 04:00:00+00:00,0.2319,0.23934,0.23058,0.2385,30882721.0
2025-02-10 08:00:00+00:00,0.2385,0.24186,0.23679,0.2387,30516749.0
2025-02-10 12:00:00+00:00,0.2387,0.24399,0.23231,0.23373,40329844.0
2025-02-10 16:00:00+00:00,0.23373,0.23677,0.2315,0.23417,28755493.0
2025-02-10 20:00:00+00:00,0.23417,0.23552,0.23044,0.23178,20928681.0
2025-02-11 00:00:00+00:00,0.23178,0.23871,0.2307,0.23631,28881567.0
2025-02-11 04:00:00+00:00,0.23631,0.2487,0.23609,0.24529,41823722.0
2025-02-11 08:00:00+00:00,0.24529,0.24583,0.2387,0.2425,40880153.0
2025-02-11 12:00:00+00:00,0.2425,0.24276,0.23351,0.23714,46301860.0
2025-02-11 16:00:00+00:00,0.23714,0.23861,0.2261,0.2276,50062686.0
2025-02-11 20:00:00+00:00,0.2276,0.23212,0.22644,0.22858,36430577.0
2025-02-12 00:00:00+00:00,0.22858,0.22989,0.2228,0.2233,30287533.0
2025-02-12 04:00:00+00:00,0.2233,0.22509,0.2211,0.22352,25750618.0
2025-02-12 08:00:00+00:00,0.22352,0.22578,0.22146,0.2244,23774004.0
2025-02-12 12:00:00+00:00,0.2244,0.22817,0.21335,0.21832,109248801.0
2025-02-12 16:00:00+00:00,0.21832,0.22981,0.21564,0.22774,85170144.0
2025-02-12 20:00:00+00:00,0.22774,0.2381,0.226,0.23504,48138731.0
2025-02-13 00:00:00+00:00,0.23504,0.23678,0.23034,0.23363,31551781.0
2025-02-13 04:00:00+00:00,0.23363,0.234,0.2264,0.22679,28757973.0
2025-02-13 08:00:00+00:00,0.22679,0.22804,0.22332,0.22505,23062660.0
2025-02-13 12:00:00+00:00,0.22505,0.22581,0.22062,0.22269,51884366.0
2025-02-13 16:00:00+00:00,0.22269,0.22418,0.21807,0.22045,45279526.0
2025-02-13 20:00:00+00:00,0.22045,0.22709,0.22032,0.22533,43487193.0
2025-02-14 00:00:00+00:00,0.22533,0.22888,0.22335,0.2286,19352309.0
2025-02-14 04:00:00+00:00,0.2286,0.22883,0.22397,0.22617,17287189.0
2025-02-14 08:00:00+00:00,0.22617,0.23782,0.226,0.23288,58749158.0
2025-02-14 12:00:00+00:00,0.23288,0.23851,0.23017,0.23262,39650499.0
2025-02-14 16:00:00+00:00,0.23262,0.23994,0.2282,0.23505,55951045.0
2025-02-14 20:00:00+00:00,0.23505,0.23576,0.22686,0.23064,34094606.0
2025-02-15 00:00:00+00:00,0.23064,0.23831,0.22859,0.23694,25087858.0
2025-02-15 04:00:00+00:00,0.23694,0.23871,0.23033,0.23404,19532424.0
2025-02-15 08:00:00+00:00,0.23404,0.23813,0.23284,0.23381,22394533.0
2025-02-15 12:00:00+00:00,0.23381,0.23806,0.22817,0.22979,64903232.0
2025-02-15 16:00:00+00:00,0.22979,0.23198,0.22688,0.22715,41419292.0
2025-02-15 20:00:00+00:00,0.22715,0.22923,0.22582,0.22899,28930750.0
2025-02-16 00:00:00+00:00,0.22899,0.23027,0.22532,0.22735,21087596.0
2025-02-16 04:00:00+00:00,0.22735,0.22814,0.223,0.22343,19056298.0
2025-02-16 08:00:00+00:00,0.22343,0.22695,0.22272,0.22689,20951536.0
2025-02-16 12:00:00+00:00,0.22689,0.22709,0.22005,0.22194,26847312.0
2025-02-16 16:00:00+00:00,0.22194,0.22364,0.21928,0.22125,24519172.0
2025-02-16 20:00:00+00:00,0.22125,0.22251,0.21892,0.21988,26846494.0
2025-02-17 00:00:00+00:00,0.21988,0.22357,0.21876,0.21968,17067267.0
2025-02-17 04:00:00+00:00,0.21968,0.22064,0.21511,0.21614,34571661.0
2025-02-17 08:00:00+00:00,0.21614,0.22296,0.21538,0.22054,29355659.0
2025-02-17 12:00:00+00:00,0.22054,0.22496,0.21597,0.21637,41183762.0
2025-02-17 16:00:00+00:00,0.21637,0.21799,0.20898,0.21165,59275793.0
2025-02-17 20:00:00+00:00,0.21165,0.21575,0.21039,0.21221,28193567.0
2025-02-18 00:00:00+00:00,0.21221,0.21439,0.21024,0.21304,21391056.0
2025-02-18 04:00:00+00:00,0.21304,0.21335,0.20317,0.20492,39919714.0
2025-02-18 08:00:00+00:00,0.20492,0.20623,0.20027,0.20328,33559331.0
2025-02-18 12:00:00+00:00,0.20328,0.20848,0.19812,0.19946,39772963.0
2025-02-18 16:00:00+00:00,0.19946,0.20298,0.19472,0.20181,56945922.0
2025-02-18 20:00:00+00:00,0.20181,0.20727,0.20015,0.20677,19830275.0
2025-02-19 00:00:00+00:00,0.20677,0.20894,0.20507,0.20768,16528798.0
2025-02-19 04:00:00+00:00,0.20768,0.21286,0.20351,0.2114,23260357.0
2025-02-19 08:00:00+00:00,0.2114,0.21454,0.2076,0.21423,25016040.0
2025-02-19 12:00:00+00:00,0.21423,0.21534,0.20942,0.21141,31812549.0
2025-02-19 16:00:00+00:00,0.21141,0.21765,0.211,0.21525,30733482.0
2025-02-19 20:00:00+00:00,0.21525,0.21795,0.21281,0.21561,24461209.0
2025-02-20 00:00:00+00:00,0.21561,0.2202,0.21482,0.21959,18904272.0
2025-02-20 04:00:00+00:00,0.21959,0.22606,0.21885,0.21885,28654532.0
2025-02-20 08:00:00+00:00,0.21885,0.22219,0.21805,0.21946,25054181.0
2025-02-20 12:00:00+00:00,0.21946,0.22362,0.21626,0.21674,29037893.0
2025-02-20 16:00:00+00:00,0.21674,0.22262,0.21598,0.22062,23228844.0
2025-02-20 20:00:00+00:00,0.22062,0.22305,0.2187,0.22189,17494256.0
2025-02-21 00:00:00+00:00,0.22189,0.22246,0.21766,0.21832,20236237.0
2025-02-21 04:00:00+00:00,0.21832,0.22131,0.21822,0.21959,14968215.0
2025-02-21 08:00:00+00:00,0.21959,0.22593,0.21959,0.22393,29949857.0
2025-02-21 12:00:00+00:00,0.22393,0.22985,0.21495,0.21858,64706588.0
2025-02-21 16:00:00+00:00,0.21858,0.22176,0.20506,0.2069,80862338.0
2025-02-21 20:00:00+00:00,0.2069,0.21496,0.20553,0.21437,41971634.0
2025-02-22 00:00:00+00:00,0.21437,0.22272,0.21188,0.216,23702135.0
2025-02-22 04:00:00+00:00,0.216,0.21732,0.21488,0.2152,7070733.0
2025-02-22 08:00:00+00:00,0.2152,0.2156,0.21281,0.2145,10118495.0
2025-02-22 12:00:00+00:00,0.2145,0.2172,0.21414,0.2167,11894502.0
2025-02-22 16:00:00+00:00,0.2167,0.22162,0.21614,0.21828,14114920.0
2025-02-22 20:00:00+00:00,0.21828,0.21881,0.2152,0.21648,10244325.0
2025-02-23 00:00:00+00:00,0.21648,0.21721,0.21304,0.2145,7351685.0
2025-02-23 04:00:00+00:00,0.2145,0.21775,0.21285,0.21714,8179695.0
2025-02-23 08:00:00+00:00,0.21714,0.21731,0.21154,0.21205,10599697.0
2025-02-23 12:00:00+00:00,0.21205,0.21253,0.20765,0.20818,13696935.0
2025-02-23 16:00:00+00:00,0.20818,0.21211,0.20785,0.21,6634476.0
2025-02-23 20:00:00+00:00,0.21,0.21183,0.2078,0.21107,17948371.0
2025-02-24 00:00:00+00:00,0.21107,0.21343,0.20383,0.20485,19180349.0
2025-02-24 04:00:00+00:00,0.20485,0.2065,0.20251,0.20468,14919373.0
2025-02-24 08:00:00+00:00,0.20468,0.21371,0.20032,0.21001,68251822.0
2025-02-24 12:00:00+00:00,0.21001,0.22704,0.20626,0.21247,313357661.0
2025-02-24 16:00:00+00:00,0.21247,0.2217,0.21014,0.21089,72562343.0
2025-02-24 20:00:00+00:00,0.21089,0.21433,0.1955,0.1965,112833646.0
2025-02-25 00:00:00+00:00,0.1965,0.20098,0.19121,0.19598,89354017.0
2025-02-25 04:00:00+00:00,0.19598,0.19733,0.17957,0.18467,128608241.0
2025-02-25 08:00:00+00:00,0.18467,0.18767,0.17545,0.18545,114582371.0
2025-02-25 12:00:00+00:00,0.18545,0.18955,0.1806,0.18519,108380839.0
2025-02-25 16:00:00+00:00,0.18519,0.19205,0.18131,0.19174,65385288.0
2025-02-25 20:00:00+00:00,0.19174,0.20118,0.19034,0.19816,69630488.0
2025-02-26 00:00:00+00:00,0.19816,0.20169,0.19295,0.19843,37218027.0
2025-02-26 04:00:00+00:00,0.19843,0.20019,0.19354,0.19553,31531404.0
2025-02-26 08:00:00+00:00,0.19553,0.20155,0.19355,0.19767,35084556.0
2025-02-26 12:00:00+00:00,0.19767,0.20087,0.18948,0.19778,85502301.0
2025-02-26 16:00:00+00:00,0.19778,0.20154,0.18836,0.1904,102900026.0
2025-02-26 20:00:00+00:00,0.1904,0.19988,0.1875,0.19607,61203156.0
2025-02-27 00:00:00+00:00,0.19607,0.20041,0.19382,0.19922,27588052.0
2025-02-27 04:00:00+00:00,0.19922,0.20248,0.1961,0.20149,17905954.0
2025-02-27 08:00:00+00:00,0.20149,0.204,0.19904,0.20129,30469425.0
2025-02-27 12:00:00+00:00,0.20129,0.20591,0.19825,0.20141,57584391.0
2025-02-27 16:00:00+00:00,0.20141,0.20231,0.19648,0.19748,31156837.0
2025-02-27 20:00:00+00:00,0.19748,0.20003,0.1939,0.19973,29395504.0
2025-02-28 00:00:00+00:00,0.19973,0.20414,0.18656,0.18701,91321031.0
2025-02-28 04:00:00+00:00,0.18701,0.18944,0.18113,0.18292,55922660.0
2025-02-28 08:00:00+00:00,0.18292,0.19033,0.17979,0.18817,41146263.0
2025-02-28 12:00:00+00:00,0.18817,0.20568,0.18604,0.20308,72595289.0
2025-02-28 16:00:00+00:00,0.20308,0.21464,0.20264,0.21402,62004091.0
2025-02-28 20:00:00+00:00,0.21402,0.21647,0.21169,0.21338,57725178.0
2025-03-01 00:00:00+00:00,0.21338,0.22699,0.21123,0.22545,70815266.0
2025-03-01 04:00:00+00:00,0.22545,0.23547,0.22451,0.22909,113311431.0
2025-03-01 08:00:00+00:00,0.22909,0.23871,0.22909,0.23352,147839376.0
2025-03-01 12:00:00+00:00,0.23352,0.2372,0.22464,0.23631,210659654.0
2025-03-01 16:00:00+00:00,0.23631,0.24983,0.23254,0.24845,207005288.0
2025-03-01 20:00:00+00:00,0.24845,0.2648,0.24354,0.25253,300846564.0
2025-03-02 00:00:00+00:00,0.25253,0.2555,0.24804,0.25101,151503203.0
2025-03-02 04:00:00+00:00,0.25101,0.25109,0.24449,0.24498,87602286.0
2025-03-02 08:00:00+00:00,0.24498,0.2515,0.24227,0.25071,111714938.0
2025-03-02 12:00:00+00:00,0.25071,0.2589,0.24233,0.24314,235895161.0
2025-03-02 16:00:00+00:00,0.24314,0.28554,0.2428,0.26285,494167535.0
2025-03-02 20:00:00+00:00,0.26285,0.26928,0.25915,0.26401,109558400.0
2025-03-03 00:00:00+00:00,0.26401,0.28781,0.25965,0.26168,224515450.0
2025-03-03 04:00:00+00:00,0.26168,0.26207,0.24781,0.25531,95402413.0
2025-03-03 08:00:00+00:00,0.25531,0.25544,0.24528,0.24977,97716433.0
2025-03-03 12:00:00+00:00,0.24977,0.25733,0.24455,0.24684,173516895.0
2025-03-03 16:00:00+00:00,0.24684,0.24948,0.22486,0.22535,181055721.0
2025-03-03 20:00:00+00:00,0.22535,0.22874,0.21986,0.22317,77270276.0
2025-03-04 00:00:00+00:00,0.22317,0.23565,0.22028,0.22569,225443744.0
2025-03-04 04:00:00+00:00,0.22569,0.23073,0.22248,0.22883,103954335.0
2025-03-04 08:00:00+00:00,0.22883,0.24335,0.22824,0.24095,118586818.0
2025-03-04 12:00:00+00:00,0.24095,0.24597,0.22611,0.23332,297733024.0
2025-03-04 16:00:00+00:00,0.23332,0.24746,0.22759,0.2452,155715262.0
2025-03-04 20:00:00+00:00,0.2452,0.24737,0.23619,0.24112,104227206.0
2025-03-05 00:00:00+00:00,0.24112,0.25697,0.23928,0.24699,107889029.0
2025-03-05 04:00:00+00:00,0.24699,0.25639,0.24508,0.25528,82441803.0
2025-03-05 08:00:00+00:00,0.25528,0.26486,0.25361,0.25421,146834284.0
2025-03-05 12:00:00+00:00,0.25421,0.25579,0.24393,0.24611,96805093.0
2025-03-05 16:00:00+00:00,0.24611,0.24966,0.24245,0.24812,91017100.0
2025-03-05 20:00:00+00:00,0.24812,0.25198,0.24782,0.24885,44515323.0
2025-03-06 00:00:00+00:00,0.24885,0.25169,0.24328,0.24916,72989219.0
2025-03-06 04:00:00+00:00,0.24916,0.25557,0.24601,0.24679,75387098.0
2025-03-06 08:00:00+00:00,0.24679,0.25118,0.245,0.2489,65117730.0
2025-03-06 12:00:00+00:00,0.2489,0.24899,0.23724,0.24233,104083654.0
2025-03-06 16:00:00+00:00,0.24233,0.24533,0.23431,0.23656,64657399.0
2025-03-06 20:00:00+00:00,0.23656,0.24017,0.23551,0.23746,27785518.0
2025-03-07 00:00:00+00:00,0.23746,0.24131,0.22422,0.23284,135991075.0
2025-03-07 04:00:00+00:00,0.23284,0.24997,0.23228,0.24667,97837557.0
2025-03-07 08:00:00+00:00,0.24667,0.255,0.24557,0.25211,79706684.0
2025-03-07 12:00:00+00:00,0.25211,0.25782,0.24227,0.24385,186175066.0
2025-03-07 16:00:00+00:00,0.24385,0.24622,0.23475,0.23876,93655604.0
2025-03-07 20:00:00+00:00,0.23876,0.24294,0.23104,0.23237,120155445.0
2025-03-08 00:00:00+00:00,0.23237,0.23553,0.22695,0.22911,42800194.0
2025-03-08 04:00:00+00:00,0.22911,0.23473,0.22812,0.23168,36208390.0
2025-03-08 08:00:00+00:00,0.23168,0.23181,0.2246,0.22578,34673159.0
2025-03-08 12:00:00+00:00,0.22578,0.22892,0.22423,0.2266,24914801.0
2025-03-08 16:00:00+00:00,0.2266,0.22973,0.22252,0.22943,42440108.0
2025-03-08 20:00:00+00:00,0.22943,0.2311,0.22606,0.22677,26447538.0
2025-03-09 00:00:00+00:00,0.22677,0.23117,0.22358,0.22428,37501391.0
2025-03-09 04:00:00+00:00,0.22428,0.22602,0.22242,0.22373,18910053.0
2025-03-09 08:00:00+00:00,0.22373,0.22375,0.21389,0.21551,54683591.0
2025-03-09 12:00:00+00:00,0.21551,0.2172,0.20903,0.20905,68671786.0
2025-03-09 16:00:00+00:00,0.20905,0.21071,0.19991,0.20291,76044018.0
2025-03-09 20:00:00+00:00,0.20291,0.20579,0.19816,0.1993,57041712.0
2025-03-10 00:00:00+00:00,0.1993,0.21124,0.19507,0.20891,92610749.0
2025-03-10 04:00:00+00:00,0.20891,0.21169,0.20726,0.20939,37909419.0
2025-03-10 08:00:00+00:00,0.20939,0.21811,0.20447,0.21271,88706898.0
2025-03-10 12:00:00+00:00,0.21271,0.21353,0.19692,0.20252,100233956.0
2025-03-10 16:00:00+00:00,0.20252,0.20321,0.18805,0.19318,102819561.0
2025-03-10 20:00:00+00:00,0.19318,0.19543,0.18898,0.18933,39710787.0
2025-03-11 00:00:00+00:00,0.18933,0.19249,0.17893,0.18846,120849752.0
2025-03-11 04:00:00+00:00,0.18846,0.19708,0.18755,0.1954,50594995.0
2025-03-11 08:00:00+00:00,0.1954,0.20295,0.19479,0.20123,52966680.0
2025-03-11 12:00:00+00:00,0.20123,0.20354,0.19027,0.1974,130687824.0
2025-03-11 16:00:00+00:00,0.1974,0.20411,0.19051,0.20071,134081474.0
2025-03-11 20:00:00+00:00,0.20071,0.20109,0.19436,0.19691,50579904.0
2025-03-12 00:00:00+00:00,0.19691,0.20485,0.1951,0.19817,85479076.0
2025-03-12 04:00:00+00:00,0.19817,0.20385,0.19608,0.20089,60312396.0
2025-03-12 08:00:00+00:00,0.20089,0.20469,0.19902,0.20273,77559037.0
2025-03-12 12:00:00+00:00,0.20273,0.21511,0.19281,0.19762,178085946.0
2025-03-12 16:00:00+00:00,0.19762,0.20126,0.19444,0.19766,71124956.0
2025-03-12 20:00:00+00:00,0.19766,0.2012,0.19622,0.20068,33913484.0
2025-03-13 00:00:00+00:00,0.20068,0.20123,0.19679,0.19768,56169599.0
2025-03-13 04:00:00+00:00,0.19768,0.19842,0.19318,0.19429,43113166.0
2025-03-13 08:00:00+00:00,0.19429,0.19954,0.19266,0.19942,45143589.0
2025-03-13 12:00:00+00:00,0.19942,0.20279,0.1904,0.19067,93479905.0
2025-03-13 16:00:00+00:00,0.19067,0.19114,0.1846,0.18534,59973687.0
2025-03-13 20:00:00+00:00,0.18534,0.19152,0.18396,0.18921,32871562.0
2025-03-14 00:00:00+00:00,0.18921,0.19287,0.18773,0.19006,35627718.0
2025-03-14 04:00:00+00:00,0.19006,0.19073,0.18816,0.18868,16530509.0
2025-03-14 08:00:00+00:00,0.18868,0.19383,0.18857,0.19236,33544944.0
2025-03-14 12:00:00+00:00,0.19236,0.19871,0.19079,0.19622,71820387.0
2025-03-14 16:00:00+00:00,0.19622,0.19776,0.19192,0.19252,36173350.0
2025-03-14 20:00:00+00:00,0.19252,0.19373,0.1891,0.19097,38644926.0
2025-03-15 00:00:00+00:00,0.19097,0.19706,0.19064,0.19429,40602592.0
2025-03-15 04:00:00+00:00,0.19429,0.19624,0.19032,0.19126,22323990.0
2025-03-15 08:00:00+00:00,0.19126,0.19421,0.19101,0.19378,15953833.0
2025-03-15 12:00:00+00:00,0.19378,0.19448,0.19207,0.19258,16737402.0
2025-03-15 16:00:00+00:00,0.19258,0.19311,0.18987,0.19165,26540335.0
2025-03-15 20:00:00+00:00,0.19165,0.19462,0.19152,0.19262,19539430.0
2025-03-16 00:00:00+00:00,0.19262,0.19491,0.18818,0.19117,31368093.0
2025-03-16 04:00:00+00:00,0.19117,0.1939,0.19074,0.19232,17819135.0
2025-03-16 08:00:00+00:00,0.19232,0.19283,0.18457,0.18535,49193547.0
2025-03-16 12:00:00+00:00,0.18535,0.18838,0.18478,0.18623,39019767.0
2025-03-16 16:00:00+00:00,0.18623,0.1913,0.18247,0.18363,57661054.0
2025-03-16 20:00:00+00:00,0.18363,0.18516,0.18147,0.18456,26627310.0
2025-03-17 00:00:00+00:00,0.18456,0.19393,0.18408,0.19336,39860235.0
2025-03-17 04:00:00+00:00,0.19336,0.19577,0.1893,0.19324,44131828.0
2025-03-17 08:00:00+00:00,0.19324,0.1936,0.1894,0.19051,26977449.0
2025-03-17 12:00:00+00:00,0.19051,0.19391,0.18927,0.19173,56718254.0
2025-03-17 16:00:00+00:00,0.19173,0.19484,0.19014,0.19303,34488615.0
2025-03-17 20:00:00+00:00,0.19303,0.1934,0.19033,0.19131,15740786.0
2025-03-18 00:00:00+00:00,0.19131,0.19155,0.18601,0.18643,24345332.0
2025-03-18 04:00:00+00:00,0.18643,0.18824,0.18466,0.18773,19467407.0
2025-03-18 08:00:00+00:00,0.18773,0.18905,0.18484,0.18527,19146770.0
2025-03-18 12:00:00+00:00,0.18527,0.1862,0.18224,0.18357,31042575.0
2025-03-18 16:00:00+00:00,0.18357,0.18566,0.18209,0.18543,13194927.0
2025-03-18 20:00:00+00:00,0.18543,0.18875,0.18412,0.18828,16341599.0
2025-03-19 00:00:00+00:00,0.18828,0.19093,0.18589,0.18828,23099219.0
2025-03-19 04:00:00+00:00,0.18828,0.18863,0.18658,0.18719,20350656.0
2025-03-19 08:00:00+00:00,0.18719,0.19302,0.18719,0.19241,30499556.0
2025-03-19 12:00:00+00:00,0.19241,0.1953,0.19025,0.19434,49676358.0
2025-03-19 16:00:00+00:00,0.19434,0.19606,0.18878,0.19409,66780889.0
2025-03-19 20:00:00+00:00,0.19409,0.19826,0.19366,0.1974,30162353.0
2025-03-20 00:00:00+00:00,0.1974,0.19896,0.19284,0.19386,32119034.0
2025-03-20 04:00:00+00:00,0.19386,0.19622,0.19235,0.19329,33418082.0
2025-03-20 08:00:00+00:00,0.19329,0.1956,0.19,0.19072,30580147.0
2025-03-20 12:00:00+00:00,0.19072,0.19453,0.1895,0.19004,44914677.0
2025-03-20 16:00:00+00:00,0.19004,0.19125,0.18723,0.1896,29227502.0
2025-03-20 20:00:00+00:00,0.1896,0.19052,0.18858,0.18981,10649324.0
2025-03-21 00:00:00+00:00,0.18981,0.1914,0.18648,0.18698,14942586.0
2025-03-21 04:00:00+00:00,0.18698,0.18803,0.1838,0.18558,25089720.0
2025-03-21 08:00:00+00:00,0.18558,0.18615,0.18352,0.18414,17133556.0
2025-03-21 12:00:00+00:00,0.18414,0.18503,0.18191,0.18269,34006598.0
2025-03-21 16:00:00+00:00,0.18269,0.18703,0.18199,0.18603,20940322.0
2025-03-21 20:00:00+00:00,0.18603,0.18715,0.18377,0.18445,13879332.0
2025-03-22 00:00:00+00:00,0.18445,0.18519,0.18255,0.18367,13608065.0
2025-03-22 04:00:00+00:00,0.18367,0.18532,0.18292,0.18453,14479157.0
2025-03-22 08:00:00+00:00,0.18453,0.18621,0.1839,0.18404,18743338.0
2025-03-22 12:00:00+00:00,0.18404,0.1841,0.18212,0.18331,32343007.0
2025-03-22 16:00:00+00:00,0.18331,0.18525,0.18303,0.18416,18270396.0
2025-03-22 20:00:00+00:00,0.18416,0.18453,0.18109,0.18255,26226084.0
2025-03-23 00:00:00+00:00,0.18255,0.18377,0.1817,0.18317,17997652.0
2025-03-23 04:00:00+00:00,0.18317,0.1835,0.18129,0.18345,42885004.0
2025-03-23 08:00:00+00:00,0.18345,0.18482,0.18323,0.18374,20174441.0
2025-03-23 12:00:00+00:00,0.18374,0.18504,0.18261,0.18382,24384224.0
2025-03-23 16:00:00+00:00,0.18382,0.18391,0.17946,0.18247,61008644.0
2025-03-23 20:00:00+00:00,0.18247,0.18594,0.18247,0.18582,29565097.0
2025-03-24 00:00:00+00:00,0.18582,0.18869,0.18369,0.18867,29685033.0
2025-03-24 04:00:00+00:00,0.18867,0.19223,0.18862,0.19017,33880096.0
2025-03-24 08:00:00+00:00,0.19017,0.19382,0.19017,0.1929,25530342.0
2025-03-24 12:00:00+00:00,0.1929,0.19549,0.19116,0.19264,34786281.0
2025-03-24 16:00:00+00:00,0.19264,0.19515,0.19095,0.19475,21905117.0
2025-03-24 20:00:00+00:00,0.19475,0.19554,0.1917,0.19299,23287653.0
2025-03-25 00:00:00+00:00,0.19299,0.19467,0.19102,0.19173,30434196.0
2025-03-25 04:00:00+00:00,0.19173,0.19524,0.19107,0.19394,22652638.0
2025-03-25 08:00:00+00:00,0.19394,0.19821,0.19394,0.19803,25425890.0
2025-03-25 12:00:00+00:00,0.19803,0.2014,0.19721,0.19751,55270902.0
2025-03-25 16:00:00+00:00,0.19751,0.19819,0.19509,0.19543,22869803.0
2025-03-25 20:00:00+00:00,0.19543,0.19682,0.19303,0.19458,24054195.0
2025-03-26 00:00:00+00:00,0.19458,0.19706,0.1933,0.19391,25369347.0
2025-03-26 04:00:00+00:00,0.19391,0.19988,0.19328,0.19916,24079254.0
2025-03-26 08:00:00+00:00,0.19916,0.20062,0.1977,0.19991,26609106.0
2025-03-26 12:00:00+00:00,0.19991,0.20086,0.19158,0.19342,60757094.0
2025-03-26 16:00:00+00:00,0.19342,0.19565,0.18938,0.19146,45266272.0
2025-03-26 20:00:00+00:00,0.19146,0.19438,0.19007,0.1916,27355686.0
2025-03-27 00:00:00+00:00,0.1916,0.19696,0.19135,0.19611,25886634.0
2025-03-27 04:00:00+00:00,0.19611,0.19626,0.19299,0.19312,11882648.0
2025-03-27 08:00:00+00:00,0.19312,0.194,0.18959,0.18984,24667014.0
2025-03-27 12:00:00+00:00,0.18984,0.19336,0.18764,0.19207,44920910.0
2025-03-27 16:00:00+00:00,0.19207,0.19331,0.19044,0.19238,22633936.0
2025-03-27 20:00:00+00:00,0.19238,0.196,0.19238,0.19345,17780973.0
2025-03-28 00:00:00+00:00,0.19345,0.19467,0.18987,0.19045,23355338.0
2025-03-28 04:00:00+00:00,0.19045,0.19055,0.18289,0.18295,61373158.0
2025-03-28 08:00:00+00:00,0.18295,0.18464,0.1817,0.18463,30333351.0
2025-03-28 12:00:00+00:00,0.18463,0.1855,0.18119,0.18197,39743846.0
2025-03-28 16:00:00+00:00,0.18197,0.18256,0.17958,0.1804,35894051.0
2025-03-28 20:00:00+00:00,0.1804,0.18276,0.17985,0.18211,26596227.0
2025-03-29 00:00:00+00:00,0.18211,0.18331,0.1772,0.18006,36340765.0
2025-03-29 04:00:00+00:00,0.18006,0.18009,0.17351,0.17471,39120265.0
2025-03-29 08:00:00+00:00,0.17471,0.17577,0.16843,0.1701,59554914.0
2025-03-29 12:00:00+00:00,0.1701,0.17194,0.16831,0.16875,46774927.0
2025-03-29 16:00:00+00:00,0.16875,0.17094,0.16642,0.17092,58857838.0
2025-03-29 20:00:00+00:00,0.17092,0.17207,0.16808,0.17191,17618705.0
2025-03-30 00:00:00+00:00,0.17191,0.17527,0.17047,0.17369,24065497.0
2025-03-30 04:00:00+00:00,0.17369,0.17492,0.17135,0.17202,24886826.0
2025-03-30 08:00:00+00:00,0.17202,0.17354,0.17048,0.17146,20648893.0
2025-03-30 12:00:00+00:00,0.17146,0.17217,0.16885,0.16975,16514810.0
2025-03-30 16:00:00+00:00,0.16975,0.17229,0.16793,0.17013,21301429.0
2025-03-30 20:00:00+00:00,0.17013,0.17075,0.16655,0.16757,32602561.0
2025-03-31 00:00:00+00:00,0.16757,0.16813,0.16173,0.16215,38059488.0
2025-03-31 04:00:00+00:00,0.16215,0.16444,0.15815,0.15917,39739319.0
2025-03-31 08:00:00+00:00,0.15917,0.16083,0.15623,0.15999,55301209.0
2025-03-31 12:00:00+00:00,0.15999,0.16617,0.15853,0.16474,69500816.0
2025-03-31 16:00:00+00:00,0.16474,0.1664,0.16178,0.16323,36857879.0
2025-03-31 20:00:00+00:00,0.16323,0.16445,0.16216,0.16306,16129031.0
2025-04-01 00:00:00+00:00,0.16306,0.16525,0.16168,0.16388,20602748.0
2025-04-01 04:00:00+00:00,0.16388,0.16722,0.16303,0.16544,39503722.0
2025-04-01 08:00:00+00:00,0.16544,0.17374,0.16539,0.16812,77155859.0
2025-04-01 12:00:00+00:00,0.16812,0.17557,0.16722,0.17462,62204565.0
2025-04-01 16:00:00+00:00,0.17462,0.1759,0.16971,0.17036,32693639.0
2025-04-01 20:00:00+00:00,0.17036,0.1722,0.16921,0.17007,18679851.0
2025-04-02 00:00:00+00:00,0.17007,0.17067,0.16442,0.16622,19857186.0
2025-04-02 04:00:00+00:00,0.16622,0.16668,0.16233,0.16464,34690943.0
2025-04-02 08:00:00+00:00,0.16464,0.16955,0.1643,0.16616,30318731.0
2025-04-02 12:00:00+00:00,0.16616,0.17421,0.16432,0.17212,45672153.0
2025-04-02 16:00:00+00:00,0.17212,0.17435,0.16896,0.17377,131751849.0
2025-04-02 20:00:00+00:00,0.17377,0.18049,0.15777,0.1612,152377512.0
2025-04-03 00:00:00+00:00,0.1612,0.16668,0.16019,0.16563,40013148.0
2025-04-03 04:00:00+00:00,0.16563,0.16626,0.16148,0.16335,27805952.0
2025-04-03 08:00:00+00:00,0.16335,0.16423,0.15878,0.15913,27781440.0
2025-04-03 12:00:00+00:00,0.15913,0.16061,0.15319,0.15985,124168609.0
2025-04-03 16:00:00+00:00,0.15985,0.16182,0.15683,0.16113,59731542.0
2025-04-03 20:00:00+00:00,0.16113,0.16494,0.16002,0.16255,25368595.0
2025-04-04 00:00:00+00:00,0.16255,0.16469,0.16044,0.16133,19387208.0
2025-04-04 04:00:00+00:00,0.16133,0.16479,0.16005,0.1644,25944194.0
2025-04-04 08:00:00+00:00,0.1644,0.16609,0.15702,0.15974,45691910.0
2025-04-04 12:00:00+00:00,0.15974,0.16752,0.15762,0.16405,97692196.0
2025-04-04 16:00:00+00:00,0.16405,0.16789,0.16293,0.16567,34751890.0
2025-04-04 20:00:00+00:00,0.16567,0.16643,0.16329,0.16414,18421050.0
2025-04-05 00:00:00+00:00,0.16414,0.165,0.16276,0.16281,10576921.0
2025-04-05 04:00:00+00:00,0.16281,0.16364,0.16168,0.16231,11188359.0
2025-04-05 08:00:00+00:00,0.16231,0.1636,0.16182,0.1622,12773023.0
2025-04-05 12:00:00+00:00,0.1622,0.16251,0.15873,0.15982,31329686.0
2025-04-05 16:00:00+00:00,0.15982,0.16164,0.15959,0.1608,11371098.0
2025-04-05 20:00:00+00:00,0.1608,0.16234,0.1601,0.16196,8513432.0
2025-04-06 00:00:00+00:00,0.16196,0.16278,0.15984,0.1603,10755915.0
2025-04-06 04:00:00+00:00,0.1603,0.16064,0.15743,0.15748,17012607.0
2025-04-06 08:00:00+00:00,0.15748,0.15863,0.15566,0.15622,23090199.0
2025-04-06 12:00:00+00:00,0.15622,0.15665,0.15302,0.15445,32843232.0
2025-04-06 16:00:00+00:00,0.15445,0.1545,0.14156,0.14378,93034408.0
2025-04-06 20:00:00+00:00,0.14378,0.14456,0.13554,0.13992,66716121.0
2025-04-07 00:00:00+00:00,0.13992,0.1439,0.13377,0.13539,55687408.0
2025-04-07 04:00:00+00:00,0.13539,0.13736,0.12479,0.12849,123142801.0
2025-04-07 08:00:00+00:00,0.12849,0.13927,0.1279,0.13609,73898042.0
2025-04-07 12:00:00+00:00,0.13609,0.15431,0.13537,0.14404,197864370.0
2025-04-07 16:00:00+00:00,0.14404,0.15049,0.14346,0.14755,65596540.0
2025-04-07 20:00:00+00:00,0.14755,0.15444,0.14755,0.15236,48339398.0
2025-04-08 00:00:00+00:00,0.15236,0.1555,0.15082,0.1551,67749087.0
2025-04-08 04:00:00+00:00,0.1551,0.15986,0.15467,0.15743,109437322.0
2025-04-08 08:00:00+00:00,0.15743,0.1634,0.15459,0.16322,122388792.0
2025-04-08 12:00:00+00:00,0.16322,0.16693,0.15791,0.15895,168034260.0
2025-04-08 16:00:00+00:00,0.15895,0.15914,0.14764,0.14963,207443713.0
2025-04-08 20:00:00+00:00,0.14963,0.15055,0.14526,0.14596,125587622.0
2025-04-09 00:00:00+00:00,0.14596,0.14837,0.14234,0.14372,146061711.0
2025-04-09 04:00:00+00:00,0.14372,0.15573,0.14336,0.15417,140131956.0
2025-04-09 08:00:00+00:00,0.15417,0.15487,0.14696,0.14773,129539027.0
2025-04-09 12:00:00+00:00,0.14773,0.15389,0.14614,0.1496,143724054.0
2025-04-09 16:00:00+00:00,0.1496,0.17699,0.14818,0.1706,347655354.0
2025-04-09 20:00:00+00:00,0.1706,0.17225,0.16831,0.16867,59616244.0
2025-04-10 00:00:00+00:00,0.16867,0.17017,0.16376,0.16574,48214573.0
2025-04-10 04:00:00+00:00,0.16574,0.17246,0.16339,0.1696,65340747.0
2025-04-10 08:00:00+00:00,0.1696,0.17158,0.16855,0.17134,46122428.0
2025-04-10 12:00:00+00:00,0.17134,0.17888,0.16547,0.16579,171470925.0
2025-04-10 16:00:00+00:00,0.16579,0.17081,0.16536,0.16951,97904715.0
2025-04-10 20:00:00+00:00,0.16951,0.17149,0.16682,0.16775,34139287.0
2025-04-11 00:00:00+00:00,0.16775,0.17264,0.16669,0.17045,73666446.0
2025-04-11 04:00:00+00:00,0.17045,0.17408,0.16937,0.17319,57614418.0
2025-04-11 08:00:00+00:00,0.17319,0.1765,0.17051,0.17134,70416846.0
2025-04-11 12:00:00+00:00,0.17134,0.17354,0.16552,0.16648,168214046.0
2025-04-11 16:00:00+00:00,0.16648,0.17015,0.16466,0.16795,85312253.0
2025-04-11 20:00:00+00:00,0.16795,0.17097,0.16639,0.1673,52333025.0
2025-04-12 00:00:00+00:00,0.1673,0.16872,0.16538,0.16607,34789225.0
2025-04-12 04:00:00+00:00,0.16607,0.16914,0.16537,0.16823,24216513.0
2025-04-12 08:00:00+00:00,0.16823,0.1712,0.16779,0.16837,38560254.0
2025-04-12 12:00:00+00:00,0.16837,0.17623,0.16802,0.1723,86785245.0
2025-04-12 16:00:00+00:00,0.1723,0.17363,0.17042,0.17214,41420684.0
2025-04-12 20:00:00+00:00,0.17214,0.1786,0.17193,0.17697,44587274.0
2025-04-13 00:00:00+00:00,0.17697,0.17725,0.1731,0.17497,32336832.0
2025-04-13 04:00:00+00:00,0.17497,0.17517,0.17064,0.17107,25203185.0
2025-04-13 08:00:00+00:00,0.17107,0.1757,0.17042,0.17159,38528994.0
2025-04-13 12:00:00+00:00,0.17159,0.17288,0.16658,0.1674,46407983.0
2025-04-13 16:00:00+00:00,0.1674,0.1713,0.1642,0.16585,59335994.0
2025-04-13 20:00:00+00:00,0.16585,0.16754,0.16332,0.16518,52528652.0
2025-04-14 00:00:00+00:00,0.16518,0.1727,0.16493,0.16773,48700956.0
2025-04-14 04:00:00+00:00,0.16773,0.17126,0.16491,0.16687,47005155.0
2025-04-14 08:00:00+00:00,0.16687,0.17073,0.16618,0.16955,67507472.0
2025-04-14 12:00:00+00:00,0.16955,0.17129,0.16223,0.16301,79454024.0
2025-04-14 16:00:00+00:00,0.16301,0.16842,0.16298,0.16771,66595750.0
2025-04-14 20:00:00+00:00,0.16771,0.16779,0.16413,0.16513,24722462.0
2025-04-15 00:00:00+00:00,0.16513,0.16775,0.16367,0.16765,56502362.0
2025-04-15 04:00:00+00:00,0.16765,0.16811,0.16592,0.16667,16759032.0
2025-04-15 08:00:00+00:00,0.16667,0.16823,0.16407,0.16458,33769554.0
2025-04-15 12:00:00+00:00,0.16458,0.16693,0.16192,0.16322,76413412.0
2025-04-15 16:00:00+00:00,0.16322,0.16395,0.15842,0.15937,71401366.0
2025-04-15 20:00:00+00:00,0.15937,0.16047,0.15651,0.15689,31901005.0
2025-04-16 00:00:00+00:00,0.15689,0.15859,0.15579,0.15732,22371289.0
2025-04-16 04:00:00+00:00,0.15732,0.15869,0.15525,0.1559,25072935.0
2025-04-16 08:00:00+00:00,0.1559,0.15867,0.15509,0.15808,41729889.0
2025-04-16 12:00:00+00:00,0.15808,0.16071,0.15594,0.15853,41375285.0
2025-04-16 16:00:00+00:00,0.15853,0.16068,0.15386,0.15887,72203267.0
2025-04-16 20:00:00+00:00,0.15887,0.16043,0.15672,0.15741,25643354.0
2025-04-17 00:00:00+00:00,0.15741,0.15845,0.15619,0.15697,17290195.0
2025-04-17 04:00:00+00:00,0.15697,0.16114,0.15631,0.15968,27125715.0
2025-04-17 08:00:00+00:00,0.15968,0.16016,0.15782,0.15939,25472101.0
2025-04-17 12:00:00+00:00,0.15939,0.16211,0.15829,0.16103,41198875.0
2025-04-17 16:00:00+00:00,0.16103,0.16585,0.16037,0.16276,48439076.0
2025-04-17 20:00:00+00:00,0.16276,0.16478,0.16253,0.1629,19221002.0
2025-04-18 00:00:00+00:00,0.1629,0.16504,0.16181,0.16364,21834144.0
2025-04-18 04:00:00+00:00,0.16364,0.16591,0.16241,0.16535,25636659.0
2025-04-18 08:00:00+00:00,0.16535,0.16655,0.16474,0.16565,24267572.0
2025-04-18 12:00:00+00:00,0.16565,0.16651,0.16353,0.16409,18018735.0
2025-04-18 16:00:00+00:00,0.16409,0.16622,0.16383,0.16561,20461021.0
2025-04-18 20:00:00+00:00,0.16561,0.16632,0.16403,0.16506,19791970.0
2025-04-19 00:00:00+00:00,0.16506,0.16773,0.16496,0.16676,18222743.0
2025-04-19 04:00:00+00:00,0.16676,0.16764,0.16546,0.1663,19377132.0
2025-04-19 08:00:00+00:00,0.1663,0.16736,0.16536,0.16579,16046295.0
2025-04-19 12:00:00+00:00,0.16579,0.16603,0.16423,0.16513,20242530.0
2025-04-19 16:00:00+00:00,0.16513,0.16738,0.1644,0.1658,13116722.0
2025-04-19 20:00:00+00:00,0.1658,0.16745,0.16573,0.16683,13600355.0
2025-04-20 00:00:00+00:00,0.16683,0.16786,0.16592,0.16593,12424269.0
2025-04-20 04:00:00+00:00,0.16593,0.16667,0.16365,0.16439,20026072.0
2025-04-20 08:00:00+00:00,0.16439,0.16448,0.16076,0.16167,24257512.0
2025-04-20 12:00:00+00:00,0.16167,0.16439,0.16075,0.16328,20352907.0
2025-04-20 16:00:00+00:00,0.16328,0.16692,0.16328,0.16691,27261328.0
2025-04-20 20:00:00+00:00,0.16691,0.1688,0.16463,0.16584,19048406.0
2025-04-21 00:00:00+00:00,0.16584,0.17283,0.16584,0.17057,44400622.0
2025-04-21 04:00:00+00:00,0.17057,0.17304,0.17006,0.17272,25669946.0
2025-04-21 08:00:00+00:00,0.17272,0.17391,0.16993,0.17011,37341001.0
2025-04-21 12:00:00+00:00,0.17011,0.1726,0.16858,0.17106,55398448.0
2025-04-21 16:00:00+00:00,0.17106,0.17178,0.166,0.17176,47623669.0
2025-04-21 20:00:00+00:00,0.17176,0.17196,0.1681,0.16915,22907395.0
2025-04-22 00:00:00+00:00,0.16915,0.17136,0.16748,0.1701,29201758.0
2025-04-22 04:00:00+00:00,0.1701,0.17378,0.16976,0.17369,31581482.0
2025-04-22 08:00:00+00:00,0.17369,0.17393,0.17136,0.17278,29862927.0
2025-04-22 12:00:00+00:00,0.17278,0.17847,0.17256,0.17708,59284735.0
2025-04-22 16:00:00+00:00,0.17708,0.17807,0.17546,0.17697,30309617.0
2025-04-22 20:00:00+00:00,0.17697,0.18214,0.175,0.18114,58415076.0
2025-04-23 00:00:00+00:00,0.18114,0.18266,0.17881,0.18222,36014853.0
2025-04-23 04:00:00+00:00,0.18222,0.18617,0.18131,0.18614,43277844.0
2025-04-23 08:00:00+00:00,0.18614,0.18961,0.1842,0.18496,72780444.0
2025-04-23 12:00:00+00:00,0.18496,0.18959,0.17732,0.18152,120569174.0
2025-04-23 16:00:00+00:00,0.18152,0.1839,0.17887,0.1804,62071456.0
2025-04-23 20:00:00+00:00,0.1804,0.18154,0.17911,0.18023,31100745.0
2025-04-24 00:00:00+00:00,0.18023,0.18091,0.17576,0.17579,41080099.0
2025-04-24 04:00:00+00:00,0.17579,0.18064,0.17561,0.17685,39462848.0
2025-04-24 08:00:00+00:00,0.17685,0.17944,0.17527,0.17881,34200654.0
2025-04-24 12:00:00+00:00,0.17881,0.189,0.17815,0.18762,88234407.0
2025-04-24 16:00:00+00:00,0.18762,0.18882,0.18307,0.18709,52052047.0
2025-04-24 20:00:00+00:00,0.18709,0.18852,0.18516,0.18828,25967945.0
2025-04-25 00:00:00+00:00,0.18828,0.18914,0.1839,0.18606,29557820.0
2025-04-25 04:00:00+00:00,0.18606,0.19318,0.18505,0.19303,52764247.0
2025-04-25 08:00:00+00:00,0.19303,0.19927,0.1925,0.19753,74107644.0
2025-04-25 12:00:00+00:00,0.19753,0.20231,0.1943,0.19877,96669350.0
2025-04-25 16:00:00+00:00,0.19877,0.19988,0.19467,0.19574,59316363.0
2025-04-25 20:00:00+00:00,0.19574,0.19585,0.19165,0.19242,31470120.0
2025-04-26 00:00:00+00:00,0.19242,0.19624,0.19242,0.19548,33070447.0
2025-04-26 04:00:00+00:00,0.19548,0.19792,0.19355,0.19612,32827110.0
2025-04-26 08:00:00+00:00,0.19612,0.197,0.19022,0.19082,30761915.0
2025-04-26 12:00:00+00:00,0.19082,0.19319,0.18977,0.19287,23262046.0
2025-04-26 16:00:00+00:00,0.19287,0.19356,0.19082,0.19184,15728592.0
2025-04-26 20:00:00+00:00,0.19184,0.19267,0.19016,0.19148,14120919.0
2025-04-27 00:00:00+00:00,0.19148,0.19395,0.18769,0.19024,31531456.0
2025-04-27 04:00:00+00:00,0.19024,0.19081,0.18666,0.18879,16182267.0
2025-04-27 08:00:00+00:00,0.18879,0.19025,0.18831,0.18834,13018569.0
2025-04-27 12:00:00+00:00,0.18834,0.19114,0.18555,0.1864,33365833.0
2025-04-27 16:00:00+00:00,0.1864,0.19154,0.18481,0.19138,27384776.0
2025-04-27 20:00:00+00:00,0.19138,0.19298,0.18908,0.19013,28122716.0
2025-04-28 00:00:00+00:00,0.19013,0.19422,0.18538,0.19236,40011960.0
2025-04-28 04:00:00+00:00,0.19236,0.19908,0.19158,0.19663,55455022.0
2025-04-28 08:00:00+00:00,0.19663,0.19849,0.19485,0.19592,51305393.0
2025-04-28 12:00:00+00:00,0.19592,0.19651,0.1878,0.18868,58422553.0
2025-04-28 16:00:00+00:00,0.18868,0.19288,0.18688,0.19094,30579587.0
2025-04-28 20:00:00+00:00,0.19094,0.19185,0.18918,0.19065,25037207.0
2025-04-29 00:00:00+00:00,0.19065,0.19181,0.18811,0.18931,18633468.0
2025-04-29 04:00:00+00:00,0.18931,0.191,0.18701,0.19073,19347874.0
2025-04-29 08:00:00+00:00,0.19073,0.19108,0.18776,0.18874,23270228.0
2025-04-29 12:00:00+00:00,0.18874,0.18928,0.1858,0.18795,26405976.0
2025-04-29 16:00:00+00:00,0.18795,0.19095,0.18759,0.18876,21122720.0
2025-04-29 20:00:00+00:00,0.18876,0.18915,0.18278,0.1859,33167558.0
2025-04-30 00:00:00+00:00,0.1859,0.18846,0.18529,0.18824,11895333.0
2025-04-30 04:00:00+00:00,0.18824,0.18846,0.18401,0.18459,14613764.0
2025-04-30 08:00:00+00:00,0.18459,0.18687,0.1805,0.18595,29057113.0
2025-04-30 12:00:00+00:00,0.18595,0.18595,0.17572,0.18091,67548949.0
2025-04-30 16:00:00+00:00,0.18091,0.18359,0.17966,0.18301,19971654.0
2025-04-30 20:00:00+00:00,0.18301,0.18475,0.18168,0.18198,11260362.0
2025-05-01 00:00:00+00:00,0.18198,0.18439,0.18106,0.18282,11921349.0
2025-05-01 04:00:00+00:00,0.18282,0.18371,0.18166,0.18258,11207428.0
2025-05-01 08:00:00+00:00,0.18258,0.1898,0.18217,0.18926,28333278.0
2025-05-01 12:00:00+00:00,0.18926,0.19153,0.18668,0.18915,28806427.0
2025-05-01 16:00:00+00:00,0.18915,0.19176,0.18673,0.18753,23170327.0
2025-05-01 20:00:00+00:00,0.18753,0.18874,0.18541,0.18584,18991582.0
2025-05-02 00:00:00+00:00,0.18584,0.19053,0.18522,0.18794,19734801.0
2025-05-02 04:00:00+00:00,0.18794,0.18835,0.1851,0.18548,16557046.0
2025-05-02 08:00:00+00:00,0.18548,0.18826,0.18527,0.18568,14723234.0
2025-05-02 12:00:00+00:00,0.18568,0.18957,0.18432,0.18665,28422327.0
2025-05-02 16:00:00+00:00,0.18665,0.18872,0.18355,0.184,31500695.0
2025-05-02 20:00:00+00:00,0.184,0.18692,0.18364,0.18692,18292582.0
2025-05-03 00:00:00+00:00,0.18692,0.18737,0.18391,0.18426,15673354.0
2025-05-03 04:00:00+00:00,0.18426,0.18464,0.1829,0.18326,8109340.0
2025-05-03 08:00:00+00:00,0.18326,0.18436,0.18084,0.18131,18984474.0
2025-05-03 12:00:00+00:00,0.18131,0.18422,0.18129,0.18351,12489364.0
2025-05-03 16:00:00+00:00,0.18351,0.18361,0.179,0.18268,24314535.0
2025-05-03 20:00:00+00:00,0.18268,0.18283,0.17997,0.18006,11378471.0
2025-05-04 00:00:00+00:00,0.18006,0.18474,0.17947,0.1798,21097430.0
2025-05-04 04:00:00+00:00,0.1798,0.18138,0.17933,0.18015,9868334.0
2025-05-04 08:00:00+00:00,0.18015,0.18037,0.17658,0.17873,37846854.0
2025-05-04 12:00:00+00:00,0.17873,0.17957,0.17607,0.17768,19564108.0
2025-05-04 16:00:00+00:00,0.17768,0.17796,0.17563,0.1775,21223806.0
2025-05-04 20:00:00+00:00,0.1775,0.17868,0.1754,0.17599,19101971.0
2025-05-05 00:00:00+00:00,0.17599,0.17764,0.17371,0.17479,22962103.0
2025-05-05 04:00:00+00:00,0.17479,0.17841,0.17445,0.17727,16822749.0
2025-05-05 08:00:00+00:00,0.17727,0.17788,0.17289,0.17344,26420415.0
2025-05-05 12:00:00+00:00,0.17344,0.1745,0.17206,0.17289,24873595.0
2025-05-05 16:00:00+00:00,0.17289,0.1768,0.17284,0.17464,20201800.0
2025-05-05 20:00:00+00:00,0.17464,0.1748,0.17155,0.17334,18960150.0
2025-05-06 00:00:00+00:00,0.17334,0.17418,0.17077,0.1741,19579117.0
2025-05-06 04:00:00+00:00,0.1741,0.17482,0.17334,0.17339,8265316.0
2025-05-06 08:00:00+00:00,0.17339,0.1734,0.16956,0.17024,29593709.0
2025-05-06 12:00:00+00:00,0.17024,0.17293,0.16927,0.17189,24948013.0
2025-05-06 16:00:00+00:00,0.17189,0.17549,0.17124,0.17532,20571073.0
2025-05-06 20:00:00+00:00,0.17532,0.17759,0.17211,0.1769,49310272.0
2025-05-07 00:00:00+00:00,0.1769,0.178,0.17486,0.17593,17333538.0
2025-05-07 04:00:00+00:00,0.17593,0.17771,0.17468,0.17766,16018329.0
2025-05-07 08:00:00+00:00,0.17766,0.17807,0.17626,0.17709,17003159.0
2025-05-07 12:00:00+00:00,0.17709,0.17759,0.17359,0.17373,24935071.0
2025-05-07 16:00:00+00:00,0.17373,0.17593,0.17244,0.17425,27149487.0
2025-05-07 20:00:00+00:00,0.17425,0.17656,0.17323,0.17557,11467018.0
2025-05-08 00:00:00+00:00,0.17557,0.18187,0.17478,0.18187,22403360.0
2025-05-08 04:00:00+00:00,0.18187,0.18525,0.18183,0.18395,26811453.0
2025-05-08 08:00:00+00:00,0.18395,0.18848,0.18391,0.18558,38427200.0
2025-05-08 12:00:00+00:00,0.18558,0.19438,0.18543,0.1914,69363887.0
2025-05-08 16:00:00+00:00,0.1914,0.19368,0.18807,0.19125,71628218.0
2025-05-08 20:00:00+00:00,0.19125,0.19694,0.1905,0.19523,34303814.0
2025-05-09 00:00:00+00:00,0.19523,0.19637,0.19274,0.19315,31097520.0
2025-05-09 04:00:00+00:00,0.19315,0.20129,0.19292,0.19977,47733504.0
2025-05-09 08:00:00+00:00,0.19977,0.20649,0.1975,0.20033,120863835.0
2025-05-09 12:00:00+00:00,0.20033,0.20368,0.198,0.19977,68705103.0
2025-05-09 16:00:00+00:00,0.19977,0.20192,0.19577,0.20065,50562916.0
2025-05-09 20:00:00+00:00,0.20065,0.20369,0.20015,0.20249,26310760.0
2025-05-10 00:00:00+00:00,0.20249,0.20575,0.20026,0.20413,36820033.0
2025-05-10 04:00:00+00:00,0.20413,0.20921,0.20259,0.20811,36691783.0
2025-05-10 08:00:00+00:00,0.20811,0.21124,0.20359,0.20531,54864291.0
2025-05-10 12:00:00+00:00,0.20531,0.20957,0.2051,0.20795,31394481.0
2025-05-10 16:00:00+00:00,0.20795,0.21614,0.2077,0.21244,80879839.0
2025-05-10 20:00:00+00:00,0.21244,0.21977,0.21089,0.21921,38518601.0
2025-05-11 00:00:00+00:00,0.21921,0.22077,0.21213,0.21336,86404651.0
2025-05-11 04:00:00+00:00,0.21336,0.21426,0.20345,0.20477,75872042.0
2025-05-11 08:00:00+00:00,0.20477,0.20892,0.20373,0.20875,35487857.0
2025-05-11 12:00:00+00:00,0.20875,0.20928,0.202,0.2038,53218892.0
2025-05-11 16:00:00+00:00,0.2038,0.20685,0.20104,0.20483,59517711.0
2025-05-11 20:00:00+00:00,0.20483,0.20716,0.20404,0.20681,18954346.0
2025-05-12 00:00:00+00:00,0.20681,0.21103,0.20445,0.20902,52281839.0
2025-05-12 04:00:00+00:00,0.20902,0.21813,0.20631,0.21438,66690110.0
2025-05-12 08:00:00+00:00,0.21438,0.21712,0.21063,0.21144,70288251.0
2025-05-12 12:00:00+00:00,0.21144,0.22869,0.21111,0.21792,262926663.0
2025-05-12 16:00:00+00:00,0.21792,0.22516,0.20673,0.21294,133174487.0
2025-05-12 20:00:00+00:00,0.21294,0.21771,0.21076,0.21496,41893131.0
2025-05-13 00:00:00+00:00,0.21496,0.21528,0.20101,0.20119,80044376.0
2025-05-13 04:00:00+00:00,0.20119,0.20898,0.20036,0.2066,42593292.0
2025-05-13 08:00:00+00:00,0.2066,0.21181,0.20624,0.20933,40614065.0
2025-05-13 12:00:00+00:00,0.20933,0.21205,0.20629,0.21036,62323301.0
2025-05-13 16:00:00+00:00,0.21036,0.21848,0.21031,0.21689,55373223.0
2025-05-13 20:00:00+00:00,0.21689,0.2178,0.21456,0.21612,34180310.0
2025-05-14 00:00:00+00:00,0.21612,0.21674,0.21035,0.21273,60561951.0
2025-05-14 04:00:00+00:00,0.21273,0.21618,0.21099,0.21457,44595152.0
2025-05-14 08:00:00+00:00,0.21457,0.21592,0.20779,0.21114,84388624.0
2025-05-14 12:00:00+00:00,0.21114,0.21138,0.20354,0.20676,108758030.0
2025-05-14 16:00:00+00:00,0.20676,0.20788,0.20371,0.20739,45255190.0
2025-05-14 20:00:00+00:00,0.20739,0.20891,0.20429,0.20595,25034919.0
2025-05-15 00:00:00+00:00,0.20595,0.20772,0.20216,0.20306,29368976.0
2025-05-15 04:00:00+00:00,0.20306,0.20497,0.19706,0.19758,55323901.0
2025-05-15 08:00:00+00:00,0.19758,0.20143,0.1965,0.19955,55638361.0
2025-05-15 12:00:00+00:00,0.19955,0.20104,0.19325,0.19955,82483998.0
2025-05-15 16:00:00+00:00,0.19955,0.20311,0.19604,0.19915,43504268.0
2025-05-15 20:00:00+00:00,0.19915,0.20056,0.19373,0.19794,37391918.0
2025-05-16 00:00:00+00:00,0.19794,0.20123,0.196,0.20053,28375745.0
2025-05-16 04:00:00+00:00,0.20053,0.20119,0.19849,0.19974,16033214.0
2025-05-16 08:00:00+00:00,0.19974,0.20156,0.19603,0.20081,27071854.0
2025-05-16 12:00:00+00:00,0.20081,0.20182,0.19771,0.19954,33935410.0
2025-05-16 16:00:00+00:00,0.19954,0.20042,0.19703,0.19944,19242809.0
2025-05-16 20:00:00+00:00,0.19944,0.19944,0.19355,0.19542,29835650.0
2025-05-17 00:00:00+00:00,0.19542,0.19579,0.18944,0.19395,41980433.0
2025-05-17 04:00:00+00:00,0.19395,0.19533,0.19251,0.19394,16955610.0
2025-05-17 08:00:00+00:00,0.19394,0.19462,0.18982,0.1916,23586765.0
2025-05-17 12:00:00+00:00,0.1916,0.19188,0.18776,0.18969,30015149.0
2025-05-17 16:00:00+00:00,0.18969,0.19054,0.1868,0.1888,27112496.0
2025-05-17 20:00:00+00:00,0.1888,0.1919,0.18835,0.1909,15829226.0
2025-05-18 00:00:00+00:00,0.1909,0.19276,0.19035,0.19115,12849100.0
2025-05-18 04:00:00+00:00,0.19115,0.19471,0.19112,0.19448,17894428.0
2025-05-18 08:00:00+00:00,0.19448,0.19556,0.19336,0.19339,14928424.0
2025-05-18 12:00:00+00:00,0.19339,0.19994,0.19232,0.19979,32923042.0
2025-05-18 16:00:00+00:00,0.19979,0.20065,0.18925,0.18933,57229615.0
2025-05-18 20:00:00+00:00,0.18933,0.1974,0.18642,0.19673,41812993.0
2025-05-19 00:00:00+00:00,0.19673,0.19774,0.18924,0.18946,30478746.0
2025-05-19 04:00:00+00:00,0.18946,0.19058,0.18561,0.18796,44529888.0
2025-05-19 08:00:00+00:00,0.18796,0.18866,0.18619,0.18768,20245157.0
2025-05-19 12:00:00+00:00,0.18768,0.1917,0.18413,0.19085,36008404.0
2025-05-19 16:00:00+00:00,0.19085,0.19391,0.18916,0.19204,24146126.0
2025-05-19 20:00:00+00:00,0.19204,0.19398,0.19062,0.19364,15350021.0
2025-05-20 00:00:00+00:00,0.19364,0.19832,0.193,0.19557,26423495.0
2025-05-20 04:00:00+00:00,0.19557,0.19717,0.19426,0.19488,17652939.0
2025-05-20 08:00:00+00:00,0.19488,0.19551,0.19246,0.1938,20751728.0
2025-05-20 12:00:00+00:00,0.1938,0.19487,0.19123,0.19401,56058942.0
2025-05-20 16:00:00+00:00,0.19401,0.19478,0.19003,0.19351,32921724.0
2025-05-20 20:00:00+00:00,0.19351,0.19566,0.19227,0.1947,24584501.0
2025-05-21 00:00:00+00:00,0.1947,0.19571,0.19227,0.19463,17168738.0
2025-05-21 04:00:00+00:00,0.19463,0.1983,0.1941,0.19626,27204376.0
2025-05-21 08:00:00+00:00,0.19626,0.19711,0.19387,0.1955,21986846.0
2025-05-21 12:00:00+00:00,0.1955,0.19921,0.19457,0.1987,28074278.0
2025-05-21 16:00:00+00:00,0.1987,0.20237,0.19183,0.19694,90651469.0
2025-05-21 20:00:00+00:00,0.19694,0.20034,0.1954,0.19787,24161452.0
2025-05-22 00:00:00+00:00,0.19787,0.20107,0.19714,0.20065,29448422.0
2025-05-22 04:00:00+00:00,0.20065,0.20245,0.19976,0.20242,18668392.0
2025-05-22 08:00:00+00:00,0.20242,0.20474,0.20171,0.20322,27542140.0
2025-05-22 12:00:00+00:00,0.20322,0.2048,0.2012,0.20398,32265105.0
2025-05-22 16:00:00+00:00,0.20398,0.20647,0.20277,0.20489,38151248.0
2025-05-22 20:00:00+00:00,0.20489,0.20551,0.20176,0.20464,28564073.0
2025-05-23 00:00:00+00:00,0.20464,0.20928,0.20337,0.20831,46496061.0
2025-05-23 04:00:00+00:00,0.20831,0.20848,0.20226,0.20336,47442431.0
2025-05-23 08:00:00+00:00,0.20336,0.20765,0.19645,0.19771,77970950.0
2025-05-23 12:00:00+00:00,0.19771,0.20171,0.19254,0.19847,76095396.0
2025-05-23 16:00:00+00:00,0.19847,0.19977,0.19637,0.19652,26884916.0
2025-05-23 20:00:00+00:00,0.19652,0.19659,0.18876,0.19035,34507355.0
2025-05-24 00:00:00+00:00,0.19035,0.1927,0.18918,0.1925,18389731.0
2025-05-24 04:00:00+00:00,0.1925,0.19352,0.19032,0.19079,12950235.0
2025-05-24 08:00:00+00:00,0.19079,0.19263,0.19009,0.19104,15104860.0
2025-05-24 12:00:00+00:00,0.19104,0.19138,0.18917,0.19012,17300789.0
2025-05-24 16:00:00+00:00,0.19012,0.19114,0.18922,0.19051,10752946.0
2025-05-24 20:00:00+00:00,0.19051,0.19102,0.18682,0.18822,22897533.0
2025-05-25 00:00:00+00:00,0.18822,0.1889,0.18467,0.1874,23828677.0
2025-05-25 04:00:00+00:00,0.1874,0.19016,0.18658,0.188,12312004.0
2025-05-25 08:00:00+00:00,0.188,0.18801,0.1825,0.1838,33196102.0
2025-05-25 12:00:00+00:00,0.1838,0.18525,0.18039,0.1832,28144344.0
2025-05-25 16:00:00+00:00,0.1832,0.18564,0.18197,0.18504,15072151.0
2025-05-25 20:00:00+00:00,0.18504,0.18848,0.18312,0.18793,18840431.0
2025-05-26 00:00:00+00:00,0.18793,0.18943,0.18698,0.18893,13767205.0
2025-05-26 04:00:00+00:00,0.18893,0.19258,0.18859,0.19254,26910933.0
2025-05-26 08:00:00+00:00,0.19254,0.1931,0.18976,0.19044,21998136.0
2025-05-26 12:00:00+00:00,0.19044,0.19175,0.18739,0.18946,25467751.0
2025-05-26 16:00:00+00:00,0.18946,0.18997,0.1842,0.18507,22050660.0
2025-05-26 20:00:00+00:00,0.18507,0.18698,0.18406,0.18582,14240431.0
2025-05-27 00:00:00+00:00,0.18582,0.18656,0.18191,0.18386,19348318.0
2025-05-27 04:00:00+00:00,0.18386,0.18688,0.18301,0.18624,16796778.0
2025-05-27 08:00:00+00:00,0.18624,0.18862,0.18624,0.1883,23375704.0
2025-05-27 12:00:00+00:00,0.1883,0.19191,0.18663,0.18974,30504616.0
2025-05-27 16:00:00+00:00,0.18974,0.19168,0.18932,0.1897,24847892.0
2025-05-27 20:00:00+00:00,0.1897,0.19112,0.18595,0.18718,17892984.0
2025-05-28 00:00:00+00:00,0.18718,0.18832,0.18519,0.18697,15392858.0
2025-05-28 04:00:00+00:00,0.18697,0.18777,0.18493,0.18556,10495550.0
2025-05-28 08:00:00+00:00,0.18556,0.18696,0.18358,0.18676,14809799.0
2025-05-28 12:00:00+00:00,0.18676,0.18846,0.18158,0.18249,30079701.0
2025-05-28 16:00:00+00:00,0.18249,0.18525,0.18101,0.18117,23233168.0
2025-05-28 20:00:00+00:00,0.18117,0.186,0.18111,0.18595,12221796.0
2025-05-29 00:00:00+00:00,0.18595,0.19059,0.18518,0.18836,34252541.0
2025-05-29 04:00:00+00:00,0.18836,0.18855,0.18425,0.1853,23626172.0
2025-05-29 08:00:00+00:00,0.1853,0.18735,0.18442,0.18719,11592470.0
2025-05-29 12:00:00+00:00,0.18719,0.18719,0.18075,0.1815,31270890.0
2025-05-29 16:00:00+00:00,0.1815,0.18246,0.17856,0.17981,36760813.0
2025-05-29 20:00:00+00:00,0.17981,0.18201,0.17832,0.17948,16152537.0
2025-05-30 00:00:00+00:00,0.17948,0.18043,0.17108,0.1775,72542404.0
2025-05-30 04:00:00+00:00,0.1775,0.17843,0.17418,0.1744,19101768.0
2025-05-30 08:00:00+00:00,0.1744,0.17721,0.17292,0.17636,17817099.0
2025-05-30 12:00:00+00:00,0.17636,0.17692,0.1726,0.17364,24366744.0
2025-05-30 16:00:00+00:00,0.17364,0.17395,0.16709,0.17141,60004483.0
2025-05-30 20:00:00+00:00,0.17141,0.17192,0.16496,0.16708,29527109.0
2025-05-31 00:00:00+00:00,0.16708,0.16722,0.16067,0.16356,59623249.0
2025-05-31 04:00:00+00:00,0.16356,0.16437,0.16225,0.16274,26622223.0
2025-05-31 08:00:00+00:00,0.16274,0.16407,0.16079,0.16166,19456010.0
2025-05-31 12:00:00+00:00,0.16166,0.16789,0.16144,0.16723,30443945.0
2025-05-31 16:00:00+00:00,0.16723,0.17016,0.1667,0.16772,25406337.0
2025-05-31 20:00:00+00:00,0.16772,0.16895,0.16698,0.16727,11589869.0
2025-06-01 00:00:00+00:00,0.16727,0.16793,0.16537,0.16711,18429936.0
2025-06-01 04:00:00+00:00,0.16711,0.16964,0.16661,0.16793,20331207.0
2025-06-01 08:00:00+00:00,0.16793,0.16814,0.16387,0.16617,19157720.0
2025-06-01 12:00:00+00:00,0.16617,0.16786,0.16431,0.16721,12780760.0
2025-06-01 16:00:00+00:00,0.16721,0.16924,0.16557,0.16791,20288665.0
2025-06-01 20:00:00+00:00,0.16791,0.16922,0.1672,0.16857,9394370.0
2025-06-02 00:00:00+00:00,0.16857,0.17066,0.16784,0.16924,29864299.0
2025-06-02 04:00:00+00:00,0.16924,0.17112,0.16815,0.16985,22557243.0
2025-06-02 08:00:00+00:00,0.16985,0.17091,0.16702,0.16787,36181257.0
2025-06-02 12:00:00+00:00,0.16787,0.1697,0.16737,0.16878,21207424.0
2025-06-02 16:00:00+00:00,0.16878,0.16973,0.16634,0.16751,12185919.0
2025-06-02 20:00:00+00:00,0.16751,0.17253,0.16749,0.17126,19219244.0
2025-06-03 00:00:00+00:00,0.17126,0.1738,0.17112,0.17203,29024903.0
2025-06-03 04:00:00+00:00,0.17203,0.17352,0.17089,0.1721,10296805.0
2025-06-03 08:00:00+00:00,0.1721,0.1738,0.1708,0.17337,25312563.0
2025-06-03 12:00:00+00:00,0.17337,0.1753,0.17293,0.17473,34340126.0
2025-06-03 16:00:00+00:00,0.17473,0.17518,0.1731,0.17482,13310818.0
2025-06-03 20:00:00+00:00,0.17482,0.17484,0.17061,0.17173,18924854.0
2025-06-04 00:00:00+00:00,0.17173,0.1738,0.17111,0.17284,10390236.0
2025-06-04 04:00:00+00:00,0.17284,0.17313,0.1715,0.17184,5672155.0
2025-06-04 08:00:00+00:00,0.17184,0.17374,0.17009,0.17029,30921123.0
2025-06-04 12:00:00+00:00,0.17029,0.17137,0.16821,0.17061,28005198.0
2025-06-04 16:00:00+00:00,0.17061,0.17072,0.16786,0.16788,14926921.0
2025-06-04 20:00:00+00:00,0.16788,0.16843,0.16608,0.16698,13880566.0
2025-06-05 00:00:00+00:00,0.16698,0.16907,0.16643,0.16819,9621106.0
2025-06-05 04:00:00+00:00,0.16819,0.16899,0.16625,0.16656,13686747.0
2025-06-05 08:00:00+00:00,0.16656,0.16777,0.16567,0.16702,10609369.0
2025-06-05 12:00:00+00:00,0.16702,0.16963,0.1652,0.16729,24826191.0
2025-06-05 16:00:00+00:00,0.16729,0.16764,0.16079,0.16204,42551496.0
2025-06-05 20:00:00+00:00,0.16204,0.16227,0.15585,0.15928,59173216.0
2025-06-06 00:00:00+00:00,0.15928,0.16315,0.15836,0.16295,14076585.0
2025-06-06 04:00:00+00:00,0.16295,0.16498,0.16253,0.16374,16145381.0
2025-06-06 08:00:00+00:00,0.16374,0.16551,0.16374,0.16451,14721481.0
2025-06-06 12:00:00+00:00,0.16451,0.1689,0.16451,0.16785,25983206.0
2025-06-06 16:00:00+00:00,0.16785,0.16852,0.1636,0.16418,15604308.0
2025-06-06 20:00:00+00:00,0.16418,0.16569,0.16395,0.16427,10218731.0
2025-06-07 00:00:00+00:00,0.16427,0.16743,0.16366,0.16738,8236260.0
2025-06-07 04:00:00+00:00,0.16738,0.16884,0.16655,0.16878,6756300.0
2025-06-07 08:00:00+00:00,0.16878,0.1699,0.16756,0.16948,14748518.0
2025-06-07 12:00:00+00:00,0.16948,0.17006,0.16893,0.16922,9372861.0
2025-06-07 16:00:00+00:00,0.16922,0.17037,0.16844,0.1693,10500975.0
2025-06-07 20:00:00+00:00,0.1693,0.17023,0.16824,0.16867,9896785.0
2025-06-08 00:00:00+00:00,0.16867,0.16879,0.16744,0.16762,6805175.0
2025-06-08 04:00:00+00:00,0.16762,0.16881,0.16701,0.16748,6988781.0
2025-06-08 08:00:00+00:00,0.16748,0.16878,0.16635,0.16867,12511362.0
2025-06-08 12:00:00+00:00,0.16867,0.17131,0.16831,0.17038,32704132.0
2025-06-08 16:00:00+00:00,0.17038,0.17211,0.17015,0.17064,14637844.0
2025-06-08 20:00:00+00:00,0.17064,0.17128,0.16853,0.16918,18062877.0
2025-06-09 00:00:00+00:00,0.16918,0.17069,0.16889,0.17002,15944920.0
2025-06-09 04:00:00+00:00,0.17002,0.17006,0.16748,0.16809,22606260.0
2025-06-09 08:00:00+00:00,0.16809,0.17202,0.16757,0.17145,34570514.0
2025-06-09 12:00:00+00:00,0.17145,0.17159,0.16924,0.17096,26429470.0
2025-06-09 16:00:00+00:00,0.17096,0.17639,0.17096,0.17599,29797220.0
2025-06-09 20:00:00+00:00,0.17599,0.17884,0.17574,0.17785,28476857.0
2025-06-10 00:00:00+00:00,0.17785,0.17958,0.17725,0.17904,27078665.0
2025-06-10 04:00:00+00:00,0.17904,0.17958,0.17635,0.1765,17785031.0
2025-06-10 08:00:00+00:00,0.1765,0.18137,0.17584,0.1812,29805894.0
2025-06-10 12:00:00+00:00,0.1812,0.18383,0.17771,0.17917,52605292.0
2025-06-10 16:00:00+00:00,0.17917,0.18174,0.17791,0.17982,27753948.0
2025-06-10 20:00:00+00:00,0.17982,0.18131,0.17887,0.18005,15039354.0
2025-06-11 00:00:00+00:00,0.18005,0.18186,0.17879,0.17978,18796257.0
2025-06-11 04:00:00+00:00,0.17978,0.18047,0.17857,0.18012,12101904.0
2025-06-11 08:00:00+00:00,0.18012,0.18146,0.1782,0.17874,23801288.0
2025-06-11 12:00:00+00:00,0.17874,0.18136,0.17807,0.17944,37495287.0
2025-06-11 16:00:00+00:00,0.17944,0.17986,0.17453,0.17507,49841993.0
2025-06-11 20:00:00+00:00,0.17507,0.17621,0.17083,0.17281,40034443.0
2025-06-12 00:00:00+00:00,0.17281,0.17302,0.1705,0.1708,14300599.0
2025-06-12 04:00:00+00:00,0.1708,0.1708,0.16836,0.16892,24572544.0
2025-06-12 08:00:00+00:00,0.16892,0.16966,0.1662,0.16663,30302393.0
2025-06-12 12:00:00+00:00,0.16663,0.17085,0.16632,0.1673,28802367.0
2025-06-12 16:00:00+00:00,0.1673,0.16933,0.165,0.16551,18617667.0
2025-06-12 20:00:00+00:00,0.16551,0.1661,0.16197,0.16275,39449363.0
2025-06-13 00:00:00+00:00,0.16275,0.16283,0.14993,0.1555,107867640.0
2025-06-13 04:00:00+00:00,0.1555,0.15565,0.15346,0.15471,44192092.0
2025-06-13 08:00:00+00:00,0.15471,0.15616,0.15258,0.15492,30221243.0
2025-06-13 12:00:00+00:00,0.15492,0.15721,0.15305,0.1561,33205596.0
2025-06-13 16:00:00+00:00,0.1561,0.1576,0.1544,0.15578,22093146.0
2025-06-13 20:00:00+00:00,0.15578,0.15908,0.15548,0.15888,11772757.0
2025-06-14 00:00:00+00:00,0.15888,0.15889,0.15718,0.1586,9415425.0
2025-06-14 04:00:00+00:00,0.1586,0.15966,0.15812,0.15935,9459415.0
2025-06-14 08:00:00+00:00,0.15935,0.15968,0.15843,0.15949,7027535.0
2025-06-14 12:00:00+00:00,0.15949,0.15965,0.15633,0.15679,13707048.0
2025-06-14 16:00:00+00:00,0.15679,0.15696,0.15182,0.15198,25314341.0
2025-06-14 20:00:00+00:00,0.15198,0.15553,0.15109,0.15483,12285267.0
2025-06-15 00:00:00+00:00,0.15483,0.1551,0.15252,0.15387,8368909.0
2025-06-15 04:00:00+00:00,0.15387,0.15545,0.15311,0.15362,7177308.0
2025-06-15 08:00:00+00:00,0.15362,0.15375,0.15218,0.15283,13894318.0
2025-06-15 12:00:00+00:00,0.15283,0.15549,0.15227,0.15427,14333705.0
2025-06-15 16:00:00+00:00,0.15427,0.15469,0.15206,0.15244,13861858.0
2025-06-15 20:00:00+00:00,0.15244,0.15466,0.15053,0.15433,22169713.0
2025-06-16 00:00:00+00:00,0.15433,0.15652,0.15324,0.1551,13931974.0
2025-06-16 04:00:00+00:00,0.1551,0.15901,0.15477,0.15897,20082908.0
2025-06-16 08:00:00+00:00,0.15897,0.16008,0.15751,0.15985,27999181.0
2025-06-16 12:00:00+00:00,0.15985,0.16282,0.15898,0.1614,33105417.0
2025-06-16 16:00:00+00:00,0.1614,0.16328,0.15969,0.16014,28577871.0
2025-06-16 20:00:00+00:00,0.16014,0.16135,0.1529,0.15326,52577055.0
2025-06-17 00:00:00+00:00,0.15326,0.1571,0.14985,0.15632,44647522.0
2025-06-17 04:00:00+00:00,0.15632,0.15669,0.155,0.15556,11788036.0
2025-06-17 08:00:00+00:00,0.15556,0.15572,0.15139,0.1515,25718934.0
2025-06-17 12:00:00+00:00,0.1515,0.15301,0.14795,0.14924,39840147.0
2025-06-17 16:00:00+00:00,0.14924,0.152,0.14667,0.15064,34559971.0
2025-06-17 20:00:00+00:00,0.15064,0.15125,0.14736,0.14846,23352376.0
2025-06-18 00:00:00+00:00,0.14846,0.15034,0.14845,0.14998,12531110.0
2025-06-18 04:00:00+00:00,0.14998,0.15204,0.1494,0.15011,34515419.0
2025-06-18 08:00:00+00:00,0.15011,0.15071,0.14504,0.147,40557624.0
2025-06-18 12:00:00+00:00,0.147,0.14806,0.14371,0.14663,41345435.0
2025-06-18 16:00:00+00:00,0.14663,0.14712,0.14384,0.14432,23658526.0
2025-06-18 20:00:00+00:00,0.14432,0.14855,0.14393,0.1478,16180475.0
2025-06-19 00:00:00+00:00,0.1478,0.14957,0.14672,0.14797,19199028.0
2025-06-19 04:00:00+00:00,0.14797,0.14873,0.14638,0.1466,13865150.0
2025-06-19 08:00:00+00:00,0.1466,0.14741,0.14572,0.14613,12922820.0
2025-06-19 12:00:00+00:00,0.14613,0.14697,0.14478,0.14521,12407044.0
2025-06-19 16:00:00+00:00,0.14521,0.1475,0.14453,0.14668,11602313.0
2025-06-19 20:00:00+00:00,0.14668,0.14839,0.14629,0.14767,20720613.0
2025-06-20 00:00:00+00:00,0.14767,0.14825,0.14654,0.14668,5783052.0
2025-06-20 04:00:00+00:00,0.14668,0.14835,0.14512,0.14829,10616635.0
2025-06-20 08:00:00+00:00,0.14829,0.15034,0.14809,0.14987,13042643.0
2025-06-20 12:00:00+00:00,0.14987,0.15142,0.14564,0.14622,35303958.0
2025-06-20 16:00:00+00:00,0.14622,0.14634,0.14069,0.14461,57780008.0
2025-06-20 20:00:00+00:00,0.14461,0.14607,0.14303,0.1445,14645888.0
2025-06-21 00:00:00+00:00,0.1445,0.14563,0.14435,0.14508,7822691.0
2025-06-21 04:00:00+00:00,0.14508,0.14579,0.1446,0.14523,7641633.0
2025-06-21 08:00:00+00:00,0.14523,0.1463,0.14477,0.14495,12841735.0
2025-06-21 12:00:00+00:00,0.14495,0.14507,0.14164,0.14278,32695238.0
2025-06-21 16:00:00+00:00,0.14278,0.14354,0.13805,0.13821,38530625.0
2025-06-21 20:00:00+00:00,0.13821,0.13959,0.1336,0.13792,53870219.0
2025-06-22 00:00:00+00:00,0.13792,0.13972,0.13535,0.1365,47601215.0
2025-06-22 04:00:00+00:00,0.1365,0.13797,0.1358,0.13612,29376488.0
2025-06-22 08:00:00+00:00,0.13612,0.13635,0.13245,0.13338,20717182.0
2025-06-22 12:00:00+00:00,0.13338,0.13448,0.1283,0.12942,80024405.0
2025-06-22 16:00:00+00:00,0.12942,0.13125,0.12812,0.12948,36441327.0
2025-06-22 20:00:00+00:00,0.12948,0.13368,0.12588,0.13353,49189614.0
2025-06-23 00:00:00+00:00,0.13353,0.13615,0.13337,0.13532,19551130.0
2025-06-23 04:00:00+00:00,0.13532,0.13798,0.13513,0.13724,13711925.0
2025-06-23 08:00:00+00:00,0.13724,0.13782,0.13535,0.1361,18820116.0
2025-06-23 12:00:00+00:00,0.1361,0.14011,0.13509,0.13718,44039175.0
2025-06-23 16:00:00+00:00,0.13718,0.14174,0.13304,0.14147,74501278.0
2025-06-23 20:00:00+00:00,0.14147,0.15213,0.1411,0.15139,65472674.0
2025-06-24 00:00:00+00:00,0.15139,0.15326,0.15093,0.15178,30583132.0
2025-06-24 04:00:00+00:00,0.15178,0.15473,0.15055,0.15194,33233959.0
2025-06-24 08:00:00+00:00,0.15194,0.15285,0.15044,0.15174,20422789.0
2025-06-24 12:00:00+00:00,0.15174,0.15285,0.15057,0.15154,20650537.0
2025-06-24 16:00:00+00:00,0.15154,0.15425,0.15101,0.15384,36816531.0
2025-06-24 20:00:00+00:00,0.15384,0.1552,0.1524,0.15391,21674737.0
2025-06-25 00:00:00+00:00,0.15391,0.15606,0.15328,0.15379,22236096.0
2025-06-25 04:00:00+00:00,0.15379,0.15381,0.15186,0.15341,15308648.0
2025-06-25 08:00:00+00:00,0.15341,0.15383,0.15139,0.15334,30833529.0
2025-06-25 12:00:00+00:00,0.15334,0.15476,0.14916,0.14961,42132171.0
2025-06-25 16:00:00+00:00,0.14961,0.15146,0.14885,0.15081,27787585.0
2025-06-25 20:00:00+00:00,0.15081,0.15185,0.14925,0.14971,13389595.0
2025-06-26 00:00:00+00:00,0.14971,0.15271,0.14868,0.15057,44211848.0
2025-06-26 04:00:00+00:00,0.15057,0.1506,0.14789,0.14932,31282889.0
2025-06-26 08:00:00+00:00,0.14932,0.15019,0.14511,0.1454,28041179.0
2025-06-26 12:00:00+00:00,0.1454,0.146,0.14291,0.14446,53507765.0
2025-06-26 16:00:00+00:00,0.14446,0.14458,0.14236,0.14374,36187683.0
2025-06-26 20:00:00+00:00,0.14374,0.14538,0.14182,0.14265,21422554.0
2025-06-27 00:00:00+00:00,0.14265,0.14455,0.14135,0.14409,15678575.0
2025-06-27 04:00:00+00:00,0.14409,0.1443,0.14236,0.14285,13596941.0
2025-06-27 08:00:00+00:00,0.14285,0.14522,0.14285,0.14503,13582024.0
2025-06-27 12:00:00+00:00,0.14503,0.14583,0.14332,0.14565,26703754.0
2025-06-27 16:00:00+00:00,0.14565,0.14779,0.14302,0.14459,34413971.0
2025-06-27 20:00:00+00:00,0.14459,0.14746,0.14447,0.14589,15793244.0
2025-06-28 00:00:00+00:00,0.14589,0.14694,0.14508,0.14574,10320329.0
2025-06-28 04:00:00+00:00,0.14574,0.14783,0.14531,0.14778,10768101.0
2025-06-28 08:00:00+00:00,0.14778,0.14823,0.14686,0.14689,14356927.0
2025-06-28 12:00:00+00:00,0.14689,0.1476,0.14584,0.14739,16958479.0
2025-06-28 16:00:00+00:00,0.14739,0.14829,0.14684,0.14764,23987991.0
2025-06-28 20:00:00+00:00,0.14764,0.14873,0.14708,0.14776,9099653.0
2025-06-29 00:00:00+00:00,0.14776,0.14825,0.14663,0.14667,10467099.0
2025-06-29 04:00:00+00:00,0.14667,0.14805,0.14652,0.14805,7777426.0
2025-06-29 08:00:00+00:00,0.14805,0.14904,0.14794,0.14847,13405547.0
2025-06-29 12:00:00+00:00,0.14847,0.14907,0.14709,0.14724,13647859.0
2025-06-29 16:00:00+00:00,0.14724,0.14894,0.14691,0.14873,12321441.0
2025-06-29 20:00:00+00:00,0.14873,0.15399,0.14752,0.15257,47730808.0
2025-06-30 00:00:00+00:00,0.15257,0.1532,0.15107,0.15158,14548211.0
2025-06-30 04:00:00+00:00,0.15158,0.15173,0.1494,0.15043,15463664.0
2025-06-30 08:00:00+00:00,0.15043,0.15055,0.14814,0.1499,20034582.0
2025-06-30 12:00:00+00:00,0.1499,0.15074,0.14743,0.14965,44610504.0
2025-06-30 16:00:00+00:00,0.14965,0.15324,0.1486,0.15296,31426879.0
2025-06-30 20:00:00+00:00,0.15296,0.15311,0.14949,0.14992,19465409.0
2025-07-01 00:00:00+00:00,0.14992,0.15161,0.14912,0.15126,17481767.0
2025-07-01 04:00:00+00:00,0.15126,0.15147,0.14852,0.14988,18552758.0
2025-07-01 08:00:00+00:00,0.14988,0.15025,0.14778,0.14796,14335924.0
2025-07-01 12:00:00+00:00,0.14796,0.14839,0.14551,0.1458,30597424.0
2025-07-01 16:00:00+00:00,0.1458,0.14669,0.14337,0.1434,25054379.0
2025-07-01 20:00:00+00:00,0.1434,0.14523,0.14278,0.14458,13618209.0
2025-07-02 00:00:00+00:00,0.14458,0.14558,0.14298,0.14513,8904948.0
2025-07-02 04:00:00+00:00,0.14513,0.1478,0.14491,0.14762,10038851.0
2025-07-02 08:00:00+00:00,0.14762,0.1485,0.1466,0.14702,13900140.0
2025-07-02 12:00:00+00:00,0.14702,0.15102,0.14581,0.15101,23469236.0
2025-07-02 16:00:00+00:00,0.15101,0.15654,0.15101,0.15637,51848389.0
2025-07-02 20:00:00+00:00,0.15637,0.15915,0.15503,0.15531,69959303.0
2025-07-03 00:00:00+00:00,0.15531,0.15632,0.1548,0.1552,11096027.0
2025-07-03 04:00:00+00:00,0.1552,0.16068,0.15496,0.16045,26770533.0
2025-07-03 08:00:00+00:00,0.16045,0.16105,0.15897,0.15933,33030396.0
2025-07-03 12:00:00+00:00,0.15933,0.16267,0.15726,0.1575,65754124.0
2025-07-03 16:00:00+00:00,0.1575,0.15929,0.15698,0.15843,17560315.0
2025-07-03 20:00:00+00:00,0.15843,0.16061,0.15829,0.15893,14669840.0
2025-07-04 00:00:00+00:00,0.15893,0.16255,0.15817,0.15821,22532270.0
2025-07-04 04:00:00+00:00,0.15821,0.15821,0.15426,0.15449,35257771.0
2025-07-04 08:00:00+00:00,0.15449,0.15646,0.1533,0.15543,22242000.0
2025-07-04 12:00:00+00:00,0.15543,0.1566,0.15361,0.15388,26462221.0
2025-07-04 16:00:00+00:00,0.15388,0.15418,0.15186,0.1519,24223039.0
2025-07-04 20:00:00+00:00,0.1519,0.15404,0.15171,0.15295,14229407.0
2025-07-05 00:00:00+00:00,0.15295,0.1546,0.15242,0.15431,6979588.0
2025-07-05 04:00:00+00:00,0.15431,0.15552,0.1533,0.15488,9517621.0
2025-07-05 08:00:00+00:00,0.15488,0.15653,0.1545,0.15555,11491880.0
2025-07-05 12:00:00+00:00,0.15555,0.15568,0.15405,0.15524,10824594.0
2025-07-05 16:00:00+00:00,0.15524,0.15658,0.15268,0.1547,39728080.0
2025-07-05 20:00:00+00:00,0.1547,0.15505,0.15367,0.15408,8330614.0
2025-07-06 00:00:00+00:00,0.15408,0.15416,0.1527,0.15314,5741320.0
2025-07-06 04:00:00+00:00,0.15314,0.15363,0.15213,0.15244,6963180.0
2025-07-06 08:00:00+00:00,0.15244,0.15486,0.15227,0.15473,14410773.0
2025-07-06 12:00:00+00:00,0.15473,0.15796,0.15456,0.15739,34447318.0
2025-07-06 16:00:00+00:00,0.15739,0.15908,0.15726,0.15815,19142204.0
2025-07-06 20:00:00+00:00,0.15815,0.16148,0.15813,0.15924,27052430.0
2025-07-07 00:00:00+00:00,0.15924,0.16085,0.15843,0.16011,10626223.0
2025-07-07 04:00:00+00:00,0.16011,0.16077,0.15881,0.16064,15406727.0
2025-07-07 08:00:00+00:00,0.16064,0.16118,0.15817,0.15967,14583717.0
2025-07-07 12:00:00+00:00,0.15967,0.16073,0.15806,0.16055,21812112.0
2025-07-07 16:00:00+00:00,0.16055,0.16073,0.15707,0.15854,26346978.0
2025-07-07 20:00:00+00:00,0.15854,0.15854,0.15606,0.15838,19593080.0
2025-07-08 00:00:00+00:00,0.15838,0.15857,0.15522,0.15582,19676972.0
2025-07-08 04:00:00+00:00,0.15582,0.15686,0.15505,0.15679,10069716.0
2025-07-08 08:00:00+00:00,0.15679,0.15935,0.15597,0.15869,13642200.0
2025-07-08 12:00:00+00:00,0.15869,0.16206,0.15839,0.16045,39457882.0
2025-07-08 16:00:00+00:00,0.16045,0.16196,0.15815,0.16113,28232170.0
2025-07-08 20:00:00+00:00,0.16113,0.16196,0.15966,0.16068,12199157.0
2025-07-09 00:00:00+00:00,0.16068,0.16137,0.1597,0.16031,11873855.0
2025-07-09 04:00:00+00:00,0.16031,0.16355,0.16031,0.16272,31789125.0
2025-07-09 08:00:00+00:00,0.16272,0.16921,0.16243,0.16873,44198910.0
2025-07-09 12:00:00+00:00,0.16873,0.17138,0.16673,0.16974,81961954.0
2025-07-09 16:00:00+00:00,0.16974,0.17342,0.16892,0.17304,58789284.0
2025-07-09 20:00:00+00:00,0.17304,0.17314,0.16962,0.17084,37187971.0
2025-07-10 00:00:00+00:00,0.17084,0.17482,0.17012,0.17306,29641973.0
2025-07-10 04:00:00+00:00,0.17306,0.1775,0.17231,0.17696,32687549.0
2025-07-10 08:00:00+00:00,0.17696,0.18,0.1761,0.1778,53783882.0
2025-07-10 12:00:00+00:00,0.1778,0.17854,0.17563,0.17786,31108526.0
2025-07-10 16:00:00+00:00,0.17786,0.18223,0.17718,0.18065,51458744.0
2025-07-10 20:00:00+00:00,0.18065,0.19023,0.18054,0.18986,63708870.0
2025-07-11 00:00:00+00:00,0.18986,0.19923,0.18797,0.19694,65012269.0
2025-07-11 04:00:00+00:00,0.19694,0.20119,0.19461,0.19958,86317356.0
2025-07-11 08:00:00+00:00,0.19958,0.20864,0.19893,0.20376,80975268.0
2025-07-11 12:00:00+00:00,0.20376,0.20992,0.19977,0.20062,201713471.0
2025-07-11 16:00:00+00:00,0.20062,0.20264,0.19784,0.20256,67120159.0
2025-07-11 20:00:00+00:00,0.20256,0.20515,0.1897,0.19371,75359793.0
2025-07-12 00:00:00+00:00,0.19371,0.20295,0.19009,0.20081,70105347.0
2025-07-12 04:00:00+00:00,0.20081,0.20171,0.19481,0.19756,36370509.0
2025-07-12 08:00:00+00:00,0.19756,0.20669,0.19729,0.20195,73051330.0
2025-07-12 12:00:00+00:00,0.20195,0.20237,0.19075,0.19194,96459456.0
2025-07-12 16:00:00+00:00,0.19194,0.19699,0.19085,0.19612,52147412.0
2025-07-12 20:00:00+00:00,0.19612,0.19875,0.19229,0.1972,34995205.0
2025-07-13 00:00:00+00:00,0.1972,0.20291,0.19621,0.20101,40076270.0
2025-07-13 04:00:00+00:00,0.20101,0.2301,0.1996,0.22638,276986461.0
2025-07-13 08:00:00+00:00,0.22638,0.23622,0.22292,0.22713,305868011.0
2025-07-13 12:00:00+00:00,0.22713,0.25184,0.22702,0.24502,531193031.0
2025-07-13 16:00:00+00:00,0.24502,0.24882,0.238,0.24059,269210296.0
2025-07-13 20:00:00+00:00,0.24059,0.24184,0.22902,0.24122,197098818.0
2025-07-14 00:00:00+00:00,0.24122,0.25794,0.24122,0.2533,359758128.0
2025-07-14 04:00:00+00:00,0.2533,0.25714,0.2432,0.25294,217324691.0
2025-07-14 08:00:00+00:00,0.25294,0.25633,0.23756,0.23977,204028936.0
2025-07-14 12:00:00+00:00,0.23977,0.24494,0.23708,0.24007,231318790.0
2025-07-14 16:00:00+00:00,0.24007,0.24496,0.23601,0.2371,121898288.0
2025-07-14 20:00:00+00:00,0.2371,0.23904,0.23357,0.23692,129095633.0
2025-07-15 00:00:00+00:00,0.23692,0.24166,0.2276,0.23188,146938471.0
2025-07-15 04:00:00+00:00,0.23188,0.23722,0.22908,0.23022,95714038.0
2025-07-15 08:00:00+00:00,0.23022,0.23526,0.2281,0.23229,92846121.0
2025-07-15 12:00:00+00:00,0.23229,0.23699,0.22741,0.23191,154824215.0
2025-07-15 16:00:00+00:00,0.23191,0.2367,0.22431,0.22468,124721736.0
2025-07-15 20:00:00+00:00,0.22468,0.23328,0.2232,0.2331,103378539.0
2025-07-16 00:00:00+00:00,0.2331,0.2355,0.22869,0.23354,79497733.0
2025-07-16 04:00:00+00:00,0.23354,0.23731,0.23116,0.23535,94542653.0
2025-07-16 08:00:00+00:00,0.23535,0.24251,0.23509,0.23648,119001365.0
2025-07-16 12:00:00+00:00,0.23648,0.24184,0.23563,0.23852,102579115.0
2025-07-16 16:00:00+00:00,0.23852,0.2424,0.23663,0.23814,92110854.0
2025-07-16 20:00:00+00:00,0.23814,0.24588,0.23411,0.23616,128236255.0
2025-07-17 00:00:00+00:00,0.23616,0.23871,0.22836,0.23098,108607828.0
2025-07-17 04:00:00+00:00,0.23098,0.24453,0.23008,0.23906,134056156.0
2025-07-17 08:00:00+00:00,0.23906,0.254,0.23759,0.24954,191710319.0
2025-07-17 12:00:00+00:00,0.24954,0.25064,0.2412,0.24479,122348275.0
2025-07-17 16:00:00+00:00,0.24479,0.25706,0.24302,0.2484,189726334.0
2025-07-17 20:00:00+00:00,0.2484,0.28574,0.24637,0.2768,351091774.0
2025-07-18 00:00:00+00:00,0.2768,0.29911,0.27645,0.28568,286001858.0
2025-07-18 04:00:00+00:00,0.28568,0.28834,0.26972,0.27017,165622294.0
2025-07-18 08:00:00+00:00,0.27017,0.27418,0.26663,0.27267,145065480.0
2025-07-18 12:00:00+00:00,0.27267,0.27645,0.26429,0.26548,161822095.0
2025-07-18 16:00:00+00:00,0.26548,0.27063,0.26356,0.26712,74638832.0
2025-07-18 20:00:00+00:00,0.26712,0.26766,0.25311,0.25937,142054102.0
2025-07-19 00:00:00+00:00,0.25937,0.26555,0.25641,0.26232,79105363.0
2025-07-19 04:00:00+00:00,0.26232,0.27236,0.26164,0.26822,76060285.0
2025-07-19 08:00:00+00:00,0.26822,0.2725,0.26368,0.26411,75444556.0
2025-07-19 12:00:00+00:00,0.26411,0.26921,0.26134,0.26686,75350860.0
2025-07-19 16:00:00+00:00,0.26686,0.27056,0.26489,0.2672,47781606.0
2025-07-19 20:00:00+00:00,0.2672,0.27008,0.26332,0.26651,51503367.0
2025-07-20 00:00:00+00:00,0.26651,0.27055,0.26389,0.268,57816766.0
2025-07-20 04:00:00+00:00,0.268,0.27099,0.26639,0.26955,43448691.0
2025-07-20 08:00:00+00:00,0.26955,0.27595,0.26941,0.27246,78133382.0
2025-07-20 12:00:00+00:00,0.27246,0.27634,0.27023,0.27542,65752317.0
2025-07-20 16:00:00+00:00,0.27542,0.28307,0.27401,0.27891,115098308.0
2025-07-20 20:00:00+00:00,0.27891,0.27954,0.26506,0.27094,104219683.0
2025-07-21 00:00:00+00:00,0.27094,0.28361,0.26617,0.27676,101534223.0
2025-07-21 04:00:00+00:00,0.27676,0.28562,0.27589,0.28333,61035911.0
2025-07-21 08:00:00+00:00,0.28333,0.28569,0.27817,0.28339,76870464.0
2025-07-21 12:00:00+00:00,0.28339,0.28874,0.27916,0.27958,107476253.0
2025-07-21 16:00:00+00:00,0.27958,0.284,0.26594,0.26631,120059581.0
2025-07-21 20:00:00+00:00,0.26631,0.27366,0.26383,0.27134,89660705.0
2025-07-22 00:00:00+00:00,0.27134,0.27422,0.2626,0.26837,83939048.0
2025-07-22 04:00:00+00:00,0.26837,0.26916,0.26042,0.26535,100556297.0
2025-07-22 08:00:00+00:00,0.26535,0.26758,0.25919,0.26743,69190240.0
2025-07-22 12:00:00+00:00,0.26743,0.27347,0.26064,0.2712,81680077.0
2025-07-22 16:00:00+00:00,0.2712,0.2754,0.26738,0.26819,69606982.0
2025-07-22 20:00:00+00:00,0.26819,0.27576,0.26777,0.27554,51091898.0
2025-07-23 00:00:00+00:00,0.27554,0.27569,0.26884,0.26939,35329402.0
2025-07-23 04:00:00+00:00,0.26939,0.27215,0.2678,0.26897,24552266.0
2025-07-23 08:00:00+00:00,0.26897,0.26985,0.26194,0.26327,44228356.0
2025-07-23 12:00:00+00:00,0.26327,0.26401,0.24415,0.25452,198682885.0
2025-07-23 16:00:00+00:00,0.25452,0.25467,0.24266,0.24779,84128245.0
2025-07-23 20:00:00+00:00,0.24779,0.24945,0.23816,0.24527,85103225.0
2025-07-24 00:00:00+00:00,0.24527,0.25015,0.24278,0.24671,42992870.0
2025-07-24 04:00:00+00:00,0.24671,0.24724,0.23056,0.23897,114397865.0
2025-07-24 08:00:00+00:00,0.23897,0.24376,0.23647,0.2433,55921344.0
2025-07-24 12:00:00+00:00,0.2433,0.24858,0.23802,0.24514,70082581.0
2025-07-24 16:00:00+00:00,0.24514,0.24716,0.23982,0.24326,41788044.0
2025-07-24 20:00:00+00:00,0.24326,0.24547,0.23781,0.23897,28207287.0
2025-07-25 00:00:00+00:00,0.23897,0.24151,0.23383,0.23636,48772014.0
2025-07-25 04:00:00+00:00,0.23636,0.23985,0.23316,0.23733,50284117.0
2025-07-25 08:00:00+00:00,0.23733,0.24679,0.23678,0.24615,44610755.0
2025-07-25 12:00:00+00:00,0.24615,0.2643,0.24021,0.24426,424635030.0
2025-07-25 16:00:00+00:00,0.24426,0.25581,0.2436,0.25429,100520904.0
2025-07-25 20:00:00+00:00,0.25429,0.26367,0.25253,0.25853,97453241.0
2025-07-26 00:00:00+00:00,0.25853,0.26813,0.25581,0.26644,74308756.0
2025-07-26 04:00:00+00:00,0.26644,0.27066,0.26322,0.26328,78551999.0
2025-07-26 08:00:00+00:00,0.26328,0.27283,0.26228,0.26892,73034382.0
2025-07-26 12:00:00+00:00,0.26892,0.286,0.26853,0.2811,225727377.0
2025-07-26 16:00:00+00:00,0.2811,0.2912,0.27863,0.28718,178671624.0
2025-07-26 20:00:00+00:00,0.28718,0.28839,0.27858,0.27974,80558239.0
2025-07-27 00:00:00+00:00,0.27974,0.29371,0.27633,0.29186,155618568.0
2025-07-27 04:00:00+00:00,0.29186,0.30514,0.28809,0.29043,292562152.0
2025-07-27 08:00:00+00:00,0.29043,0.29109,0.2817,0.28404,170760260.0
2025-07-27 12:00:00+00:00,0.28404,0.28709,0.2821,0.2863,64389756.0
2025-07-27 16:00:00+00:00,0.2863,0.29178,0.28399,0.28956,98549920.0
2025-07-27 20:00:00+00:00,0.28956,0.29562,0.2883,0.29168,70996643.0
2025-07-28 00:00:00+00:00,0.29168,0.29246,0.28399,0.28659,63075644.0
2025-07-28 04:00:00+00:00,0.28659,0.291,0.28438,0.28531,78149514.0
2025-07-28 08:00:00+00:00,0.28531,0.28747,0.28075,0.28401,56953389.0
2025-07-28 12:00:00+00:00,0.28401,0.28406,0.27133,0.27253,115045066.0
2025-07-28 16:00:00+00:00,0.27253,0.27475,0.26664,0.26978,81750237.0
2025-07-28 20:00:00+00:00,0.26978,0.27466,0.26698,0.2715,48968044.0
2025-07-29 00:00:00+00:00,0.2715,0.27309,0.26413,0.26964,58142852.0
2025-07-29 04:00:00+00:00,0.26964,0.27684,0.26711,0.27511,39340563.0
2025-07-29 08:00:00+00:00,0.27511,0.2793,0.27124,0.27338,63566129.0
2025-07-29 12:00:00+00:00,0.27338,0.27592,0.26013,0.26139,101565255.0
2025-07-29 16:00:00+00:00,0.26139,0.2657,0.25837,0.25973,76022173.0
2025-07-29 20:00:00+00:00,0.25973,0.26494,0.25701,0.26362,41378408.0
2025-07-30 00:00:00+00:00,0.26362,0.265,0.25877,0.26065,33086304.0
2025-07-30 04:00:00+00:00,0.26065,0.26215,0.25584,0.25845,44110828.0
2025-07-30 08:00:00+00:00,0.25845,0.26089,0.25379,0.25529,61549503.0
2025-07-30 12:00:00+00:00,0.25529,0.26093,0.25242,0.25686,78619096.0
2025-07-30 16:00:00+00:00,0.25686,0.26088,0.24551,0.25567,105944903.0
2025-07-30 20:00:00+00:00,0.25567,0.25918,0.25145,0.2556,46275102.0
2025-07-31 00:00:00+00:00,0.2556,0.27216,0.25454,0.27169,76888052.0
2025-07-31 04:00:00+00:00,0.27169,0.275,0.27026,0.27336,59209139.0
2025-07-31 08:00:00+00:00,0.27336,0.27874,0.2717,0.27306,67913098.0
2025-07-31 12:00:00+00:00,0.27306,0.27325,0.25976,0.26246,126452418.0
2025-07-31 16:00:00+00:00,0.26246,0.26792,0.25548,0.25593,72512468.0
2025-07-31 20:00:00+00:00,0.25593,0.25921,0.2495,0.25087,125949772.0
2025-08-01 00:00:00+00:00,0.25087,0.25595,0.24368,0.25207,153731068.0
2025-08-01 04:00:00+00:00,0.25207,0.25243,0.2449,0.24732,78100884.0
2025-08-01 08:00:00+00:00,0.24732,0.24732,0.24117,0.24543,126993301.0
2025-08-01 12:00:00+00:00,0.24543,0.25528,0.24004,0.25237,155023563.0
2025-08-01 16:00:00+00:00,0.25237,0.25462,0.24502,0.24898,73759658.0
2025-08-01 20:00:00+00:00,0.24898,0.24954,0.23656,0.24102,110739433.0
2025-08-02 00:00:00+00:00,0.24102,0.24249,0.23782,0.24013,49408054.0
2025-08-02 04:00:00+00:00,0.24013,0.24479,0.23592,0.24108,64767300.0
2025-08-02 08:00:00+00:00,0.24108,0.24121,0.23476,0.2373,45565149.0
2025-08-02 12:00:00+00:00,0.2373,0.23762,0.229,0.22969,69822788.0
2025-08-02 16:00:00+00:00,0.22969,0.23404,0.22528,0.22793,110952305.0
2025-08-02 20:00:00+00:00,0.22793,0.2327,0.22776,0.22988,55078419.0
2025-08-03 00:00:00+00:00,0.22988,0.23425,0.22669,0.23366,52714717.0
2025-08-03 04:00:00+00:00,0.23366,0.2394,0.23261,0.23842,42648506.0
2025-08-03 08:00:00+00:00,0.23842,0.24772,0.23796,0.24572,76185135.0
2025-08-03 12:00:00+00:00,0.24572,0.24808,0.24073,0.24791,85083544.0
2025-08-03 16:00:00+00:00,0.24791,0.25037,0.24464,0.24801,67915219.0
2025-08-03 20:00:00+00:00,0.24801,0.251,0.24559,0.24841,43394176.0
2025-08-04 00:00:00+00:00,0.24841,0.25347,0.24671,0.25055,68158806.0
2025-08-04 04:00:00+00:00,0.25055,0.25197,0.24623,0.24824,52500355.0
2025-08-04 08:00:00+00:00,0.24824,0.25198,0.24528,0.24607,50377849.0
2025-08-04 12:00:00+00:00,0.24607,0.25618,0.24537,0.24965,126680238.0
2025-08-04 16:00:00+00:00,0.24965,0.25517,0.2481,0.24894,61908567.0
2025-08-04 20:00:00+00:00,0.24894,0.25378,0.24837,0.25066,45538792.0
2025-08-05 00:00:00+00:00,0.25066,0.25116,0.24423,0.24473,41516825.0
2025-08-05 04:00:00+00:00,0.24473,0.24607,0.241,0.24209,44696684.0
2025-08-05 08:00:00+00:00,0.24209,0.25268,0.24135,0.249,59093693.0
2025-08-05 12:00:00+00:00,0.249,0.24934,0.23743,0.23868,105452980.0
2025-08-05 16:00:00+00:00,0.23868,0.24164,0.23756,0.23877,34779589.0
2025-08-05 20:00:00+00:00,0.23877,0.24014,0.23532,0.23916,39911044.0
2025-08-06 00:00:00+00:00,0.23916,0.23927,0.23365,0.23386,38593806.0
2025-08-06 04:00:00+00:00,0.23386,0.24394,0.23308,0.24384,46997042.0
2025-08-06 08:00:00+00:00,0.24384,0.24776,0.24024,0.24089,69620800.0
2025-08-06 12:00:00+00:00,0.24089,0.24684,0.23712,0.24605,62144207.0
2025-08-06 16:00:00+00:00,0.24605,0.24981,0.24364,0.24467,64927641.0
2025-08-06 20:00:00+00:00,0.24467,0.24668,0.24326,0.24448,34813573.0
2025-08-07 00:00:00+00:00,0.24448,0.24768,0.24157,0.24169,27548958.0
2025-08-07 04:00:00+00:00,0.24169,0.24723,0.24146,0.24448,27607378.0
2025-08-07 08:00:00+00:00,0.24448,0.25476,0.24443,0.2536,80875802.0
2025-08-07 12:00:00+00:00,0.2536,0.25487,0.24989,0.25253,56663482.0
2025-08-07 16:00:00+00:00,0.25253,0.25446,0.24636,0.25432,70919829.0
2025-08-07 20:00:00+00:00,0.25432,0.2608,0.253,0.25976,89022290.0
2025-08-08 00:00:00+00:00,0.25976,0.26604,0.2579,0.26402,115650921.0
2025-08-08 04:00:00+00:00,0.26402,0.26564,0.26062,0.26372,54518613.0
2025-08-08 08:00:00+00:00,0.26372,0.2664,0.2617,0.26314,49849153.0
2025-08-08 12:00:00+00:00,0.26314,0.26833,0.25511,0.2566,127810930.0
2025-08-08 16:00:00+00:00,0.2566,0.26424,0.25478,0.26356,69059367.0
2025-08-08 20:00:00+00:00,0.26356,0.26387,0.26098,0.26175,28257388.0
2025-08-09 00:00:00+00:00,0.26175,0.26473,0.26075,0.2612,27272682.0
2025-08-09 04:00:00+00:00,0.2612,0.26968,0.26104,0.26662,71044033.0
2025-08-09 08:00:00+00:00,0.26662,0.26931,0.2649,0.26503,50576656.0
2025-08-09 12:00:00+00:00,0.26503,0.26944,0.26051,0.26296,88795992.0
2025-08-09 16:00:00+00:00,0.26296,0.26818,0.26243,0.26589,35554592.0
2025-08-09 20:00:00+00:00,0.26589,0.26794,0.26291,0.26592,55098652.0
2025-08-10 00:00:00+00:00,0.26592,0.26878,0.26367,0.26803,46486580.0
2025-08-10 04:00:00+00:00,0.26803,0.27184,0.2568,0.25718,93555369.0
2025-08-10 08:00:00+00:00,0.25718,0.25962,0.25438,0.25594,76299473.0
2025-08-10 12:00:00+00:00,0.25594,0.2606,0.25525,0.25916,46549384.0
2025-08-10 16:00:00+00:00,0.25916,0.26132,0.25778,0.25988,22215944.0
2025-08-10 20:00:00+00:00,0.25988,0.26017,0.25501,0.2592,36474920.0
2025-08-11 00:00:00+00:00,0.2592,0.27,0.25748,0.26598,66343580.0
2025-08-11 04:00:00+00:00,0.26598,0.268,0.2608,0.26146,45115444.0
2025-08-11 08:00:00+00:00,0.26146,0.26475,0.25157,0.25253,83877156.0
2025-08-11 12:00:00+00:00,0.25253,0.25644,0.25015,0.25383,86235461.0
2025-08-11 16:00:00+00:00,0.25383,0.256,0.24688,0.24731,62038841.0
2025-08-11 20:00:00+00:00,0.24731,0.24937,0.24321,0.24636,70977835.0
2025-08-12 00:00:00+00:00,0.24636,0.25097,0.24616,0.24843,22961668.0
2025-08-12 04:00:00+00:00,0.24843,0.25011,0.24462,0.24874,32461727.0
2025-08-12 08:00:00+00:00,0.24874,0.24916,0.24452,0.24657,28716904.0
2025-08-12 12:00:00+00:00,0.24657,0.25615,0.24599,0.25603,90005194.0
2025-08-12 16:00:00+00:00,0.25603,0.26168,0.25385,0.26161,59745172.0
2025-08-12 20:00:00+00:00,0.26161,0.26421,0.25947,0.261,68787365.0
2025-08-13 00:00:00+00:00,0.261,0.26286,0.25592,0.26176,47877699.0
2025-08-13 04:00:00+00:00,0.26176,0.26363,0.25805,0.26303,36567190.0
2025-08-13 08:00:00+00:00,0.26303,0.26775,0.26295,0.26468,65569890.0
2025-08-13 12:00:00+00:00,0.26468,0.2678,0.25957,0.26268,114861592.0
2025-08-13 16:00:00+00:00,0.26268,0.26508,0.26141,0.26484,52942372.0
2025-08-13 20:00:00+00:00,0.26484,0.26774,0.26223,0.2661,47317577.0
2025-08-14 00:00:00+00:00,0.2661,0.27641,0.26551,0.27336,105753409.0
2025-08-14 04:00:00+00:00,0.27336,0.27494,0.2653,0.27049,99469924.0
2025-08-14 08:00:00+00:00,0.27049,0.27065,0.26181,0.26239,111092056.0
2025-08-14 12:00:00+00:00,0.26239,0.26432,0.24559,0.25214,338335705.0
2025-08-14 16:00:00+00:00,0.25214,0.25216,0.24535,0.24838,73015806.0
2025-08-14 20:00:00+00:00,0.24838,0.24994,0.24378,0.2485,44309453.0
2025-08-15 00:00:00+00:00,0.2485,0.25422,0.24762,0.25414,36839399.0
2025-08-15 04:00:00+00:00,0.25414,0.25666,0.2506,0.2551,46125770.0
2025-08-15 08:00:00+00:00,0.2551,0.25846,0.25206,0.25275,46935192.0
2025-08-15 12:00:00+00:00,0.25275,0.25604,0.24202,0.24349,132039644.0
2025-08-15 16:00:00+00:00,0.24349,0.24603,0.2403,0.24418,69745062.0
2025-08-15 20:00:00+00:00,0.24418,0.25129,0.24315,0.24741,62184883.0
2025-08-16 00:00:00+00:00,0.24741,0.25504,0.24702,0.25034,72056540.0
2025-08-16 04:00:00+00:00,0.25034,0.25091,0.24762,0.24984,34148872.0
2025-08-16 08:00:00+00:00,0.24984,0.2521,0.24801,0.24802,30707147.0
2025-08-16 12:00:00+00:00,0.24802,0.25205,0.24704,0.25011,35618356.0
2025-08-16 16:00:00+00:00,0.25011,0.25149,0.24883,0.25092,16276312.0
2025-08-16 20:00:00+00:00,0.25092,0.25239,0.25023,0.25217,18085962.0
2025-08-17 00:00:00+00:00,0.25217,0.25385,0.25035,0.25338,23903596.0
2025-08-17 04:00:00+00:00,0.25338,0.25606,0.25292,0.2543,28892880.0
2025-08-17 08:00:00+00:00,0.2543,0.25715,0.25383,0.2565,32392454.0
2025-08-17 12:00:00+00:00,0.2565,0.25879,0.25408,0.25879,28716535.0
2025-08-17 16:00:00+00:00,0.25879,0.26036,0.25068,0.25167,56840162.0
2025-08-17 20:00:00+00:00,0.25167,0.25517,0.25116,0.25198,28387411.0
2025-08-18 00:00:00+00:00,0.25198,0.25273,0.24146,0.24383,92023054.0
2025-08-18 04:00:00+00:00,0.24383,0.24677,0.24173,0.2426,57051630.0
2025-08-18 08:00:00+00:00,0.2426,0.24305,0.2383,0.24031,74640548.0
2025-08-18 12:00:00+00:00,0.24031,0.24524,0.23977,0.24496,57438641.0
2025-08-18 16:00:00+00:00,0.24496,0.24809,0.24257,0.2448,51033847.0
2025-08-18 20:00:00+00:00,0.2448,0.2492,0.24364,0.24485,36309627.0
2025-08-19 00:00:00+00:00,0.24485,0.24737,0.23802,0.23815,47757930.0
2025-08-19 04:00:00+00:00,0.23815,0.24115,0.23622,0.23906,47335862.0
2025-08-19 08:00:00+00:00,0.23906,0.24305,0.23741,0.24204,34788198.0
2025-08-19 12:00:00+00:00,0.24204,0.24274,0.23462,0.23533,71683072.0
2025-08-19 16:00:00+00:00,0.23533,0.2362,0.23176,0.233,66052019.0
2025-08-19 20:00:00+00:00,0.233,0.23548,0.23036,0.23145,44633547.0
2025-08-20 00:00:00+00:00,0.23145,0.2353,0.23039,0.23358,41340885.0
2025-08-20 04:00:00+00:00,0.23358,0.23549,0.23341,0.23376,28461558.0
2025-08-20 08:00:00+00:00,0.23376,0.2366,0.23046,0.23356,45960982.0
2025-08-20 12:00:00+00:00,0.23356,0.23807,0.22906,0.23558,116664494.0
2025-08-20 16:00:00+00:00,0.23558,0.24237,0.23552,0.24222,53266909.0
2025-08-20 20:00:00+00:00,0.24222,0.24283,0.24041,0.24161,25996488.0
2025-08-21 00:00:00+00:00,0.24161,0.24318,0.23832,0.23916,31463933.0
2025-08-21 04:00:00+00:00,0.23916,0.24002,0.23625,0.23824,32167765.0
2025-08-21 08:00:00+00:00,0.23824,0.23851,0.23505,0.23615,38010209.0
2025-08-21 12:00:00+00:00,0.23615,0.23915,0.23325,0.23368,65597317.0
2025-08-21 16:00:00+00:00,0.23368,0.23698,0.23216,0.23473,44562726.0
2025-08-21 20:00:00+00:00,0.23473,0.2376,0.23375,0.23543,25970343.0
2025-08-22 00:00:00+00:00,0.23543,0.23855,0.23429,0.23495,30730045.0
2025-08-22 04:00:00+00:00,0.23495,0.23768,0.23457,0.23688,26356464.0
2025-08-22 08:00:00+00:00,0.23688,0.23859,0.23175,0.23202,34126476.0
2025-08-22 12:00:00+00:00,0.23202,0.25195,0.22784,0.24923,304805614.0
2025-08-22 16:00:00+00:00,0.24923,0.25684,0.24915,0.2555,94394715.0
2025-08-22 20:00:00+00:00,0.2555,0.25899,0.25501,0.25694,43098481.0
2025-08-23 00:00:00+00:00,0.25694,0.25717,0.2469,0.24744,52859272.0
2025-08-23 04:00:00+00:00,0.24744,0.25574,0.24725,0.25126,43040641.0
2025-08-23 08:00:00+00:00,0.25126,0.25197,0.24889,0.25026,23462961.0
2025-08-23 12:00:00+00:00,0.25026,0.25093,0.24802,0.2489,33378632.0
2025-08-23 16:00:00+00:00,0.2489,0.25346,0.24807,0.25346,16033647.0
2025-08-23 20:00:00+00:00,0.25346,0.25457,0.25206,0.25332,19292297.0
2025-08-24 00:00:00+00:00,0.25332,0.25377,0.25041,0.25178,15184433.0
2025-08-24 04:00:00+00:00,0.25178,0.25241,0.24692,0.24697,21130213.0
2025-08-24 08:00:00+00:00,0.24697,0.24854,0.24294,0.24407,33385546.0
2025-08-24 12:00:00+00:00,0.24407,0.24946,0.24379,0.24679,37479894.0
2025-08-24 16:00:00+00:00,0.24679,0.26079,0.24577,0.25164,221260594.0
2025-08-24 20:00:00+00:00,0.25164,0.25194,0.24556,0.2481,110619949.0
2025-08-25 00:00:00+00:00,0.2481,0.25089,0.24237,0.24802,81740104.0
2025-08-25 04:00:00+00:00,0.24802,0.24852,0.23761,0.23822,74156524.0
2025-08-25 08:00:00+00:00,0.23822,0.24016,0.23486,0.23627,95935327.0
2025-08-25 12:00:00+00:00,0.23627,0.24159,0.2354,0.2379,52115056.0
2025-08-25 16:00:00+00:00,0.2379,0.23987,0.23119,0.2316,53840118.0
2025-08-25 20:00:00+00:00,0.2316,0.23267,0.22651,0.23062,99492757.0
2025-08-26 00:00:00+00:00,0.23062,0.23595,0.22957,0.23354,63976062.0
2025-08-26 04:00:00+00:00,0.23354,0.23834,0.23352,0.23592,32422609.0
2025-08-26 08:00:00+00:00,0.23592,0.23851,0.23318,0.23443,38595136.0
2025-08-26 12:00:00+00:00,0.23443,0.23881,0.23287,0.23598,71505160.0
2025-08-26 16:00:00+00:00,0.23598,0.24499,0.23545,0.24395,30019782.0
2025-08-26 20:00:00+00:00,0.24395,0.24465,0.24133,0.24164,46297262.0
2025-08-27 00:00:00+00:00,0.24164,0.24295,0.23876,0.24132,42324128.0
2025-08-27 04:00:00+00:00,0.24132,0.24324,0.23898,0.23984,18100572.0
2025-08-27 08:00:00+00:00,0.23984,0.24201,0.23867,0.24089,21348322.0
2025-08-27 12:00:00+00:00,0.24089,0.24349,0.23846,0.24114,50157682.0
2025-08-27 16:00:00+00:00,0.24114,0.24292,0.23927,0.24024,29244121.0
2025-08-27 20:00:00+00:00,0.24024,0.24282,0.23692,0.2375,75747596.0
2025-08-28 00:00:00+00:00,0.2375,0.2399,0.23595,0.23844,33040456.0
2025-08-28 04:00:00+00:00,0.23844,0.24136,0.23799,0.24008,28572833.0
2025-08-28 08:00:00+00:00,0.24008,0.24191,0.23819,0.23875,20500280.0
2025-08-28 12:00:00+00:00,0.23875,0.24173,0.23726,0.23817,73341951.0
2025-08-28 16:00:00+00:00,0.23817,0.23973,0.23538,0.23538,63311150.0
2025-08-28 20:00:00+00:00,0.23538,0.24089,0.23515,0.23914,36517615.0
2025-08-29 00:00:00+00:00,0.23914,0.24032,0.2361,0.2372,39476341.0
2025-08-29 04:00:00+00:00,0.2372,0.23737,0.22983,0.23142,75424651.0
2025-08-29 08:00:00+00:00,0.23142,0.2321,0.22524,0.22834,73081389.0
2025-08-29 12:00:00+00:00,0.22834,0.23357,0.22288,0.22608,138573048.0
2025-08-29 16:00:00+00:00,0.22608,0.2272,0.22401,0.22553,38549338.0
2025-08-29 20:00:00+00:00,0.22553,0.22866,0.22376,0.22782,31240966.0
2025-08-30 00:00:00+00:00,0.22782,0.22856,0.22269,0.22622,56236623.0
2025-08-30 04:00:00+00:00,0.22622,0.22942,0.22572,0.2275,19989964.0
2025-08-30 08:00:00+00:00,0.2275,0.22773,0.22289,0.22617,49097221.0
2025-08-30 12:00:00+00:00,0.22617,0.22639,0.2201,0.2257,75461626.0
2025-08-30 16:00:00+00:00,0.2257,0.22587,0.22369,0.22566,29723759.0
2025-08-30 20:00:00+00:00,0.22566,0.22666,0.22446,0.22563,22534502.0
2025-08-31 00:00:00+00:00,0.22563,0.2286,0.22546,0.22764,20737619.0
2025-08-31 04:00:00+00:00,0.22764,0.22774,0.22398,0.22407,18126381.0
2025-08-31 08:00:00+00:00,0.22407,0.22699,0.22358,0.22486,25189352.0
2025-08-31 12:00:00+00:00,0.22486,0.22563,0.22217,0.22551,28304637.0
2025-08-31 16:00:00+00:00,0.22551,0.22568,0.22252,0.22265,20874231.0
2025-08-31 20:00:00+00:00,0.22265,0.22415,0.21815,0.2189,76048367.0
2025-09-01 00:00:00+00:00,0.2189,0.21898,0.21218,0.21488,123935675.0
2025-09-01 04:00:00+00:00,0.21488,0.22084,0.21158,0.22037,77593193.0
2025-09-01 08:00:00+00:00,0.22037,0.22363,0.21812,0.21832,70880202.0
2025-09-01 12:00:00+00:00,0.21832,0.21913,0.21448,0.21547,53962930.0
2025-09-01 16:00:00+00:00,0.21547,0.21642,0.2126,0.21622,42179140.0
2025-09-01 20:00:00+00:00,0.21622,0.21627,0.21044,0.21456,82709095.0
2025-09-02 00:00:00+00:00,0.21456,0.21878,0.21259,0.21803,28521699.0
2025-09-02 04:00:00+00:00,0.21803,0.22013,0.21675,0.21746,35419860.0
2025-09-02 08:00:00+00:00,0.21746,0.21954,0.21615,0.21645,36316999.0
2025-09-02 12:00:00+00:00,0.21645,0.21769,0.21127,0.2118,122698137.0
2025-09-02 16:00:00+00:00,0.2118,0.21569,0.21176,0.21399,32688999.0
2025-09-02 20:00:00+00:00,0.21399,0.22074,0.21372,0.22057,51345717.0
2025-09-03 00:00:00+00:00,0.22057,0.22293,0.21864,0.22034,33050424.0
2025-09-03 04:00:00+00:00,0.22034,0.22081,0.21755,0.21888,31310009.0
2025-09-03 08:00:00+00:00,0.21888,0.22177,0.21869,0.2203,32118159.0
2025-09-03 12:00:00+00:00,0.2203,0.22342,0.21936,0.22164,52465840.0
2025-09-03 16:00:00+00:00,0.22164,0.22238,0.21951,0.22089,29519543.0
2025-09-03 20:00:00+00:00,0.22089,0.22119,0.21867,0.21923,17479108.0
2025-09-04 00:00:00+00:00,0.21923,0.22007,0.2163,0.21691,28383596.0
2025-09-04 04:00:00+00:00,0.21691,0.21781,0.21439,0.2149,27788827.0
2025-09-04 08:00:00+00:00,0.2149,0.21594,0.21396,0.21399,25995652.0
2025-09-04 12:00:00+00:00,0.21399,0.21602,0.21153,0.21209,126912703.0
2025-09-04 16:00:00+00:00,0.21209,0.21314,0.21078,0.21099,29516093.0
2025-09-04 20:00:00+00:00,0.21099,0.21511,0.21083,0.21341,22366957.0
2025-09-05 00:00:00+00:00,0.21341,0.21537,0.2123,0.21515,21574903.0
2025-09-05 04:00:00+00:00,0.21515,0.21926,0.21436,0.21911,24471142.0
2025-09-05 08:00:00+00:00,0.21911,0.2207,0.2179,0.22046,39238276.0
2025-09-05 12:00:00+00:00,0.22046,0.22397,0.21628,0.21766,136109838.0
2025-09-05 16:00:00+00:00,0.21766,0.22043,0.21559,0.22038,28055668.0
2025-09-05 20:00:00+00:00,0.22038,0.22082,0.21779,0.21809,25613963.0
2025-09-06 00:00:00+00:00,0.21809,0.2196,0.21755,0.21802,10466666.0
2025-09-06 04:00:00+00:00,0.21802,0.21802,0.21588,0.21722,13646508.0
2025-09-06 08:00:00+00:00,0.21722,0.21723,0.21526,0.21615,9602418.0
2025-09-06 12:00:00+00:00,0.21615,0.21729,0.21519,0.21535,13025895.0
2025-09-06 16:00:00+00:00,0.21535,0.21604,0.21365,0.21383,24264958.0
2025-09-06 20:00:00+00:00,0.21383,0.21495,0.21355,0.21446,15277297.0
2025-09-07 00:00:00+00:00,0.21446,0.2186,0.21422,0.21789,14923095.0
2025-09-07 04:00:00+00:00,0.21789,0.22061,0.21789,0.21957,17788545.0
2025-09-07 08:00:00+00:00,0.21957,0.22092,0.21922,0.21994,13109096.0
2025-09-07 12:00:00+00:00,0.21994,0.22174,0.21837,0.21989,52680951.0
2025-09-07 16:00:00+00:00,0.21989,0.2202,0.21715,0.21805,21944866.0
2025-09-07 20:00:00+00:00,0.21805,0.22074,0.21778,0.21944,15954429.0
2025-09-08 00:00:00+00:00,0.21944,0.22251,0.21788,0.22084,35957003.0
2025-09-08 04:00:00+00:00,0.22084,0.22165,0.21964,0.22113,17271301.0
2025-09-08 08:00:00+00:00,0.22113,0.22521,0.22106,0.22271,58062081.0
2025-09-08 12:00:00+00:00,0.22271,0.22783,0.22251,0.22713,61775215.0
2025-09-08 16:00:00+00:00,0.22713,0.22756,0.22472,0.22552,27487876.0
2025-09-08 20:00:00+00:00,0.22552,0.22718,0.22404,0.22632,17856656.0
2025-09-09 00:00:00+00:00,0.22632,0.22846,0.22367,0.22623,30851680.0
2025-09-09 04:00:00+00:00,0.22623,0.23297,0.22571,0.23215,54606846.0
2025-09-09 08:00:00+00:00,0.23215,0.23409,0.23143,0.23191,44058476.0
2025-09-09 12:00:00+00:00,0.23191,0.23493,0.22461,0.22554,98360798.0
2025-09-09 16:00:00+00:00,0.22554,0.22843,0.22467,0.22734,25761895.0
2025-09-09 20:00:00+00:00,0.22734,0.22913,0.22674,0.22803,24170678.0
2025-09-10 00:00:00+00:00,0.22803,0.23139,0.22663,0.23129,31057469.0
2025-09-10 04:00:00+00:00,0.23129,0.23311,0.2293,0.23267,21502763.0
2025-09-10 08:00:00+00:00,0.23267,0.2337,0.23024,0.23124,28984535.0
2025-09-10 12:00:00+00:00,0.23124,0.23674,0.23079,0.23338,84554923.0
2025-09-10 16:00:00+00:00,0.23338,0.2343,0.22979,0.23056,34320047.0
2025-09-10 20:00:00+00:00,0.23056,0.23412,0.23046,0.23412,17183519.0
2025-09-11 00:00:00+00:00,0.23412,0.23603,0.23362,0.2358,19833861.0
2025-09-11 04:00:00+00:00,0.2358,0.23771,0.23478,0.2367,27819126.0
2025-09-11 08:00:00+00:00,0.2367,0.23888,0.23629,0.23684,30925752.0
2025-09-11 12:00:00+00:00,0.23684,0.24143,0.23328,0.23338,122229778.0
2025-09-11 16:00:00+00:00,0.23338,0.23635,0.23331,0.23571,23090115.0
2025-09-11 20:00:00+00:00,0.23571,0.2406,0.23424,0.23962,79788569.0
2025-09-12 00:00:00+00:00,0.23962,0.24318,0.2393,0.24242,40038743.0
2025-09-12 04:00:00+00:00,0.24242,0.24553,0.24133,0.24197,47688331.0
2025-09-12 08:00:00+00:00,0.24197,0.24222,0.23921,0.23936,33795568.0
2025-09-12 12:00:00+00:00,0.23936,0.24289,0.23773,0.2409,54420879.0
2025-09-12 16:00:00+00:00,0.2409,0.24466,0.24045,0.24437,50490418.0
2025-09-12 20:00:00+00:00,0.24437,0.24571,0.24224,0.24546,40255455.0
2025-09-13 00:00:00+00:00,0.24546,0.2475,0.24393,0.24654,28036717.0
2025-09-13 04:00:00+00:00,0.24654,0.24717,0.24478,0.24641,20443116.0
2025-09-13 08:00:00+00:00,0.24641,0.25299,0.24641,0.25253,52678666.0
2025-09-13 12:00:00+00:00,0.25253,0.25467,0.24798,0.24902,74540342.0
2025-09-13 16:00:00+00:00,0.24902,0.25014,0.24366,0.24612,57973233.0
2025-09-13 20:00:00+00:00,0.24612,0.24916,0.24606,0.24806,24699476.0
2025-09-14 00:00:00+00:00,0.24806,0.24837,0.2435,0.2438,41539722.0
2025-09-14 04:00:00+00:00,0.2438,0.24528,0.24159,0.24314,34998313.0
2025-09-14 08:00:00+00:00,0.24314,0.24495,0.24007,0.2406,38125938.0
2025-09-14 12:00:00+00:00,0.2406,0.24164,0.2367,0.23833,56846158.0
2025-09-14 16:00:00+00:00,0.23833,0.24301,0.23792,0.23963,29558034.0
2025-09-14 20:00:00+00:00,0.23963,0.24302,0.23874,0.2406,24885772.0
2025-09-15 00:00:00+00:00,0.2406,0.24275,0.23843,0.24216,22499606.0
2025-09-15 04:00:00+00:00,0.24216,0.2432,0.2371,0.23757,53851141.0
2025-09-15 08:00:00+00:00,0.23757,0.23757,0.23156,0.23361,87063676.0
2025-09-15 12:00:00+00:00,0.23361,0.23517,0.23056,0.23163,68244367.0
2025-09-15 16:00:00+00:00,0.23163,0.23532,0.2298,0.23432,43218942.0
2025-09-15 20:00:00+00:00,0.23432,0.2372,0.23378,0.2369,19567631.0
2025-09-16 00:00:00+00:00,0.2369,0.23694,0.2338,0.23384,17270235.0
2025-09-16 04:00:00+00:00,0.23384,0.23537,0.23142,0.23468,20469474.0
2025-09-16 08:00:00+00:00,0.23468,0.23808,0.23468,0.23632,26547948.0
2025-09-16 12:00:00+00:00,0.23632,0.23842,0.23318,0.23673,60522059.0
2025-09-16 16:00:00+00:00,0.23673,0.23972,0.23491,0.23816,34224832.0
2025-09-16 20:00:00+00:00,0.23816,0.23978,0.23752,0.2379,16405985.0
2025-09-17 00:00:00+00:00,0.2379,0.23859,0.23586,0.236,19830150.0
2025-09-17 04:00:00+00:00,0.236,0.23868,0.2338,0.2376,26271366.0
2025-09-17 08:00:00+00:00,0.2376,0.23766,0.23341,0.23435,27506669.0
2025-09-17 12:00:00+00:00,0.23435,0.23554,0.23277,0.23396,25275273.0
2025-09-17 16:00:00+00:00,0.23396,0.24155,0.23248,0.23742,154329966.0
2025-09-17 20:00:00+00:00,0.23742,0.2455,0.23518,0.24304,80264030.0
2025-09-18 00:00:00+00:00,0.24304,0.24581,0.24164,0.24575,30247084.0
2025-09-18 04:00:00+00:00,0.24575,0.24702,0.24151,0.24608,38893216.0
2025-09-18 08:00:00+00:00,0.24608,0.25228,0.24562,0.24784,91238129.0
2025-09-18 12:00:00+00:00,0.24784,0.24892,0.2457,0.24695,52793700.0
2025-09-18 16:00:00+00:00,0.24695,0.24959,0.24628,0.2491,54533412.0
2025-09-18 20:00:00+00:00,0.2491,0.24985,0.24478,0.24619,35123609.0
2025-09-19 00:00:00+00:00,0.24619,0.25023,0.24441,0.24475,56486737.0
2025-09-19 04:00:00+00:00,0.24475,0.24655,0.24209,0.24427,37418317.0
2025-09-19 08:00:00+00:00,0.24427,0.24604,0.23923,0.23972,37403360.0
2025-09-19 12:00:00+00:00,0.23972,0.24184,0.23622,0.2382,57965500.0
2025-09-19 16:00:00+00:00,0.2382,0.23983,0.23587,0.23702,34901999.0
2025-09-19 20:00:00+00:00,0.23702,0.24019,0.2367,0.23868,20969845.0
2025-09-20 00:00:00+00:00,0.23868,0.2409,0.23779,0.23964,18848313.0
2025-09-20 04:00:00+00:00,0.23964,0.24531,0.23923,0.24419,21560075.0
2025-09-20 08:00:00+00:00,0.24419,0.24473,0.23946,0.24158,22664870.0
2025-09-20 12:00:00+00:00,0.24158,0.24692,0.24075,0.24476,41644402.0
2025-09-20 16:00:00+00:00,0.24476,0.24529,0.24173,0.24238,20289995.0
2025-09-20 20:00:00+00:00,0.24238,0.24389,0.24152,0.24176,12340322.0
2025-09-21 00:00:00+00:00,0.24176,0.24266,0.24039,0.24208,14936215.0
2025-09-21 04:00:00+00:00,0.24208,0.24283,0.24039,0.24083,14906546.0
2025-09-21 08:00:00+00:00,0.24083,0.24089,0.23632,0.23675,35748284.0
2025-09-21 12:00:00+00:00,0.23675,0.23789,0.23549,0.23557,20273126.0
2025-09-21 16:00:00+00:00,0.23557,0.23694,0.23363,0.23613,26546358.0
2025-09-21 20:00:00+00:00,0.23613,0.23624,0.2333,0.23389,11734225.0
2025-09-22 00:00:00+00:00,0.23389,0.2347,0.22368,0.22659,85130231.0
2025-09-22 04:00:00+00:00,0.22659,0.22683,0.20943,0.21682,146029030.0
2025-09-22 08:00:00+00:00,0.21682,0.21776,0.21387,0.2169,38616267.0
2025-09-22 12:00:00+00:00,0.2169,0.22203,0.21631,0.21886,55603906.0
2025-09-22 16:00:00+00:00,0.21886,0.22039,0.2167,0.21701,37669732.0
2025-09-22 20:00:00+00:00,0.21701,0.22233,0.21643,0.22204,19237556.0
2025-09-23 00:00:00+00:00,0.22204,0.2226,0.21823,0.22072,42952668.0
2025-09-23 04:00:00+00:00,0.22072,0.22443,0.21925,0.22363,28973757.0
2025-09-23 08:00:00+00:00,0.22363,0.22512,0.2212,0.22204,21373925.0
2025-09-23 12:00:00+00:00,0.22204,0.2237,0.22092,0.22276,26609011.0
2025-09-23 16:00:00+00:00,0.22276,0.22394,0.21842,0.21884,40631900.0
2025-09-23 20:00:00+00:00,0.21884,0.22138,0.21814,0.21891,17565798.0
2025-09-24 00:00:00+00:00,0.21891,0.2226,0.21818,0.21842,26751988.0
2025-09-24 04:00:00+00:00,0.21842,0.22374,0.21598,0.22354,39947782.0
2025-09-24 08:00:00+00:00,0.22354,0.22475,0.2225,0.22414,26075489.0
2025-09-24 12:00:00+00:00,0.22414,0.22617,0.22231,0.224,27851306.0
2025-09-24 16:00:00+00:00,0.224,0.22516,0.2231,0.22395,17021352.0
2025-09-24 20:00:00+00:00,0.22395,0.22417,0.22076,0.22105,15890498.0
2025-09-25 00:00:00+00:00,0.22105,0.22185,0.21662,0.2182,47122331.0
2025-09-25 04:00:00+00:00,0.2182,0.21868,0.21218,0.21351,71527300.0
2025-09-25 08:00:00+00:00,0.21351,0.21504,0.2113,0.21161,44342706.0
2025-09-25 12:00:00+00:00,0.21161,0.21911,0.20889,0.21496,91152744.0
2025-09-25 16:00:00+00:00,0.21496,0.21525,0.20523,0.20919,108549236.0
2025-09-25 20:00:00+00:00,0.20919,0.21005,0.20569,0.20735,39810049.0
2025-09-26 00:00:00+00:00,0.20735,0.21148,0.20721,0.20983,32229552.0
2025-09-26 04:00:00+00:00,0.20983,0.21022,0.20606,0.20742,37004016.0
2025-09-26 08:00:00+00:00,0.20742,0.20947,0.20488,0.2073,35408528.0
2025-09-26 12:00:00+00:00,0.2073,0.21085,0.20557,0.20952,61878931.0
2025-09-26 16:00:00+00:00,0.20952,0.2162,0.20927,0.21393,39871714.0
2025-09-26 20:00:00+00:00,0.21393,0.21491,0.21325,0.21426,14989099.0
2025-09-27 00:00:00+00:00,0.21426,0.21426,0.21206,0.2132,12070454.0
2025-09-27 04:00:00+00:00,0.2132,0.21413,0.21235,0.21267,5510338.0
2025-09-27 08:00:00+00:00,0.21267,0.2152,0.2115,0.21314,33311195.0
2025-09-27 12:00:00+00:00,0.21314,0.21424,0.21204,0.21329,14798591.0
2025-09-27 16:00:00+00:00,0.21329,0.21338,0.21126,0.2124,10488075.0
2025-09-27 20:00:00+00:00,0.2124,0.21424,0.21209,0.21256,16118946.0
2025-09-28 00:00:00+00:00,0.21256,0.21275,0.21031,0.21096,16985554.0
2025-09-28 04:00:00+00:00,0.21096,0.21147,0.20969,0.2106,9779081.0
2025-09-28 08:00:00+00:00,0.2106,0.21102,0.20792,0.20848,13819766.0
2025-09-28 12:00:00+00:00,0.20848,0.21123,0.20721,0.21119,17538059.0
2025-09-28 16:00:00+00:00,0.21119,0.21434,0.21119,0.21282,13982018.0
2025-09-28 20:00:00+00:00,0.21282,0.21686,0.21263,0.21597,22494762.0
2025-09-29 00:00:00+00:00,0.21597,0.21658,0.2148,0.21603,10403737.0
2025-09-29 04:00:00+00:00,0.21603,0.2161,0.2136,0.21504,10553401.0
2025-09-29 08:00:00+00:00,0.21504,0.21632,0.21223,0.21396,14586343.0
2025-09-29 12:00:00+00:00,0.21396,0.21988,0.21187,0.21691,52309146.0
2025-09-29 16:00:00+00:00,0.21691,0.21787,0.21374,0.21665,26536580.0
2025-09-29 20:00:00+00:00,0.21665,0.21906,0.21643,0.21666,22503104.0
2025-09-30 00:00:00+00:00,0.21666,0.21773,0.21447,0.21499,23708147.0
2025-09-30 04:00:00+00:00,0.21499,0.21625,0.21325,0.21369,16871401.0
2025-09-30 08:00:00+00:00,0.21369,0.21399,0.21168,0.2137,19453758.0
2025-09-30 12:00:00+00:00,0.2137,0.21435,0.20995,0.2111,36050234.0
2025-09-30 16:00:00+00:00,0.2111,0.21509,0.2089,0.21494,31841283.0
2025-09-30 20:00:00+00:00,0.21494,0.21759,0.21383,0.21493,25571074.0
2025-10-01 00:00:00+00:00,0.21493,0.21589,0.21015,0.21043,19267929.0
2025-10-01 04:00:00+00:00,0.21043,0.21393,0.21028,0.2115,17605312.0
2025-10-01 08:00:00+00:00,0.2115,0.2226,0.21141,0.22081,87230415.0
2025-10-01 12:00:00+00:00,0.22081,0.22292,0.21908,0.22242,46419786.0
2025-10-01 16:00:00+00:00,0.22242,0.2241,0.22107,0.22334,26703571.0
2025-10-01 20:00:00+00:00,0.22334,0.22437,0.22142,0.22425,25314610.0
2025-10-02 00:00:00+00:00,0.22425,0.22815,0.22322,0.22717,39396495.0
2025-10-02 04:00:00+00:00,0.22717,0.22841,0.22538,0.22648,26452652.0
2025-10-02 08:00:00+00:00,0.22648,0.2281,0.22571,0.22681,14985184.0
2025-10-02 12:00:00+00:00,0.22681,0.2279,0.22138,0.22572,53756684.0
2025-10-02 16:00:00+00:00,0.22572,0.23027,0.22536,0.22939,31059334.0
2025-10-02 20:00:00+00:00,0.22939,0.22968,0.22621,0.22736,23661166.0
2025-10-03 00:00:00+00:00,0.22736,0.22742,0.22361,0.22456,29119074.0
2025-10-03 04:00:00+00:00,0.22456,0.22618,0.22301,0.22368,13470875.0
2025-10-03 08:00:00+00:00,0.22368,0.22496,0.22241,0.22299,17148017.0
2025-10-03 12:00:00+00:00,0.22299,0.22586,0.22007,0.22563,59510461.0
2025-10-03 16:00:00+00:00,0.22563,0.22984,0.22247,0.22499,95491663.0
2025-10-03 20:00:00+00:00,0.22499,0.22609,0.22385,0.22528,12659681.0
2025-10-04 00:00:00+00:00,0.22528,0.22615,0.2216,0.22293,15377359.0
2025-10-04 04:00:00+00:00,0.22293,0.22536,0.22273,0.22389,12162089.0
2025-10-04 08:00:00+00:00,0.22389,0.22389,0.21858,0.21932,29886071.0
2025-10-04 12:00:00+00:00,0.21932,0.22062,0.21478,0.21537,44280975.0
2025-10-04 16:00:00+00:00,0.21537,0.21661,0.21489,0.21615,14576608.0
2025-10-04 20:00:00+00:00,0.21615,0.21759,0.21592,0.21694,12311524.0
2025-10-05 00:00:00+00:00,0.21694,0.22211,0.21596,0.21987,34280897.0
2025-10-05 04:00:00+00:00,0.21987,0.22547,0.21955,0.22528,38344213.0
2025-10-05 08:00:00+00:00,0.22528,0.22665,0.21986,0.22102,52704436.0
2025-10-05 12:00:00+00:00,0.22102,0.22184,0.2192,0.2203,23016798.0
2025-10-05 16:00:00+00:00,0.2203,0.22059,0.21423,0.21451,44232262.0
2025-10-05 20:00:00+00:00,0.21451,0.21717,0.21417,0.21626,20504478.0
2025-10-06 00:00:00+00:00,0.21626,0.21832,0.21501,0.21785,23050549.0
2025-10-06 04:00:00+00:00,0.21785,0.22076,0.21648,0.21939,17537662.0
2025-10-06 08:00:00+00:00,0.21939,0.22321,0.21939,0.22274,30281968.0
2025-10-06 12:00:00+00:00,0.22274,0.23362,0.22274,0.23062,109870259.0
2025-10-06 16:00:00+00:00,0.23062,0.23105,0.2277,0.23021,42542763.0
2025-10-06 20:00:00+00:00,0.23021,0.23309,0.22925,0.23017,47185840.0
2025-10-07 00:00:00+00:00,0.23017,0.23108,0.22776,0.22844,24802874.0
2025-10-07 04:00:00+00:00,0.22844,0.23007,0.22479,0.22544,39311251.0
2025-10-07 08:00:00+00:00,0.22544,0.22613,0.22338,0.22548,35641820.0
2025-10-07 12:00:00+00:00,0.22548,0.22817,0.21637,0.21717,117472781.0
2025-10-07 16:00:00+00:00,0.21717,0.21998,0.21602,0.21742,48742796.0
2025-10-07 20:00:00+00:00,0.21742,0.22152,0.21735,0.21801,36713375.0
2025-10-08 00:00:00+00:00,0.21801,0.22141,0.21612,0.21702,24727569.0
2025-10-08 04:00:00+00:00,0.21702,0.21845,0.21515,0.21697,26420460.0
2025-10-08 08:00:00+00:00,0.21697,0.219,0.21673,0.21749,21138400.0
2025-10-08 12:00:00+00:00,0.21749,0.21997,0.21552,0.21691,28954691.0
2025-10-08 16:00:00+00:00,0.21691,0.22225,0.21637,0.22003,37716669.0
2025-10-08 20:00:00+00:00,0.22003,0.22076,0.21838,0.21954,19249619.0
2025-10-09 00:00:00+00:00,0.21954,0.21988,0.21268,0.21428,52256953.0
2025-10-09 04:00:00+00:00,0.21428,0.21519,0.21201,0.21226,23929183.0
2025-10-09 08:00:00+00:00,0.21226,0.21335,0.20969,0.21282,55990796.0
2025-10-09 12:00:00+00:00,0.21282,0.21732,0.20986,0.21096,85899596.0
2025-10-09 16:00:00+00:00,0.21096,0.2121,0.20852,0.21108,42222110.0
2025-10-09 20:00:00+00:00,0.21108,0.21435,0.21032,0.21282,21179571.0
2025-10-10 00:00:00+00:00,0.21282,0.21515,0.21072,0.21393,21233998.0
2025-10-10 04:00:00+00:00,0.21393,0.21591,0.21233,0.21252,15362821.0
2025-10-10 08:00:00+00:00,0.21252,0.21579,0.21215,0.21535,18889659.0
2025-10-10 12:00:00+00:00,0.21535,0.21682,0.2042,0.20646,97416602.0
2025-10-10 16:00:00+00:00,0.20646,0.20807,0.20058,0.20214,66116204.0
2025-10-10 20:00:00+00:00,0.20214,0.20422,0.07796,0.16403,791936677.0
2025-10-11 00:00:00+00:00,0.16403,0.17113,0.16038,0.16761,135567461.0
2025-10-11 04:00:00+00:00,0.16761,0.17133,0.1668,0.16938,55685427.0
2025-10-11 08:00:00+00:00,0.16938,0.17689,0.16851,0.17513,56463011.0
2025-10-11 12:00:00+00:00,0.17513,0.17538,0.16948,0.17471,42413906.0
2025-10-11 16:00:00+00:00,0.17471,0.1759,0.1655,0.16709,58472725.0
2025-10-11 20:00:00+00:00,0.16709,0.16921,0.16163,0.1679,64505644.0
2025-10-12 00:00:00+00:00,0.1679,0.16969,0.1645,0.16848,36499457.0
2025-10-12 04:00:00+00:00,0.16848,0.17232,0.16809,0.172,42161200.0
2025-10-12 08:00:00+00:00,0.172,0.1728,0.16905,0.17034,19052740.0
2025-10-12 12:00:00+00:00,0.17034,0.18134,0.16838,0.18062,93116481.0
2025-10-12 16:00:00+00:00,0.18062,0.18672,0.18062,0.18665,66067199.0
2025-10-12 20:00:00+00:00,0.18665,0.1882,0.18259,0.18513,41849438.0
2025-10-13 00:00:00+00:00,0.18513,0.18626,0.18231,0.18381,46498448.0
2025-10-13 04:00:00+00:00,0.18381,0.18959,0.18292,0.18699,25499506.0
2025-10-13 08:00:00+00:00,0.18699,0.19032,0.18273,0.18614,53724531.0
2025-10-13 12:00:00+00:00,0.18614,0.19099,0.1848,0.18788,73862097.0
2025-10-13 16:00:00+00:00,0.18788,0.19346,0.18713,0.19327,47767265.0
2025-10-13 20:00:00+00:00,0.19327,0.19542,0.19229,0.19422,26141690.0
2025-10-14 00:00:00+00:00,0.19422,0.19493,0.18817,0.18932,35582757.0
2025-10-14 04:00:00+00:00,0.18932,0.18996,0.17697,0.17938,95991894.0
2025-10-14 08:00:00+00:00,0.17938,0.18209,0.17611,0.18023,56909335.0
2025-10-14 12:00:00+00:00,0.18023,0.186,0.17568,0.18558,82030845.0
2025-10-14 16:00:00+00:00,0.18558,0.18886,0.18321,0.18592,96838313.0
2025-10-14 20:00:00+00:00,0.18592,0.19032,0.18468,0.19004,36096576.0
2025-10-15 00:00:00+00:00,0.19004,0.19042,0.18662,0.18738,30398465.0
2025-10-15 04:00:00+00:00,0.18738,0.18977,0.18624,0.18957,29543887.0
2025-10-15 08:00:00+00:00,0.18957,0.19177,0.18641,0.18739,48885004.0
2025-10-15 12:00:00+00:00,0.18739,0.18756,0.18033,0.18115,82389999.0
2025-10-15 16:00:00+00:00,0.18115,0.18248,0.17934,0.1801,48594034.0
2025-10-15 20:00:00+00:00,0.1801,0.18082,0.17721,0.17892,38749885.0
2025-10-16 00:00:00+00:00,0.17892,0.18102,0.1776,0.17889,23997223.0
2025-10-16 04:00:00+00:00,0.17889,0.18084,0.17764,0.17935,23955186.0
2025-10-16 08:00:00+00:00,0.17935,0.18302,0.17453,0.18282,76362680.0
2025-10-16 12:00:00+00:00,0.18282,0.18506,0.17326,0.17427,88087225.0
2025-10-16 16:00:00+00:00,0.17427,0.1778,0.16962,0.17107,85239847.0
2025-10-16 20:00:00+00:00,0.17107,0.17193,0.16859,0.17077,40119528.0
2025-10-17 00:00:00+00:00,0.17077,0.17375,0.17029,0.17218,15451608.0
2025-10-17 04:00:00+00:00,0.17218,0.1723,0.15872,0.15934,76595588.0
2025-10-17 08:00:00+00:00,0.15934,0.16448,0.15691,0.16298,113530163.0
2025-10-17 12:00:00+00:00,0.16298,0.16402,0.15545,0.16067,137847714.0
2025-10-17 16:00:00+00:00,0.16067,0.16372,0.1591,0.16214,71072153.0
2025-10-17 20:00:00+00:00,0.16214,0.16536,0.16176,0.16245,26719635.0
2025-10-18 00:00:00+00:00,0.16245,0.16519,0.16217,0.16453,17460835.0
2025-10-18 04:00:00+00:00,0.16453,0.16654,0.16285,0.16485,23163437.0
2025-10-18 08:00:00+00:00,0.16485,0.16678,0.16465,0.16648,23015579.0
2025-10-18 12:00:00+00:00,0.16648,0.16762,0.16359,0.16465,23591745.0
2025-10-18 16:00:00+00:00,0.16465,0.1659,0.16312,0.16565,23382356.0
2025-10-18 20:00:00+00:00,0.16565,0.16673,0.165,0.16577,15706036.0
2025-10-19 00:00:00+00:00,0.16577,0.16631,0.16426,0.16586,13025577.0
2025-10-19 04:00:00+00:00,0.16586,0.16596,0.16347,0.16435,13582160.0
2025-10-19 08:00:00+00:00,0.16435,0.16893,0.16235,0.16729,96235474.0
2025-10-19 12:00:00+00:00,0.16729,0.17222,0.16623,0.17101,42612043.0
2025-10-19 16:00:00+00:00,0.17101,0.17345,0.17043,0.17179,44788461.0
2025-10-19 20:00:00+00:00,0.17179,0.17244,0.17003,0.17035,22218629.0
2025-10-20 00:00:00+00:00,0.17035,0.1747,0.16673,0.1745,38686343.0
2025-10-20 04:00:00+00:00,0.1745,0.17856,0.17376,0.17741,35008027.0
2025-10-20 08:00:00+00:00,0.17741,0.17996,0.17605,0.17793,29137419.0
2025-10-20 12:00:00+00:00,0.17793,0.18089,0.17683,0.17708,30594783.0
2025-10-20 16:00:00+00:00,0.17708,0.17793,0.17372,0.1772,59391825.0
2025-10-20 20:00:00+00:00,0.1772,0.17807,0.17534,0.17547,22888551.0
2025-10-21 00:00:00+00:00,0.17547,0.1758,0.1716,0.17187,22636461.0
2025-10-21 04:00:00+00:00,0.17187,0.1719,0.16848,0.1709,41027603.0
2025-10-21 08:00:00+00:00,0.1709,0.17311,0.16922,0.17232,29027183.0
2025-10-21 12:00:00+00:00,0.17232,0.18183,0.17102,0.18012,91282932.0
2025-10-21 16:00:00+00:00,0.18012,0.18067,0.17571,0.1769,59534498.0
2025-10-21 20:00:00+00:00,0.1769,0.17697,0.1699,0.17027,50590763.0
2025-10-22 00:00:00+00:00,0.17027,0.17139,0.16908,0.17087,31052871.0
2025-10-22 04:00:00+00:00,0.17087,0.17221,0.16913,0.17084,31531060.0
2025-10-22 08:00:00+00:00,0.17084,0.17084,0.16622,0.16877,50656132.0
2025-10-22 12:00:00+00:00,0.16877,0.17104,0.1671,0.16908,78475392.0
2025-10-22 16:00:00+00:00,0.16908,0.17006,0.16565,0.16702,60998926.0
2025-10-22 20:00:00+00:00,0.16702,0.16737,0.16123,0.16596,58645857.0
2025-10-23 00:00:00+00:00,0.16596,0.16707,0.16538,0.16619,21969791.0
2025-10-23 04:00:00+00:00,0.16619,0.16936,0.16594,0.16866,21334976.0
2025-10-23 08:00:00+00:00,0.16866,0.17013,0.16809,0.16839,19787647.0
2025-10-23 12:00:00+00:00,0.16839,0.16964,0.1629,0.16297,69978976.0
2025-10-23 16:00:00+00:00,0.16297,0.16753,0.1627,0.16511,77928002.0
2025-10-23 20:00:00+00:00,0.16511,0.16554,0.16291,0.16492,35831565.0
2025-10-24 00:00:00+00:00,0.16492,0.16591,0.16404,0.16536,22395559.0
2025-10-24 04:00:00+00:00,0.16536,0.17042,0.16503,0.16947,65510970.0
2025-10-24 08:00:00+00:00,0.16947,0.17126,0.16691,0.16922,30529359.0
2025-10-24 12:00:00+00:00,0.16922,0.17268,0.16684,0.16746,63941117.0
2025-10-24 16:00:00+00:00,0.16746,0.16992,0.16662,0.16933,21949170.0
2025-10-24 20:00:00+00:00,0.16933,0.17142,0.16924,0.1707,16267844.0
2025-10-25 00:00:00+00:00,0.1707,0.17082,0.16955,0.16977,15765842.0
2025-10-25 04:00:00+00:00,0.16977,0.17099,0.16869,0.16896,15323152.0
2025-10-25 08:00:00+00:00,0.16896,0.17037,0.16837,0.17018,20779962.0
2025-10-25 12:00:00+00:00,0.17018,0.17246,0.17004,0.17207,19680855.0
2025-10-25 16:00:00+00:00,0.17207,0.17378,0.17184,0.17348,25975907.0
2025-10-25 20:00:00+00:00,0.17348,0.17383,0.17204,0.17239,11737098.0
2025-10-26 00:00:00+00:00,0.17239,0.17329,0.17078,0.17107,17231372.0
2025-10-26 04:00:00+00:00,0.17107,0.17457,0.17096,0.17428,9693274.0
2025-10-26 08:00:00+00:00,0.17428,0.17812,0.17413,0.17796,25510333.0
2025-10-26 12:00:00+00:00,0.17796,0.18053,0.17795,0.17987,28131852.0
2025-10-26 16:00:00+00:00,0.17987,0.18002,0.17814,0.17838,15434022.0
2025-10-26 20:00:00+00:00,0.17838,0.18133,0.17663,0.17987,45000532.0
2025-10-27 00:00:00+00:00,0.17987,0.18387,0.17932,0.18136,30584499.0
2025-10-27 04:00:00+00:00,0.18136,0.1837,0.18092,0.18178,21836872.0
2025-10-27 08:00:00+00:00,0.18178,0.18233,0.17756,0.179,29524479.0
2025-10-27 12:00:00+00:00,0.179,0.18203,0.17626,0.17978,62821419.0
2025-10-27 16:00:00+00:00,0.17978,0.18386,0.17969,0.18234,56696272.0
2025-10-27 20:00:00+00:00,0.18234,0.18474,0.18057,0.18465,47638161.0
2025-10-28 00:00:00+00:00,0.18465,0.1985,0.18376,0.19689,208744852.0
2025-10-28 04:00:00+00:00,0.19689,0.22,0.19643,0.21158,375574282.0
2025-10-28 08:00:00+00:00,0.21158,0.21522,0.20323,0.20724,220903799.0
2025-10-28 12:00:00+00:00,0.20724,0.2105,0.1977,0.20288,314422047.0
2025-10-28 16:00:00+00:00,0.20288,0.20372,0.19669,0.19803,134212685.0
2025-10-28 20:00:00+00:00,0.19803,0.19804,0.19222,0.19435,142229448.0
2025-10-29 00:00:00+00:00,0.19435,0.19645,0.19216,0.19468,71604281.0
2025-10-29 04:00:00+00:00,0.19468,0.19755,0.19334,0.19673,54886131.0
2025-10-29 08:00:00+00:00,0.19673,0.19935,0.19405,0.19832,92239983.0
2025-10-29 12:00:00+00:00,0.19832,0.20484,0.19713,0.19767,172169051.0
2025-10-29 16:00:00+00:00,0.19767,0.2046,0.19413,0.20003,197851086.0
2025-10-29 20:00:00+00:00,0.20003,0.2066,0.19938,0.20088,88020067.0
2025-10-30 00:00:00+00:00,0.20088,0.20679,0.19975,0.2038,81399545.0
2025-10-30 04:00:00+00:00,0.2038,0.21078,0.19641,0.20775,184124336.0
2025-10-30 08:00:00+00:00,0.20775,0.2084,0.20205,0.20275,111450276.0
2025-10-30 12:00:00+00:00,0.20275,0.20326,0.19181,0.19216,176095823.0
2025-10-30 16:00:00+00:00,0.19216,0.19527,0.18937,0.18984,128978798.0
2025-10-30 20:00:00+00:00,0.18984,0.19722,0.18921,0.19636,82478095.0
2025-10-31 00:00:00+00:00,0.19636,0.19868,0.19064,0.19245,65243664.0
2025-10-31 04:00:00+00:00,0.19245,0.19424,0.1915,0.19206,51941697.0
2025-10-31 08:00:00+00:00,0.19206,0.19688,0.19082,0.19672,43204973.0
2025-10-31 12:00:00+00:00,0.19672,0.19946,0.19341,0.1956,115764022.0
2025-10-31 16:00:00+00:00,0.1956,0.1986,0.19004,0.19781,105730481.0
2025-10-31 20:00:00+00:00,0.19781,0.20394,0.19624,0.20085,83958125.0
2025-11-01 00:00:00+00:00,0.20085,0.2033,0.19745,0.20323,60712655.0
2025-11-01 04:00:00+00:00,0.20323,0.20488,0.20037,0.20153,44849593.0
2025-11-01 08:00:00+00:00,0.20153,0.20199,0.19844,0.19898,34411990.0
2025-11-01 12:00:00+00:00,0.19898,0.20091,0.19767,0.20058,38177951.0
2025-11-01 16:00:00+00:00,0.20058,0.20199,0.1983,0.19913,36839086.0
2025-11-01 20:00:00+00:00,0.19913,0.1993,0.19551,0.19625,46771852.0
2025-11-02 00:00:00+00:00,0.19625,0.19647,0.19451,0.19524,25201788.0
2025-11-02 04:00:00+00:00,0.19524,0.19667,0.19485,0.19627,24848807.0
2025-11-02 08:00:00+00:00,0.19627,0.19783,0.19301,0.1977,49331016.0
2025-11-02 12:00:00+00:00,0.1977,0.19792,0.19205,0.19342,48374650.0
2025-11-02 16:00:00+00:00,0.19342,0.19546,0.19033,0.19106,54442052.0
2025-11-02 20:00:00+00:00,0.19106,0.19496,0.19028,0.19437,36193856.0
2025-11-03 00:00:00+00:00,0.19437,0.19534,0.18403,0.18451,105598335.0
2025-11-03 04:00:00+00:00,0.18451,0.1864,0.18161,0.18265,87550799.0
2025-11-03 08:00:00+00:00,0.18265,0.18481,0.1802,0.18246,70189074.0
2025-11-03 12:00:00+00:00,0.18246,0.18416,0.16634,0.17474,223610215.0
2025-11-03 16:00:00+00:00,0.17474,0.183,0.17352,0.17929,126678218.0
2025-11-03 20:00:00+00:00,0.17929,0.17959,0.17312,0.17513,98646679.0
2025-11-04 00:00:00+00:00,0.17513,0.17919,0.17411,0.17795,54931841.0
2025-11-04 04:00:00+00:00,0.17795,0.17897,0.16946,0.17082,142598611.0
2025-11-04 08:00:00+00:00,0.17082,0.1767,0.17023,0.1756,120060444.0
2025-11-04 12:00:00+00:00,0.1756,0.17665,0.17045,0.17275,107445929.0
2025-11-04 16:00:00+00:00,0.17275,0.17446,0.16247,0.1642,199293459.0
2025-11-04 20:00:00+00:00,0.1642,0.1702,0.15862,0.16843,235847937.0
2025-11-05 00:00:00+00:00,0.16843,0.17209,0.1602,0.17129,130381533.0
2025-11-05 04:00:00+00:00,0.17129,0.17297,0.16933,0.1711,63107303.0
2025-11-05 08:00:00+00:00,0.1711,0.17134,0.16786,0.17107,46890766.0
2025-11-05 12:00:00+00:00,0.17107,0.17415,0.16992,0.1736,85676485.0
2025-11-05 16:00:00+00:00,0.1736,0.17669,0.17121,0.17525,76022733.0
2025-11-05 20:00:00+00:00,0.17525,0.17661,0.17392,0.17504,35517887.0
2025-11-06 00:00:00+00:00,0.17504,0.1754,0.17133,0.17361,36794118.0
2025-11-06 04:00:00+00:00,0.17361,0.17413,0.16946,0.16998,44941865.0
2025-11-06 08:00:00+00:00,0.16998,0.17059,0.16815,0.16903,43261280.0
2025-11-06 12:00:00+00:00,0.16903,0.17067,0.1642,0.16464,85051735.0
2025-11-06 16:00:00+00:00,0.16464,0.16616,0.16156,0.16324,64265277.0
2025-11-06 20:00:00+00:00,0.16324,0.16448,0.16078,0.16303,52069706.0
2025-11-07 00:00:00+00:00,0.16303,0.16745,0.1622,0.16615,57109469.0
2025-11-07 04:00:00+00:00,0.16615,0.16924,0.16522,0.16911,28608425.0
2025-11-07 08:00:00+00:00,0.16911,0.16931,0.16146,0.16292,44343294.0
2025-11-07 12:00:00+00:00,0.16292,0.16944,0.15939,0.16848,110581068.0
2025-11-07 16:00:00+00:00,0.16848,0.18101,0.16752,0.17775,120474252.0
2025-11-07 20:00:00+00:00,0.17775,0.18,0.17645,0.17698,58546576.0
2025-11-08 00:00:00+00:00,0.17698,0.18028,0.17541,0.1764,51776602.0
2025-11-08 04:00:00+00:00,0.1764,0.17911,0.17357,0.17602,63492241.0
2025-11-08 08:00:00+00:00,0.17602,0.1771,0.17438,0.17606,28588005.0
2025-11-08 12:00:00+00:00,0.17606,0.17645,0.17154,0.17251,46119792.0
2025-11-08 16:00:00+00:00,0.17251,0.17454,0.17139,0.17287,21548181.0
2025-11-08 20:00:00+00:00,0.17287,0.17568,0.17199,0.17552,14922883.0
2025-11-09 00:00:00+00:00,0.17552,0.17566,0.16836,0.16896,31020151.0
2025-11-09 04:00:00+00:00,0.16896,0.17137,0.16875,0.17137,23023956.0
2025-11-09 08:00:00+00:00,0.17137,0.17216,0.16826,0.17101,28516946.0
2025-11-09 12:00:00+00:00,0.17101,0.17519,0.17017,0.17351,46924159.0
2025-11-09 16:00:00+00:00,0.17351,0.177,0.17233,0.17684,36538399.0
2025-11-09 20:00:00+00:00,0.17684,0.17851,0.17507,0.1765,30413956.0
2025-11-10 00:00:00+00:00,0.1765,0.18241,0.17531,0.1817,49710258.0
2025-11-10 04:00:00+00:00,0.1817,0.18815,0.18106,0.18699,43810975.0
2025-11-10 08:00:00+00:00,0.18699,0.19858,0.18618,0.19652,104302007.0
2025-11-10 12:00:00+00:00,0.19652,0.1973,0.18774,0.18837,125165910.0
2025-11-10 16:00:00+00:00,0.18837,0.19432,0.18717,0.19214,66200340.0
2025-11-10 20:00:00+00:00,0.19214,0.19414,0.18951,0.19382,46057875.0
2025-11-11 00:00:00+00:00,0.19382,0.19677,0.19132,0.19336,79384149.0
2025-11-11 04:00:00+00:00,0.19336,0.19347,0.18499,0.18546,78006841.0
2025-11-11 08:00:00+00:00,0.18546,0.18819,0.18464,0.18691,36681143.0
2025-11-11 12:00:00+00:00,0.18691,0.18743,0.1827,0.18439,63729620.0
2025-11-11 16:00:00+00:00,0.18439,0.18487,0.17964,0.17988,58626989.0
2025-11-11 20:00:00+00:00,0.17988,0.1804,0.17702,0.17757,43017978.0
2025-11-12 00:00:00+00:00,0.17757,0.18132,0.17689,0.17994,38291521.0
2025-11-12 04:00:00+00:00,0.17994,0.18412,0.17918,0.18037,37391179.0
2025-11-12 08:00:00+00:00,0.18037,0.18597,0.18011,0.18456,43510165.0
2025-11-12 12:00:00+00:00,0.18456,0.18634,0.17695,0.17763,66952140.0
2025-11-12 16:00:00+00:00,0.17763,0.17805,0.17272,0.17401,77862739.0
2025-11-12 20:00:00+00:00,0.17401,0.17544,0.17318,0.17391,38457405.0
2025-11-13 00:00:00+00:00,0.17391,0.18006,0.17347,0.17846,65816339.0
2025-11-13 04:00:00+00:00,0.17846,0.18082,0.17697,0.17877,40714980.0
2025-11-13 08:00:00+00:00,0.17877,0.18011,0.17752,0.17786,36416146.0
2025-11-13 12:00:00+00:00,0.17786,0.17909,0.17423,0.17533,80072381.0
2025-11-13 16:00:00+00:00,0.17533,0.176,0.1641,0.16456,90524535.0
2025-11-13 20:00:00+00:00,0.16456,0.16646,0.16135,0.16464,96681608.0
2025-11-14 00:00:00+00:00,0.16464,0.16522,0.16188,0.16252,55088742.0
2025-11-14 04:00:00+00:00,0.16252,0.16354,0.15719,0.16135,92551124.0
2025-11-14 08:00:00+00:00,0.16135,0.16143,0.15673,0.15751,56538189.0
2025-11-14 12:00:00+00:00,0.15751,0.16079,0.15391,0.15958,149053222.0
2025-11-14 16:00:00+00:00,0.15958,0.16142,0.15547,0.15823,66264665.0
2025-11-14 20:00:00+00:00,0.15823,0.15832,0.15056,0.15282,75923074.0
2025-11-15 00:00:00+00:00,0.15282,0.15816,0.1527,0.15778,37124368.0
2025-11-15 04:00:00+00:00,0.15778,0.15845,0.15707,0.15759,29202717.0
2025-11-15 08:00:00+00:00,0.15759,0.15765,0.15414,0.15528,24386939.0
2025-11-15 12:00:00+00:00,0.15528,0.15856,0.15453,0.1556,27993609.0
2025-11-15 16:00:00+00:00,0.1556,0.15742,0.15457,0.15607,23735728.0
2025-11-15 20:00:00+00:00,0.15607,0.15617,0.15375,0.15472,17889176.0
2025-11-16 00:00:00+00:00,0.15472,0.15568,0.15183,0.15427,37777068.0
2025-11-16 04:00:00+00:00,0.15427,0.15541,0.15341,0.1554,14065166.0
2025-11-16 08:00:00+00:00,0.1554,0.1557,0.1509,0.15118,36077156.0
2025-11-16 12:00:00+00:00,0.15118,0.15243,0.14849,0.14882,51304578.0
2025-11-16 16:00:00+00:00,0.14882,0.15059,0.1463,0.14774,80326030.0
2025-11-16 20:00:00+00:00,0.14774,0.14922,0.1448,0.14657,57910164.0
2025-11-17 00:00:00+00:00,0.14657,0.1503,0.1455,0.15028,40868809.0
2025-11-17 04:00:00+00:00,0.15028,0.15106,0.14852,0.15051,25375358.0
2025-11-17 08:00:00+00:00,0.15051,0.15295,0.14954,0.15201,31013030.0
2025-11-17 12:00:00+00:00,0.15201,0.15423,0.14609,0.14877,110252591.0
2025-11-17 16:00:00+00:00,0.14877,0.15062,0.14279,0.143,91082270.0
2025-11-17 20:00:00+00:00,0.143,0.14584,0.14188,0.14573,61542608.0
2025-11-18 00:00:00+00:00,0.14573,0.14718,0.1427,0.14589,71459479.0
2025-11-18 04:00:00+00:00,0.14589,0.14673,0.14253,0.14418,44482753.0
2025-11-18 08:00:00+00:00,0.14418,0.14719,0.14416,0.14593,27653016.0
2025-11-18 12:00:00+00:00,0.14593,0.14951,0.14394,0.14871,69558980.0
2025-11-18 16:00:00+00:00,0.14871,0.15231,0.1478,0.15122,52581166.0
2025-11-18 20:00:00+00:00,0.15122,0.15199,0.14901,0.1505,20981315.0
2025-11-19 00:00:00+00:00,0.1505,0.15187,0.14838,0.14881,28882454.0
2025-11-19 04:00:00+00:00,0.14881,0.15021,0.14557,0.15007,41172162.0
2025-11-19 08:00:00+00:00,0.15007,0.1501,0.14602,0.14636,28049513.0
2025-11-19 12:00:00+00:00,0.14636,0.14857,0.14283,0.14297,49511169.0
2025-11-19 16:00:00+00:00,0.14297,0.14374,0.13803,0.13906,59088910.0
2025-11-19 20:00:00+00:00,0.13906,0.14544,0.13884,0.14477,64457804.0
2025-11-20 00:00:00+00:00,0.14477,0.14712,0.14435,0.14635,24921084.0
2025-11-20 04:00:00+00:00,0.14635,0.14795,0.14586,0.14755,24298737.0
2025-11-20 08:00:00+00:00,0.14755,0.14759,0.14456,0.14516,25485289.0
2025-11-20 12:00:00+00:00,0.14516,0.14723,0.14234,0.14252,59741336.0
2025-11-20 16:00:00+00:00,0.14252,0.14282,0.13428,0.13685,140942751.0
2025-11-20 20:00:00+00:00,0.13685,0.13994,0.13554,0.13644,54885588.0
2025-11-21 00:00:00+00:00,0.13644,0.13835,0.13506,0.13586,53934832.0
2025-11-21 04:00:00+00:00,0.13586,0.13644,0.125,0.1313,144472234.0
2025-11-21 08:00:00+00:00,0.1313,0.13313,0.12528,0.12561,112706389.0
2025-11-21 12:00:00+00:00,0.12561,0.13188,0.12238,0.12778,194613601.0
2025-11-21 16:00:00+00:00,0.12778,0.13413,0.12638,0.13147,124486634.0
2025-11-21 20:00:00+00:00,0.13147,0.13271,0.12752,0.13071,63387260.0
2025-11-22 00:00:00+00:00,0.13071,0.13134,0.12965,0.1299,35979191.0
2025-11-22 04:00:00+00:00,0.1299,0.13025,0.1274,0.12979,43106265.0
2025-11-22 08:00:00+00:00,0.12979,0.12995,0.12647,0.12829,60234749.0
2025-11-22 12:00:00+00:00,0.12829,0.12952,0.12626,0.1281,38761570.0
2025-11-22 16:00:00+00:00,0.1281,0.13061,0.12796,0.13025,22346141.0
2025-11-22 20:00:00+00:00,0.13025,0.13331,0.12945,0.13163,23735567.0
2025-11-23 00:00:00+00:00,0.13163,0.13598,0.13118,0.1354,33111010.0
2025-11-23 04:00:00+00:00,0.1354,0.13683,0.13418,0.13491,45118009.0
2025-11-23 08:00:00+00:00,0.13491,0.13983,0.13487,0.13963,40441835.0
2025-11-23 12:00:00+00:00,0.13963,0.14731,0.13869,0.14597,89693700.0
2025-11-23 16:00:00+00:00,0.14597,0.1554,0.14328,0.15345,137947940.0
2025-11-23 20:00:00+00:00,0.15345,0.15371,0.14753,0.14788,106509988.0
2025-11-24 00:00:00+00:00,0.14788,0.15207,0.14602,0.15047,85641920.0
2025-11-24 04:00:00+00:00,0.15047,0.15097,0.14617,0.14652,53111776.0
2025-11-24 08:00:00+00:00,0.14652,0.14736,0.14345,0.14478,48700155.0
2025-11-24 12:00:00+00:00,0.14478,0.14489,0.1405,0.142,129366238.0
2025-11-24 16:00:00+00:00,0.142,0.14903,0.14198,0.1477,111867825.0
2025-11-24 20:00:00+00:00,0.1477,0.15052,0.1473,0.14835,56274274.0
2025-11-25 00:00:00+00:00,0.14835,0.1491,0.14462,0.14495,47105464.0
2025-11-25 04:00:00+00:00,0.14495,0.1476,0.14369,0.1439,34553331.0
2025-11-25 08:00:00+00:00,0.1439,0.14426,0.14247,0.1429,43005645.0
2025-11-25 12:00:00+00:00,0.1429,0.14427,0.13982,0.1419,77951535.0
2025-11-25 16:00:00+00:00,0.1419,0.14493,0.14041,0.14285,68723413.0
2025-11-25 20:00:00+00:00,0.14285,0.14641,0.14203,0.14485,46999101.0
2025-11-26 00:00:00+00:00,0.14485,0.14789,0.14428,0.14431,42455197.0
2025-11-26 04:00:00+00:00,0.14431,0.14531,0.14383,0.14525,28179008.0
2025-11-26 08:00:00+00:00,0.14525,0.14541,0.14254,0.14272,34092242.0
2025-11-26 12:00:00+00:00,0.14272,0.14418,0.14142,0.14317,65018709.0
2025-11-26 16:00:00+00:00,0.14317,0.1504,0.14313,0.14852,97553518.0
2025-11-26 20:00:00+00:00,0.14852,0.14964,0.14718,0.1478,39111279.0
2025-11-27 00:00:00+00:00,0.1478,0.14894,0.14627,0.14684,54717197.0
2025-11-27 04:00:00+00:00,0.14684,0.14944,0.14651,0.1481,34619102.0
2025-11-27 08:00:00+00:00,0.1481,0.14905,0.14575,0.14586,34824728.0
2025-11-27 12:00:00+00:00,0.14586,0.1464,0.1441,0.1464,50348716.0
2025-11-27 16:00:00+00:00,0.1464,0.14757,0.14554,0.14704,38127548.0
2025-11-27 20:00:00+00:00,0.14704,0.14814,0.14605,0.14699,32625498.0
2025-11-28 00:00:00+00:00,0.14699,0.14732,0.14478,0.14548,31546411.0
2025-11-28 04:00:00+00:00,0.14548,0.14672,0.14473,0.14582,20800391.0
2025-11-28 08:00:00+00:00,0.14582,0.15075,0.1456,0.14657,84750816.0
2025-11-28 12:00:00+00:00,0.14657,0.1504,0.14635,0.14983,78712405.0
2025-11-28 16:00:00+00:00,0.14983,0.14983,0.14376,0.14653,101998537.0
2025-11-28 20:00:00+00:00,0.14653,0.14653,0.14461,0.14525,36296678.0
2025-11-29 00:00:00+00:00,0.14525,0.14618,0.14363,0.14375,15961772.0
2025-11-29 04:00:00+00:00,0.14375,0.14465,0.14226,0.14367,46425611.0
2025-11-29 08:00:00+00:00,0.14367,0.1454,0.14315,0.14537,31750834.0
2025-11-29 12:00:00+00:00,0.14537,0.1457,0.14371,0.14462,18451010.0
2025-11-29 16:00:00+00:00,0.14462,0.14462,0.14219,0.14269,44417217.0
2025-11-29 20:00:00+00:00,0.14269,0.14387,0.14224,0.14308,27417372.0
2025-11-30 00:00:00+00:00,0.14308,0.14431,0.14235,0.14392,13114326.0
2025-11-30 04:00:00+00:00,0.14392,0.14423,0.14254,0.14323,10617640.0
2025-11-30 08:00:00+00:00,0.14323,0.14389,0.14125,0.14273,60704470.0
2025-11-30 12:00:00+00:00,0.14273,0.14595,0.14218,0.14474,26957982.0
2025-11-30 16:00:00+00:00,0.14474,0.1464,0.14386,0.14416,27124731.0
2025-11-30 20:00:00+00:00,0.14416,0.14461,0.14069,0.14119,55809253.0
2025-12-01 00:00:00+00:00,0.14119,0.14162,0.13296,0.13334,184742588.0
2025-12-01 04:00:00+00:00,0.13334,0.13473,0.13272,0.13455,38918168.0
2025-12-01 08:00:00+00:00,0.13455,0.13476,0.13185,0.13208,49037840.0
2025-12-01 12:00:00+00:00,0.13208,0.13437,0.12988,0.13166,85491402.0
2025-12-01 16:00:00+00:00,0.13166,0.13229,0.13007,0.13112,56086424.0
2025-12-01 20:00:00+00:00,0.13112,0.13449,0.13111,0.13314,44847990.0
2025-12-02 00:00:00+00:00,0.13314,0.13501,0.13143,0.13274,33362320.0
2025-12-02 04:00:00+00:00,0.13274,0.13313,0.13131,0.13174,22665836.0
2025-12-02 08:00:00+00:00,0.13174,0.1344,0.13082,0.13419,26612911.0
2025-12-02 12:00:00+00:00,0.13419,0.14269,0.13325,0.14222,100258497.0
2025-12-02 16:00:00+00:00,0.14222,0.14556,0.14088,0.14482,66298462.0
2025-12-02 20:00:00+00:00,0.14482,0.1466,0.14389,0.14462,46182680.0
2025-12-03 00:00:00+00:00,0.14462,0.14734,0.14323,0.1466,52650016.0
2025-12-03 04:00:00+00:00,0.1466,0.15011,0.14595,0.14873,32316388.0
2025-12-03 08:00:00+00:00,0.14873,0.14906,0.14544,0.14607,29118390.0
2025-12-03 12:00:00+00:00,0.14607,0.14666,0.14225,0.14494,55456530.0
2025-12-03 16:00:00+00:00,0.14494,0.14697,0.14386,0.14625,27902074.0
2025-12-03 20:00:00+00:00,0.14625,0.14781,0.14564,0.1459,40409640.0
2025-12-04 00:00:00+00:00,0.1459,0.14647,0.14373,0.14417,29819336.0
2025-12-04 04:00:00+00:00,0.14417,0.14429,0.14234,0.14285,25450325.0
2025-12-04 08:00:00+00:00,0.14285,0.14324,0.14124,0.14156,27289571.0
2025-12-04 12:00:00+00:00,0.14156,0.14205,0.13876,0.14123,68200261.0
2025-12-04 16:00:00+00:00,0.14123,0.14222,0.13742,0.13977,67470641.0
2025-12-04 20:00:00+00:00,0.13977,0.14039,0.13878,0.13926,27169794.0
2025-12-05 00:00:00+00:00,0.13926,0.13999,0.13855,0.13886,20802197.0
2025-12-05 04:00:00+00:00,0.13886,0.13935,0.13778,0.13926,30580335.0
2025-12-05 08:00:00+00:00,0.13926,0.13926,0.13543,0.13615,55797742.0
2025-12-05 12:00:00+00:00,0.13615,0.13819,0.13487,0.13664,71556656.0
2025-12-05 16:00:00+00:00,0.13664,0.1367,0.1325,0.13403,93356881.0
2025-12-05 20:00:00+00:00,0.13403,0.13447,0.13312,0.13382,22193021.0
2025-12-06 00:00:00+00:00,0.13382,0.13443,0.13266,0.13384,12852354.0
2025-12-06 04:00:00+00:00,0.13384,0.13402,0.13281,0.1333,12889194.0
2025-12-06 08:00:00+00:00,0.1333,0.1336,0.13241,0.13303,16809942.0
2025-12-06 12:00:00+00:00,0.13303,0.1344,0.13237,0.13276,32617132.0
2025-12-06 16:00:00+00:00,0.13276,0.13395,0.13259,0.13314,34607172.0
2025-12-06 20:00:00+00:00,0.13314,0.13433,0.13294,0.13391,21673222.0
2025-12-07 00:00:00+00:00,0.13391,0.13538,0.13369,0.13532,25963942.0
2025-12-07 04:00:00+00:00,0.13532,0.13593,0.13415,0.13445,26143769.0
2025-12-07 08:00:00+00:00,0.13445,0.13472,0.13251,0.13331,26872777.0
2025-12-07 12:00:00+00:00,0.13331,0.13465,0.12742,0.1321,160687070.0
2025-12-07 16:00:00+00:00,0.1321,0.13584,0.13068,0.13555,61776399.0
2025-12-07 20:00:00+00:00,0.13555,0.13574,0.12969,0.13094,62170144.0
2025-12-08 00:00:00+00:00,0.13094,0.13425,0.1304,0.1337,41697323.0
2025-12-08 04:00:00+00:00,0.1337,0.13552,0.13349,0.1348,19814855.0
2025-12-08 08:00:00+00:00,0.1348,0.13729,0.13443,0.13514,42323305.0
2025-12-08 12:00:00+00:00,0.13514,0.13665,0.13385,0.13475,74393729.0
2025-12-08 16:00:00+00:00,0.13475,0.13648,0.13393,0.13453,43725222.0
2025-12-08 20:00:00+00:00,0.13453,0.1359,0.13414,0.13446,18096899.0
2025-12-09 00:00:00+00:00,0.13446,0.13496,0.13251,0.134,21688229.0
2025-12-09 04:00:00+00:00,0.134,0.13407,0.13223,0.13367,29035914.0
2025-12-09 08:00:00+00:00,0.13367,0.13414,0.13238,0.13405,21624017.0
2025-12-09 12:00:00+00:00,0.13405,0.13877,0.13378,0.13849,56868941.0
2025-12-09 16:00:00+00:00,0.13849,0.14316,0.13849,0.14024,75833349.0
2025-12-09 20:00:00+00:00,0.14024,0.14039,0.13729,0.13889,39558998.0
2025-12-10 00:00:00+00:00,0.13889,0.1392,0.13653,0.13697,21422203.0
2025-12-10 04:00:00+00:00,0.13697,0.13758,0.13614,0.13681,14287116.0
2025-12-10 08:00:00+00:00,0.13681,0.13824,0.13569,0.13643,33088753.0
2025-12-10 12:00:00+00:00,0.13643,0.13729,0.13524,0.1358,30456638.0
2025-12-10 16:00:00+00:00,0.1358,0.13951,0.13556,0.13884,84383704.0
2025-12-10 20:00:00+00:00,0.13884,0.14193,0.13436,0.13464,69671606.0
2025-12-11 00:00:00+00:00,0.13464,0.13483,0.12926,0.12987,51195031.0
2025-12-11 04:00:00+00:00,0.12987,0.13111,0.12942,0.12974,24545107.0
2025-12-11 08:00:00+00:00,0.12974,0.12986,0.12869,0.12913,31148910.0
2025-12-11 12:00:00+00:00,0.12913,0.13069,0.12822,0.1291,42844694.0
2025-12-11 16:00:00+00:00,0.1291,0.13,0.12854,0.12876,35748123.0
2025-12-11 20:00:00+00:00,0.12876,0.13215,0.12869,0.1298,63360896.0
2025-12-12 00:00:00+00:00,0.1298,0.13151,0.12873,0.12978,27885490.0
2025-12-12 04:00:00+00:00,0.12978,0.13087,0.12914,0.13018,23896869.0
2025-12-12 08:00:00+00:00,0.13018,0.13044,0.12891,0.12906,21290394.0
2025-12-12 12:00:00+00:00,0.12906,0.12938,0.12372,0.12432,91309705.0
2025-12-12 16:00:00+00:00,0.12432,0.12504,0.12312,0.12411,55691573.0
2025-12-12 20:00:00+00:00,0.12411,0.12439,0.12338,0.12382,17777670.0
2025-12-13 00:00:00+00:00,0.12382,0.12568,0.12347,0.12545,24134574.0
2025-12-13 04:00:00+00:00,0.12545,0.12624,0.12399,0.12423,17146198.0
2025-12-13 08:00:00+00:00,0.12423,0.12501,0.12359,0.12373,22128703.0
2025-12-13 12:00:00+00:00,0.12373,0.12413,0.12105,0.12291,73178125.0
2025-12-13 16:00:00+00:00,0.12291,0.12311,0.12177,0.12212,25834892.0
2025-12-13 20:00:00+00:00,0.12212,0.12302,0.12185,0.12287,17250693.0
2025-12-14 00:00:00+00:00,0.12287,0.12426,0.12226,0.12414,25042181.0
2025-12-14 04:00:00+00:00,0.12414,0.12435,0.12245,0.12271,19585093.0
2025-12-14 08:00:00+00:00,0.12271,0.1232,0.12057,0.12164,40389757.0
2025-12-14 12:00:00+00:00,0.12164,0.12196,0.1196,0.12029,43808874.0
2025-12-14 16:00:00+00:00,0.12029,0.12106,0.11802,0.11814,37645248.0
2025-12-14 20:00:00+00:00,0.11814,0.11886,0.11697,0.1181,50570439.0
2025-12-15 00:00:00+00:00,0.1181,0.12166,0.11794,0.11965,35970916.0
2025-12-15 04:00:00+00:00,0.11965,0.12071,0.11931,0.11947,17563898.0
2025-12-15 08:00:00+00:00,0.11947,0.11963,0.11818,0.11859,26443099.0
2025-12-15 12:00:00+00:00,0.11859,0.11977,0.11345,0.11461,104121957.0
2025-12-15 16:00:00+00:00,0.11461,0.11472,0.11126,0.11282,62923011.0
2025-12-15 20:00:00+00:00,0.11282,0.11447,0.11155,0.11411,41800587.0
2025-12-16 00:00:00+00:00,0.11411,0.11446,0.11256,0.11331,32695193.0
2025-12-16 04:00:00+00:00,0.11331,0.11483,0.11168,0.1133,25171874.0
2025-12-16 08:00:00+00:00,0.1133,0.11606,0.11327,0.11596,22672926.0
2025-12-16 12:00:00+00:00,0.11596,0.11688,0.11368,0.11586,65585556.0
2025-12-16 16:00:00+00:00,0.11586,0.116,0.11352,0.1145,28613573.0
2025-12-16 20:00:00+00:00,0.1145,0.11474,0.11358,0.11452,24054033.0
2025-12-17 00:00:00+00:00,0.11452,0.115,0.11358,0.1137,16995763.0
2025-12-17 04:00:00+00:00,0.1137,0.11383,0.11233,0.11248,23569623.0
2025-12-17 08:00:00+00:00,0.11248,0.11254,0.11126,0.11243,26036403.0
2025-12-17 12:00:00+00:00,0.11243,0.1174,0.11202,0.11239,71423543.0
2025-12-17 16:00:00+00:00,0.11239,0.11316,0.1083,0.10966,70807287.0
2025-12-17 20:00:00+00:00,0.10966,0.11039,0.10888,0.10984,19840810.0
2025-12-18 00:00:00+00:00,0.10984,0.11118,0.1091,0.10938,21653455.0
2025-12-18 04:00:00+00:00,0.10938,0.10973,0.10779,0.10859,18772261.0
2025-12-18 08:00:00+00:00,0.10859,0.10977,0.10849,0.10949,12862619.0
2025-12-18 12:00:00+00:00,0.10949,0.11418,0.1091,0.11166,62463784.0
2025-12-18 16:00:00+00:00,0.11166,0.11197,0.10398,0.1041,90196004.0
2025-12-18 20:00:00+00:00,0.1041,0.10664,0.10409,0.10482,44782208.0
2025-12-19 00:00:00+00:00,0.10482,0.10852,0.1028,0.10756,61911477.0
2025-12-19 04:00:00+00:00,0.10756,0.10991,0.10595,0.10876,46561218.0
2025-12-19 08:00:00+00:00,0.10876,0.10981,0.10871,0.10954,25330024.0
2025-12-19 12:00:00+00:00,0.10954,0.11278,0.10899,0.11083,41287642.0
2025-12-19 16:00:00+00:00,0.11083,0.11304,0.11015,0.11229,34452785.0
2025-12-19 20:00:00+00:00,0.11229,0.1136,0.11162,0.11183,28417455.0
2025-12-20 00:00:00+00:00,0.11183,0.11188,0.11074,0.11098,18725162.0
2025-12-20 04:00:00+00:00,0.11098,0.11156,0.11064,0.11154,10624114.0
2025-12-20 08:00:00+00:00,0.11154,0.11337,0.11154,0.11296,21260273.0
2025-12-20 12:00:00+00:00,0.11296,0.11403,0.11215,0.11273,22278243.0
2025-12-20 16:00:00+00:00,0.11273,0.11318,0.11232,0.11271,11220777.0
2025-12-20 20:00:00+00:00,0.11271,0.11463,0.11251,0.11365,20179569.0
2025-12-21 00:00:00+00:00,0.11365,0.11374,0.11173,0.11212,23323431.0
2025-12-21 04:00:00+00:00,0.11212,0.11229,0.11174,0.1122,6007635.0
2025-12-21 08:00:00+00:00,0.1122,0.11393,0.11198,0.11248,25458685.0
2025-12-21 12:00:00+00:00,0.11248,0.1129,0.1092,0.11029,39726299.0
2025-12-21 16:00:00+00:00,0.11029,0.11165,0.11006,0.11145,17897375.0
2025-12-21 20:00:00+00:00,0.11145,0.11254,0.11016,0.11189,18543426.0
2025-12-22 00:00:00+00:00,0.11189,0.11432,0.11047,0.11191,37529824.0
2025-12-22 04:00:00+00:00,0.11191,0.11323,0.11189,0.11298,13157787.0
2025-12-22 08:00:00+00:00,0.11298,0.11396,0.11248,0.11327,42573785.0
2025-12-22 12:00:00+00:00,0.11327,0.11544,0.11314,0.11522,39436106.0
2025-12-22 16:00:00+00:00,0.11522,0.11678,0.11279,0.11312,37512459.0
2025-12-22 20:00:00+00:00,0.11312,0.11441,0.11225,0.11402,26330293.0
2025-12-23 00:00:00+00:00,0.11402,0.11472,0.11191,0.11244,17833254.0
2025-12-23 04:00:00+00:00,0.11244,0.11276,0.11078,0.11105,22275669.0
2025-12-23 08:00:00+00:00,0.11105,0.11281,0.11036,0.11278,16812397.0
2025-12-23 12:00:00+00:00,0.11278,0.11278,0.10904,0.10993,34563288.0
2025-12-23 16:00:00+00:00,0.10993,0.11144,0.1092,0.11014,25890579.0
2025-12-23 20:00:00+00:00,0.11014,0.11145,0.10959,0.11037,18498722.0
2025-12-24 00:00:00+00:00,0.11037,0.11114,0.10881,0.11061,16691248.0
2025-12-24 04:00:00+00:00,0.11061,0.11096,0.10853,0.10864,15418844.0
2025-12-24 08:00:00+00:00,0.10864,0.10949,0.10826,0.10916,15477185.0
2025-12-24 12:00:00+00:00,0.10916,0.11003,0.10809,0.10989,34294461.0
2025-12-24 16:00:00+00:00,0.10989,0.11048,0.10854,0.10912,21489712.0
2025-12-24 20:00:00+00:00,0.10912,0.11027,0.1091,0.10926,12248117.0
2025-12-25 00:00:00+00:00,0.10926,0.11081,0.10874,0.11051,12716966.0
2025-12-25 04:00:00+00:00,0.11051,0.11234,0.11026,0.11218,21842046.0
2025-12-25 08:00:00+00:00,0.11218,0.113,0.11003,0.11042,23691722.0
2025-12-25 12:00:00+00:00,0.11042,0.11249,0.11029,0.11209,28099459.0
2025-12-25 16:00:00+00:00,0.11209,0.11238,0.11065,0.11238,19755030.0
2025-12-25 20:00:00+00:00,0.11238,0.1124,0.10829,0.1088,27046553.0
2025-12-26 00:00:00+00:00,0.1088,0.1135,0.10826,0.1124,38647683.0
2025-12-26 04:00:00+00:00,0.1124,0.11386,0.11146,0.1129,22544435.0
2025-12-26 08:00:00+00:00,0.1129,0.11721,0.11269,0.11458,72740109.0
2025-12-26 12:00:00+00:00,0.11458,0.11484,0.11055,0.11095,41273273.0
2025-12-26 16:00:00+00:00,0.11095,0.11208,0.11029,0.11196,21720505.0
2025-12-26 20:00:00+00:00,0.11196,0.11276,0.11133,0.11158,12574758.0
2025-12-27 00:00:00+00:00,0.11158,0.11277,0.11109,0.11274,30042143.0
2025-12-27 04:00:00+00:00,0.11274,0.11284,0.1117,0.11186,12707336.0
2025-12-27 08:00:00+00:00,0.11186,0.11323,0.11146,0.11316,12224952.0
2025-12-27 12:00:00+00:00,0.11316,0.11348,0.11195,0.11261,12789370.0
2025-12-27 16:00:00+00:00,0.11261,0.11392,0.11252,0.11388,11417950.0
2025-12-27 20:00:00+00:00,0.11388,0.11582,0.11388,0.1152,30469327.0
2025-12-28 00:00:00+00:00,0.1152,0.11595,0.1146,0.11578,13365370.0
2025-12-28 04:00:00+00:00,0.11578,0.11645,0.1152,0.11593,13846786.0
2025-12-28 08:00:00+00:00,0.11593,0.11668,0.11545,0.11615,16348099.0
2025-12-28 12:00:00+00:00,0.11615,0.11636,0.11532,0.11564,11356404.0
2025-12-28 16:00:00+00:00,0.11564,0.11629,0.11379,0.11416,27429492.0
2025-12-28 20:00:00+00:00,0.11416,0.11547,0.11352,0.11537,17251576.0
2025-12-29 00:00:00+00:00,0.11537,0.11862,0.11523,0.11838,50891440.0
2025-12-29 04:00:00+00:00,0.11838,0.11897,0.11605,0.11663,22316161.0
2025-12-29 08:00:00+00:00,0.11663,0.11709,0.11429,0.11444,27642646.0
2025-12-29 12:00:00+00:00,0.11444,0.11537,0.11258,0.11482,46723053.0
2025-12-29 16:00:00+00:00,0.11482,0.11522,0.11281,0.11289,32143054.0
2025-12-29 20:00:00+00:00,0.11289,0.11378,0.11249,0.11277,31674432.0
2025-12-30 00:00:00+00:00,0.11277,0.11319,0.11125,0.11199,21970279.0
2025-12-30 04:00:00+00:00,0.11199,0.11275,0.11162,0.1121,11305942.0
2025-12-30 08:00:00+00:00,0.1121,0.1134,0.11176,0.11202,23242667.0
2025-12-30 12:00:00+00:00,0.11202,0.11286,0.11112,0.11265,39770817.0
2025-12-30 16:00:00+00:00,0.11265,0.11338,0.11038,0.11077,35824112.0
2025-12-30 20:00:00+00:00,0.11077,0.1121,0.1102,0.1116,42549967.0
2025-12-31 00:00:00+00:00,0.1116,0.11183,0.11057,0.11116,53358249.0
2025-12-31 04:00:00+00:00,0.11116,0.11164,0.11104,0.11163,10036739.0
2025-12-31 08:00:00+00:00,0.11163,0.11195,0.1087,0.10981,54573960.0
2025-12-31 12:00:00+00:00,0.10981,0.11029,0.10899,0.10926,39616471.0
2025-12-31 16:00:00+00:00,0.10926,0.10933,0.10608,0.10635,61922417.0
2025-12-31 20:00:00+00:00,0.10635,0.10734,0.10572,0.10629,45900895.0
2026-01-01 00:00:00+00:00,0.10629,0.10763,0.10629,0.10729,23384616.0
2026-01-01 04:00:00+00:00,0.10729,0.11033,0.10714,0.10755,58575333.0
2026-01-01 08:00:00+00:00,0.10755,0.10845,0.10738,0.10799,17737488.0
2026-01-01 12:00:00+00:00,0.10799,0.11078,0.10753,0.11001,26514929.0
2026-01-01 16:00:00+00:00,0.11001,0.11357,0.10975,0.11357,38615474.0
2026-01-01 20:00:00+00:00,0.11357,0.11441,0.1119,0.11428,61140770.0
2026-01-02 00:00:00+00:00,0.11428,0.11599,0.11303,0.11589,29681138.0
2026-01-02 04:00:00+00:00,0.11589,0.11681,0.11498,0.11526,32342528.0
2026-01-02 08:00:00+00:00,0.11526,0.11961,0.1151,0.11856,48202855.0
2026-01-02 12:00:00+00:00,0.11856,0.12057,0.11806,0.11915,66528810.0
2026-01-02 16:00:00+00:00,0.11915,0.12124,0.11853,0.11975,65874254.0
2026-01-02 20:00:00+00:00,0.11975,0.12232,0.11975,0.12152,43087637.0
2026-01-03 00:00:00+00:00,0.12152,0.12227,0.1205,0.12161,34323391.0
2026-01-03 04:00:00+00:00,0.12161,0.12175,0.11712,0.11756,43777661.0
2026-01-03 08:00:00+00:00,0.11756,0.11867,0.11728,0.11818,22358817.0
2026-01-03 12:00:00+00:00,0.11818,0.11993,0.11793,0.11925,24513150.0
2026-01-03 16:00:00+00:00,0.11925,0.12065,0.11913,0.11974,17736712.0
2026-01-03 20:00:00+00:00,0.11974,0.12107,0.11915,0.12073,14597123.0
2026-01-04 00:00:00+00:00,0.12073,0.122,0.12014,0.12188,39791253.0
2026-01-04 04:00:00+00:00,0.12188,0.12385,0.1217,0.12297,44000502.0
2026-01-04 08:00:00+00:00,0.12297,0.12558,0.12198,0.12509,41091113.0
2026-01-04 12:00:00+00:00,0.12509,0.12643,0.12424,0.1256,34919361.0
2026-01-04 16:00:00+00:00,0.1256,0.12884,0.12438,0.12569,61715680.0
2026-01-04 20:00:00+00:00,0.12569,0.12627,0.12443,0.12536,23934915.0
2026-01-05 00:00:00+00:00,0.12536,0.1298,0.12495,0.12739,47381281.0
2026-01-05 04:00:00+00:00,0.12739,0.12766,0.12403,0.126,38028296.0
2026-01-05 08:00:00+00:00,0.126,0.12682,0.12454,0.12502,28794241.0
2026-01-05 12:00:00+00:00,0.12502,0.12736,0.12356,0.12683,36396205.0
2026-01-05 16:00:00+00:00,0.12683,0.1298,0.12471,0.12829,62918338.0
2026-01-05 20:00:00+00:00,0.12829,0.13248,0.12821,0.13156,65915719.0
2026-01-06 00:00:00+00:00,0.13156,0.13359,0.12973,0.13205,78369082.0
2026-01-06 04:00:00+00:00,0.13205,0.1328,0.1276,0.12811,48617733.0
2026-01-06 08:00:00+00:00,0.12811,0.13144,0.12783,0.13125,39417738.0
2026-01-06 12:00:00+00:00,0.13125,0.13487,0.13035,0.13113,74479455.0
2026-01-06 16:00:00+00:00,0.13113,0.13139,0.12412,0.12585,97806807.0
2026-01-06 20:00:00+00:00,0.12585,0.12996,0.12585,0.12886,42155287.0
2026-01-07 00:00:00+00:00,0.12886,0.12896,0.12523,0.12692,37511250.0
2026-01-07 04:00:00+00:00,0.12692,0.12842,0.12612,0.12842,27868913.0
2026-01-07 08:00:00+00:00,0.12842,0.12954,0.12572,0.12681,64277683.0
2026-01-07 12:00:00+00:00,0.12681,0.12684,0.12254,0.12294,99665433.0
2026-01-07 16:00:00+00:00,0.12294,0.12429,0.12224,0.12313,67963859.0
2026-01-07 20:00:00+00:00,0.12313,0.12395,0.12221,0.1236,29469962.0
2026-01-08 00:00:00+00:00,0.1236,0.12427,0.1222,0.12242,36577739.0
2026-01-08 04:00:00+00:00,0.12242,0.12405,0.12038,0.12244,60319735.0
2026-01-08 08:00:00+00:00,0.12244,0.12326,0.11907,0.12012,74451329.0
2026-01-08 12:00:00+00:00,0.12012,0.12172,0.11774,0.12162,94378941.0
2026-01-08 16:00:00+00:00,0.12162,0.1225,0.11998,0.1205,87780988.0
2026-01-08 20:00:00+00:00,0.1205,0.12205,0.11931,0.12046,23466124.0
2026-01-09 00:00:00+00:00,0.12046,0.12115,0.11895,0.12016,46458067.0
2026-01-09 04:00:00+00:00,0.12016,0.12046,0.11832,0.12012,46729094.0
2026-01-09 08:00:00+00:00,0.12012,0.12035,0.11799,0.11915,32492759.0
2026-01-09 12:00:00+00:00,0.11915,0.12304,0.11806,0.12164,95432095.0
2026-01-09 16:00:00+00:00,0.12164,0.12347,0.11804,0.11858,47429247.0
2026-01-09 20:00:00+00:00,0.11858,0.12092,0.11833,0.12027,19723744.0
2026-01-10 00:00:00+00:00,0.12027,0.12041,0.11893,0.1195,13642779.0
2026-01-10 04:00:00+00:00,0.1195,0.11999,0.1182,0.11972,17067255.0
2026-01-10 08:00:00+00:00,0.11972,0.12054,0.11898,0.1205,13303445.0
2026-01-10 12:00:00+00:00,0.1205,0.12094,0.11913,0.1192,19177312.0
2026-01-10 16:00:00+00:00,0.1192,0.11922,0.1179,0.11893,17450755.0
2026-01-10 20:00:00+00:00,0.11893,0.11908,0.11718,0.11776,18290245.0
2026-01-11 00:00:00+00:00,0.11776,0.11776,0.1167,0.11728,14761672.0
2026-01-11 04:00:00+00:00,0.11728,0.11838,0.11683,0.1181,20537069.0
2026-01-11 08:00:00+00:00,0.1181,0.11851,0.11757,0.11785,13949757.0
2026-01-11 12:00:00+00:00,0.11785,0.11884,0.11629,0.11682,39644650.0
2026-01-11 16:00:00+00:00,0.11682,0.1191,0.11655,0.11756,34178023.0
2026-01-11 20:00:00+00:00,0.11756,0.11782,0.11561,0.11726,38902543.0
2026-01-12 00:00:00+00:00,0.11726,0.1203,0.11586,0.11839,56950164.0
2026-01-12 04:00:00+00:00,0.11839,0.11971,0.11656,0.11666,31982303.0
2026-01-12 08:00:00+00:00,0.11666,0.1173,0.11452,0.11516,41831249.0
2026-01-12 12:00:00+00:00,0.11516,0.11731,0.11344,0.11728,59951285.0
2026-01-12 16:00:00+00:00,0.11728,0.11824,0.11498,0.11678,41986757.0
2026-01-12 20:00:00+00:00,0.11678,0.11706,0.1141,0.11495,29331082.0
2026-01-13 00:00:00+00:00,0.11495,0.11584,0.11455,0.11516,20740038.0
2026-01-13 04:00:00+00:00,0.11516,0.11739,0.11504,0.11583,31531628.0
2026-01-13 08:00:00+00:00,0.11583,0.11692,0.11555,0.11616,32002575.0
2026-01-13 12:00:00+00:00,0.11616,0.11975,0.11574,0.11975,60063574.0
2026-01-13 16:00:00+00:00,0.11975,0.12147,0.11876,0.12022,54496236.0
2026-01-13 20:00:00+00:00,0.12022,0.12405,0.1188,0.12225,88090731.0
2026-01-14 00:00:00+00:00,0.12225,0.12643,0.12183,0.12637,54561470.0
2026-01-14 04:00:00+00:00,0.12637,0.12891,0.12509,0.12532,82193730.0
2026-01-14 08:00:00+00:00,0.12532,0.12595,0.12254,0.12277,55673155.0
2026-01-14 12:00:00+00:00,0.12277,0.12678,0.1225,0.12591,69133855.0
2026-01-14 16:00:00+00:00,0.12591,0.12741,0.12189,0.12291,87513759.0
2026-01-14 20:00:00+00:00,0.12291,0.12426,0.12232,0.12329,66195490.0
2026-01-15 00:00:00+00:00,0.12329,0.12342,0.11902,0.11927,59702369.0
2026-01-15 04:00:00+00:00,0.11927,0.12145,0.11909,0.12107,32928756.0
2026-01-15 08:00:00+00:00,0.12107,0.12225,0.12043,0.1208,30356780.0
2026-01-15 12:00:00+00:00,0.1208,0.12268,0.11843,0.12041,78331726.0
2026-01-15 16:00:00+00:00,0.12041,0.12153,0.11727,0.11781,66408457.0
2026-01-15 20:00:00+00:00,0.11781,0.11813,0.11611,0.11773,30209342.0
2026-01-16 00:00:00+00:00,0.11773,0.11902,0.11709,0.11737,26266625.0
2026-01-16 04:00:00+00:00,0.11737,0.11802,0.11671,0.11757,23992594.0
2026-01-16 08:00:00+00:00,0.11757,0.11823,0.11657,0.11691,15952420.0
2026-01-16 12:00:00+00:00,0.11691,0.11707,0.11433,0.11491,57017356.0
2026-01-16 16:00:00+00:00,0.11491,0.11688,0.1147,0.11663,36859993.0
2026-01-16 20:00:00+00:00,0.11663,0.11975,0.11611,0.11852,55308442.0
2026-01-17 00:00:00+00:00,0.11852,0.11946,0.11767,0.11801,18813208.0
2026-01-17 04:00:00+00:00,0.11801,0.11871,0.11766,0.1183,9115328.0
2026-01-17 08:00:00+00:00,0.1183,0.11944,0.11776,0.11781,20612234.0
2026-01-17 12:00:00+00:00,0.11781,0.12004,0.11777,0.11994,24942200.0
2026-01-17 16:00:00+00:00,0.11994,0.12077,0.11846,0.12006,25471538.0
2026-01-17 20:00:00+00:00,0.12006,0.12057,0.1183,0.11881,16698800.0
2026-01-18 00:00:00+00:00,0.11881,0.11931,0.11717,0.11761,22869005.0
2026-01-18 04:00:00+00:00,0.11761,0.11761,0.11673,0.11705,11839694.0
2026-01-18 08:00:00+00:00,0.11705,0.11768,0.11682,0.11692,11581744.0
2026-01-18 12:00:00+00:00,0.11692,0.11749,0.11581,0.11661,31558319.0
2026-01-18 16:00:00+00:00,0.11661,0.11787,0.11603,0.11661,22463736.0
2026-01-18 20:00:00+00:00,0.11661,0.11749,0.11153,0.11166,65455215.0
2026-01-19 00:00:00+00:00,0.11166,0.11166,0.10157,0.10945,261453098.0
2026-01-19 04:00:00+00:00,0.10945,0.10953,0.10853,0.10928,29117133.0
2026-01-19 08:00:00+00:00,0.10928,0.11091,0.10895,0.10925,43976418.0
2026-01-19 12:00:00+00:00,0.10925,0.11036,0.10859,0.10947,23998474.0
2026-01-19 16:00:00+00:00,0.10947,0.11244,0.10942,0.11184,38318962.0
2026-01-19 20:00:00+00:00,0.11184,0.1122,0.10988,0.1108,32448624.0
2026-01-20 00:00:00+00:00,0.1108,0.11127,0.10993,0.11017,30453566.0
2026-01-20 04:00:00+00:00,0.11017,0.11081,0.10817,0.10817,36775995.0
2026-01-20 08:00:00+00:00,0.10817,0.10832,0.10678,0.10775,36212445.0
2026-01-20 12:00:00+00:00,0.10775,0.10846,0.10602,0.1069,61116255.0
2026-01-20 16:00:00+00:00,0.1069,0.10733,0.10484,0.10532,35141444.0
2026-01-20 20:00:00+00:00,0.10532,0.10697,0.1038,0.10557,42959760.0
2026-01-21 00:00:00+00:00,0.10557,0.10926,0.10548,0.10798,35904124.0
2026-01-21 04:00:00+00:00,0.10798,0.11132,0.10775,0.11013,39389557.0
2026-01-21 08:00:00+00:00,0.11013,0.11065,0.10822,0.10836,37561447.0
2026-01-21 12:00:00+00:00,0.10836,0.11075,0.1065,0.11056,86648073.0
2026-01-21 16:00:00+00:00,0.11056,0.11135,0.10531,0.11122,111960018.0
2026-01-21 20:00:00+00:00,0.11122,0.11152,0.10885,0.10921,35440899.0
2026-01-22 00:00:00+00:00,0.10921,0.11104,0.10921,0.10997,15859798.0
2026-01-22 04:00:00+00:00,0.10997,0.11075,0.10966,0.11013,11569480.0
2026-01-22 08:00:00+00:00,0.11013,0.11121,0.10886,0.10895,17073053.0
2026-01-22 12:00:00+00:00,0.10895,0.10977,0.10677,0.10787,41007016.0
2026-01-22 16:00:00+00:00,0.10787,0.10907,0.10742,0.10841,30590179.0
2026-01-22 20:00:00+00:00,0.10841,0.10876,0.1076,0.1081,12804718.0
2026-01-23 00:00:00+00:00,0.1081,0.10972,0.10806,0.10957,14647058.0
2026-01-23 04:00:00+00:00,0.10957,0.11042,0.10887,0.10909,20157177.0
2026-01-23 08:00:00+00:00,0.10909,0.10971,0.10805,0.1092,23566272.0
2026-01-23 12:00:00+00:00,0.1092,0.11018,0.10748,0.10998,33853348.0
2026-01-23 16:00:00+00:00,0.10998,0.11259,0.10951,0.11015,53757701.0
2026-01-23 20:00:00+00:00,0.11015,0.11036,0.1087,0.10936,15924114.0
2026-01-24 00:00:00+00:00,0.10936,0.10987,0.10883,0.10925,11995159.0
2026-01-24 04:00:00+00:00,0.10925,0.10941,0.10824,0.10826,13758740.0
2026-01-24 08:00:00+00:00,0.10826,0.1084,0.10779,0.10784,12584443.0
2026-01-24 12:00:00+00:00,0.10784,0.10828,0.10745,0.10775,13429174.0
2026-01-24 16:00:00+00:00,0.10775,0.10868,0.10741,0.10793,10729189.0
2026-01-24 20:00:00+00:00,0.10793,0.10887,0.10792,0.1084,9630354.0
2026-01-25 00:00:00+00:00,0.1084,0.10868,0.10719,0.10738,8135313.0
2026-01-25 04:00:00+00:00,0.10738,0.10758,0.10628,0.10658,9802175.0
2026-01-25 08:00:00+00:00,0.10658,0.10763,0.10592,0.10703,29866670.0
2026-01-25 12:00:00+00:00,0.10703,0.10714,0.10562,0.10593,17902105.0
2026-01-25 16:00:00+00:00,0.10593,0.10593,0.1018,0.10196,65173177.0
2026-01-25 20:00:00+00:00,0.10196,0.10338,0.10101,0.10319,34464577.0
2026-01-26 00:00:00+00:00,0.10319,0.10618,0.10305,0.10497,28940858.0
2026-01-26 04:00:00+00:00,0.10497,0.10632,0.10493,0.10596,14148144.0
2026-01-26 08:00:00+00:00,0.10596,0.10677,0.1052,0.106,18130247.0
2026-01-26 12:00:00+00:00,0.106,0.10793,0.10559,0.1065,36448910.0
2026-01-26 16:00:00+00:00,0.1065,0.10736,0.10585,0.10637,27596582.0
2026-01-26 20:00:00+00:00,0.10637,0.10725,0.10577,0.10651,18060488.0
2026-01-27 00:00:00+00:00,0.10651,0.10747,0.1062,0.10704,12396286.0
2026-01-27 04:00:00+00:00,0.10704,0.10756,0.10601,0.10632,9591410.0
2026-01-27 08:00:00+00:00,0.10632,0.10658,0.10565,0.10579,7268587.0
2026-01-27 12:00:00+00:00,0.10579,0.10652,0.10511,0.10648,18333001.0
2026-01-27 16:00:00+00:00,0.10648,0.10775,0.10456,0.10623,42712514.0
2026-01-27 20:00:00+00:00,0.10623,0.10858,0.10617,0.10812,28876591.0
2026-01-28 00:00:00+00:00,0.10812,0.10833,0.10716,0.10728,11301037.0
2026-01-28 04:00:00+00:00,0.10728,0.10811,0.10661,0.10746,15195641.0
2026-01-28 08:00:00+00:00,0.10746,0.109,0.10706,0.10893,16499365.0
2026-01-28 12:00:00+00:00,0.10893,0.10901,0.10657,0.1067,24541909.0
2026-01-28 16:00:00+00:00,0.1067,0.10782,0.10606,0.10712,30631425.0
2026-01-28 20:00:00+00:00,0.10712,0.10797,0.10609,0.10702,19868291.0
2026-01-29 00:00:00+00:00,0.10702,0.10732,0.10413,0.10446,38306677.0
2026-01-29 04:00:00+00:00,0.10446,0.10464,0.10391,0.10454,14372233.0
2026-01-29 08:00:00+00:00,0.10454,0.10478,0.1033,0.10342,19810656.0
2026-01-29 12:00:00+00:00,0.10342,0.10423,0.09867,0.1005,111162416.0
2026-01-29 16:00:00+00:00,0.1005,0.1028,0.0986,0.0998,128697075.0
2026-01-29 20:00:00+00:00,0.0998,0.10139,0.09966,0.10106,19715662.0
2026-01-30 00:00:00+00:00,0.10106,0.10156,0.09739,0.09912,86254798.0
2026-01-30 04:00:00+00:00,0.09912,0.10049,0.09708,0.09886,45000895.0
2026-01-30 08:00:00+00:00,0.09886,0.10006,0.09786,0.09975,26023962.0
2026-01-30 12:00:00+00:00,0.09975,0.10075,0.09828,0.10069,49225201.0
2026-01-30 16:00:00+00:00,0.10069,0.10076,0.0966,0.0999,60303802.0
2026-01-30 20:00:00+00:00,0.0999,0.09993,0.09791,0.09867,29763904.0
2026-01-31 00:00:00+00:00,0.09867,0.0987,0.09773,0.09836,11913874.0
2026-01-31 04:00:00+00:00,0.09836,0.09862,0.0963,0.09696,15773856.0
2026-01-31 08:00:00+00:00,0.09696,0.09723,0.09472,0.09491,43076672.0
2026-01-31 12:00:00+00:00,0.09491,0.09509,0.08893,0.09105,112371158.0
2026-01-31 16:00:00+00:00,0.09105,0.09309,0.08371,0.08916,318751106.0
2026-01-31 20:00:00+00:00,0.08916,0.094,0.08869,0.09284,50045023.0
2026-02-01 00:00:00+00:00,0.09284,0.09341,0.09171,0.09267,29380365.0
2026-02-01 04:00:00+00:00,0.09267,0.09321,0.09125,0.09192,33140703.0
2026-02-01 08:00:00+00:00,0.09192,0.09252,0.0904,0.09126,40453812.0
2026-02-01 12:00:00+00:00,0.09126,0.09153,0.08807,0.08912,65941966.0
2026-02-01 16:00:00+00:00,0.08912,0.09042,0.08804,0.08907,52147154.0
2026-02-01 20:00:00+00:00,0.08907,0.09029,0.08685,0.08848,66617430.0
2026-02-02 00:00:00+00:00,0.08848,0.09057,0.08605,0.0889,97961759.0
2026-02-02 04:00:00+00:00,0.0889,0.09028,0.0868,0.08902,66255583.0
2026-02-02 08:00:00+00:00,0.08902,0.09172,0.08902,0.091,44001410.0
2026-02-02 12:00:00+00:00,0.091,0.0958,0.091,0.09543,64728724.0
2026-02-02 16:00:00+00:00,0.09543,0.09554,0.09277,0.09326,33600065.0
2026-02-02 20:00:00+00:00,0.09326,0.094,0.09291,0.09315,19928204.0
2026-02-03 00:00:00+00:00,0.09315,0.0933,0.09101,0.09243,36828993.0
2026-02-03 04:00:00+00:00,0.09243,0.09279,0.09115,0.09172,18576549.0
2026-02-03 08:00:00+00:00,0.09172,0.09207,0.09022,0.0909,32913640.0
2026-02-03 12:00:00+00:00,0.0909,0.09205,0.08985,0.09181,42054216.0
2026-02-03 16:00:00+00:00,0.09181,0.09182,0.08732,0.09141,97602845.0
2026-02-03 20:00:00+00:00,0.09141,0.09447,0.09009,0.09063,85369786.0
2026-02-04 00:00:00+00:00,0.09063,0.09186,0.0901,0.09129,21225465.0
2026-02-04 04:00:00+00:00,0.09129,0.09197,0.09075,0.09172,20580179.0
2026-02-04 08:00:00+00:00,0.09172,0.09354,0.09139,0.0927,39160270.0
2026-02-04 12:00:00+00:00,0.0927,0.09303,0.08906,0.08975,89213567.0
2026-02-04 16:00:00+00:00,0.08975,0.09223,0.08823,0.09207,94630832.0
2026-02-04 20:00:00+00:00,0.09207,0.09233,0.08857,0.08938,59137475.0
2026-02-05 00:00:00+00:00,0.08938,0.09012,0.08741,0.08775,67282134.0
2026-02-05 04:00:00+00:00,0.08775,0.08902,0.08652,0.08747,88045250.0
2026-02-05 08:00:00+00:00,0.08747,0.0892,0.08463,0.08552,64100225.0
2026-02-05 12:00:00+00:00,0.08552,0.08608,0.0801,0.08258,168181814.0
2026-02-05 16:00:00+00:00,0.08258,0.0833,0.07924,0.07934,124249373.0
2026-02-05 20:00:00+00:00,0.07934,0.08055,0.07583,0.07803,180719888.0
2026-02-06 00:00:00+00:00,0.07803,0.08253,0.07208,0.08014,320661243.0
2026-02-06 04:00:00+00:00,0.08014,0.08355,0.07949,0.08231,74680991.0
2026-02-06 08:00:00+00:00,0.08231,0.0863,0.08151,0.08552,177512902.0
2026-02-06 12:00:00+00:00,0.08552,0.09163,0.08425,0.09044,130556918.0
2026-02-06 16:00:00+00:00,0.09044,0.09814,0.09021,0.09269,160962589.0
2026-02-06 20:00:00+00:00,0.09269,0.0928,0.09001,0.09119,52478773.0
2026-02-07 00:00:00+00:00,0.09119,0.09123,0.08919,0.09081,36994739.0
2026-02-07 04:00:00+00:00,0.09081,0.09161,0.08847,0.08859,51023532.0
2026-02-07 08:00:00+00:00,0.08859,0.08909,0.08662,0.08693,33986030.0
2026-02-07 12:00:00+00:00,0.08693,0.08935,0.08679,0.08902,46008001.0
2026-02-07 16:00:00+00:00,0.08902,0.09048,0.08817,0.08945,241023002.0
2026-02-07 20:00:00+00:00,0.08945,0.09087,0.08922,0.08991,29308642.0
2026-02-08 00:00:00+00:00,0.08991,0.09032,0.08915,0.08922,30787527.0
2026-02-08 04:00:00+00:00,0.08922,0.08973,0.08877,0.08962,29578317.0
2026-02-08 08:00:00+00:00,0.08962,0.0945,0.08951,0.09444,96469333.0
2026-02-08 12:00:00+00:00,0.09444,0.09599,0.09241,0.09264,137819343.0
2026-02-08 16:00:00+00:00,0.09264,0.09301,0.09041,0.09241,60385628.0
2026-02-08 20:00:00+00:00,0.09241,0.09373,0.09049,0.09116,44476436.0
2026-02-09 00:00:00+00:00,0.09116,0.09249,0.09026,0.09242,33949678.0
2026-02-09 04:00:00+00:00,0.09242,0.09253,0.09098,0.09109,23876788.0
2026-02-09 08:00:00+00:00,0.09109,0.09186,0.08771,0.08876,65684676.0
2026-02-09 12:00:00+00:00,0.08876,0.09177,0.0887,0.09165,49456303.0
2026-02-09 16:00:00+00:00,0.09165,0.09307,0.09092,0.09273,46550315.0
2026-02-09 20:00:00+00:00,0.09273,0.09386,0.09191,0.09202,31795570.0
2026-02-10 00:00:00+00:00,0.09202,0.09304,0.09174,0.09192,18820036.0
2026-02-10 04:00:00+00:00,0.09192,0.09322,0.09012,0.09128,42559646.0
2026-02-10 08:00:00+00:00,0.09128,0.09141,0.08999,0.09015,20487506.0
2026-02-10 12:00:00+00:00,0.09015,0.09166,0.08955,0.09137,49396063.0
2026-02-10 16:00:00+00:00,0.09137,0.09162,0.08925,0.09013,33481803.0
2026-02-10 20:00:00+00:00,0.09013,0.09071,0.0896,0.09066,18827756.0
2026-02-11 00:00:00+00:00,0.09066,0.09119,0.08962,0.08992,21821891.0
2026-02-11 04:00:00+00:00,0.08992,0.08999,0.08803,0.08837,34270219.0
2026-02-11 08:00:00+00:00,0.08837,0.08914,0.08778,0.08903,25275113.0
2026-02-11 12:00:00+00:00,0.08903,0.09103,0.08708,0.08785,71042542.0
2026-02-11 16:00:00+00:00,0.08785,0.08953,0.0871,0.089,34525122.0
2026-02-11 20:00:00+00:00,0.089,0.08998,0.08833,0.08904,20371518.0
2026-02-12 00:00:00+00:00,0.08904,0.09075,0.08904,0.09055,19335232.0
2026-02-12 04:00:00+00:00,0.09055,0.09347,0.09001,0.09339,31228514.0
2026-02-12 08:00:00+00:00,0.09339,0.09665,0.09303,0.09514,87834226.0
2026-02-12 12:00:00+00:00,0.09514,0.0959,0.09254,0.09272,100577728.0
2026-02-12 16:00:00+00:00,0.09272,0.09307,0.08982,0.0907,90790477.0
2026-02-12 20:00:00+00:00,0.0907,0.09374,0.09002,0.0931,48779638.0
2026-02-13 00:00:00+00:00,0.0931,0.09367,0.09207,0.0926,36854658.0
2026-02-13 04:00:00+00:00,0.0926,0.09272,0.09143,0.09248,21261915.0
2026-02-13 08:00:00+00:00,0.09248,0.09393,0.09239,0.09316,24636946.0
2026-02-13 12:00:00+00:00,0.09316,0.09619,0.09271,0.09495,52645116.0
2026-02-13 16:00:00+00:00,0.09495,0.09699,0.09446,0.09607,52799187.0
2026-02-13 20:00:00+00:00,0.09607,0.09887,0.09588,0.09874,43715602.0
2026-02-14 00:00:00+00:00,0.09874,0.10748,0.09868,0.10212,185088715.0
2026-02-14 04:00:00+00:00,0.10212,0.10251,0.10045,0.102,45367113.0
2026-02-14 08:00:00+00:00,0.102,0.10436,0.1017,0.10364,63462655.0
2026-02-14 12:00:00+00:00,0.10364,0.10435,0.10148,0.10254,53955581.0
2026-02-14 16:00:00+00:00,0.10254,0.10529,0.1018,0.10523,30223784.0
2026-02-14 20:00:00+00:00,0.10523,0.10559,0.10306,0.10379,41529213.0
2026-02-15 00:00:00+00:00,0.10379,0.10494,0.1021,0.10386,36458921.0
2026-02-15 04:00:00+00:00,0.10386,0.10632,0.10364,0.10588,57685275.0
2026-02-15 08:00:00+00:00,0.10588,0.1065,0.10178,0.10241,73928975.0
2026-02-15 12:00:00+00:00,0.10241,0.10253,0.09989,0.10023,62727197.0
2026-02-15 16:00:00+00:00,0.10023,0.10024,0.09793,0.0987,70100987.0
2026-02-15 20:00:00+00:00,0.0987,0.10054,0.09818,0.10026,36966574.0
2026-02-16 00:00:00+00:00,0.10026,0.10178,0.09968,0.10036,39603563.0
2026-02-16 04:00:00+00:00,0.10036,0.10116,0.09927,0.09974,19412312.0
2026-02-16 08:00:00+00:00,0.09974,0.10201,0.09958,0.10043,29449682.0
2026-02-16 12:00:00+00:00,0.10043,0.10266,0.09851,0.09936,52110448.0
2026-02-16 16:00:00+00:00,0.09936,0.10065,0.09934,0.10051,24380051.0
2026-02-16 20:00:00+00:00,0.10051,0.1022,0.10002,0.10158,24014049.0
2026-02-17 00:00:00+00:00,0.10158,0.10208,0.10083,0.10101,26197457.0
2026-02-17 04:00:00+00:00,0.10101,0.10125,0.09985,0.10039,17641032.0
2026-02-17 08:00:00+00:00,0.10039,0.10057,0.09926,0.09975,20895156.0
2026-02-17 12:00:00+00:00,0.09975,0.10123,0.09914,0.10063,49544646.0
2026-02-17 16:00:00+00:00,0.10063,0.10348,0.10017,0.1012,70797309.0
2026-02-17 20:00:00+00:00,0.1012,0.10258,0.10058,0.10201,20410141.0
2026-02-18 00:00:00+00:00,0.10201,0.10257,0.101,0.1016,13285251.0
2026-02-18 04:00:00+00:00,0.1016,0.10244,0.10124,0.10213,15091662.0
2026-02-18 08:00:00+00:00,0.10213,0.10249,0.10017,0.10064,33385352.0
2026-02-18 12:00:00+00:00,0.10064,0.10221,0.09963,0.10117,38370481.0
2026-02-18 16:00:00+00:00,0.10117,0.10125,0.09874,0.09898,53974123.0
2026-02-18 20:00:00+00:00,0.09898,0.09956,0.09868,0.09904,18418473.0
2026-02-19 00:00:00+00:00,0.09904,0.09966,0.09885,0.09932,12748204.0
2026-02-19 04:00:00+00:00,0.09932,0.09946,0.09822,0.09898,19483132.0
2026-02-19 08:00:00+00:00,0.09898,0.09906,0.09696,0.09719,41885207.0
2026-02-19 12:00:00+00:00,0.09719,0.09783,0.09587,0.09739,58529722.0
2026-02-19 16:00:00+00:00,0.09739,0.09822,0.09591,0.09775,40243387.0
2026-02-19 20:00:00+00:00,0.09775,0.0982,0.09706,0.09759,14668908.0
2026-02-20 00:00:00+00:00,0.09759,0.09852,0.09745,0.09782,15106527.0
2026-02-20 04:00:00+00:00,0.09782,0.09873,0.09692,0.09849,22575297.0
2026-02-20 08:00:00+00:00,0.09849,0.0995,0.09835,0.09851,22245207.0
2026-02-20 12:00:00+00:00,0.09851,0.10071,0.09679,0.10068,67544724.0
2026-02-20 16:00:00+00:00,0.10068,0.1014,0.09846,0.10014,74776321.0
2026-02-20 20:00:00+00:00,0.10014,0.10049,0.09948,0.09965,12859969.0
2026-02-21 00:00:00+00:00,0.09965,0.10038,0.09906,0.09956,14201947.0
2026-02-21 04:00:00+00:00,0.09956,0.09996,0.09869,0.09882,20012842.0
2026-02-21 08:00:00+00:00,0.09882,0.10046,0.09866,0.10028,25511785.0
2026-02-21 12:00:00+00:00,0.10028,0.10147,0.09992,0.10054,36934010.0
2026-02-21 16:00:00+00:00,0.10054,0.10078,0.09989,0.1001,23923806.0
2026-02-21 20:00:00+00:00,0.1001,0.10025,0.09938,0.09969,14682322.0
2026-02-22 00:00:00+00:00,0.09969,0.09972,0.09782,0.0986,28245891.0
2026-02-22 04:00:00+00:00,0.0986,0.09866,0.09795,0.09847,12656424.0
2026-02-22 08:00:00+00:00,0.09847,0.09859,0.09772,0.09837,24908039.0
2026-02-22 12:00:00+00:00,0.09837,0.09839,0.09642,0.09761,39964999.0
2026-02-22 16:00:00+00:00,0.09761,0.09788,0.09695,0.09752,13651940.0
2026-02-22 20:00:00+00:00,0.09752,0.09824,0.09674,0.09815,16966882.0
2026-02-23 00:00:00+00:00,0.09815,0.09835,0.0932,0.09499,90584102.0
2026-02-23 04:00:00+00:00,0.09499,0.09616,0.0942,0.0957,26113027.0
2026-02-23 08:00:00+00:00,0.0957,0.09704,0.09448,0.09656,26978401.0
2026-02-23 12:00:00+00:00,0.09656,0.09774,0.095,0.09526,32839404.0
2026-02-23 16:00:00+00:00,0.09526,0.09579,0.09333,0.09441,42840896.0
2026-02-23 20:00:00+00:00,0.09441,0.09564,0.09394,0.09487,15188068.0
2026-02-24 00:00:00+00:00,0.09487,0.09595,0.09341,0.09398,33199170.0
2026-02-24 04:00:00+00:00,0.09398,0.09419,0.09304,0.09337,20991616.0
2026-02-24 08:00:00+00:00,0.09337,0.09396,0.09263,0.09333,23441131.0
2026-02-24 12:00:00+00:00,0.09333,0.09529,0.09266,0.09514,37213514.0
2026-02-24 16:00:00+00:00,0.09514,0.09635,0.09481,0.09611,25663622.0
2026-02-24 20:00:00+00:00,0.09611,0.09614,0.09459,0.09493,10729622.0
2026-02-25 00:00:00+00:00,0.09493,0.09878,0.09479,0.09754,56551273.0
2026-02-25 04:00:00+00:00,0.09754,0.09763,0.09586,0.09683,25910807.0
2026-02-25 08:00:00+00:00,0.09683,0.09841,0.09659,0.0982,26232690.0
2026-02-25 12:00:00+00:00,0.0982,0.10187,0.09815,0.10132,70577813.0
2026-02-25 16:00:00+00:00,0.10132,0.10446,0.10114,0.10418,74875133.0
2026-02-25 20:00:00+00:00,0.10418,0.10691,0.10068,0.10177,75870767.0
2026-02-26 00:00:00+00:00,0.10177,0.10229,0.10053,0.10125,30683141.0
2026-02-26 04:00:00+00:00,0.10125,0.10286,0.10119,0.10148,29747432.0
2026-02-26 08:00:00+00:00,0.10148,0.10352,0.10147,0.10203,24203652.0
2026-02-26 12:00:00+00:00,0.10203,0.10393,0.10064,0.10161,62340206.0
2026-02-26 16:00:00+00:00,0.10161,0.10176,0.09913,0.10143,62749938.0
2026-02-26 20:00:00+00:00,0.10143,0.10304,0.10138,0.10253,36216318.0
2026-02-27 00:00:00+00:00,0.10253,0.10329,0.10211,0.10312,29794889.0
2026-02-27 04:00:00+00:00,0.10312,0.10505,0.10297,0.10437,36419853.0
2026-02-27 08:00:00+00:00,0.10437,0.10512,0.09981,0.10036,77638369.0
2026-02-27 12:00:00+00:00,0.10036,0.10113,0.09938,0.10039,67445640.0
2026-02-27 16:00:00+00:00,0.10039,0.10072,0.09883,0.09935,42527338.0
2026-02-27 20:00:00+00:00,0.09935,0.10074,0.09837,0.10034,30683030.0
2026-02-28 00:00:00+00:00,0.10034,0.10088,0.09958,0.09961,17162970.0
2026-02-28 04:00:00+00:00,0.09961,0.09981,0.09517,0.09632,85443458.0
2026-02-28 08:00:00+00:00,0.09632,0.09632,0.09431,0.09454,81737431.0
2026-02-28 12:00:00+00:00,0.09454,0.09791,0.0945,0.0966,75509442.0
2026-02-28 16:00:00+00:00,0.0966,0.09962,0.09579,0.09852,54411096.0
2026-02-28 20:00:00+00:00,0.09852,0.10147,0.09832,0.10014,59796146.0
2026-03-01 00:00:00+00:00,0.10014,0.1033,0.09899,0.10147,48433969.0
2026-03-01 04:00:00+00:00,0.10147,0.10174,0.10002,0.10051,24415485.0
2026-03-01 08:00:00+00:00,0.10051,0.10096,0.09871,0.09901,24304607.0
2026-03-01 12:00:00+00:00,0.09901,0.10013,0.09764,0.09947,37054274.0
2026-03-01 16:00:00+00:00,0.09947,0.1,0.09679,0.09722,40755318.0
2026-03-01 20:00:00+00:00,0.09722,0.09856,0.09557,0.09691,53033458.0
2026-03-02 00:00:00+00:00,0.09691,0.09927,0.09685,0.09888,20918832.0
2026-03-02 04:00:00+00:00,0.09888,0.09917,0.09677,0.09742,13736739.0
2026-03-02 08:00:00+00:00,0.09742,0.0981,0.09664,0.09706,22732284.0
2026-03-02 12:00:00+00:00,0.09706,0.10233,0.09631,0.10137,52494331.0
2026-03-02 16:00:00+00:00,0.10137,0.10288,0.09922,0.09977,47460834.0
2026-03-02 20:00:00+00:00,0.09977,0.10033,0.09778,0.09795,29877025.0
2026-03-03 00:00:00+00:00,0.09795,0.09824,0.09624,0.09679,31507166.0
2026-03-03 04:00:00+00:00,0.09679,0.09729,0.09573,0.09632,21749640.0
2026-03-03 08:00:00+00:00,0.09632,0.09655,0.09436,0.09555,56723467.0
2026-03-03 12:00:00+00:00,0.09555,0.09653,0.09425,0.0956,50926717.0
2026-03-03 16:00:00+00:00,0.0956,0.0979,0.09481,0.09669,76535186.0
2026-03-03 20:00:00+00:00,0.09669,0.09769,0.09601,0.09689,20513872.0
2026-03-04 00:00:00+00:00,0.09689,0.09899,0.09666,0.09798,29460849.0
2026-03-04 04:00:00+00:00,0.09798,0.09938,0.09665,0.09932,31636653.0
2026-03-04 08:00:00+00:00,0.09932,0.10205,0.09884,0.10053,85988008.0
2026-03-04 12:00:00+00:00,0.10053,0.10349,0.0997,0.10345,57813095.0
2026-03-04 16:00:00+00:00,0.10345,0.10412,0.10141,0.10242,53382212.0
2026-03-04 20:00:00+00:00,0.10242,0.10245,0.10056,0.10107,18370759.0
2026-03-05 00:00:00+00:00,0.10107,0.10126,0.09993,0.10075,24341547.0
2026-03-05 04:00:00+00:00,0.10075,0.10142,0.09976,0.10025,22496878.0
2026-03-05 08:00:00+00:00,0.10025,0.1016,0.09998,0.10084,38563661.0
2026-03-05 12:00:00+00:00,0.10084,0.10127,0.09925,0.09948,44030032.0
2026-03-05 16:00:00+00:00,0.09948,0.09999,0.09803,0.0994,38490668.0
2026-03-05 20:00:00+00:00,0.0994,0.10051,0.09928,0.09955,15023247.0
2026-03-06 00:00:00+00:00,0.09955,0.10082,0.09926,0.10074,14715795.0
2026-03-06 04:00:00+00:00,0.10074,0.10084,0.09929,0.09994,25983206.0
2026-03-06 08:00:00+00:00,0.09994,0.09994,0.09858,0.09873,23802873.0
2026-03-06 12:00:00+00:00,0.09873,0.09928,0.09644,0.09677,59382294.0
2026-03-06 16:00:00+00:00,0.09677,0.09743,0.0961,0.09704,20401001.0
2026-03-06 20:00:00+00:00,0.09704,0.09756,0.09662,0.09747,8749752.0
2026-03-07 00:00:00+00:00,0.09747,0.09797,0.09673,0.09682,13448616.0
2026-03-07 04:00:00+00:00,0.09682,0.09708,0.09609,0.09643,15678623.0
2026-03-07 08:00:00+00:00,0.09643,0.09677,0.0961,0.09642,14802641.0
2026-03-07 12:00:00+00:00,0.09642,0.09656,0.09564,0.09595,20672736.0
2026-03-07 16:00:00+00:00,0.09595,0.09657,0.09529,0.09549,16930744.0
2026-03-07 20:00:00+00:00,0.09549,0.09598,0.09505,0.09571,17484418.0
2026-03-08 00:00:00+00:00,0.09571,0.09581,0.09436,0.09454,11880680.0
2026-03-08 04:00:00+00:00,0.09454,0.09512,0.0938,0.09498,17882033.0
2026-03-08 08:00:00+00:00,0.09498,0.09665,0.09465,0.09528,17072087.0
2026-03-08 12:00:00+00:00,0.09528,0.09565,0.09435,0.09461,28062107.0
2026-03-08 16:00:00+00:00,0.09461,0.09533,0.09391,0.09507,15460047.0
2026-03-08 20:00:00+00:00,0.09507,0.09546,0.09283,0.09386,50190517.0
2026-03-09 00:00:00+00:00,0.09386,0.09629,0.0937,0.09532,33898428.0
2026-03-09 04:00:00+00:00,0.09532,0.09661,0.09433,0.09516,26702014.0
2026-03-09 08:00:00+00:00,0.09516,0.09606,0.09396,0.09441,22892655.0
2026-03-09 12:00:00+00:00,0.09441,0.09619,0.09441,0.09458,37937499.0
2026-03-09 16:00:00+00:00,0.09458,0.0957,0.09377,0.09448,41400163.0
2026-03-09 20:00:00+00:00,0.09448,0.09499,0.09411,0.09426,15478201.0
2026-03-10 00:00:00+00:00,0.09426,0.09639,0.09413,0.09503,26606546.0
2026-03-10 04:00:00+00:00,0.09503,0.09596,0.09474,0.09515,17443565.0
2026-03-10 08:00:00+00:00,0.09515,0.09704,0.09505,0.0963,34767112.0
2026-03-10 12:00:00+00:00,0.0963,0.09895,0.0952,0.09815,72988369.0
2026-03-10 16:00:00+00:00,0.09815,0.09886,0.09556,0.09593,44854357.0
2026-03-10 20:00:00+00:00,0.09593,0.09628,0.09457,0.09509,29202456.0
2026-03-11 00:00:00+00:00,0.09509,0.09538,0.09406,0.09433,15726398.0
2026-03-11 04:00:00+00:00,0.09433,0.09498,0.09372,0.09387,14144098.0
2026-03-11 08:00:00+00:00,0.09387,0.09403,0.09322,0.09369,17874385.0
2026-03-11 12:00:00+00:00,0.09369,0.09614,0.09333,0.09393,44063784.0
2026-03-11 16:00:00+00:00,0.09393,0.09524,0.09338,0.09482,30076642.0
2026-03-11 20:00:00+00:00,0.09482,0.0955,0.09391,0.09414,16054980.0
2026-03-12 00:00:00+00:00,0.09414,0.09479,0.09344,0.09369,16244089.0
2026-03-12 04:00:00+00:00,0.09369,0.09444,0.09297,0.09441,12863114.0
2026-03-12 08:00:00+00:00,0.09441,0.0951,0.09406,0.09483,20641124.0
2026-03-12 12:00:00+00:00,0.09483,0.09534,0.09315,0.09414,31232007.0
2026-03-12 16:00:00+00:00,0.09414,0.09457,0.0935,0.09434,16658857.0
2026-03-12 20:00:00+00:00,0.09434,0.09509,0.09377,0.09474,16926897.0
2026-03-13 00:00:00+00:00,0.09474,0.09697,0.09451,0.09678,33826755.0
2026-03-13 04:00:00+00:00,0.09678,0.09724,0.09613,0.09665,19373246.0
2026-03-13 08:00:00+00:00,0.09665,0.09822,0.0962,0.09819,27772158.0
2026-03-13 12:00:00+00:00,0.09819,0.09989,0.09707,0.09733,76766048.0
2026-03-13 16:00:00+00:00,0.09733,0.09758,0.09474,0.09501,48935472.0
2026-03-13 20:00:00+00:00,0.09501,0.09532,0.09448,0.09504,28049589.0
2026-03-14 00:00:00+00:00,0.09504,0.09524,0.09431,0.09489,18323266.0
2026-03-14 04:00:00+00:00,0.09489,0.09516,0.09271,0.09297,34905909.0
2026-03-14 08:00:00+00:00,0.09297,0.09328,0.09241,0.09301,46961957.0
2026-03-14 12:00:00+00:00,0.09301,0.09302,0.09183,0.09213,42813300.0
2026-03-14 16:00:00+00:00,0.09213,0.09225,0.0915,0.09162,36929359.0
2026-03-14 20:00:00+00:00,0.09162,0.09372,0.09118,0.09348,55347589.0
2026-03-15 00:00:00+00:00,0.09348,0.09572,0.09287,0.09496,45637439.0
2026-03-15 04:00:00+00:00,0.09496,0.09551,0.09449,0.0952,34275411.0
2026-03-15 08:00:00+00:00,0.0952,0.0971,0.09512,0.09642,54265370.0
2026-03-15 12:00:00+00:00,0.09642,0.09655,0.09463,0.09525,57622120.0
2026-03-15 16:00:00+00:00,0.09525,0.09596,0.09503,0.09529,25640538.0
2026-03-15 20:00:00+00:00,0.09529,0.0969,0.0949,0.09623,56676679.0
2026-03-16 00:00:00+00:00,0.09623,0.09777,0.0954,0.09695,47612985.0
2026-03-16 04:00:00+00:00,0.09695,0.09904,0.09694,0.09863,72930939.0
2026-03-16 08:00:00+00:00,0.09863,0.09917,0.09714,0.09787,45949081.0
2026-03-16 12:00:00+00:00,0.09787,0.09949,0.0978,0.09804,82051607.0
2026-03-16 16:00:00+00:00,0.09804,0.09989,0.09794,0.09943,44247320.0
2026-03-16 20:00:00+00:00,0.09943,0.10099,0.09935,0.10021,52111516.0
2026-03-17 00:00:00+00:00,0.10021,0.10153,0.09891,0.09928,56440329.0
2026-03-17 04:00:00+00:00,0.09928,0.09955,0.09772,0.09905,57567710.0
2026-03-17 08:00:00+00:00,0.09905,0.09941,0.09854,0.09899,29916261.0
2026-03-17 12:00:00+00:00,0.09899,0.09971,0.09808,0.09915,52038124.0
2026-03-17 16:00:00+00:00,0.09915,0.09974,0.09851,0.09851,26205113.0
2026-03-17 20:00:00+00:00,0.09851,0.09945,0.09834,0.09865,23382202.0
2026-03-18 00:00:00+00:00,0.09865,0.10074,0.09831,0.09998,32197850.0
2026-03-18 04:00:00+00:00,0.09998,0.10067,0.09888,0.09936,41678799.0
2026-03-18 08:00:00+00:00,0.09936,0.09977,0.09704,0.09734,51188076.0
2026-03-18 12:00:00+00:00,0.09734,0.09743,0.0947,0.09518,59221883.0
2026-03-18 16:00:00+00:00,0.09518,0.09648,0.09471,0.09504,40300751.0
2026-03-18 20:00:00+00:00,0.09504,0.09582,0.09442,0.09573,17448572.0
2026-03-19 00:00:00+00:00,0.09573,0.09644,0.09511,0.09596,12871990.0
2026-03-19 04:00:00+00:00,0.09596,0.09596,0.09337,0.09367,40332118.0
2026-03-19 08:00:00+00:00,0.09367,0.09412,0.09313,0.09318,32548015.0
2026-03-19 12:00:00+00:00,0.09318,0.09318,0.09133,0.09212,58617919.0
2026-03-19 16:00:00+00:00,0.09212,0.09364,0.09163,0.09308,34458103.0
2026-03-19 20:00:00+00:00,0.09308,0.09351,0.09251,0.09282,27480103.0
2026-03-20 00:00:00+00:00,0.09282,0.09397,0.09265,0.09386,22046690.0
2026-03-20 04:00:00+00:00,0.09386,0.09468,0.0934,0.09413,26728326.0
2026-03-20 08:00:00+00:00,0.09413,0.09474,0.09304,0.09352,29177899.0
2026-03-20 12:00:00+00:00,0.09352,0.09385,0.0923,0.09287,21944331.0
2026-03-20 16:00:00+00:00,0.09287,0.09313,0.09215,0.09283,11564125.0
2026-03-20 20:00:00+00:00,0.09283,0.09375,0.09223,0.09307,19896169.0
2026-03-21 00:00:00+00:00,0.09307,0.09358,0.09302,0.09311,7694287.0
2026-03-21 04:00:00+00:00,0.09311,0.09345,0.0928,0.09284,7599288.0
2026-03-21 08:00:00+00:00,0.09284,0.09299,0.09223,0.09279,13702935.0
2026-03-21 12:00:00+00:00,0.09279,0.0934,0.09266,0.09335,12043694.0
2026-03-21 16:00:00+00:00,0.09335,0.09338,0.09283,0.09303,6795052.0
2026-03-21 20:00:00+00:00,0.09303,0.09368,0.0911,0.09147,54162538.0
2026-03-22 00:00:00+00:00,0.09147,0.09221,0.09033,0.09167,49800443.0
2026-03-22 04:00:00+00:00,0.09167,0.09208,0.09038,0.09039,21451152.0
2026-03-22 08:00:00+00:00,0.09039,0.09048,0.08935,0.08953,38034716.0
2026-03-22 12:00:00+00:00,0.08953,0.09034,0.08923,0.08957,21896373.0
2026-03-22 16:00:00+00:00,0.08957,0.08982,0.08886,0.08913,23959156.0
2026-03-22 20:00:00+00:00,0.08913,0.08982,0.08799,0.08911,56573991.0
2026-03-23 00:00:00+00:00,0.08911,0.09033,0.08878,0.08973,19518717.0
2026-03-23 04:00:00+00:00,0.08973,0.09061,0.08868,0.08921,25029523.0
2026-03-23 08:00:00+00:00,0.08921,0.09403,0.08875,0.09215,135716046.0
2026-03-23 12:00:00+00:00,0.09215,0.09514,0.09156,0.09295,74776481.0
2026-03-23 16:00:00+00:00,0.09295,0.09342,0.09188,0.09276,42299230.0
2026-03-23 20:00:00+00:00,0.09276,0.09383,0.09253,0.09317,16510223.0
2026-03-24 00:00:00+00:00,0.09317,0.0934,0.09168,0.09298,22162758.0
2026-03-24 04:00:00+00:00,0.09298,0.09421,0.09227,0.09411,51278249.0
2026-03-24 08:00:00+00:00,0.09411,0.0945,0.09329,0.09383,29407763.0
2026-03-24 12:00:00+00:00,0.09383,0.09413,0.09205,0.09264,33671248.0
2026-03-24 16:00:00+00:00,0.09264,0.09286,0.09159,0.09237,21307625.0
2026-03-24 20:00:00+00:00,0.09237,0.0943,0.09235,0.09414,30149941.0
2026-03-25 00:00:00+00:00,0.09414,0.09493,0.09382,0.09418,13699602.0
2026-03-25 04:00:00+00:00,0.09418,0.09557,0.09416,0.09498,18801614.0
2026-03-25 08:00:00+00:00,0.09498,0.09582,0.09479,0.09533,26537555.0
2026-03-25 12:00:00+00:00,0.09533,0.09576,0.0939,0.09438,32341129.0
2026-03-25 16:00:00+00:00,0.09438,0.09512,0.09405,0.09451,23864056.0
2026-03-25 20:00:00+00:00,0.09451,0.09508,0.09389,0.09464,11348753.0
2026-03-26 00:00:00+00:00,0.09464,0.09469,0.09322,0.09353,22969432.0
2026-03-26 04:00:00+00:00,0.09353,0.09353,0.09165,0.09201,23004695.0
2026-03-26 08:00:00+00:00,0.09201,0.09201,0.09062,0.09076,32296045.0
2026-03-26 12:00:00+00:00,0.09076,0.09231,0.09058,0.0913,24627044.0
2026-03-26 16:00:00+00:00,0.0913,0.09163,0.09042,0.09061,16528113.0
2026-03-26 20:00:00+00:00,0.09061,0.09194,0.09043,0.09108,23579844.0
2026-03-27 00:00:00+00:00,0.09108,0.0917,0.09076,0.09141,7554500.0
2026-03-27 04:00:00+00:00,0.09141,0.09164,0.09073,0.09116,9523129.0
2026-03-27 08:00:00+00:00,0.09116,0.09133,0.08893,0.08947,39077601.0
2026-03-27 12:00:00+00:00,0.08947,0.08994,0.08866,0.0893,35131635.0
2026-03-27 16:00:00+00:00,0.0893,0.08958,0.08848,0.08907,23895294.0
2026-03-27 20:00:00+00:00,0.08907,0.08925,0.08859,0.08905,10229887.0
2026-03-28 00:00:00+00:00,0.08905,0.08921,0.08832,0.08874,9118063.0
2026-03-28 04:00:00+00:00,0.08874,0.09024,0.08845,0.09022,9380050.0
2026-03-28 08:00:00+00:00,0.09022,0.0904,0.08939,0.09013,7574677.0
2026-03-28 12:00:00+00:00,0.09013,0.09187,0.0899,0.09126,31590002.0
2026-03-28 16:00:00+00:00,0.09126,0.09138,0.09047,0.09061,9112326.0
2026-03-28 20:00:00+00:00,0.09061,0.09091,0.08958,0.08977,14393356.0
2026-03-29 00:00:00+00:00,0.08977,0.09031,0.08942,0.09008,11768249.0
2026-03-29 04:00:00+00:00,0.09008,0.09009,0.08911,0.08924,13732366.0
2026-03-29 08:00:00+00:00,0.08924,0.08968,0.08879,0.08941,13339163.0
2026-03-29 12:00:00+00:00,0.08941,0.08942,0.08847,0.08878,18191714.0
2026-03-29 16:00:00+00:00,0.08878,0.08902,0.08807,0.08814,15660720.0
2026-03-29 20:00:00+00:00,0.08814,0.08881,0.08597,0.08798,45482925.0
2026-03-30 00:00:00+00:00,0.08798,0.08998,0.08782,0.08956,26486224.0
2026-03-30 04:00:00+00:00,0.08956,0.09028,0.0893,0.09016,15493815.0
2026-03-30 08:00:00+00:00,0.09016,0.09092,0.08941,0.08983,29577803.0
2026-03-30 12:00:00+00:00,0.08983,0.0901,0.08874,0.08913,31742839.0
2026-03-30 16:00:00+00:00,0.08913,0.08943,0.08688,0.08723,34700544.0
2026-03-30 20:00:00+00:00,0.08723,0.08834,0.08694,0.08719,20108150.0
2026-03-31 00:00:00+00:00,0.08719,0.08836,0.08674,0.08712,18671052.0
2026-03-31 04:00:00+00:00,0.08712,0.08723,0.08536,0.08549,37339704.0
2026-03-31 08:00:00+00:00,0.08549,0.08562,0.08459,0.08506,44339598.0
2026-03-31 12:00:00+00:00,0.08506,0.08622,0.08354,0.08383,59095222.0
2026-03-31 16:00:00+00:00,0.08383,0.08783,0.08381,0.08742,72174198.0
2026-03-31 20:00:00+00:00,0.08742,0.08821,0.08688,0.08758,21273233.0
2026-04-01 00:00:00+00:00,0.08758,0.08892,0.08743,0.08883,34610464.0
2026-04-01 04:00:00+00:00,0.08883,0.09118,0.08883,0.08994,32170235.0
2026-04-01 08:00:00+00:00,0.08994,0.09036,0.08943,0.09018,18114908.0
2026-04-01 12:00:00+00:00,0.09018,0.09098,0.0892,0.08955,31606941.0
2026-04-01 16:00:00+00:00,0.08955,0.09002,0.08903,0.08938,23269461.0
2026-04-01 20:00:00+00:00,0.08938,0.09006,0.08822,0.08839,19323156.0
2026-04-02 00:00:00+00:00,0.08839,0.08953,0.08576,0.08604,36284137.0
2026-04-02 04:00:00+00:00,0.08604,0.08726,0.08569,0.08705,16708642.0
2026-04-02 08:00:00+00:00,0.08705,0.0871,0.08571,0.08585,10223874.0
2026-04-02 12:00:00+00:00,0.08585,0.08713,0.08478,0.0869,29346812.0
2026-04-02 16:00:00+00:00,0.0869,0.08783,0.08632,0.08741,31812491.0
2026-04-02 20:00:00+00:00,0.08741,0.08809,0.08712,0.08792,13271004.0
2026-04-03 00:00:00+00:00,0.08792,0.08905,0.08772,0.08871,25314974.0
2026-04-03 04:00:00+00:00,0.08871,0.09031,0.08858,0.08992,20695520.0
2026-04-03 08:00:00+00:00,0.08992,0.08996,0.08836,0.08889,20097948.0
2026-04-03 12:00:00+00:00,0.08889,0.08941,0.08738,0.08757,31113901.0
2026-04-03 16:00:00+00:00,0.08757,0.08829,0.08736,0.08761,22647604.0
2026-04-03 20:00:00+00:00,0.08761,0.08776,0.08721,0.08764,7651213.0
2026-04-04 00:00:00+00:00,0.08764,0.08767,0.08709,0.08743,8349058.0
2026-04-04 04:00:00+00:00,0.08743,0.08781,0.08722,0.08732,10887932.0
2026-04-04 08:00:00+00:00,0.08732,0.08736,0.08678,0.0871,8609679.0
2026-04-04 12:00:00+00:00,0.0871,0.08734,0.08662,0.08696,21731530.0
2026-04-04 16:00:00+00:00,0.08696,0.08782,0.0867,0.08727,18469312.0
2026-04-04 20:00:00+00:00,0.08727,0.08748,0.087,0.08743,7048052.0
2026-04-05 00:00:00+00:00,0.08743,0.08794,0.08711,0.08774,8426827.0
2026-04-05 04:00:00+00:00,0.08774,0.08785,0.08623,0.0864,12545612.0
2026-04-05 08:00:00+00:00,0.0864,0.08715,0.08624,0.08665,5060665.0
2026-04-05 12:00:00+00:00,0.08665,0.08726,0.08597,0.08676,18606890.0
2026-04-05 16:00:00+00:00,0.08676,0.0871,0.08661,0.08679,6316056.0
2026-04-05 20:00:00+00:00,0.08679,0.08807,0.08629,0.08797,25678620.0
2026-04-06 00:00:00+00:00,0.08797,0.08917,0.0876,0.08896,22628955.0
2026-04-06 04:00:00+00:00,0.08896,0.08932,0.08813,0.08861,10578519.0
2026-04-06 08:00:00+00:00,0.08861,0.09009,0.08848,0.08953,35888062.0
2026-04-06 12:00:00+00:00,0.08953,0.08965,0.08842,0.08895,24937752.0
2026-04-06 16:00:00+00:00,0.08895,0.08908,0.08805,0.08836,13085844.0
2026-04-06 20:00:00+00:00,0.08836,0.08848,0.0869,0.08733,19945421.0
2026-04-07 00:00:00+00:00,0.08733,0.08766,0.08665,0.08676,8599436.0
2026-04-07 04:00:00+00:00,0.08676,0.08696,0.08614,0.08658,14577879.0
2026-04-07 08:00:00+00:00,0.08658,0.08739,0.08595,0.08618,15713736.0
2026-04-07 12:00:00+00:00,0.08618,0.08664,0.08573,0.08606,23231287.0
2026-04-07 16:00:00+00:00,0.08606,0.0871,0.08584,0.08709,13342753.0
2026-04-07 20:00:00+00:00,0.08709,0.09287,0.08689,0.09181,71536114.0
2026-04-08 00:00:00+00:00,0.09181,0.09435,0.0918,0.09345,54181370.0
2026-04-08 04:00:00+00:00,0.09345,0.09481,0.09111,0.09145,41004908.0
2026-04-08 08:00:00+00:00,0.09145,0.09244,0.09051,0.09154,47945491.0
2026-04-08 12:00:00+00:00,0.09154,0.09221,0.08963,0.09063,40300244.0
2026-04-08 16:00:00+00:00,0.09063,0.09075,0.08914,0.08928,31993924.0
2026-04-08 20:00:00+00:00,0.08928,0.08946,0.08834,0.08895,43867183.0
2026-04-09 00:00:00+00:00,0.08895,0.08985,0.08759,0.08964,21899883.0
2026-04-09 04:00:00+00:00,0.08964,0.08972,0.08881,0.08881,9494068.0
2026-04-09 08:00:00+00:00,0.08881,0.08892,0.08803,0.08803,11079310.0
2026-04-09 12:00:00+00:00,0.08803,0.0909,0.08793,0.09017,38387328.0
2026-04-09 16:00:00+00:00,0.09017,0.09053,0.08936,0.09015,30756538.0
2026-04-09 20:00:00+00:00,0.09015,0.09164,0.08923,0.08928,25910357.0
2026-04-10 00:00:00+00:00,0.08928,0.08986,0.08824,0.08833,32114666.0
2026-04-10 04:00:00+00:00,0.08833,0.08874,0.08784,0.08797,19322096.0
2026-04-10 08:00:00+00:00,0.08797,0.08874,0.08766,0.08831,22343371.0
2026-04-10 12:00:00+00:00,0.08831,0.08999,0.08797,0.08904,21347703.0
2026-04-10 16:00:00+00:00,0.08904,0.09025,0.08882,0.09024,19603990.0
2026-04-10 20:00:00+00:00,0.09024,0.09041,0.08931,0.08943,13213218.0
2026-04-11 00:00:00+00:00,0.08943,0.08959,0.08821,0.08823,10716496.0
2026-04-11 04:00:00+00:00,0.08823,0.08828,0.0878,0.08807,13252421.0
2026-04-11 08:00:00+00:00,0.08807,0.08835,0.08782,0.08812,11540006.0
2026-04-11 12:00:00+00:00,0.08812,0.08854,0.08787,0.0881,11654450.0
2026-04-11 16:00:00+00:00,0.0881,0.08964,0.08793,0.08961,21693555.0
2026-04-11 20:00:00+00:00,0.08961,0.08978,0.08785,0.08823,21592846.0
2026-04-12 00:00:00+00:00,0.08823,0.08853,0.08658,0.08675,27564492.0
2026-04-12 04:00:00+00:00,0.08675,0.08685,0.0859,0.08622,16563274.0
2026-04-12 08:00:00+00:00,0.08622,0.08629,0.08565,0.08595,9022068.0
2026-04-12 12:00:00+00:00,0.08595,0.08597,0.08496,0.08547,16164034.0
2026-04-12 16:00:00+00:00,0.08547,0.08662,0.0854,0.08602,17924502.0
2026-04-12 20:00:00+00:00,0.08602,0.08648,0.08503,0.0851,12346664.0
2026-04-13 00:00:00+00:00,0.0851,0.08576,0.08494,0.08503,15908870.0
2026-04-13 04:00:00+00:00,0.08503,0.08588,0.0845,0.08496,22994132.0
2026-04-13 08:00:00+00:00,0.08496,0.08525,0.08432,0.0847,15229798.0
2026-04-13 12:00:00+00:00,0.0847,0.08629,0.08465,0.08494,29199920.0
2026-04-13 16:00:00+00:00,0.08494,0.08615,0.08447,0.08604,31352239.0
2026-04-13 20:00:00+00:00,0.08604,0.08808,0.08505,0.08772,44394584.0
2026-04-14 00:00:00+00:00,0.08772,0.08778,0.08636,0.08656,24910825.0
2026-04-14 04:00:00+00:00,0.08656,0.08672,0.08575,0.08636,14958405.0
2026-04-14 08:00:00+00:00,0.08636,0.087,0.08632,0.08648,22972210.0
2026-04-14 12:00:00+00:00,0.08648,0.08772,0.08587,0.08608,33928789.0
2026-04-14 16:00:00+00:00,0.08608,0.08627,0.08448,0.08493,35126236.0
2026-04-14 20:00:00+00:00,0.08493,0.08505,0.08434,0.08499,13444074.0
2026-04-15 00:00:00+00:00,0.08499,0.08576,0.08492,0.08512,8822863.0
2026-04-15 04:00:00+00:00,0.08512,0.08568,0.08477,0.08498,14197791.0
2026-04-15 08:00:00+00:00,0.08498,0.08608,0.08495,0.08575,16859713.0
2026-04-15 12:00:00+00:00,0.08575,0.0866,0.08545,0.08578,16976280.0
2026-04-15 16:00:00+00:00,0.08578,0.0874,0.08562,0.08705,19018302.0
2026-04-15 20:00:00+00:00,0.08705,0.08735,0.08609,0.08705,15046710.0
2026-04-16 00:00:00+00:00,0.08705,0.08762,0.08631,0.0875,17553999.0
2026-04-16 04:00:00+00:00,0.0875,0.08831,0.08734,0.08806,18703107.0
2026-04-16 08:00:00+00:00,0.08806,0.08873,0.0871,0.08755,23404879.0
2026-04-16 12:00:00+00:00,0.08755,0.08917,0.08674,0.08868,43974632.0
2026-04-16 16:00:00+00:00,0.08868,0.09079,0.08776,0.09077,31184900.0
2026-04-16 20:00:00+00:00,0.09077,0.0916,0.08971,0.09062,34882350.0
2026-04-17 00:00:00+00:00,0.09062,0.09081,0.08899,0.0891,14750705.0
2026-04-17 04:00:00+00:00,0.0891,0.09129,0.08849,0.09102,15520535.0
2026-04-17 08:00:00+00:00,0.09102,0.09175,0.09003,0.09097,26572563.0
2026-04-17 12:00:00+00:00,0.09097,0.09343,0.09082,0.09218,79558257.0
2026-04-17 16:00:00+00:00,0.09218,0.09291,0.09013,0.0908,37340608.0
2026-04-17 20:00:00+00:00,0.0908,0.0914,0.09004,0.09066,15823574.0
2026-04-18 00:00:00+00:00,0.09066,0.09104,0.08987,0.09,13698834.0
2026-04-18 04:00:00+00:00,0.09,0.09024,0.08934,0.09011,13801463.0
2026-04-18 08:00:00+00:00,0.09011,0.09015,0.08782,0.0885,38569918.0
2026-04-18 12:00:00+00:00,0.0885,0.08944,0.08839,0.08916,13691601.0
2026-04-18 16:00:00+00:00,0.08916,0.08942,0.08823,0.08873,13752093.0
2026-04-18 20:00:00+00:00,0.08873,0.08936,0.0885,0.0887,7422307.0
2026-04-19 00:00:00+00:00,0.0887,0.08889,0.08772,0.08787,11967923.0
2026-04-19 04:00:00+00:00,0.08787,0.08881,0.08726,0.0882,29618194.0
2026-04-19 08:00:00+00:00,0.0882,0.08832,0.08721,0.08808,13039221.0
2026-04-19 12:00:00+00:00,0.08808,0.08955,0.08808,0.08893,19287464.0
2026-04-19 16:00:00+00:00,0.08893,0.08901,0.08763,0.08833,12456127.0
2026-04-19 20:00:00+00:00,0.08833,0.08844,0.08687,0.08716,21290818.0
2026-04-20 00:00:00+00:00,0.08716,0.08862,0.08709,0.08855,13125567.0
2026-04-20 04:00:00+00:00,0.08855,0.08964,0.08793,0.08896,16038534.0
2026-04-20 08:00:00+00:00,0.08896,0.0892,0.08852,0.08857,11938601.0
2026-04-20 12:00:00+00:00,0.08857,0.08983,0.08798,0.08981,25844164.0
2026-04-20 16:00:00+00:00,0.08981,0.09049,0.08916,0.08956,19491498.0
2026-04-20 20:00:00+00:00,0.08956,0.08974,0.08905,0.08966,14406908.0
2026-04-21 00:00:00+00:00,0.08966,0.09003,0.08898,0.08924,10054147.0
2026-04-21 04:00:00+00:00,0.08924,0.09062,0.08919,0.09048,12632215.0
2026-04-21 08:00:00+00:00,0.09048,0.09134,0.09034,0.09089,17697032.0
2026-04-21 12:00:00+00:00,0.09089,0.09117,0.08955,0.09029,18820705.0
2026-04-21 16:00:00+00:00,0.09029,0.09053,0.08864,0.08889,26064081.0
2026-04-21 20:00:00+00:00,0.08889,0.09043,0.08883,0.09028,15786545.0
2026-04-22 00:00:00+00:00,0.09028,0.09096,0.08975,0.09077,13876972.0
2026-04-22 04:00:00+00:00,0.09077,0.0913,0.09025,0.09073,15419993.0
2026-04-22 08:00:00+00:00,0.09073,0.09119,0.09062,0.09116,8189349.0
2026-04-22 12:00:00+00:00,0.09116,0.0934,0.09073,0.09263,51793834.0
2026-04-22 16:00:00+00:00,0.09263,0.09333,0.09109,0.09151,45050911.0
2026-04-22 20:00:00+00:00,0.09151,0.09165,0.09036,0.09076,30266558.0
2026-04-23 00:00:00+00:00,0.09076,0.09117,0.09,0.09051,46415811.0
2026-04-23 04:00:00+00:00,0.09051,0.0913,0.09022,0.09077,19377620.0
2026-04-23 08:00:00+00:00,0.09077,0.09092,0.08963,0.09058,24419277.0
2026-04-23 12:00:00+00:00,0.09058,0.09142,0.09034,0.0909,27418346.0
2026-04-23 16:00:00+00:00,0.0909,0.09103,0.08975,0.09006,30058082.0
2026-04-23 20:00:00+00:00,0.09006,0.09098,0.09001,0.09071,9872330.0
2026-04-24 00:00:00+00:00,0.09071,0.09112,0.09017,0.09041,13654242.0
2026-04-24 04:00:00+00:00,0.09041,0.09077,0.09012,0.09057,7677612.0
2026-04-24 08:00:00+00:00,0.09057,0.09169,0.09001,0.09125,24285082.0
2026-04-24 12:00:00+00:00,0.09125,0.09151,0.09018,0.09149,23022109.0
2026-04-24 16:00:00+00:00,0.09149,0.09149,0.09079,0.09117,9358957.0
2026-04-24 20:00:00+00:00,0.09117,0.09218,0.09081,0.09086,45582528.0
2026-04-25 00:00:00+00:00,0.09086,0.09124,0.09057,0.0912,17072593.0
2026-04-25 04:00:00+00:00,0.0912,0.09146,0.09086,0.09127,9081365.0
2026-04-25 08:00:00+00:00,0.09127,0.09211,0.09108,0.09134,21946124.0
2026-04-25 12:00:00+00:00,0.09134,0.0917,0.09097,0.09128,18994863.0
2026-04-25 16:00:00+00:00,0.09128,0.09158,0.09005,0.09055,27172940.0
2026-04-25 20:00:00+00:00,0.09055,0.09131,0.09052,0.09119,12761482.0
2026-04-26 00:00:00+00:00,0.09119,0.09143,0.09044,0.09128,12493481.0
2026-04-26 04:00:00+00:00,0.09128,0.09247,0.09124,0.09217,17151184.0
2026-04-26 08:00:00+00:00,0.09217,0.09283,0.09193,0.09277,18712782.0
2026-04-26 12:00:00+00:00,0.09277,0.09295,0.09158,0.09285,21105792.0
2026-04-26 16:00:00+00:00,0.09285,0.09318,0.09247,0.09253,20283886.0
2026-04-26 20:00:00+00:00,0.09253,0.09271,0.09176,0.09225,21116391.0
2026-04-27 00:00:00+00:00,0.09225,0.09308,0.09198,0.09265,21278957.0
2026-04-27 04:00:00+00:00,0.09265,0.0927,0.09037,0.09061,39471301.0
2026-04-27 08:00:00+00:00,0.09061,0.0912,0.09044,0.09089,27825554.0
2026-04-27 12:00:00+00:00,0.09089,0.09131,0.08889,0.08912,83052625.0
2026-04-27 16:00:00+00:00,0.08912,0.08994,0.08899,0.0893,18273765.0
2026-04-27 20:00:00+00:00,0.0893,0.08982,0.08899,0.08967,12965200.0
2026-04-28 00:00:00+00:00,0.08967,0.08968,0.08878,0.08893,10098337.0
2026-04-28 04:00:00+00:00,0.08893,0.08936,0.08853,0.08913,12257235.0
2026-04-28 08:00:00+00:00,0.08913,0.08927,0.08854,0.08877,11342672.0
2026-04-28 12:00:00+00:00,0.08877,0.08923,0.08811,0.0892,36551158.0
2026-04-28 16:00:00+00:00,0.0892,0.08933,0.08864,0.08913,23886336.0
2026-04-28 20:00:00+00:00,0.08913,0.08925,0.08875,0.08884,9012642.0
2026-04-29 00:00:00+00:00,0.08884,0.08996,0.0888,0.08994,13541921.0
2026-04-29 04:00:00+00:00,0.08994,0.0904,0.08969,0.08987,18785201.0
2026-04-29 08:00:00+00:00,0.08987,0.09101,0.08962,0.09014,21684063.0
2026-04-29 12:00:00+00:00,0.09014,0.09017,0.08834,0.0885,35655542.0
2026-04-29 16:00:00+00:00,0.0885,0.08883,0.0869,0.08782,53227673.0
2026-04-29 20:00:00+00:00,0.08782,0.08893,0.08782,0.08859,14383972.0
2026-04-30 00:00:00+00:00,0.08859,0.08925,0.08829,0.08842,19523892.0
2026-04-30 04:00:00+00:00,0.08842,0.08842,0.0876,0.0884,12197862.0
2026-04-30 08:00:00+00:00,0.0884,0.08876,0.08799,0.08828,19710217.0
2026-04-30 12:00:00+00:00,0.08828,0.08865,0.08771,0.08809,11500139.0
2026-04-30 16:00:00+00:00,0.08809,0.0882,0.08745,0.08754,13530489.0
2026-04-30 20:00:00+00:00,0.08754,0.0878,0.08722,0.08729,7534088.0
2026-05-01 00:00:00+00:00,0.08729,0.08834,0.08729,0.088,11410477.0
2026-05-01 04:00:00+00:00,0.088,0.08825,0.0876,0.08784,10421689.0
2026-05-01 08:00:00+00:00,0.08784,0.08812,0.08745,0.08761,5600602.0
2026-05-01 12:00:00+00:00,0.08761,0.08856,0.08759,0.08817,27610422.0
2026-05-01 16:00:00+00:00,0.08817,0.08835,0.08777,0.08786,11842652.0
2026-05-01 20:00:00+00:00,0.08786,0.0885,0.08762,0.08809,18335816.0
2026-05-02 00:00:00+00:00,0.08809,0.08833,0.08784,0.08799,7383763.0
2026-05-02 04:00:00+00:00,0.08799,0.08808,0.08744,0.08772,13840082.0
2026-05-02 08:00:00+00:00,0.08772,0.08808,0.0876,0.0877,6228468.0
2026-05-02 12:00:00+00:00,0.0877,0.08839,0.08763,0.08839,13649192.0
2026-05-02 16:00:00+00:00,0.08839,0.08865,0.08799,0.08863,8405526.0
2026-05-02 20:00:00+00:00,0.08863,0.08908,0.08845,0.08852,14395728.0
2026-05-03 00:00:00+00:00,0.08852,0.08864,0.08758,0.08773,15421363.0
2026-05-03 04:00:00+00:00,0.08773,0.08811,0.08763,0.08784,8798526.0
2026-05-03 08:00:00+00:00,0.08784,0.0883,0.0872,0.08801,17047230.0
2026-05-03 12:00:00+00:00,0.08801,0.0883,0.08769,0.08814,16320720.0
2026-05-03 16:00:00+00:00,0.08814,0.08823,0.08782,0.08808,15006236.0
2026-05-03 20:00:00+00:00,0.08808,0.08844,0.08756,0.08763,19144515.0
2026-05-04 00:00:00+00:00,0.08763,0.08924,0.08713,0.08907,39933851.0
2026-05-04 04:00:00+00:00,0.08907,0.08955,0.08881,0.08895,18577959.0
2026-05-04 08:00:00+00:00,0.08895,0.08939,0.08737,0.08772,32196484.0
2026-05-04 12:00:00+00:00,0.08772,0.08888,0.08743,0.08791,42684756.0
2026-05-04 16:00:00+00:00,0.08791,0.08838,0.08755,0.08787,25198496.0
2026-05-04 20:00:00+00:00,0.08787,0.08811,0.08721,0.08765,22658996.0
2026-05-05 00:00:00+00:00,0.08765,0.08863,0.08765,0.08839,20007648.0
2026-05-05 04:00:00+00:00,0.08839,0.08896,0.08812,0.08871,22836896.0
2026-05-05 08:00:00+00:00,0.08871,0.08974,0.0887,0.08948,27036977.0
2026-05-05 12:00:00+00:00,0.08948,0.09091,0.08931,0.08971,68362099.0
2026-05-05 16:00:00+00:00,0.08971,0.09044,0.08918,0.09029,33039972.0
2026-05-05 20:00:00+00:00,0.09029,0.09106,0.09005,0.09023,44222401.0
2026-05-06 00:00:00+00:00,0.09023,0.09142,0.09012,0.09126,31835617.0
2026-05-06 04:00:00+00:00,0.09126,0.09148,0.09046,0.09124,34032949.0
2026-05-06 08:00:00+00:00,0.09124,0.09293,0.09121,0.09291,59136963.0
2026-05-06 12:00:00+00:00,0.09291,0.09312,0.09024,0.09169,76463648.0
2026-05-06 16:00:00+00:00,0.09169,0.092,0.0911,0.09158,16507427.0
2026-05-06 20:00:00+00:00,0.09158,0.09185,0.09064,0.09134,23827305.0
2026-05-07 00:00:00+00:00,0.09134,0.0916,0.08974,0.08981,24516751.0
2026-05-07 04:00:00+00:00,0.08981,0.09131,0.08972,0.09128,26821124.0
2026-05-07 08:00:00+00:00,0.09128,0.09148,0.09038,0.09095,28238097.0
2026-05-07 12:00:00+00:00,0.09095,0.09167,0.08917,0.08955,70420410.0
2026-05-07 16:00:00+00:00,0.08955,0.09039,0.08925,0.08977,33451303.0
2026-05-07 20:00:00+00:00,0.08977,0.09032,0.08924,0.09004,21349316.0
2026-05-08 00:00:00+00:00,0.09004,0.09055,0.08936,0.08993,15079187.0
2026-05-08 04:00:00+00:00,0.08993,0.09032,0.08964,0.09017,15719058.0
2026-05-08 08:00:00+00:00,0.09017,0.09115,0.09014,0.09089,23321789.0
2026-05-08 12:00:00+00:00,0.09089,0.09241,0.08997,0.09222,39472760.0
2026-05-08 16:00:00+00:00,0.09222,0.09338,0.09152,0.09253,47262655.0
2026-05-08 20:00:00+00:00,0.09253,0.0931,0.09209,0.0926,22559935.0
2026-05-09 00:00:00+00:00,0.0926,0.0951,0.09246,0.09419,52989329.0
2026-05-09 04:00:00+00:00,0.09419,0.09436,0.09303,0.09316,30371718.0
2026-05-09 08:00:00+00:00,0.09316,0.09337,0.09213,0.09261,31413898.0
2026-05-09 12:00:00+00:00,0.09261,0.0928,0.09181,0.09204,24431930.0
2026-05-09 16:00:00+00:00,0.09204,0.09288,0.09148,0.09278,31672415.0
2026-05-09 20:00:00+00:00,0.09278,0.09331,0.0926,0.09285,20302903.0
2026-05-10 00:00:00+00:00,0.09285,0.09343,0.09215,0.09283,22181025.0
2026-05-10 04:00:00+00:00,0.09283,0.09435,0.09272,0.09398,27663565.0
2026-05-10 08:00:00+00:00,0.09398,0.09514,0.0937,0.09511,44532926.0
2026-05-10 12:00:00+00:00,0.09511,0.096,0.09469,0.09594,80236926.0
2026-05-10 16:00:00+00:00,0.09594,0.09962,0.09593,0.0986,156000535.0
2026-05-10 20:00:00+00:00,0.0986,0.09897,0.09477,0.09739,115228085.0
2026-05-11 00:00:00+00:00,0.09739,0.09763,0.09488,0.09571,43728293.0
2026-05-11 04:00:00+00:00,0.09571,0.0965,0.09502,0.09637,22885231.0
2026-05-11 08:00:00+00:00,0.09637,0.0972,0.09546,0.09663,37974762.0
2026-05-11 12:00:00+00:00,0.09663,0.09726,0.09501,0.09721,52927661.0
2026-05-11 16:00:00+00:00,0.09721,0.09723,0.09573,0.09614,34934222.0
2026-05-11 20:00:00+00:00,0.09614,0.09694,0.09611,0.09683,28388936.0
2026-05-12 00:00:00+00:00,0.09683,0.09727,0.09513,0.09544,36593861.0
2026-05-12 04:00:00+00:00,0.09544,0.0966,0.0952,0.09561,29888262.0
2026-05-12 08:00:00+00:00,0.09561,0.09571,0.09392,0.09465,45399104.0
2026-05-12 12:00:00+00:00,0.09465,0.09526,0.09271,0.09283,82085444.0
2026-05-12 16:00:00+00:00,0.09283,0.09393,0.09251,0.09367,29918784.0
2026-05-12 20:00:00+00:00,0.09367,0.09414,0.09344,0.09377,12111520.0
2026-05-13 00:00:00+00:00,0.09377,0.09507,0.09348,0.09484,27287587.0
2026-05-13 04:00:00+00:00,0.09484,0.09507,0.09402,0.09452,16984215.0
2026-05-13 08:00:00+00:00,0.09452,0.09557,0.09318,0.09325,41825690.0
2026-05-13 12:00:00+00:00,0.09325,0.09339,0.0914,0.09163,70335484.0
2026-05-13 16:00:00+00:00,0.09163,0.09302,0.09162,0.09292,22828416.0
2026-05-13 20:00:00+00:00,0.09292,0.09396,0.09258,0.09335,20773661.0
2026-05-14 00:00:00+00:00,0.09335,0.09393,0.09256,0.09273,26097021.0
2026-05-14 04:00:00+00:00,0.09273,0.0936,0.09261,0.0929,16824501.0
2026-05-14 08:00:00+00:00,0.0929,0.09316,0.09239,0.09272,10779719.0
2026-05-14 12:00:00+00:00,0.09272,0.09641,0.0927,0.09615,51352829.0
2026-05-14 16:00:00+00:00,0.09615,0.09847,0.09502,0.09612,111794434.0
2026-05-14 20:00:00+00:00,0.09612,0.09618,0.09463,0.09492,32715795.0
2026-05-15 00:00:00+00:00,0.09492,0.09571,0.09447,0.09498,28314713.0
2026-05-15 04:00:00+00:00,0.09498,0.09499,0.0935,0.09438,32074178.0
2026-05-15 08:00:00+00:00,0.09438,0.09439,0.09295,0.09313,28704771.0
2026-05-15 12:00:00+00:00,0.09313,0.09347,0.0911,0.0922,74377649.0
2026-05-15 16:00:00+00:00,0.0922,0.09389,0.09216,0.09279,37695108.0
2026-05-15 20:00:00+00:00,0.09279,0.09302,0.09244,0.09279,15848206.0
2026-05-16 00:00:00+00:00,0.09279,0.09302,0.09252,0.09287,6934814.0
2026-05-16 04:00:00+00:00,0.09287,0.093,0.09054,0.09096,25010497.0
2026-05-16 08:00:00+00:00,0.09096,0.09125,0.08989,0.09096,23287635.0
2026-05-16 12:00:00+00:00,0.09096,0.09205,0.09062,0.09198,18865631.0
2026-05-16 16:00:00+00:00,0.09198,0.09211,0.0914,0.09141,10414213.0
2026-05-16 20:00:00+00:00,0.09141,0.09161,0.09103,0.09118,6836275.0
2026-05-17 00:00:00+00:00,0.09118,0.09149,0.09074,0.09116,8216502.0
2026-05-17 04:00:00+00:00,0.09116,0.09196,0.09116,0.09166,12457769.0
2026-05-17 08:00:00+00:00,0.09166,0.092,0.09125,0.09155,11296053.0
2026-05-17 12:00:00+00:00,0.09155,0.09181,0.09064,0.09087,13956170.0
2026-05-17 16:00:00+00:00,0.09087,0.09112,0.09041,0.09103,8586238.0
2026-05-17 20:00:00+00:00,0.09103,0.09133,0.08805,0.09006,71311954.0
2026-05-18 00:00:00+00:00,0.09006,0.09016,0.08928,0.0896,20263457.0
2026-05-18 04:00:00+00:00,0.0896,0.08988,0.0886,0.08877,24746906.0
2026-05-18 08:00:00+00:00,0.08877,0.08936,0.08812,0.08886,15654747.0
2026-05-18 12:00:00+00:00,0.08886,0.0897,0.08801,0.08886,31370987.0
2026-05-18 16:00:00+00:00,0.08886,0.08928,0.08803,0.08911,18246689.0
2026-05-18 20:00:00+00:00,0.08911,0.09025,0.08887,0.09012,17505512.0
2026-05-19 00:00:00+00:00,0.09012,0.09095,0.08966,0.08997,16707280.0
2026-05-19 04:00:00+00:00,0.08997,0.09057,0.0898,0.09044,15391153.0
2026-05-19 08:00:00+00:00,0.09044,0.0905,0.08909,0.08919,19158615.0
2026-05-19 12:00:00+00:00,0.08919,0.08972,0.08817,0.08839,30345598.0
2026-05-19 16:00:00+00:00,0.08839,0.08883,0.08774,0.08821,30193980.0
2026-05-19 20:00:00+00:00,0.08821,0.08867,0.088,0.08849,8475585.0
2026-05-20 00:00:00+00:00,0.08849,0.08885,0.08787,0.08854,12687475.0
2026-05-20 04:00:00+00:00,0.08854,0.08929,0.08825,0.08893,9068499.0
2026-05-20 08:00:00+00:00,0.08893,0.08937,0.08843,0.08854,18014078.0
2026-05-20 12:00:00+00:00,0.08854,0.0896,0.08819,0.08915,27309941.0
2026-05-20 16:00:00+00:00,0.08915,0.08961,0.08876,0.08933,19870527.0
2026-05-20 20:00:00+00:00,0.08933,0.08938,0.08845,0.08876,17078427.0
2026-05-21 00:00:00+00:00,0.08876,0.08973,0.08872,0.08964,9371071.0
2026-05-21 04:00:00+00:00,0.08964,0.08989,0.08835,0.08886,20773316.0
2026-05-21 08:00:00+00:00,0.08886,0.08916,0.08795,0.08796,26718699.0
2026-05-21 12:00:00+00:00,0.08796,0.08877,0.08778,0.0886,24404783.0
2026-05-21 16:00:00+00:00,0.0886,0.09075,0.08838,0.09012,46550727.0
2026-05-21 20:00:00+00:00,0.09012,0.09049,0.08958,0.0899,19308291.0
2026-05-22 00:00:00+00:00,0.0899,0.09001,0.089,0.08996,16061407.0
2026-05-22 04:00:00+00:00,0.08996,0.09034,0.08888,0.08972,18014676.0
2026-05-22 08:00:00+00:00,0.08972,0.0908,0.08955,0.09076,22447972.0
2026-05-22 12:00:00+00:00,0.09076,0.09096,0.08879,0.08927,53748590.0
2026-05-22 16:00:00+00:00,0.08927,0.09004,0.08757,0.08834,53713439.0
2026-05-22 20:00:00+00:00,0.08834,0.08909,0.08744,0.08781,32226542.0
2026-05-23 00:00:00+00:00,0.08781,0.08869,0.08757,0.08839,11886366.0
2026-05-23 04:00:00+00:00,0.08839,0.08839,0.08552,0.08603,41113366.0
2026-05-23 08:00:00+00:00,0.08603,0.08619,0.08532,0.08587,30533255.0
2026-05-23 12:00:00+00:00,0.08587,0.08784,0.08577,0.08764,25093738.0
2026-05-23 16:00:00+00:00,0.08764,0.08861,0.08747,0.08844,13588259.0
2026-05-23 20:00:00+00:00,0.08844,0.09106,0.08838,0.08964,55996429.0
2026-05-24 00:00:00+00:00,0.08964,0.08995,0.08936,0.08953,7327482.0
2026-05-24 04:00:00+00:00,0.08953,0.08994,0.08925,0.0894,9005263.0
2026-05-24 08:00:00+00:00,0.0894,0.08971,0.089,0.08932,14395267.0
2026-05-24 12:00:00+00:00,0.08932,0.08936,0.08773,0.08866,20360761.0
2026-05-24 16:00:00+00:00,0.08866,0.08899,0.08832,0.0884,15490727.0
2026-05-24 20:00:00+00:00,0.0884,0.08851,0.08715,0.08835,16743040.0
2026-05-25 00:00:00+00:00,0.08835,0.08857,0.08795,0.08854,6038833.0
2026-05-25 04:00:00+00:00,0.08854,0.08969,0.08829,0.08941,13072305.0
2026-05-25 08:00:00+00:00,0.08941,0.08984,0.08914,0.08941,9369029.0
2026-05-25 12:00:00+00:00,0.08941,0.08972,0.08895,0.08912,13490134.0
2026-05-25 16:00:00+00:00,0.08912,0.08956,0.08865,0.08884,10190166.0
2026-05-25 20:00:00+00:00,0.08884,0.08899,0.08786,0.08806,14816250.0
2026-05-26 00:00:00+00:00,0.08806,0.0881,0.08663,0.08718,20149663.0
2026-05-26 04:00:00+00:00,0.08718,0.088,0.08712,0.08737,12518446.0
2026-05-26 08:00:00+00:00,0.08737,0.08887,0.08732,0.08837,28483370.0
2026-05-26 12:00:00+00:00,0.08837,0.08925,0.08705,0.08755,55608158.0
2026-05-26 16:00:00+00:00,0.08755,0.08755,0.08625,0.08681,26040748.0
2026-05-26 20:00:00+00:00,0.08681,0.08694,0.08641,0.08648,15378488.0
2026-05-27 00:00:00+00:00,0.08648,0.0869,0.08606,0.08624,5704098.0
2026-05-27 04:00:00+00:00,0.08624,0.08627,0.08555,0.08612,19850513.0
2026-05-27 08:00:00+00:00,0.08612,0.08633,0.08551,0.08563,13698648.0
2026-05-27 12:00:00+00:00,0.08563,0.08672,0.08527,0.08623,42996613.0
2026-05-27 16:00:00+00:00,0.08623,0.08634,0.0851,0.08599,20263919.0
2026-05-27 20:00:00+00:00,0.08599,0.08638,0.08481,0.08563,26747196.0
2026-05-28 00:00:00+00:00,0.08563,0.0859,0.0822,0.0828,48466663.0
2026-05-28 04:00:00+00:00,0.0828,0.08377,0.08173,0.08367,53719902.0
2026-05-28 08:00:00+00:00,0.08367,0.08389,0.08298,0.08331,10707469.0
2026-05-28 12:00:00+00:00,0.08331,0.08958,0.08325,0.08879,269975899.0
2026-05-28 16:00:00+00:00,0.08879,0.0925,0.08755,0.08865,156374771.0
2026-05-28 20:00:00+00:00,0.08865,0.09217,0.08794,0.09098,70227164.0
2026-05-29 00:00:00+00:00,0.09098,0.09269,0.08933,0.09155,71531331.0
2026-05-29 04:00:00+00:00,0.09155,0.09559,0.0895,0.09187,140373725.0
2026-05-29 08:00:00+00:00,0.09187,0.09326,0.08929,0.08951,121188374.0
2026-05-29 12:00:00+00:00,0.08951,0.09259,0.0884,0.09235,118503274.0
2026-05-29 16:00:00+00:00,0.09235,0.09304,0.09057,0.09283,79770596.0
2026-05-29 20:00:00+00:00,0.09283,0.09977,0.09228,0.09911,135709070.0
2026-05-30 00:00:00+00:00,0.09911,0.10984,0.09911,0.10078,434458901.0
2026-05-30 04:00:00+00:00,0.10078,0.10083,0.09581,0.09678,210078499.0
2026-05-30 08:00:00+00:00,0.09678,0.09936,0.09596,0.0986,124549955.0
2026-05-30 12:00:00+00:00,0.0986,0.10173,0.09758,0.09772,180457360.0
2026-05-30 16:00:00+00:00,0.09772,0.0985,0.09711,0.0976,71828083.0
2026-05-30 20:00:00+00:00,0.0976,0.09766,0.09446,0.0951,98766198.0
2026-05-31 00:00:00+00:00,0.0951,0.09637,0.09366,0.0953,86237220.0
2026-05-31 04:00:00+00:00,0.0953,0.09723,0.09489,0.09694,86007439.0
2026-05-31 08:00:00+00:00,0.09694,0.0993,0.09585,0.09881,94672863.0
2026-05-31 12:00:00+00:00,0.09881,0.09936,0.09467,0.09474,101608052.0
2026-05-31 16:00:00+00:00,0.09474,0.09544,0.0942,0.09544,35192614.0
2026-05-31 20:00:00+00:00,0.09544,0.0976,0.09544,0.09654,34108954.0
2026-06-01 00:00:00+00:00,0.09654,0.09795,0.09427,0.09637,92644791.0
2026-06-01 04:00:00+00:00,0.09637,0.0969,0.0938,0.09384,56770944.0
2026-06-01 08:00:00+00:00,0.09384,0.09523,0.09368,0.09422,38023195.0
2026-06-01 12:00:00+00:00,0.09422,0.09443,0.09178,0.09218,83546078.0
2026-06-01 16:00:00+00:00,0.09218,0.09368,0.09191,0.09319,47080847.0
2026-06-01 20:00:00+00:00,0.09319,0.09354,0.09145,0.09228,35846693.0
2026-06-02 00:00:00+00:00,0.09228,0.09251,0.09068,0.09238,35912945.0
2026-06-02 04:00:00+00:00,0.09238,0.09278,0.09006,0.09064,32513563.0
2026-06-02 08:00:00+00:00,0.09064,0.09084,0.08972,0.08986,26490111.0
2026-06-02 12:00:00+00:00,0.08986,0.09034,0.0875,0.08834,73628572.0
2026-06-02 16:00:00+00:00,0.08834,0.08932,0.08631,0.08759,41708852.0
2026-06-02 20:00:00+00:00,0.08759,0.08819,0.08578,0.08682,42336591.0
2026-06-03 00:00:00+00:00,0.08682,0.0876,0.08504,0.0854,45155741.0
2026-06-03 04:00:00+00:00,0.0854,0.08912,0.08537,0.08836,57643921.0
2026-06-03 08:00:00+00:00,0.08836,0.08841,0.08707,0.08786,45760552.0
2026-06-03 12:00:00+00:00,0.08786,0.08798,0.08616,0.08631,33467591.0
2026-06-03 16:00:00+00:00,0.08631,0.08688,0.08505,0.08542,43485683.0
2026-06-03 20:00:00+00:00,0.08542,0.08685,0.08455,0.08517,29982537.0
2026-06-04 00:00:00+00:00,0.08517,0.08612,0.08139,0.08568,74454979.0
2026-06-04 04:00:00+00:00,0.08568,0.08751,0.08524,0.08567,42466477.0
2026-06-04 08:00:00+00:00,0.08567,0.08603,0.0826,0.08358,52672421.0
2026-06-04 12:00:00+00:00,0.08358,0.08765,0.08304,0.08568,47811345.0
2026-06-04 16:00:00+00:00,0.08568,0.08584,0.08431,0.08474,43315415.0
2026-06-04 20:00:00+00:00,0.08474,0.08537,0.08312,0.08376,30732490.0
2026-06-05 00:00:00+00:00,0.08376,0.0839,0.08167,0.08173,25632847.0
2026-06-05 04:00:00+00:00,0.08173,0.08305,0.07891,0.08195,54670164.0
2026-06-05 08:00:00+00:00,0.08195,0.08257,0.08004,0.08063,73025936.0
2026-06-05 12:00:00+00:00,0.08063,0.08281,0.07875,0.07973,133874882.0
2026-06-05 16:00:00+00:00,0.07973,0.08101,0.07733,0.07927,78496849.0
2026-06-05 20:00:00+00:00,0.07927,0.08167,0.07861,0.08026,31117539.0
2026-06-06 00:00:00+00:00,0.08026,0.08122,0.0785,0.07861,22086581.0
2026-06-06 04:00:00+00:00,0.07861,0.07954,0.07648,0.07943,40411499.0
2026-06-06 08:00:00+00:00,0.07943,0.08002,0.07754,0.07856,37822348.0
2026-06-06 12:00:00+00:00,0.07856,0.07946,0.07804,0.07918,19717161.0
2026-06-06 16:00:00+00:00,0.07918,0.07972,0.0779,0.07865,19739206.0
2026-06-06 20:00:00+00:00,0.07865,0.07985,0.07836,0.07965,21126421.0
2026-06-07 00:00:00+00:00,0.07965,0.08148,0.07932,0.08133,19459599.0
2026-06-07 04:00:00+00:00,0.08133,0.08197,0.08081,0.08188,17133461.0
2026-06-07 08:00:00+00:00,0.08188,0.08251,0.08119,0.08154,19422902.0
2026-06-07 12:00:00+00:00,0.08154,0.08155,0.08036,0.08124,15101429.0
2026-06-07 16:00:00+00:00,0.08124,0.08165,0.07967,0.08002,12520689.0
2026-06-07 20:00:00+00:00,0.08002,0.0828,0.07982,0.08188,26548548.0
2026-06-08 00:00:00+00:00,0.08188,0.08252,0.08127,0.0821,19172900.0
2026-06-08 04:00:00+00:00,0.0821,0.08216,0.08069,0.08171,21347595.0
2026-06-08 08:00:00+00:00,0.08171,0.0825,0.08098,0.08213,15685635.0
2026-06-08 12:00:00+00:00,0.08213,0.0832,0.08146,0.0821,23612313.0
2026-06-08 16:00:00+00:00,0.0821,0.08246,0.08146,0.08163,19686838.0
2026-06-08 20:00:00+00:00,0.08163,0.08216,0.08116,0.08126,18150674.0
2026-06-09 00:00:00+00:00,0.08126,0.08137,0.07975,0.08029,30449959.0
2026-06-09 04:00:00+00:00,0.08029,0.0816,0.08018,0.08087,23404648.0
2026-06-09 08:00:00+00:00,0.08087,0.08094,0.08001,0.08036,18604172.0
2026-06-09 12:00:00+00:00,0.08036,0.08078,0.07905,0.07911,28634325.0
2026-06-09 16:00:00+00:00,0.07911,0.08028,0.07857,0.08014,28542158.0
2026-06-09 20:00:00+00:00,0.08014,0.08042,0.07921,0.07941,15993529.0
2026-06-10 00:00:00+00:00,0.07941,0.07959,0.07826,0.07861,13204120.0
2026-06-10 04:00:00+00:00,0.07861,0.07893,0.07811,0.07858,6849320.0
2026-06-10 08:00:00+00:00,0.07858,0.07861,0.07735,0.07776,20550281.0
2026-06-10 12:00:00+00:00,0.07776,0.07965,0.07755,0.07937,34342587.0
2026-06-10 16:00:00+00:00,0.07937,0.0795,0.0775,0.07776,23810131.0
2026-06-10 20:00:00+00:00,0.07776,0.07798,0.07687,0.07761,19299443.0
2026-06-11 00:00:00+00:00,0.07761,0.0793,0.0776,0.07912,11683854.0
2026-06-11 04:00:00+00:00,0.07912,0.07933,0.07865,0.07878,6609448.0
2026-06-11 08:00:00+00:00,0.07878,0.07924,0.07857,0.07887,12728694.0
2026-06-11 12:00:00+00:00,0.07887,0.07887,0.07707,0.07732,29007880.0
2026-06-11 16:00:00+00:00,0.07732,0.07977,0.07681,0.07939,44511983.0
2026-06-11 20:00:00+00:00,0.07939,0.08014,0.07888,0.07918,20169406.0
2026-06-12 00:00:00+00:00,0.07918,0.08027,0.07911,0.08026,13072091.0
2026-06-12 04:00:00+00:00,0.08026,0.08045,0.0785,0.07862,16695570.0
2026-06-12 08:00:00+00:00,0.07862,0.07995,0.07859,0.07945,16490008.0
2026-06-12 12:00:00+00:00,0.07945,0.0799,0.07787,0.07799,40544756.0
2026-06-12 16:00:00+00:00,0.07799,0.07839,0.07744,0.0779,31040443.0
2026-06-12 20:00:00+00:00,0.0779,0.07825,0.07757,0.07779,18423931.0
2026-06-13 00:00:00+00:00,0.07779,0.07833,0.07753,0.07773,11538095.0
2026-06-13 04:00:00+00:00,0.07773,0.0781,0.07662,0.07794,28579622.0
2026-06-13 08:00:00+00:00,0.07794,0.07855,0.07781,0.07852,14601050.0
2026-06-13 12:00:00+00:00,0.07852,0.07889,0.07804,0.07853,20286214.0
2026-06-13 16:00:00+00:00,0.07853,0.07867,0.07773,0.07785,19486689.0
2026-06-13 20:00:00+00:00,0.07785,0.07893,0.07779,0.07824,16594551.0
2026-06-14 00:00:00+00:00,0.07824,0.07904,0.07817,0.07822,11580105.0
2026-06-14 04:00:00+00:00,0.07822,0.07916,0.07819,0.07909,17675806.0
2026-06-14 08:00:00+00:00,0.07909,0.07952,0.07841,0.07849,20768993.0
2026-06-14 12:00:00+00:00,0.07849,0.07872,0.07725,0.07742,23726771.0
2026-06-14 16:00:00+00:00,0.07742,0.07769,0.07676,0.07738,26745476.0
2026-06-14 20:00:00+00:00,0.07738,0.08117,0.07724,0.08114,42354627.0
2026-06-15 00:00:00+00:00,0.08114,0.08219,0.08062,0.08114,47042522.0
2026-06-15 04:00:00+00:00,0.08114,0.08214,0.08083,0.0814,17263997.0
2026-06-15 08:00:00+00:00,0.0814,0.0823,0.08093,0.08191,30328613.0
2026-06-15 12:00:00+00:00,0.08191,0.08393,0.08177,0.08374,64481887.0
2026-06-15 16:00:00+00:00,0.08374,0.08458,0.08231,0.0828,41961012.0
2026-06-15 20:00:00+00:00,0.0828,0.08321,0.08192,0.08251,19264152.0
2026-06-16 00:00:00+00:00,0.08251,0.08328,0.08162,0.08275,20629536.0
2026-06-16 04:00:00+00:00,0.08275,0.0831,0.0816,0.08309,19438034.0
2026-06-16 08:00:00+00:00,0.08309,0.08478,0.08294,0.08375,34085871.0
2026-06-16 12:00:00+00:00,0.08375,0.08384,0.08029,0.08089,36130506.0
2026-06-16 16:00:00+00:00,0.08089,0.08191,0.08039,0.08098,33295592.0
2026-06-16 20:00:00+00:00,0.08098,0.08169,0.08053,0.08064,22117756.0
2026-06-17 00:00:00+00:00,0.08064,0.0817,0.08032,0.08111,14807922.0
2026-06-17 04:00:00+00:00,0.08111,0.08149,0.08056,0.08095,15938656.0
2026-06-17 08:00:00+00:00,0.08095,0.08099,0.07955,0.08001,36586783.0
2026-06-17 12:00:00+00:00,0.08001,0.08229,0.07975,0.08208,25913653.0
2026-06-17 16:00:00+00:00,0.08208,0.08235,0.07934,0.07975,37758231.0
2026-06-17 20:00:00+00:00,0.07975,0.08197,0.07933,0.08121,24333454.0
2026-06-18 00:00:00+00:00,0.08121,0.08212,0.08051,0.0806,17679331.0
2026-06-18 04:00:00+00:00,0.0806,0.08077,0.07918,0.08027,34438822.0
2026-06-18 08:00:00+00:00,0.08027,0.0809,0.07993,0.08059,17647011.0
2026-06-18 12:00:00+00:00,0.08059,0.08155,0.07856,0.07897,38408699.0
2026-06-18 16:00:00+00:00,0.07897,0.08033,0.07886,0.08014,20845769.0
2026-06-18 20:00:00+00:00,0.08014,0.0809,0.07989,0.0802,17297924.0
2026-06-19 00:00:00+00:00,0.0802,0.08082,0.07945,0.07973,13726256.0
2026-06-19 04:00:00+00:00,0.07973,0.07976,0.07865,0.07897,14331578.0
2026-06-19 08:00:00+00:00,0.07897,0.0794,0.07877,0.07911,7155760.0
2026-06-19 12:00:00+00:00,0.07911,0.08137,0.07879,0.08134,20917247.0
2026-06-19 16:00:00+00:00,0.08134,0.08136,0.07996,0.0801,19958372.0
2026-06-19 20:00:00+00:00,0.0801,0.0807,0.07992,0.08045,8574196.0
2026-06-20 00:00:00+00:00,0.08045,0.08081,0.07936,0.07968,11508008.0
2026-06-20 04:00:00+00:00,0.07968,0.08084,0.07959,0.08015,11201716.0
2026-06-20 08:00:00+00:00,0.08015,0.08069,0.07988,0.08002,8521514.0
2026-06-20 12:00:00+00:00,0.08002,0.08052,0.07919,0.08033,26217913.0
2026-06-20 16:00:00+00:00,0.08033,0.08069,0.07978,0.0801,20594333.0
2026-06-20 20:00:00+00:00,0.0801,0.08069,0.07996,0.08063,12206240.0
2026-06-21 00:00:00+00:00,0.08063,0.0808,0.08008,0.08045,6502630.0
2026-06-21 04:00:00+00:00,0.08045,0.08053,0.07981,0.08006,6502061.0
2026-06-21 08:00:00+00:00,0.08006,0.08036,0.07966,0.07978,15358058.0
2026-06-21 12:00:00+00:00,0.07978,0.08037,0.07962,0.08019,8593459.0
2026-06-21 16:00:00+00:00,0.08019,0.08024,0.07946,0.07988,6949801.0
2026-06-21 20:00:00+00:00,0.07988,0.07988,0.07777,0.07802,27081983.0
2026-06-22 00:00:00+00:00,0.07802,0.07955,0.07794,0.07867,27515622.0
2026-06-22 04:00:00+00:00,0.07867,0.07957,0.07856,0.07943,7857999.0
2026-06-22 08:00:00+00:00,0.07943,0.08067,0.07887,0.08019,16531049.0
2026-06-22 12:00:00+00:00,0.08019,0.08057,0.07926,0.07932,33022520.0
2026-06-22 16:00:00+00:00,0.07932,0.07987,0.07891,0.07909,19751034.0
2026-06-22 20:00:00+00:00,0.07909,0.07935,0.07845,0.07869,8793098.0
2026-06-23 00:00:00+00:00,0.07869,0.07905,0.07824,0.07903,8278606.0
2026-06-23 04:00:00+00:00,0.07903,0.07904,0.07711,0.07774,20221782.0
2026-06-23 08:00:00+00:00,0.07774,0.07781,0.07653,0.07762,24230743.0
2026-06-23 12:00:00+00:00,0.07762,0.07813,0.07714,0.07766,16568200.0
2026-06-23 16:00:00+00:00,0.07766,0.07803,0.07697,0.07718,15784730.0
2026-06-23 20:00:00+00:00,0.07718,0.07794,0.07716,0.0775,12042287.0
2026-06-24 00:00:00+00:00,0.0775,0.0782,0.0771,0.07725,8144375.0
2026-06-24 04:00:00+00:00,0.07725,0.07768,0.07668,0.07731,12382414.0
2026-06-24 08:00:00+00:00,0.07731,0.07735,0.07595,0.07688,30374422.0
2026-06-24 12:00:00+00:00,0.07688,0.07693,0.07386,0.07399,76751132.0
2026-06-24 16:00:00+00:00,0.07399,0.07473,0.07308,0.07439,42061622.0
2026-06-24 20:00:00+00:00,0.07439,0.07728,0.07432,0.0756,44733950.0
2026-06-25 00:00:00+00:00,0.0756,0.07585,0.07434,0.07437,14972775.0
2026-06-25 04:00:00+00:00,0.07437,0.07524,0.07402,0.07426,23257993.0
2026-06-25 08:00:00+00:00,0.07426,0.07427,0.07306,0.07338,19747955.0
2026-06-25 12:00:00+00:00,0.07338,0.07419,0.07061,0.07308,62869498.0
2026-06-25 16:00:00+00:00,0.07308,0.07384,0.07199,0.07283,24884291.0
2026-06-25 20:00:00+00:00,0.07283,0.07395,0.07273,0.0734,17622738.0
2026-06-26 00:00:00+00:00,0.0734,0.07368,0.07122,0.0726,26587514.0
2026-06-26 04:00:00+00:00,0.0726,0.07417,0.07242,0.07417,13716005.0
2026-06-26 08:00:00+00:00,0.07417,0.07417,0.07251,0.07272,11802695.0
2026-06-26 12:00:00+00:00,0.07272,0.07366,0.07169,0.07314,37039674.0
2026-06-26 16:00:00+00:00,0.07314,0.07387,0.07159,0.07178,24407001.0
2026-06-26 20:00:00+00:00,0.07178,0.07221,0.07061,0.07087,39887768.0
2026-06-27 00:00:00+00:00,0.07087,0.07249,0.07087,0.07238,15546951.0
2026-06-27 04:00:00+00:00,0.07238,0.07283,0.07202,0.07245,18576228.0
2026-06-27 08:00:00+00:00,0.07245,0.07272,0.07196,0.07271,14801484.0
2026-06-27 12:00:00+00:00,0.07271,0.07343,0.07251,0.07322,12058511.0
2026-06-27 16:00:00+00:00,0.07322,0.07336,0.07183,0.0721,13630972.0
2026-06-27 20:00:00+00:00,0.0721,0.07249,0.07153,0.07188,14499623.0
2026-06-28 00:00:00+00:00,0.07188,0.07189,0.0713,0.07161,14029068.0
2026-06-28 04:00:00+00:00,0.07161,0.07191,0.07106,0.07128,11873291.0
2026-06-28 08:00:00+00:00,0.07128,0.07168,0.07096,0.07151,8501227.0
2026-06-28 12:00:00+00:00,0.07151,0.07181,0.07105,0.07117,8644030.0
2026-06-28 16:00:00+00:00,0.07117,0.07121,0.07035,0.07087,23211637.0
2026-06-28 20:00:00+00:00,0.07087,0.0713,0.07012,0.07097,14411420.0
2026-06-29 00:00:00+00:00,0.07097,0.07207,0.07078,0.0718,12968804.0
2026-06-29 04:00:00+00:00,0.0718,0.07182,0.07053,0.0716,8936708.0
2026-06-29 08:00:00+00:00,0.0716,0.07173,0.07069,0.07093,16739495.0
2026-06-29 12:00:00+00:00,0.07093,0.07188,0.07057,0.07119,30033993.0
2026-06-29 16:00:00+00:00,0.07119,0.07238,0.0707,0.07194,22046369.0
2026-06-29 20:00:00+00:00,0.07194,0.07219,0.07144,0.07164,11018118.0
2026-06-30 00:00:00+00:00,0.07164,0.07176,0.07077,0.07084,9901957.0
2026-06-30 04:00:00+00:00,0.07084,0.07149,0.07075,0.07105,12371802.0
2026-06-30 08:00:00+00:00,0.07105,0.07109,0.07007,0.07025,13611325.0
2026-06-30 12:00:00+00:00,0.07025,0.07125,0.06957,0.06991,90550849.0
2026-06-30 16:00:00+00:00,0.06991,0.07025,0.06876,0.06962,52673694.0
2026-06-30 20:00:00+00:00,0.06962,0.06974,0.06901,0.06946,20529126.0
2026-07-01 00:00:00+00:00,0.06946,0.07038,0.06838,0.07027,32643098.0
2026-07-01 04:00:00+00:00,0.07027,0.07079,0.06826,0.06871,62200209.0
2026-07-01 08:00:00+00:00,0.06871,0.06953,0.0686,0.06936,19519600.0
2026-07-01 12:00:00+00:00,0.06936,0.07229,0.06873,0.07226,58069340.0
2026-07-01 16:00:00+00:00,0.07226,0.07303,0.07138,0.07196,44745382.0
2026-07-01 20:00:00+00:00,0.07196,0.0728,0.07143,0.07188,32237268.0
2026-07-02 00:00:00+00:00,0.07188,0.07381,0.07159,0.07369,23713489.0
2026-07-02 04:00:00+00:00,0.07369,0.07373,0.07256,0.07293,11182418.0
2026-07-02 08:00:00+00:00,0.07293,0.07382,0.07274,0.07378,18889162.0
2026-07-02 12:00:00+00:00,0.07378,0.0749,0.07359,0.07414,41162191.0
2026-07-02 16:00:00+00:00,0.07414,0.07447,0.07234,0.07254,29439074.0
2026-07-02 20:00:00+00:00,0.07254,0.07262,0.07048,0.0708,50530179.0
2026-07-03 00:00:00+00:00,0.0708,0.07227,0.07038,0.07147,38542551.0
2026-07-03 04:00:00+00:00,0.07147,0.07174,0.07082,0.07116,18699485.0
2026-07-03 08:00:00+00:00,0.07116,0.07184,0.07096,0.07165,30860874.0
2026-07-03 12:00:00+00:00,0.07165,0.07237,0.07152,0.07186,29591916.0
2026-07-03 16:00:00+00:00,0.07186,0.07346,0.07126,0.0727,32490480.0
2026-07-03 20:00:00+00:00,0.0727,0.07435,0.0727,0.07331,35558287.0
2026-07-04 00:00:00+00:00,0.07331,0.07345,0.07242,0.07279,20704971.0
2026-07-04 04:00:00+00:00,0.07279,0.07331,0.07194,0.07229,18045423.0
2026-07-04 08:00:00+00:00,0.07229,0.07426,0.07197,0.0733,35239095.0
2026-07-04 12:00:00+00:00,0.0733,0.07499,0.07324,0.07468,32541332.0
2026-07-04 16:00:00+00:00,0.07468,0.07579,0.07412,0.07456,25123358.0
2026-07-04 20:00:00+00:00,0.07456,0.07735,0.0744,0.07724,49512386.0
2026-07-05 00:00:00+00:00,0.07724,0.07768,0.07465,0.07521,51115932.0
2026-07-05 04:00:00+00:00,0.07521,0.07558,0.07434,0.07502,20220300.0
2026-07-05 08:00:00+00:00,0.07502,0.07578,0.07426,0.07485,17810671.0
2026-07-05 12:00:00+00:00,0.07485,0.07559,0.07455,0.07525,14132386.0
2026-07-05 16:00:00+00:00,0.07525,0.07556,0.07487,0.07533,11717444.0
2026-07-05 20:00:00+00:00,0.07533,0.07685,0.07494,0.07627,19257623.0
2026-07-06 00:00:00+00:00,0.07627,0.07628,0.07533,0.07557,13679121.0
2026-07-06 04:00:00+00:00,0.07557,0.07564,0.07426,0.07472,17993528.0
2026-07-06 08:00:00+00:00,0.07472,0.0749,0.07417,0.07419,30435273.0
2026-07-06 12:00:00+00:00,0.07419,0.07453,0.07246,0.07444,59369194.0
2026-07-06 16:00:00+00:00,0.07444,0.07495,0.07402,0.07403,16028850.0
2026-07-06 20:00:00+00:00,0.07403,0.07463,0.07283,0.07329,27711041.0
2026-07-07 00:00:00+00:00,0.07329,0.0736,0.0721,0.0722,16894227.0
2026-07-07 04:00:00+00:00,0.0722,0.07233,0.07149,0.07166,19983988.0
2026-07-07 08:00:00+00:00,0.07166,0.07174,0.07084,0.07131,27979675.0
2026-07-07 12:00:00+00:00,0.07131,0.07251,0.07052,0.07251,31091231.0
2026-07-07 16:00:00+00:00,0.07251,0.07284,0.0713,0.07145,30200090.0
2026-07-07 20:00:00+00:00,0.07145,0.0717,0.07027,0.07087,19395009.0
2026-07-08 00:00:00+00:00,0.07087,0.07112,0.06991,0.07029,29211009.0
2026-07-08 04:00:00+00:00,0.07029,0.07032,0.06951,0.06998,15425105.0
2026-07-08 08:00:00+00:00,0.06998,0.07014,0.06897,0.06958,34779052.0
2026-07-08 12:00:00+00:00,0.06958,0.07006,0.06888,0.06909,26361916.0
2026-07-08 16:00:00+00:00,0.06909,0.06994,0.06904,0.06946,17942243.0
2026-07-08 20:00:00+00:00,0.06946,0.06955,0.06878,0.06931,11905317.0
2026-07-09 00:00:00+00:00,0.06931,0.07049,0.0691,0.06946,31785839.0
2026-07-09 04:00:00+00:00,0.06946,0.07143,0.06941,0.07051,34608271.0
2026-07-09 08:00:00+00:00,0.07051,0.071,0.07016,0.07051,11284032.0
2026-07-09 12:00:00+00:00,0.07051,0.0708,0.06972,0.06992,17931584.0
2026-07-09 16:00:00+00:00,0.06992,0.07053,0.06961,0.07,15618525.0
2026-07-09 20:00:00+00:00,0.07,0.07051,0.06975,0.06989,15998590.0
2026-07-10 00:00:00+00:00,0.06989,0.07117,0.0694,0.07043,21078211.0
2026-07-10 04:00:00+00:00,0.07043,0.07092,0.07036,0.07042,9214142.0
2026-07-10 08:00:00+00:00,0.07042,0.07134,0.07038,0.07115,22891009.0
2026-07-10 12:00:00+00:00,0.07115,0.07142,0.06981,0.0703,29437092.0
2026-07-10 16:00:00+00:00,0.0703,0.07055,0.06962,0.06994,11932188.0
2026-07-10 20:00:00+00:00,0.06994,0.07035,0.06971,0.07028,11487931.0
2026-07-11 00:00:00+00:00,0.07028,0.07114,0.06985,0.06999,28301676.0
2026-07-11 04:00:00+00:00,0.06999,0.07064,0.06974,0.07059,19787814.0
2026-07-11 08:00:00+00:00,0.07059,0.07065,0.06654,0.0686,192232908.0
2026-07-11 12:00:00+00:00,0.0686,0.07011,0.06815,0.06987,70922904.0
2026-07-11 16:00:00+00:00,0.06987,0.07014,0.06918,0.06989,26082270.0
2026-07-11 20:00:00+00:00,0.06989,0.06994,0.06844,0.06844,20499627.0
2026-07-12 00:00:00+00:00,0.06844,0.0688,0.06734,0.06852,42137844.0
2026-07-12 04:00:00+00:00,0.06852,0.06852,0.06741,0.06759,18580225.0
2026-07-12 08:00:00+00:00,0.06759,0.06801,0.06744,0.06782,18337105.0
2026-07-12 12:00:00+00:00,0.06782,0.06806,0.06706,0.06768,24604462.0
2026-07-12 16:00:00+00:00,0.06768,0.06776,0.06727,0.06768,9864562.0
2026-07-12 20:00:00+00:00,0.06768,0.0684,0.06711,0.06755,20425389.0
2026-07-13 00:00:00+00:00,0.06755,0.06864,0.06663,0.06707,40983959.0
2026-07-13 04:00:00+00:00,0.06707,0.06772,0.06689,0.06766,15518381.0
2026-07-13 08:00:00+00:00,0.06766,0.06789,0.06677,0.06681,11457254.0
2026-07-13 12:00:00+00:00,0.06681,0.06728,0.0663,0.06669,32863449.0
2026-07-13 16:00:00+00:00,0.06669,0.0668,0.06589,0.06644,30594687.0
2026-07-13 20:00:00+00:00,0.06644,0.06663,0.06543,0.06656,14382228.0
2026-07-14 00:00:00+00:00,0.06656,0.06662,0.06567,0.06613,11004413.0
2026-07-14 04:00:00+00:00,0.06613,0.06672,0.06587,0.06597,19131986.0
2026-07-14 08:00:00+00:00,0.06597,0.06631,0.06576,0.0663,11054322.0
2026-07-14 12:00:00+00:00,0.0663,0.06768,0.06614,0.06693,50541710.0
2026-07-14 16:00:00+00:00,0.06693,0.06712,0.06627,0.06655,17769374.0
2026-07-14 20:00:00+00:00,0.06655,0.06741,0.06628,0.06731,15382873.0
2026-07-15 00:00:00+00:00,0.06731,0.06746,0.06704,0.06744,7977463.0
2026-07-15 04:00:00+00:00,0.06744,0.0679,0.06704,0.06745,14547212.0
2026-07-15 08:00:00+00:00,0.06745,0.06754,0.06711,0.06747,10019080.0
2026-07-15 12:00:00+00:00,0.06747,0.06837,0.06738,0.06822,24256466.0
2026-07-15 16:00:00+00:00,0.06822,0.06825,0.06715,0.0674,20204870.0
2026-07-15 20:00:00+00:00,0.0674,0.06818,0.06733,0.06789,16919502.0
2026-07-16 00:00:00+00:00,0.06789,0.06823,0.06732,0.06747,13527174.0
2026-07-16 04:00:00+00:00,0.06747,0.0677,0.06693,0.06705,17312249.0
2026-07-16 08:00:00+00:00,0.06705,0.06758,0.06674,0.06752,14081105.0
2026-07-16 12:00:00+00:00,0.06752,0.06808,0.06693,0.06803,21502575.0
2026-07-16 16:00:00+00:00,0.06803,0.06819,0.06709,0.0673,15183381.0
2026-07-16 20:00:00+00:00,0.0673,0.0679,0.0663,0.06655,25272432.0
2026-07-17 00:00:00+00:00,0.06655,0.06693,0.06617,0.06636,14091887.0
2026-07-17 04:00:00+00:00,0.06636,0.06658,0.0657,0.06598,22803029.0
2026-07-17 08:00:00+00:00,0.06598,0.06649,0.06581,0.06599,12081881.0
2026-07-17 12:00:00+00:00,0.06599,0.06628,0.06527,0.06598,25683566.0
2026-07-17 16:00:00+00:00,0.06598,0.06646,0.06584,0.06609,11907926.0
2026-07-17 20:00:00+00:00,0.06609,0.06616,0.06579,0.06588,6573848.0
2026-07-18 00:00:00+00:00,0.06588,0.06628,0.06561,0.06628,9422545.0
2026-07-18 04:00:00+00:00,0.06628,0.06634,0.06592,0.06627,6359252.0
2026-07-18 08:00:00+00:00,0.06627,0.0664,0.06601,0.06617,6177204.0
2026-07-18 12:00:00+00:00,0.06617,0.06666,0.0661,0.06663,10757388.0
2026-07-18 16:00:00+00:00,0.06663,0.06687,0.06655,0.06672,11892703.0
2026-07-18 20:00:00+00:00,0.06672,0.06707,0.06672,0.06707,5201987.0
2026-07-19 00:00:00+00:00,0.06707,0.06739,0.06661,0.06671,14523114.0
2026-07-19 04:00:00+00:00,0.06671,0.06735,0.06659,0.06711,15078331.0
2026-07-19 08:00:00+00:00,0.06711,0.06724,0.0665,0.06668,12881286.0
2026-07-19 12:00:00+00:00,0.06668,0.0669,0.0665,0.06668,5185478.0
2026-07-19 16:00:00+00:00,0.06668,0.06673,0.06621,0.06638,7902398.0
2026-07-19 20:00:00+00:00,0.06638,0.06666,0.06627,0.06651,9386661.0
2026-07-20 00:00:00+00:00,0.06651,0.06685,0.06578,0.06611,21859009.0
2026-07-20 04:00:00+00:00,0.06611,0.06612,0.06534,0.06569,14157236.0
2026-07-20 08:00:00+00:00,0.06569,0.06664,0.06547,0.06661,19437428.0
2026-07-20 12:00:00+00:00,0.06661,0.06685,0.06572,0.06667,21584884.0
2026-07-20 16:00:00+00:00,0.06667,0.06709,0.06592,0.06604,20628809.0
2026-07-20 20:00:00+00:00,0.06604,0.06676,0.066,0.06668,7546112.0
2026-07-21 00:00:00+00:00,0.06668,0.06715,0.0666,0.06713,15124698.0
2026-07-21 04:00:00+00:00,0.06713,0.0675,0.06671,0.06742,16649926.0
2026-07-21 08:00:00+00:00,0.06742,0.06852,0.06742,0.06836,26556013.0
2026-07-21 12:00:00+00:00,0.06836,0.06885,0.06807,0.06855,24061070.0
2026-07-21 16:00:00+00:00,0.06855,0.07057,0.06826,0.06975,42739045.0
2026-07-21 20:00:00+00:00,0.06975,0.07019,0.06907,0.0695,23189037.0
2026-07-22 00:00:00+00:00,0.0695,0.07076,0.0694,0.0702,20989048.0
2026-07-22 04:00:00+00:00,0.0702,0.07036,0.06947,0.07013,26661100.0
2026-07-22 08:00:00+00:00,0.07013,0.07189,0.07011,0.07137,41930466.0
2026-07-22 12:00:00+00:00,0.07137,0.07336,0.07069,0.07247,58083706.0
2026-07-22 16:00:00+00:00,0.07247,0.07413,0.07141,0.0717,54073073.0
2026-07-22 20:00:00+00:00,0.0717,0.07315,0.07146,0.07283,21904836.0
2026-07-23 00:00:00+00:00,0.07283,0.07361,0.07243,0.07261,25761454.0
2026-07-23 04:00:00+00:00,0.07261,0.07391,0.07254,0.07349,23393725.0
2026-07-23 08:00:00+00:00,0.07349,0.07443,0.07269,0.07281,33561994.0
2026-07-23 12:00:00+00:00,0.07281,0.07292,0.07088,0.07187,53457378.0
2026-07-23 16:00:00+00:00,0.07187,0.07252,0.07152,0.07209,21793472.0
2026-07-23 20:00:00+00:00,0.07209,0.0726,0.07107,0.07107,18968934.0
2026-07-24 00:00:00+00:00,0.07107,0.07122,0.07055,0.07089,22078634.0
2026-07-24 04:00:00+00:00,0.07089,0.07147,0.07064,0.07109,18668263.0
2026-07-24 08:00:00+00:00,0.07109,0.07109,0.07026,0.07045,20309830.0
2026-07-24 12:00:00+00:00,0.07045,0.07114,0.07032,0.07075,24205957.0
2026-07-24 16:00:00+00:00,0.07075,0.07191,0.07038,0.07133,23912262.0
2026-07-24 20:00:00+00:00,0.07133,0.07276,0.07028,0.07076,32396193.0
2026-07-25 00:00:00+00:00,0.07076,0.07117,0.06992,0.0704,24571552.0
2026-07-25 04:00:00+00:00,0.0704,0.0705,0.07,0.07005,6454589.0
2026-07-25 08:00:00+00:00,0.07005,0.07033,0.06975,0.07001,12873829.0
2026-07-25 12:00:00+00:00,0.07001,0.07021,0.06989,0.07016,7580258.0
2026-07-25 16:00:00+00:00,0.07016,0.07138,0.07006,0.07095,22239259.0
2026-07-25 20:00:00+00:00,0.07095,0.07117,0.0702,0.07091,13555374.0
2026-07-26 00:00:00+00:00,0.07091,0.07099,0.06997,0.07014,11913201.0
2026-07-26 04:00:00+00:00,0.07014,0.07044,0.06961,0.0699,13596931.0
2026-07-26 08:00:00+00:00,0.0699,0.07044,0.06983,0.07003,8837844.0
2026-07-26 12:00:00+00:00,0.07003,0.0702,0.0697,0.07006,13215112.0
2026-07-26 16:00:00+00:00,0.07006,0.07036,0.06984,0.06994,8291728.0
2026-07-26 20:00:00+00:00,0.06994,0.07047,0.06905,0.07021,34592374.0
2026-07-27 00:00:00+00:00,0.07021,0.07023,0.06924,0.06996,12209412.0
2026-07-27 04:00:00+00:00,0.06996,0.06997,0.06932,0.06935,13726038.0
2026-07-27 08:00:00+00:00,0.06935,0.06952,0.06894,0.06917,14704021.0
2026-07-27 12:00:00+00:00,0.06917,0.06979,0.06779,0.06798,55220221.0
2026-07-27 16:00:00+00:00,0.06798,0.06905,0.06787,0.06892,17075944.0
2026-07-27 20:00:00+00:00,0.06892,0.06904,0.068,0.06809,17212984.0
2026-07-28 00:00:00+00:00,0.06809,0.06832,0.06729,0.06773,28516341.0
2026-07-28 04:00:00+00:00,0.06773,0.06866,0.06768,0.06787,24017851.0
2026-07-28 08:00:00+00:00,0.06787,0.06809,0.06747,0.06751,7153625.0
2026-07-28 12:00:00+00:00,0.06751,0.06848,0.06701,0.06844,21996940.0
2026-07-28 16:00:00+00:00,0.06844,0.06898,0.06786,0.06833,14311162.0
2026-07-28 20:00:00+00:00,0.06833,0.06853,0.06794,0.0684,7209681.0
2026-07-29 00:00:00+00:00,0.0684,0.06919,0.06817,0.06819,14738249.0
2026-07-29 04:00:00+00:00,0.06819,0.06875,0.06788,0.06868,9703459.0
2026-07-29 08:00:00+00:00,0.06868,0.06892,0.06815,0.06842,11790336.0
2026-07-29 12:00:00+00:00,0.06842,0.06842,0.06775,0.06783,13570231.0
2026-07-29 16:00:00+00:00,0.06783,0.06851,0.06735,0.06739,24566641.0
2026-07-29 20:00:00+00:00,0.06739,0.06792,0.06687,0.06785,17593706.0
2026-07-30 00:00:00+00:00,0.06785,0.06854,0.06764,0.06798,12151695.0
2026-07-30 04:00:00+00:00,0.06798,0.068,0.06765,0.06767,5861970.0
2026-07-30 08:00:00+00:00,0.06767,0.06805,0.06762,0.06801,8387652.0
2026-07-30 12:00:00+00:00,0.06801,0.06853,0.06796,0.0681,16699632.0
2026-07-30 16:00:00+00:00,0.0681,0.06866,0.06809,0.06857,5573996.0
2026-07-30 20:00:00+00:00,0.06857,0.06896,0.06833,0.06834,13446085.0
2026-07-31 00:00:00+00:00,0.06834,0.06844,0.0679,0.06832,13159309.0
2026-07-31 04:00:00+00:00,0.06832,0.06889,0.06826,0.06881,8430118.0
2026-07-31 08:00:00+00:00,0.06881,0.06886,0.06795,0.06804,10058427.0
2026-07-31 12:00:00+00:00,0.06804,0.06835,0.06739,0.06745,23593451.0
2026-07-31 16:00:00+00:00,0.06745,0.06843,0.06739,0.06805,9185624.0
2026-07-31 20:00:00+00:00,0.06805,0.06882,0.068,0.06879,10051782.0
2026-08-01 00:00:00+00:00,0.06879,0.07056,0.06866,0.07001,24210816.0
2026-08-01 04:00:00+00:00,0.07001,0.07008,0.06935,0.06975,9673941.0
2026-08-01 08:00:00+00:00,0.06975,0.07045,0.06968,0.06987,8690496.0
2026-08-01 12:00:00+00:00,0.06987,0.0702,0.06956,0.06983,9765697.0
2026-08-01 16:00:00+00:00,0.06983,0.06997,0.06865,0.06913,22066833.0
2026-08-01 20:00:00+00:00,0.06913,0.06942,0.06896,0.06902,8330924.0
2026-08-02 00:00:00+00:00,0.06902,0.06962,0.06893,0.06947,16559412.0
2026-08-02 04:00:00+00:00,0.06947,0.07067,0.06947,0.07045,18430883.0
2026-08-02 08:00:00+00:00,0.07045,0.07062,0.0697,0.07005,18086369.0
2026-08-02 12:00:00+00:00,0.07005,0.07041,0.0698,0.06993,14365188.0
2026-08-02 16:00:00+00:00,0.06993,0.07016,0.0696,0.06984,8479501.0
2026-08-02 20:00:00+00:00,0.06984,0.07012,0.06965,0.07002,9751514.0
2026-08-03 00:00:00+00:00,0.07002,0.07006,0.06906,0.06929,13156211.0
2026-08-03 04:00:00+00:00,0.06929,0.06945,0.06878,0.06896,14966296.0
2026-08-03 08:00:00+00:00,0.06896,0.06897,0.06843,0.06869,18092490.0
2026-08-03 12:00:00+00:00,0.06869,0.07032,0.06866,0.07025,27347975.0
2026-08-03 16:00:00+00:00,0.07025,0.07088,0.06997,0.07043,20552642.0
2026-08-03 20:00:00+00:00,0.07043,0.07126,0.07033,0.07049,13934458.0
2026-08-04 00:00:00+00:00,0.07049,0.07122,0.06989,0.07114,14666131.0
2026-08-04 04:00:00+00:00,0.07114,0.07152,0.0704,0.07082,16405705.0
2026-08-04 08:00:00+00:00,0.07082,0.0715,0.07052,0.07092,20518626.0
2026-08-04 12:00:00+00:00,0.07092,0.07092,0.06913,0.0696,39430342.0
2026-08-04 16:00:00+00:00,0.0696,0.07021,0.06953,0.07015,13750983.0
2026-08-04 20:00:00+00:00,0.07015,0.07015,0.06927,0.06935,11868806.0
2026-08-05 00:00:00+00:00,0.06935,0.06946,0.06893,0.06904,11643132.0
2026-08-05 04:00:00+00:00,0.06904,0.06932,0.06896,0.06912,9555771.0
2026-08-05 08:00:00+00:00,0.06912,0.06941,0.06897,0.06916,10097575.0
2026-08-05 12:00:00+00:00,0.06916,0.06997,0.06865,0.06865,39403931.0
2026-08-05 16:00:00+00:00,0.06865,0.06984,0.06864,0.06964,17389275.0
2026-08-05 20:00:00+00:00,0.06964,0.06983,0.06902,0.06902,10276070.0
2026-08-06 00:00:00+00:00,0.06902,0.06948,0.06826,0.06833,10889456.0
2026-08-06 04:00:00+00:00,0.06833,0.06886,0.06827,0.06846,9431969.0
2026-08-06 08:00:00+00:00,0.06846,0.06887,0.06812,0.06876,16582611.0
2026-08-06 12:00:00+00:00,0.06876,0.06964,0.06834,0.06835,27430927.0
2026-08-06 16:00:00+00:00,0.06835,0.06884,0.06804,0.06808,15492379.0
2026-08-06 20:00:00+00:00,0.06808,0.06845,0.06799,0.06818,16512935.0
2026-08-07 00:00:00+00:00,0.06818,0.06857,0.06803,0.06803,8360962.0
2026-08-07 04:00:00+00:00,0.06803,0.06863,0.06785,0.06855,12841699.0
2026-08-07 08:00:00+00:00,0.06855,0.06878,0.06834,0.06847,8610327.0
2026-08-07 12:00:00+00:00,0.06847,0.06874,0.06767,0.06787,19686616.0
2026-08-07 16:00:00+00:00,0.06787,0.06798,0.0671,0.06768,23641779.0
2026-08-07 20:00:00+00:00,0.06768,0.06813,0.06762,0.06801,4426912.0
2026-08-08 00:00:00+00:00,0.06801,0.06846,0.06792,0.06815,7821554.0
2026-08-08 04:00:00+00:00,0.06815,0.06835,0.068,0.06835,4768295.0
2026-08-08 08:00:00+00:00,0.06835,0.06869,0.06824,0.06849,11077292.0
2026-08-08 12:00:00+00:00,0.06849,0.06939,0.06849,0.06926,10599409.0
2026-08-08 16:00:00+00:00,0.06926,0.06995,0.06902,0.06916,14210480.0
2026-08-08 20:00:00+00:00,0.06916,0.06945,0.06879,0.06894,7132243.0
2026-08-09 00:00:00+00:00,0.06894,0.06952,0.06884,0.06938,7376444.0
2026-08-09 04:00:00+00:00,0.06938,0.07004,0.06901,0.06943,11010476.0
2026-08-09 08:00:00+00:00,0.06943,0.06963,0.06871,0.06877,9979503.0
2026-08-09 12:00:00+00:00,0.06877,0.06929,0.06874,0.06913,6893832.0
2026-08-09 16:00:00+00:00,0.06913,0.06943,0.06904,0.0694,5019320.0
2026-08-09 20:00:00+00:00,0.0694,0.0697,0.06851,0.06857,11000531.0
2026-08-10 00:00:00+00:00,0.06857,0.06918,0.06838,0.06839,5408178.0
2026-08-10 04:00:00+00:00,0.06839,0.06884,0.06837,0.06876,5436687.0
2026-08-10 08:00:00+00:00,0.06876,0.06883,0.0685,0.06856,6996782.0
2026-08-10 12:00:00+00:00,0.06856,0.06867,0.06794,0.06811,14077336.0
2026-08-10 16:00:00+00:00,0.06811,0.06826,0.06774,0.06802,10652245.0
2026-08-10 20:00:00+00:00,0.06802,0.06803,0.06745,0.06759,8797937.0
2026-08-11 00:00:00+00:00,0.06759,0.06792,0.06733,0.0678,8906631.0
2026-08-11 04:00:00+00:00,0.0678,0.0679,0.06711,0.06735,11290553.0
2026-08-11 08:00:00+00:00,0.06735,0.06745,0.06677,0.06714,16497773.0
2026-08-11 12:00:00+00:00,0.06714,0.0672,0.06576,0.06611,41280145.0
2026-08-11 16:00:00+00:00,0.06611,0.06637,0.06587,0.06623,14258561.0
2026-08-11 20:00:00+00:00,0.06623,0.06666,0.0662,0.06637,14721548.0
2026-08-12 00:00:00+00:00,0.06637,0.06681,0.06625,0.06666,14528994.0
2026-08-12 04:00:00+00:00,0.06666,0.06677,0.06644,0.06677,11685284.0
2026-08-12 08:00:00+00:00,0.06677,0.06682,0.06636,0.06679,12952301.0
2026-08-12 12:00:00+00:00,0.06679,0.06696,0.06555,0.06598,24827454.0
2026-08-12 16:00:00+00:00,0.06598,0.06612,0.06562,0.06576,6949029.0
2026-08-12 20:00:00+00:00,0.06576,0.06602,0.06553,0.06602,6471405.0
2026-08-13 00:00:00+00:00,0.06602,0.06608,0.06564,0.06603,7414195.0
2026-08-13 04:00:00+00:00,0.06603,0.06657,0.06601,0.06637,9127458.0
2026-08-13 08:00:00+00:00,0.06637,0.06659,0.06587,0.06601,13715935.0
2026-08-13 12:00:00+00:00,0.06601,0.06692,0.06597,0.06642,14238869.0
2026-08-13 16:00:00+00:00,0.06642,0.0668,0.06536,0.06557,32103301.0
2026-08-13 20:00:00+00:00,0.06557,0.0657,0.0654,0.06548,9125323.0
2026-08-14 00:00:00+00:00,0.06548,0.06575,0.0652,0.0654,16888930.0
2026-08-14 04:00:00+00:00,0.0654,0.06562,0.06507,0.06523,11978539.0
2026-08-14 08:00:00+00:00,0.06523,0.06553,0.06473,0.06545,24554131.0
2026-08-14 12:00:00+00:00,0.06545,0.06617,0.06537,0.0659,16301422.0
2026-08-14 16:00:00+00:00,0.0659,0.06601,0.06502,0.06506,16440746.0
2026-08-14 20:00:00+00:00,0.06506,0.06589,0.065,0.06587,8360667.0
2026-08-15 00:00:00+00:00,0.06587,0.06635,0.06573,0.06617,9446943.0
2026-08-15 04:00:00+00:00,0.06617,0.06636,0.06559,0.06559,5238327.0
2026-08-15 08:00:00+00:00,0.06559,0.06587,0.06548,0.06575,8558548.0
2026-08-15 12:00:00+00:00,0.06575,0.06588,0.0656,0.06588,3536973.0
2026-08-15 16:00:00+00:00,0.06588,0.06588,0.06537,0.06575,7149592.0
2026-08-15 20:00:00+00:00,0.06575,0.06578,0.06538,0.06543,6095596.0
2026-08-16 00:00:00+00:00,0.06543,0.06545,0.06488,0.06524,16926703.0
2026-08-16 04:00:00+00:00,0.06524,0.0653,0.06498,0.06506,4979790.0
2026-08-16 08:00:00+00:00,0.06506,0.06515,0.06497,0.06509,2826417.0
2026-08-16 12:00:00+00:00,0.06509,0.06523,0.06498,0.06515,7957556.0
2026-08-16 16:00:00+00:00,0.06515,0.06541,0.06506,0.06513,6526156.0
2026-08-16 20:00:00+00:00,0.06513,0.06522,0.06444,0.06463,22363895.0
2026-08-17 00:00:00+00:00,0.06463,0.06508,0.06425,0.06488,13416408.0
2026-08-17 04:00:00+00:00,0.06488,0.06581,0.06486,0.06556,19637315.0
2026-08-17 08:00:00+00:00,0.06556,0.06635,0.06527,0.06619,15514662.0
