timestamp,open,high,low,close,volume
2023-11-21 12:00:00+00:00,15.6105,15.6595,15.0005,15.5225,1047222.2
2023-11-21 16:00:00+00:00,15.5225,15.889,14.8275,15.273,1302986.0
2023-11-21 20:00:00+00:00,15.273,15.4705,14.1865,14.2175,1015844.7
2023-11-22 00:00:00+00:00,14.2175,14.8475,14.1755,14.8425,443160.9
2023-11-22 04:00:00+00:00,14.8425,15.3085,14.686,15.081,471684.2
2023-11-22 08:00:00+00:00,15.081,15.5045,15.065,15.3,346750.5
2023-11-22 12:00:00+00:00,15.3,15.7625,15.2665,15.588,456471.4
2023-11-22 16:00:00+00:00,15.588,16.1885,15.4145,16.0995,552917.5
2023-11-22 20:00:00+00:00,16.0995,16.682,16.008,16.0625,645724.0
2023-11-23 00:00:00+00:00,16.0625,16.089,15.8365,15.8805,250549.2
2023-11-23 04:00:00+00:00,15.8805,16.0165,15.7665,15.8075,169041.2
2023-11-23 08:00:00+00:00,15.8075,16.011,15.564,15.701,303277.8
2023-11-23 12:00:00+00:00,15.701,15.7725,15.071,15.113,570889.3
2023-11-23 16:00:00+00:00,15.113,15.155,14.883,14.896,471379.5
2023-11-23 20:00:00+00:00,14.896,15.304,14.869,15.0945,409971.0
2023-11-24 00:00:00+00:00,15.0945,15.396,15.035,15.294,266834.1
2023-11-24 04:00:00+00:00,15.294,15.403,14.9765,15.39,281086.6
2023-11-24 08:00:00+00:00,15.39,15.804,15.368,15.46,647307.1
2023-11-24 12:00:00+00:00,15.46,16.0165,15.205,16.0155,617846.4
2023-11-24 16:00:00+00:00,16.0155,16.351,15.5425,15.611,788160.0
2023-11-24 20:00:00+00:00,15.611,15.8435,15.437,15.6045,323175.9
2023-11-25 00:00:00+00:00,15.6045,16.3055,15.4705,16.1665,528649.8
2023-11-25 04:00:00+00:00,16.1665,16.189,15.958,16.0605,231698.9
2023-11-25 08:00:00+00:00,16.0605,16.694,15.9715,16.399,795163.2
2023-11-25 12:00:00+00:00,16.399,16.81,16.2645,16.761,726422.0
2023-11-25 16:00:00+00:00,16.761,16.8145,16.5675,16.785,419184.3
2023-11-25 20:00:00+00:00,16.785,17.4395,16.7845,17.1245,1059840.7
2023-11-26 00:00:00+00:00,17.1245,17.31,16.8615,17.0155,461798.1
2023-11-26 04:00:00+00:00,17.0155,17.0385,16.7075,16.7705,260107.4
2023-11-26 08:00:00+00:00,16.7705,16.88,16.601,16.655,266971.5
2023-11-26 12:00:00+00:00,16.655,17.041,16.376,16.482,781819.6
2023-11-26 16:00:00+00:00,16.482,16.8145,16.1615,16.685,671328.8
2023-11-26 20:00:00+00:00,16.685,17.244,16.5475,17.0825,665994.4
2023-11-27 00:00:00+00:00,17.0825,17.306,16.7405,17.0525,651892.6
2023-11-27 04:00:00+00:00,17.0525,17.426,16.6135,16.78,688795.8
2023-11-27 08:00:00+00:00,16.78,17.1325,16.4,16.6585,739802.3
2023-11-27 12:00:00+00:00,16.6585,17.6,16.5815,16.7215,1467162.1
2023-11-27 16:00:00+00:00,16.7215,16.87,16.1495,16.327,987708.0
2023-11-27 20:00:00+00:00,16.327,16.702,15.9445,16.6905,635336.6
2023-11-28 00:00:00+00:00,16.6905,17.1055,16.3215,16.4585,595871.0
2023-11-28 04:00:00+00:00,16.4585,16.5545,15.6165,16.0075,963598.2
2023-11-28 08:00:00+00:00,16.0075,16.366,15.7075,16.3275,564158.2
2023-11-28 12:00:00+00:00,16.3275,16.6325,16.085,16.6215,666087.9
2023-11-28 16:00:00+00:00,16.6215,17.09,16.4805,17.0145,738980.2
2023-11-28 20:00:00+00:00,17.0145,17.143,16.5305,16.592,639837.6
2023-11-29 00:00:00+00:00,16.592,16.672,16.4605,16.5905,253141.0
2023-11-29 04:00:00+00:00,16.5905,17.281,16.4695,17.0985,672595.1
2023-11-29 08:00:00+00:00,17.0985,17.5265,16.745,16.942,767185.8
2023-11-29 12:00:00+00:00,16.942,17.0935,16.325,16.566,683173.3
2023-11-29 16:00:00+00:00,16.566,17.1165,16.4525,17.0585,510396.2
2023-11-29 20:00:00+00:00,17.0585,17.1015,16.641,16.7505,365524.6
2023-11-30 00:00:00+00:00,16.7505,17.7225,16.6085,17.6515,526265.9
2023-11-30 04:00:00+00:00,17.6515,17.994,17.4635,17.956,1031956.6
2023-11-30 08:00:00+00:00,17.956,18.2665,17.666,18.152,1455300.8
2023-11-30 12:00:00+00:00,18.152,18.45,17.652,17.983,1336577.5
2023-11-30 16:00:00+00:00,17.983,18.27,17.814,17.898,683898.5
2023-11-30 20:00:00+00:00,17.898,18.536,17.855,18.441,973255.9
2023-12-01 00:00:00+00:00,18.441,18.574,17.887,18.264,1107749.5
2023-12-01 04:00:00+00:00,18.264,18.3265,17.939,18.0815,566735.0
2023-12-01 08:00:00+00:00,18.0815,18.905,18.0815,18.497,996003.7
2023-12-01 12:00:00+00:00,18.497,18.6095,18.0465,18.2755,791826.6
2023-12-01 16:00:00+00:00,18.2755,18.6535,18.175,18.256,452898.1
2023-12-01 20:00:00+00:00,18.256,18.274,17.722,17.978,372507.8
2023-12-02 00:00:00+00:00,17.978,18.242,17.764,18.1,276281.1
2023-12-02 04:00:00+00:00,18.1,18.4675,17.9585,18.2885,460019.2
2023-12-02 08:00:00+00:00,18.2885,18.3655,17.996,18.088,386701.1
2023-12-02 12:00:00+00:00,18.088,18.3595,17.851,18.025,391320.2
2023-12-02 16:00:00+00:00,18.025,18.377,17.848,18.3085,875409.2
2023-12-02 20:00:00+00:00,18.3085,18.4405,17.501,17.795,673207.8
2023-12-03 00:00:00+00:00,17.795,18.213,17.7665,17.838,480455.7
2023-12-03 04:00:00+00:00,17.838,17.947,17.53,17.8375,325089.1
2023-12-03 08:00:00+00:00,17.8375,18.085,17.726,17.838,399656.9
2023-12-03 12:00:00+00:00,17.838,17.8565,17.3765,17.7305,557616.0
2023-12-03 16:00:00+00:00,17.7305,17.7945,17.526,17.7025,239430.4
2023-12-03 20:00:00+00:00,17.7025,18.0235,17.3305,17.4575,640516.3
2023-12-04 00:00:00+00:00,17.4575,17.835,17.2,17.436,555758.2
2023-12-04 04:00:00+00:00,17.436,18.439,17.425,17.6725,1402065.5
2023-12-04 08:00:00+00:00,17.6725,18.0305,14.7265,16.5535,2717325.1
2023-12-04 12:00:00+00:00,16.5535,16.8135,16.064,16.505,1241487.8
2023-12-04 16:00:00+00:00,16.505,16.65,16.368,16.5815,433410.5
2023-12-04 20:00:00+00:00,16.5815,16.8825,16.3785,16.8715,677524.5
2023-12-05 00:00:00+00:00,16.8715,17.1405,16.5005,16.6115,433491.9
2023-12-05 04:00:00+00:00,16.6115,16.8115,16.1315,16.371,479358.1
2023-12-05 08:00:00+00:00,16.371,16.4485,15.929,16.0925,462105.1
2023-12-05 12:00:00+00:00,16.0925,16.228,15.825,16.179,487938.0
2023-12-05 16:00:00+00:00,16.179,17.2395,16.008,16.691,1117774.3
2023-12-05 20:00:00+00:00,16.691,17.214,16.5185,17.1935,490819.5
2023-12-06 00:00:00+00:00,17.1935,17.5465,16.7615,16.94,562544.4
2023-12-06 04:00:00+00:00,16.94,17.674,16.5455,17.658,585997.9
2023-12-06 08:00:00+00:00,17.658,17.85,17.1265,17.754,1383394.0
2023-12-06 12:00:00+00:00,17.754,17.891,17.2185,17.506,873247.2
2023-12-06 16:00:00+00:00,17.506,17.903,17.407,17.5625,453534.1
2023-12-06 20:00:00+00:00,17.5625,17.644,16.91,16.998,523569.2
2023-12-07 00:00:00+00:00,16.998,17.25,16.912,17.081,187144.8
2023-12-07 04:00:00+00:00,17.081,17.5045,17.047,17.194,245466.9
2023-12-07 08:00:00+00:00,17.194,17.309,16.63,16.944,558714.2
2023-12-07 12:00:00+00:00,16.944,17.531,16.905,17.428,600084.2
2023-12-07 16:00:00+00:00,17.428,18.739,17.4105,17.816,1784068.2
2023-12-07 20:00:00+00:00,17.816,18.452,17.7365,18.2865,537992.8
2023-12-08 00:00:00+00:00,18.2865,18.8555,18.21,18.83,436127.3
2023-12-08 04:00:00+00:00,18.83,19.218,18.3675,18.4885,925789.6
2023-12-08 08:00:00+00:00,18.4885,19.738,18.251,19.4885,1432372.4
2023-12-08 12:00:00+00:00,19.4885,19.855,18.9305,19.0695,1242563.0
2023-12-08 16:00:00+00:00,19.0695,19.888,18.9965,19.469,942758.5
2023-12-08 20:00:00+00:00,19.469,20.606,19.213,19.2895,1190493.7
2023-12-09 00:00:00+00:00,19.2895,19.618,19.059,19.327,501733.9
2023-12-09 04:00:00+00:00,19.327,19.459,18.6365,19.2405,564395.4
2023-12-09 08:00:00+00:00,19.2405,19.6315,18.5615,19.504,1060045.0
2023-12-09 12:00:00+00:00,19.504,19.876,18.9025,19.6905,773922.8
2023-12-09 16:00:00+00:00,19.6905,19.853,18.9595,19.098,477032.9
2023-12-09 20:00:00+00:00,19.098,19.1495,18.3035,18.6395,615586.1
2023-12-10 00:00:00+00:00,18.6395,19.2195,18.6395,19.115,354650.7
2023-12-10 04:00:00+00:00,19.115,19.1905,18.71,18.9135,168700.5
2023-12-10 08:00:00+00:00,18.9135,18.95,18.512,18.599,374340.6
2023-12-10 12:00:00+00:00,18.599,19.3705,18.5395,19.3325,486849.8
2023-12-10 16:00:00+00:00,19.3325,20.3235,19.251,19.9455,1263145.4
2023-12-10 20:00:00+00:00,19.9455,21.4625,19.936,21.3025,1774738.9
2023-12-11 00:00:00+00:00,21.3025,23.34,18.017,22.5445,3388991.7
2023-12-11 04:00:00+00:00,22.5445,23.2,21.61,21.836,1697152.7
2023-12-11 08:00:00+00:00,21.836,23.329,20.7405,22.9195,1952286.2
2023-12-11 12:00:00+00:00,22.9195,23.961,22.248,22.8585,3619597.3
2023-12-11 16:00:00+00:00,22.8585,23.7,22.457,23.2925,3397823.8
2023-12-11 20:00:00+00:00,23.2925,24.6945,23.05,24.0175,1980443.4
2023-12-12 00:00:00+00:00,24.0175,27.749,23.964,26.506,2959407.5
2023-12-12 04:00:00+00:00,26.506,27.0925,25.6495,26.166,1368331.2
2023-12-12 08:00:00+00:00,26.166,26.867,25.3875,26.535,1287484.0
2023-12-12 12:00:00+00:00,26.535,27.1345,25.679,26.366,1616119.6
2023-12-12 16:00:00+00:00,26.366,28.57,25.005,27.302,2743561.6
2023-12-12 20:00:00+00:00,27.302,27.4205,25.513,25.655,1444519.6
2023-12-13 00:00:00+00:00,25.655,26.2595,24.6975,25.3615,1174505.7
2023-12-13 04:00:00+00:00,25.3615,25.475,23.886,24.2985,1252283.1
2023-12-13 08:00:00+00:00,24.2985,24.7655,24.196,24.4805,711200.7
2023-12-13 12:00:00+00:00,24.4805,26.438,24.357,25.682,1711494.4
2023-12-13 16:00:00+00:00,25.682,28.4325,25.501,28.195,1621294.7
2023-12-13 20:00:00+00:00,28.195,29.773,27.948,29.293,1675936.7
2023-12-14 00:00:00+00:00,29.293,32.0,29.2395,31.023,1795175.4
2023-12-14 04:00:00+00:00,31.023,32.2675,30.767,31.655,1058355.9
2023-12-14 08:00:00+00:00,31.655,32.2295,30.5,31.2285,1236538.0
2023-12-14 12:00:00+00:00,31.2285,32.861,29.31,31.1565,2023910.6
2023-12-14 16:00:00+00:00,31.1565,33.792,30.574,30.753,1765402.6
2023-12-14 20:00:00+00:00,30.753,31.3155,30.2055,30.464,689821.9
2023-12-15 00:00:00+00:00,30.464,31.9,30.4035,31.833,625446.3
2023-12-15 04:00:00+00:00,31.833,32.2645,30.306,30.433,690416.3
2023-12-15 08:00:00+00:00,30.433,30.931,29.854,30.5335,699605.1
2023-12-15 12:00:00+00:00,30.5335,33.754,30.1745,33.7245,1416603.8
2023-12-15 16:00:00+00:00,33.7245,34.788,32.573,33.6715,1088772.3
2023-12-15 20:00:00+00:00,33.6715,33.7365,29.51,29.774,855328.8
2023-12-16 00:00:00+00:00,29.774,30.758,28.8255,30.7315,912602.1
2023-12-16 04:00:00+00:00,30.7315,31.0925,30.0155,30.902,407354.1
2023-12-16 08:00:00+00:00,30.902,31.5755,30.4375,30.768,542459.3
2023-12-16 12:00:00+00:00,30.768,31.9835,30.412,31.6675,619650.8
2023-12-16 16:00:00+00:00,31.6675,32.9975,29.013,29.115,1483134.7
2023-12-16 20:00:00+00:00,29.115,30.2935,29.0195,29.6195,577979.2
2023-12-17 00:00:00+00:00,29.6195,29.9765,29.1445,29.4205,275897.3
2023-12-17 04:00:00+00:00,29.4205,29.64,28.444,28.5295,456542.9
2023-12-17 08:00:00+00:00,28.5295,30.45,28.2835,30.304,685756.5
2023-12-17 12:00:00+00:00,30.304,30.6,29.6115,30.5675,599327.4
2023-12-17 16:00:00+00:00,30.5675,30.88,29.731,29.8945,468682.4
2023-12-17 20:00:00+00:00,29.8945,31.0,29.522,30.6445,562486.0
2023-12-18 00:00:00+00:00,30.6445,32.795,30.0955,30.957,1543085.5
2023-12-18 04:00:00+00:00,30.957,31.6415,30.4055,30.642,678668.5
2023-12-18 08:00:00+00:00,30.642,31.3945,29.05,31.383,1204451.0
2023-12-18 12:00:00+00:00,31.383,33.5755,30.4015,32.856,1316761.6
2023-12-18 16:00:00+00:00,32.856,33.8755,32.1905,32.714,1061356.3
2023-12-18 20:00:00+00:00,32.714,37.83,32.3305,36.9145,1912072.4
2023-12-19 00:00:00+00:00,36.9145,37.98,36.326,37.7895,1094843.6
2023-12-19 04:00:00+00:00,37.7895,39.78,36.9815,39.566,1143325.3
2023-12-19 08:00:00+00:00,39.566,39.99,38.2025,39.2165,1137351.9
2023-12-19 12:00:00+00:00,39.2165,39.6675,36.615,37.539,1599277.3
2023-12-19 16:00:00+00:00,37.539,38.1915,36.0005,37.37,1207099.5
2023-12-19 20:00:00+00:00,37.37,37.4195,36.1545,36.436,560865.9
2023-12-20 00:00:00+00:00,36.436,38.703,36.4285,38.4635,784149.2
2023-12-20 04:00:00+00:00,38.4635,41.999,38.1165,41.736,1596689.7
2023-12-20 08:00:00+00:00,41.736,43.48,41.467,42.431,1340939.3
2023-12-20 12:00:00+00:00,42.431,43.53,40.52,40.801,1335050.4
2023-12-20 16:00:00+00:00,40.801,41.6085,40.305,41.1265,877785.2
2023-12-20 20:00:00+00:00,41.1265,42.653,40.0475,42.534,799154.7
2023-12-21 00:00:00+00:00,42.534,43.166,37.92,38.9745,1223574.0
2023-12-21 04:00:00+00:00,38.9745,40.58,38.5235,39.963,568943.5
2023-12-21 08:00:00+00:00,39.963,41.066,38.7085,39.924,671616.2
2023-12-21 12:00:00+00:00,39.924,40.355,38.808,39.1545,590140.6
2023-12-21 16:00:00+00:00,39.1545,42.189,38.3105,42.092,1038514.8
2023-12-21 20:00:00+00:00,42.092,42.9245,40.1635,40.3965,737466.4
2023-12-22 00:00:00+00:00,40.3965,42.6255,39.3,39.996,745669.6
2023-12-22 04:00:00+00:00,39.996,40.539,38.7875,39.8625,678812.3
2023-12-22 08:00:00+00:00,39.8625,39.938,38.5,39.052,461201.9
2023-12-22 12:00:00+00:00,39.052,39.063,37.356,38.8015,548848.7
2023-12-22 16:00:00+00:00,38.8015,38.987,37.7285,37.9035,509637.1
2023-12-22 20:00:00+00:00,37.9035,38.697,37.5765,38.6475,348174.6
2023-12-23 00:00:00+00:00,38.6475,39.401,37.045,39.272,724662.4
2023-12-23 04:00:00+00:00,39.272,41.0045,38.4595,39.989,679493.3
2023-12-23 08:00:00+00:00,39.989,40.8915,39.761,39.882,394761.9
2023-12-23 12:00:00+00:00,39.882,40.0045,38.326,38.5615,555911.1
2023-12-23 16:00:00+00:00,38.5615,40.28,38.0,39.7135,716461.0
2023-12-23 20:00:00+00:00,39.7135,42.98,39.684,42.234,1229893.3
2023-12-24 00:00:00+00:00,42.234,44.2165,41.5255,43.004,1211108.1
2023-12-24 04:00:00+00:00,43.004,44.997,41.6335,42.551,994966.5
2023-12-24 08:00:00+00:00,42.551,42.565,41.0,41.905,419636.6
2023-12-24 12:00:00+00:00,41.905,42.442,41.3165,42.1435,395248.8
2023-12-24 16:00:00+00:00,42.1435,43.9675,41.7805,42.228,548364.2
2023-12-24 20:00:00+00:00,42.228,42.3205,40.01,40.657,816933.2
2023-12-25 00:00:00+00:00,40.657,40.82,39.69,40.374,300407.3
2023-12-25 04:00:00+00:00,40.374,41.4275,40.1855,40.898,240087.2
2023-12-25 08:00:00+00:00,40.898,41.796,40.242,40.8025,437306.3
2023-12-25 12:00:00+00:00,40.8025,43.703,40.6005,43.0465,771864.7
2023-12-25 16:00:00+00:00,43.0465,43.8305,41.557,42.194,812183.7
2023-12-25 20:00:00+00:00,42.194,43.7845,41.227,43.395,548570.5
2023-12-26 00:00:00+00:00,43.395,43.5215,41.5215,41.906,413751.0
2023-12-26 04:00:00+00:00,41.906,42.5935,40.0,40.527,653493.2
2023-12-26 08:00:00+00:00,40.527,40.9975,39.622,40.317,430727.3
2023-12-26 12:00:00+00:00,40.317,40.8425,39.2205,39.418,510426.7
2023-12-26 16:00:00+00:00,39.418,39.559,35.037,38.213,1289300.5
2023-12-26 20:00:00+00:00,38.213,39.0025,37.9565,38.8655,309495.7
2023-12-27 00:00:00+00:00,38.8655,39.076,36.25,36.999,440972.6
2023-12-27 04:00:00+00:00,36.999,37.9095,36.88,36.995,281546.5
2023-12-27 08:00:00+00:00,36.995,38.78,36.926,38.4115,278413.8
2023-12-27 12:00:00+00:00,38.4115,39.6305,38.0815,39.0275,594420.7
2023-12-27 16:00:00+00:00,39.0275,39.8,38.134,39.1715,521078.3
2023-12-27 20:00:00+00:00,39.1715,39.561,38.5155,39.278,249274.2
2023-12-28 00:00:00+00:00,39.278,40.12,37.75,38.106,446193.6
2023-12-28 04:00:00+00:00,38.106,38.456,37.5045,38.294,240339.0
2023-12-28 08:00:00+00:00,38.294,38.435,37.0165,37.1275,271717.7
2023-12-28 12:00:00+00:00,37.1275,37.209,34.4985,35.5105,910174.1
2023-12-28 16:00:00+00:00,35.5105,35.7645,35.0155,35.664,327342.6
2023-12-28 20:00:00+00:00,35.664,35.8565,34.861,35.579,261139.5
2023-12-29 00:00:00+00:00,35.579,36.639,34.5145,36.3345,464876.5
2023-12-29 04:00:00+00:00,36.3345,36.9675,35.6855,35.912,243614.9
2023-12-29 08:00:00+00:00,35.912,38.071,35.8855,37.3545,487407.0
2023-12-29 12:00:00+00:00,37.3545,37.5475,35.2325,35.8285,564242.5
2023-12-29 16:00:00+00:00,35.8285,36.25,35.02,35.9265,533466.3
2023-12-29 20:00:00+00:00,35.9265,36.01,34.875,35.824,222660.8
2023-12-30 00:00:00+00:00,35.824,37.0135,35.4205,35.653,368394.7
2023-12-30 04:00:00+00:00,35.653,36.4365,35.075,35.157,144857.8
2023-12-30 08:00:00+00:00,35.157,36.4585,34.0525,36.2725,473485.8
2023-12-30 12:00:00+00:00,36.2725,36.871,35.5395,36.4885,390034.1
2023-12-30 16:00:00+00:00,36.4885,37.049,35.6905,35.79,411602.2
2023-12-30 20:00:00+00:00,35.79,38.008,35.5835,37.326,736786.4
2023-12-31 00:00:00+00:00,37.326,37.9385,36.8,37.709,337001.6
2023-12-31 04:00:00+00:00,37.709,38.862,37.422,38.6745,437192.3
2023-12-31 08:00:00+00:00,38.6745,38.8285,37.7525,38.3125,307365.2
2023-12-31 12:00:00+00:00,38.3125,38.6235,36.941,37.1575,341778.8
2023-12-31 16:00:00+00:00,37.1575,37.725,37.13,37.6195,156064.4
2023-12-31 20:00:00+00:00,37.6195,37.7245,35.0605,35.798,512957.7
2024-01-01 00:00:00+00:00,35.798,36.419,35.3465,35.5695,187734.4
2024-01-01 04:00:00+00:00,35.5695,35.9485,35.1755,35.7955,127060.9
2024-01-01 08:00:00+00:00,35.7955,36.452,35.5215,36.4015,93664.7
2024-01-01 12:00:00+00:00,36.4015,39.179,36.206,38.8595,572924.3
2024-01-01 16:00:00+00:00,38.8595,39.3295,38.227,39.15,497368.9
2024-01-01 20:00:00+00:00,39.15,40.0635,38.8,39.796,435695.7
2024-01-02 00:00:00+00:00,39.796,40.0,38.553,38.737,465246.1
2024-01-02 04:00:00+00:00,38.737,39.679,38.5295,38.913,272452.1
2024-01-02 08:00:00+00:00,38.913,41.2075,38.7805,39.677,659701.0
2024-01-02 12:00:00+00:00,39.677,40.153,37.545,37.9975,820235.0
2024-01-02 16:00:00+00:00,37.9975,38.7445,37.144,37.341,349407.4
2024-01-02 20:00:00+00:00,37.341,37.797,36.813,37.129,323453.5
2024-01-03 00:00:00+00:00,37.129,37.6405,36.24,36.8895,320217.2
2024-01-03 04:00:00+00:00,36.8895,37.8835,36.751,36.9615,196722.3
2024-01-03 08:00:00+00:00,36.9615,37.64,35.4,36.038,461138.3
2024-01-03 12:00:00+00:00,36.038,36.093,26.626,34.4885,2605675.4
2024-01-03 16:00:00+00:00,34.4885,34.6605,32.922,33.7075,487562.0
2024-01-03 20:00:00+00:00,33.7075,34.7725,33.609,34.2175,308904.4
2024-01-04 00:00:00+00:00,34.2175,35.0975,33.6155,34.952,243386.5
2024-01-04 04:00:00+00:00,34.952,36.75,34.915,35.6075,448736.9
2024-01-04 08:00:00+00:00,35.6075,37.047,35.324,36.555,369275.1
2024-01-04 12:00:00+00:00,36.555,40.784,36.2475,40.441,1076719.4
2024-01-04 16:00:00+00:00,40.441,40.7995,38.455,38.8685,766831.5
2024-01-04 20:00:00+00:00,38.8685,39.6495,38.0165,38.465,542284.8
2024-01-05 00:00:00+00:00,38.465,38.8865,36.32,36.742,636162.8
2024-01-05 04:00:00+00:00,36.742,37.7365,36.21,37.0085,312779.2
2024-01-05 08:00:00+00:00,37.0085,39.757,36.9715,38.0495,960042.2
2024-01-05 12:00:00+00:00,38.0495,38.7395,36.321,36.7405,603500.2
2024-01-05 16:00:00+00:00,36.7405,37.0135,35.097,36.4595,531259.8
2024-01-05 20:00:00+00:00,36.4595,39.368,36.1615,38.551,575494.7
2024-01-06 00:00:00+00:00,38.551,38.73,36.3885,36.4245,361018.1
2024-01-06 04:00:00+00:00,36.4245,36.87,35.002,36.182,446527.6
2024-01-06 08:00:00+00:00,36.182,38.608,35.6375,37.412,606585.3
2024-01-06 12:00:00+00:00,37.412,39.481,37.175,37.383,843275.0
2024-01-06 16:00:00+00:00,37.383,39.199,37.173,37.947,520820.8
2024-01-06 20:00:00+00:00,37.947,40.5,37.6705,40.0475,759503.2
2024-01-07 00:00:00+00:00,40.0475,40.877,38.185,38.647,467527.2
2024-01-07 04:00:00+00:00,38.647,39.0115,37.4465,37.5865,346512.4
2024-01-07 08:00:00+00:00,37.5865,38.55,37.2415,37.772,416920.9
2024-01-07 12:00:00+00:00,37.772,37.9655,36.7045,37.436,411223.4
2024-01-07 16:00:00+00:00,37.436,37.6105,36.543,37.146,248280.4
2024-01-07 20:00:00+00:00,37.146,37.215,35.8,36.48,404003.0
2024-01-08 00:00:00+00:00,36.48,37.294,33.33,35.1515,835944.4
2024-01-08 04:00:00+00:00,35.1515,38.867,34.8515,38.207,636380.8
2024-01-08 08:00:00+00:00,38.207,40.1085,37.7295,39.0915,653504.9
2024-01-08 12:00:00+00:00,39.0915,42.379,38.865,41.305,1344626.7
2024-01-08 16:00:00+00:00,41.305,42.683,41.071,42.212,905310.6
2024-01-08 20:00:00+00:00,42.212,43.296,41.3425,42.2935,677159.5
2024-01-09 00:00:00+00:00,42.2935,43.484,41.37,42.877,496268.4
2024-01-09 04:00:00+00:00,42.877,45.335,42.5125,43.9795,874857.3
2024-01-09 08:00:00+00:00,43.9795,44.6785,41.973,42.395,667183.3
2024-01-09 12:00:00+00:00,42.395,43.442,40.58,42.0445,864404.7
2024-01-09 16:00:00+00:00,42.0445,42.413,40.8775,41.3475,371490.0
2024-01-09 20:00:00+00:00,41.3475,42.049,39.574,39.868,1092336.4
2024-01-10 00:00:00+00:00,39.868,40.262,38.505,39.829,589582.6
2024-01-10 04:00:00+00:00,39.829,40.1465,38.7015,38.886,364207.1
2024-01-10 08:00:00+00:00,38.886,39.402,37.6825,38.0835,570161.7
2024-01-10 12:00:00+00:00,38.0835,38.362,36.8795,37.7865,971698.4
2024-01-10 16:00:00+00:00,37.7865,40.606,37.65,39.665,940048.3
2024-01-10 20:00:00+00:00,39.665,42.796,38.161,41.063,1705412.6
2024-01-11 00:00:00+00:00,41.063,41.192,38.91,39.873,511519.2
2024-01-11 04:00:00+00:00,39.873,40.6505,38.65,39.688,469566.8
2024-01-11 08:00:00+00:00,39.688,42.319,39.4405,41.5775,652694.9
2024-01-11 12:00:00+00:00,41.5775,42.042,38.2575,39.3215,1583945.0
2024-01-11 16:00:00+00:00,39.3215,39.774,38.2635,39.513,705818.3
2024-01-11 20:00:00+00:00,39.513,39.9895,37.25,38.591,532014.2
2024-01-12 00:00:00+00:00,38.591,38.8105,37.601,37.801,304185.8
2024-01-12 04:00:00+00:00,37.801,39.7635,37.778,38.8685,440850.4
2024-01-12 08:00:00+00:00,38.8685,39.082,38.099,38.587,294904.1
2024-01-12 12:00:00+00:00,38.587,39.219,37.0455,37.617,532648.5
2024-01-12 16:00:00+00:00,37.617,38.168,36.53,38.038,590130.3
2024-01-12 20:00:00+00:00,38.038,38.546,35.05,36.768,660715.8
2024-01-13 00:00:00+00:00,36.768,37.0215,34.496,35.895,745375.2
2024-01-13 04:00:00+00:00,35.895,37.5845,35.712,37.3905,285256.9
2024-01-13 08:00:00+00:00,37.3905,37.9725,36.6655,36.923,273420.1
2024-01-13 12:00:00+00:00,36.923,37.325,36.3235,37.1505,218982.6
2024-01-13 16:00:00+00:00,37.1505,37.863,36.64,37.7225,244985.0
2024-01-13 20:00:00+00:00,37.7225,39.6135,37.3845,38.944,618643.2
2024-01-14 00:00:00+00:00,38.944,39.6605,38.7795,39.062,451655.0
2024-01-14 04:00:00+00:00,39.062,39.12,37.5255,38.043,602517.0
2024-01-14 08:00:00+00:00,38.043,38.233,37.623,37.889,218663.5
2024-01-14 12:00:00+00:00,37.889,39.624,37.6555,39.132,459610.2
2024-01-14 16:00:00+00:00,39.132,39.5355,37.739,37.8425,518383.1
2024-01-14 20:00:00+00:00,37.8425,38.4915,36.6915,36.938,543503.0
2024-01-15 00:00:00+00:00,36.938,37.82,36.6835,37.5955,290537.0
2024-01-15 04:00:00+00:00,37.5955,39.266,37.543,39.0935,496210.3
2024-01-15 08:00:00+00:00,39.0935,40.1785,38.867,39.6785,544144.3
2024-01-15 12:00:00+00:00,39.6785,40.3395,38.238,38.648,659167.8
2024-01-15 16:00:00+00:00,38.648,40.356,38.3315,39.748,543989.0
2024-01-15 20:00:00+00:00,39.748,41.4755,39.606,41.091,643729.9
2024-01-16 00:00:00+00:00,41.091,42.0,40.747,40.965,502128.2
2024-01-16 04:00:00+00:00,40.965,41.3435,40.1365,40.982,497563.3
2024-01-16 08:00:00+00:00,40.982,41.6155,40.601,41.585,375068.4
2024-01-16 12:00:00+00:00,41.585,41.9315,39.5085,41.0495,598929.0
2024-01-16 16:00:00+00:00,41.0495,41.244,39.7,40.242,367913.4
2024-01-16 20:00:00+00:00,40.242,42.0,40.0745,40.85,480583.1
2024-01-17 00:00:00+00:00,40.85,41.043,40.197,40.755,206604.2
2024-01-17 04:00:00+00:00,40.755,40.7805,39.575,39.722,308877.4
2024-01-17 08:00:00+00:00,39.722,41.3455,39.5415,41.314,421321.0
2024-01-17 12:00:00+00:00,41.314,41.403,39.704,39.814,542147.5
2024-01-17 16:00:00+00:00,39.814,40.141,38.7405,39.281,431580.5
2024-01-17 20:00:00+00:00,39.281,39.7975,38.5,39.218,322047.6
2024-01-18 00:00:00+00:00,39.218,39.2805,38.137,38.366,231071.8
2024-01-18 04:00:00+00:00,38.366,39.167,38.2225,38.958,266738.6
2024-01-18 08:00:00+00:00,38.958,38.974,37.926,38.4935,266724.8
2024-01-18 12:00:00+00:00,38.4935,38.497,37.351,37.834,452646.9
2024-01-18 16:00:00+00:00,37.834,37.8525,35.4255,35.8045,741366.3
2024-01-18 20:00:00+00:00,35.8045,36.4535,35.5655,35.9935,273753.7
2024-01-19 00:00:00+00:00,35.9935,36.195,35.0,35.6545,273073.3
2024-01-19 04:00:00+00:00,35.6545,36.9585,35.572,36.3495,230633.8
2024-01-19 08:00:00+00:00,36.3495,36.933,36.253,36.715,208969.8
2024-01-19 12:00:00+00:00,36.715,37.447,35.4275,35.4765,502748.3
2024-01-19 16:00:00+00:00,35.4765,37.2205,33.687,36.395,1113584.7
2024-01-19 20:00:00+00:00,36.395,36.6985,35.9105,36.1885,206853.4
2024-01-20 00:00:00+00:00,36.1885,36.395,35.5365,35.8495,152385.2
2024-01-20 04:00:00+00:00,35.8495,36.276,35.6035,35.8055,120492.7
2024-01-20 08:00:00+00:00,35.8055,35.937,35.0765,35.4295,164419.3
2024-01-20 12:00:00+00:00,35.4295,35.575,35.0245,35.222,127821.0
2024-01-20 16:00:00+00:00,35.222,35.339,34.746,35.101,206474.8
2024-01-20 20:00:00+00:00,35.101,36.465,34.9825,35.4445,377077.1
2024-01-21 00:00:00+00:00,35.4445,36.8045,34.71,36.491,418944.1
2024-01-21 04:00:00+00:00,36.491,36.7475,35.9195,36.245,214554.1
2024-01-21 08:00:00+00:00,36.245,36.535,36.0005,36.041,210176.2
2024-01-21 12:00:00+00:00,36.041,37.4,35.9855,36.404,541475.6
2024-01-21 16:00:00+00:00,36.404,37.1215,35.95,36.831,363483.3
2024-01-21 20:00:00+00:00,36.831,36.895,35.8375,35.974,207752.4
2024-01-22 00:00:00+00:00,35.974,36.428,34.372,35.062,696826.2
2024-01-22 04:00:00+00:00,35.062,35.072,34.3075,34.473,205323.0
2024-01-22 08:00:00+00:00,34.473,34.473,33.4215,33.906,425832.8
2024-01-22 12:00:00+00:00,33.906,34.765,33.2105,34.01,415085.1
2024-01-22 16:00:00+00:00,34.01,34.6425,33.3005,34.3305,457623.7
2024-01-22 20:00:00+00:00,34.3305,35.78,33.7075,33.8995,632103.3
2024-01-23 00:00:00+00:00,33.8995,35.159,33.268,34.555,387229.2
2024-01-23 04:00:00+00:00,34.555,35.0645,33.2205,33.3805,395915.9
2024-01-23 08:00:00+00:00,33.3805,33.746,30.555,31.0685,1132611.3
2024-01-23 12:00:00+00:00,31.0685,32.171,30.2835,31.983,700170.3
2024-01-23 16:00:00+00:00,31.983,32.277,31.208,31.493,553801.3
2024-01-23 20:00:00+00:00,31.493,32.9805,31.139,32.949,344824.7
2024-01-24 00:00:00+00:00,32.949,33.4645,32.133,32.1745,237060.5
2024-01-24 04:00:00+00:00,32.1745,33.6665,32.01,33.455,236610.5
2024-01-24 08:00:00+00:00,33.455,34.396,33.138,33.4655,536126.1
2024-01-24 12:00:00+00:00,33.4655,33.9795,32.727,33.2335,422418.6
2024-01-24 16:00:00+00:00,33.2335,33.6865,32.58,32.8445,246092.9
2024-01-24 20:00:00+00:00,32.8445,33.183,32.2325,33.046,209531.7
2024-01-25 00:00:00+00:00,33.046,33.1375,32.0005,32.1685,150204.6
2024-01-25 04:00:00+00:00,32.1685,32.3125,31.4345,31.8855,256966.1
2024-01-25 08:00:00+00:00,31.8855,32.3935,31.374,32.214,310450.4
2024-01-25 12:00:00+00:00,32.214,32.348,30.864,31.052,316212.7
2024-01-25 16:00:00+00:00,31.052,32.179,30.7345,31.96,315167.8
2024-01-25 20:00:00+00:00,31.96,32.2,31.671,31.7915,97492.0
2024-01-26 00:00:00+00:00,31.7915,32.015,31.1025,31.8695,188955.8
2024-01-26 04:00:00+00:00,31.8695,32.1505,31.464,31.7925,145058.6
2024-01-26 08:00:00+00:00,31.7925,33.679,31.773,33.4615,311114.8
2024-01-26 12:00:00+00:00,33.4615,34.094,32.699,33.8875,390112.5
2024-01-26 16:00:00+00:00,33.8875,34.564,33.8575,34.1045,321221.6
2024-01-26 20:00:00+00:00,34.1045,34.298,33.602,33.7215,143203.4
2024-01-27 00:00:00+00:00,33.7215,34.3495,33.6035,34.067,126300.9
2024-01-27 04:00:00+00:00,34.067,34.788,33.6735,34.3265,246198.2
2024-01-27 08:00:00+00:00,34.3265,34.8985,33.893,34.8755,191489.5
2024-01-27 12:00:00+00:00,34.8755,35.67,34.6265,35.1855,295132.9
2024-01-27 16:00:00+00:00,35.1855,35.446,34.5805,35.236,201054.0
2024-01-27 20:00:00+00:00,35.236,35.3465,34.7795,35.0585,147326.9
2024-01-28 00:00:00+00:00,35.0585,36.4675,34.966,36.3655,220323.9
2024-01-28 04:00:00+00:00,36.3655,37.4,35.6845,35.738,565654.9
2024-01-28 08:00:00+00:00,35.738,38.666,35.564,37.8665,804726.7
2024-01-28 12:00:00+00:00,37.8665,38.1995,37.181,37.5835,518772.9
2024-01-28 16:00:00+00:00,37.5835,37.904,36.0445,36.1895,421320.6
2024-01-28 20:00:00+00:00,36.1895,36.729,35.75,36.428,343254.1
2024-01-29 00:00:00+00:00,36.428,38.392,36.171,37.8185,388146.5
2024-01-29 04:00:00+00:00,37.8185,38.28,36.6535,36.6905,298433.8
2024-01-29 08:00:00+00:00,36.6905,37.6795,36.1375,37.0095,476886.7
2024-01-29 12:00:00+00:00,37.0095,38.785,36.5615,38.7105,698271.5
2024-01-29 16:00:00+00:00,38.7105,39.826,38.014,38.4095,1390498.4
2024-01-29 20:00:00+00:00,38.4095,38.7705,37.2105,37.45,672235.8
2024-01-30 00:00:00+00:00,37.45,38.3195,36.507,36.5745,630487.3
2024-01-30 04:00:00+00:00,36.5745,37.1785,36.3,36.8125,476589.1
2024-01-30 08:00:00+00:00,36.8125,37.5435,36.5005,37.5,456502.9
2024-01-30 12:00:00+00:00,37.5,37.507,35.85,36.474,991245.5
2024-01-30 16:00:00+00:00,36.474,37.279,36.2115,37.096,520363.9
2024-01-30 20:00:00+00:00,37.096,37.2495,35.2535,35.4895,541102.5
2024-01-31 00:00:00+00:00,35.4895,35.6435,34.5515,35.158,627043.2
2024-01-31 04:00:00+00:00,35.158,36.117,34.847,35.9365,448436.8
2024-01-31 08:00:00+00:00,35.9365,36.0565,34.344,34.8395,545069.7
2024-01-31 12:00:00+00:00,34.8395,35.0,33.806,34.584,481086.9
2024-01-31 16:00:00+00:00,34.584,34.9855,34.319,34.805,329708.1
2024-01-31 20:00:00+00:00,34.805,34.947,33.217,33.881,577218.5
2024-02-01 00:00:00+00:00,33.881,34.19,33.102,33.4345,271729.5
2024-02-01 04:00:00+00:00,33.4345,34.158,33.386,34.015,206885.2
2024-02-01 08:00:00+00:00,34.015,34.318,33.0765,33.5545,448362.0
2024-02-01 12:00:00+00:00,33.5545,34.6915,33.4405,33.8615,484367.4
2024-02-01 16:00:00+00:00,33.8615,34.194,33.281,34.003,417787.8
2024-02-01 20:00:00+00:00,34.003,34.366,33.6295,33.8785,161245.7
2024-02-02 00:00:00+00:00,33.8785,34.5325,33.674,33.757,244041.7
2024-02-02 04:00:00+00:00,33.757,34.4145,33.515,34.3415,168504.7
2024-02-02 08:00:00+00:00,34.3415,34.939,33.85,34.533,570746.6
2024-02-02 12:00:00+00:00,34.533,35.29,33.8835,35.213,635551.5
2024-02-02 16:00:00+00:00,35.213,35.5255,34.224,34.631,377840.2
2024-02-02 20:00:00+00:00,34.631,34.7855,34.2575,34.65,138200.7
2024-02-03 00:00:00+00:00,34.65,35.061,34.0675,34.2195,192049.3
2024-02-03 04:00:00+00:00,34.2195,34.4475,33.1435,33.3465,348179.8
2024-02-03 08:00:00+00:00,33.3465,33.6665,33.2635,33.338,243017.7
2024-02-03 12:00:00+00:00,33.338,33.47,32.5,32.872,419641.1
2024-02-03 16:00:00+00:00,32.872,33.6325,32.8495,33.159,326994.3
2024-02-03 20:00:00+00:00,33.159,33.287,32.94,33.0605,129905.3
2024-02-04 00:00:00+00:00,33.0605,33.4095,32.7575,33.231,109619.6
2024-02-04 04:00:00+00:00,33.231,33.231,32.573,32.8795,188627.0
2024-02-04 08:00:00+00:00,32.8795,33.35,32.598,33.178,208600.0
2024-02-04 12:00:00+00:00,33.178,33.4905,33.05,33.113,239524.0
2024-02-04 16:00:00+00:00,33.113,33.45,32.8795,33.07,206180.5
2024-02-04 20:00:00+00:00,33.07,33.3185,32.164,32.3785,299142.2
2024-02-05 00:00:00+00:00,32.3785,33.173,31.8085,33.021,258176.4
2024-02-05 04:00:00+00:00,33.021,33.2795,32.707,33.133,186159.2
2024-02-05 08:00:00+00:00,33.133,33.4295,32.7845,33.315,201110.6
2024-02-05 12:00:00+00:00,33.315,33.6,32.184,32.25,277527.7
2024-02-05 16:00:00+00:00,32.25,32.6685,31.959,31.9945,349946.1
2024-02-05 20:00:00+00:00,31.9945,32.0415,31.4,31.9965,318375.4
2024-02-06 00:00:00+00:00,31.9965,32.663,31.89,32.2755,290081.4
2024-02-06 04:00:00+00:00,32.2755,32.445,31.991,32.2935,107927.0
2024-02-06 08:00:00+00:00,32.2935,32.44,31.193,31.3865,466768.9
2024-02-06 12:00:00+00:00,31.3865,31.7,31.0,31.5695,349578.0
2024-02-06 16:00:00+00:00,31.5695,31.729,31.1325,31.7015,271128.2
2024-02-06 20:00:00+00:00,31.7015,31.9445,31.161,31.2185,209547.0
2024-02-07 00:00:00+00:00,31.2185,31.7485,31.1625,31.4525,158225.3
2024-02-07 04:00:00+00:00,31.4525,32.2235,31.275,31.813,268875.0
2024-02-07 08:00:00+00:00,31.813,32.5595,31.716,32.2775,393864.0
2024-02-07 12:00:00+00:00,32.2775,32.534,31.874,32.002,440496.3
2024-02-07 16:00:00+00:00,32.002,32.7105,31.8895,32.3675,443328.8
2024-02-07 20:00:00+00:00,32.3675,33.512,32.362,32.973,406706.9
2024-02-08 00:00:00+00:00,32.973,33.6375,32.876,33.4485,264769.7
2024-02-08 04:00:00+00:00,33.4485,33.5415,33.102,33.1435,180891.6
2024-02-08 08:00:00+00:00,33.1435,33.867,33.0705,33.377,390180.1
2024-02-08 12:00:00+00:00,33.377,34.2375,33.2305,33.96,449853.7
2024-02-08 16:00:00+00:00,33.96,34.0665,32.4145,32.76,707165.0
2024-02-08 20:00:00+00:00,32.76,33.148,32.632,32.772,175876.1
2024-02-09 00:00:00+00:00,32.772,34.2195,32.767,34.0195,349572.3
2024-02-09 04:00:00+00:00,34.0195,34.8585,33.547,34.834,347185.4
2024-02-09 08:00:00+00:00,34.834,35.5235,34.357,35.3275,845271.5
2024-02-09 12:00:00+00:00,35.3275,35.6655,34.4305,35.3835,1041953.7
2024-02-09 16:00:00+00:00,35.3835,35.5365,34.625,34.9855,478909.8
2024-02-09 20:00:00+00:00,34.9855,35.666,34.777,34.9145,459076.8
2024-02-10 00:00:00+00:00,34.9145,36.2,34.9095,35.7545,398184.5
2024-02-10 04:00:00+00:00,35.7545,35.9,35.176,35.198,260259.0
2024-02-10 08:00:00+00:00,35.198,35.4825,34.218,34.8775,437260.2
2024-02-10 12:00:00+00:00,34.8775,34.9535,33.575,34.7485,620853.4
2024-02-10 16:00:00+00:00,34.7485,34.991,34.466,34.8415,226359.5
2024-02-10 20:00:00+00:00,34.8415,35.4795,34.674,35.006,371161.3
2024-02-11 00:00:00+00:00,35.006,35.4755,34.7285,35.378,170602.5
2024-02-11 04:00:00+00:00,35.378,36.075,34.881,35.899,427902.1
2024-02-11 08:00:00+00:00,35.899,36.694,35.536,35.961,635081.7
2024-02-11 12:00:00+00:00,35.961,36.0495,35.21,35.396,394971.3
2024-02-11 16:00:00+00:00,35.396,35.647,35.21,35.352,189063.5
2024-02-11 20:00:00+00:00,35.352,35.4875,34.8015,35.1915,388143.9
2024-02-12 00:00:00+00:00,35.1915,35.807,34.3,35.0455,363217.4
2024-02-12 04:00:00+00:00,35.0455,35.171,34.1,34.563,363643.2
2024-02-12 08:00:00+00:00,34.563,34.854,34.031,34.378,297737.1
2024-02-12 12:00:00+00:00,34.378,35.542,34.218,35.487,524523.1
2024-02-12 16:00:00+00:00,35.487,36.777,34.9105,36.1395,1215240.2
2024-02-12 20:00:00+00:00,36.1395,37.29,36.1395,36.802,838049.6
2024-02-13 00:00:00+00:00,36.802,37.289,35.67,35.8165,529412.1
2024-02-13 04:00:00+00:00,35.8165,36.7125,35.8165,36.6705,364696.1
2024-02-13 08:00:00+00:00,36.6705,37.135,35.908,36.4305,625068.4
2024-02-13 12:00:00+00:00,36.4305,36.6315,34.5,34.9955,1370114.2
2024-02-13 16:00:00+00:00,34.9955,35.2895,34.4705,34.944,657044.0
2024-02-13 20:00:00+00:00,34.944,35.387,34.5275,34.728,429151.2
2024-02-14 00:00:00+00:00,34.728,34.902,34.179,34.697,339448.8
2024-02-14 04:00:00+00:00,34.697,35.143,34.414,35.092,276068.4
2024-02-14 08:00:00+00:00,35.092,36.2305,34.928,36.1045,876129.4
2024-02-14 12:00:00+00:00,36.1045,36.1285,34.489,35.089,1345054.5
2024-02-14 16:00:00+00:00,35.089,35.4395,34.666,35.259,475151.1
2024-02-14 20:00:00+00:00,35.259,35.487,34.9705,35.467,337545.6
2024-02-15 00:00:00+00:00,35.467,36.249,34.612,35.11,790816.4
2024-02-15 04:00:00+00:00,35.11,35.142,34.104,34.6815,516560.5
2024-02-15 08:00:00+00:00,34.6815,35.4195,34.3715,34.886,592131.1
2024-02-15 12:00:00+00:00,34.886,35.14,32.256,33.755,1958376.1
2024-02-15 16:00:00+00:00,33.755,34.0995,33.2505,33.997,687287.0
2024-02-15 20:00:00+00:00,33.997,34.352,33.465,34.1905,739245.8
2024-02-16 00:00:00+00:00,34.1905,35.09,33.708,34.99,513400.3
2024-02-16 04:00:00+00:00,34.99,36.0,34.1485,34.5055,1687739.6
2024-02-16 08:00:00+00:00,34.5055,35.4035,33.753,35.221,988346.3
2024-02-16 12:00:00+00:00,35.221,35.9495,33.3,34.098,1619403.6
2024-02-16 16:00:00+00:00,34.098,34.74,33.4515,33.828,989705.8
2024-02-16 20:00:00+00:00,33.828,34.7815,33.7525,34.569,499640.6
2024-02-17 00:00:00+00:00,34.569,34.8,33.55,34.542,518670.0
2024-02-17 04:00:00+00:00,34.542,35.2075,34.1455,35.1005,500458.5
2024-02-17 08:00:00+00:00,35.1005,35.319,34.1825,35.007,757808.8
2024-02-17 12:00:00+00:00,35.007,36.0165,33.7655,34.326,1511952.6
2024-02-17 16:00:00+00:00,34.326,36.9,34.027,36.73,1461421.6
2024-02-17 20:00:00+00:00,36.73,38.04,36.084,37.8585,1391694.9
2024-02-18 00:00:00+00:00,37.8585,38.566,36.7595,37.2075,1032424.7
2024-02-18 04:00:00+00:00,37.2075,37.668,36.415,37.6385,664597.8
2024-02-18 08:00:00+00:00,37.6385,39.4205,37.4005,39.0505,1284394.9
2024-02-18 12:00:00+00:00,39.0505,39.546,38.613,39.3585,975063.7
2024-02-18 16:00:00+00:00,39.3585,39.55,38.507,38.879,1007196.7
2024-02-18 20:00:00+00:00,38.879,39.8175,38.223,38.9615,865823.5
2024-02-19 00:00:00+00:00,38.9615,40.067,38.466,38.6695,569183.0
2024-02-19 04:00:00+00:00,38.6695,39.003,37.75,38.2645,908793.5
2024-02-19 08:00:00+00:00,38.2645,38.393,37.1875,38.3205,1137434.6
2024-02-19 12:00:00+00:00,38.3205,38.321,37.037,37.3895,1147134.3
2024-02-19 16:00:00+00:00,37.3895,37.7945,36.725,37.248,930071.9
2024-02-19 20:00:00+00:00,37.248,37.946,37.076,37.6495,604702.4
2024-02-20 00:00:00+00:00,37.6495,38.6165,36.03,38.27,1428056.6
2024-02-20 04:00:00+00:00,38.27,39.4285,37.95,38.0725,1039999.6
2024-02-20 08:00:00+00:00,38.0725,38.141,36.8735,38.0215,1073448.9
2024-02-20 12:00:00+00:00,38.0215,38.7095,33.921,35.6305,2932863.6
2024-02-20 16:00:00+00:00,35.6305,36.3635,34.607,36.214,1190759.2
2024-02-20 20:00:00+00:00,36.214,37.2575,35.9505,36.5115,806369.8
2024-02-21 00:00:00+00:00,36.5115,36.659,35.7425,36.0455,542503.8
2024-02-21 04:00:00+00:00,36.0455,36.2,35.069,35.3435,680116.4
2024-02-21 08:00:00+00:00,35.3435,35.6765,34.3405,34.664,693044.1
2024-02-21 12:00:00+00:00,34.664,35.546,34.0685,34.7565,953473.0
2024-02-21 16:00:00+00:00,34.7565,35.055,33.547,34.152,777470.7
2024-02-21 20:00:00+00:00,34.152,35.2395,33.886,35.1215,528305.1
2024-02-22 00:00:00+00:00,35.1215,35.1605,33.6675,34.1645,510981.3
2024-02-22 04:00:00+00:00,34.1645,34.8965,33.905,34.792,428195.2
2024-02-22 08:00:00+00:00,34.792,35.466,34.5415,35.1275,813680.3
2024-02-22 12:00:00+00:00,35.1275,35.5705,34.1395,35.5365,757478.6
2024-02-22 16:00:00+00:00,35.5365,35.57,34.7125,34.9125,621072.8
2024-02-22 20:00:00+00:00,34.9125,35.4755,34.0235,34.1725,639875.9
2024-02-23 00:00:00+00:00,34.1725,34.7815,33.187,33.6055,596130.4
2024-02-23 04:00:00+00:00,33.6055,34.866,33.3945,33.9745,569254.7
2024-02-23 08:00:00+00:00,33.9745,34.3735,33.5005,34.332,434658.3
2024-02-23 12:00:00+00:00,34.332,34.3435,32.3665,32.6835,1118146.9
2024-02-23 16:00:00+00:00,32.6835,33.5945,32.003,33.4875,851550.3
2024-02-23 20:00:00+00:00,33.4875,33.6775,32.5155,32.977,312866.3
2024-02-24 00:00:00+00:00,32.977,33.409,32.5715,33.4,219358.4
2024-02-24 04:00:00+00:00,33.4,34.033,33.28,34.021,243803.1
2024-02-24 08:00:00+00:00,34.021,34.505,33.7665,34.3785,534460.7
2024-02-24 12:00:00+00:00,34.3785,34.5875,34.1615,34.2545,300067.6
2024-02-24 16:00:00+00:00,34.2545,34.992,34.235,34.8485,605603.8
2024-02-24 20:00:00+00:00,34.8485,34.9285,34.5155,34.6865,185365.6
2024-02-25 00:00:00+00:00,34.6865,34.8705,34.029,34.3995,257523.1
2024-02-25 04:00:00+00:00,34.3995,34.4315,34.029,34.1,149232.8
2024-02-25 08:00:00+00:00,34.1,34.225,33.62,34.133,262352.2
2024-02-25 12:00:00+00:00,34.133,34.8415,33.81,34.5245,515766.3
2024-02-25 16:00:00+00:00,34.5245,35.554,34.4055,35.502,440542.2
2024-02-25 20:00:00+00:00,35.502,36.0,35.2035,35.873,777172.9
2024-02-26 00:00:00+00:00,35.873,36.06,35.1605,35.515,258623.5
2024-02-26 04:00:00+00:00,35.515,35.997,35.1065,35.629,277861.8
2024-02-26 08:00:00+00:00,35.629,36.4235,34.8295,36.0675,1085714.5
2024-02-26 12:00:00+00:00,36.0675,37.1,35.4595,37.0655,1494272.5
2024-02-26 16:00:00+00:00,37.0655,37.609,36.54,37.0935,971158.7
2024-02-26 20:00:00+00:00,37.0935,37.234,36.425,36.719,382051.3
2024-02-27 00:00:00+00:00,36.719,37.4215,36.322,36.4385,465340.1
2024-02-27 04:00:00+00:00,36.4385,36.7625,35.916,36.2455,515977.5
2024-02-27 08:00:00+00:00,36.2455,38.8665,36.2085,38.5145,954585.1
2024-02-27 12:00:00+00:00,38.5145,38.856,37.029,37.3695,1115302.3
2024-02-27 16:00:00+00:00,37.3695,39.65,36.774,39.2115,1414637.2
2024-02-27 20:00:00+00:00,39.2115,40.6635,38.84,40.0255,1231769.2
2024-02-28 00:00:00+00:00,40.0255,42.235,39.735,40.6715,1222549.0
2024-02-28 04:00:00+00:00,40.6715,41.1825,39.722,41.064,797523.2
2024-02-28 08:00:00+00:00,41.064,41.7965,38.5,39.4775,2080570.6
2024-02-28 12:00:00+00:00,39.4775,40.535,38.8185,39.2625,1317473.7
2024-02-28 16:00:00+00:00,39.2625,42.0,34.0,38.888,5179299.0
2024-02-28 20:00:00+00:00,38.888,44.1195,38.211,43.3495,2475170.4
2024-02-29 00:00:00+00:00,43.3495,45.1845,42.2,42.3225,1621849.8
2024-02-29 04:00:00+00:00,42.3225,42.748,41.509,42.5875,963180.0
2024-02-29 08:00:00+00:00,42.5875,46.0,42.3825,43.086,2800304.4
2024-02-29 12:00:00+00:00,43.086,44.882,42.6445,44.243,1568057.1
2024-02-29 16:00:00+00:00,44.243,44.549,42.0535,42.649,1673220.4
2024-02-29 20:00:00+00:00,42.649,43.086,39.8465,40.9515,1378274.6
2024-03-01 00:00:00+00:00,40.9515,42.218,40.829,41.1845,739055.9
2024-03-01 04:00:00+00:00,41.1845,41.895,40.62,41.572,527718.4
2024-03-01 08:00:00+00:00,41.572,43.456,41.482,42.5705,773581.5
2024-03-01 12:00:00+00:00,42.5705,43.668,42.0815,43.64,942075.4
2024-03-01 16:00:00+00:00,43.64,45.16,43.2575,45.1205,1157694.2
2024-03-01 20:00:00+00:00,45.1205,45.9,44.0015,45.247,1084318.3
2024-03-02 00:00:00+00:00,45.247,46.6245,43.4625,44.2255,908579.9
2024-03-02 04:00:00+00:00,44.2255,44.3935,43.3805,44.056,495181.6
2024-03-02 08:00:00+00:00,44.056,44.0715,42.1905,42.5265,989317.7
2024-03-02 12:00:00+00:00,42.5265,43.4215,42.4,42.568,492429.8
2024-03-02 16:00:00+00:00,42.568,43.3495,42.1905,43.3175,407064.3
2024-03-02 20:00:00+00:00,43.3175,43.3935,42.351,42.8375,260000.8
2024-03-03 00:00:00+00:00,42.8375,43.114,41.5175,42.114,528880.7
2024-03-03 04:00:00+00:00,42.114,42.3805,37.83,40.5735,1119075.6
2024-03-03 08:00:00+00:00,40.5735,41.332,39.971,41.0225,562204.0
2024-03-03 12:00:00+00:00,41.0225,41.6425,40.506,40.553,442628.4
2024-03-03 16:00:00+00:00,40.553,41.55,40.3,40.953,495996.6
2024-03-03 20:00:00+00:00,40.953,41.4535,40.6775,40.7525,346699.1
2024-03-04 00:00:00+00:00,40.7525,41.999,39.6325,40.032,896484.5
2024-03-04 04:00:00+00:00,40.032,40.416,39.587,40.314,329023.7
2024-03-04 08:00:00+00:00,40.314,41.0595,39.1555,39.908,942477.2
2024-03-04 12:00:00+00:00,39.908,40.4015,38.8035,38.9925,1019796.0
2024-03-04 16:00:00+00:00,38.9925,41.0885,38.6,40.989,1263271.6
2024-03-04 20:00:00+00:00,40.989,42.3125,40.4805,40.6885,1380633.4
2024-03-05 00:00:00+00:00,40.6885,41.027,39.64,40.221,803934.6
2024-03-05 04:00:00+00:00,40.221,42.8845,39.8605,41.1145,1529158.8
2024-03-05 08:00:00+00:00,41.1145,42.405,40.89,42.3385,521658.3
2024-03-05 12:00:00+00:00,42.3385,42.74,40.7985,42.1785,1044121.5
2024-03-05 16:00:00+00:00,42.1785,42.62,30.25,35.087,3410938.6
2024-03-05 20:00:00+00:00,35.087,38.0,32.81,37.7465,2465990.9
2024-03-06 00:00:00+00:00,37.7465,37.908,35.87,36.437,477004.0
2024-03-06 04:00:00+00:00,36.437,39.6235,36.4085,39.4065,579084.4
2024-03-06 08:00:00+00:00,39.4065,39.73,38.12,38.7225,512836.8
2024-03-06 12:00:00+00:00,38.7225,38.795,36.5085,38.293,1031247.2
2024-03-06 16:00:00+00:00,38.293,39.432,38.095,38.8975,487343.2
2024-03-06 20:00:00+00:00,38.8975,39.5115,38.6145,38.931,356130.2
2024-03-07 00:00:00+00:00,38.931,41.1995,38.871,40.867,707700.0
2024-03-07 04:00:00+00:00,40.867,41.937,39.832,41.7685,684286.7
2024-03-07 08:00:00+00:00,41.7685,44.404,41.301,43.563,870048.0
2024-03-07 12:00:00+00:00,43.563,45.1005,42.5135,43.3735,1319966.0
2024-03-07 16:00:00+00:00,43.3735,44.082,42.707,43.413,655165.3
2024-03-07 20:00:00+00:00,43.413,45.1005,42.665,42.9215,764875.2
2024-03-08 00:00:00+00:00,42.9215,44.6355,42.9165,43.1485,548751.0
2024-03-08 04:00:00+00:00,43.1485,43.4515,42.7555,42.874,333318.3
2024-03-08 08:00:00+00:00,42.874,43.314,41.8855,42.42,505387.8
2024-03-08 12:00:00+00:00,42.42,43.36,38.8,41.866,1421543.7
2024-03-08 16:00:00+00:00,41.866,42.373,40.961,41.5525,707449.9
2024-03-08 20:00:00+00:00,41.5525,41.934,41.0765,41.523,239662.1
2024-03-09 00:00:00+00:00,41.523,41.971,41.149,41.793,197817.4
2024-03-09 04:00:00+00:00,41.793,42.7685,41.235,42.485,347998.2
2024-03-09 08:00:00+00:00,42.485,42.8075,41.2415,41.7085,333401.8
2024-03-09 12:00:00+00:00,41.7085,42.1175,41.278,41.9375,309995.6
2024-03-09 16:00:00+00:00,41.9375,42.1175,40.521,40.706,530651.1
2024-03-09 20:00:00+00:00,40.706,41.094,40.5695,40.9685,240209.9
2024-03-10 00:00:00+00:00,40.9685,41.315,40.351,40.8145,247114.4
2024-03-10 04:00:00+00:00,40.8145,41.2825,40.591,41.214,233117.8
2024-03-10 08:00:00+00:00,41.214,41.436,40.1175,40.609,404896.3
2024-03-10 12:00:00+00:00,40.609,40.7,39.2165,39.738,564791.5
2024-03-10 16:00:00+00:00,39.738,40.3465,39.5675,40.118,238319.6
2024-03-10 20:00:00+00:00,40.118,40.1945,38.824,40.1735,280286.0
2024-03-11 00:00:00+00:00,40.1735,40.6,37.8475,39.6685,507267.5
2024-03-11 04:00:00+00:00,39.6685,40.5465,39.0755,40.4905,305419.2
2024-03-11 08:00:00+00:00,40.4905,41.813,40.239,40.6365,746331.9
2024-03-11 12:00:00+00:00,40.6365,41.864,40.056,41.537,689678.5
2024-03-11 16:00:00+00:00,41.537,44.0365,40.5675,42.3025,1341385.4
2024-03-11 20:00:00+00:00,42.3025,42.94,42.145,42.6705,343734.2
2024-03-12 00:00:00+00:00,42.6705,43.6785,42.322,42.5365,417331.9
2024-03-12 04:00:00+00:00,42.5365,43.718,41.705,43.1855,546826.2
2024-03-12 08:00:00+00:00,43.1855,44.9435,41.3075,44.0425,1320651.3
2024-03-12 12:00:00+00:00,44.0425,49.995,43.26,49.099,3810590.2
2024-03-12 16:00:00+00:00,49.099,52.2875,46.022,51.265,3010483.5
2024-03-12 20:00:00+00:00,51.265,52.199,49.797,51.9465,884938.7
2024-03-13 00:00:00+00:00,51.9465,52.958,49.509,50.0945,1086276.5
2024-03-13 04:00:00+00:00,50.0945,50.143,48.66,48.986,634917.6
2024-03-13 08:00:00+00:00,48.986,49.503,48.227,49.194,737186.1
2024-03-13 12:00:00+00:00,49.194,51.2905,48.594,49.064,1426047.8
2024-03-13 16:00:00+00:00,49.064,49.4015,48.0725,48.845,601487.3
2024-03-13 20:00:00+00:00,48.845,49.251,47.6565,48.436,502117.6
2024-03-14 00:00:00+00:00,48.436,49.564,48.002,48.6435,399896.1
2024-03-14 04:00:00+00:00,48.6435,49.07,47.1845,48.2775,690386.8
2024-03-14 08:00:00+00:00,48.2775,51.0455,47.9245,50.7025,1047326.7
2024-03-14 12:00:00+00:00,50.7025,53.6925,47.7305,48.956,2483286.1
2024-03-14 16:00:00+00:00,48.956,49.953,45.605,46.813,1479506.8
2024-03-14 20:00:00+00:00,46.813,48.9075,46.7055,47.9815,777928.4
2024-03-15 00:00:00+00:00,47.9815,48.6,43.1435,45.471,1147911.8
2024-03-15 04:00:00+00:00,45.471,45.597,43.52,44.3645,711573.9
2024-03-15 08:00:00+00:00,44.3645,44.3955,40.066,43.137,1652235.2
2024-03-15 12:00:00+00:00,43.137,44.3855,42.551,43.591,940982.4
2024-03-15 16:00:00+00:00,43.591,45.434,42.8205,43.5825,784172.4
2024-03-15 20:00:00+00:00,43.5825,44.6115,42.2445,44.538,641177.8
2024-03-16 00:00:00+00:00,44.538,45.2995,44.046,44.926,446198.1
2024-03-16 04:00:00+00:00,44.926,46.5865,43.665,46.051,496353.5
2024-03-16 08:00:00+00:00,46.051,49.11,45.626,47.2785,990862.6
2024-03-16 12:00:00+00:00,47.2785,47.375,43.6795,45.2935,1084758.6
2024-03-16 16:00:00+00:00,45.2935,45.301,40.5175,41.106,1273648.3
2024-03-16 20:00:00+00:00,41.106,41.8935,39.9055,40.7685,778471.3
2024-03-17 00:00:00+00:00,40.7685,42.1835,40.0055,42.0395,563778.4
2024-03-17 04:00:00+00:00,42.0395,42.1415,39.23,40.663,597226.5
2024-03-17 08:00:00+00:00,40.663,42.7835,40.257,42.22,590622.8
2024-03-17 12:00:00+00:00,42.22,43.4375,41.348,42.967,535254.0
2024-03-17 16:00:00+00:00,42.967,43.1445,42.376,42.968,286789.3
2024-03-17 20:00:00+00:00,42.968,43.5355,42.388,42.892,286048.2
2024-03-18 00:00:00+00:00,42.892,42.892,41.4,42.1095,362393.5
2024-03-18 04:00:00+00:00,42.1095,42.73,41.6475,42.024,191020.9
2024-03-18 08:00:00+00:00,42.024,42.549,40.6555,42.0005,544624.7
2024-03-18 12:00:00+00:00,42.0005,42.484,38.1,39.647,1174315.5
2024-03-18 16:00:00+00:00,39.647,40.0565,37.871,38.472,1076932.6
2024-03-18 20:00:00+00:00,38.472,39.191,38.112,38.468,425769.8
2024-03-19 00:00:00+00:00,38.468,39.1385,36.3,37.164,720149.2
2024-03-19 04:00:00+00:00,37.164,37.3475,34.735,36.576,831720.8
2024-03-19 08:00:00+00:00,36.576,36.585,34.1495,35.8675,976160.1
2024-03-19 12:00:00+00:00,35.8675,37.2975,35.52,37.1335,628025.4
2024-03-19 16:00:00+00:00,37.1335,37.4995,36.3455,37.0965,598220.5
2024-03-19 20:00:00+00:00,37.0965,37.2005,35.006,35.914,487672.5
2024-03-20 00:00:00+00:00,35.914,36.793,35.5325,35.6025,276684.4
2024-03-20 04:00:00+00:00,35.6025,37.2695,34.3035,37.139,531756.1
2024-03-20 08:00:00+00:00,37.139,37.279,36.3185,36.848,290345.0
2024-03-20 12:00:00+00:00,36.848,37.5235,35.282,35.383,711219.6
2024-03-20 16:00:00+00:00,35.383,38.3345,34.0175,38.1385,784963.2
2024-03-20 20:00:00+00:00,38.1385,39.4475,37.9645,39.162,529408.3
2024-03-21 00:00:00+00:00,39.162,39.6885,38.612,38.838,251302.2
2024-03-21 04:00:00+00:00,38.838,39.164,37.825,38.352,342612.2
2024-03-21 08:00:00+00:00,38.352,38.894,38.24,38.412,198414.8
2024-03-21 12:00:00+00:00,38.412,38.7555,37.466,37.8785,313126.0
2024-03-21 16:00:00+00:00,37.8785,38.8045,36.806,37.36,422682.2
2024-03-21 20:00:00+00:00,37.36,38.0025,36.9345,37.1465,228009.7
2024-03-22 00:00:00+00:00,37.1465,37.476,36.3125,37.355,223498.9
2024-03-22 04:00:00+00:00,37.355,37.797,36.942,37.0125,263021.8
2024-03-22 08:00:00+00:00,37.0125,37.1665,35.6445,35.8025,350495.5
2024-03-22 12:00:00+00:00,35.8025,36.2595,35.0485,35.64,533543.3
2024-03-22 16:00:00+00:00,35.64,35.656,34.627,35.1715,394859.8
2024-03-22 20:00:00+00:00,35.1715,35.3085,34.3455,35.295,237820.9
2024-03-23 00:00:00+00:00,35.295,35.8045,34.7415,35.1075,176761.7
2024-03-23 04:00:00+00:00,35.1075,35.9685,35.045,35.7585,108509.6
2024-03-23 08:00:00+00:00,35.7585,35.957,35.386,35.727,120828.5
2024-03-23 12:00:00+00:00,35.727,36.3515,35.6265,36.0885,203269.5
2024-03-23 16:00:00+00:00,36.0885,36.245,35.667,35.7585,125514.0
2024-03-23 20:00:00+00:00,35.7585,35.843,34.905,35.027,157147.5
2024-03-24 00:00:00+00:00,35.027,35.5765,34.96,35.06,102655.6
2024-03-24 04:00:00+00:00,35.06,35.5135,34.91,35.384,75177.7
2024-03-24 08:00:00+00:00,35.384,35.894,35.3085,35.7935,102740.0
2024-03-24 12:00:00+00:00,35.7935,36.2515,35.704,35.9275,159491.7
2024-03-24 16:00:00+00:00,35.9275,36.185,35.095,36.077,216911.2
2024-03-24 20:00:00+00:00,36.077,36.7675,35.9615,36.555,284973.3
2024-03-25 00:00:00+00:00,36.555,36.617,35.9585,36.5595,129898.2
2024-03-25 04:00:00+00:00,36.5595,36.8825,36.278,36.3225,139090.0
2024-03-25 08:00:00+00:00,36.3225,38.3195,36.3005,36.9445,704795.2
2024-03-25 12:00:00+00:00,36.9445,38.263,36.504,38.1315,665410.0
2024-03-25 16:00:00+00:00,38.1315,38.45,37.7425,38.3095,516439.0
2024-03-25 20:00:00+00:00,38.3095,38.425,37.657,37.9155,333719.5
2024-03-26 00:00:00+00:00,37.9155,38.9975,37.8,38.9655,188453.7
2024-03-26 04:00:00+00:00,38.9655,41.4995,38.875,40.6535,739591.3
2024-03-26 08:00:00+00:00,40.6535,40.9485,40.139,40.591,345113.1
2024-03-26 12:00:00+00:00,40.591,40.8295,39.3,39.594,681276.6
2024-03-26 16:00:00+00:00,39.594,39.8725,38.239,38.766,519460.2
2024-03-26 20:00:00+00:00,38.766,39.4015,38.754,39.0875,246554.6
2024-03-27 00:00:00+00:00,39.0875,39.671,38.809,39.0925,201338.5
2024-03-27 04:00:00+00:00,39.0925,39.2095,38.1155,38.424,427812.9
2024-03-27 08:00:00+00:00,38.424,39.2915,38.031,39.042,365118.5
2024-03-27 12:00:00+00:00,39.042,39.7215,37.1385,37.7865,1129338.4
2024-03-27 16:00:00+00:00,37.7865,38.4285,37.3885,37.79,429396.5
2024-03-27 20:00:00+00:00,37.79,38.2685,37.7705,37.9585,132641.1
2024-03-28 00:00:00+00:00,37.9585,38.5,37.335,37.906,408007.5
2024-03-28 04:00:00+00:00,37.906,39.0095,37.8535,38.352,703796.1
2024-03-28 08:00:00+00:00,38.352,38.42,37.6035,37.741,227227.8
2024-03-28 12:00:00+00:00,37.741,38.052,37.177,37.8445,343093.2
2024-03-28 16:00:00+00:00,37.8445,38.414,37.702,38.3495,233663.3
2024-03-28 20:00:00+00:00,38.3495,38.6585,38.13,38.512,141562.1
2024-03-29 00:00:00+00:00,38.512,38.6955,37.7825,38.0975,210147.1
2024-03-29 04:00:00+00:00,38.0975,38.457,36.6525,36.813,479283.3
2024-03-29 08:00:00+00:00,36.813,37.4,36.785,37.3125,141809.6
2024-03-29 12:00:00+00:00,37.3125,37.5345,36.2115,36.455,384515.4
2024-03-29 16:00:00+00:00,36.455,36.9065,36.449,36.8945,202140.1
2024-03-29 20:00:00+00:00,36.8945,36.91,36.2895,36.7115,247732.0
2024-03-30 00:00:00+00:00,36.7115,36.9585,36.517,36.6135,191983.7
2024-03-30 04:00:00+00:00,36.6135,37.1675,36.4615,36.605,94319.0
2024-03-30 08:00:00+00:00,36.605,37.118,36.365,37.1115,145097.0
2024-03-30 12:00:00+00:00,37.1115,37.126,36.511,36.6545,99324.8
2024-03-30 16:00:00+00:00,36.6545,36.8345,36.2615,36.4495,125888.7
2024-03-30 20:00:00+00:00,36.4495,36.4905,35.708,35.849,192247.8
2024-03-31 00:00:00+00:00,35.849,36.643,35.7265,36.4185,111571.4
2024-03-31 04:00:00+00:00,36.4185,37.55,36.3785,37.4025,476374.8
2024-03-31 08:00:00+00:00,37.4025,37.7155,36.83,37.0125,228038.1
2024-03-31 12:00:00+00:00,37.0125,37.243,36.788,36.9535,144609.2
2024-03-31 16:00:00+00:00,36.9535,37.1405,36.5655,36.9275,129930.5
2024-03-31 20:00:00+00:00,36.9275,37.2095,36.4305,36.8525,221014.3
2024-04-01 00:00:00+00:00,36.8525,37.312,36.636,36.641,219197.8
2024-04-01 04:00:00+00:00,36.641,36.9865,32.885,34.9135,1648671.1
2024-04-01 08:00:00+00:00,34.9135,34.956,34.37,34.5755,290597.6
2024-04-01 12:00:00+00:00,34.5755,35.3125,33.6435,34.045,621693.0
2024-04-01 16:00:00+00:00,34.045,34.6165,33.6325,34.3965,329358.8
2024-04-01 20:00:00+00:00,34.3965,34.5045,34.2145,34.2525,117576.3
2024-04-02 00:00:00+00:00,34.2525,34.2525,31.857,32.881,843766.4
2024-04-02 04:00:00+00:00,32.881,33.0445,32.222,32.493,405489.5
2024-04-02 08:00:00+00:00,32.493,32.554,31.222,31.8895,554114.4
2024-04-02 12:00:00+00:00,31.8895,32.383,31.213,31.593,384857.4
2024-04-02 16:00:00+00:00,31.593,33.0765,31.461,32.856,511801.3
2024-04-02 20:00:00+00:00,32.856,33.155,32.5095,32.5985,211679.0
2024-04-03 00:00:00+00:00,32.5985,34.4615,31.5265,33.9305,1175158.5
2024-04-03 04:00:00+00:00,33.9305,34.562,33.846,34.226,426000.2
2024-04-03 08:00:00+00:00,34.226,34.647,33.73,33.909,348033.8
2024-04-03 12:00:00+00:00,33.909,34.277,33.351,33.643,338343.8
2024-04-03 16:00:00+00:00,33.643,34.819,33.478,33.717,411637.2
2024-04-03 20:00:00+00:00,33.717,33.742,32.837,32.925,306511.1
2024-04-04 00:00:00+00:00,32.925,33.553,32.154,32.376,381415.7
2024-04-04 04:00:00+00:00,32.376,32.95,31.953,32.743,352525.9
2024-04-04 08:00:00+00:00,32.743,33.707,32.588,33.661,407594.3
2024-04-04 12:00:00+00:00,33.661,34.042,33.343,33.806,350541.1
2024-04-04 16:00:00+00:00,33.806,34.225,33.477,33.535,285218.7
2024-04-04 20:00:00+00:00,33.535,33.567,32.259,32.812,454257.5
2024-04-05 00:00:00+00:00,32.812,33.113,31.863,32.507,360618.8
2024-04-05 04:00:00+00:00,32.507,32.507,31.319,31.753,221448.7
2024-04-05 08:00:00+00:00,31.753,32.064,31.0,31.007,470617.0
2024-04-05 12:00:00+00:00,31.007,32.644,30.724,32.634,853406.9
2024-04-05 16:00:00+00:00,32.634,34.133,32.304,34.071,402944.2
2024-04-05 20:00:00+00:00,34.071,34.896,33.909,34.292,394872.7
2024-04-06 00:00:00+00:00,34.292,34.666,33.98,34.061,225196.5
2024-04-06 04:00:00+00:00,34.061,34.991,33.656,34.575,366744.1
2024-04-06 08:00:00+00:00,34.575,35.519,34.557,35.414,487782.4
2024-04-06 12:00:00+00:00,35.414,35.831,34.754,35.319,457243.1
2024-04-06 16:00:00+00:00,35.319,35.632,34.441,34.744,531482.5
2024-04-06 20:00:00+00:00,34.744,35.06,34.542,34.846,187880.3
2024-04-07 00:00:00+00:00,34.846,35.186,34.73,35.077,155551.1
2024-04-07 04:00:00+00:00,35.077,36.253,34.783,35.164,579142.6
2024-04-07 08:00:00+00:00,35.164,36.019,35.153,35.626,246006.4
2024-04-07 12:00:00+00:00,35.626,36.311,35.496,35.578,337547.9
2024-04-07 16:00:00+00:00,35.578,35.96,35.101,35.247,236820.4
2024-04-07 20:00:00+00:00,35.247,35.566,34.816,35.309,272402.2
2024-04-08 00:00:00+00:00,35.309,35.401,34.528,34.842,256594.6
2024-04-08 04:00:00+00:00,34.842,35.917,34.641,35.684,303627.7
2024-04-08 08:00:00+00:00,35.684,36.546,35.615,36.028,350606.6
2024-04-08 12:00:00+00:00,36.028,36.29,35.423,35.744,291221.6
2024-04-08 16:00:00+00:00,35.744,35.908,35.429,35.517,194645.0
2024-04-08 20:00:00+00:00,35.517,35.963,35.348,35.706,101302.4
2024-04-09 00:00:00+00:00,35.706,35.964,35.2,35.377,170947.1
2024-04-09 04:00:00+00:00,35.377,35.935,34.587,34.763,424094.7
2024-04-09 08:00:00+00:00,34.763,34.767,34.139,34.555,286776.6
2024-04-09 12:00:00+00:00,34.555,34.586,33.0,33.346,654630.3
2024-04-09 16:00:00+00:00,33.346,33.634,33.085,33.52,263345.0
2024-04-09 20:00:00+00:00,33.52,33.679,32.947,33.185,205625.6
2024-04-10 00:00:00+00:00,33.185,33.406,32.253,32.955,560288.7
2024-04-10 04:00:00+00:00,32.955,33.148,32.767,32.897,284640.5
2024-04-10 08:00:00+00:00,32.897,32.99,32.457,32.824,181066.5
2024-04-10 12:00:00+00:00,32.824,32.964,31.553,32.485,917171.2
2024-04-10 16:00:00+00:00,32.485,33.3,32.364,33.168,316316.7
2024-04-10 20:00:00+00:00,33.168,33.42,32.862,33.274,189904.5
2024-04-11 00:00:00+00:00,33.274,33.284,32.954,33.16,85973.2
2024-04-11 04:00:00+00:00,33.16,33.444,32.937,33.139,228239.1
2024-04-11 08:00:00+00:00,33.139,33.535,31.967,32.302,349265.9
2024-04-11 12:00:00+00:00,32.302,32.834,31.906,32.208,577981.9
2024-04-11 16:00:00+00:00,32.208,32.406,31.589,32.162,394448.2
2024-04-11 20:00:00+00:00,32.162,32.359,31.598,31.974,239812.4
2024-04-12 00:00:00+00:00,31.974,32.521,31.966,32.362,109832.8
2024-04-12 04:00:00+00:00,32.362,32.473,31.732,31.794,204348.3
2024-04-12 08:00:00+00:00,31.794,32.071,31.676,31.716,170242.8
2024-04-12 12:00:00+00:00,31.716,31.812,30.58,31.126,1102938.3
2024-04-12 16:00:00+00:00,31.126,31.231,21.099,25.632,5394546.0
2024-04-12 20:00:00+00:00,25.632,27.06,25.502,26.74,1131549.4
2024-04-13 00:00:00+00:00,26.74,26.74,25.217,25.944,962339.3
2024-04-13 04:00:00+00:00,25.944,26.774,25.871,26.433,421668.6
2024-04-13 08:00:00+00:00,26.433,27.231,26.232,26.714,521422.1
2024-04-13 12:00:00+00:00,26.714,27.25,26.329,26.45,563000.7
2024-04-13 16:00:00+00:00,26.45,26.585,21.383,22.845,2773026.1
2024-04-13 20:00:00+00:00,22.845,23.638,18.03,23.243,4506690.1
2024-04-14 00:00:00+00:00,23.243,23.806,22.494,23.738,1666072.7
2024-04-14 04:00:00+00:00,23.738,26.078,23.36,25.867,839094.5
2024-04-14 08:00:00+00:00,25.867,25.924,24.503,24.531,738216.8
2024-04-14 12:00:00+00:00,24.531,25.027,24.137,24.7,608263.3
2024-04-14 16:00:00+00:00,24.7,25.625,23.71,25.013,1704218.0
2024-04-14 20:00:00+00:00,25.013,26.418,24.183,26.004,696730.4
2024-04-15 00:00:00+00:00,26.004,26.042,24.641,24.911,684328.5
2024-04-15 04:00:00+00:00,24.911,27.47,24.627,26.605,755328.8
2024-04-15 08:00:00+00:00,26.605,26.881,26.231,26.252,436779.7
2024-04-15 12:00:00+00:00,26.252,27.361,24.941,25.309,1766832.3
2024-04-15 16:00:00+00:00,25.309,25.498,23.444,24.141,1425269.5
2024-04-15 20:00:00+00:00,24.141,24.606,23.286,24.423,478131.0
2024-04-16 00:00:00+00:00,24.423,24.951,23.828,24.03,379004.0
2024-04-16 04:00:00+00:00,24.03,25.475,23.437,25.187,479505.6
2024-04-16 08:00:00+00:00,25.187,25.525,24.075,25.008,623659.3
2024-04-16 12:00:00+00:00,25.008,25.038,23.454,23.502,652712.5
2024-04-16 16:00:00+00:00,23.502,24.851,23.177,24.183,706033.7
2024-04-16 20:00:00+00:00,24.183,25.289,24.119,25.019,282534.6
2024-04-17 00:00:00+00:00,25.019,25.289,24.213,24.598,320686.0
2024-04-17 04:00:00+00:00,24.598,25.675,24.437,25.377,390707.1
2024-04-17 08:00:00+00:00,25.377,25.738,24.638,24.692,493678.7
2024-04-17 12:00:00+00:00,24.692,25.5,24.308,24.712,1136202.7
2024-04-17 16:00:00+00:00,24.712,28.236,24.301,27.682,1699599.2
2024-04-17 20:00:00+00:00,27.682,27.994,26.003,26.019,797705.2
2024-04-18 00:00:00+00:00,26.019,26.261,25.26,25.777,604620.2
2024-04-18 04:00:00+00:00,25.777,26.565,24.893,25.012,762140.8
2024-04-18 08:00:00+00:00,25.012,26.817,24.746,26.572,581383.4
2024-04-18 12:00:00+00:00,26.572,28.891,26.011,28.605,1046623.0
2024-04-18 16:00:00+00:00,28.605,28.812,27.165,28.194,701592.0
2024-04-18 20:00:00+00:00,28.194,28.428,27.53,27.619,327288.4
2024-04-19 00:00:00+00:00,27.619,27.625,24.958,26.675,1082949.0
2024-04-19 04:00:00+00:00,26.675,28.541,26.36,27.687,695682.6
2024-04-19 08:00:00+00:00,27.687,28.817,27.633,28.038,578570.5
2024-04-19 12:00:00+00:00,28.038,28.784,27.75,28.221,334000.5
2024-04-19 16:00:00+00:00,28.221,28.325,27.684,28.07,253457.3
2024-04-19 20:00:00+00:00,28.07,28.367,27.388,28.169,258688.0
2024-04-20 00:00:00+00:00,28.169,28.475,27.414,27.704,224427.1
2024-04-20 04:00:00+00:00,27.704,28.151,27.615,28.004,137487.5
2024-04-20 08:00:00+00:00,28.004,28.406,27.357,27.559,309550.6
2024-04-20 12:00:00+00:00,27.559,28.761,27.445,28.695,304467.8
2024-04-20 16:00:00+00:00,28.695,29.546,28.361,29.063,462892.2
2024-04-20 20:00:00+00:00,29.063,29.855,29.062,29.696,316361.5
2024-04-21 00:00:00+00:00,29.696,29.843,29.088,29.242,229915.5
2024-04-21 04:00:00+00:00,29.242,29.591,29.0,29.197,201398.2
2024-04-21 08:00:00+00:00,29.197,29.507,28.942,29.087,207125.7
2024-04-21 12:00:00+00:00,29.087,29.113,28.2,28.463,551508.2
2024-04-21 16:00:00+00:00,28.463,28.535,27.765,27.893,305784.0
2024-04-21 20:00:00+00:00,27.893,28.645,27.823,28.25,343365.4
2024-04-22 00:00:00+00:00,28.25,29.093,27.888,28.985,279079.4
2024-04-22 04:00:00+00:00,28.985,29.453,28.723,28.725,261423.4
2024-04-22 08:00:00+00:00,28.725,28.931,28.241,28.343,239613.0
2024-04-22 12:00:00+00:00,28.343,28.607,28.002,28.417,377463.1
2024-04-22 16:00:00+00:00,28.417,28.887,28.09,28.686,264487.9
2024-04-22 20:00:00+00:00,28.686,28.946,28.424,28.607,180053.1
2024-04-23 00:00:00+00:00,28.607,29.155,28.264,28.348,188216.8
2024-04-23 04:00:00+00:00,28.348,28.576,27.585,27.783,231096.1
2024-04-23 08:00:00+00:00,27.783,28.175,27.538,27.795,183980.7
2024-04-23 12:00:00+00:00,27.795,28.824,27.623,28.512,567845.8
2024-04-23 16:00:00+00:00,28.512,28.75,28.026,28.25,230605.5
2024-04-23 20:00:00+00:00,28.25,28.461,27.748,28.027,186432.0
2024-04-24 00:00:00+00:00,28.027,28.517,27.846,28.196,239159.4
2024-04-24 04:00:00+00:00,28.196,29.002,28.106,28.924,231122.6
2024-04-24 08:00:00+00:00,28.924,29.371,28.625,29.177,223658.9
2024-04-24 12:00:00+00:00,29.177,29.358,27.22,27.343,666685.7
2024-04-24 16:00:00+00:00,27.343,27.637,26.571,26.912,476571.8
2024-04-24 20:00:00+00:00,26.912,27.02,26.144,26.436,240691.8
2024-04-25 00:00:00+00:00,26.436,26.736,25.903,26.248,158490.4
2024-04-25 04:00:00+00:00,26.248,26.636,25.883,26.409,129394.6
2024-04-25 08:00:00+00:00,26.409,26.571,25.694,26.037,207345.7
2024-04-25 12:00:00+00:00,26.037,26.653,25.543,26.586,321206.9
2024-04-25 16:00:00+00:00,26.586,26.802,26.393,26.661,148766.3
2024-04-25 20:00:00+00:00,26.661,27.082,26.376,26.483,148173.5
2024-04-26 00:00:00+00:00,26.483,26.664,25.831,26.295,174356.0
2024-04-26 04:00:00+00:00,26.295,26.743,26.08,26.214,124206.7
2024-04-26 08:00:00+00:00,26.214,26.479,25.859,25.927,158838.2
2024-04-26 12:00:00+00:00,25.927,26.455,25.438,25.75,305525.8
2024-04-26 16:00:00+00:00,25.75,26.079,25.644,25.786,82302.1
2024-04-26 20:00:00+00:00,25.786,26.009,25.325,25.54,96930.5
2024-04-27 00:00:00+00:00,25.54,25.708,24.624,25.525,326503.4
2024-04-27 04:00:00+00:00,25.525,25.924,25.437,25.44,133020.8
2024-04-27 08:00:00+00:00,25.44,25.599,25.041,25.195,106135.8
2024-04-27 12:00:00+00:00,25.195,25.765,25.133,25.339,147614.3
2024-04-27 16:00:00+00:00,25.339,26.308,25.27,25.953,132911.4
2024-04-27 20:00:00+00:00,25.953,26.049,25.719,25.916,57030.8
2024-04-28 00:00:00+00:00,25.916,26.561,25.881,26.387,72716.6
2024-04-28 04:00:00+00:00,26.387,26.775,26.242,26.605,114550.4
2024-04-28 08:00:00+00:00,26.605,26.645,26.014,26.081,76221.6
2024-04-28 12:00:00+00:00,26.081,26.474,26.007,26.271,93774.0
2024-04-28 16:00:00+00:00,26.271,26.655,26.208,26.351,64297.1
2024-04-28 20:00:00+00:00,26.351,26.444,25.612,25.755,139328.2
2024-04-29 00:00:00+00:00,25.755,26.166,25.471,25.494,175608.5
2024-04-29 04:00:00+00:00,25.494,26.219,25.198,25.402,252929.1
2024-04-29 08:00:00+00:00,25.402,25.644,25.074,25.124,135870.3
2024-04-29 12:00:00+00:00,25.124,25.907,24.905,25.679,389177.5
2024-04-29 16:00:00+00:00,25.679,25.744,25.011,25.229,189033.8
2024-04-29 20:00:00+00:00,25.229,26.056,24.913,25.839,169560.5
2024-04-30 00:00:00+00:00,25.839,26.202,25.177,25.526,173105.5
2024-04-30 04:00:00+00:00,25.526,25.577,24.809,24.905,224518.7
2024-04-30 08:00:00+00:00,24.905,24.955,23.4,23.528,518357.3
2024-04-30 12:00:00+00:00,23.528,23.681,23.16,23.35,442938.8
2024-04-30 16:00:00+00:00,23.35,23.403,22.78,23.0,443152.6
2024-04-30 20:00:00+00:00,23.0,24.244,23.0,23.733,323884.9
2024-05-01 00:00:00+00:00,23.733,23.842,23.149,23.462,337641.4
2024-05-01 04:00:00+00:00,23.462,23.59,22.166,22.493,421845.0
2024-05-01 08:00:00+00:00,22.493,22.74,21.987,22.727,394473.2
2024-05-01 12:00:00+00:00,22.727,23.107,22.529,22.673,286318.9
2024-05-01 16:00:00+00:00,22.673,24.212,22.282,23.134,576069.2
2024-05-01 20:00:00+00:00,23.134,23.795,22.946,23.648,193233.8
2024-05-02 00:00:00+00:00,23.648,23.71,22.839,23.022,171231.0
2024-05-02 04:00:00+00:00,23.022,23.149,22.631,22.784,107460.1
2024-05-02 08:00:00+00:00,22.784,23.516,22.675,23.486,267791.0
2024-05-02 12:00:00+00:00,23.486,23.69,22.953,23.526,269995.8
2024-05-02 16:00:00+00:00,23.526,23.646,23.282,23.473,195608.9
2024-05-02 20:00:00+00:00,23.473,23.668,23.123,23.418,169657.3
2024-05-03 00:00:00+00:00,23.418,23.916,23.215,23.698,103271.7
2024-05-03 04:00:00+00:00,23.698,23.902,23.151,23.252,161253.6
2024-05-03 08:00:00+00:00,23.252,23.416,22.93,23.116,158338.6
2024-05-03 12:00:00+00:00,23.116,24.43,23.026,23.962,524705.3
2024-05-03 16:00:00+00:00,23.962,24.519,23.882,24.466,326680.6
2024-05-03 20:00:00+00:00,24.466,25.078,24.416,24.948,312374.7
2024-05-04 00:00:00+00:00,24.948,25.102,24.604,24.705,154812.5
2024-05-04 04:00:00+00:00,24.705,24.835,24.402,24.434,105446.7
2024-05-04 08:00:00+00:00,24.434,25.256,24.418,24.847,269288.7
2024-05-04 12:00:00+00:00,24.847,25.042,24.512,24.709,211344.6
2024-05-04 16:00:00+00:00,24.709,24.918,24.459,24.832,150866.8
2024-05-04 20:00:00+00:00,24.832,24.907,24.537,24.627,76546.7
2024-05-05 00:00:00+00:00,24.627,24.719,23.863,24.071,247025.8
2024-05-05 04:00:00+00:00,24.071,24.305,23.81,24.191,95333.3
2024-05-05 08:00:00+00:00,24.191,24.542,24.049,24.124,149070.2
2024-05-05 12:00:00+00:00,24.124,24.648,23.898,24.575,365545.9
2024-05-05 16:00:00+00:00,24.575,24.623,24.013,24.25,290405.6
2024-05-05 20:00:00+00:00,24.25,24.302,24.021,24.217,137368.0
2024-05-06 00:00:00+00:00,24.217,24.447,23.816,24.019,163679.9
2024-05-06 04:00:00+00:00,24.019,25.23,23.94,25.002,242177.0
2024-05-06 08:00:00+00:00,25.002,26.211,24.995,25.917,888275.7
2024-05-06 12:00:00+00:00,25.917,26.13,24.739,25.681,802771.5
2024-05-06 16:00:00+00:00,25.681,25.885,24.682,25.117,514281.9
2024-05-06 20:00:00+00:00,25.117,25.936,25.031,25.559,299154.0
2024-05-07 00:00:00+00:00,25.559,25.796,24.701,24.846,391478.6
2024-05-07 04:00:00+00:00,24.846,25.146,24.748,24.903,218272.5
2024-05-07 08:00:00+00:00,24.903,26.287,24.777,25.492,552085.6
2024-05-07 12:00:00+00:00,25.492,25.979,25.067,25.432,518376.0
2024-05-07 16:00:00+00:00,25.432,25.608,24.93,25.122,294387.3
2024-05-07 20:00:00+00:00,25.122,25.28,24.598,24.693,332396.8
2024-05-08 00:00:00+00:00,24.693,25.104,24.248,24.434,235336.7
2024-05-08 04:00:00+00:00,24.434,24.518,23.489,23.651,354206.7
2024-05-08 08:00:00+00:00,23.651,23.873,23.436,23.683,335376.3
2024-05-08 12:00:00+00:00,23.683,24.397,23.511,23.97,463491.7
2024-05-08 16:00:00+00:00,23.97,24.083,23.406,23.656,249890.3
2024-05-08 20:00:00+00:00,23.656,23.775,22.886,23.28,352544.3
2024-05-09 00:00:00+00:00,23.28,23.565,23.121,23.521,155395.5
2024-05-09 04:00:00+00:00,23.521,23.747,23.285,23.392,151546.7
2024-05-09 08:00:00+00:00,23.392,23.506,22.778,23.079,227162.6
2024-05-09 12:00:00+00:00,23.079,23.754,22.98,23.677,230318.4
2024-05-09 16:00:00+00:00,23.677,23.941,23.462,23.726,215359.0
2024-05-09 20:00:00+00:00,23.726,24.289,23.65,23.963,230122.1
2024-05-10 00:00:00+00:00,23.963,24.37,23.819,24.34,107781.1
2024-05-10 04:00:00+00:00,24.34,24.678,24.243,24.585,142630.0
2024-05-10 08:00:00+00:00,24.585,25.932,24.469,25.911,542899.8
2024-05-10 12:00:00+00:00,25.911,26.994,25.246,25.274,1473286.7
2024-05-10 16:00:00+00:00,25.274,25.737,24.554,24.806,827336.1
2024-05-10 20:00:00+00:00,24.806,25.538,24.625,24.821,552333.9
2024-05-11 00:00:00+00:00,24.821,24.989,24.225,24.263,514360.0
2024-05-11 04:00:00+00:00,24.263,25.219,24.223,24.51,407064.4
2024-05-11 08:00:00+00:00,24.51,24.691,23.723,23.983,483592.2
2024-05-11 12:00:00+00:00,23.983,24.399,23.875,24.385,311080.6
2024-05-11 16:00:00+00:00,24.385,24.469,24.074,24.158,200517.7
2024-05-11 20:00:00+00:00,24.158,24.158,23.62,23.705,209015.0
2024-05-12 00:00:00+00:00,23.705,23.92,23.65,23.882,141341.3
2024-05-12 04:00:00+00:00,23.882,23.995,23.492,23.645,173477.0
2024-05-12 08:00:00+00:00,23.645,24.127,23.514,23.979,213509.6
2024-05-12 12:00:00+00:00,23.979,24.093,23.758,24.003,178211.4
2024-05-12 16:00:00+00:00,24.003,24.1,23.434,23.57,282769.4
2024-05-12 20:00:00+00:00,23.57,23.589,23.239,23.473,209694.0
2024-05-13 00:00:00+00:00,23.473,23.642,22.237,22.427,575533.8
2024-05-13 04:00:00+00:00,22.427,23.135,22.026,23.115,461621.9
2024-05-13 08:00:00+00:00,23.115,23.574,22.805,22.967,499184.9
2024-05-13 12:00:00+00:00,22.967,23.22,22.775,22.937,287788.5
2024-05-13 16:00:00+00:00,22.937,23.494,22.468,22.833,478693.8
2024-05-13 20:00:00+00:00,22.833,22.869,22.51,22.612,83825.1
2024-05-14 00:00:00+00:00,22.612,22.828,22.261,22.415,161780.2
2024-05-14 04:00:00+00:00,22.415,22.853,22.071,22.523,275564.0
2024-05-14 08:00:00+00:00,22.523,22.529,22.09,22.125,143592.4
2024-05-14 12:00:00+00:00,22.125,22.383,21.354,21.719,701971.3
2024-05-14 16:00:00+00:00,21.719,21.767,21.211,21.58,268459.8
2024-05-14 20:00:00+00:00,21.58,21.631,21.265,21.347,147372.6
2024-05-15 00:00:00+00:00,21.347,21.674,21.05,21.595,143900.4
2024-05-15 04:00:00+00:00,21.595,21.715,21.503,21.593,99213.1
2024-05-15 08:00:00+00:00,21.593,21.722,21.064,21.182,323587.0
2024-05-15 12:00:00+00:00,21.182,23.134,21.106,22.782,817229.9
2024-05-15 16:00:00+00:00,22.782,23.595,22.635,23.559,327362.3
2024-05-15 20:00:00+00:00,23.559,23.907,23.463,23.603,266495.0
2024-05-16 00:00:00+00:00,23.603,24.12,23.454,24.06,198394.3
2024-05-16 04:00:00+00:00,24.06,24.093,23.629,24.059,175149.6
2024-05-16 08:00:00+00:00,24.059,24.098,23.733,23.819,195159.1
2024-05-16 12:00:00+00:00,23.819,23.819,22.732,23.201,437754.5
2024-05-16 16:00:00+00:00,23.201,23.41,22.913,23.144,193218.1
2024-05-16 20:00:00+00:00,23.144,23.519,23.113,23.428,132764.6
2024-05-17 00:00:00+00:00,23.428,23.92,23.266,23.789,127842.2
2024-05-17 04:00:00+00:00,23.789,24.957,23.732,24.957,326299.4
2024-05-17 08:00:00+00:00,24.957,25.34,24.377,24.436,377268.0
2024-05-17 12:00:00+00:00,24.436,24.956,24.271,24.788,270459.6
2024-05-17 16:00:00+00:00,24.788,24.933,24.478,24.779,204442.2
2024-05-17 20:00:00+00:00,24.779,25.06,24.675,24.72,128162.2
2024-05-18 00:00:00+00:00,24.72,25.148,24.563,25.114,117002.9
2024-05-18 04:00:00+00:00,25.114,25.182,24.766,24.888,173744.7
2024-05-18 08:00:00+00:00,24.888,25.309,24.851,24.88,211532.0
2024-05-18 12:00:00+00:00,24.88,25.08,24.5,24.902,291302.0
2024-05-18 16:00:00+00:00,24.902,25.088,24.618,24.767,133676.7
2024-05-18 20:00:00+00:00,24.767,25.024,24.726,24.99,62913.2
2024-05-19 00:00:00+00:00,24.99,25.216,24.89,25.056,69746.7
2024-05-19 04:00:00+00:00,25.056,25.14,24.72,25.072,100863.9
2024-05-19 08:00:00+00:00,25.072,25.2,24.631,24.838,144781.6
2024-05-19 12:00:00+00:00,24.838,24.853,24.189,24.488,245003.4
2024-05-19 16:00:00+00:00,24.488,24.861,24.204,24.273,191030.6
2024-05-19 20:00:00+00:00,24.273,24.471,24.045,24.138,85864.8
2024-05-20 00:00:00+00:00,24.138,24.508,23.725,24.331,192037.8
2024-05-20 04:00:00+00:00,24.331,25.195,24.306,24.879,274263.9
2024-05-20 08:00:00+00:00,24.879,25.844,24.866,25.432,511916.2
2024-05-20 12:00:00+00:00,25.432,26.945,25.244,26.78,733787.0
2024-05-20 16:00:00+00:00,26.78,28.446,26.553,28.203,1224383.6
2024-05-20 20:00:00+00:00,28.203,28.438,27.42,28.242,695831.7
2024-05-21 00:00:00+00:00,28.242,28.735,27.919,28.165,379734.9
2024-05-21 04:00:00+00:00,28.165,29.0,28.076,28.515,366917.0
2024-05-21 08:00:00+00:00,28.515,28.756,27.909,28.066,247026.1
2024-05-21 12:00:00+00:00,28.066,28.195,27.472,27.598,375078.9
2024-05-21 16:00:00+00:00,27.598,28.181,27.507,27.684,241410.1
2024-05-21 20:00:00+00:00,27.684,27.966,27.568,27.671,145895.2
2024-05-22 00:00:00+00:00,27.671,27.879,27.261,27.453,118093.2
2024-05-22 04:00:00+00:00,27.453,27.687,27.001,27.43,204092.8
2024-05-22 08:00:00+00:00,27.43,27.727,27.188,27.333,195883.9
2024-05-22 12:00:00+00:00,27.333,27.607,26.831,27.347,376845.4
2024-05-22 16:00:00+00:00,27.347,27.807,26.837,27.168,263104.7
2024-05-22 20:00:00+00:00,27.168,27.548,26.822,27.317,176133.8
2024-05-23 00:00:00+00:00,27.317,27.76,27.153,27.406,123278.3
2024-05-23 04:00:00+00:00,27.406,27.684,27.171,27.406,108270.0
2024-05-23 08:00:00+00:00,27.406,27.6,26.65,27.53,299332.3
2024-05-23 12:00:00+00:00,27.53,27.684,26.015,26.305,908585.1
2024-05-23 16:00:00+00:00,26.305,26.449,25.529,25.838,339278.3
2024-05-23 20:00:00+00:00,25.838,26.419,24.51,26.17,747403.9
2024-05-24 00:00:00+00:00,26.17,26.353,25.849,25.915,94620.2
2024-05-24 04:00:00+00:00,25.915,26.021,24.874,24.991,214629.8
2024-05-24 08:00:00+00:00,24.991,25.103,24.572,25.071,241905.1
2024-05-24 12:00:00+00:00,25.071,25.476,24.798,25.151,238664.0
2024-05-24 16:00:00+00:00,25.151,25.494,24.747,25.398,171465.3
2024-05-24 20:00:00+00:00,25.398,25.756,25.309,25.716,93153.1
2024-05-25 00:00:00+00:00,25.716,26.631,25.589,25.994,180856.8
2024-05-25 04:00:00+00:00,25.994,26.115,25.59,25.657,97273.1
2024-05-25 08:00:00+00:00,25.657,26.006,25.543,25.734,151170.2
2024-05-25 12:00:00+00:00,25.734,25.752,25.408,25.59,125650.8
2024-05-25 16:00:00+00:00,25.59,25.7,25.483,25.529,64462.7
2024-05-25 20:00:00+00:00,25.529,25.575,25.236,25.375,92036.7
2024-05-26 00:00:00+00:00,25.375,25.632,25.165,25.408,76061.6
2024-05-26 04:00:00+00:00,25.408,25.472,25.157,25.27,51281.8
2024-05-26 08:00:00+00:00,25.27,25.368,24.913,25.238,128617.7
2024-05-26 12:00:00+00:00,25.238,25.318,24.77,24.921,162507.3
2024-05-26 16:00:00+00:00,24.921,25.077,24.804,24.918,92932.7
2024-05-26 20:00:00+00:00,24.918,25.041,24.466,24.851,167873.8
2024-05-27 00:00:00+00:00,24.851,25.271,24.78,25.162,83317.0
2024-05-27 04:00:00+00:00,25.162,25.343,24.839,24.98,125977.1
2024-05-27 08:00:00+00:00,24.98,25.41,24.904,25.341,148489.8
2024-05-27 12:00:00+00:00,25.341,26.28,25.276,26.253,271349.2
2024-05-27 16:00:00+00:00,26.253,26.531,25.509,25.718,308398.9
2024-05-27 20:00:00+00:00,25.718,26.098,25.667,25.781,104772.6
2024-05-28 00:00:00+00:00,25.781,25.86,25.006,25.225,249871.7
2024-05-28 04:00:00+00:00,25.225,25.225,24.679,24.952,244628.6
2024-05-28 08:00:00+00:00,24.952,25.652,24.925,25.505,177672.0
2024-05-28 12:00:00+00:00,25.505,25.518,24.954,25.449,340264.5
2024-05-28 16:00:00+00:00,25.449,26.003,25.156,25.961,370046.6
2024-05-28 20:00:00+00:00,25.961,26.362,25.748,26.269,227250.3
2024-05-29 00:00:00+00:00,26.269,26.53,26.004,26.469,198484.0
2024-05-29 04:00:00+00:00,26.469,26.84,26.239,26.297,215168.8
2024-05-29 08:00:00+00:00,26.297,26.643,26.006,26.172,261637.6
2024-05-29 12:00:00+00:00,26.172,26.839,26.166,26.34,328428.1
2024-05-29 16:00:00+00:00,26.34,27.1,26.086,26.673,338174.9
2024-05-29 20:00:00+00:00,26.673,26.906,26.229,26.455,323734.0
2024-05-30 00:00:00+00:00,26.455,27.225,26.435,26.844,179292.9
2024-05-30 04:00:00+00:00,26.844,26.887,25.484,25.619,415271.1
2024-05-30 08:00:00+00:00,25.619,26.397,25.318,25.892,282238.4
2024-05-30 12:00:00+00:00,25.892,26.189,25.345,25.497,334224.4
2024-05-30 16:00:00+00:00,25.497,26.538,25.361,25.449,383305.9
2024-05-30 20:00:00+00:00,25.449,25.455,24.888,24.918,275247.0
2024-05-31 00:00:00+00:00,24.918,25.076,24.641,25.056,157770.1
2024-05-31 04:00:00+00:00,25.056,25.112,24.587,24.944,200095.3
2024-05-31 08:00:00+00:00,24.944,25.272,24.642,25.238,245131.2
2024-05-31 12:00:00+00:00,25.238,25.566,24.612,24.667,388628.3
2024-05-31 16:00:00+00:00,24.667,24.77,24.223,24.549,404138.0
2024-05-31 20:00:00+00:00,24.549,24.689,24.397,24.427,129353.8
2024-06-01 00:00:00+00:00,24.427,24.492,24.234,24.458,107371.7
2024-06-01 04:00:00+00:00,24.458,24.52,24.258,24.291,74670.2
2024-06-01 08:00:00+00:00,24.291,24.487,24.15,24.197,127450.1
2024-06-01 12:00:00+00:00,24.197,24.578,24.14,24.454,90944.8
2024-06-01 16:00:00+00:00,24.454,24.657,24.347,24.488,136493.9
2024-06-01 20:00:00+00:00,24.488,24.783,24.478,24.533,108940.4
2024-06-02 00:00:00+00:00,24.533,24.889,24.504,24.712,100334.6
2024-06-02 04:00:00+00:00,24.712,24.88,24.58,24.584,90774.3
2024-06-02 08:00:00+00:00,24.584,24.809,24.273,24.774,146048.4
2024-06-02 12:00:00+00:00,24.774,24.921,24.588,24.729,125808.1
2024-06-02 16:00:00+00:00,24.729,24.81,23.87,24.349,294540.4
2024-06-02 20:00:00+00:00,24.349,24.371,24.042,24.247,133800.4
2024-06-03 00:00:00+00:00,24.247,24.724,23.911,24.608,150320.4
2024-06-03 04:00:00+00:00,24.608,25.419,24.37,25.412,293620.5
2024-06-03 08:00:00+00:00,25.412,25.901,25.201,25.258,246940.3
2024-06-03 12:00:00+00:00,25.258,25.983,25.258,25.769,325461.1
2024-06-03 16:00:00+00:00,25.769,25.818,25.301,25.466,122114.6
2024-06-03 20:00:00+00:00,25.466,25.523,24.937,24.991,97399.0
2024-06-04 00:00:00+00:00,24.991,25.205,24.828,25.185,104234.8
2024-06-04 04:00:00+00:00,25.185,25.268,24.853,24.939,78966.3
2024-06-04 08:00:00+00:00,24.939,25.025,24.167,24.541,305425.7
2024-06-04 12:00:00+00:00,24.541,25.996,24.392,25.796,438188.1
2024-06-04 16:00:00+00:00,25.796,25.903,24.92,25.077,394533.6
2024-06-04 20:00:00+00:00,25.077,25.311,24.957,25.271,113427.0
2024-06-05 00:00:00+00:00,25.271,25.793,25.211,25.713,114114.9
2024-06-05 04:00:00+00:00,25.713,26.947,25.527,26.435,483913.0
2024-06-05 08:00:00+00:00,26.435,26.524,25.935,26.311,196902.9
2024-06-05 12:00:00+00:00,26.311,26.72,26.052,26.669,298380.9
2024-06-05 16:00:00+00:00,26.669,26.961,26.423,26.902,219959.0
2024-06-05 20:00:00+00:00,26.902,27.144,26.648,26.825,235723.3
2024-06-06 00:00:00+00:00,26.825,26.945,26.455,26.496,74532.7
2024-06-06 04:00:00+00:00,26.496,26.58,26.017,26.196,162113.5
2024-06-06 08:00:00+00:00,26.196,27.985,26.097,27.619,417959.1
2024-06-06 12:00:00+00:00,27.619,28.69,27.554,28.179,749993.7
2024-06-06 16:00:00+00:00,28.179,28.557,27.433,27.478,571529.0
2024-06-06 20:00:00+00:00,27.478,28.18,27.281,28.095,289592.7
2024-06-07 00:00:00+00:00,28.095,28.456,27.991,28.038,263490.6
2024-06-07 04:00:00+00:00,28.038,29.559,28.01,29.382,565190.3
2024-06-07 08:00:00+00:00,29.382,29.798,28.881,29.37,654343.0
2024-06-07 12:00:00+00:00,29.37,31.037,28.614,29.715,1603975.6
2024-06-07 16:00:00+00:00,29.715,29.724,25.5,27.964,2513341.7
2024-06-07 20:00:00+00:00,27.964,28.464,27.449,27.936,540773.0
2024-06-08 00:00:00+00:00,27.936,30.888,27.675,30.234,1041468.3
2024-06-08 04:00:00+00:00,30.234,30.416,29.264,30.285,721474.9
2024-06-08 08:00:00+00:00,30.285,30.499,29.516,29.743,764865.6
2024-06-08 12:00:00+00:00,29.743,29.879,27.469,28.782,1387948.8
2024-06-08 16:00:00+00:00,28.782,28.861,27.466,27.664,719607.1
2024-06-08 20:00:00+00:00,27.664,27.799,26.686,26.808,457464.3
2024-06-09 00:00:00+00:00,26.808,28.098,26.632,27.902,563752.1
2024-06-09 04:00:00+00:00,27.902,28.578,27.547,28.44,578478.9
2024-06-09 08:00:00+00:00,28.44,28.637,27.918,28.0,354826.9
2024-06-09 12:00:00+00:00,28.0,29.323,27.496,27.725,877315.9
2024-06-09 16:00:00+00:00,27.725,28.524,27.712,27.978,411208.5
2024-06-09 20:00:00+00:00,27.978,28.097,27.638,27.825,222546.2
2024-06-10 00:00:00+00:00,27.825,28.32,27.16,27.293,453262.8
2024-06-10 04:00:00+00:00,27.293,27.78,26.55,26.696,713839.8
2024-06-10 08:00:00+00:00,26.696,27.675,26.617,27.518,439663.4
2024-06-10 12:00:00+00:00,27.518,29.709,27.081,29.402,1127475.0
2024-06-10 16:00:00+00:00,29.402,29.683,28.803,29.053,822894.0
2024-06-10 20:00:00+00:00,29.053,29.425,28.682,29.334,451305.2
2024-06-11 00:00:00+00:00,29.334,29.876,28.205,28.428,1023224.4
2024-06-11 04:00:00+00:00,28.428,29.711,28.235,29.358,1073733.9
2024-06-11 08:00:00+00:00,29.358,29.792,28.04,28.114,1258420.7
2024-06-11 12:00:00+00:00,28.114,28.237,26.531,26.8,1269824.5
2024-06-11 16:00:00+00:00,26.8,26.911,25.511,26.794,1573055.4
2024-06-11 20:00:00+00:00,26.794,27.963,26.459,27.161,800725.6
2024-06-12 00:00:00+00:00,27.161,28.137,26.969,27.028,753644.5
2024-06-12 04:00:00+00:00,27.028,28.866,26.821,28.602,782413.6
2024-06-12 08:00:00+00:00,28.602,29.168,28.063,28.428,640732.8
2024-06-12 12:00:00+00:00,28.428,32.971,28.082,32.576,2706037.4
2024-06-12 16:00:00+00:00,32.576,32.584,29.961,30.152,1910110.4
2024-06-12 20:00:00+00:00,30.152,31.301,29.972,31.222,641565.8
2024-06-13 00:00:00+00:00,31.222,31.778,29.594,29.949,833048.8
2024-06-13 04:00:00+00:00,29.949,30.533,29.66,30.268,533293.8
2024-06-13 08:00:00+00:00,30.268,30.706,29.788,30.01,772692.6
2024-06-13 12:00:00+00:00,30.01,31.693,28.869,28.978,2173396.4
2024-06-13 16:00:00+00:00,28.978,29.574,28.605,28.831,1148910.4
2024-06-13 20:00:00+00:00,28.831,29.113,28.366,28.815,526863.1
2024-06-14 00:00:00+00:00,28.815,29.335,27.955,28.23,737907.9
2024-06-14 04:00:00+00:00,28.23,29.339,28.017,28.224,760570.2
2024-06-14 08:00:00+00:00,28.224,28.626,27.631,28.151,735675.3
2024-06-14 12:00:00+00:00,28.151,28.865,27.301,27.387,1082966.5
2024-06-14 16:00:00+00:00,27.387,27.488,25.96,26.299,1518542.5
2024-06-14 20:00:00+00:00,26.299,26.558,25.601,26.181,974560.3
2024-06-15 00:00:00+00:00,26.181,26.24,25.76,25.976,340453.6
2024-06-15 04:00:00+00:00,25.976,26.282,25.683,25.868,447629.4
2024-06-15 08:00:00+00:00,25.868,26.192,25.808,26.007,283137.0
2024-06-15 12:00:00+00:00,26.007,26.395,25.842,26.385,506734.6
2024-06-15 16:00:00+00:00,26.385,26.634,25.686,25.801,581082.4
2024-06-15 20:00:00+00:00,25.801,25.895,25.186,25.399,600945.3
2024-06-16 00:00:00+00:00,25.399,25.491,24.52,24.798,612322.9
2024-06-16 04:00:00+00:00,24.798,25.293,24.4,25.145,435489.2
2024-06-16 08:00:00+00:00,25.145,25.309,24.946,25.092,245593.4
2024-06-16 12:00:00+00:00,25.092,25.226,24.87,25.094,340885.3
2024-06-16 16:00:00+00:00,25.094,25.136,24.914,24.994,146728.1
2024-06-16 20:00:00+00:00,24.994,25.423,24.935,25.047,240581.0
2024-06-17 00:00:00+00:00,25.047,25.337,23.861,24.019,636691.7
2024-06-17 04:00:00+00:00,24.019,24.42,23.326,23.479,787361.5
2024-06-17 08:00:00+00:00,23.479,23.575,22.497,23.056,1561639.9
2024-06-17 12:00:00+00:00,23.056,23.149,21.733,21.818,1646040.3
2024-06-17 16:00:00+00:00,21.818,22.4,20.779,21.972,2235575.8
2024-06-17 20:00:00+00:00,21.972,22.029,21.318,21.597,758249.4
2024-06-18 00:00:00+00:00,21.597,21.734,18.444,20.111,2716454.7
2024-06-18 04:00:00+00:00,20.111,20.998,19.878,20.545,1036923.3
2024-06-18 08:00:00+00:00,20.545,20.769,20.072,20.592,837095.3
2024-06-18 12:00:00+00:00,20.592,20.645,19.041,20.024,2362002.5
2024-06-18 16:00:00+00:00,20.024,20.29,19.588,20.155,864439.0
2024-06-18 20:00:00+00:00,20.155,20.645,19.873,20.443,740800.0
2024-06-19 00:00:00+00:00,20.443,21.034,20.026,20.488,674127.6
2024-06-19 04:00:00+00:00,20.488,21.241,20.43,21.029,685340.7
2024-06-19 08:00:00+00:00,21.029,21.153,20.496,20.94,723100.5
2024-06-19 12:00:00+00:00,20.94,21.405,20.543,20.752,832039.7
2024-06-19 16:00:00+00:00,20.752,21.566,20.622,21.149,725824.3
2024-06-19 20:00:00+00:00,21.149,21.414,20.923,21.199,520739.8
2024-06-20 00:00:00+00:00,21.199,21.545,20.783,21.155,531774.7
2024-06-20 04:00:00+00:00,21.155,22.41,20.949,22.39,825699.6
2024-06-20 08:00:00+00:00,22.39,23.232,21.971,22.637,949071.6
2024-06-20 12:00:00+00:00,22.637,22.79,20.951,20.995,1313273.0
2024-06-20 16:00:00+00:00,20.995,21.439,20.609,21.051,688491.9
2024-06-20 20:00:00+00:00,21.051,21.184,20.682,20.752,208941.7
2024-06-21 00:00:00+00:00,20.752,20.94,20.329,20.577,323880.2
2024-06-21 04:00:00+00:00,20.577,20.982,20.425,20.544,374788.1
2024-06-21 08:00:00+00:00,20.544,21.269,20.137,21.101,733658.0
2024-06-21 12:00:00+00:00,21.101,21.846,20.657,21.249,1008206.6
2024-06-21 16:00:00+00:00,21.249,21.628,20.766,21.462,573272.0
2024-06-21 20:00:00+00:00,21.462,21.697,21.131,21.316,290958.2
2024-06-22 00:00:00+00:00,21.316,21.368,20.934,21.112,368459.2
2024-06-22 04:00:00+00:00,21.112,21.291,20.877,21.018,295151.9
2024-06-22 08:00:00+00:00,21.018,21.058,20.793,20.915,299550.6
2024-06-22 12:00:00+00:00,20.915,21.221,20.869,21.09,201770.4
2024-06-22 16:00:00+00:00,21.09,21.258,21.013,21.223,181697.0
2024-06-22 20:00:00+00:00,21.223,21.238,20.914,20.986,166827.0
2024-06-23 00:00:00+00:00,20.986,21.371,20.881,21.291,217561.2
2024-06-23 04:00:00+00:00,21.291,21.316,21.07,21.146,131003.9
2024-06-23 08:00:00+00:00,21.146,21.484,20.916,21.038,243296.0
2024-06-23 12:00:00+00:00,21.038,21.105,20.369,20.434,420101.5
2024-06-23 16:00:00+00:00,20.434,20.666,20.174,20.488,253170.5
2024-06-23 20:00:00+00:00,20.488,20.502,19.963,20.254,399966.9
2024-06-24 00:00:00+00:00,20.254,20.533,20.16,20.25,330124.9
2024-06-24 04:00:00+00:00,20.25,20.483,19.729,20.006,479997.8
2024-06-24 08:00:00+00:00,20.006,20.879,19.374,20.742,1140415.5
2024-06-24 12:00:00+00:00,20.742,21.649,20.67,20.959,830425.2
2024-06-24 16:00:00+00:00,20.959,21.857,20.843,21.585,997861.0
2024-06-24 20:00:00+00:00,21.585,22.785,21.121,22.706,812847.0
2024-06-25 00:00:00+00:00,22.706,23.47,22.381,23.035,503183.8
2024-06-25 04:00:00+00:00,23.035,23.259,22.768,23.166,323574.5
2024-06-25 08:00:00+00:00,23.166,23.407,22.925,23.06,452250.9
2024-06-25 12:00:00+00:00,23.06,23.199,22.616,23.007,423428.7
2024-06-25 16:00:00+00:00,23.007,23.298,22.752,23.179,340323.7
2024-06-25 20:00:00+00:00,23.179,23.45,22.952,23.421,213823.8
2024-06-26 00:00:00+00:00,23.421,23.599,22.966,23.152,279313.8
2024-06-26 04:00:00+00:00,23.152,23.171,22.627,22.905,296898.8
2024-06-26 08:00:00+00:00,22.905,22.952,22.463,22.609,312040.9
2024-06-26 12:00:00+00:00,22.609,23.258,22.491,22.791,384987.3
2024-06-26 16:00:00+00:00,22.791,23.69,22.591,23.657,492934.4
2024-06-26 20:00:00+00:00,23.657,23.789,22.829,23.026,295445.8
2024-06-27 00:00:00+00:00,23.026,23.081,22.719,22.951,191594.8
2024-06-27 04:00:00+00:00,22.951,23.552,22.673,23.457,371091.0
2024-06-27 08:00:00+00:00,23.457,23.966,23.3,23.763,579054.8
2024-06-27 12:00:00+00:00,23.763,24.266,23.614,23.654,780715.0
2024-06-27 16:00:00+00:00,23.654,23.681,23.184,23.221,280875.3
2024-06-27 20:00:00+00:00,23.221,23.368,23.03,23.201,259311.8
2024-06-28 00:00:00+00:00,23.201,23.457,22.852,23.078,252815.0
2024-06-28 04:00:00+00:00,23.078,23.144,22.857,23.121,181410.2
2024-06-28 08:00:00+00:00,23.121,23.37,23.006,23.151,269949.7
2024-06-28 12:00:00+00:00,23.151,23.38,22.772,23.097,590756.8
2024-06-28 16:00:00+00:00,23.097,23.207,22.591,23.05,304889.2
2024-06-28 20:00:00+00:00,23.05,23.312,22.706,23.057,272717.3
2024-06-29 00:00:00+00:00,23.057,23.664,22.883,23.645,349465.9
2024-06-29 04:00:00+00:00,23.645,23.755,23.258,23.292,155371.3
2024-06-29 08:00:00+00:00,23.292,23.332,22.887,22.955,246219.2
2024-06-29 12:00:00+00:00,22.955,23.195,22.775,23.08,240124.6
2024-06-29 16:00:00+00:00,23.08,23.152,22.812,22.917,125666.4
2024-06-29 20:00:00+00:00,22.917,22.987,22.668,22.803,166989.6
2024-06-30 00:00:00+00:00,22.803,22.847,22.01,22.152,325449.3
2024-06-30 04:00:00+00:00,22.152,22.812,22.011,22.796,237367.5
2024-06-30 08:00:00+00:00,22.796,23.203,22.643,22.663,395736.9
2024-06-30 12:00:00+00:00,22.663,22.836,22.455,22.792,288993.8
2024-06-30 16:00:00+00:00,22.792,23.087,22.599,23.009,216673.9
2024-06-30 20:00:00+00:00,23.009,23.793,22.741,23.503,441902.4
2024-07-01 00:00:00+00:00,23.503,24.078,23.313,23.793,313748.9
2024-07-01 04:00:00+00:00,23.793,23.943,23.517,23.606,218919.4
2024-07-01 08:00:00+00:00,23.606,23.747,23.231,23.289,325068.5
2024-07-01 12:00:00+00:00,23.289,23.475,22.65,23.02,390535.7
2024-07-01 16:00:00+00:00,23.02,23.406,22.903,23.138,223996.8
2024-07-01 20:00:00+00:00,23.138,23.18,22.5,22.529,182641.9
2024-07-02 00:00:00+00:00,22.529,22.759,22.265,22.555,235807.5
2024-07-02 04:00:00+00:00,22.555,22.798,22.524,22.668,164111.2
2024-07-02 08:00:00+00:00,22.668,22.742,22.495,22.693,154831.1
2024-07-02 12:00:00+00:00,22.693,23.093,22.309,22.748,354510.3
2024-07-02 16:00:00+00:00,22.748,22.776,22.284,22.613,215904.2
2024-07-02 20:00:00+00:00,22.613,23.611,22.473,23.336,365779.0
2024-07-03 00:00:00+00:00,23.336,23.538,22.54,22.913,433953.6
2024-07-03 04:00:00+00:00,22.913,22.919,22.354,22.445,328358.1
2024-07-03 08:00:00+00:00,22.445,22.456,21.419,21.551,868267.2
2024-07-03 12:00:00+00:00,21.551,21.576,20.976,21.201,787527.9
2024-07-03 16:00:00+00:00,21.201,21.466,20.932,21.014,372675.4
2024-07-03 20:00:00+00:00,21.014,21.644,20.922,21.486,400406.1
2024-07-04 00:00:00+00:00,21.486,21.676,20.39,20.866,891982.4
2024-07-04 04:00:00+00:00,20.866,21.097,20.232,20.35,417406.0
2024-07-04 08:00:00+00:00,20.35,20.822,20.323,20.512,620647.1
2024-07-04 12:00:00+00:00,20.512,20.582,19.368,20.356,1039880.2
2024-07-04 16:00:00+00:00,20.356,20.936,20.207,20.681,541826.2
2024-07-04 20:00:00+00:00,20.681,20.873,19.726,19.824,437049.1
2024-07-05 00:00:00+00:00,19.824,19.887,16.853,17.307,3094380.2
2024-07-05 04:00:00+00:00,17.307,18.259,16.89,17.931,1284518.8
2024-07-05 08:00:00+00:00,17.931,18.956,17.174,18.845,900514.5
2024-07-05 12:00:00+00:00,18.845,19.533,18.51,19.282,853180.2
2024-07-05 16:00:00+00:00,19.282,19.474,18.916,18.981,403121.7
2024-07-05 20:00:00+00:00,18.981,19.113,18.772,18.91,219460.1
2024-07-06 00:00:00+00:00,18.91,19.62,18.552,18.9,326973.0
2024-07-06 04:00:00+00:00,18.9,19.253,18.703,19.123,194415.9
2024-07-06 08:00:00+00:00,19.123,19.738,18.858,19.416,289506.9
2024-07-06 12:00:00+00:00,19.416,19.648,19.051,19.498,376153.5
2024-07-06 16:00:00+00:00,19.498,20.272,19.368,20.082,400959.6
2024-07-06 20:00:00+00:00,20.082,20.424,20.065,20.146,212194.7
2024-07-07 00:00:00+00:00,20.146,20.155,19.565,19.799,247264.3
2024-07-07 04:00:00+00:00,19.799,19.875,19.212,19.433,270922.6
2024-07-07 08:00:00+00:00,19.433,19.637,19.276,19.538,242246.5
2024-07-07 12:00:00+00:00,19.538,19.715,18.789,19.113,450644.9
2024-07-07 16:00:00+00:00,19.113,19.522,19.066,19.223,407866.8
2024-07-07 20:00:00+00:00,19.223,19.319,18.506,18.616,439240.6
2024-07-08 00:00:00+00:00,18.616,18.721,17.677,18.301,747446.7
2024-07-08 04:00:00+00:00,18.301,18.777,18.231,18.629,306858.6
2024-07-08 08:00:00+00:00,18.629,20.399,18.599,20.342,844366.5
2024-07-08 12:00:00+00:00,20.342,20.493,19.167,19.473,1066521.0
2024-07-08 16:00:00+00:00,19.473,19.699,19.201,19.481,309745.6
2024-07-08 20:00:00+00:00,19.481,19.932,19.305,19.726,297604.5
2024-07-09 00:00:00+00:00,19.726,20.147,19.342,19.854,403264.0
2024-07-09 04:00:00+00:00,19.854,20.456,19.799,20.175,303624.2
2024-07-09 08:00:00+00:00,20.175,20.558,19.784,19.938,520997.8
2024-07-09 12:00:00+00:00,19.938,20.563,19.667,20.533,817577.8
2024-07-09 16:00:00+00:00,20.533,21.08,20.366,20.628,723205.5
2024-07-09 20:00:00+00:00,20.628,21.147,20.431,20.878,460485.4
2024-07-10 00:00:00+00:00,20.878,20.886,20.305,20.558,317600.3
2024-07-10 04:00:00+00:00,20.558,21.369,20.545,20.885,584929.3
2024-07-10 08:00:00+00:00,20.885,21.061,20.585,20.788,407022.6
2024-07-10 12:00:00+00:00,20.788,21.141,20.523,20.974,449274.7
2024-07-10 16:00:00+00:00,20.974,21.241,20.586,20.688,254117.9
2024-07-10 20:00:00+00:00,20.688,20.84,20.356,20.538,284113.7
2024-07-11 00:00:00+00:00,20.538,20.929,20.156,20.432,385619.2
2024-07-11 04:00:00+00:00,20.432,20.686,20.298,20.653,168433.1
2024-07-11 08:00:00+00:00,20.653,20.857,20.587,20.791,227643.9
2024-07-11 12:00:00+00:00,20.791,21.233,20.015,20.141,982659.0
2024-07-11 16:00:00+00:00,20.141,20.526,19.907,20.046,347844.6
2024-07-11 20:00:00+00:00,20.046,20.09,19.53,19.581,293821.0
2024-07-12 00:00:00+00:00,19.581,19.804,19.349,19.593,265004.5
2024-07-12 04:00:00+00:00,19.593,19.799,19.476,19.619,252733.9
2024-07-12 08:00:00+00:00,19.619,19.653,19.079,19.257,314224.2
2024-07-12 12:00:00+00:00,19.257,19.977,19.215,19.897,348671.1
2024-07-12 16:00:00+00:00,19.897,20.085,19.672,19.695,199644.0
2024-07-12 20:00:00+00:00,19.695,19.812,19.522,19.766,182196.1
2024-07-13 00:00:00+00:00,19.766,20.005,19.674,19.871,108639.5
2024-07-13 04:00:00+00:00,19.871,20.405,19.839,20.332,249453.4
2024-07-13 08:00:00+00:00,20.332,20.396,20.127,20.277,179158.4
2024-07-13 12:00:00+00:00,20.277,20.875,19.97,20.242,383538.7
2024-07-13 16:00:00+00:00,20.242,20.464,19.928,20.111,225705.1
2024-07-13 20:00:00+00:00,20.111,20.658,19.878,20.254,253562.2
2024-07-14 00:00:00+00:00,20.254,20.711,20.211,20.383,189483.6
2024-07-14 04:00:00+00:00,20.383,20.794,20.358,20.504,140766.9
2024-07-14 08:00:00+00:00,20.504,20.926,20.499,20.564,174352.7
2024-07-14 12:00:00+00:00,20.564,20.797,20.267,20.773,168275.7
2024-07-14 16:00:00+00:00,20.773,20.782,20.49,20.566,83213.3
2024-07-14 20:00:00+00:00,20.566,21.716,20.548,21.629,320952.5
2024-07-15 00:00:00+00:00,21.629,22.102,21.512,22.011,245800.7
2024-07-15 04:00:00+00:00,22.011,22.266,21.782,22.231,247803.0
2024-07-15 08:00:00+00:00,22.231,22.316,21.732,21.953,254223.5
2024-07-15 12:00:00+00:00,21.953,22.158,21.78,21.972,257712.0
2024-07-15 16:00:00+00:00,21.972,22.676,21.851,22.46,401825.5
2024-07-15 20:00:00+00:00,22.46,23.112,22.395,22.965,363846.4
2024-07-16 00:00:00+00:00,22.965,23.952,22.857,23.846,524258.6
2024-07-16 04:00:00+00:00,23.846,24.262,22.874,22.975,698086.9
2024-07-16 08:00:00+00:00,22.975,23.465,22.579,23.27,493266.1
2024-07-16 12:00:00+00:00,23.27,23.817,23.001,23.734,395348.0
2024-07-16 16:00:00+00:00,23.734,24.499,23.557,24.434,482139.4
2024-07-16 20:00:00+00:00,24.434,24.935,24.223,24.893,435841.9
2024-07-17 00:00:00+00:00,24.893,26.139,24.832,25.766,693852.0
2024-07-17 04:00:00+00:00,25.766,26.232,25.117,25.611,692216.4
2024-07-17 08:00:00+00:00,25.611,26.242,25.31,25.528,576018.5
2024-07-17 12:00:00+00:00,25.528,26.344,25.406,25.776,694492.1
2024-07-17 16:00:00+00:00,25.776,26.762,25.221,26.584,744028.1
2024-07-17 20:00:00+00:00,26.584,26.723,25.594,25.631,527107.4
2024-07-18 00:00:00+00:00,25.631,26.065,25.508,26.013,268984.7
2024-07-18 04:00:00+00:00,26.013,26.279,25.603,25.883,259777.6
2024-07-18 08:00:00+00:00,25.883,26.25,25.585,26.007,468325.1
2024-07-18 12:00:00+00:00,26.007,26.614,25.036,25.277,930731.5
2024-07-18 16:00:00+00:00,25.277,25.955,25.013,25.614,476262.5
2024-07-18 20:00:00+00:00,25.614,27.084,25.535,26.906,520564.8
2024-07-19 00:00:00+00:00,26.906,26.943,25.625,26.623,463140.9
2024-07-19 04:00:00+00:00,26.623,26.768,25.8,26.144,428009.3
2024-07-19 08:00:00+00:00,26.144,26.315,25.575,25.919,453229.7
2024-07-19 12:00:00+00:00,25.919,26.941,25.658,26.505,613929.3
2024-07-19 16:00:00+00:00,26.505,27.393,26.503,26.733,568733.5
2024-07-19 20:00:00+00:00,26.733,26.758,26.24,26.394,276572.4
2024-07-20 00:00:00+00:00,26.394,26.765,26.194,26.667,183725.4
2024-07-20 04:00:00+00:00,26.667,28.087,26.594,27.328,451367.3
2024-07-20 08:00:00+00:00,27.328,27.346,26.367,26.409,353673.9
2024-07-20 12:00:00+00:00,26.409,27.337,26.254,27.147,336252.0
2024-07-20 16:00:00+00:00,27.147,27.49,26.765,27.366,394728.7
2024-07-20 20:00:00+00:00,27.366,27.925,26.944,27.595,405645.1
2024-07-21 00:00:00+00:00,27.595,27.75,27.13,27.139,153994.9
2024-07-21 04:00:00+00:00,27.139,27.561,26.975,27.012,184416.6
2024-07-21 08:00:00+00:00,27.012,27.393,26.965,27.387,162316.8
2024-07-21 12:00:00+00:00,27.387,27.85,26.677,27.375,359869.4
2024-07-21 16:00:00+00:00,27.375,27.651,26.117,27.464,681017.9
2024-07-21 20:00:00+00:00,27.464,28.02,27.333,27.462,402909.9
2024-07-22 00:00:00+00:00,27.462,27.535,26.771,26.922,271051.3
2024-07-22 04:00:00+00:00,26.922,27.006,26.323,26.843,279235.5
2024-07-22 08:00:00+00:00,26.843,27.312,26.604,26.761,351917.3
2024-07-22 12:00:00+00:00,26.761,27.139,25.787,26.102,622637.9
2024-07-22 16:00:00+00:00,26.102,26.561,26.0,26.512,241551.4
2024-07-22 20:00:00+00:00,26.512,26.571,25.66,25.783,321839.3
2024-07-23 00:00:00+00:00,25.783,26.151,25.76,25.808,134773.8
2024-07-23 04:00:00+00:00,25.808,25.929,25.006,25.195,458221.0
2024-07-23 08:00:00+00:00,25.195,25.79,24.881,24.944,409340.1
2024-07-23 12:00:00+00:00,24.944,24.993,24.127,24.54,873635.6
2024-07-23 16:00:00+00:00,24.54,24.57,23.572,24.104,800693.9
2024-07-23 20:00:00+00:00,24.104,24.326,23.932,24.058,206780.7
2024-07-24 00:00:00+00:00,24.058,24.391,23.812,24.337,177267.8
2024-07-24 04:00:00+00:00,24.337,25.275,24.288,25.267,469111.4
2024-07-24 08:00:00+00:00,25.267,25.489,25.119,25.267,280991.2
2024-07-24 12:00:00+00:00,25.267,25.851,25.032,25.127,434781.6
2024-07-24 16:00:00+00:00,25.127,25.213,24.173,24.273,583022.7
2024-07-24 20:00:00+00:00,24.273,24.549,23.695,23.892,516448.0
2024-07-25 00:00:00+00:00,23.892,24.095,22.808,23.315,735474.5
2024-07-25 04:00:00+00:00,23.315,24.121,23.158,23.806,390776.3
2024-07-25 08:00:00+00:00,23.806,24.088,23.491,23.626,313583.2
2024-07-25 12:00:00+00:00,23.626,24.504,23.186,24.159,743258.5
2024-07-25 16:00:00+00:00,24.159,24.632,23.34,23.5,466529.5
2024-07-25 20:00:00+00:00,23.5,24.311,23.072,23.808,471107.1
2024-07-26 00:00:00+00:00,23.808,24.868,23.75,24.426,351239.6
2024-07-26 04:00:00+00:00,24.426,25.149,24.407,25.002,285307.4
2024-07-26 08:00:00+00:00,25.002,25.968,25.001,25.776,660449.5
2024-07-26 12:00:00+00:00,25.776,26.202,25.331,25.398,639746.0
2024-07-26 16:00:00+00:00,25.398,25.708,25.229,25.512,262453.0
2024-07-26 20:00:00+00:00,25.512,25.951,25.258,25.75,260707.8
2024-07-27 00:00:00+00:00,25.75,25.757,25.37,25.42,192448.3
2024-07-27 04:00:00+00:00,25.42,25.687,25.328,25.564,119259.5
2024-07-27 08:00:00+00:00,25.564,25.702,25.341,25.681,197262.1
2024-07-27 12:00:00+00:00,25.681,26.112,24.613,24.794,724476.9
2024-07-27 16:00:00+00:00,24.794,24.929,24.301,24.683,484979.4
2024-07-27 20:00:00+00:00,24.683,25.74,24.182,25.304,550700.3
2024-07-28 00:00:00+00:00,25.304,25.43,24.833,25.002,246297.2
2024-07-28 04:00:00+00:00,25.002,25.053,24.371,24.563,193770.1
2024-07-28 08:00:00+00:00,24.563,24.946,24.386,24.832,147076.5
2024-07-28 12:00:00+00:00,24.832,25.049,24.43,24.49,240851.6
2024-07-28 16:00:00+00:00,24.49,24.76,24.45,24.502,130492.2
2024-07-28 20:00:00+00:00,24.502,24.542,23.954,24.204,193621.1
2024-07-29 00:00:00+00:00,24.204,25.684,24.162,25.46,412483.7
2024-07-29 04:00:00+00:00,25.46,26.079,25.184,26.036,261216.9
2024-07-29 08:00:00+00:00,26.036,26.07,25.375,25.412,230556.9
2024-07-29 12:00:00+00:00,25.412,25.626,24.514,24.757,546795.7
2024-07-29 16:00:00+00:00,24.757,25.133,24.312,24.817,372210.6
2024-07-29 20:00:00+00:00,24.817,24.857,24.132,24.141,178119.3
2024-07-30 00:00:00+00:00,24.141,24.481,23.833,24.198,208984.5
2024-07-30 04:00:00+00:00,24.198,24.793,24.184,24.679,135047.6
2024-07-30 08:00:00+00:00,24.679,24.795,24.269,24.356,211375.5
2024-07-30 12:00:00+00:00,24.356,24.513,23.73,24.109,375866.0
2024-07-30 16:00:00+00:00,24.109,24.136,23.103,23.334,395643.0
2024-07-30 20:00:00+00:00,23.334,23.348,22.847,23.151,314145.0
2024-07-31 00:00:00+00:00,23.151,23.451,22.962,23.216,159186.7
2024-07-31 04:00:00+00:00,23.216,23.571,22.85,23.267,276630.7
2024-07-31 08:00:00+00:00,23.267,23.328,22.941,23.162,181472.7
2024-07-31 12:00:00+00:00,23.162,23.476,22.904,22.988,294919.4
2024-07-31 16:00:00+00:00,22.988,23.217,22.259,22.52,779629.3
2024-07-31 20:00:00+00:00,22.52,22.554,21.901,21.948,463185.0
2024-08-01 00:00:00+00:00,21.948,22.334,21.934,22.016,289861.3
2024-08-01 04:00:00+00:00,22.016,22.151,21.43,21.471,451085.8
2024-08-01 08:00:00+00:00,21.471,21.794,21.2,21.451,409720.8
2024-08-01 12:00:00+00:00,21.451,21.794,20.611,20.769,693927.6
2024-08-01 16:00:00+00:00,20.769,20.814,20.08,20.661,792085.2
2024-08-01 20:00:00+00:00,20.661,21.76,20.466,21.65,613662.3
2024-08-02 00:00:00+00:00,21.65,21.788,21.115,21.487,305994.8
2024-08-02 04:00:00+00:00,21.487,21.595,20.651,20.992,272330.5
2024-08-02 08:00:00+00:00,20.992,21.533,20.772,21.311,245531.1
2024-08-02 12:00:00+00:00,21.311,21.722,19.94,20.629,735399.5
2024-08-02 16:00:00+00:00,20.629,20.674,19.514,19.748,487698.8
2024-08-02 20:00:00+00:00,19.748,20.027,19.435,19.74,522283.2
2024-08-03 00:00:00+00:00,19.74,19.906,19.128,19.65,376056.8
2024-08-03 04:00:00+00:00,19.65,19.977,19.572,19.693,177954.7
2024-08-03 08:00:00+00:00,19.693,19.87,19.517,19.791,148654.2
2024-08-03 12:00:00+00:00,19.791,20.032,18.86,18.903,463773.5
2024-08-03 16:00:00+00:00,18.903,19.002,17.958,18.0,915312.7
2024-08-03 20:00:00+00:00,18.0,18.566,17.851,18.475,449366.9
2024-08-04 00:00:00+00:00,18.475,18.714,18.243,18.381,254510.1
2024-08-04 04:00:00+00:00,18.381,18.466,18.018,18.064,157449.2
2024-08-04 08:00:00+00:00,18.064,18.48,17.949,18.392,197093.3
2024-08-04 12:00:00+00:00,18.392,18.608,17.468,17.509,675040.4
2024-08-04 16:00:00+00:00,17.509,18.35,16.719,18.215,1254686.2
2024-08-04 20:00:00+00:00,18.215,18.425,17.573,17.638,477598.4
2024-08-05 00:00:00+00:00,17.638,17.939,14.451,15.554,3132123.2
2024-08-05 04:00:00+00:00,15.554,15.838,13.5,15.235,2619990.8
2024-08-05 08:00:00+00:00,15.235,15.254,13.64,14.217,1133589.8
2024-08-05 12:00:00+00:00,14.217,15.66,13.502,15.498,2094582.2
2024-08-05 16:00:00+00:00,15.498,16.114,15.209,15.387,812440.2
2024-08-05 20:00:00+00:00,15.387,15.711,15.226,15.305,630110.5
2024-08-06 00:00:00+00:00,15.305,16.649,15.291,16.318,684247.1
2024-08-06 04:00:00+00:00,16.318,16.944,16.187,16.675,558165.3
2024-08-06 08:00:00+00:00,16.675,16.675,15.845,15.901,585098.1
2024-08-06 12:00:00+00:00,15.901,16.717,15.592,16.382,981795.7
2024-08-06 16:00:00+00:00,16.382,16.621,16.041,16.16,406995.3
2024-08-06 20:00:00+00:00,16.16,16.465,15.893,16.03,438854.5
2024-08-07 00:00:00+00:00,16.03,16.602,15.744,16.275,386831.6
2024-08-07 04:00:00+00:00,16.275,16.641,16.118,16.252,363790.8
2024-08-07 08:00:00+00:00,16.252,16.662,15.975,16.027,494328.5
2024-08-07 12:00:00+00:00,16.027,16.377,15.325,15.426,755653.8
2024-08-07 16:00:00+00:00,15.426,15.491,14.824,14.915,562264.4
2024-08-07 20:00:00+00:00,14.915,15.084,14.603,14.917,440056.8
2024-08-08 00:00:00+00:00,14.917,15.977,14.634,15.675,463268.7
2024-08-08 04:00:00+00:00,15.675,15.857,15.582,15.596,199438.1
2024-08-08 08:00:00+00:00,15.596,15.882,15.525,15.688,269712.8
2024-08-08 12:00:00+00:00,15.688,16.198,15.466,16.115,721634.9
2024-08-08 16:00:00+00:00,16.115,16.374,15.922,15.972,312897.2
2024-08-08 20:00:00+00:00,15.972,18.403,15.948,18.319,963466.7
2024-08-09 00:00:00+00:00,18.319,18.44,17.747,17.885,773550.5
2024-08-09 04:00:00+00:00,17.885,17.897,17.391,17.623,447136.4
2024-08-09 08:00:00+00:00,17.623,17.801,17.247,17.343,366740.7
2024-08-09 12:00:00+00:00,17.343,17.684,17.067,17.386,648456.7
2024-08-09 16:00:00+00:00,17.386,17.765,17.273,17.546,440736.5
2024-08-09 20:00:00+00:00,17.546,18.147,17.467,18.138,493867.3
2024-08-10 00:00:00+00:00,18.138,18.437,17.7,17.822,446738.2
2024-08-10 04:00:00+00:00,17.822,17.896,17.681,17.803,250564.5
2024-08-10 08:00:00+00:00,17.803,18.916,17.542,18.9,761199.5
2024-08-10 12:00:00+00:00,18.9,19.381,18.519,18.608,1615103.2
2024-08-10 16:00:00+00:00,18.608,19.215,18.474,19.026,785284.3
2024-08-10 20:00:00+00:00,19.026,19.318,18.971,19.235,340128.0
2024-08-11 00:00:00+00:00,19.235,19.308,18.934,19.142,376804.0
2024-08-11 04:00:00+00:00,19.142,19.397,19.135,19.165,327657.8
2024-08-11 08:00:00+00:00,19.165,19.355,18.773,19.023,668641.8
2024-08-11 12:00:00+00:00,19.023,19.094,18.361,18.429,556796.1
2024-08-11 16:00:00+00:00,18.429,18.571,17.943,17.957,470332.7
2024-08-11 20:00:00+00:00,17.957,18.035,17.598,17.643,541968.3
2024-08-12 00:00:00+00:00,17.643,17.873,17.578,17.65,366382.5
2024-08-12 04:00:00+00:00,17.65,18.682,17.607,18.438,598527.4
2024-08-12 08:00:00+00:00,18.438,19.309,18.103,18.99,688891.1
2024-08-12 12:00:00+00:00,18.99,19.11,17.782,18.682,1420495.5
2024-08-12 16:00:00+00:00,18.682,18.815,18.071,18.315,539507.7
2024-08-12 20:00:00+00:00,18.315,18.737,17.966,18.51,358690.3
2024-08-13 00:00:00+00:00,18.51,18.785,18.032,18.121,399260.1
2024-08-13 04:00:00+00:00,18.121,18.778,18.023,18.696,298614.2
2024-08-13 08:00:00+00:00,18.696,18.726,18.133,18.347,314489.2
2024-08-13 12:00:00+00:00,18.347,19.127,18.29,18.966,794048.2
2024-08-13 16:00:00+00:00,18.966,19.463,18.879,19.355,704664.0
2024-08-13 20:00:00+00:00,19.355,19.564,19.117,19.44,521639.6
2024-08-14 00:00:00+00:00,19.44,19.448,18.859,19.009,244377.7
2024-08-14 04:00:00+00:00,19.009,19.435,18.998,19.032,247905.8
2024-08-14 08:00:00+00:00,19.032,19.595,18.964,19.432,448798.6
2024-08-14 12:00:00+00:00,19.432,19.908,18.76,19.194,1143029.8
2024-08-14 16:00:00+00:00,19.194,19.229,18.652,18.89,423475.7
2024-08-14 20:00:00+00:00,18.89,19.011,18.564,18.659,205425.2
2024-08-15 00:00:00+00:00,18.659,18.816,18.196,18.328,375289.9
2024-08-15 04:00:00+00:00,18.328,18.412,18.077,18.198,313712.9
2024-08-15 08:00:00+00:00,18.198,18.498,18.017,18.489,343984.5
2024-08-15 12:00:00+00:00,18.489,19.25,18.391,18.733,943406.9
2024-08-15 16:00:00+00:00,18.733,19.012,17.761,18.036,1017989.9
2024-08-15 20:00:00+00:00,18.036,18.338,17.866,18.125,592283.9
2024-08-16 00:00:00+00:00,18.125,18.603,17.972,18.153,392019.2
2024-08-16 04:00:00+00:00,18.153,19.245,18.072,19.148,480650.9
2024-08-16 08:00:00+00:00,19.148,19.222,18.075,18.184,734378.2
2024-08-16 12:00:00+00:00,18.184,18.432,17.33,17.454,1394935.0
2024-08-16 16:00:00+00:00,17.454,18.227,17.252,18.018,875394.0
2024-08-16 20:00:00+00:00,18.018,18.223,17.793,17.867,530003.6
2024-08-17 00:00:00+00:00,17.867,18.034,17.756,17.909,210033.1
2024-08-17 04:00:00+00:00,17.909,17.983,17.801,17.928,138703.1
2024-08-17 08:00:00+00:00,17.928,18.354,17.9,18.061,375180.0
2024-08-17 12:00:00+00:00,18.061,18.398,18.032,18.276,363225.3
2024-08-17 16:00:00+00:00,18.276,18.463,18.203,18.264,278269.5
2024-08-17 20:00:00+00:00,18.264,18.636,18.254,18.603,251508.4
2024-08-18 00:00:00+00:00,18.603,18.692,18.388,18.433,228470.5
2024-08-18 04:00:00+00:00,18.433,18.68,18.385,18.469,159749.1
2024-08-18 08:00:00+00:00,18.469,18.776,18.358,18.441,381748.5
2024-08-18 12:00:00+00:00,18.441,18.608,18.216,18.434,322255.8
2024-08-18 16:00:00+00:00,18.434,18.522,18.194,18.41,209106.0
2024-08-18 20:00:00+00:00,18.41,18.517,17.826,17.839,293203.2
2024-08-19 00:00:00+00:00,17.839,17.985,17.671,17.957,310856.0
2024-08-19 04:00:00+00:00,17.957,17.968,17.734,17.759,174000.4
2024-08-19 08:00:00+00:00,17.759,17.973,17.491,17.818,394510.5
2024-08-19 12:00:00+00:00,17.818,18.086,17.605,17.799,368064.3
2024-08-19 16:00:00+00:00,17.799,18.129,17.488,17.917,475819.5
2024-08-19 20:00:00+00:00,17.917,18.192,17.855,18.155,263402.8
2024-08-20 00:00:00+00:00,18.155,18.669,18.045,18.469,371442.1
2024-08-20 04:00:00+00:00,18.469,19.142,18.406,18.933,440517.7
2024-08-20 08:00:00+00:00,18.933,18.977,18.585,18.649,371195.1
2024-08-20 12:00:00+00:00,18.649,18.844,17.969,18.319,729812.7
2024-08-20 16:00:00+00:00,18.319,18.606,18.24,18.578,302404.0
2024-08-20 20:00:00+00:00,18.578,18.691,18.351,18.404,291198.7
2024-08-21 00:00:00+00:00,18.404,18.586,18.184,18.551,168489.9
2024-08-21 04:00:00+00:00,18.551,18.965,18.527,18.774,197561.4
2024-08-21 08:00:00+00:00,18.774,18.866,18.492,18.602,266703.6
2024-08-21 12:00:00+00:00,18.602,18.93,18.23,18.623,580219.9
2024-08-21 16:00:00+00:00,18.623,19.607,18.529,19.552,564824.1
2024-08-21 20:00:00+00:00,19.552,19.849,19.544,19.657,390536.0
2024-08-22 00:00:00+00:00,19.657,19.744,19.36,19.741,256547.0
2024-08-22 04:00:00+00:00,19.741,19.989,19.701,19.799,313263.3
2024-08-22 08:00:00+00:00,19.799,20.643,19.729,20.363,794461.1
2024-08-22 12:00:00+00:00,20.363,20.457,19.86,19.977,656493.5
2024-08-22 16:00:00+00:00,19.977,20.153,19.807,19.845,244031.6
2024-08-22 20:00:00+00:00,19.845,20.127,19.843,20.041,202658.0
2024-08-23 00:00:00+00:00,20.041,20.681,20.029,20.612,345643.4
2024-08-23 04:00:00+00:00,20.612,21.15,20.349,20.375,463532.9
2024-08-23 08:00:00+00:00,20.375,20.694,20.343,20.477,305702.6
2024-08-23 12:00:00+00:00,20.477,21.559,20.473,21.185,778163.3
2024-08-23 16:00:00+00:00,21.185,21.829,21.05,21.635,521104.1
2024-08-23 20:00:00+00:00,21.635,22.356,21.619,22.15,535221.5
2024-08-24 00:00:00+00:00,22.15,22.436,21.749,21.801,279727.9
2024-08-24 04:00:00+00:00,21.801,21.889,21.656,21.867,157662.4
2024-08-24 08:00:00+00:00,21.867,22.421,21.676,22.063,351754.7
2024-08-24 12:00:00+00:00,22.063,22.641,22.061,22.436,344212.6
2024-08-24 16:00:00+00:00,22.436,22.96,22.308,22.484,428985.1
2024-08-24 20:00:00+00:00,22.484,22.613,21.677,22.176,443574.5
2024-08-25 00:00:00+00:00,22.176,22.357,21.468,21.763,415021.3
2024-08-25 04:00:00+00:00,21.763,21.889,20.963,21.076,380085.0
2024-08-25 08:00:00+00:00,21.076,21.619,20.934,21.433,275306.5
2024-08-25 12:00:00+00:00,21.433,22.086,21.393,21.946,257384.2
2024-08-25 16:00:00+00:00,21.946,22.104,21.651,22.028,276547.8
2024-08-25 20:00:00+00:00,22.028,22.87,22.003,22.355,527910.6
2024-08-26 00:00:00+00:00,22.355,22.738,21.793,22.033,535261.0
2024-08-26 04:00:00+00:00,22.033,22.136,21.563,21.73,196064.4
2024-08-26 08:00:00+00:00,21.73,22.076,21.566,21.718,307195.7
2024-08-26 12:00:00+00:00,21.718,21.769,21.081,21.286,434977.9
2024-08-26 16:00:00+00:00,21.286,21.471,20.544,20.733,499729.1
2024-08-26 20:00:00+00:00,20.733,20.901,20.563,20.628,201488.0
2024-08-27 00:00:00+00:00,20.628,20.987,20.624,20.961,170680.8
2024-08-27 04:00:00+00:00,20.961,21.29,20.685,20.758,267492.5
2024-08-27 08:00:00+00:00,20.758,20.912,20.183,20.42,348286.4
2024-08-27 12:00:00+00:00,20.42,20.675,20.073,20.295,487140.2
2024-08-27 16:00:00+00:00,20.295,21.191,20.219,20.682,418753.8
2024-08-27 20:00:00+00:00,20.682,20.689,18.762,18.98,1149497.6
2024-08-28 00:00:00+00:00,18.98,19.168,18.476,19.099,403402.0
2024-08-28 04:00:00+00:00,19.099,19.165,18.504,18.522,249629.7
2024-08-28 08:00:00+00:00,18.522,19.299,18.347,18.882,482179.4
2024-08-28 12:00:00+00:00,18.882,19.118,18.037,18.217,733241.6
2024-08-28 16:00:00+00:00,18.217,18.7,17.534,18.248,780182.7
2024-08-28 20:00:00+00:00,18.248,18.603,17.673,17.936,446449.1
2024-08-29 00:00:00+00:00,17.936,18.257,17.922,18.098,193566.3
2024-08-29 04:00:00+00:00,18.098,18.527,17.959,18.251,302606.2
2024-08-29 08:00:00+00:00,18.251,18.542,18.101,18.276,271579.0
2024-08-29 12:00:00+00:00,18.276,18.646,18.219,18.412,317543.3
2024-08-29 16:00:00+00:00,18.412,18.548,17.2,17.521,612399.6
2024-08-29 20:00:00+00:00,17.521,17.618,17.227,17.443,247679.7
2024-08-30 00:00:00+00:00,17.443,17.712,17.371,17.524,300204.9
2024-08-30 04:00:00+00:00,17.524,17.882,17.443,17.671,236460.4
2024-08-30 08:00:00+00:00,17.671,17.96,17.664,17.726,163043.3
2024-08-30 12:00:00+00:00,17.726,18.049,16.59,16.669,776833.5
2024-08-30 16:00:00+00:00,16.669,17.629,16.582,17.232,550516.9
2024-08-30 20:00:00+00:00,17.232,17.461,17.154,17.389,156154.8
2024-08-31 00:00:00+00:00,17.389,17.615,17.356,17.493,118401.0
2024-08-31 04:00:00+00:00,17.493,17.573,17.263,17.266,150064.9
2024-08-31 08:00:00+00:00,17.266,17.419,17.076,17.315,170412.6
2024-08-31 12:00:00+00:00,17.315,17.458,17.229,17.388,186496.7
2024-08-31 16:00:00+00:00,17.388,17.393,17.005,17.189,157306.8
2024-08-31 20:00:00+00:00,17.189,17.368,17.093,17.245,70421.7
2024-09-01 00:00:00+00:00,17.245,17.325,16.933,17.239,118647.0
2024-09-01 04:00:00+00:00,17.239,17.328,16.895,17.24,150193.1
2024-09-01 08:00:00+00:00,17.24,17.294,16.906,17.117,189298.9
2024-09-01 12:00:00+00:00,17.117,17.131,16.422,17.022,502041.6
2024-09-01 16:00:00+00:00,17.022,17.281,16.579,17.13,450240.2
2024-09-01 20:00:00+00:00,17.13,17.319,16.225,16.407,496187.3
2024-09-02 00:00:00+00:00,16.407,16.761,16.342,16.586,287735.1
2024-09-02 04:00:00+00:00,16.586,16.759,16.321,16.375,182219.7
2024-09-02 08:00:00+00:00,16.375,17.173,16.37,16.975,502169.4
2024-09-02 12:00:00+00:00,16.975,17.075,16.537,16.857,341791.9
2024-09-02 16:00:00+00:00,16.857,16.97,16.607,16.873,226730.2
2024-09-02 20:00:00+00:00,16.873,17.481,16.838,17.159,307318.7
2024-09-03 00:00:00+00:00,17.159,17.521,17.085,17.166,252748.8
2024-09-03 04:00:00+00:00,17.166,17.191,16.938,17.085,232039.2
2024-09-03 08:00:00+00:00,17.085,17.096,16.622,16.826,442034.9
2024-09-03 12:00:00+00:00,16.826,16.98,16.16,16.198,472799.0
2024-09-03 16:00:00+00:00,16.198,16.39,16.096,16.221,264187.6
2024-09-03 20:00:00+00:00,16.221,16.415,15.78,15.846,295775.6
2024-09-04 00:00:00+00:00,15.846,16.076,15.001,15.618,746689.2
2024-09-04 04:00:00+00:00,15.618,16.006,15.418,15.918,283454.5
2024-09-04 08:00:00+00:00,15.918,16.14,15.853,15.928,342049.4
2024-09-04 12:00:00+00:00,15.928,17.516,15.914,17.336,1640611.6
2024-09-04 16:00:00+00:00,17.336,17.617,16.953,17.019,837424.2
2024-09-04 20:00:00+00:00,17.019,17.62,17.003,17.305,502843.3
2024-09-05 00:00:00+00:00,17.305,17.442,16.889,16.94,279954.3
2024-09-05 04:00:00+00:00,16.94,17.331,16.9,17.084,461941.4
2024-09-05 08:00:00+00:00,17.084,17.279,16.97,17.09,362942.2
2024-09-05 12:00:00+00:00,17.09,17.464,16.718,16.959,822706.9
2024-09-05 16:00:00+00:00,16.959,17.261,16.817,16.922,497074.1
2024-09-05 20:00:00+00:00,16.922,17.079,16.822,16.999,207655.0
2024-09-06 00:00:00+00:00,16.999,17.242,16.856,17.06,240935.0
2024-09-06 04:00:00+00:00,17.06,17.165,16.433,16.647,522500.4
2024-09-06 08:00:00+00:00,16.647,16.832,16.513,16.663,450226.6
2024-09-06 12:00:00+00:00,16.663,17.356,16.336,16.707,1250125.1
2024-09-06 16:00:00+00:00,16.707,16.712,15.928,16.05,893957.9
2024-09-06 20:00:00+00:00,16.05,16.319,15.554,16.183,605919.8
2024-09-07 00:00:00+00:00,16.183,16.318,16.035,16.101,175200.3
2024-09-07 04:00:00+00:00,16.101,16.375,16.058,16.315,270594.5
2024-09-07 08:00:00+00:00,16.315,16.4,16.158,16.238,235629.5
2024-09-07 12:00:00+00:00,16.238,16.634,16.232,16.507,260031.4
2024-09-07 16:00:00+00:00,16.507,16.568,16.03,16.315,265105.2
2024-09-07 20:00:00+00:00,16.315,16.343,15.803,16.004,217452.5
2024-09-08 00:00:00+00:00,16.004,16.26,15.917,16.255,107812.0
2024-09-08 04:00:00+00:00,16.255,16.453,16.187,16.445,172087.8
2024-09-08 08:00:00+00:00,16.445,16.62,16.332,16.372,248523.2
2024-09-08 12:00:00+00:00,16.372,16.401,15.954,15.972,281569.6
2024-09-08 16:00:00+00:00,15.972,16.215,15.888,16.06,230846.1
2024-09-08 20:00:00+00:00,16.06,16.588,16.02,16.237,382577.1
2024-09-09 00:00:00+00:00,16.237,16.417,16.01,16.158,434239.2
2024-09-09 04:00:00+00:00,16.158,16.579,16.038,16.539,398207.5
2024-09-09 08:00:00+00:00,16.539,16.794,16.443,16.536,601652.3
2024-09-09 12:00:00+00:00,16.536,16.589,16.16,16.401,624781.0
2024-09-09 16:00:00+00:00,16.401,17.403,16.395,17.359,792654.9
2024-09-09 20:00:00+00:00,17.359,17.617,17.183,17.281,366962.4
2024-09-10 00:00:00+00:00,17.281,17.306,16.965,17.004,137261.9
2024-09-10 04:00:00+00:00,17.004,17.37,16.943,17.358,183032.6
2024-09-10 08:00:00+00:00,17.358,18.211,17.323,18.167,854045.1
2024-09-10 12:00:00+00:00,18.167,18.23,17.628,17.744,713783.8
2024-09-10 16:00:00+00:00,17.744,18.468,17.724,18.282,537782.8
2024-09-10 20:00:00+00:00,18.282,18.425,18.089,18.164,240393.6
2024-09-11 00:00:00+00:00,18.164,18.479,17.959,18.382,453309.6
2024-09-11 04:00:00+00:00,18.382,18.382,17.708,18.269,621531.3
2024-09-11 08:00:00+00:00,18.269,18.344,17.9,18.204,476361.3
2024-09-11 12:00:00+00:00,18.204,18.68,17.61,18.313,1436852.6
2024-09-11 16:00:00+00:00,18.313,18.926,18.238,18.75,784163.4
2024-09-11 20:00:00+00:00,18.75,19.015,18.666,18.709,322615.6
2024-09-12 00:00:00+00:00,18.709,19.075,18.678,19.036,388619.9
2024-09-12 04:00:00+00:00,19.036,19.46,19.036,19.301,533617.0
2024-09-12 08:00:00+00:00,19.301,19.421,19.101,19.24,331846.8
2024-09-12 12:00:00+00:00,19.24,19.252,18.77,18.889,680822.5
2024-09-12 16:00:00+00:00,18.889,19.306,18.888,19.224,325698.9
2024-09-12 20:00:00+00:00,19.224,19.396,19.121,19.343,222913.4
2024-09-13 00:00:00+00:00,19.343,19.486,19.013,19.097,320534.1
2024-09-13 04:00:00+00:00,19.097,19.229,18.913,18.958,163944.0
2024-09-13 08:00:00+00:00,18.958,19.06,18.551,18.612,398187.9
2024-09-13 12:00:00+00:00,18.612,19.297,18.403,19.147,889155.1
2024-09-13 16:00:00+00:00,19.147,19.301,18.879,19.121,424331.6
2024-09-13 20:00:00+00:00,19.121,20.086,19.095,19.795,532518.0
2024-09-14 00:00:00+00:00,19.795,20.127,19.58,19.612,214233.1
2024-09-14 04:00:00+00:00,19.612,19.693,19.39,19.436,329602.2
2024-09-14 08:00:00+00:00,19.436,19.502,19.188,19.348,318103.5
2024-09-14 12:00:00+00:00,19.348,19.682,19.299,19.556,275815.3
2024-09-14 16:00:00+00:00,19.556,19.659,19.302,19.442,353497.3
2024-09-14 20:00:00+00:00,19.442,19.702,19.415,19.606,207315.6
2024-09-15 00:00:00+00:00,19.606,20.197,19.534,20.119,262617.2
2024-09-15 04:00:00+00:00,20.119,20.183,19.707,19.785,340607.0
2024-09-15 08:00:00+00:00,19.785,19.962,19.633,19.8,298215.3
2024-09-15 12:00:00+00:00,19.8,20.066,19.626,19.879,417611.8
2024-09-15 16:00:00+00:00,19.879,19.951,19.557,19.605,445179.1
2024-09-15 20:00:00+00:00,19.605,19.616,18.459,18.638,862329.0
2024-09-16 00:00:00+00:00,18.638,18.668,17.954,18.326,514717.0
2024-09-16 04:00:00+00:00,18.326,18.907,18.26,18.86,381079.4
2024-09-16 08:00:00+00:00,18.86,18.938,18.304,18.407,536655.2
2024-09-16 12:00:00+00:00,18.407,18.478,17.957,18.18,661751.3
2024-09-16 16:00:00+00:00,18.18,18.235,17.869,17.993,481401.3
2024-09-16 20:00:00+00:00,17.993,18.197,17.778,17.992,372551.1
2024-09-17 00:00:00+00:00,17.992,18.126,17.712,18.034,327161.5
2024-09-17 04:00:00+00:00,18.034,18.436,18.026,18.325,332531.2
2024-09-17 08:00:00+00:00,18.325,18.59,18.187,18.31,393426.4
2024-09-17 12:00:00+00:00,18.31,19.938,18.108,19.821,1266562.6
2024-09-17 16:00:00+00:00,19.821,19.963,19.07,19.222,818093.1
2024-09-17 20:00:00+00:00,19.222,19.598,19.19,19.48,308443.8
2024-09-18 00:00:00+00:00,19.48,19.538,19.242,19.332,200297.1
2024-09-18 04:00:00+00:00,19.332,19.437,18.938,19.078,242631.8
2024-09-18 08:00:00+00:00,19.078,19.147,18.45,18.674,442543.7
2024-09-18 12:00:00+00:00,18.674,18.789,18.2,18.28,578759.1
2024-09-18 16:00:00+00:00,18.28,19.619,18.156,19.005,1406389.3
2024-09-18 20:00:00+00:00,19.005,19.832,18.744,19.808,453559.6
2024-09-19 00:00:00+00:00,19.808,20.733,19.74,20.37,860010.5
2024-09-19 04:00:00+00:00,20.37,20.822,20.29,20.763,468787.9
2024-09-19 08:00:00+00:00,20.763,20.914,20.47,20.827,435602.1
2024-09-19 12:00:00+00:00,20.827,20.934,20.408,20.707,598916.1
2024-09-19 16:00:00+00:00,20.707,21.064,20.529,20.55,528029.6
2024-09-19 20:00:00+00:00,20.55,20.663,20.3,20.435,325925.1
2024-09-20 00:00:00+00:00,20.435,20.98,20.08,20.953,422236.8
2024-09-20 04:00:00+00:00,20.953,21.392,20.764,21.312,886262.6
2024-09-20 08:00:00+00:00,21.312,21.319,20.612,20.795,494841.1
2024-09-20 12:00:00+00:00,20.795,20.997,20.402,20.748,580868.2
2024-09-20 16:00:00+00:00,20.748,20.912,20.322,20.674,335004.7
2024-09-20 20:00:00+00:00,20.674,21.187,20.674,21.045,175572.5
2024-09-21 00:00:00+00:00,21.045,21.182,20.592,20.662,254343.5
2024-09-21 04:00:00+00:00,20.662,20.961,20.458,20.953,143629.4
2024-09-21 08:00:00+00:00,20.953,21.011,20.641,20.821,139734.0
2024-09-21 12:00:00+00:00,20.821,21.672,20.756,21.106,471352.0
2024-09-21 16:00:00+00:00,21.106,21.243,20.977,21.02,153453.4
2024-09-21 20:00:00+00:00,21.02,21.3,20.796,21.158,174722.3
2024-09-22 00:00:00+00:00,21.158,21.248,20.526,21.163,289438.8
2024-09-22 04:00:00+00:00,21.163,21.376,20.97,21.211,341582.3
2024-09-22 08:00:00+00:00,21.211,21.58,20.841,21.014,590925.0
2024-09-22 12:00:00+00:00,21.014,21.222,20.605,20.896,428381.6
2024-09-22 16:00:00+00:00,20.896,21.532,20.621,21.406,611632.8
2024-09-22 20:00:00+00:00,21.406,21.903,20.601,21.672,798683.3
2024-09-23 00:00:00+00:00,21.672,22.134,21.054,21.711,1063727.2
2024-09-23 04:00:00+00:00,21.711,22.285,21.469,22.187,666612.5
2024-09-23 08:00:00+00:00,22.187,22.549,22.028,22.148,728464.2
2024-09-23 12:00:00+00:00,22.148,22.427,21.807,22.291,689172.9
2024-09-23 16:00:00+00:00,22.291,22.45,21.933,22.234,433246.7
2024-09-23 20:00:00+00:00,22.234,22.504,21.975,22.426,321113.3
2024-09-24 00:00:00+00:00,22.426,22.594,21.969,22.262,599655.7
2024-09-24 04:00:00+00:00,22.262,22.95,22.08,22.648,521636.3
2024-09-24 08:00:00+00:00,22.648,22.765,22.061,22.155,555210.3
2024-09-24 12:00:00+00:00,22.155,22.45,21.429,21.715,1038195.0
2024-09-24 16:00:00+00:00,21.715,22.264,21.633,22.122,651673.7
2024-09-24 20:00:00+00:00,22.122,22.282,21.815,21.841,517017.5
2024-09-25 00:00:00+00:00,21.841,22.065,21.502,21.816,752387.2
2024-09-25 04:00:00+00:00,21.816,21.912,21.185,21.342,724144.5
2024-09-25 08:00:00+00:00,21.342,21.709,21.206,21.612,647866.1
2024-09-25 12:00:00+00:00,21.612,22.237,21.387,21.834,845803.5
2024-09-25 16:00:00+00:00,21.834,22.985,21.74,22.611,1051997.5
2024-09-25 20:00:00+00:00,22.611,23.216,22.292,22.472,930552.6
2024-09-26 00:00:00+00:00,22.472,22.891,22.036,22.76,908089.7
2024-09-26 04:00:00+00:00,22.76,23.81,22.71,23.715,957065.9
2024-09-26 08:00:00+00:00,23.715,23.719,23.025,23.444,814247.9
2024-09-26 12:00:00+00:00,23.444,23.651,23.03,23.461,1157182.4
2024-09-26 16:00:00+00:00,23.461,23.596,22.781,22.818,765234.1
2024-09-26 20:00:00+00:00,22.818,23.194,22.601,23.039,543246.4
2024-09-27 00:00:00+00:00,23.039,23.506,22.895,23.422,430876.4
2024-09-27 04:00:00+00:00,23.422,23.479,23.04,23.164,425422.7
2024-09-27 08:00:00+00:00,23.164,23.429,22.711,22.967,638099.1
2024-09-27 12:00:00+00:00,22.967,23.425,22.802,23.25,645664.3
2024-09-27 16:00:00+00:00,23.25,23.874,23.235,23.521,642487.9
2024-09-27 20:00:00+00:00,23.521,23.778,23.391,23.599,235281.6
2024-09-28 00:00:00+00:00,23.599,23.998,23.489,23.94,243795.9
2024-09-28 04:00:00+00:00,23.94,23.981,23.015,23.076,437555.0
2024-09-28 08:00:00+00:00,23.076,23.391,22.615,23.272,508004.9
2024-09-28 12:00:00+00:00,23.272,23.281,22.821,23.026,302312.4
2024-09-28 16:00:00+00:00,23.026,23.052,22.718,22.901,210333.8
2024-09-28 20:00:00+00:00,22.901,22.954,22.447,22.837,253419.1
2024-09-29 00:00:00+00:00,22.837,22.989,22.528,22.872,341117.8
2024-09-29 04:00:00+00:00,22.872,22.894,22.242,22.348,488662.0
2024-09-29 08:00:00+00:00,22.348,22.68,22.287,22.628,285672.4
2024-09-29 12:00:00+00:00,22.628,22.765,22.188,22.743,398629.2
2024-09-29 16:00:00+00:00,22.743,23.395,22.575,23.38,361773.1
2024-09-29 20:00:00+00:00,23.38,23.748,23.053,23.232,535102.0
2024-09-30 00:00:00+00:00,23.232,23.279,22.353,22.874,547902.2
2024-09-30 04:00:00+00:00,22.874,23.649,22.556,23.552,444448.0
2024-09-30 08:00:00+00:00,23.552,23.618,22.602,22.922,692216.0
2024-09-30 12:00:00+00:00,22.922,23.514,22.743,22.937,959649.3
2024-09-30 16:00:00+00:00,22.937,23.445,22.816,23.409,573899.5
2024-09-30 20:00:00+00:00,23.409,23.919,22.76,22.874,761483.9
2024-10-01 00:00:00+00:00,22.874,24.898,22.695,24.803,1014729.3
2024-10-01 04:00:00+00:00,24.803,24.916,24.048,24.512,756487.9
2024-10-01 08:00:00+00:00,24.512,24.58,23.905,23.962,445014.1
2024-10-01 12:00:00+00:00,23.962,24.217,21.614,22.045,1832164.3
2024-10-01 16:00:00+00:00,22.045,22.255,20.1,20.78,2155078.8
2024-10-01 20:00:00+00:00,20.78,20.963,20.332,20.683,732251.8
2024-10-02 00:00:00+00:00,20.683,21.254,20.398,21.071,510444.4
2024-10-02 04:00:00+00:00,21.071,22.329,20.841,22.148,884445.3
2024-10-02 08:00:00+00:00,22.148,22.368,21.086,21.351,946650.6
2024-10-02 12:00:00+00:00,21.351,22.121,20.458,21.759,1524583.5
2024-10-02 16:00:00+00:00,21.759,22.083,19.785,20.094,1459018.1
2024-10-02 20:00:00+00:00,20.094,20.538,19.877,20.166,655651.9
2024-10-03 00:00:00+00:00,20.166,20.509,19.963,20.501,497214.5
2024-10-03 04:00:00+00:00,20.501,20.53,19.63,19.694,511747.1
2024-10-03 08:00:00+00:00,19.694,19.745,18.961,19.37,919791.9
2024-10-03 12:00:00+00:00,19.37,19.65,18.501,19.092,1310063.2
2024-10-03 16:00:00+00:00,19.092,19.195,18.53,19.154,751585.4
2024-10-03 20:00:00+00:00,19.154,19.254,18.778,19.023,501015.0
2024-10-04 00:00:00+00:00,19.023,19.388,18.868,19.149,405267.2
2024-10-04 04:00:00+00:00,19.149,19.516,19.128,19.458,320201.5
2024-10-04 08:00:00+00:00,19.458,19.979,19.402,19.932,483592.4
2024-10-04 12:00:00+00:00,19.932,20.372,19.619,20.294,1004273.6
2024-10-04 16:00:00+00:00,20.294,20.582,20.181,20.44,382994.9
2024-10-04 20:00:00+00:00,20.44,20.504,20.253,20.356,186800.7
2024-10-05 00:00:00+00:00,20.356,20.52,19.916,19.943,161189.4
2024-10-05 04:00:00+00:00,19.943,20.409,19.89,20.282,180986.8
2024-10-05 08:00:00+00:00,20.282,20.493,20.243,20.246,161290.9
2024-10-05 12:00:00+00:00,20.246,20.358,19.951,20.056,236895.7
2024-10-05 16:00:00+00:00,20.056,20.073,19.633,19.723,255571.7
2024-10-05 20:00:00+00:00,19.723,19.934,19.536,19.875,139016.1
2024-10-06 00:00:00+00:00,19.875,20.072,19.657,19.698,127291.4
2024-10-06 04:00:00+00:00,19.698,19.88,19.626,19.815,100499.5
2024-10-06 08:00:00+00:00,19.815,20.06,19.743,20.038,149631.9
2024-10-06 12:00:00+00:00,20.038,20.598,19.958,20.589,401066.4
2024-10-06 16:00:00+00:00,20.589,20.72,20.348,20.406,367264.5
2024-10-06 20:00:00+00:00,20.406,20.854,20.279,20.746,255831.1
2024-10-07 00:00:00+00:00,20.746,21.501,20.663,21.139,465281.1
2024-10-07 04:00:00+00:00,21.139,21.313,21.042,21.118,224535.2
2024-10-07 08:00:00+00:00,21.118,21.253,20.329,20.932,485124.4
2024-10-07 12:00:00+00:00,20.932,21.482,20.662,21.301,853907.3
2024-10-07 16:00:00+00:00,21.301,21.742,20.921,21.264,761194.9
2024-10-07 20:00:00+00:00,21.264,21.312,20.476,20.534,536538.5
2024-10-08 00:00:00+00:00,20.534,20.822,20.425,20.739,434298.3
2024-10-08 04:00:00+00:00,20.739,20.856,19.821,19.938,432678.2
2024-10-08 08:00:00+00:00,19.938,20.175,19.57,19.789,685302.4
2024-10-08 12:00:00+00:00,19.789,20.107,19.191,19.392,1189903.3
2024-10-08 16:00:00+00:00,19.392,19.853,19.336,19.446,750522.3
2024-10-08 20:00:00+00:00,19.446,19.814,19.286,19.495,323620.8
2024-10-09 00:00:00+00:00,19.495,19.941,19.358,19.759,311640.0
2024-10-09 04:00:00+00:00,19.759,20.045,19.632,19.867,292368.7
2024-10-09 08:00:00+00:00,19.867,19.989,19.71,19.852,226857.3
2024-10-09 12:00:00+00:00,19.852,20.071,19.392,20.017,604422.0
2024-10-09 16:00:00+00:00,20.017,20.033,19.401,19.57,571854.8
2024-10-09 20:00:00+00:00,19.57,19.595,19.028,19.295,399957.2
2024-10-10 00:00:00+00:00,19.295,19.637,19.086,19.481,187419.0
2024-10-10 04:00:00+00:00,19.481,19.787,19.405,19.418,187006.6
2024-10-10 08:00:00+00:00,19.418,19.64,19.007,19.595,377668.1
2024-10-10 12:00:00+00:00,19.595,19.629,18.829,19.094,957237.6
2024-10-10 16:00:00+00:00,19.094,19.223,18.508,19.055,849227.0
2024-10-10 20:00:00+00:00,19.055,19.245,18.928,19.224,226343.7
2024-10-11 00:00:00+00:00,19.224,19.462,19.076,19.274,172930.1
2024-10-11 04:00:00+00:00,19.274,19.374,19.138,19.344,145484.7
2024-10-11 08:00:00+00:00,19.344,19.933,19.335,19.843,361037.3
2024-10-11 12:00:00+00:00,19.843,20.367,19.768,20.303,544708.6
2024-10-11 16:00:00+00:00,20.303,20.383,20.083,20.219,395466.6
2024-10-11 20:00:00+00:00,20.219,20.632,20.209,20.432,296440.2
2024-10-12 00:00:00+00:00,20.432,20.617,20.316,20.425,159109.9
2024-10-12 04:00:00+00:00,20.425,20.769,20.425,20.637,250191.7
2024-10-12 08:00:00+00:00,20.637,20.907,20.546,20.666,268174.2
2024-10-12 12:00:00+00:00,20.666,21.043,20.531,20.807,338692.5
2024-10-12 16:00:00+00:00,20.807,21.045,20.566,20.635,347176.9
2024-10-12 20:00:00+00:00,20.635,20.709,20.373,20.39,242442.9
2024-10-13 00:00:00+00:00,20.39,20.494,20.127,20.173,294416.4
2024-10-13 04:00:00+00:00,20.173,20.681,20.161,20.529,204050.0
2024-10-13 08:00:00+00:00,20.529,20.629,20.16,20.177,241832.8
2024-10-13 12:00:00+00:00,20.177,20.444,19.791,19.899,429732.2
2024-10-13 16:00:00+00:00,19.899,20.26,19.643,19.885,515832.1
2024-10-13 20:00:00+00:00,19.885,20.564,19.744,20.318,352757.7
2024-10-14 00:00:00+00:00,20.318,21.241,20.028,21.126,416362.6
2024-10-14 04:00:00+00:00,21.126,21.432,20.643,21.387,505871.4
2024-10-14 08:00:00+00:00,21.387,21.74,21.195,21.676,674449.6
2024-10-14 12:00:00+00:00,21.676,22.001,21.473,21.907,660249.3
2024-10-14 16:00:00+00:00,21.907,21.975,21.643,21.739,286434.9
2024-10-14 20:00:00+00:00,21.739,21.923,21.473,21.739,368575.9
2024-10-15 00:00:00+00:00,21.739,21.956,21.333,21.353,413360.6
2024-10-15 04:00:00+00:00,21.353,21.656,21.213,21.526,584367.5
2024-10-15 08:00:00+00:00,21.526,22.299,21.259,21.4,1287407.1
2024-10-15 12:00:00+00:00,21.4,22.352,20.712,21.286,2163351.7
2024-10-15 16:00:00+00:00,21.286,21.746,21.252,21.361,506880.7
2024-10-15 20:00:00+00:00,21.361,21.465,20.716,21.391,472809.7
2024-10-16 00:00:00+00:00,21.391,21.499,20.957,21.072,264795.5
2024-10-16 04:00:00+00:00,21.072,21.193,20.582,20.717,387382.8
2024-10-16 08:00:00+00:00,20.717,21.344,20.674,21.028,490096.5
2024-10-16 12:00:00+00:00,21.028,21.284,20.659,20.719,497457.8
2024-10-16 16:00:00+00:00,20.719,21.108,20.554,20.899,348359.1
2024-10-16 20:00:00+00:00,20.899,21.192,20.886,20.893,152548.5
2024-10-17 00:00:00+00:00,20.893,21.146,20.812,21.029,166538.3
2024-10-17 04:00:00+00:00,21.029,21.101,20.293,20.565,421302.0
2024-10-17 08:00:00+00:00,20.565,23.744,20.46,21.216,6101901.1
2024-10-17 12:00:00+00:00,21.216,22.1,21.16,21.912,1349414.7
2024-10-17 16:00:00+00:00,21.912,22.032,20.978,21.256,844797.3
2024-10-17 20:00:00+00:00,21.256,21.559,21.207,21.346,317810.5
2024-10-18 00:00:00+00:00,21.346,21.516,20.933,21.176,543857.8
2024-10-18 04:00:00+00:00,21.176,22.222,21.167,22.13,1020581.1
2024-10-18 08:00:00+00:00,22.13,22.34,21.707,21.729,611427.8
2024-10-18 12:00:00+00:00,21.729,22.095,21.538,21.988,574585.0
2024-10-18 16:00:00+00:00,21.988,22.219,21.794,21.948,434763.5
2024-10-18 20:00:00+00:00,21.948,22.104,21.78,22.071,211487.9
2024-10-19 00:00:00+00:00,22.071,22.245,21.884,22.042,190708.3
2024-10-19 04:00:00+00:00,22.042,22.149,21.755,21.812,298922.2
2024-10-19 08:00:00+00:00,21.812,22.017,21.651,21.693,360847.7
2024-10-19 12:00:00+00:00,21.693,22.144,21.686,21.987,308736.8
2024-10-19 16:00:00+00:00,21.987,22.156,21.887,21.9,243779.3
2024-10-19 20:00:00+00:00,21.9,22.343,21.891,22.243,213416.7
2024-10-20 00:00:00+00:00,22.243,22.431,21.707,21.872,344047.1
2024-10-20 04:00:00+00:00,21.872,22.095,21.799,21.984,251688.2
2024-10-20 08:00:00+00:00,21.984,22.1,21.843,21.916,161580.8
2024-10-20 12:00:00+00:00,21.916,22.6,21.642,22.159,1072785.0
2024-10-20 16:00:00+00:00,22.159,22.208,21.942,22.037,272715.2
2024-10-20 20:00:00+00:00,22.037,22.355,21.968,22.171,373735.9
2024-10-21 00:00:00+00:00,22.171,22.402,21.774,21.97,376150.1
2024-10-21 04:00:00+00:00,21.97,22.2,21.756,21.766,392226.8
2024-10-21 08:00:00+00:00,21.766,21.904,21.47,21.797,526528.5
2024-10-21 12:00:00+00:00,21.797,21.878,21.175,21.478,705709.6
2024-10-21 16:00:00+00:00,21.478,21.508,21.034,21.458,338004.8
2024-10-21 20:00:00+00:00,21.458,21.617,21.267,21.279,208903.9
2024-10-22 00:00:00+00:00,21.279,21.531,20.956,21.422,258899.3
2024-10-22 04:00:00+00:00,21.422,21.627,21.302,21.382,227780.2
2024-10-22 08:00:00+00:00,21.382,21.438,20.848,21.026,463745.7
2024-10-22 12:00:00+00:00,21.026,21.174,20.686,20.964,425432.4
2024-10-22 16:00:00+00:00,20.964,21.008,20.666,20.96,185418.0
2024-10-22 20:00:00+00:00,20.96,21.123,20.896,20.958,141745.8
2024-10-23 00:00:00+00:00,20.958,21.018,20.59,20.669,181983.6
2024-10-23 04:00:00+00:00,20.669,20.811,20.372,20.442,307618.0
2024-10-23 08:00:00+00:00,20.442,20.546,20.096,20.143,420606.1
2024-10-23 12:00:00+00:00,20.143,20.425,19.849,20.034,369675.9
2024-10-23 16:00:00+00:00,20.034,20.197,19.53,20.197,483891.8
2024-10-23 20:00:00+00:00,20.197,20.355,20.061,20.167,272789.8
2024-10-24 00:00:00+00:00,20.167,20.518,20.057,20.383,223690.7
2024-10-24 04:00:00+00:00,20.383,20.552,20.261,20.275,153833.9
2024-10-24 08:00:00+00:00,20.275,20.329,19.817,20.145,303461.3
2024-10-24 12:00:00+00:00,20.145,20.403,20.124,20.31,281888.5
2024-10-24 16:00:00+00:00,20.31,20.376,20.131,20.361,189550.5
2024-10-24 20:00:00+00:00,20.361,20.59,20.255,20.41,208216.2
2024-10-25 00:00:00+00:00,20.41,20.5,20.267,20.368,106888.5
2024-10-25 04:00:00+00:00,20.368,20.408,19.869,20.053,235237.9
2024-10-25 08:00:00+00:00,20.053,20.335,19.82,20.29,214739.1
2024-10-25 12:00:00+00:00,20.29,20.391,19.709,19.809,334558.1
2024-10-25 16:00:00+00:00,19.809,19.981,19.289,19.593,730760.2
2024-10-25 20:00:00+00:00,19.593,19.692,17.056,18.196,1482351.9
2024-10-26 00:00:00+00:00,18.196,18.675,17.907,18.626,461870.1
2024-10-26 04:00:00+00:00,18.626,18.806,18.494,18.686,225033.5
2024-10-26 08:00:00+00:00,18.686,18.754,18.522,18.606,180932.5
2024-10-26 12:00:00+00:00,18.606,18.644,17.958,18.07,352274.2
2024-10-26 16:00:00+00:00,18.07,18.482,18.021,18.453,211511.8
2024-10-26 20:00:00+00:00,18.453,18.599,18.336,18.381,127534.2
2024-10-27 00:00:00+00:00,18.381,18.497,18.258,18.488,91603.3
2024-10-27 04:00:00+00:00,18.488,18.517,18.367,18.422,69418.0
2024-10-27 08:00:00+00:00,18.422,18.517,18.27,18.313,118500.8
2024-10-27 12:00:00+00:00,18.313,18.845,18.313,18.764,226379.3
2024-10-27 16:00:00+00:00,18.764,18.952,18.619,18.762,209442.6
2024-10-27 20:00:00+00:00,18.762,19.125,18.741,18.972,194599.1
2024-10-28 00:00:00+00:00,18.972,19.079,18.614,18.658,142234.6
2024-10-28 04:00:00+00:00,18.658,18.962,18.425,18.856,258136.6
2024-10-28 08:00:00+00:00,18.856,19.027,18.666,18.904,282669.4
2024-10-28 12:00:00+00:00,18.904,19.018,18.472,18.486,492614.8
2024-10-28 16:00:00+00:00,18.486,18.958,18.217,18.784,424957.3
2024-10-28 20:00:00+00:00,18.784,19.392,18.745,19.212,402946.2
2024-10-29 00:00:00+00:00,19.212,20.173,19.177,20.169,455629.1
2024-10-29 04:00:00+00:00,20.169,20.216,19.732,19.799,175275.6
2024-10-29 08:00:00+00:00,19.799,20.157,19.727,20.056,206442.6
2024-10-29 12:00:00+00:00,20.056,20.274,19.981,20.243,351581.6
2024-10-29 16:00:00+00:00,20.243,20.514,19.941,19.998,618328.1
2024-10-29 20:00:00+00:00,19.998,20.298,19.768,20.283,295677.7
2024-10-30 00:00:00+00:00,20.283,20.34,19.948,20.079,158162.1
2024-10-30 04:00:00+00:00,20.079,20.12,19.826,19.865,137894.1
2024-10-30 08:00:00+00:00,19.865,19.973,19.501,19.52,326249.3
2024-10-30 12:00:00+00:00,19.52,20.1,19.402,19.699,554981.1
2024-10-30 16:00:00+00:00,19.699,19.949,19.628,19.816,257550.8
2024-10-30 20:00:00+00:00,19.816,20.262,19.675,19.865,353969.8
2024-10-31 00:00:00+00:00,19.865,19.927,19.629,19.709,103517.6
2024-10-31 04:00:00+00:00,19.709,19.771,19.441,19.652,119793.8
2024-10-31 08:00:00+00:00,19.652,19.664,19.321,19.489,242647.0
2024-10-31 12:00:00+00:00,19.489,19.623,19.097,19.324,622996.6
2024-10-31 16:00:00+00:00,19.324,19.353,18.783,18.802,384059.3
2024-10-31 20:00:00+00:00,18.802,19.239,18.789,19.049,212813.4
2024-11-01 00:00:00+00:00,19.049,19.186,18.733,19.035,199720.9
2024-11-01 04:00:00+00:00,19.035,19.089,18.519,18.658,217988.5
2024-11-01 08:00:00+00:00,18.658,19.101,18.635,18.992,185788.4
2024-11-01 12:00:00+00:00,18.992,19.816,18.583,18.748,681212.9
2024-11-01 16:00:00+00:00,18.748,19.132,18.668,18.846,507224.4
2024-11-01 20:00:00+00:00,18.846,18.93,18.374,18.724,242666.2
2024-11-02 00:00:00+00:00,18.724,18.875,18.588,18.604,118647.3
2024-11-02 04:00:00+00:00,18.604,18.646,18.447,18.585,104667.5
2024-11-02 08:00:00+00:00,18.585,18.62,18.329,18.504,195526.3
2024-11-02 12:00:00+00:00,18.504,18.521,17.851,18.06,480906.5
2024-11-02 16:00:00+00:00,18.06,18.207,17.752,17.927,258966.2
2024-11-02 20:00:00+00:00,17.927,18.079,17.85,17.96,108675.6
2024-11-03 00:00:00+00:00,17.96,18.033,17.185,17.519,500013.2
2024-11-03 04:00:00+00:00,17.519,17.781,17.507,17.657,126572.7
2024-11-03 08:00:00+00:00,17.657,17.725,17.367,17.385,173968.2
2024-11-03 12:00:00+00:00,17.385,17.491,16.101,16.596,1447994.0
2024-11-03 16:00:00+00:00,16.596,16.799,16.335,16.769,570275.9
2024-11-03 20:00:00+00:00,16.769,17.017,16.713,16.874,275066.7
2024-11-04 00:00:00+00:00,16.874,17.189,16.595,16.973,278307.8
2024-11-04 04:00:00+00:00,16.973,17.089,16.657,16.67,195113.0
2024-11-04 08:00:00+00:00,16.67,16.998,16.598,16.927,201447.8
2024-11-04 12:00:00+00:00,16.927,17.081,16.606,16.683,319062.1
2024-11-04 16:00:00+00:00,16.683,16.686,16.304,16.448,284095.6
2024-11-04 20:00:00+00:00,16.448,16.52,15.963,16.352,660586.9
2024-11-05 00:00:00+00:00,16.352,16.621,16.313,16.606,234461.9
2024-11-05 04:00:00+00:00,16.606,16.922,16.601,16.883,171467.7
2024-11-05 08:00:00+00:00,16.883,16.993,16.766,16.93,193676.8
2024-11-05 12:00:00+00:00,16.93,17.529,16.829,17.251,512034.2
2024-11-05 16:00:00+00:00,17.251,17.608,17.018,17.102,443094.8
2024-11-05 20:00:00+00:00,17.102,17.415,17.033,17.299,218601.8
2024-11-06 00:00:00+00:00,17.299,19.174,17.299,19.014,851848.5
2024-11-06 04:00:00+00:00,19.014,20.902,18.99,20.29,1469349.9
2024-11-06 08:00:00+00:00,20.29,21.25,19.688,20.747,1032295.2
2024-11-06 12:00:00+00:00,20.747,20.999,20.316,20.635,671910.4
2024-11-06 16:00:00+00:00,20.635,21.352,20.619,21.157,433538.2
2024-11-06 20:00:00+00:00,21.157,21.465,20.926,21.217,360716.2
2024-11-07 00:00:00+00:00,21.217,21.731,21.06,21.366,393666.0
2024-11-07 04:00:00+00:00,21.366,21.404,20.563,20.741,298433.5
2024-11-07 08:00:00+00:00,20.741,21.084,20.711,20.785,303986.5
2024-11-07 12:00:00+00:00,20.785,21.348,20.59,21.33,334675.2
2024-11-07 16:00:00+00:00,21.33,21.756,21.204,21.637,395120.4
2024-11-07 20:00:00+00:00,21.637,21.924,21.347,21.623,295923.3
2024-11-08 00:00:00+00:00,21.623,22.565,21.598,21.959,513768.2
2024-11-08 04:00:00+00:00,21.959,22.436,21.758,22.13,268524.6
2024-11-08 08:00:00+00:00,22.13,22.592,21.767,22.442,378932.9
2024-11-08 12:00:00+00:00,22.442,23.012,22.193,22.821,807462.4
2024-11-08 16:00:00+00:00,22.821,22.959,21.931,22.621,691638.0
2024-11-08 20:00:00+00:00,22.621,22.677,22.117,22.427,274366.7
2024-11-09 00:00:00+00:00,22.427,22.819,21.926,21.992,294382.4
2024-11-09 04:00:00+00:00,21.992,22.664,21.992,22.544,334664.4
2024-11-09 08:00:00+00:00,22.544,22.793,22.348,22.535,247708.7
2024-11-09 12:00:00+00:00,22.535,22.626,21.952,22.217,261559.9
2024-11-09 16:00:00+00:00,22.217,22.504,21.814,22.349,330451.7
2024-11-09 20:00:00+00:00,22.349,23.88,22.29,23.832,639704.6
2024-11-10 00:00:00+00:00,23.832,24.741,23.684,24.218,757576.6
2024-11-10 04:00:00+00:00,24.218,25.0,24.067,24.931,444521.9
2024-11-10 08:00:00+00:00,24.931,26.302,24.931,26.084,954369.3
2024-11-10 12:00:00+00:00,26.084,26.515,25.477,25.896,674373.4
2024-11-10 16:00:00+00:00,25.896,26.291,24.771,25.125,674791.5
2024-11-10 20:00:00+00:00,25.125,25.761,23.233,25.757,1051132.5
2024-11-11 00:00:00+00:00,25.757,26.348,25.347,25.891,465065.8
2024-11-11 04:00:00+00:00,25.891,26.155,24.85,25.924,568339.0
2024-11-11 08:00:00+00:00,25.924,26.944,25.647,26.784,911107.2
2024-11-11 12:00:00+00:00,26.784,27.134,25.478,25.98,1031044.9
2024-11-11 16:00:00+00:00,25.98,26.881,25.855,26.255,800021.2
2024-11-11 20:00:00+00:00,26.255,27.127,26.121,26.907,686853.9
2024-11-12 00:00:00+00:00,26.907,26.932,25.75,26.227,639819.7
2024-11-12 04:00:00+00:00,26.227,26.612,25.712,26.105,501648.5
2024-11-12 08:00:00+00:00,26.105,26.958,23.439,24.436,1782594.6
2024-11-12 12:00:00+00:00,24.436,24.801,23.47,23.897,1291216.4
2024-11-12 16:00:00+00:00,23.897,24.802,23.466,24.59,694103.5
2024-11-12 20:00:00+00:00,24.59,25.112,24.011,24.496,461163.4
2024-11-13 00:00:00+00:00,24.496,24.734,23.314,23.332,575181.3
2024-11-13 04:00:00+00:00,23.332,23.637,22.322,23.249,870165.1
2024-11-13 08:00:00+00:00,23.249,24.193,23.084,23.921,508986.0
2024-11-13 12:00:00+00:00,23.921,27.107,23.617,25.8,1756096.2
2024-11-13 16:00:00+00:00,25.8,25.816,23.759,23.823,1073503.5
2024-11-13 20:00:00+00:00,23.823,24.282,23.266,24.163,808613.5
2024-11-14 00:00:00+00:00,24.163,24.17,23.227,23.846,322056.8
2024-11-14 04:00:00+00:00,23.846,25.298,23.737,24.997,595962.8
2024-11-14 08:00:00+00:00,24.997,25.908,24.207,24.673,776967.5
2024-11-14 12:00:00+00:00,24.673,25.105,23.622,24.032,772927.8
2024-11-14 16:00:00+00:00,24.032,24.924,23.736,24.148,492001.7
2024-11-14 20:00:00+00:00,24.148,24.218,22.881,23.309,623323.5
2024-11-15 00:00:00+00:00,23.309,23.641,22.829,23.308,335519.6
2024-11-15 04:00:00+00:00,23.308,23.589,22.374,23.191,505345.5
2024-11-15 08:00:00+00:00,23.191,24.025,22.934,24.008,313485.4
2024-11-15 12:00:00+00:00,24.008,24.176,22.87,23.012,539056.7
2024-11-15 16:00:00+00:00,23.012,24.056,22.896,23.908,462758.4
2024-11-15 20:00:00+00:00,23.908,25.01,23.908,24.676,353947.3
2024-11-16 00:00:00+00:00,24.676,25.096,24.278,25.091,242283.7
2024-11-16 04:00:00+00:00,25.091,25.335,24.606,24.658,293063.6
2024-11-16 08:00:00+00:00,24.658,25.854,24.658,25.814,332496.5
2024-11-16 12:00:00+00:00,25.814,26.019,24.759,25.064,472074.6
2024-11-16 16:00:00+00:00,25.064,26.046,24.884,25.842,345815.7
2024-11-16 20:00:00+00:00,25.842,25.939,25.458,25.907,269336.0
2024-11-17 00:00:00+00:00,25.907,26.53,24.664,25.666,694796.8
2024-11-17 04:00:00+00:00,25.666,27.06,25.225,26.896,561987.7
2024-11-17 08:00:00+00:00,26.896,27.245,26.031,26.039,601513.4
2024-11-17 12:00:00+00:00,26.039,26.475,25.755,25.818,363744.1
2024-11-17 16:00:00+00:00,25.818,26.019,24.802,25.053,397547.8
2024-11-17 20:00:00+00:00,25.053,25.316,24.251,24.576,691319.6
2024-11-18 00:00:00+00:00,24.576,25.566,24.353,25.561,289907.3
2024-11-18 04:00:00+00:00,25.561,26.026,25.046,25.65,399974.9
2024-11-18 08:00:00+00:00,25.65,25.684,24.582,24.725,547053.0
2024-11-18 12:00:00+00:00,24.725,25.943,24.158,25.759,681919.2
2024-11-18 16:00:00+00:00,25.759,25.959,24.669,25.098,574941.9
2024-11-18 20:00:00+00:00,25.098,25.855,24.937,25.709,434628.4
2024-11-19 00:00:00+00:00,25.709,26.259,25.547,25.716,252505.1
2024-11-19 04:00:00+00:00,25.716,25.803,25.211,25.247,217369.3
2024-11-19 08:00:00+00:00,25.247,25.277,24.679,25.068,379864.2
2024-11-19 12:00:00+00:00,25.068,25.388,24.3,24.785,517403.1
2024-11-19 16:00:00+00:00,24.785,25.463,24.562,25.068,368313.9
2024-11-19 20:00:00+00:00,25.068,25.185,23.935,24.418,590173.3
2024-11-20 00:00:00+00:00,24.418,24.422,23.351,23.804,417779.8
2024-11-20 04:00:00+00:00,23.804,24.15,23.539,24.033,266818.7
2024-11-20 08:00:00+00:00,24.033,24.818,23.871,24.12,481181.3
2024-11-20 12:00:00+00:00,24.12,25.276,23.675,24.344,720145.4
2024-11-20 16:00:00+00:00,24.344,24.798,22.92,23.222,834123.9
2024-11-20 20:00:00+00:00,23.222,23.918,23.027,23.234,367381.8
2024-11-21 00:00:00+00:00,23.234,23.564,22.45,23.055,406050.8
2024-11-21 04:00:00+00:00,23.055,24.105,23.007,23.755,438201.6
2024-11-21 08:00:00+00:00,23.755,23.791,23.054,23.381,310900.4
2024-11-21 12:00:00+00:00,23.381,24.932,23.325,23.968,1025551.1
2024-11-21 16:00:00+00:00,23.968,24.864,23.966,24.428,674371.5
2024-11-21 20:00:00+00:00,24.428,25.321,24.309,25.08,410322.2
2024-11-22 00:00:00+00:00,25.08,25.512,24.51,25.31,380321.9
2024-11-22 04:00:00+00:00,25.31,25.636,24.652,24.777,258743.5
2024-11-22 08:00:00+00:00,24.777,25.081,24.433,24.95,451657.9
2024-11-22 12:00:00+00:00,24.95,25.291,23.965,24.712,890301.5
2024-11-22 16:00:00+00:00,24.712,24.736,23.965,24.357,404013.7
2024-11-22 20:00:00+00:00,24.357,26.658,24.266,26.614,778155.6
2024-11-23 00:00:00+00:00,26.614,28.56,26.261,28.262,979388.4
2024-11-23 04:00:00+00:00,28.262,29.24,27.851,28.851,833663.7
2024-11-23 08:00:00+00:00,28.851,29.412,28.424,28.976,462681.3
2024-11-23 12:00:00+00:00,28.976,29.419,28.662,29.043,479978.6
2024-11-23 16:00:00+00:00,29.043,29.261,27.566,27.734,1411297.1
2024-11-23 20:00:00+00:00,27.734,28.117,26.816,27.862,577220.4
2024-11-24 00:00:00+00:00,27.862,28.834,27.684,28.519,383456.0
2024-11-24 04:00:00+00:00,28.519,28.958,27.915,28.569,366156.9
2024-11-24 08:00:00+00:00,28.569,28.623,26.797,26.86,881842.7
2024-11-24 12:00:00+00:00,26.86,27.252,25.501,25.861,1139977.2
2024-11-24 16:00:00+00:00,25.861,27.242,25.724,26.9,695290.1
2024-11-24 20:00:00+00:00,26.9,28.54,26.801,28.472,416316.5
2024-11-25 00:00:00+00:00,28.472,28.793,27.245,27.567,519423.9
2024-11-25 04:00:00+00:00,27.567,28.213,27.445,28.064,298543.4
2024-11-25 08:00:00+00:00,28.064,29.728,27.767,28.825,699756.9
2024-11-25 12:00:00+00:00,28.825,29.445,27.585,29.05,1300928.8
2024-11-25 16:00:00+00:00,29.05,29.765,27.136,27.486,989559.3
2024-11-25 20:00:00+00:00,27.486,28.052,26.14,26.957,850484.1
2024-11-26 00:00:00+00:00,26.957,27.932,26.697,27.307,502086.1
2024-11-26 04:00:00+00:00,27.307,28.025,27.071,27.718,524498.2
2024-11-26 08:00:00+00:00,27.718,28.283,26.44,27.38,1687544.0
2024-11-26 12:00:00+00:00,27.38,29.969,27.087,28.484,1600151.9
2024-11-26 16:00:00+00:00,28.484,30.646,28.398,30.001,2235301.5
2024-11-26 20:00:00+00:00,30.001,31.107,29.52,30.84,1355752.0
2024-11-27 00:00:00+00:00,30.84,30.93,29.205,29.823,1005867.7
2024-11-27 04:00:00+00:00,29.823,30.039,29.249,29.383,657250.4
2024-11-27 08:00:00+00:00,29.383,30.215,29.063,29.265,751675.7
2024-11-27 12:00:00+00:00,29.265,29.915,28.68,29.512,809320.9
2024-11-27 16:00:00+00:00,29.512,30.916,29.316,30.723,881092.1
2024-11-27 20:00:00+00:00,30.723,31.545,29.634,29.802,930639.5
2024-11-28 00:00:00+00:00,29.802,29.892,29.043,29.345,504472.8
2024-11-28 04:00:00+00:00,29.345,30.188,29.015,29.13,551999.1
2024-11-28 08:00:00+00:00,29.13,29.627,28.74,29.064,674093.6
2024-11-28 12:00:00+00:00,29.064,29.469,28.123,28.193,773270.8
2024-11-28 16:00:00+00:00,28.193,29.234,28.127,28.933,543614.9
2024-11-28 20:00:00+00:00,28.933,29.7,28.8,29.428,417300.9
2024-11-29 00:00:00+00:00,29.428,29.988,29.18,29.826,352260.5
2024-11-29 04:00:00+00:00,29.826,30.06,29.4,29.516,480323.7
2024-11-29 08:00:00+00:00,29.516,30.258,29.331,29.696,629511.7
2024-11-29 12:00:00+00:00,29.696,30.439,29.256,30.22,679866.5
2024-11-29 16:00:00+00:00,30.22,30.38,29.617,30.2,624806.7
2024-11-29 20:00:00+00:00,30.2,30.57,30.042,30.358,296981.2
2024-11-30 00:00:00+00:00,30.358,30.592,29.708,30.483,873003.5
2024-11-30 04:00:00+00:00,30.483,30.612,29.963,30.413,298245.3
2024-11-30 08:00:00+00:00,30.413,30.573,29.467,29.861,588008.2
2024-11-30 12:00:00+00:00,29.861,30.392,29.734,30.32,521875.9
2024-11-30 16:00:00+00:00,30.32,30.847,29.95,30.666,471361.7
2024-11-30 20:00:00+00:00,30.666,31.494,30.625,31.196,440893.7
2024-12-01 00:00:00+00:00,31.196,31.877,30.214,30.849,654480.1
2024-12-01 04:00:00+00:00,30.849,30.863,30.158,30.368,317010.3
2024-12-01 08:00:00+00:00,30.368,30.828,29.922,30.464,415718.5
2024-12-01 12:00:00+00:00,30.464,30.555,29.988,30.317,452150.2
2024-12-01 16:00:00+00:00,30.317,30.368,29.647,29.846,451146.3
2024-12-01 20:00:00+00:00,29.846,30.255,29.39,30.016,413896.8
2024-12-02 00:00:00+00:00,30.016,31.457,29.803,30.173,839256.8
2024-12-02 04:00:00+00:00,30.173,30.957,29.701,30.067,795328.8
2024-12-02 08:00:00+00:00,30.067,30.25,28.106,28.421,1169888.3
2024-12-02 12:00:00+00:00,28.421,31.078,28.259,30.91,931925.6
2024-12-02 16:00:00+00:00,30.91,30.942,29.312,29.923,1017989.2
2024-12-02 20:00:00+00:00,29.923,31.931,29.881,31.872,728210.8
2024-12-03 00:00:00+00:00,31.872,32.525,31.569,32.045,927158.9
2024-12-03 04:00:00+00:00,32.045,33.663,31.925,32.485,1079415.7
2024-12-03 08:00:00+00:00,32.485,33.272,31.724,32.439,714927.4
2024-12-03 12:00:00+00:00,32.439,32.51,29.789,31.345,1647344.7
2024-12-03 16:00:00+00:00,31.345,31.998,30.461,31.537,622323.9
2024-12-03 20:00:00+00:00,31.537,33.974,31.483,33.405,808317.0
2024-12-04 00:00:00+00:00,33.405,33.68,32.665,32.708,415366.8
2024-12-04 04:00:00+00:00,32.708,33.9,32.683,33.857,350665.6
2024-12-04 08:00:00+00:00,33.857,33.892,32.87,33.486,597192.1
2024-12-04 12:00:00+00:00,33.486,33.727,32.551,33.209,783222.5
2024-12-04 16:00:00+00:00,33.209,33.339,31.51,32.814,961832.7
2024-12-04 20:00:00+00:00,32.814,33.052,31.368,31.871,726467.7
2024-12-05 00:00:00+00:00,31.871,32.0,30.242,31.02,974335.7
2024-12-05 04:00:00+00:00,31.02,32.986,30.837,32.941,765602.7
2024-12-05 08:00:00+00:00,32.941,33.708,32.384,33.308,547060.7
2024-12-05 12:00:00+00:00,33.308,35.051,33.203,34.103,1501357.9
2024-12-05 16:00:00+00:00,34.103,34.412,32.624,32.81,682366.2
2024-12-05 20:00:00+00:00,32.81,33.002,31.017,32.272,1324306.4
2024-12-06 00:00:00+00:00,32.272,34.017,31.928,33.51,526442.2
2024-12-06 04:00:00+00:00,33.51,34.836,33.458,34.639,548437.6
2024-12-06 08:00:00+00:00,34.639,34.788,33.097,34.212,813076.7
2024-12-06 12:00:00+00:00,34.212,34.862,33.125,34.403,783182.1
2024-12-06 16:00:00+00:00,34.403,35.299,34.318,34.665,563832.9
2024-12-06 20:00:00+00:00,34.665,34.978,33.757,34.074,357184.4
2024-12-07 00:00:00+00:00,34.074,34.271,33.623,33.844,237803.9
2024-12-07 04:00:00+00:00,33.844,33.946,33.346,33.561,151484.3
2024-12-07 08:00:00+00:00,33.561,34.422,33.466,34.017,435546.4
2024-12-07 12:00:00+00:00,34.017,34.035,33.276,33.572,391582.8
2024-12-07 16:00:00+00:00,33.572,33.667,32.807,33.006,535755.3
2024-12-07 20:00:00+00:00,33.006,33.397,32.972,33.039,300210.3
2024-12-08 00:00:00+00:00,33.039,33.463,32.901,33.086,132521.6
2024-12-08 04:00:00+00:00,33.086,33.243,32.419,32.983,255657.7
2024-12-08 08:00:00+00:00,32.983,33.07,32.189,32.792,345843.6
2024-12-08 12:00:00+00:00,32.792,33.384,32.561,32.95,448357.8
2024-12-08 16:00:00+00:00,32.95,32.968,32.34,32.705,352526.5
2024-12-08 20:00:00+00:00,32.705,33.471,32.553,33.342,195279.5
2024-12-09 00:00:00+00:00,33.342,33.402,31.39,31.735,695460.7
2024-12-09 04:00:00+00:00,31.735,32.272,31.085,31.578,494390.7
2024-12-09 08:00:00+00:00,31.578,31.578,30.15,30.347,944300.2
2024-12-09 12:00:00+00:00,30.347,31.375,30.0,30.387,775726.3
2024-12-09 16:00:00+00:00,30.387,30.816,30.15,30.21,493736.4
2024-12-09 20:00:00+00:00,30.21,30.326,24.094,28.012,4606595.6
2024-12-10 00:00:00+00:00,28.012,28.503,25.917,27.18,1100408.2
2024-12-10 04:00:00+00:00,27.18,28.506,26.581,28.267,539315.9
2024-12-10 08:00:00+00:00,28.267,28.604,27.728,27.825,413487.4
2024-12-10 12:00:00+00:00,27.825,27.884,25.501,25.535,1718991.6
2024-12-10 16:00:00+00:00,25.535,26.643,24.994,26.528,1563540.2
2024-12-10 20:00:00+00:00,26.528,27.446,26.384,27.044,479542.9
2024-12-11 00:00:00+00:00,27.044,27.369,26.085,27.149,432442.6
2024-12-11 04:00:00+00:00,27.149,27.429,26.806,26.849,234146.2
2024-12-11 08:00:00+00:00,26.849,27.907,26.831,27.6,302328.4
2024-12-11 12:00:00+00:00,27.6,29.033,27.6,28.624,699965.4
2024-12-11 16:00:00+00:00,28.624,28.764,28.225,28.696,431047.4
2024-12-11 20:00:00+00:00,28.696,28.912,28.279,28.808,303365.6
2024-12-12 00:00:00+00:00,28.808,30.246,28.519,30.034,496893.4
2024-12-12 04:00:00+00:00,30.034,30.809,30.027,30.093,452780.1
2024-12-12 08:00:00+00:00,30.093,30.685,29.354,29.649,437435.6
2024-12-12 12:00:00+00:00,29.649,30.416,29.607,29.888,649222.9
2024-12-12 16:00:00+00:00,29.888,30.346,28.826,28.917,595315.7
2024-12-12 20:00:00+00:00,28.917,29.417,28.633,29.112,386043.5
2024-12-13 00:00:00+00:00,29.112,29.437,28.522,29.256,405669.6
2024-12-13 04:00:00+00:00,29.256,29.334,28.238,28.579,224251.8
2024-12-13 08:00:00+00:00,28.579,29.276,28.496,28.958,231976.0
2024-12-13 12:00:00+00:00,28.958,29.395,28.351,28.392,383987.1
2024-12-13 16:00:00+00:00,28.392,29.079,28.313,28.966,386601.3
2024-12-13 20:00:00+00:00,28.966,29.333,28.678,29.254,175649.8
2024-12-14 00:00:00+00:00,29.254,29.653,28.93,29.002,274298.0
2024-12-14 04:00:00+00:00,29.002,29.119,28.634,28.656,128923.4
2024-12-14 08:00:00+00:00,28.656,28.859,28.275,28.293,213830.3
2024-12-14 12:00:00+00:00,28.293,28.359,27.27,27.617,510219.4
2024-12-14 16:00:00+00:00,27.617,27.724,26.81,27.293,535277.0
2024-12-14 20:00:00+00:00,27.293,27.588,26.841,27.442,270402.7
2024-12-15 00:00:00+00:00,27.442,27.718,27.109,27.171,163650.1
2024-12-15 04:00:00+00:00,27.171,27.602,26.57,26.794,199360.3
2024-12-15 08:00:00+00:00,26.794,27.431,26.766,27.256,137891.5
2024-12-15 12:00:00+00:00,27.256,28.297,27.159,28.145,289871.3
2024-12-15 16:00:00+00:00,28.145,28.337,27.762,28.004,255851.9
2024-12-15 20:00:00+00:00,28.004,28.738,26.963,28.596,490373.1
2024-12-16 00:00:00+00:00,28.596,29.428,28.112,28.299,431948.9
2024-12-16 04:00:00+00:00,28.299,28.488,27.919,28.361,187723.7
2024-12-16 08:00:00+00:00,28.361,28.464,27.472,27.574,380814.4
2024-12-16 12:00:00+00:00,27.574,28.971,27.538,28.602,513609.5
2024-12-16 16:00:00+00:00,28.602,29.481,28.501,29.229,492596.6
2024-12-16 20:00:00+00:00,29.229,29.298,28.392,28.503,204978.3
2024-12-17 00:00:00+00:00,28.503,28.553,27.731,28.267,342940.5
2024-12-17 04:00:00+00:00,28.267,28.282,27.637,27.826,204093.7
2024-12-17 08:00:00+00:00,27.826,28.658,27.634,28.542,295069.7
2024-12-17 12:00:00+00:00,28.542,29.355,27.33,27.392,812963.2
2024-12-17 16:00:00+00:00,27.392,28.206,27.138,27.716,594806.3
2024-12-17 20:00:00+00:00,27.716,27.916,26.607,26.886,492592.4
2024-12-18 00:00:00+00:00,26.886,27.008,26.373,26.508,313077.1
2024-12-18 04:00:00+00:00,26.508,26.534,25.961,26.419,309342.8
2024-12-18 08:00:00+00:00,26.419,27.47,26.198,27.444,284467.1
2024-12-18 12:00:00+00:00,27.444,27.474,26.469,26.968,634953.2
2024-12-18 16:00:00+00:00,26.968,27.679,26.228,26.228,575046.9
2024-12-18 20:00:00+00:00,26.228,26.441,24.095,24.464,2138893.9
2024-12-19 00:00:00+00:00,24.464,24.544,22.574,24.412,1383703.2
2024-12-19 04:00:00+00:00,24.412,24.751,24.243,24.527,345059.6
2024-12-19 08:00:00+00:00,24.527,24.789,24.084,24.455,245765.0
2024-12-19 12:00:00+00:00,24.455,24.529,23.06,23.482,816070.5
2024-12-19 16:00:00+00:00,23.482,23.619,21.235,21.682,2148935.2
2024-12-19 20:00:00+00:00,21.682,22.428,20.963,21.829,771508.4
2024-12-20 00:00:00+00:00,21.829,22.763,21.541,22.286,426588.9
2024-12-20 04:00:00+00:00,22.286,22.393,21.319,21.809,363069.4
2024-12-20 08:00:00+00:00,21.809,21.827,18.455,18.497,2728228.6
2024-12-20 12:00:00+00:00,18.497,20.923,18.475,20.781,1499621.7
2024-12-20 16:00:00+00:00,20.781,21.913,20.581,21.849,623083.3
2024-12-20 20:00:00+00:00,21.849,22.275,21.099,22.13,540929.8
2024-12-21 00:00:00+00:00,22.13,22.396,21.89,22.045,241231.3
2024-12-21 04:00:00+00:00,22.045,23.527,22.001,23.178,360613.3
2024-12-21 08:00:00+00:00,23.178,23.301,22.027,22.259,569283.9
2024-12-21 12:00:00+00:00,22.259,22.307,20.702,21.073,1149408.5
2024-12-21 16:00:00+00:00,21.073,21.172,20.057,20.514,782033.6
2024-12-21 20:00:00+00:00,20.514,20.738,20.089,20.48,483256.4
2024-12-22 00:00:00+00:00,20.48,20.744,20.148,20.525,365521.3
2024-12-22 04:00:00+00:00,20.525,20.662,19.885,20.57,346969.5
2024-12-22 08:00:00+00:00,20.57,21.162,20.553,20.877,277795.1
2024-12-22 12:00:00+00:00,20.877,21.166,20.164,20.462,473335.1
2024-12-22 16:00:00+00:00,20.462,20.851,19.941,20.005,392944.2
2024-12-22 20:00:00+00:00,20.005,20.745,19.737,20.404,442446.6
2024-12-23 00:00:00+00:00,20.404,21.365,19.958,21.269,464851.7
2024-12-23 04:00:00+00:00,21.269,21.362,20.366,20.63,287495.2
2024-12-23 08:00:00+00:00,20.63,21.115,20.566,20.883,318883.1
2024-12-23 12:00:00+00:00,20.883,21.179,20.408,20.561,559151.3
2024-12-23 16:00:00+00:00,20.561,21.567,20.51,21.336,826712.1
2024-12-23 20:00:00+00:00,21.336,23.777,21.322,23.096,1085128.9
2024-12-24 00:00:00+00:00,23.096,23.243,22.231,22.792,455499.2
2024-12-24 04:00:00+00:00,22.792,22.894,22.39,22.528,212668.6
2024-12-24 08:00:00+00:00,22.528,22.944,22.377,22.792,293325.6
2024-12-24 12:00:00+00:00,22.792,23.804,22.539,23.59,479934.3
2024-12-24 16:00:00+00:00,23.59,23.767,22.855,22.88,434871.3
2024-12-24 20:00:00+00:00,22.88,23.435,22.551,23.298,368922.1
2024-12-25 00:00:00+00:00,23.298,23.65,23.159,23.429,219517.8
2024-12-25 04:00:00+00:00,23.429,23.483,22.952,23.002,168117.3
2024-12-25 08:00:00+00:00,23.002,23.738,22.722,22.78,351457.7
2024-12-25 12:00:00+00:00,22.78,23.025,22.603,22.695,277862.2
2024-12-25 16:00:00+00:00,22.695,22.791,22.363,22.622,237634.6
2024-12-25 20:00:00+00:00,22.622,22.784,22.248,22.555,225021.7
2024-12-26 00:00:00+00:00,22.555,22.935,22.123,22.164,256086.0
2024-12-26 04:00:00+00:00,22.164,22.166,21.672,21.746,197202.6
2024-12-26 08:00:00+00:00,21.746,21.789,21.103,21.318,349890.5
2024-12-26 12:00:00+00:00,21.318,21.447,21.041,21.266,205478.5
2024-12-26 16:00:00+00:00,21.266,21.476,20.911,21.216,203070.9
2024-12-26 20:00:00+00:00,21.216,21.346,20.978,21.186,193434.8
2024-12-27 00:00:00+00:00,21.186,21.494,21.062,21.306,161530.8
2024-12-27 04:00:00+00:00,21.306,21.461,20.821,20.987,276827.7
2024-12-27 08:00:00+00:00,20.987,22.088,20.986,21.804,373573.9
2024-12-27 12:00:00+00:00,21.804,21.876,20.714,20.864,341518.0
2024-12-27 16:00:00+00:00,20.864,21.35,20.611,21.022,290081.4
2024-12-27 20:00:00+00:00,21.022,21.095,20.597,20.766,148208.1
2024-12-28 00:00:00+00:00,20.766,20.838,20.481,20.698,157681.3
2024-12-28 04:00:00+00:00,20.698,20.707,20.344,20.38,123486.1
2024-12-28 08:00:00+00:00,20.38,20.606,20.325,20.588,131081.0
2024-12-28 12:00:00+00:00,20.588,21.231,20.346,20.805,374205.3
2024-12-28 16:00:00+00:00,20.805,21.369,20.695,21.044,168828.1
2024-12-28 20:00:00+00:00,21.044,21.51,20.979,21.291,140189.5
2024-12-29 00:00:00+00:00,21.291,21.35,20.959,21.179,116831.1
2024-12-29 04:00:00+00:00,21.179,21.224,20.861,21.175,91129.6
2024-12-29 08:00:00+00:00,21.175,21.21,20.747,20.75,149179.3
2024-12-29 12:00:00+00:00,20.75,20.939,20.472,20.588,228028.9
2024-12-29 16:00:00+00:00,20.588,20.609,20.176,20.3,208816.5
2024-12-29 20:00:00+00:00,20.3,20.438,20.038,20.301,189634.3
2024-12-30 00:00:00+00:00,20.301,20.945,20.201,20.663,216769.9
2024-12-30 04:00:00+00:00,20.663,20.992,20.499,20.772,179035.0
2024-12-30 08:00:00+00:00,20.772,20.96,20.392,20.606,165832.0
2024-12-30 12:00:00+00:00,20.606,20.83,19.568,19.77,567238.7
2024-12-30 16:00:00+00:00,19.77,20.747,19.53,20.509,400307.9
2024-12-30 20:00:00+00:00,20.509,20.675,19.775,20.053,323746.4
2024-12-31 00:00:00+00:00,20.053,20.058,19.54,19.664,125052.5
2024-12-31 04:00:00+00:00,19.664,19.933,19.462,19.75,179012.9
2024-12-31 08:00:00+00:00,19.75,20.336,19.702,19.981,330962.4
2024-12-31 12:00:00+00:00,19.981,20.507,19.814,20.227,304001.7
2024-12-31 16:00:00+00:00,20.227,20.286,19.615,19.892,217682.3
2024-12-31 20:00:00+00:00,19.892,19.977,19.552,19.616,137690.4
2025-01-01 00:00:00+00:00,19.616,19.944,19.443,19.462,181137.5
2025-01-01 04:00:00+00:00,19.462,19.472,19.235,19.364,159070.5
2025-01-01 08:00:00+00:00,19.364,19.63,19.022,19.542,298606.3
2025-01-01 12:00:00+00:00,19.542,19.945,19.507,19.94,205983.7
2025-01-01 16:00:00+00:00,19.94,20.494,19.675,20.359,307318.7
2025-01-01 20:00:00+00:00,20.359,20.851,20.358,20.537,199415.2
2025-01-02 00:00:00+00:00,20.537,20.967,20.497,20.805,183462.4
2025-01-02 04:00:00+00:00,20.805,21.445,20.805,21.441,258228.6
2025-01-02 08:00:00+00:00,21.441,22.181,21.343,21.827,339536.3
2025-01-02 12:00:00+00:00,21.827,22.079,21.592,21.684,306909.1
2025-01-02 16:00:00+00:00,21.684,21.831,21.38,21.518,152884.9
2025-01-02 20:00:00+00:00,21.518,21.763,21.324,21.724,135465.2
2025-01-03 00:00:00+00:00,21.724,22.261,21.593,22.03,227957.3
2025-01-03 04:00:00+00:00,22.03,22.033,21.434,21.49,191182.2
2025-01-03 08:00:00+00:00,21.49,22.496,21.474,22.448,317805.5
2025-01-03 12:00:00+00:00,22.448,22.962,22.135,22.888,363601.2
2025-01-03 16:00:00+00:00,22.888,23.266,22.881,23.073,270218.6
2025-01-03 20:00:00+00:00,23.073,23.113,22.833,23.046,137855.1
2025-01-04 00:00:00+00:00,23.046,23.089,22.672,22.898,155040.2
2025-01-04 04:00:00+00:00,22.898,23.151,22.687,23.027,90273.9
2025-01-04 08:00:00+00:00,23.027,23.034,22.65,22.931,130809.1
2025-01-04 12:00:00+00:00,22.931,23.7,22.688,22.763,519724.8
2025-01-04 16:00:00+00:00,22.763,23.239,22.669,23.164,216600.6
2025-01-04 20:00:00+00:00,23.164,23.891,23.164,23.592,223483.3
2025-01-05 00:00:00+00:00,23.592,23.789,23.219,23.327,143745.5
2025-01-05 04:00:00+00:00,23.327,23.51,23.116,23.18,139869.1
2025-01-05 08:00:00+00:00,23.18,23.22,22.833,23.025,239341.0
2025-01-05 12:00:00+00:00,23.025,23.287,22.664,23.189,198039.6
2025-01-05 16:00:00+00:00,23.189,23.722,22.968,23.592,368627.9
2025-01-05 20:00:00+00:00,23.592,25.79,23.505,25.398,1155885.1
2025-01-06 00:00:00+00:00,25.398,25.936,24.852,25.719,915695.6
2025-01-06 04:00:00+00:00,25.719,26.375,25.684,25.807,570963.9
2025-01-06 08:00:00+00:00,25.807,26.043,25.547,25.852,645671.8
2025-01-06 12:00:00+00:00,25.852,26.444,25.789,26.08,1048250.5
2025-01-06 16:00:00+00:00,26.08,26.696,25.69,25.962,599617.4
2025-01-06 20:00:00+00:00,25.962,26.156,25.768,25.939,287082.7
2025-01-07 00:00:00+00:00,25.939,26.129,25.661,25.771,180512.9
2025-01-07 04:00:00+00:00,25.771,26.349,25.75,26.153,234289.9
2025-01-07 08:00:00+00:00,26.153,26.515,25.701,25.886,562229.0
2025-01-07 12:00:00+00:00,25.886,26.176,24.181,24.663,1460689.6
2025-01-07 16:00:00+00:00,24.663,24.751,23.698,23.758,518785.1
2025-01-07 20:00:00+00:00,23.758,24.322,23.644,23.777,389293.8
2025-01-08 00:00:00+00:00,23.777,24.542,23.523,23.776,355698.9
2025-01-08 04:00:00+00:00,23.776,23.856,22.655,23.085,481276.8
2025-01-08 08:00:00+00:00,23.085,23.423,22.407,22.594,436740.7
2025-01-08 12:00:00+00:00,22.594,22.736,21.863,22.041,403183.6
2025-01-08 16:00:00+00:00,22.041,22.108,20.452,21.398,1097096.4
2025-01-08 20:00:00+00:00,21.398,22.065,21.176,21.83,326599.4
2025-01-09 00:00:00+00:00,21.83,22.074,21.342,21.414,308143.6
2025-01-09 04:00:00+00:00,21.414,21.557,20.779,20.856,293546.8
2025-01-09 08:00:00+00:00,20.856,21.819,20.789,21.446,488711.5
2025-01-09 12:00:00+00:00,21.446,22.187,20.76,21.983,691554.4
2025-01-09 16:00:00+00:00,21.983,22.056,20.965,21.061,568480.3
2025-01-09 20:00:00+00:00,21.061,21.296,20.761,21.051,414273.6
2025-01-10 00:00:00+00:00,21.051,21.385,21.048,21.195,152839.9
2025-01-10 04:00:00+00:00,21.195,21.61,20.961,21.329,264093.2
2025-01-10 08:00:00+00:00,21.329,21.794,21.097,21.612,529706.3
2025-01-10 12:00:00+00:00,21.612,21.84,20.669,21.173,1049471.3
2025-01-10 16:00:00+00:00,21.173,21.72,20.767,21.449,457171.5
2025-01-10 20:00:00+00:00,21.449,21.705,21.118,21.564,217103.9
2025-01-11 00:00:00+00:00,21.564,21.732,21.136,21.309,237811.9
2025-01-11 04:00:00+00:00,21.309,21.47,21.081,21.184,136330.8
2025-01-11 08:00:00+00:00,21.184,21.622,20.989,21.485,195746.7
2025-01-11 12:00:00+00:00,21.485,21.546,20.845,21.04,251428.9
2025-01-11 16:00:00+00:00,21.04,21.23,20.869,21.015,134710.1
2025-01-11 20:00:00+00:00,21.015,21.939,20.956,21.328,318592.0
2025-01-12 00:00:00+00:00,21.328,21.591,21.092,21.4,185604.8
2025-01-12 04:00:00+00:00,21.4,21.453,21.044,21.158,110304.4
2025-01-12 08:00:00+00:00,21.158,21.22,20.619,20.961,259432.7
2025-01-12 12:00:00+00:00,20.961,21.239,20.838,21.231,194239.5
2025-01-12 16:00:00+00:00,21.231,21.282,20.875,20.898,139451.9
2025-01-12 20:00:00+00:00,20.898,21.028,20.416,20.841,285566.2
2025-01-13 00:00:00+00:00,20.841,21.45,19.981,20.083,416336.9
2025-01-13 04:00:00+00:00,20.083,20.499,19.727,19.951,264892.2
2025-01-13 08:00:00+00:00,19.951,19.996,18.827,18.884,569037.1
2025-01-13 12:00:00+00:00,18.884,19.786,18.461,19.481,1054518.2
2025-01-13 16:00:00+00:00,19.481,19.669,18.941,19.391,371447.9
2025-01-13 20:00:00+00:00,19.391,20.378,19.223,20.093,439199.6
2025-01-14 00:00:00+00:00,20.093,20.628,19.994,20.433,284932.9
2025-01-14 04:00:00+00:00,20.433,20.855,20.431,20.594,230171.9
2025-01-14 08:00:00+00:00,20.594,21.047,20.469,20.662,362975.3
2025-01-14 12:00:00+00:00,20.662,21.066,20.416,20.722,386358.4
2025-01-14 16:00:00+00:00,20.722,20.977,20.549,20.86,246705.6
2025-01-14 20:00:00+00:00,20.86,21.228,20.684,21.174,175324.5
2025-01-15 00:00:00+00:00,21.174,21.568,21.03,21.447,261417.2
2025-01-15 04:00:00+00:00,21.447,21.767,21.283,21.622,234177.0
2025-01-15 08:00:00+00:00,21.622,21.779,20.882,20.994,322926.1
2025-01-15 12:00:00+00:00,20.994,22.897,20.837,22.841,1015143.6
2025-01-15 16:00:00+00:00,22.841,23.268,22.635,23.105,473877.4
2025-01-15 20:00:00+00:00,23.105,23.42,22.679,23.09,325963.1
2025-01-16 00:00:00+00:00,23.09,23.149,22.472,22.711,248827.0
2025-01-16 04:00:00+00:00,22.711,22.864,22.634,22.801,102729.2
2025-01-16 08:00:00+00:00,22.801,22.896,22.334,22.888,374765.6
2025-01-16 12:00:00+00:00,22.888,23.258,22.207,22.828,821468.8
2025-01-16 16:00:00+00:00,22.828,23.234,22.776,23.192,309652.8
2025-01-16 20:00:00+00:00,23.192,23.318,22.506,22.714,235098.7
2025-01-17 00:00:00+00:00,22.714,23.574,22.714,23.174,282638.9
2025-01-17 04:00:00+00:00,23.174,24.792,23.13,24.498,629000.3
2025-01-17 08:00:00+00:00,24.498,26.03,24.455,25.373,1278654.4
2025-01-17 12:00:00+00:00,25.373,25.533,24.475,24.633,749441.9
2025-01-17 16:00:00+00:00,24.633,25.015,24.251,24.436,442033.8
2025-01-17 20:00:00+00:00,24.436,24.961,24.412,24.733,283821.2
2025-01-18 00:00:00+00:00,24.733,25.09,24.31,24.582,455182.7
2025-01-18 04:00:00+00:00,24.582,24.837,23.919,24.311,638939.3
2025-01-18 08:00:00+00:00,24.311,24.974,23.95,24.884,523362.6
2025-01-18 12:00:00+00:00,24.884,24.885,23.65,24.01,521927.5
2025-01-18 16:00:00+00:00,24.01,24.181,23.354,23.763,495584.3
2025-01-18 20:00:00+00:00,23.763,24.032,23.249,23.906,268672.3
2025-01-19 00:00:00+00:00,23.906,24.281,23.58,23.594,302579.1
2025-01-19 04:00:00+00:00,23.594,23.662,22.74,22.823,478619.1
2025-01-19 08:00:00+00:00,22.823,22.823,21.303,21.469,1132325.0
2025-01-19 12:00:00+00:00,21.469,23.334,21.425,22.904,898317.5
2025-01-19 16:00:00+00:00,22.904,23.359,22.815,23.189,317668.5
2025-01-19 20:00:00+00:00,23.189,23.405,20.229,20.68,2035387.9
2025-01-20 00:00:00+00:00,20.68,20.693,19.786,20.542,1711721.3
2025-01-20 04:00:00+00:00,20.542,23.41,20.308,22.932,1374248.0
2025-01-20 08:00:00+00:00,22.932,23.769,22.76,23.702,673279.8
2025-01-20 12:00:00+00:00,23.702,23.73,22.213,22.38,1246833.7
2025-01-20 16:00:00+00:00,22.38,22.539,20.675,21.645,1607907.7
2025-01-20 20:00:00+00:00,21.645,22.43,21.5,21.606,457057.7
2025-01-21 00:00:00+00:00,21.606,21.714,20.468,20.59,469623.5
2025-01-21 04:00:00+00:00,20.59,20.704,20.112,20.553,338213.2
2025-01-21 08:00:00+00:00,20.553,21.649,20.372,21.476,557878.5
2025-01-21 12:00:00+00:00,21.476,21.905,21.177,21.51,450427.0
2025-01-21 16:00:00+00:00,21.51,23.057,21.427,22.497,567265.2
2025-01-21 20:00:00+00:00,22.497,23.197,22.336,22.786,550483.8
2025-01-22 00:00:00+00:00,22.786,23.095,22.094,22.14,254106.8
2025-01-22 04:00:00+00:00,22.14,22.264,21.724,21.735,173365.6
2025-01-22 08:00:00+00:00,21.735,21.98,21.483,21.827,481045.5
2025-01-22 12:00:00+00:00,21.827,21.979,21.403,21.778,357254.6
2025-01-22 16:00:00+00:00,21.778,22.108,21.507,21.69,351262.3
2025-01-22 20:00:00+00:00,21.69,21.861,21.245,21.468,270024.6
2025-01-23 00:00:00+00:00,21.468,21.503,20.811,20.907,236441.8
2025-01-23 04:00:00+00:00,20.907,21.013,20.603,21.002,297332.3
2025-01-23 08:00:00+00:00,21.002,21.017,20.375,20.566,198659.2
2025-01-23 12:00:00+00:00,20.566,21.608,20.326,21.363,471280.9
2025-01-23 16:00:00+00:00,21.363,21.871,20.464,20.569,463630.6
2025-01-23 20:00:00+00:00,20.569,21.308,20.384,20.817,615207.4
2025-01-24 00:00:00+00:00,20.817,20.972,20.173,20.444,233054.7
2025-01-24 04:00:00+00:00,20.444,21.362,20.36,21.176,255605.4
2025-01-24 08:00:00+00:00,21.176,21.631,21.121,21.491,394707.9
2025-01-24 12:00:00+00:00,21.491,21.834,21.273,21.519,425397.0
2025-01-24 16:00:00+00:00,21.519,21.876,21.339,21.427,261664.7
2025-01-24 20:00:00+00:00,21.427,21.499,20.622,20.751,408443.5
2025-01-25 00:00:00+00:00,20.751,21.156,20.454,20.896,261849.8
2025-01-25 04:00:00+00:00,20.896,20.928,20.342,20.412,208566.7
2025-01-25 08:00:00+00:00,20.412,20.791,20.302,20.73,217016.2
2025-01-25 12:00:00+00:00,20.73,20.966,20.415,20.911,241506.2
2025-01-25 16:00:00+00:00,20.911,21.088,20.719,20.919,199827.1
2025-01-25 20:00:00+00:00,20.919,21.095,20.634,20.642,155830.9
2025-01-26 00:00:00+00:00,20.642,20.885,20.42,20.773,216207.5
2025-01-26 04:00:00+00:00,20.773,21.18,20.665,21.072,227566.8
2025-01-26 08:00:00+00:00,21.072,21.222,20.546,20.817,247541.3
2025-01-26 12:00:00+00:00,20.817,21.185,20.717,20.993,227575.1
2025-01-26 16:00:00+00:00,20.993,21.423,20.872,21.252,248610.2
2025-01-26 20:00:00+00:00,21.252,21.29,20.087,20.118,593671.8
2025-01-27 00:00:00+00:00,20.118,20.276,19.104,19.427,997849.7
2025-01-27 04:00:00+00:00,19.427,19.706,18.128,18.938,1251826.4
2025-01-27 08:00:00+00:00,18.938,19.051,18.192,18.219,702179.5
2025-01-27 12:00:00+00:00,18.219,19.16,18.04,18.959,829468.3
2025-01-27 16:00:00+00:00,18.959,18.995,18.153,18.429,588902.0
2025-01-27 20:00:00+00:00,18.429,19.668,18.429,19.152,633669.8
2025-01-28 00:00:00+00:00,19.152,19.341,18.77,19.146,229780.8
2025-01-28 04:00:00+00:00,19.146,19.418,18.861,18.93,267309.9
2025-01-28 08:00:00+00:00,18.93,19.138,18.747,18.875,376691.3
2025-01-28 12:00:00+00:00,18.875,18.981,18.551,18.729,335135.1
2025-01-28 16:00:00+00:00,18.729,18.74,18.095,18.278,453696.5
2025-01-28 20:00:00+00:00,18.278,18.315,17.29,17.578,1189663.6
2025-01-29 00:00:00+00:00,17.578,18.403,17.541,18.254,401102.6
2025-01-29 04:00:00+00:00,18.254,18.567,18.168,18.514,262494.6
2025-01-29 08:00:00+00:00,18.514,18.685,18.216,18.46,394694.6
2025-01-29 12:00:00+00:00,18.46,18.587,17.832,18.022,552011.3
2025-01-29 16:00:00+00:00,18.022,18.722,17.664,18.398,822277.8
2025-01-29 20:00:00+00:00,18.398,19.066,18.173,18.372,551698.5
2025-01-30 00:00:00+00:00,18.372,19.159,18.151,19.146,234820.0
2025-01-30 04:00:00+00:00,19.146,19.28,18.922,19.048,219393.8
2025-01-30 08:00:00+00:00,19.048,19.634,18.859,19.539,430649.6
2025-01-30 12:00:00+00:00,19.539,20.085,19.336,19.92,852164.2
2025-01-30 16:00:00+00:00,19.92,20.205,19.761,20.181,446019.5
2025-01-30 20:00:00+00:00,20.181,20.33,19.881,19.905,301365.1
2025-01-31 00:00:00+00:00,19.905,20.187,19.653,19.833,343991.6
2025-01-31 04:00:00+00:00,19.833,20.745,19.653,20.44,404466.7
2025-01-31 08:00:00+00:00,20.44,20.554,19.851,20.512,428563.4
2025-01-31 12:00:00+00:00,20.512,21.168,20.394,21.12,445282.9
2025-01-31 16:00:00+00:00,21.12,21.183,20.125,20.268,541876.3
2025-01-31 20:00:00+00:00,20.268,20.573,19.973,20.266,393981.8
2025-02-01 00:00:00+00:00,20.266,20.577,20.132,20.186,174100.3
2025-02-01 04:00:00+00:00,20.186,20.319,19.883,19.953,153173.8
2025-02-01 08:00:00+00:00,19.953,20.026,19.333,19.446,381213.4
2025-02-01 12:00:00+00:00,19.446,19.568,19.003,19.195,390658.8
2025-02-01 16:00:00+00:00,19.195,19.475,18.743,18.824,452856.9
2025-02-01 20:00:00+00:00,18.824,18.846,18.096,18.267,633803.6
2025-02-02 00:00:00+00:00,18.267,18.842,17.688,17.754,511363.2
2025-02-02 04:00:00+00:00,17.754,18.32,17.714,18.083,306271.9
2025-02-02 08:00:00+00:00,18.083,18.378,17.481,17.516,507270.8
2025-02-02 12:00:00+00:00,17.516,17.924,17.378,17.627,449294.7
2025-02-02 16:00:00+00:00,17.627,17.633,15.784,16.465,2318577.3
2025-02-02 20:00:00+00:00,16.465,16.583,14.686,15.499,1962869.6
2025-02-03 00:00:00+00:00,15.499,15.505,11.235,13.06,5668386.2
2025-02-03 04:00:00+00:00,13.06,14.067,12.39,14.018,1996611.7
2025-02-03 08:00:00+00:00,14.018,14.251,13.383,13.903,1533381.3
2025-02-03 12:00:00+00:00,13.903,15.143,13.169,15.041,2691541.5
2025-02-03 16:00:00+00:00,15.041,16.072,14.972,16.009,1321438.4
2025-02-03 20:00:00+00:00,16.009,16.272,15.304,16.039,860857.1
2025-02-04 00:00:00+00:00,16.039,16.14,15.127,15.247,429557.6
2025-02-04 04:00:00+00:00,15.247,15.354,13.834,13.887,946827.9
2025-02-04 08:00:00+00:00,13.887,14.695,13.747,14.406,824154.9
2025-02-04 12:00:00+00:00,14.406,14.974,14.233,14.524,1248347.2
2025-02-04 16:00:00+00:00,14.524,15.131,14.416,14.419,955240.6
2025-02-04 20:00:00+00:00,14.419,14.565,13.74,14.337,1226050.4
2025-02-05 00:00:00+00:00,14.337,14.683,14.165,14.577,518548.4
2025-02-05 04:00:00+00:00,14.577,14.72,14.317,14.506,310116.5
2025-02-05 08:00:00+00:00,14.506,14.943,14.372,14.809,346427.6
2025-02-05 12:00:00+00:00,14.809,14.884,14.351,14.604,401469.6
2025-02-05 16:00:00+00:00,14.604,14.648,13.872,14.312,605206.8
2025-02-05 20:00:00+00:00,14.312,14.4,13.772,13.986,330121.3
2025-02-06 00:00:00+00:00,13.986,14.238,13.871,14.099,224872.7
2025-02-06 04:00:00+00:00,14.099,14.378,13.985,14.124,281233.8
2025-02-06 08:00:00+00:00,14.124,14.275,13.85,14.037,407202.4
2025-02-06 12:00:00+00:00,14.037,14.18,13.301,13.439,793270.5
2025-02-06 16:00:00+00:00,13.439,13.57,12.97,13.018,922442.7
2025-02-06 20:00:00+00:00,13.018,13.391,12.934,13.111,517773.7
2025-02-07 00:00:00+00:00,13.111,13.644,13.073,13.414,442796.1
2025-02-07 04:00:00+00:00,13.414,13.518,13.036,13.334,281087.2
2025-02-07 08:00:00+00:00,13.334,14.116,13.25,14.017,444513.1
2025-02-07 12:00:00+00:00,14.017,14.749,13.761,14.276,1005684.9
2025-02-07 16:00:00+00:00,14.276,14.305,13.724,13.797,621864.1
2025-02-07 20:00:00+00:00,13.797,13.811,12.885,13.47,742515.4
2025-02-08 00:00:00+00:00,13.47,13.655,13.064,13.101,538730.9
2025-02-08 04:00:00+00:00,13.101,13.172,12.796,13.068,394536.2
2025-02-08 08:00:00+00:00,13.068,13.218,12.822,13.103,391901.0
2025-02-08 12:00:00+00:00,13.103,13.544,13.002,13.3,469026.0
2025-02-08 16:00:00+00:00,13.3,13.787,13.162,13.675,385020.0
2025-02-08 20:00:00+00:00,13.675,13.958,13.571,13.798,254633.0
2025-02-09 00:00:00+00:00,13.798,14.347,13.688,14.338,426326.2
2025-02-09 04:00:00+00:00,14.338,14.348,13.723,13.918,347346.1
2025-02-09 08:00:00+00:00,13.918,14.074,13.788,13.804,236553.3
2025-02-09 12:00:00+00:00,13.804,13.87,13.359,13.671,317533.0
2025-02-09 16:00:00+00:00,13.671,13.766,13.395,13.474,204851.4
2025-02-09 20:00:00+00:00,13.474,14.109,13.012,13.714,966517.8
2025-02-10 00:00:00+00:00,13.714,14.247,13.379,14.002,780244.7
2025-02-10 04:00:00+00:00,14.002,14.904,13.883,14.736,1062307.8
2025-02-10 08:00:00+00:00,14.736,15.134,14.29,14.52,720382.8
2025-02-10 12:00:00+00:00,14.52,14.756,14.191,14.359,668536.9
2025-02-10 16:00:00+00:00,14.359,14.96,14.293,14.727,652280.8
2025-02-10 20:00:00+00:00,14.727,14.797,14.437,14.559,313904.9
2025-02-11 00:00:00+00:00,14.559,15.018,14.453,14.797,478724.2
2025-02-11 04:00:00+00:00,14.797,15.319,14.783,15.098,410946.2
2025-02-11 08:00:00+00:00,15.098,15.604,14.932,15.108,571474.9
2025-02-11 12:00:00+00:00,15.108,15.151,14.42,14.687,930932.0
2025-02-11 16:00:00+00:00,14.687,14.745,14.017,14.118,732007.1
2025-02-11 20:00:00+00:00,14.118,14.524,14.083,14.233,404875.1
2025-02-12 00:00:00+00:00,14.233,14.404,14.007,14.201,262426.3
2025-02-12 04:00:00+00:00,14.201,14.304,13.904,13.934,336758.0
2025-02-12 08:00:00+00:00,13.934,14.211,13.812,13.987,462396.4
2025-02-12 12:00:00+00:00,13.987,14.36,13.444,14.029,1572465.1
2025-02-12 16:00:00+00:00,14.029,14.698,13.774,14.641,641527.7
2025-02-12 20:00:00+00:00,14.641,15.048,14.394,14.909,380846.4
2025-02-13 00:00:00+00:00,14.909,15.375,14.891,15.217,300961.1
2025-02-13 04:00:00+00:00,15.217,15.255,14.722,14.754,336083.2
2025-02-13 08:00:00+00:00,14.754,15.261,14.712,15.056,557762.3
2025-02-13 12:00:00+00:00,15.056,15.123,14.585,14.991,534048.0
2025-02-13 16:00:00+00:00,14.991,15.188,14.721,15.004,388676.9
2025-02-13 20:00:00+00:00,15.004,15.272,14.93,15.112,346452.4
2025-02-14 00:00:00+00:00,15.112,15.567,14.91,15.553,352275.7
2025-02-14 04:00:00+00:00,15.553,15.656,15.032,15.288,326033.9
2025-02-14 08:00:00+00:00,15.288,15.551,15.202,15.338,373678.8
2025-02-14 12:00:00+00:00,15.338,15.611,15.146,15.414,332311.9
2025-02-14 16:00:00+00:00,15.414,15.835,15.195,15.517,604215.1
2025-02-14 20:00:00+00:00,15.517,15.536,14.945,15.372,342603.2
2025-02-15 00:00:00+00:00,15.372,15.798,15.104,15.625,353971.6
2025-02-15 04:00:00+00:00,15.625,15.863,15.399,15.499,313150.4
2025-02-15 08:00:00+00:00,15.499,15.59,15.114,15.209,164418.6
2025-02-15 12:00:00+00:00,15.209,15.304,14.784,14.856,313053.5
2025-02-15 16:00:00+00:00,14.856,15.119,14.79,14.963,253106.8
2025-02-15 20:00:00+00:00,14.963,15.387,14.811,15.277,493094.7
2025-02-16 00:00:00+00:00,15.277,15.347,14.92,15.078,227585.9
2025-02-16 04:00:00+00:00,15.078,15.292,14.94,14.989,164326.1
2025-02-16 08:00:00+00:00,14.989,15.352,14.896,15.128,295066.9
2025-02-16 12:00:00+00:00,15.128,15.181,14.722,14.899,228478.8
2025-02-16 16:00:00+00:00,14.899,14.985,14.545,14.796,225071.2
2025-02-16 20:00:00+00:00,14.796,15.34,14.685,14.884,437616.3
2025-02-17 00:00:00+00:00,14.884,15.266,14.859,15.139,183520.2
2025-02-17 04:00:00+00:00,15.139,15.45,14.841,15.024,428116.5
2025-02-17 08:00:00+00:00,15.024,15.632,14.946,15.526,335512.8
2025-02-17 12:00:00+00:00,15.526,16.232,15.282,15.299,797735.8
2025-02-17 16:00:00+00:00,15.299,15.428,14.683,14.977,552068.7
2025-02-17 20:00:00+00:00,14.977,15.285,14.884,14.954,293893.6
2025-02-18 00:00:00+00:00,14.954,14.972,14.514,14.553,355449.2
2025-02-18 04:00:00+00:00,14.553,14.657,13.961,14.074,597255.2
2025-02-18 08:00:00+00:00,14.074,14.297,13.841,13.972,584959.8
2025-02-18 12:00:00+00:00,13.972,14.269,13.551,13.666,655143.1
2025-02-18 16:00:00+00:00,13.666,13.761,13.232,13.604,695940.3
2025-02-18 20:00:00+00:00,13.604,13.912,13.445,13.877,288720.4
2025-02-19 00:00:00+00:00,13.877,13.973,13.64,13.888,255247.4
2025-02-19 04:00:00+00:00,13.888,14.328,13.584,14.196,322426.8
2025-02-19 08:00:00+00:00,14.196,14.539,14.073,14.486,241946.6
2025-02-19 12:00:00+00:00,14.486,15.01,14.351,14.755,611030.6
2025-02-19 16:00:00+00:00,14.755,15.241,14.68,15.035,520303.5
2025-02-19 20:00:00+00:00,15.035,15.162,14.699,14.902,300067.1
2025-02-20 00:00:00+00:00,14.902,15.412,14.75,15.129,377749.5
2025-02-20 04:00:00+00:00,15.129,15.511,15.06,15.453,294308.6
2025-02-20 08:00:00+00:00,15.453,15.825,15.446,15.66,651170.3
2025-02-20 12:00:00+00:00,15.66,15.808,15.301,15.478,576327.7
2025-02-20 16:00:00+00:00,15.478,15.867,15.422,15.691,373772.0
2025-02-20 20:00:00+00:00,15.691,15.755,15.547,15.699,209435.1
2025-02-21 00:00:00+00:00,15.699,15.781,15.507,15.622,179474.6
2025-02-21 04:00:00+00:00,15.622,16.199,15.583,15.976,393054.5
2025-02-21 08:00:00+00:00,15.976,16.777,15.933,16.627,880677.9
2025-02-21 12:00:00+00:00,16.627,16.834,15.902,16.347,832404.2
2025-02-21 16:00:00+00:00,16.347,16.66,15.033,15.135,1067037.9
2025-02-21 20:00:00+00:00,15.135,15.49,15.021,15.269,353282.9
2025-02-22 00:00:00+00:00,15.269,15.439,15.056,15.173,194049.3
2025-02-22 04:00:00+00:00,15.173,15.333,15.093,15.195,114513.0
2025-02-22 08:00:00+00:00,15.195,15.558,15.121,15.216,242407.2
2025-02-22 12:00:00+00:00,15.216,15.463,15.15,15.389,220734.9
2025-02-22 16:00:00+00:00,15.389,15.692,15.352,15.5,278747.2
2025-02-22 20:00:00+00:00,15.5,15.508,15.244,15.3,114543.8
2025-02-23 00:00:00+00:00,15.3,15.472,15.211,15.385,137007.5
2025-02-23 04:00:00+00:00,15.385,15.802,15.229,15.75,115635.6
2025-02-23 08:00:00+00:00,15.75,15.777,15.314,15.381,202464.1
2025-02-23 12:00:00+00:00,15.381,15.854,15.278,15.507,406224.3
2025-02-23 16:00:00+00:00,15.507,16.061,15.456,15.784,358775.9
2025-02-23 20:00:00+00:00,15.784,16.153,15.631,16.13,365673.1
2025-02-24 00:00:00+00:00,16.13,16.291,15.217,15.278,515924.5
2025-02-24 04:00:00+00:00,15.278,15.569,15.005,15.326,394742.8
2025-02-24 08:00:00+00:00,15.326,15.334,14.915,15.333,539370.9
2025-02-24 12:00:00+00:00,15.333,15.731,14.494,14.59,1039808.9
2025-02-24 16:00:00+00:00,14.59,14.99,14.252,14.439,499247.3
2025-02-24 20:00:00+00:00,14.439,14.713,13.609,13.836,866692.6
2025-02-25 00:00:00+00:00,13.836,14.195,13.507,13.901,684174.5
2025-02-25 04:00:00+00:00,13.901,13.963,12.679,13.061,943791.7
2025-02-25 08:00:00+00:00,13.061,13.469,12.675,13.414,796606.6
2025-02-25 12:00:00+00:00,13.414,13.622,12.691,13.058,823711.3
2025-02-25 16:00:00+00:00,13.058,13.508,12.871,13.501,533051.2
2025-02-25 20:00:00+00:00,13.501,13.908,13.36,13.53,414558.3
2025-02-26 00:00:00+00:00,13.53,13.819,13.357,13.704,198023.0
2025-02-26 04:00:00+00:00,13.704,13.837,13.502,13.735,192164.3
2025-02-26 08:00:00+00:00,13.735,13.828,13.413,13.453,517963.3
2025-02-26 12:00:00+00:00,13.453,13.543,12.855,13.339,788617.8
2025-02-26 16:00:00+00:00,13.339,13.383,12.458,12.575,876831.2
2025-02-26 20:00:00+00:00,12.575,13.293,12.39,12.978,664088.3
2025-02-27 00:00:00+00:00,12.978,13.356,12.845,13.298,294986.3
2025-02-27 04:00:00+00:00,13.298,13.596,13.223,13.465,264157.5
2025-02-27 08:00:00+00:00,13.465,13.804,13.413,13.666,333513.4
2025-02-27 12:00:00+00:00,13.666,13.773,13.317,13.59,444766.5
2025-02-27 16:00:00+00:00,13.59,13.722,13.294,13.375,273520.9
2025-02-27 20:00:00+00:00,13.375,13.576,13.14,13.566,270587.8
2025-02-28 00:00:00+00:00,13.566,13.62,12.586,12.619,818125.2
2025-02-28 04:00:00+00:00,12.619,12.639,12.139,12.312,1267311.9
2025-02-28 08:00:00+00:00,12.312,12.64,12.083,12.326,794856.6
2025-02-28 12:00:00+00:00,12.326,13.242,12.21,13.118,635334.1
2025-02-28 16:00:00+00:00,13.118,13.291,12.962,13.19,342885.4
2025-02-28 20:00:00+00:00,13.19,13.336,13.035,13.317,258879.4
2025-03-01 00:00:00+00:00,13.317,13.467,13.039,13.393,251537.7
2025-03-01 04:00:00+00:00,13.393,13.505,12.97,12.997,352043.3
2025-03-01 08:00:00+00:00,12.997,13.103,12.598,12.646,335899.6
2025-03-01 12:00:00+00:00,12.646,12.892,12.56,12.734,422983.6
2025-03-01 16:00:00+00:00,12.734,13.117,12.687,12.957,214524.8
2025-03-01 20:00:00+00:00,12.957,13.089,12.825,13.014,173151.0
2025-03-02 00:00:00+00:00,13.014,13.106,12.892,12.937,209960.0
2025-03-02 04:00:00+00:00,12.937,12.943,12.705,12.733,273075.8
2025-03-02 08:00:00+00:00,12.733,12.937,12.655,12.798,247980.8
2025-03-02 12:00:00+00:00,12.798,13.328,12.554,13.096,593168.5
2025-03-02 16:00:00+00:00,13.096,14.407,13.095,14.262,1144185.2
2025-03-02 20:00:00+00:00,14.262,14.412,14.173,14.338,404565.3
2025-03-03 00:00:00+00:00,14.338,14.376,13.629,13.89,430567.4
2025-03-03 04:00:00+00:00,13.89,14.143,13.43,13.802,485629.6
2025-03-03 08:00:00+00:00,13.802,13.86,13.347,13.508,361207.9
2025-03-03 12:00:00+00:00,13.508,13.707,13.055,13.165,684892.2
2025-03-03 16:00:00+00:00,13.165,13.401,12.079,12.178,1122966.0
2025-03-03 20:00:00+00:00,12.178,12.333,11.778,11.966,598311.0
2025-03-04 00:00:00+00:00,11.966,12.032,10.667,11.072,1579745.5
2025-03-04 04:00:00+00:00,11.072,11.3,10.949,11.056,461207.4
2025-03-04 08:00:00+00:00,11.056,11.175,10.732,10.947,551704.3
2025-03-04 12:00:00+00:00,10.947,11.28,10.444,10.767,1543049.1
2025-03-04 16:00:00+00:00,10.767,11.215,10.066,11.186,1232456.8
2025-03-04 20:00:00+00:00,11.186,11.393,10.885,11.074,675054.2
2025-03-05 00:00:00+00:00,11.074,11.228,10.853,10.919,358564.7
2025-03-05 04:00:00+00:00,10.919,11.35,10.91,11.333,667445.5
2025-03-05 08:00:00+00:00,11.333,11.725,11.305,11.584,532544.4
2025-03-05 12:00:00+00:00,11.584,11.965,11.474,11.646,928355.0
2025-03-05 16:00:00+00:00,11.646,12.029,11.405,11.961,546208.6
2025-03-05 20:00:00+00:00,11.961,12.141,11.96,12.073,388982.6
2025-03-06 00:00:00+00:00,12.073,12.647,12.038,12.646,480291.3
2025-03-06 04:00:00+00:00,12.646,12.743,12.176,12.189,498238.8
2025-03-06 08:00:00+00:00,12.189,12.341,12.056,12.266,681870.0
2025-03-06 12:00:00+00:00,12.266,12.3,11.801,12.081,882331.3
2025-03-06 16:00:00+00:00,12.081,12.22,11.531,11.609,951974.5
2025-03-06 20:00:00+00:00,11.609,12.036,11.589,11.864,373970.7
2025-03-07 00:00:00+00:00,11.864,12.023,11.241,11.65,885835.1
2025-03-07 04:00:00+00:00,11.65,11.944,11.62,11.914,247385.3
2025-03-07 08:00:00+00:00,11.914,12.057,11.744,11.919,331160.8
2025-03-07 12:00:00+00:00,11.919,12.147,11.705,11.926,664737.5
2025-03-07 16:00:00+00:00,11.926,12.132,11.501,11.859,686039.7
2025-03-07 20:00:00+00:00,11.859,11.98,11.362,11.483,575175.9
2025-03-08 00:00:00+00:00,11.483,11.483,11.114,11.27,323801.3
2025-03-08 04:00:00+00:00,11.27,11.407,11.132,11.156,189086.8
2025-03-08 08:00:00+00:00,11.156,11.275,11.032,11.128,279154.6
2025-03-08 12:00:00+00:00,11.128,11.338,11.033,11.12,275063.6
2025-03-08 16:00:00+00:00,11.12,11.47,10.915,11.433,310832.4
2025-03-08 20:00:00+00:00,11.433,11.452,11.157,11.28,208629.7
2025-03-09 00:00:00+00:00,11.28,11.365,11.065,11.186,153709.2
2025-03-09 04:00:00+00:00,11.186,11.235,10.805,10.939,403448.7
2025-03-09 08:00:00+00:00,10.939,10.998,10.471,10.545,599991.0
2025-03-09 12:00:00+00:00,10.545,10.567,10.245,10.287,601146.4
2025-03-09 16:00:00+00:00,10.287,10.314,9.463,9.712,2074311.3
2025-03-09 20:00:00+00:00,9.712,9.811,9.304,9.466,1015023.2
2025-03-10 00:00:00+00:00,9.466,9.939,9.316,9.707,710657.1
2025-03-10 04:00:00+00:00,9.707,10.176,9.69,9.974,864676.5
2025-03-10 08:00:00+00:00,9.974,10.342,9.756,10.254,714507.7
2025-03-10 12:00:00+00:00,10.254,10.306,9.475,9.728,1057891.1
2025-03-10 16:00:00+00:00,9.728,9.783,8.731,9.124,1617571.0
2025-03-10 20:00:00+00:00,9.124,9.184,8.762,8.782,811445.8
2025-03-11 00:00:00+00:00,8.782,8.936,8.134,8.764,1502709.7
2025-03-11 04:00:00+00:00,8.764,9.377,8.741,9.247,752534.3
2025-03-11 08:00:00+00:00,9.247,9.551,9.207,9.269,1188147.6
2025-03-11 12:00:00+00:00,9.269,9.286,8.696,9.223,1975889.8
2025-03-11 16:00:00+00:00,9.223,9.554,9.027,9.442,1041806.1
2025-03-11 20:00:00+00:00,9.442,9.453,9.047,9.102,442001.1
2025-03-12 00:00:00+00:00,9.102,9.359,8.924,8.935,974117.8
2025-03-12 04:00:00+00:00,8.935,9.286,8.821,9.268,606494.1
2025-03-12 08:00:00+00:00,9.268,9.731,9.258,9.705,1013924.7
2025-03-12 12:00:00+00:00,9.705,10.032,9.148,9.357,1671498.6
2025-03-12 16:00:00+00:00,9.357,9.647,9.321,9.465,704367.8
2025-03-12 20:00:00+00:00,9.465,9.72,9.44,9.664,402315.0
2025-03-13 00:00:00+00:00,9.664,9.72,9.458,9.538,336608.2
2025-03-13 04:00:00+00:00,9.538,9.6,9.074,9.257,1228235.4
2025-03-13 08:00:00+00:00,9.257,9.511,9.117,9.449,584862.7
2025-03-13 12:00:00+00:00,9.449,9.573,9.089,9.208,776229.3
2025-03-13 16:00:00+00:00,9.208,9.241,8.924,9.068,779503.0
2025-03-13 20:00:00+00:00,9.068,9.405,8.983,9.262,433549.9
2025-03-14 00:00:00+00:00,9.262,9.55,9.227,9.455,481311.8
2025-03-14 04:00:00+00:00,9.455,9.623,9.4,9.491,415170.0
2025-03-14 08:00:00+00:00,9.491,9.82,9.478,9.726,877524.8
2025-03-14 12:00:00+00:00,9.726,10.198,9.667,10.07,1254866.1
2025-03-14 16:00:00+00:00,10.07,10.309,10.06,10.135,863452.9
2025-03-14 20:00:00+00:00,10.135,10.147,9.937,9.961,513267.7
2025-03-15 00:00:00+00:00,9.961,10.135,9.875,10.121,274430.3
2025-03-15 04:00:00+00:00,10.121,10.254,9.973,9.978,350213.2
2025-03-15 08:00:00+00:00,9.978,10.181,9.965,10.113,294369.5
2025-03-15 12:00:00+00:00,10.113,10.306,10.062,10.216,390907.0
2025-03-15 16:00:00+00:00,10.216,10.336,10.086,10.165,307392.1
2025-03-15 20:00:00+00:00,10.165,10.401,10.158,10.17,343660.6
2025-03-16 00:00:00+00:00,10.17,10.228,9.968,10.159,299542.8
2025-03-16 04:00:00+00:00,10.159,10.265,10.046,10.107,227070.7
2025-03-16 08:00:00+00:00,10.107,10.13,9.638,9.697,539834.4
2025-03-16 12:00:00+00:00,9.697,9.758,9.468,9.691,653838.1
2025-03-16 16:00:00+00:00,9.691,9.94,9.583,9.635,795466.9
2025-03-16 20:00:00+00:00,9.635,9.728,9.471,9.576,273261.6
2025-03-17 00:00:00+00:00,9.576,9.928,9.564,9.86,346391.0
2025-03-17 04:00:00+00:00,9.86,9.899,9.605,9.794,357348.1
2025-03-17 08:00:00+00:00,9.794,9.947,9.701,9.87,390254.0
2025-03-17 12:00:00+00:00,9.87,10.027,9.652,9.847,767362.4
2025-03-17 16:00:00+00:00,9.847,10.314,9.759,10.186,570777.4
2025-03-17 20:00:00+00:00,10.186,10.218,9.939,9.953,416445.8
2025-03-18 00:00:00+00:00,9.953,9.974,9.596,9.632,480980.8
2025-03-18 04:00:00+00:00,9.632,9.797,9.57,9.713,479395.2
2025-03-18 08:00:00+00:00,9.713,9.846,9.5,9.557,538504.5
2025-03-18 12:00:00+00:00,9.557,9.642,9.289,9.319,761099.7
2025-03-18 16:00:00+00:00,9.319,9.544,9.273,9.535,681661.0
2025-03-18 20:00:00+00:00,9.535,9.751,9.462,9.657,786679.3
2025-03-19 00:00:00+00:00,9.657,9.783,9.568,9.773,321970.8
2025-03-19 04:00:00+00:00,9.773,9.797,9.556,9.569,258056.6
2025-03-19 08:00:00+00:00,9.569,10.037,9.547,10.023,651292.8
2025-03-19 12:00:00+00:00,10.023,10.21,9.845,10.166,1413224.3
2025-03-19 16:00:00+00:00,10.166,10.266,9.888,10.079,997329.7
2025-03-19 20:00:00+00:00,10.079,10.282,10.079,10.225,368886.1
2025-03-20 00:00:00+00:00,10.225,10.336,9.994,10.034,352355.3
2025-03-20 04:00:00+00:00,10.034,10.073,9.895,9.911,241814.9
2025-03-20 08:00:00+00:00,9.911,10.043,9.728,9.777,363746.1
2025-03-20 12:00:00+00:00,9.777,10.017,9.708,9.733,653461.3
2025-03-20 16:00:00+00:00,9.733,9.952,9.665,9.853,394334.8
2025-03-20 20:00:00+00:00,9.853,10.012,9.844,9.9,260212.8
2025-03-21 00:00:00+00:00,9.9,10.094,9.87,9.985,239117.8
2025-03-21 04:00:00+00:00,9.985,10.115,9.817,9.854,209502.9
2025-03-21 08:00:00+00:00,9.854,9.898,9.505,9.562,466868.7
2025-03-21 12:00:00+00:00,9.562,9.641,9.41,9.533,577080.5
2025-03-21 16:00:00+00:00,9.533,9.728,9.48,9.675,335611.8
2025-03-21 20:00:00+00:00,9.675,9.824,9.607,9.687,284287.5
2025-03-22 00:00:00+00:00,9.687,9.843,9.599,9.73,276075.9
2025-03-22 04:00:00+00:00,9.73,9.946,9.714,9.934,195742.8
2025-03-22 08:00:00+00:00,9.934,10.05,9.903,9.926,271009.7
2025-03-22 12:00:00+00:00,9.926,9.963,9.734,9.802,286834.8
2025-03-22 16:00:00+00:00,9.802,10.038,9.775,9.962,298189.7
2025-03-22 20:00:00+00:00,9.962,10.027,9.795,9.898,641405.5
2025-03-23 00:00:00+00:00,9.898,10.075,9.882,10.073,317307.3
2025-03-23 04:00:00+00:00,10.073,10.099,9.884,10.047,264339.8
2025-03-23 08:00:00+00:00,10.047,10.083,9.923,9.958,613733.7
2025-03-23 12:00:00+00:00,9.958,9.976,9.731,9.767,417028.1
2025-03-23 16:00:00+00:00,9.767,9.794,9.605,9.737,325211.9
2025-03-23 20:00:00+00:00,9.737,9.951,9.672,9.948,269618.4
2025-03-24 00:00:00+00:00,9.948,10.165,9.776,10.137,402868.6
2025-03-24 04:00:00+00:00,10.137,10.508,10.135,10.291,681087.7
2025-03-24 08:00:00+00:00,10.291,10.6,10.286,10.513,590769.8
2025-03-24 12:00:00+00:00,10.513,10.671,10.425,10.588,525256.2
2025-03-24 16:00:00+00:00,10.588,10.601,10.379,10.5,366206.8
2025-03-24 20:00:00+00:00,10.5,10.591,10.369,10.495,260562.4
2025-03-25 00:00:00+00:00,10.495,10.571,10.231,10.259,271706.4
2025-03-25 04:00:00+00:00,10.259,10.524,10.223,10.406,320344.2
2025-03-25 08:00:00+00:00,10.406,10.644,10.393,10.571,379707.0
2025-03-25 12:00:00+00:00,10.571,10.74,10.495,10.599,769568.5
2025-03-25 16:00:00+00:00,10.599,10.768,10.5,10.747,622603.3
2025-03-25 20:00:00+00:00,10.747,10.802,10.578,10.649,292787.6
2025-03-26 00:00:00+00:00,10.649,11.069,10.567,10.615,926294.7
2025-03-26 04:00:00+00:00,10.615,10.975,10.592,10.969,330905.6
2025-03-26 08:00:00+00:00,10.969,11.044,10.821,10.918,351069.6
2025-03-26 12:00:00+00:00,10.918,11.112,10.602,10.765,1043079.1
2025-03-26 16:00:00+00:00,10.765,10.849,10.439,10.601,506140.4
2025-03-26 20:00:00+00:00,10.601,10.709,10.482,10.519,374895.8
2025-03-27 00:00:00+00:00,10.519,10.712,10.443,10.677,310530.9
2025-03-27 04:00:00+00:00,10.677,10.682,10.444,10.472,234735.1
2025-03-27 08:00:00+00:00,10.472,10.554,10.282,10.306,442838.8
2025-03-27 12:00:00+00:00,10.306,10.587,10.233,10.479,691051.5
2025-03-27 16:00:00+00:00,10.479,10.513,10.269,10.43,360938.2
2025-03-27 20:00:00+00:00,10.43,10.525,10.303,10.33,261307.5
2025-03-28 00:00:00+00:00,10.33,10.333,10.117,10.157,405218.9
2025-03-28 04:00:00+00:00,10.157,10.167,9.579,9.597,912252.0
2025-03-28 08:00:00+00:00,9.597,9.644,9.383,9.508,541792.4
2025-03-28 12:00:00+00:00,9.508,9.54,9.283,9.331,739122.5
2025-03-28 16:00:00+00:00,9.331,9.389,9.228,9.289,360371.8
2025-03-28 20:00:00+00:00,9.289,9.348,9.128,9.216,805393.7
2025-03-29 00:00:00+00:00,9.216,9.291,9.005,9.197,352031.8
2025-03-29 04:00:00+00:00,9.197,9.233,8.959,9.017,497034.1
2025-03-29 08:00:00+00:00,9.017,9.09,8.721,8.812,571807.1
2025-03-29 12:00:00+00:00,8.812,8.892,8.74,8.766,390805.7
2025-03-29 16:00:00+00:00,8.766,8.788,8.545,8.71,694917.2
2025-03-29 20:00:00+00:00,8.71,8.716,8.525,8.651,423818.8
2025-03-30 00:00:00+00:00,8.651,8.905,8.605,8.813,461219.0
2025-03-30 04:00:00+00:00,8.813,8.865,8.726,8.81,390944.9
2025-03-30 08:00:00+00:00,8.81,9.024,8.808,8.95,416836.3
2025-03-30 12:00:00+00:00,8.95,9.034,8.656,8.757,692386.9
2025-03-30 16:00:00+00:00,8.757,8.864,8.647,8.72,1490717.5
2025-03-30 20:00:00+00:00,8.72,8.743,8.496,8.687,476694.2
2025-03-31 00:00:00+00:00,8.687,8.783,8.525,8.637,560937.3
2025-03-31 04:00:00+00:00,8.637,8.808,8.536,8.592,357724.3
2025-03-31 08:00:00+00:00,8.592,8.664,8.355,8.613,592688.0
2025-03-31 12:00:00+00:00,8.613,8.867,8.533,8.76,658774.9
2025-03-31 16:00:00+00:00,8.76,8.835,8.618,8.718,559009.2
2025-03-31 20:00:00+00:00,8.718,8.794,8.636,8.709,204563.4
2025-04-01 00:00:00+00:00,8.709,8.877,8.645,8.816,251166.7
2025-04-01 04:00:00+00:00,8.816,8.982,8.764,8.882,276203.6
2025-04-01 08:00:00+00:00,8.882,9.17,8.827,8.893,731978.5
2025-04-01 12:00:00+00:00,8.893,9.165,8.751,9.104,697158.7
2025-04-01 16:00:00+00:00,9.104,9.15,8.894,8.933,339019.2
2025-04-01 20:00:00+00:00,8.933,9.066,8.906,8.946,190302.5
2025-04-02 00:00:00+00:00,8.946,8.959,8.648,8.725,359040.6
2025-04-02 04:00:00+00:00,8.725,8.761,8.551,8.675,357325.3
2025-04-02 08:00:00+00:00,8.675,8.809,8.586,8.605,345061.5
2025-04-02 12:00:00+00:00,8.605,9.04,8.531,8.962,681294.7
2025-04-02 16:00:00+00:00,8.962,9.035,8.741,8.931,398245.8
2025-04-02 20:00:00+00:00,8.931,9.145,8.176,8.339,1200668.3
2025-04-03 00:00:00+00:00,8.339,8.7,8.303,8.593,346616.9
2025-04-03 04:00:00+00:00,8.593,8.676,8.376,8.424,427081.9
2025-04-03 08:00:00+00:00,8.424,8.481,8.092,8.184,470760.1
2025-04-03 12:00:00+00:00,8.184,8.212,7.951,8.187,589940.5
2025-04-03 16:00:00+00:00,8.187,8.369,8.132,8.357,338670.6
2025-04-03 20:00:00+00:00,8.357,8.496,8.335,8.396,283019.3
2025-04-04 00:00:00+00:00,8.396,8.443,8.267,8.409,193797.1
2025-04-04 04:00:00+00:00,8.409,8.521,8.319,8.49,491038.0
2025-04-04 08:00:00+00:00,8.49,8.61,8.004,8.139,793867.5
2025-04-04 12:00:00+00:00,8.139,8.426,8.052,8.257,821643.5
2025-04-04 16:00:00+00:00,8.257,8.428,8.161,8.335,488396.5
2025-04-04 20:00:00+00:00,8.335,8.443,8.271,8.311,202323.8
2025-04-05 00:00:00+00:00,8.311,8.37,8.241,8.271,175020.6
2025-04-05 04:00:00+00:00,8.271,8.327,8.219,8.325,441914.2
2025-04-05 08:00:00+00:00,8.325,8.392,8.271,8.278,163350.1
2025-04-05 12:00:00+00:00,8.278,8.298,8.064,8.099,480704.1
2025-04-05 16:00:00+00:00,8.099,8.211,8.094,8.138,139346.6
2025-04-05 20:00:00+00:00,8.138,8.284,8.111,8.259,162689.0
2025-04-06 00:00:00+00:00,8.259,8.276,8.095,8.134,129359.3
2025-04-06 04:00:00+00:00,8.134,8.204,8.07,8.09,177016.5
2025-04-06 08:00:00+00:00,8.09,8.165,8.021,8.1,241656.1
2025-04-06 12:00:00+00:00,8.1,8.107,7.737,7.882,503209.3
2025-04-06 16:00:00+00:00,7.882,7.893,7.162,7.324,1346688.5
2025-04-06 20:00:00+00:00,7.324,7.353,6.922,7.061,1440931.9
2025-04-07 00:00:00+00:00,7.061,7.241,6.755,6.875,916520.9
2025-04-07 04:00:00+00:00,6.875,7.072,6.334,6.482,2114889.4
2025-04-07 08:00:00+00:00,6.482,6.997,6.421,6.836,1256104.5
2025-04-07 12:00:00+00:00,6.836,7.627,6.774,7.173,2396983.3
2025-04-07 16:00:00+00:00,7.173,7.289,7.014,7.126,633289.0
2025-04-07 20:00:00+00:00,7.126,7.407,7.124,7.244,315225.8
2025-04-08 00:00:00+00:00,7.244,7.519,7.204,7.341,466553.8
2025-04-08 04:00:00+00:00,7.341,7.403,7.172,7.221,483859.0
2025-04-08 08:00:00+00:00,7.221,7.409,7.124,7.388,582140.0
2025-04-08 12:00:00+00:00,7.388,7.471,7.186,7.228,889185.2
2025-04-08 16:00:00+00:00,7.228,7.273,6.917,7.019,1287756.6
2025-04-08 20:00:00+00:00,7.019,7.092,6.912,6.956,488065.3
2025-04-09 00:00:00+00:00,6.956,7.143,6.757,7.009,810619.0
2025-04-09 04:00:00+00:00,7.009,7.275,6.992,7.22,555146.3
2025-04-09 08:00:00+00:00,7.22,7.274,7.028,7.07,683857.8
2025-04-09 12:00:00+00:00,7.07,7.307,7.005,7.213,795483.6
2025-04-09 16:00:00+00:00,7.213,8.112,7.198,7.988,1867259.8
2025-04-09 20:00:00+00:00,7.988,8.146,7.969,7.986,566102.0
2025-04-10 00:00:00+00:00,7.986,8.0,7.791,7.877,571713.7
2025-04-10 04:00:00+00:00,7.877,8.071,7.834,7.89,851777.0
2025-04-10 08:00:00+00:00,7.89,7.931,7.803,7.859,311810.5
2025-04-10 12:00:00+00:00,7.859,8.001,7.577,7.627,975964.7
2025-04-10 16:00:00+00:00,7.627,7.744,7.562,7.699,644192.0
2025-04-10 20:00:00+00:00,7.699,7.878,7.691,7.821,333888.2
2025-04-11 00:00:00+00:00,7.821,8.034,7.804,7.993,399603.6
2025-04-11 04:00:00+00:00,7.993,8.21,7.974,8.136,461696.0
2025-04-11 08:00:00+00:00,8.136,8.264,8.091,8.121,566124.9
2025-04-11 12:00:00+00:00,8.121,8.292,8.067,8.121,772727.4
2025-04-11 16:00:00+00:00,8.121,8.331,8.076,8.258,468594.9
2025-04-11 20:00:00+00:00,8.258,8.412,8.218,8.244,357569.1
2025-04-12 00:00:00+00:00,8.244,8.253,8.124,8.151,274987.5
2025-04-12 04:00:00+00:00,8.151,8.306,8.11,8.28,267280.9
2025-04-12 08:00:00+00:00,8.28,8.364,8.165,8.187,246495.8
2025-04-12 12:00:00+00:00,8.187,8.566,8.16,8.472,577720.9
2025-04-12 16:00:00+00:00,8.472,8.515,8.325,8.389,327021.0
2025-04-12 20:00:00+00:00,8.389,8.493,8.34,8.378,269713.0
2025-04-13 00:00:00+00:00,8.378,8.442,8.274,8.385,288320.2
2025-04-13 04:00:00+00:00,8.385,8.395,8.168,8.2,522070.1
2025-04-13 08:00:00+00:00,8.2,8.397,8.177,8.281,283837.9
2025-04-13 12:00:00+00:00,8.281,8.321,8.09,8.147,523678.5
2025-04-13 16:00:00+00:00,8.147,8.52,7.993,8.114,804673.0
2025-04-13 20:00:00+00:00,8.114,8.204,7.886,7.993,574912.6
2025-04-14 00:00:00+00:00,7.993,8.301,7.978,8.072,485938.7
2025-04-14 04:00:00+00:00,8.072,8.287,8.021,8.079,671162.6
2025-04-14 08:00:00+00:00,8.079,8.371,8.031,8.334,508386.7
2025-04-14 12:00:00+00:00,8.334,8.39,8.046,8.055,681732.3
2025-04-14 16:00:00+00:00,8.055,8.215,7.979,8.13,549251.7
2025-04-14 20:00:00+00:00,8.13,8.163,7.956,7.995,229898.7
2025-04-15 00:00:00+00:00,7.995,8.109,7.884,8.048,332051.8
2025-04-15 04:00:00+00:00,8.048,8.049,7.902,7.978,323589.2
2025-04-15 08:00:00+00:00,7.978,8.076,7.924,7.986,502457.2
2025-04-15 12:00:00+00:00,7.986,8.136,7.83,7.907,696336.3
2025-04-15 16:00:00+00:00,7.907,7.918,7.722,7.745,459533.4
2025-04-15 20:00:00+00:00,7.745,7.796,7.667,7.702,262497.9
2025-04-16 00:00:00+00:00,7.702,7.875,7.649,7.798,298827.2
2025-04-16 04:00:00+00:00,7.798,7.838,7.621,7.642,244088.3
2025-04-16 08:00:00+00:00,7.642,7.753,7.579,7.689,359126.4
2025-04-16 12:00:00+00:00,7.689,7.847,7.585,7.709,420863.9
2025-04-16 16:00:00+00:00,7.709,7.809,7.46,7.773,1016352.3
2025-04-16 20:00:00+00:00,7.773,7.849,7.621,7.662,433457.4
2025-04-17 00:00:00+00:00,7.662,7.78,7.634,7.695,170654.0
2025-04-17 04:00:00+00:00,7.695,7.878,7.69,7.814,496586.3
2025-04-17 08:00:00+00:00,7.814,7.864,7.651,7.696,326668.0
2025-04-17 12:00:00+00:00,7.696,7.728,7.484,7.676,499635.7
2025-04-17 16:00:00+00:00,7.676,7.868,7.636,7.724,602915.3
2025-04-17 20:00:00+00:00,7.724,7.799,7.702,7.72,250559.3
2025-04-18 00:00:00+00:00,7.72,7.811,7.65,7.808,225726.3
2025-04-18 04:00:00+00:00,7.808,7.866,7.764,7.85,233037.6
2025-04-18 08:00:00+00:00,7.85,8.066,7.842,7.893,834268.4
2025-04-18 12:00:00+00:00,7.893,8.0,7.855,7.878,433222.5
2025-04-18 16:00:00+00:00,7.878,7.963,7.853,7.932,203219.9
2025-04-18 20:00:00+00:00,7.932,7.967,7.829,7.887,152589.9
2025-04-19 00:00:00+00:00,7.887,8.065,7.853,8.032,190257.5
2025-04-19 04:00:00+00:00,8.032,8.344,8.007,8.273,539146.8
2025-04-19 08:00:00+00:00,8.273,8.387,8.088,8.197,684054.2
2025-04-19 12:00:00+00:00,8.197,8.286,8.15,8.216,348180.2
2025-04-19 16:00:00+00:00,8.216,8.365,8.174,8.294,339187.1
2025-04-19 20:00:00+00:00,8.294,8.403,8.292,8.362,180622.1
2025-04-20 00:00:00+00:00,8.362,8.444,8.316,8.429,234485.9
2025-04-20 04:00:00+00:00,8.429,8.56,8.306,8.33,400017.8
2025-04-20 08:00:00+00:00,8.33,8.441,8.247,8.289,802061.3
2025-04-20 12:00:00+00:00,8.289,8.353,8.213,8.275,405112.8
2025-04-20 16:00:00+00:00,8.275,8.457,8.275,8.451,353950.2
2025-04-20 20:00:00+00:00,8.451,8.614,8.436,8.528,330208.7
2025-04-21 00:00:00+00:00,8.528,8.761,8.493,8.64,463906.2
2025-04-21 04:00:00+00:00,8.64,8.994,8.593,8.951,399600.6
2025-04-21 08:00:00+00:00,8.951,9.078,8.841,8.921,440972.8
2025-04-21 12:00:00+00:00,8.921,9.03,8.778,8.843,515925.5
2025-04-21 16:00:00+00:00,8.843,8.862,8.563,8.681,602524.5
2025-04-21 20:00:00+00:00,8.681,8.736,8.521,8.598,260935.0
2025-04-22 00:00:00+00:00,8.598,8.728,8.437,8.558,308036.8
2025-04-22 04:00:00+00:00,8.558,8.58,8.351,8.535,331691.1
2025-04-22 08:00:00+00:00,8.535,8.674,8.447,8.67,480728.5
2025-04-22 12:00:00+00:00,8.67,9.087,8.599,8.922,999094.5
2025-04-22 16:00:00+00:00,8.922,9.053,8.852,8.958,576739.0
2025-04-22 20:00:00+00:00,8.958,9.45,8.93,9.385,761562.6
2025-04-23 00:00:00+00:00,9.385,9.477,9.273,9.458,360643.9
2025-04-23 04:00:00+00:00,9.458,9.557,9.354,9.491,317321.1
2025-04-23 08:00:00+00:00,9.491,9.674,9.365,9.471,865732.6
2025-04-23 12:00:00+00:00,9.471,9.69,9.28,9.503,1156262.8
2025-04-23 16:00:00+00:00,9.503,9.664,9.337,9.427,596443.8
2025-04-23 20:00:00+00:00,9.427,9.588,9.422,9.519,233707.5
2025-04-24 00:00:00+00:00,9.519,9.594,9.261,9.28,408746.2
2025-04-24 04:00:00+00:00,9.28,9.403,9.163,9.235,369128.7
2025-04-24 08:00:00+00:00,9.235,9.444,9.084,9.357,592447.3
2025-04-24 12:00:00+00:00,9.357,10.192,9.302,10.121,1460307.4
2025-04-24 16:00:00+00:00,10.121,10.251,9.923,10.058,933601.5
2025-04-24 20:00:00+00:00,10.058,10.16,9.968,10.085,450389.9
2025-04-25 00:00:00+00:00,10.085,10.223,9.911,10.031,657314.8
2025-04-25 04:00:00+00:00,10.031,10.29,9.92,10.26,442485.4
2025-04-25 08:00:00+00:00,10.26,10.388,10.108,10.237,688374.7
2025-04-25 12:00:00+00:00,10.237,10.297,10.004,10.196,812399.2
2025-04-25 16:00:00+00:00,10.196,10.26,9.964,10.038,519212.5
2025-04-25 20:00:00+00:00,10.038,10.192,9.982,10.003,206475.0
2025-04-26 00:00:00+00:00,10.003,10.531,10.003,10.37,668672.8
2025-04-26 04:00:00+00:00,10.37,10.464,10.156,10.329,315556.7
2025-04-26 08:00:00+00:00,10.329,10.482,10.082,10.093,418348.8
2025-04-26 12:00:00+00:00,10.093,10.277,10.06,10.195,569703.6
2025-04-26 16:00:00+00:00,10.195,10.274,10.096,10.266,277378.2
2025-04-26 20:00:00+00:00,10.266,10.364,10.175,10.296,322127.0
2025-04-27 00:00:00+00:00,10.296,10.394,10.011,10.178,375263.2
2025-04-27 04:00:00+00:00,10.178,10.23,9.977,10.077,293648.0
2025-04-27 08:00:00+00:00,10.077,10.125,9.875,9.892,342605.9
2025-04-27 12:00:00+00:00,9.892,10.015,9.754,9.817,637305.7
2025-04-27 16:00:00+00:00,9.817,9.988,9.73,9.972,306957.3
2025-04-27 20:00:00+00:00,9.972,9.975,9.666,9.673,429585.3
2025-04-28 00:00:00+00:00,9.673,9.794,9.458,9.762,484088.2
2025-04-28 04:00:00+00:00,9.762,10.092,9.732,10.06,453484.9
2025-04-28 08:00:00+00:00,10.06,10.224,9.955,10.141,598896.6
2025-04-28 12:00:00+00:00,10.141,10.175,9.664,9.74,609652.3
2025-04-28 16:00:00+00:00,9.74,10.145,9.643,10.098,604345.8
2025-04-28 20:00:00+00:00,10.098,10.11,9.944,9.986,341069.0
2025-04-29 00:00:00+00:00,9.986,10.101,9.855,9.961,220028.3
2025-04-29 04:00:00+00:00,9.961,10.117,9.822,10.077,308642.1
2025-04-29 08:00:00+00:00,10.077,10.107,9.816,9.9,394863.0
2025-04-29 12:00:00+00:00,9.9,9.982,9.733,9.852,472728.7
2025-04-29 16:00:00+00:00,9.852,9.968,9.763,9.831,350440.0
2025-04-29 20:00:00+00:00,9.831,9.849,9.427,9.555,675594.8
2025-04-30 00:00:00+00:00,9.555,9.692,9.494,9.677,203123.8
2025-04-30 04:00:00+00:00,9.677,9.766,9.506,9.566,385427.9
2025-04-30 08:00:00+00:00,9.566,9.756,9.52,9.748,220221.2
2025-04-30 12:00:00+00:00,9.748,9.75,9.151,9.423,1001159.7
2025-04-30 16:00:00+00:00,9.423,9.663,9.323,9.566,391620.5
2025-04-30 20:00:00+00:00,9.566,9.727,9.556,9.639,317701.3
2025-05-01 00:00:00+00:00,9.639,9.959,9.637,9.787,373706.6
2025-05-01 04:00:00+00:00,9.787,10.026,9.773,10.019,216700.9
2025-05-01 08:00:00+00:00,10.019,10.478,9.996,10.447,719315.7
2025-05-01 12:00:00+00:00,10.447,10.61,10.323,10.387,752713.7
2025-05-01 16:00:00+00:00,10.387,10.489,10.268,10.32,410964.6
2025-05-01 20:00:00+00:00,10.32,10.355,10.11,10.153,247331.1
2025-05-02 00:00:00+00:00,10.153,10.592,10.124,10.406,556723.0
2025-05-02 04:00:00+00:00,10.406,10.445,10.068,10.091,526514.5
2025-05-02 08:00:00+00:00,10.091,10.256,10.074,10.198,247606.9
2025-05-02 12:00:00+00:00,10.198,10.481,10.075,10.331,678048.8
2025-05-02 16:00:00+00:00,10.331,10.445,10.157,10.195,339389.0
2025-05-02 20:00:00+00:00,10.195,10.309,10.163,10.255,138159.4
2025-05-03 00:00:00+00:00,10.255,10.265,9.966,9.998,195606.4
2025-05-03 04:00:00+00:00,9.998,10.0,9.818,9.836,219311.5
2025-05-03 08:00:00+00:00,9.836,9.878,9.729,9.729,289345.5
2025-05-03 12:00:00+00:00,9.729,9.911,9.729,9.829,227310.3
2025-05-03 16:00:00+00:00,9.829,9.843,9.594,9.794,450058.9
2025-05-03 20:00:00+00:00,9.794,9.799,9.623,9.633,134542.6
2025-05-04 00:00:00+00:00,9.633,9.707,9.539,9.57,179440.7
2025-05-04 04:00:00+00:00,9.57,9.649,9.501,9.583,187571.7
2025-05-04 08:00:00+00:00,9.583,9.583,9.44,9.476,268296.1
2025-05-04 12:00:00+00:00,9.476,9.515,9.374,9.403,296176.1
2025-05-04 16:00:00+00:00,9.403,9.418,9.263,9.331,429615.0
2025-05-04 20:00:00+00:00,9.331,9.427,9.222,9.274,322909.2
2025-05-05 00:00:00+00:00,9.274,9.504,9.169,9.407,347552.8
2025-05-05 04:00:00+00:00,9.407,9.727,9.387,9.608,327436.1
2025-05-05 08:00:00+00:00,9.608,9.632,9.276,9.324,448278.7
2025-05-05 12:00:00+00:00,9.324,9.435,9.211,9.266,497592.5
2025-05-05 16:00:00+00:00,9.266,9.514,9.253,9.358,319524.9
2025-05-05 20:00:00+00:00,9.358,9.464,9.201,9.33,250158.1
2025-05-06 00:00:00+00:00,9.33,9.353,9.125,9.313,255990.3
2025-05-06 04:00:00+00:00,9.313,9.379,9.245,9.25,180414.9
2025-05-06 08:00:00+00:00,9.25,9.25,8.964,9.035,563765.9
2025-05-06 12:00:00+00:00,9.035,9.197,8.908,9.04,602130.5
2025-05-06 16:00:00+00:00,9.04,9.281,8.978,9.174,427618.5
2025-05-06 20:00:00+00:00,9.174,9.266,8.833,9.235,677965.4
2025-05-07 00:00:00+00:00,9.235,9.449,9.179,9.318,374735.5
2025-05-07 04:00:00+00:00,9.318,9.546,9.235,9.535,362724.8
2025-05-07 08:00:00+00:00,9.535,9.666,9.465,9.556,595513.3
2025-05-07 12:00:00+00:00,9.556,9.658,9.404,9.425,474454.9
2025-05-07 16:00:00+00:00,9.425,9.507,9.252,9.327,592648.2
2025-05-07 20:00:00+00:00,9.327,9.672,9.291,9.551,370737.4
2025-05-08 00:00:00+00:00,9.551,10.055,9.5,10.052,516254.2
2025-05-08 04:00:00+00:00,10.052,10.249,10.047,10.198,407444.1
2025-05-08 08:00:00+00:00,10.198,10.542,10.192,10.494,549476.5
2025-05-08 12:00:00+00:00,10.494,10.9,10.401,10.732,987475.0
2025-05-08 16:00:00+00:00,10.732,10.924,10.687,10.904,487077.5
2025-05-08 20:00:00+00:00,10.904,11.273,10.81,11.182,524666.5
2025-05-09 00:00:00+00:00,11.182,11.476,11.079,11.15,541442.0
2025-05-09 04:00:00+00:00,11.15,11.854,11.15,11.678,484806.6
2025-05-09 08:00:00+00:00,11.678,12.132,11.544,11.94,1058486.5
2025-05-09 12:00:00+00:00,11.94,12.156,11.619,11.799,918198.8
2025-05-09 16:00:00+00:00,11.799,11.846,11.606,11.695,404455.0
2025-05-09 20:00:00+00:00,11.695,11.862,11.68,11.797,234275.5
2025-05-10 00:00:00+00:00,11.797,12.091,11.679,11.968,421585.3
2025-05-10 04:00:00+00:00,11.968,12.29,11.817,12.231,444625.1
2025-05-10 08:00:00+00:00,12.231,12.328,11.932,11.986,531211.7
2025-05-10 12:00:00+00:00,11.986,12.4,11.978,12.192,651217.1
2025-05-10 16:00:00+00:00,12.192,13.214,12.144,13.16,1108200.3
2025-05-10 20:00:00+00:00,13.16,13.567,12.958,13.446,923197.7
2025-05-11 00:00:00+00:00,13.446,13.517,13.007,13.121,489717.6
2025-05-11 04:00:00+00:00,13.121,13.223,12.645,12.891,583505.1
2025-05-11 08:00:00+00:00,12.891,12.994,12.705,12.955,564358.9
2025-05-11 12:00:00+00:00,12.955,13.178,12.775,13.097,802108.6
2025-05-11 16:00:00+00:00,13.097,13.187,12.817,13.166,557266.4
2025-05-11 20:00:00+00:00,13.166,13.38,13.06,13.159,541420.9
2025-05-12 00:00:00+00:00,13.159,13.524,12.985,13.519,556035.5
2025-05-12 04:00:00+00:00,13.519,14.341,13.322,13.826,1142775.4
2025-05-12 08:00:00+00:00,13.826,14.083,13.503,13.529,701029.4
2025-05-12 12:00:00+00:00,13.529,13.829,13.142,13.272,1012559.7
2025-05-12 16:00:00+00:00,13.272,13.625,12.864,13.616,1218855.5
2025-05-12 20:00:00+00:00,13.616,14.027,13.513,13.736,762120.8
2025-05-13 00:00:00+00:00,13.736,13.854,12.842,12.891,776989.1
2025-05-13 04:00:00+00:00,12.891,13.292,12.827,13.206,343948.2
2025-05-13 08:00:00+00:00,13.206,13.408,13.083,13.251,496287.2
2025-05-13 12:00:00+00:00,13.251,13.666,13.068,13.314,985541.1
2025-05-13 16:00:00+00:00,13.314,14.036,13.28,13.845,1136099.1
2025-05-13 20:00:00+00:00,13.845,14.057,13.63,13.67,514395.7
2025-05-14 00:00:00+00:00,13.67,13.92,13.396,13.561,515708.1
2025-05-14 04:00:00+00:00,13.561,13.999,13.49,13.599,427721.2
2025-05-14 08:00:00+00:00,13.599,13.671,13.261,13.525,449127.8
2025-05-14 12:00:00+00:00,13.525,13.584,13.106,13.375,449173.1
2025-05-14 16:00:00+00:00,13.375,13.431,13.088,13.342,386368.8
2025-05-14 20:00:00+00:00,13.342,13.595,13.07,13.21,521833.0
2025-05-15 00:00:00+00:00,13.21,13.35,12.805,12.833,418575.5
2025-05-15 04:00:00+00:00,12.833,12.898,12.325,12.341,589408.3
2025-05-15 08:00:00+00:00,12.341,12.689,12.218,12.406,599305.7
2025-05-15 12:00:00+00:00,12.406,12.662,12.069,12.638,765699.5
2025-05-15 16:00:00+00:00,12.638,12.957,12.306,12.426,686483.0
2025-05-15 20:00:00+00:00,12.426,12.499,11.948,12.245,499165.1
2025-05-16 00:00:00+00:00,12.245,12.532,12.114,12.471,318691.1
2025-05-16 04:00:00+00:00,12.471,12.585,12.302,12.451,275168.8
2025-05-16 08:00:00+00:00,12.451,12.637,12.195,12.52,423561.0
2025-05-16 12:00:00+00:00,12.52,12.634,12.291,12.435,510453.1
2025-05-16 16:00:00+00:00,12.435,12.537,12.194,12.292,393236.5
2025-05-16 20:00:00+00:00,12.292,12.3,11.858,11.942,456036.7
2025-05-17 00:00:00+00:00,11.942,11.987,11.394,11.689,526138.0
2025-05-17 04:00:00+00:00,11.689,11.813,11.502,11.624,314418.6
2025-05-17 08:00:00+00:00,11.624,11.734,11.459,11.594,258719.3
2025-05-17 12:00:00+00:00,11.594,11.716,11.424,11.568,289997.4
2025-05-17 16:00:00+00:00,11.568,11.671,11.351,11.493,451276.0
2025-05-17 20:00:00+00:00,11.493,11.714,11.402,11.592,248335.4
2025-05-18 00:00:00+00:00,11.592,11.649,11.46,11.563,207482.7
2025-05-18 04:00:00+00:00,11.563,12.128,11.557,12.118,354857.4
2025-05-18 08:00:00+00:00,12.118,12.284,11.975,12.004,410652.1
2025-05-18 12:00:00+00:00,12.004,12.66,11.907,12.625,737875.2
2025-05-18 16:00:00+00:00,12.625,12.679,11.557,11.566,1068608.6
2025-05-18 20:00:00+00:00,11.566,12.409,11.36,12.335,686409.3
2025-05-19 00:00:00+00:00,12.335,12.487,11.706,11.721,455541.2
2025-05-19 04:00:00+00:00,11.721,11.838,11.327,11.581,520645.3
2025-05-19 08:00:00+00:00,11.581,11.641,11.376,11.404,354261.7
2025-05-19 12:00:00+00:00,11.404,11.855,11.176,11.783,599458.6
2025-05-19 16:00:00+00:00,11.783,12.109,11.629,11.842,697478.6
2025-05-19 20:00:00+00:00,11.842,11.896,11.669,11.793,236531.0
2025-05-20 00:00:00+00:00,11.793,12.308,11.686,12.045,405396.1
2025-05-20 04:00:00+00:00,12.045,12.291,11.979,11.998,377479.5
2025-05-20 08:00:00+00:00,11.998,12.062,11.648,11.741,385763.6
2025-05-20 12:00:00+00:00,11.741,11.832,11.574,11.8,295553.5
2025-05-20 16:00:00+00:00,11.8,12.086,11.658,12.035,510036.9
2025-05-20 20:00:00+00:00,12.035,12.302,11.956,12.112,426649.2
2025-05-21 00:00:00+00:00,12.112,12.315,11.873,12.21,278523.0
2025-05-21 04:00:00+00:00,12.21,12.493,12.125,12.153,597433.8
2025-05-21 08:00:00+00:00,12.153,12.226,11.912,12.113,436053.7
2025-05-21 12:00:00+00:00,12.113,12.447,11.957,12.394,781373.4
2025-05-21 16:00:00+00:00,12.394,12.845,11.843,12.322,1453612.4
2025-05-21 20:00:00+00:00,12.322,12.579,12.118,12.378,587965.8
2025-05-22 00:00:00+00:00,12.378,12.971,12.37,12.896,557800.7
2025-05-22 04:00:00+00:00,12.896,13.126,12.807,13.084,512190.8
2025-05-22 08:00:00+00:00,13.084,13.3,13.009,13.068,430595.3
2025-05-22 12:00:00+00:00,13.068,14.034,13.026,13.94,1194588.8
2025-05-22 16:00:00+00:00,13.94,14.366,13.571,14.027,1273712.0
2025-05-22 20:00:00+00:00,14.027,14.319,13.84,14.047,524547.3
2025-05-23 00:00:00+00:00,14.047,14.833,13.999,14.727,687384.5
2025-05-23 04:00:00+00:00,14.727,14.935,14.239,14.421,991069.5
2025-05-23 08:00:00+00:00,14.421,14.712,13.437,13.617,1192669.1
2025-05-23 12:00:00+00:00,13.617,13.934,13.074,13.557,1612662.5
2025-05-23 16:00:00+00:00,13.557,13.709,13.382,13.421,666371.2
2025-05-23 20:00:00+00:00,13.421,13.43,12.788,12.918,902978.0
2025-05-24 00:00:00+00:00,12.918,13.398,12.847,13.395,449469.0
2025-05-24 04:00:00+00:00,13.395,13.855,13.353,13.47,755353.5
2025-05-24 08:00:00+00:00,13.47,13.761,13.343,13.643,606509.6
2025-05-24 12:00:00+00:00,13.643,13.852,13.487,13.634,700295.9
2025-05-24 16:00:00+00:00,13.634,13.707,13.346,13.479,370370.9
2025-05-24 20:00:00+00:00,13.479,13.607,13.175,13.306,545487.8
2025-05-25 00:00:00+00:00,13.306,13.381,12.818,13.13,825686.0
2025-05-25 04:00:00+00:00,13.13,13.215,12.861,12.896,241097.8
2025-05-25 08:00:00+00:00,12.896,12.899,12.621,12.727,349003.4
2025-05-25 12:00:00+00:00,12.727,12.832,12.348,12.566,514238.4
2025-05-25 16:00:00+00:00,12.566,12.605,12.388,12.522,260560.5
2025-05-25 20:00:00+00:00,12.522,13.18,12.403,13.095,550404.8
2025-05-26 00:00:00+00:00,13.095,13.783,13.073,13.527,632038.1
2025-05-26 04:00:00+00:00,13.527,14.261,13.498,14.005,626296.1
2025-05-26 08:00:00+00:00,14.005,14.062,13.549,13.67,568931.9
2025-05-26 12:00:00+00:00,13.67,14.034,13.527,13.821,929259.1
2025-05-26 16:00:00+00:00,13.821,14.003,13.383,13.414,668367.0
2025-05-26 20:00:00+00:00,13.414,13.748,13.358,13.74,572401.6
2025-05-27 00:00:00+00:00,13.74,14.135,13.368,13.971,842658.5
2025-05-27 04:00:00+00:00,13.971,14.324,13.769,14.278,792094.5
2025-05-27 08:00:00+00:00,14.278,14.765,14.278,14.702,931812.5
2025-05-27 12:00:00+00:00,14.702,15.078,14.533,14.979,1281730.9
2025-05-27 16:00:00+00:00,14.979,15.057,14.7,14.806,671100.2
2025-05-27 20:00:00+00:00,14.806,15.067,14.614,14.645,593860.9
2025-05-28 00:00:00+00:00,14.645,15.344,14.568,15.204,1162274.8
2025-05-28 04:00:00+00:00,15.204,15.323,14.82,15.005,630304.0
2025-05-28 08:00:00+00:00,15.005,15.344,14.878,15.086,782760.3
2025-05-28 12:00:00+00:00,15.086,15.469,14.612,14.639,1272003.9
2025-05-28 16:00:00+00:00,14.639,14.886,14.415,14.481,685849.3
2025-05-28 20:00:00+00:00,14.481,15.097,14.432,15.012,567882.2
2025-05-29 00:00:00+00:00,15.012,15.296,14.75,14.852,785290.1
2025-05-29 04:00:00+00:00,14.852,14.889,14.486,14.701,551357.3
2025-05-29 08:00:00+00:00,14.701,15.012,14.587,14.683,659422.9
2025-05-29 12:00:00+00:00,14.683,14.683,14.118,14.179,860081.6
2025-05-29 16:00:00+00:00,14.179,14.208,13.931,14.014,643490.7
2025-05-29 20:00:00+00:00,14.014,14.265,13.78,13.9,501403.6
2025-05-30 00:00:00+00:00,13.9,14.019,13.318,14.013,1574237.5
2025-05-30 04:00:00+00:00,14.013,14.285,13.809,14.079,860738.6
2025-05-30 08:00:00+00:00,14.079,14.433,13.708,14.017,1365362.0
2025-05-30 12:00:00+00:00,14.017,14.414,13.614,13.656,1440110.3
2025-05-30 16:00:00+00:00,13.656,13.664,12.879,13.019,1813527.9
2025-05-30 20:00:00+00:00,13.019,13.123,12.138,12.18,1065252.4
2025-05-31 00:00:00+00:00,12.18,12.205,11.56,11.782,1076264.4
2025-05-31 04:00:00+00:00,11.782,12.146,11.661,12.041,586386.2
2025-05-31 08:00:00+00:00,12.041,12.073,11.834,11.874,608253.8
2025-05-31 12:00:00+00:00,11.874,12.353,11.784,12.082,908048.5
2025-05-31 16:00:00+00:00,12.082,12.297,11.987,12.236,530668.1
2025-05-31 20:00:00+00:00,12.236,12.475,12.08,12.103,538270.3
2025-06-01 00:00:00+00:00,12.103,12.135,11.797,11.873,466911.3
2025-06-01 04:00:00+00:00,11.873,12.111,11.804,11.885,382504.4
2025-06-01 08:00:00+00:00,11.885,12.181,11.517,12.008,852071.6
2025-06-01 12:00:00+00:00,12.008,12.052,11.703,12.005,790383.1
2025-06-01 16:00:00+00:00,12.005,12.149,11.712,11.935,608771.9
2025-06-01 20:00:00+00:00,11.935,12.247,11.878,12.124,431921.6
2025-06-02 00:00:00+00:00,12.124,12.275,11.84,11.905,474730.3
2025-06-02 04:00:00+00:00,11.905,12.045,11.752,11.923,454655.7
2025-06-02 08:00:00+00:00,11.923,12.036,11.591,11.664,554012.1
2025-06-02 12:00:00+00:00,11.664,11.996,11.546,11.927,755071.5
2025-06-02 16:00:00+00:00,11.927,11.941,11.647,11.757,506963.2
2025-06-02 20:00:00+00:00,11.757,12.56,11.757,12.402,954396.2
2025-06-03 00:00:00+00:00,12.402,12.881,12.337,12.443,833686.5
2025-06-03 04:00:00+00:00,12.443,12.47,12.27,12.319,474581.7
2025-06-03 08:00:00+00:00,12.319,12.602,12.107,12.566,744684.9
2025-06-03 12:00:00+00:00,12.566,13.093,12.507,12.946,930244.8
2025-06-03 16:00:00+00:00,12.946,13.009,12.774,12.904,598951.0
2025-06-03 20:00:00+00:00,12.904,12.918,12.441,12.482,454113.3
2025-06-04 00:00:00+00:00,12.482,13.131,12.433,13.036,669366.2
2025-06-04 04:00:00+00:00,13.036,13.103,12.758,12.788,702714.1
2025-06-04 08:00:00+00:00,12.788,13.091,12.659,12.69,861830.9
2025-06-04 12:00:00+00:00,12.69,12.971,12.434,12.909,1102938.1
2025-06-04 16:00:00+00:00,12.909,12.932,12.45,12.452,515954.1
2025-06-04 20:00:00+00:00,12.452,12.475,11.982,12.017,732720.4
2025-06-05 00:00:00+00:00,12.017,12.267,11.95,12.141,557378.2
2025-06-05 04:00:00+00:00,12.141,12.266,12.012,12.205,456587.3
2025-06-05 08:00:00+00:00,12.205,12.403,11.953,12.048,946413.1
2025-06-05 12:00:00+00:00,12.048,12.513,11.86,12.174,1319071.6
2025-06-05 16:00:00+00:00,12.174,12.221,11.664,11.756,1258748.7
2025-06-05 20:00:00+00:00,11.756,11.772,11.159,11.284,1541537.5
2025-06-06 00:00:00+00:00,11.284,11.528,11.169,11.495,502629.2
2025-06-06 04:00:00+00:00,11.495,11.805,11.45,11.711,677223.6
2025-06-06 08:00:00+00:00,11.711,11.876,11.653,11.798,465889.4
2025-06-06 12:00:00+00:00,11.798,12.283,11.798,12.121,995806.0
2025-06-06 16:00:00+00:00,12.121,12.229,11.92,11.968,499667.5
2025-06-06 20:00:00+00:00,11.968,12.158,11.876,11.883,247971.8
2025-06-07 00:00:00+00:00,11.883,12.229,11.861,12.214,344570.5
2025-06-07 04:00:00+00:00,12.214,12.479,12.062,12.42,416770.7
2025-06-07 08:00:00+00:00,12.42,12.844,12.364,12.747,726808.0
2025-06-07 12:00:00+00:00,12.747,13.118,12.747,12.984,909834.0
2025-06-07 16:00:00+00:00,12.984,13.039,12.761,12.861,540613.4
2025-06-07 20:00:00+00:00,12.861,13.185,12.861,13.074,487294.1
2025-06-08 00:00:00+00:00,13.074,13.127,12.85,12.861,450190.6
2025-06-08 04:00:00+00:00,12.861,12.946,12.764,12.797,365439.6
2025-06-08 08:00:00+00:00,12.797,13.466,12.795,13.441,1017833.6
2025-06-08 12:00:00+00:00,13.441,13.56,13.306,13.373,816308.9
2025-06-08 16:00:00+00:00,13.373,13.678,13.333,13.462,553232.7
2025-06-08 20:00:00+00:00,13.462,13.516,13.228,13.262,372297.9
2025-06-09 00:00:00+00:00,13.262,13.367,13.114,13.133,345521.8
2025-06-09 04:00:00+00:00,13.133,13.163,12.884,12.948,552175.8
2025-06-09 08:00:00+00:00,12.948,13.59,12.91,13.446,886323.1
2025-06-09 12:00:00+00:00,13.446,13.574,13.165,13.41,712259.6
2025-06-09 16:00:00+00:00,13.41,13.722,13.41,13.538,787762.5
2025-06-09 20:00:00+00:00,13.538,14.026,13.477,13.76,713090.6
2025-06-10 00:00:00+00:00,13.76,13.932,13.614,13.686,333005.1
2025-06-10 04:00:00+00:00,13.686,13.763,13.441,13.639,495011.8
2025-06-10 08:00:00+00:00,13.639,14.264,13.488,14.206,670980.9
2025-06-10 12:00:00+00:00,14.206,14.315,13.469,13.717,1241533.2
2025-06-10 16:00:00+00:00,13.717,14.107,13.623,13.839,717103.2
2025-06-10 20:00:00+00:00,13.839,14.141,13.742,14.031,577899.8
2025-06-11 00:00:00+00:00,14.031,14.076,13.521,13.655,493115.5
2025-06-11 04:00:00+00:00,13.655,13.699,13.535,13.568,331098.2
2025-06-11 08:00:00+00:00,13.568,13.625,13.293,13.433,652105.3
2025-06-11 12:00:00+00:00,13.433,14.069,13.382,13.985,1194767.4
2025-06-11 16:00:00+00:00,13.985,14.029,13.52,13.573,683702.8
2025-06-11 20:00:00+00:00,13.573,13.68,13.136,13.264,945632.2
2025-06-12 00:00:00+00:00,13.264,13.27,12.927,13.005,393967.0
2025-06-12 04:00:00+00:00,13.005,13.087,12.855,13.023,490976.8
2025-06-12 08:00:00+00:00,13.023,13.023,12.701,12.757,481943.1
2025-06-12 12:00:00+00:00,12.757,13.272,12.668,12.89,781457.7
2025-06-12 16:00:00+00:00,12.89,13.247,12.559,12.643,850554.0
2025-06-12 20:00:00+00:00,12.643,12.718,12.273,12.275,750387.6
2025-06-13 00:00:00+00:00,12.275,12.279,11.209,11.672,2140071.7
2025-06-13 04:00:00+00:00,11.672,11.673,11.333,11.511,657620.1
2025-06-13 08:00:00+00:00,11.511,11.803,11.404,11.562,835293.7
2025-06-13 12:00:00+00:00,11.562,11.676,11.36,11.577,946325.0
2025-06-13 16:00:00+00:00,11.577,11.804,11.39,11.483,619955.8
2025-06-13 20:00:00+00:00,11.483,11.772,11.458,11.749,373504.7
2025-06-14 00:00:00+00:00,11.749,11.792,11.569,11.627,325270.1
2025-06-14 04:00:00+00:00,11.627,11.932,11.614,11.768,457483.3
2025-06-14 08:00:00+00:00,11.768,11.773,11.584,11.712,267615.1
2025-06-14 12:00:00+00:00,11.712,11.825,11.43,11.499,476197.6
2025-06-14 16:00:00+00:00,11.499,11.567,11.259,11.342,615642.6
2025-06-14 20:00:00+00:00,11.342,11.557,11.248,11.434,411722.3
2025-06-15 00:00:00+00:00,11.434,11.521,11.384,11.445,186011.8
2025-06-15 04:00:00+00:00,11.445,11.629,11.362,11.423,308230.9
2025-06-15 08:00:00+00:00,11.423,11.438,11.261,11.324,349513.5
2025-06-15 12:00:00+00:00,11.324,11.643,11.282,11.476,705604.9
2025-06-15 16:00:00+00:00,11.476,11.527,11.319,11.369,330670.6
2025-06-15 20:00:00+00:00,11.369,11.459,10.965,11.43,950087.8
2025-06-16 00:00:00+00:00,11.43,11.61,11.176,11.496,382817.1
2025-06-16 04:00:00+00:00,11.496,11.927,11.491,11.872,654835.8
2025-06-16 08:00:00+00:00,11.872,11.905,11.686,11.841,458359.2
2025-06-16 12:00:00+00:00,11.841,12.087,11.724,11.943,717997.0
2025-06-16 16:00:00+00:00,11.943,12.246,11.943,12.18,569490.9
2025-06-16 20:00:00+00:00,12.18,12.354,11.558,11.596,1256210.4
2025-06-17 00:00:00+00:00,11.596,11.857,11.254,11.727,1198700.3
2025-06-17 04:00:00+00:00,11.727,11.759,11.503,11.512,421137.9
2025-06-17 08:00:00+00:00,11.512,11.533,11.272,11.338,519774.6
2025-06-17 12:00:00+00:00,11.338,11.527,11.038,11.124,928615.8
2025-06-17 16:00:00+00:00,11.124,11.359,10.81,11.248,1235792.4
2025-06-17 20:00:00+00:00,11.248,11.311,10.918,10.953,410897.5
2025-06-18 00:00:00+00:00,10.953,11.102,10.872,10.975,426859.8
2025-06-18 04:00:00+00:00,10.975,11.129,10.909,10.974,292150.4
2025-06-18 08:00:00+00:00,10.974,11.033,10.569,10.74,828839.3
2025-06-18 12:00:00+00:00,10.74,10.821,10.398,10.738,1126959.3
2025-06-18 16:00:00+00:00,10.738,10.967,10.652,10.807,1241537.5
2025-06-18 20:00:00+00:00,10.807,11.492,10.757,11.405,950599.7
2025-06-19 00:00:00+00:00,11.405,11.66,11.375,11.612,716488.1
2025-06-19 04:00:00+00:00,11.612,11.705,11.484,11.488,609777.2
2025-06-19 08:00:00+00:00,11.488,11.587,11.293,11.371,1144542.9
2025-06-19 12:00:00+00:00,11.371,11.548,11.248,11.252,919910.7
2025-06-19 16:00:00+00:00,11.252,11.467,11.127,11.27,1101486.4
2025-06-19 20:00:00+00:00,11.27,11.544,11.225,11.395,779716.1
2025-06-20 00:00:00+00:00,11.395,11.473,11.251,11.266,372412.4
2025-06-20 04:00:00+00:00,11.266,11.643,11.144,11.552,1033904.7
2025-06-20 08:00:00+00:00,11.552,11.666,11.389,11.463,575470.5
2025-06-20 12:00:00+00:00,11.463,11.555,11.031,11.096,1009897.3
2025-06-20 16:00:00+00:00,11.096,11.117,10.627,11.061,1330941.1
2025-06-20 20:00:00+00:00,11.061,11.214,10.877,10.918,461643.2
2025-06-21 00:00:00+00:00,10.918,11.219,10.907,11.188,283449.5
2025-06-21 04:00:00+00:00,11.188,11.243,11.109,11.196,307970.4
2025-06-21 08:00:00+00:00,11.196,11.254,11.036,11.044,309325.9
2025-06-21 12:00:00+00:00,11.044,11.075,10.638,10.757,553353.4
2025-06-21 16:00:00+00:00,10.757,10.804,10.243,10.244,931767.4
2025-06-21 20:00:00+00:00,10.244,10.409,9.798,10.089,1683914.9
2025-06-22 00:00:00+00:00,10.089,10.277,9.871,9.932,1204495.8
2025-06-22 04:00:00+00:00,9.932,10.104,9.901,9.964,556955.4
2025-06-22 08:00:00+00:00,9.964,9.978,9.668,9.734,879229.4
2025-06-22 12:00:00+00:00,9.734,9.813,9.182,9.264,2528409.5
2025-06-22 16:00:00+00:00,9.264,9.369,9.118,9.184,1009796.4
2025-06-22 20:00:00+00:00,9.184,9.769,8.95,9.698,1402767.4
2025-06-23 00:00:00+00:00,9.698,9.931,9.676,9.828,491807.0
2025-06-23 04:00:00+00:00,9.828,9.974,9.794,9.892,508062.3
2025-06-23 08:00:00+00:00,9.892,9.948,9.702,9.768,491224.5
2025-06-23 12:00:00+00:00,9.768,9.995,9.627,9.687,1487245.2
2025-06-23 16:00:00+00:00,9.687,10.154,9.429,10.141,1497525.7
2025-06-23 20:00:00+00:00,10.141,11.01,10.091,10.877,2019597.5
2025-06-24 00:00:00+00:00,10.877,11.188,10.876,11.084,962094.7
2025-06-24 04:00:00+00:00,11.084,11.883,11.071,11.538,1319655.2
2025-06-24 08:00:00+00:00,11.538,11.804,11.377,11.708,1007318.4
2025-06-24 12:00:00+00:00,11.708,12.014,11.61,11.728,1412453.9
2025-06-24 16:00:00+00:00,11.728,11.97,11.446,11.562,941878.9
2025-06-24 20:00:00+00:00,11.562,11.689,11.48,11.582,571122.6
2025-06-25 00:00:00+00:00,11.582,11.59,11.377,11.421,505069.4
2025-06-25 04:00:00+00:00,11.421,11.534,11.264,11.519,597565.2
2025-06-25 08:00:00+00:00,11.519,11.554,11.281,11.453,633314.1
2025-06-25 12:00:00+00:00,11.453,11.512,11.002,11.038,1059154.3
2025-06-25 16:00:00+00:00,11.038,11.443,10.944,11.443,950046.1
2025-06-25 20:00:00+00:00,11.443,11.451,11.038,11.082,492692.0
2025-06-26 00:00:00+00:00,11.082,11.583,11.077,11.333,708747.7
2025-06-26 04:00:00+00:00,11.333,11.378,11.153,11.267,513060.8
2025-06-26 08:00:00+00:00,11.267,11.313,11.014,11.05,591029.2
2025-06-26 12:00:00+00:00,11.05,11.069,10.667,10.817,1247984.6
2025-06-26 16:00:00+00:00,10.817,10.959,10.673,10.898,576024.6
2025-06-26 20:00:00+00:00,10.898,11.09,10.61,10.63,695741.0
2025-06-27 00:00:00+00:00,10.63,10.763,10.469,10.709,520461.6
2025-06-27 04:00:00+00:00,10.709,10.853,10.505,10.536,480241.4
2025-06-27 08:00:00+00:00,10.536,10.894,10.536,10.671,682258.8
2025-06-27 12:00:00+00:00,10.671,10.73,10.489,10.586,639261.9
2025-06-27 16:00:00+00:00,10.586,10.785,10.338,10.409,715321.8
2025-06-27 20:00:00+00:00,10.409,10.622,10.387,10.517,352475.8
2025-06-28 00:00:00+00:00,10.517,10.659,10.498,10.509,365217.1
2025-06-28 04:00:00+00:00,10.509,10.514,10.371,10.496,229635.3
2025-06-28 08:00:00+00:00,10.496,10.62,10.398,10.524,271666.4
2025-06-28 12:00:00+00:00,10.524,10.684,10.457,10.631,530365.7
2025-06-28 16:00:00+00:00,10.631,10.902,10.631,10.769,640142.0
2025-06-28 20:00:00+00:00,10.769,11.057,10.727,10.964,354690.2
2025-06-29 00:00:00+00:00,10.964,11.037,10.778,10.846,273931.4
2025-06-29 04:00:00+00:00,10.846,11.012,10.807,11.012,197656.7
2025-06-29 08:00:00+00:00,11.012,11.067,10.865,10.896,477661.0
2025-06-29 12:00:00+00:00,10.896,10.92,10.679,10.702,513007.8
2025-06-29 16:00:00+00:00,10.702,11.027,10.68,11.026,373471.1
2025-06-29 20:00:00+00:00,11.026,11.66,10.961,11.436,1178882.0
2025-06-30 00:00:00+00:00,11.436,11.523,11.078,11.109,617504.4
2025-06-30 04:00:00+00:00,11.109,11.168,10.868,11.125,546099.2
2025-06-30 08:00:00+00:00,11.125,11.135,10.854,10.895,496192.9
2025-06-30 12:00:00+00:00,10.895,10.943,10.696,10.807,947332.9
2025-06-30 16:00:00+00:00,10.807,11.102,10.774,11.076,552285.0
2025-06-30 20:00:00+00:00,11.076,11.163,10.738,10.756,546010.1
2025-07-01 00:00:00+00:00,10.756,10.827,10.491,10.526,388474.5
2025-07-01 04:00:00+00:00,10.526,10.53,10.322,10.506,458616.6
2025-07-01 08:00:00+00:00,10.506,10.506,10.287,10.364,450721.8
2025-07-01 12:00:00+00:00,10.364,10.476,10.272,10.458,618221.3
2025-07-01 16:00:00+00:00,10.458,10.459,10.19,10.208,759263.7
2025-07-01 20:00:00+00:00,10.208,10.305,10.107,10.162,408024.2
2025-07-02 00:00:00+00:00,10.162,10.409,10.062,10.286,351663.5
2025-07-02 04:00:00+00:00,10.286,10.556,10.137,10.368,1394680.9
2025-07-02 08:00:00+00:00,10.368,10.598,10.351,10.53,455125.3
2025-07-02 12:00:00+00:00,10.53,10.856,10.395,10.807,587075.7
2025-07-02 16:00:00+00:00,10.807,11.39,10.787,11.379,929368.9
2025-07-02 20:00:00+00:00,11.379,11.517,11.293,11.346,971868.8
2025-07-03 00:00:00+00:00,11.346,11.558,11.269,11.496,676084.6
2025-07-03 04:00:00+00:00,11.496,11.989,11.467,11.929,658491.4
2025-07-03 08:00:00+00:00,11.929,12.069,11.647,11.655,650570.9
2025-07-03 12:00:00+00:00,11.655,11.991,11.312,11.354,1212567.0
2025-07-03 16:00:00+00:00,11.354,11.613,11.344,11.522,564611.3
2025-07-03 20:00:00+00:00,11.522,11.693,11.509,11.526,298045.2
2025-07-04 00:00:00+00:00,11.526,11.704,11.464,11.474,284295.4
2025-07-04 04:00:00+00:00,11.474,11.527,11.082,11.088,533892.8
2025-07-04 08:00:00+00:00,11.088,11.244,10.991,11.065,361584.9
2025-07-04 12:00:00+00:00,11.065,11.082,10.833,10.882,607293.1
2025-07-04 16:00:00+00:00,10.882,10.895,10.734,10.748,617349.8
2025-07-04 20:00:00+00:00,10.748,10.903,10.736,10.765,280306.4
2025-07-05 00:00:00+00:00,10.765,10.885,10.705,10.838,201067.7
2025-07-05 04:00:00+00:00,10.838,10.925,10.743,10.808,205164.8
2025-07-05 08:00:00+00:00,10.808,11.05,10.512,10.571,1638810.4
2025-07-05 12:00:00+00:00,10.571,10.602,10.462,10.534,383148.2
2025-07-05 16:00:00+00:00,10.534,10.61,10.382,10.502,545063.8
2025-07-05 20:00:00+00:00,10.502,10.596,10.485,10.582,268509.5
2025-07-06 00:00:00+00:00,10.582,10.597,10.457,10.49,171086.4
2025-07-06 04:00:00+00:00,10.49,10.717,10.472,10.659,260946.7
2025-07-06 08:00:00+00:00,10.659,10.82,10.556,10.817,656528.4
2025-07-06 12:00:00+00:00,10.817,11.011,10.731,10.802,1165968.2
2025-07-06 16:00:00+00:00,10.802,10.846,10.573,10.614,496792.2
2025-07-06 20:00:00+00:00,10.614,10.927,10.567,10.627,673172.0
2025-07-07 00:00:00+00:00,10.627,10.715,10.531,10.607,373123.3
2025-07-07 04:00:00+00:00,10.607,10.665,10.524,10.656,273488.5
2025-07-07 08:00:00+00:00,10.656,10.695,10.504,10.521,249828.2
2025-07-07 12:00:00+00:00,10.521,10.651,10.364,10.421,530797.6
2025-07-07 16:00:00+00:00,10.421,10.515,10.317,10.446,417445.0
2025-07-07 20:00:00+00:00,10.446,10.515,10.305,10.513,273447.2
2025-07-08 00:00:00+00:00,10.513,10.576,10.236,10.266,637608.1
2025-07-08 04:00:00+00:00,10.266,10.397,10.241,10.385,285799.9
2025-07-08 08:00:00+00:00,10.385,10.522,10.303,10.454,462938.0
2025-07-08 12:00:00+00:00,10.454,10.62,10.313,10.326,732914.6
2025-07-08 16:00:00+00:00,10.326,10.793,10.251,10.476,1490748.2
2025-07-08 20:00:00+00:00,10.476,10.524,10.375,10.416,237035.9
2025-07-09 00:00:00+00:00,10.416,10.45,10.29,10.337,214698.0
2025-07-09 04:00:00+00:00,10.337,10.597,10.273,10.537,441565.3
2025-07-09 08:00:00+00:00,10.537,10.7,10.48,10.654,384709.3
2025-07-09 12:00:00+00:00,10.654,10.78,10.458,10.493,822474.3
2025-07-09 16:00:00+00:00,10.493,11.009,10.448,10.975,851583.8
2025-07-09 20:00:00+00:00,10.975,11.094,10.816,11.006,737330.4
2025-07-10 00:00:00+00:00,11.006,11.074,10.826,11.022,398573.4
2025-07-10 04:00:00+00:00,11.022,11.192,10.97,11.073,352173.3
2025-07-10 08:00:00+00:00,11.073,11.17,11.013,11.046,357831.8
2025-07-10 12:00:00+00:00,11.046,11.148,10.835,10.907,692561.9
2025-07-10 16:00:00+00:00,10.907,11.437,10.89,11.33,882299.0
2025-07-10 20:00:00+00:00,11.33,12.186,11.326,12.117,1132755.3
2025-07-11 00:00:00+00:00,12.117,12.511,11.846,12.415,600956.2
2025-07-11 04:00:00+00:00,12.415,12.895,12.318,12.453,964101.9
2025-07-11 08:00:00+00:00,12.453,12.836,12.441,12.658,680183.5
2025-07-11 12:00:00+00:00,12.658,13.174,12.584,12.68,1214794.5
2025-07-11 16:00:00+00:00,12.68,13.012,12.605,12.897,682704.9
2025-07-11 20:00:00+00:00,12.897,12.904,12.072,12.359,738754.9
2025-07-12 00:00:00+00:00,12.359,12.788,12.113,12.647,611013.4
2025-07-12 04:00:00+00:00,12.647,12.696,12.244,12.614,360994.4
2025-07-12 08:00:00+00:00,12.614,12.83,12.559,12.739,355258.5
2025-07-12 12:00:00+00:00,12.739,12.785,11.936,11.998,1001621.3
2025-07-12 16:00:00+00:00,11.998,12.328,11.942,12.321,491551.3
2025-07-12 20:00:00+00:00,12.321,12.336,12.081,12.279,329802.1
2025-07-13 00:00:00+00:00,12.279,12.459,12.214,12.399,347441.9
2025-07-13 04:00:00+00:00,12.399,12.649,12.351,12.558,338995.9
2025-07-13 08:00:00+00:00,12.558,12.578,12.306,12.509,560331.5
2025-07-13 12:00:00+00:00,12.509,12.729,12.386,12.481,906169.1
2025-07-13 16:00:00+00:00,12.481,12.739,12.351,12.593,478277.7
2025-07-13 20:00:00+00:00,12.593,12.766,12.222,12.406,719069.2
2025-07-14 00:00:00+00:00,12.406,12.961,12.325,12.89,657959.9
2025-07-14 04:00:00+00:00,12.89,13.112,12.566,12.879,918969.2
2025-07-14 08:00:00+00:00,12.879,12.929,12.585,12.842,725812.8
2025-07-14 12:00:00+00:00,12.842,12.939,12.291,12.404,1129414.6
2025-07-14 16:00:00+00:00,12.404,12.535,12.161,12.281,566055.8
2025-07-14 20:00:00+00:00,12.281,12.442,12.056,12.371,408384.4
2025-07-15 00:00:00+00:00,12.371,12.48,11.924,12.101,666830.3
2025-07-15 04:00:00+00:00,12.101,12.346,11.975,12.11,448161.0
2025-07-15 08:00:00+00:00,12.11,12.247,11.984,12.228,467762.1
2025-07-15 12:00:00+00:00,12.228,12.665,12.088,12.604,1340503.8
2025-07-15 16:00:00+00:00,12.604,13.314,12.581,12.912,1217716.1
2025-07-15 20:00:00+00:00,12.912,13.433,12.843,13.423,681712.1
2025-07-16 00:00:00+00:00,13.423,13.518,13.086,13.235,559569.8
2025-07-16 04:00:00+00:00,13.235,13.323,13.033,13.229,548688.5
2025-07-16 08:00:00+00:00,13.229,13.331,13.064,13.29,469871.8
2025-07-16 12:00:00+00:00,13.29,13.583,13.137,13.277,1130055.6
2025-07-16 16:00:00+00:00,13.277,13.856,13.27,13.635,750904.4
2025-07-16 20:00:00+00:00,13.635,14.084,13.452,13.531,623877.3
2025-07-17 00:00:00+00:00,13.531,13.841,13.078,13.198,583092.5
2025-07-17 04:00:00+00:00,13.198,13.68,13.135,13.519,457162.7
2025-07-17 08:00:00+00:00,13.519,13.964,13.484,13.674,548394.9
2025-07-17 12:00:00+00:00,13.674,14.223,13.579,13.974,1281433.3
2025-07-17 16:00:00+00:00,13.974,14.133,13.572,13.74,677832.9
2025-07-17 20:00:00+00:00,13.74,14.242,13.534,14.025,784444.8
2025-07-18 00:00:00+00:00,14.025,14.396,13.913,14.288,597342.3
2025-07-18 04:00:00+00:00,14.288,14.774,14.224,14.325,619442.5
2025-07-18 08:00:00+00:00,14.325,14.474,14.115,14.231,700538.7
2025-07-18 12:00:00+00:00,14.231,14.588,13.68,13.835,1346676.4
2025-07-18 16:00:00+00:00,13.835,14.051,13.552,13.705,741253.4
2025-07-18 20:00:00+00:00,13.705,13.788,13.29,13.679,701389.0
2025-07-19 00:00:00+00:00,13.679,13.998,13.28,13.996,372331.7
2025-07-19 04:00:00+00:00,13.996,14.136,13.761,13.765,479049.6
2025-07-19 08:00:00+00:00,13.765,13.805,13.508,13.571,330266.6
2025-07-19 12:00:00+00:00,13.571,13.71,13.374,13.64,326505.2
2025-07-19 16:00:00+00:00,13.64,14.24,13.576,14.154,507532.8
2025-07-19 20:00:00+00:00,14.154,14.229,13.918,14.166,418792.6
2025-07-20 00:00:00+00:00,14.166,14.334,14.029,14.137,418209.9
2025-07-20 04:00:00+00:00,14.137,14.458,14.123,14.402,375491.7
2025-07-20 08:00:00+00:00,14.402,15.149,14.402,15.009,904289.5
2025-07-20 12:00:00+00:00,15.009,15.251,14.851,15.238,650975.7
2025-07-20 16:00:00+00:00,15.238,15.319,14.927,15.057,739928.9
2025-07-20 20:00:00+00:00,15.057,15.117,14.601,14.989,655400.1
2025-07-21 00:00:00+00:00,14.989,15.318,14.709,15.315,523636.4
2025-07-21 04:00:00+00:00,15.315,15.388,14.944,15.359,601579.0
2025-07-21 08:00:00+00:00,15.359,15.439,15.042,15.201,497234.0
2025-07-21 12:00:00+00:00,15.201,15.723,15.077,15.306,857338.3
2025-07-21 16:00:00+00:00,15.306,15.427,14.858,14.993,838527.6
2025-07-21 20:00:00+00:00,14.993,15.269,14.922,15.155,303640.1
2025-07-22 00:00:00+00:00,15.155,15.442,14.684,14.985,868214.2
2025-07-22 04:00:00+00:00,14.985,15.3,14.457,14.592,1189512.2
2025-07-22 08:00:00+00:00,14.592,15.0,14.203,14.927,781053.3
2025-07-22 12:00:00+00:00,14.927,15.205,14.412,14.891,707721.6
2025-07-22 16:00:00+00:00,14.891,15.158,14.654,14.708,687287.5
2025-07-22 20:00:00+00:00,14.708,15.252,14.687,15.248,368425.8
2025-07-23 00:00:00+00:00,15.248,15.258,14.865,14.94,333369.1
2025-07-23 04:00:00+00:00,14.94,15.19,14.781,14.848,306201.0
2025-07-23 08:00:00+00:00,14.848,15.019,14.402,14.517,590650.3
2025-07-23 12:00:00+00:00,14.517,14.565,13.669,14.122,1374532.8
2025-07-23 16:00:00+00:00,14.122,14.122,13.507,13.787,760255.8
2025-07-23 20:00:00+00:00,13.787,13.925,13.355,13.819,644544.7
2025-07-24 00:00:00+00:00,13.819,14.062,13.736,13.894,265494.4
2025-07-24 04:00:00+00:00,13.894,14.004,12.849,13.408,1239724.1
2025-07-24 08:00:00+00:00,13.408,13.707,13.259,13.641,572473.0
2025-07-24 12:00:00+00:00,13.641,14.08,13.302,13.892,943063.0
2025-07-24 16:00:00+00:00,13.892,14.009,13.515,13.769,636044.2
2025-07-24 20:00:00+00:00,13.769,13.931,13.465,13.553,399969.8
2025-07-25 00:00:00+00:00,13.553,13.572,13.053,13.23,609810.0
2025-07-25 04:00:00+00:00,13.23,13.461,13.045,13.32,391125.5
2025-07-25 08:00:00+00:00,13.32,13.89,13.301,13.824,448466.6
2025-07-25 12:00:00+00:00,13.824,13.928,13.05,13.248,747952.9
2025-07-25 16:00:00+00:00,13.248,13.485,13.122,13.344,348912.2
2025-07-25 20:00:00+00:00,13.344,14.05,13.338,13.98,450272.8
2025-07-26 00:00:00+00:00,13.98,14.188,13.942,14.132,381538.6
2025-07-26 04:00:00+00:00,14.132,14.273,14.067,14.253,177639.2
2025-07-26 08:00:00+00:00,14.253,14.484,14.241,14.394,273252.0
2025-07-26 12:00:00+00:00,14.394,14.565,14.187,14.565,370326.6
2025-07-26 16:00:00+00:00,14.565,15.114,14.374,15.087,616896.2
2025-07-26 20:00:00+00:00,15.087,15.14,14.672,14.987,460497.8
2025-07-27 00:00:00+00:00,14.987,15.094,14.828,15.011,231891.2
2025-07-27 04:00:00+00:00,15.011,15.373,15.004,15.236,398827.2
2025-07-27 08:00:00+00:00,15.236,15.362,15.044,15.189,468426.6
2025-07-27 12:00:00+00:00,15.189,15.369,15.046,15.159,449398.8
2025-07-27 16:00:00+00:00,15.159,15.496,15.138,15.426,517922.0
2025-07-27 20:00:00+00:00,15.426,15.605,15.212,15.425,496402.4
2025-07-28 00:00:00+00:00,15.425,15.612,15.156,15.426,440344.0
2025-07-28 04:00:00+00:00,15.426,16.22,15.328,16.208,764784.1
2025-07-28 08:00:00+00:00,16.208,16.34,15.912,16.035,744861.4
2025-07-28 12:00:00+00:00,16.035,16.078,14.949,15.025,1023076.2
2025-07-28 16:00:00+00:00,15.025,15.19,14.665,14.79,1098114.0
2025-07-28 20:00:00+00:00,14.79,14.82,14.465,14.584,423120.9
2025-07-29 00:00:00+00:00,14.584,14.767,14.178,14.594,551834.7
2025-07-29 04:00:00+00:00,14.594,15.267,14.504,15.228,684999.9
2025-07-29 08:00:00+00:00,15.228,15.232,14.639,14.67,465082.6
2025-07-29 12:00:00+00:00,14.67,14.928,14.024,14.16,879035.6
2025-07-29 16:00:00+00:00,14.16,14.351,13.874,13.94,663788.2
2025-07-29 20:00:00+00:00,13.94,14.288,13.77,14.088,584867.3
2025-07-30 00:00:00+00:00,14.088,14.218,13.838,14.096,260451.1
2025-07-30 04:00:00+00:00,14.096,14.325,14.011,14.066,433184.3
2025-07-30 08:00:00+00:00,14.066,14.166,13.467,13.556,653809.1
2025-07-30 12:00:00+00:00,13.556,13.998,13.465,13.894,459906.2
2025-07-30 16:00:00+00:00,13.894,14.076,13.092,13.795,841683.6
2025-07-30 20:00:00+00:00,13.795,13.959,13.479,13.689,419669.8
2025-07-31 00:00:00+00:00,13.689,14.299,13.624,14.226,439589.4
2025-07-31 04:00:00+00:00,14.226,14.64,14.13,14.505,397451.7
2025-07-31 08:00:00+00:00,14.505,14.536,14.234,14.331,626769.8
2025-07-31 12:00:00+00:00,14.331,14.393,13.641,13.826,777652.7
2025-07-31 16:00:00+00:00,13.826,14.337,13.651,13.71,650237.9
2025-07-31 20:00:00+00:00,13.71,13.768,13.13,13.191,541955.7
2025-08-01 00:00:00+00:00,13.191,13.365,12.707,13.22,797707.7
2025-08-01 04:00:00+00:00,13.22,13.22,12.811,12.982,302355.8
2025-08-01 08:00:00+00:00,12.982,12.982,12.63,12.928,459077.0
2025-08-01 12:00:00+00:00,12.928,13.281,12.564,12.961,813094.8
2025-08-01 16:00:00+00:00,12.961,13.054,12.529,12.836,618819.5
2025-08-01 20:00:00+00:00,12.836,12.875,12.196,12.531,704975.9
2025-08-02 00:00:00+00:00,12.531,12.75,12.495,12.722,235517.9
2025-08-02 04:00:00+00:00,12.722,12.818,12.26,12.678,469460.8
2025-08-02 08:00:00+00:00,12.678,12.727,12.314,12.489,341871.2
2025-08-02 12:00:00+00:00,12.489,12.503,12.132,12.181,346742.8
2025-08-02 16:00:00+00:00,12.181,12.365,11.863,12.119,717862.6
2025-08-02 20:00:00+00:00,12.119,12.332,12.037,12.175,272158.2
2025-08-03 00:00:00+00:00,12.175,12.387,11.974,12.364,331274.4
2025-08-03 04:00:00+00:00,12.364,12.41,12.282,12.364,174701.3
2025-08-03 08:00:00+00:00,12.364,12.729,12.341,12.623,351201.9
2025-08-03 12:00:00+00:00,12.623,12.806,12.533,12.77,486673.9
2025-08-03 16:00:00+00:00,12.77,13.189,12.669,13.084,570759.5
2025-08-03 20:00:00+00:00,13.084,13.087,12.882,12.966,257880.9
2025-08-04 00:00:00+00:00,12.966,13.475,12.942,13.289,371227.3
2025-08-04 04:00:00+00:00,13.289,13.442,13.181,13.302,396518.3
2025-08-04 08:00:00+00:00,13.302,13.393,13.066,13.114,358821.2
2025-08-04 12:00:00+00:00,13.114,13.542,13.094,13.374,722201.7
2025-08-04 16:00:00+00:00,13.374,13.626,13.273,13.349,482847.3
2025-08-04 20:00:00+00:00,13.349,14.015,13.339,13.64,1118620.1
2025-08-05 00:00:00+00:00,13.64,13.651,13.222,13.251,389882.4
2025-08-05 04:00:00+00:00,13.251,13.485,13.111,13.144,388836.0
2025-08-05 08:00:00+00:00,13.144,13.658,13.104,13.615,304912.1
2025-08-05 12:00:00+00:00,13.615,13.752,12.952,13.017,1031416.0
2025-08-05 16:00:00+00:00,13.017,13.218,12.886,12.925,565793.9
2025-08-05 20:00:00+00:00,12.925,13.092,12.652,12.922,515429.4
2025-08-06 00:00:00+00:00,12.922,12.926,12.529,12.567,289767.4
2025-08-06 04:00:00+00:00,12.567,13.068,12.494,13.06,456465.3
2025-08-06 08:00:00+00:00,13.06,13.131,12.851,12.886,425395.3
2025-08-06 12:00:00+00:00,12.886,13.21,12.713,13.176,707615.5
2025-08-06 16:00:00+00:00,13.176,13.213,12.892,13.012,516420.7
2025-08-06 20:00:00+00:00,13.012,13.045,12.876,12.927,263960.2
2025-08-07 00:00:00+00:00,12.927,13.044,12.806,12.854,238606.9
2025-08-07 04:00:00+00:00,12.854,13.065,12.822,12.966,263948.0
2025-08-07 08:00:00+00:00,12.966,13.674,12.923,13.618,721885.1
2025-08-07 12:00:00+00:00,13.618,13.83,13.537,13.716,757992.3
2025-08-07 16:00:00+00:00,13.716,13.868,13.411,13.856,466609.5
2025-08-07 20:00:00+00:00,13.856,14.147,13.82,14.049,487479.7
2025-08-08 00:00:00+00:00,14.049,14.272,13.881,14.136,692694.5
2025-08-08 04:00:00+00:00,14.136,14.24,13.862,14.147,360254.3
2025-08-08 08:00:00+00:00,14.147,14.294,13.991,14.112,379761.9
2025-08-08 12:00:00+00:00,14.112,14.392,13.819,13.923,769088.3
2025-08-08 16:00:00+00:00,13.923,14.317,13.901,14.26,426383.8
2025-08-08 20:00:00+00:00,14.26,14.28,13.968,14.111,498180.7
2025-08-09 00:00:00+00:00,14.111,14.276,14.047,14.246,144492.9
2025-08-09 04:00:00+00:00,14.246,14.728,14.19,14.614,539892.5
2025-08-09 08:00:00+00:00,14.614,14.788,14.577,14.693,361157.8
2025-08-09 12:00:00+00:00,14.693,14.832,14.387,14.573,397449.2
2025-08-09 16:00:00+00:00,14.573,14.758,14.496,14.631,262519.3
2025-08-09 20:00:00+00:00,14.631,14.79,14.478,14.534,317337.8
2025-08-10 00:00:00+00:00,14.534,14.777,14.347,14.569,355623.2
2025-08-10 04:00:00+00:00,14.569,14.731,14.072,14.087,490421.3
2025-08-10 08:00:00+00:00,14.087,14.231,13.875,13.952,786296.6
2025-08-10 12:00:00+00:00,13.952,14.383,13.85,14.307,463576.9
2025-08-10 16:00:00+00:00,14.307,14.434,14.23,14.372,180255.8
2025-08-10 20:00:00+00:00,14.372,14.41,14.09,14.386,362134.2
2025-08-11 00:00:00+00:00,14.386,14.909,14.27,14.853,426741.1
2025-08-11 04:00:00+00:00,14.853,15.01,14.348,14.398,483272.2
2025-08-11 08:00:00+00:00,14.398,14.482,13.793,13.849,747738.8
2025-08-11 12:00:00+00:00,13.849,14.265,13.769,14.161,710252.3
2025-08-11 16:00:00+00:00,14.161,14.375,13.757,13.877,631138.0
2025-08-11 20:00:00+00:00,13.877,13.908,13.461,13.663,483339.0
2025-08-12 00:00:00+00:00,13.663,13.944,13.636,13.736,250724.9
2025-08-12 04:00:00+00:00,13.736,13.896,13.541,13.796,311675.8
2025-08-12 08:00:00+00:00,13.796,13.818,13.442,13.68,360710.8
2025-08-12 12:00:00+00:00,13.68,14.542,13.562,14.52,1107213.9
2025-08-12 16:00:00+00:00,14.52,14.77,14.421,14.754,441876.1
2025-08-12 20:00:00+00:00,14.754,14.961,14.687,14.77,443501.4
2025-08-13 00:00:00+00:00,14.77,14.998,14.539,14.972,361060.2
2025-08-13 04:00:00+00:00,14.972,15.086,14.683,14.933,467502.9
2025-08-13 08:00:00+00:00,14.933,15.565,14.913,15.556,699670.9
2025-08-13 12:00:00+00:00,15.556,15.959,15.321,15.595,1298242.5
2025-08-13 16:00:00+00:00,15.595,16.065,15.52,15.846,749270.2
2025-08-13 20:00:00+00:00,15.846,16.504,15.697,16.221,884435.0
2025-08-14 00:00:00+00:00,16.221,16.398,15.828,16.375,602784.8
2025-08-14 04:00:00+00:00,16.375,16.563,15.694,15.85,715017.3
2025-08-14 08:00:00+00:00,15.85,15.94,15.508,15.673,786334.6
2025-08-14 12:00:00+00:00,15.673,16.094,14.832,15.397,3145397.9
2025-08-14 16:00:00+00:00,15.397,15.561,15.094,15.135,757059.0
2025-08-14 20:00:00+00:00,15.135,15.238,14.675,15.119,525012.8
2025-08-15 00:00:00+00:00,15.119,15.418,15.056,15.323,513487.2
2025-08-15 04:00:00+00:00,15.323,15.473,14.9,15.246,1153612.1
2025-08-15 08:00:00+00:00,15.246,15.363,14.876,14.922,476483.1
2025-08-15 12:00:00+00:00,14.922,15.143,14.11,14.224,1279092.0
2025-08-15 16:00:00+00:00,14.224,14.452,14.028,14.253,679423.7
2025-08-15 20:00:00+00:00,14.253,14.654,14.199,14.345,306795.9
2025-08-16 00:00:00+00:00,14.345,14.584,14.309,14.324,235506.0
2025-08-16 04:00:00+00:00,14.324,14.456,14.241,14.371,208932.1
2025-08-16 08:00:00+00:00,14.371,14.423,14.152,14.163,296998.7
2025-08-16 12:00:00+00:00,14.163,14.602,14.087,14.512,451641.1
2025-08-16 16:00:00+00:00,14.512,14.69,14.384,14.614,240187.5
2025-08-16 20:00:00+00:00,14.614,14.808,14.532,14.573,211726.0
2025-08-17 00:00:00+00:00,14.573,14.65,14.362,14.646,205856.0
2025-08-17 04:00:00+00:00,14.646,14.915,14.631,14.766,280938.7
2025-08-17 08:00:00+00:00,14.766,15.298,14.766,15.287,549442.1
2025-08-17 12:00:00+00:00,15.287,15.956,14.979,15.904,960664.5
2025-08-17 16:00:00+00:00,15.904,15.938,15.249,15.344,747955.6
2025-08-17 20:00:00+00:00,15.344,15.643,15.315,15.465,356154.3
2025-08-18 00:00:00+00:00,15.465,15.744,14.665,14.916,1377152.2
2025-08-18 04:00:00+00:00,14.916,14.985,14.296,14.34,924058.0
2025-08-18 08:00:00+00:00,14.34,14.568,14.187,14.263,1167167.8
2025-08-18 12:00:00+00:00,14.263,14.963,14.215,14.586,1532044.5
2025-08-18 16:00:00+00:00,14.586,14.738,14.311,14.477,776950.6
2025-08-18 20:00:00+00:00,14.477,14.619,14.126,14.194,608930.0
2025-08-19 00:00:00+00:00,14.194,14.439,13.736,13.815,894760.0
2025-08-19 04:00:00+00:00,13.815,13.927,13.632,13.734,542783.2
2025-08-19 08:00:00+00:00,13.734,14.259,13.605,14.182,984513.2
2025-08-19 12:00:00+00:00,14.182,14.182,13.547,13.634,1150825.6
2025-08-19 16:00:00+00:00,13.634,13.705,13.244,13.285,803574.8
2025-08-19 20:00:00+00:00,13.285,13.454,13.169,13.196,422639.0
2025-08-20 00:00:00+00:00,13.196,13.388,13.141,13.237,484720.0
2025-08-20 04:00:00+00:00,13.237,13.492,13.237,13.342,398796.0
2025-08-20 08:00:00+00:00,13.342,13.669,13.256,13.452,482469.6
2025-08-20 12:00:00+00:00,13.452,13.837,13.115,13.68,853846.3
2025-08-20 16:00:00+00:00,13.68,14.092,13.666,14.083,613251.2
2025-08-20 20:00:00+00:00,14.083,14.172,13.934,13.959,330158.5
2025-08-21 00:00:00+00:00,13.959,14.129,13.76,13.819,434370.6
2025-08-21 04:00:00+00:00,13.819,13.93,13.657,13.799,303569.5
2025-08-21 08:00:00+00:00,13.799,13.807,13.513,13.572,299604.7
2025-08-21 12:00:00+00:00,13.572,13.737,13.369,13.386,741145.6
2025-08-21 16:00:00+00:00,13.386,13.51,13.271,13.347,425750.3
2025-08-21 20:00:00+00:00,13.347,13.519,13.245,13.296,228524.3
2025-08-22 00:00:00+00:00,13.296,13.524,13.142,13.268,657727.3
2025-08-22 04:00:00+00:00,13.268,13.607,13.264,13.555,377164.4
2025-08-22 08:00:00+00:00,13.555,13.648,13.235,13.247,474673.6
2025-08-22 12:00:00+00:00,13.247,14.559,12.914,14.362,2852331.6
2025-08-22 16:00:00+00:00,14.362,14.981,14.362,14.911,1063369.7
2025-08-22 20:00:00+00:00,14.911,15.044,14.815,14.915,527462.0
2025-08-23 00:00:00+00:00,14.915,14.951,14.288,14.401,511050.3
2025-08-23 04:00:00+00:00,14.401,14.819,14.395,14.452,401354.0
2025-08-23 08:00:00+00:00,14.452,14.602,14.353,14.391,261107.6
2025-08-23 12:00:00+00:00,14.391,14.527,14.323,14.453,339449.7
2025-08-23 16:00:00+00:00,14.453,14.726,14.384,14.713,218024.5
2025-08-23 20:00:00+00:00,14.713,14.765,14.584,14.713,212792.4
2025-08-24 00:00:00+00:00,14.713,14.82,14.394,14.494,222369.0
2025-08-24 04:00:00+00:00,14.494,14.543,14.242,14.243,289670.6
2025-08-24 08:00:00+00:00,14.243,14.373,14.03,14.132,468385.9
2025-08-24 12:00:00+00:00,14.132,14.542,14.069,14.322,522923.4
2025-08-24 16:00:00+00:00,14.322,15.189,14.183,14.575,1950262.6
2025-08-24 20:00:00+00:00,14.575,14.603,14.172,14.341,784435.4
2025-08-25 00:00:00+00:00,14.341,14.559,14.031,14.342,437637.5
2025-08-25 04:00:00+00:00,14.342,14.399,13.44,13.535,909852.3
2025-08-25 08:00:00+00:00,13.535,13.658,13.269,13.434,559709.0
2025-08-25 12:00:00+00:00,13.434,13.576,13.257,13.443,520937.3
2025-08-25 16:00:00+00:00,13.443,13.583,13.001,13.026,537664.1
2025-08-25 20:00:00+00:00,13.026,13.076,12.636,12.798,974348.8
2025-08-26 00:00:00+00:00,12.798,13.052,12.702,12.862,358801.1
2025-08-26 04:00:00+00:00,12.862,13.124,12.837,13.032,310277.4
2025-08-26 08:00:00+00:00,13.032,13.15,12.895,13.046,258589.7
2025-08-26 12:00:00+00:00,13.046,13.478,12.938,13.257,786688.5
2025-08-26 16:00:00+00:00,13.257,13.582,13.174,13.533,351398.2
2025-08-26 20:00:00+00:00,13.533,13.958,13.464,13.497,658014.8
2025-08-27 00:00:00+00:00,13.497,13.544,13.256,13.454,283521.4
2025-08-27 04:00:00+00:00,13.454,13.621,13.308,13.353,256970.2
2025-08-27 08:00:00+00:00,13.353,13.548,13.246,13.51,308371.1
2025-08-27 12:00:00+00:00,13.51,13.695,13.396,13.595,514382.9
2025-08-27 16:00:00+00:00,13.595,13.646,13.265,13.342,719062.6
2025-08-27 20:00:00+00:00,13.342,13.513,13.162,13.32,1223614.3
2025-08-28 00:00:00+00:00,13.32,13.516,13.229,13.494,183914.1
2025-08-28 04:00:00+00:00,13.494,13.706,13.459,13.658,314963.6
2025-08-28 08:00:00+00:00,13.658,13.778,13.543,13.778,354404.9
2025-08-28 12:00:00+00:00,13.778,14.101,13.627,13.812,1228043.6
2025-08-28 16:00:00+00:00,13.812,14.038,13.564,13.766,404534.4
2025-08-28 20:00:00+00:00,13.766,14.179,13.744,14.023,198932.7
2025-08-29 00:00:00+00:00,14.023,14.043,13.65,13.685,256514.7
2025-08-29 04:00:00+00:00,13.685,13.731,13.215,13.295,416802.7
2025-08-29 08:00:00+00:00,13.295,13.351,12.97,13.257,385599.9
2025-08-29 12:00:00+00:00,13.257,13.666,12.839,12.995,1319923.7
2025-08-29 16:00:00+00:00,12.995,13.029,12.714,12.897,477950.0
2025-08-29 20:00:00+00:00,12.897,13.021,12.747,12.962,297947.5
2025-08-30 00:00:00+00:00,12.962,13.168,12.776,13.031,396216.0
2025-08-30 04:00:00+00:00,13.031,13.207,13.018,13.149,219358.1
2025-08-30 08:00:00+00:00,13.149,13.164,13.028,13.124,155929.1
2025-08-30 12:00:00+00:00,13.124,13.13,12.861,13.03,308078.9
2025-08-30 16:00:00+00:00,13.03,13.048,12.851,12.914,150621.9
2025-08-30 20:00:00+00:00,12.914,12.927,12.814,12.903,150111.1
2025-08-31 00:00:00+00:00,12.903,13.136,12.903,13.121,186670.8
2025-08-31 04:00:00+00:00,13.121,13.133,12.864,12.905,149798.0
2025-08-31 08:00:00+00:00,12.905,13.03,12.749,12.871,283999.7
2025-08-31 12:00:00+00:00,12.871,13.017,12.814,13.001,268558.5
2025-08-31 16:00:00+00:00,13.001,13.042,12.892,12.943,179594.7
2025-08-31 20:00:00+00:00,12.943,13.024,12.686,12.697,251785.5
2025-09-01 00:00:00+00:00,12.697,12.724,12.391,12.477,400060.0
2025-09-01 04:00:00+00:00,12.477,12.985,12.363,12.925,426834.9
2025-09-01 08:00:00+00:00,12.925,13.166,12.679,12.717,780822.8
2025-09-01 12:00:00+00:00,12.717,12.851,12.52,12.552,341911.9
2025-09-01 16:00:00+00:00,12.552,12.637,12.392,12.634,370595.5
2025-09-01 20:00:00+00:00,12.634,12.646,12.137,12.453,639325.1
2025-09-02 00:00:00+00:00,12.453,12.779,12.371,12.743,256724.0
2025-09-02 04:00:00+00:00,12.743,12.906,12.644,12.682,236819.6
2025-09-02 08:00:00+00:00,12.682,12.875,12.673,12.729,343971.1
2025-09-02 12:00:00+00:00,12.729,13.207,12.357,12.657,1450242.2
2025-09-02 16:00:00+00:00,12.657,12.92,12.655,12.74,254493.1
2025-09-02 20:00:00+00:00,12.74,13.013,12.714,12.985,178232.3
2025-09-03 00:00:00+00:00,12.985,13.21,12.893,13.149,252418.0
2025-09-03 04:00:00+00:00,13.149,13.191,12.913,13.054,289446.4
2025-09-03 08:00:00+00:00,13.054,13.284,13.023,13.194,421910.5
2025-09-03 12:00:00+00:00,13.194,13.44,13.095,13.34,438977.9
2025-09-03 16:00:00+00:00,13.34,13.43,13.229,13.383,266154.1
2025-09-03 20:00:00+00:00,13.383,13.393,13.177,13.231,337994.8
2025-09-04 00:00:00+00:00,13.231,13.3,13.041,13.059,193061.9
2025-09-04 04:00:00+00:00,13.059,13.116,12.793,12.892,291004.7
2025-09-04 08:00:00+00:00,12.892,13.0,12.661,12.688,541819.3
2025-09-04 12:00:00+00:00,12.688,12.843,12.52,12.546,360974.3
2025-09-04 16:00:00+00:00,12.546,12.606,12.357,12.387,213915.3
2025-09-04 20:00:00+00:00,12.387,12.653,12.371,12.437,210520.7
2025-09-05 00:00:00+00:00,12.437,12.56,12.424,12.56,226623.4
2025-09-05 04:00:00+00:00,12.56,12.799,12.488,12.791,207787.5
2025-09-05 08:00:00+00:00,12.791,12.871,12.611,12.859,275483.2
2025-09-05 12:00:00+00:00,12.859,13.155,12.555,12.68,1184617.6
2025-09-05 16:00:00+00:00,12.68,12.962,12.633,12.948,248966.0
2025-09-05 20:00:00+00:00,12.948,13.099,12.912,12.995,319273.9
2025-09-06 00:00:00+00:00,12.995,13.18,12.963,13.116,214699.8
2025-09-06 04:00:00+00:00,13.116,13.12,12.922,12.995,178957.0
2025-09-06 08:00:00+00:00,12.995,13.009,12.852,12.917,177130.3
2025-09-06 12:00:00+00:00,12.917,13.04,12.89,12.936,188819.6
2025-09-06 16:00:00+00:00,12.936,13.05,12.784,12.805,223655.1
2025-09-06 20:00:00+00:00,12.805,12.983,12.795,12.911,136938.9
2025-09-07 00:00:00+00:00,12.911,13.097,12.886,13.069,88232.0
2025-09-07 04:00:00+00:00,13.069,13.255,12.998,13.042,230493.7
2025-09-07 08:00:00+00:00,13.042,13.106,12.956,13.06,142095.3
2025-09-07 12:00:00+00:00,13.06,13.141,12.995,13.085,200044.2
2025-09-07 16:00:00+00:00,13.085,13.099,12.871,12.965,212275.1
2025-09-07 20:00:00+00:00,12.965,13.162,12.914,13.022,144703.5
2025-09-08 00:00:00+00:00,13.022,13.306,12.923,13.195,149654.8
2025-09-08 04:00:00+00:00,13.195,13.198,13.017,13.117,150017.1
2025-09-08 08:00:00+00:00,13.117,13.468,13.117,13.332,398584.1
2025-09-08 12:00:00+00:00,13.332,13.626,13.309,13.612,386795.2
2025-09-08 16:00:00+00:00,13.612,13.737,13.382,13.425,483046.0
2025-09-08 20:00:00+00:00,13.425,13.672,13.364,13.578,291063.9
2025-09-09 00:00:00+00:00,13.578,13.799,13.469,13.698,279398.4
2025-09-09 04:00:00+00:00,13.698,14.107,13.627,14.007,440567.5
2025-09-09 08:00:00+00:00,14.007,14.176,13.977,14.025,447073.7
2025-09-09 12:00:00+00:00,14.025,14.547,13.855,13.964,1293345.6
2025-09-09 16:00:00+00:00,13.964,14.139,13.828,14.049,381341.7
2025-09-09 20:00:00+00:00,14.049,14.206,13.952,14.023,203901.9
2025-09-10 00:00:00+00:00,14.023,14.178,13.901,14.054,201532.7
2025-09-10 04:00:00+00:00,14.054,14.055,13.831,13.928,254696.8
2025-09-10 08:00:00+00:00,13.928,14.086,13.805,13.862,495316.9
2025-09-10 12:00:00+00:00,13.862,14.28,13.829,14.039,674502.1
2025-09-10 16:00:00+00:00,14.039,14.068,13.719,13.814,358965.5
2025-09-10 20:00:00+00:00,13.814,13.943,13.797,13.914,182081.1
2025-09-11 00:00:00+00:00,13.914,14.198,13.893,14.19,178576.3
2025-09-11 04:00:00+00:00,14.19,14.407,14.046,14.235,443366.0
2025-09-11 08:00:00+00:00,14.235,14.278,14.077,14.102,285273.0
2025-09-11 12:00:00+00:00,14.102,14.276,13.833,13.955,721895.0
2025-09-11 16:00:00+00:00,13.955,14.138,13.945,14.098,206516.1
2025-09-11 20:00:00+00:00,14.098,14.25,14.053,14.209,216649.2
2025-09-12 00:00:00+00:00,14.209,14.327,14.063,14.125,250555.2
2025-09-12 04:00:00+00:00,14.125,14.375,14.071,14.278,286257.4
2025-09-12 08:00:00+00:00,14.278,14.291,14.08,14.089,243525.9
2025-09-12 12:00:00+00:00,14.089,14.25,13.996,14.141,324502.8
2025-09-12 16:00:00+00:00,14.141,14.469,14.131,14.435,299568.7
2025-09-12 20:00:00+00:00,14.435,14.517,14.325,14.454,297154.1
2025-09-13 00:00:00+00:00,14.454,14.58,14.341,14.554,373182.0
2025-09-13 04:00:00+00:00,14.554,14.656,14.453,14.612,209334.7
2025-09-13 08:00:00+00:00,14.612,14.844,14.6,14.836,279878.2
2025-09-13 12:00:00+00:00,14.836,14.872,14.388,14.563,583422.6
2025-09-13 16:00:00+00:00,14.563,14.615,14.263,14.452,470956.1
2025-09-13 20:00:00+00:00,14.452,14.611,14.446,14.533,132551.6
2025-09-14 00:00:00+00:00,14.533,14.552,14.264,14.314,247986.9
2025-09-14 04:00:00+00:00,14.314,14.414,14.148,14.253,203850.5
2025-09-14 08:00:00+00:00,14.253,14.343,14.019,14.039,250089.4
2025-09-14 12:00:00+00:00,14.039,14.128,13.818,13.911,572567.4
2025-09-14 16:00:00+00:00,13.911,14.151,13.881,14.07,235144.4
2025-09-14 20:00:00+00:00,14.07,14.307,14.033,14.07,237456.6
2025-09-15 00:00:00+00:00,14.07,14.275,13.958,14.182,207912.3
2025-09-15 04:00:00+00:00,14.182,14.311,13.78,13.835,429606.0
2025-09-15 08:00:00+00:00,13.835,13.837,13.46,13.579,770306.0
2025-09-15 12:00:00+00:00,13.579,13.623,13.293,13.393,432541.4
2025-09-15 16:00:00+00:00,13.393,13.487,13.25,13.42,245314.1
2025-09-15 20:00:00+00:00,13.42,13.549,13.409,13.517,174609.9
2025-09-16 00:00:00+00:00,13.517,13.557,13.384,13.384,141940.3
2025-09-16 04:00:00+00:00,13.384,13.586,13.274,13.558,169286.2
2025-09-16 08:00:00+00:00,13.558,13.73,13.558,13.589,256115.1
2025-09-16 12:00:00+00:00,13.589,13.729,13.364,13.679,347552.0
2025-09-16 16:00:00+00:00,13.679,13.808,13.576,13.76,276444.1
2025-09-16 20:00:00+00:00,13.76,13.895,13.73,13.778,111007.9
2025-09-17 00:00:00+00:00,13.778,13.965,13.731,13.77,234648.4
2025-09-17 04:00:00+00:00,13.77,13.883,13.613,13.848,278752.3
2025-09-17 08:00:00+00:00,13.848,13.893,13.677,13.793,305971.8
2025-09-17 12:00:00+00:00,13.793,13.875,13.609,13.656,212812.1
2025-09-17 16:00:00+00:00,13.656,14.184,13.548,14.14,1073898.7
2025-09-17 20:00:00+00:00,14.14,14.532,13.963,14.408,468419.5
2025-09-18 00:00:00+00:00,14.408,14.575,14.334,14.488,248394.4
2025-09-18 04:00:00+00:00,14.488,14.509,14.241,14.413,236674.4
2025-09-18 08:00:00+00:00,14.413,14.521,14.393,14.424,213716.1
2025-09-18 12:00:00+00:00,14.424,14.642,14.378,14.521,379332.9
2025-09-18 16:00:00+00:00,14.521,14.662,14.454,14.575,424051.8
2025-09-18 20:00:00+00:00,14.575,14.788,14.575,14.719,453313.3
2025-09-19 00:00:00+00:00,14.719,14.87,14.529,14.565,491833.3
2025-09-19 04:00:00+00:00,14.565,14.565,14.288,14.391,381929.4
2025-09-19 08:00:00+00:00,14.391,14.501,14.091,14.144,333160.2
2025-09-19 12:00:00+00:00,14.144,14.33,13.966,14.078,415268.1
2025-09-19 16:00:00+00:00,14.078,14.161,13.86,13.926,292153.0
2025-09-19 20:00:00+00:00,13.926,14.014,13.711,13.855,162068.7
2025-09-20 00:00:00+00:00,13.855,13.943,13.754,13.879,154456.9
2025-09-20 04:00:00+00:00,13.879,13.976,13.837,13.975,152295.8
2025-09-20 08:00:00+00:00,13.975,13.975,13.678,13.773,174430.9
2025-09-20 12:00:00+00:00,13.773,14.046,13.712,13.954,223207.7
2025-09-20 16:00:00+00:00,13.954,14.008,13.771,13.828,195733.6
2025-09-20 20:00:00+00:00,13.828,13.953,13.811,13.848,99879.0
2025-09-21 00:00:00+00:00,13.848,13.911,13.755,13.896,120166.8
2025-09-21 04:00:00+00:00,13.896,14.029,13.844,13.923,130869.4
2025-09-21 08:00:00+00:00,13.923,13.945,13.619,13.695,218462.2
2025-09-21 12:00:00+00:00,13.695,13.793,13.636,13.648,131142.8
2025-09-21 16:00:00+00:00,13.648,13.698,13.505,13.655,233907.2
2025-09-21 20:00:00+00:00,13.655,13.666,13.527,13.563,105987.1
2025-09-22 00:00:00+00:00,13.563,13.617,12.95,13.063,855319.6
2025-09-22 04:00:00+00:00,13.063,13.097,12.004,12.404,1451003.4
2025-09-22 08:00:00+00:00,12.404,12.508,12.219,12.3,408052.5
2025-09-22 12:00:00+00:00,12.3,12.502,12.247,12.273,370623.9
2025-09-22 16:00:00+00:00,12.273,12.341,12.07,12.119,325309.0
2025-09-22 20:00:00+00:00,12.119,12.392,12.105,12.367,167209.3
2025-09-23 00:00:00+00:00,12.367,12.443,12.061,12.307,277319.8
2025-09-23 04:00:00+00:00,12.307,12.516,12.171,12.458,391355.2
2025-09-23 08:00:00+00:00,12.458,12.569,12.362,12.419,329258.3
2025-09-23 12:00:00+00:00,12.419,12.497,12.294,12.425,301642.9
2025-09-23 16:00:00+00:00,12.425,12.526,12.141,12.181,412753.8
2025-09-23 20:00:00+00:00,12.181,12.316,12.102,12.141,230472.5
2025-09-24 00:00:00+00:00,12.141,12.336,12.034,12.084,389628.6
2025-09-24 04:00:00+00:00,12.084,12.439,11.868,12.421,579096.7
2025-09-24 08:00:00+00:00,12.421,12.479,12.363,12.441,215827.5
2025-09-24 12:00:00+00:00,12.441,12.719,12.362,12.527,602758.4
2025-09-24 16:00:00+00:00,12.527,12.57,12.42,12.467,244752.5
2025-09-24 20:00:00+00:00,12.467,12.503,12.345,12.385,199624.3
2025-09-25 00:00:00+00:00,12.385,12.433,12.078,12.183,578925.3
2025-09-25 04:00:00+00:00,12.183,12.216,11.87,11.922,660944.4
2025-09-25 08:00:00+00:00,11.922,12.024,11.736,11.785,701888.1
2025-09-25 12:00:00+00:00,11.785,12.032,11.514,11.829,1009586.0
2025-09-25 16:00:00+00:00,11.829,11.836,11.126,11.521,1626080.8
2025-09-25 20:00:00+00:00,11.521,11.552,11.238,11.342,382160.3
2025-09-26 00:00:00+00:00,11.342,11.622,11.323,11.606,313974.1
2025-09-26 04:00:00+00:00,11.606,11.64,11.434,11.613,430631.5
2025-09-26 08:00:00+00:00,11.613,11.714,11.324,11.436,531997.1
2025-09-26 12:00:00+00:00,11.436,11.656,11.288,11.609,746942.3
2025-09-26 16:00:00+00:00,11.609,11.949,11.59,11.787,503009.0
2025-09-26 20:00:00+00:00,11.787,11.879,11.753,11.818,173474.8
2025-09-27 00:00:00+00:00,11.818,11.818,11.705,11.713,124902.8
2025-09-27 04:00:00+00:00,11.713,11.738,11.642,11.657,98876.3
2025-09-27 08:00:00+00:00,11.657,11.821,11.565,11.772,219111.6
2025-09-27 12:00:00+00:00,11.772,11.855,11.71,11.845,218413.8
2025-09-27 16:00:00+00:00,11.845,11.851,11.699,11.8,179752.3
2025-09-27 20:00:00+00:00,11.8,11.921,11.771,11.809,115820.9
2025-09-28 00:00:00+00:00,11.809,11.817,11.635,11.695,152255.4
2025-09-28 04:00:00+00:00,11.695,11.707,11.545,11.599,151958.4
2025-09-28 08:00:00+00:00,11.599,11.63,11.512,11.546,192632.3
2025-09-28 12:00:00+00:00,11.546,11.759,11.457,11.746,251093.9
2025-09-28 16:00:00+00:00,11.746,11.871,11.746,11.842,167068.8
2025-09-28 20:00:00+00:00,11.842,12.154,11.82,12.09,311536.8
2025-09-29 00:00:00+00:00,12.09,12.096,11.954,12.029,237106.8
2025-09-29 04:00:00+00:00,12.029,12.035,11.896,11.979,138786.8
2025-09-29 08:00:00+00:00,11.979,12.07,11.819,11.889,204858.7
2025-09-29 12:00:00+00:00,11.889,12.205,11.699,12.021,644448.6
2025-09-29 16:00:00+00:00,12.021,12.12,11.829,12.104,326384.7
2025-09-29 20:00:00+00:00,12.104,12.228,12.049,12.057,265334.7
2025-09-30 00:00:00+00:00,12.057,12.095,11.856,11.892,281448.3
2025-09-30 04:00:00+00:00,11.892,11.956,11.779,11.808,196308.9
2025-09-30 08:00:00+00:00,11.808,11.816,11.674,11.8,206661.4
2025-09-30 12:00:00+00:00,11.8,11.812,11.526,11.64,356330.6
2025-09-30 16:00:00+00:00,11.64,11.956,11.558,11.934,261276.7
2025-09-30 20:00:00+00:00,11.934,12.092,11.904,12.002,225264.2
2025-10-01 00:00:00+00:00,12.002,12.064,11.843,11.848,175116.7
2025-10-01 04:00:00+00:00,11.848,11.993,11.839,11.925,146304.6
2025-10-01 08:00:00+00:00,11.925,12.472,11.903,12.352,844188.9
2025-10-01 12:00:00+00:00,12.352,12.467,12.257,12.447,342638.0
2025-10-01 16:00:00+00:00,12.447,12.565,12.332,12.528,314206.8
2025-10-01 20:00:00+00:00,12.528,12.632,12.446,12.611,202113.5
2025-10-02 00:00:00+00:00,12.611,12.739,12.527,12.634,264995.2
2025-10-02 04:00:00+00:00,12.634,12.806,12.576,12.631,327055.2
2025-10-02 08:00:00+00:00,12.631,12.702,12.569,12.64,272150.8
2025-10-02 12:00:00+00:00,12.64,12.694,12.347,12.583,603522.5
2025-10-02 16:00:00+00:00,12.583,12.936,12.553,12.899,408140.5
2025-10-02 20:00:00+00:00,12.899,12.987,12.812,12.944,252513.3
2025-10-03 00:00:00+00:00,12.944,12.989,12.714,12.84,441945.0
2025-10-03 04:00:00+00:00,12.84,12.936,12.73,12.787,201216.8
2025-10-03 08:00:00+00:00,12.787,12.887,12.673,12.765,207494.5
2025-10-03 12:00:00+00:00,12.765,13.108,12.669,13.079,513782.7
2025-10-03 16:00:00+00:00,13.079,13.379,12.823,13.305,1287656.1
2025-10-03 20:00:00+00:00,13.305,13.612,13.297,13.383,552197.4
2025-10-04 00:00:00+00:00,13.383,13.501,13.154,13.237,374666.7
2025-10-04 04:00:00+00:00,13.237,13.424,13.162,13.237,184095.6
2025-10-04 08:00:00+00:00,13.237,13.238,12.911,12.959,182497.7
2025-10-04 12:00:00+00:00,12.959,13.1,12.707,12.754,335304.8
2025-10-04 16:00:00+00:00,12.754,12.974,12.082,12.507,2833397.6
2025-10-04 20:00:00+00:00,12.507,12.633,12.484,12.546,266000.3
2025-10-05 00:00:00+00:00,12.546,12.726,12.422,12.654,532342.6
2025-10-05 04:00:00+00:00,12.654,13.105,12.648,13.097,605420.5
2025-10-05 08:00:00+00:00,13.097,13.152,12.755,12.854,543575.3
2025-10-05 12:00:00+00:00,12.854,12.901,12.718,12.847,259338.5
2025-10-05 16:00:00+00:00,12.847,12.87,12.557,12.574,350004.6
2025-10-05 20:00:00+00:00,12.574,12.789,12.495,12.676,222895.1
2025-10-06 00:00:00+00:00,12.676,13.576,12.562,13.038,2044347.7
2025-10-06 04:00:00+00:00,13.038,13.144,12.857,12.934,402902.5
2025-10-06 08:00:00+00:00,12.934,13.092,12.905,13.005,263915.4
2025-10-06 12:00:00+00:00,13.005,13.383,13.005,13.219,471780.8
2025-10-06 16:00:00+00:00,13.219,13.288,13.154,13.225,215562.2
2025-10-06 20:00:00+00:00,13.225,13.292,13.033,13.047,185567.2
2025-10-07 00:00:00+00:00,13.047,13.156,12.989,13.072,159953.7
2025-10-07 04:00:00+00:00,13.072,13.155,12.807,12.858,250831.8
2025-10-07 08:00:00+00:00,12.858,12.944,12.72,12.891,250671.1
2025-10-07 12:00:00+00:00,12.891,13.207,12.417,12.477,1062137.7
2025-10-07 16:00:00+00:00,12.477,12.704,12.383,12.441,628594.7
2025-10-07 20:00:00+00:00,12.441,12.669,12.345,12.401,271511.4
2025-10-08 00:00:00+00:00,12.401,12.562,12.224,12.285,232973.4
2025-10-08 04:00:00+00:00,12.285,12.422,12.204,12.422,183386.8
2025-10-08 08:00:00+00:00,12.422,12.56,12.378,12.421,248812.9
2025-10-08 12:00:00+00:00,12.421,12.661,12.356,12.462,323640.0
2025-10-08 16:00:00+00:00,12.462,12.854,12.432,12.736,502759.3
2025-10-08 20:00:00+00:00,12.736,12.778,12.622,12.655,117658.2
2025-10-09 00:00:00+00:00,12.655,12.697,12.263,12.417,216685.1
2025-10-09 04:00:00+00:00,12.417,12.456,12.232,12.255,209866.5
2025-10-09 08:00:00+00:00,12.255,12.266,12.028,12.168,351534.5
2025-10-09 12:00:00+00:00,12.168,12.279,11.912,11.947,492922.6
2025-10-09 16:00:00+00:00,11.947,12.106,11.784,12.043,357408.9
2025-10-09 20:00:00+00:00,12.043,12.212,12.013,12.098,103070.3
2025-10-10 00:00:00+00:00,12.098,12.316,12.038,12.22,135958.3
2025-10-10 04:00:00+00:00,12.22,12.341,12.069,12.08,182393.0
2025-10-10 08:00:00+00:00,12.08,12.272,12.08,12.254,159884.4
2025-10-10 12:00:00+00:00,12.254,12.446,11.525,11.633,979859.5
2025-10-10 16:00:00+00:00,11.633,11.746,11.134,11.222,653339.6
2025-10-10 20:00:00+00:00,11.222,11.332,2.71,8.575,6591474.3
2025-10-11 00:00:00+00:00,8.575,9.115,8.274,8.915,849745.9
2025-10-11 04:00:00+00:00,8.915,9.159,8.864,8.963,618511.3
2025-10-11 08:00:00+00:00,8.963,9.386,8.898,9.113,689226.7
2025-10-11 12:00:00+00:00,9.113,9.152,8.747,8.974,523856.2
2025-10-11 16:00:00+00:00,8.974,9.029,8.426,8.524,515718.9
2025-10-11 20:00:00+00:00,8.524,8.548,8.201,8.474,612592.3
2025-10-12 00:00:00+00:00,8.474,8.549,8.243,8.459,551494.1
2025-10-12 04:00:00+00:00,8.459,8.676,8.428,8.606,288150.0
2025-10-12 08:00:00+00:00,8.606,8.738,8.507,8.625,391088.3
2025-10-12 12:00:00+00:00,8.625,9.271,8.494,9.208,1505786.6
2025-10-12 16:00:00+00:00,9.208,9.818,9.207,9.668,1671801.6
2025-10-12 20:00:00+00:00,9.668,9.793,9.433,9.548,546858.7
2025-10-13 00:00:00+00:00,9.548,9.63,9.337,9.433,413838.9
2025-10-13 04:00:00+00:00,9.433,9.711,9.345,9.548,416405.0
2025-10-13 08:00:00+00:00,9.548,9.749,9.241,9.433,863231.9
2025-10-13 12:00:00+00:00,9.433,9.839,9.341,9.729,1308549.8
2025-10-13 16:00:00+00:00,9.729,10.019,9.646,9.959,1057989.8
2025-10-13 20:00:00+00:00,9.959,10.082,9.882,9.924,400501.5
2025-10-14 00:00:00+00:00,9.924,9.986,9.605,9.687,384042.4
2025-10-14 04:00:00+00:00,9.687,9.716,8.996,9.117,1070281.0
2025-10-14 08:00:00+00:00,9.117,9.27,8.936,9.17,614685.2
2025-10-14 12:00:00+00:00,9.17,9.589,8.978,9.575,795889.6
2025-10-14 16:00:00+00:00,9.575,9.718,9.379,9.518,723177.9
2025-10-14 20:00:00+00:00,9.518,9.625,9.439,9.541,138287.3
2025-10-15 00:00:00+00:00,9.541,9.6,9.351,9.406,216948.4
2025-10-15 04:00:00+00:00,9.406,9.556,9.37,9.51,248198.3
2025-10-15 08:00:00+00:00,9.51,9.722,9.294,9.357,428195.5
2025-10-15 12:00:00+00:00,9.357,9.382,9.02,9.085,706539.5
2025-10-15 16:00:00+00:00,9.085,9.172,8.973,9.065,288151.5
2025-10-15 20:00:00+00:00,9.065,9.126,8.902,9.039,339810.6
2025-10-16 00:00:00+00:00,9.039,9.114,8.955,9.002,192338.4
2025-10-16 04:00:00+00:00,9.002,9.18,8.958,9.111,217721.9
2025-10-16 08:00:00+00:00,9.111,9.278,8.712,9.225,742852.0
2025-10-16 12:00:00+00:00,9.225,9.299,8.711,8.751,688422.4
2025-10-16 16:00:00+00:00,8.751,8.98,8.528,8.618,759723.3
2025-10-16 20:00:00+00:00,8.618,8.659,8.466,8.621,283220.5
2025-10-17 00:00:00+00:00,8.621,8.745,8.57,8.685,177771.2
2025-10-17 04:00:00+00:00,8.685,8.692,7.953,7.98,875904.6
2025-10-17 08:00:00+00:00,7.98,8.235,7.761,8.163,1325165.0
2025-10-17 12:00:00+00:00,8.163,8.308,7.995,8.307,796886.1
2025-10-17 16:00:00+00:00,8.307,8.43,8.231,8.292,555848.7
2025-10-17 20:00:00+00:00,8.292,8.546,8.263,8.339,288506.6
2025-10-18 00:00:00+00:00,8.339,8.489,8.32,8.459,218488.6
2025-10-18 04:00:00+00:00,8.459,8.554,8.337,8.406,215245.2
2025-10-18 08:00:00+00:00,8.406,8.547,8.398,8.507,313219.1
2025-10-18 12:00:00+00:00,8.507,8.532,8.347,8.404,241832.6
2025-10-18 16:00:00+00:00,8.404,8.484,8.325,8.455,192517.2
2025-10-18 20:00:00+00:00,8.455,8.512,8.392,8.431,94395.3
2025-10-19 00:00:00+00:00,8.431,8.48,8.344,8.456,171174.7
2025-10-19 04:00:00+00:00,8.456,8.468,8.326,8.371,164072.9
2025-10-19 08:00:00+00:00,8.371,8.637,8.266,8.54,799811.8
2025-10-19 12:00:00+00:00,8.54,8.72,8.462,8.656,499501.1
2025-10-19 16:00:00+00:00,8.656,8.743,8.598,8.64,295921.0
2025-10-19 20:00:00+00:00,8.64,8.677,8.53,8.546,206814.4
2025-10-20 00:00:00+00:00,8.546,8.777,8.333,8.748,458430.1
2025-10-20 04:00:00+00:00,8.748,8.963,8.689,8.844,357778.9
2025-10-20 08:00:00+00:00,8.844,8.898,8.774,8.84,266918.0
2025-10-20 12:00:00+00:00,8.84,8.987,8.813,8.863,324890.6
2025-10-20 16:00:00+00:00,8.863,8.863,8.656,8.828,464767.0
2025-10-20 20:00:00+00:00,8.828,8.877,8.726,8.739,130030.2
2025-10-21 00:00:00+00:00,8.739,8.743,8.517,8.53,206733.6
2025-10-21 04:00:00+00:00,8.53,8.539,8.335,8.406,427970.8
2025-10-21 08:00:00+00:00,8.406,8.45,8.282,8.433,271376.0
2025-10-21 12:00:00+00:00,8.433,9.12,8.415,9.048,1005581.4
2025-10-21 16:00:00+00:00,9.048,9.176,8.878,8.878,656952.7
2025-10-21 20:00:00+00:00,8.878,8.895,8.403,8.437,542834.3
2025-10-22 00:00:00+00:00,8.437,8.492,8.302,8.34,409195.5
2025-10-22 04:00:00+00:00,8.34,8.431,8.234,8.322,272854.4
2025-10-22 08:00:00+00:00,8.322,8.401,8.13,8.327,451181.5
2025-10-22 12:00:00+00:00,8.327,8.504,8.272,8.427,688340.0
2025-10-22 16:00:00+00:00,8.427,8.454,8.238,8.33,471571.7
2025-10-22 20:00:00+00:00,8.33,8.347,7.938,8.191,475040.5
2025-10-23 00:00:00+00:00,8.191,8.242,8.136,8.19,192344.1
2025-10-23 04:00:00+00:00,8.19,8.389,8.147,8.33,282124.3
2025-10-23 08:00:00+00:00,8.33,8.449,8.301,8.319,218216.5
2025-10-23 12:00:00+00:00,8.319,8.515,8.236,8.471,462021.7
2025-10-23 16:00:00+00:00,8.471,8.636,8.415,8.477,426502.6
2025-10-23 20:00:00+00:00,8.477,8.479,8.337,8.403,254510.6
2025-10-24 00:00:00+00:00,8.403,8.466,8.328,8.351,219172.7
2025-10-24 04:00:00+00:00,8.351,8.585,8.325,8.526,336160.8
2025-10-24 08:00:00+00:00,8.526,8.61,8.37,8.474,225621.7
2025-10-24 12:00:00+00:00,8.474,8.704,8.298,8.324,593337.4
2025-10-24 16:00:00+00:00,8.324,8.467,8.238,8.439,221490.7
2025-10-24 20:00:00+00:00,8.439,8.535,8.431,8.477,127812.0
2025-10-25 00:00:00+00:00,8.477,8.477,8.354,8.356,122370.9
2025-10-25 04:00:00+00:00,8.356,8.391,8.296,8.343,158002.2
2025-10-25 08:00:00+00:00,8.343,8.409,8.306,8.4,152311.7
2025-10-25 12:00:00+00:00,8.4,8.482,8.387,8.427,142654.9
2025-10-25 16:00:00+00:00,8.427,8.479,8.393,8.465,100734.1
2025-10-25 20:00:00+00:00,8.465,8.483,8.384,8.396,114713.9
2025-10-26 00:00:00+00:00,8.396,8.421,8.276,8.3,136094.9
2025-10-26 04:00:00+00:00,8.3,8.481,8.292,8.48,79558.6
2025-10-26 08:00:00+00:00,8.48,8.78,8.48,8.774,249724.1
2025-10-26 12:00:00+00:00,8.774,8.861,8.721,8.839,275292.0
2025-10-26 16:00:00+00:00,8.839,8.964,8.765,8.886,216356.7
2025-10-26 20:00:00+00:00,8.886,9.085,8.762,9.018,362695.6
2025-10-27 00:00:00+00:00,9.018,9.131,8.98,9.012,238407.3
2025-10-27 04:00:00+00:00,9.012,9.136,8.844,8.894,312934.9
2025-10-27 08:00:00+00:00,8.894,8.913,8.663,8.73,251822.6
2025-10-27 12:00:00+00:00,8.73,8.741,8.593,8.657,248246.2
2025-10-27 16:00:00+00:00,8.657,8.913,8.657,8.687,334051.4
2025-10-27 20:00:00+00:00,8.687,8.69,8.532,8.62,270842.5
2025-10-28 00:00:00+00:00,8.62,8.672,8.521,8.57,181517.2
2025-10-28 04:00:00+00:00,8.57,8.712,8.496,8.577,291134.7
2025-10-28 08:00:00+00:00,8.577,8.687,8.57,8.58,189725.0
2025-10-28 12:00:00+00:00,8.58,8.781,8.447,8.594,681921.6
2025-10-28 16:00:00+00:00,8.594,8.728,8.413,8.462,381400.2
2025-10-28 20:00:00+00:00,8.462,8.463,8.191,8.373,538986.4
2025-10-29 00:00:00+00:00,8.373,8.468,8.338,8.374,143610.2
2025-10-29 04:00:00+00:00,8.374,8.474,8.369,8.421,113904.6
2025-10-29 08:00:00+00:00,8.421,8.586,8.356,8.577,170189.2
2025-10-29 12:00:00+00:00,8.577,8.638,8.399,8.455,299377.9
2025-10-29 16:00:00+00:00,8.455,8.728,8.235,8.665,1134358.2
2025-10-29 20:00:00+00:00,8.665,8.803,8.435,8.489,418055.6
2025-10-30 00:00:00+00:00,8.489,8.634,8.426,8.526,224904.6
2025-10-30 04:00:00+00:00,8.526,8.526,8.143,8.411,794510.5
2025-10-30 08:00:00+00:00,8.411,8.43,8.163,8.174,362927.9
2025-10-30 12:00:00+00:00,8.174,8.196,7.74,7.785,1052807.9
2025-10-30 16:00:00+00:00,7.785,7.84,7.396,7.437,925143.2
2025-10-30 20:00:00+00:00,7.437,7.648,7.417,7.636,397168.1
2025-10-31 00:00:00+00:00,7.636,7.798,7.613,7.736,345201.5
2025-10-31 04:00:00+00:00,7.736,7.865,7.736,7.769,267932.2
2025-10-31 08:00:00+00:00,7.769,7.785,7.644,7.712,261727.2
2025-10-31 12:00:00+00:00,7.712,7.818,7.617,7.714,504151.1
2025-10-31 16:00:00+00:00,7.714,7.73,7.375,7.697,863188.9
2025-10-31 20:00:00+00:00,7.697,7.717,7.543,7.576,231944.5
2025-11-01 00:00:00+00:00,7.576,7.666,7.5,7.66,203412.4
2025-11-01 04:00:00+00:00,7.66,7.75,7.536,7.731,200341.9
2025-11-01 08:00:00+00:00,7.731,7.947,7.729,7.937,320882.5
2025-11-01 12:00:00+00:00,7.937,7.96,7.705,7.781,353296.9
2025-11-01 16:00:00+00:00,7.781,7.848,7.76,7.812,211949.3
2025-11-01 20:00:00+00:00,7.812,8.102,7.812,7.937,426074.2
2025-11-02 00:00:00+00:00,7.937,7.947,7.83,7.842,113531.7
2025-11-02 04:00:00+00:00,7.842,8.124,7.834,8.098,170237.6
2025-11-02 08:00:00+00:00,8.098,8.118,7.903,8.037,237673.2
2025-11-02 12:00:00+00:00,8.037,8.037,7.581,7.619,382873.3
2025-11-02 16:00:00+00:00,7.619,7.685,7.494,7.541,297637.3
2025-11-02 20:00:00+00:00,7.541,7.87,7.511,7.83,278680.6
2025-11-03 00:00:00+00:00,7.83,7.864,7.256,7.267,759661.9
2025-11-03 04:00:00+00:00,7.267,7.399,7.106,7.23,696748.3
2025-11-03 08:00:00+00:00,7.23,7.353,7.126,7.256,495857.8
2025-11-03 12:00:00+00:00,7.256,7.356,6.514,6.727,2293272.0
2025-11-03 16:00:00+00:00,6.727,7.094,6.684,6.831,885016.3
2025-11-03 20:00:00+00:00,6.831,6.857,6.678,6.733,504272.0
2025-11-04 00:00:00+00:00,6.733,6.973,6.692,6.947,414343.9
2025-11-04 04:00:00+00:00,6.947,6.989,6.427,6.47,1401499.7
2025-11-04 08:00:00+00:00,6.47,6.817,6.443,6.723,699691.9
2025-11-04 12:00:00+00:00,6.723,6.879,6.509,6.701,834308.2
2025-11-04 16:00:00+00:00,6.701,6.772,6.27,6.352,1658500.7
2025-11-04 20:00:00+00:00,6.352,6.579,6.01,6.47,2185891.7
2025-11-05 00:00:00+00:00,6.47,6.649,6.08,6.616,1260537.7
2025-11-05 04:00:00+00:00,6.616,6.642,6.518,6.607,435459.7
2025-11-05 08:00:00+00:00,6.607,6.659,6.465,6.646,477675.3
2025-11-05 12:00:00+00:00,6.646,6.801,6.588,6.662,1020886.6
2025-11-05 16:00:00+00:00,6.662,6.74,6.573,6.662,462231.7
2025-11-05 20:00:00+00:00,6.662,6.714,6.567,6.579,249127.1
2025-11-06 00:00:00+00:00,6.579,6.619,6.418,6.572,355137.6
2025-11-06 04:00:00+00:00,6.572,6.651,6.345,6.363,476924.2
2025-11-06 08:00:00+00:00,6.363,6.415,6.307,6.341,440273.6
2025-11-06 12:00:00+00:00,6.341,6.512,6.177,6.212,1362385.7
2025-11-06 16:00:00+00:00,6.212,6.377,6.062,6.314,1052291.1
2025-11-06 20:00:00+00:00,6.314,6.384,6.242,6.329,456908.7
2025-11-07 00:00:00+00:00,6.329,6.586,6.324,6.538,618087.3
2025-11-07 04:00:00+00:00,6.538,6.826,6.476,6.82,546957.0
2025-11-07 08:00:00+00:00,6.82,6.82,6.512,6.605,653297.7
2025-11-07 12:00:00+00:00,6.605,6.965,6.452,6.926,1316034.9
2025-11-07 16:00:00+00:00,6.926,7.77,6.887,7.641,1413808.6
2025-11-07 20:00:00+00:00,7.641,7.951,7.564,7.678,648256.7
2025-11-08 00:00:00+00:00,7.678,8.924,7.676,8.074,2647700.9
2025-11-08 04:00:00+00:00,8.074,8.195,7.838,7.957,776748.0
2025-11-08 08:00:00+00:00,7.957,8.095,7.693,7.772,565792.7
2025-11-08 12:00:00+00:00,7.772,7.902,7.333,7.353,729736.6
2025-11-08 16:00:00+00:00,7.353,7.505,7.273,7.391,391023.6
2025-11-08 20:00:00+00:00,7.391,7.48,7.324,7.433,198888.6
2025-11-09 00:00:00+00:00,7.433,7.439,7.082,7.121,427502.3
2025-11-09 04:00:00+00:00,7.121,7.306,7.09,7.297,259824.9
2025-11-09 08:00:00+00:00,7.297,7.297,7.069,7.24,382144.4
2025-11-09 12:00:00+00:00,7.24,7.474,7.182,7.375,645908.4
2025-11-09 16:00:00+00:00,7.375,7.578,7.29,7.578,433319.9
2025-11-09 20:00:00+00:00,7.578,7.652,7.451,7.594,293356.1
2025-11-10 00:00:00+00:00,7.594,7.968,7.503,7.827,578579.9
2025-11-10 04:00:00+00:00,7.827,8.308,7.755,7.922,804286.6
2025-11-10 08:00:00+00:00,7.922,7.98,7.769,7.886,420898.9
2025-11-10 12:00:00+00:00,7.886,8.098,7.798,7.9,648412.5
2025-11-10 16:00:00+00:00,7.9,8.259,7.788,8.134,763105.3
2025-11-10 20:00:00+00:00,8.134,8.554,7.928,8.182,777220.6
2025-11-11 00:00:00+00:00,8.182,8.315,7.937,8.115,588358.3
2025-11-11 04:00:00+00:00,8.115,8.163,7.655,7.662,467888.0
2025-11-11 08:00:00+00:00,7.662,7.817,7.642,7.714,314574.2
2025-11-11 12:00:00+00:00,7.714,7.811,7.621,7.709,554359.7
2025-11-11 16:00:00+00:00,7.709,7.897,7.646,7.812,622933.9
2025-11-11 20:00:00+00:00,7.812,7.833,7.479,7.545,568571.6
2025-11-12 00:00:00+00:00,7.545,7.735,7.494,7.625,357752.5
2025-11-12 04:00:00+00:00,7.625,7.766,7.549,7.584,331489.8
2025-11-12 08:00:00+00:00,7.584,7.972,7.555,7.854,559214.5
2025-11-12 12:00:00+00:00,7.854,7.97,7.507,7.557,897007.1
2025-11-12 16:00:00+00:00,7.557,7.609,7.104,7.204,1081879.6
2025-11-12 20:00:00+00:00,7.204,7.375,7.168,7.225,404961.6
2025-11-13 00:00:00+00:00,7.225,7.497,7.154,7.434,438508.0
2025-11-13 04:00:00+00:00,7.434,7.595,7.338,7.469,475517.6
2025-11-13 08:00:00+00:00,7.469,7.559,7.376,7.45,353518.3
2025-11-13 12:00:00+00:00,7.45,7.747,7.383,7.467,996225.4
2025-11-13 16:00:00+00:00,7.467,7.517,6.801,6.83,1221635.3
2025-11-13 20:00:00+00:00,6.83,7.025,6.72,6.937,541950.2
2025-11-14 00:00:00+00:00,6.937,7.094,6.864,6.956,627685.0
2025-11-14 04:00:00+00:00,6.956,7.206,6.649,7.088,1244952.8
2025-11-14 08:00:00+00:00,7.088,7.104,6.851,6.889,621322.8
2025-11-14 12:00:00+00:00,6.889,7.214,6.766,7.114,1407933.3
2025-11-14 16:00:00+00:00,7.114,7.329,7.066,7.231,861919.2
2025-11-14 20:00:00+00:00,7.231,7.273,6.536,6.67,1051405.0
2025-11-15 00:00:00+00:00,6.67,6.864,6.637,6.816,517386.7
2025-11-15 04:00:00+00:00,6.816,6.973,6.786,6.827,302338.3
2025-11-15 08:00:00+00:00,6.827,6.831,6.646,6.7,280607.4
2025-11-15 12:00:00+00:00,6.7,6.887,6.682,6.82,335164.6
2025-11-15 16:00:00+00:00,6.82,6.938,6.75,6.822,288390.5
2025-11-15 20:00:00+00:00,6.822,6.824,6.667,6.744,164050.6
2025-11-16 00:00:00+00:00,6.744,6.867,6.56,6.83,303837.2
2025-11-16 04:00:00+00:00,6.83,6.882,6.758,6.881,194298.1
2025-11-16 08:00:00+00:00,6.881,6.935,6.706,6.747,372299.5
2025-11-16 12:00:00+00:00,6.747,6.792,6.491,6.511,619657.3
2025-11-16 16:00:00+00:00,6.511,6.593,6.313,6.41,942239.4
2025-11-16 20:00:00+00:00,6.41,6.552,6.288,6.485,442674.2
2025-11-17 00:00:00+00:00,6.485,6.637,6.404,6.613,410876.7
2025-11-17 04:00:00+00:00,6.613,6.678,6.541,6.651,234750.6
2025-11-17 08:00:00+00:00,6.651,6.841,6.611,6.784,373685.4
2025-11-17 12:00:00+00:00,6.784,6.952,6.542,6.61,1273352.5
2025-11-17 16:00:00+00:00,6.61,6.709,6.211,6.257,1333155.1
2025-11-17 20:00:00+00:00,6.257,6.32,6.134,6.232,759826.9
2025-11-18 00:00:00+00:00,6.232,6.547,6.122,6.493,992194.8
2025-11-18 04:00:00+00:00,6.493,6.53,6.302,6.361,550494.9
2025-11-18 08:00:00+00:00,6.361,6.464,6.341,6.396,348698.7
2025-11-18 12:00:00+00:00,6.396,6.654,6.35,6.595,778481.2
2025-11-18 16:00:00+00:00,6.595,6.81,6.561,6.792,709583.9
2025-11-18 20:00:00+00:00,6.792,6.798,6.584,6.598,458298.5
2025-11-19 00:00:00+00:00,6.598,6.819,6.505,6.595,1091023.0
2025-11-19 04:00:00+00:00,6.595,6.619,6.341,6.605,702597.9
2025-11-19 08:00:00+00:00,6.605,6.986,6.531,6.82,770815.7
2025-11-19 12:00:00+00:00,6.82,6.95,6.445,6.456,1410940.2
2025-11-19 16:00:00+00:00,6.456,6.524,6.103,6.193,1505911.8
2025-11-19 20:00:00+00:00,6.193,6.548,6.161,6.51,885531.1
2025-11-20 00:00:00+00:00,6.51,6.591,6.434,6.556,503108.8
2025-11-20 04:00:00+00:00,6.556,6.688,6.548,6.666,396913.6
2025-11-20 08:00:00+00:00,6.666,6.681,6.551,6.634,343308.3
2025-11-20 12:00:00+00:00,6.634,6.768,6.536,6.548,1077314.4
2025-11-20 16:00:00+00:00,6.548,6.571,5.979,6.11,2161074.0
2025-11-20 20:00:00+00:00,6.11,6.236,5.906,5.945,704752.2
2025-11-21 00:00:00+00:00,5.945,6.128,5.872,5.943,993770.0
2025-11-21 04:00:00+00:00,5.943,5.954,5.231,5.542,2189601.3
2025-11-21 08:00:00+00:00,5.542,5.632,5.292,5.329,1354239.6
2025-11-21 12:00:00+00:00,5.329,5.635,5.193,5.513,1766445.1
2025-11-21 16:00:00+00:00,5.513,5.708,5.382,5.509,1162900.5
2025-11-21 20:00:00+00:00,5.509,5.51,5.217,5.436,708310.3
2025-11-22 00:00:00+00:00,5.436,5.49,5.352,5.365,415888.2
2025-11-22 04:00:00+00:00,5.365,5.365,5.183,5.31,590815.5
2025-11-22 08:00:00+00:00,5.31,5.394,5.187,5.369,655314.7
2025-11-22 12:00:00+00:00,5.369,5.48,5.277,5.4,544741.3
2025-11-22 16:00:00+00:00,5.4,5.545,5.366,5.38,576001.3
2025-11-22 20:00:00+00:00,5.38,5.476,5.321,5.393,434226.7
2025-11-23 00:00:00+00:00,5.393,5.505,5.361,5.459,305245.8
2025-11-23 04:00:00+00:00,5.459,5.531,5.364,5.418,338639.4
2025-11-23 08:00:00+00:00,5.418,5.464,5.362,5.432,280143.8
2025-11-23 12:00:00+00:00,5.432,5.534,5.364,5.487,643024.5
2025-11-23 16:00:00+00:00,5.487,5.517,5.363,5.438,377966.2
2025-11-23 20:00:00+00:00,5.438,5.482,5.334,5.348,327837.0
2025-11-24 00:00:00+00:00,5.348,5.536,5.283,5.481,554355.7
2025-11-24 04:00:00+00:00,5.481,5.575,5.361,5.449,694577.4
2025-11-24 08:00:00+00:00,5.449,5.56,5.395,5.496,535435.0
2025-11-24 12:00:00+00:00,5.496,5.648,5.389,5.574,1145922.4
2025-11-24 16:00:00+00:00,5.574,5.837,5.569,5.798,1131807.4
2025-11-24 20:00:00+00:00,5.798,5.924,5.741,5.756,556690.4
2025-11-25 00:00:00+00:00,5.756,5.78,5.644,5.696,369609.7
2025-11-25 04:00:00+00:00,5.696,5.787,5.643,5.654,336070.3
2025-11-25 08:00:00+00:00,5.654,5.718,5.609,5.664,291419.4
2025-11-25 12:00:00+00:00,5.664,5.742,5.556,5.678,753083.7
2025-11-25 16:00:00+00:00,5.678,5.925,5.664,5.829,637384.9
2025-11-25 20:00:00+00:00,5.829,6.065,5.829,5.951,513739.1
2025-11-26 00:00:00+00:00,5.951,5.971,5.846,5.854,265754.8
2025-11-26 04:00:00+00:00,5.854,5.956,5.835,5.956,218067.8
2025-11-26 08:00:00+00:00,5.956,5.957,5.793,5.813,276585.4
2025-11-26 12:00:00+00:00,5.813,5.883,5.725,5.779,509692.7
2025-11-26 16:00:00+00:00,5.779,6.077,5.775,6.018,638201.0
2025-11-26 20:00:00+00:00,6.018,6.06,5.964,6.021,269602.6
2025-11-27 00:00:00+00:00,6.021,6.069,5.907,5.934,513377.2
2025-11-27 04:00:00+00:00,5.934,6.038,5.934,6.005,375492.9
2025-11-27 08:00:00+00:00,6.005,6.092,5.963,6.067,312848.3
2025-11-27 12:00:00+00:00,6.067,6.088,5.925,6.036,521738.2
2025-11-27 16:00:00+00:00,6.036,6.297,6.006,6.238,833119.7
2025-11-27 20:00:00+00:00,6.238,6.297,6.144,6.167,474758.4
2025-11-28 00:00:00+00:00,6.167,6.185,6.045,6.103,620715.5
2025-11-28 04:00:00+00:00,6.103,6.144,6.035,6.107,370924.3
2025-11-28 08:00:00+00:00,6.107,6.313,6.105,6.155,725442.4
2025-11-28 12:00:00+00:00,6.155,6.341,6.123,6.286,576532.6
2025-11-28 16:00:00+00:00,6.286,6.286,5.937,6.098,889887.0
2025-11-28 20:00:00+00:00,6.098,6.098,5.973,5.977,336311.6
2025-11-29 00:00:00+00:00,5.977,6.05,5.948,5.978,210607.6
2025-11-29 04:00:00+00:00,5.978,6.016,5.907,5.987,283227.7
2025-11-29 08:00:00+00:00,5.987,6.101,5.953,6.072,411267.4
2025-11-29 12:00:00+00:00,6.072,6.074,5.928,5.976,255801.6
2025-11-29 16:00:00+00:00,5.976,5.979,5.87,5.91,433979.6
2025-11-29 20:00:00+00:00,5.91,5.956,5.886,5.938,190445.8
2025-11-30 00:00:00+00:00,5.938,5.986,5.856,5.935,159129.6
2025-11-30 04:00:00+00:00,5.935,5.956,5.849,5.901,210416.3
2025-11-30 08:00:00+00:00,5.901,5.932,5.842,5.851,239571.6
2025-11-30 12:00:00+00:00,5.851,5.989,5.828,5.857,367870.0
2025-11-30 16:00:00+00:00,5.857,5.96,5.857,5.871,261606.5
2025-11-30 20:00:00+00:00,5.871,5.916,5.712,5.725,339791.4
2025-12-01 00:00:00+00:00,5.725,5.741,5.23,5.233,1591315.7
2025-12-01 04:00:00+00:00,5.233,5.242,5.166,5.235,286087.2
2025-12-01 08:00:00+00:00,5.235,5.277,5.136,5.156,376678.5
2025-12-01 12:00:00+00:00,5.156,5.232,5.025,5.116,990590.5
2025-12-01 16:00:00+00:00,5.116,5.119,5.02,5.106,452657.6
2025-12-01 20:00:00+00:00,5.106,5.266,5.105,5.208,411618.4
2025-12-02 00:00:00+00:00,5.208,5.296,5.163,5.225,264960.4
2025-12-02 04:00:00+00:00,5.225,5.311,5.222,5.303,220875.8
2025-12-02 08:00:00+00:00,5.303,5.304,5.196,5.285,269182.1
2025-12-02 12:00:00+00:00,5.285,5.827,5.266,5.822,1053096.3
2025-12-02 16:00:00+00:00,5.822,5.889,5.727,5.796,559887.2
2025-12-02 20:00:00+00:00,5.796,5.896,5.708,5.825,428317.7
2025-12-03 00:00:00+00:00,5.825,5.901,5.809,5.841,360639.9
2025-12-03 04:00:00+00:00,5.841,5.942,5.83,5.859,391675.1
2025-12-03 08:00:00+00:00,5.859,5.93,5.831,5.87,232684.8
2025-12-03 12:00:00+00:00,5.87,5.933,5.701,5.882,682765.1
2025-12-03 16:00:00+00:00,5.882,6.007,5.826,5.946,409946.2
2025-12-03 20:00:00+00:00,5.946,6.076,5.925,5.994,397614.5
2025-12-04 00:00:00+00:00,5.994,6.071,5.95,5.981,354713.8
2025-12-04 04:00:00+00:00,5.981,6.055,5.95,6.016,365593.3
2025-12-04 08:00:00+00:00,6.016,6.097,5.978,5.999,250489.2
2025-12-04 12:00:00+00:00,5.999,6.04,5.889,6.026,497125.9
2025-12-04 16:00:00+00:00,6.026,6.035,5.733,5.872,654564.1
2025-12-04 20:00:00+00:00,5.872,5.89,5.774,5.778,245129.7
2025-12-05 00:00:00+00:00,5.778,5.868,5.768,5.792,220703.3
2025-12-05 04:00:00+00:00,5.792,5.838,5.737,5.815,213133.0
2025-12-05 08:00:00+00:00,5.815,5.815,5.661,5.689,266573.4
2025-12-05 12:00:00+00:00,5.689,5.784,5.626,5.666,556521.3
2025-12-05 16:00:00+00:00,5.666,5.67,5.349,5.443,824499.8
2025-12-05 20:00:00+00:00,5.443,5.529,5.435,5.492,280829.3
2025-12-06 00:00:00+00:00,5.492,5.549,5.465,5.527,107833.1
2025-12-06 04:00:00+00:00,5.527,5.527,5.441,5.467,87375.5
2025-12-06 08:00:00+00:00,5.467,5.479,5.418,5.443,149241.1
2025-12-06 12:00:00+00:00,5.443,5.522,5.419,5.484,169725.9
2025-12-06 16:00:00+00:00,5.484,5.631,5.483,5.526,308437.4
2025-12-06 20:00:00+00:00,5.526,5.61,5.492,5.532,145685.2
2025-12-07 00:00:00+00:00,5.532,5.576,5.519,5.55,89807.3
2025-12-07 04:00:00+00:00,5.55,5.574,5.504,5.526,95468.2
2025-12-07 08:00:00+00:00,5.526,5.549,5.446,5.452,188858.6
2025-12-07 12:00:00+00:00,5.452,5.48,5.265,5.459,759995.5
2025-12-07 16:00:00+00:00,5.459,5.661,5.385,5.627,505264.4
2025-12-07 20:00:00+00:00,5.627,5.66,5.35,5.425,427595.6
2025-12-08 00:00:00+00:00,5.425,5.598,5.402,5.56,247568.9
2025-12-08 04:00:00+00:00,5.56,5.745,5.56,5.72,212953.1
2025-12-08 08:00:00+00:00,5.72,5.861,5.699,5.717,264270.5
2025-12-08 12:00:00+00:00,5.717,5.795,5.615,5.652,544488.4
2025-12-08 16:00:00+00:00,5.652,5.72,5.577,5.618,411014.5
2025-12-08 20:00:00+00:00,5.618,5.708,5.601,5.623,171764.3
2025-12-09 00:00:00+00:00,5.623,5.649,5.488,5.572,245339.1
2025-12-09 04:00:00+00:00,5.572,5.59,5.489,5.573,248491.0
2025-12-09 08:00:00+00:00,5.573,5.587,5.506,5.572,250717.0
2025-12-09 12:00:00+00:00,5.572,5.879,5.561,5.868,782683.1
2025-12-09 16:00:00+00:00,5.868,6.184,5.868,5.958,1120228.6
2025-12-09 20:00:00+00:00,5.958,5.958,5.741,5.825,471496.0
2025-12-10 00:00:00+00:00,5.825,5.848,5.723,5.747,164705.3
2025-12-10 04:00:00+00:00,5.747,5.766,5.634,5.665,205501.0
2025-12-10 08:00:00+00:00,5.665,5.704,5.556,5.592,386646.9
2025-12-10 12:00:00+00:00,5.592,5.689,5.57,5.645,326503.7
2025-12-10 16:00:00+00:00,5.645,5.939,5.629,5.922,853726.8
2025-12-10 20:00:00+00:00,5.922,6.1,5.623,5.64,687046.3
2025-12-11 00:00:00+00:00,5.64,5.648,5.321,5.324,596411.6
2025-12-11 04:00:00+00:00,5.324,5.466,5.296,5.394,320429.4
2025-12-11 08:00:00+00:00,5.394,5.409,5.347,5.38,258745.1
2025-12-11 12:00:00+00:00,5.38,5.51,5.369,5.402,535054.0
2025-12-11 16:00:00+00:00,5.402,5.544,5.34,5.477,493589.6
2025-12-11 20:00:00+00:00,5.477,5.686,5.471,5.543,572640.1
2025-12-12 00:00:00+00:00,5.543,5.634,5.472,5.574,297928.9
2025-12-12 04:00:00+00:00,5.574,5.704,5.537,5.622,326496.9
2025-12-12 08:00:00+00:00,5.622,5.794,5.612,5.665,352766.2
2025-12-12 12:00:00+00:00,5.665,5.687,5.23,5.271,765681.5
2025-12-12 16:00:00+00:00,5.271,5.323,5.149,5.256,605054.3
2025-12-12 20:00:00+00:00,5.256,5.379,5.245,5.336,175751.6
2025-12-13 00:00:00+00:00,5.336,5.434,5.306,5.416,180079.1
2025-12-13 04:00:00+00:00,5.416,5.429,5.353,5.386,120452.0
2025-12-13 08:00:00+00:00,5.386,5.434,5.363,5.385,119946.3
2025-12-13 12:00:00+00:00,5.385,5.415,5.328,5.363,154330.1
2025-12-13 16:00:00+00:00,5.363,5.392,5.355,5.368,172469.2
2025-12-13 20:00:00+00:00,5.368,5.389,5.321,5.385,182916.1
2025-12-14 00:00:00+00:00,5.385,5.411,5.343,5.359,105999.0
2025-12-14 04:00:00+00:00,5.359,5.364,5.281,5.326,169689.2
2025-12-14 08:00:00+00:00,5.326,5.348,5.179,5.235,425666.4
2025-12-14 12:00:00+00:00,5.235,5.274,5.185,5.195,233370.3
2025-12-14 16:00:00+00:00,5.195,5.239,5.125,5.153,612899.9
2025-12-14 20:00:00+00:00,5.153,5.19,5.073,5.155,363227.9
2025-12-15 00:00:00+00:00,5.155,5.351,5.155,5.256,403736.2
2025-12-15 04:00:00+00:00,5.256,5.378,5.256,5.278,303124.6
2025-12-15 08:00:00+00:00,5.278,5.33,5.258,5.271,219132.6
2025-12-15 12:00:00+00:00,5.271,5.298,4.943,4.969,1297175.2
2025-12-15 16:00:00+00:00,4.969,4.973,4.795,4.896,964376.8
2025-12-15 20:00:00+00:00,4.896,4.965,4.83,4.956,297409.4
2025-12-16 00:00:00+00:00,4.956,4.977,4.876,4.936,225675.2
2025-12-16 04:00:00+00:00,4.936,4.949,4.837,4.869,209373.0
2025-12-16 08:00:00+00:00,4.869,5.011,4.864,4.999,312021.8
2025-12-16 12:00:00+00:00,4.999,5.043,4.876,4.996,1028138.7
2025-12-16 16:00:00+00:00,4.996,5.03,4.921,4.97,428135.2
2025-12-16 20:00:00+00:00,4.97,4.991,4.893,4.913,193584.6
2025-12-17 00:00:00+00:00,4.913,4.963,4.874,4.884,200138.1
2025-12-17 04:00:00+00:00,4.884,4.889,4.82,4.851,284799.8
2025-12-17 08:00:00+00:00,4.851,4.851,4.779,4.843,317074.3
2025-12-17 12:00:00+00:00,4.843,5.089,4.799,4.812,1666162.7
2025-12-17 16:00:00+00:00,4.812,4.854,4.578,4.652,1191943.5
2025-12-17 20:00:00+00:00,4.652,4.709,4.589,4.627,237631.7
2025-12-18 00:00:00+00:00,4.627,4.652,4.568,4.596,269169.8
2025-12-18 04:00:00+00:00,4.596,4.619,4.524,4.571,203381.0
2025-12-18 08:00:00+00:00,4.571,4.623,4.558,4.581,148267.5
2025-12-18 12:00:00+00:00,4.581,4.88,4.573,4.814,854897.8
2025-12-18 16:00:00+00:00,4.814,4.817,4.342,4.36,1303378.0
2025-12-18 20:00:00+00:00,4.36,4.499,4.353,4.431,388552.6
2025-12-19 00:00:00+00:00,4.431,4.613,4.361,4.571,510401.3
2025-12-19 04:00:00+00:00,4.571,4.702,4.543,4.659,420474.2
2025-12-19 08:00:00+00:00,4.659,4.697,4.634,4.689,190318.6
2025-12-19 12:00:00+00:00,4.689,4.862,4.672,4.767,540787.3
2025-12-19 16:00:00+00:00,4.767,4.899,4.708,4.877,457211.1
2025-12-19 20:00:00+00:00,4.877,4.918,4.813,4.828,235276.1
2025-12-20 00:00:00+00:00,4.828,4.831,4.777,4.798,108041.8
2025-12-20 04:00:00+00:00,4.798,4.836,4.759,4.836,115837.8
2025-12-20 08:00:00+00:00,4.836,4.869,4.787,4.828,139729.3
2025-12-20 12:00:00+00:00,4.828,4.829,4.767,4.793,213912.4
2025-12-20 16:00:00+00:00,4.793,4.805,4.771,4.773,118423.7
2025-12-20 20:00:00+00:00,4.773,4.782,4.743,4.758,124383.1
2025-12-21 00:00:00+00:00,4.758,4.77,4.692,4.726,91525.9
2025-12-21 04:00:00+00:00,4.726,4.743,4.698,4.704,91006.3
2025-12-21 08:00:00+00:00,4.704,4.75,4.666,4.672,308334.6
2025-12-21 12:00:00+00:00,4.672,4.692,4.495,4.515,607386.1
2025-12-21 16:00:00+00:00,4.515,4.603,4.508,4.584,216310.4
2025-12-21 20:00:00+00:00,4.584,4.609,4.499,4.552,209957.8
2025-12-22 00:00:00+00:00,4.552,4.691,4.524,4.622,451107.1
2025-12-22 04:00:00+00:00,4.622,4.656,4.607,4.621,106512.0
2025-12-22 08:00:00+00:00,4.621,4.701,4.608,4.682,236288.3
2025-12-22 12:00:00+00:00,4.682,4.748,4.631,4.697,515785.3
2025-12-22 16:00:00+00:00,4.697,4.754,4.568,4.58,515461.5
2025-12-22 20:00:00+00:00,4.58,4.679,4.548,4.659,287659.2
2025-12-23 00:00:00+00:00,4.659,4.698,4.589,4.621,197588.4
2025-12-23 04:00:00+00:00,4.621,4.651,4.553,4.574,189108.3
2025-12-23 08:00:00+00:00,4.574,4.615,4.551,4.59,141376.4
2025-12-23 12:00:00+00:00,4.59,4.604,4.483,4.547,604789.1
2025-12-23 16:00:00+00:00,4.547,4.641,4.518,4.604,319457.9
2025-12-23 20:00:00+00:00,4.604,4.673,4.56,4.6,163200.6
2025-12-24 00:00:00+00:00,4.6,4.628,4.485,4.547,139534.4
2025-12-24 04:00:00+00:00,4.547,4.58,4.461,4.472,210044.4
2025-12-24 08:00:00+00:00,4.472,4.491,4.438,4.449,220703.7
2025-12-24 12:00:00+00:00,4.449,4.54,4.418,4.527,312680.6
2025-12-24 16:00:00+00:00,4.527,4.572,4.477,4.518,212575.7
2025-12-24 20:00:00+00:00,4.518,4.615,4.516,4.575,165769.7
2025-12-25 00:00:00+00:00,4.575,4.628,4.539,4.625,105047.2
2025-12-25 04:00:00+00:00,4.625,4.641,4.6,4.636,99876.4
2025-12-25 08:00:00+00:00,4.636,4.659,4.551,4.583,168142.4
2025-12-25 12:00:00+00:00,4.583,4.67,4.573,4.639,228075.4
2025-12-25 16:00:00+00:00,4.639,4.673,4.593,4.651,175301.4
2025-12-25 20:00:00+00:00,4.651,4.664,4.427,4.441,381037.7
2025-12-26 00:00:00+00:00,4.441,4.679,4.415,4.645,569221.9
2025-12-26 04:00:00+00:00,4.645,4.706,4.604,4.625,255495.7
2025-12-26 08:00:00+00:00,4.625,4.675,4.614,4.671,124860.6
2025-12-26 12:00:00+00:00,4.671,4.71,4.536,4.565,526132.3
2025-12-26 16:00:00+00:00,4.565,4.664,4.526,4.649,213129.2
2025-12-26 20:00:00+00:00,4.649,4.672,4.596,4.631,111190.3
2025-12-27 00:00:00+00:00,4.631,4.707,4.617,4.689,162938.1
2025-12-27 04:00:00+00:00,4.689,4.693,4.615,4.642,109325.4
2025-12-27 08:00:00+00:00,4.642,4.67,4.573,4.663,290886.2
2025-12-27 12:00:00+00:00,4.663,4.71,4.632,4.699,199766.6
2025-12-27 16:00:00+00:00,4.699,4.722,4.674,4.722,113657.8
2025-12-27 20:00:00+00:00,4.722,4.877,4.705,4.851,489108.3
2025-12-28 00:00:00+00:00,4.851,4.866,4.791,4.834,89022.9
2025-12-28 04:00:00+00:00,4.834,4.851,4.802,4.831,72923.9
2025-12-28 08:00:00+00:00,4.831,4.863,4.793,4.807,94385.1
2025-12-28 12:00:00+00:00,4.807,4.82,4.768,4.785,115749.1
2025-12-28 16:00:00+00:00,4.785,4.82,4.708,4.718,204500.8
2025-12-28 20:00:00+00:00,4.718,4.763,4.707,4.754,96475.3
2025-12-29 00:00:00+00:00,4.754,4.889,4.748,4.882,364485.4
2025-12-29 04:00:00+00:00,4.882,4.892,4.775,4.813,211641.8
2025-12-29 08:00:00+00:00,4.813,4.83,4.686,4.705,220367.5
2025-12-29 12:00:00+00:00,4.705,4.711,4.594,4.649,434277.5
2025-12-29 16:00:00+00:00,4.649,4.649,4.572,4.594,247223.8
2025-12-29 20:00:00+00:00,4.594,4.609,4.534,4.553,139598.3
2025-12-30 00:00:00+00:00,4.553,4.581,4.513,4.554,239092.9
2025-12-30 04:00:00+00:00,4.554,4.591,4.512,4.573,227264.2
2025-12-30 08:00:00+00:00,4.573,4.645,4.57,4.607,269508.2
2025-12-30 12:00:00+00:00,4.607,4.62,4.528,4.598,330604.7
2025-12-30 16:00:00+00:00,4.598,4.612,4.487,4.532,301683.2
2025-12-30 20:00:00+00:00,4.532,4.532,4.475,4.485,217383.7
2025-12-31 00:00:00+00:00,4.485,4.522,4.454,4.473,217300.7
2025-12-31 04:00:00+00:00,4.473,4.481,4.441,4.476,144365.0
2025-12-31 08:00:00+00:00,4.476,4.492,4.389,4.417,250944.2
2025-12-31 12:00:00+00:00,4.417,4.446,4.372,4.378,304101.6
2025-12-31 16:00:00+00:00,4.378,4.398,4.216,4.229,608189.0
2025-12-31 20:00:00+00:00,4.229,4.28,4.182,4.187,369430.4
2026-01-01 00:00:00+00:00,4.187,4.234,4.18,4.199,238136.1
2026-01-01 04:00:00+00:00,4.199,4.232,4.159,4.194,184775.6
2026-01-01 08:00:00+00:00,4.194,4.263,4.19,4.256,185724.2
2026-01-01 12:00:00+00:00,4.256,4.399,4.241,4.366,336951.9
2026-01-01 16:00:00+00:00,4.366,4.506,4.366,4.506,487607.4
2026-01-01 20:00:00+00:00,4.506,4.595,4.456,4.532,326129.3
2026-01-02 00:00:00+00:00,4.532,4.642,4.501,4.622,342161.2
2026-01-02 04:00:00+00:00,4.622,4.641,4.501,4.512,220001.6
2026-01-02 08:00:00+00:00,4.512,4.63,4.487,4.558,417830.7
2026-01-02 12:00:00+00:00,4.558,4.68,4.537,4.637,777610.0
2026-01-02 16:00:00+00:00,4.637,4.888,4.624,4.882,740171.1
2026-01-02 20:00:00+00:00,4.882,4.956,4.834,4.913,293754.1
2026-01-03 00:00:00+00:00,4.913,4.984,4.885,4.971,208984.5
2026-01-03 04:00:00+00:00,4.971,4.987,4.788,4.807,357660.7
2026-01-03 08:00:00+00:00,4.807,4.884,4.777,4.832,313864.3
2026-01-03 12:00:00+00:00,4.832,4.916,4.807,4.828,287943.2
2026-01-03 16:00:00+00:00,4.828,4.906,4.827,4.878,128929.8
2026-01-03 20:00:00+00:00,4.878,4.943,4.839,4.908,198803.7
2026-01-04 00:00:00+00:00,4.908,5.033,4.899,5.001,349552.2
2026-01-04 04:00:00+00:00,5.001,5.066,4.946,5.0,281926.7
2026-01-04 08:00:00+00:00,5.0,5.083,4.941,5.076,271067.9
2026-01-04 12:00:00+00:00,5.076,5.175,5.042,5.15,410564.1
2026-01-04 16:00:00+00:00,5.15,5.222,5.054,5.122,347554.6
2026-01-04 20:00:00+00:00,5.122,5.232,5.107,5.18,197867.2
2026-01-05 00:00:00+00:00,5.18,5.297,5.155,5.217,588510.8
2026-01-05 04:00:00+00:00,5.217,5.229,5.095,5.195,318117.2
2026-01-05 08:00:00+00:00,5.195,5.227,5.076,5.103,318590.0
2026-01-05 12:00:00+00:00,5.103,5.251,5.074,5.237,397046.9
2026-01-05 16:00:00+00:00,5.237,5.373,5.127,5.316,459791.3
2026-01-05 20:00:00+00:00,5.316,5.497,5.308,5.386,376175.1
2026-01-06 00:00:00+00:00,5.386,5.459,5.313,5.408,224119.9
2026-01-06 04:00:00+00:00,5.408,5.459,5.302,5.32,204485.8
2026-01-06 08:00:00+00:00,5.32,5.544,5.32,5.54,371653.8
2026-01-06 12:00:00+00:00,5.54,5.901,5.54,5.65,1209153.3
2026-01-06 16:00:00+00:00,5.65,5.671,5.309,5.408,887699.7
2026-01-06 20:00:00+00:00,5.408,5.69,5.408,5.591,559712.2
2026-01-07 00:00:00+00:00,5.591,5.591,5.405,5.459,305591.8
2026-01-07 04:00:00+00:00,5.459,5.563,5.422,5.562,216660.5
2026-01-07 08:00:00+00:00,5.562,5.591,5.404,5.432,490628.2
2026-01-07 12:00:00+00:00,5.432,5.433,5.196,5.25,891501.9
2026-01-07 16:00:00+00:00,5.25,5.324,5.216,5.288,325765.8
2026-01-07 20:00:00+00:00,5.288,5.3,5.206,5.259,242287.9
2026-01-08 00:00:00+00:00,5.259,5.286,5.179,5.198,223625.5
2026-01-08 04:00:00+00:00,5.198,5.278,5.108,5.227,353093.5
2026-01-08 08:00:00+00:00,5.227,5.264,5.064,5.083,360576.6
2026-01-08 12:00:00+00:00,5.083,5.268,4.999,5.253,469361.1
2026-01-08 16:00:00+00:00,5.253,5.272,5.149,5.163,404142.9
2026-01-08 20:00:00+00:00,5.163,5.251,5.111,5.186,282236.1
2026-01-09 00:00:00+00:00,5.186,5.241,5.136,5.214,181922.3
2026-01-09 04:00:00+00:00,5.214,5.268,5.17,5.22,132482.1
2026-01-09 08:00:00+00:00,5.22,5.236,5.098,5.166,316012.0
2026-01-09 12:00:00+00:00,5.166,5.355,5.115,5.271,619985.0
2026-01-09 16:00:00+00:00,5.271,5.395,5.128,5.152,426221.6
2026-01-09 20:00:00+00:00,5.152,5.234,5.145,5.188,126033.9
2026-01-10 00:00:00+00:00,5.188,5.189,5.11,5.153,109853.2
2026-01-10 04:00:00+00:00,5.153,5.176,5.088,5.156,108556.1
2026-01-10 08:00:00+00:00,5.156,5.302,5.153,5.293,180536.6
2026-01-10 12:00:00+00:00,5.293,5.374,5.263,5.275,263430.3
2026-01-10 16:00:00+00:00,5.275,5.289,5.208,5.286,212946.0
2026-01-10 20:00:00+00:00,5.286,5.287,5.161,5.192,164968.2
2026-01-11 00:00:00+00:00,5.192,5.234,5.181,5.216,93389.7
2026-01-11 04:00:00+00:00,5.216,5.228,5.182,5.223,71539.5
2026-01-11 08:00:00+00:00,5.223,5.282,5.211,5.273,97533.2
2026-01-11 12:00:00+00:00,5.273,5.318,5.184,5.203,220648.4
2026-01-11 16:00:00+00:00,5.203,5.309,5.203,5.24,168602.7
2026-01-11 20:00:00+00:00,5.24,5.24,5.077,5.18,296766.5
2026-01-12 00:00:00+00:00,5.18,5.349,5.091,5.244,418224.0
2026-01-12 04:00:00+00:00,5.244,5.327,5.128,5.131,268474.7
2026-01-12 08:00:00+00:00,5.131,5.169,5.037,5.087,347653.5
2026-01-12 12:00:00+00:00,5.087,5.177,4.986,5.156,430227.8
2026-01-12 16:00:00+00:00,5.156,5.194,5.029,5.074,292721.1
2026-01-12 20:00:00+00:00,5.074,5.114,4.974,5.019,203626.6
2026-01-13 00:00:00+00:00,5.019,5.099,5.012,5.095,133371.6
2026-01-13 04:00:00+00:00,5.095,5.226,5.093,5.168,211376.6
2026-01-13 08:00:00+00:00,5.168,5.295,5.127,5.274,219394.0
2026-01-13 12:00:00+00:00,5.274,5.497,5.253,5.475,584620.5
2026-01-13 16:00:00+00:00,5.475,5.566,5.439,5.495,518298.8
2026-01-13 20:00:00+00:00,5.495,5.813,5.427,5.642,828041.3
2026-01-14 00:00:00+00:00,5.642,5.688,5.621,5.654,241039.9
2026-01-14 04:00:00+00:00,5.654,5.665,5.558,5.636,258484.7
2026-01-14 08:00:00+00:00,5.636,5.674,5.54,5.566,397911.8
2026-01-14 12:00:00+00:00,5.566,5.706,5.507,5.677,398243.1
2026-01-14 16:00:00+00:00,5.677,5.723,5.49,5.56,484028.7
2026-01-14 20:00:00+00:00,5.56,5.623,5.488,5.525,202571.4
2026-01-15 00:00:00+00:00,5.525,5.535,5.291,5.299,322180.7
2026-01-15 04:00:00+00:00,5.299,5.384,5.282,5.367,402398.4
2026-01-15 08:00:00+00:00,5.367,5.398,5.319,5.33,226407.0
2026-01-15 12:00:00+00:00,5.33,5.415,5.143,5.238,436456.1
2026-01-15 16:00:00+00:00,5.238,5.273,5.104,5.162,433996.8
2026-01-15 20:00:00+00:00,5.162,5.185,5.085,5.161,206124.5
2026-01-16 00:00:00+00:00,5.161,5.203,5.139,5.17,122536.4
2026-01-16 04:00:00+00:00,5.17,5.228,5.117,5.198,165892.8
2026-01-16 08:00:00+00:00,5.198,5.222,5.156,5.189,101057.8
2026-01-16 12:00:00+00:00,5.189,5.223,5.025,5.055,338146.4
2026-01-16 16:00:00+00:00,5.055,5.198,5.042,5.15,358825.0
2026-01-16 20:00:00+00:00,5.15,5.351,5.13,5.282,309626.8
2026-01-17 00:00:00+00:00,5.282,5.366,5.282,5.343,199305.4
2026-01-17 04:00:00+00:00,5.343,5.445,5.329,5.427,191105.5
2026-01-17 08:00:00+00:00,5.427,5.513,5.342,5.349,285588.3
2026-01-17 12:00:00+00:00,5.349,5.484,5.342,5.448,218346.8
2026-01-17 16:00:00+00:00,5.448,5.45,5.369,5.393,179396.1
2026-01-17 20:00:00+00:00,5.393,5.4,5.283,5.314,134279.4
2026-01-18 00:00:00+00:00,5.314,5.351,5.226,5.231,193715.7
2026-01-18 04:00:00+00:00,5.231,5.25,5.178,5.211,134038.7
2026-01-18 08:00:00+00:00,5.211,5.231,5.189,5.196,218436.5
2026-01-18 12:00:00+00:00,5.196,5.223,5.142,5.203,215337.3
2026-01-18 16:00:00+00:00,5.203,5.269,5.168,5.191,188820.2
2026-01-18 20:00:00+00:00,5.191,5.244,4.901,4.907,517904.5
2026-01-19 00:00:00+00:00,4.907,4.908,4.429,4.731,1748460.0
2026-01-19 04:00:00+00:00,4.731,4.732,4.632,4.67,343513.7
2026-01-19 08:00:00+00:00,4.67,4.716,4.635,4.639,285562.2
2026-01-19 12:00:00+00:00,4.639,4.694,4.618,4.677,211672.7
2026-01-19 16:00:00+00:00,4.677,4.884,4.67,4.838,370888.5
2026-01-19 20:00:00+00:00,4.838,4.892,4.735,4.834,385595.0
2026-01-20 00:00:00+00:00,4.834,4.853,4.761,4.794,263476.7
2026-01-20 04:00:00+00:00,4.794,4.831,4.698,4.698,376660.5
2026-01-20 08:00:00+00:00,4.698,4.724,4.625,4.627,380916.0
2026-01-20 12:00:00+00:00,4.627,4.703,4.589,4.626,754479.7
2026-01-20 16:00:00+00:00,4.626,4.646,4.494,4.545,393810.1
2026-01-20 20:00:00+00:00,4.545,4.583,4.446,4.489,302882.0
2026-01-21 00:00:00+00:00,4.489,4.655,4.484,4.612,204287.5
2026-01-21 04:00:00+00:00,4.612,4.652,4.595,4.627,114746.4
2026-01-21 08:00:00+00:00,4.627,4.679,4.579,4.613,249264.4
2026-01-21 12:00:00+00:00,4.613,4.788,4.537,4.741,772187.4
2026-01-21 16:00:00+00:00,4.741,4.763,4.474,4.757,851992.0
2026-01-21 20:00:00+00:00,4.757,4.769,4.612,4.634,297562.8
2026-01-22 00:00:00+00:00,4.634,4.724,4.634,4.677,118345.4
2026-01-22 04:00:00+00:00,4.677,4.704,4.62,4.641,126546.9
2026-01-22 08:00:00+00:00,4.641,4.685,4.614,4.614,189669.9
2026-01-22 12:00:00+00:00,4.614,4.648,4.496,4.566,407186.0
2026-01-22 16:00:00+00:00,4.566,4.639,4.562,4.595,255862.6
2026-01-22 20:00:00+00:00,4.595,4.606,4.544,4.59,161064.0
2026-01-23 00:00:00+00:00,4.59,4.655,4.579,4.641,114272.7
2026-01-23 04:00:00+00:00,4.641,4.68,4.602,4.615,152568.3
2026-01-23 08:00:00+00:00,4.615,4.627,4.557,4.612,291466.1
2026-01-23 12:00:00+00:00,4.612,4.628,4.469,4.596,445795.5
2026-01-23 16:00:00+00:00,4.596,4.704,4.547,4.576,496382.9
2026-01-23 20:00:00+00:00,4.576,4.603,4.523,4.58,147588.2
2026-01-24 00:00:00+00:00,4.58,4.607,4.534,4.59,70557.0
2026-01-24 04:00:00+00:00,4.59,4.601,4.559,4.564,77221.1
2026-01-24 08:00:00+00:00,4.564,4.577,4.539,4.568,100443.2
2026-01-24 12:00:00+00:00,4.568,4.595,4.536,4.543,150441.1
2026-01-24 16:00:00+00:00,4.543,4.56,4.508,4.516,138544.2
2026-01-24 20:00:00+00:00,4.516,4.554,4.516,4.537,84525.5
2026-01-25 00:00:00+00:00,4.537,4.566,4.486,4.495,124191.8
2026-01-25 04:00:00+00:00,4.495,4.52,4.462,4.478,93644.2
2026-01-25 08:00:00+00:00,4.478,4.528,4.438,4.497,193563.6
2026-01-25 12:00:00+00:00,4.497,4.497,4.416,4.443,251322.8
2026-01-25 16:00:00+00:00,4.443,4.443,4.171,4.203,996356.9
2026-01-25 20:00:00+00:00,4.203,4.289,4.196,4.282,291922.4
2026-01-26 00:00:00+00:00,4.282,4.403,4.269,4.339,219892.2
2026-01-26 04:00:00+00:00,4.339,4.441,4.339,4.418,132526.9
2026-01-26 08:00:00+00:00,4.418,4.464,4.359,4.386,197537.3
2026-01-26 12:00:00+00:00,4.386,4.513,4.378,4.439,352639.7
2026-01-26 16:00:00+00:00,4.439,4.482,4.39,4.43,343609.3
2026-01-26 20:00:00+00:00,4.43,4.482,4.399,4.434,122409.2
2026-01-27 00:00:00+00:00,4.434,4.473,4.416,4.445,179700.1
2026-01-27 04:00:00+00:00,4.445,4.483,4.405,4.426,175470.6
2026-01-27 08:00:00+00:00,4.426,4.435,4.369,4.373,160861.3
2026-01-27 12:00:00+00:00,4.373,4.414,4.343,4.409,227047.0
2026-01-27 16:00:00+00:00,4.409,4.483,4.341,4.433,348087.8
2026-01-27 20:00:00+00:00,4.433,4.509,4.432,4.482,309673.4
2026-01-28 00:00:00+00:00,4.482,4.494,4.437,4.448,114046.4
2026-01-28 04:00:00+00:00,4.448,4.487,4.423,4.462,172288.5
2026-01-28 08:00:00+00:00,4.462,4.529,4.419,4.524,353333.4
2026-01-28 12:00:00+00:00,4.524,4.528,4.425,4.438,291418.3
2026-01-28 16:00:00+00:00,4.438,4.481,4.395,4.456,274924.8
2026-01-28 20:00:00+00:00,4.456,4.543,4.408,4.495,435614.0
2026-01-29 00:00:00+00:00,4.495,4.509,4.331,4.345,400766.5
2026-01-29 04:00:00+00:00,4.345,4.379,4.307,4.356,167763.7
2026-01-29 08:00:00+00:00,4.356,4.366,4.263,4.27,239334.6
2026-01-29 12:00:00+00:00,4.27,4.281,4.01,4.085,1433600.2
2026-01-29 16:00:00+00:00,4.085,4.188,3.986,4.064,830599.9
2026-01-29 20:00:00+00:00,4.064,4.121,4.049,4.074,241928.5
2026-01-30 00:00:00+00:00,4.074,4.104,3.918,3.987,1077659.9
2026-01-30 04:00:00+00:00,3.987,4.049,3.96,3.999,695209.5
2026-01-30 08:00:00+00:00,3.999,4.069,3.973,4.054,622989.0
2026-01-30 12:00:00+00:00,4.054,4.059,3.931,3.993,710262.1
2026-01-30 16:00:00+00:00,3.993,4.086,3.905,4.053,739306.7
2026-01-30 20:00:00+00:00,4.053,4.053,3.961,3.994,423047.6
2026-01-31 00:00:00+00:00,3.994,4.003,3.965,3.985,215430.8
2026-01-31 04:00:00+00:00,3.985,4.001,3.909,3.941,185385.7
2026-01-31 08:00:00+00:00,3.941,3.949,3.834,3.85,549526.0
2026-01-31 12:00:00+00:00,3.85,3.853,3.574,3.631,1347007.9
2026-01-31 16:00:00+00:00,3.631,3.693,3.237,3.474,2768132.4
2026-01-31 20:00:00+00:00,3.474,3.64,3.432,3.616,505557.6
2026-02-01 00:00:00+00:00,3.616,3.666,3.593,3.663,277190.1
2026-02-01 04:00:00+00:00,3.663,3.697,3.644,3.673,210184.8
2026-02-01 08:00:00+00:00,3.673,3.69,3.584,3.61,363014.5
2026-02-01 12:00:00+00:00,3.61,3.622,3.453,3.504,624484.6
2026-02-01 16:00:00+00:00,3.504,3.583,3.47,3.517,483767.7
2026-02-01 20:00:00+00:00,3.517,3.591,3.443,3.519,712893.2
2026-02-02 00:00:00+00:00,3.519,3.634,3.429,3.579,772550.3
2026-02-02 04:00:00+00:00,3.579,3.637,3.452,3.557,924716.3
2026-02-02 08:00:00+00:00,3.557,3.653,3.557,3.602,509531.2
2026-02-02 12:00:00+00:00,3.602,3.813,3.602,3.724,1024718.7
2026-02-02 16:00:00+00:00,3.724,3.725,3.664,3.683,376161.8
2026-02-02 20:00:00+00:00,3.683,3.694,3.649,3.653,157284.1
2026-02-03 00:00:00+00:00,3.653,3.671,3.582,3.668,244204.0
2026-02-03 04:00:00+00:00,3.668,3.704,3.637,3.678,162257.4
2026-02-03 08:00:00+00:00,3.678,3.701,3.618,3.655,303206.2
2026-02-03 12:00:00+00:00,3.655,3.732,3.597,3.723,502384.4
2026-02-03 16:00:00+00:00,3.723,3.725,3.462,3.638,1182043.1
2026-02-03 20:00:00+00:00,3.638,3.805,3.547,3.581,883134.7
2026-02-04 00:00:00+00:00,3.581,3.664,3.566,3.651,234672.1
2026-02-04 04:00:00+00:00,3.651,3.687,3.622,3.667,175087.4
2026-02-04 08:00:00+00:00,3.667,3.671,3.586,3.622,206416.6
2026-02-04 12:00:00+00:00,3.622,3.635,3.46,3.501,685422.0
2026-02-04 16:00:00+00:00,3.501,3.598,3.431,3.594,1019272.2
2026-02-04 20:00:00+00:00,3.594,3.598,3.437,3.503,484493.7
2026-02-05 00:00:00+00:00,3.503,3.559,3.459,3.465,423663.8
2026-02-05 04:00:00+00:00,3.465,3.504,3.412,3.418,566684.6
2026-02-05 08:00:00+00:00,3.418,3.489,3.291,3.338,733126.1
2026-02-05 12:00:00+00:00,3.338,3.384,3.079,3.176,2063976.4
2026-02-05 16:00:00+00:00,3.176,3.296,3.052,3.072,2343595.4
2026-02-05 20:00:00+00:00,3.072,3.101,2.913,2.977,2111143.0
2026-02-06 00:00:00+00:00,2.977,3.083,2.648,3.01,5058414.6
2026-02-06 04:00:00+00:00,3.01,3.137,2.991,3.06,563872.4
2026-02-06 08:00:00+00:00,3.06,3.215,3.03,3.194,622078.3
2026-02-06 12:00:00+00:00,3.194,3.276,3.148,3.262,697418.4
2026-02-06 16:00:00+00:00,3.262,3.382,3.246,3.283,1003874.4
2026-02-06 20:00:00+00:00,3.283,3.331,3.232,3.285,362270.7
2026-02-07 00:00:00+00:00,3.285,3.299,3.23,3.281,256377.3
2026-02-07 04:00:00+00:00,3.281,3.316,3.13,3.156,465751.8
2026-02-07 08:00:00+00:00,3.156,3.186,3.141,3.171,198444.8
2026-02-07 12:00:00+00:00,3.171,3.285,3.166,3.251,450449.3
2026-02-07 16:00:00+00:00,3.251,3.358,3.246,3.287,2463861.8
2026-02-07 20:00:00+00:00,3.287,3.31,3.267,3.279,146296.2
2026-02-08 00:00:00+00:00,3.279,3.288,3.236,3.24,135300.1
2026-02-08 04:00:00+00:00,3.24,3.248,3.203,3.225,86252.9
2026-02-08 08:00:00+00:00,3.225,3.281,3.196,3.258,226753.4
2026-02-08 12:00:00+00:00,3.258,3.261,3.203,3.215,245199.7
2026-02-08 16:00:00+00:00,3.215,3.229,3.136,3.213,199555.7
2026-02-08 20:00:00+00:00,3.213,3.254,3.153,3.186,281297.8
2026-02-09 00:00:00+00:00,3.186,3.239,3.171,3.236,249400.1
2026-02-09 04:00:00+00:00,3.236,3.237,3.172,3.177,150386.9
2026-02-09 08:00:00+00:00,3.177,3.179,3.051,3.095,351771.4
2026-02-09 12:00:00+00:00,3.095,3.178,3.089,3.158,448615.1
2026-02-09 16:00:00+00:00,3.158,3.215,3.131,3.183,419952.0
2026-02-09 20:00:00+00:00,3.183,3.191,3.134,3.15,171338.6
2026-02-10 00:00:00+00:00,3.15,3.172,3.076,3.108,176649.1
2026-02-10 04:00:00+00:00,3.108,3.133,3.04,3.062,242090.2
2026-02-10 08:00:00+00:00,3.062,3.083,3.047,3.05,217337.9
2026-02-10 12:00:00+00:00,3.05,3.082,3.027,3.052,387467.7
2026-02-10 16:00:00+00:00,3.052,3.082,2.996,3.02,298210.9
2026-02-10 20:00:00+00:00,3.02,3.054,3.002,3.042,203673.8
2026-02-11 00:00:00+00:00,3.042,3.1,3.041,3.064,227103.2
2026-02-11 04:00:00+00:00,3.064,3.067,2.961,2.97,359304.7
2026-02-11 08:00:00+00:00,2.97,2.991,2.951,2.989,213238.1
2026-02-11 12:00:00+00:00,2.989,3.132,2.926,2.965,865683.6
2026-02-11 16:00:00+00:00,2.965,3.04,2.943,3.003,469594.5
2026-02-11 20:00:00+00:00,3.003,3.077,2.984,3.004,309170.9
2026-02-12 00:00:00+00:00,3.004,3.07,3.004,3.062,169012.3
2026-02-12 04:00:00+00:00,3.062,3.13,3.046,3.129,186193.2
2026-02-12 08:00:00+00:00,3.129,3.161,3.106,3.131,182370.6
2026-02-12 12:00:00+00:00,3.131,3.135,3.033,3.036,383045.1
2026-02-12 16:00:00+00:00,3.036,3.088,2.967,3.033,544029.1
2026-02-12 20:00:00+00:00,3.033,3.047,2.988,3.044,196790.1
2026-02-13 00:00:00+00:00,3.044,3.067,3.004,3.005,164614.3
2026-02-13 04:00:00+00:00,3.005,3.032,2.962,3.009,217555.0
2026-02-13 08:00:00+00:00,3.009,3.043,2.998,3.003,188745.1
2026-02-13 12:00:00+00:00,3.003,3.13,2.977,3.077,680772.6
2026-02-13 16:00:00+00:00,3.077,3.134,3.064,3.105,309317.6
2026-02-13 20:00:00+00:00,3.105,3.145,3.099,3.102,149997.1
2026-02-14 00:00:00+00:00,3.102,3.151,3.102,3.142,131820.0
2026-02-14 04:00:00+00:00,3.142,3.148,3.109,3.143,127661.6
2026-02-14 08:00:00+00:00,3.143,3.213,3.14,3.2,230842.6
2026-02-14 12:00:00+00:00,3.2,3.261,3.156,3.251,279742.7
2026-02-14 16:00:00+00:00,3.251,3.317,3.216,3.312,250278.7
2026-02-14 20:00:00+00:00,3.312,3.324,3.264,3.272,293592.6
2026-02-15 00:00:00+00:00,3.272,3.284,3.203,3.264,354450.6
2026-02-15 04:00:00+00:00,3.264,3.312,3.26,3.29,225937.7
2026-02-15 08:00:00+00:00,3.29,3.299,3.205,3.214,259554.6
2026-02-15 12:00:00+00:00,3.214,3.218,3.084,3.138,595740.2
2026-02-15 16:00:00+00:00,3.138,3.148,3.062,3.085,459547.3
2026-02-15 20:00:00+00:00,3.085,3.146,3.077,3.142,170346.2
2026-02-16 00:00:00+00:00,3.142,3.162,3.104,3.126,88513.6
2026-02-16 04:00:00+00:00,3.126,3.153,3.105,3.127,107195.9
2026-02-16 08:00:00+00:00,3.127,3.175,3.106,3.139,188722.9
2026-02-16 12:00:00+00:00,3.139,3.226,3.088,3.102,530484.7
2026-02-16 16:00:00+00:00,3.102,3.141,3.095,3.124,240222.6
2026-02-16 20:00:00+00:00,3.124,3.197,3.112,3.163,193103.7
2026-02-17 00:00:00+00:00,3.163,3.168,3.112,3.132,117908.7
2026-02-17 04:00:00+00:00,3.132,3.158,3.103,3.129,148705.0
2026-02-17 08:00:00+00:00,3.129,3.14,3.084,3.11,148952.7
2026-02-17 12:00:00+00:00,3.11,3.15,3.072,3.118,344576.3
2026-02-17 16:00:00+00:00,3.118,3.17,3.077,3.124,386727.4
2026-02-17 20:00:00+00:00,3.124,3.129,3.089,3.1,122214.4
2026-02-18 00:00:00+00:00,3.1,3.116,3.077,3.11,85795.0
2026-02-18 04:00:00+00:00,3.11,3.14,3.096,3.127,103018.0
2026-02-18 08:00:00+00:00,3.127,3.145,3.075,3.096,163012.1
2026-02-18 12:00:00+00:00,3.096,3.135,3.043,3.1,414691.2
2026-02-18 16:00:00+00:00,3.1,3.102,2.969,2.986,648609.1
2026-02-18 20:00:00+00:00,2.986,3.003,2.953,2.98,270824.6
2026-02-19 00:00:00+00:00,2.98,3.385,2.968,3.375,7403891.2
2026-02-19 04:00:00+00:00,3.375,3.447,3.275,3.31,3705921.9
2026-02-19 08:00:00+00:00,3.31,3.31,3.147,3.16,3001435.0
2026-02-19 12:00:00+00:00,3.16,3.276,3.113,3.2,4358586.8
2026-02-19 16:00:00+00:00,3.2,3.551,3.076,3.303,7347342.0
2026-02-19 20:00:00+00:00,3.303,3.325,3.224,3.271,2125633.4
2026-02-20 00:00:00+00:00,3.271,3.283,3.136,3.203,3296351.2
2026-02-20 04:00:00+00:00,3.203,3.293,3.16,3.244,1580733.9
2026-02-20 08:00:00+00:00,3.244,3.347,3.221,3.328,1707297.8
2026-02-20 12:00:00+00:00,3.328,3.456,3.242,3.441,2241926.7
2026-02-20 16:00:00+00:00,3.441,3.45,3.349,3.382,1592160.0
2026-02-20 20:00:00+00:00,3.382,3.442,3.364,3.437,656548.3
2026-02-21 00:00:00+00:00,3.437,3.513,3.406,3.459,1295884.1
2026-02-21 04:00:00+00:00,3.459,3.547,3.391,3.49,1742140.4
2026-02-21 08:00:00+00:00,3.49,3.907,3.462,3.855,5143296.2
2026-02-21 12:00:00+00:00,3.855,4.019,3.806,3.821,4930357.6
2026-02-21 16:00:00+00:00,3.821,3.906,3.718,3.762,2373353.3
2026-02-21 20:00:00+00:00,3.762,3.888,3.725,3.774,1974268.5
2026-02-22 00:00:00+00:00,3.774,3.779,3.636,3.642,2087441.5
2026-02-22 04:00:00+00:00,3.642,3.682,3.571,3.647,1317462.7
2026-02-22 08:00:00+00:00,3.647,3.647,3.565,3.57,956187.0
2026-02-22 12:00:00+00:00,3.57,3.588,3.527,3.569,931456.1
2026-02-22 16:00:00+00:00,3.569,3.597,3.516,3.587,594900.0
2026-02-22 20:00:00+00:00,3.587,3.587,3.494,3.507,514781.0
2026-02-23 00:00:00+00:00,3.507,3.539,3.384,3.416,1648986.1
2026-02-23 04:00:00+00:00,3.416,3.449,3.341,3.406,692276.7
2026-02-23 08:00:00+00:00,3.406,3.491,3.369,3.451,675496.8
2026-02-23 12:00:00+00:00,3.451,3.552,3.394,3.395,1014530.4
2026-02-23 16:00:00+00:00,3.395,3.428,3.342,3.348,939186.7
2026-02-23 20:00:00+00:00,3.348,3.376,3.311,3.317,544635.7
2026-02-24 00:00:00+00:00,3.317,3.39,3.23,3.249,1208802.4
2026-02-24 04:00:00+00:00,3.249,3.262,3.191,3.195,686789.6
2026-02-24 08:00:00+00:00,3.195,3.241,3.147,3.168,658867.0
2026-02-24 12:00:00+00:00,3.168,3.299,3.127,3.221,1437743.4
2026-02-24 16:00:00+00:00,3.221,3.246,3.154,3.168,909805.8
2026-02-24 20:00:00+00:00,3.168,3.181,3.113,3.127,707881.9
2026-02-25 00:00:00+00:00,3.127,3.27,3.108,3.176,1371831.7
2026-02-25 04:00:00+00:00,3.176,3.179,3.113,3.166,748848.9
2026-02-25 08:00:00+00:00,3.166,3.214,3.161,3.195,593234.4
2026-02-25 12:00:00+00:00,3.195,3.345,3.188,3.31,1260499.7
2026-02-25 16:00:00+00:00,3.31,3.356,3.28,3.352,805885.0
2026-02-25 20:00:00+00:00,3.352,3.407,3.207,3.254,911775.7
2026-02-26 00:00:00+00:00,3.254,3.262,3.208,3.25,446124.4
2026-02-26 04:00:00+00:00,3.25,3.284,3.192,3.206,432693.3
2026-02-26 08:00:00+00:00,3.206,3.25,3.182,3.191,493084.3
2026-02-26 12:00:00+00:00,3.191,3.215,3.152,3.184,634546.3
2026-02-26 16:00:00+00:00,3.184,3.2,3.089,3.188,1113204.3
2026-02-26 20:00:00+00:00,3.188,3.204,3.152,3.191,153475.3
2026-02-27 00:00:00+00:00,3.191,3.274,3.164,3.223,568490.8
2026-02-27 04:00:00+00:00,3.223,3.269,3.217,3.264,387539.4
2026-02-27 08:00:00+00:00,3.264,3.291,3.16,3.168,668625.3
2026-02-27 12:00:00+00:00,3.168,3.177,3.108,3.129,713055.7
2026-02-27 16:00:00+00:00,3.129,3.136,3.055,3.071,765109.3
2026-02-27 20:00:00+00:00,3.071,3.089,3.009,3.078,353615.7
2026-02-28 00:00:00+00:00,3.078,3.109,3.06,3.064,184105.0
2026-02-28 04:00:00+00:00,3.064,3.065,2.88,2.932,1193933.0
2026-02-28 08:00:00+00:00,2.932,2.973,2.864,2.913,1570259.0
2026-02-28 12:00:00+00:00,2.913,2.999,2.901,2.955,1104146.1
2026-02-28 16:00:00+00:00,2.955,3.053,2.923,3.032,637615.4
2026-02-28 20:00:00+00:00,3.032,3.14,3.024,3.12,568380.6
2026-03-01 00:00:00+00:00,3.12,3.208,3.054,3.108,675243.3
2026-03-01 04:00:00+00:00,3.108,3.134,3.073,3.123,349139.5
2026-03-01 08:00:00+00:00,3.123,3.125,3.042,3.063,319589.4
2026-03-01 12:00:00+00:00,3.063,3.105,3.015,3.047,586680.7
2026-03-01 16:00:00+00:00,3.047,3.068,2.988,2.994,606043.5
2026-03-01 20:00:00+00:00,2.994,3.037,2.939,2.997,590889.1
2026-03-02 00:00:00+00:00,2.997,3.074,2.997,3.054,377711.9
2026-03-02 04:00:00+00:00,3.054,3.068,2.977,3.004,333397.0
2026-03-02 08:00:00+00:00,3.004,3.032,2.97,3.011,452358.7
2026-03-02 12:00:00+00:00,3.011,3.142,2.989,3.116,760186.2
2026-03-02 16:00:00+00:00,3.116,3.155,3.071,3.111,796360.8
2026-03-02 20:00:00+00:00,3.111,3.131,3.074,3.086,313386.1
2026-03-03 00:00:00+00:00,3.086,3.093,3.041,3.077,361687.9
2026-03-03 04:00:00+00:00,3.077,3.087,3.043,3.061,256911.2
2026-03-03 08:00:00+00:00,3.061,3.069,2.992,3.005,480506.6
2026-03-03 12:00:00+00:00,3.005,3.052,2.958,3.015,454658.2
2026-03-03 16:00:00+00:00,3.015,3.09,2.998,3.041,620585.6
2026-03-03 20:00:00+00:00,3.041,3.056,2.989,3.028,269833.4
2026-03-04 00:00:00+00:00,3.028,3.049,2.981,3.004,308854.2
2026-03-04 04:00:00+00:00,3.004,3.055,2.98,3.041,299365.8
2026-03-04 08:00:00+00:00,3.041,3.135,3.032,3.066,728593.4
2026-03-04 12:00:00+00:00,3.066,3.147,3.034,3.147,1011755.5
2026-03-04 16:00:00+00:00,3.147,3.174,3.085,3.142,576699.8
2026-03-04 20:00:00+00:00,3.142,3.174,3.082,3.122,437906.4
2026-03-05 00:00:00+00:00,3.122,3.122,3.054,3.067,373540.7
2026-03-05 04:00:00+00:00,3.067,3.104,3.056,3.073,231347.0
2026-03-05 08:00:00+00:00,3.073,3.13,3.057,3.082,518613.5
2026-03-05 12:00:00+00:00,3.082,3.114,3.028,3.038,531791.7
2026-03-05 16:00:00+00:00,3.038,3.057,2.985,3.036,555056.6
2026-03-05 20:00:00+00:00,3.036,3.074,3.017,3.019,250022.9
2026-03-06 00:00:00+00:00,3.019,3.037,2.996,3.027,173611.1
2026-03-06 04:00:00+00:00,3.027,3.052,2.997,3.042,186117.5
2026-03-06 08:00:00+00:00,3.042,3.042,2.977,2.984,302060.6
2026-03-06 12:00:00+00:00,2.984,2.993,2.849,2.869,1131815.0
2026-03-06 16:00:00+00:00,2.869,2.886,2.833,2.882,748625.1
2026-03-06 20:00:00+00:00,2.882,2.911,2.875,2.903,263065.8
2026-03-07 00:00:00+00:00,2.903,2.914,2.871,2.886,209486.9
2026-03-07 04:00:00+00:00,2.886,2.905,2.852,2.868,183257.4
2026-03-07 08:00:00+00:00,2.868,2.9,2.857,2.883,202902.7
2026-03-07 12:00:00+00:00,2.883,2.902,2.842,2.86,432178.7
2026-03-07 16:00:00+00:00,2.86,2.894,2.831,2.845,392919.8
2026-03-07 20:00:00+00:00,2.845,2.856,2.806,2.826,321126.8
2026-03-08 00:00:00+00:00,2.826,2.831,2.777,2.803,333223.8
2026-03-08 04:00:00+00:00,2.803,2.844,2.787,2.832,234010.0
2026-03-08 08:00:00+00:00,2.832,2.876,2.814,2.842,284048.3
2026-03-08 12:00:00+00:00,2.842,2.862,2.795,2.805,342913.1
2026-03-08 16:00:00+00:00,2.805,2.852,2.787,2.837,241892.8
2026-03-08 20:00:00+00:00,2.837,2.849,2.757,2.797,537129.6
2026-03-09 00:00:00+00:00,2.797,2.881,2.792,2.841,478715.3
2026-03-09 04:00:00+00:00,2.841,2.915,2.841,2.89,422475.7
2026-03-09 08:00:00+00:00,2.89,2.924,2.859,2.881,406008.1
2026-03-09 12:00:00+00:00,2.881,2.931,2.879,2.908,564140.9
2026-03-09 16:00:00+00:00,2.908,2.979,2.901,2.929,516788.4
2026-03-09 20:00:00+00:00,2.929,2.96,2.886,2.897,318846.6
2026-03-10 00:00:00+00:00,2.897,2.96,2.895,2.92,298542.3
2026-03-10 04:00:00+00:00,2.92,2.961,2.907,2.959,217165.2
2026-03-10 08:00:00+00:00,2.959,2.989,2.949,2.956,677682.8
2026-03-10 12:00:00+00:00,2.956,3.029,2.927,2.998,632070.7
2026-03-10 16:00:00+00:00,2.998,3.022,2.929,2.944,497828.2
2026-03-10 20:00:00+00:00,2.944,2.959,2.908,2.935,405282.6
2026-03-11 00:00:00+00:00,2.935,2.939,2.906,2.924,260915.8
2026-03-11 04:00:00+00:00,2.924,2.944,2.894,2.921,388052.3
2026-03-11 08:00:00+00:00,2.921,2.945,2.91,2.928,267816.8
2026-03-11 12:00:00+00:00,2.928,3.026,2.923,2.975,647135.1
2026-03-11 16:00:00+00:00,2.975,3.024,2.968,3.004,611209.4
2026-03-11 20:00:00+00:00,3.004,3.021,2.991,3.001,204566.7
2026-03-12 00:00:00+00:00,3.001,3.012,2.968,2.972,212186.2
2026-03-12 04:00:00+00:00,2.972,3.006,2.955,2.993,165730.4
2026-03-12 08:00:00+00:00,2.993,3.023,2.973,2.991,342568.6
2026-03-12 12:00:00+00:00,2.991,3.014,2.956,2.991,382627.1
2026-03-12 16:00:00+00:00,2.991,3.041,2.973,3.034,370534.2
2026-03-12 20:00:00+00:00,3.034,3.073,3.019,3.048,416465.7
2026-03-13 00:00:00+00:00,3.048,3.129,3.041,3.124,508057.2
2026-03-13 04:00:00+00:00,3.124,3.13,3.095,3.118,239882.0
2026-03-13 08:00:00+00:00,3.118,3.143,3.094,3.114,312481.3
2026-03-13 12:00:00+00:00,3.114,3.169,3.109,3.119,626613.6
2026-03-13 16:00:00+00:00,3.119,3.141,3.083,3.094,411898.3
2026-03-13 20:00:00+00:00,3.094,3.119,3.065,3.087,189791.1
2026-03-14 00:00:00+00:00,3.087,3.093,3.057,3.088,151685.0
2026-03-14 04:00:00+00:00,3.088,3.101,3.028,3.035,228488.1
2026-03-14 08:00:00+00:00,3.035,3.04,3.018,3.036,116615.2
2026-03-14 12:00:00+00:00,3.036,3.04,3.007,3.02,212120.4
2026-03-14 16:00:00+00:00,3.02,3.033,3.014,3.015,81183.9
2026-03-14 20:00:00+00:00,3.015,3.043,3.002,3.042,190974.2
2026-03-15 00:00:00+00:00,3.042,3.088,3.016,3.064,238107.3
2026-03-15 04:00:00+00:00,3.064,3.074,3.039,3.052,166862.6
2026-03-15 08:00:00+00:00,3.052,3.08,3.044,3.069,322115.1
2026-03-15 12:00:00+00:00,3.069,3.086,3.039,3.049,278055.8
2026-03-15 16:00:00+00:00,3.049,3.085,3.045,3.083,160156.6
2026-03-15 20:00:00+00:00,3.083,3.124,3.078,3.108,553154.4
2026-03-16 00:00:00+00:00,3.108,3.175,3.083,3.141,453198.0
2026-03-16 04:00:00+00:00,3.141,3.216,3.136,3.2,649137.3
2026-03-16 08:00:00+00:00,3.2,3.232,3.164,3.176,837479.0
2026-03-16 12:00:00+00:00,3.176,3.214,3.148,3.176,663241.3
2026-03-16 16:00:00+00:00,3.176,3.284,3.176,3.256,681752.0
2026-03-16 20:00:00+00:00,3.256,3.341,3.251,3.326,512753.1
2026-03-17 00:00:00+00:00,3.326,3.331,3.24,3.262,469691.0
2026-03-17 04:00:00+00:00,3.262,3.27,3.2,3.239,384635.1
2026-03-17 08:00:00+00:00,3.239,3.256,3.228,3.231,333452.6
2026-03-17 12:00:00+00:00,3.231,3.245,3.196,3.224,424324.6
2026-03-17 16:00:00+00:00,3.224,3.239,3.21,3.212,197158.3
2026-03-17 20:00:00+00:00,3.212,3.255,3.208,3.224,168169.0
2026-03-18 00:00:00+00:00,3.224,3.272,3.198,3.253,212875.5
2026-03-18 04:00:00+00:00,3.253,3.265,3.209,3.221,131375.9
2026-03-18 08:00:00+00:00,3.221,3.239,3.139,3.156,429820.5
2026-03-18 12:00:00+00:00,3.156,3.156,3.023,3.051,715574.0
2026-03-18 16:00:00+00:00,3.051,3.085,3.028,3.057,478053.3
2026-03-18 20:00:00+00:00,3.057,3.094,3.027,3.075,230831.9
2026-03-19 00:00:00+00:00,3.075,3.082,3.037,3.062,210257.5
2026-03-19 04:00:00+00:00,3.062,3.062,2.978,2.998,461499.1
2026-03-19 08:00:00+00:00,2.998,3.037,2.996,3.002,207734.9
2026-03-19 12:00:00+00:00,3.002,3.002,2.948,2.974,434729.2
2026-03-19 16:00:00+00:00,2.974,3.018,2.955,3.006,216789.3
2026-03-19 20:00:00+00:00,3.006,3.061,3.005,3.058,241550.4
2026-03-20 00:00:00+00:00,3.058,3.193,3.048,3.187,648438.2
2026-03-20 04:00:00+00:00,3.187,3.245,3.124,3.139,697139.5
2026-03-20 08:00:00+00:00,3.139,3.147,3.085,3.101,590004.5
2026-03-20 12:00:00+00:00,3.101,3.131,3.069,3.096,549488.9
2026-03-20 16:00:00+00:00,3.096,3.113,3.049,3.09,313865.3
2026-03-20 20:00:00+00:00,3.09,3.116,3.053,3.081,166571.4
2026-03-21 00:00:00+00:00,3.081,3.097,3.076,3.084,149394.7
2026-03-21 04:00:00+00:00,3.084,3.113,3.076,3.09,107186.9
2026-03-21 08:00:00+00:00,3.09,3.108,3.074,3.085,112604.2
2026-03-21 12:00:00+00:00,3.085,3.152,3.083,3.144,280478.1
2026-03-21 16:00:00+00:00,3.144,3.148,3.099,3.101,312090.9
2026-03-21 20:00:00+00:00,3.101,3.123,3.011,3.031,651693.1
2026-03-22 00:00:00+00:00,3.031,3.058,2.962,3.027,782410.5
2026-03-22 04:00:00+00:00,3.027,3.048,2.99,2.991,171042.4
2026-03-22 08:00:00+00:00,2.991,3.002,2.939,2.941,428795.8
2026-03-22 12:00:00+00:00,2.941,2.984,2.941,2.982,235301.0
2026-03-22 16:00:00+00:00,2.982,2.994,2.932,2.944,300194.9
2026-03-22 20:00:00+00:00,2.944,2.973,2.899,2.946,512277.0
2026-03-23 00:00:00+00:00,2.946,2.999,2.941,2.975,290581.3
2026-03-23 04:00:00+00:00,2.975,2.996,2.909,2.93,379082.9
2026-03-23 08:00:00+00:00,2.93,3.078,2.899,3.025,1113190.1
2026-03-23 12:00:00+00:00,3.025,3.087,2.998,3.001,458466.8
2026-03-23 16:00:00+00:00,3.001,3.082,2.983,3.05,494575.7
2026-03-23 20:00:00+00:00,3.05,3.106,3.039,3.087,429287.5
2026-03-24 00:00:00+00:00,3.087,3.101,3.055,3.075,302245.8
2026-03-24 04:00:00+00:00,3.075,3.082,3.043,3.077,183596.4
2026-03-24 08:00:00+00:00,3.077,3.078,3.044,3.058,274410.1
2026-03-24 12:00:00+00:00,3.058,3.071,3.022,3.04,373586.8
2026-03-24 16:00:00+00:00,3.04,3.046,2.985,3.014,404295.7
2026-03-24 20:00:00+00:00,3.014,3.063,3.009,3.059,388174.8
2026-03-25 00:00:00+00:00,3.059,3.085,3.05,3.066,270858.8
2026-03-25 04:00:00+00:00,3.066,3.079,3.049,3.059,298490.5
2026-03-25 08:00:00+00:00,3.059,3.124,3.057,3.11,444889.7
2026-03-25 12:00:00+00:00,3.11,3.127,3.06,3.075,396940.1
2026-03-25 16:00:00+00:00,3.075,3.106,3.071,3.079,274915.1
2026-03-25 20:00:00+00:00,3.079,3.092,3.056,3.08,306917.2
2026-03-26 00:00:00+00:00,3.08,3.081,3.023,3.028,296695.0
2026-03-26 04:00:00+00:00,3.028,3.034,2.981,2.996,311726.1
2026-03-26 08:00:00+00:00,2.996,3.002,2.943,2.952,562465.3
2026-03-26 12:00:00+00:00,2.952,2.994,2.936,2.946,466384.6
2026-03-26 16:00:00+00:00,2.946,2.961,2.922,2.926,326475.2
2026-03-26 20:00:00+00:00,2.926,2.975,2.917,2.951,416389.7
2026-03-27 00:00:00+00:00,2.951,2.976,2.947,2.966,129081.0
2026-03-27 04:00:00+00:00,2.966,2.987,2.949,2.985,101674.1
2026-03-27 08:00:00+00:00,2.985,2.987,2.861,2.892,598885.2
2026-03-27 12:00:00+00:00,2.892,2.915,2.867,2.89,679225.1
2026-03-27 16:00:00+00:00,2.89,2.897,2.868,2.882,419058.3
2026-03-27 20:00:00+00:00,2.882,2.886,2.868,2.879,211544.0
2026-03-28 00:00:00+00:00,2.879,2.885,2.84,2.842,583197.5
2026-03-28 04:00:00+00:00,2.842,2.887,2.837,2.887,207930.0
2026-03-28 08:00:00+00:00,2.887,2.896,2.855,2.862,128708.8
2026-03-28 12:00:00+00:00,2.862,2.93,2.85,2.903,419466.3
2026-03-28 16:00:00+00:00,2.903,2.91,2.878,2.885,148267.1
2026-03-28 20:00:00+00:00,2.885,2.896,2.8,2.819,476738.5
2026-03-29 00:00:00+00:00,2.819,2.848,2.815,2.843,200329.6
2026-03-29 04:00:00+00:00,2.843,2.845,2.818,2.821,87176.6
2026-03-29 08:00:00+00:00,2.821,2.83,2.799,2.812,186618.6
2026-03-29 12:00:00+00:00,2.812,2.812,2.783,2.799,214265.9
2026-03-29 16:00:00+00:00,2.799,2.807,2.782,2.794,144429.3
2026-03-29 20:00:00+00:00,2.794,2.825,2.72,2.801,753420.1
2026-03-30 00:00:00+00:00,2.801,2.885,2.8,2.875,320702.9
2026-03-30 04:00:00+00:00,2.875,2.937,2.875,2.936,425696.9
2026-03-30 08:00:00+00:00,2.936,2.953,2.901,2.925,395257.5
2026-03-30 12:00:00+00:00,2.925,2.938,2.898,2.907,423237.5
2026-03-30 16:00:00+00:00,2.907,2.912,2.843,2.867,647446.8
2026-03-30 20:00:00+00:00,2.867,2.896,2.845,2.853,217434.0
2026-03-31 00:00:00+00:00,2.853,2.918,2.85,2.889,257841.2
2026-03-31 04:00:00+00:00,2.889,2.897,2.877,2.891,131426.4
2026-03-31 08:00:00+00:00,2.891,2.893,2.827,2.855,484997.9
2026-03-31 12:00:00+00:00,2.855,2.9,2.844,2.848,381750.5
2026-03-31 16:00:00+00:00,2.848,2.913,2.847,2.891,440509.6
2026-03-31 20:00:00+00:00,2.891,2.899,2.863,2.878,205839.7
2026-04-01 00:00:00+00:00,2.878,2.885,2.852,2.869,158458.8
2026-04-01 04:00:00+00:00,2.869,2.936,2.86,2.931,285826.6
2026-04-01 08:00:00+00:00,2.931,2.943,2.908,2.928,222287.0
2026-04-01 12:00:00+00:00,2.928,2.96,2.876,2.91,782337.2
2026-04-01 16:00:00+00:00,2.91,2.933,2.878,2.89,279883.5
2026-04-01 20:00:00+00:00,2.89,2.891,2.861,2.869,239290.6
2026-04-02 00:00:00+00:00,2.869,2.897,2.761,2.777,699155.4
2026-04-02 04:00:00+00:00,2.777,2.799,2.757,2.794,204044.7
2026-04-02 08:00:00+00:00,2.794,2.796,2.773,2.78,235661.0
2026-04-02 12:00:00+00:00,2.78,2.803,2.743,2.774,333105.7
2026-04-02 16:00:00+00:00,2.774,2.789,2.73,2.737,472804.6
2026-04-02 20:00:00+00:00,2.737,2.769,2.723,2.741,226449.5
2026-04-03 00:00:00+00:00,2.741,2.802,2.741,2.796,386274.8
2026-04-03 04:00:00+00:00,2.796,2.832,2.787,2.821,221536.9
2026-04-03 08:00:00+00:00,2.821,2.834,2.811,2.826,105836.0
2026-04-03 12:00:00+00:00,2.826,2.851,2.794,2.796,165924.8
2026-04-03 16:00:00+00:00,2.796,2.808,2.776,2.795,273801.2
2026-04-03 20:00:00+00:00,2.795,2.813,2.779,2.79,138089.1
2026-04-04 00:00:00+00:00,2.79,2.799,2.773,2.786,69647.4
2026-04-04 04:00:00+00:00,2.786,2.806,2.783,2.805,91225.6
2026-04-04 08:00:00+00:00,2.805,2.815,2.79,2.811,77648.6
2026-04-04 12:00:00+00:00,2.811,2.82,2.786,2.805,126108.3
2026-04-04 16:00:00+00:00,2.805,2.837,2.796,2.822,121550.1
2026-04-04 20:00:00+00:00,2.822,2.822,2.805,2.81,54942.1
2026-04-05 00:00:00+00:00,2.81,2.813,2.79,2.795,92931.7
2026-04-05 04:00:00+00:00,2.795,2.796,2.745,2.763,271492.0
2026-04-05 08:00:00+00:00,2.763,2.785,2.76,2.775,98590.6
2026-04-05 12:00:00+00:00,2.775,2.794,2.746,2.768,238704.6
2026-04-05 16:00:00+00:00,2.768,2.778,2.761,2.772,105506.5
2026-04-05 20:00:00+00:00,2.772,2.827,2.759,2.823,247866.4
2026-04-06 00:00:00+00:00,2.823,2.894,2.823,2.879,381729.2
2026-04-06 04:00:00+00:00,2.879,2.888,2.859,2.883,161291.4
2026-04-06 08:00:00+00:00,2.883,2.948,2.881,2.945,331753.6
2026-04-06 12:00:00+00:00,2.945,2.973,2.92,2.944,479866.7
2026-04-06 16:00:00+00:00,2.944,2.948,2.901,2.91,239237.7
2026-04-06 20:00:00+00:00,2.91,2.912,2.831,2.845,276278.2
2026-04-07 00:00:00+00:00,2.845,2.86,2.805,2.838,253390.4
2026-04-07 04:00:00+00:00,2.838,2.874,2.83,2.865,137859.0
2026-04-07 08:00:00+00:00,2.865,2.886,2.828,2.836,304660.1
2026-04-07 12:00:00+00:00,2.836,2.839,2.793,2.807,372621.6
2026-04-07 16:00:00+00:00,2.807,2.873,2.79,2.871,301481.8
2026-04-07 20:00:00+00:00,2.871,3.046,2.86,3.016,865528.3
2026-04-08 00:00:00+00:00,3.016,3.038,2.991,3.024,235568.5
2026-04-08 04:00:00+00:00,3.024,3.043,3.016,3.039,248802.6
2026-04-08 08:00:00+00:00,3.039,3.039,2.981,2.997,100613.7
2026-04-08 12:00:00+00:00,2.997,3.016,2.934,2.961,479827.9
2026-04-08 16:00:00+00:00,2.961,2.982,2.878,2.914,560196.4
2026-04-08 20:00:00+00:00,2.914,2.948,2.894,2.901,195426.7
2026-04-09 00:00:00+00:00,2.901,2.902,2.865,2.888,208836.7
2026-04-09 04:00:00+00:00,2.888,2.919,2.882,2.911,120279.2
2026-04-09 08:00:00+00:00,2.911,2.924,2.898,2.905,158231.4
2026-04-09 12:00:00+00:00,2.905,2.971,2.894,2.959,363215.1
2026-04-09 16:00:00+00:00,2.959,2.988,2.946,2.978,339303.7
2026-04-09 20:00:00+00:00,2.978,3.033,2.954,2.959,295166.2
2026-04-10 00:00:00+00:00,2.959,2.981,2.934,2.957,163821.2
2026-04-10 04:00:00+00:00,2.957,2.998,2.954,2.97,203981.6
2026-04-10 08:00:00+00:00,2.97,3.012,2.957,2.975,283922.2
2026-04-10 12:00:00+00:00,2.975,3.071,2.974,3.026,561688.5
2026-04-10 16:00:00+00:00,3.026,3.084,3.026,3.069,287961.7
2026-04-10 20:00:00+00:00,3.069,3.073,3.035,3.048,148326.6
2026-04-11 00:00:00+00:00,3.048,3.05,3.01,3.01,98768.6
2026-04-11 04:00:00+00:00,3.01,3.018,2.985,3.002,89204.2
2026-04-11 08:00:00+00:00,3.002,3.02,2.997,3.008,89963.8
2026-04-11 12:00:00+00:00,3.008,3.02,2.974,3.008,133806.0
2026-04-11 16:00:00+00:00,3.008,3.083,3.002,3.076,238800.1
2026-04-11 20:00:00+00:00,3.076,3.078,2.999,3.012,197157.3
2026-04-12 00:00:00+00:00,3.012,3.021,2.913,2.927,312175.9
2026-04-12 04:00:00+00:00,2.927,2.928,2.901,2.911,138610.5
2026-04-12 08:00:00+00:00,2.911,2.923,2.898,2.916,126556.3
2026-04-12 12:00:00+00:00,2.916,2.92,2.878,2.888,154601.3
2026-04-12 16:00:00+00:00,2.888,2.937,2.887,2.919,116357.4
2026-04-12 20:00:00+00:00,2.919,2.935,2.882,2.89,138457.0
2026-04-13 00:00:00+00:00,2.89,2.917,2.888,2.91,108323.6
2026-04-13 04:00:00+00:00,2.91,2.933,2.894,2.899,67385.1
2026-04-13 08:00:00+00:00,2.899,2.913,2.887,2.905,123403.3
2026-04-13 12:00:00+00:00,2.905,2.966,2.899,2.926,250714.5
2026-04-13 16:00:00+00:00,2.926,2.988,2.912,2.983,263518.5
2026-04-13 20:00:00+00:00,2.983,3.064,2.95,3.053,418240.2
2026-04-14 00:00:00+00:00,3.053,3.062,3.018,3.044,141680.1
2026-04-14 04:00:00+00:00,3.044,3.054,3.003,3.01,140814.9
2026-04-14 08:00:00+00:00,3.01,3.026,3.005,3.006,130399.7
2026-04-14 12:00:00+00:00,3.006,3.048,2.984,3.001,335205.3
2026-04-14 16:00:00+00:00,3.001,3.013,2.946,2.966,264993.6
2026-04-14 20:00:00+00:00,2.966,2.987,2.957,2.979,104214.9
2026-04-15 00:00:00+00:00,2.979,3.008,2.979,2.99,126816.4
2026-04-15 04:00:00+00:00,2.99,3.018,2.983,2.996,118747.3
2026-04-15 08:00:00+00:00,2.996,3.055,2.995,3.049,228469.6
2026-04-15 12:00:00+00:00,3.049,3.118,3.047,3.08,610749.8
2026-04-15 16:00:00+00:00,3.08,3.271,3.08,3.265,793369.0
2026-04-15 20:00:00+00:00,3.265,3.431,3.226,3.244,1961279.0
2026-04-16 00:00:00+00:00,3.244,3.331,3.214,3.315,713747.1
2026-04-16 04:00:00+00:00,3.315,3.376,3.291,3.366,623605.4
2026-04-16 08:00:00+00:00,3.366,3.376,3.292,3.313,510740.1
2026-04-16 12:00:00+00:00,3.313,3.462,3.284,3.373,1479521.5
2026-04-16 16:00:00+00:00,3.373,3.451,3.319,3.439,678234.8
2026-04-16 20:00:00+00:00,3.439,3.444,3.376,3.401,404156.3
2026-04-17 00:00:00+00:00,3.401,3.438,3.382,3.412,499589.5
2026-04-17 04:00:00+00:00,3.412,3.451,3.343,3.387,564248.4
2026-04-17 08:00:00+00:00,3.387,3.417,3.358,3.387,316988.8
2026-04-17 12:00:00+00:00,3.387,3.5,3.369,3.427,992861.0
2026-04-17 16:00:00+00:00,3.427,3.464,3.37,3.373,471620.6
2026-04-17 20:00:00+00:00,3.373,3.39,3.342,3.362,198118.9
2026-04-18 00:00:00+00:00,3.362,3.368,3.317,3.325,287428.6
2026-04-18 04:00:00+00:00,3.325,3.383,3.32,3.356,175514.1
2026-04-18 08:00:00+00:00,3.356,3.361,3.248,3.268,427821.1
2026-04-18 12:00:00+00:00,3.268,3.3,3.251,3.277,253657.6
2026-04-18 16:00:00+00:00,3.277,3.288,3.202,3.218,408774.0
2026-04-18 20:00:00+00:00,3.218,3.241,3.197,3.201,115080.4
2026-04-19 00:00:00+00:00,3.201,3.208,3.156,3.19,271808.5
2026-04-19 04:00:00+00:00,3.19,3.225,3.188,3.203,223503.0
2026-04-19 08:00:00+00:00,3.203,3.275,3.201,3.271,347457.7
2026-04-19 12:00:00+00:00,3.271,3.339,3.23,3.259,568165.5
2026-04-19 16:00:00+00:00,3.259,3.268,3.208,3.251,228870.2
2026-04-19 20:00:00+00:00,3.251,3.252,3.164,3.177,257861.9
2026-04-20 00:00:00+00:00,3.177,3.277,3.168,3.275,315618.2
2026-04-20 04:00:00+00:00,3.275,3.296,3.213,3.25,298072.9
2026-04-20 08:00:00+00:00,3.25,3.283,3.225,3.271,171175.2
2026-04-20 12:00:00+00:00,3.271,3.315,3.254,3.305,506393.7
2026-04-20 16:00:00+00:00,3.305,3.354,3.28,3.322,311648.9
2026-04-20 20:00:00+00:00,3.322,3.359,3.272,3.278,310129.2
2026-04-21 00:00:00+00:00,3.278,3.308,3.246,3.262,308189.3
2026-04-21 04:00:00+00:00,3.262,3.306,3.252,3.287,106319.6
2026-04-21 08:00:00+00:00,3.287,3.333,3.283,3.312,234707.8
2026-04-21 12:00:00+00:00,3.312,3.315,3.252,3.276,313717.6
2026-04-21 16:00:00+00:00,3.276,3.285,3.2,3.205,396843.4
2026-04-21 20:00:00+00:00,3.205,3.273,3.198,3.262,194985.2
2026-04-22 00:00:00+00:00,3.262,3.321,3.251,3.303,225589.8
2026-04-22 04:00:00+00:00,3.303,3.369,3.298,3.345,341329.3
2026-04-22 08:00:00+00:00,3.345,3.365,3.309,3.33,238080.7
2026-04-22 12:00:00+00:00,3.33,3.373,3.301,3.358,289123.6
2026-04-22 16:00:00+00:00,3.358,3.374,3.319,3.34,247747.7
2026-04-22 20:00:00+00:00,3.34,3.346,3.279,3.28,317792.4
2026-04-23 00:00:00+00:00,3.28,3.304,3.241,3.252,346964.4
2026-04-23 04:00:00+00:00,3.252,3.3,3.247,3.282,199883.2
2026-04-23 08:00:00+00:00,3.282,3.292,3.249,3.266,152995.3
2026-04-23 12:00:00+00:00,3.266,3.352,3.266,3.345,319903.1
2026-04-23 16:00:00+00:00,3.345,3.354,3.26,3.309,499502.9
2026-04-23 20:00:00+00:00,3.309,3.404,3.308,3.379,375569.4
2026-04-24 00:00:00+00:00,3.379,3.399,3.334,3.356,249380.4
2026-04-24 04:00:00+00:00,3.356,3.421,3.349,3.413,338017.7
2026-04-24 08:00:00+00:00,3.413,3.497,3.406,3.484,736188.2
2026-04-24 12:00:00+00:00,3.484,3.498,3.388,3.436,504306.6
2026-04-24 16:00:00+00:00,3.436,3.442,3.401,3.43,238352.5
2026-04-24 20:00:00+00:00,3.43,3.472,3.409,3.426,312167.3
2026-04-25 00:00:00+00:00,3.426,3.481,3.413,3.471,260998.7
2026-04-25 04:00:00+00:00,3.471,3.5,3.436,3.485,242639.7
2026-04-25 08:00:00+00:00,3.485,3.596,3.48,3.544,1003296.5
2026-04-25 12:00:00+00:00,3.544,3.655,3.512,3.603,849181.0
2026-04-25 16:00:00+00:00,3.603,3.646,3.495,3.501,866551.6
2026-04-25 20:00:00+00:00,3.501,3.553,3.499,3.541,308805.8
2026-04-26 00:00:00+00:00,3.541,3.553,3.505,3.546,346026.8
2026-04-26 04:00:00+00:00,3.546,4.013,3.545,3.812,5031950.8
2026-04-26 08:00:00+00:00,3.812,3.82,3.643,3.655,2348367.3
2026-04-26 12:00:00+00:00,3.655,3.668,3.609,3.648,838477.4
2026-04-26 16:00:00+00:00,3.648,3.778,3.629,3.773,956706.3
2026-04-26 20:00:00+00:00,3.773,3.843,3.724,3.737,1357077.9
2026-04-27 00:00:00+00:00,3.737,3.905,3.713,3.823,884254.5
2026-04-27 04:00:00+00:00,3.823,3.91,3.652,3.658,1702174.0
2026-04-27 08:00:00+00:00,3.658,3.682,3.595,3.608,542643.4
2026-04-27 12:00:00+00:00,3.608,3.633,3.529,3.541,816863.7
2026-04-27 16:00:00+00:00,3.541,3.565,3.519,3.532,444941.7
2026-04-27 20:00:00+00:00,3.532,3.592,3.513,3.582,198184.1
2026-04-28 00:00:00+00:00,3.582,3.661,3.569,3.627,364336.9
2026-04-28 04:00:00+00:00,3.627,3.651,3.544,3.584,391877.1
2026-04-28 08:00:00+00:00,3.584,3.624,3.535,3.55,318749.0
2026-04-28 12:00:00+00:00,3.55,3.585,3.522,3.527,445150.0
2026-04-28 16:00:00+00:00,3.527,3.561,3.472,3.557,517048.3
2026-04-28 20:00:00+00:00,3.557,3.608,3.551,3.566,207869.5
2026-04-29 00:00:00+00:00,3.566,3.609,3.553,3.606,219297.5
2026-04-29 04:00:00+00:00,3.606,3.628,3.559,3.562,211519.7
2026-04-29 08:00:00+00:00,3.562,3.621,3.547,3.554,348723.9
2026-04-29 12:00:00+00:00,3.554,3.557,3.438,3.451,546735.3
2026-04-29 16:00:00+00:00,3.451,3.487,3.382,3.437,620922.7
2026-04-29 20:00:00+00:00,3.437,3.481,3.433,3.474,185071.3
2026-04-30 00:00:00+00:00,3.474,3.497,3.423,3.436,166065.9
2026-04-30 04:00:00+00:00,3.436,3.471,3.403,3.47,129170.7
2026-04-30 08:00:00+00:00,3.47,3.483,3.44,3.476,274147.9
2026-04-30 12:00:00+00:00,3.476,3.514,3.428,3.465,290812.8
2026-04-30 16:00:00+00:00,3.465,3.468,3.426,3.427,99196.5
2026-04-30 20:00:00+00:00,3.427,3.433,3.403,3.417,149760.3
2026-05-01 00:00:00+00:00,3.417,3.49,3.417,3.466,131267.9
2026-05-01 04:00:00+00:00,3.466,3.548,3.425,3.528,669173.6
2026-05-01 08:00:00+00:00,3.528,3.608,3.521,3.563,733176.6
2026-05-01 12:00:00+00:00,3.563,3.697,3.563,3.634,717195.8
2026-05-01 16:00:00+00:00,3.634,3.646,3.58,3.638,467074.3
2026-05-01 20:00:00+00:00,3.638,3.7,3.624,3.643,342188.8
2026-05-02 00:00:00+00:00,3.643,3.724,3.634,3.718,316878.1
2026-05-02 04:00:00+00:00,3.718,3.809,3.702,3.756,725153.6
2026-05-02 08:00:00+00:00,3.756,3.892,3.721,3.766,726012.0
2026-05-02 12:00:00+00:00,3.766,3.855,3.737,3.852,517749.9
2026-05-02 16:00:00+00:00,3.852,3.858,3.756,3.814,394932.3
2026-05-02 20:00:00+00:00,3.814,3.821,3.764,3.796,292817.0
2026-05-03 00:00:00+00:00,3.796,3.801,3.715,3.723,279809.1
2026-05-03 04:00:00+00:00,3.723,3.775,3.707,3.756,272311.4
2026-05-03 08:00:00+00:00,3.756,3.764,3.702,3.731,240258.2
2026-05-03 12:00:00+00:00,3.731,3.803,3.727,3.771,353479.0
2026-05-03 16:00:00+00:00,3.771,3.801,3.742,3.745,244998.2
2026-05-03 20:00:00+00:00,3.745,3.765,3.707,3.735,217906.5
2026-05-04 00:00:00+00:00,3.735,3.789,3.712,3.781,358353.7
2026-05-04 04:00:00+00:00,3.781,3.81,3.745,3.792,450349.4
2026-05-04 08:00:00+00:00,3.792,3.794,3.675,3.7,645941.9
2026-05-04 12:00:00+00:00,3.7,3.756,3.667,3.683,468840.3
2026-05-04 16:00:00+00:00,3.683,3.72,3.674,3.679,292040.2
2026-05-04 20:00:00+00:00,3.679,3.713,3.665,3.68,130237.8
2026-05-05 00:00:00+00:00,3.68,3.728,3.676,3.679,256884.3
2026-05-05 04:00:00+00:00,3.679,3.735,3.663,3.717,176498.5
2026-05-05 08:00:00+00:00,3.717,3.8,3.696,3.789,508027.1
2026-05-05 12:00:00+00:00,3.789,3.816,3.727,3.755,354760.4
2026-05-05 16:00:00+00:00,3.755,3.779,3.732,3.776,151958.0
2026-05-05 20:00:00+00:00,3.776,3.866,3.735,3.76,667929.6
2026-05-06 00:00:00+00:00,3.76,3.897,3.744,3.865,686078.1
2026-05-06 04:00:00+00:00,3.865,3.891,3.827,3.862,416041.3
2026-05-06 08:00:00+00:00,3.862,3.917,3.859,3.896,440637.8
2026-05-06 12:00:00+00:00,3.896,3.919,3.809,3.881,414918.7
2026-05-06 16:00:00+00:00,3.881,3.902,3.818,3.852,220162.7
2026-05-06 20:00:00+00:00,3.852,3.908,3.843,3.898,227831.0
2026-05-07 00:00:00+00:00,3.898,3.899,3.781,3.792,243608.4
2026-05-07 04:00:00+00:00,3.792,3.9,3.791,3.883,290860.5
2026-05-07 08:00:00+00:00,3.883,3.912,3.842,3.866,274097.0
2026-05-07 12:00:00+00:00,3.866,3.95,3.792,3.819,658046.4
2026-05-07 16:00:00+00:00,3.819,3.878,3.81,3.857,238189.4
2026-05-07 20:00:00+00:00,3.857,3.886,3.804,3.84,234646.2
2026-05-08 00:00:00+00:00,3.84,3.883,3.8,3.867,198089.2
2026-05-08 04:00:00+00:00,3.867,4.039,3.857,4.029,762329.6
2026-05-08 08:00:00+00:00,4.029,4.097,3.955,4.074,2341226.5
2026-05-08 12:00:00+00:00,4.074,4.2,4.021,4.177,1939831.4
2026-05-08 16:00:00+00:00,4.177,4.256,4.13,4.217,720909.3
2026-05-08 20:00:00+00:00,4.217,4.292,4.184,4.228,527996.8
2026-05-09 00:00:00+00:00,4.228,4.365,4.213,4.302,524837.1
2026-05-09 04:00:00+00:00,4.302,4.332,4.226,4.23,388627.7
2026-05-09 08:00:00+00:00,4.23,4.277,4.218,4.252,472587.0
2026-05-09 12:00:00+00:00,4.252,4.277,4.182,4.192,392857.3
2026-05-09 16:00:00+00:00,4.192,4.229,4.171,4.228,168439.1
2026-05-09 20:00:00+00:00,4.228,4.24,4.194,4.204,98261.9
2026-05-10 00:00:00+00:00,4.204,4.211,4.1,4.115,396500.0
2026-05-10 04:00:00+00:00,4.115,4.138,4.087,4.098,145300.3
2026-05-10 08:00:00+00:00,4.098,4.152,4.096,4.122,190506.7
2026-05-10 12:00:00+00:00,4.122,4.225,4.111,4.221,291864.1
2026-05-10 16:00:00+00:00,4.221,4.396,4.208,4.334,516545.6
2026-05-10 20:00:00+00:00,4.334,4.366,4.175,4.279,495262.6
2026-05-11 00:00:00+00:00,4.279,4.304,4.169,4.214,223879.6
2026-05-11 04:00:00+00:00,4.214,4.306,4.183,4.3,229196.9
2026-05-11 08:00:00+00:00,4.3,4.51,4.288,4.456,1085020.7
2026-05-11 12:00:00+00:00,4.456,4.491,4.294,4.36,1130812.7
2026-05-11 16:00:00+00:00,4.36,4.592,4.336,4.546,1139080.9
2026-05-11 20:00:00+00:00,4.546,4.788,4.51,4.609,1730515.3
2026-05-12 00:00:00+00:00,4.609,4.614,4.514,4.565,665329.0
2026-05-12 04:00:00+00:00,4.565,4.782,4.532,4.686,1377242.4
2026-05-12 08:00:00+00:00,4.686,4.89,4.651,4.833,1640771.5
2026-05-12 12:00:00+00:00,4.833,4.95,4.595,4.654,3611551.1
2026-05-12 16:00:00+00:00,4.654,4.895,4.594,4.811,1542639.4
2026-05-12 20:00:00+00:00,4.811,4.851,4.697,4.786,637061.9
2026-05-13 00:00:00+00:00,4.786,5.179,4.728,5.031,1787482.3
2026-05-13 04:00:00+00:00,5.031,5.509,4.987,5.48,3867271.1
2026-05-13 08:00:00+00:00,5.48,6.073,5.338,5.855,8324428.8
2026-05-13 12:00:00+00:00,5.855,6.005,5.418,5.451,5906838.6
2026-05-13 16:00:00+00:00,5.451,5.475,5.104,5.128,3896225.7
2026-05-13 20:00:00+00:00,5.128,5.191,5.029,5.141,3222689.1
2026-05-14 00:00:00+00:00,5.141,5.16,4.906,4.954,2808738.9
2026-05-14 04:00:00+00:00,4.954,5.324,4.934,4.997,3769246.2
2026-05-14 08:00:00+00:00,4.997,5.328,4.96,5.155,3339561.5
2026-05-14 12:00:00+00:00,5.155,5.241,5.036,5.2,2577777.3
2026-05-14 16:00:00+00:00,5.2,5.325,5.041,5.059,1525457.0
2026-05-14 20:00:00+00:00,5.059,5.272,5.051,5.153,1371590.0
2026-05-15 00:00:00+00:00,5.153,5.284,5.06,5.124,1352418.8
2026-05-15 04:00:00+00:00,5.124,5.163,4.936,5.075,1650140.1
2026-05-15 08:00:00+00:00,5.075,5.208,5.003,5.081,1189800.1
2026-05-15 12:00:00+00:00,5.081,5.088,4.739,4.779,2427638.0
2026-05-15 16:00:00+00:00,4.779,5.004,4.758,4.92,929288.3
2026-05-15 20:00:00+00:00,4.92,4.936,4.851,4.884,476657.3
2026-05-16 00:00:00+00:00,4.884,4.94,4.818,4.83,575204.4
2026-05-16 04:00:00+00:00,4.83,4.83,4.63,4.652,850230.6
2026-05-16 08:00:00+00:00,4.652,4.695,4.545,4.607,798890.4
2026-05-16 12:00:00+00:00,4.607,4.677,4.589,4.648,647405.8
2026-05-16 16:00:00+00:00,4.648,4.821,4.645,4.723,746974.7
2026-05-16 20:00:00+00:00,4.723,4.756,4.69,4.726,349437.2
2026-05-17 00:00:00+00:00,4.726,4.764,4.618,4.735,458940.1
2026-05-17 04:00:00+00:00,4.735,4.978,4.729,4.922,1027653.0
2026-05-17 08:00:00+00:00,4.922,4.943,4.789,4.804,612629.7
2026-05-17 12:00:00+00:00,4.804,4.821,4.678,4.722,427609.2
2026-05-17 16:00:00+00:00,4.722,4.761,4.655,4.749,432769.1
2026-05-17 20:00:00+00:00,4.749,4.786,4.439,4.556,1252194.5
2026-05-18 00:00:00+00:00,4.556,4.684,4.513,4.624,685732.5
2026-05-18 04:00:00+00:00,4.624,4.666,4.549,4.555,828369.8
2026-05-18 08:00:00+00:00,4.555,4.627,4.503,4.574,501211.9
2026-05-18 12:00:00+00:00,4.574,4.718,4.546,4.618,1143669.4
2026-05-18 16:00:00+00:00,4.618,4.766,4.577,4.739,995849.5
2026-05-18 20:00:00+00:00,4.739,5.165,4.714,5.139,1427265.9
2026-05-19 00:00:00+00:00,5.139,5.434,5.062,5.208,4028833.1
2026-05-19 04:00:00+00:00,5.208,5.256,4.968,4.979,1608552.4
2026-05-19 08:00:00+00:00,4.979,5.011,4.854,4.864,1761524.2
2026-05-19 12:00:00+00:00,4.864,4.952,4.825,4.91,1395847.3
2026-05-19 16:00:00+00:00,4.91,5.09,4.875,4.884,1745318.0
2026-05-19 20:00:00+00:00,4.884,4.996,4.879,4.919,893464.3
2026-05-20 00:00:00+00:00,4.919,5.012,4.877,4.984,615199.7
2026-05-20 04:00:00+00:00,4.984,5.097,4.924,4.927,837651.3
2026-05-20 08:00:00+00:00,4.927,5.088,4.907,4.995,1050036.6
2026-05-20 12:00:00+00:00,4.995,5.265,4.957,5.125,1665813.0
2026-05-20 16:00:00+00:00,5.125,5.135,4.967,4.988,1074850.7
2026-05-20 20:00:00+00:00,4.988,5.035,4.745,4.807,1431115.5
2026-05-21 00:00:00+00:00,4.807,4.927,4.79,4.915,673966.2
2026-05-21 04:00:00+00:00,4.915,5.03,4.902,4.92,893510.6
2026-05-21 08:00:00+00:00,4.92,5.019,4.835,4.96,1118552.5
2026-05-21 12:00:00+00:00,4.96,5.11,4.904,4.979,1265805.0
2026-05-21 16:00:00+00:00,4.979,5.345,4.947,5.238,2337846.5
2026-05-21 20:00:00+00:00,5.238,5.333,5.16,5.245,1233369.4
2026-05-22 00:00:00+00:00,5.245,5.264,5.088,5.15,860088.8
2026-05-22 04:00:00+00:00,5.15,5.198,5.047,5.156,664409.1
2026-05-22 08:00:00+00:00,5.156,5.401,5.153,5.385,1091830.6
2026-05-22 12:00:00+00:00,5.385,5.527,5.256,5.304,2244059.1
2026-05-22 16:00:00+00:00,5.304,5.656,5.141,5.238,3480028.8
2026-05-22 20:00:00+00:00,5.238,5.492,5.093,5.17,1551257.1
2026-05-23 00:00:00+00:00,5.17,5.364,5.069,5.254,867960.7
2026-05-23 04:00:00+00:00,5.254,5.256,4.729,4.806,2571234.6
2026-05-23 08:00:00+00:00,4.806,5.001,4.78,4.888,1147424.5
2026-05-23 12:00:00+00:00,4.888,5.315,4.85,5.287,2620238.4
2026-05-23 16:00:00+00:00,5.287,5.445,5.198,5.337,2158611.6
2026-05-23 20:00:00+00:00,5.337,5.525,5.244,5.335,1465718.2
2026-05-24 00:00:00+00:00,5.335,5.348,5.173,5.193,512786.8
2026-05-24 04:00:00+00:00,5.193,5.257,5.084,5.189,567224.4
2026-05-24 08:00:00+00:00,5.189,5.24,5.15,5.186,504429.1
2026-05-24 12:00:00+00:00,5.186,5.245,5.037,5.143,884903.8
2026-05-24 16:00:00+00:00,5.143,5.29,5.126,5.149,611727.9
2026-05-24 20:00:00+00:00,5.149,5.209,5.058,5.131,614159.0
2026-05-25 00:00:00+00:00,5.131,5.173,5.043,5.076,738890.7
2026-05-25 04:00:00+00:00,5.076,5.294,5.042,5.249,848687.7
2026-05-25 08:00:00+00:00,5.249,5.506,5.212,5.503,1172489.1
2026-05-25 12:00:00+00:00,5.503,5.773,5.442,5.659,3531853.6
2026-05-25 16:00:00+00:00,5.659,5.83,5.584,5.657,1238021.9
2026-05-25 20:00:00+00:00,5.657,5.732,5.6,5.667,464946.5
2026-05-26 00:00:00+00:00,5.667,5.761,5.515,5.541,1355032.0
2026-05-26 04:00:00+00:00,5.541,5.733,5.458,5.5,967555.1
2026-05-26 08:00:00+00:00,5.5,5.862,5.45,5.826,1123391.3
2026-05-26 12:00:00+00:00,5.826,6.1,5.741,5.796,2853821.5
2026-05-26 16:00:00+00:00,5.796,5.831,5.572,5.691,1223522.5
2026-05-26 20:00:00+00:00,5.691,5.777,5.644,5.673,722510.1
2026-05-27 00:00:00+00:00,5.673,5.748,5.567,5.667,530643.1
2026-05-27 04:00:00+00:00,5.667,5.87,5.528,5.868,1114722.0
2026-05-27 08:00:00+00:00,5.868,5.985,5.621,5.729,1364465.8
2026-05-27 12:00:00+00:00,5.729,5.862,5.534,5.839,2109193.4
2026-05-27 16:00:00+00:00,5.839,5.847,5.566,5.691,1025168.2
2026-05-27 20:00:00+00:00,5.691,5.703,5.411,5.473,929081.3
2026-05-28 00:00:00+00:00,5.473,5.532,5.322,5.368,1292677.3
2026-05-28 04:00:00+00:00,5.368,5.626,5.283,5.465,1683273.5
2026-05-28 08:00:00+00:00,5.465,5.488,5.317,5.337,1032769.8
2026-05-28 12:00:00+00:00,5.337,5.485,5.248,5.333,1425174.4
2026-05-28 16:00:00+00:00,5.333,5.61,5.251,5.481,1101469.7
2026-05-28 20:00:00+00:00,5.481,5.598,5.401,5.462,1000065.7
2026-05-29 00:00:00+00:00,5.462,5.734,5.462,5.606,1246337.4
2026-05-29 04:00:00+00:00,5.606,6.295,5.566,6.276,2129463.5
2026-05-29 08:00:00+00:00,6.276,6.366,5.925,6.044,2500421.9
2026-05-29 12:00:00+00:00,6.044,6.714,5.929,6.677,4828340.3
2026-05-29 16:00:00+00:00,6.677,6.695,6.293,6.483,2443400.5
2026-05-29 20:00:00+00:00,6.483,6.619,6.335,6.426,996777.0
2026-05-30 00:00:00+00:00,6.426,6.698,6.313,6.555,1054846.2
2026-05-30 04:00:00+00:00,6.555,7.048,6.446,6.615,3218196.5
2026-05-30 08:00:00+00:00,6.615,6.665,6.434,6.617,1302615.2
2026-05-30 12:00:00+00:00,6.617,6.965,6.575,6.935,1236208.7
2026-05-30 16:00:00+00:00,6.935,6.963,6.578,6.632,1054388.7
2026-05-30 20:00:00+00:00,6.632,6.692,6.473,6.589,507625.6
2026-05-31 00:00:00+00:00,6.589,6.607,6.444,6.463,383176.0
2026-05-31 04:00:00+00:00,6.463,6.655,6.436,6.533,555828.9
2026-05-31 08:00:00+00:00,6.533,6.706,6.443,6.692,613303.0
2026-05-31 12:00:00+00:00,6.692,6.746,6.34,6.366,1269422.7
2026-05-31 16:00:00+00:00,6.366,6.452,6.289,6.382,1081653.7
2026-05-31 20:00:00+00:00,6.382,6.645,6.363,6.536,853736.3
2026-06-01 00:00:00+00:00,6.536,6.699,6.413,6.62,680666.2
2026-06-01 04:00:00+00:00,6.62,6.697,6.422,6.449,872887.3
2026-06-01 08:00:00+00:00,6.449,6.764,6.418,6.662,871421.7
2026-06-01 12:00:00+00:00,6.662,6.975,6.556,6.965,2095769.8
2026-06-01 16:00:00+00:00,6.965,7.341,6.926,7.325,2298885.4
2026-06-01 20:00:00+00:00,7.325,7.339,6.778,6.987,1458884.8
2026-06-02 00:00:00+00:00,6.987,7.298,6.833,7.208,1367677.7
2026-06-02 04:00:00+00:00,7.208,7.232,6.899,7.112,880872.0
2026-06-02 08:00:00+00:00,7.112,7.341,6.978,7.114,927711.6
2026-06-02 12:00:00+00:00,7.114,7.246,6.744,6.786,1586331.1
2026-06-02 16:00:00+00:00,6.786,7.03,6.445,6.625,2027785.2
2026-06-02 20:00:00+00:00,6.625,6.761,6.459,6.581,907216.6
2026-06-03 00:00:00+00:00,6.581,6.691,6.321,6.387,663522.7
2026-06-03 04:00:00+00:00,6.387,6.982,6.383,6.948,1417061.2
2026-06-03 08:00:00+00:00,6.948,6.962,6.593,6.623,893154.7
2026-06-03 12:00:00+00:00,6.623,6.92,6.565,6.705,919094.4
2026-06-03 16:00:00+00:00,6.705,6.715,6.431,6.526,1018789.4
2026-06-03 20:00:00+00:00,6.526,6.77,6.41,6.511,570338.6
2026-06-04 00:00:00+00:00,6.511,6.58,5.951,6.4,1881412.7
2026-06-04 04:00:00+00:00,6.4,6.42,6.09,6.15,888951.4
2026-06-04 08:00:00+00:00,6.15,6.218,5.8,5.867,1612112.2
2026-06-04 12:00:00+00:00,5.867,5.955,5.634,5.718,1410326.0
2026-06-04 16:00:00+00:00,5.718,5.861,5.505,5.521,1029955.9
2026-06-04 20:00:00+00:00,5.521,5.53,5.266,5.401,1036979.7
2026-06-05 00:00:00+00:00,5.401,5.523,5.207,5.265,1785734.2
2026-06-05 04:00:00+00:00,5.265,5.425,5.008,5.157,1924480.1
2026-06-05 08:00:00+00:00,5.157,5.162,4.874,4.913,1061877.9
2026-06-05 12:00:00+00:00,4.913,5.342,4.851,4.956,2872365.9
2026-06-05 16:00:00+00:00,4.956,5.156,4.774,4.953,1155274.9
2026-06-05 20:00:00+00:00,4.953,5.275,4.902,5.156,753314.9
2026-06-06 00:00:00+00:00,5.156,5.229,5.03,5.073,335961.8
2026-06-06 04:00:00+00:00,5.073,5.245,4.84,5.233,1012884.5
2026-06-06 08:00:00+00:00,5.233,5.433,5.124,5.203,1225529.8
2026-06-06 12:00:00+00:00,5.203,5.222,5.04,5.096,1058027.0
2026-06-06 16:00:00+00:00,5.096,5.145,5.009,5.026,522178.8
2026-06-06 20:00:00+00:00,5.026,5.18,5.005,5.163,269464.1
2026-06-07 00:00:00+00:00,5.163,5.338,5.117,5.289,542206.5
2026-06-07 04:00:00+00:00,5.289,5.427,5.262,5.293,693449.3
2026-06-07 08:00:00+00:00,5.293,5.399,5.173,5.189,562275.4
2026-06-07 12:00:00+00:00,5.189,5.403,5.083,5.326,645565.1
2026-06-07 16:00:00+00:00,5.326,5.425,5.173,5.195,514499.2
2026-06-07 20:00:00+00:00,5.195,5.581,5.173,5.426,517297.8
2026-06-08 00:00:00+00:00,5.426,5.675,5.4,5.556,480209.6
2026-06-08 04:00:00+00:00,5.556,5.571,5.355,5.558,423732.2
2026-06-08 08:00:00+00:00,5.558,5.689,5.436,5.648,618934.8
2026-06-08 12:00:00+00:00,5.648,5.737,5.554,5.642,933722.4
2026-06-08 16:00:00+00:00,5.642,5.925,5.57,5.717,1094316.5
2026-06-08 20:00:00+00:00,5.717,5.848,5.62,5.655,692308.8
2026-06-09 00:00:00+00:00,5.655,5.664,5.431,5.475,453011.2
2026-06-09 04:00:00+00:00,5.475,5.698,5.455,5.659,315018.8
2026-06-09 08:00:00+00:00,5.659,5.806,5.573,5.773,496688.9
2026-06-09 12:00:00+00:00,5.773,5.839,5.494,5.509,820081.1
2026-06-09 16:00:00+00:00,5.509,5.634,5.406,5.615,649104.0
2026-06-09 20:00:00+00:00,5.615,5.694,5.492,5.536,345072.1
2026-06-10 00:00:00+00:00,5.536,5.577,5.332,5.34,337014.2
2026-06-10 04:00:00+00:00,5.34,5.371,5.245,5.259,421518.3
2026-06-10 08:00:00+00:00,5.259,5.302,5.04,5.06,1412781.0
2026-06-10 12:00:00+00:00,5.06,5.361,5.026,5.313,1081376.1
2026-06-10 16:00:00+00:00,5.313,5.341,5.043,5.046,546644.5
2026-06-10 20:00:00+00:00,5.046,5.079,4.881,4.936,631947.9
2026-06-11 00:00:00+00:00,4.936,5.448,4.934,5.242,1252937.0
2026-06-11 04:00:00+00:00,5.242,5.342,5.184,5.268,677853.4
2026-06-11 08:00:00+00:00,5.268,5.308,5.152,5.26,611859.0
2026-06-11 12:00:00+00:00,5.26,5.311,5.132,5.159,561010.6
2026-06-11 16:00:00+00:00,5.159,5.385,5.047,5.335,1097189.5
2026-06-11 20:00:00+00:00,5.335,5.498,5.248,5.401,813306.0
2026-06-12 00:00:00+00:00,5.401,5.64,5.373,5.543,508320.8
2026-06-12 04:00:00+00:00,5.543,5.619,5.349,5.403,477858.2
2026-06-12 08:00:00+00:00,5.403,5.474,5.327,5.332,462658.9
2026-06-12 12:00:00+00:00,5.332,5.392,5.101,5.112,1095185.3
2026-06-12 16:00:00+00:00,5.112,5.178,5.035,5.125,1111234.7
2026-06-12 20:00:00+00:00,5.125,5.198,5.077,5.078,355429.2
2026-06-13 00:00:00+00:00,5.078,5.157,5.051,5.114,292891.1
2026-06-13 04:00:00+00:00,5.114,5.458,5.029,5.32,1360958.7
2026-06-13 08:00:00+00:00,5.32,5.355,5.225,5.252,486894.3
2026-06-13 12:00:00+00:00,5.252,5.347,5.242,5.293,357323.1
2026-06-13 16:00:00+00:00,5.293,5.294,5.155,5.189,325956.5
2026-06-13 20:00:00+00:00,5.189,5.295,5.148,5.27,211140.1
2026-06-14 00:00:00+00:00,5.27,5.283,5.19,5.209,198663.6
2026-06-14 04:00:00+00:00,5.209,5.21,5.102,5.132,221205.2
2026-06-14 08:00:00+00:00,5.132,5.181,5.092,5.127,366904.5
2026-06-14 12:00:00+00:00,5.127,5.148,4.98,5.027,610011.0
2026-06-14 16:00:00+00:00,5.027,5.107,4.892,4.977,944507.9
2026-06-14 20:00:00+00:00,4.977,5.255,4.97,5.227,532459.7
2026-06-15 00:00:00+00:00,5.227,5.251,5.076,5.169,249147.2
2026-06-15 04:00:00+00:00,5.169,5.304,5.154,5.235,415532.7
2026-06-15 08:00:00+00:00,5.235,5.556,5.176,5.487,1217239.8
2026-06-15 12:00:00+00:00,5.487,5.736,5.397,5.642,1241228.5
2026-06-15 16:00:00+00:00,5.642,5.752,5.554,5.607,1149851.0
2026-06-15 20:00:00+00:00,5.607,5.733,5.493,5.575,557920.0
2026-06-16 00:00:00+00:00,5.575,5.712,5.444,5.706,348273.9
2026-06-16 04:00:00+00:00,5.706,5.857,5.548,5.812,648212.5
2026-06-16 08:00:00+00:00,5.812,6.103,5.751,6.019,1310895.3
2026-06-16 12:00:00+00:00,6.019,6.026,5.57,5.624,1693405.0
2026-06-16 16:00:00+00:00,5.624,5.745,5.521,5.689,1095750.4
2026-06-16 20:00:00+00:00,5.689,5.746,5.524,5.544,447465.7
2026-06-17 00:00:00+00:00,5.544,5.703,5.523,5.607,290842.4
2026-06-17 04:00:00+00:00,5.607,5.673,5.47,5.514,362616.4
2026-06-17 08:00:00+00:00,5.514,5.526,5.366,5.414,2076086.4
2026-06-17 12:00:00+00:00,5.414,5.534,5.329,5.531,1044285.0
2026-06-17 16:00:00+00:00,5.531,5.623,5.36,5.378,1016992.2
2026-06-17 20:00:00+00:00,5.378,5.528,5.271,5.444,584509.6
2026-06-18 00:00:00+00:00,5.444,5.531,5.273,5.277,291053.5
2026-06-18 04:00:00+00:00,5.277,5.295,5.193,5.263,432177.1
2026-06-18 08:00:00+00:00,5.263,5.311,5.174,5.194,319308.2
2026-06-18 12:00:00+00:00,5.194,5.295,5.051,5.089,617541.0
2026-06-18 16:00:00+00:00,5.089,5.227,5.068,5.214,441000.9
2026-06-18 20:00:00+00:00,5.214,5.419,5.214,5.401,333437.0
2026-06-19 00:00:00+00:00,5.401,5.402,5.095,5.105,387288.4
2026-06-19 04:00:00+00:00,5.105,5.132,5.029,5.065,385190.6
2026-06-19 08:00:00+00:00,5.065,5.117,5.029,5.04,367836.6
2026-06-19 12:00:00+00:00,5.04,5.164,4.981,5.125,480127.0
2026-06-19 16:00:00+00:00,5.125,5.137,5.022,5.067,340197.2
2026-06-19 20:00:00+00:00,5.067,5.149,5.024,5.13,202065.2
2026-06-20 00:00:00+00:00,5.13,5.153,5.042,5.071,259330.7
2026-06-20 04:00:00+00:00,5.071,5.179,5.06,5.085,181568.3
2026-06-20 08:00:00+00:00,5.085,5.159,5.06,5.07,278697.4
2026-06-20 12:00:00+00:00,5.07,5.111,4.873,5.011,1114203.6
2026-06-20 16:00:00+00:00,5.011,5.069,4.948,4.99,222994.1
2026-06-20 20:00:00+00:00,4.99,5.088,4.973,5.052,142039.4
2026-06-21 00:00:00+00:00,5.052,5.079,4.989,5.076,158617.5
2026-06-21 04:00:00+00:00,5.076,5.126,5.007,5.018,180964.7
2026-06-21 08:00:00+00:00,5.018,5.088,4.964,4.977,249637.6
2026-06-21 12:00:00+00:00,4.977,5.024,4.947,5.001,307393.2
2026-06-21 16:00:00+00:00,5.001,5.001,4.875,4.956,317227.4
2026-06-21 20:00:00+00:00,4.956,4.959,4.744,4.817,924591.2
2026-06-22 00:00:00+00:00,4.817,5.025,4.817,4.9,452003.1
2026-06-22 04:00:00+00:00,4.9,4.938,4.863,4.908,258264.4
2026-06-22 08:00:00+00:00,4.908,4.945,4.872,4.942,261227.9
2026-06-22 12:00:00+00:00,4.942,5.015,4.81,4.823,579923.8
2026-06-22 16:00:00+00:00,4.823,4.91,4.785,4.85,341788.8
2026-06-22 20:00:00+00:00,4.85,4.879,4.758,4.815,293311.6
2026-06-23 00:00:00+00:00,4.815,4.838,4.747,4.838,211953.3
2026-06-23 04:00:00+00:00,4.838,4.869,4.553,4.605,1241877.4
2026-06-23 08:00:00+00:00,4.605,4.634,4.52,4.602,283212.2
2026-06-23 12:00:00+00:00,4.602,4.613,4.503,4.529,307927.5
2026-06-23 16:00:00+00:00,4.529,4.581,4.501,4.565,174230.3
2026-06-23 20:00:00+00:00,4.565,4.623,4.522,4.542,190267.4
2026-06-24 00:00:00+00:00,4.542,4.583,4.474,4.516,292648.9
2026-06-24 04:00:00+00:00,4.516,4.546,4.46,4.514,148734.9
2026-06-24 08:00:00+00:00,4.514,4.53,4.269,4.33,831629.4
2026-06-24 12:00:00+00:00,4.33,4.393,4.245,4.262,687222.1
2026-06-24 16:00:00+00:00,4.262,4.334,4.122,4.247,837921.0
2026-06-24 20:00:00+00:00,4.247,4.348,4.203,4.262,368292.4
2026-06-25 00:00:00+00:00,4.262,4.269,4.154,4.154,230227.6
2026-06-25 04:00:00+00:00,4.154,4.286,4.147,4.255,581004.3
2026-06-25 08:00:00+00:00,4.255,4.284,4.145,4.167,389265.4
2026-06-25 12:00:00+00:00,4.167,4.337,4.028,4.218,1404170.6
2026-06-25 16:00:00+00:00,4.218,4.259,4.099,4.196,652940.0
2026-06-25 20:00:00+00:00,4.196,4.322,4.191,4.273,298959.4
2026-06-26 00:00:00+00:00,4.273,4.455,4.172,4.442,1433647.1
2026-06-26 04:00:00+00:00,4.442,4.508,4.342,4.482,518870.2
2026-06-26 08:00:00+00:00,4.482,4.592,4.44,4.468,769555.7
2026-06-26 12:00:00+00:00,4.468,4.728,4.468,4.701,904762.8
2026-06-26 16:00:00+00:00,4.701,4.912,4.665,4.816,1225754.0
2026-06-26 20:00:00+00:00,4.816,4.904,4.723,4.869,472013.4
2026-06-27 00:00:00+00:00,4.869,4.966,4.836,4.858,391014.9
2026-06-27 04:00:00+00:00,4.858,5.045,4.793,5.039,647734.3
2026-06-27 08:00:00+00:00,5.039,5.074,4.814,4.855,646726.1
2026-06-27 12:00:00+00:00,4.855,4.98,4.839,4.891,350105.9
2026-06-27 16:00:00+00:00,4.891,4.896,4.727,4.752,564317.2
2026-06-27 20:00:00+00:00,4.752,4.813,4.615,4.63,568707.0
2026-06-28 00:00:00+00:00,4.63,4.704,4.624,4.691,176974.5
2026-06-28 04:00:00+00:00,4.691,4.777,4.63,4.731,281107.8
2026-06-28 08:00:00+00:00,4.731,4.757,4.667,4.686,192516.5
2026-06-28 12:00:00+00:00,4.686,4.693,4.598,4.622,213912.4
2026-06-28 16:00:00+00:00,4.622,4.623,4.555,4.586,306751.7
2026-06-28 20:00:00+00:00,4.586,4.626,4.507,4.55,325265.7
2026-06-29 00:00:00+00:00,4.55,4.633,4.527,4.618,228180.2
2026-06-29 04:00:00+00:00,4.618,4.721,4.564,4.7,248950.3
2026-06-29 08:00:00+00:00,4.7,4.757,4.637,4.657,337694.1
2026-06-29 12:00:00+00:00,4.657,4.85,4.626,4.814,516156.2
2026-06-29 16:00:00+00:00,4.814,4.824,4.7,4.711,338342.5
2026-06-29 20:00:00+00:00,4.711,4.729,4.674,4.727,159984.1
2026-06-30 00:00:00+00:00,4.727,4.773,4.645,4.728,196022.0
2026-06-30 04:00:00+00:00,4.728,4.81,4.674,4.704,208427.8
2026-06-30 08:00:00+00:00,4.704,4.706,4.562,4.592,265495.9
2026-06-30 12:00:00+00:00,4.592,4.646,4.512,4.591,392231.6
2026-06-30 16:00:00+00:00,4.591,4.702,4.569,4.638,192699.2
2026-06-30 20:00:00+00:00,4.638,4.698,4.535,4.548,200816.5
2026-07-01 00:00:00+00:00,4.548,4.751,4.475,4.703,332573.7
2026-07-01 04:00:00+00:00,4.703,4.732,4.613,4.627,138825.5
2026-07-01 08:00:00+00:00,4.627,4.684,4.583,4.673,256097.3
2026-07-01 12:00:00+00:00,4.673,4.834,4.639,4.821,498416.2
2026-07-01 16:00:00+00:00,4.821,4.873,4.695,4.704,271712.2
2026-07-01 20:00:00+00:00,4.704,4.802,4.447,4.487,1218830.2
2026-07-02 00:00:00+00:00,4.487,4.593,4.422,4.588,564726.2
2026-07-02 04:00:00+00:00,4.588,4.632,4.495,4.598,371701.1
2026-07-02 08:00:00+00:00,4.598,4.605,4.506,4.545,429220.2
2026-07-02 12:00:00+00:00,4.545,4.728,4.534,4.601,743999.6
2026-07-02 16:00:00+00:00,4.601,4.659,4.583,4.634,215250.0
2026-07-02 20:00:00+00:00,4.634,4.668,4.59,4.621,262496.7
2026-07-03 00:00:00+00:00,4.621,4.817,4.619,4.74,282322.7
2026-07-03 04:00:00+00:00,4.74,4.787,4.69,4.762,213696.2
2026-07-03 08:00:00+00:00,4.762,4.927,4.748,4.916,304159.0
2026-07-03 12:00:00+00:00,4.916,4.932,4.811,4.853,436718.8
2026-07-03 16:00:00+00:00,4.853,4.932,4.822,4.865,255388.7
2026-07-03 20:00:00+00:00,4.865,4.908,4.842,4.861,177666.6
2026-07-04 00:00:00+00:00,4.861,4.946,4.782,4.899,325997.3
2026-07-04 04:00:00+00:00,4.899,4.932,4.764,4.803,390229.6
2026-07-04 08:00:00+00:00,4.803,4.818,4.736,4.783,231487.8
2026-07-04 12:00:00+00:00,4.783,4.868,4.756,4.859,233184.2
2026-07-04 16:00:00+00:00,4.859,4.883,4.798,4.853,211918.8
2026-07-04 20:00:00+00:00,4.853,4.87,4.782,4.806,163349.0
2026-07-05 00:00:00+00:00,4.806,4.811,4.669,4.713,275249.1
2026-07-05 04:00:00+00:00,4.713,4.742,4.676,4.732,156021.1
2026-07-05 08:00:00+00:00,4.732,4.732,4.584,4.642,348795.3
2026-07-05 12:00:00+00:00,4.642,4.691,4.616,4.659,212408.0
2026-07-05 16:00:00+00:00,4.659,4.705,4.623,4.683,209910.2
2026-07-05 20:00:00+00:00,4.683,4.831,4.677,4.812,240319.5
2026-07-06 00:00:00+00:00,4.812,4.893,4.737,4.893,365734.7
2026-07-06 04:00:00+00:00,4.893,4.899,4.748,4.841,361715.0
2026-07-06 08:00:00+00:00,4.841,4.879,4.758,4.792,250658.9
2026-07-06 12:00:00+00:00,4.792,4.89,4.668,4.878,691412.0
2026-07-06 16:00:00+00:00,4.878,4.984,4.833,4.889,539118.3
2026-07-06 20:00:00+00:00,4.889,4.952,4.807,4.813,281571.1
2026-07-07 00:00:00+00:00,4.813,4.847,4.734,4.747,149104.7
2026-07-07 04:00:00+00:00,4.747,4.787,4.719,4.755,210990.1
2026-07-07 08:00:00+00:00,4.755,4.78,4.725,4.759,215902.2
2026-07-07 12:00:00+00:00,4.759,4.867,4.668,4.867,634929.7
2026-07-07 16:00:00+00:00,4.867,4.886,4.681,4.752,425358.4
2026-07-07 20:00:00+00:00,4.752,4.772,4.621,4.72,217005.5
2026-07-08 00:00:00+00:00,4.72,4.772,4.63,4.67,237141.8
2026-07-08 04:00:00+00:00,4.67,4.735,4.611,4.732,243297.8
2026-07-08 08:00:00+00:00,4.732,4.766,4.561,4.611,449731.9
2026-07-08 12:00:00+00:00,4.611,4.67,4.526,4.667,426520.8
2026-07-08 16:00:00+00:00,4.667,4.743,4.607,4.644,342015.7
2026-07-08 20:00:00+00:00,4.644,4.738,4.604,4.734,140012.1
2026-07-09 00:00:00+00:00,4.734,4.876,4.699,4.799,540051.7
2026-07-09 04:00:00+00:00,4.799,4.843,4.724,4.829,228382.0
2026-07-09 08:00:00+00:00,4.829,4.878,4.791,4.848,269106.0
2026-07-09 12:00:00+00:00,4.848,4.928,4.826,4.866,436032.3
2026-07-09 16:00:00+00:00,4.866,4.964,4.851,4.867,350433.4
2026-07-09 20:00:00+00:00,4.867,4.96,4.793,4.829,357669.8
2026-07-10 00:00:00+00:00,4.829,4.933,4.804,4.855,169033.3
2026-07-10 04:00:00+00:00,4.855,4.868,4.78,4.793,216552.1
2026-07-10 08:00:00+00:00,4.793,4.951,4.789,4.888,277201.1
2026-07-10 12:00:00+00:00,4.888,4.919,4.782,4.835,302753.1
2026-07-10 16:00:00+00:00,4.835,4.895,4.814,4.88,159275.6
2026-07-10 20:00:00+00:00,4.88,5.024,4.864,5.011,317569.0
2026-07-11 00:00:00+00:00,5.011,5.082,4.923,5.035,287482.4
2026-07-11 04:00:00+00:00,5.035,5.126,4.967,5.088,316632.4
2026-07-11 08:00:00+00:00,5.088,5.169,5.002,5.045,378548.6
2026-07-11 12:00:00+00:00,5.045,5.096,4.998,5.04,328085.2
2026-07-11 16:00:00+00:00,5.04,5.04,4.922,5.031,323389.5
2026-07-11 20:00:00+00:00,5.031,5.076,4.927,4.927,279528.3
2026-07-12 00:00:00+00:00,4.927,4.971,4.844,4.939,327062.4
2026-07-12 04:00:00+00:00,4.939,4.973,4.871,4.904,216523.4
2026-07-12 08:00:00+00:00,4.904,4.956,4.858,4.911,176204.0
2026-07-12 12:00:00+00:00,4.911,4.937,4.827,4.897,280029.6
2026-07-12 16:00:00+00:00,4.897,4.934,4.858,4.892,120490.2
2026-07-12 20:00:00+00:00,4.892,4.91,4.789,4.869,237801.6
2026-07-13 00:00:00+00:00,4.869,4.959,4.698,4.709,361069.2
2026-07-13 04:00:00+00:00,4.709,4.766,4.682,4.743,215033.4
2026-07-13 08:00:00+00:00,4.743,4.781,4.728,4.752,93025.5
2026-07-13 12:00:00+00:00,4.752,4.785,4.702,4.723,294331.5
2026-07-13 16:00:00+00:00,4.723,4.731,4.653,4.676,238642.9
2026-07-13 20:00:00+00:00,4.676,4.701,4.61,4.672,191615.8
2026-07-14 00:00:00+00:00,4.672,4.813,4.661,4.772,276076.5
2026-07-14 04:00:00+00:00,4.772,5.085,4.771,4.974,575508.2
2026-07-14 08:00:00+00:00,4.974,5.042,4.922,5.005,360060.0
2026-07-14 12:00:00+00:00,5.005,5.113,4.959,5.009,722061.4
2026-07-14 16:00:00+00:00,5.009,5.039,4.974,5.014,225436.4
2026-07-14 20:00:00+00:00,5.014,5.073,4.984,5.051,174248.0
2026-07-15 00:00:00+00:00,5.051,5.062,4.956,4.977,175286.3
2026-07-15 04:00:00+00:00,4.977,5.024,4.891,4.914,251036.7
2026-07-15 08:00:00+00:00,4.914,5.049,4.894,5.046,229528.0
2026-07-15 12:00:00+00:00,5.046,5.214,5.044,5.152,689720.2
2026-07-15 16:00:00+00:00,5.152,5.155,5.053,5.087,337965.3
2026-07-15 20:00:00+00:00,5.087,5.169,5.074,5.091,187729.4
2026-07-16 00:00:00+00:00,5.091,5.176,5.072,5.123,228271.1
2026-07-16 04:00:00+00:00,5.123,5.229,5.095,5.136,364986.5
2026-07-16 08:00:00+00:00,5.136,5.138,5.003,5.022,352682.0
2026-07-16 12:00:00+00:00,5.022,5.112,4.994,5.051,399468.2
2026-07-16 16:00:00+00:00,5.051,5.056,4.951,4.972,299925.4
2026-07-16 20:00:00+00:00,4.972,5.027,4.851,4.858,221146.2
2026-07-17 00:00:00+00:00,4.858,4.901,4.829,4.848,198168.6
2026-07-17 04:00:00+00:00,4.848,4.957,4.813,4.895,322025.9
2026-07-17 08:00:00+00:00,4.895,4.956,4.842,4.927,233613.7
2026-07-17 12:00:00+00:00,4.927,5.104,4.864,5.095,787367.2
2026-07-17 16:00:00+00:00,5.095,5.105,5.033,5.06,261329.0
2026-07-17 20:00:00+00:00,5.06,5.145,5.043,5.143,137691.6
2026-07-18 00:00:00+00:00,5.143,5.221,5.133,5.206,351371.5
2026-07-18 04:00:00+00:00,5.206,5.207,5.033,5.057,286522.9
2026-07-18 08:00:00+00:00,5.057,5.138,5.014,5.117,229988.9
2026-07-18 12:00:00+00:00,5.117,5.182,5.076,5.093,380695.4
2026-07-18 16:00:00+00:00,5.093,5.192,5.093,5.141,227636.6
2026-07-18 20:00:00+00:00,5.141,5.176,5.111,5.16,133334.4
2026-07-19 00:00:00+00:00,5.16,5.213,5.071,5.073,246097.4
2026-07-19 04:00:00+00:00,5.073,5.123,5.062,5.091,102215.9
2026-07-19 08:00:00+00:00,5.091,5.096,5.045,5.05,122385.0
2026-07-19 12:00:00+00:00,5.05,5.141,5.027,5.106,264694.6
2026-07-19 16:00:00+00:00,5.106,5.149,5.044,5.139,175854.8
2026-07-19 20:00:00+00:00,5.139,5.175,5.089,5.106,181121.8
2026-07-20 00:00:00+00:00,5.106,5.193,5.093,5.134,189436.3
2026-07-20 04:00:00+00:00,5.134,5.162,5.074,5.131,154884.1
2026-07-20 08:00:00+00:00,5.131,5.303,5.094,5.301,797237.2
2026-07-20 12:00:00+00:00,5.301,5.329,5.224,5.305,562431.5
2026-07-20 16:00:00+00:00,5.305,5.482,5.275,5.407,716912.9
2026-07-20 20:00:00+00:00,5.407,5.412,5.326,5.344,312877.8
2026-07-21 00:00:00+00:00,5.344,5.393,5.312,5.382,220743.4
2026-07-21 04:00:00+00:00,5.382,5.396,5.321,5.358,191276.5
2026-07-21 08:00:00+00:00,5.358,5.408,5.337,5.386,279953.3
2026-07-21 12:00:00+00:00,5.386,5.391,5.268,5.274,465992.5
2026-07-21 16:00:00+00:00,5.274,5.347,5.263,5.312,186544.8
2026-07-21 20:00:00+00:00,5.312,5.349,5.292,5.299,115291.3
2026-07-22 00:00:00+00:00,5.299,5.393,5.286,5.367,181080.9
2026-07-22 04:00:00+00:00,5.367,5.424,5.163,5.193,672424.6
2026-07-22 08:00:00+00:00,5.193,5.271,5.182,5.224,275044.9
2026-07-22 12:00:00+00:00,5.224,5.264,5.2,5.215,291351.0
2026-07-22 16:00:00+00:00,5.215,5.257,5.152,5.158,239360.2
2026-07-22 20:00:00+00:00,5.158,5.199,5.129,5.167,240841.1
2026-07-23 00:00:00+00:00,5.167,5.17,5.075,5.111,266807.4
2026-07-23 04:00:00+00:00,5.111,5.174,5.084,5.127,316229.9
2026-07-23 08:00:00+00:00,5.127,5.203,5.111,5.167,234255.0
2026-07-23 12:00:00+00:00,5.167,5.207,5.101,5.149,334966.8
2026-07-23 16:00:00+00:00,5.149,5.168,5.09,5.122,294790.8
2026-07-23 20:00:00+00:00,5.122,5.196,5.121,5.173,214995.1
2026-07-24 00:00:00+00:00,5.173,5.4,5.169,5.356,481313.3
2026-07-24 04:00:00+00:00,5.356,5.45,5.334,5.421,400449.5
2026-07-24 08:00:00+00:00,5.421,5.425,5.287,5.339,426724.9
2026-07-24 12:00:00+00:00,5.339,5.369,5.103,5.244,857417.2
2026-07-24 16:00:00+00:00,5.244,5.266,5.135,5.192,274194.2
2026-07-24 20:00:00+00:00,5.192,5.203,5.131,5.166,142425.3
2026-07-25 00:00:00+00:00,5.166,5.313,5.16,5.283,201184.8
2026-07-25 04:00:00+00:00,5.283,5.348,5.182,5.196,388186.9
2026-07-25 08:00:00+00:00,5.196,5.244,5.15,5.15,420605.1
2026-07-25 12:00:00+00:00,5.15,5.162,5.095,5.116,323597.5
2026-07-25 16:00:00+00:00,5.116,5.122,5.01,5.046,589348.3
2026-07-25 20:00:00+00:00,5.046,5.102,5.027,5.076,121256.9
2026-07-26 00:00:00+00:00,5.076,5.104,5.038,5.051,175074.4
2026-07-26 04:00:00+00:00,5.051,5.08,4.844,4.914,794903.3
2026-07-26 08:00:00+00:00,4.914,4.962,4.882,4.923,343967.4
2026-07-26 12:00:00+00:00,4.923,4.994,4.909,4.991,222261.0
2026-07-26 16:00:00+00:00,4.991,4.994,4.858,4.877,435878.5
2026-07-26 20:00:00+00:00,4.877,5.03,4.856,5.009,370384.7
2026-07-27 00:00:00+00:00,5.009,5.009,4.908,4.923,261995.6
2026-07-27 04:00:00+00:00,4.923,4.948,4.896,4.91,255046.9
2026-07-27 08:00:00+00:00,4.91,4.968,4.869,4.913,572510.5
2026-07-27 12:00:00+00:00,4.913,4.956,4.781,4.812,703165.9
2026-07-27 16:00:00+00:00,4.812,4.89,4.796,4.835,175540.6
2026-07-27 20:00:00+00:00,4.835,4.842,4.712,4.726,340858.9
2026-07-28 00:00:00+00:00,4.726,4.765,4.692,4.73,385370.2
2026-07-28 04:00:00+00:00,4.73,4.739,4.627,4.644,312872.2
2026-07-28 08:00:00+00:00,4.644,4.653,4.582,4.616,370456.5
2026-07-28 12:00:00+00:00,4.616,4.683,4.572,4.651,518460.0
2026-07-28 16:00:00+00:00,4.651,4.654,4.525,4.608,755969.9
2026-07-28 20:00:00+00:00,4.608,4.634,4.591,4.628,717691.1
2026-07-29 00:00:00+00:00,4.628,4.647,4.591,4.592,527003.2
2026-07-29 04:00:00+00:00,4.592,4.594,4.465,4.499,926732.9
2026-07-29 08:00:00+00:00,4.499,4.656,4.48,4.582,803714.6
2026-07-29 12:00:00+00:00,4.582,4.606,4.521,4.554,274424.5
2026-07-29 16:00:00+00:00,4.554,4.673,4.517,4.535,459469.9
2026-07-29 20:00:00+00:00,4.535,4.622,4.484,4.602,350823.0
2026-07-30 00:00:00+00:00,4.602,4.692,4.578,4.654,202179.5
2026-07-30 04:00:00+00:00,4.654,4.831,4.628,4.804,453406.7
2026-07-30 08:00:00+00:00,4.804,4.855,4.759,4.825,316052.7
2026-07-30 12:00:00+00:00,4.825,4.855,4.765,4.818,300213.9
2026-07-30 16:00:00+00:00,4.818,4.849,4.795,4.799,244695.7
2026-07-30 20:00:00+00:00,4.799,5.015,4.759,5.007,543754.2
2026-07-31 00:00:00+00:00,5.007,5.091,4.89,4.924,371588.6
2026-07-31 04:00:00+00:00,4.924,4.981,4.886,4.904,305175.0
2026-07-31 08:00:00+00:00,4.904,4.926,4.821,4.844,449542.1
2026-07-31 12:00:00+00:00,4.844,4.885,4.802,4.817,567556.9
2026-07-31 16:00:00+00:00,4.817,4.871,4.776,4.779,231193.9
2026-07-31 20:00:00+00:00,4.779,4.888,4.756,4.864,272963.5
2026-08-01 00:00:00+00:00,4.864,4.914,4.813,4.855,247044.1
2026-08-01 04:00:00+00:00,4.855,4.866,4.812,4.847,105392.8
2026-08-01 08:00:00+00:00,4.847,4.934,4.837,4.901,199128.2
2026-08-01 12:00:00+00:00,4.901,4.954,4.882,4.9,245508.9
2026-08-01 16:00:00+00:00,4.9,4.948,4.835,4.896,485325.2
2026-08-01 20:00:00+00:00,4.896,4.944,4.864,4.865,142455.1
2026-08-02 00:00:00+00:00,4.865,4.944,4.853,4.9,119051.3
2026-08-02 04:00:00+00:00,4.9,4.98,4.888,4.923,220270.9
2026-08-02 08:00:00+00:00,4.923,4.965,4.897,4.928,188904.3
2026-08-02 12:00:00+00:00,4.928,5.007,4.901,4.983,277508.3
2026-08-02 16:00:00+00:00,4.983,5.16,4.975,5.156,934147.5
2026-08-02 20:00:00+00:00,5.156,5.16,5.06,5.073,293521.8
2026-08-03 00:00:00+00:00,5.073,5.081,4.988,5.03,267179.5
2026-08-03 04:00:00+00:00,5.03,5.045,4.917,4.918,245010.7
2026-08-03 08:00:00+00:00,4.918,4.984,4.903,4.937,203453.4
2026-08-03 12:00:00+00:00,4.937,4.997,4.922,4.979,297417.3
2026-08-03 16:00:00+00:00,4.979,5.029,4.97,5.024,252792.0
2026-08-03 20:00:00+00:00,5.024,5.046,4.929,4.953,327711.2
2026-08-04 00:00:00+00:00,4.953,5.035,4.918,5.02,261161.5
2026-08-04 04:00:00+00:00,5.02,5.033,4.972,4.998,145358.4
2026-08-04 08:00:00+00:00,4.998,5.015,4.938,4.945,136353.3
2026-08-04 12:00:00+00:00,4.945,4.954,4.901,4.923,287753.7
2026-08-04 16:00:00+00:00,4.923,4.942,4.883,4.928,246974.5
2026-08-04 20:00:00+00:00,4.928,4.946,4.872,4.883,221062.0
2026-08-05 00:00:00+00:00,4.883,4.888,4.807,4.817,375516.0
2026-08-05 04:00:00+00:00,4.817,4.917,4.814,4.892,268549.4
2026-08-05 08:00:00+00:00,4.892,4.902,4.85,4.889,114766.1
2026-08-05 12:00:00+00:00,4.889,4.978,4.847,4.915,417248.5
2026-08-05 16:00:00+00:00,4.915,4.97,4.908,4.909,185461.3
2026-08-05 20:00:00+00:00,4.909,4.929,4.844,4.859,254414.3
2026-08-06 00:00:00+00:00,4.859,4.887,4.702,4.713,546211.8
2026-08-06 04:00:00+00:00,4.713,4.751,4.678,4.736,199447.0
2026-08-06 08:00:00+00:00,4.736,4.741,4.591,4.669,858756.3
2026-08-06 12:00:00+00:00,4.669,4.68,4.618,4.643,204036.2
2026-08-06 16:00:00+00:00,4.643,4.661,4.596,4.612,195176.8
2026-08-06 20:00:00+00:00,4.612,4.636,4.554,4.575,304507.9
2026-08-07 00:00:00+00:00,4.575,4.575,4.483,4.496,394368.0
2026-08-07 04:00:00+00:00,4.496,4.523,4.409,4.494,1045786.0
2026-08-07 08:00:00+00:00,4.494,4.547,4.481,4.523,212098.3
2026-08-07 12:00:00+00:00,4.523,4.553,4.493,4.51,228887.5
2026-08-07 16:00:00+00:00,4.51,4.532,4.461,4.473,209562.4
2026-08-07 20:00:00+00:00,4.473,4.518,4.464,4.507,153464.1
2026-08-08 00:00:00+00:00,4.507,4.571,4.505,4.531,128445.7
2026-08-08 04:00:00+00:00,4.531,4.549,4.458,4.48,163209.6
2026-08-08 08:00:00+00:00,4.48,4.502,4.354,4.393,393593.2
2026-08-08 12:00:00+00:00,4.393,4.452,4.36,4.429,294589.2
2026-08-08 16:00:00+00:00,4.429,4.461,4.384,4.404,229376.4
2026-08-08 20:00:00+00:00,4.404,4.435,4.391,4.407,99469.8
2026-08-09 00:00:00+00:00,4.407,4.442,4.359,4.398,171092.0
2026-08-09 04:00:00+00:00,4.398,4.451,4.371,4.439,149573.8
2026-08-09 08:00:00+00:00,4.439,4.472,4.403,4.452,154653.5
2026-08-09 12:00:00+00:00,4.452,4.472,4.442,4.449,128200.8
2026-08-09 16:00:00+00:00,4.449,4.459,4.408,4.427,114768.6
2026-08-09 20:00:00+00:00,4.427,4.45,4.279,4.295,435742.8
2026-08-10 00:00:00+00:00,4.295,4.367,4.282,4.342,261018.6
2026-08-10 04:00:00+00:00,4.342,4.461,4.333,4.445,354131.5
2026-08-10 08:00:00+00:00,4.445,4.485,4.423,4.46,360852.5
2026-08-10 12:00:00+00:00,4.46,4.48,4.416,4.456,362193.5
2026-08-10 16:00:00+00:00,4.456,4.532,4.402,4.479,482502.9
2026-08-10 20:00:00+00:00,4.479,4.48,4.365,4.382,256206.5
2026-08-11 00:00:00+00:00,4.382,4.455,4.36,4.44,181166.2
2026-08-11 04:00:00+00:00,4.44,4.499,4.425,4.473,261328.6
2026-08-11 08:00:00+00:00,4.473,4.515,4.447,4.502,203280.4
2026-08-11 12:00:00+00:00,4.502,4.522,4.447,4.497,465808.4
2026-08-11 16:00:00+00:00,4.497,4.529,4.433,4.475,367261.9
2026-08-11 20:00:00+00:00,4.475,4.67,4.471,4.662,1345480.8
2026-08-12 00:00:00+00:00,4.662,4.697,4.57,4.573,329009.5
2026-08-12 04:00:00+00:00,4.573,4.657,4.572,4.617,259484.2
2026-08-12 08:00:00+00:00,4.617,4.644,4.583,4.591,221851.0
2026-08-12 12:00:00+00:00,4.591,4.599,4.51,4.566,445834.5
2026-08-12 16:00:00+00:00,4.566,4.623,4.54,4.623,129062.7
2026-08-12 20:00:00+00:00,4.623,4.654,4.582,4.623,148858.6
2026-08-13 00:00:00+00:00,4.623,4.685,4.622,4.68,93619.4
2026-08-13 04:00:00+00:00,4.68,4.686,4.584,4.592,147745.3
2026-08-13 08:00:00+00:00,4.592,4.609,4.534,4.557,229380.3
2026-08-13 12:00:00+00:00,4.557,4.647,4.545,4.625,186212.2
2026-08-13 16:00:00+00:00,4.625,4.635,4.576,4.608,167370.3
2026-08-13 20:00:00+00:00,4.608,4.636,4.604,4.607,92258.7
2026-08-14 00:00:00+00:00,4.607,4.616,4.527,4.533,147515.4
2026-08-14 04:00:00+00:00,4.533,4.579,4.485,4.494,230628.4
2026-08-14 08:00:00+00:00,4.494,4.54,4.407,4.425,381625.6
2026-08-14 12:00:00+00:00,4.425,4.43,4.152,4.219,1860715.7
2026-08-14 16:00:00+00:00,4.219,4.345,4.212,4.286,817390.6
2026-08-14 20:00:00+00:00,4.286,4.298,4.195,4.272,256748.8
2026-08-15 00:00:00+00:00,4.272,4.287,4.222,4.235,204210.0
2026-08-15 04:00:00+00:00,4.235,4.245,4.161,4.179,318561.1
2026-08-15 08:00:00+00:00,4.179,4.213,4.16,4.172,218651.5
2026-08-15 12:00:00+00:00,4.172,4.203,4.101,4.196,361104.8
2026-08-15 16:00:00+00:00,4.196,4.233,4.17,4.184,155547.7
2026-08-15 20:00:00+00:00,4.184,4.186,4.139,4.168,129258.9
2026-08-16 00:00:00+00:00,4.168,4.219,4.155,4.157,132601.3
2026-08-16 04:00:00+00:00,4.157,4.185,4.067,4.13,251695.3
2026-08-16 08:00:00+00:00,4.13,4.131,4.052,4.104,205793.4
2026-08-16 12:00:00+00:00,4.104,4.134,4.1,4.131,108301.1
2026-08-16 16:00:00+00:00,4.131,4.153,4.083,4.104,283132.5
2026-08-16 20:00:00+00:00,4.104,4.106,4.03,4.079,278688.1
2026-08-17 00:00:00+00:00,4.079,4.158,4.064,4.146,159540.8
2026-08-17 04:00:00+00:00,4.146,4.189,4.146,4.171,178520.5
2026-08-17 08:00:00+00:00,4.171,4.174,4.062,4.114,319043.8
