timestamp,open,high,low,close,volume
2023-11-21 12:00:00+00:00,2.351,2.401,2.2805,2.3825,4220477.0
2023-11-21 16:00:00+00:00,2.3825,2.4425,2.2775,2.3205,5848531.0
2023-11-21 20:00:00+00:00,2.3205,2.363,2.1895,2.208,4050845.1
2023-11-22 00:00:00+00:00,2.208,2.3145,2.201,2.312,1740824.9
2023-11-22 04:00:00+00:00,2.312,2.3585,2.31,2.335,1039627.1
2023-11-22 08:00:00+00:00,2.335,2.4705,2.3345,2.457,4380352.0
2023-11-22 12:00:00+00:00,2.457,2.502,2.4235,2.495,3435378.3
2023-11-22 16:00:00+00:00,2.495,2.5515,2.45,2.5305,3980221.4
2023-11-22 20:00:00+00:00,2.5305,2.6565,2.5305,2.6165,3748911.3
2023-11-23 00:00:00+00:00,2.6165,2.638,2.5595,2.5735,2969395.8
2023-11-23 04:00:00+00:00,2.5735,2.5775,2.537,2.5525,1447412.2
2023-11-23 08:00:00+00:00,2.5525,2.6065,2.5435,2.571,2199841.4
2023-11-23 12:00:00+00:00,2.571,2.609,2.508,2.5205,1526817.2
2023-11-23 16:00:00+00:00,2.5205,2.531,2.4705,2.4805,2061083.6
2023-11-23 20:00:00+00:00,2.4805,2.507,2.4765,2.479,893093.4
2023-11-24 00:00:00+00:00,2.479,2.527,2.4635,2.497,1098162.0
2023-11-24 04:00:00+00:00,2.497,2.5195,2.456,2.515,1009258.0
2023-11-24 08:00:00+00:00,2.515,2.606,2.493,2.5895,3288788.5
2023-11-24 12:00:00+00:00,2.5895,2.6555,2.546,2.6305,2378338.9
2023-11-24 16:00:00+00:00,2.6305,2.638,2.48,2.503,2379240.5
2023-11-24 20:00:00+00:00,2.503,2.537,2.4725,2.4985,1742753.2
2023-11-25 00:00:00+00:00,2.4985,2.5425,2.4785,2.509,1266931.8
2023-11-25 04:00:00+00:00,2.509,2.529,2.4985,2.505,524292.2
2023-11-25 08:00:00+00:00,2.505,2.5195,2.4325,2.449,1537169.0
2023-11-25 12:00:00+00:00,2.449,2.5085,2.4465,2.4945,1246565.5
2023-11-25 16:00:00+00:00,2.4945,2.5385,2.4775,2.5135,1100373.1
2023-11-25 20:00:00+00:00,2.5135,2.5215,2.493,2.5015,318819.2
2023-11-26 00:00:00+00:00,2.5015,2.5055,2.4345,2.453,1174468.7
2023-11-26 04:00:00+00:00,2.453,2.529,2.4165,2.5195,1173637.7
2023-11-26 08:00:00+00:00,2.5195,2.526,2.479,2.4835,832300.8
2023-11-26 12:00:00+00:00,2.4835,2.5065,2.4435,2.448,1272824.0
2023-11-26 16:00:00+00:00,2.448,2.511,2.3955,2.501,2466683.5
2023-11-26 20:00:00+00:00,2.501,2.555,2.496,2.5005,1984776.5
2023-11-27 00:00:00+00:00,2.5005,2.534,2.4055,2.422,2175142.7
2023-11-27 04:00:00+00:00,2.422,2.456,2.359,2.381,1378380.2
2023-11-27 08:00:00+00:00,2.381,2.4055,2.347,2.361,1246579.1
2023-11-27 12:00:00+00:00,2.361,2.3885,2.3205,2.3205,1706105.1
2023-11-27 16:00:00+00:00,2.3205,2.3675,2.2855,2.3225,1335365.2
2023-11-27 20:00:00+00:00,2.3225,2.3705,2.3015,2.364,1014173.9
2023-11-28 00:00:00+00:00,2.364,2.379,2.344,2.3465,462645.7
2023-11-28 04:00:00+00:00,2.3465,2.3525,2.29,2.3185,775793.5
2023-11-28 08:00:00+00:00,2.3185,2.362,2.3135,2.3445,698272.7
2023-11-28 12:00:00+00:00,2.3445,2.354,2.301,2.3335,1001313.3
2023-11-28 16:00:00+00:00,2.3335,2.399,2.323,2.374,2057856.2
2023-11-28 20:00:00+00:00,2.374,2.3795,2.325,2.34,807421.0
2023-11-29 00:00:00+00:00,2.34,2.3505,2.3145,2.3345,497713.5
2023-11-29 04:00:00+00:00,2.3345,2.35,2.305,2.334,499849.3
2023-11-29 08:00:00+00:00,2.334,2.358,2.272,2.274,2348011.3
2023-11-29 12:00:00+00:00,2.274,2.297,2.2465,2.256,1528201.9
2023-11-29 16:00:00+00:00,2.256,2.269,2.222,2.263,1266433.0
2023-11-29 20:00:00+00:00,2.263,2.267,2.237,2.261,407237.6
2023-11-30 00:00:00+00:00,2.261,2.296,2.2405,2.2915,1035667.7
2023-11-30 04:00:00+00:00,2.2915,2.3065,2.275,2.2835,569515.8
2023-11-30 08:00:00+00:00,2.2835,2.348,2.273,2.345,1709453.2
2023-11-30 12:00:00+00:00,2.345,2.359,2.3095,2.3435,1366925.1
2023-11-30 16:00:00+00:00,2.3435,2.3505,2.3165,2.3355,696573.9
2023-11-30 20:00:00+00:00,2.3355,2.36,2.331,2.357,669519.5
2023-12-01 00:00:00+00:00,2.357,2.4285,2.3385,2.4065,1526110.6
2023-12-01 04:00:00+00:00,2.4065,2.4195,2.38,2.387,1087411.2
2023-12-01 08:00:00+00:00,2.387,2.4205,2.3755,2.385,982887.1
2023-12-01 12:00:00+00:00,2.385,2.395,2.362,2.3675,794171.8
2023-12-01 16:00:00+00:00,2.3675,2.414,2.3625,2.406,1518765.9
2023-12-01 20:00:00+00:00,2.406,2.409,2.374,2.3915,408094.2
2023-12-02 00:00:00+00:00,2.3915,2.406,2.385,2.404,358778.8
2023-12-02 04:00:00+00:00,2.404,2.432,2.382,2.413,959171.7
2023-12-02 08:00:00+00:00,2.413,2.433,2.381,2.3865,1169995.4
2023-12-02 12:00:00+00:00,2.3865,2.404,2.345,2.3665,1571859.0
2023-12-02 16:00:00+00:00,2.3665,2.484,2.347,2.411,3944878.6
2023-12-02 20:00:00+00:00,2.411,2.465,2.405,2.43,986367.3
2023-12-03 00:00:00+00:00,2.43,2.463,2.4135,2.4165,807162.7
2023-12-03 04:00:00+00:00,2.4165,2.469,2.392,2.4675,687127.8
2023-12-03 08:00:00+00:00,2.4675,2.4715,2.4205,2.439,876238.3
2023-12-03 12:00:00+00:00,2.439,2.4395,2.3865,2.406,947120.9
2023-12-03 16:00:00+00:00,2.406,2.4095,2.375,2.392,660651.5
2023-12-03 20:00:00+00:00,2.392,2.4865,2.391,2.431,1679202.9
2023-12-04 00:00:00+00:00,2.431,2.4925,2.422,2.463,1710864.9
2023-12-04 04:00:00+00:00,2.463,2.501,2.431,2.446,3400507.0
2023-12-04 08:00:00+00:00,2.446,2.512,2.3215,2.3855,4384151.4
2023-12-04 12:00:00+00:00,2.3855,2.436,2.3435,2.355,1931330.9
2023-12-04 16:00:00+00:00,2.355,2.372,2.345,2.3715,954486.8
2023-12-04 20:00:00+00:00,2.3715,2.3895,2.3485,2.3895,641283.7
2023-12-05 00:00:00+00:00,2.3895,2.46,2.377,2.4,1405135.7
2023-12-05 04:00:00+00:00,2.4,2.432,2.34,2.364,1066000.3
2023-12-05 08:00:00+00:00,2.364,2.3815,2.314,2.3305,1092645.7
2023-12-05 12:00:00+00:00,2.3305,2.367,2.315,2.36,1222704.4
2023-12-05 16:00:00+00:00,2.36,2.4985,2.351,2.4105,4304229.5
2023-12-05 20:00:00+00:00,2.4105,2.423,2.374,2.4055,1920302.8
2023-12-06 00:00:00+00:00,2.4055,2.4595,2.3525,2.3555,2015974.5
2023-12-06 04:00:00+00:00,2.3555,2.3695,2.2975,2.3385,1851734.7
2023-12-06 08:00:00+00:00,2.3385,2.3885,2.282,2.321,3038657.0
2023-12-06 12:00:00+00:00,2.321,2.347,2.286,2.3035,2097858.7
2023-12-06 16:00:00+00:00,2.3035,2.337,2.3,2.3345,1754828.9
2023-12-06 20:00:00+00:00,2.3345,2.338,2.2475,2.266,1103248.2
2023-12-07 00:00:00+00:00,2.266,2.294,2.262,2.2815,457702.3
2023-12-07 04:00:00+00:00,2.2815,2.32,2.28,2.3025,802625.2
2023-12-07 08:00:00+00:00,2.3025,2.317,2.229,2.251,2780851.6
2023-12-07 12:00:00+00:00,2.251,2.413,2.242,2.385,4631873.6
2023-12-07 16:00:00+00:00,2.385,2.585,2.3705,2.4615,10120430.0
2023-12-07 20:00:00+00:00,2.4615,2.5455,2.46,2.511,2690243.2
2023-12-08 00:00:00+00:00,2.511,2.53,2.438,2.463,1958372.5
2023-12-08 04:00:00+00:00,2.463,2.4835,2.427,2.44,1714723.0
2023-12-08 08:00:00+00:00,2.44,2.4655,2.414,2.4525,1515035.9
2023-12-08 12:00:00+00:00,2.4525,2.4635,2.411,2.427,1881150.4
2023-12-08 16:00:00+00:00,2.427,2.456,2.4015,2.4425,1465681.0
2023-12-08 20:00:00+00:00,2.4425,2.462,2.4305,2.4475,1029066.2
2023-12-09 00:00:00+00:00,2.4475,2.4865,2.4275,2.4765,1457979.0
2023-12-09 04:00:00+00:00,2.4765,2.531,2.4615,2.5165,1391798.7
2023-12-09 08:00:00+00:00,2.5165,2.5415,2.4235,2.44,3689491.1
2023-12-09 12:00:00+00:00,2.44,2.4575,2.38,2.4015,1500416.9
2023-12-09 16:00:00+00:00,2.4015,2.405,2.3375,2.3635,1013318.3
2023-12-09 20:00:00+00:00,2.3635,2.3655,2.3065,2.3435,1053296.0
2023-12-10 00:00:00+00:00,2.3435,2.3885,2.3345,2.387,541436.8
2023-12-10 04:00:00+00:00,2.387,2.4015,2.3685,2.39,371975.7
2023-12-10 08:00:00+00:00,2.39,2.397,2.3355,2.3505,710909.5
2023-12-10 12:00:00+00:00,2.3505,2.4085,2.3455,2.403,593684.0
2023-12-10 16:00:00+00:00,2.403,2.423,2.3765,2.417,477903.1
2023-12-10 20:00:00+00:00,2.417,2.4365,2.372,2.3905,678434.0
2023-12-11 00:00:00+00:00,2.3905,2.404,2.0905,2.2645,4626325.0
2023-12-11 04:00:00+00:00,2.2645,2.288,2.2275,2.244,1018505.7
2023-12-11 08:00:00+00:00,2.244,2.3135,2.236,2.313,797610.4
2023-12-11 12:00:00+00:00,2.313,2.344,2.259,2.2875,1594779.7
2023-12-11 16:00:00+00:00,2.2875,2.2965,2.1835,2.254,3150447.6
2023-12-11 20:00:00+00:00,2.254,2.2845,2.2425,2.262,1001071.3
2023-12-12 00:00:00+00:00,2.262,2.3175,2.259,2.292,951045.4
2023-12-12 04:00:00+00:00,2.292,2.3255,2.271,2.318,612068.7
2023-12-12 08:00:00+00:00,2.318,2.3195,2.2705,2.273,426250.1
2023-12-12 12:00:00+00:00,2.273,2.3035,2.2135,2.2385,1923232.9
2023-12-12 16:00:00+00:00,2.2385,2.2465,2.1845,2.2065,1627886.2
2023-12-12 20:00:00+00:00,2.2065,2.241,2.1725,2.232,1404023.0
2023-12-13 00:00:00+00:00,2.232,2.254,2.142,2.1605,2134027.0
2023-12-13 04:00:00+00:00,2.1605,2.195,2.1395,2.187,1043386.4
2023-12-13 08:00:00+00:00,2.187,2.224,2.1855,2.193,570294.4
2023-12-13 12:00:00+00:00,2.193,2.2635,2.189,2.247,1321229.0
2023-12-13 16:00:00+00:00,2.247,2.29,2.2135,2.289,1439247.2
2023-12-13 20:00:00+00:00,2.289,2.323,2.279,2.3125,763303.9
2023-12-14 00:00:00+00:00,2.3125,2.3605,2.287,2.302,2235293.3
2023-12-14 04:00:00+00:00,2.302,2.358,2.2815,2.337,1206312.4
2023-12-14 08:00:00+00:00,2.337,2.3715,2.3205,2.3695,888882.7
2023-12-14 12:00:00+00:00,2.3695,2.386,2.239,2.334,2644152.2
2023-12-14 16:00:00+00:00,2.334,2.379,2.3335,2.3415,1516134.4
2023-12-14 20:00:00+00:00,2.3415,2.388,2.3295,2.3605,752365.2
2023-12-15 00:00:00+00:00,2.3605,2.368,2.2915,2.297,951230.9
2023-12-15 04:00:00+00:00,2.297,2.3055,2.252,2.256,808556.5
2023-12-15 08:00:00+00:00,2.256,2.279,2.243,2.259,669046.2
2023-12-15 12:00:00+00:00,2.259,2.259,2.162,2.1815,2407169.8
2023-12-15 16:00:00+00:00,2.1815,2.2045,2.1665,2.1815,1340110.1
2023-12-15 20:00:00+00:00,2.1815,2.195,2.114,2.1345,1036380.7
2023-12-16 00:00:00+00:00,2.1345,2.1925,2.1175,2.1835,537528.6
2023-12-16 04:00:00+00:00,2.1835,2.199,2.1745,2.188,281969.1
2023-12-16 08:00:00+00:00,2.188,2.1965,2.167,2.1915,536235.0
2023-12-16 12:00:00+00:00,2.1915,2.2025,2.177,2.193,400080.2
2023-12-16 16:00:00+00:00,2.193,2.213,2.1505,2.1635,699650.5
2023-12-16 20:00:00+00:00,2.1635,2.185,2.1505,2.167,457534.7
2023-12-17 00:00:00+00:00,2.167,2.1755,2.125,2.1415,504143.3
2023-12-17 04:00:00+00:00,2.1415,2.151,2.092,2.0975,741648.9
2023-12-17 08:00:00+00:00,2.0975,2.1335,2.096,2.121,374221.1
2023-12-17 12:00:00+00:00,2.121,2.1315,2.092,2.1305,686799.6
2023-12-17 16:00:00+00:00,2.1305,2.156,2.11,2.1305,638444.7
2023-12-17 20:00:00+00:00,2.1305,2.1445,2.063,2.083,647675.4
2023-12-18 00:00:00+00:00,2.083,2.1015,2.0395,2.073,809225.1
2023-12-18 04:00:00+00:00,2.073,2.0945,2.0545,2.061,398055.5
2023-12-18 08:00:00+00:00,2.061,2.0765,1.9815,2.0315,1859939.8
2023-12-18 12:00:00+00:00,2.0315,2.074,2.0105,2.0615,648483.9
2023-12-18 16:00:00+00:00,2.0615,2.1075,2.053,2.0945,631550.1
2023-12-18 20:00:00+00:00,2.0945,2.1425,2.0765,2.1365,1040559.2
2023-12-19 00:00:00+00:00,2.1365,2.1625,2.117,2.141,851493.0
2023-12-19 04:00:00+00:00,2.141,2.1515,2.1285,2.146,470032.5
2023-12-19 08:00:00+00:00,2.146,2.154,2.099,2.101,541392.9
2023-12-19 12:00:00+00:00,2.101,2.1115,2.058,2.0735,973779.1
2023-12-19 16:00:00+00:00,2.0735,2.0835,2.017,2.0515,918153.5
2023-12-19 20:00:00+00:00,2.0515,2.063,2.027,2.0525,330456.6
2023-12-20 00:00:00+00:00,2.0525,2.069,2.0365,2.0625,382666.7
2023-12-20 04:00:00+00:00,2.0625,2.1105,2.0595,2.1015,463744.7
2023-12-20 08:00:00+00:00,2.1015,2.1205,2.093,2.109,905265.6
2023-12-20 12:00:00+00:00,2.109,2.161,2.0965,2.144,1006078.0
2023-12-20 16:00:00+00:00,2.144,2.151,2.101,2.1015,777760.3
2023-12-20 20:00:00+00:00,2.1015,2.1095,2.066,2.1045,895229.6
2023-12-21 00:00:00+00:00,2.1045,2.111,2.0825,2.093,419253.7
2023-12-21 04:00:00+00:00,2.093,2.1035,2.078,2.097,385902.1
2023-12-21 08:00:00+00:00,2.097,2.172,2.0795,2.169,2396169.0
2023-12-21 12:00:00+00:00,2.169,2.267,2.154,2.1725,4966209.5
2023-12-21 16:00:00+00:00,2.1725,2.2025,2.137,2.164,2007325.6
2023-12-21 20:00:00+00:00,2.164,2.223,2.1455,2.1575,1568347.9
2023-12-22 00:00:00+00:00,2.1575,2.2065,2.1305,2.1875,2273434.4
2023-12-22 04:00:00+00:00,2.1875,2.3405,2.173,2.297,7410902.8
2023-12-22 08:00:00+00:00,2.297,2.373,2.2575,2.3185,6351143.8
2023-12-22 12:00:00+00:00,2.3185,2.3925,2.278,2.354,4257288.3
2023-12-22 16:00:00+00:00,2.354,2.409,2.321,2.361,2927037.1
2023-12-22 20:00:00+00:00,2.361,2.4575,2.341,2.442,3193350.8
2023-12-23 00:00:00+00:00,2.442,2.4715,2.329,2.3425,4145060.5
2023-12-23 04:00:00+00:00,2.3425,2.351,2.297,2.2985,1664235.7
2023-12-23 08:00:00+00:00,2.2985,2.325,2.292,2.3095,930416.6
2023-12-23 12:00:00+00:00,2.3095,2.3575,2.3055,2.3115,1199586.7
2023-12-23 16:00:00+00:00,2.3115,2.359,2.3115,2.335,923057.5
2023-12-23 20:00:00+00:00,2.335,2.382,2.3175,2.367,1310103.5
2023-12-24 00:00:00+00:00,2.367,2.428,2.3435,2.4075,2061686.5
2023-12-24 04:00:00+00:00,2.4075,2.436,2.3585,2.4145,1984678.3
2023-12-24 08:00:00+00:00,2.4145,2.4525,2.3795,2.385,1083337.2
2023-12-24 12:00:00+00:00,2.385,2.4125,2.365,2.3825,1012403.3
2023-12-24 16:00:00+00:00,2.3825,2.455,2.3785,2.4445,1029420.8
2023-12-24 20:00:00+00:00,2.4445,2.4525,2.3385,2.427,1863104.9
2023-12-25 00:00:00+00:00,2.427,2.6885,2.425,2.622,6493938.9
2023-12-25 04:00:00+00:00,2.622,2.713,2.5945,2.6185,4610196.6
2023-12-25 08:00:00+00:00,2.6185,2.643,2.555,2.578,2794275.8
2023-12-25 12:00:00+00:00,2.578,2.6005,2.5375,2.567,2133008.2
2023-12-25 16:00:00+00:00,2.567,2.5735,2.515,2.547,1492604.5
2023-12-25 20:00:00+00:00,2.547,2.589,2.5135,2.5575,1303681.0
2023-12-26 00:00:00+00:00,2.5575,2.5785,2.5265,2.557,776334.6
2023-12-26 04:00:00+00:00,2.557,2.5905,2.456,2.589,2618379.3
2023-12-26 08:00:00+00:00,2.589,2.6745,2.5275,2.6585,2363086.4
2023-12-26 12:00:00+00:00,2.6585,2.669,2.511,2.519,1843910.4
2023-12-26 16:00:00+00:00,2.519,2.5275,2.2955,2.4245,4484284.0
2023-12-26 20:00:00+00:00,2.4245,2.457,2.3985,2.4275,1725340.8
2023-12-27 00:00:00+00:00,2.4275,2.4455,2.337,2.3605,2291566.9
2023-12-27 04:00:00+00:00,2.3605,2.4045,2.3595,2.388,475832.8
2023-12-27 08:00:00+00:00,2.388,2.573,2.3805,2.54,2625041.2
2023-12-27 12:00:00+00:00,2.54,2.8,2.5275,2.7965,8942807.7
2023-12-27 16:00:00+00:00,2.7965,2.8245,2.6835,2.6905,5654995.3
2023-12-27 20:00:00+00:00,2.6905,2.874,2.69,2.832,5153854.0
2023-12-28 00:00:00+00:00,2.832,2.9735,2.8105,2.8895,4893932.2
2023-12-28 04:00:00+00:00,2.8895,2.9225,2.791,2.827,3439589.9
2023-12-28 08:00:00+00:00,2.827,2.876,2.7925,2.8375,1806974.5
2023-12-28 12:00:00+00:00,2.8375,2.943,2.764,2.8865,6833210.7
2023-12-28 16:00:00+00:00,2.8865,3.01,2.875,2.9725,5029058.8
2023-12-28 20:00:00+00:00,2.9725,2.9755,2.701,2.7085,5581869.8
2023-12-29 00:00:00+00:00,2.7085,2.738,2.5905,2.6785,4326572.4
2023-12-29 04:00:00+00:00,2.6785,2.709,2.617,2.626,1766017.8
2023-12-29 08:00:00+00:00,2.626,2.7325,2.622,2.7155,1978163.7
2023-12-29 12:00:00+00:00,2.7155,2.76,2.595,2.6315,3317436.7
2023-12-29 16:00:00+00:00,2.6315,2.813,2.6125,2.8,5470486.9
2023-12-29 20:00:00+00:00,2.8,2.9295,2.6825,2.927,3743438.4
2023-12-30 00:00:00+00:00,2.927,2.9955,2.825,2.897,5042864.0
2023-12-30 04:00:00+00:00,2.897,2.969,2.842,2.874,2502525.3
2023-12-30 08:00:00+00:00,2.874,2.958,2.8545,2.947,2987921.9
2023-12-30 12:00:00+00:00,2.947,2.964,2.7535,2.803,4870547.2
2023-12-30 16:00:00+00:00,2.803,2.823,2.746,2.753,1766898.5
2023-12-30 20:00:00+00:00,2.753,2.776,2.7315,2.7325,490809.6
2023-12-31 00:00:00+00:00,2.7325,2.7725,2.723,2.759,913914.8
2023-12-31 04:00:00+00:00,2.759,2.788,2.727,2.7315,677709.5
2023-12-31 08:00:00+00:00,2.7315,2.7795,2.7175,2.751,1032891.6
2023-12-31 12:00:00+00:00,2.751,2.82,2.6975,2.7075,1599153.3
2023-12-31 16:00:00+00:00,2.7075,2.7295,2.6685,2.674,989858.0
2023-12-31 20:00:00+00:00,2.674,2.679,2.5415,2.6465,1567136.6
2024-01-01 00:00:00+00:00,2.6465,2.764,2.641,2.7135,1633760.9
2024-01-01 04:00:00+00:00,2.7135,2.7575,2.6435,2.7515,939686.2
2024-01-01 08:00:00+00:00,2.7515,2.839,2.737,2.8365,1441549.9
2024-01-01 12:00:00+00:00,2.8365,2.868,2.7735,2.79,1093854.2
2024-01-01 16:00:00+00:00,2.79,2.8795,2.79,2.878,1263271.0
2024-01-01 20:00:00+00:00,2.878,2.9385,2.8755,2.917,2023659.2
2024-01-02 00:00:00+00:00,2.917,3.109,2.883,3.07,3912829.7
2024-01-02 04:00:00+00:00,3.07,3.1655,3.0425,3.057,2723509.8
2024-01-02 08:00:00+00:00,3.057,3.1895,3.0535,3.104,3531305.5
2024-01-02 12:00:00+00:00,3.104,3.1225,2.9545,2.9815,3623028.9
2024-01-02 16:00:00+00:00,2.9815,2.996,2.9205,2.94,1906557.4
2024-01-02 20:00:00+00:00,2.94,2.9545,2.845,2.863,2067722.2
2024-01-03 00:00:00+00:00,2.863,3.006,2.857,2.926,2197223.5
2024-01-03 04:00:00+00:00,2.926,3.055,2.9125,2.987,2334934.4
2024-01-03 08:00:00+00:00,2.987,3.3705,2.982,3.1675,12224475.3
2024-01-03 12:00:00+00:00,3.1675,3.3235,2.26,3.2525,27158527.4
2024-01-03 16:00:00+00:00,3.2525,3.4885,3.104,3.202,10921933.9
2024-01-03 20:00:00+00:00,3.202,3.252,3.0365,3.0605,4785697.1
2024-01-04 00:00:00+00:00,3.0605,3.2415,2.944,3.14,6247502.2
2024-01-04 04:00:00+00:00,3.14,3.3,3.094,3.124,4243951.1
2024-01-04 08:00:00+00:00,3.124,3.351,3.08,3.2855,5035425.4
2024-01-04 12:00:00+00:00,3.2855,3.51,3.168,3.384,6511970.6
2024-01-04 16:00:00+00:00,3.384,3.388,3.2,3.2735,4968602.3
2024-01-04 20:00:00+00:00,3.2735,3.3165,3.1135,3.1215,3086615.9
2024-01-05 00:00:00+00:00,3.1215,3.236,2.9915,3.16,6144368.6
2024-01-05 04:00:00+00:00,3.16,3.182,3.022,3.065,3056486.4
2024-01-05 08:00:00+00:00,3.065,3.1505,3.0025,3.1365,3749001.3
2024-01-05 12:00:00+00:00,3.1365,3.2555,3.108,3.207,4541625.6
2024-01-05 16:00:00+00:00,3.207,3.376,3.0165,3.327,6099107.1
2024-01-05 20:00:00+00:00,3.327,3.56,3.261,3.558,4598797.2
2024-01-06 00:00:00+00:00,3.558,3.618,3.407,3.566,5063502.3
2024-01-06 04:00:00+00:00,3.566,3.6085,3.1475,3.2315,7323515.0
2024-01-06 08:00:00+00:00,3.2315,3.3755,3.1675,3.2415,4606744.7
2024-01-06 12:00:00+00:00,3.2415,3.385,3.128,3.3075,3813900.1
2024-01-06 16:00:00+00:00,3.3075,3.331,3.1955,3.2125,2293048.2
2024-01-06 20:00:00+00:00,3.2125,3.225,3.019,3.0845,4228382.7
2024-01-07 00:00:00+00:00,3.0845,3.1585,3.0575,3.118,1845000.7
2024-01-07 04:00:00+00:00,3.118,3.204,3.0815,3.1975,1551220.6
2024-01-07 08:00:00+00:00,3.1975,3.204,3.0105,3.026,2720887.6
2024-01-07 12:00:00+00:00,3.026,3.13,3.011,3.065,2392705.7
2024-01-07 16:00:00+00:00,3.065,3.2475,3.008,3.216,3576181.6
2024-01-07 20:00:00+00:00,3.216,3.24,2.892,2.9305,6013914.3
2024-01-08 00:00:00+00:00,2.9305,2.933,2.7505,2.827,5749880.6
2024-01-08 04:00:00+00:00,2.827,2.8885,2.77,2.8065,2517976.4
2024-01-08 08:00:00+00:00,2.8065,2.8975,2.8005,2.8915,2769446.7
2024-01-08 12:00:00+00:00,2.8915,2.9885,2.8735,2.932,5339069.8
2024-01-08 16:00:00+00:00,2.932,3.2,2.889,3.1845,7031401.8
2024-01-08 20:00:00+00:00,3.1845,3.215,3.122,3.125,2358681.0
2024-01-09 00:00:00+00:00,3.125,3.177,3.058,3.098,1552044.5
2024-01-09 04:00:00+00:00,3.098,3.2335,3.08,3.229,1921050.8
2024-01-09 08:00:00+00:00,3.229,3.305,3.187,3.2265,6608941.0
2024-01-09 12:00:00+00:00,3.2265,3.3555,3.075,3.179,10143332.8
2024-01-09 16:00:00+00:00,3.179,3.441,3.179,3.3445,5204596.2
2024-01-09 20:00:00+00:00,3.3445,3.771,3.2435,3.6395,21091089.1
2024-01-10 00:00:00+00:00,3.6395,3.818,3.606,3.774,6124732.6
2024-01-10 04:00:00+00:00,3.774,3.8425,3.688,3.7175,5715319.4
2024-01-10 08:00:00+00:00,3.7175,3.933,3.716,3.8465,7904079.0
2024-01-10 12:00:00+00:00,3.8465,3.92,3.6965,3.8845,9203276.1
2024-01-10 16:00:00+00:00,3.8845,3.982,3.712,3.895,8859319.6
2024-01-10 20:00:00+00:00,3.895,4.04,3.701,3.795,13592207.5
2024-01-11 00:00:00+00:00,3.795,4.041,3.7065,3.7565,4695221.1
2024-01-11 04:00:00+00:00,3.7565,3.7935,3.617,3.6985,3974202.4
2024-01-11 08:00:00+00:00,3.6985,3.8325,3.687,3.8045,3548578.3
2024-01-11 12:00:00+00:00,3.8045,3.878,3.56,3.63,7614969.1
2024-01-11 16:00:00+00:00,3.63,3.69,3.5185,3.6685,4283072.6
2024-01-11 20:00:00+00:00,3.6685,3.702,3.6085,3.6315,1442588.5
2024-01-12 00:00:00+00:00,3.6315,3.659,3.5215,3.571,2205095.9
2024-01-12 04:00:00+00:00,3.571,3.651,3.5545,3.6295,1444873.1
2024-01-12 08:00:00+00:00,3.6295,3.81,3.5805,3.7415,5226598.8
2024-01-12 12:00:00+00:00,3.7415,3.849,3.664,3.7085,6628626.4
2024-01-12 16:00:00+00:00,3.7085,3.758,3.5025,3.6185,4114707.6
2024-01-12 20:00:00+00:00,3.6185,3.633,3.348,3.4775,4264046.7
2024-01-13 00:00:00+00:00,3.4775,3.5,3.342,3.3885,2046618.0
2024-01-13 04:00:00+00:00,3.3885,3.4265,3.363,3.386,1158799.2
2024-01-13 08:00:00+00:00,3.386,3.4125,3.3585,3.3935,928236.4
2024-01-13 12:00:00+00:00,3.3935,3.4095,3.3445,3.402,1199574.4
2024-01-13 16:00:00+00:00,3.402,3.457,3.357,3.439,1459084.3
2024-01-13 20:00:00+00:00,3.439,3.4445,3.3445,3.3575,1652051.2
2024-01-14 00:00:00+00:00,3.3575,3.3755,3.284,3.321,2047159.1
2024-01-14 04:00:00+00:00,3.321,3.345,3.2665,3.3145,849573.3
2024-01-14 08:00:00+00:00,3.3145,3.338,3.293,3.297,1197818.6
2024-01-14 12:00:00+00:00,3.297,3.3335,3.2895,3.293,946005.0
2024-01-14 16:00:00+00:00,3.293,3.3515,3.227,3.238,1940355.0
2024-01-14 20:00:00+00:00,3.238,3.3495,3.215,3.2375,1962138.9
2024-01-15 00:00:00+00:00,3.2375,3.319,3.222,3.292,1215139.8
2024-01-15 04:00:00+00:00,3.292,3.375,3.2855,3.339,1212355.1
2024-01-15 08:00:00+00:00,3.339,3.441,3.2945,3.4055,2681893.3
2024-01-15 12:00:00+00:00,3.4055,3.449,3.241,3.258,2868814.2
2024-01-15 16:00:00+00:00,3.258,3.3855,3.2495,3.3275,1794824.4
2024-01-15 20:00:00+00:00,3.3275,3.3325,3.235,3.245,932836.6
2024-01-16 00:00:00+00:00,3.245,3.3525,3.2355,3.3515,1139909.7
2024-01-16 04:00:00+00:00,3.3515,3.375,3.293,3.3445,1246612.2
2024-01-16 08:00:00+00:00,3.3445,3.3985,3.3,3.359,1308245.1
2024-01-16 12:00:00+00:00,3.359,3.3995,3.2385,3.329,2050691.1
2024-01-16 16:00:00+00:00,3.329,3.4475,3.313,3.381,2534318.4
2024-01-16 20:00:00+00:00,3.381,3.5515,3.379,3.435,2362599.9
2024-01-17 00:00:00+00:00,3.435,3.4885,3.394,3.401,1439777.5
2024-01-17 04:00:00+00:00,3.401,3.411,3.2705,3.277,1921201.1
2024-01-17 08:00:00+00:00,3.277,3.313,3.2505,3.252,1399592.5
2024-01-17 12:00:00+00:00,3.252,3.2685,3.1435,3.16,2987759.1
2024-01-17 16:00:00+00:00,3.16,3.185,3.1235,3.17,1374694.6
2024-01-17 20:00:00+00:00,3.17,3.216,3.1615,3.204,887139.7
2024-01-18 00:00:00+00:00,3.204,3.2235,3.124,3.1395,860246.9
2024-01-18 04:00:00+00:00,3.1395,3.1755,3.071,3.1405,1676832.0
2024-01-18 08:00:00+00:00,3.1405,3.187,3.1135,3.1405,936239.6
2024-01-18 12:00:00+00:00,3.1405,3.181,3.088,3.1345,966425.7
2024-01-18 16:00:00+00:00,3.1345,3.138,2.962,2.9895,3245318.0
2024-01-18 20:00:00+00:00,2.9895,3.044,2.95,3.0325,1828014.5
2024-01-19 00:00:00+00:00,3.0325,3.042,2.9215,2.9785,1150920.6
2024-01-19 04:00:00+00:00,2.9785,3.0785,2.9665,3.035,919013.1
2024-01-19 08:00:00+00:00,3.035,3.115,3.0275,3.0985,692582.1
2024-01-19 12:00:00+00:00,3.0985,3.103,2.949,2.958,1240185.5
2024-01-19 16:00:00+00:00,2.958,3.003,2.8235,2.985,2431149.3
2024-01-19 20:00:00+00:00,2.985,3.011,2.924,2.961,1217419.0
2024-01-20 00:00:00+00:00,2.961,2.9615,2.894,2.92,726560.4
2024-01-20 04:00:00+00:00,2.92,2.9335,2.887,2.895,449818.6
2024-01-20 08:00:00+00:00,2.895,2.9055,2.8465,2.8795,1077406.8
2024-01-20 12:00:00+00:00,2.8795,2.9,2.8545,2.856,397384.9
2024-01-20 16:00:00+00:00,2.856,2.899,2.8465,2.888,475341.5
2024-01-20 20:00:00+00:00,2.888,2.912,2.88,2.8945,546987.2
2024-01-21 00:00:00+00:00,2.8945,2.939,2.873,2.924,534162.4
2024-01-21 04:00:00+00:00,2.924,2.9355,2.885,2.92,646354.2
2024-01-21 08:00:00+00:00,2.92,2.9515,2.9105,2.92,510981.6
2024-01-21 12:00:00+00:00,2.92,2.95,2.8855,2.905,517645.2
2024-01-21 16:00:00+00:00,2.905,2.907,2.8775,2.888,302496.1
2024-01-21 20:00:00+00:00,2.888,2.93,2.8505,2.863,1901652.1
2024-01-22 00:00:00+00:00,2.863,2.9465,2.854,2.934,2457837.2
2024-01-22 04:00:00+00:00,2.934,3.0125,2.913,2.9425,2614402.4
2024-01-22 08:00:00+00:00,2.9425,2.9425,2.7815,2.809,3051590.7
2024-01-22 12:00:00+00:00,2.809,2.8615,2.71,2.7515,3813780.7
2024-01-22 16:00:00+00:00,2.7515,2.813,2.7,2.7435,2537397.4
2024-01-22 20:00:00+00:00,2.7435,2.811,2.684,2.7095,1564254.5
2024-01-23 00:00:00+00:00,2.7095,2.826,2.684,2.817,1232902.0
2024-01-23 04:00:00+00:00,2.817,2.85,2.687,2.713,1105666.1
2024-01-23 08:00:00+00:00,2.713,2.7375,2.5615,2.654,2650536.7
2024-01-23 12:00:00+00:00,2.654,2.7005,2.552,2.654,1568221.7
2024-01-23 16:00:00+00:00,2.654,2.667,2.593,2.599,1169111.2
2024-01-23 20:00:00+00:00,2.599,2.698,2.593,2.689,831388.1
2024-01-24 00:00:00+00:00,2.689,2.719,2.631,2.656,578686.4
2024-01-24 04:00:00+00:00,2.656,2.7095,2.638,2.694,702175.4
2024-01-24 08:00:00+00:00,2.694,2.7705,2.686,2.7175,1159991.3
2024-01-24 12:00:00+00:00,2.7175,2.8095,2.689,2.8015,1063453.3
2024-01-24 16:00:00+00:00,2.8015,2.852,2.7715,2.7995,1125807.5
2024-01-24 20:00:00+00:00,2.7995,2.8925,2.7625,2.8855,541403.0
2024-01-25 00:00:00+00:00,2.8855,2.9,2.8305,2.845,435116.1
2024-01-25 04:00:00+00:00,2.845,2.894,2.796,2.892,525470.3
2024-01-25 08:00:00+00:00,2.892,2.926,2.8675,2.905,894302.1
2024-01-25 12:00:00+00:00,2.905,2.914,2.76,2.782,1178067.9
2024-01-25 16:00:00+00:00,2.782,2.971,2.7695,2.958,2044437.0
2024-01-25 20:00:00+00:00,2.958,3.0,2.9465,2.9825,1198392.4
2024-01-26 00:00:00+00:00,2.9825,3.0765,2.976,3.0245,1355734.0
2024-01-26 04:00:00+00:00,3.0245,3.077,3.001,3.0255,1138048.6
2024-01-26 08:00:00+00:00,3.0255,3.0815,2.9495,3.0705,1899864.7
2024-01-26 12:00:00+00:00,3.0705,3.0775,2.9885,3.044,812382.8
2024-01-26 16:00:00+00:00,3.044,3.0995,3.042,3.063,1097569.2
2024-01-26 20:00:00+00:00,3.063,3.0845,3.02,3.0755,574505.5
2024-01-27 00:00:00+00:00,3.0755,3.099,3.041,3.048,446498.7
2024-01-27 04:00:00+00:00,3.048,3.056,2.971,3.0015,849363.3
2024-01-27 08:00:00+00:00,3.0015,3.0165,2.986,3.0055,361418.9
2024-01-27 12:00:00+00:00,3.0055,3.029,3.0,3.0105,398912.5
2024-01-27 16:00:00+00:00,3.0105,3.0435,2.997,3.033,699563.0
2024-01-27 20:00:00+00:00,3.033,3.0765,3.021,3.063,244746.6
2024-01-28 00:00:00+00:00,3.063,3.1225,3.0565,3.1175,429291.3
2024-01-28 04:00:00+00:00,3.1175,3.1295,3.073,3.095,427668.4
2024-01-28 08:00:00+00:00,3.095,3.1705,3.0705,3.1455,901950.7
2024-01-28 12:00:00+00:00,3.1455,3.165,3.0985,3.1465,970028.5
2024-01-28 16:00:00+00:00,3.1465,3.2175,3.0955,3.1205,1822718.4
2024-01-28 20:00:00+00:00,3.1205,3.192,3.1145,3.151,548337.4
2024-01-29 00:00:00+00:00,3.151,3.2205,3.1335,3.1675,567350.4
2024-01-29 04:00:00+00:00,3.1675,3.195,3.125,3.1375,453961.7
2024-01-29 08:00:00+00:00,3.1375,3.164,3.0765,3.087,1199170.7
2024-01-29 12:00:00+00:00,3.087,3.099,3.0255,3.0925,912072.6
2024-01-29 16:00:00+00:00,3.0925,3.183,3.061,3.094,1703016.9
2024-01-29 20:00:00+00:00,3.094,3.178,3.09,3.153,1631552.8
2024-01-30 00:00:00+00:00,3.153,3.1575,3.056,3.092,1792721.3
2024-01-30 04:00:00+00:00,3.092,3.105,3.054,3.06,389204.7
2024-01-30 08:00:00+00:00,3.06,3.0825,3.042,3.063,549423.4
2024-01-30 12:00:00+00:00,3.063,3.0985,2.971,3.057,1543242.8
2024-01-30 16:00:00+00:00,3.057,3.1745,3.0555,3.1015,2452374.0
2024-01-30 20:00:00+00:00,3.1015,3.1365,3.003,3.0225,855079.6
2024-01-31 00:00:00+00:00,3.0225,3.033,2.9345,2.9725,1000590.7
2024-01-31 04:00:00+00:00,2.9725,2.975,2.9045,2.915,632010.7
2024-01-31 08:00:00+00:00,2.915,2.92,2.8535,2.885,1007853.5
2024-01-31 12:00:00+00:00,2.885,2.9285,2.8425,2.9135,1195059.6
2024-01-31 16:00:00+00:00,2.9135,2.9305,2.871,2.8815,965903.9
2024-01-31 20:00:00+00:00,2.8815,2.8865,2.7915,2.829,1014986.8
2024-02-01 00:00:00+00:00,2.829,2.8565,2.761,2.776,785343.4
2024-02-01 04:00:00+00:00,2.776,2.7995,2.7545,2.785,755484.1
2024-02-01 08:00:00+00:00,2.785,2.801,2.762,2.7865,776516.1
2024-02-01 12:00:00+00:00,2.7865,2.8425,2.7785,2.8095,666961.9
2024-02-01 16:00:00+00:00,2.8095,2.8415,2.765,2.8335,850812.9
2024-02-01 20:00:00+00:00,2.8335,2.8475,2.819,2.8325,303824.0
2024-02-02 00:00:00+00:00,2.8325,2.858,2.8105,2.8125,567415.1
2024-02-02 04:00:00+00:00,2.8125,2.845,2.7795,2.834,425568.3
2024-02-02 08:00:00+00:00,2.834,2.847,2.8115,2.844,777112.8
2024-02-02 12:00:00+00:00,2.844,2.8715,2.8075,2.8665,713412.5
2024-02-02 16:00:00+00:00,2.8665,2.8825,2.7915,2.818,655902.5
2024-02-02 20:00:00+00:00,2.818,2.8295,2.802,2.82,170618.1
2024-02-03 00:00:00+00:00,2.82,2.85,2.74,2.77,677600.0
2024-02-03 04:00:00+00:00,2.77,2.794,2.7515,2.7575,763130.5
2024-02-03 08:00:00+00:00,2.7575,2.7765,2.746,2.759,393867.5
2024-02-03 12:00:00+00:00,2.759,2.7675,2.7235,2.748,379823.7
2024-02-03 16:00:00+00:00,2.748,2.782,2.7435,2.78,351920.3
2024-02-03 20:00:00+00:00,2.78,2.795,2.7545,2.7625,323360.1
2024-02-04 00:00:00+00:00,2.7625,2.7895,2.7385,2.7645,479158.8
2024-02-04 04:00:00+00:00,2.7645,2.7655,2.7255,2.733,330747.6
2024-02-04 08:00:00+00:00,2.733,2.755,2.6725,2.748,1009938.2
2024-02-04 12:00:00+00:00,2.748,2.7575,2.7295,2.7325,484484.3
2024-02-04 16:00:00+00:00,2.7325,2.7395,2.675,2.695,722766.5
2024-02-04 20:00:00+00:00,2.695,2.719,2.654,2.671,610905.1
2024-02-05 00:00:00+00:00,2.671,2.6775,2.622,2.676,431139.0
2024-02-05 04:00:00+00:00,2.676,2.737,2.6715,2.732,363257.1
2024-02-05 08:00:00+00:00,2.732,2.8905,2.7315,2.817,3199980.8
2024-02-05 12:00:00+00:00,2.817,2.8235,2.718,2.7285,1737213.7
2024-02-05 16:00:00+00:00,2.7285,2.7455,2.693,2.7,709882.7
2024-02-05 20:00:00+00:00,2.7,2.7035,2.654,2.691,477903.7
2024-02-06 00:00:00+00:00,2.691,2.7685,2.6765,2.735,1110276.2
2024-02-06 04:00:00+00:00,2.735,2.762,2.691,2.753,1031423.1
2024-02-06 08:00:00+00:00,2.753,2.771,2.718,2.727,829361.0
2024-02-06 12:00:00+00:00,2.727,2.794,2.7035,2.755,1667616.3
2024-02-06 16:00:00+00:00,2.755,2.8125,2.736,2.7995,1180891.1
2024-02-06 20:00:00+00:00,2.7995,2.8365,2.786,2.7905,484868.9
2024-02-07 00:00:00+00:00,2.7905,2.836,2.782,2.7845,744702.4
2024-02-07 04:00:00+00:00,2.7845,2.842,2.754,2.8155,960345.8
2024-02-07 08:00:00+00:00,2.8155,2.8665,2.808,2.8455,1259747.7
2024-02-07 12:00:00+00:00,2.8455,2.879,2.8235,2.855,1817489.7
2024-02-07 16:00:00+00:00,2.855,3.1305,2.8415,2.9285,14991377.4
2024-02-07 20:00:00+00:00,2.9285,2.968,2.8865,2.894,2373153.9
2024-02-08 00:00:00+00:00,2.894,2.929,2.869,2.9165,1118503.8
2024-02-08 04:00:00+00:00,2.9165,2.919,2.8525,2.8665,1175758.1
2024-02-08 08:00:00+00:00,2.8665,2.8935,2.8355,2.8555,1049512.6
2024-02-08 12:00:00+00:00,2.8555,2.8995,2.838,2.871,1971701.4
2024-02-08 16:00:00+00:00,2.871,2.8885,2.8225,2.852,1517053.1
2024-02-08 20:00:00+00:00,2.852,2.8885,2.849,2.865,565977.6
2024-02-09 00:00:00+00:00,2.865,2.943,2.865,2.931,686540.2
2024-02-09 04:00:00+00:00,2.931,2.965,2.9145,2.9615,666113.8
2024-02-09 08:00:00+00:00,2.9615,2.9845,2.9315,2.982,609062.5
2024-02-09 12:00:00+00:00,2.982,2.9955,2.924,2.9815,1297592.9
2024-02-09 16:00:00+00:00,2.9815,3.0095,2.953,2.981,852261.6
2024-02-09 20:00:00+00:00,2.981,3.0105,2.9645,2.979,481982.8
2024-02-10 00:00:00+00:00,2.979,3.0195,2.9765,3.015,229071.9
2024-02-10 04:00:00+00:00,3.015,3.0305,2.974,2.978,206841.3
2024-02-10 08:00:00+00:00,2.978,2.991,2.907,2.932,497071.0
2024-02-10 12:00:00+00:00,2.932,2.942,2.9045,2.927,735316.7
2024-02-10 16:00:00+00:00,2.927,2.948,2.9215,2.9465,203214.9
2024-02-10 20:00:00+00:00,2.9465,3.004,2.9465,2.9605,680990.7
2024-02-11 00:00:00+00:00,2.9605,2.993,2.9435,2.9865,653658.1
2024-02-11 04:00:00+00:00,2.9865,3.035,2.977,2.998,773060.9
2024-02-11 08:00:00+00:00,2.998,3.03,2.986,3.013,395811.2
2024-02-11 12:00:00+00:00,3.013,3.0395,2.924,2.957,1169295.3
2024-02-11 16:00:00+00:00,2.957,2.975,2.9075,2.9135,1132433.5
2024-02-11 20:00:00+00:00,2.9135,2.928,2.862,2.8855,768604.8
2024-02-12 00:00:00+00:00,2.8855,2.9215,2.844,2.8705,489418.4
2024-02-12 04:00:00+00:00,2.8705,2.8955,2.8445,2.8835,323066.1
2024-02-12 08:00:00+00:00,2.8835,2.8905,2.828,2.8545,399337.6
2024-02-12 12:00:00+00:00,2.8545,2.97,2.847,2.9695,689109.2
2024-02-12 16:00:00+00:00,2.9695,3.116,2.952,3.0885,2786636.8
2024-02-12 20:00:00+00:00,3.0885,3.14,3.084,3.1275,1075002.1
2024-02-13 00:00:00+00:00,3.1275,3.1545,3.0395,3.0515,1042748.5
2024-02-13 04:00:00+00:00,3.0515,3.1305,3.0515,3.1285,473096.0
2024-02-13 08:00:00+00:00,3.1285,3.195,3.114,3.155,1910057.2
2024-02-13 12:00:00+00:00,3.155,3.1825,3.0335,3.151,5597654.0
2024-02-13 16:00:00+00:00,3.151,3.1795,3.0825,3.124,1592902.1
2024-02-13 20:00:00+00:00,3.124,3.152,3.0835,3.1055,867400.3
2024-02-14 00:00:00+00:00,3.1055,3.1075,3.054,3.0995,631768.0
2024-02-14 04:00:00+00:00,3.0995,3.1535,3.0785,3.143,424651.4
2024-02-14 08:00:00+00:00,3.143,3.267,3.14,3.2525,2175240.5
2024-02-14 12:00:00+00:00,3.2525,3.3285,3.155,3.176,3352513.8
2024-02-14 16:00:00+00:00,3.176,3.2915,3.1225,3.242,1772781.4
2024-02-14 20:00:00+00:00,3.242,3.3,3.226,3.2855,675427.5
2024-02-15 00:00:00+00:00,3.2855,3.3665,3.26,3.2765,1168276.3
2024-02-15 04:00:00+00:00,3.2765,3.2785,3.173,3.2165,769584.1
2024-02-15 08:00:00+00:00,3.2165,3.246,3.2055,3.2155,900617.1
2024-02-15 12:00:00+00:00,3.2155,3.3315,3.197,3.2325,2857218.5
2024-02-15 16:00:00+00:00,3.2325,3.2405,3.184,3.229,1628453.5
2024-02-15 20:00:00+00:00,3.229,3.2385,3.139,3.2305,984799.0
2024-02-16 00:00:00+00:00,3.2305,3.3645,3.207,3.278,1582063.5
2024-02-16 04:00:00+00:00,3.278,3.3455,3.2575,3.3125,1030392.0
2024-02-16 08:00:00+00:00,3.3125,3.322,3.208,3.291,974974.3
2024-02-16 12:00:00+00:00,3.291,3.326,3.113,3.2015,3012015.1
2024-02-16 16:00:00+00:00,3.2015,3.24,3.159,3.2185,1139456.2
2024-02-16 20:00:00+00:00,3.2185,3.2645,3.211,3.2465,844979.7
2024-02-17 00:00:00+00:00,3.2465,3.255,3.193,3.2115,224438.9
2024-02-17 04:00:00+00:00,3.2115,3.2265,3.1875,3.2045,234006.1
2024-02-17 08:00:00+00:00,3.2045,3.206,3.093,3.137,1172807.3
2024-02-17 12:00:00+00:00,3.137,3.147,3.075,3.123,1047348.9
2024-02-17 16:00:00+00:00,3.123,3.147,3.1025,3.1395,327580.4
2024-02-17 20:00:00+00:00,3.1395,3.1725,3.1115,3.1255,1047323.2
2024-02-18 00:00:00+00:00,3.1255,3.13,3.0765,3.1095,1114711.7
2024-02-18 04:00:00+00:00,3.1095,3.157,3.1035,3.1345,406722.2
2024-02-18 08:00:00+00:00,3.1345,3.1735,3.1285,3.1705,677925.2
2024-02-18 12:00:00+00:00,3.1705,3.1885,3.1435,3.1815,954324.9
2024-02-18 16:00:00+00:00,3.1815,3.2495,3.1545,3.2225,1131197.6
2024-02-18 20:00:00+00:00,3.2225,3.357,3.196,3.337,1262476.9
2024-02-19 00:00:00+00:00,3.337,3.352,3.284,3.3085,1254938.7
2024-02-19 04:00:00+00:00,3.3085,3.396,3.2755,3.352,999939.7
2024-02-19 08:00:00+00:00,3.352,3.3705,3.286,3.3615,809136.9
2024-02-19 12:00:00+00:00,3.3615,3.397,3.2815,3.335,1256896.3
2024-02-19 16:00:00+00:00,3.335,3.416,3.314,3.343,1630475.0
2024-02-19 20:00:00+00:00,3.343,3.4715,3.308,3.4055,2398802.6
2024-02-20 00:00:00+00:00,3.4055,3.418,3.1575,3.1885,3637788.2
2024-02-20 04:00:00+00:00,3.1885,3.2835,3.174,3.2555,1108599.1
2024-02-20 08:00:00+00:00,3.2555,3.26,3.1155,3.2,2850539.5
2024-02-20 12:00:00+00:00,3.2,3.32,3.0585,3.137,5326654.0
2024-02-20 16:00:00+00:00,3.137,3.2155,3.0455,3.214,2688449.1
2024-02-20 20:00:00+00:00,3.214,3.275,3.1835,3.2535,1175442.6
2024-02-21 00:00:00+00:00,3.2535,3.364,3.208,3.2995,2243533.7
2024-02-21 04:00:00+00:00,3.2995,3.324,3.196,3.2105,1049193.4
2024-02-21 08:00:00+00:00,3.2105,3.219,3.0915,3.1045,1675396.5
2024-02-21 12:00:00+00:00,3.1045,3.1505,3.0045,3.046,2292460.6
2024-02-21 16:00:00+00:00,3.046,3.0555,2.941,2.9825,1042045.6
2024-02-21 20:00:00+00:00,2.9825,3.078,2.968,3.071,979220.6
2024-02-22 00:00:00+00:00,3.071,3.074,2.964,3.0215,787179.8
2024-02-22 04:00:00+00:00,3.0215,3.114,3.007,3.1125,860380.8
2024-02-22 08:00:00+00:00,3.1125,3.1665,3.077,3.112,1445521.1
2024-02-22 12:00:00+00:00,3.112,3.136,3.022,3.0805,1587727.9
2024-02-22 16:00:00+00:00,3.0805,3.088,3.0085,3.042,822941.9
2024-02-22 20:00:00+00:00,3.042,3.091,2.953,2.96,1462466.2
2024-02-23 00:00:00+00:00,2.96,3.017,2.942,2.9735,533989.2
2024-02-23 04:00:00+00:00,2.9735,3.0085,2.937,2.964,660732.1
2024-02-23 08:00:00+00:00,2.964,2.992,2.931,2.99,504816.2
2024-02-23 12:00:00+00:00,2.99,3.2245,2.945,3.1675,4143583.9
2024-02-23 16:00:00+00:00,3.1675,3.2135,3.023,3.1625,4019012.5
2024-02-23 20:00:00+00:00,3.1625,3.2,3.039,3.0955,1491087.3
2024-02-24 00:00:00+00:00,3.0955,3.113,3.015,3.086,1605537.9
2024-02-24 04:00:00+00:00,3.086,3.1895,3.0745,3.1765,1381548.1
2024-02-24 08:00:00+00:00,3.1765,3.3395,3.1485,3.2965,2328383.3
2024-02-24 12:00:00+00:00,3.2965,3.3195,3.197,3.235,973060.7
2024-02-24 16:00:00+00:00,3.235,3.2935,3.2335,3.2895,806398.7
2024-02-24 20:00:00+00:00,3.2895,3.3195,3.2715,3.2905,440405.5
2024-02-25 00:00:00+00:00,3.2905,3.3525,3.2445,3.29,1579905.3
2024-02-25 04:00:00+00:00,3.29,3.366,3.282,3.3205,978069.7
2024-02-25 08:00:00+00:00,3.3205,3.349,3.276,3.3475,1270824.9
2024-02-25 12:00:00+00:00,3.3475,3.423,3.319,3.3585,1265537.3
2024-02-25 16:00:00+00:00,3.3585,3.3685,3.313,3.3335,712814.1
2024-02-25 20:00:00+00:00,3.3335,3.442,3.3305,3.389,922092.6
2024-02-26 00:00:00+00:00,3.389,3.427,3.3395,3.373,446893.6
2024-02-26 04:00:00+00:00,3.373,3.44,3.3345,3.353,965875.2
2024-02-26 08:00:00+00:00,3.353,3.4255,3.2905,3.3345,3288272.0
2024-02-26 12:00:00+00:00,3.3345,3.46,3.2875,3.457,1951886.0
2024-02-26 16:00:00+00:00,3.457,3.718,3.4445,3.647,5810289.4
2024-02-26 20:00:00+00:00,3.647,3.6925,3.616,3.627,1135172.9
2024-02-27 00:00:00+00:00,3.627,3.6395,3.5275,3.542,1431257.2
2024-02-27 04:00:00+00:00,3.542,3.5675,3.482,3.537,1006141.7
2024-02-27 08:00:00+00:00,3.537,3.5715,3.5075,3.5205,1017539.5
2024-02-27 12:00:00+00:00,3.5205,3.591,3.446,3.47,2292062.3
2024-02-27 16:00:00+00:00,3.47,3.5605,3.4455,3.484,1813257.1
2024-02-27 20:00:00+00:00,3.484,3.5035,3.4475,3.471,682433.2
2024-02-28 00:00:00+00:00,3.471,3.498,3.442,3.4475,577699.2
2024-02-28 04:00:00+00:00,3.4475,3.532,3.436,3.5235,498281.2
2024-02-28 08:00:00+00:00,3.5235,3.5375,3.3305,3.3735,3964318.4
2024-02-28 12:00:00+00:00,3.3735,3.4405,3.3545,3.406,2610134.8
2024-02-28 16:00:00+00:00,3.406,3.5135,3.0785,3.275,6624881.7
2024-02-28 20:00:00+00:00,3.275,3.465,3.243,3.418,1533596.1
2024-02-29 00:00:00+00:00,3.418,3.598,3.4175,3.5175,2663731.2
2024-02-29 04:00:00+00:00,3.5175,3.5405,3.458,3.528,1334040.9
2024-02-29 08:00:00+00:00,3.528,3.6415,3.5155,3.5765,2257888.9
2024-02-29 12:00:00+00:00,3.5765,3.654,3.522,3.5655,3067835.9
2024-02-29 16:00:00+00:00,3.5655,3.569,3.37,3.4565,3702490.8
2024-02-29 20:00:00+00:00,3.4565,3.4595,3.261,3.365,2971153.1
2024-03-01 00:00:00+00:00,3.365,3.4495,3.354,3.417,829045.3
2024-03-01 04:00:00+00:00,3.417,3.448,3.389,3.398,935931.3
2024-03-01 08:00:00+00:00,3.398,3.452,3.3885,3.4015,422659.3
2024-03-01 12:00:00+00:00,3.4015,3.4375,3.334,3.3465,958023.8
2024-03-01 16:00:00+00:00,3.3465,3.3855,3.2955,3.2995,722416.2
2024-03-01 20:00:00+00:00,3.2995,3.3785,3.2895,3.3555,1397612.5
2024-03-02 00:00:00+00:00,3.3555,3.4285,3.3215,3.4255,815041.1
2024-03-02 04:00:00+00:00,3.4255,3.4395,3.3635,3.406,729715.7
2024-03-02 08:00:00+00:00,3.406,3.4155,3.3255,3.354,875850.5
2024-03-02 12:00:00+00:00,3.354,3.4035,3.3355,3.369,553848.9
2024-03-02 16:00:00+00:00,3.369,3.4065,3.3475,3.3745,714028.8
2024-03-02 20:00:00+00:00,3.3745,3.448,3.363,3.446,608838.9
2024-03-03 00:00:00+00:00,3.446,3.5345,3.426,3.4775,1069417.4
2024-03-03 04:00:00+00:00,3.4775,3.528,3.1545,3.32,3004549.6
2024-03-03 08:00:00+00:00,3.32,3.3475,3.2845,3.3355,1148874.9
2024-03-03 12:00:00+00:00,3.3355,3.3545,3.309,3.341,511848.0
2024-03-03 16:00:00+00:00,3.341,3.3855,3.3275,3.3365,520957.2
2024-03-03 20:00:00+00:00,3.3365,3.361,3.3135,3.3205,382825.0
2024-03-04 00:00:00+00:00,3.3205,3.409,3.309,3.318,1292825.4
2024-03-04 04:00:00+00:00,3.318,3.3715,3.306,3.358,489595.9
2024-03-04 08:00:00+00:00,3.358,3.4115,3.282,3.306,1478288.6
2024-03-04 12:00:00+00:00,3.306,3.336,3.232,3.286,1347811.7
2024-03-04 16:00:00+00:00,3.286,3.302,3.1605,3.27,1723821.6
2024-03-04 20:00:00+00:00,3.27,3.2995,3.233,3.2835,567538.7
2024-03-05 00:00:00+00:00,3.2835,3.327,3.2225,3.309,710345.5
2024-03-05 04:00:00+00:00,3.309,3.5285,3.306,3.387,5813881.0
2024-03-05 08:00:00+00:00,3.387,3.4795,3.3595,3.4425,1629655.8
2024-03-05 12:00:00+00:00,3.4425,3.475,3.3105,3.409,3713387.4
2024-03-05 16:00:00+00:00,3.409,3.4315,2.597,2.914,8321129.2
2024-03-05 20:00:00+00:00,2.914,3.13,2.8835,3.1125,3250175.4
2024-03-06 00:00:00+00:00,3.1125,3.1485,3.001,3.061,968667.4
2024-03-06 04:00:00+00:00,3.061,3.289,3.0515,3.287,1419552.0
2024-03-06 08:00:00+00:00,3.287,3.3725,3.255,3.2595,1603502.8
2024-03-06 12:00:00+00:00,3.2595,3.325,3.1845,3.309,3236335.0
2024-03-06 16:00:00+00:00,3.309,3.386,3.291,3.3565,1393577.0
2024-03-06 20:00:00+00:00,3.3565,3.4205,3.345,3.4055,469295.0
2024-03-07 00:00:00+00:00,3.4055,3.4365,3.3305,3.3455,724924.8
2024-03-07 04:00:00+00:00,3.3455,3.4045,3.304,3.3445,745504.3
2024-03-07 08:00:00+00:00,3.3445,3.3635,3.2905,3.3095,1457415.7
2024-03-07 12:00:00+00:00,3.3095,3.5025,3.284,3.4865,2972360.4
2024-03-07 16:00:00+00:00,3.4865,3.5,3.426,3.4545,1099160.7
2024-03-07 20:00:00+00:00,3.4545,3.532,3.4355,3.4615,1096434.3
2024-03-08 00:00:00+00:00,3.4615,3.514,3.395,3.4085,694183.1
2024-03-08 04:00:00+00:00,3.4085,3.4295,3.3735,3.397,420593.6
2024-03-08 08:00:00+00:00,3.397,3.598,3.393,3.504,2793191.4
2024-03-08 12:00:00+00:00,3.504,3.5105,3.3,3.362,3542826.7
2024-03-08 16:00:00+00:00,3.362,3.4795,3.303,3.4005,2163616.5
2024-03-08 20:00:00+00:00,3.4005,3.4335,3.3945,3.4185,557207.7
2024-03-09 00:00:00+00:00,3.4185,3.449,3.394,3.428,565140.2
2024-03-09 04:00:00+00:00,3.428,3.444,3.401,3.429,441852.7
2024-03-09 08:00:00+00:00,3.429,3.45,3.367,3.4015,1022645.8
2024-03-09 12:00:00+00:00,3.4015,3.461,3.3875,3.4455,838788.2
2024-03-09 16:00:00+00:00,3.4455,3.4505,3.3455,3.3565,1013525.3
2024-03-09 20:00:00+00:00,3.3565,3.38,3.3465,3.365,343213.8
2024-03-10 00:00:00+00:00,3.365,3.404,3.3565,3.392,759761.7
2024-03-10 04:00:00+00:00,3.392,3.4125,3.377,3.4125,422919.4
2024-03-10 08:00:00+00:00,3.4125,3.4225,3.324,3.334,815521.0
2024-03-10 12:00:00+00:00,3.334,3.3435,3.23,3.2655,985697.6
2024-03-10 16:00:00+00:00,3.2655,3.309,3.2515,3.271,399370.0
2024-03-10 20:00:00+00:00,3.271,3.289,3.1625,3.2875,1381611.9
2024-03-11 00:00:00+00:00,3.2875,3.2965,3.147,3.269,2045806.0
2024-03-11 04:00:00+00:00,3.269,3.405,3.2605,3.3935,1233496.6
2024-03-11 08:00:00+00:00,3.3935,3.4335,3.3415,3.3555,1179547.1
2024-03-11 12:00:00+00:00,3.3555,3.3725,3.2865,3.2865,1151930.1
2024-03-11 16:00:00+00:00,3.2865,3.3775,3.258,3.334,964675.5
2024-03-11 20:00:00+00:00,3.334,3.3975,3.3305,3.3785,571127.8
2024-03-12 00:00:00+00:00,3.3785,3.405,3.3435,3.3555,788141.1
2024-03-12 04:00:00+00:00,3.3555,3.403,3.3,3.334,1295386.9
2024-03-12 08:00:00+00:00,3.334,3.3495,3.2325,3.2715,1048216.6
2024-03-12 12:00:00+00:00,3.2715,3.292,3.201,3.288,1757369.2
2024-03-12 16:00:00+00:00,3.288,3.2985,3.1005,3.2715,2707776.3
2024-03-12 20:00:00+00:00,3.2715,3.3185,3.2215,3.3185,635871.8
2024-03-13 00:00:00+00:00,3.3185,3.4365,3.314,3.389,1236474.5
2024-03-13 04:00:00+00:00,3.389,3.6475,3.3705,3.534,2782020.3
2024-03-13 08:00:00+00:00,3.534,3.601,3.486,3.545,1662510.3
2024-03-13 12:00:00+00:00,3.545,3.579,3.383,3.411,2936543.5
2024-03-13 16:00:00+00:00,3.411,3.4425,3.3825,3.397,880779.1
2024-03-13 20:00:00+00:00,3.397,3.4435,3.371,3.4355,706357.3
2024-03-14 00:00:00+00:00,3.4355,3.4445,3.3605,3.3715,689228.3
2024-03-14 04:00:00+00:00,3.3715,3.3715,3.292,3.309,868076.7
2024-03-14 08:00:00+00:00,3.309,3.378,3.284,3.3255,932256.2
2024-03-14 12:00:00+00:00,3.3255,3.338,3.1515,3.159,2708296.1
2024-03-14 16:00:00+00:00,3.159,3.2135,3.043,3.1085,3013274.5
2024-03-14 20:00:00+00:00,3.1085,3.205,3.1035,3.192,844318.2
2024-03-15 00:00:00+00:00,3.192,3.222,2.899,3.027,2898398.9
2024-03-15 04:00:00+00:00,3.027,3.0425,2.958,3.0155,1460299.9
2024-03-15 08:00:00+00:00,3.0155,3.0185,2.8075,2.9435,3192693.3
2024-03-15 12:00:00+00:00,2.9435,2.9565,2.8805,2.917,1171421.5
2024-03-15 16:00:00+00:00,2.917,3.0105,2.8805,2.9125,1095173.3
2024-03-15 20:00:00+00:00,2.9125,2.9625,2.8445,2.9525,1030325.4
2024-03-16 00:00:00+00:00,2.9525,2.994,2.9435,2.98,490207.7
2024-03-16 04:00:00+00:00,2.98,2.9885,2.912,2.988,735021.0
2024-03-16 08:00:00+00:00,2.988,2.991,2.873,2.9055,1261708.2
2024-03-16 12:00:00+00:00,2.9055,2.912,2.816,2.8565,818606.4
2024-03-16 16:00:00+00:00,2.8565,2.858,2.6605,2.699,2229211.4
2024-03-16 20:00:00+00:00,2.699,2.7365,2.6565,2.722,934894.8
2024-03-17 00:00:00+00:00,2.722,2.765,2.671,2.7575,629709.5
2024-03-17 04:00:00+00:00,2.7575,2.7585,2.56,2.633,1321708.5
2024-03-17 08:00:00+00:00,2.633,2.732,2.6205,2.7035,897867.7
2024-03-17 12:00:00+00:00,2.7035,2.7565,2.648,2.742,881923.8
2024-03-17 16:00:00+00:00,2.742,2.7485,2.7005,2.746,743106.6
2024-03-17 20:00:00+00:00,2.746,2.768,2.7115,2.726,416970.3
2024-03-18 00:00:00+00:00,2.726,2.7455,2.6395,2.7065,924532.9
2024-03-18 04:00:00+00:00,2.7065,2.747,2.669,2.707,703669.3
2024-03-18 08:00:00+00:00,2.707,2.7085,2.6115,2.639,1062646.7
2024-03-18 12:00:00+00:00,2.639,2.653,2.5,2.5105,4303085.0
2024-03-18 16:00:00+00:00,2.5105,2.541,2.4325,2.4485,2029936.1
2024-03-18 20:00:00+00:00,2.4485,2.6965,2.4485,2.5085,6998107.8
2024-03-19 00:00:00+00:00,2.5085,2.556,2.377,2.4455,4300126.8
2024-03-19 04:00:00+00:00,2.4455,2.4635,2.2505,2.373,3409994.1
2024-03-19 08:00:00+00:00,2.373,2.374,2.2325,2.361,3742857.4
2024-03-19 12:00:00+00:00,2.361,2.458,2.336,2.431,2117056.1
2024-03-19 16:00:00+00:00,2.431,2.445,2.3835,2.414,1614040.5
2024-03-19 20:00:00+00:00,2.414,2.4195,2.2575,2.311,2128433.8
2024-03-20 00:00:00+00:00,2.311,2.4095,2.297,2.326,1598654.1
2024-03-20 04:00:00+00:00,2.326,2.45,2.239,2.432,2067779.0
2024-03-20 08:00:00+00:00,2.432,2.4555,2.392,2.4365,1690120.2
2024-03-20 12:00:00+00:00,2.4365,2.4825,2.3975,2.412,2693086.2
2024-03-20 16:00:00+00:00,2.412,2.5505,2.274,2.537,8195566.7
2024-03-20 20:00:00+00:00,2.537,2.616,2.525,2.6075,1676014.5
2024-03-21 00:00:00+00:00,2.6075,2.676,2.5835,2.637,1476329.9
2024-03-21 04:00:00+00:00,2.637,2.649,2.566,2.6125,735796.6
2024-03-21 08:00:00+00:00,2.6125,2.709,2.609,2.682,2063774.5
2024-03-21 12:00:00+00:00,2.682,2.867,2.681,2.7765,4141065.0
2024-03-21 16:00:00+00:00,2.7765,2.8205,2.715,2.76,2699638.6
2024-03-21 20:00:00+00:00,2.76,2.957,2.731,2.866,4490162.1
2024-03-22 00:00:00+00:00,2.866,2.8895,2.774,2.8185,1774289.6
2024-03-22 04:00:00+00:00,2.8185,2.819,2.757,2.795,1326332.6
2024-03-22 08:00:00+00:00,2.795,2.837,2.7175,2.7325,3117088.3
2024-03-22 12:00:00+00:00,2.7325,3.0155,2.717,2.893,7161590.5
2024-03-22 16:00:00+00:00,2.893,2.894,2.7435,2.7645,3394727.0
2024-03-22 20:00:00+00:00,2.7645,2.774,2.677,2.758,2054049.6
2024-03-23 00:00:00+00:00,2.758,2.823,2.722,2.8075,1379742.0
2024-03-23 04:00:00+00:00,2.8075,2.844,2.771,2.7865,886465.7
2024-03-23 08:00:00+00:00,2.7865,2.84,2.7645,2.827,1047774.4
2024-03-23 12:00:00+00:00,2.827,3.006,2.815,2.8925,4959253.8
2024-03-23 16:00:00+00:00,2.8925,2.922,2.853,2.885,1546981.6
2024-03-23 20:00:00+00:00,2.885,2.9665,2.8725,2.92,1869784.4
2024-03-24 00:00:00+00:00,2.92,2.9775,2.888,2.896,1143746.5
2024-03-24 04:00:00+00:00,2.896,2.9405,2.8605,2.878,1315302.3
2024-03-24 08:00:00+00:00,2.878,3.041,2.869,3.021,1652648.5
2024-03-24 12:00:00+00:00,3.021,3.1555,2.974,3.0925,5959342.0
2024-03-24 16:00:00+00:00,3.0925,3.193,3.053,3.1635,2324304.0
2024-03-24 20:00:00+00:00,3.1635,3.1995,3.1185,3.133,1357762.7
2024-03-25 00:00:00+00:00,3.133,3.1985,3.1025,3.1865,1004198.4
2024-03-25 04:00:00+00:00,3.1865,3.3065,3.181,3.2865,2080819.8
2024-03-25 08:00:00+00:00,3.2865,3.403,3.183,3.216,4637225.5
2024-03-25 12:00:00+00:00,3.216,3.258,3.152,3.257,5142962.5
2024-03-25 16:00:00+00:00,3.257,3.406,3.2255,3.356,3627213.5
2024-03-25 20:00:00+00:00,3.356,3.3615,3.283,3.313,1446176.4
2024-03-26 00:00:00+00:00,3.313,3.3205,3.2805,3.315,891346.8
2024-03-26 04:00:00+00:00,3.315,3.378,3.29,3.308,1533844.4
2024-03-26 08:00:00+00:00,3.308,3.342,3.2285,3.234,2392613.9
2024-03-26 12:00:00+00:00,3.234,3.2555,3.1345,3.1765,2702904.0
2024-03-26 16:00:00+00:00,3.1765,3.1905,3.106,3.1245,1864749.4
2024-03-26 20:00:00+00:00,3.1245,3.184,3.1185,3.1355,937467.2
2024-03-27 00:00:00+00:00,3.1355,3.3085,3.1235,3.2335,1894996.5
2024-03-27 04:00:00+00:00,3.2335,3.273,3.1515,3.174,1587612.4
2024-03-27 08:00:00+00:00,3.174,3.1955,3.098,3.1265,1459777.3
2024-03-27 12:00:00+00:00,3.1265,3.2985,3.039,3.0505,7038998.2
2024-03-27 16:00:00+00:00,3.0505,3.0885,2.9375,2.957,3146574.2
2024-03-27 20:00:00+00:00,2.957,3.01,2.954,2.9635,1098556.4
2024-03-28 00:00:00+00:00,2.9635,2.9875,2.9015,2.9305,2273726.0
2024-03-28 04:00:00+00:00,2.9305,2.9825,2.9205,2.9675,944981.4
2024-03-28 08:00:00+00:00,2.9675,2.989,2.946,2.9615,1352665.7
2024-03-28 12:00:00+00:00,2.9615,2.9715,2.893,2.9335,1287901.3
2024-03-28 16:00:00+00:00,2.9335,2.9345,2.8935,2.9035,785867.0
2024-03-28 20:00:00+00:00,2.9035,2.9165,2.832,2.889,1803795.8
2024-03-29 00:00:00+00:00,2.889,2.905,2.83,2.855,1233959.0
2024-03-29 04:00:00+00:00,2.855,2.878,2.8015,2.821,819832.6
2024-03-29 08:00:00+00:00,2.821,2.9065,2.8175,2.897,970750.1
2024-03-29 12:00:00+00:00,2.897,2.906,2.856,2.8715,2046246.5
2024-03-29 16:00:00+00:00,2.8715,2.8965,2.829,2.835,1040010.8
2024-03-29 20:00:00+00:00,2.835,2.838,2.7925,2.8075,780304.2
2024-03-30 00:00:00+00:00,2.8075,2.8525,2.7895,2.8115,464500.0
2024-03-30 04:00:00+00:00,2.8115,2.8955,2.803,2.808,712652.2
2024-03-30 08:00:00+00:00,2.808,2.8495,2.7955,2.848,807962.3
2024-03-30 12:00:00+00:00,2.848,2.8515,2.7995,2.8265,655517.7
2024-03-30 16:00:00+00:00,2.8265,2.861,2.797,2.8285,497831.3
2024-03-30 20:00:00+00:00,2.8285,2.833,2.7605,2.7895,581035.0
2024-03-31 00:00:00+00:00,2.7895,2.829,2.7745,2.799,324577.5
2024-03-31 04:00:00+00:00,2.799,2.9245,2.7885,2.9185,1475882.6
2024-03-31 08:00:00+00:00,2.9185,2.935,2.879,2.9035,821204.2
2024-03-31 12:00:00+00:00,2.9035,2.949,2.882,2.935,1293976.9
2024-03-31 16:00:00+00:00,2.935,2.974,2.915,2.969,1136680.0
2024-03-31 20:00:00+00:00,2.969,2.9755,2.9175,2.9675,1793114.9
2024-04-01 00:00:00+00:00,2.9675,2.976,2.897,2.898,761683.4
2024-04-01 04:00:00+00:00,2.898,2.8995,2.7205,2.8515,3114834.5
2024-04-01 08:00:00+00:00,2.8515,2.861,2.791,2.8055,764275.7
2024-04-01 12:00:00+00:00,2.8055,2.882,2.7465,2.7635,1653667.9
2024-04-01 16:00:00+00:00,2.7635,2.8405,2.709,2.8365,1316122.0
2024-04-01 20:00:00+00:00,2.8365,2.851,2.807,2.839,765539.3
2024-04-02 00:00:00+00:00,2.839,2.857,2.627,2.6805,2721025.2
2024-04-02 04:00:00+00:00,2.6805,2.694,2.607,2.6545,1257551.5
2024-04-02 08:00:00+00:00,2.6545,2.663,2.5605,2.642,2270952.4
2024-04-02 12:00:00+00:00,2.642,2.71,2.5735,2.629,1237757.6
2024-04-02 16:00:00+00:00,2.629,2.6725,2.607,2.6585,621813.4
2024-04-02 20:00:00+00:00,2.6585,2.673,2.5785,2.6,1467186.8
2024-04-03 00:00:00+00:00,2.6,2.672,2.4915,2.6585,1791905.1
2024-04-03 04:00:00+00:00,2.6585,2.668,2.627,2.6535,657325.6
2024-04-03 08:00:00+00:00,2.6535,2.691,2.612,2.6175,805728.2
2024-04-03 12:00:00+00:00,2.6175,2.6275,2.5425,2.56,1245571.8
2024-04-03 16:00:00+00:00,2.56,2.5935,2.5005,2.505,1059263.9
2024-04-03 20:00:00+00:00,2.505,2.5875,2.464,2.5505,2551671.7
2024-04-04 00:00:00+00:00,2.5505,2.6265,2.54,2.5615,1888369.9
2024-04-04 04:00:00+00:00,2.5615,2.6285,2.539,2.625,631924.3
2024-04-04 08:00:00+00:00,2.625,2.6385,2.6065,2.6175,667514.2
2024-04-04 12:00:00+00:00,2.6175,2.686,2.6065,2.632,1135110.6
2024-04-04 16:00:00+00:00,2.632,2.6805,2.6195,2.624,630761.2
2024-04-04 20:00:00+00:00,2.624,2.6265,2.521,2.5635,1308962.5
2024-04-05 00:00:00+00:00,2.5635,2.5645,2.45,2.49,976295.5
2024-04-05 04:00:00+00:00,2.49,2.4915,2.42,2.4415,1031467.7
2024-04-05 08:00:00+00:00,2.4415,2.4565,2.368,2.38,1326251.4
2024-04-05 12:00:00+00:00,2.38,2.6615,2.361,2.645,4858045.3
2024-04-05 16:00:00+00:00,2.645,2.693,2.5555,2.5705,4285655.9
2024-04-05 20:00:00+00:00,2.5705,2.6275,2.567,2.6145,811133.9
2024-04-06 00:00:00+00:00,2.6145,2.6385,2.5465,2.5725,1309547.9
2024-04-06 04:00:00+00:00,2.5725,2.5945,2.5465,2.5565,465548.1
2024-04-06 08:00:00+00:00,2.5565,2.584,2.539,2.5435,464552.5
2024-04-06 12:00:00+00:00,2.5435,2.544,2.509,2.5305,524491.0
2024-04-06 16:00:00+00:00,2.5305,2.5405,2.499,2.5075,482669.8
2024-04-06 20:00:00+00:00,2.5075,2.5715,2.501,2.538,1167405.0
2024-04-07 00:00:00+00:00,2.538,2.6105,2.483,2.604,2351084.8
2024-04-07 04:00:00+00:00,2.604,2.6105,2.559,2.5715,831709.7
2024-04-07 08:00:00+00:00,2.5715,2.642,2.5685,2.618,1513175.7
2024-04-07 12:00:00+00:00,2.618,2.691,2.6165,2.6785,1090267.6
2024-04-07 16:00:00+00:00,2.6785,2.713,2.61,2.6265,1082605.9
2024-04-07 20:00:00+00:00,2.6265,2.707,2.623,2.697,878426.7
2024-04-08 00:00:00+00:00,2.697,2.753,2.6775,2.715,1691890.4
2024-04-08 04:00:00+00:00,2.715,2.77,2.69,2.755,1376802.4
2024-04-08 08:00:00+00:00,2.755,3.049,2.7505,2.9885,5245827.5
2024-04-08 12:00:00+00:00,2.9885,3.0525,2.972,2.9815,3519234.3
2024-04-08 16:00:00+00:00,2.9815,3.0265,2.9515,2.9665,1629672.9
2024-04-08 20:00:00+00:00,2.9665,2.9835,2.9395,2.9545,690821.1
2024-04-09 00:00:00+00:00,2.9545,3.0025,2.936,2.9575,1338885.8
2024-04-09 04:00:00+00:00,2.9575,3.0135,2.9075,2.931,2190989.2
2024-04-09 08:00:00+00:00,2.931,2.993,2.8635,2.9005,2606378.6
2024-04-09 12:00:00+00:00,2.9005,2.907,2.741,2.79,3040664.0
2024-04-09 16:00:00+00:00,2.79,2.7905,2.706,2.7275,1030188.4
2024-04-09 20:00:00+00:00,2.7275,2.735,2.678,2.683,1412910.3
2024-04-10 00:00:00+00:00,2.683,2.722,2.6115,2.665,1521761.2
2024-04-10 04:00:00+00:00,2.665,2.698,2.657,2.6675,854695.3
2024-04-10 08:00:00+00:00,2.6675,2.6725,2.61,2.65,865305.2
2024-04-10 12:00:00+00:00,2.65,2.718,2.5605,2.695,2790650.4
2024-04-10 16:00:00+00:00,2.695,2.739,2.632,2.6385,1595901.7
2024-04-10 20:00:00+00:00,2.6385,2.6515,2.585,2.6235,1149832.0
2024-04-11 00:00:00+00:00,2.6235,2.634,2.5535,2.602,949644.7
2024-04-11 04:00:00+00:00,2.602,2.6285,2.5735,2.603,762309.5
2024-04-11 08:00:00+00:00,2.603,2.615,2.5105,2.516,1031964.0
2024-04-11 12:00:00+00:00,2.516,2.573,2.495,2.512,2005075.5
2024-04-11 16:00:00+00:00,2.512,2.547,2.471,2.5375,1153216.1
2024-04-11 20:00:00+00:00,2.5375,2.563,2.532,2.557,446551.2
2024-04-12 00:00:00+00:00,2.557,2.5835,2.5405,2.553,596780.8
2024-04-12 04:00:00+00:00,2.553,2.56,2.4975,2.5025,528865.8
2024-04-12 08:00:00+00:00,2.5025,2.521,2.4825,2.5,497260.7
2024-04-12 12:00:00+00:00,2.5,2.501,2.4205,2.4265,1963121.2
2024-04-12 16:00:00+00:00,2.4265,2.4285,1.786,2.102,17691796.2
2024-04-12 20:00:00+00:00,2.102,2.147,2.079,2.113,3503831.6
2024-04-13 00:00:00+00:00,2.113,2.1175,2.0205,2.075,2164814.0
2024-04-13 04:00:00+00:00,2.075,2.1265,2.061,2.1005,1288685.8
2024-04-13 08:00:00+00:00,2.1005,2.101,2.033,2.056,1951395.9
2024-04-13 12:00:00+00:00,2.056,2.094,2.0,2.015,1928436.1
2024-04-13 16:00:00+00:00,2.015,2.0255,1.6405,1.7655,9024108.2
2024-04-13 20:00:00+00:00,1.7655,1.867,1.4765,1.845,22964536.1
2024-04-14 00:00:00+00:00,1.845,1.869,1.768,1.866,5503897.2
2024-04-14 04:00:00+00:00,1.866,2.003,1.8505,2.0025,2920669.4
2024-04-14 08:00:00+00:00,2.0025,2.0065,1.936,1.9425,1908100.5
2024-04-14 12:00:00+00:00,1.9425,2.0075,1.924,1.9765,3395464.9
2024-04-14 16:00:00+00:00,1.9765,2.025,1.8685,2.0095,7470285.5
2024-04-14 20:00:00+00:00,2.0095,2.1665,1.9855,2.108,2238028.9
2024-04-15 00:00:00+00:00,2.108,2.109,2.0375,2.0495,1024018.3
2024-04-15 04:00:00+00:00,2.0495,2.156,2.0285,2.1175,1919543.4
2024-04-15 08:00:00+00:00,2.1175,2.1365,2.0535,2.061,1872602.6
2024-04-15 12:00:00+00:00,2.061,2.088,1.9735,2.0145,3809735.3
2024-04-15 16:00:00+00:00,2.0145,2.0765,1.9515,2.068,3970192.9
2024-04-15 20:00:00+00:00,2.068,2.106,2.0135,2.044,1387164.5
2024-04-16 00:00:00+00:00,2.044,2.0785,1.9825,1.995,1494837.9
2024-04-16 04:00:00+00:00,1.995,2.0455,1.9205,2.026,3134995.4
2024-04-16 08:00:00+00:00,2.026,2.0335,1.914,1.996,1985937.4
2024-04-16 12:00:00+00:00,1.996,1.9975,1.8965,1.9035,1894907.6
2024-04-16 16:00:00+00:00,1.9035,2.014,1.898,1.9805,1444938.4
2024-04-16 20:00:00+00:00,1.9805,2.024,1.978,2.004,558002.0
2024-04-17 00:00:00+00:00,2.004,2.0205,1.9715,1.995,419328.8
2024-04-17 04:00:00+00:00,1.995,2.0315,1.9755,1.99,562497.2
2024-04-17 08:00:00+00:00,1.99,2.002,1.9445,1.9475,551962.3
2024-04-17 12:00:00+00:00,1.9475,1.976,1.874,1.8885,2185435.9
2024-04-17 16:00:00+00:00,1.8885,1.974,1.863,1.9325,3147012.7
2024-04-17 20:00:00+00:00,1.9325,1.947,1.887,1.891,551426.4
2024-04-18 00:00:00+00:00,1.891,1.949,1.844,1.925,785170.2
2024-04-18 04:00:00+00:00,1.925,1.947,1.8805,1.8995,580330.9
2024-04-18 08:00:00+00:00,1.8995,1.9955,1.8875,1.986,687104.7
2024-04-18 12:00:00+00:00,1.986,2.0075,1.94,1.998,924603.3
2024-04-18 16:00:00+00:00,1.998,2.0075,1.935,1.9825,494779.2
2024-04-18 20:00:00+00:00,1.9825,2.0035,1.9765,1.9865,283763.9
2024-04-19 00:00:00+00:00,1.9865,1.987,1.836,1.932,1082125.0
2024-04-19 04:00:00+00:00,1.932,2.049,1.93,2.021,945780.2
2024-04-19 08:00:00+00:00,2.021,2.0505,2.012,2.0275,709973.5
2024-04-19 12:00:00+00:00,2.0275,2.0375,1.9825,2.0065,872820.5
2024-04-19 16:00:00+00:00,2.0065,2.0175,1.976,2.011,505298.7
2024-04-19 20:00:00+00:00,2.011,2.0165,1.951,1.9835,490993.6
2024-04-20 00:00:00+00:00,1.9835,2.0045,1.957,1.988,335751.8
2024-04-20 04:00:00+00:00,1.988,2.0015,1.9805,1.988,207673.8
2024-04-20 08:00:00+00:00,1.988,1.99,1.952,1.972,312351.3
2024-04-20 12:00:00+00:00,1.972,2.05,1.9655,2.048,386691.9
2024-04-20 16:00:00+00:00,2.048,2.1135,2.033,2.0975,662651.1
2024-04-20 20:00:00+00:00,2.0975,2.113,2.0855,2.104,239951.9
2024-04-21 00:00:00+00:00,2.104,2.138,2.0745,2.104,370989.6
2024-04-21 04:00:00+00:00,2.104,2.1135,2.0895,2.112,261610.0
2024-04-21 08:00:00+00:00,2.112,2.138,2.092,2.1105,562241.3
2024-04-21 12:00:00+00:00,2.1105,2.1115,2.0685,2.09,363061.6
2024-04-21 16:00:00+00:00,2.09,2.092,2.0485,2.074,464830.5
2024-04-21 20:00:00+00:00,2.074,2.104,2.0675,2.0825,211432.4
2024-04-22 00:00:00+00:00,2.0825,2.1495,2.07,2.137,422938.0
2024-04-22 04:00:00+00:00,2.137,2.1635,2.1255,2.1265,379377.3
2024-04-22 08:00:00+00:00,2.1265,2.1415,2.104,2.127,473517.5
2024-04-22 12:00:00+00:00,2.127,2.1405,2.094,2.1205,478168.9
2024-04-22 16:00:00+00:00,2.1205,2.155,2.1045,2.134,339255.9
2024-04-22 20:00:00+00:00,2.134,2.176,2.1295,2.147,292708.9
2024-04-23 00:00:00+00:00,2.147,2.1765,2.118,2.1235,214536.4
2024-04-23 04:00:00+00:00,2.1235,2.145,2.099,2.11,263223.3
2024-04-23 08:00:00+00:00,2.11,2.133,2.0935,2.1035,372131.6
2024-04-23 12:00:00+00:00,2.1035,2.157,2.094,2.1315,863276.5
2024-04-23 16:00:00+00:00,2.1315,2.1425,2.101,2.113,367501.2
2024-04-23 20:00:00+00:00,2.113,2.1185,2.089,2.1045,300008.7
2024-04-24 00:00:00+00:00,2.1045,2.138,2.0885,2.116,277584.8
2024-04-24 04:00:00+00:00,2.116,2.164,2.1125,2.135,298025.2
2024-04-24 08:00:00+00:00,2.135,2.187,2.1175,2.169,505782.3
2024-04-24 12:00:00+00:00,2.169,2.184,2.041,2.0475,1388837.4
2024-04-24 16:00:00+00:00,2.0475,2.0655,2.0005,2.036,681524.4
2024-04-24 20:00:00+00:00,2.036,2.0445,1.979,2.006,496561.8
2024-04-25 00:00:00+00:00,2.006,2.023,1.9705,1.9825,336641.0
2024-04-25 04:00:00+00:00,1.9825,2.0065,1.954,1.9825,522313.1
2024-04-25 08:00:00+00:00,1.9825,1.9985,1.9465,1.97,947264.7
2024-04-25 12:00:00+00:00,1.97,2.044,1.9525,2.044,1024822.4
2024-04-25 16:00:00+00:00,2.044,2.0535,2.015,2.04,1224795.5
2024-04-25 20:00:00+00:00,2.04,2.0685,2.0235,2.0305,295819.3
2024-04-26 00:00:00+00:00,2.0305,2.034,1.9825,1.999,384157.4
2024-04-26 04:00:00+00:00,1.999,2.0165,1.98,1.9825,245978.4
2024-04-26 08:00:00+00:00,1.9825,1.993,1.9565,1.9625,308456.8
2024-04-26 12:00:00+00:00,1.9625,2.006,1.932,1.9695,782608.1
2024-04-26 16:00:00+00:00,1.9695,1.983,1.9545,1.9655,332814.1
2024-04-26 20:00:00+00:00,1.9655,1.979,1.9305,1.948,310569.3
2024-04-27 00:00:00+00:00,1.948,1.9595,1.8725,1.9315,945617.6
2024-04-27 04:00:00+00:00,1.9315,1.954,1.9285,1.9355,151395.4
2024-04-27 08:00:00+00:00,1.9355,1.949,1.9155,1.9305,138220.0
2024-04-27 12:00:00+00:00,1.9305,1.974,1.926,1.953,455544.8
2024-04-27 16:00:00+00:00,1.953,2.1075,1.9405,2.039,2351916.0
2024-04-27 20:00:00+00:00,2.039,2.073,2.0105,2.0545,894261.2
2024-04-28 00:00:00+00:00,2.0545,2.154,2.046,2.1195,1125148.2
2024-04-28 04:00:00+00:00,2.1195,2.1235,2.0805,2.106,563676.9
2024-04-28 08:00:00+00:00,2.106,2.113,2.038,2.045,916282.6
2024-04-28 12:00:00+00:00,2.045,2.1055,2.039,2.0935,792355.1
2024-04-28 16:00:00+00:00,2.0935,2.1685,2.084,2.1455,1139982.1
2024-04-28 20:00:00+00:00,2.1455,2.1615,2.113,2.1265,1760586.1
2024-04-29 00:00:00+00:00,2.1265,2.208,2.089,2.0935,2544955.4
2024-04-29 04:00:00+00:00,2.0935,2.2045,2.0625,2.1385,4228615.0
2024-04-29 08:00:00+00:00,2.1385,2.1835,2.065,2.1035,4726082.3
2024-04-29 12:00:00+00:00,2.1035,2.1765,2.092,2.111,2957214.4
2024-04-29 16:00:00+00:00,2.111,2.115,2.021,2.086,2596433.8
2024-04-29 20:00:00+00:00,2.086,2.2515,2.0485,2.1925,2705454.1
2024-04-30 00:00:00+00:00,2.1925,2.201,2.1285,2.136,1956533.0
2024-04-30 04:00:00+00:00,2.136,2.1645,2.1265,2.149,828794.1
2024-04-30 08:00:00+00:00,2.149,2.1555,1.944,1.954,3362373.1
2024-04-30 12:00:00+00:00,1.954,1.966,1.8515,1.867,4226463.8
2024-04-30 16:00:00+00:00,1.867,1.875,1.816,1.825,2533782.1
2024-04-30 20:00:00+00:00,1.825,1.921,1.8245,1.8705,3245710.8
2024-05-01 00:00:00+00:00,1.8705,1.8895,1.8415,1.883,2488975.4
2024-05-01 04:00:00+00:00,1.883,1.9415,1.8345,1.8615,3578727.1
2024-05-01 08:00:00+00:00,1.8615,1.898,1.812,1.8905,2941547.8
2024-05-01 12:00:00+00:00,1.8905,1.9435,1.8815,1.9015,2994315.8
2024-05-01 16:00:00+00:00,1.9015,1.9875,1.8575,1.891,3252170.7
2024-05-01 20:00:00+00:00,1.891,1.954,1.8735,1.939,1561871.6
2024-05-02 00:00:00+00:00,1.939,1.9525,1.8725,1.9185,736416.5
2024-05-02 04:00:00+00:00,1.9185,1.949,1.899,1.929,566468.0
2024-05-02 08:00:00+00:00,1.929,1.9825,1.924,1.979,1201595.7
2024-05-02 12:00:00+00:00,1.979,1.985,1.9455,1.9685,1273341.4
2024-05-02 16:00:00+00:00,1.9685,1.9825,1.951,1.9675,668818.2
2024-05-02 20:00:00+00:00,1.9675,1.9965,1.948,1.971,484282.8
2024-05-03 00:00:00+00:00,1.971,2.0455,1.9595,2.033,1303075.4
2024-05-03 04:00:00+00:00,2.033,2.087,2.0275,2.0575,1348283.5
2024-05-03 08:00:00+00:00,2.0575,2.0645,2.023,2.0395,932383.9
2024-05-03 12:00:00+00:00,2.0395,2.164,2.0195,2.152,2281707.5
2024-05-03 16:00:00+00:00,2.152,2.165,2.1125,2.1575,813480.7
2024-05-03 20:00:00+00:00,2.1575,2.1835,2.117,2.1225,1464362.1
2024-05-04 00:00:00+00:00,2.1225,2.13,2.066,2.0705,1050220.5
2024-05-04 04:00:00+00:00,2.0705,2.0895,2.064,2.068,413571.0
2024-05-04 08:00:00+00:00,2.068,2.1135,2.0675,2.0835,857592.0
2024-05-04 12:00:00+00:00,2.0835,2.1015,2.062,2.0805,681985.3
2024-05-04 16:00:00+00:00,2.0805,2.094,2.0645,2.0905,748382.4
2024-05-04 20:00:00+00:00,2.0905,2.096,2.0545,2.063,362576.5
2024-05-05 00:00:00+00:00,2.063,2.0745,2.0175,2.031,968615.1
2024-05-05 04:00:00+00:00,2.031,2.042,2.012,2.0305,263700.8
2024-05-05 08:00:00+00:00,2.0305,2.057,2.0175,2.037,383933.2
2024-05-05 12:00:00+00:00,2.037,2.0685,2.011,2.0645,863775.8
2024-05-05 16:00:00+00:00,2.0645,2.065,2.0195,2.0295,695972.3
2024-05-05 20:00:00+00:00,2.0295,2.033,1.998,2.021,812826.0
2024-05-06 00:00:00+00:00,2.021,2.0545,2.0035,2.009,510471.0
2024-05-06 04:00:00+00:00,2.009,2.0555,1.996,2.0215,888267.3
2024-05-06 08:00:00+00:00,2.0215,2.079,1.9795,2.0075,2135854.4
2024-05-06 12:00:00+00:00,2.0075,2.0125,1.9345,1.973,1863347.7
2024-05-06 16:00:00+00:00,1.973,1.9795,1.9325,1.9535,552964.3
2024-05-06 20:00:00+00:00,1.9535,1.9615,1.9345,1.937,338389.3
2024-05-07 00:00:00+00:00,1.937,1.958,1.9035,1.9205,690126.9
2024-05-07 04:00:00+00:00,1.9205,1.929,1.9025,1.916,406497.9
2024-05-07 08:00:00+00:00,1.916,1.9615,1.914,1.9325,1224781.6
2024-05-07 12:00:00+00:00,1.9325,2.0025,1.928,1.9665,951053.1
2024-05-07 16:00:00+00:00,1.9665,1.975,1.941,1.9705,810629.8
2024-05-07 20:00:00+00:00,1.9705,2.0005,1.961,1.967,859137.4
2024-05-08 00:00:00+00:00,1.967,1.994,1.9305,1.982,615232.0
2024-05-08 04:00:00+00:00,1.982,2.004,1.9525,1.9575,1319078.2
2024-05-08 08:00:00+00:00,1.9575,2.0125,1.9475,1.96,2183676.8
2024-05-08 12:00:00+00:00,1.96,2.014,1.9505,1.964,1420766.3
2024-05-08 16:00:00+00:00,1.964,1.972,1.893,1.907,1733061.1
2024-05-08 20:00:00+00:00,1.907,1.918,1.839,1.851,2053007.7
2024-05-09 00:00:00+00:00,1.851,1.8775,1.846,1.865,684107.4
2024-05-09 04:00:00+00:00,1.865,1.8855,1.857,1.8695,532240.4
2024-05-09 08:00:00+00:00,1.8695,1.893,1.8465,1.8825,674879.6
2024-05-09 12:00:00+00:00,1.8825,1.946,1.8705,1.937,986886.9
2024-05-09 16:00:00+00:00,1.937,1.9425,1.864,1.8735,1706730.8
2024-05-09 20:00:00+00:00,1.8735,1.907,1.857,1.9,732585.7
2024-05-10 00:00:00+00:00,1.9,1.9005,1.876,1.8925,622416.2
2024-05-10 04:00:00+00:00,1.8925,1.913,1.887,1.9035,464029.0
2024-05-10 08:00:00+00:00,1.9035,1.906,1.873,1.885,685003.5
2024-05-10 12:00:00+00:00,1.885,1.8915,1.7815,1.796,2454481.1
2024-05-10 16:00:00+00:00,1.796,1.808,1.7515,1.768,2693086.6
2024-05-10 20:00:00+00:00,1.768,1.781,1.7535,1.7575,1072818.2
2024-05-11 00:00:00+00:00,1.7575,1.7885,1.7415,1.759,777067.3
2024-05-11 04:00:00+00:00,1.759,1.779,1.752,1.772,539311.6
2024-05-11 08:00:00+00:00,1.772,1.773,1.746,1.76,550639.2
2024-05-11 12:00:00+00:00,1.76,1.7995,1.751,1.79,619733.1
2024-05-11 16:00:00+00:00,1.79,1.807,1.7835,1.7905,482516.2
2024-05-11 20:00:00+00:00,1.7905,1.7905,1.755,1.763,230674.5
2024-05-12 00:00:00+00:00,1.763,1.7875,1.7605,1.7725,365895.9
2024-05-12 04:00:00+00:00,1.7725,1.7905,1.7595,1.7645,451513.3
2024-05-12 08:00:00+00:00,1.7645,1.79,1.7605,1.7735,291826.7
2024-05-12 12:00:00+00:00,1.7735,1.7885,1.77,1.782,194823.6
2024-05-12 16:00:00+00:00,1.782,1.7975,1.772,1.7885,749942.4
2024-05-12 20:00:00+00:00,1.7885,1.7895,1.767,1.78,320120.8
2024-05-13 00:00:00+00:00,1.78,1.7965,1.711,1.7345,1206476.8
2024-05-13 04:00:00+00:00,1.7345,1.7895,1.716,1.7835,1120875.3
2024-05-13 08:00:00+00:00,1.7835,1.806,1.7715,1.787,1244953.9
2024-05-13 12:00:00+00:00,1.787,1.787,1.723,1.726,2893116.7
2024-05-13 16:00:00+00:00,1.726,1.7275,1.649,1.6625,2819392.3
2024-05-13 20:00:00+00:00,1.6625,1.6865,1.6595,1.6615,733425.9
2024-05-14 00:00:00+00:00,1.6615,1.667,1.625,1.635,1245551.4
2024-05-14 04:00:00+00:00,1.635,1.665,1.6155,1.6445,2630474.5
2024-05-14 08:00:00+00:00,1.6445,1.698,1.6315,1.6805,1702839.6
2024-05-14 12:00:00+00:00,1.6805,1.708,1.64,1.6575,2208861.0
2024-05-14 16:00:00+00:00,1.6575,1.67,1.603,1.6035,1508255.8
2024-05-14 20:00:00+00:00,1.6035,1.6185,1.5905,1.5985,676234.8
2024-05-15 00:00:00+00:00,1.5985,1.625,1.5955,1.605,767843.5
2024-05-15 04:00:00+00:00,1.605,1.606,1.59,1.5985,964202.1
2024-05-15 08:00:00+00:00,1.5985,1.6295,1.5675,1.584,3042130.4
2024-05-15 12:00:00+00:00,1.584,1.6785,1.5805,1.645,3656873.9
2024-05-15 16:00:00+00:00,1.645,1.6785,1.6345,1.6785,1150219.1
2024-05-15 20:00:00+00:00,1.6785,1.6815,1.654,1.6565,1202415.9
2024-05-16 00:00:00+00:00,1.6565,1.6645,1.631,1.641,995011.8
2024-05-16 04:00:00+00:00,1.641,1.6435,1.6205,1.63,971032.4
2024-05-16 08:00:00+00:00,1.63,1.63,1.573,1.581,2002797.5
2024-05-16 12:00:00+00:00,1.581,1.581,1.5045,1.5535,9022400.7
2024-05-16 16:00:00+00:00,1.5535,1.6315,1.5425,1.6315,3989132.8
2024-05-16 20:00:00+00:00,1.6315,1.667,1.6045,1.648,3908707.2
2024-05-17 00:00:00+00:00,1.648,1.7195,1.6205,1.685,4324327.6
2024-05-17 04:00:00+00:00,1.685,1.779,1.657,1.7625,4479050.1
2024-05-17 08:00:00+00:00,1.7625,1.812,1.757,1.774,6135140.9
2024-05-17 12:00:00+00:00,1.774,1.8425,1.7605,1.793,7503912.4
2024-05-17 16:00:00+00:00,1.793,1.804,1.7625,1.7885,3569825.6
2024-05-17 20:00:00+00:00,1.7885,1.8085,1.7755,1.7895,1457924.8
2024-05-18 00:00:00+00:00,1.7895,1.821,1.7695,1.8035,2324123.7
2024-05-18 04:00:00+00:00,1.8035,1.8445,1.7935,1.821,1766569.9
2024-05-18 08:00:00+00:00,1.821,1.8485,1.78,1.804,2607749.9
2024-05-18 12:00:00+00:00,1.804,1.8045,1.764,1.783,2096411.1
2024-05-18 16:00:00+00:00,1.783,1.7855,1.768,1.783,924192.9
2024-05-18 20:00:00+00:00,1.783,1.7835,1.755,1.77,1122848.1
2024-05-19 00:00:00+00:00,1.77,1.7895,1.7475,1.7575,1279163.3
2024-05-19 04:00:00+00:00,1.7575,1.7595,1.7145,1.739,1663449.6
2024-05-19 08:00:00+00:00,1.739,1.7535,1.7185,1.7465,957038.3
2024-05-19 12:00:00+00:00,1.7465,1.763,1.7115,1.7425,1518744.6
2024-05-19 16:00:00+00:00,1.7425,1.755,1.7075,1.7275,1857154.0
2024-05-19 20:00:00+00:00,1.7275,1.742,1.7135,1.726,3020539.7
2024-05-20 00:00:00+00:00,1.726,1.742,1.6825,1.702,3277498.3
2024-05-20 04:00:00+00:00,1.702,1.771,1.6985,1.7435,3375379.8
2024-05-20 08:00:00+00:00,1.7435,1.772,1.734,1.7355,1951296.8
2024-05-20 12:00:00+00:00,1.7355,1.7505,1.688,1.749,3646558.1
2024-05-20 16:00:00+00:00,1.749,2.0255,1.748,2.009,14410119.7
2024-05-20 20:00:00+00:00,2.009,2.1605,1.9785,2.096,15067477.3
2024-05-21 00:00:00+00:00,2.096,2.2575,2.027,2.2435,11453651.6
2024-05-21 04:00:00+00:00,2.2435,2.338,2.212,2.325,11251723.4
2024-05-21 08:00:00+00:00,2.325,2.4,2.2425,2.2765,17752741.7
2024-05-21 12:00:00+00:00,2.2765,2.4155,2.2485,2.2625,12777526.6
2024-05-21 16:00:00+00:00,2.2625,2.2925,2.184,2.213,5851455.7
2024-05-21 20:00:00+00:00,2.213,2.282,2.2075,2.2215,3924266.7
2024-05-22 00:00:00+00:00,2.2215,2.241,2.1945,2.2345,2395685.2
2024-05-22 04:00:00+00:00,2.2345,2.236,2.1295,2.1425,4497380.6
2024-05-22 08:00:00+00:00,2.1425,2.149,2.068,2.0685,3209920.1
2024-05-22 12:00:00+00:00,2.0685,2.1155,2.0415,2.074,8840331.8
2024-05-22 16:00:00+00:00,2.074,2.111,2.0465,2.059,2785677.4
2024-05-22 20:00:00+00:00,2.059,2.1065,2.0465,2.0945,2415847.5
2024-05-23 00:00:00+00:00,2.0945,2.1185,2.073,2.095,1609820.4
2024-05-23 04:00:00+00:00,2.095,2.158,2.073,2.1125,3595127.9
2024-05-23 08:00:00+00:00,2.1125,2.224,2.077,2.178,12094112.5
2024-05-23 12:00:00+00:00,2.178,2.262,2.0135,2.147,19146935.1
2024-05-23 16:00:00+00:00,2.147,2.2065,2.0655,2.1485,6796743.1
2024-05-23 20:00:00+00:00,2.1485,2.281,2.0145,2.1385,16150160.9
2024-05-24 00:00:00+00:00,2.1385,2.3575,2.106,2.333,11434880.9
2024-05-24 04:00:00+00:00,2.333,2.369,2.237,2.2905,8858691.8
2024-05-24 08:00:00+00:00,2.2905,2.317,2.1825,2.3075,7298441.3
2024-05-24 12:00:00+00:00,2.3075,2.4975,2.2825,2.3745,14011974.4
2024-05-24 16:00:00+00:00,2.3745,2.392,2.2765,2.3795,7263810.9
2024-05-24 20:00:00+00:00,2.3795,2.384,2.314,2.367,3778490.0
2024-05-25 00:00:00+00:00,2.367,2.6,2.336,2.5485,7815698.8
2024-05-25 04:00:00+00:00,2.5485,2.6145,2.5385,2.587,6074639.6
2024-05-25 08:00:00+00:00,2.587,2.621,2.519,2.5265,5465262.4
2024-05-25 12:00:00+00:00,2.5265,2.5335,2.459,2.485,5300507.5
2024-05-25 16:00:00+00:00,2.485,2.502,2.4515,2.4525,2016859.3
2024-05-25 20:00:00+00:00,2.4525,2.4575,2.402,2.429,2158155.6
2024-05-26 00:00:00+00:00,2.429,2.447,2.4,2.433,2469999.0
2024-05-26 04:00:00+00:00,2.433,2.4735,2.4155,2.4575,2261426.3
2024-05-26 08:00:00+00:00,2.4575,2.708,2.4355,2.642,10302018.6
2024-05-26 12:00:00+00:00,2.642,2.69,2.559,2.6465,6925508.0
2024-05-26 16:00:00+00:00,2.6465,2.7075,2.5815,2.638,4497281.4
2024-05-26 20:00:00+00:00,2.638,2.64,2.5475,2.5665,2407570.9
2024-05-27 00:00:00+00:00,2.5665,2.687,2.5615,2.5955,3988539.2
2024-05-27 04:00:00+00:00,2.5955,2.659,2.5655,2.6135,5338903.3
2024-05-27 08:00:00+00:00,2.6135,2.66,2.5525,2.6205,3169754.8
2024-05-27 12:00:00+00:00,2.6205,2.631,2.5245,2.5765,4114082.9
2024-05-27 16:00:00+00:00,2.5765,2.581,2.4565,2.4805,5378155.1
2024-05-27 20:00:00+00:00,2.4805,2.5145,2.477,2.489,1444123.1
2024-05-28 00:00:00+00:00,2.489,2.549,2.42,2.4315,4486783.5
2024-05-28 04:00:00+00:00,2.4315,2.461,2.4045,2.4315,2603258.7
2024-05-28 08:00:00+00:00,2.4315,2.4865,2.42,2.455,4165722.2
2024-05-28 12:00:00+00:00,2.455,2.4675,2.349,2.389,7434320.3
2024-05-28 16:00:00+00:00,2.389,2.4075,2.3405,2.3765,2348004.0
2024-05-28 20:00:00+00:00,2.3765,2.3845,2.347,2.3565,1246434.4
2024-05-29 00:00:00+00:00,2.3565,2.363,2.3125,2.3185,2564340.9
2024-05-29 04:00:00+00:00,2.3185,2.3675,2.312,2.3305,2675640.2
2024-05-29 08:00:00+00:00,2.3305,2.3955,2.2895,2.376,4836040.4
2024-05-29 12:00:00+00:00,2.376,2.438,2.3075,2.335,4903142.6
2024-05-29 16:00:00+00:00,2.335,2.3535,2.304,2.3125,2002521.9
2024-05-29 20:00:00+00:00,2.3125,2.393,2.3005,2.3165,2851015.1
2024-05-30 00:00:00+00:00,2.3165,2.377,2.3165,2.354,1071720.3
2024-05-30 04:00:00+00:00,2.354,2.356,2.2005,2.2275,4986318.9
2024-05-30 08:00:00+00:00,2.2275,2.2845,2.2135,2.258,2442361.3
2024-05-30 12:00:00+00:00,2.258,2.302,2.258,2.2845,2387286.4
2024-05-30 16:00:00+00:00,2.2845,2.386,2.2805,2.356,2835023.3
2024-05-30 20:00:00+00:00,2.356,2.4075,2.3355,2.3885,2815695.6
2024-05-31 00:00:00+00:00,2.3885,2.425,2.371,2.417,2099796.2
2024-05-31 04:00:00+00:00,2.417,2.4245,2.344,2.3505,1893575.3
2024-05-31 08:00:00+00:00,2.3505,2.4005,2.315,2.3765,2618211.4
2024-05-31 12:00:00+00:00,2.3765,2.475,2.3675,2.3865,7470385.1
2024-05-31 16:00:00+00:00,2.3865,2.563,2.3625,2.5435,5365575.0
2024-05-31 20:00:00+00:00,2.5435,2.5635,2.514,2.5305,2065675.0
2024-06-01 00:00:00+00:00,2.5305,2.5675,2.5205,2.5515,2176501.3
2024-06-01 04:00:00+00:00,2.5515,2.574,2.5155,2.553,1741829.9
2024-06-01 08:00:00+00:00,2.553,2.596,2.504,2.51,2380280.7
2024-06-01 12:00:00+00:00,2.51,2.524,2.4625,2.4635,1822127.3
2024-06-01 16:00:00+00:00,2.4635,2.4735,2.424,2.4385,1649952.2
2024-06-01 20:00:00+00:00,2.4385,2.461,2.4215,2.4395,1286628.9
2024-06-02 00:00:00+00:00,2.4395,2.4825,2.427,2.434,1812228.5
2024-06-02 04:00:00+00:00,2.434,2.4385,2.357,2.3715,1995401.3
2024-06-02 08:00:00+00:00,2.3715,2.4165,2.365,2.3905,1682290.8
2024-06-02 12:00:00+00:00,2.3905,2.3985,2.3585,2.3605,824293.6
2024-06-02 16:00:00+00:00,2.3605,2.4295,2.324,2.384,3264673.3
2024-06-02 20:00:00+00:00,2.384,2.391,2.3425,2.3505,863163.0
2024-06-03 00:00:00+00:00,2.3505,2.39,2.326,2.348,1437704.2
2024-06-03 04:00:00+00:00,2.348,2.406,2.341,2.387,1629360.2
2024-06-03 08:00:00+00:00,2.387,2.4035,2.331,2.3325,1167685.7
2024-06-03 12:00:00+00:00,2.3325,2.4285,2.3235,2.4245,4556579.5
2024-06-03 16:00:00+00:00,2.4245,2.4405,2.342,2.358,2679825.9
2024-06-03 20:00:00+00:00,2.358,2.3725,2.2845,2.305,1652566.9
2024-06-04 00:00:00+00:00,2.305,2.32,2.2715,2.299,1768632.6
2024-06-04 04:00:00+00:00,2.299,2.3115,2.264,2.291,1073337.7
2024-06-04 08:00:00+00:00,2.291,2.312,2.267,2.282,1537878.3
2024-06-04 12:00:00+00:00,2.282,2.346,2.2645,2.332,1575039.1
2024-06-04 16:00:00+00:00,2.332,2.355,2.3065,2.3275,1976390.0
2024-06-04 20:00:00+00:00,2.3275,2.3395,2.2935,2.328,914335.8
2024-06-05 00:00:00+00:00,2.328,2.361,2.2765,2.2915,1443663.5
2024-06-05 04:00:00+00:00,2.2915,2.3155,2.265,2.2825,1738313.1
2024-06-05 08:00:00+00:00,2.2825,2.284,2.2385,2.2545,1679197.5
2024-06-05 12:00:00+00:00,2.2545,2.3025,2.238,2.256,2042793.5
2024-06-05 16:00:00+00:00,2.256,2.335,2.2435,2.3035,2797436.0
2024-06-05 20:00:00+00:00,2.3035,2.325,2.26,2.268,2123525.0
2024-06-06 00:00:00+00:00,2.268,2.2905,2.2525,2.2565,1749692.7
2024-06-06 04:00:00+00:00,2.2565,2.2865,2.237,2.252,1598351.5
2024-06-06 08:00:00+00:00,2.252,2.264,2.224,2.2385,2351649.5
2024-06-06 12:00:00+00:00,2.2385,2.269,2.227,2.2495,2788963.4
2024-06-06 16:00:00+00:00,2.2495,2.2515,2.161,2.1695,4059965.7
2024-06-06 20:00:00+00:00,2.1695,2.2085,2.146,2.195,2161757.3
2024-06-07 00:00:00+00:00,2.195,2.2045,2.1745,2.179,701815.2
2024-06-07 04:00:00+00:00,2.179,2.217,2.1785,2.2145,1037108.4
2024-06-07 08:00:00+00:00,2.2145,2.2525,2.193,2.239,1486617.7
2024-06-07 12:00:00+00:00,2.239,2.289,2.151,2.2405,5742078.7
2024-06-07 16:00:00+00:00,2.2405,2.2455,1.8055,2.004,23672588.7
2024-06-07 20:00:00+00:00,2.004,2.057,1.986,2.03,2247221.4
2024-06-08 00:00:00+00:00,2.03,2.0515,2.02,2.0305,1216396.5
2024-06-08 04:00:00+00:00,2.0305,2.067,2.023,2.0535,1025353.5
2024-06-08 08:00:00+00:00,2.0535,2.0535,1.9675,1.9775,1684206.1
2024-06-08 12:00:00+00:00,1.9775,1.992,1.9385,1.961,2649458.6
2024-06-08 16:00:00+00:00,1.961,1.964,1.9215,1.924,1674528.9
2024-06-08 20:00:00+00:00,1.924,1.934,1.906,1.931,895649.2
2024-06-09 00:00:00+00:00,1.931,1.966,1.9155,1.926,1361252.1
2024-06-09 04:00:00+00:00,1.926,1.95,1.91,1.947,592472.6
2024-06-09 08:00:00+00:00,1.947,1.957,1.935,1.951,665777.1
2024-06-09 12:00:00+00:00,1.951,1.976,1.9425,1.944,924933.7
2024-06-09 16:00:00+00:00,1.944,1.962,1.94,1.9455,905883.5
2024-06-09 20:00:00+00:00,1.9455,1.9475,1.864,1.8815,3147318.6
2024-06-10 00:00:00+00:00,1.8815,1.9005,1.8725,1.8805,2129537.9
2024-06-10 04:00:00+00:00,1.8805,1.937,1.871,1.879,2889350.1
2024-06-10 08:00:00+00:00,1.879,1.9265,1.875,1.898,1455779.7
2024-06-10 12:00:00+00:00,1.898,1.9435,1.8665,1.9305,3350145.9
2024-06-10 16:00:00+00:00,1.9305,1.9335,1.878,1.8845,1906147.5
2024-06-10 20:00:00+00:00,1.8845,1.8855,1.8535,1.8685,1627565.0
2024-06-11 00:00:00+00:00,1.8685,1.874,1.7925,1.8485,4640710.4
2024-06-11 04:00:00+00:00,1.8485,1.8765,1.826,1.8555,3035180.1
2024-06-11 08:00:00+00:00,1.8555,1.877,1.8225,1.837,3534918.0
2024-06-11 12:00:00+00:00,1.837,1.8705,1.752,1.7985,9578597.9
2024-06-11 16:00:00+00:00,1.7985,1.8505,1.7945,1.8145,4202317.9
2024-06-11 20:00:00+00:00,1.8145,1.8545,1.806,1.8305,1093907.0
2024-06-12 00:00:00+00:00,1.8305,1.8465,1.766,1.8445,1826026.8
2024-06-12 04:00:00+00:00,1.8445,1.8665,1.822,1.858,1009824.8
2024-06-12 08:00:00+00:00,1.858,1.9605,1.8565,1.907,2882466.7
2024-06-12 12:00:00+00:00,1.907,2.053,1.904,2.035,6921402.4
2024-06-12 16:00:00+00:00,2.035,2.048,1.9415,1.9535,6951995.2
2024-06-12 20:00:00+00:00,1.9535,2.011,1.9425,2.001,1273835.0
2024-06-13 00:00:00+00:00,2.001,2.0145,1.9175,1.9595,2105019.7
2024-06-13 04:00:00+00:00,1.9595,1.984,1.918,1.9425,1338716.6
2024-06-13 08:00:00+00:00,1.9425,1.9565,1.8905,1.895,1226407.9
2024-06-13 12:00:00+00:00,1.895,1.977,1.8705,1.8845,5135183.6
2024-06-13 16:00:00+00:00,1.8845,1.912,1.8715,1.873,2171180.0
2024-06-13 20:00:00+00:00,1.873,1.881,1.8425,1.859,1189769.0
2024-06-14 00:00:00+00:00,1.859,1.935,1.8405,1.9325,4946399.8
2024-06-14 04:00:00+00:00,1.9325,1.999,1.912,1.9765,6461133.2
2024-06-14 08:00:00+00:00,1.9765,1.994,1.9345,1.979,2443579.7
2024-06-14 12:00:00+00:00,1.979,2.0125,1.9405,1.9565,3958965.4
2024-06-14 16:00:00+00:00,1.9565,1.9585,1.8145,1.8455,8850418.7
2024-06-14 20:00:00+00:00,1.8455,2.016,1.844,1.98,6448864.5
2024-06-15 00:00:00+00:00,1.98,2.072,1.974,2.0705,5206183.1
2024-06-15 04:00:00+00:00,2.0705,2.1015,2.013,2.0675,5215989.3
2024-06-15 08:00:00+00:00,2.0675,2.0915,2.0325,2.058,3247716.8
2024-06-15 12:00:00+00:00,2.058,2.0765,2.04,2.0515,2341513.6
2024-06-15 16:00:00+00:00,2.0515,2.0645,2.0305,2.0515,1477647.5
2024-06-15 20:00:00+00:00,2.0515,2.075,2.0315,2.072,1504026.9
2024-06-16 00:00:00+00:00,2.072,2.072,1.987,1.988,1828109.8
2024-06-16 04:00:00+00:00,1.988,2.0065,1.9705,1.9965,1047316.5
2024-06-16 08:00:00+00:00,1.9965,2.0165,1.975,2.008,1070294.7
2024-06-16 12:00:00+00:00,2.008,2.241,2.001,2.24,8394928.6
2024-06-16 16:00:00+00:00,2.24,2.2435,2.1315,2.1395,5277835.0
2024-06-16 20:00:00+00:00,2.1395,2.1755,2.1395,2.15,1666226.0
2024-06-17 00:00:00+00:00,2.15,2.1655,2.106,2.128,2701400.4
2024-06-17 04:00:00+00:00,2.128,2.176,2.098,2.1085,2916854.0
2024-06-17 08:00:00+00:00,2.1085,2.118,2.0115,2.099,6746111.6
2024-06-17 12:00:00+00:00,2.099,2.162,2.059,2.097,7199159.0
2024-06-17 16:00:00+00:00,2.097,2.2,2.0465,2.1115,7519157.2
2024-06-17 20:00:00+00:00,2.1115,2.1125,1.9745,1.9845,7102305.1
2024-06-18 00:00:00+00:00,1.9845,2.0035,1.7115,1.9495,20824731.7
2024-06-18 04:00:00+00:00,1.9495,2.0655,1.9305,2.049,6208691.6
2024-06-18 08:00:00+00:00,2.049,2.0515,1.9465,1.9815,6338667.9
2024-06-18 12:00:00+00:00,1.9815,2.0905,1.918,2.0695,13825531.1
2024-06-18 16:00:00+00:00,2.0695,2.096,1.9815,2.066,8141752.6
2024-06-18 20:00:00+00:00,2.066,2.194,2.0315,2.1865,9101735.0
2024-06-19 00:00:00+00:00,2.1865,2.4,2.157,2.371,14479534.4
2024-06-19 04:00:00+00:00,2.371,2.408,2.341,2.3695,8379082.3
2024-06-19 08:00:00+00:00,2.3695,2.392,2.2745,2.3615,11653373.2
2024-06-19 12:00:00+00:00,2.3615,2.4035,2.24,2.277,12788845.7
2024-06-19 16:00:00+00:00,2.277,2.3825,2.255,2.3445,7111770.0
2024-06-19 20:00:00+00:00,2.3445,2.4145,2.3155,2.329,5575401.5
2024-06-20 00:00:00+00:00,2.329,2.352,2.209,2.2585,8398219.8
2024-06-20 04:00:00+00:00,2.2585,2.322,2.2225,2.249,7608562.9
2024-06-20 08:00:00+00:00,2.249,2.388,2.2425,2.272,11613884.0
2024-06-20 12:00:00+00:00,2.272,2.307,2.184,2.2165,12117118.2
2024-06-20 16:00:00+00:00,2.2165,2.354,2.1885,2.328,9778630.8
2024-06-20 20:00:00+00:00,2.328,2.344,2.303,2.316,3836372.3
2024-06-21 00:00:00+00:00,2.316,2.384,2.263,2.319,6107122.6
2024-06-21 04:00:00+00:00,2.319,2.3595,2.223,2.233,5269334.1
2024-06-21 08:00:00+00:00,2.233,2.297,2.206,2.228,7297302.7
2024-06-21 12:00:00+00:00,2.228,2.2785,2.184,2.216,6955845.2
2024-06-21 16:00:00+00:00,2.216,2.277,2.1805,2.264,5013385.5
2024-06-21 20:00:00+00:00,2.264,2.298,2.2365,2.2625,3649974.2
2024-06-22 00:00:00+00:00,2.2625,2.275,2.1955,2.2485,2516330.4
2024-06-22 04:00:00+00:00,2.2485,2.278,2.2165,2.232,2242329.0
2024-06-22 08:00:00+00:00,2.232,2.2325,2.1615,2.192,3512952.3
2024-06-22 12:00:00+00:00,2.192,2.2235,2.1765,2.1845,3162056.4
2024-06-22 16:00:00+00:00,2.1845,2.198,2.1385,2.1445,3480561.2
2024-06-22 20:00:00+00:00,2.1445,2.1995,2.1405,2.152,2312854.7
2024-06-23 00:00:00+00:00,2.152,2.2325,2.1465,2.2215,3933084.6
2024-06-23 04:00:00+00:00,2.2215,2.234,2.149,2.161,3677624.8
2024-06-23 08:00:00+00:00,2.161,2.226,2.1585,2.225,2993651.6
2024-06-23 12:00:00+00:00,2.225,2.2595,2.143,2.1505,5151989.4
2024-06-23 16:00:00+00:00,2.1505,2.1595,2.087,2.0915,3109552.4
2024-06-23 20:00:00+00:00,2.0915,2.0975,2.035,2.0695,3327800.5
2024-06-24 00:00:00+00:00,2.0695,2.0875,2.0325,2.0705,2821094.3
2024-06-24 04:00:00+00:00,2.0705,2.1495,2.056,2.1135,5986027.4
2024-06-24 08:00:00+00:00,2.1135,2.1975,1.9895,2.1895,13830727.0
2024-06-24 12:00:00+00:00,2.1895,2.24,2.1485,2.166,8812480.9
2024-06-24 16:00:00+00:00,2.166,2.2905,2.1555,2.2845,9766868.8
2024-06-24 20:00:00+00:00,2.2845,2.4525,2.283,2.381,14680329.6
2024-06-25 00:00:00+00:00,2.381,2.4405,2.3555,2.4255,4308532.5
2024-06-25 04:00:00+00:00,2.4255,2.4485,2.3835,2.4215,4591414.2
2024-06-25 08:00:00+00:00,2.4215,2.4615,2.384,2.384,3932177.6
2024-06-25 12:00:00+00:00,2.384,2.3915,2.3035,2.317,4390067.4
2024-06-25 16:00:00+00:00,2.317,2.333,2.283,2.3015,3792354.1
2024-06-25 20:00:00+00:00,2.3015,2.342,2.2765,2.3335,2295263.7
2024-06-26 00:00:00+00:00,2.3335,2.368,2.3135,2.3525,2143581.7
2024-06-26 04:00:00+00:00,2.3525,2.4085,2.2975,2.3845,2870891.2
2024-06-26 08:00:00+00:00,2.3845,2.4085,2.317,2.405,4622984.2
2024-06-26 12:00:00+00:00,2.405,2.405,2.261,2.2775,4336973.1
2024-06-26 16:00:00+00:00,2.2775,2.4475,2.27,2.446,6972479.9
2024-06-26 20:00:00+00:00,2.446,2.504,2.371,2.4295,7858803.0
2024-06-27 00:00:00+00:00,2.4295,2.4765,2.3935,2.4465,3061296.3
2024-06-27 04:00:00+00:00,2.4465,2.4535,2.3765,2.3925,3288383.8
2024-06-27 08:00:00+00:00,2.3925,2.4095,2.3375,2.359,2792165.4
2024-06-27 12:00:00+00:00,2.359,2.3775,2.3085,2.324,5623594.5
2024-06-27 16:00:00+00:00,2.324,2.364,2.3215,2.3505,2013154.8
2024-06-27 20:00:00+00:00,2.3505,2.364,2.3175,2.343,1514393.5
2024-06-28 00:00:00+00:00,2.343,2.378,2.3115,2.361,3350347.0
2024-06-28 04:00:00+00:00,2.361,2.3955,2.2895,2.3155,2999245.4
2024-06-28 08:00:00+00:00,2.3155,2.418,2.3045,2.408,2659385.5
2024-06-28 12:00:00+00:00,2.408,2.4425,2.306,2.326,4484587.7
2024-06-28 16:00:00+00:00,2.326,2.341,1.96,1.9945,43651062.4
2024-06-28 20:00:00+00:00,1.9945,2.007,1.86,1.8715,14296508.1
2024-06-29 00:00:00+00:00,1.8715,2.0045,1.853,1.991,13484948.6
2024-06-29 04:00:00+00:00,1.991,2.007,1.953,1.9915,6552241.1
2024-06-29 08:00:00+00:00,1.9915,2.005,1.964,1.973,4507568.9
2024-06-29 12:00:00+00:00,1.973,1.979,1.9345,1.969,4728390.1
2024-06-29 16:00:00+00:00,1.969,1.9695,1.937,1.94,3080793.7
2024-06-29 20:00:00+00:00,1.94,1.949,1.915,1.9205,2285016.4
2024-06-30 00:00:00+00:00,1.9205,1.947,1.901,1.9365,3525576.8
2024-06-30 04:00:00+00:00,1.9365,1.955,1.9205,1.928,2059935.3
2024-06-30 08:00:00+00:00,1.928,1.9355,1.9045,1.9065,1772401.6
2024-06-30 12:00:00+00:00,1.9065,1.944,1.8935,1.9375,2846164.1
2024-06-30 16:00:00+00:00,1.9375,1.9765,1.9185,1.955,2735498.2
2024-06-30 20:00:00+00:00,1.955,1.9985,1.9275,1.973,3500688.1
2024-07-01 00:00:00+00:00,1.973,2.0805,1.9475,2.0425,6969463.0
2024-07-01 04:00:00+00:00,2.0425,2.077,2.024,2.0415,3617508.9
2024-07-01 08:00:00+00:00,2.0415,2.045,1.9675,1.9825,4022511.7
2024-07-01 12:00:00+00:00,1.9825,2.0115,1.9525,2.0095,3826294.6
2024-07-01 16:00:00+00:00,2.0095,2.098,2.005,2.033,5553221.5
2024-07-01 20:00:00+00:00,2.033,2.036,1.996,2.0035,2386474.9
2024-07-02 00:00:00+00:00,2.0035,2.036,1.9985,2.013,1778835.7
2024-07-02 04:00:00+00:00,2.013,2.0195,1.9925,2.0025,1165515.1
2024-07-02 08:00:00+00:00,2.0025,2.052,1.996,2.0185,3587731.2
2024-07-02 12:00:00+00:00,2.0185,2.043,1.978,1.9895,4715736.4
2024-07-02 16:00:00+00:00,1.9895,1.9955,1.902,1.919,6461618.7
2024-07-02 20:00:00+00:00,1.919,1.926,1.8925,1.9075,2252414.9
2024-07-03 00:00:00+00:00,1.9075,1.9195,1.786,1.8095,7479861.1
2024-07-03 04:00:00+00:00,1.8095,1.81,1.737,1.7555,6457812.3
2024-07-03 08:00:00+00:00,1.7555,1.787,1.741,1.763,6204760.2
2024-07-03 12:00:00+00:00,1.763,1.7665,1.7285,1.732,4583412.8
2024-07-03 16:00:00+00:00,1.732,1.7465,1.6925,1.717,3554135.7
2024-07-03 20:00:00+00:00,1.717,1.738,1.7075,1.7225,2329360.9
2024-07-04 00:00:00+00:00,1.7225,1.7775,1.689,1.7555,10639991.4
2024-07-04 04:00:00+00:00,1.7555,1.758,1.6855,1.698,3005631.7
2024-07-04 08:00:00+00:00,1.698,1.7575,1.696,1.72,5397447.7
2024-07-04 12:00:00+00:00,1.72,1.736,1.66,1.698,7462490.9
2024-07-04 16:00:00+00:00,1.698,1.7015,1.6555,1.6835,2953391.5
2024-07-04 20:00:00+00:00,1.6835,1.7075,1.598,1.616,5587327.1
2024-07-05 00:00:00+00:00,1.616,1.6185,1.3735,1.446,23001204.7
2024-07-05 04:00:00+00:00,1.446,1.559,1.41,1.5375,7584895.9
2024-07-05 08:00:00+00:00,1.5375,1.642,1.492,1.6195,5778177.9
2024-07-05 12:00:00+00:00,1.6195,1.652,1.5785,1.597,5581885.5
2024-07-05 16:00:00+00:00,1.597,1.6325,1.578,1.593,2481262.8
2024-07-05 20:00:00+00:00,1.593,1.6105,1.5725,1.5785,1242325.1
2024-07-06 00:00:00+00:00,1.5785,1.639,1.5675,1.5995,3561810.5
2024-07-06 04:00:00+00:00,1.5995,1.6145,1.568,1.6055,1690759.8
2024-07-06 08:00:00+00:00,1.6055,1.6065,1.551,1.566,2477776.0
2024-07-06 12:00:00+00:00,1.566,1.5895,1.5395,1.5755,2577638.3
2024-07-06 16:00:00+00:00,1.5755,1.655,1.564,1.606,4552501.0
2024-07-06 20:00:00+00:00,1.606,1.653,1.6015,1.6345,2426063.1
2024-07-07 00:00:00+00:00,1.6345,1.6375,1.5925,1.6035,2274643.5
2024-07-07 04:00:00+00:00,1.6035,1.6065,1.5475,1.5635,2525242.2
2024-07-07 08:00:00+00:00,1.5635,1.591,1.5625,1.5795,1237015.2
2024-07-07 12:00:00+00:00,1.5795,1.587,1.506,1.543,3020456.4
2024-07-07 16:00:00+00:00,1.543,1.621,1.5395,1.6125,2330676.3
2024-07-07 20:00:00+00:00,1.6125,1.6155,1.554,1.563,2027950.9
2024-07-08 00:00:00+00:00,1.563,1.589,1.502,1.5395,4621124.5
2024-07-08 04:00:00+00:00,1.5395,1.563,1.511,1.5365,1894986.7
2024-07-08 08:00:00+00:00,1.5365,1.6925,1.5325,1.655,6676364.5
2024-07-08 12:00:00+00:00,1.655,1.6625,1.526,1.5645,8974405.3
2024-07-08 16:00:00+00:00,1.5645,1.581,1.5405,1.56,3997482.0
2024-07-08 20:00:00+00:00,1.56,1.5765,1.5445,1.5635,1604637.6
2024-07-09 00:00:00+00:00,1.5635,1.585,1.5225,1.5695,2988887.4
2024-07-09 04:00:00+00:00,1.5695,1.608,1.562,1.5905,2048142.8
2024-07-09 08:00:00+00:00,1.5905,1.6385,1.578,1.5995,4313254.1
2024-07-09 12:00:00+00:00,1.5995,1.6135,1.55,1.588,4171406.1
2024-07-09 16:00:00+00:00,1.588,1.5995,1.5735,1.5845,1743510.1
2024-07-09 20:00:00+00:00,1.5845,1.5985,1.568,1.5885,988946.1
2024-07-10 00:00:00+00:00,1.5885,1.5885,1.529,1.5495,2994583.3
2024-07-10 04:00:00+00:00,1.5495,1.591,1.5395,1.5485,3068504.8
2024-07-10 08:00:00+00:00,1.5485,1.581,1.5305,1.552,3922316.5
2024-07-10 12:00:00+00:00,1.552,1.656,1.5475,1.6385,6032840.6
2024-07-10 16:00:00+00:00,1.6385,1.7115,1.6205,1.643,4700711.1
2024-07-10 20:00:00+00:00,1.643,1.6895,1.632,1.682,2040469.3
2024-07-11 00:00:00+00:00,1.682,1.682,1.617,1.631,2685320.3
2024-07-11 04:00:00+00:00,1.631,1.655,1.615,1.6425,1549383.4
2024-07-11 08:00:00+00:00,1.6425,1.678,1.621,1.633,3158079.4
2024-07-11 12:00:00+00:00,1.633,1.689,1.5925,1.603,8035519.4
2024-07-11 16:00:00+00:00,1.603,1.6375,1.589,1.6095,1797632.4
2024-07-11 20:00:00+00:00,1.6095,1.6195,1.58,1.5805,1711856.8
2024-07-12 00:00:00+00:00,1.5805,1.6145,1.556,1.6125,2092991.2
2024-07-12 04:00:00+00:00,1.6125,1.6415,1.595,1.6245,1974344.2
2024-07-12 08:00:00+00:00,1.6245,1.6375,1.59,1.6265,2115177.1
2024-07-12 12:00:00+00:00,1.6265,1.6755,1.618,1.6425,3150962.7
2024-07-12 16:00:00+00:00,1.6425,1.71,1.6395,1.6765,3542183.4
2024-07-12 20:00:00+00:00,1.6765,1.7225,1.65,1.707,2761482.2
2024-07-13 00:00:00+00:00,1.707,1.7295,1.6915,1.6925,1165847.6
2024-07-13 04:00:00+00:00,1.6925,1.7155,1.692,1.695,1115190.0
2024-07-13 08:00:00+00:00,1.695,1.739,1.693,1.724,2206844.0
2024-07-13 12:00:00+00:00,1.724,1.724,1.6915,1.7,1532743.0
2024-07-13 16:00:00+00:00,1.7,1.701,1.6675,1.6755,1566851.1
2024-07-13 20:00:00+00:00,1.6755,1.6905,1.655,1.6575,2455639.8
2024-07-14 00:00:00+00:00,1.6575,1.687,1.655,1.6685,1296931.7
2024-07-14 04:00:00+00:00,1.6685,1.708,1.668,1.67,1765245.0
2024-07-14 08:00:00+00:00,1.67,1.7075,1.6565,1.6705,2305456.4
2024-07-14 12:00:00+00:00,1.6705,1.6985,1.6565,1.691,1594995.6
2024-07-14 16:00:00+00:00,1.691,1.749,1.6845,1.709,2920494.5
2024-07-14 20:00:00+00:00,1.709,1.7655,1.706,1.7495,2107028.0
2024-07-15 00:00:00+00:00,1.7495,1.7855,1.728,1.7765,3505827.4
2024-07-15 04:00:00+00:00,1.7765,1.7965,1.7675,1.778,1631808.2
2024-07-15 08:00:00+00:00,1.778,1.7905,1.725,1.7345,2532141.1
2024-07-15 12:00:00+00:00,1.7345,1.7805,1.7345,1.7605,2160570.3
2024-07-15 16:00:00+00:00,1.7605,1.7995,1.7405,1.759,6197009.0
2024-07-15 20:00:00+00:00,1.759,1.8275,1.7525,1.8085,3487512.6
2024-07-16 00:00:00+00:00,1.8085,1.8305,1.7945,1.8275,2045615.0
2024-07-16 04:00:00+00:00,1.8275,1.844,1.727,1.7355,5059728.7
2024-07-16 08:00:00+00:00,1.7355,1.7755,1.709,1.75,2258700.4
2024-07-16 12:00:00+00:00,1.75,1.823,1.742,1.8165,2653442.5
2024-07-16 16:00:00+00:00,1.8165,1.855,1.7845,1.8375,2296400.2
2024-07-16 20:00:00+00:00,1.8375,1.842,1.8025,1.8255,976539.5
2024-07-17 00:00:00+00:00,1.8255,1.9065,1.8235,1.8675,2280253.4
2024-07-17 04:00:00+00:00,1.8675,1.9065,1.8605,1.876,1915704.3
2024-07-17 08:00:00+00:00,1.876,1.8945,1.8385,1.8475,1906724.3
2024-07-17 12:00:00+00:00,1.8475,2.051,1.8255,1.892,20177760.7
2024-07-17 16:00:00+00:00,1.892,2.006,1.862,1.9875,8423159.9
2024-07-17 20:00:00+00:00,1.9875,2.02,1.9335,1.9355,3958828.2
2024-07-18 00:00:00+00:00,1.9355,1.9835,1.919,1.9775,3776488.5
2024-07-18 04:00:00+00:00,1.9775,2.0365,1.9675,1.9875,4344027.3
2024-07-18 08:00:00+00:00,1.9875,2.021,1.9505,1.9845,3374701.5
2024-07-18 12:00:00+00:00,1.9845,1.9985,1.879,1.884,5730795.0
2024-07-18 16:00:00+00:00,1.884,1.9205,1.866,1.9105,4179309.3
2024-07-18 20:00:00+00:00,1.9105,1.9245,1.896,1.9145,1112778.5
2024-07-19 00:00:00+00:00,1.9145,1.957,1.8685,1.944,3605309.9
2024-07-19 04:00:00+00:00,1.944,1.9495,1.869,1.8755,2662175.9
2024-07-19 08:00:00+00:00,1.8755,1.929,1.842,1.911,4610492.8
2024-07-19 12:00:00+00:00,1.911,1.9555,1.8885,1.9415,2996821.0
2024-07-19 16:00:00+00:00,1.9415,1.9755,1.924,1.9485,3743329.5
2024-07-19 20:00:00+00:00,1.9485,1.964,1.939,1.9575,1513123.4
2024-07-20 00:00:00+00:00,1.9575,1.9685,1.9225,1.9515,1672843.4
2024-07-20 04:00:00+00:00,1.9515,1.9615,1.9325,1.938,653285.3
2024-07-20 08:00:00+00:00,1.938,1.948,1.901,1.9025,1837497.1
2024-07-20 12:00:00+00:00,1.9025,1.934,1.89,1.9285,1262666.5
2024-07-20 16:00:00+00:00,1.9285,1.9345,1.8975,1.913,2122866.5
2024-07-20 20:00:00+00:00,1.913,1.929,1.907,1.927,693885.0
2024-07-21 00:00:00+00:00,1.927,1.96,1.917,1.939,1431793.3
2024-07-21 04:00:00+00:00,1.939,1.943,1.874,1.8965,1911273.1
2024-07-21 08:00:00+00:00,1.8965,1.918,1.89,1.898,1014509.3
2024-07-21 12:00:00+00:00,1.898,1.9195,1.876,1.9055,1587191.2
2024-07-21 16:00:00+00:00,1.9055,1.9185,1.816,1.885,3712520.1
2024-07-21 20:00:00+00:00,1.885,1.9585,1.882,1.94,2238854.0
2024-07-22 00:00:00+00:00,1.94,1.9715,1.9105,1.912,1553902.7
2024-07-22 04:00:00+00:00,1.912,1.9185,1.845,1.8475,1335678.3
2024-07-22 08:00:00+00:00,1.8475,1.8645,1.826,1.8615,1588028.8
2024-07-22 12:00:00+00:00,1.8615,1.883,1.8225,1.833,2122664.9
2024-07-22 16:00:00+00:00,1.833,1.8505,1.823,1.837,1577609.1
2024-07-22 20:00:00+00:00,1.837,1.838,1.755,1.7825,4735081.2
2024-07-23 00:00:00+00:00,1.7825,1.8635,1.773,1.836,3373599.4
2024-07-23 04:00:00+00:00,1.836,1.8505,1.7715,1.795,2919009.2
2024-07-23 08:00:00+00:00,1.795,1.897,1.793,1.871,5689420.0
2024-07-23 12:00:00+00:00,1.871,1.879,1.7955,1.8,7810244.2
2024-07-23 16:00:00+00:00,1.8,1.804,1.728,1.777,5016830.0
2024-07-23 20:00:00+00:00,1.777,1.7975,1.729,1.7525,4434003.9
2024-07-24 00:00:00+00:00,1.7525,1.7555,1.725,1.742,1792673.9
2024-07-24 04:00:00+00:00,1.742,1.757,1.7215,1.755,1518068.5
2024-07-24 08:00:00+00:00,1.755,1.7735,1.734,1.748,1977705.5
2024-07-24 12:00:00+00:00,1.748,1.7525,1.6965,1.698,2795693.5
2024-07-24 16:00:00+00:00,1.698,1.707,1.6555,1.6585,2993179.9
2024-07-24 20:00:00+00:00,1.6585,1.6685,1.6175,1.6255,2700717.2
2024-07-25 00:00:00+00:00,1.6255,1.633,1.521,1.546,10399987.0
2024-07-25 04:00:00+00:00,1.546,1.582,1.533,1.554,4031016.9
2024-07-25 08:00:00+00:00,1.554,1.582,1.5495,1.5735,2127814.4
2024-07-25 12:00:00+00:00,1.5735,1.587,1.541,1.5525,2963090.9
2024-07-25 16:00:00+00:00,1.5525,1.5695,1.484,1.4975,9473906.9
2024-07-25 20:00:00+00:00,1.4975,1.5345,1.474,1.521,3636900.5
2024-07-26 00:00:00+00:00,1.521,1.58,1.5155,1.558,2689123.3
2024-07-26 04:00:00+00:00,1.558,1.6175,1.5565,1.59,3290779.5
2024-07-26 08:00:00+00:00,1.59,1.608,1.582,1.595,1661130.7
2024-07-26 12:00:00+00:00,1.595,1.6,1.5615,1.575,3105909.9
2024-07-26 16:00:00+00:00,1.575,1.5865,1.5605,1.568,1855268.3
2024-07-26 20:00:00+00:00,1.568,1.5865,1.548,1.5715,1796943.7
2024-07-27 00:00:00+00:00,1.5715,1.5725,1.548,1.5615,1439701.9
2024-07-27 04:00:00+00:00,1.5615,1.603,1.5585,1.594,1080273.0
2024-07-27 08:00:00+00:00,1.594,1.6015,1.5765,1.5935,1386864.2
2024-07-27 12:00:00+00:00,1.5935,1.6355,1.569,1.59,4619176.3
2024-07-27 16:00:00+00:00,1.59,1.603,1.5555,1.5925,2329688.8
2024-07-27 20:00:00+00:00,1.5925,1.6815,1.5505,1.6325,9330593.0
2024-07-28 00:00:00+00:00,1.6325,1.6325,1.6005,1.6025,1655318.8
2024-07-28 04:00:00+00:00,1.6025,1.604,1.564,1.592,1473921.3
2024-07-28 08:00:00+00:00,1.592,1.616,1.585,1.5935,1312234.7
2024-07-28 12:00:00+00:00,1.5935,1.5995,1.5575,1.5675,2213585.6
2024-07-28 16:00:00+00:00,1.5675,1.5815,1.56,1.5725,841080.5
2024-07-28 20:00:00+00:00,1.5725,1.574,1.551,1.574,847967.0
2024-07-29 00:00:00+00:00,1.574,1.656,1.57,1.6415,2297624.1
2024-07-29 04:00:00+00:00,1.6415,1.656,1.633,1.6495,1873826.5
2024-07-29 08:00:00+00:00,1.6495,1.658,1.6315,1.634,1641042.6
2024-07-29 12:00:00+00:00,1.634,1.6465,1.594,1.6145,2443957.0
2024-07-29 16:00:00+00:00,1.6145,1.6365,1.5935,1.6085,2624809.1
2024-07-29 20:00:00+00:00,1.6085,1.626,1.594,1.602,1300372.9
2024-07-30 00:00:00+00:00,1.602,1.642,1.5865,1.6255,1672724.6
2024-07-30 04:00:00+00:00,1.6255,1.644,1.613,1.633,1021139.6
2024-07-30 08:00:00+00:00,1.633,1.6395,1.6035,1.611,1098610.9
2024-07-30 12:00:00+00:00,1.611,1.6415,1.6,1.635,1872050.7
2024-07-30 16:00:00+00:00,1.635,1.637,1.574,1.585,2504064.7
2024-07-30 20:00:00+00:00,1.585,1.5975,1.5595,1.5835,1256760.3
2024-07-31 00:00:00+00:00,1.5835,1.6015,1.567,1.5975,1234945.3
2024-07-31 04:00:00+00:00,1.5975,1.6465,1.575,1.6325,1785552.5
2024-07-31 08:00:00+00:00,1.6325,1.6445,1.611,1.6345,2192521.0
2024-07-31 12:00:00+00:00,1.6345,1.6735,1.629,1.6615,2713273.1
2024-07-31 16:00:00+00:00,1.6615,1.688,1.628,1.643,3681537.4
2024-07-31 20:00:00+00:00,1.643,1.643,1.597,1.6105,2000980.4
2024-08-01 00:00:00+00:00,1.6105,1.6375,1.556,1.588,3680703.1
2024-08-01 04:00:00+00:00,1.588,1.5985,1.5405,1.558,2433539.0
2024-08-01 08:00:00+00:00,1.558,1.585,1.5525,1.5785,1765883.2
2024-08-01 12:00:00+00:00,1.5785,1.596,1.512,1.52,3342160.9
2024-08-01 16:00:00+00:00,1.52,1.5225,1.426,1.461,5428079.3
2024-08-01 20:00:00+00:00,1.461,1.566,1.4475,1.5595,2605998.5
2024-08-02 00:00:00+00:00,1.5595,1.5965,1.523,1.5325,1711816.2
2024-08-02 04:00:00+00:00,1.5325,1.548,1.4875,1.5025,1398361.0
2024-08-02 08:00:00+00:00,1.5025,1.5385,1.4855,1.529,1291511.8
2024-08-02 12:00:00+00:00,1.529,1.566,1.421,1.4635,5028481.3
2024-08-02 16:00:00+00:00,1.4635,1.4735,1.419,1.438,1897042.5
2024-08-02 20:00:00+00:00,1.438,1.4615,1.4045,1.4495,4207577.5
2024-08-03 00:00:00+00:00,1.4495,1.453,1.393,1.426,2615329.2
2024-08-03 04:00:00+00:00,1.426,1.43,1.41,1.411,883540.6
2024-08-03 08:00:00+00:00,1.411,1.414,1.3915,1.4015,1339827.1
2024-08-03 12:00:00+00:00,1.4015,1.421,1.3465,1.3485,3545500.2
2024-08-03 16:00:00+00:00,1.3485,1.3525,1.2695,1.2855,8112784.0
2024-08-03 20:00:00+00:00,1.2855,1.314,1.2805,1.296,3036031.5
2024-08-04 00:00:00+00:00,1.296,1.3345,1.294,1.3325,1953828.0
2024-08-04 04:00:00+00:00,1.3325,1.343,1.3195,1.3245,1131840.4
2024-08-04 08:00:00+00:00,1.3245,1.342,1.3165,1.3345,1248376.6
2024-08-04 12:00:00+00:00,1.3345,1.3525,1.2675,1.273,3040229.0
2024-08-04 16:00:00+00:00,1.273,1.2855,1.1835,1.265,10373294.5
2024-08-04 20:00:00+00:00,1.265,1.2675,1.2095,1.216,2994432.7
2024-08-05 00:00:00+00:00,1.216,1.2315,0.9945,1.0365,38947150.1
2024-08-05 04:00:00+00:00,1.0365,1.055,0.9305,1.011,29527303.9
2024-08-05 08:00:00+00:00,1.011,1.012,0.911,0.9455,9179305.3
2024-08-05 12:00:00+00:00,0.9455,1.0045,0.8935,0.9965,14991810.1
2024-08-05 16:00:00+00:00,0.9965,1.0415,0.978,1.009,8036793.4
2024-08-05 20:00:00+00:00,1.009,1.0545,1.005,1.0375,5901991.9
2024-08-06 00:00:00+00:00,1.0375,1.133,1.0365,1.092,8270912.8
2024-08-06 04:00:00+00:00,1.092,1.1575,1.0875,1.155,4979468.0
2024-08-06 08:00:00+00:00,1.155,1.159,1.1,1.1025,6109332.2
2024-08-06 12:00:00+00:00,1.1025,1.1755,1.0965,1.152,8406667.0
2024-08-06 16:00:00+00:00,1.152,1.1535,1.1245,1.1265,3109279.4
2024-08-06 20:00:00+00:00,1.1265,1.144,1.113,1.12,2770288.1
2024-08-07 00:00:00+00:00,1.12,1.1705,1.113,1.1385,4522425.7
2024-08-07 04:00:00+00:00,1.1385,1.159,1.1035,1.1115,5585517.7
2024-08-07 08:00:00+00:00,1.1115,1.121,1.071,1.075,5207158.8
2024-08-07 12:00:00+00:00,1.075,1.0855,1.033,1.051,6328740.7
2024-08-07 16:00:00+00:00,1.051,1.0535,1.0115,1.0185,5923465.5
2024-08-07 20:00:00+00:00,1.0185,1.0275,0.9915,1.008,4741042.7
2024-08-08 00:00:00+00:00,1.008,1.0795,0.993,1.0545,7164545.9
2024-08-08 04:00:00+00:00,1.0545,1.0675,1.0465,1.048,2546833.1
2024-08-08 08:00:00+00:00,1.048,1.0715,1.046,1.064,1622529.9
2024-08-08 12:00:00+00:00,1.064,1.113,1.053,1.111,6200690.4
2024-08-08 16:00:00+00:00,1.111,1.176,1.1085,1.128,8182708.4
2024-08-08 20:00:00+00:00,1.128,1.1795,1.1275,1.1655,5028923.4
2024-08-09 00:00:00+00:00,1.1655,1.1665,1.134,1.1385,3675600.8
2024-08-09 04:00:00+00:00,1.1385,1.1385,1.1075,1.11,2862918.4
2024-08-09 08:00:00+00:00,1.11,1.1185,1.096,1.106,2998574.8
2024-08-09 12:00:00+00:00,1.106,1.122,1.075,1.077,6455062.5
2024-08-09 16:00:00+00:00,1.077,1.1,1.0725,1.0975,2263658.8
2024-08-09 20:00:00+00:00,1.0975,1.1095,1.087,1.0985,2118795.0
2024-08-10 00:00:00+00:00,1.0985,1.1195,1.0915,1.0965,1739933.4
2024-08-10 04:00:00+00:00,1.0965,1.1145,1.09,1.1055,1016059.7
2024-08-10 08:00:00+00:00,1.1055,1.1055,1.088,1.101,1138446.1
2024-08-10 12:00:00+00:00,1.101,1.104,1.08,1.0895,1924104.5
2024-08-10 16:00:00+00:00,1.0895,1.1095,1.085,1.1005,2529241.7
2024-08-10 20:00:00+00:00,1.1005,1.1195,1.0955,1.1,2712924.7
2024-08-11 00:00:00+00:00,1.1,1.11,1.0885,1.0995,1809409.4
2024-08-11 04:00:00+00:00,1.0995,1.1065,1.075,1.1045,2971816.0
2024-08-11 08:00:00+00:00,1.1045,1.1335,1.077,1.085,2976489.1
2024-08-11 12:00:00+00:00,1.085,1.0885,1.044,1.0495,3396541.3
2024-08-11 16:00:00+00:00,1.0495,1.0615,1.028,1.0325,2116912.9
2024-08-11 20:00:00+00:00,1.0325,1.0345,1.011,1.0205,3165427.2
2024-08-12 00:00:00+00:00,1.0205,1.0415,1.013,1.0365,2031926.9
2024-08-12 04:00:00+00:00,1.0365,1.068,1.0275,1.063,1849696.9
2024-08-12 08:00:00+00:00,1.063,1.1285,1.0605,1.1025,4517477.8
2024-08-12 12:00:00+00:00,1.1025,1.111,1.066,1.0885,7875099.7
2024-08-12 16:00:00+00:00,1.0885,1.0935,1.058,1.062,3356336.9
2024-08-12 20:00:00+00:00,1.062,1.095,1.0515,1.088,2708968.3
2024-08-13 00:00:00+00:00,1.088,1.092,1.0485,1.0505,3506411.1
2024-08-13 04:00:00+00:00,1.0505,1.0605,1.0415,1.0495,1392349.9
2024-08-13 08:00:00+00:00,1.0495,1.0545,1.035,1.0445,1828460.9
2024-08-13 12:00:00+00:00,1.0445,1.0675,1.0405,1.046,2815759.3
2024-08-13 16:00:00+00:00,1.046,1.082,1.0445,1.074,3565939.8
2024-08-13 20:00:00+00:00,1.074,1.0805,1.0585,1.0735,1434027.3
2024-08-14 00:00:00+00:00,1.0735,1.083,1.0615,1.071,1346500.5
2024-08-14 04:00:00+00:00,1.071,1.0815,1.059,1.0695,1837902.5
2024-08-14 08:00:00+00:00,1.0695,1.0995,1.064,1.089,2640084.9
2024-08-14 12:00:00+00:00,1.089,1.104,1.0405,1.0785,6874883.9
2024-08-14 16:00:00+00:00,1.0785,1.0795,1.051,1.0555,1985174.6
2024-08-14 20:00:00+00:00,1.0555,1.0725,1.048,1.068,1440246.7
2024-08-15 00:00:00+00:00,1.068,1.0845,1.0605,1.072,1316752.4
2024-08-15 04:00:00+00:00,1.072,1.0725,1.039,1.06,2312047.7
2024-08-15 08:00:00+00:00,1.06,1.0715,1.049,1.056,1481081.4
2024-08-15 12:00:00+00:00,1.056,1.0735,1.044,1.056,3424174.5
2024-08-15 16:00:00+00:00,1.056,1.061,0.9695,0.986,7572760.4
2024-08-15 20:00:00+00:00,0.986,1.0015,0.977,0.9985,3143570.7
2024-08-16 00:00:00+00:00,0.9985,1.0285,0.994,1.0185,2470818.2
2024-08-16 04:00:00+00:00,1.0185,1.02,1.009,1.012,1190886.9
2024-08-16 08:00:00+00:00,1.012,1.0155,0.9885,0.999,1354147.5
2024-08-16 12:00:00+00:00,0.999,1.004,0.9585,0.985,6077161.5
2024-08-16 16:00:00+00:00,0.985,1.0165,0.9755,1.0105,3220935.2
2024-08-16 20:00:00+00:00,1.0105,1.0275,1.0,1.005,1720755.1
2024-08-17 00:00:00+00:00,1.005,1.0105,0.9955,1.003,1183983.0
2024-08-17 04:00:00+00:00,1.003,1.013,1.0005,1.01,617675.5
2024-08-17 08:00:00+00:00,1.01,1.016,1.004,1.011,592971.0
2024-08-17 12:00:00+00:00,1.011,1.04,1.0085,1.0285,1777672.5
2024-08-17 16:00:00+00:00,1.0285,1.0625,1.027,1.044,2871229.6
2024-08-17 20:00:00+00:00,1.044,1.0725,1.042,1.069,990570.1
2024-08-18 00:00:00+00:00,1.069,1.082,1.056,1.056,1626638.4
2024-08-18 04:00:00+00:00,1.056,1.0815,1.052,1.0755,1432592.7
2024-08-18 08:00:00+00:00,1.0755,1.1145,1.0695,1.0975,4211877.2
2024-08-18 12:00:00+00:00,1.0975,1.098,1.077,1.0845,1696395.5
2024-08-18 16:00:00+00:00,1.0845,1.093,1.066,1.0675,1690214.2
2024-08-18 20:00:00+00:00,1.0675,1.0725,1.055,1.056,1586413.1
2024-08-19 00:00:00+00:00,1.056,1.0605,1.0425,1.0485,2282928.8
2024-08-19 04:00:00+00:00,1.0485,1.064,1.0455,1.0465,1338701.8
2024-08-19 08:00:00+00:00,1.0465,1.073,1.037,1.056,3371041.6
2024-08-19 12:00:00+00:00,1.056,1.067,1.0355,1.0405,3002833.2
2024-08-19 16:00:00+00:00,1.0405,1.067,1.021,1.046,3248007.6
2024-08-19 20:00:00+00:00,1.046,1.059,1.039,1.0515,3733748.8
2024-08-20 00:00:00+00:00,1.0515,1.085,1.0425,1.0785,3852980.7
2024-08-20 04:00:00+00:00,1.0785,1.09,1.068,1.0775,2901159.6
2024-08-20 08:00:00+00:00,1.0775,1.088,1.0685,1.075,1983010.5
2024-08-20 12:00:00+00:00,1.075,1.08,1.0295,1.0395,3645015.7
2024-08-20 16:00:00+00:00,1.0395,1.0705,1.031,1.065,1774599.4
2024-08-20 20:00:00+00:00,1.065,1.0995,1.065,1.092,4708821.4
2024-08-21 00:00:00+00:00,1.092,1.095,1.072,1.0765,4014734.8
2024-08-21 04:00:00+00:00,1.0765,1.1,1.07,1.0995,2269150.5
2024-08-21 08:00:00+00:00,1.0995,1.103,1.0685,1.0685,2936823.9
2024-08-21 12:00:00+00:00,1.0685,1.0795,1.0375,1.059,5091700.4
2024-08-21 16:00:00+00:00,1.059,1.1185,1.0545,1.1145,4733792.6
2024-08-21 20:00:00+00:00,1.1145,1.1215,1.1055,1.1085,1567493.8
2024-08-22 00:00:00+00:00,1.1085,1.1155,1.093,1.111,1408514.4
2024-08-22 04:00:00+00:00,1.111,1.13,1.099,1.1245,1266560.0
2024-08-22 08:00:00+00:00,1.1245,1.1455,1.1235,1.1365,3379387.0
2024-08-22 12:00:00+00:00,1.1365,1.137,1.107,1.115,2591050.4
2024-08-22 16:00:00+00:00,1.115,1.1225,1.1095,1.113,978338.5
2024-08-22 20:00:00+00:00,1.113,1.124,1.113,1.1205,1009031.8
2024-08-23 00:00:00+00:00,1.1205,1.14,1.12,1.1335,1375115.8
2024-08-23 04:00:00+00:00,1.1335,1.2095,1.1305,1.186,5286406.1
2024-08-23 08:00:00+00:00,1.186,1.192,1.1565,1.163,2839587.6
2024-08-23 12:00:00+00:00,1.163,1.1975,1.162,1.191,4524917.1
2024-08-23 16:00:00+00:00,1.191,1.3005,1.187,1.288,12419898.3
2024-08-23 20:00:00+00:00,1.288,1.3125,1.2845,1.2945,3896315.1
2024-08-24 00:00:00+00:00,1.2945,1.305,1.263,1.294,4507906.0
2024-08-24 04:00:00+00:00,1.294,1.3125,1.2925,1.298,1737715.3
2024-08-24 08:00:00+00:00,1.298,1.331,1.2945,1.304,2875133.7
2024-08-24 12:00:00+00:00,1.304,1.32,1.298,1.309,1421597.7
2024-08-24 16:00:00+00:00,1.309,1.3535,1.3055,1.3275,4068423.8
2024-08-24 20:00:00+00:00,1.3275,1.3375,1.2725,1.2925,4863009.8
2024-08-25 00:00:00+00:00,1.2925,1.293,1.241,1.2605,3234170.1
2024-08-25 04:00:00+00:00,1.2605,1.2615,1.206,1.215,2046394.1
2024-08-25 08:00:00+00:00,1.215,1.239,1.207,1.2335,1492712.0
2024-08-25 12:00:00+00:00,1.2335,1.2615,1.228,1.2465,1813351.5
2024-08-25 16:00:00+00:00,1.2465,1.2595,1.235,1.2385,1272587.9
2024-08-25 20:00:00+00:00,1.2385,1.2645,1.2325,1.238,1682957.5
2024-08-26 00:00:00+00:00,1.238,1.2515,1.218,1.2465,2214026.0
2024-08-26 04:00:00+00:00,1.2465,1.2515,1.221,1.224,1605251.1
2024-08-26 08:00:00+00:00,1.224,1.245,1.213,1.23,1437916.3
2024-08-26 12:00:00+00:00,1.23,1.2325,1.2035,1.214,2855405.1
2024-08-26 16:00:00+00:00,1.214,1.242,1.183,1.1915,3692216.3
2024-08-26 20:00:00+00:00,1.1915,1.203,1.175,1.1755,1696210.7
2024-08-27 00:00:00+00:00,1.1755,1.1985,1.1755,1.188,1158957.1
2024-08-27 04:00:00+00:00,1.188,1.2065,1.183,1.1995,1080466.1
2024-08-27 08:00:00+00:00,1.1995,1.201,1.154,1.171,2802594.1
2024-08-27 12:00:00+00:00,1.171,1.174,1.1335,1.139,3128366.3
2024-08-27 16:00:00+00:00,1.139,1.1695,1.135,1.1575,1438400.0
2024-08-27 20:00:00+00:00,1.1575,1.158,1.056,1.071,7761554.2
2024-08-28 00:00:00+00:00,1.071,1.0745,1.0395,1.072,2516672.3
2024-08-28 04:00:00+00:00,1.072,1.072,1.0385,1.0395,1731348.4
2024-08-28 08:00:00+00:00,1.0395,1.1105,1.031,1.08,2783861.9
2024-08-28 12:00:00+00:00,1.08,1.0845,1.033,1.041,3855107.5
2024-08-28 16:00:00+00:00,1.041,1.0605,1.012,1.0395,4325743.2
2024-08-28 20:00:00+00:00,1.0395,1.064,1.0355,1.042,2314310.7
2024-08-29 00:00:00+00:00,1.042,1.057,1.0405,1.049,822442.6
2024-08-29 04:00:00+00:00,1.049,1.0905,1.044,1.064,1951967.0
2024-08-29 08:00:00+00:00,1.064,1.093,1.0575,1.0815,2513270.9
2024-08-29 12:00:00+00:00,1.0815,1.107,1.0755,1.0955,2600296.2
2024-08-29 16:00:00+00:00,1.0955,1.0955,1.0275,1.0505,3529343.4
2024-08-29 20:00:00+00:00,1.0505,1.0625,1.039,1.056,1701109.2
2024-08-30 00:00:00+00:00,1.056,1.0615,1.0405,1.044,1281898.0
2024-08-30 04:00:00+00:00,1.044,1.062,1.04,1.0545,1087598.1
2024-08-30 08:00:00+00:00,1.0545,1.0685,1.054,1.0555,1298643.7
2024-08-30 12:00:00+00:00,1.0555,1.0735,1.0085,1.014,4458883.3
2024-08-30 16:00:00+00:00,1.014,1.074,1.009,1.058,2758651.9
2024-08-30 20:00:00+00:00,1.058,1.075,1.056,1.068,895848.8
2024-08-31 00:00:00+00:00,1.068,1.0745,1.063,1.068,662559.4
2024-08-31 04:00:00+00:00,1.068,1.074,1.0615,1.065,741848.5
2024-08-31 08:00:00+00:00,1.065,1.072,1.056,1.0685,607777.8
2024-08-31 12:00:00+00:00,1.0685,1.0685,1.0525,1.058,732457.1
2024-08-31 16:00:00+00:00,1.058,1.059,1.0395,1.0495,803869.6
2024-08-31 20:00:00+00:00,1.0495,1.064,1.046,1.057,507934.7
2024-09-01 00:00:00+00:00,1.057,1.062,1.042,1.0545,971206.1
2024-09-01 04:00:00+00:00,1.0545,1.073,1.0385,1.064,1934883.4
2024-09-01 08:00:00+00:00,1.064,1.065,1.0445,1.058,1153661.9
2024-09-01 12:00:00+00:00,1.058,1.06,1.0205,1.0485,1997493.3
2024-09-01 16:00:00+00:00,1.0485,1.0655,1.0275,1.054,1358299.4
2024-09-01 20:00:00+00:00,1.054,1.062,0.989,1.002,2651093.7
2024-09-02 00:00:00+00:00,1.002,1.0275,0.9955,1.026,1367818.2
2024-09-02 04:00:00+00:00,1.026,1.0325,1.008,1.0135,1364986.8
2024-09-02 08:00:00+00:00,1.0135,1.074,1.0135,1.058,3022141.2
2024-09-02 12:00:00+00:00,1.058,1.0795,1.0415,1.0665,2694690.4
2024-09-02 16:00:00+00:00,1.0665,1.0785,1.056,1.063,2111408.1
2024-09-02 20:00:00+00:00,1.063,1.0865,1.06,1.0685,2595381.1
2024-09-03 00:00:00+00:00,1.0685,1.0805,1.0595,1.0615,1373240.4
2024-09-03 04:00:00+00:00,1.0615,1.064,1.0515,1.063,1430754.2
2024-09-03 08:00:00+00:00,1.063,1.064,1.049,1.052,1001525.0
2024-09-03 12:00:00+00:00,1.052,1.054,1.007,1.0085,3930323.8
2024-09-03 16:00:00+00:00,1.0085,1.0145,0.9965,1.0035,2517430.1
2024-09-03 20:00:00+00:00,1.0035,1.0135,0.984,0.9875,1835365.1
2024-09-04 00:00:00+00:00,0.9875,1.0005,0.9265,0.9675,8817388.5
2024-09-04 04:00:00+00:00,0.9675,0.99,0.964,0.9895,2435966.3
2024-09-04 08:00:00+00:00,0.9895,0.999,0.9805,0.9865,2055892.9
2024-09-04 12:00:00+00:00,0.9865,1.033,0.984,1.032,3903728.0
2024-09-04 16:00:00+00:00,1.032,1.053,1.018,1.0275,2316539.6
2024-09-04 20:00:00+00:00,1.0275,1.031,1.012,1.0145,1297544.4
2024-09-05 00:00:00+00:00,1.0145,1.021,0.99,0.9925,1708326.5
2024-09-05 04:00:00+00:00,0.9925,1.001,0.9785,1.0005,2353698.6
2024-09-05 08:00:00+00:00,1.0005,1.005,0.9815,0.9875,1719020.8
2024-09-05 12:00:00+00:00,0.9875,1.003,0.975,0.9775,2840864.8
2024-09-05 16:00:00+00:00,0.9775,0.9835,0.9575,0.962,3043221.1
2024-09-05 20:00:00+00:00,0.962,0.969,0.9575,0.9645,634888.0
2024-09-06 00:00:00+00:00,0.9645,0.991,0.962,0.9825,1357030.4
2024-09-06 04:00:00+00:00,0.9825,0.9855,0.9525,0.97,1710967.1
2024-09-06 08:00:00+00:00,0.97,0.9745,0.951,0.963,2352712.4
2024-09-06 12:00:00+00:00,0.963,0.9865,0.934,0.952,6777156.4
2024-09-06 16:00:00+00:00,0.952,0.952,0.8985,0.9015,5544210.4
2024-09-06 20:00:00+00:00,0.9015,0.916,0.876,0.9115,5131522.6
2024-09-07 00:00:00+00:00,0.9115,0.9245,0.91,0.9145,1021220.1
2024-09-07 04:00:00+00:00,0.9145,0.9255,0.91,0.9245,1412479.9
2024-09-07 08:00:00+00:00,0.9245,0.931,0.912,0.9225,2261634.3
2024-09-07 12:00:00+00:00,0.9225,0.9375,0.9225,0.926,1804967.3
2024-09-07 16:00:00+00:00,0.926,0.9315,0.9055,0.926,1577849.9
2024-09-07 20:00:00+00:00,0.926,0.928,0.9025,0.9125,1069756.4
2024-09-08 00:00:00+00:00,0.9125,0.9375,0.9075,0.937,611998.2
2024-09-08 04:00:00+00:00,0.937,0.959,0.928,0.9435,2542082.2
2024-09-08 08:00:00+00:00,0.9435,0.951,0.94,0.9405,1137613.6
2024-09-08 12:00:00+00:00,0.9405,0.9445,0.909,0.911,3054728.3
2024-09-08 16:00:00+00:00,0.911,0.921,0.905,0.9145,1305162.5
2024-09-08 20:00:00+00:00,0.9145,0.9695,0.913,0.9435,3358302.7
2024-09-09 00:00:00+00:00,0.9435,0.9615,0.9405,0.95,1872058.4
2024-09-09 04:00:00+00:00,0.95,0.9675,0.942,0.965,1175159.6
2024-09-09 08:00:00+00:00,0.965,0.9815,0.961,0.969,2947635.3
2024-09-09 12:00:00+00:00,0.969,0.9775,0.9495,0.9715,2473044.9
2024-09-09 16:00:00+00:00,0.9715,1.0095,0.971,1.0075,4220669.5
2024-09-09 20:00:00+00:00,1.0075,1.02,0.9995,1.005,2330386.7
2024-09-10 00:00:00+00:00,1.005,1.0055,0.9905,0.994,757660.2
2024-09-10 04:00:00+00:00,0.994,1.008,0.993,1.0045,972019.2
2024-09-10 08:00:00+00:00,1.0045,1.014,0.9955,1.0085,1520485.9
2024-09-10 12:00:00+00:00,1.0085,1.0155,0.992,0.992,2428684.5
2024-09-10 16:00:00+00:00,0.992,1.037,0.9915,1.029,3581897.3
2024-09-10 20:00:00+00:00,1.029,1.0375,1.017,1.0225,985180.8
2024-09-11 00:00:00+00:00,1.0225,1.0285,0.996,0.999,1354806.2
2024-09-11 04:00:00+00:00,0.999,1.0,0.9735,0.999,1926736.5
2024-09-11 08:00:00+00:00,0.999,1.004,0.9835,0.99,1257664.3
2024-09-11 12:00:00+00:00,0.99,1.015,0.965,1.0005,3666376.6
2024-09-11 16:00:00+00:00,1.0005,1.035,0.999,1.0105,2415520.7
2024-09-11 20:00:00+00:00,1.0105,1.018,1.006,1.0085,577312.5
2024-09-12 00:00:00+00:00,1.0085,1.0325,1.006,1.022,1016166.3
2024-09-12 04:00:00+00:00,1.022,1.0295,1.01,1.0215,1142138.9
2024-09-12 08:00:00+00:00,1.0215,1.0315,1.016,1.0225,852245.0
2024-09-12 12:00:00+00:00,1.0225,1.039,1.011,1.013,1818402.5
2024-09-12 16:00:00+00:00,1.013,1.031,1.013,1.0235,1308627.5
2024-09-12 20:00:00+00:00,1.0235,1.036,1.0175,1.0355,900387.4
2024-09-13 00:00:00+00:00,1.0355,1.039,1.02,1.02,610692.7
2024-09-13 04:00:00+00:00,1.02,1.0235,1.009,1.0165,1123078.4
2024-09-13 08:00:00+00:00,1.0165,1.037,1.0125,1.0245,1432418.8
2024-09-13 12:00:00+00:00,1.0245,1.054,1.016,1.053,2895834.5
2024-09-13 16:00:00+00:00,1.053,1.059,1.0425,1.0555,1688823.4
2024-09-13 20:00:00+00:00,1.0555,1.0795,1.054,1.0605,1215618.3
2024-09-14 00:00:00+00:00,1.0605,1.0665,1.047,1.054,540104.5
2024-09-14 04:00:00+00:00,1.054,1.054,1.0295,1.0355,1176319.5
2024-09-14 08:00:00+00:00,1.0355,1.038,1.0185,1.0245,853968.1
2024-09-14 12:00:00+00:00,1.0245,1.0345,1.0225,1.03,563398.4
2024-09-14 16:00:00+00:00,1.03,1.035,1.011,1.023,1217080.8
2024-09-14 20:00:00+00:00,1.023,1.033,1.0225,1.0265,724206.9
2024-09-15 00:00:00+00:00,1.0265,1.0445,1.025,1.036,725554.8
2024-09-15 04:00:00+00:00,1.036,1.0385,1.0215,1.025,1032195.5
2024-09-15 08:00:00+00:00,1.025,1.026,1.008,1.0155,1517241.3
2024-09-15 12:00:00+00:00,1.0155,1.0265,1.0085,1.0255,1525912.6
2024-09-15 16:00:00+00:00,1.0255,1.0345,1.009,1.0165,2521851.6
2024-09-15 20:00:00+00:00,1.0165,1.019,0.982,0.993,2737023.5
2024-09-16 00:00:00+00:00,0.993,1.0025,0.9725,0.988,3082264.3
2024-09-16 04:00:00+00:00,0.988,1.0035,0.986,1.002,1546126.6
2024-09-16 08:00:00+00:00,1.002,1.009,0.978,0.993,2394289.1
2024-09-16 12:00:00+00:00,0.993,0.995,0.966,0.978,3727094.5
2024-09-16 16:00:00+00:00,0.978,0.982,0.9615,0.9655,1643926.0
2024-09-16 20:00:00+00:00,0.9655,0.9755,0.9525,0.972,1152081.1
2024-09-17 00:00:00+00:00,0.972,0.975,0.9535,0.9705,1012845.6
2024-09-17 04:00:00+00:00,0.9705,0.9885,0.9685,0.982,932850.9
2024-09-17 08:00:00+00:00,0.982,0.9935,0.9775,0.985,1573862.9
2024-09-17 12:00:00+00:00,0.985,1.0135,0.9735,1.008,4605904.6
2024-09-17 16:00:00+00:00,1.008,1.0165,0.98,0.9875,2621204.0
2024-09-17 20:00:00+00:00,0.9875,0.996,0.9825,0.9895,1156279.4
2024-09-18 00:00:00+00:00,0.9895,0.998,0.977,0.993,812849.7
2024-09-18 04:00:00+00:00,0.993,0.9935,0.9705,0.974,981484.0
2024-09-18 08:00:00+00:00,0.974,0.9835,0.9505,0.965,5313754.1
2024-09-18 12:00:00+00:00,0.965,0.971,0.9405,0.9455,1904613.7
2024-09-18 16:00:00+00:00,0.9455,1.0065,0.94,0.991,6930452.1
2024-09-18 20:00:00+00:00,0.991,1.033,0.9845,1.032,1895263.0
2024-09-19 00:00:00+00:00,1.032,1.0495,1.032,1.0415,2977867.8
2024-09-19 04:00:00+00:00,1.0415,1.0595,1.0345,1.0555,2387695.8
2024-09-19 08:00:00+00:00,1.0555,1.0575,1.031,1.038,3002271.9
2024-09-19 12:00:00+00:00,1.038,1.054,1.035,1.046,3078801.5
2024-09-19 16:00:00+00:00,1.046,1.0745,1.0455,1.0545,4523421.2
2024-09-19 20:00:00+00:00,1.0545,1.067,1.0415,1.0465,1868814.7
2024-09-20 00:00:00+00:00,1.0465,1.058,1.02,1.0575,2872183.9
2024-09-20 04:00:00+00:00,1.0575,1.16,1.053,1.149,12603893.7
2024-09-20 08:00:00+00:00,1.149,1.1655,1.11,1.1165,5491318.9
2024-09-20 12:00:00+00:00,1.1165,1.126,1.0865,1.1155,5053610.8
2024-09-20 16:00:00+00:00,1.1155,1.1265,1.0895,1.1005,2536342.4
2024-09-20 20:00:00+00:00,1.1005,1.1175,1.0955,1.114,1714948.3
2024-09-21 00:00:00+00:00,1.114,1.1245,1.095,1.1025,2977122.9
2024-09-21 04:00:00+00:00,1.1025,1.1095,1.0835,1.103,1964760.1
2024-09-21 08:00:00+00:00,1.103,1.107,1.0955,1.1055,1216105.5
2024-09-21 12:00:00+00:00,1.1055,1.141,1.1,1.137,3261280.2
2024-09-21 16:00:00+00:00,1.137,1.1375,1.122,1.127,1537283.3
2024-09-21 20:00:00+00:00,1.127,1.1535,1.121,1.147,3850472.5
2024-09-22 00:00:00+00:00,1.147,1.1705,1.1285,1.1615,4889875.8
2024-09-22 04:00:00+00:00,1.1615,1.183,1.1385,1.156,5665764.2
2024-09-22 08:00:00+00:00,1.156,1.157,1.108,1.1185,5782433.0
2024-09-22 12:00:00+00:00,1.1185,1.1285,1.0965,1.105,2802436.9
2024-09-22 16:00:00+00:00,1.105,1.118,1.093,1.106,2617733.1
2024-09-22 20:00:00+00:00,1.106,1.1175,1.075,1.111,3952951.7
2024-09-23 00:00:00+00:00,1.111,1.186,1.0855,1.1695,4825651.8
2024-09-23 04:00:00+00:00,1.1695,1.1725,1.139,1.1405,3401920.6
2024-09-23 08:00:00+00:00,1.1405,1.149,1.118,1.124,2198191.7
2024-09-23 12:00:00+00:00,1.124,1.1685,1.118,1.1645,3987818.9
2024-09-23 16:00:00+00:00,1.1645,1.1845,1.1525,1.17,3655759.7
2024-09-23 20:00:00+00:00,1.17,1.218,1.17,1.2145,3498863.0
2024-09-24 00:00:00+00:00,1.2145,1.218,1.17,1.1915,4017676.2
2024-09-24 04:00:00+00:00,1.1915,1.237,1.1825,1.2335,3141107.9
2024-09-24 08:00:00+00:00,1.2335,1.2495,1.2255,1.2395,3628742.4
2024-09-24 12:00:00+00:00,1.2395,1.2535,1.2035,1.207,4664562.4
2024-09-24 16:00:00+00:00,1.207,1.255,1.205,1.25,3789836.6
2024-09-24 20:00:00+00:00,1.25,1.269,1.2355,1.2585,3105710.6
2024-09-25 00:00:00+00:00,1.2585,1.291,1.2465,1.2875,5639311.4
2024-09-25 04:00:00+00:00,1.2875,1.2925,1.226,1.2395,3488064.3
2024-09-25 08:00:00+00:00,1.2395,1.266,1.2375,1.2625,2503366.8
2024-09-25 12:00:00+00:00,1.2625,1.2945,1.2515,1.2855,3316595.9
2024-09-25 16:00:00+00:00,1.2855,1.2865,1.23,1.2395,4641426.5
2024-09-25 20:00:00+00:00,1.2395,1.2645,1.22,1.229,2209649.6
2024-09-26 00:00:00+00:00,1.229,1.2405,1.2035,1.2375,3641967.9
2024-09-26 04:00:00+00:00,1.2375,1.2665,1.2265,1.264,2726106.2
2024-09-26 08:00:00+00:00,1.264,1.284,1.248,1.266,3901324.6
2024-09-26 12:00:00+00:00,1.266,1.278,1.234,1.261,4900846.4
2024-09-26 16:00:00+00:00,1.261,1.2745,1.232,1.239,3803813.5
2024-09-26 20:00:00+00:00,1.239,1.2545,1.214,1.2515,2355885.5
2024-09-27 00:00:00+00:00,1.2515,1.282,1.237,1.2785,2223789.6
2024-09-27 04:00:00+00:00,1.2785,1.3,1.272,1.2815,3273004.6
2024-09-27 08:00:00+00:00,1.2815,1.2995,1.2455,1.2685,4723412.9
2024-09-27 12:00:00+00:00,1.2685,1.3495,1.265,1.3265,6778817.2
2024-09-27 16:00:00+00:00,1.3265,1.396,1.3245,1.3535,7989805.1
2024-09-27 20:00:00+00:00,1.3535,1.3705,1.3425,1.3545,2042085.4
2024-09-28 00:00:00+00:00,1.3545,1.374,1.3545,1.3625,1675021.3
2024-09-28 04:00:00+00:00,1.3625,1.3825,1.324,1.3285,2909577.2
2024-09-28 08:00:00+00:00,1.3285,1.3505,1.304,1.334,3192428.3
2024-09-28 12:00:00+00:00,1.334,1.349,1.313,1.336,1666587.5
2024-09-28 16:00:00+00:00,1.336,1.341,1.3225,1.336,834051.4
2024-09-28 20:00:00+00:00,1.336,1.338,1.3085,1.333,1581845.4
2024-09-29 00:00:00+00:00,1.333,1.3445,1.3115,1.329,1469342.3
2024-09-29 04:00:00+00:00,1.329,1.329,1.291,1.2955,1655448.5
2024-09-29 08:00:00+00:00,1.2955,1.3245,1.2955,1.321,1407582.3
2024-09-29 12:00:00+00:00,1.321,1.3335,1.3025,1.33,2218452.6
2024-09-29 16:00:00+00:00,1.33,1.345,1.3165,1.3435,2348320.4
2024-09-29 20:00:00+00:00,1.3435,1.3535,1.3155,1.326,2110675.4
2024-09-30 00:00:00+00:00,1.326,1.329,1.2805,1.3035,3045095.6
2024-09-30 04:00:00+00:00,1.3035,1.344,1.2865,1.339,1977515.4
2024-09-30 08:00:00+00:00,1.339,1.3455,1.2875,1.33,3824847.4
2024-09-30 12:00:00+00:00,1.33,1.34,1.284,1.285,2918450.0
2024-09-30 16:00:00+00:00,1.285,1.318,1.284,1.315,1550672.2
2024-09-30 20:00:00+00:00,1.315,1.3365,1.264,1.2785,2033950.8
2024-10-01 00:00:00+00:00,1.2785,1.3265,1.274,1.3215,1307353.9
2024-10-01 04:00:00+00:00,1.3215,1.3495,1.3125,1.3245,2080781.7
2024-10-01 08:00:00+00:00,1.3245,1.33,1.303,1.303,1313320.6
2024-10-01 12:00:00+00:00,1.303,1.3115,1.1585,1.186,11116991.1
2024-10-01 16:00:00+00:00,1.186,1.1935,1.1025,1.1555,11369091.0
2024-10-01 20:00:00+00:00,1.1555,1.158,1.1255,1.1315,3295107.8
2024-10-02 00:00:00+00:00,1.1315,1.1735,1.1285,1.157,2863558.9
2024-10-02 04:00:00+00:00,1.157,1.163,1.1375,1.154,1723786.5
2024-10-02 08:00:00+00:00,1.154,1.1585,1.112,1.1155,3522916.3
2024-10-02 12:00:00+00:00,1.1155,1.118,1.0735,1.0955,8388358.0
2024-10-02 16:00:00+00:00,1.0955,1.105,1.018,1.037,7790669.6
2024-10-02 20:00:00+00:00,1.037,1.052,1.0275,1.036,2865512.9
2024-10-03 00:00:00+00:00,1.036,1.059,1.024,1.057,2493414.4
2024-10-03 04:00:00+00:00,1.057,1.0585,1.019,1.0195,2679009.0
2024-10-03 08:00:00+00:00,1.0195,1.043,0.9835,1.028,5874846.9
2024-10-03 12:00:00+00:00,1.028,1.0405,0.993,1.021,5296824.3
2024-10-03 16:00:00+00:00,1.021,1.028,0.997,1.0265,2361235.9
2024-10-03 20:00:00+00:00,1.0265,1.0335,1.0075,1.018,1460884.5
2024-10-04 00:00:00+00:00,1.018,1.0375,1.012,1.019,1831582.8
2024-10-04 04:00:00+00:00,1.019,1.0315,1.014,1.0245,1373603.8
2024-10-04 08:00:00+00:00,1.0245,1.0425,1.002,1.012,3156266.4
2024-10-04 12:00:00+00:00,1.012,1.0425,0.9975,1.041,4191406.7
2024-10-04 16:00:00+00:00,1.041,1.068,1.0365,1.0595,3545858.4
2024-10-04 20:00:00+00:00,1.0595,1.0655,1.049,1.0555,1377028.5
2024-10-05 00:00:00+00:00,1.0555,1.0705,1.049,1.0565,1238600.3
2024-10-05 04:00:00+00:00,1.0565,1.0845,1.053,1.0725,1260960.3
2024-10-05 08:00:00+00:00,1.0725,1.083,1.0615,1.071,1189337.0
2024-10-05 12:00:00+00:00,1.071,1.075,1.0525,1.062,1591078.4
2024-10-05 16:00:00+00:00,1.062,1.0625,1.0365,1.038,1440771.1
2024-10-05 20:00:00+00:00,1.038,1.0515,1.028,1.05,852295.4
2024-10-06 00:00:00+00:00,1.05,1.069,1.0445,1.0495,726501.0
2024-10-06 04:00:00+00:00,1.0495,1.0605,1.043,1.049,872821.0
2024-10-06 08:00:00+00:00,1.049,1.062,1.044,1.059,690908.1
2024-10-06 12:00:00+00:00,1.059,1.0765,1.0545,1.0705,1331889.6
2024-10-06 16:00:00+00:00,1.0705,1.075,1.058,1.06,1235515.3
2024-10-06 20:00:00+00:00,1.06,1.0815,1.0525,1.081,923940.1
2024-10-07 00:00:00+00:00,1.081,1.147,1.0725,1.121,3305428.5
2024-10-07 04:00:00+00:00,1.121,1.1245,1.0995,1.103,1541961.2
2024-10-07 08:00:00+00:00,1.103,1.1145,1.075,1.096,1955007.7
2024-10-07 12:00:00+00:00,1.096,1.1365,1.086,1.104,4350889.5
2024-10-07 16:00:00+00:00,1.104,1.1185,1.0825,1.099,2220526.8
2024-10-07 20:00:00+00:00,1.099,1.102,1.067,1.0685,1810760.2
2024-10-08 00:00:00+00:00,1.0685,1.0895,1.0685,1.0895,1157682.4
2024-10-08 04:00:00+00:00,1.0895,1.094,1.0575,1.0695,1963248.4
2024-10-08 08:00:00+00:00,1.0695,1.09,1.0645,1.0895,2005571.9
2024-10-08 12:00:00+00:00,1.0895,1.097,1.056,1.068,3055898.6
2024-10-08 16:00:00+00:00,1.068,1.091,1.0605,1.075,1830438.1
2024-10-08 20:00:00+00:00,1.075,1.0855,1.0605,1.0705,734017.1
2024-10-09 00:00:00+00:00,1.0705,1.0895,1.0625,1.0725,1435760.3
2024-10-09 04:00:00+00:00,1.0725,1.0855,1.066,1.0695,1136989.5
2024-10-09 08:00:00+00:00,1.0695,1.0815,1.066,1.0805,879832.2
2024-10-09 12:00:00+00:00,1.0805,1.084,1.053,1.076,3281379.2
2024-10-09 16:00:00+00:00,1.076,1.0775,1.0345,1.043,3359564.3
2024-10-09 20:00:00+00:00,1.043,1.043,1.0115,1.028,2661966.8
2024-10-10 00:00:00+00:00,1.028,1.052,1.0215,1.042,1100829.2
2024-10-10 04:00:00+00:00,1.042,1.0565,1.0405,1.043,854934.3
2024-10-10 08:00:00+00:00,1.043,1.0495,1.025,1.0485,1310625.0
2024-10-10 12:00:00+00:00,1.0485,1.051,1.022,1.0435,2147010.1
2024-10-10 16:00:00+00:00,1.0435,1.051,1.0075,1.0215,2207973.0
2024-10-10 20:00:00+00:00,1.0215,1.035,1.0145,1.0345,1507223.2
2024-10-11 00:00:00+00:00,1.0345,1.046,1.0255,1.0405,856732.2
2024-10-11 04:00:00+00:00,1.0405,1.0435,1.029,1.032,1041811.7
2024-10-11 08:00:00+00:00,1.032,1.054,1.0315,1.0465,1106677.7
2024-10-11 12:00:00+00:00,1.0465,1.0855,1.0465,1.0835,3027777.5
2024-10-11 16:00:00+00:00,1.0835,1.0905,1.0655,1.0765,2158501.2
2024-10-11 20:00:00+00:00,1.0765,1.0815,1.0685,1.073,878315.5
2024-10-12 00:00:00+00:00,1.073,1.0915,1.0665,1.0695,1086690.3
2024-10-12 04:00:00+00:00,1.0695,1.087,1.0695,1.0865,1520661.7
2024-10-12 08:00:00+00:00,1.0865,1.091,1.074,1.077,1450133.4
2024-10-12 12:00:00+00:00,1.077,1.0945,1.0725,1.0855,1557764.8
2024-10-12 16:00:00+00:00,1.0855,1.0955,1.074,1.0785,997243.3
2024-10-12 20:00:00+00:00,1.0785,1.0905,1.076,1.0765,810916.9
2024-10-13 00:00:00+00:00,1.0765,1.0805,1.0505,1.0525,1699116.1
2024-10-13 04:00:00+00:00,1.0525,1.069,1.0515,1.061,657992.4
2024-10-13 08:00:00+00:00,1.061,1.0675,1.0395,1.0405,1352426.0
2024-10-13 12:00:00+00:00,1.0405,1.0525,1.02,1.03,1533670.8
2024-10-13 16:00:00+00:00,1.03,1.038,1.0125,1.03,1610107.7
2024-10-13 20:00:00+00:00,1.03,1.06,1.027,1.048,1129484.7
2024-10-14 00:00:00+00:00,1.048,1.0795,1.0345,1.079,1819244.9
2024-10-14 04:00:00+00:00,1.079,1.0985,1.0665,1.093,3228923.7
2024-10-14 08:00:00+00:00,1.093,1.116,1.0835,1.1155,3108010.6
2024-10-14 12:00:00+00:00,1.1155,1.17,1.113,1.1665,6358924.6
2024-10-14 16:00:00+00:00,1.1665,1.187,1.148,1.1775,4026382.9
2024-10-14 20:00:00+00:00,1.1775,1.197,1.1745,1.189,1699091.6
2024-10-15 00:00:00+00:00,1.189,1.2,1.1635,1.1645,1838003.1
2024-10-15 04:00:00+00:00,1.1645,1.1825,1.1515,1.1635,2188585.8
2024-10-15 08:00:00+00:00,1.1635,1.1755,1.1215,1.1305,2394743.4
2024-10-15 12:00:00+00:00,1.1305,1.204,1.1035,1.1325,8629625.0
2024-10-15 16:00:00+00:00,1.1325,1.1645,1.1225,1.124,2935540.7
2024-10-15 20:00:00+00:00,1.124,1.14,1.103,1.1395,2034465.2
2024-10-16 00:00:00+00:00,1.1395,1.155,1.1155,1.141,1363071.2
2024-10-16 04:00:00+00:00,1.141,1.149,1.1115,1.1175,1519447.3
2024-10-16 08:00:00+00:00,1.1175,1.1435,1.1135,1.131,1769636.0
2024-10-16 12:00:00+00:00,1.131,1.142,1.0965,1.1005,2871135.3
2024-10-16 16:00:00+00:00,1.1005,1.1125,1.0895,1.1075,2893211.9
2024-10-16 20:00:00+00:00,1.1075,1.1355,1.1075,1.1175,1266746.6
2024-10-17 00:00:00+00:00,1.1175,1.1375,1.114,1.134,853541.2
2024-10-17 04:00:00+00:00,1.134,1.1365,1.089,1.0995,1244262.4
2024-10-17 08:00:00+00:00,1.0995,1.108,1.0675,1.0735,2627425.5
2024-10-17 12:00:00+00:00,1.0735,1.1075,1.0705,1.105,2554009.3
2024-10-17 16:00:00+00:00,1.105,1.105,1.0625,1.0805,2238769.2
2024-10-17 20:00:00+00:00,1.0805,1.0925,1.079,1.086,527859.5
2024-10-18 00:00:00+00:00,1.086,1.115,1.0815,1.094,1178920.8
2024-10-18 04:00:00+00:00,1.094,1.122,1.0935,1.1205,1309880.1
2024-10-18 08:00:00+00:00,1.1205,1.1205,1.097,1.099,1016066.2
2024-10-18 12:00:00+00:00,1.099,1.12,1.089,1.113,2281305.9
2024-10-18 16:00:00+00:00,1.113,1.134,1.1005,1.1235,2114961.5
2024-10-18 20:00:00+00:00,1.1235,1.1305,1.1145,1.1295,736907.0
2024-10-19 00:00:00+00:00,1.1295,1.1475,1.126,1.136,918047.4
2024-10-19 04:00:00+00:00,1.136,1.1415,1.12,1.1215,674045.8
2024-10-19 08:00:00+00:00,1.1215,1.1265,1.103,1.1045,1254275.6
2024-10-19 12:00:00+00:00,1.1045,1.1265,1.103,1.1165,1038511.4
2024-10-19 16:00:00+00:00,1.1165,1.1225,1.107,1.1165,937643.3
2024-10-19 20:00:00+00:00,1.1165,1.1405,1.1145,1.138,1008495.9
2024-10-20 00:00:00+00:00,1.138,1.14,1.113,1.123,983348.5
2024-10-20 04:00:00+00:00,1.123,1.1395,1.1175,1.1365,962595.0
2024-10-20 08:00:00+00:00,1.1365,1.1545,1.1355,1.1525,907309.4
2024-10-20 12:00:00+00:00,1.1525,1.2255,1.151,1.1945,5314146.8
2024-10-20 16:00:00+00:00,1.1945,1.1955,1.1715,1.1875,1767158.0
2024-10-20 20:00:00+00:00,1.1875,1.2155,1.1845,1.214,1562323.6
2024-10-21 00:00:00+00:00,1.214,1.2265,1.1955,1.201,1989735.8
2024-10-21 04:00:00+00:00,1.201,1.202,1.1745,1.1755,1218784.6
2024-10-21 08:00:00+00:00,1.1755,1.1845,1.1605,1.164,1611195.8
2024-10-21 12:00:00+00:00,1.164,1.171,1.141,1.1595,3761078.6
2024-10-21 16:00:00+00:00,1.1595,1.172,1.1425,1.1705,2349659.2
2024-10-21 20:00:00+00:00,1.1705,1.171,1.155,1.1565,637822.5
2024-10-22 00:00:00+00:00,1.1565,1.1755,1.1365,1.166,1519282.9
2024-10-22 04:00:00+00:00,1.166,1.178,1.155,1.174,892358.1
2024-10-22 08:00:00+00:00,1.174,1.1755,1.144,1.1495,2113473.7
2024-10-22 12:00:00+00:00,1.1495,1.152,1.125,1.1465,2882114.3
2024-10-22 16:00:00+00:00,1.1465,1.149,1.123,1.142,1317709.5
2024-10-22 20:00:00+00:00,1.142,1.1535,1.135,1.1445,996578.3
2024-10-23 00:00:00+00:00,1.1445,1.1475,1.126,1.1365,679789.6
2024-10-23 04:00:00+00:00,1.1365,1.139,1.115,1.1165,800851.2
2024-10-23 08:00:00+00:00,1.1165,1.121,1.099,1.1035,2191003.2
2024-10-23 12:00:00+00:00,1.1035,1.116,1.084,1.0935,2409443.7
2024-10-23 16:00:00+00:00,1.0935,1.0955,1.06,1.0885,3431677.3
2024-10-23 20:00:00+00:00,1.0885,1.1,1.084,1.095,844192.4
2024-10-24 00:00:00+00:00,1.095,1.1155,1.0895,1.1005,989712.9
2024-10-24 04:00:00+00:00,1.1005,1.1095,1.0935,1.0935,725878.8
2024-10-24 08:00:00+00:00,1.0935,1.1,1.0805,1.0895,1618017.8
2024-10-24 12:00:00+00:00,1.0895,1.108,1.087,1.103,1448345.5
2024-10-24 16:00:00+00:00,1.103,1.1115,1.0975,1.111,718319.0
2024-10-24 20:00:00+00:00,1.111,1.116,1.097,1.101,718007.2
2024-10-25 00:00:00+00:00,1.101,1.1055,1.0845,1.091,987375.9
2024-10-25 04:00:00+00:00,1.091,1.092,1.065,1.0725,1084149.5
2024-10-25 08:00:00+00:00,1.0725,1.0975,1.064,1.096,1192148.2
2024-10-25 12:00:00+00:00,1.096,1.102,1.07,1.0755,1323966.5
2024-10-25 16:00:00+00:00,1.0755,1.0845,1.037,1.0595,2800156.6
2024-10-25 20:00:00+00:00,1.0595,1.0635,0.9605,1.0045,8787292.0
2024-10-26 00:00:00+00:00,1.0045,1.0185,0.99,1.0095,2315557.4
2024-10-26 04:00:00+00:00,1.0095,1.0185,1.002,1.0075,1250278.9
2024-10-26 08:00:00+00:00,1.0075,1.017,1.005,1.0095,900897.9
2024-10-26 12:00:00+00:00,1.0095,1.0135,0.979,0.9915,2729005.9
2024-10-26 16:00:00+00:00,0.9915,1.0075,0.9825,1.006,1203151.0
2024-10-26 20:00:00+00:00,1.006,1.019,1.005,1.014,978560.9
2024-10-27 00:00:00+00:00,1.014,1.0265,1.005,1.025,1025916.6
2024-10-27 04:00:00+00:00,1.025,1.0275,1.0155,1.0205,737808.3
2024-10-27 08:00:00+00:00,1.0205,1.026,1.011,1.017,1027065.0
2024-10-27 12:00:00+00:00,1.017,1.039,1.0155,1.034,1408987.0
2024-10-27 16:00:00+00:00,1.034,1.0425,1.0245,1.0305,866907.2
2024-10-27 20:00:00+00:00,1.0305,1.049,1.0295,1.0375,621121.6
2024-10-28 00:00:00+00:00,1.0375,1.043,1.0125,1.0145,926837.6
2024-10-28 04:00:00+00:00,1.0145,1.042,0.999,1.0305,1277310.4
2024-10-28 08:00:00+00:00,1.0305,1.0505,1.0235,1.0305,957142.4
2024-10-28 12:00:00+00:00,1.0305,1.038,1.0015,1.0035,1883253.4
2024-10-28 16:00:00+00:00,1.0035,1.017,0.9865,1.0125,1965352.9
2024-10-28 20:00:00+00:00,1.0125,1.054,1.0105,1.0415,1542384.1
2024-10-29 00:00:00+00:00,1.0415,1.082,1.039,1.0755,1959826.9
2024-10-29 04:00:00+00:00,1.0755,1.0855,1.0595,1.064,1596540.8
2024-10-29 08:00:00+00:00,1.064,1.079,1.064,1.0765,1048631.2
2024-10-29 12:00:00+00:00,1.0765,1.089,1.073,1.0885,1987885.1
2024-10-29 16:00:00+00:00,1.0885,1.108,1.078,1.08,3034265.5
2024-10-29 20:00:00+00:00,1.08,1.094,1.07,1.087,969265.3
2024-10-30 00:00:00+00:00,1.087,1.103,1.074,1.098,930665.6
2024-10-30 04:00:00+00:00,1.098,1.12,1.0915,1.101,1428273.1
2024-10-30 08:00:00+00:00,1.101,1.121,1.088,1.0885,2076065.1
2024-10-30 12:00:00+00:00,1.0885,1.177,1.0815,1.133,11165096.5
2024-10-30 16:00:00+00:00,1.133,1.145,1.12,1.126,1524634.4
2024-10-30 20:00:00+00:00,1.126,1.1395,1.1185,1.1265,1369655.5
2024-10-31 00:00:00+00:00,1.1265,1.1375,1.098,1.099,1654705.3
2024-10-31 04:00:00+00:00,1.099,1.1035,1.0865,1.0895,913018.6
2024-10-31 08:00:00+00:00,1.0895,1.0895,1.0615,1.068,2000168.3
2024-10-31 12:00:00+00:00,1.068,1.07,1.0415,1.058,3255368.3
2024-10-31 16:00:00+00:00,1.058,1.058,1.027,1.031,2508505.6
2024-10-31 20:00:00+00:00,1.031,1.048,1.031,1.039,998199.6
2024-11-01 00:00:00+00:00,1.039,1.0435,1.019,1.033,1658483.8
2024-11-01 04:00:00+00:00,1.033,1.0465,1.0195,1.027,953047.1
2024-11-01 08:00:00+00:00,1.027,1.0535,1.0245,1.045,1888362.4
2024-11-01 12:00:00+00:00,1.045,1.068,1.017,1.0315,4308936.3
2024-11-01 16:00:00+00:00,1.0315,1.0485,1.0285,1.0395,2347118.8
2024-11-01 20:00:00+00:00,1.0395,1.0425,1.0195,1.03,1190448.3
2024-11-02 00:00:00+00:00,1.03,1.0415,1.02,1.022,1183301.6
2024-11-02 04:00:00+00:00,1.022,1.035,1.016,1.0255,814235.8
2024-11-02 08:00:00+00:00,1.0255,1.027,1.0155,1.0215,1222446.4
2024-11-02 12:00:00+00:00,1.0215,1.0235,0.9975,1.0045,2068412.5
2024-11-02 16:00:00+00:00,1.0045,1.009,0.987,0.991,1991248.8
2024-11-02 20:00:00+00:00,0.991,1.002,0.989,0.996,832188.3
2024-11-03 00:00:00+00:00,0.996,1.001,0.9505,0.9625,4226288.7
2024-11-03 04:00:00+00:00,0.9625,0.98,0.962,0.9715,1186866.0
2024-11-03 08:00:00+00:00,0.9715,0.974,0.9585,0.961,1448757.9
2024-11-03 12:00:00+00:00,0.961,0.9675,0.9225,0.946,5158414.0
2024-11-03 16:00:00+00:00,0.946,0.953,0.9235,0.9465,2698172.0
2024-11-03 20:00:00+00:00,0.9465,0.9645,0.944,0.959,1325098.1
2024-11-04 00:00:00+00:00,0.959,0.9885,0.948,0.9725,2180585.5
2024-11-04 04:00:00+00:00,0.9725,0.986,0.962,0.971,1639307.5
2024-11-04 08:00:00+00:00,0.971,0.987,0.9645,0.978,1884422.1
2024-11-04 12:00:00+00:00,0.978,0.982,0.945,0.9475,2985294.1
2024-11-04 16:00:00+00:00,0.9475,0.954,0.934,0.9455,2052052.4
2024-11-04 20:00:00+00:00,0.9455,0.9465,0.9145,0.937,2839916.3
2024-11-05 00:00:00+00:00,0.937,0.957,0.9365,0.9545,2239534.3
2024-11-05 04:00:00+00:00,0.9545,0.9695,0.9515,0.967,1406301.5
2024-11-05 08:00:00+00:00,0.967,0.973,0.9585,0.9665,1245899.7
2024-11-05 12:00:00+00:00,0.9665,0.9895,0.958,0.97,3020096.5
2024-11-05 16:00:00+00:00,0.97,0.9855,0.952,0.9565,2357402.5
2024-11-05 20:00:00+00:00,0.9565,0.977,0.952,0.9695,1560252.0
2024-11-06 00:00:00+00:00,0.9695,1.063,0.9695,1.049,8623755.1
2024-11-06 04:00:00+00:00,1.049,1.179,1.0455,1.1355,23406746.5
2024-11-06 08:00:00+00:00,1.1355,1.1665,1.1155,1.15,6754035.3
2024-11-06 12:00:00+00:00,1.15,1.197,1.144,1.173,7121433.5
2024-11-06 16:00:00+00:00,1.173,1.2545,1.173,1.247,8828304.6
2024-11-06 20:00:00+00:00,1.247,1.416,1.236,1.346,15887579.8
2024-11-07 00:00:00+00:00,1.346,1.431,1.3145,1.399,14041679.6
2024-11-07 04:00:00+00:00,1.399,1.448,1.348,1.3565,13595426.7
2024-11-07 08:00:00+00:00,1.3565,1.3885,1.343,1.3445,5557347.1
2024-11-07 12:00:00+00:00,1.3445,1.347,1.2635,1.32,10852210.1
2024-11-07 16:00:00+00:00,1.32,1.3635,1.3055,1.324,8774997.1
2024-11-07 20:00:00+00:00,1.324,1.3385,1.279,1.2825,7682815.8
2024-11-08 00:00:00+00:00,1.2825,1.3205,1.2495,1.2645,8460243.1
2024-11-08 04:00:00+00:00,1.2645,1.283,1.2525,1.2685,4395844.1
2024-11-08 08:00:00+00:00,1.2685,1.277,1.25,1.2545,4726754.6
2024-11-08 12:00:00+00:00,1.2545,1.275,1.2385,1.256,7120239.7
2024-11-08 16:00:00+00:00,1.256,1.2685,1.221,1.255,9239040.6
2024-11-08 20:00:00+00:00,1.255,1.288,1.2415,1.277,4042101.2
2024-11-09 00:00:00+00:00,1.277,1.3095,1.246,1.2485,6183114.1
2024-11-09 04:00:00+00:00,1.2485,1.378,1.2435,1.296,11736365.5
2024-11-09 08:00:00+00:00,1.296,1.3075,1.2865,1.2975,3815005.7
2024-11-09 12:00:00+00:00,1.2975,1.2985,1.2545,1.2705,4403901.5
2024-11-09 16:00:00+00:00,1.2705,1.276,1.236,1.2605,4180197.9
2024-11-09 20:00:00+00:00,1.2605,1.3405,1.2545,1.298,6414579.7
2024-11-10 00:00:00+00:00,1.298,1.3305,1.2465,1.3225,8470679.2
2024-11-10 04:00:00+00:00,1.3225,1.485,1.3055,1.405,41230402.3
2024-11-10 08:00:00+00:00,1.405,1.41,1.354,1.3835,9601294.1
2024-11-10 12:00:00+00:00,1.3835,1.3995,1.334,1.364,14767240.4
2024-11-10 16:00:00+00:00,1.364,1.378,1.282,1.305,14356180.4
2024-11-10 20:00:00+00:00,1.305,1.312,1.215,1.291,13786101.3
2024-11-11 00:00:00+00:00,1.291,1.3155,1.2805,1.3045,7857089.8
2024-11-11 04:00:00+00:00,1.3045,1.305,1.2245,1.2505,14146327.9
2024-11-11 08:00:00+00:00,1.2505,1.291,1.2435,1.2895,6625345.0
2024-11-11 12:00:00+00:00,1.2895,1.2935,1.2335,1.2585,15618867.5
2024-11-11 16:00:00+00:00,1.2585,1.3145,1.2555,1.2815,13812350.2
2024-11-11 20:00:00+00:00,1.2815,1.3345,1.24,1.3005,17025556.3
2024-11-12 00:00:00+00:00,1.3005,1.3145,1.2415,1.2895,9326720.0
2024-11-12 04:00:00+00:00,1.2895,1.294,1.2525,1.272,8210423.8
2024-11-12 08:00:00+00:00,1.272,1.311,1.1215,1.1905,28897462.0
2024-11-12 12:00:00+00:00,1.1905,1.1955,1.138,1.17,11106285.9
2024-11-12 16:00:00+00:00,1.17,1.1935,1.139,1.186,5763443.1
2024-11-12 20:00:00+00:00,1.186,1.2145,1.1665,1.191,5115102.8
2024-11-13 00:00:00+00:00,1.191,1.207,1.124,1.1265,8417378.7
2024-11-13 04:00:00+00:00,1.1265,1.1445,1.07,1.1095,11514663.0
2024-11-13 08:00:00+00:00,1.1095,1.126,1.091,1.1185,4356175.2
2024-11-13 12:00:00+00:00,1.1185,1.1825,1.1035,1.1825,13294238.5
2024-11-13 16:00:00+00:00,1.1825,1.2215,1.15,1.1565,11896022.4
2024-11-13 20:00:00+00:00,1.1565,1.1765,1.1205,1.1635,9038240.5
2024-11-14 00:00:00+00:00,1.1635,1.1915,1.1485,1.1905,6200880.7
2024-11-14 04:00:00+00:00,1.1905,1.2095,1.167,1.187,4434197.2
2024-11-14 08:00:00+00:00,1.187,1.1915,1.1295,1.151,4800425.3
2024-11-14 12:00:00+00:00,1.151,1.1655,1.099,1.1075,9548748.4
2024-11-14 16:00:00+00:00,1.1075,1.1505,1.101,1.1405,5020375.7
2024-11-14 20:00:00+00:00,1.1405,1.1535,1.101,1.12,5200224.2
2024-11-15 00:00:00+00:00,1.12,1.1295,1.0885,1.1115,4564085.0
2024-11-15 04:00:00+00:00,1.1115,1.1365,1.071,1.129,8202307.0
2024-11-15 08:00:00+00:00,1.129,1.159,1.117,1.156,5443528.3
2024-11-15 12:00:00+00:00,1.156,1.1655,1.101,1.1075,7149870.7
2024-11-15 16:00:00+00:00,1.1075,1.142,1.0985,1.137,3174973.6
2024-11-15 20:00:00+00:00,1.137,1.1855,1.135,1.1745,3708670.0
2024-11-16 00:00:00+00:00,1.1745,1.192,1.167,1.192,2874409.6
2024-11-16 04:00:00+00:00,1.192,1.1965,1.1635,1.1715,2013197.3
2024-11-16 08:00:00+00:00,1.1715,1.2285,1.1675,1.2275,3916526.6
2024-11-16 12:00:00+00:00,1.2275,1.2455,1.1715,1.1885,6970851.9
2024-11-16 16:00:00+00:00,1.1885,1.2465,1.184,1.2345,3794126.8
2024-11-16 20:00:00+00:00,1.2345,1.253,1.2125,1.2205,3537559.8
2024-11-17 00:00:00+00:00,1.2205,1.2435,1.142,1.179,6899490.6
2024-11-17 04:00:00+00:00,1.179,1.2275,1.174,1.2175,4662735.2
2024-11-17 08:00:00+00:00,1.2175,1.226,1.177,1.1785,2865837.5
2024-11-17 12:00:00+00:00,1.1785,1.207,1.169,1.1735,3846162.6
2024-11-17 16:00:00+00:00,1.1735,1.1905,1.149,1.1625,3324759.5
2024-11-17 20:00:00+00:00,1.1625,1.17,1.135,1.158,2454420.1
2024-11-18 00:00:00+00:00,1.158,1.2335,1.156,1.2255,6259314.7
2024-11-18 04:00:00+00:00,1.2255,1.24,1.201,1.214,3581521.9
2024-11-18 08:00:00+00:00,1.214,1.217,1.1815,1.1935,3898705.7
2024-11-18 12:00:00+00:00,1.1935,1.2305,1.1715,1.223,8207648.1
2024-11-18 16:00:00+00:00,1.223,1.256,1.1965,1.219,9409409.1
2024-11-18 20:00:00+00:00,1.219,1.2735,1.2085,1.2645,5957684.7
2024-11-19 00:00:00+00:00,1.2645,1.2745,1.214,1.217,3521918.0
2024-11-19 04:00:00+00:00,1.217,1.22,1.189,1.192,2926969.9
2024-11-19 08:00:00+00:00,1.192,1.2065,1.18,1.206,2208556.6
2024-11-19 12:00:00+00:00,1.206,1.2195,1.174,1.196,4092493.5
2024-11-19 16:00:00+00:00,1.196,1.214,1.1865,1.207,2239161.3
2024-11-19 20:00:00+00:00,1.207,1.212,1.153,1.185,3483200.9
2024-11-20 00:00:00+00:00,1.185,1.186,1.1425,1.163,3061254.7
2024-11-20 04:00:00+00:00,1.163,1.175,1.1505,1.1655,1102800.4
2024-11-20 08:00:00+00:00,1.1655,1.185,1.137,1.1475,2245362.2
2024-11-20 12:00:00+00:00,1.1475,1.199,1.1405,1.1715,6213072.8
2024-11-20 16:00:00+00:00,1.1715,1.1745,1.087,1.0995,5476015.1
2024-11-20 20:00:00+00:00,1.0995,1.1345,1.0885,1.1135,1770120.9
2024-11-21 00:00:00+00:00,1.1135,1.1325,1.078,1.101,2842960.7
2024-11-21 04:00:00+00:00,1.101,1.1415,1.0945,1.1305,3220712.1
2024-11-21 08:00:00+00:00,1.1305,1.1365,1.1,1.1245,4313250.3
2024-11-21 12:00:00+00:00,1.1245,1.266,1.1225,1.2035,22289305.3
2024-11-21 16:00:00+00:00,1.2035,1.2735,1.2025,1.232,15243494.4
2024-11-21 20:00:00+00:00,1.232,1.2485,1.2125,1.2185,2772544.2
2024-11-22 00:00:00+00:00,1.2185,1.233,1.184,1.227,5071130.5
2024-11-22 04:00:00+00:00,1.227,1.2625,1.21,1.211,4710051.5
2024-11-22 08:00:00+00:00,1.211,1.2285,1.191,1.2155,3903768.8
2024-11-22 12:00:00+00:00,1.2155,1.2575,1.1805,1.2315,9760006.0
2024-11-22 16:00:00+00:00,1.2315,1.239,1.1995,1.2105,4203145.0
2024-11-22 20:00:00+00:00,1.2105,1.2635,1.2065,1.261,4496342.1
2024-11-23 00:00:00+00:00,1.261,1.2855,1.249,1.2605,6698241.7
2024-11-23 04:00:00+00:00,1.2605,1.302,1.2445,1.292,4348307.2
2024-11-23 08:00:00+00:00,1.292,1.324,1.265,1.273,7351747.1
2024-11-23 12:00:00+00:00,1.273,1.399,1.267,1.3755,12957837.4
2024-11-23 16:00:00+00:00,1.3755,1.42,1.304,1.377,18000477.7
2024-11-23 20:00:00+00:00,1.377,1.405,1.338,1.3545,8807025.6
2024-11-24 00:00:00+00:00,1.3545,1.4405,1.3445,1.4075,7793879.4
2024-11-24 04:00:00+00:00,1.4075,1.416,1.3625,1.396,7644313.9
2024-11-24 08:00:00+00:00,1.396,1.426,1.327,1.331,11372159.0
2024-11-24 12:00:00+00:00,1.331,1.373,1.2705,1.3275,15523852.2
2024-11-24 16:00:00+00:00,1.3275,1.448,1.3205,1.399,12720301.1
2024-11-24 20:00:00+00:00,1.399,1.4925,1.392,1.459,8143441.2
2024-11-25 00:00:00+00:00,1.459,1.4855,1.403,1.4825,6568319.0
2024-11-25 04:00:00+00:00,1.4825,1.5575,1.479,1.521,13785803.6
2024-11-25 08:00:00+00:00,1.521,1.6485,1.512,1.56,18587902.6
2024-11-25 12:00:00+00:00,1.56,1.789,1.5445,1.7515,40054980.9
2024-11-25 16:00:00+00:00,1.7515,1.782,1.6395,1.704,25978706.1
2024-11-25 20:00:00+00:00,1.704,1.747,1.641,1.652,14693275.2
2024-11-26 00:00:00+00:00,1.652,1.684,1.602,1.613,12609692.0
2024-11-26 04:00:00+00:00,1.613,1.6515,1.601,1.622,6213426.5
2024-11-26 08:00:00+00:00,1.622,1.6465,1.5295,1.569,19384979.6
2024-11-26 12:00:00+00:00,1.569,1.628,1.521,1.522,13466198.3
2024-11-26 16:00:00+00:00,1.522,1.6,1.515,1.5755,9575882.2
2024-11-26 20:00:00+00:00,1.5755,1.6825,1.564,1.6125,14084319.0
2024-11-27 00:00:00+00:00,1.6125,1.713,1.581,1.691,10793304.1
2024-11-27 04:00:00+00:00,1.691,1.7935,1.6845,1.701,15821626.8
2024-11-27 08:00:00+00:00,1.701,1.753,1.654,1.68,12623358.1
2024-11-27 12:00:00+00:00,1.68,1.795,1.678,1.753,15682972.4
2024-11-27 16:00:00+00:00,1.753,1.7675,1.6905,1.7125,9637143.9
2024-11-27 20:00:00+00:00,1.7125,1.829,1.711,1.7955,12356257.7
2024-11-28 00:00:00+00:00,1.7955,1.854,1.7065,1.708,14817186.7
2024-11-28 04:00:00+00:00,1.708,1.7575,1.6935,1.7195,7735774.4
2024-11-28 08:00:00+00:00,1.7195,1.7755,1.6705,1.6945,6928861.4
2024-11-28 12:00:00+00:00,1.6945,1.715,1.6385,1.6445,6924968.1
2024-11-28 16:00:00+00:00,1.6445,1.6895,1.6445,1.68,4513792.6
2024-11-28 20:00:00+00:00,1.68,1.738,1.6715,1.7125,3749689.1
2024-11-29 00:00:00+00:00,1.7125,1.7375,1.694,1.7245,2577610.8
2024-11-29 04:00:00+00:00,1.7245,1.7415,1.6985,1.732,3773926.4
2024-11-29 08:00:00+00:00,1.732,1.7535,1.702,1.7115,3567402.5
2024-11-29 12:00:00+00:00,1.7115,1.759,1.696,1.7175,5127838.3
2024-11-29 16:00:00+00:00,1.7175,1.7565,1.7155,1.749,3236882.8
2024-11-29 20:00:00+00:00,1.749,1.78,1.7375,1.749,4329389.4
2024-11-30 00:00:00+00:00,1.749,1.8355,1.7345,1.8285,7147282.2
2024-11-30 04:00:00+00:00,1.8285,1.8865,1.779,1.839,9556417.2
2024-11-30 08:00:00+00:00,1.839,1.8655,1.7625,1.787,4385090.0
2024-11-30 12:00:00+00:00,1.787,1.83,1.78,1.7975,3952861.1
2024-11-30 16:00:00+00:00,1.7975,1.831,1.7915,1.8145,3366392.3
2024-11-30 20:00:00+00:00,1.8145,1.8745,1.812,1.83,4368787.6
2024-12-01 00:00:00+00:00,1.83,1.8445,1.7675,1.8365,6486546.0
2024-12-01 04:00:00+00:00,1.8365,1.8465,1.79,1.8075,2313527.0
2024-12-01 08:00:00+00:00,1.8075,1.8505,1.773,1.78,3765122.4
2024-12-01 12:00:00+00:00,1.78,1.8445,1.7525,1.812,5440427.1
2024-12-01 16:00:00+00:00,1.812,1.8135,1.7635,1.771,3260812.4
2024-12-01 20:00:00+00:00,1.771,1.836,1.7415,1.826,3195775.2
2024-12-02 00:00:00+00:00,1.826,1.8625,1.7675,1.7775,6235178.1
2024-12-02 04:00:00+00:00,1.7775,1.7975,1.7155,1.7525,6496854.0
2024-12-02 08:00:00+00:00,1.7525,1.7555,1.656,1.696,8966024.9
2024-12-02 12:00:00+00:00,1.696,1.825,1.6885,1.7985,6999733.3
2024-12-02 16:00:00+00:00,1.7985,1.8195,1.724,1.7815,6228957.0
2024-12-02 20:00:00+00:00,1.7815,1.8635,1.7795,1.8625,5452182.9
2024-12-03 00:00:00+00:00,1.8625,1.898,1.8205,1.887,9270155.6
2024-12-03 04:00:00+00:00,1.887,1.933,1.847,1.865,6263132.5
2024-12-03 08:00:00+00:00,1.865,1.919,1.851,1.9125,4933155.3
2024-12-03 12:00:00+00:00,1.9125,2.0825,1.8065,2.0315,21788032.1
2024-12-03 16:00:00+00:00,2.0315,2.069,1.918,1.9445,7759978.5
2024-12-03 20:00:00+00:00,1.9445,2.0535,1.9415,2.0145,7771787.3
2024-12-04 00:00:00+00:00,2.0145,2.1505,2.005,2.065,12055915.4
2024-12-04 04:00:00+00:00,2.065,2.1325,2.0175,2.1125,5048309.4
2024-12-04 08:00:00+00:00,2.1125,2.1465,2.0705,2.0825,5009301.0
2024-12-04 12:00:00+00:00,2.0825,2.259,2.041,2.214,14687134.4
2024-12-04 16:00:00+00:00,2.214,2.2415,2.0855,2.1665,13130570.9
2024-12-04 20:00:00+00:00,2.1665,2.191,2.0535,2.0925,5573269.4
2024-12-05 00:00:00+00:00,2.0925,2.0985,1.9655,2.055,7612557.6
2024-12-05 04:00:00+00:00,2.055,2.1845,2.0475,2.173,5152039.0
2024-12-05 08:00:00+00:00,2.173,2.244,2.163,2.2315,6886223.9
2024-12-05 12:00:00+00:00,2.2315,2.2705,2.1435,2.1655,7345900.8
2024-12-05 16:00:00+00:00,2.1655,2.1795,2.0555,2.0585,4677719.6
2024-12-05 20:00:00+00:00,2.0585,2.1015,1.9945,2.052,8729902.9
2024-12-06 00:00:00+00:00,2.052,2.2115,2.036,2.1805,6645474.3
2024-12-06 04:00:00+00:00,2.1805,2.211,2.1505,2.193,2430772.4
2024-12-06 08:00:00+00:00,2.193,2.206,2.1325,2.1525,4020341.6
2024-12-06 12:00:00+00:00,2.1525,2.314,2.097,2.2295,9389926.4
2024-12-06 16:00:00+00:00,2.2295,2.3735,2.205,2.3265,5944260.6
2024-12-06 20:00:00+00:00,2.3265,2.335,2.256,2.26,3237762.8
2024-12-07 00:00:00+00:00,2.26,2.3105,2.222,2.2805,3966450.1
2024-12-07 04:00:00+00:00,2.2805,2.294,2.212,2.216,3883715.0
2024-12-07 08:00:00+00:00,2.216,2.2195,2.177,2.1955,3147417.1
2024-12-07 12:00:00+00:00,2.1955,2.223,2.182,2.219,2301830.8
2024-12-07 16:00:00+00:00,2.219,2.2245,2.137,2.1485,5098999.4
2024-12-07 20:00:00+00:00,2.1485,2.1835,2.148,2.169,1860420.9
2024-12-08 00:00:00+00:00,2.169,2.191,2.1425,2.153,1399044.1
2024-12-08 04:00:00+00:00,2.153,2.1725,2.1235,2.1365,1404366.3
2024-12-08 08:00:00+00:00,2.1365,2.1555,2.0875,2.151,2768176.6
2024-12-08 12:00:00+00:00,2.151,2.18,2.1315,2.1615,2527664.5
2024-12-08 16:00:00+00:00,2.1615,2.1765,2.122,2.139,2190451.9
2024-12-08 20:00:00+00:00,2.139,2.178,2.127,2.1665,2116956.4
2024-12-09 00:00:00+00:00,2.1665,2.177,2.0625,2.088,4203293.6
2024-12-09 04:00:00+00:00,2.088,2.1225,2.0445,2.0755,4020729.5
2024-12-09 08:00:00+00:00,2.0755,2.076,1.9905,1.997,4587463.2
2024-12-09 12:00:00+00:00,1.997,2.06,1.9565,1.9725,6332103.7
2024-12-09 16:00:00+00:00,1.9725,2.0115,1.965,1.9695,3239904.1
2024-12-09 20:00:00+00:00,1.9695,1.975,1.518,1.83,29245397.1
2024-12-10 00:00:00+00:00,1.83,1.8835,1.7045,1.774,9604832.8
2024-12-10 04:00:00+00:00,1.774,1.883,1.732,1.867,5703488.0
2024-12-10 08:00:00+00:00,1.867,1.9105,1.8355,1.844,4557598.6
2024-12-10 12:00:00+00:00,1.844,1.8545,1.7025,1.7065,10251271.4
2024-12-10 16:00:00+00:00,1.7065,1.7995,1.66,1.7975,9951674.6
2024-12-10 20:00:00+00:00,1.7975,1.859,1.7705,1.841,2727214.8
2024-12-11 00:00:00+00:00,1.841,1.854,1.7575,1.8285,3837366.4
2024-12-11 04:00:00+00:00,1.8285,1.8705,1.8005,1.812,1498987.8
2024-12-11 08:00:00+00:00,1.812,1.8785,1.812,1.8615,1812280.8
2024-12-11 12:00:00+00:00,1.8615,1.9395,1.853,1.916,5747612.4
2024-12-11 16:00:00+00:00,1.916,1.936,1.865,1.885,3170126.2
2024-12-11 20:00:00+00:00,1.885,1.9265,1.883,1.908,1665075.2
2024-12-12 00:00:00+00:00,1.908,2.047,1.89,2.0165,5087932.8
2024-12-12 04:00:00+00:00,2.0165,2.089,1.9875,2.0185,6472660.9
2024-12-12 08:00:00+00:00,2.0185,2.078,2.0175,2.0325,3343518.1
2024-12-12 12:00:00+00:00,2.0325,2.368,2.031,2.3215,30741090.6
2024-12-12 16:00:00+00:00,2.3215,2.3805,2.264,2.2755,13889292.4
2024-12-12 20:00:00+00:00,2.2755,2.3105,2.1665,2.2535,8260245.8
2024-12-13 00:00:00+00:00,2.2535,2.3545,2.2065,2.3245,6761412.0
2024-12-13 04:00:00+00:00,2.3245,2.3285,2.1885,2.2165,5502620.2
2024-12-13 08:00:00+00:00,2.2165,2.2415,2.157,2.1885,5798853.1
2024-12-13 12:00:00+00:00,2.1885,2.2205,2.144,2.149,6080815.6
2024-12-13 16:00:00+00:00,2.149,2.2015,2.142,2.165,5510143.4
2024-12-13 20:00:00+00:00,2.165,2.2295,2.138,2.2095,5410874.7
2024-12-14 00:00:00+00:00,2.2095,2.289,2.199,2.263,7238866.5
2024-12-14 04:00:00+00:00,2.263,2.2815,2.217,2.2635,2795140.1
2024-12-14 08:00:00+00:00,2.2635,2.3335,2.2415,2.3155,5414544.8
2024-12-14 12:00:00+00:00,2.3155,2.3165,2.1765,2.203,9788336.6
2024-12-14 16:00:00+00:00,2.203,2.2505,2.168,2.199,4138092.0
2024-12-14 20:00:00+00:00,2.199,2.239,2.158,2.215,3866521.4
2024-12-15 00:00:00+00:00,2.215,2.369,2.2005,2.2475,8506761.7
2024-12-15 04:00:00+00:00,2.2475,2.3035,2.16,2.175,5077952.0
2024-12-15 08:00:00+00:00,2.175,2.257,2.1585,2.249,4429791.9
2024-12-15 12:00:00+00:00,2.249,2.27,2.174,2.26,5732016.8
2024-12-15 16:00:00+00:00,2.26,2.3425,2.2265,2.298,6408764.3
2024-12-15 20:00:00+00:00,2.298,2.441,2.2375,2.3845,9267075.1
2024-12-16 00:00:00+00:00,2.3845,2.4915,2.332,2.357,12242128.6
2024-12-16 04:00:00+00:00,2.357,2.365,2.2915,2.307,3859793.1
2024-12-16 08:00:00+00:00,2.307,2.3135,2.199,2.2245,5180253.1
2024-12-16 12:00:00+00:00,2.2245,2.253,2.1805,2.207,6193462.4
2024-12-16 16:00:00+00:00,2.207,2.331,2.1995,2.281,10033025.2
2024-12-16 20:00:00+00:00,2.281,2.3385,2.2235,2.2345,4851905.7
2024-12-17 00:00:00+00:00,2.2345,2.315,2.169,2.315,6737967.8
2024-12-17 04:00:00+00:00,2.315,2.319,2.229,2.254,4701568.1
2024-12-17 08:00:00+00:00,2.254,2.2825,2.2065,2.2115,3614988.1
2024-12-17 12:00:00+00:00,2.2115,2.2505,2.1045,2.1245,5659253.6
2024-12-17 16:00:00+00:00,2.1245,2.135,2.054,2.0885,6454176.8
2024-12-17 20:00:00+00:00,2.0885,2.1125,2.0605,2.0935,2835962.4
2024-12-18 00:00:00+00:00,2.0935,2.0995,2.056,2.063,2418174.7
2024-12-18 04:00:00+00:00,2.063,2.0795,2.0245,2.0455,3698991.7
2024-12-18 08:00:00+00:00,2.0455,2.0805,2.045,2.06,1943585.9
2024-12-18 12:00:00+00:00,2.06,2.063,1.979,2.021,4488099.8
2024-12-18 16:00:00+00:00,2.021,2.0935,1.988,1.991,4047281.0
2024-12-18 20:00:00+00:00,1.991,2.018,1.8565,1.8735,15459282.5
2024-12-19 00:00:00+00:00,1.8735,1.9125,1.7635,1.847,9075923.7
2024-12-19 04:00:00+00:00,1.847,1.8595,1.8035,1.84,2280040.0
2024-12-19 08:00:00+00:00,1.84,1.8505,1.792,1.821,3011353.4
2024-12-19 12:00:00+00:00,1.821,1.823,1.676,1.7185,11465257.7
2024-12-19 16:00:00+00:00,1.7185,1.719,1.554,1.5805,17448044.7
2024-12-19 20:00:00+00:00,1.5805,1.651,1.525,1.605,8981449.5
2024-12-20 00:00:00+00:00,1.605,1.6645,1.5745,1.6185,3539681.9
2024-12-20 04:00:00+00:00,1.6185,1.635,1.536,1.5695,3737082.7
2024-12-20 08:00:00+00:00,1.5695,1.571,1.3955,1.3975,14540444.3
2024-12-20 12:00:00+00:00,1.3975,1.6345,1.3955,1.605,16010499.0
2024-12-20 16:00:00+00:00,1.605,1.721,1.5965,1.686,7239158.2
2024-12-20 20:00:00+00:00,1.686,1.7395,1.643,1.732,4213598.6
2024-12-21 00:00:00+00:00,1.732,1.7605,1.699,1.7235,2931325.2
2024-12-21 04:00:00+00:00,1.7235,1.8535,1.7175,1.8215,3374775.8
2024-12-21 08:00:00+00:00,1.8215,1.839,1.7575,1.7755,4113576.5
2024-12-21 12:00:00+00:00,1.7755,1.785,1.6735,1.72,6398945.1
2024-12-21 16:00:00+00:00,1.72,1.7285,1.6535,1.6825,3653953.7
2024-12-21 20:00:00+00:00,1.6825,1.7025,1.639,1.676,3642352.1
2024-12-22 00:00:00+00:00,1.676,1.7105,1.659,1.699,3013462.9
2024-12-22 04:00:00+00:00,1.699,1.719,1.642,1.681,2667235.7
2024-12-22 08:00:00+00:00,1.681,1.738,1.681,1.7245,1911427.7
2024-12-22 12:00:00+00:00,1.7245,1.7595,1.689,1.7235,3945034.8
2024-12-22 16:00:00+00:00,1.7235,1.7775,1.684,1.6925,4628405.8
2024-12-22 20:00:00+00:00,1.6925,1.7595,1.6725,1.718,3593254.4
2024-12-23 00:00:00+00:00,1.718,1.784,1.664,1.776,4293068.3
2024-12-23 04:00:00+00:00,1.776,1.7935,1.6805,1.714,2884757.6
2024-12-23 08:00:00+00:00,1.714,1.7765,1.707,1.7415,2578069.1
2024-12-23 12:00:00+00:00,1.7415,1.7495,1.669,1.681,3333416.2
2024-12-23 16:00:00+00:00,1.681,1.7455,1.676,1.7235,3185034.0
2024-12-23 20:00:00+00:00,1.7235,1.8495,1.721,1.803,3994733.4
2024-12-24 00:00:00+00:00,1.803,1.816,1.7625,1.8105,2862916.6
2024-12-24 04:00:00+00:00,1.8105,1.857,1.796,1.819,2321666.8
2024-12-24 08:00:00+00:00,1.819,1.8255,1.7875,1.819,1953852.0
2024-12-24 12:00:00+00:00,1.819,1.902,1.7855,1.881,4041963.7
2024-12-24 16:00:00+00:00,1.881,1.9235,1.8615,1.915,2916410.6
2024-12-24 20:00:00+00:00,1.915,2.013,1.888,1.959,4991314.9
2024-12-25 00:00:00+00:00,1.959,1.9725,1.901,1.9215,2199973.5
2024-12-25 04:00:00+00:00,1.9215,1.957,1.8905,1.894,1667717.8
2024-12-25 08:00:00+00:00,1.894,1.9375,1.8665,1.872,2457813.4
2024-12-25 12:00:00+00:00,1.872,1.8915,1.8565,1.866,2548268.2
2024-12-25 16:00:00+00:00,1.866,1.8915,1.8505,1.882,1197070.4
2024-12-25 20:00:00+00:00,1.882,1.9235,1.8595,1.92,1101016.6
2024-12-26 00:00:00+00:00,1.92,1.935,1.8765,1.8865,1489793.4
2024-12-26 04:00:00+00:00,1.8865,1.9185,1.8495,1.852,2829009.7
2024-12-26 08:00:00+00:00,1.852,1.857,1.808,1.8195,3491136.0
2024-12-26 12:00:00+00:00,1.8195,1.82,1.773,1.78,2607159.4
2024-12-26 16:00:00+00:00,1.78,1.8075,1.765,1.78,1612506.1
2024-12-26 20:00:00+00:00,1.78,1.7895,1.7465,1.7735,1200432.0
2024-12-27 00:00:00+00:00,1.7735,1.85,1.7585,1.8285,2168786.6
2024-12-27 04:00:00+00:00,1.8285,1.868,1.797,1.8105,2413583.9
2024-12-27 08:00:00+00:00,1.8105,1.9375,1.8105,1.9355,3788415.4
2024-12-27 12:00:00+00:00,1.9355,2.005,1.873,1.899,6600779.4
2024-12-27 16:00:00+00:00,1.899,1.9865,1.879,1.944,3827388.0
2024-12-27 20:00:00+00:00,1.944,1.945,1.8825,1.9,2236405.7
2024-12-28 00:00:00+00:00,1.9,1.9005,1.832,1.871,2784632.4
2024-12-28 04:00:00+00:00,1.871,1.8715,1.8115,1.813,1437258.7
2024-12-28 08:00:00+00:00,1.813,1.8435,1.8075,1.8235,1076342.1
2024-12-28 12:00:00+00:00,1.8235,1.865,1.8065,1.8245,1900795.4
2024-12-28 16:00:00+00:00,1.8245,1.865,1.821,1.8435,1329113.9
2024-12-28 20:00:00+00:00,1.8435,1.944,1.8355,1.8945,2739402.5
2024-12-29 00:00:00+00:00,1.8945,1.9115,1.843,1.8495,1168940.3
2024-12-29 04:00:00+00:00,1.8495,1.8625,1.818,1.8505,1243183.4
2024-12-29 08:00:00+00:00,1.8505,1.8635,1.8255,1.8295,1278539.4
2024-12-29 12:00:00+00:00,1.8295,1.83,1.7775,1.7885,2881913.1
2024-12-29 16:00:00+00:00,1.7885,1.794,1.7665,1.773,1606014.4
2024-12-29 20:00:00+00:00,1.773,1.7895,1.752,1.7805,1453587.6
2024-12-30 00:00:00+00:00,1.7805,1.8775,1.7725,1.847,3160772.1
2024-12-30 04:00:00+00:00,1.847,1.8745,1.8335,1.856,1863392.1
2024-12-30 08:00:00+00:00,1.856,1.9135,1.829,1.91,3209539.4
2024-12-30 12:00:00+00:00,1.91,1.945,1.8145,1.82,5121755.1
2024-12-30 16:00:00+00:00,1.82,1.9395,1.806,1.9255,4417193.4
2024-12-30 20:00:00+00:00,1.9255,1.941,1.8335,1.878,3453623.3
2024-12-31 00:00:00+00:00,1.878,1.883,1.8125,1.827,1996956.9
2024-12-31 04:00:00+00:00,1.827,1.8375,1.8055,1.8155,1595791.8
2024-12-31 08:00:00+00:00,1.8155,1.872,1.8115,1.843,2594144.6
2024-12-31 12:00:00+00:00,1.843,1.904,1.8355,1.869,3757696.9
2024-12-31 16:00:00+00:00,1.869,1.8825,1.818,1.8255,2083419.7
2024-12-31 20:00:00+00:00,1.8255,1.835,1.7385,1.745,3403616.0
2025-01-01 00:00:00+00:00,1.745,1.767,1.7285,1.7565,3255835.9
2025-01-01 04:00:00+00:00,1.7565,1.7675,1.7355,1.748,982099.0
2025-01-01 08:00:00+00:00,1.748,1.75,1.71,1.7305,2157900.5
2025-01-01 12:00:00+00:00,1.7305,1.7665,1.7205,1.7645,2043182.2
2025-01-01 16:00:00+00:00,1.7645,1.798,1.7445,1.7855,1805501.2
2025-01-01 20:00:00+00:00,1.7855,1.853,1.785,1.8065,2444399.8
2025-01-02 00:00:00+00:00,1.8065,1.844,1.803,1.809,1583861.7
2025-01-02 04:00:00+00:00,1.809,1.851,1.804,1.841,1795125.9
2025-01-02 08:00:00+00:00,1.841,1.8935,1.818,1.861,2522544.2
2025-01-02 12:00:00+00:00,1.861,1.9495,1.861,1.903,4886831.6
2025-01-02 16:00:00+00:00,1.903,1.95,1.8895,1.893,2636128.4
2025-01-02 20:00:00+00:00,1.893,1.919,1.8575,1.8835,1533010.0
2025-01-03 00:00:00+00:00,1.8835,1.8895,1.836,1.85,1473953.9
2025-01-03 04:00:00+00:00,1.85,1.8555,1.816,1.819,1169288.2
2025-01-03 08:00:00+00:00,1.819,1.921,1.811,1.9155,2117116.2
2025-01-03 12:00:00+00:00,1.9155,1.97,1.887,1.955,3509960.1
2025-01-03 16:00:00+00:00,1.955,1.9815,1.947,1.9765,2997061.8
2025-01-03 20:00:00+00:00,1.9765,2.01,1.953,2.009,2484633.4
2025-01-04 00:00:00+00:00,2.009,2.051,1.9735,1.9915,2047820.6
2025-01-04 04:00:00+00:00,1.9915,2.022,1.975,2.014,996550.6
2025-01-04 08:00:00+00:00,2.014,2.0425,1.973,2.041,1434877.8
2025-01-04 12:00:00+00:00,2.041,2.0985,2.0285,2.033,3729440.3
2025-01-04 16:00:00+00:00,2.033,2.073,2.0115,2.0465,2371334.0
2025-01-04 20:00:00+00:00,2.0465,2.0765,2.042,2.0615,1297602.1
2025-01-05 00:00:00+00:00,2.0615,2.065,2.0145,2.0445,1486458.5
2025-01-05 04:00:00+00:00,2.0445,2.056,2.0265,2.044,692654.3
2025-01-05 08:00:00+00:00,2.044,2.059,2.0075,2.042,1867817.7
2025-01-05 12:00:00+00:00,2.042,2.091,2.014,2.047,2027853.1
2025-01-05 16:00:00+00:00,2.047,2.1095,2.03,2.0995,2382133.9
2025-01-05 20:00:00+00:00,2.0995,2.1465,2.0735,2.089,1591683.8
2025-01-06 00:00:00+00:00,2.089,2.1205,2.0545,2.069,1973567.4
2025-01-06 04:00:00+00:00,2.069,2.12,2.045,2.057,1966331.8
2025-01-06 08:00:00+00:00,2.057,2.071,2.0305,2.0585,1399339.9
2025-01-06 12:00:00+00:00,2.0585,2.0995,2.016,2.0785,3019524.9
2025-01-06 16:00:00+00:00,2.0785,2.111,2.0225,2.0495,2990295.7
2025-01-06 20:00:00+00:00,2.0495,2.0505,2.001,2.0195,1239701.6
2025-01-07 00:00:00+00:00,2.0195,2.0365,1.9885,1.998,1966392.5
2025-01-07 04:00:00+00:00,1.998,2.015,1.9785,2.005,991174.9
2025-01-07 08:00:00+00:00,2.005,2.0235,1.972,1.9885,1877710.2
2025-01-07 12:00:00+00:00,1.9885,2.012,1.865,1.8925,9613018.6
2025-01-07 16:00:00+00:00,1.8925,1.901,1.805,1.807,7918886.0
2025-01-07 20:00:00+00:00,1.807,1.8205,1.766,1.7675,2058910.2
2025-01-08 00:00:00+00:00,1.7675,1.7985,1.7355,1.7475,2174048.4
2025-01-08 04:00:00+00:00,1.7475,1.7565,1.6935,1.731,3330199.7
2025-01-08 08:00:00+00:00,1.731,1.754,1.706,1.724,2256441.4
2025-01-08 12:00:00+00:00,1.724,1.731,1.6815,1.695,2019003.0
2025-01-08 16:00:00+00:00,1.695,1.6965,1.5755,1.634,7246912.4
2025-01-08 20:00:00+00:00,1.634,1.6635,1.6195,1.65,1933075.6
2025-01-09 00:00:00+00:00,1.65,1.689,1.643,1.657,1485956.1
2025-01-09 04:00:00+00:00,1.657,1.6735,1.616,1.621,1244615.5
2025-01-09 08:00:00+00:00,1.621,1.675,1.615,1.6575,1850932.2
2025-01-09 12:00:00+00:00,1.6575,1.681,1.5745,1.6645,4363872.7
2025-01-09 16:00:00+00:00,1.6645,1.674,1.571,1.578,2456541.3
2025-01-09 20:00:00+00:00,1.578,1.606,1.5495,1.588,2003328.5
2025-01-10 00:00:00+00:00,1.588,1.6345,1.5875,1.6325,1845092.6
2025-01-10 04:00:00+00:00,1.6325,1.6995,1.625,1.6805,1851389.9
2025-01-10 08:00:00+00:00,1.6805,1.6965,1.6485,1.6625,1688753.7
2025-01-10 12:00:00+00:00,1.6625,1.669,1.5665,1.609,4772926.5
2025-01-10 16:00:00+00:00,1.609,1.6555,1.5885,1.6365,3051087.2
2025-01-10 20:00:00+00:00,1.6365,1.638,1.609,1.6225,536979.3
2025-01-11 00:00:00+00:00,1.6225,1.63,1.591,1.593,621989.8
2025-01-11 04:00:00+00:00,1.593,1.6105,1.585,1.5955,732230.7
2025-01-11 08:00:00+00:00,1.5955,1.626,1.581,1.619,698429.3
2025-01-11 12:00:00+00:00,1.619,1.6215,1.587,1.593,702246.7
2025-01-11 16:00:00+00:00,1.593,1.6035,1.5705,1.576,913797.6
2025-01-11 20:00:00+00:00,1.576,1.6365,1.5725,1.5915,1538543.7
2025-01-12 00:00:00+00:00,1.5915,1.5945,1.5735,1.5865,790224.2
2025-01-12 04:00:00+00:00,1.5865,1.603,1.5675,1.5835,1137861.1
2025-01-12 08:00:00+00:00,1.5835,1.5855,1.5565,1.5795,1199373.9
2025-01-12 12:00:00+00:00,1.5795,1.6065,1.567,1.602,1115885.4
2025-01-12 16:00:00+00:00,1.602,1.607,1.575,1.5775,883075.3
2025-01-12 20:00:00+00:00,1.5775,1.587,1.537,1.5615,1261185.2
2025-01-13 00:00:00+00:00,1.5615,1.6105,1.5105,1.5185,2572052.0
2025-01-13 04:00:00+00:00,1.5185,1.561,1.4985,1.518,3368820.2
2025-01-13 08:00:00+00:00,1.518,1.5235,1.415,1.418,3201931.4
2025-01-13 12:00:00+00:00,1.418,1.509,1.398,1.502,7130119.5
2025-01-13 16:00:00+00:00,1.502,1.5895,1.493,1.5655,5358930.3
2025-01-13 20:00:00+00:00,1.5655,1.652,1.5495,1.622,4563186.1
2025-01-14 00:00:00+00:00,1.622,1.6525,1.609,1.6315,2388497.8
2025-01-14 04:00:00+00:00,1.6315,1.6645,1.625,1.6345,2091946.6
2025-01-14 08:00:00+00:00,1.6345,1.6835,1.625,1.6455,2165502.2
2025-01-14 12:00:00+00:00,1.6455,1.691,1.623,1.68,3317798.7
2025-01-14 16:00:00+00:00,1.68,1.805,1.6675,1.782,5660985.5
2025-01-14 20:00:00+00:00,1.782,1.8865,1.7695,1.8445,8068160.3
2025-01-15 00:00:00+00:00,1.8445,1.857,1.793,1.8275,2615870.8
2025-01-15 04:00:00+00:00,1.8275,1.8405,1.7845,1.817,1482074.7
2025-01-15 08:00:00+00:00,1.817,1.8345,1.783,1.8015,2255155.1
2025-01-15 12:00:00+00:00,1.8015,1.929,1.7835,1.888,8359449.1
2025-01-15 16:00:00+00:00,1.888,2.034,1.888,2.0095,7864081.6
2025-01-15 20:00:00+00:00,2.0095,2.1,1.997,2.0805,3239876.9
2025-01-16 00:00:00+00:00,2.0805,2.134,2.0295,2.064,5360445.3
2025-01-16 04:00:00+00:00,2.064,2.066,2.006,2.023,3014284.9
2025-01-16 08:00:00+00:00,2.023,2.087,1.992,2.0775,4692878.0
2025-01-16 12:00:00+00:00,2.0775,2.078,1.952,1.9925,10318093.6
2025-01-16 16:00:00+00:00,1.9925,2.014,1.975,1.9985,2726379.2
2025-01-16 20:00:00+00:00,1.9985,2.0055,1.936,1.9645,2401662.4
2025-01-17 00:00:00+00:00,1.9645,2.0305,1.9645,1.9935,1991628.0
2025-01-17 04:00:00+00:00,1.9935,2.023,1.9885,2.005,1690294.7
2025-01-17 08:00:00+00:00,2.005,2.034,1.999,2.021,2816261.9
2025-01-17 12:00:00+00:00,2.021,2.0295,1.9765,1.987,3257758.3
2025-01-17 16:00:00+00:00,1.987,2.0185,1.9545,1.957,2646571.3
2025-01-17 20:00:00+00:00,1.957,2.0275,1.9545,1.9925,3080616.9
2025-01-18 00:00:00+00:00,1.9925,2.0225,1.888,1.9025,5507304.2
2025-01-18 04:00:00+00:00,1.9025,1.916,1.8045,1.8085,4334356.2
2025-01-18 08:00:00+00:00,1.8085,1.8345,1.7665,1.827,4228708.4
2025-01-18 12:00:00+00:00,1.827,1.844,1.791,1.798,3231261.6
2025-01-18 16:00:00+00:00,1.798,1.807,1.716,1.757,4536500.0
2025-01-18 20:00:00+00:00,1.757,1.7765,1.725,1.7695,2494877.5
2025-01-19 00:00:00+00:00,1.7695,1.8315,1.7625,1.7995,1993534.3
2025-01-19 04:00:00+00:00,1.7995,1.801,1.7005,1.7165,3334919.3
2025-01-19 08:00:00+00:00,1.7165,1.719,1.584,1.5975,7712448.8
2025-01-19 12:00:00+00:00,1.5975,1.8125,1.594,1.758,12319196.3
2025-01-19 16:00:00+00:00,1.758,1.809,1.7455,1.762,6103107.4
2025-01-19 20:00:00+00:00,1.762,1.7695,1.5765,1.62,14482728.0
2025-01-20 00:00:00+00:00,1.62,1.6765,1.554,1.6655,10433394.6
2025-01-20 04:00:00+00:00,1.6655,1.8645,1.651,1.782,12420582.3
2025-01-20 08:00:00+00:00,1.782,1.9315,1.743,1.8675,18936566.0
2025-01-20 12:00:00+00:00,1.8675,1.869,1.762,1.7695,11085245.8
2025-01-20 16:00:00+00:00,1.7695,1.8115,1.669,1.7675,17167557.1
2025-01-20 20:00:00+00:00,1.7675,1.9515,1.7395,1.8195,32591046.9
2025-01-21 00:00:00+00:00,1.8195,1.8445,1.7335,1.7585,9000654.0
2025-01-21 04:00:00+00:00,1.7585,1.7835,1.718,1.778,4842137.6
2025-01-21 08:00:00+00:00,1.778,1.904,1.7495,1.892,6936482.9
2025-01-21 12:00:00+00:00,1.892,1.9265,1.8485,1.8665,6230510.2
2025-01-21 16:00:00+00:00,1.8665,1.9975,1.8575,1.9195,7431494.9
2025-01-21 20:00:00+00:00,1.9195,1.96,1.8935,1.9015,4542680.6
2025-01-22 00:00:00+00:00,1.9015,1.9285,1.8855,1.8995,3000683.5
2025-01-22 04:00:00+00:00,1.8995,1.9125,1.877,1.8875,1902461.7
2025-01-22 08:00:00+00:00,1.8875,1.9615,1.8645,1.958,3331262.5
2025-01-22 12:00:00+00:00,1.958,2.036,1.8645,1.907,19979819.4
2025-01-22 16:00:00+00:00,1.907,1.9665,1.887,1.895,6737944.6
2025-01-22 20:00:00+00:00,1.895,1.906,1.8345,1.855,3919007.4
2025-01-23 00:00:00+00:00,1.855,1.8605,1.816,1.85,2080808.6
2025-01-23 04:00:00+00:00,1.85,1.854,1.7855,1.798,2542553.2
2025-01-23 08:00:00+00:00,1.798,1.7985,1.742,1.753,2858753.1
2025-01-23 12:00:00+00:00,1.753,1.819,1.7185,1.7715,6238981.4
2025-01-23 16:00:00+00:00,1.7715,1.809,1.7115,1.718,4047478.2
2025-01-23 20:00:00+00:00,1.718,1.842,1.662,1.822,14356592.4
2025-01-24 00:00:00+00:00,1.822,1.8515,1.7885,1.843,5883512.6
2025-01-24 04:00:00+00:00,1.843,2.0215,1.824,1.9985,10223537.9
2025-01-24 08:00:00+00:00,1.9985,2.0975,1.998,2.084,9525504.0
2025-01-24 12:00:00+00:00,2.084,2.113,2.0395,2.073,8477774.0
2025-01-24 16:00:00+00:00,2.073,2.0975,2.014,2.018,5561541.5
2025-01-24 20:00:00+00:00,2.018,2.028,1.966,2.002,6864553.6
2025-01-25 00:00:00+00:00,2.002,2.031,1.9635,2.01,5869453.1
2025-01-25 04:00:00+00:00,2.01,2.013,1.975,1.9815,3443610.0
2025-01-25 08:00:00+00:00,1.9815,1.9885,1.927,1.939,3856915.4
2025-01-25 12:00:00+00:00,1.939,2.013,1.919,1.9845,4175153.3
2025-01-25 16:00:00+00:00,1.9845,2.019,1.9665,1.992,3138381.6
2025-01-25 20:00:00+00:00,1.992,2.0095,1.9595,1.9945,1929168.9
2025-01-26 00:00:00+00:00,1.9945,2.082,1.979,2.064,5598210.0
2025-01-26 04:00:00+00:00,2.064,2.179,2.0605,2.173,6278945.4
2025-01-26 08:00:00+00:00,2.173,2.195,2.1095,2.154,4549312.0
2025-01-26 12:00:00+00:00,2.154,2.2045,2.11,2.164,4378378.4
2025-01-26 16:00:00+00:00,2.164,2.2245,2.137,2.187,4690659.0
2025-01-26 20:00:00+00:00,2.187,2.19,2.079,2.0855,4586842.9
2025-01-27 00:00:00+00:00,2.0855,2.113,2.007,2.0135,8968808.2
2025-01-27 04:00:00+00:00,2.0135,2.02,1.87,1.9575,9491509.9
2025-01-27 08:00:00+00:00,1.9575,1.99,1.85,1.855,8758124.8
2025-01-27 12:00:00+00:00,1.855,1.947,1.842,1.9315,8165941.1
2025-01-27 16:00:00+00:00,1.9315,1.9395,1.8255,1.8525,4429481.4
2025-01-27 20:00:00+00:00,1.8525,1.9705,1.8525,1.9155,5007012.6
2025-01-28 00:00:00+00:00,1.9155,1.966,1.877,1.957,2788385.0
2025-01-28 04:00:00+00:00,1.957,1.9715,1.895,1.9025,2402556.3
2025-01-28 08:00:00+00:00,1.9025,1.9145,1.856,1.911,2511644.4
2025-01-28 12:00:00+00:00,1.911,1.954,1.881,1.9205,4018274.2
2025-01-28 16:00:00+00:00,1.9205,1.93,1.8405,1.867,6419847.9
2025-01-28 20:00:00+00:00,1.867,1.869,1.752,1.7775,6290898.6
2025-01-29 00:00:00+00:00,1.7775,1.8185,1.763,1.8165,3715498.8
2025-01-29 04:00:00+00:00,1.8165,1.8745,1.808,1.8615,3333206.3
2025-01-29 08:00:00+00:00,1.8615,1.8685,1.814,1.8435,2425797.8
2025-01-29 12:00:00+00:00,1.8435,1.864,1.792,1.8135,3790074.4
2025-01-29 16:00:00+00:00,1.8135,1.906,1.7905,1.8675,7626541.8
2025-01-29 20:00:00+00:00,1.8675,1.9995,1.846,1.8955,7283727.3
2025-01-30 00:00:00+00:00,1.8955,1.937,1.8565,1.919,4361759.2
2025-01-30 04:00:00+00:00,1.919,1.966,1.908,1.919,2292183.2
2025-01-30 08:00:00+00:00,1.919,1.968,1.8885,1.9625,3101149.3
2025-01-30 12:00:00+00:00,1.9625,2.055,1.942,2.021,8336885.0
2025-01-30 16:00:00+00:00,2.021,2.185,1.9995,2.159,10534044.3
2025-01-30 20:00:00+00:00,2.159,2.176,2.0675,2.0975,5241520.6
2025-01-31 00:00:00+00:00,2.0975,2.1615,2.062,2.0755,4481078.2
2025-01-31 04:00:00+00:00,2.0755,2.179,2.0265,2.1385,4996935.6
2025-01-31 08:00:00+00:00,2.1385,2.3025,2.1325,2.283,10118908.8
2025-01-31 12:00:00+00:00,2.283,2.412,2.282,2.403,12385645.0
2025-01-31 16:00:00+00:00,2.403,2.43,2.332,2.3455,12845069.7
2025-01-31 20:00:00+00:00,2.3455,2.3485,2.2755,2.3015,5922727.2
2025-02-01 00:00:00+00:00,2.3015,2.347,2.278,2.304,4489100.5
2025-02-01 04:00:00+00:00,2.304,2.3495,2.2605,2.2855,3465355.4
2025-02-01 08:00:00+00:00,2.2855,2.296,2.185,2.213,6537130.9
2025-02-01 12:00:00+00:00,2.213,2.235,2.1595,2.2095,5260021.8
2025-02-01 16:00:00+00:00,2.2095,2.245,2.1295,2.135,5188398.8
2025-02-01 20:00:00+00:00,2.135,2.1495,2.033,2.0365,7141421.3
2025-02-02 00:00:00+00:00,2.0365,2.0945,1.9385,1.9395,8235510.2
2025-02-02 04:00:00+00:00,1.9395,2.043,1.919,1.9795,8386711.8
2025-02-02 08:00:00+00:00,1.9795,2.0275,1.927,1.941,6220631.7
2025-02-02 12:00:00+00:00,1.941,2.067,1.926,2.0135,6917021.8
2025-02-02 16:00:00+00:00,2.0135,2.016,1.854,1.964,17110268.8
2025-02-02 20:00:00+00:00,1.964,1.997,1.7845,1.904,16056728.4
2025-02-03 00:00:00+00:00,1.904,1.942,1.49,1.6495,59065935.8
2025-02-03 04:00:00+00:00,1.6495,1.73,1.575,1.7255,17736893.0
2025-02-03 08:00:00+00:00,1.7255,1.7255,1.621,1.652,12620706.8
2025-02-03 12:00:00+00:00,1.652,1.7725,1.521,1.6985,33561184.4
2025-02-03 16:00:00+00:00,1.6985,1.808,1.6485,1.791,15648033.0
2025-02-03 20:00:00+00:00,1.791,1.937,1.6875,1.858,15729082.7
2025-02-04 00:00:00+00:00,1.858,1.8865,1.796,1.8805,11050921.3
2025-02-04 04:00:00+00:00,1.8805,1.925,1.7175,1.753,15122399.7
2025-02-04 08:00:00+00:00,1.753,1.867,1.6805,1.827,13662920.1
2025-02-04 12:00:00+00:00,1.827,1.881,1.7805,1.7845,15992981.3
2025-02-04 16:00:00+00:00,1.7845,1.868,1.743,1.746,14149191.4
2025-02-04 20:00:00+00:00,1.746,1.765,1.626,1.7055,16314655.9
2025-02-05 00:00:00+00:00,1.7055,1.7375,1.6765,1.6985,6131002.9
2025-02-05 04:00:00+00:00,1.6985,1.748,1.6605,1.7335,5701332.1
2025-02-05 08:00:00+00:00,1.7335,1.847,1.7285,1.7895,14640694.8
2025-02-05 12:00:00+00:00,1.7895,1.857,1.774,1.822,12235797.0
2025-02-05 16:00:00+00:00,1.822,1.834,1.7105,1.7565,10605086.7
2025-02-05 20:00:00+00:00,1.7565,1.767,1.6755,1.691,6483946.3
2025-02-06 00:00:00+00:00,1.691,1.7775,1.672,1.756,7761165.4
2025-02-06 04:00:00+00:00,1.756,1.8255,1.738,1.8025,6556431.0
2025-02-06 08:00:00+00:00,1.8025,1.879,1.7835,1.8205,10256173.2
2025-02-06 12:00:00+00:00,1.8205,1.8475,1.7265,1.7405,11103526.0
2025-02-06 16:00:00+00:00,1.7405,1.757,1.692,1.701,9052754.9
2025-02-06 20:00:00+00:00,1.701,1.746,1.6485,1.6715,6340765.2
2025-02-07 00:00:00+00:00,1.6715,1.748,1.6665,1.7075,6606931.7
2025-02-07 04:00:00+00:00,1.7075,1.7255,1.6345,1.6625,5212735.4
2025-02-07 08:00:00+00:00,1.6625,1.7525,1.6535,1.7475,5971608.8
2025-02-07 12:00:00+00:00,1.7475,1.797,1.6855,1.7,13418798.4
2025-02-07 16:00:00+00:00,1.7,1.7065,1.592,1.6025,9987320.8
2025-02-07 20:00:00+00:00,1.6025,1.606,1.5135,1.561,9640683.4
2025-02-08 00:00:00+00:00,1.561,1.5895,1.511,1.5325,7098293.2
2025-02-08 04:00:00+00:00,1.5325,1.538,1.487,1.5095,3749872.8
2025-02-08 08:00:00+00:00,1.5095,1.519,1.4755,1.508,5119271.1
2025-02-08 12:00:00+00:00,1.508,1.533,1.483,1.493,7195564.7
2025-02-08 16:00:00+00:00,1.493,1.548,1.4655,1.5275,6899660.9
2025-02-08 20:00:00+00:00,1.5275,1.539,1.503,1.526,2655627.7
2025-02-09 00:00:00+00:00,1.526,1.598,1.514,1.5895,5817328.5
2025-02-09 04:00:00+00:00,1.5895,1.59,1.5295,1.551,4321575.3
2025-02-09 08:00:00+00:00,1.551,1.5635,1.503,1.5215,4396816.0
2025-02-09 12:00:00+00:00,1.5215,1.5285,1.447,1.513,10341778.0
2025-02-09 16:00:00+00:00,1.513,1.525,1.4655,1.47,3637060.3
2025-02-09 20:00:00+00:00,1.47,1.511,1.4135,1.4995,8337778.5
2025-02-10 00:00:00+00:00,1.4995,1.5335,1.453,1.5185,8240636.8
2025-02-10 04:00:00+00:00,1.5185,1.536,1.4985,1.521,4025586.1
2025-02-10 08:00:00+00:00,1.521,1.5375,1.5055,1.5325,3779224.1
2025-02-10 12:00:00+00:00,1.5325,1.564,1.4945,1.523,7929955.8
2025-02-10 16:00:00+00:00,1.523,1.603,1.518,1.583,7399731.7
2025-02-10 20:00:00+00:00,1.583,1.592,1.5425,1.582,3620826.5
2025-02-11 00:00:00+00:00,1.582,1.6915,1.577,1.653,6970939.1
2025-02-11 04:00:00+00:00,1.653,1.6945,1.6355,1.6755,4318495.7
2025-02-11 08:00:00+00:00,1.6755,1.6855,1.6245,1.652,3659053.4
2025-02-11 12:00:00+00:00,1.652,1.656,1.5695,1.5985,10187042.7
2025-02-11 16:00:00+00:00,1.5985,1.61,1.551,1.5645,5148285.0
2025-02-11 20:00:00+00:00,1.5645,1.605,1.561,1.585,3962010.4
2025-02-12 00:00:00+00:00,1.585,1.598,1.534,1.549,3532038.5
2025-02-12 04:00:00+00:00,1.549,1.588,1.5365,1.575,2910087.6
2025-02-12 08:00:00+00:00,1.575,1.595,1.55,1.573,2620110.1
2025-02-12 12:00:00+00:00,1.573,1.606,1.457,1.524,13662348.1
2025-02-12 16:00:00+00:00,1.524,1.633,1.4945,1.618,6051538.2
2025-02-12 20:00:00+00:00,1.618,1.823,1.6015,1.7435,29177743.2
2025-02-13 00:00:00+00:00,1.7435,1.8435,1.709,1.79,8393475.2
2025-02-13 04:00:00+00:00,1.79,1.803,1.728,1.7345,6563176.7
2025-02-13 08:00:00+00:00,1.7345,1.7975,1.685,1.701,9483964.9
2025-02-13 12:00:00+00:00,1.701,1.7095,1.636,1.6895,10055463.7
2025-02-13 16:00:00+00:00,1.6895,1.7255,1.662,1.6975,5427478.8
2025-02-13 20:00:00+00:00,1.6975,1.716,1.674,1.6845,2628676.1
2025-02-14 00:00:00+00:00,1.6845,1.7505,1.6755,1.748,4181518.0
2025-02-14 04:00:00+00:00,1.748,1.778,1.7135,1.7775,2920247.5
2025-02-14 08:00:00+00:00,1.7775,1.841,1.762,1.7895,6042374.7
2025-02-14 12:00:00+00:00,1.7895,1.9155,1.785,1.8955,10198101.8
2025-02-14 16:00:00+00:00,1.8955,1.9085,1.8465,1.8685,5347876.2
2025-02-14 20:00:00+00:00,1.8685,1.92,1.8225,1.858,7659095.2
2025-02-15 00:00:00+00:00,1.858,1.894,1.8125,1.8765,2958988.5
2025-02-15 04:00:00+00:00,1.8765,1.8965,1.852,1.873,2395800.9
2025-02-15 08:00:00+00:00,1.873,1.882,1.8165,1.819,2781395.9
2025-02-15 12:00:00+00:00,1.819,1.8385,1.7935,1.8155,4168600.1
2025-02-15 16:00:00+00:00,1.8155,1.822,1.796,1.798,2018305.3
2025-02-15 20:00:00+00:00,1.798,1.8315,1.7805,1.8095,2492447.0
2025-02-16 00:00:00+00:00,1.8095,1.8215,1.7605,1.7865,2246758.1
2025-02-16 04:00:00+00:00,1.7865,1.817,1.779,1.7885,1619296.3
2025-02-16 08:00:00+00:00,1.7885,1.834,1.7845,1.8335,2059487.0
2025-02-16 12:00:00+00:00,1.8335,1.834,1.768,1.8185,3082780.1
2025-02-16 16:00:00+00:00,1.8185,1.862,1.79,1.798,3823361.7
2025-02-16 20:00:00+00:00,1.798,1.818,1.775,1.784,2654363.0
2025-02-17 00:00:00+00:00,1.784,1.8735,1.782,1.851,5218776.2
2025-02-17 04:00:00+00:00,1.851,1.856,1.776,1.8005,5500806.8
2025-02-17 08:00:00+00:00,1.8005,1.9395,1.7885,1.896,9524953.1
2025-02-17 12:00:00+00:00,1.896,1.9575,1.843,1.8525,9690362.5
2025-02-17 16:00:00+00:00,1.8525,1.8695,1.798,1.824,6694086.0
2025-02-17 20:00:00+00:00,1.824,1.894,1.816,1.865,4316287.5
2025-02-18 00:00:00+00:00,1.865,1.887,1.8125,1.8245,2658806.1
2025-02-18 04:00:00+00:00,1.8245,1.8375,1.754,1.8165,6668882.1
2025-02-18 08:00:00+00:00,1.8165,1.8915,1.788,1.877,6749796.3
2025-02-18 12:00:00+00:00,1.877,1.9155,1.774,1.7785,9625889.9
2025-02-18 16:00:00+00:00,1.7785,1.7885,1.688,1.743,10677619.9
2025-02-18 20:00:00+00:00,1.743,1.76,1.714,1.747,3892681.3
2025-02-19 00:00:00+00:00,1.747,1.7835,1.716,1.754,3737691.7
2025-02-19 04:00:00+00:00,1.754,1.7935,1.701,1.7785,4722658.3
2025-02-19 08:00:00+00:00,1.7785,1.804,1.733,1.764,4971029.0
2025-02-19 12:00:00+00:00,1.764,1.7695,1.6915,1.7025,5160485.3
2025-02-19 16:00:00+00:00,1.7025,1.752,1.6945,1.7095,4028009.9
2025-02-19 20:00:00+00:00,1.7095,1.7725,1.693,1.718,6280039.8
2025-02-20 00:00:00+00:00,1.718,1.8025,1.711,1.7715,4878443.1
2025-02-20 04:00:00+00:00,1.7715,1.791,1.717,1.738,2473274.2
2025-02-20 08:00:00+00:00,1.738,1.757,1.711,1.7195,5057814.1
2025-02-20 12:00:00+00:00,1.7195,1.8145,1.697,1.707,13256862.4
2025-02-20 16:00:00+00:00,1.707,1.787,1.6905,1.7665,8898710.9
2025-02-20 20:00:00+00:00,1.7665,1.7845,1.7385,1.778,4715359.8
2025-02-21 00:00:00+00:00,1.778,1.7885,1.721,1.772,3888075.7
2025-02-21 04:00:00+00:00,1.772,1.8365,1.7705,1.81,3857649.6
2025-02-21 08:00:00+00:00,1.81,1.8745,1.7965,1.819,5474974.8
2025-02-21 12:00:00+00:00,1.819,1.867,1.677,1.721,14633239.4
2025-02-21 16:00:00+00:00,1.721,1.7625,1.588,1.607,17845697.8
2025-02-21 20:00:00+00:00,1.607,1.6225,1.559,1.6015,5208520.3
2025-02-22 00:00:00+00:00,1.6015,1.6125,1.582,1.608,2406361.5
2025-02-22 04:00:00+00:00,1.608,1.69,1.6005,1.646,3754805.1
2025-02-22 08:00:00+00:00,1.646,1.7035,1.6425,1.68,2562289.0
2025-02-22 12:00:00+00:00,1.68,1.73,1.665,1.7165,3838454.1
2025-02-22 16:00:00+00:00,1.7165,1.7575,1.6635,1.683,5036358.5
2025-02-22 20:00:00+00:00,1.683,1.693,1.6685,1.686,860285.7
2025-02-23 00:00:00+00:00,1.686,1.691,1.653,1.677,1575315.7
2025-02-23 04:00:00+00:00,1.677,1.726,1.666,1.7235,1892197.0
2025-02-23 08:00:00+00:00,1.7235,1.7325,1.6655,1.67,2430344.1
2025-02-23 12:00:00+00:00,1.67,1.705,1.664,1.677,1910996.9
2025-02-23 16:00:00+00:00,1.677,1.708,1.677,1.686,1284664.8
2025-02-23 20:00:00+00:00,1.686,1.7095,1.6615,1.697,1573451.7
2025-02-24 00:00:00+00:00,1.697,1.7245,1.6055,1.6185,4002494.0
2025-02-24 04:00:00+00:00,1.6185,1.629,1.5835,1.61,2844310.3
2025-02-24 08:00:00+00:00,1.61,1.6155,1.574,1.609,3423699.5
2025-02-24 12:00:00+00:00,1.609,1.62,1.5305,1.5475,6236818.5
2025-02-24 16:00:00+00:00,1.5475,1.567,1.5085,1.5315,3475112.1
2025-02-24 20:00:00+00:00,1.5315,1.5465,1.3925,1.4095,9507523.6
2025-02-25 00:00:00+00:00,1.4095,1.4205,1.3375,1.379,8404989.0
2025-02-25 04:00:00+00:00,1.379,1.3965,1.281,1.325,9378142.9
2025-02-25 08:00:00+00:00,1.325,1.4235,1.32,1.4125,7171665.7
2025-02-25 12:00:00+00:00,1.4125,1.4355,1.357,1.3855,5144201.7
2025-02-25 16:00:00+00:00,1.3855,1.407,1.3565,1.3955,4033961.7
2025-02-25 20:00:00+00:00,1.3955,1.455,1.3775,1.4095,6778413.5
2025-02-26 00:00:00+00:00,1.4095,1.4345,1.379,1.413,4879586.8
2025-02-26 04:00:00+00:00,1.413,1.43,1.3765,1.3895,1924102.0
2025-02-26 08:00:00+00:00,1.3895,1.4085,1.365,1.368,3010268.9
2025-02-26 12:00:00+00:00,1.368,1.3965,1.324,1.3775,6536975.9
2025-02-26 16:00:00+00:00,1.3775,1.385,1.283,1.3035,6634096.4
2025-02-26 20:00:00+00:00,1.3035,1.3815,1.2845,1.3485,4811788.6
2025-02-27 00:00:00+00:00,1.3485,1.388,1.3375,1.371,2060110.6
2025-02-27 04:00:00+00:00,1.371,1.3945,1.3465,1.389,2489727.5
2025-02-27 08:00:00+00:00,1.389,1.413,1.3705,1.375,3028674.7
2025-02-27 12:00:00+00:00,1.375,1.3845,1.3335,1.3585,3296018.1
2025-02-27 16:00:00+00:00,1.3585,1.369,1.3235,1.3305,3268422.2
2025-02-27 20:00:00+00:00,1.3305,1.3515,1.303,1.3505,1954266.6
2025-02-28 00:00:00+00:00,1.3505,1.3555,1.2255,1.233,7242000.4
2025-02-28 04:00:00+00:00,1.233,1.234,1.181,1.1925,6251398.9
2025-02-28 08:00:00+00:00,1.1925,1.23,1.1725,1.194,4920448.6
2025-02-28 12:00:00+00:00,1.194,1.286,1.1875,1.274,5142941.2
2025-02-28 16:00:00+00:00,1.274,1.282,1.244,1.2645,4015281.9
2025-02-28 20:00:00+00:00,1.2645,1.2795,1.245,1.2705,2505776.8
2025-03-01 00:00:00+00:00,1.2705,1.2815,1.244,1.266,1949202.5
2025-03-01 04:00:00+00:00,1.266,1.2765,1.224,1.234,2208880.1
2025-03-01 08:00:00+00:00,1.234,1.2415,1.1965,1.2065,2232599.9
2025-03-01 12:00:00+00:00,1.2065,1.2245,1.185,1.222,2928754.4
2025-03-01 16:00:00+00:00,1.222,1.263,1.2175,1.2535,2461965.9
2025-03-01 20:00:00+00:00,1.2535,1.2645,1.242,1.249,1712643.1
2025-03-02 00:00:00+00:00,1.249,1.253,1.235,1.2375,1242411.5
2025-03-02 04:00:00+00:00,1.2375,1.256,1.2215,1.229,1408089.3
2025-03-02 08:00:00+00:00,1.229,1.2505,1.2265,1.231,1828574.4
2025-03-02 12:00:00+00:00,1.231,1.281,1.2075,1.246,6633582.5
2025-03-02 16:00:00+00:00,1.246,1.4035,1.231,1.3725,22035338.2
2025-03-02 20:00:00+00:00,1.3725,1.3925,1.358,1.374,3664545.3
2025-03-03 00:00:00+00:00,1.374,1.3775,1.311,1.3405,4218223.5
2025-03-03 04:00:00+00:00,1.3405,1.3535,1.28,1.312,3326771.6
2025-03-03 08:00:00+00:00,1.312,1.317,1.2665,1.298,3419973.3
2025-03-03 12:00:00+00:00,1.298,1.326,1.25,1.251,6100452.5
2025-03-03 16:00:00+00:00,1.251,1.261,1.115,1.124,10531350.0
2025-03-03 20:00:00+00:00,1.124,1.138,1.0955,1.101,4953195.5
2025-03-04 00:00:00+00:00,1.101,1.1125,0.9935,1.042,11901908.3
2025-03-04 04:00:00+00:00,1.042,1.0795,1.0395,1.064,3489536.1
2025-03-04 08:00:00+00:00,1.064,1.0775,1.0395,1.052,3155967.7
2025-03-04 12:00:00+00:00,1.052,1.083,1.0005,1.035,9905323.3
2025-03-04 16:00:00+00:00,1.035,1.087,0.962,1.0835,9846109.7
2025-03-04 20:00:00+00:00,1.0835,1.11,1.0575,1.082,3942316.2
2025-03-05 00:00:00+00:00,1.082,1.114,1.078,1.0825,2243754.9
2025-03-05 04:00:00+00:00,1.0825,1.1505,1.081,1.1425,2860839.3
2025-03-05 08:00:00+00:00,1.1425,1.179,1.138,1.1595,4203605.2
2025-03-05 12:00:00+00:00,1.1595,1.164,1.1215,1.139,5662690.9
2025-03-05 16:00:00+00:00,1.139,1.1855,1.1225,1.1685,2787875.6
2025-03-05 20:00:00+00:00,1.1685,1.1855,1.167,1.176,1408507.6
2025-03-06 00:00:00+00:00,1.176,1.209,1.167,1.2065,2229086.6
2025-03-06 04:00:00+00:00,1.2065,1.2285,1.1855,1.19,2558852.8
2025-03-06 08:00:00+00:00,1.19,1.2255,1.1805,1.208,3175451.2
2025-03-06 12:00:00+00:00,1.208,1.211,1.169,1.1955,3798446.5
2025-03-06 16:00:00+00:00,1.1955,1.1965,1.1455,1.157,3398435.9
2025-03-06 20:00:00+00:00,1.157,1.1765,1.1455,1.148,2425426.2
2025-03-07 00:00:00+00:00,1.148,1.162,1.0995,1.1255,5450707.6
2025-03-07 04:00:00+00:00,1.1255,1.165,1.1235,1.1635,2468986.5
2025-03-07 08:00:00+00:00,1.1635,1.1735,1.126,1.134,4076723.2
2025-03-07 12:00:00+00:00,1.134,1.1475,1.0895,1.1105,6163830.0
2025-03-07 16:00:00+00:00,1.1105,1.132,1.0825,1.109,6551690.6
2025-03-07 20:00:00+00:00,1.109,1.116,1.0605,1.068,3426282.2
2025-03-08 00:00:00+00:00,1.068,1.085,1.052,1.08,1950969.6
2025-03-08 04:00:00+00:00,1.08,1.08,1.056,1.0585,947540.3
2025-03-08 08:00:00+00:00,1.0585,1.0615,1.032,1.04,2206179.7
2025-03-08 12:00:00+00:00,1.04,1.0645,1.0335,1.0535,3426151.1
2025-03-08 16:00:00+00:00,1.0535,1.082,1.0355,1.0805,2847915.0
2025-03-08 20:00:00+00:00,1.0805,1.0835,1.0565,1.0695,1369539.7
2025-03-09 00:00:00+00:00,1.0695,1.0755,1.0435,1.0535,1229585.2
2025-03-09 04:00:00+00:00,1.0535,1.064,1.044,1.0485,684338.2
2025-03-09 08:00:00+00:00,1.0485,1.049,1.013,1.0275,1937815.8
2025-03-09 12:00:00+00:00,1.0275,1.0365,1.0035,1.026,3356658.0
2025-03-09 16:00:00+00:00,1.026,1.048,1.0095,1.035,7132979.5
2025-03-09 20:00:00+00:00,1.035,1.054,0.981,0.99,4576345.3
2025-03-10 00:00:00+00:00,0.99,1.0235,0.9755,1.0085,4082266.7
2025-03-10 04:00:00+00:00,1.0085,1.0345,1.0035,1.0135,2576484.1
2025-03-10 08:00:00+00:00,1.0135,1.0555,0.9975,1.046,4307480.6
2025-03-10 12:00:00+00:00,1.046,1.055,0.945,0.9595,7428428.8
2025-03-10 16:00:00+00:00,0.9595,0.967,0.8695,0.896,11116687.4
2025-03-10 20:00:00+00:00,0.896,0.9275,0.8865,0.8925,4724078.1
2025-03-11 00:00:00+00:00,0.8925,0.9025,0.809,0.856,13609106.7
2025-03-11 04:00:00+00:00,0.856,0.8915,0.8545,0.875,3685416.5
2025-03-11 08:00:00+00:00,0.875,0.8866,0.8654,0.8756,2918607.6
2025-03-11 12:00:00+00:00,0.8756,0.9585,0.8434,0.9021,35223018.1
2025-03-11 16:00:00+00:00,0.9021,0.9749,0.8901,0.9578,10013793.1
2025-03-11 20:00:00+00:00,0.9578,0.961,0.9181,0.9235,5595518.4
2025-03-12 00:00:00+00:00,0.9235,0.9348,0.8873,0.8887,5013170.6
2025-03-12 04:00:00+00:00,0.8887,0.9279,0.8836,0.9263,5263775.3
2025-03-12 08:00:00+00:00,0.9263,0.9477,0.9073,0.9284,7913265.7
2025-03-12 12:00:00+00:00,0.9284,0.9595,0.8714,0.8887,11537843.7
2025-03-12 16:00:00+00:00,0.8887,0.9105,0.8855,0.8969,4827996.2
2025-03-12 20:00:00+00:00,0.8969,0.929,0.895,0.9194,4337119.1
2025-03-13 00:00:00+00:00,0.9194,0.9227,0.896,0.8997,2946451.0
2025-03-13 04:00:00+00:00,0.8997,0.9033,0.8739,0.8802,3033352.4
2025-03-13 08:00:00+00:00,0.8802,0.9158,0.8712,0.9142,5123932.4
2025-03-13 12:00:00+00:00,0.9142,0.9273,0.8779,0.9033,6664378.0
2025-03-13 16:00:00+00:00,0.9033,0.9051,0.8593,0.8667,5586393.7
2025-03-13 20:00:00+00:00,0.8667,0.9029,0.8606,0.8997,3736879.9
2025-03-14 00:00:00+00:00,0.8997,0.9317,0.8976,0.9245,3232432.1
2025-03-14 04:00:00+00:00,0.9245,0.9314,0.9188,0.9223,2073915.4
2025-03-14 08:00:00+00:00,0.9223,0.9383,0.9209,0.9251,2035946.8
2025-03-14 12:00:00+00:00,0.9251,0.9575,0.9106,0.9454,8413544.0
2025-03-14 16:00:00+00:00,0.9454,0.9609,0.9412,0.9484,3879485.1
2025-03-14 20:00:00+00:00,0.9484,0.9609,0.9404,0.9512,1583700.1
2025-03-15 00:00:00+00:00,0.9512,0.9662,0.9428,0.9563,3153318.2
2025-03-15 04:00:00+00:00,0.9563,0.9689,0.9446,0.9453,2105362.0
2025-03-15 08:00:00+00:00,0.9453,0.9652,0.9403,0.9623,2021935.5
2025-03-15 12:00:00+00:00,0.9623,0.9642,0.9431,0.9562,1814871.7
2025-03-15 16:00:00+00:00,0.9562,0.9669,0.9505,0.9555,1619117.0
2025-03-15 20:00:00+00:00,0.9555,0.9777,0.9555,0.9613,1594336.0
2025-03-16 00:00:00+00:00,0.9613,0.9622,0.9395,0.9511,2297885.5
2025-03-16 04:00:00+00:00,0.9511,0.9629,0.9436,0.953,1639482.4
2025-03-16 08:00:00+00:00,0.953,0.9538,0.9024,0.9048,3705215.9
2025-03-16 12:00:00+00:00,0.9048,0.9227,0.9024,0.9165,3095326.4
2025-03-16 16:00:00+00:00,0.9165,0.943,0.9012,0.9106,3037275.9
2025-03-16 20:00:00+00:00,0.9106,0.9242,0.9085,0.9217,1112233.2
2025-03-17 00:00:00+00:00,0.9217,0.9558,0.9199,0.9485,2273365.1
2025-03-17 04:00:00+00:00,0.9485,0.952,0.9321,0.9434,1518695.2
2025-03-17 08:00:00+00:00,0.9434,0.9617,0.9367,0.9572,2083800.9
2025-03-17 12:00:00+00:00,0.9572,0.971,0.9429,0.9607,5993315.2
2025-03-17 16:00:00+00:00,0.9607,0.9968,0.955,0.9807,5326464.1
2025-03-17 20:00:00+00:00,0.9807,0.9813,0.9597,0.9613,2117610.2
2025-03-18 00:00:00+00:00,0.9613,0.9634,0.9308,0.9376,2830461.0
2025-03-18 04:00:00+00:00,0.9376,0.956,0.9358,0.9446,2269322.7
2025-03-18 08:00:00+00:00,0.9446,0.9543,0.9158,0.9183,2394877.3
2025-03-18 12:00:00+00:00,0.9183,0.926,0.9022,0.9063,3207641.2
2025-03-18 16:00:00+00:00,0.9063,0.9275,0.8975,0.9263,2524985.7
2025-03-18 20:00:00+00:00,0.9263,0.9515,0.9209,0.9492,1982415.3
2025-03-19 00:00:00+00:00,0.9492,0.9606,0.9403,0.9516,1613118.8
2025-03-19 04:00:00+00:00,0.9516,0.9606,0.9433,0.9501,2221445.5
2025-03-19 08:00:00+00:00,0.9501,1.046,0.9482,1.0344,8594754.4
2025-03-19 12:00:00+00:00,1.0344,1.0626,1.0,1.0375,14308520.8
2025-03-19 16:00:00+00:00,1.0375,1.0449,1.0067,1.0269,10442511.9
2025-03-19 20:00:00+00:00,1.0269,1.0429,1.0249,1.0372,3194097.5
2025-03-20 00:00:00+00:00,1.0372,1.0444,1.0083,1.0129,2717291.1
2025-03-20 04:00:00+00:00,1.0129,1.0247,1.0054,1.009,1827251.7
2025-03-20 08:00:00+00:00,1.009,1.0165,0.9868,0.9997,2631032.3
2025-03-20 12:00:00+00:00,0.9997,1.0215,0.9893,0.9981,5689482.1
2025-03-20 16:00:00+00:00,0.9981,1.02,0.9941,1.0164,5797220.0
2025-03-20 20:00:00+00:00,1.0164,1.0201,1.0081,1.0192,1519934.9
2025-03-21 00:00:00+00:00,1.0192,1.0293,1.0137,1.014,3942559.8
2025-03-21 04:00:00+00:00,1.014,1.021,1.0057,1.0102,2200441.7
2025-03-21 08:00:00+00:00,1.0102,1.0145,0.9783,0.9872,3454193.5
2025-03-21 12:00:00+00:00,0.9872,0.9954,0.9743,0.9784,3460658.3
2025-03-21 16:00:00+00:00,0.9784,0.9992,0.9745,0.9888,6088312.6
2025-03-21 20:00:00+00:00,0.9888,0.9982,0.9793,0.9915,1699581.0
2025-03-22 00:00:00+00:00,0.9915,1.0198,0.9895,1.0176,1748607.1
2025-03-22 04:00:00+00:00,1.0176,1.0354,1.0149,1.0238,4958287.9
2025-03-22 08:00:00+00:00,1.0238,1.0336,1.0155,1.0168,1522145.8
2025-03-22 12:00:00+00:00,1.0168,1.0245,1.0082,1.0144,2314680.3
2025-03-22 16:00:00+00:00,1.0144,1.0298,1.0091,1.0296,1415736.7
2025-03-22 20:00:00+00:00,1.0296,1.0382,1.0097,1.0138,3535221.8
2025-03-23 00:00:00+00:00,1.0138,1.0348,1.0107,1.0348,2362387.9
2025-03-23 04:00:00+00:00,1.0348,1.0364,1.0102,1.0288,1392623.4
2025-03-23 08:00:00+00:00,1.0288,1.0518,1.0269,1.0394,3842900.2
2025-03-23 12:00:00+00:00,1.0394,1.0559,1.0201,1.0342,4833305.0
2025-03-23 16:00:00+00:00,1.0342,1.0343,1.0184,1.028,2230707.7
2025-03-23 20:00:00+00:00,1.028,1.039,1.0202,1.0387,1090172.7
2025-03-24 00:00:00+00:00,1.0387,1.0613,1.0148,1.0442,3947680.6
2025-03-24 04:00:00+00:00,1.0442,1.0749,1.0441,1.0651,4356330.7
2025-03-24 08:00:00+00:00,1.0651,1.0796,1.0572,1.0589,3141405.1
2025-03-24 12:00:00+00:00,1.0589,1.0883,1.0547,1.0842,4205196.4
2025-03-24 16:00:00+00:00,1.0842,1.0869,1.065,1.0733,3029600.4
2025-03-24 20:00:00+00:00,1.0733,1.0833,1.0617,1.0727,1917563.5
2025-03-25 00:00:00+00:00,1.0727,1.0851,1.0473,1.0497,1581387.0
2025-03-25 04:00:00+00:00,1.0497,1.064,1.0461,1.0563,1336885.7
2025-03-25 08:00:00+00:00,1.0563,1.0978,1.0558,1.0741,2510237.2
2025-03-25 12:00:00+00:00,1.0741,1.0806,1.0522,1.0606,2853832.4
2025-03-25 16:00:00+00:00,1.0606,1.0698,1.0451,1.0655,5150915.0
2025-03-25 20:00:00+00:00,1.0655,1.0694,1.0488,1.0584,1264722.5
2025-03-26 00:00:00+00:00,1.0584,1.0754,1.0425,1.046,1500107.2
2025-03-26 04:00:00+00:00,1.046,1.0874,1.0437,1.0833,2746904.0
2025-03-26 08:00:00+00:00,1.0833,1.0868,1.0665,1.0699,2790856.4
2025-03-26 12:00:00+00:00,1.0699,1.0756,1.0183,1.031,5267430.9
2025-03-26 16:00:00+00:00,1.031,1.0405,1.0029,1.0175,4199467.6
2025-03-26 20:00:00+00:00,1.0175,1.0329,1.011,1.0221,1833533.0
2025-03-27 00:00:00+00:00,1.0221,1.0629,1.0204,1.0533,1694863.9
2025-03-27 04:00:00+00:00,1.0533,1.0618,1.0472,1.055,1065582.2
2025-03-27 08:00:00+00:00,1.055,1.0619,1.026,1.029,1781353.2
2025-03-27 12:00:00+00:00,1.029,1.0422,1.0142,1.0289,3068986.0
2025-03-27 16:00:00+00:00,1.0289,1.0328,1.0117,1.0164,1768693.7
2025-03-27 20:00:00+00:00,1.0164,1.0345,1.0132,1.0134,1169495.6
2025-03-28 00:00:00+00:00,1.0134,1.0296,1.006,1.0137,1287138.3
2025-03-28 04:00:00+00:00,1.0137,1.0166,0.9437,0.9474,6341808.4
2025-03-28 08:00:00+00:00,0.9474,0.9567,0.9219,0.9359,3615605.4
2025-03-28 12:00:00+00:00,0.9359,0.9394,0.9153,0.9201,3550427.7
2025-03-28 16:00:00+00:00,0.9201,0.9239,0.9061,0.912,2004004.1
2025-03-28 20:00:00+00:00,0.912,0.9302,0.9051,0.9274,1665581.7
2025-03-29 00:00:00+00:00,0.9274,0.9549,0.9215,0.9424,3430898.7
2025-03-29 04:00:00+00:00,0.9424,0.9454,0.8873,0.892,3449929.3
2025-03-29 08:00:00+00:00,0.892,0.901,0.8728,0.8799,3380400.4
2025-03-29 12:00:00+00:00,0.8799,0.898,0.8764,0.8804,2051221.5
2025-03-29 16:00:00+00:00,0.8804,0.8825,0.8546,0.8752,3045237.7
2025-03-29 20:00:00+00:00,0.8752,0.8765,0.8618,0.8727,930248.3
2025-03-30 00:00:00+00:00,0.8727,0.8832,0.8619,0.8686,1731051.1
2025-03-30 04:00:00+00:00,0.8686,0.8825,0.8655,0.8676,1388411.4
2025-03-30 08:00:00+00:00,0.8676,0.8809,0.8611,0.868,1646349.2
2025-03-30 12:00:00+00:00,0.868,0.8739,0.8501,0.8646,2355193.7
2025-03-30 16:00:00+00:00,0.8646,0.8762,0.846,0.8683,2328522.1
2025-03-30 20:00:00+00:00,0.8683,0.8724,0.842,0.8576,1785138.3
2025-03-31 00:00:00+00:00,0.8576,0.8669,0.8377,0.8483,2509561.2
2025-03-31 04:00:00+00:00,0.8483,0.8656,0.8431,0.8484,5396609.0
2025-03-31 08:00:00+00:00,0.8484,0.8626,0.8389,0.859,2822422.4
2025-03-31 12:00:00+00:00,0.859,0.8784,0.8403,0.8653,5060651.2
2025-03-31 16:00:00+00:00,0.8653,0.8759,0.8523,0.8645,2726205.3
2025-03-31 20:00:00+00:00,0.8645,0.881,0.8613,0.8731,1431957.8
2025-04-01 00:00:00+00:00,0.8731,0.8949,0.8697,0.887,2190140.7
2025-04-01 04:00:00+00:00,0.887,0.9007,0.882,0.8973,1604357.8
2025-04-01 08:00:00+00:00,0.8973,0.9171,0.8834,0.8885,3972772.0
2025-04-01 12:00:00+00:00,0.8885,0.9187,0.8737,0.9085,4106188.6
2025-04-01 16:00:00+00:00,0.9085,0.9133,0.8898,0.8992,2248775.8
2025-04-01 20:00:00+00:00,0.8992,0.9061,0.8929,0.8984,1402899.1
2025-04-02 00:00:00+00:00,0.8984,0.8993,0.8668,0.8782,2341544.9
2025-04-02 04:00:00+00:00,0.8782,0.882,0.8542,0.8638,2400923.2
2025-04-02 08:00:00+00:00,0.8638,0.8831,0.8593,0.8671,2045509.9
2025-04-02 12:00:00+00:00,0.8671,0.8975,0.8583,0.8874,4390426.6
2025-04-02 16:00:00+00:00,0.8874,0.8929,0.8662,0.883,1994958.5
2025-04-02 20:00:00+00:00,0.883,0.9055,0.8038,0.8096,7932260.7
2025-04-03 00:00:00+00:00,0.8096,0.8454,0.808,0.8372,1685724.6
2025-04-03 04:00:00+00:00,0.8372,0.8441,0.8187,0.8258,1847787.2
2025-04-03 08:00:00+00:00,0.8258,0.8355,0.8035,0.8108,2686486.5
2025-04-03 12:00:00+00:00,0.8108,0.8131,0.776,0.7966,5184374.3
2025-04-03 16:00:00+00:00,0.7966,0.8142,0.7933,0.8099,1531490.8
2025-04-03 20:00:00+00:00,0.8099,0.8356,0.8065,0.8319,2034015.8
2025-04-04 00:00:00+00:00,0.8319,0.8374,0.8202,0.8308,1952365.1
2025-04-04 04:00:00+00:00,0.8308,0.8498,0.8229,0.8478,2405989.0
2025-04-04 08:00:00+00:00,0.8478,0.8572,0.8014,0.8146,4244251.0
2025-04-04 12:00:00+00:00,0.8146,0.8494,0.8067,0.8285,6885150.6
2025-04-04 16:00:00+00:00,0.8285,0.8445,0.8204,0.8349,3460477.9
2025-04-04 20:00:00+00:00,0.8349,0.8472,0.8327,0.8371,1459840.6
2025-04-05 00:00:00+00:00,0.8371,0.8438,0.8328,0.8349,664702.7
2025-04-05 04:00:00+00:00,0.8349,0.8428,0.832,0.8411,587216.1
2025-04-05 08:00:00+00:00,0.8411,0.8472,0.838,0.8397,627565.0
2025-04-05 12:00:00+00:00,0.8397,0.8409,0.8179,0.8214,1506979.4
2025-04-05 16:00:00+00:00,0.8214,0.8284,0.8187,0.8199,1092906.2
2025-04-05 20:00:00+00:00,0.8199,0.8269,0.8146,0.8244,717709.3
2025-04-06 00:00:00+00:00,0.8244,0.8283,0.8149,0.8177,745537.0
2025-04-06 04:00:00+00:00,0.8177,0.8249,0.8072,0.8103,1199739.4
2025-04-06 08:00:00+00:00,0.8103,0.8143,0.7974,0.8003,1412623.7
2025-04-06 12:00:00+00:00,0.8003,0.8051,0.7774,0.7866,6541423.5
2025-04-06 16:00:00+00:00,0.7866,0.7878,0.7056,0.7163,15529721.1
2025-04-06 20:00:00+00:00,0.7163,0.7202,0.6703,0.693,9301202.1
2025-04-07 00:00:00+00:00,0.693,0.7062,0.6532,0.667,7234049.3
2025-04-07 04:00:00+00:00,0.667,0.6828,0.616,0.643,12927780.6
2025-04-07 08:00:00+00:00,0.643,0.6834,0.6399,0.666,6675859.4
2025-04-07 12:00:00+00:00,0.666,0.7424,0.6605,0.6984,18928333.7
2025-04-07 16:00:00+00:00,0.6984,0.7071,0.6808,0.6863,5920622.8
2025-04-07 20:00:00+00:00,0.6863,0.7045,0.6863,0.6919,2494368.6
2025-04-08 00:00:00+00:00,0.6919,0.7149,0.6864,0.6958,3630035.9
2025-04-08 04:00:00+00:00,0.6958,0.7026,0.6723,0.6785,4018513.8
2025-04-08 08:00:00+00:00,0.6785,0.6833,0.663,0.6781,5900818.3
2025-04-08 12:00:00+00:00,0.6781,0.6806,0.6418,0.6453,10023106.2
2025-04-08 16:00:00+00:00,0.6453,0.6463,0.6158,0.6234,12683836.0
2025-04-08 20:00:00+00:00,0.6234,0.6339,0.6164,0.6283,5696877.6
2025-04-09 00:00:00+00:00,0.6283,0.6519,0.6104,0.6368,9811810.8
2025-04-09 04:00:00+00:00,0.6368,0.6622,0.6277,0.6569,7665696.7
2025-04-09 08:00:00+00:00,0.6569,0.6681,0.6431,0.6481,6527671.7
2025-04-09 12:00:00+00:00,0.6481,0.6788,0.6422,0.6597,8486461.2
2025-04-09 16:00:00+00:00,0.6597,0.7372,0.6581,0.7268,15274231.7
2025-04-09 20:00:00+00:00,0.7268,0.741,0.7267,0.7392,3551628.2
2025-04-10 00:00:00+00:00,0.7392,0.7396,0.709,0.7213,4425502.3
2025-04-10 04:00:00+00:00,0.7213,0.7373,0.7176,0.7232,3384417.4
2025-04-10 08:00:00+00:00,0.7232,0.7242,0.7134,0.7211,2334044.3
2025-04-10 12:00:00+00:00,0.7211,0.7405,0.6893,0.6959,7131143.4
2025-04-10 16:00:00+00:00,0.6959,0.7089,0.689,0.7036,5150770.0
2025-04-10 20:00:00+00:00,0.7036,0.7184,0.703,0.7125,1749172.9
2025-04-11 00:00:00+00:00,0.7125,0.7245,0.7036,0.7239,3527778.5
2025-04-11 04:00:00+00:00,0.7239,0.7316,0.7185,0.7217,2171739.4
2025-04-11 08:00:00+00:00,0.7217,0.7331,0.7152,0.7208,3430980.3
2025-04-11 12:00:00+00:00,0.7208,0.7341,0.7152,0.7319,4311590.3
2025-04-11 16:00:00+00:00,0.7319,0.7408,0.7232,0.7296,2609216.7
2025-04-11 20:00:00+00:00,0.7296,0.7392,0.7272,0.7306,1819574.5
2025-04-12 00:00:00+00:00,0.7306,0.7337,0.7184,0.7237,2150817.5
2025-04-12 04:00:00+00:00,0.7237,0.7388,0.719,0.7382,1725272.2
2025-04-12 08:00:00+00:00,0.7382,0.7523,0.7371,0.744,2616562.1
2025-04-12 12:00:00+00:00,0.744,0.7686,0.7396,0.7576,5713550.9
2025-04-12 16:00:00+00:00,0.7576,0.7661,0.7512,0.7565,2669880.9
2025-04-12 20:00:00+00:00,0.7565,0.7664,0.7539,0.7554,2358621.8
2025-04-13 00:00:00+00:00,0.7554,0.7637,0.7422,0.7443,2744477.7
2025-04-13 04:00:00+00:00,0.7443,0.7465,0.7333,0.7392,2416892.7
2025-04-13 08:00:00+00:00,0.7392,0.7519,0.7353,0.7389,2136935.6
2025-04-13 12:00:00+00:00,0.7389,0.744,0.7201,0.7295,3183165.7
2025-04-13 16:00:00+00:00,0.7295,0.7746,0.7122,0.7238,7883813.7
2025-04-13 20:00:00+00:00,0.7238,0.7351,0.7027,0.7202,4441284.8
2025-04-14 00:00:00+00:00,0.7202,0.7615,0.7171,0.737,3250622.9
2025-04-14 04:00:00+00:00,0.737,0.7538,0.7283,0.7409,2402859.8
2025-04-14 08:00:00+00:00,0.7409,0.7904,0.7315,0.7823,10848791.1
2025-04-14 12:00:00+00:00,0.7823,0.7846,0.7116,0.7149,11749014.9
2025-04-14 16:00:00+00:00,0.7149,0.7257,0.7036,0.7151,6463134.9
2025-04-14 20:00:00+00:00,0.7151,0.7195,0.6996,0.7064,3533406.1
2025-04-15 00:00:00+00:00,0.7064,0.7261,0.6965,0.7231,4546288.8
2025-04-15 04:00:00+00:00,0.7231,0.7314,0.7136,0.7248,3989813.2
2025-04-15 08:00:00+00:00,0.7248,0.7255,0.6911,0.7026,6586626.6
2025-04-15 12:00:00+00:00,0.7026,0.7182,0.6843,0.6923,6779842.3
2025-04-15 16:00:00+00:00,0.6923,0.6929,0.6763,0.6855,3433051.7
2025-04-15 20:00:00+00:00,0.6855,0.6906,0.6786,0.6845,1966761.5
2025-04-16 00:00:00+00:00,0.6845,0.6996,0.6769,0.692,3082178.4
2025-04-16 04:00:00+00:00,0.692,0.6921,0.6669,0.6689,3190180.8
2025-04-16 08:00:00+00:00,0.6689,0.6815,0.6646,0.675,2816202.8
2025-04-16 12:00:00+00:00,0.675,0.6871,0.6637,0.6757,4575155.4
2025-04-16 16:00:00+00:00,0.6757,0.6907,0.6545,0.6865,6969763.8
2025-04-16 20:00:00+00:00,0.6865,0.6932,0.68,0.6847,2270767.4
2025-04-17 00:00:00+00:00,0.6847,0.6916,0.6806,0.6899,1561007.5
2025-04-17 04:00:00+00:00,0.6899,0.709,0.6875,0.7026,3049079.0
2025-04-17 08:00:00+00:00,0.7026,0.7035,0.6851,0.6861,2669870.2
2025-04-17 12:00:00+00:00,0.6861,0.6938,0.6686,0.6821,4600789.9
2025-04-17 16:00:00+00:00,0.6821,0.6989,0.6773,0.6846,4542928.7
2025-04-17 20:00:00+00:00,0.6846,0.6916,0.6805,0.6827,1752247.8
2025-04-18 00:00:00+00:00,0.6827,0.6887,0.6739,0.6873,1372544.5
2025-04-18 04:00:00+00:00,0.6873,0.6958,0.6824,0.6955,1180019.3
2025-04-18 08:00:00+00:00,0.6955,0.7002,0.689,0.6923,2339408.7
2025-04-18 12:00:00+00:00,0.6923,0.6987,0.6842,0.6886,2074130.1
2025-04-18 16:00:00+00:00,0.6886,0.697,0.6874,0.6953,1136393.5
2025-04-18 20:00:00+00:00,0.6953,0.6991,0.6926,0.6989,881471.0
2025-04-19 00:00:00+00:00,0.6989,0.7083,0.6954,0.7048,2196272.6
2025-04-19 04:00:00+00:00,0.7048,0.7118,0.6967,0.7022,2235656.7
2025-04-19 08:00:00+00:00,0.7022,0.7037,0.6911,0.6938,1200936.5
2025-04-19 12:00:00+00:00,0.6938,0.7062,0.6915,0.7027,1776379.5
2025-04-19 16:00:00+00:00,0.7027,0.7201,0.6996,0.7113,2694455.5
2025-04-19 20:00:00+00:00,0.7113,0.718,0.7081,0.7097,1275632.7
2025-04-20 00:00:00+00:00,0.7097,0.7185,0.7061,0.7173,1354432.3
2025-04-20 04:00:00+00:00,0.7173,0.7262,0.7103,0.712,2521905.2
2025-04-20 08:00:00+00:00,0.712,0.7141,0.6995,0.7011,2278171.8
2025-04-20 12:00:00+00:00,0.7011,0.7092,0.6986,0.7021,1240252.3
2025-04-20 16:00:00+00:00,0.7021,0.7186,0.7007,0.7182,1388082.9
2025-04-20 20:00:00+00:00,0.7182,0.7264,0.7127,0.7156,1231009.6
2025-04-21 00:00:00+00:00,0.7156,0.7472,0.7146,0.7351,3831580.8
2025-04-21 04:00:00+00:00,0.7351,0.7489,0.7314,0.7487,1962131.4
2025-04-21 08:00:00+00:00,0.7487,0.7509,0.7305,0.7356,2497695.5
2025-04-21 12:00:00+00:00,0.7356,0.7465,0.7275,0.7327,4313655.6
2025-04-21 16:00:00+00:00,0.7327,0.7339,0.704,0.7166,4400325.9
2025-04-21 20:00:00+00:00,0.7166,0.7188,0.7078,0.7129,1080916.3
2025-04-22 00:00:00+00:00,0.7129,0.7225,0.6944,0.7084,4107770.1
2025-04-22 04:00:00+00:00,0.7084,0.7248,0.6928,0.7202,3374471.7
2025-04-22 08:00:00+00:00,0.7202,0.7378,0.7193,0.7309,4911634.5
2025-04-22 12:00:00+00:00,0.7309,0.773,0.7264,0.7613,9085442.5
2025-04-22 16:00:00+00:00,0.7613,0.7672,0.7516,0.7596,2736369.4
2025-04-22 20:00:00+00:00,0.7596,0.7858,0.7565,0.7824,3012587.8
2025-04-23 00:00:00+00:00,0.7824,0.8131,0.7793,0.81,3811696.7
2025-04-23 04:00:00+00:00,0.81,0.8197,0.798,0.8117,3836104.1
2025-04-23 08:00:00+00:00,0.8117,0.823,0.7965,0.8164,4599622.3
2025-04-23 12:00:00+00:00,0.8164,0.8277,0.791,0.8123,9309579.5
2025-04-23 16:00:00+00:00,0.8123,0.8202,0.8005,0.805,3589558.7
2025-04-23 20:00:00+00:00,0.805,0.8196,0.8037,0.8116,1643049.4
2025-04-24 00:00:00+00:00,0.8116,0.8216,0.7948,0.7957,2609796.5
2025-04-24 04:00:00+00:00,0.7957,0.8169,0.7913,0.7967,2491831.8
2025-04-24 08:00:00+00:00,0.7967,0.8144,0.7835,0.8114,3611225.6
2025-04-24 12:00:00+00:00,0.8114,0.8518,0.8042,0.8397,8090685.2
2025-04-24 16:00:00+00:00,0.8397,0.8498,0.8184,0.8362,3537434.6
2025-04-24 20:00:00+00:00,0.8362,0.8438,0.8282,0.8372,1868746.8
2025-04-25 00:00:00+00:00,0.8372,0.8484,0.8115,0.8305,2801084.1
2025-04-25 04:00:00+00:00,0.8305,0.8537,0.8253,0.8533,2598121.2
2025-04-25 08:00:00+00:00,0.8533,0.8622,0.8391,0.8524,3754665.9
2025-04-25 12:00:00+00:00,0.8524,0.8678,0.8334,0.8521,6463411.1
2025-04-25 16:00:00+00:00,0.8521,0.8662,0.8411,0.8528,2914022.1
2025-04-25 20:00:00+00:00,0.8528,0.8635,0.8452,0.8534,1037567.9
2025-04-26 00:00:00+00:00,0.8534,0.8806,0.8534,0.8652,2597501.0
2025-04-26 04:00:00+00:00,0.8652,0.8786,0.8502,0.8672,1731646.7
2025-04-26 08:00:00+00:00,0.8672,0.8866,0.85,0.8538,4353161.1
2025-04-26 12:00:00+00:00,0.8538,0.8618,0.84,0.859,3812328.4
2025-04-26 16:00:00+00:00,0.859,0.8632,0.8506,0.8622,1283828.6
2025-04-26 20:00:00+00:00,0.8622,0.8692,0.8574,0.8685,1433844.5
2025-04-27 00:00:00+00:00,0.8685,0.9006,0.8564,0.8621,4764266.1
2025-04-27 04:00:00+00:00,0.8621,0.8656,0.8386,0.8546,2531298.8
2025-04-27 08:00:00+00:00,0.8546,0.8593,0.8488,0.8521,1653372.3
2025-04-27 12:00:00+00:00,0.8521,0.8541,0.8311,0.8423,2927647.4
2025-04-27 16:00:00+00:00,0.8423,0.8499,0.8322,0.8494,1205135.3
2025-04-27 20:00:00+00:00,0.8494,0.8503,0.8329,0.8347,870515.8
2025-04-28 00:00:00+00:00,0.8347,0.8449,0.8112,0.844,3657530.5
2025-04-28 04:00:00+00:00,0.844,0.8687,0.8434,0.8661,2651858.4
2025-04-28 08:00:00+00:00,0.8661,0.8749,0.8515,0.868,3757992.3
2025-04-28 12:00:00+00:00,0.868,0.8686,0.815,0.8229,4557182.1
2025-04-28 16:00:00+00:00,0.8229,0.8503,0.8117,0.8469,2854864.9
2025-04-28 20:00:00+00:00,0.8469,0.8481,0.8338,0.8393,1536359.1
2025-04-29 00:00:00+00:00,0.8393,0.8466,0.8336,0.8452,1196365.0
2025-04-29 04:00:00+00:00,0.8452,0.8682,0.833,0.8534,2877890.7
2025-04-29 08:00:00+00:00,0.8534,0.866,0.8444,0.8568,5719458.2
2025-04-29 12:00:00+00:00,0.8568,0.8575,0.8341,0.8431,3110540.8
2025-04-29 16:00:00+00:00,0.8431,0.8563,0.8417,0.8482,1838682.4
2025-04-29 20:00:00+00:00,0.8482,0.8507,0.8137,0.8263,2176595.9
2025-04-30 00:00:00+00:00,0.8263,0.8369,0.8177,0.8291,1132765.9
2025-04-30 04:00:00+00:00,0.8291,0.8335,0.8216,0.8269,976765.1
2025-04-30 08:00:00+00:00,0.8269,0.8389,0.8226,0.8388,1194440.7
2025-04-30 12:00:00+00:00,0.8388,0.8409,0.7891,0.8197,6235077.3
2025-04-30 16:00:00+00:00,0.8197,0.834,0.8004,0.8309,3392951.1
2025-04-30 20:00:00+00:00,0.8309,0.8486,0.8285,0.8296,2401011.3
2025-05-01 00:00:00+00:00,0.8296,0.8486,0.8285,0.835,1086213.6
2025-05-01 04:00:00+00:00,0.835,0.846,0.8313,0.8382,1043003.0
2025-05-01 08:00:00+00:00,0.8382,0.8637,0.8366,0.86,2911774.2
2025-05-01 12:00:00+00:00,0.86,0.8731,0.8412,0.8616,4282714.1
2025-05-01 16:00:00+00:00,0.8616,0.8745,0.8566,0.8598,2050380.8
2025-05-01 20:00:00+00:00,0.8598,0.8664,0.8494,0.8566,1358722.2
2025-05-02 00:00:00+00:00,0.8566,0.87,0.8531,0.8595,949687.4
2025-05-02 04:00:00+00:00,0.8595,0.8621,0.8427,0.844,1294076.8
2025-05-02 08:00:00+00:00,0.844,0.8553,0.8401,0.8485,1355058.4
2025-05-02 12:00:00+00:00,0.8485,0.8679,0.8443,0.8552,3060999.7
2025-05-02 16:00:00+00:00,0.8552,0.8774,0.8446,0.8495,2906709.5
2025-05-02 20:00:00+00:00,0.8495,0.8615,0.8473,0.8598,941979.0
2025-05-03 00:00:00+00:00,0.8598,0.8612,0.8443,0.8487,683625.2
2025-05-03 04:00:00+00:00,0.8487,0.8531,0.8355,0.8367,1004553.3
2025-05-03 08:00:00+00:00,0.8367,0.8367,0.8179,0.8186,1852561.7
2025-05-03 12:00:00+00:00,0.8186,0.8311,0.8185,0.8215,1650003.0
2025-05-03 16:00:00+00:00,0.8215,0.8252,0.8014,0.824,3028488.4
2025-05-03 20:00:00+00:00,0.824,0.8339,0.8187,0.8218,2064756.1
2025-05-04 00:00:00+00:00,0.8218,0.8331,0.81,0.8166,2289698.9
2025-05-04 04:00:00+00:00,0.8166,0.8314,0.811,0.8228,1462514.2
2025-05-04 08:00:00+00:00,0.8228,0.8228,0.8082,0.8156,1313252.9
2025-05-04 12:00:00+00:00,0.8156,0.8178,0.8034,0.8104,1158603.1
2025-05-04 16:00:00+00:00,0.8104,0.8129,0.7969,0.8014,1365106.2
2025-05-04 20:00:00+00:00,0.8014,0.8096,0.793,0.7983,1636333.6
2025-05-05 00:00:00+00:00,0.7983,0.8075,0.7901,0.7986,1669275.0
2025-05-05 04:00:00+00:00,0.7986,0.8181,0.7976,0.8159,1433198.5
2025-05-05 08:00:00+00:00,0.8159,0.8248,0.796,0.7987,2579142.3
2025-05-05 12:00:00+00:00,0.7987,0.8062,0.789,0.7944,2723340.3
2025-05-05 16:00:00+00:00,0.7944,0.805,0.785,0.7896,2828347.8
2025-05-05 20:00:00+00:00,0.7896,0.794,0.772,0.7846,2733231.6
2025-05-06 00:00:00+00:00,0.7846,0.7881,0.7674,0.7822,1888279.2
2025-05-06 04:00:00+00:00,0.7822,0.7858,0.7743,0.7774,958555.7
2025-05-06 08:00:00+00:00,0.7774,0.7774,0.746,0.7528,5002402.3
2025-05-06 12:00:00+00:00,0.7528,0.7659,0.7433,0.7511,4147978.7
2025-05-06 16:00:00+00:00,0.7511,0.7694,0.7448,0.7585,3036687.4
2025-05-06 20:00:00+00:00,0.7585,0.7791,0.7403,0.7775,3916414.7
2025-05-07 00:00:00+00:00,0.7775,0.7912,0.7716,0.7803,2600300.1
2025-05-07 04:00:00+00:00,0.7803,0.7913,0.7747,0.791,1638624.9
2025-05-07 08:00:00+00:00,0.791,0.8002,0.7864,0.7878,2348726.1
2025-05-07 12:00:00+00:00,0.7878,0.7891,0.7675,0.7681,3377189.1
2025-05-07 16:00:00+00:00,0.7681,0.7731,0.7536,0.7602,4288228.3
2025-05-07 20:00:00+00:00,0.7602,0.7869,0.7567,0.7799,1973921.2
2025-05-08 00:00:00+00:00,0.7799,0.832,0.779,0.8313,3390523.2
2025-05-08 04:00:00+00:00,0.8313,0.8516,0.828,0.8458,3659649.5
2025-05-08 08:00:00+00:00,0.8458,0.8677,0.8457,0.8629,4506917.5
2025-05-08 12:00:00+00:00,0.8629,0.9184,0.8545,0.9081,9559201.0
2025-05-08 16:00:00+00:00,0.9081,0.9241,0.8925,0.921,4528694.4
2025-05-08 20:00:00+00:00,0.921,0.9659,0.9112,0.9649,6278676.6
2025-05-09 00:00:00+00:00,0.9649,0.9811,0.9501,0.9608,4615889.9
2025-05-09 04:00:00+00:00,0.9608,1.0472,0.9566,1.033,9109637.3
2025-05-09 08:00:00+00:00,1.033,1.0705,1.0021,1.0253,11571589.7
2025-05-09 12:00:00+00:00,1.0253,1.0385,0.9929,1.0104,7032708.3
2025-05-09 16:00:00+00:00,1.0104,1.0385,0.9964,1.0139,10359827.6
2025-05-09 20:00:00+00:00,1.0139,1.0317,1.0108,1.0307,2028439.7
2025-05-10 00:00:00+00:00,1.0307,1.0492,1.0122,1.0326,2818900.0
2025-05-10 04:00:00+00:00,1.0326,1.071,1.0156,1.0658,5336866.6
2025-05-10 08:00:00+00:00,1.0658,1.084,1.032,1.0373,8293345.8
2025-05-10 12:00:00+00:00,1.0373,1.0758,1.0365,1.054,7922956.7
2025-05-10 16:00:00+00:00,1.054,1.1005,1.0513,1.0961,9220313.2
2025-05-10 20:00:00+00:00,1.0961,1.1787,1.0829,1.1623,9249684.5
2025-05-11 00:00:00+00:00,1.1623,1.1775,1.1115,1.1426,6160299.9
2025-05-11 04:00:00+00:00,1.1426,1.1529,1.0861,1.1013,4346543.1
2025-05-11 08:00:00+00:00,1.1013,1.1269,1.0883,1.121,2599444.5
2025-05-11 12:00:00+00:00,1.121,1.122,1.0759,1.0885,4546328.7
2025-05-11 16:00:00+00:00,1.0885,1.1098,1.0715,1.0991,6209059.5
2025-05-11 20:00:00+00:00,1.0991,1.1101,1.0827,1.0968,1892797.7
2025-05-12 00:00:00+00:00,1.0968,1.1188,1.074,1.1086,4267845.3
2025-05-12 04:00:00+00:00,1.1086,1.1654,1.0798,1.1221,6759694.5
2025-05-12 08:00:00+00:00,1.1221,1.1328,1.0882,1.0922,4495543.0
2025-05-12 12:00:00+00:00,1.0922,1.1263,1.0625,1.0749,8348034.2
2025-05-12 16:00:00+00:00,1.0749,1.097,1.0265,1.0688,7130489.2
2025-05-12 20:00:00+00:00,1.0688,1.0845,1.0595,1.0776,1791222.5
2025-05-13 00:00:00+00:00,1.0776,1.0814,1.0136,1.0149,3378544.2
2025-05-13 04:00:00+00:00,1.0149,1.0578,1.0108,1.0468,2639321.0
2025-05-13 08:00:00+00:00,1.0468,1.0636,1.0419,1.0625,2024837.7
2025-05-13 12:00:00+00:00,1.0625,1.098,1.0533,1.0962,5911907.4
2025-05-13 16:00:00+00:00,1.0962,1.1685,1.0918,1.1494,7382221.7
2025-05-13 20:00:00+00:00,1.1494,1.1645,1.1271,1.1506,5007285.6
2025-05-14 00:00:00+00:00,1.1506,1.1756,1.1163,1.1331,5212395.4
2025-05-14 04:00:00+00:00,1.1331,1.1531,1.1197,1.122,2156918.8
2025-05-14 08:00:00+00:00,1.122,1.1265,1.0847,1.103,4930178.8
2025-05-14 12:00:00+00:00,1.103,1.1073,1.0612,1.075,4011696.2
2025-05-14 16:00:00+00:00,1.075,1.0772,1.0509,1.0704,2532134.4
2025-05-14 20:00:00+00:00,1.0704,1.0744,1.0494,1.0601,1430850.9
2025-05-15 00:00:00+00:00,1.0601,1.0769,1.0361,1.0379,2513081.9
2025-05-15 04:00:00+00:00,1.0379,1.0467,0.9882,0.9944,3523558.1
2025-05-15 08:00:00+00:00,0.9944,1.0212,0.9785,1.0003,3832934.7
2025-05-15 12:00:00+00:00,1.0003,1.0215,0.9667,1.019,7094117.0
2025-05-15 16:00:00+00:00,1.019,1.0438,0.9801,0.9912,6304163.7
2025-05-15 20:00:00+00:00,0.9912,1.0005,0.9583,0.9865,4954514.3
2025-05-16 00:00:00+00:00,0.9865,1.0064,0.9759,1.0025,3321982.4
2025-05-16 04:00:00+00:00,1.0025,1.0084,0.9861,1.0013,2555706.0
2025-05-16 08:00:00+00:00,1.0013,1.0148,0.9749,0.9972,4037106.2
2025-05-16 12:00:00+00:00,0.9972,1.0028,0.9765,0.9871,3724648.8
2025-05-16 16:00:00+00:00,0.9871,0.9932,0.9667,0.9834,2172905.9
2025-05-16 20:00:00+00:00,0.9834,0.9841,0.9484,0.961,2949146.2
2025-05-17 00:00:00+00:00,0.961,0.9637,0.924,0.9469,4656499.3
2025-05-17 04:00:00+00:00,0.9469,0.9542,0.9323,0.9434,2028431.8
2025-05-17 08:00:00+00:00,0.9434,0.946,0.926,0.9344,3465174.1
2025-05-17 12:00:00+00:00,0.9344,0.9402,0.9173,0.9289,3037484.1
2025-05-17 16:00:00+00:00,0.9289,0.9326,0.9089,0.9143,3544896.2
2025-05-17 20:00:00+00:00,0.9143,0.9312,0.9008,0.912,2354054.4
2025-05-18 00:00:00+00:00,0.912,0.9198,0.9003,0.906,1691960.6
2025-05-18 04:00:00+00:00,0.906,0.9415,0.9049,0.94,2520501.8
2025-05-18 08:00:00+00:00,0.94,0.9569,0.9213,0.9223,3649646.9
2025-05-18 12:00:00+00:00,0.9223,0.9776,0.9128,0.9705,6965055.3
2025-05-18 16:00:00+00:00,0.9705,0.973,0.8735,0.878,11578749.0
2025-05-18 20:00:00+00:00,0.878,0.9472,0.8565,0.9414,10033640.3
2025-05-19 00:00:00+00:00,0.9414,0.9513,0.8733,0.8756,4297161.1
2025-05-19 04:00:00+00:00,0.8756,0.8899,0.8569,0.8802,4838146.5
2025-05-19 08:00:00+00:00,0.8802,0.888,0.8629,0.8736,3518247.2
2025-05-19 12:00:00+00:00,0.8736,0.8953,0.8586,0.887,5278074.2
2025-05-19 16:00:00+00:00,0.887,0.9219,0.8793,0.8959,4832480.4
2025-05-19 20:00:00+00:00,0.8959,0.9019,0.8855,0.8984,2210390.0
2025-05-20 00:00:00+00:00,0.8984,0.9277,0.8902,0.9051,4327379.1
2025-05-20 04:00:00+00:00,0.9051,0.9127,0.8731,0.8805,4496183.9
2025-05-20 08:00:00+00:00,0.8805,0.8845,0.8469,0.8599,5081762.4
2025-05-20 12:00:00+00:00,0.8599,0.8696,0.8502,0.8681,3818809.8
2025-05-20 16:00:00+00:00,0.8681,0.8797,0.8489,0.874,4158438.3
2025-05-20 20:00:00+00:00,0.874,0.8892,0.8627,0.8687,3394753.0
2025-05-21 00:00:00+00:00,0.8687,0.9048,0.8615,0.8974,3744053.7
2025-05-21 04:00:00+00:00,0.8974,0.9298,0.8894,0.903,6157826.6
2025-05-21 08:00:00+00:00,0.903,0.9082,0.8828,0.8925,4581317.2
2025-05-21 12:00:00+00:00,0.8925,0.9122,0.875,0.9081,8261841.9
2025-05-21 16:00:00+00:00,0.9081,0.9423,0.8674,0.8972,14879612.5
2025-05-21 20:00:00+00:00,0.8972,0.9208,0.88,0.8991,4320764.2
2025-05-22 00:00:00+00:00,0.8991,0.9546,0.8977,0.9471,5785105.8
2025-05-22 04:00:00+00:00,0.9471,0.9572,0.9319,0.948,4839072.3
2025-05-22 08:00:00+00:00,0.948,0.9737,0.9442,0.9529,7359077.7
2025-05-22 12:00:00+00:00,0.9529,0.9732,0.9372,0.9611,6600645.8
2025-05-22 16:00:00+00:00,0.9611,0.985,0.9476,0.96,6489600.0
2025-05-22 20:00:00+00:00,0.96,0.9729,0.9466,0.966,3868578.4
2025-05-23 00:00:00+00:00,0.966,1.0116,0.9554,1.0095,6297887.9
2025-05-23 04:00:00+00:00,1.0095,1.0135,0.9581,0.9606,6887203.8
2025-05-23 08:00:00+00:00,0.9606,0.9933,0.895,0.9057,11406315.0
2025-05-23 12:00:00+00:00,0.9057,0.9245,0.8723,0.8979,12980935.2
2025-05-23 16:00:00+00:00,0.8979,0.9116,0.8875,0.8958,5765901.7
2025-05-23 20:00:00+00:00,0.8958,0.8964,0.8527,0.8587,5499983.7
2025-05-24 00:00:00+00:00,0.8587,0.877,0.8523,0.8748,3811946.4
2025-05-24 04:00:00+00:00,0.8748,0.8783,0.8606,0.8684,2669991.2
2025-05-24 08:00:00+00:00,0.8684,0.8766,0.8619,0.868,2728676.5
2025-05-24 12:00:00+00:00,0.868,0.8756,0.8583,0.869,4014169.9
2025-05-24 16:00:00+00:00,0.869,0.8764,0.8602,0.8705,2375645.3
2025-05-24 20:00:00+00:00,0.8705,0.8755,0.8622,0.8723,2689596.9
2025-05-25 00:00:00+00:00,0.8723,0.8767,0.8411,0.8651,6390982.1
2025-05-25 04:00:00+00:00,0.8651,0.8675,0.8497,0.8568,2228689.6
2025-05-25 08:00:00+00:00,0.8568,0.8571,0.8381,0.849,4288474.8
2025-05-25 12:00:00+00:00,0.849,0.8589,0.8285,0.8476,3829321.4
2025-05-25 16:00:00+00:00,0.8476,0.8578,0.8366,0.8527,2347767.0
2025-05-25 20:00:00+00:00,0.8527,0.8761,0.8419,0.8741,3372196.3
2025-05-26 00:00:00+00:00,0.8741,0.8843,0.865,0.8716,3138326.2
2025-05-26 04:00:00+00:00,0.8716,0.8942,0.867,0.8913,3521649.2
2025-05-26 08:00:00+00:00,0.8913,0.8935,0.8714,0.8775,2955358.3
2025-05-26 12:00:00+00:00,0.8775,0.8879,0.8633,0.8858,3553637.3
2025-05-26 16:00:00+00:00,0.8858,0.8914,0.8673,0.8838,4149965.2
2025-05-26 20:00:00+00:00,0.8838,0.8998,0.8799,0.8841,4085131.0
2025-05-27 00:00:00+00:00,0.8841,0.8885,0.8573,0.8742,3754313.8
2025-05-27 04:00:00+00:00,0.8742,0.912,0.8656,0.9077,5431066.5
2025-05-27 08:00:00+00:00,0.9077,0.9367,0.9077,0.936,7377343.8
2025-05-27 12:00:00+00:00,0.936,0.9378,0.9034,0.9219,7633079.5
2025-05-27 16:00:00+00:00,0.9219,0.9497,0.9157,0.9278,6509191.8
2025-05-27 20:00:00+00:00,0.9278,0.9365,0.9062,0.9096,4218751.9
2025-05-28 00:00:00+00:00,0.9096,0.915,0.8921,0.9023,3154028.0
2025-05-28 04:00:00+00:00,0.9023,0.9101,0.891,0.8941,2429476.7
2025-05-28 08:00:00+00:00,0.8941,0.9302,0.8875,0.9206,5353054.2
2025-05-28 12:00:00+00:00,0.9206,0.9429,0.89,0.898,8421360.5
2025-05-28 16:00:00+00:00,0.898,0.9216,0.8795,0.8815,6628762.1
2025-05-28 20:00:00+00:00,0.8815,0.9364,0.8784,0.9357,8517087.0
2025-05-29 00:00:00+00:00,0.9357,1.0115,0.9301,0.9987,16837331.7
2025-05-29 04:00:00+00:00,0.9987,1.0024,0.9525,0.9713,12949497.6
2025-05-29 08:00:00+00:00,0.9713,0.9765,0.9552,0.9619,6876948.0
2025-05-29 12:00:00+00:00,0.9619,0.9624,0.9061,0.918,14989562.2
2025-05-29 16:00:00+00:00,0.918,0.9352,0.9135,0.9207,9370775.1
2025-05-29 20:00:00+00:00,0.9207,0.957,0.8935,0.9022,11302877.0
2025-05-30 00:00:00+00:00,0.9022,0.9161,0.8461,0.9071,15323725.8
2025-05-30 04:00:00+00:00,0.9071,1.0005,0.8964,0.9611,24506615.7
2025-05-30 08:00:00+00:00,0.9611,1.0166,0.9539,0.9737,20040521.3
2025-05-30 12:00:00+00:00,0.9737,0.9827,0.8795,0.8818,25526180.1
2025-05-30 16:00:00+00:00,0.8818,0.9026,0.8519,0.8837,15707990.3
2025-05-30 20:00:00+00:00,0.8837,0.8907,0.8032,0.8136,14911713.7
2025-05-31 00:00:00+00:00,0.8136,0.8138,0.7762,0.8037,14938489.3
2025-05-31 04:00:00+00:00,0.8037,0.8361,0.796,0.8176,8933640.2
2025-05-31 08:00:00+00:00,0.8176,0.823,0.8033,0.8083,7021620.3
2025-05-31 12:00:00+00:00,0.8083,0.8323,0.8046,0.8168,7078048.4
2025-05-31 16:00:00+00:00,0.8168,0.8598,0.8135,0.848,6243177.9
2025-05-31 20:00:00+00:00,0.848,0.8506,0.8274,0.831,3498091.9
2025-06-01 00:00:00+00:00,0.831,0.8416,0.8217,0.8318,4392685.9
2025-06-01 04:00:00+00:00,0.8318,0.8537,0.8266,0.8378,3648511.5
2025-06-01 08:00:00+00:00,0.8378,0.8619,0.8148,0.8465,7658463.5
2025-06-01 12:00:00+00:00,0.8465,0.8566,0.8384,0.8538,5799858.8
2025-06-01 16:00:00+00:00,0.8538,0.8744,0.8341,0.8494,6465510.5
2025-06-01 20:00:00+00:00,0.8494,0.863,0.8416,0.8552,2709440.6
2025-06-02 00:00:00+00:00,0.8552,0.8627,0.8287,0.8311,4071535.1
2025-06-02 04:00:00+00:00,0.8311,0.8399,0.8131,0.8362,4783916.2
2025-06-02 08:00:00+00:00,0.8362,0.8463,0.8182,0.8245,5189938.5
2025-06-02 12:00:00+00:00,0.8245,0.8489,0.8232,0.8406,6936545.9
2025-06-02 16:00:00+00:00,0.8406,0.8532,0.83,0.8353,6108853.5
2025-06-02 20:00:00+00:00,0.8353,0.8951,0.8352,0.8718,9537050.2
2025-06-03 00:00:00+00:00,0.8718,0.889,0.8575,0.8594,7674463.5
2025-06-03 04:00:00+00:00,0.8594,0.8689,0.8495,0.8603,5828102.9
2025-06-03 08:00:00+00:00,0.8603,0.8669,0.8507,0.8564,3836628.3
2025-06-03 12:00:00+00:00,0.8564,0.8948,0.8526,0.8707,13059705.5
2025-06-03 16:00:00+00:00,0.8707,0.8832,0.8623,0.877,4551215.5
2025-06-03 20:00:00+00:00,0.877,0.8795,0.84,0.8446,8517530.2
2025-06-04 00:00:00+00:00,0.8446,0.875,0.8408,0.8686,5296397.5
2025-06-04 04:00:00+00:00,0.8686,0.8724,0.855,0.8612,2579434.5
2025-06-04 08:00:00+00:00,0.8612,0.872,0.8515,0.853,4847626.8
2025-06-04 12:00:00+00:00,0.853,0.9327,0.8399,0.9093,15229096.8
2025-06-04 16:00:00+00:00,0.9093,0.9374,0.8886,0.8919,24134851.4
2025-06-04 20:00:00+00:00,0.8919,0.9064,0.8788,0.8845,7392248.5
2025-06-05 00:00:00+00:00,0.8845,0.8956,0.869,0.8766,6827804.5
2025-06-05 04:00:00+00:00,0.8766,0.8893,0.8572,0.8595,7155526.9
2025-06-05 08:00:00+00:00,0.8595,0.8643,0.8355,0.8507,10196765.6
2025-06-05 12:00:00+00:00,0.8507,0.8668,0.8313,0.8434,10433687.1
2025-06-05 16:00:00+00:00,0.8434,0.8444,0.8017,0.8169,11005568.2
2025-06-05 20:00:00+00:00,0.8169,0.8202,0.7433,0.7597,24963819.0
2025-06-06 00:00:00+00:00,0.7597,0.7746,0.7526,0.7729,8093939.3
2025-06-06 04:00:00+00:00,0.7729,0.7757,0.7615,0.766,7755382.7
2025-06-06 08:00:00+00:00,0.766,0.779,0.764,0.7719,6600364.1
2025-06-06 12:00:00+00:00,0.7719,0.7992,0.7713,0.7855,12037376.1
2025-06-06 16:00:00+00:00,0.7855,0.7906,0.7617,0.7641,8511948.2
2025-06-06 20:00:00+00:00,0.7641,0.7772,0.7624,0.7713,3424799.2
2025-06-07 00:00:00+00:00,0.7713,0.792,0.7701,0.7894,3872885.0
2025-06-07 04:00:00+00:00,0.7894,0.8019,0.7851,0.8001,4702000.4
2025-06-07 08:00:00+00:00,0.8001,0.8162,0.7974,0.8129,4066629.1
2025-06-07 12:00:00+00:00,0.8129,0.8334,0.8091,0.8278,5962040.0
2025-06-07 16:00:00+00:00,0.8278,0.8323,0.8143,0.8199,4905289.1
2025-06-07 20:00:00+00:00,0.8199,0.8317,0.8199,0.8311,1989916.2
2025-06-08 00:00:00+00:00,0.8311,0.8318,0.8202,0.8225,1920090.4
2025-06-08 04:00:00+00:00,0.8225,0.8247,0.8106,0.8131,4054793.8
2025-06-08 08:00:00+00:00,0.8131,0.8173,0.8021,0.8153,3376285.9
2025-06-08 12:00:00+00:00,0.8153,0.8275,0.8112,0.8186,3224199.6
2025-06-08 16:00:00+00:00,0.8186,0.8297,0.8147,0.8185,2671071.3
2025-06-08 20:00:00+00:00,0.8185,0.8248,0.8083,0.8117,2601246.6
2025-06-09 00:00:00+00:00,0.8117,0.818,0.801,0.8084,4813118.5
2025-06-09 04:00:00+00:00,0.8084,0.8133,0.8004,0.8128,2281240.5
2025-06-09 08:00:00+00:00,0.8128,0.8314,0.8101,0.8297,7237916.0
2025-06-09 12:00:00+00:00,0.8297,0.8383,0.8177,0.8308,4683927.7
2025-06-09 16:00:00+00:00,0.8308,0.8446,0.8308,0.8362,4472310.0
2025-06-09 20:00:00+00:00,0.8362,0.8817,0.8346,0.8791,4457538.7
2025-06-10 00:00:00+00:00,0.8791,0.8969,0.8702,0.8775,5348517.2
2025-06-10 04:00:00+00:00,0.8775,0.8834,0.8575,0.8673,5638432.7
2025-06-10 08:00:00+00:00,0.8673,0.9575,0.8604,0.9462,18467662.5
2025-06-10 12:00:00+00:00,0.9462,0.963,0.9124,0.9288,17368668.1
2025-06-10 16:00:00+00:00,0.9288,0.9692,0.9264,0.9508,11030013.3
2025-06-10 20:00:00+00:00,0.9508,0.9835,0.937,0.9832,5954390.3
2025-06-11 00:00:00+00:00,0.9832,0.9999,0.9682,0.972,6886033.4
2025-06-11 04:00:00+00:00,0.972,0.9869,0.9667,0.9739,3763585.6
2025-06-11 08:00:00+00:00,0.9739,0.9747,0.9498,0.9636,5220140.5
2025-06-11 12:00:00+00:00,0.9636,1.0078,0.9533,0.9955,11232220.4
2025-06-11 16:00:00+00:00,0.9955,1.0,0.9588,0.963,8039367.7
2025-06-11 20:00:00+00:00,0.963,0.9792,0.9418,0.9602,4940264.6
2025-06-12 00:00:00+00:00,0.9602,0.9781,0.9491,0.9585,5544277.8
2025-06-12 04:00:00+00:00,0.9585,0.9602,0.9277,0.9296,4883978.7
2025-06-12 08:00:00+00:00,0.9296,0.9442,0.9176,0.918,5674061.0
2025-06-12 12:00:00+00:00,0.918,0.9512,0.9056,0.9102,8132333.8
2025-06-12 16:00:00+00:00,0.9102,0.9392,0.8852,0.8877,7735598.6
2025-06-12 20:00:00+00:00,0.8877,0.8921,0.8603,0.8613,9467701.0
2025-06-13 00:00:00+00:00,0.8613,0.8625,0.7836,0.811,21671842.7
2025-06-13 04:00:00+00:00,0.811,0.8237,0.8038,0.8114,7896126.4
2025-06-13 08:00:00+00:00,0.8114,0.8219,0.8009,0.8141,5803399.5
2025-06-13 12:00:00+00:00,0.8141,0.8193,0.7929,0.8104,10041590.0
2025-06-13 16:00:00+00:00,0.8104,0.8273,0.7868,0.7992,9252783.0
2025-06-13 20:00:00+00:00,0.7992,0.8334,0.7965,0.8296,3922238.7
2025-06-14 00:00:00+00:00,0.8296,0.8298,0.8117,0.8129,2989277.4
2025-06-14 04:00:00+00:00,0.8129,0.8228,0.8061,0.8142,3428772.5
2025-06-14 08:00:00+00:00,0.8142,0.8159,0.8064,0.8136,1790416.5
2025-06-14 12:00:00+00:00,0.8136,0.8177,0.7954,0.8006,2945373.7
2025-06-14 16:00:00+00:00,0.8006,0.8078,0.7876,0.7972,5910828.1
2025-06-14 20:00:00+00:00,0.7972,0.8114,0.7949,0.8075,2515806.1
2025-06-15 00:00:00+00:00,0.8075,0.8162,0.8057,0.8087,1940146.5
2025-06-15 04:00:00+00:00,0.8087,0.8191,0.8049,0.8076,2324879.8
2025-06-15 08:00:00+00:00,0.8076,0.8117,0.7987,0.8098,3328393.4
2025-06-15 12:00:00+00:00,0.8098,0.827,0.8078,0.8167,3393428.9
2025-06-15 16:00:00+00:00,0.8167,0.8206,0.8023,0.8045,2945293.1
2025-06-15 20:00:00+00:00,0.8045,0.8166,0.7924,0.815,3813706.4
2025-06-16 00:00:00+00:00,0.815,0.8307,0.8037,0.8196,3646250.3
2025-06-16 04:00:00+00:00,0.8196,0.8461,0.8187,0.8408,5789443.8
2025-06-16 08:00:00+00:00,0.8408,0.8418,0.8261,0.8357,4513585.0
2025-06-16 12:00:00+00:00,0.8357,0.8593,0.831,0.8508,10365599.5
2025-06-16 16:00:00+00:00,0.8508,0.8754,0.8488,0.8688,5365253.4
2025-06-16 20:00:00+00:00,0.8688,0.8789,0.8182,0.8213,9125661.6
2025-06-17 00:00:00+00:00,0.8213,0.8461,0.8037,0.8348,6944509.6
2025-06-17 04:00:00+00:00,0.8348,0.837,0.8109,0.8139,3446532.1
2025-06-17 08:00:00+00:00,0.8139,0.815,0.7909,0.7956,4585332.9
2025-06-17 12:00:00+00:00,0.7956,0.8076,0.7796,0.7846,9464955.1
2025-06-17 16:00:00+00:00,0.7846,0.7989,0.7594,0.791,9612766.6
2025-06-17 20:00:00+00:00,0.791,0.7935,0.7648,0.7749,4485361.6
2025-06-18 00:00:00+00:00,0.7749,0.7861,0.768,0.7831,2948362.2
2025-06-18 04:00:00+00:00,0.7831,0.7945,0.7798,0.7859,2717690.9
2025-06-18 08:00:00+00:00,0.7859,0.7872,0.7505,0.763,6848356.1
2025-06-18 12:00:00+00:00,0.763,0.7696,0.7384,0.7581,8816321.3
2025-06-18 16:00:00+00:00,0.7581,0.7698,0.7477,0.7558,5676769.0
2025-06-18 20:00:00+00:00,0.7558,0.7835,0.753,0.7794,4125582.8
2025-06-19 00:00:00+00:00,0.7794,0.7919,0.7756,0.786,2933307.7
2025-06-19 04:00:00+00:00,0.786,0.79,0.7783,0.7809,1729371.5
2025-06-19 08:00:00+00:00,0.7809,0.7925,0.7747,0.7763,3960555.5
2025-06-19 12:00:00+00:00,0.7763,0.7806,0.7635,0.766,4154296.7
2025-06-19 16:00:00+00:00,0.766,0.7784,0.7584,0.7683,5003496.8
2025-06-19 20:00:00+00:00,0.7683,0.7805,0.7665,0.7766,2578246.6
2025-06-20 00:00:00+00:00,0.7766,0.781,0.7672,0.7682,2447869.3
2025-06-20 04:00:00+00:00,0.7682,0.7862,0.7593,0.7842,3077164.4
2025-06-20 08:00:00+00:00,0.7842,0.7904,0.7694,0.7768,5254350.7
2025-06-20 12:00:00+00:00,0.7768,0.793,0.7522,0.7587,8994062.8
2025-06-20 16:00:00+00:00,0.7587,0.7592,0.72,0.741,11640769.4
2025-06-20 20:00:00+00:00,0.741,0.7516,0.7234,0.729,4584915.1
2025-06-21 00:00:00+00:00,0.729,0.7443,0.729,0.7311,2841901.0
2025-06-21 04:00:00+00:00,0.7311,0.7313,0.7083,0.7148,4425108.3
2025-06-21 08:00:00+00:00,0.7148,0.7235,0.7123,0.715,4825609.5
2025-06-21 12:00:00+00:00,0.715,0.7172,0.6866,0.6962,10612098.0
2025-06-21 16:00:00+00:00,0.6962,0.6984,0.6807,0.6829,6987673.8
2025-06-21 20:00:00+00:00,0.6829,0.6965,0.658,0.6792,11743169.0
2025-06-22 00:00:00+00:00,0.6792,0.6938,0.6694,0.6755,14810489.2
2025-06-22 04:00:00+00:00,0.6755,0.6905,0.6746,0.6769,7749576.1
2025-06-22 08:00:00+00:00,0.6769,0.68,0.6608,0.6746,7409471.9
2025-06-22 12:00:00+00:00,0.6746,0.6776,0.6304,0.6459,23439693.7
2025-06-22 16:00:00+00:00,0.6459,0.6511,0.6347,0.6377,7997670.7
2025-06-22 20:00:00+00:00,0.6377,0.6563,0.618,0.6543,8212459.0
2025-06-23 00:00:00+00:00,0.6543,0.6649,0.6528,0.6555,3747062.6
2025-06-23 04:00:00+00:00,0.6555,0.6672,0.6541,0.6601,4124676.5
2025-06-23 08:00:00+00:00,0.6601,0.6635,0.6498,0.6537,3668589.6
2025-06-23 12:00:00+00:00,0.6537,0.6729,0.6441,0.6455,8753253.6
2025-06-23 16:00:00+00:00,0.6455,0.6778,0.6262,0.6742,16249750.6
2025-06-23 20:00:00+00:00,0.6742,0.7145,0.6722,0.709,10088040.7
2025-06-24 00:00:00+00:00,0.709,0.7148,0.7043,0.7102,5112813.8
2025-06-24 04:00:00+00:00,0.7102,0.7284,0.7071,0.7083,5318735.3
2025-06-24 08:00:00+00:00,0.7083,0.7194,0.7012,0.7099,6756483.4
2025-06-24 12:00:00+00:00,0.7099,0.7221,0.7035,0.7141,6655183.3
2025-06-24 16:00:00+00:00,0.7141,0.7339,0.7067,0.7133,6589790.7
2025-06-24 20:00:00+00:00,0.7133,0.7233,0.7111,0.7219,2466881.7
2025-06-25 00:00:00+00:00,0.7219,0.7281,0.714,0.7188,4050563.5
2025-06-25 04:00:00+00:00,0.7188,0.7219,0.7124,0.7162,1964890.0
2025-06-25 08:00:00+00:00,0.7162,0.7168,0.6989,0.7084,5942559.5
2025-06-25 12:00:00+00:00,0.7084,0.7172,0.6918,0.6965,11275997.3
2025-06-25 16:00:00+00:00,0.6965,0.7069,0.6933,0.7005,3890037.6
2025-06-25 20:00:00+00:00,0.7005,0.7094,0.6872,0.6966,6066091.0
2025-06-26 00:00:00+00:00,0.6966,0.7279,0.6957,0.7151,4171003.0
2025-06-26 04:00:00+00:00,0.7151,0.7225,0.705,0.7173,3781597.1
2025-06-26 08:00:00+00:00,0.7173,0.7226,0.6977,0.7008,5534610.9
2025-06-26 12:00:00+00:00,0.7008,0.7014,0.6815,0.6882,6638488.2
2025-06-26 16:00:00+00:00,0.6882,0.6944,0.6775,0.6915,3458555.1
2025-06-26 20:00:00+00:00,0.6915,0.7105,0.6872,0.6899,5557342.4
2025-06-27 00:00:00+00:00,0.6899,0.7006,0.6809,0.6954,3176423.0
2025-06-27 04:00:00+00:00,0.6954,0.7068,0.6921,0.7015,5832597.9
2025-06-27 08:00:00+00:00,0.7015,0.7105,0.6956,0.6972,4346350.6
2025-06-27 12:00:00+00:00,0.6972,0.7037,0.6857,0.7002,4989288.3
2025-06-27 16:00:00+00:00,0.7002,0.7099,0.6832,0.6908,5373933.6
2025-06-27 20:00:00+00:00,0.6908,0.7046,0.6717,0.6969,8498588.5
2025-06-28 00:00:00+00:00,0.6969,0.7024,0.6956,0.6967,2274969.7
2025-06-28 04:00:00+00:00,0.6967,0.7015,0.6928,0.701,1650501.7
2025-06-28 08:00:00+00:00,0.701,0.7045,0.6954,0.6993,1936875.1
2025-06-28 12:00:00+00:00,0.6993,0.7061,0.6971,0.7047,1765882.5
2025-06-28 16:00:00+00:00,0.7047,0.7228,0.7047,0.715,4745726.1
2025-06-28 20:00:00+00:00,0.715,0.7248,0.7137,0.7202,1126724.8
2025-06-29 00:00:00+00:00,0.7202,0.726,0.7138,0.7172,1552824.5
2025-06-29 04:00:00+00:00,0.7172,0.7214,0.7147,0.7198,1103341.4
2025-06-29 08:00:00+00:00,0.7198,0.7278,0.7192,0.725,2362799.7
2025-06-29 12:00:00+00:00,0.725,0.7287,0.7158,0.7176,2090617.1
2025-06-29 16:00:00+00:00,0.7176,0.7333,0.7173,0.7327,2545334.0
2025-06-29 20:00:00+00:00,0.7327,0.7758,0.7256,0.7669,7139951.6
2025-06-30 00:00:00+00:00,0.7669,0.7768,0.754,0.7568,3194660.8
2025-06-30 04:00:00+00:00,0.7568,0.7576,0.739,0.7527,2609064.2
2025-06-30 08:00:00+00:00,0.7527,0.7549,0.7387,0.7397,2640312.7
2025-06-30 12:00:00+00:00,0.7397,0.7526,0.7273,0.7459,6717399.5
2025-06-30 16:00:00+00:00,0.7459,0.7598,0.74,0.7576,5878882.8
2025-06-30 20:00:00+00:00,0.7576,0.761,0.7403,0.7412,2254341.0
2025-07-01 00:00:00+00:00,0.7412,0.7486,0.7321,0.7337,2284591.6
2025-07-01 04:00:00+00:00,0.7337,0.7338,0.7185,0.7306,3150247.5
2025-07-01 08:00:00+00:00,0.7306,0.7312,0.7153,0.7181,3698126.0
2025-07-01 12:00:00+00:00,0.7181,0.7229,0.7074,0.7132,4187587.6
2025-07-01 16:00:00+00:00,0.7132,0.7169,0.7009,0.7028,2943498.6
2025-07-01 20:00:00+00:00,0.7028,0.7086,0.6925,0.6971,2700013.6
2025-07-02 00:00:00+00:00,0.6971,0.7101,0.6895,0.706,2898622.8
2025-07-02 04:00:00+00:00,0.706,0.726,0.7038,0.7155,4797614.5
2025-07-02 08:00:00+00:00,0.7155,0.7263,0.7147,0.7162,2829173.6
2025-07-02 12:00:00+00:00,0.7162,0.7393,0.7124,0.7387,7251042.8
2025-07-02 16:00:00+00:00,0.7387,0.7764,0.7383,0.7755,11313511.5
2025-07-02 20:00:00+00:00,0.7755,0.7823,0.7624,0.7637,4985652.8
2025-07-03 00:00:00+00:00,0.7637,0.7723,0.7602,0.7608,2709442.2
2025-07-03 04:00:00+00:00,0.7608,0.7872,0.7605,0.783,5032001.1
2025-07-03 08:00:00+00:00,0.783,0.7903,0.7701,0.7748,4500856.0
2025-07-03 12:00:00+00:00,0.7748,0.7899,0.7588,0.7605,7665626.3
2025-07-03 16:00:00+00:00,0.7605,0.7747,0.7593,0.7739,3132814.6
2025-07-03 20:00:00+00:00,0.7739,0.7817,0.7676,0.7705,1851294.5
2025-07-04 00:00:00+00:00,0.7705,0.78,0.7622,0.7638,2736066.2
2025-07-04 04:00:00+00:00,0.7638,0.767,0.7447,0.7452,4211239.4
2025-07-04 08:00:00+00:00,0.7452,0.7549,0.7408,0.7469,3838325.5
2025-07-04 12:00:00+00:00,0.7469,0.7498,0.7234,0.7239,5386090.7
2025-07-04 16:00:00+00:00,0.7239,0.7271,0.714,0.7189,5114859.5
2025-07-04 20:00:00+00:00,0.7189,0.7274,0.7175,0.723,1926792.8
2025-07-05 00:00:00+00:00,0.723,0.7313,0.718,0.725,1561970.5
2025-07-05 04:00:00+00:00,0.725,0.7309,0.7195,0.7255,1375903.0
2025-07-05 08:00:00+00:00,0.7255,0.727,0.7181,0.7219,1694077.7
2025-07-05 12:00:00+00:00,0.7219,0.7238,0.7159,0.7172,2867155.2
2025-07-05 16:00:00+00:00,0.7172,0.7205,0.7056,0.7131,3114777.1
2025-07-05 20:00:00+00:00,0.7131,0.728,0.7114,0.7248,2383238.7
2025-07-06 00:00:00+00:00,0.7248,0.7248,0.7161,0.7193,945132.5
2025-07-06 04:00:00+00:00,0.7193,0.7233,0.715,0.7197,1048551.2
2025-07-06 08:00:00+00:00,0.7197,0.7231,0.7159,0.7231,1915259.7
2025-07-06 12:00:00+00:00,0.7231,0.7455,0.7205,0.7402,5974787.0
2025-07-06 16:00:00+00:00,0.7402,0.7443,0.7286,0.7349,2351030.9
2025-07-06 20:00:00+00:00,0.7349,0.7579,0.7344,0.7431,3755617.5
2025-07-07 00:00:00+00:00,0.7431,0.7583,0.7365,0.7511,1835810.8
2025-07-07 04:00:00+00:00,0.7511,0.7538,0.7395,0.7488,2219364.4
2025-07-07 08:00:00+00:00,0.7488,0.7493,0.7348,0.7363,2201473.1
2025-07-07 12:00:00+00:00,0.7363,0.7428,0.7266,0.732,5355406.8
2025-07-07 16:00:00+00:00,0.732,0.7369,0.7228,0.7305,5573822.9
2025-07-07 20:00:00+00:00,0.7305,0.7305,0.7203,0.728,1878541.7
2025-07-08 00:00:00+00:00,0.728,0.7329,0.7158,0.717,3653677.5
2025-07-08 04:00:00+00:00,0.717,0.7221,0.7124,0.7189,2433734.7
2025-07-08 08:00:00+00:00,0.7189,0.7209,0.7079,0.7179,4651344.2
2025-07-08 12:00:00+00:00,0.7179,0.7293,0.7025,0.7063,7070459.5
2025-07-08 16:00:00+00:00,0.7063,0.7356,0.7027,0.7258,9587017.1
2025-07-08 20:00:00+00:00,0.7258,0.7271,0.7164,0.7252,2541877.3
2025-07-09 00:00:00+00:00,0.7252,0.726,0.7085,0.7097,3085267.5
2025-07-09 04:00:00+00:00,0.7097,0.7327,0.7091,0.7263,4313091.6
2025-07-09 08:00:00+00:00,0.7263,0.7363,0.7233,0.7339,3695340.5
2025-07-09 12:00:00+00:00,0.7339,0.7569,0.7328,0.7438,8329450.3
2025-07-09 16:00:00+00:00,0.7438,0.7913,0.742,0.7846,12368481.3
2025-07-09 20:00:00+00:00,0.7846,0.805,0.7783,0.7961,8002133.9
2025-07-10 00:00:00+00:00,0.7961,0.8049,0.7848,0.7914,4551558.6
2025-07-10 04:00:00+00:00,0.7914,0.8014,0.7828,0.7918,4771435.4
2025-07-10 08:00:00+00:00,0.7918,0.7954,0.769,0.7715,11307625.5
2025-07-10 12:00:00+00:00,0.7715,0.7848,0.7605,0.7744,14702174.7
2025-07-10 16:00:00+00:00,0.7744,0.8146,0.7733,0.8023,11865121.0
2025-07-10 20:00:00+00:00,0.8023,0.8539,0.8015,0.845,13729916.8
2025-07-11 00:00:00+00:00,0.845,0.8556,0.8278,0.8477,6586378.8
2025-07-11 04:00:00+00:00,0.8477,0.8783,0.8422,0.847,11024573.7
2025-07-11 08:00:00+00:00,0.847,0.8837,0.847,0.8587,9612097.3
2025-07-11 12:00:00+00:00,0.8587,0.8828,0.8454,0.8514,11596007.8
2025-07-11 16:00:00+00:00,0.8514,0.8774,0.8495,0.874,6821976.3
2025-07-11 20:00:00+00:00,0.874,0.874,0.816,0.8348,5890817.4
2025-07-12 00:00:00+00:00,0.8348,0.8488,0.8225,0.84,3297721.6
2025-07-12 04:00:00+00:00,0.84,0.8401,0.8166,0.8312,3409286.9
2025-07-12 08:00:00+00:00,0.8312,0.8366,0.8264,0.8295,2001456.8
2025-07-12 12:00:00+00:00,0.8295,0.8335,0.792,0.7974,9476862.4
2025-07-12 16:00:00+00:00,0.7974,0.8157,0.7933,0.8123,3134876.3
2025-07-12 20:00:00+00:00,0.8123,0.8124,0.7997,0.8085,3395001.4
2025-07-13 00:00:00+00:00,0.8085,0.8131,0.8006,0.8077,2066624.5
2025-07-13 04:00:00+00:00,0.8077,0.8292,0.8055,0.8254,2658424.9
2025-07-13 08:00:00+00:00,0.8254,0.8294,0.8127,0.8287,2607698.9
2025-07-13 12:00:00+00:00,0.8287,0.8544,0.8253,0.8391,5233426.2
2025-07-13 16:00:00+00:00,0.8391,0.8534,0.8238,0.8433,4058753.1
2025-07-13 20:00:00+00:00,0.8433,0.8508,0.8246,0.8379,3424190.7
2025-07-14 00:00:00+00:00,0.8379,0.8804,0.8348,0.8691,6621400.5
2025-07-14 04:00:00+00:00,0.8691,0.8864,0.8594,0.8791,7120818.4
2025-07-14 08:00:00+00:00,0.8791,0.8924,0.8661,0.877,6928839.1
2025-07-14 12:00:00+00:00,0.877,0.8969,0.8542,0.862,10090549.2
2025-07-14 16:00:00+00:00,0.862,0.8834,0.8486,0.8534,6214598.1
2025-07-14 20:00:00+00:00,0.8534,0.8668,0.8403,0.86,3884529.3
2025-07-15 00:00:00+00:00,0.86,0.8674,0.8258,0.8348,5156036.0
2025-07-15 04:00:00+00:00,0.8348,0.8506,0.8253,0.8373,3908429.1
2025-07-15 08:00:00+00:00,0.8373,0.8454,0.83,0.8415,3302198.7
2025-07-15 12:00:00+00:00,0.8415,0.8813,0.8298,0.8613,11983371.6
2025-07-15 16:00:00+00:00,0.8613,0.8949,0.8552,0.8607,11563717.4
2025-07-15 20:00:00+00:00,0.8607,0.9098,0.8563,0.9074,6871566.4
2025-07-16 00:00:00+00:00,0.9074,0.9189,0.8841,0.8912,6764149.3
2025-07-16 04:00:00+00:00,0.8912,0.9303,0.882,0.9199,7568576.8
2025-07-16 08:00:00+00:00,0.9199,0.9208,0.898,0.9049,7756283.8
2025-07-16 12:00:00+00:00,0.9049,0.9357,0.8983,0.9114,12814091.6
2025-07-16 16:00:00+00:00,0.9114,0.9394,0.9084,0.9307,11256876.9
2025-07-16 20:00:00+00:00,0.9307,0.9532,0.917,0.9278,10462647.9
2025-07-17 00:00:00+00:00,0.9278,0.945,0.9036,0.9086,6487620.7
2025-07-17 04:00:00+00:00,0.9086,0.952,0.9033,0.9458,6811141.0
2025-07-17 08:00:00+00:00,0.9458,0.9685,0.9332,0.9339,9978809.4
2025-07-17 12:00:00+00:00,0.9339,0.9494,0.9171,0.9368,9669617.3
2025-07-17 16:00:00+00:00,0.9368,1.0708,0.9096,1.0175,74760554.9
2025-07-17 20:00:00+00:00,1.0175,1.0637,0.9874,1.0396,21147945.9
2025-07-18 00:00:00+00:00,1.0396,1.1201,1.0277,1.1008,22375271.9
2025-07-18 04:00:00+00:00,1.1008,1.1561,1.0976,1.1232,21436245.1
2025-07-18 08:00:00+00:00,1.1232,1.1543,1.0568,1.0658,25581309.6
2025-07-18 12:00:00+00:00,1.0658,1.1448,1.0617,1.0746,29646513.1
2025-07-18 16:00:00+00:00,1.0746,1.1009,1.06,1.0735,10390023.5
2025-07-18 20:00:00+00:00,1.0735,1.078,1.0334,1.0547,10892703.0
2025-07-19 00:00:00+00:00,1.0547,1.1195,1.0282,1.1072,10949152.4
2025-07-19 04:00:00+00:00,1.1072,1.1203,1.0815,1.0825,4853969.1
2025-07-19 08:00:00+00:00,1.0825,1.0861,1.0625,1.0764,4594901.4
2025-07-19 12:00:00+00:00,1.0764,1.0991,1.0736,1.0852,5122744.9
2025-07-19 16:00:00+00:00,1.0852,1.1282,1.0697,1.1174,7806378.2
2025-07-19 20:00:00+00:00,1.1174,1.1304,1.0856,1.1098,8292244.4
2025-07-20 00:00:00+00:00,1.1098,1.1334,1.0913,1.1276,7184268.4
2025-07-20 04:00:00+00:00,1.1276,1.17,1.1056,1.1235,14312652.6
2025-07-20 08:00:00+00:00,1.1235,1.2264,1.1204,1.2209,22288385.4
2025-07-20 12:00:00+00:00,1.2209,1.257,1.1663,1.2442,23539087.8
2025-07-20 16:00:00+00:00,1.2442,1.2936,1.2095,1.2335,27653750.9
2025-07-20 20:00:00+00:00,1.2335,1.2373,1.1884,1.1909,13089898.8
2025-07-21 00:00:00+00:00,1.1909,1.215,1.1727,1.214,8302119.2
2025-07-21 04:00:00+00:00,1.214,1.2438,1.2049,1.2305,8236159.8
2025-07-21 08:00:00+00:00,1.2305,1.2569,1.2115,1.2472,10116793.8
2025-07-21 12:00:00+00:00,1.2472,1.2785,1.2252,1.2516,16458820.1
2025-07-21 16:00:00+00:00,1.2516,1.2639,1.2036,1.209,14338161.3
2025-07-21 20:00:00+00:00,1.209,1.2223,1.196,1.2039,7014410.3
2025-07-22 00:00:00+00:00,1.2039,1.2179,1.1621,1.1804,11121050.1
2025-07-22 04:00:00+00:00,1.1804,1.1882,1.1462,1.1661,10513566.0
2025-07-22 08:00:00+00:00,1.1661,1.1894,1.1337,1.1786,9931898.6
2025-07-22 12:00:00+00:00,1.1786,1.2039,1.1391,1.1898,17058494.9
2025-07-22 16:00:00+00:00,1.1898,1.2085,1.1783,1.1871,8543338.6
2025-07-22 20:00:00+00:00,1.1871,1.221,1.1851,1.2192,6275891.9
2025-07-23 00:00:00+00:00,1.2192,1.2199,1.1811,1.1847,5852182.6
2025-07-23 04:00:00+00:00,1.1847,1.1931,1.1634,1.1695,5330851.3
2025-07-23 08:00:00+00:00,1.1695,1.1745,1.1461,1.1552,4975955.5
2025-07-23 12:00:00+00:00,1.1552,1.1571,1.0755,1.1107,21826742.5
2025-07-23 16:00:00+00:00,1.1107,1.1108,1.0636,1.0811,9201838.3
2025-07-23 20:00:00+00:00,1.0811,1.1036,1.047,1.0929,12865084.1
2025-07-24 00:00:00+00:00,1.0929,1.1061,1.0832,1.0932,5005295.7
2025-07-24 04:00:00+00:00,1.0932,1.0987,1.025,1.0601,14569462.7
2025-07-24 08:00:00+00:00,1.0601,1.0891,1.0508,1.0859,8783106.2
2025-07-24 12:00:00+00:00,1.0859,1.1325,1.0672,1.1052,14879718.4
2025-07-24 16:00:00+00:00,1.1052,1.1099,1.0714,1.1019,8954511.8
2025-07-24 20:00:00+00:00,1.1019,1.112,1.0658,1.0737,5843939.8
2025-07-25 00:00:00+00:00,1.0737,1.0741,1.0303,1.0456,9192317.3
2025-07-25 04:00:00+00:00,1.0456,1.0723,1.0325,1.0637,6281945.5
2025-07-25 08:00:00+00:00,1.0637,1.1113,1.0611,1.1036,8346110.3
2025-07-25 12:00:00+00:00,1.1036,1.1099,1.0458,1.0625,11508234.8
2025-07-25 16:00:00+00:00,1.0625,1.0805,1.0516,1.0672,4793989.1
2025-07-25 20:00:00+00:00,1.0672,1.1037,1.0658,1.0959,6868326.2
2025-07-26 00:00:00+00:00,1.0959,1.1058,1.0817,1.0944,4889475.2
2025-07-26 04:00:00+00:00,1.0944,1.1076,1.0935,1.0992,2240845.4
2025-07-26 08:00:00+00:00,1.0992,1.1026,1.0819,1.0826,3973348.5
2025-07-26 12:00:00+00:00,1.0826,1.0933,1.0744,1.0853,3600703.9
2025-07-26 16:00:00+00:00,1.0853,1.0958,1.0716,1.0942,2802236.2
2025-07-26 20:00:00+00:00,1.0942,1.1016,1.0761,1.0783,2893737.0
2025-07-27 00:00:00+00:00,1.0783,1.1028,1.0747,1.0963,3333218.0
2025-07-27 04:00:00+00:00,1.0963,1.1192,1.0778,1.0806,5288036.1
2025-07-27 08:00:00+00:00,1.0806,1.1133,1.075,1.1014,5812203.2
2025-07-27 12:00:00+00:00,1.1014,1.1343,1.0949,1.1199,10107728.6
2025-07-27 16:00:00+00:00,1.1199,1.141,1.1124,1.1258,7694735.7
2025-07-27 20:00:00+00:00,1.1258,1.1531,1.1171,1.1414,3515555.0
2025-07-28 00:00:00+00:00,1.1414,1.1575,1.1182,1.1472,5907145.9
2025-07-28 04:00:00+00:00,1.1472,1.1888,1.1381,1.1637,8819801.7
2025-07-28 08:00:00+00:00,1.1637,1.1926,1.1602,1.168,6930253.2
2025-07-28 12:00:00+00:00,1.168,1.1768,1.0829,1.0948,23011768.9
2025-07-28 16:00:00+00:00,1.0948,1.108,1.0635,1.0799,10440603.7
2025-07-28 20:00:00+00:00,1.0799,1.0832,1.0576,1.0732,5801418.6
2025-07-29 00:00:00+00:00,1.0732,1.0842,1.041,1.0605,8143236.9
2025-07-29 04:00:00+00:00,1.0605,1.1197,1.0515,1.1105,7660756.7
2025-07-29 08:00:00+00:00,1.1105,1.1106,1.0689,1.074,7369359.2
2025-07-29 12:00:00+00:00,1.074,1.0951,1.0256,1.0366,11769659.5
2025-07-29 16:00:00+00:00,1.0366,1.0774,1.0113,1.0311,20297868.6
2025-07-29 20:00:00+00:00,1.0311,1.0508,1.0161,1.042,6695434.6
2025-07-30 00:00:00+00:00,1.042,1.0526,1.0201,1.0381,3975405.3
2025-07-30 04:00:00+00:00,1.0381,1.0479,1.0279,1.0335,2485271.3
2025-07-30 08:00:00+00:00,1.0335,1.0426,0.9914,0.9992,7774619.3
2025-07-30 12:00:00+00:00,0.9992,1.0296,0.987,1.0206,10022639.6
2025-07-30 16:00:00+00:00,1.0206,1.0463,0.9688,1.0265,14983818.5
2025-07-30 20:00:00+00:00,1.0265,1.0423,1.005,1.0146,5156276.8
2025-07-31 00:00:00+00:00,1.0146,1.045,1.0075,1.0425,4239068.9
2025-07-31 04:00:00+00:00,1.0425,1.0506,1.0306,1.0374,3100969.5
2025-07-31 08:00:00+00:00,1.0374,1.0449,1.024,1.0273,2857545.2
2025-07-31 12:00:00+00:00,1.0273,1.0301,0.9813,0.9969,7514090.0
2025-07-31 16:00:00+00:00,0.9969,1.0198,0.9768,0.9793,6050709.7
2025-07-31 20:00:00+00:00,0.9793,0.9807,0.9451,0.9498,5681070.3
2025-08-01 00:00:00+00:00,0.9498,0.9595,0.9166,0.9527,7770429.1
2025-08-01 04:00:00+00:00,0.9527,0.9527,0.9267,0.9326,4789983.1
2025-08-01 08:00:00+00:00,0.9326,0.935,0.9077,0.9329,6588334.9
2025-08-01 12:00:00+00:00,0.9329,0.9521,0.9053,0.9477,9102920.9
2025-08-01 16:00:00+00:00,0.9477,0.9528,0.909,0.9262,7347943.0
2025-08-01 20:00:00+00:00,0.9262,0.9311,0.868,0.898,11509138.3
2025-08-02 00:00:00+00:00,0.898,0.9072,0.8931,0.9044,3669392.0
2025-08-02 04:00:00+00:00,0.9044,0.9062,0.8725,0.8998,3706623.3
2025-08-02 08:00:00+00:00,0.8998,0.9006,0.8787,0.8948,2714453.6
2025-08-02 12:00:00+00:00,0.8948,0.8985,0.8758,0.8788,3094311.8
2025-08-02 16:00:00+00:00,0.8788,0.8921,0.8504,0.8594,10126863.1
2025-08-02 20:00:00+00:00,0.8594,0.8774,0.8589,0.8694,3431940.9
2025-08-03 00:00:00+00:00,0.8694,0.891,0.8559,0.887,3037497.5
2025-08-03 04:00:00+00:00,0.887,0.8928,0.8839,0.8898,2586492.0
2025-08-03 08:00:00+00:00,0.8898,0.9064,0.8898,0.8994,2989933.0
2025-08-03 12:00:00+00:00,0.8994,0.9096,0.8954,0.9073,3637550.1
2025-08-03 16:00:00+00:00,0.9073,0.9214,0.9041,0.916,4181330.6
2025-08-03 20:00:00+00:00,0.916,0.9248,0.9131,0.9185,2330079.9
2025-08-04 00:00:00+00:00,0.9185,0.9448,0.9167,0.9323,3371496.9
2025-08-04 04:00:00+00:00,0.9323,0.9377,0.9234,0.9346,3041293.3
2025-08-04 08:00:00+00:00,0.9346,0.9376,0.9225,0.9237,2558433.2
2025-08-04 12:00:00+00:00,0.9237,0.9525,0.9219,0.9393,6903446.7
2025-08-04 16:00:00+00:00,0.9393,0.9577,0.9282,0.933,6615678.4
2025-08-04 20:00:00+00:00,0.933,0.956,0.932,0.9535,4080469.0
2025-08-05 00:00:00+00:00,0.9535,0.958,0.9336,0.934,3613106.0
2025-08-05 04:00:00+00:00,0.934,0.9438,0.9111,0.9161,5661036.5
2025-08-05 08:00:00+00:00,0.9161,0.9383,0.9138,0.9363,4283083.3
2025-08-05 12:00:00+00:00,0.9363,0.9394,0.89,0.8944,8604646.7
2025-08-05 16:00:00+00:00,0.8944,0.9289,0.8913,0.8972,15970828.1
2025-08-05 20:00:00+00:00,0.8972,0.9127,0.8865,0.9096,3142705.8
2025-08-06 00:00:00+00:00,0.9096,0.9098,0.8888,0.8901,2460762.1
2025-08-06 04:00:00+00:00,0.8901,0.9262,0.8857,0.9238,5413603.2
2025-08-06 08:00:00+00:00,0.9238,0.927,0.9126,0.9208,4182672.1
2025-08-06 12:00:00+00:00,0.9208,0.9406,0.9092,0.9388,6883663.1
2025-08-06 16:00:00+00:00,0.9388,0.9483,0.9271,0.9397,4575337.8
2025-08-06 20:00:00+00:00,0.9397,0.9405,0.93,0.9395,2843793.9
2025-08-07 00:00:00+00:00,0.9395,0.9491,0.9303,0.9319,3057084.2
2025-08-07 04:00:00+00:00,0.9319,0.9466,0.9271,0.9428,6269423.0
2025-08-07 08:00:00+00:00,0.9428,1.0125,0.9428,1.0103,12805506.9
2025-08-07 12:00:00+00:00,1.0103,1.023,0.9965,1.011,9752601.3
2025-08-07 16:00:00+00:00,1.011,1.0236,0.9916,1.0191,7785391.8
2025-08-07 20:00:00+00:00,1.0191,1.0627,1.0153,1.0572,10752074.0
2025-08-08 00:00:00+00:00,1.0572,1.0868,1.0343,1.0806,16675056.5
2025-08-08 04:00:00+00:00,1.0806,1.1184,1.0717,1.1036,13503462.8
2025-08-08 08:00:00+00:00,1.1036,1.1283,1.0928,1.1032,13263095.2
2025-08-08 12:00:00+00:00,1.1032,1.1334,1.0845,1.1031,18392690.1
2025-08-08 16:00:00+00:00,1.1031,1.144,1.0972,1.1312,13250106.9
2025-08-08 20:00:00+00:00,1.1312,1.1332,1.1132,1.1185,4531577.3
2025-08-09 00:00:00+00:00,1.1185,1.138,1.1185,1.1353,4603761.8
2025-08-09 04:00:00+00:00,1.1353,1.189,1.1311,1.1675,15673208.1
2025-08-09 08:00:00+00:00,1.1675,1.1955,1.1561,1.1821,10594773.1
2025-08-09 12:00:00+00:00,1.1821,1.1996,1.1611,1.188,8682256.4
2025-08-09 16:00:00+00:00,1.188,1.285,1.1844,1.2727,21389332.8
2025-08-09 20:00:00+00:00,1.2727,1.368,1.2679,1.325,38644082.3
2025-08-10 00:00:00+00:00,1.325,1.3724,1.3024,1.3071,17632984.6
2025-08-10 04:00:00+00:00,1.3071,1.3199,1.2534,1.2553,19955792.5
2025-08-10 08:00:00+00:00,1.2553,1.2953,1.2333,1.2795,20852941.4
2025-08-10 12:00:00+00:00,1.2795,1.43,1.2755,1.3735,37224420.9
2025-08-10 16:00:00+00:00,1.3735,1.4439,1.3608,1.4229,27756430.2
2025-08-10 20:00:00+00:00,1.4229,1.4541,1.3791,1.4408,18768391.9
2025-08-11 00:00:00+00:00,1.4408,1.5572,1.4182,1.4601,35064477.9
2025-08-11 04:00:00+00:00,1.4601,1.5185,1.4587,1.4938,18973348.9
2025-08-11 08:00:00+00:00,1.4938,1.5067,1.4049,1.4229,28558379.7
2025-08-11 12:00:00+00:00,1.4229,1.5756,1.4166,1.5513,48961658.8
2025-08-11 16:00:00+00:00,1.5513,1.6185,1.5191,1.535,41151895.4
2025-08-11 20:00:00+00:00,1.535,1.554,1.4904,1.4948,26020238.5
2025-08-12 00:00:00+00:00,1.4948,1.579,1.4942,1.5489,17270200.3
2025-08-12 04:00:00+00:00,1.5489,1.5744,1.4693,1.5042,20364001.8
2025-08-12 08:00:00+00:00,1.5042,1.5533,1.4572,1.4921,24675515.4
2025-08-12 12:00:00+00:00,1.4921,1.5999,1.4768,1.5779,49158002.2
2025-08-12 16:00:00+00:00,1.5779,1.6283,1.5356,1.563,30196017.3
2025-08-12 20:00:00+00:00,1.563,1.612,1.5143,1.5412,16715613.7
2025-08-13 00:00:00+00:00,1.5412,1.5711,1.4908,1.5216,15831711.9
2025-08-13 04:00:00+00:00,1.5216,1.5701,1.5196,1.5368,13330260.3
2025-08-13 08:00:00+00:00,1.5368,1.5659,1.5072,1.5226,13046207.0
2025-08-13 12:00:00+00:00,1.5226,1.5503,1.4841,1.4965,23295234.6
2025-08-13 16:00:00+00:00,1.4965,1.53,1.4641,1.4738,14931686.1
2025-08-13 20:00:00+00:00,1.4738,1.5138,1.4586,1.5026,12062098.9
2025-08-14 00:00:00+00:00,1.5026,1.5216,1.4841,1.4982,10398970.8
2025-08-14 04:00:00+00:00,1.4982,1.5007,1.4266,1.4378,18514835.1
2025-08-14 08:00:00+00:00,1.4378,1.4406,1.4136,1.4318,12770931.5
2025-08-14 12:00:00+00:00,1.4318,1.495,1.3174,1.4399,65957285.6
2025-08-14 16:00:00+00:00,1.4399,1.4504,1.3815,1.4014,18376845.3
2025-08-14 20:00:00+00:00,1.4014,1.4032,1.3569,1.3853,10069854.7
2025-08-15 00:00:00+00:00,1.3853,1.4105,1.3704,1.3821,9022663.6
2025-08-15 04:00:00+00:00,1.3821,1.43,1.378,1.4212,8567502.5
2025-08-15 08:00:00+00:00,1.4212,1.4428,1.3705,1.3834,13551145.4
2025-08-15 12:00:00+00:00,1.3834,1.4162,1.3206,1.3335,21108318.3
2025-08-15 16:00:00+00:00,1.3335,1.377,1.3243,1.3464,13242107.9
2025-08-15 20:00:00+00:00,1.3464,1.3967,1.3421,1.3823,6886629.3
2025-08-16 00:00:00+00:00,1.3823,1.4365,1.3805,1.4076,9476443.8
2025-08-16 04:00:00+00:00,1.4076,1.4164,1.3886,1.3978,5251503.3
2025-08-16 08:00:00+00:00,1.3978,1.3999,1.3624,1.3637,7220586.7
2025-08-16 12:00:00+00:00,1.3637,1.4038,1.3561,1.3918,9260972.1
2025-08-16 16:00:00+00:00,1.3918,1.4124,1.3824,1.4,5857897.1
2025-08-16 20:00:00+00:00,1.4,1.414,1.3939,1.4089,4522009.6
2025-08-17 00:00:00+00:00,1.4089,1.424,1.3937,1.419,4900774.0
2025-08-17 04:00:00+00:00,1.419,1.4463,1.3883,1.3962,10074465.2
2025-08-17 08:00:00+00:00,1.3962,1.439,1.3914,1.4214,10668107.9
2025-08-17 12:00:00+00:00,1.4214,1.422,1.3684,1.3993,14242581.4
2025-08-17 16:00:00+00:00,1.3993,1.4172,1.3552,1.3582,12175935.8
2025-08-17 20:00:00+00:00,1.3582,1.3867,1.3571,1.3654,4935468.5
2025-08-18 00:00:00+00:00,1.3654,1.3762,1.3168,1.33,13157860.8
2025-08-18 04:00:00+00:00,1.33,1.3441,1.3108,1.3157,8207330.3
2025-08-18 08:00:00+00:00,1.3157,1.3268,1.2772,1.2801,14777948.2
2025-08-18 12:00:00+00:00,1.2801,1.3075,1.2765,1.3005,12073637.2
2025-08-18 16:00:00+00:00,1.3005,1.3122,1.2856,1.2925,6916465.6
2025-08-18 20:00:00+00:00,1.2925,1.3093,1.282,1.2854,4907572.2
2025-08-19 00:00:00+00:00,1.2854,1.3069,1.2647,1.2752,7688787.7
2025-08-19 04:00:00+00:00,1.2752,1.2933,1.2618,1.2902,7255964.0
2025-08-19 08:00:00+00:00,1.2902,1.3283,1.2807,1.324,8541419.4
2025-08-19 12:00:00+00:00,1.324,1.3262,1.2604,1.2808,14866782.3
2025-08-19 16:00:00+00:00,1.2808,1.3044,1.2645,1.29,11932698.9
2025-08-19 20:00:00+00:00,1.29,1.2972,1.2699,1.2748,6440706.9
2025-08-20 00:00:00+00:00,1.2748,1.3082,1.2697,1.2854,7540022.1
2025-08-20 04:00:00+00:00,1.2854,1.322,1.2844,1.3073,6542823.5
2025-08-20 08:00:00+00:00,1.3073,1.3601,1.3068,1.3344,16808436.3
2025-08-20 12:00:00+00:00,1.3344,1.3528,1.2815,1.3257,20099504.3
2025-08-20 16:00:00+00:00,1.3257,1.3569,1.3133,1.3397,12342427.1
2025-08-20 20:00:00+00:00,1.3397,1.344,1.3055,1.3078,5562518.7
2025-08-21 00:00:00+00:00,1.3078,1.3129,1.2737,1.2756,10164697.7
2025-08-21 04:00:00+00:00,1.2756,1.2837,1.2641,1.2813,6101635.3
2025-08-21 08:00:00+00:00,1.2813,1.296,1.2716,1.2826,6717912.6
2025-08-21 12:00:00+00:00,1.2826,1.2826,1.2458,1.26,12897505.2
2025-08-21 16:00:00+00:00,1.26,1.2879,1.2525,1.274,5712049.6
2025-08-21 20:00:00+00:00,1.274,1.2834,1.2651,1.2766,3027038.8
2025-08-22 00:00:00+00:00,1.2766,1.3009,1.2665,1.2892,4323020.8
2025-08-22 04:00:00+00:00,1.2892,1.3096,1.2784,1.3057,6915017.3
2025-08-22 08:00:00+00:00,1.3057,1.3457,1.2971,1.2979,14513563.0
2025-08-22 12:00:00+00:00,1.2979,1.4773,1.2853,1.4319,43226463.5
2025-08-22 16:00:00+00:00,1.4319,1.5089,1.4318,1.4991,20551062.1
2025-08-22 20:00:00+00:00,1.4991,1.5494,1.486,1.5393,12299535.8
2025-08-23 00:00:00+00:00,1.5393,1.5773,1.504,1.5094,16525369.5
2025-08-23 04:00:00+00:00,1.5094,1.5181,1.4803,1.485,8429353.5
2025-08-23 08:00:00+00:00,1.485,1.5042,1.4849,1.4905,3806905.9
2025-08-23 12:00:00+00:00,1.4905,1.5313,1.4835,1.5286,6412438.2
2025-08-23 16:00:00+00:00,1.5286,1.541,1.5146,1.527,5639661.3
2025-08-23 20:00:00+00:00,1.527,1.5342,1.5148,1.5312,2893700.8
2025-08-24 00:00:00+00:00,1.5312,1.5385,1.4935,1.4976,6168678.8
2025-08-24 04:00:00+00:00,1.4976,1.5027,1.4576,1.4617,6584789.6
2025-08-24 08:00:00+00:00,1.4617,1.4671,1.4278,1.4302,6974778.3
2025-08-24 12:00:00+00:00,1.4302,1.4799,1.4215,1.4618,8943671.9
2025-08-24 16:00:00+00:00,1.4618,1.5433,1.4297,1.4722,24257308.3
2025-08-24 20:00:00+00:00,1.4722,1.4743,1.4,1.4346,13042352.3
2025-08-25 00:00:00+00:00,1.4346,1.4468,1.4041,1.4082,7098385.9
2025-08-25 04:00:00+00:00,1.4082,1.4114,1.3556,1.3617,9693110.0
2025-08-25 08:00:00+00:00,1.3617,1.3633,1.3282,1.3514,8959690.7
2025-08-25 12:00:00+00:00,1.3514,1.371,1.3408,1.3468,9940203.8
2025-08-25 16:00:00+00:00,1.3468,1.3614,1.2631,1.2657,14597714.5
2025-08-25 20:00:00+00:00,1.2657,1.2808,1.2437,1.2641,12151259.3
2025-08-26 00:00:00+00:00,1.2641,1.3008,1.2532,1.2882,5554474.9
2025-08-26 04:00:00+00:00,1.2882,1.2909,1.2671,1.2745,5069698.9
2025-08-26 08:00:00+00:00,1.2745,1.2969,1.2694,1.2801,4003387.9
2025-08-26 12:00:00+00:00,1.2801,1.313,1.2713,1.2814,11131161.7
2025-08-26 16:00:00+00:00,1.2814,1.301,1.2678,1.2956,5048543.5
2025-08-26 20:00:00+00:00,1.2956,1.3106,1.2907,1.3057,4749630.6
2025-08-27 00:00:00+00:00,1.3057,1.3058,1.277,1.2947,3842993.1
2025-08-27 04:00:00+00:00,1.2947,1.3024,1.2648,1.2696,5289082.6
2025-08-27 08:00:00+00:00,1.2696,1.2788,1.2537,1.2739,5807202.0
2025-08-27 12:00:00+00:00,1.2739,1.2859,1.2572,1.2826,8570660.4
2025-08-27 16:00:00+00:00,1.2826,1.283,1.2529,1.2654,6390613.9
2025-08-27 20:00:00+00:00,1.2654,1.2846,1.2433,1.2539,9475531.3
2025-08-28 00:00:00+00:00,1.2539,1.2646,1.2414,1.2599,3493292.2
2025-08-28 04:00:00+00:00,1.2599,1.2809,1.2555,1.2789,3885067.0
2025-08-28 08:00:00+00:00,1.2789,1.2906,1.2656,1.2733,3909438.9
2025-08-28 12:00:00+00:00,1.2733,1.2892,1.2505,1.257,10704696.9
2025-08-28 16:00:00+00:00,1.257,1.2663,1.2322,1.2326,5783639.6
2025-08-28 20:00:00+00:00,1.2326,1.2725,1.2317,1.2663,4452079.7
2025-08-29 00:00:00+00:00,1.2663,1.2709,1.248,1.2539,2968066.1
2025-08-29 04:00:00+00:00,1.2539,1.2637,1.201,1.2076,8684022.0
2025-08-29 08:00:00+00:00,1.2076,1.2119,1.1857,1.2042,6500042.4
2025-08-29 12:00:00+00:00,1.2042,1.2417,1.1934,1.2221,12302624.3
2025-08-29 16:00:00+00:00,1.2221,1.2346,1.1941,1.2065,6607693.9
2025-08-29 20:00:00+00:00,1.2065,1.2219,1.1982,1.2128,3348079.2
2025-08-30 00:00:00+00:00,1.2128,1.2246,1.1907,1.2113,4552609.4
2025-08-30 04:00:00+00:00,1.2113,1.2387,1.2113,1.2306,3019669.6
2025-08-30 08:00:00+00:00,1.2306,1.231,1.2174,1.2213,1671049.3
2025-08-30 12:00:00+00:00,1.2213,1.2221,1.1999,1.2103,2731181.6
2025-08-30 16:00:00+00:00,1.2103,1.2118,1.2006,1.2056,1379710.4
2025-08-30 20:00:00+00:00,1.2056,1.2128,1.2002,1.2076,1297973.4
2025-08-31 00:00:00+00:00,1.2076,1.2307,1.2052,1.2307,3063404.8
2025-08-31 04:00:00+00:00,1.2307,1.2324,1.2158,1.2204,2569386.7
2025-08-31 08:00:00+00:00,1.2204,1.2459,1.2203,1.2325,4142321.5
2025-08-31 12:00:00+00:00,1.2325,1.2344,1.2043,1.2216,3182393.5
2025-08-31 16:00:00+00:00,1.2216,1.2291,1.2092,1.2158,2385448.9
2025-08-31 20:00:00+00:00,1.2158,1.2312,1.1885,1.1899,3723747.4
2025-09-01 00:00:00+00:00,1.1899,1.1899,1.1528,1.16,7734928.2
2025-09-01 04:00:00+00:00,1.16,1.1946,1.1488,1.1932,5886224.7
2025-09-01 08:00:00+00:00,1.1932,1.2117,1.1721,1.1759,6088628.7
2025-09-01 12:00:00+00:00,1.1759,1.1862,1.1658,1.1695,6900480.1
2025-09-01 16:00:00+00:00,1.1695,1.1774,1.156,1.1772,5480089.5
2025-09-01 20:00:00+00:00,1.1772,1.1783,1.1255,1.1586,7691900.4
2025-09-02 00:00:00+00:00,1.1586,1.1882,1.1536,1.1832,3443414.4
2025-09-02 04:00:00+00:00,1.1832,1.1873,1.1743,1.1769,3040328.6
2025-09-02 08:00:00+00:00,1.1769,1.183,1.1365,1.162,5305696.8
2025-09-02 12:00:00+00:00,1.162,1.1944,1.1304,1.1564,13207576.6
2025-09-02 16:00:00+00:00,1.1564,1.1807,1.1544,1.1695,4590194.9
2025-09-02 20:00:00+00:00,1.1695,1.2023,1.1664,1.1986,3476581.0
2025-09-03 00:00:00+00:00,1.1986,1.2067,1.1876,1.2046,1592324.8
2025-09-03 04:00:00+00:00,1.2046,1.2059,1.1899,1.1974,2271873.5
2025-09-03 08:00:00+00:00,1.1974,1.226,1.1915,1.2099,4543090.0
2025-09-03 12:00:00+00:00,1.2099,1.2455,1.2038,1.2342,7771786.7
2025-09-03 16:00:00+00:00,1.2342,1.2442,1.2302,1.2425,4547790.3
2025-09-03 20:00:00+00:00,1.2425,1.2532,1.2362,1.2375,3557275.0
2025-09-04 00:00:00+00:00,1.2375,1.2467,1.2185,1.2195,2705808.4
2025-09-04 04:00:00+00:00,1.2195,1.224,1.1951,1.2115,3946887.6
2025-09-04 08:00:00+00:00,1.2115,1.223,1.1998,1.2012,5707276.5
2025-09-04 12:00:00+00:00,1.2012,1.2028,1.1605,1.1613,8760153.6
2025-09-04 16:00:00+00:00,1.1613,1.1697,1.151,1.1544,3792105.0
2025-09-04 20:00:00+00:00,1.1544,1.1729,1.153,1.156,2394124.0
2025-09-05 00:00:00+00:00,1.156,1.1804,1.1554,1.1799,2448053.3
2025-09-05 04:00:00+00:00,1.1799,1.2278,1.1741,1.2244,3476737.7
2025-09-05 08:00:00+00:00,1.2244,1.2251,1.2012,1.2065,4271235.4
2025-09-05 12:00:00+00:00,1.2065,1.233,1.162,1.1736,15325305.3
2025-09-05 16:00:00+00:00,1.1736,1.1828,1.1655,1.1789,3354182.0
2025-09-05 20:00:00+00:00,1.1789,1.2006,1.1755,1.1808,5246476.3
2025-09-06 00:00:00+00:00,1.1808,1.1967,1.1782,1.1814,1502512.6
2025-09-06 04:00:00+00:00,1.1814,1.1814,1.1635,1.1669,2577106.5
2025-09-06 08:00:00+00:00,1.1669,1.1681,1.1486,1.1559,2916096.5
2025-09-06 12:00:00+00:00,1.1559,1.1724,1.1528,1.1559,3197017.1
2025-09-06 16:00:00+00:00,1.1559,1.1702,1.1465,1.1472,3189961.0
2025-09-06 20:00:00+00:00,1.1472,1.1621,1.1471,1.1555,1331193.6
2025-09-07 00:00:00+00:00,1.1555,1.1716,1.155,1.1657,1512061.6
2025-09-07 04:00:00+00:00,1.1657,1.1781,1.1619,1.1737,1843173.3
2025-09-07 08:00:00+00:00,1.1737,1.1929,1.1691,1.1911,2521999.8
2025-09-07 12:00:00+00:00,1.1911,1.201,1.1808,1.1896,4545044.9
2025-09-07 16:00:00+00:00,1.1896,1.1923,1.1704,1.1783,2572465.6
2025-09-07 20:00:00+00:00,1.1783,1.2048,1.1734,1.1986,2073152.8
2025-09-08 00:00:00+00:00,1.1986,1.2174,1.1807,1.206,3693328.0
2025-09-08 04:00:00+00:00,1.206,1.2086,1.1862,1.1901,2433738.3
2025-09-08 08:00:00+00:00,1.1901,1.2169,1.1889,1.2002,5957317.3
2025-09-08 12:00:00+00:00,1.2002,1.2289,1.1965,1.2217,8288077.8
2025-09-08 16:00:00+00:00,1.2217,1.2263,1.1959,1.1983,5370932.1
2025-09-08 20:00:00+00:00,1.1983,1.2072,1.1864,1.1978,3103319.4
2025-09-09 00:00:00+00:00,1.1978,1.2135,1.1774,1.2067,4059484.8
2025-09-09 04:00:00+00:00,1.2067,1.261,1.1959,1.2484,10691253.9
2025-09-09 08:00:00+00:00,1.2484,1.2508,1.229,1.2321,5540624.8
2025-09-09 12:00:00+00:00,1.2321,1.2459,1.1633,1.1724,12411474.3
2025-09-09 16:00:00+00:00,1.1724,1.1805,1.1625,1.1764,4023869.9
2025-09-09 20:00:00+00:00,1.1764,1.1938,1.171,1.1828,2437463.0
2025-09-10 00:00:00+00:00,1.1828,1.2116,1.1732,1.2056,3189036.1
2025-09-10 04:00:00+00:00,1.2056,1.2123,1.1876,1.2056,2877314.0
2025-09-10 08:00:00+00:00,1.2056,1.209,1.1964,1.2017,2662700.8
2025-09-10 12:00:00+00:00,1.2017,1.2569,1.2007,1.2381,11762308.8
2025-09-10 16:00:00+00:00,1.2381,1.2443,1.2089,1.2163,5571725.5
2025-09-10 20:00:00+00:00,1.2163,1.2404,1.2154,1.2383,2124080.8
2025-09-11 00:00:00+00:00,1.2383,1.2789,1.2335,1.2681,5859440.3
2025-09-11 04:00:00+00:00,1.2681,1.2816,1.256,1.2669,5030087.8
2025-09-11 08:00:00+00:00,1.2669,1.272,1.2516,1.2564,4208882.2
2025-09-11 12:00:00+00:00,1.2564,1.279,1.2298,1.2345,13764081.3
2025-09-11 16:00:00+00:00,1.2345,1.2738,1.2343,1.2699,3843430.7
2025-09-11 20:00:00+00:00,1.2699,1.2953,1.2623,1.2929,4126576.9
2025-09-12 00:00:00+00:00,1.2929,1.3062,1.2852,1.2955,4023511.2
2025-09-12 04:00:00+00:00,1.2955,1.3002,1.2788,1.2821,5026697.7
2025-09-12 08:00:00+00:00,1.2821,1.2824,1.2617,1.2632,4921514.3
2025-09-12 12:00:00+00:00,1.2632,1.2872,1.2537,1.2784,4791512.9
2025-09-12 16:00:00+00:00,1.2784,1.3115,1.2758,1.3025,5621158.1
2025-09-12 20:00:00+00:00,1.3025,1.3088,1.2878,1.3042,4785605.0
2025-09-13 00:00:00+00:00,1.3042,1.325,1.2981,1.318,3571023.9
2025-09-13 04:00:00+00:00,1.318,1.3188,1.3004,1.3013,3126391.8
2025-09-13 08:00:00+00:00,1.3013,1.3318,1.3012,1.3236,4828262.7
2025-09-13 12:00:00+00:00,1.3236,1.3284,1.28,1.2951,9143243.4
2025-09-13 16:00:00+00:00,1.2951,1.3009,1.2612,1.2857,7637677.5
2025-09-13 20:00:00+00:00,1.2857,1.3032,1.2843,1.2949,3412193.2
2025-09-14 00:00:00+00:00,1.2949,1.298,1.2666,1.2707,3821110.8
2025-09-14 04:00:00+00:00,1.2707,1.2864,1.2584,1.2666,4389768.1
2025-09-14 08:00:00+00:00,1.2666,1.2759,1.2443,1.2465,3643260.7
2025-09-14 12:00:00+00:00,1.2465,1.2538,1.2091,1.2213,11140097.3
2025-09-14 16:00:00+00:00,1.2213,1.2408,1.219,1.23,3251764.4
2025-09-14 20:00:00+00:00,1.23,1.2478,1.226,1.2301,3576994.3
2025-09-15 00:00:00+00:00,1.2301,1.2519,1.216,1.2485,3711210.5
2025-09-15 04:00:00+00:00,1.2485,1.26,1.2154,1.2205,5594319.3
2025-09-15 08:00:00+00:00,1.2205,1.2209,1.1776,1.1861,9879737.6
2025-09-15 12:00:00+00:00,1.1861,1.1918,1.1656,1.1763,6404947.6
2025-09-15 16:00:00+00:00,1.1763,1.1836,1.1633,1.1757,3772497.1
2025-09-15 20:00:00+00:00,1.1757,1.1827,1.1737,1.1766,1296013.4
2025-09-16 00:00:00+00:00,1.1766,1.1799,1.1671,1.1671,1715463.9
2025-09-16 04:00:00+00:00,1.1671,1.1791,1.1571,1.1689,2877783.5
2025-09-16 08:00:00+00:00,1.1689,1.1858,1.1687,1.1763,2693475.8
2025-09-16 12:00:00+00:00,1.1763,1.1859,1.1478,1.1799,6358598.2
2025-09-16 16:00:00+00:00,1.1799,1.2044,1.1718,1.2003,5002984.2
2025-09-16 20:00:00+00:00,1.2003,1.214,1.1975,1.2013,2132286.6
2025-09-17 00:00:00+00:00,1.2013,1.2104,1.1934,1.194,2318567.9
2025-09-17 04:00:00+00:00,1.194,1.2106,1.1807,1.2057,3751663.0
2025-09-17 08:00:00+00:00,1.2057,1.2063,1.1821,1.1944,2075898.3
2025-09-17 12:00:00+00:00,1.1944,1.1991,1.184,1.1856,2426871.5
2025-09-17 16:00:00+00:00,1.1856,1.2233,1.1751,1.2189,12917881.4
2025-09-17 20:00:00+00:00,1.2189,1.3264,1.1981,1.3072,18364942.2
2025-09-18 00:00:00+00:00,1.3072,1.3304,1.2908,1.3167,7861183.6
2025-09-18 04:00:00+00:00,1.3167,1.3491,1.2972,1.3281,10213151.0
2025-09-18 08:00:00+00:00,1.3281,1.3362,1.3088,1.313,3854056.1
2025-09-18 12:00:00+00:00,1.313,1.3382,1.3069,1.3249,5055492.0
2025-09-18 16:00:00+00:00,1.3249,1.3523,1.3222,1.3343,6731642.7
2025-09-18 20:00:00+00:00,1.3343,1.3482,1.3285,1.3371,2829398.2
2025-09-19 00:00:00+00:00,1.3371,1.3565,1.3216,1.3244,5087518.2
2025-09-19 04:00:00+00:00,1.3244,1.3286,1.2917,1.3026,6285393.7
2025-09-19 08:00:00+00:00,1.3026,1.3166,1.2692,1.2755,5006672.8
2025-09-19 12:00:00+00:00,1.2755,1.2898,1.2583,1.2704,6742752.3
2025-09-19 16:00:00+00:00,1.2704,1.2825,1.2464,1.2473,6882132.4
2025-09-19 20:00:00+00:00,1.2473,1.2636,1.241,1.2534,3157308.2
2025-09-20 00:00:00+00:00,1.2534,1.2602,1.2376,1.2454,1986484.9
2025-09-20 04:00:00+00:00,1.2454,1.272,1.2405,1.2704,2122262.2
2025-09-20 08:00:00+00:00,1.2704,1.2704,1.2453,1.2637,3362395.7
2025-09-20 12:00:00+00:00,1.2637,1.3043,1.257,1.293,3808745.4
2025-09-20 16:00:00+00:00,1.293,1.2955,1.2591,1.264,4651219.2
2025-09-20 20:00:00+00:00,1.264,1.2819,1.2629,1.2675,1526354.4
2025-09-21 00:00:00+00:00,1.2675,1.2763,1.2629,1.2721,1927865.6
2025-09-21 04:00:00+00:00,1.2721,1.2742,1.2598,1.2658,2825327.2
2025-09-21 08:00:00+00:00,1.2658,1.2679,1.2435,1.2547,3485671.0
2025-09-21 12:00:00+00:00,1.2547,1.272,1.2538,1.2572,2510807.9
2025-09-21 16:00:00+00:00,1.2572,1.2667,1.2419,1.264,3791852.0
2025-09-21 20:00:00+00:00,1.264,1.264,1.2444,1.2469,1723284.1
2025-09-22 00:00:00+00:00,1.2469,1.2545,1.1768,1.1846,12887249.2
2025-09-22 04:00:00+00:00,1.1846,1.191,1.0831,1.1242,19565785.7
2025-09-22 08:00:00+00:00,1.1242,1.1297,1.1057,1.1132,6123940.4
2025-09-22 12:00:00+00:00,1.1132,1.1311,1.1072,1.1081,6380294.0
2025-09-22 16:00:00+00:00,1.1081,1.1164,1.0958,1.0991,6847546.4
2025-09-22 20:00:00+00:00,1.0991,1.1168,1.0984,1.1105,2684234.8
2025-09-23 00:00:00+00:00,1.1105,1.1153,1.0856,1.1097,4302309.2
2025-09-23 04:00:00+00:00,1.1097,1.1278,1.0982,1.1187,3482895.4
2025-09-23 08:00:00+00:00,1.1187,1.1346,1.1158,1.1229,4868289.3
2025-09-23 12:00:00+00:00,1.1229,1.1374,1.1075,1.1142,7120020.4
2025-09-23 16:00:00+00:00,1.1142,1.1279,1.0992,1.1033,9541604.7
2025-09-23 20:00:00+00:00,1.1033,1.1179,1.1005,1.1085,2303951.5
2025-09-24 00:00:00+00:00,1.1085,1.1324,1.0984,1.1048,3620427.8
2025-09-24 04:00:00+00:00,1.1048,1.1319,1.0851,1.122,5675844.2
2025-09-24 08:00:00+00:00,1.122,1.1372,1.1177,1.1353,2061372.0
2025-09-24 12:00:00+00:00,1.1353,1.1382,1.1168,1.1217,3486914.8
2025-09-24 16:00:00+00:00,1.1217,1.1285,1.1141,1.1195,2440561.1
2025-09-24 20:00:00+00:00,1.1195,1.121,1.1036,1.1092,1601822.7
2025-09-25 00:00:00+00:00,1.1092,1.1127,1.0876,1.0983,5976481.6
2025-09-25 04:00:00+00:00,1.0983,1.1026,1.0755,1.0826,6802220.7
2025-09-25 08:00:00+00:00,1.0826,1.0988,1.0751,1.0776,5274535.5
2025-09-25 12:00:00+00:00,1.0776,1.1131,1.0584,1.0951,12996006.8
2025-09-25 16:00:00+00:00,1.0951,1.0953,1.0382,1.0731,16330835.7
2025-09-25 20:00:00+00:00,1.0731,1.0747,1.0454,1.0575,6262665.1
2025-09-26 00:00:00+00:00,1.0575,1.0786,1.0525,1.075,5281060.9
2025-09-26 04:00:00+00:00,1.075,1.0774,1.0549,1.0624,4555050.6
2025-09-26 08:00:00+00:00,1.0624,1.068,1.0388,1.0568,10439076.1
2025-09-26 12:00:00+00:00,1.0568,1.0777,1.0447,1.069,8997812.6
2025-09-26 16:00:00+00:00,1.069,1.1049,1.0681,1.0903,6769301.8
2025-09-26 20:00:00+00:00,1.0903,1.0978,1.0869,1.0961,2341574.8
2025-09-27 00:00:00+00:00,1.0961,1.0992,1.0889,1.0944,1448013.3
2025-09-27 04:00:00+00:00,1.0944,1.0961,1.0862,1.088,1023961.4
2025-09-27 08:00:00+00:00,1.088,1.094,1.0762,1.089,2104678.4
2025-09-27 12:00:00+00:00,1.089,1.0956,1.0795,1.092,2645998.6
2025-09-27 16:00:00+00:00,1.092,1.0925,1.0798,1.0878,2204902.9
2025-09-27 20:00:00+00:00,1.0878,1.1016,1.086,1.0908,1932655.3
2025-09-28 00:00:00+00:00,1.0908,1.0925,1.0777,1.0825,2102496.5
2025-09-28 04:00:00+00:00,1.0825,1.0826,1.0691,1.0738,1751711.6
2025-09-28 08:00:00+00:00,1.0738,1.0765,1.0618,1.0652,2148087.3
2025-09-28 12:00:00+00:00,1.0652,1.0831,1.0562,1.0824,3048477.7
2025-09-28 16:00:00+00:00,1.0824,1.0965,1.0818,1.0949,2001284.8
2025-09-28 20:00:00+00:00,1.0949,1.1221,1.0936,1.1164,3743930.9
2025-09-29 00:00:00+00:00,1.1164,1.133,1.1094,1.1239,4809999.9
2025-09-29 04:00:00+00:00,1.1239,1.1246,1.103,1.1128,2508807.1
2025-09-29 08:00:00+00:00,1.1128,1.1232,1.1041,1.1132,2613771.6
2025-09-29 12:00:00+00:00,1.1132,1.1441,1.0901,1.1155,7641408.1
2025-09-29 16:00:00+00:00,1.1155,1.1337,1.1017,1.1329,3537183.4
2025-09-29 20:00:00+00:00,1.1329,1.1861,1.1309,1.1763,6030021.2
2025-09-30 00:00:00+00:00,1.1763,1.1973,1.1657,1.1902,9483633.9
2025-09-30 04:00:00+00:00,1.1902,1.2086,1.1738,1.1861,12759981.1
2025-09-30 08:00:00+00:00,1.1861,1.1961,1.135,1.1516,9912704.0
2025-09-30 12:00:00+00:00,1.1516,1.1516,1.0754,1.0875,12607106.1
2025-09-30 16:00:00+00:00,1.0875,1.1169,1.0745,1.1153,8409277.0
2025-09-30 20:00:00+00:00,1.1153,1.118,1.0815,1.0867,6695520.3
2025-10-01 00:00:00+00:00,1.0867,1.102,1.0781,1.0897,4515043.9
2025-10-01 04:00:00+00:00,1.0897,1.1108,1.0884,1.0922,3931782.7
2025-10-01 08:00:00+00:00,1.0922,1.1704,1.0892,1.1479,13461451.4
2025-10-01 12:00:00+00:00,1.1479,1.1794,1.1453,1.1685,7184039.4
2025-10-01 16:00:00+00:00,1.1685,1.207,1.1683,1.2008,6133451.4
2025-10-01 20:00:00+00:00,1.2008,1.2046,1.1832,1.1918,3582179.6
2025-10-02 00:00:00+00:00,1.1918,1.2159,1.1863,1.205,4945733.3
2025-10-02 04:00:00+00:00,1.205,1.2258,1.194,1.1958,5082070.3
2025-10-02 08:00:00+00:00,1.1958,1.2081,1.192,1.2053,3135297.2
2025-10-02 12:00:00+00:00,1.2053,1.2353,1.1964,1.2241,9544328.5
2025-10-02 16:00:00+00:00,1.2241,1.3186,1.2121,1.2891,18355348.9
2025-10-02 20:00:00+00:00,1.2891,1.3051,1.2652,1.2992,7716881.4
2025-10-03 00:00:00+00:00,1.2992,1.3001,1.256,1.2622,6171751.5
2025-10-03 04:00:00+00:00,1.2622,1.2681,1.2401,1.243,4346607.9
2025-10-03 08:00:00+00:00,1.243,1.2491,1.2288,1.232,5102740.8
2025-10-03 12:00:00+00:00,1.232,1.2711,1.2306,1.2687,7230392.1
2025-10-03 16:00:00+00:00,1.2687,1.2827,1.2209,1.2388,17327624.8
2025-10-03 20:00:00+00:00,1.2388,1.2455,1.2196,1.2313,6315875.5
2025-10-04 00:00:00+00:00,1.2313,1.236,1.2081,1.215,4974001.8
2025-10-04 04:00:00+00:00,1.215,1.2257,1.2112,1.2161,2816477.9
2025-10-04 08:00:00+00:00,1.2161,1.2189,1.1969,1.2018,4024554.1
2025-10-04 12:00:00+00:00,1.2018,1.2143,1.183,1.1899,6294655.5
2025-10-04 16:00:00+00:00,1.1899,1.2068,1.1853,1.2047,3365584.6
2025-10-04 20:00:00+00:00,1.2047,1.21,1.1998,1.2013,1749357.4
2025-10-05 00:00:00+00:00,1.2013,1.2184,1.1924,1.2109,4787966.6
2025-10-05 04:00:00+00:00,1.2109,1.2409,1.2087,1.2409,5840941.3
2025-10-05 08:00:00+00:00,1.2409,1.2443,1.1626,1.1889,14049757.2
2025-10-05 12:00:00+00:00,1.1889,1.1897,1.1756,1.1821,3637224.8
2025-10-05 16:00:00+00:00,1.1821,1.1859,1.1608,1.1619,4529696.9
2025-10-05 20:00:00+00:00,1.1619,1.1699,1.1582,1.1631,2190779.8
2025-10-06 00:00:00+00:00,1.1631,1.1803,1.1576,1.1776,3986398.3
2025-10-06 04:00:00+00:00,1.1776,1.1857,1.1652,1.1826,3246533.0
2025-10-06 08:00:00+00:00,1.1826,1.2459,1.1779,1.2143,9057239.2
2025-10-06 12:00:00+00:00,1.2143,1.2928,1.2054,1.2569,16127556.6
2025-10-06 16:00:00+00:00,1.2569,1.2692,1.2484,1.2634,6167961.2
2025-10-06 20:00:00+00:00,1.2634,1.2716,1.2428,1.2531,5527260.9
2025-10-07 00:00:00+00:00,1.2531,1.2609,1.2303,1.2344,2835971.3
2025-10-07 04:00:00+00:00,1.2344,1.2531,1.2263,1.2363,4277403.7
2025-10-07 08:00:00+00:00,1.2363,1.2435,1.2165,1.2387,4151509.7
2025-10-07 12:00:00+00:00,1.2387,1.2597,1.182,1.1879,16047065.7
2025-10-07 16:00:00+00:00,1.1879,1.2044,1.1732,1.1872,8583299.3
2025-10-07 20:00:00+00:00,1.1872,1.2058,1.1781,1.1844,3311707.6
2025-10-08 00:00:00+00:00,1.1844,1.2037,1.1647,1.1734,3777933.4
2025-10-08 04:00:00+00:00,1.1734,1.1825,1.163,1.1695,3284690.5
2025-10-08 08:00:00+00:00,1.1695,1.1894,1.1672,1.1772,2897299.3
2025-10-08 12:00:00+00:00,1.1772,1.2071,1.1733,1.1819,5480898.1
2025-10-08 16:00:00+00:00,1.1819,1.2223,1.1802,1.2032,6310800.0
2025-10-08 20:00:00+00:00,1.2032,1.2056,1.1914,1.1983,2196957.0
2025-10-09 00:00:00+00:00,1.1983,1.2039,1.1676,1.188,4131647.1
2025-10-09 04:00:00+00:00,1.188,1.1935,1.1663,1.1698,2336384.5
2025-10-09 08:00:00+00:00,1.1698,1.1719,1.1362,1.1493,7485571.7
2025-10-09 12:00:00+00:00,1.1493,1.1671,1.1182,1.1312,9633973.0
2025-10-09 16:00:00+00:00,1.1312,1.1458,1.1167,1.1445,5501981.6
2025-10-09 20:00:00+00:00,1.1445,1.1628,1.1393,1.1612,2893733.9
2025-10-10 00:00:00+00:00,1.1612,1.1914,1.1537,1.1792,2957230.5
2025-10-10 04:00:00+00:00,1.1792,1.19,1.1655,1.1667,4061947.7
2025-10-10 08:00:00+00:00,1.1667,1.1922,1.1635,1.1854,3175436.8
2025-10-10 12:00:00+00:00,1.1854,1.2012,1.1156,1.1226,14220781.9
2025-10-10 16:00:00+00:00,1.1226,1.1443,1.0838,1.0946,10965250.5
2025-10-10 20:00:00+00:00,1.0946,1.1103,0.2564,0.8279,106575710.9
2025-10-11 00:00:00+00:00,0.8279,0.8372,0.7744,0.7969,22173172.3
2025-10-11 04:00:00+00:00,0.7969,0.8438,0.7942,0.8393,9552230.5
2025-10-11 08:00:00+00:00,0.8393,0.8827,0.8272,0.8657,13658213.5
2025-10-11 12:00:00+00:00,0.8657,0.8708,0.8226,0.8527,8822528.0
2025-10-11 16:00:00+00:00,0.8527,0.861,0.8019,0.8122,9711019.3
2025-10-11 20:00:00+00:00,0.8122,0.815,0.7786,0.807,8621921.3
2025-10-12 00:00:00+00:00,0.807,0.8211,0.7891,0.8123,6688991.2
2025-10-12 04:00:00+00:00,0.8123,0.8439,0.8101,0.8336,5187878.2
2025-10-12 08:00:00+00:00,0.8336,0.8388,0.8142,0.8217,4748639.5
2025-10-12 12:00:00+00:00,0.8217,0.907,0.8126,0.887,19941007.2
2025-10-12 16:00:00+00:00,0.887,0.9457,0.8865,0.9343,15138207.5
2025-10-12 20:00:00+00:00,0.9343,0.9455,0.9035,0.9154,7985387.2
2025-10-13 00:00:00+00:00,0.9154,0.9266,0.8971,0.9066,5415485.0
2025-10-13 04:00:00+00:00,0.9066,0.9516,0.9019,0.9322,5292168.4
2025-10-13 08:00:00+00:00,0.9322,0.9443,0.8935,0.9111,10183968.5
2025-10-13 12:00:00+00:00,0.9111,0.9556,0.9024,0.9527,19759580.6
2025-10-13 16:00:00+00:00,0.9527,1.0228,0.9511,1.0184,23928202.0
2025-10-13 20:00:00+00:00,1.0184,1.0296,1.0078,1.021,4894717.1
2025-10-14 00:00:00+00:00,1.021,1.0291,0.9928,0.9953,6987125.2
2025-10-14 04:00:00+00:00,0.9953,0.9989,0.9045,0.9245,15812787.7
2025-10-14 08:00:00+00:00,0.9245,0.9399,0.8958,0.924,13586224.7
2025-10-14 12:00:00+00:00,0.924,0.9567,0.8959,0.955,14979342.8
2025-10-14 16:00:00+00:00,0.955,0.9769,0.9403,0.9563,15282194.9
2025-10-14 20:00:00+00:00,0.9563,0.9749,0.9471,0.9724,4490656.5
2025-10-15 00:00:00+00:00,0.9724,0.9993,0.9641,0.9738,7213972.5
2025-10-15 04:00:00+00:00,0.9738,1.023,0.9707,1.0129,8992846.9
2025-10-15 08:00:00+00:00,1.0129,1.1018,1.0,1.0097,29888737.3
2025-10-15 12:00:00+00:00,1.0097,1.0114,0.9328,0.9403,25052712.5
2025-10-15 16:00:00+00:00,0.9403,0.9555,0.9248,0.938,11076646.0
2025-10-15 20:00:00+00:00,0.938,0.9436,0.8979,0.9094,14549341.4
2025-10-16 00:00:00+00:00,0.9094,0.9238,0.9051,0.9091,4622627.8
2025-10-16 04:00:00+00:00,0.9091,0.9372,0.9081,0.9175,6648073.8
2025-10-16 08:00:00+00:00,0.9175,0.9341,0.8641,0.9269,17908324.4
2025-10-16 12:00:00+00:00,0.9269,0.9362,0.8841,0.8882,20134388.5
2025-10-16 16:00:00+00:00,0.8882,0.9225,0.8756,0.8892,19112983.8
2025-10-16 20:00:00+00:00,0.8892,0.9015,0.8775,0.8943,11059709.8
2025-10-17 00:00:00+00:00,0.8943,0.9134,0.8903,0.8973,4836397.1
2025-10-17 04:00:00+00:00,0.8973,0.9004,0.8143,0.8199,16098548.3
2025-10-17 08:00:00+00:00,0.8199,0.8846,0.8004,0.8767,28360934.8
2025-10-17 12:00:00+00:00,0.8767,0.8798,0.838,0.8632,19763647.8
2025-10-17 16:00:00+00:00,0.8632,0.8769,0.8524,0.8636,8951703.3
2025-10-17 20:00:00+00:00,0.8636,0.8796,0.861,0.867,4213751.7
2025-10-18 00:00:00+00:00,0.867,0.8829,0.864,0.8744,3482471.5
2025-10-18 04:00:00+00:00,0.8744,0.8853,0.8614,0.8708,4774594.1
2025-10-18 08:00:00+00:00,0.8708,0.8845,0.8687,0.8842,4636344.7
2025-10-18 12:00:00+00:00,0.8842,0.8854,0.8622,0.8719,5511770.4
2025-10-18 16:00:00+00:00,0.8719,0.8794,0.8616,0.8753,4208031.3
2025-10-18 20:00:00+00:00,0.8753,0.8792,0.8684,0.8737,1763395.3
2025-10-19 00:00:00+00:00,0.8737,0.878,0.8621,0.8765,2564498.0
2025-10-19 04:00:00+00:00,0.8765,0.8776,0.8627,0.8698,1895917.1
2025-10-19 08:00:00+00:00,0.8698,0.9132,0.8562,0.901,16107354.6
2025-10-19 12:00:00+00:00,0.901,0.9262,0.8934,0.9122,9091381.6
2025-10-19 16:00:00+00:00,0.9122,0.9217,0.9036,0.9114,6568752.8
2025-10-19 20:00:00+00:00,0.9114,0.9169,0.8988,0.9009,3411375.3
2025-10-20 00:00:00+00:00,0.9009,0.9216,0.8788,0.9172,5891762.6
2025-10-20 04:00:00+00:00,0.9172,0.9336,0.9138,0.9212,6613925.8
2025-10-20 08:00:00+00:00,0.9212,0.9382,0.9115,0.9269,9165761.8
2025-10-20 12:00:00+00:00,0.9269,0.9427,0.9191,0.9199,7690421.7
2025-10-20 16:00:00+00:00,0.9199,0.9255,0.8982,0.923,11266774.4
2025-10-20 20:00:00+00:00,0.923,0.9255,0.9132,0.9156,2520220.1
2025-10-21 00:00:00+00:00,0.9156,0.9178,0.8901,0.8911,4407201.2
2025-10-21 04:00:00+00:00,0.8911,0.8921,0.871,0.8893,7180186.8
2025-10-21 08:00:00+00:00,0.8893,0.8938,0.8738,0.8912,3958426.1
2025-10-21 12:00:00+00:00,0.8912,0.9552,0.8849,0.9487,17296512.7
2025-10-21 16:00:00+00:00,0.9487,0.9684,0.9282,0.9408,18146682.7
2025-10-21 20:00:00+00:00,0.9408,0.9428,0.8962,0.8995,9151863.9
2025-10-22 00:00:00+00:00,0.8995,0.9047,0.8862,0.8921,6505388.2
2025-10-22 04:00:00+00:00,0.8921,0.9007,0.8792,0.8937,5817101.4
2025-10-22 08:00:00+00:00,0.8937,0.8979,0.8632,0.8928,10812131.5
2025-10-22 12:00:00+00:00,0.8928,0.9032,0.8774,0.8878,16509844.5
2025-10-22 16:00:00+00:00,0.8878,0.8924,0.8643,0.873,10226438.2
2025-10-22 20:00:00+00:00,0.873,0.8759,0.8245,0.8623,12088473.8
2025-10-23 00:00:00+00:00,0.8623,0.8722,0.8596,0.8702,3800930.2
2025-10-23 04:00:00+00:00,0.8702,0.8958,0.867,0.8895,6242586.6
2025-10-23 08:00:00+00:00,0.8895,0.9028,0.8872,0.8883,3966769.8
2025-10-23 12:00:00+00:00,0.8883,0.9089,0.8782,0.9047,8453504.0
2025-10-23 16:00:00+00:00,0.9047,0.9197,0.8978,0.9045,7754676.4
2025-10-23 20:00:00+00:00,0.9045,0.9068,0.8926,0.9039,3439212.0
2025-10-24 00:00:00+00:00,0.9039,0.9095,0.8985,0.9016,2522846.7
2025-10-24 04:00:00+00:00,0.9016,0.9301,0.8991,0.9184,5672422.3
2025-10-24 08:00:00+00:00,0.9184,0.926,0.9112,0.9226,3228169.9
2025-10-24 12:00:00+00:00,0.9226,0.9434,0.896,0.9023,11632250.9
2025-10-24 16:00:00+00:00,0.9023,0.9204,0.8965,0.9178,3890430.5
2025-10-24 20:00:00+00:00,0.9178,0.9289,0.9172,0.9244,2158133.3
2025-10-25 00:00:00+00:00,0.9244,0.9252,0.9143,0.9144,1642350.2
2025-10-25 04:00:00+00:00,0.9144,0.9199,0.908,0.9094,1908854.2
2025-10-25 08:00:00+00:00,0.9094,0.9148,0.9063,0.9113,1903265.5
2025-10-25 12:00:00+00:00,0.9113,0.9178,0.9084,0.9117,2456281.9
2025-10-25 16:00:00+00:00,0.9117,0.9268,0.91,0.9259,2136902.0
2025-10-25 20:00:00+00:00,0.9259,0.93,0.9205,0.9236,1621282.8
2025-10-26 00:00:00+00:00,0.9236,0.9289,0.9084,0.9104,2027936.7
2025-10-26 04:00:00+00:00,0.9104,0.9278,0.9096,0.9268,1268306.1
2025-10-26 08:00:00+00:00,0.9268,0.965,0.9268,0.9605,9024772.4
2025-10-26 12:00:00+00:00,0.9605,0.9664,0.9506,0.9593,6069046.8
2025-10-26 16:00:00+00:00,0.9593,0.9602,0.9523,0.9601,1653789.6
2025-10-26 20:00:00+00:00,0.9601,0.9809,0.9483,0.9684,5755540.0
2025-10-27 00:00:00+00:00,0.9684,0.9805,0.9658,0.974,2729163.8
2025-10-27 04:00:00+00:00,0.974,0.9821,0.9577,0.9652,3597631.0
2025-10-27 08:00:00+00:00,0.9652,0.9712,0.9425,0.9508,5063554.6
2025-10-27 12:00:00+00:00,0.9508,0.9535,0.9313,0.9433,7583885.3
2025-10-27 16:00:00+00:00,0.9433,0.9728,0.9433,0.9551,5971086.2
2025-10-27 20:00:00+00:00,0.9551,0.9556,0.9303,0.9398,4267044.1
2025-10-28 00:00:00+00:00,0.9398,0.9467,0.9293,0.9346,3722378.8
2025-10-28 04:00:00+00:00,0.9346,0.9526,0.9267,0.9383,4118084.4
2025-10-28 08:00:00+00:00,0.9383,0.9465,0.9346,0.9355,3458857.4
2025-10-28 12:00:00+00:00,0.9355,0.9565,0.9272,0.9352,9407122.5
2025-10-28 16:00:00+00:00,0.9352,0.95,0.9122,0.9164,6166708.0
2025-10-28 20:00:00+00:00,0.9164,0.9167,0.8824,0.9008,10435745.4
2025-10-29 00:00:00+00:00,0.9008,0.9086,0.8975,0.9062,2734173.5
2025-10-29 04:00:00+00:00,0.9062,0.9184,0.9052,0.9143,2936713.5
2025-10-29 08:00:00+00:00,0.9143,0.9305,0.9048,0.9292,3724151.7
2025-10-29 12:00:00+00:00,0.9292,0.9394,0.9129,0.9188,6427970.6
2025-10-29 16:00:00+00:00,0.9188,0.9576,0.9006,0.9426,18281627.8
2025-10-29 20:00:00+00:00,0.9426,0.9572,0.9171,0.9232,6925780.5
2025-10-30 00:00:00+00:00,0.9232,0.9306,0.9144,0.92,5538488.8
2025-10-30 04:00:00+00:00,0.92,0.92,0.8767,0.9066,13600661.5
2025-10-30 08:00:00+00:00,0.9066,0.9068,0.8831,0.8833,5326946.1
2025-10-30 12:00:00+00:00,0.8833,0.8841,0.8358,0.8404,14484264.0
2025-10-30 16:00:00+00:00,0.8404,0.8461,0.8044,0.8065,10631011.2
2025-10-30 20:00:00+00:00,0.8065,0.8382,0.8033,0.8375,7097543.9
2025-10-31 00:00:00+00:00,0.8375,0.8626,0.8365,0.8562,4502164.8
2025-10-31 04:00:00+00:00,0.8562,0.8677,0.8495,0.8522,3845903.1
2025-10-31 08:00:00+00:00,0.8522,0.8692,0.8483,0.8685,3277599.9
2025-10-31 12:00:00+00:00,0.8685,0.8748,0.8572,0.8656,8902214.1
2025-10-31 16:00:00+00:00,0.8656,0.8827,0.8398,0.8812,11308911.0
2025-10-31 20:00:00+00:00,0.8812,0.8845,0.8661,0.8714,4197810.7
2025-11-01 00:00:00+00:00,0.8714,0.8806,0.8626,0.8788,2503215.2
2025-11-01 04:00:00+00:00,0.8788,0.8817,0.8662,0.8801,2829943.9
2025-11-01 08:00:00+00:00,0.8801,0.8863,0.8742,0.8823,2789020.5
2025-11-01 12:00:00+00:00,0.8823,0.8856,0.8726,0.8819,2305438.4
2025-11-01 16:00:00+00:00,0.8819,0.8905,0.8795,0.8864,1861446.8
2025-11-01 20:00:00+00:00,0.8864,0.8931,0.8761,0.8855,1522507.1
2025-11-02 00:00:00+00:00,0.8855,0.8863,0.8776,0.8791,986323.3
2025-11-02 04:00:00+00:00,0.8791,0.8939,0.8766,0.8918,1570258.0
2025-11-02 08:00:00+00:00,0.8918,0.8934,0.8696,0.8856,3195072.0
2025-11-02 12:00:00+00:00,0.8856,0.8871,0.8588,0.8652,3246694.9
2025-11-02 16:00:00+00:00,0.8652,0.8727,0.8578,0.8643,2418405.9
2025-11-02 20:00:00+00:00,0.8643,0.8834,0.8596,0.88,1720595.1
2025-11-03 00:00:00+00:00,0.88,0.8853,0.821,0.8225,6546642.8
2025-11-03 04:00:00+00:00,0.8225,0.8329,0.8052,0.8132,6185580.1
2025-11-03 08:00:00+00:00,0.8132,0.8187,0.7928,0.8032,7390730.7
2025-11-03 12:00:00+00:00,0.8032,0.8134,0.7244,0.7502,26887905.8
2025-11-03 16:00:00+00:00,0.7502,0.7779,0.744,0.7497,13293644.9
2025-11-03 20:00:00+00:00,0.7497,0.7517,0.7282,0.7394,6864434.4
2025-11-04 00:00:00+00:00,0.7394,0.7653,0.7323,0.761,4507768.3
2025-11-04 04:00:00+00:00,0.761,0.7644,0.7139,0.7205,14470277.5
2025-11-04 08:00:00+00:00,0.7205,0.7433,0.7118,0.7354,8160326.1
2025-11-04 12:00:00+00:00,0.7354,0.7676,0.7269,0.7432,10874399.3
2025-11-04 16:00:00+00:00,0.7432,0.7521,0.6995,0.7085,23484720.8
2025-11-04 20:00:00+00:00,0.7085,0.7341,0.667,0.7237,29782025.6
2025-11-05 00:00:00+00:00,0.7237,0.7366,0.6844,0.7346,12675190.0
2025-11-05 04:00:00+00:00,0.7346,0.7405,0.7287,0.7378,4774496.1
2025-11-05 08:00:00+00:00,0.7378,0.7429,0.7185,0.7414,6485073.6
2025-11-05 12:00:00+00:00,0.7414,0.7575,0.7361,0.7565,7191842.3
2025-11-05 16:00:00+00:00,0.7565,0.7747,0.7471,0.7693,6252889.6
2025-11-05 20:00:00+00:00,0.7693,0.7733,0.7603,0.7668,2848147.4
2025-11-06 00:00:00+00:00,0.7668,0.7742,0.7532,0.7701,3056188.0
2025-11-06 04:00:00+00:00,0.7701,0.7736,0.749,0.7513,3048913.3
2025-11-06 08:00:00+00:00,0.7513,0.7604,0.7458,0.7529,3965027.1
2025-11-06 12:00:00+00:00,0.7529,0.7609,0.7263,0.7317,9801175.2
2025-11-06 16:00:00+00:00,0.7317,0.7473,0.7142,0.7365,8079152.8
2025-11-06 20:00:00+00:00,0.7365,0.7418,0.7242,0.736,3311617.9
2025-11-07 00:00:00+00:00,0.736,0.7655,0.7356,0.7591,5492800.3
2025-11-07 04:00:00+00:00,0.7591,0.7695,0.7486,0.769,3040345.7
2025-11-07 08:00:00+00:00,0.769,0.7717,0.7346,0.7458,5019379.0
2025-11-07 12:00:00+00:00,0.7458,0.7864,0.7271,0.7804,13850086.1
2025-11-07 16:00:00+00:00,0.7804,0.8454,0.7796,0.8316,13998502.7
2025-11-07 20:00:00+00:00,0.8316,0.8495,0.8242,0.8342,4045493.9
2025-11-08 00:00:00+00:00,0.8342,0.8495,0.8193,0.8332,3643250.9
2025-11-08 04:00:00+00:00,0.8332,0.8455,0.814,0.8269,3060042.8
2025-11-08 08:00:00+00:00,0.8269,0.8374,0.819,0.8241,2831082.8
2025-11-08 12:00:00+00:00,0.8241,0.8296,0.7922,0.7949,5292813.5
2025-11-08 16:00:00+00:00,0.7949,0.8111,0.7859,0.8055,2992100.3
2025-11-08 20:00:00+00:00,0.8055,0.8121,0.8007,0.8073,1806318.8
2025-11-09 00:00:00+00:00,0.8073,0.8077,0.7778,0.783,3253883.1
2025-11-09 04:00:00+00:00,0.783,0.8022,0.7819,0.8022,2399391.2
2025-11-09 08:00:00+00:00,0.8022,0.8112,0.7862,0.8051,3863036.0
2025-11-09 12:00:00+00:00,0.8051,0.8437,0.8034,0.8304,9165516.2
2025-11-09 16:00:00+00:00,0.8304,0.849,0.8246,0.8488,4151867.2
2025-11-09 20:00:00+00:00,0.8488,0.8537,0.8358,0.8407,3448146.1
2025-11-10 00:00:00+00:00,0.8407,0.8625,0.8338,0.8533,4558208.5
2025-11-10 04:00:00+00:00,0.8533,0.8578,0.8402,0.8457,2448405.1
2025-11-10 08:00:00+00:00,0.8457,0.8611,0.836,0.8576,3372024.2
2025-11-10 12:00:00+00:00,0.8576,0.859,0.8279,0.836,5262508.0
2025-11-10 16:00:00+00:00,0.836,0.9258,0.8253,0.8678,20743354.9
2025-11-10 20:00:00+00:00,0.8678,0.9024,0.8457,0.882,15425449.9
2025-11-11 00:00:00+00:00,0.882,0.9108,0.8683,0.8939,7705433.7
2025-11-11 04:00:00+00:00,0.8939,0.9009,0.8435,0.8471,5254784.4
2025-11-11 08:00:00+00:00,0.8471,0.8775,0.8437,0.8772,8285764.5
2025-11-11 12:00:00+00:00,0.8772,0.885,0.8222,0.8266,14011182.3
2025-11-11 16:00:00+00:00,0.8266,0.8388,0.8107,0.8125,4961849.4
2025-11-11 20:00:00+00:00,0.8125,0.8138,0.7971,0.8025,3619267.2
2025-11-12 00:00:00+00:00,0.8025,0.8262,0.7987,0.8203,3514753.8
2025-11-12 04:00:00+00:00,0.8203,0.8331,0.8123,0.8194,2696177.3
2025-11-12 08:00:00+00:00,0.8194,0.8608,0.8194,0.8533,4966556.8
2025-11-12 12:00:00+00:00,0.8533,0.8642,0.7985,0.8018,8343174.7
2025-11-12 16:00:00+00:00,0.8018,0.8042,0.7764,0.7889,8000326.6
2025-11-12 20:00:00+00:00,0.7889,0.8021,0.7866,0.7928,1913205.0
2025-11-13 00:00:00+00:00,0.7928,0.8267,0.7916,0.8178,3270653.9
2025-11-13 04:00:00+00:00,0.8178,0.8505,0.8109,0.8423,4395974.2
2025-11-13 08:00:00+00:00,0.8423,0.8457,0.8238,0.829,3906004.5
2025-11-13 12:00:00+00:00,0.829,0.8348,0.8012,0.8063,7922089.3
2025-11-13 16:00:00+00:00,0.8063,0.8065,0.7459,0.7487,12493221.8
2025-11-13 20:00:00+00:00,0.7487,0.7833,0.7433,0.7745,5988395.4
2025-11-14 00:00:00+00:00,0.7745,0.7826,0.7637,0.7708,5389752.1
2025-11-14 04:00:00+00:00,0.7708,0.7753,0.7357,0.7686,10801789.4
2025-11-14 08:00:00+00:00,0.7686,0.7699,0.7431,0.7495,5035095.9
2025-11-14 12:00:00+00:00,0.7495,0.7775,0.7316,0.7681,12843008.2
2025-11-14 16:00:00+00:00,0.7681,0.7905,0.7647,0.7822,8060764.6
2025-11-14 20:00:00+00:00,0.7822,0.7828,0.7388,0.751,6424928.5
2025-11-15 00:00:00+00:00,0.751,0.7678,0.7498,0.7668,5459308.5
2025-11-15 04:00:00+00:00,0.7668,0.7751,0.7641,0.7662,1997096.9
2025-11-15 08:00:00+00:00,0.7662,0.767,0.7501,0.7579,3799882.8
2025-11-15 12:00:00+00:00,0.7579,0.7738,0.7543,0.7615,3174678.0
2025-11-15 16:00:00+00:00,0.7615,0.7741,0.7556,0.7639,3668502.0
2025-11-15 20:00:00+00:00,0.7639,0.764,0.7466,0.7536,2788402.3
2025-11-16 00:00:00+00:00,0.7536,0.7643,0.7402,0.7604,2655824.2
2025-11-16 04:00:00+00:00,0.7604,0.7698,0.7538,0.7674,1606995.5
2025-11-16 08:00:00+00:00,0.7674,0.7685,0.745,0.7475,3249525.3
2025-11-16 12:00:00+00:00,0.7475,0.7529,0.728,0.7311,5683530.5
2025-11-16 16:00:00+00:00,0.7311,0.7386,0.7065,0.7178,13300063.6
2025-11-16 20:00:00+00:00,0.7178,0.7352,0.7094,0.7302,4919633.9
2025-11-17 00:00:00+00:00,0.7302,0.7475,0.7211,0.7472,4569174.5
2025-11-17 04:00:00+00:00,0.7472,0.7589,0.7427,0.7571,2560180.8
2025-11-17 08:00:00+00:00,0.7571,0.7592,0.7481,0.7514,2117566.3
2025-11-17 12:00:00+00:00,0.7514,0.7596,0.7201,0.7247,11074923.1
2025-11-17 16:00:00+00:00,0.7247,0.734,0.6882,0.6926,12878095.3
2025-11-17 20:00:00+00:00,0.6926,0.6978,0.6766,0.6794,10666234.1
2025-11-18 00:00:00+00:00,0.6794,0.7092,0.6713,0.7049,11716949.5
2025-11-18 04:00:00+00:00,0.7049,0.7119,0.6907,0.702,5576953.1
2025-11-18 08:00:00+00:00,0.702,0.7145,0.701,0.7084,4414736.0
2025-11-18 12:00:00+00:00,0.7084,0.7306,0.7016,0.7249,9258368.2
2025-11-18 16:00:00+00:00,0.7249,0.7415,0.7233,0.7378,6756574.6
2025-11-18 20:00:00+00:00,0.7378,0.7384,0.7234,0.7338,2458771.6
2025-11-19 00:00:00+00:00,0.7338,0.7375,0.7206,0.7238,3644414.5
2025-11-19 04:00:00+00:00,0.7238,0.7249,0.6992,0.7231,6864581.7
2025-11-19 08:00:00+00:00,0.7231,0.733,0.7154,0.7262,3233983.2
2025-11-19 12:00:00+00:00,0.7262,0.7276,0.6984,0.7008,8435300.9
2025-11-19 16:00:00+00:00,0.7008,0.7059,0.6764,0.6814,10460051.9
2025-11-19 20:00:00+00:00,0.6814,0.7381,0.6791,0.7127,19117227.7
2025-11-20 00:00:00+00:00,0.7127,0.7251,0.7101,0.7246,3141368.6
2025-11-20 04:00:00+00:00,0.7246,0.7361,0.7202,0.7358,3343220.4
2025-11-20 08:00:00+00:00,0.7358,0.7367,0.7268,0.7356,3049747.0
2025-11-20 12:00:00+00:00,0.7356,0.7518,0.718,0.7189,11277785.0
2025-11-20 16:00:00+00:00,0.7189,0.7208,0.6585,0.6758,24320590.2
2025-11-20 20:00:00+00:00,0.6758,0.6946,0.6654,0.6695,7907882.3
2025-11-21 00:00:00+00:00,0.6695,0.6907,0.6663,0.6741,7112663.6
2025-11-21 04:00:00+00:00,0.6741,0.6788,0.5898,0.6341,17780055.1
2025-11-21 08:00:00+00:00,0.6341,0.6448,0.6075,0.61,13456828.6
2025-11-21 12:00:00+00:00,0.61,0.6266,0.5934,0.5997,19807202.2
2025-11-21 16:00:00+00:00,0.5997,0.6325,0.5918,0.6121,12786784.1
2025-11-21 20:00:00+00:00,0.6121,0.6162,0.5877,0.6139,8141379.6
2025-11-22 00:00:00+00:00,0.6139,0.625,0.6097,0.6187,3963896.9
2025-11-22 04:00:00+00:00,0.6187,0.6201,0.6014,0.614,3313215.9
2025-11-22 08:00:00+00:00,0.614,0.6181,0.6002,0.6158,3602697.4
2025-11-22 12:00:00+00:00,0.6158,0.62,0.6036,0.6094,2965618.0
2025-11-22 16:00:00+00:00,0.6094,0.6227,0.6087,0.6174,3071426.6
2025-11-22 20:00:00+00:00,0.6174,0.6333,0.6139,0.6243,2697195.2
2025-11-23 00:00:00+00:00,0.6243,0.6364,0.6199,0.6331,2410847.7
2025-11-23 04:00:00+00:00,0.6331,0.6418,0.6279,0.6331,3333040.3
2025-11-23 08:00:00+00:00,0.6331,0.6346,0.6197,0.6254,2557201.4
2025-11-23 12:00:00+00:00,0.6254,0.6327,0.622,0.6286,2446847.6
2025-11-23 16:00:00+00:00,0.6286,0.6343,0.6187,0.6292,2892966.6
2025-11-23 20:00:00+00:00,0.6292,0.6322,0.6153,0.6169,2463801.7
2025-11-24 00:00:00+00:00,0.6169,0.641,0.6089,0.6357,4125024.3
2025-11-24 04:00:00+00:00,0.6357,0.6489,0.6237,0.6366,4961215.6
2025-11-24 08:00:00+00:00,0.6366,0.6413,0.623,0.6357,4685178.9
2025-11-24 12:00:00+00:00,0.6357,0.6454,0.6245,0.6396,6955542.8
2025-11-24 16:00:00+00:00,0.6396,0.6745,0.6394,0.6688,7781159.4
2025-11-24 20:00:00+00:00,0.6688,0.676,0.6614,0.663,3101323.8
2025-11-25 00:00:00+00:00,0.663,0.6634,0.6507,0.6559,2269549.1
2025-11-25 04:00:00+00:00,0.6559,0.6616,0.6482,0.649,2038323.5
2025-11-25 08:00:00+00:00,0.649,0.6565,0.6461,0.6504,2121380.9
2025-11-25 12:00:00+00:00,0.6504,0.6583,0.6363,0.6474,4182177.8
2025-11-25 16:00:00+00:00,0.6474,0.6659,0.6439,0.6553,3791998.6
2025-11-25 20:00:00+00:00,0.6553,0.6796,0.6553,0.6721,2989788.4
2025-11-26 00:00:00+00:00,0.6721,0.6807,0.661,0.6618,2343459.5
2025-11-26 04:00:00+00:00,0.6618,0.6695,0.6595,0.6693,2030486.6
2025-11-26 08:00:00+00:00,0.6693,0.6701,0.6519,0.6543,3701487.6
2025-11-26 12:00:00+00:00,0.6543,0.6578,0.6431,0.6467,5849907.9
2025-11-26 16:00:00+00:00,0.6467,0.6829,0.6464,0.6708,15484390.3
2025-11-26 20:00:00+00:00,0.6708,0.6745,0.6642,0.6666,2931812.5
2025-11-27 00:00:00+00:00,0.6666,0.6737,0.6608,0.6614,4385308.9
2025-11-27 04:00:00+00:00,0.6614,0.6671,0.6585,0.6623,2449410.6
2025-11-27 08:00:00+00:00,0.6623,0.672,0.657,0.6679,4415866.9
2025-11-27 12:00:00+00:00,0.6679,0.6747,0.6623,0.6739,4041915.8
2025-11-27 16:00:00+00:00,0.6739,0.6822,0.6727,0.676,3792737.7
2025-11-27 20:00:00+00:00,0.676,0.6811,0.6656,0.6672,1688443.6
2025-11-28 00:00:00+00:00,0.6672,0.67,0.658,0.6636,1969085.2
2025-11-28 04:00:00+00:00,0.6636,0.6673,0.6586,0.6629,1445293.1
2025-11-28 08:00:00+00:00,0.6629,0.6832,0.6628,0.6683,4160770.5
2025-11-28 12:00:00+00:00,0.6683,0.6811,0.6625,0.6729,3695912.8
2025-11-28 16:00:00+00:00,0.6729,0.673,0.6518,0.6655,4590971.0
2025-11-28 20:00:00+00:00,0.6655,0.6682,0.6589,0.6625,1717221.2
2025-11-29 00:00:00+00:00,0.6625,0.6705,0.661,0.6624,1224019.9
2025-11-29 04:00:00+00:00,0.6624,0.6677,0.6549,0.6567,1981166.1
2025-11-29 08:00:00+00:00,0.6567,0.6589,0.6493,0.6582,2278596.3
2025-11-29 12:00:00+00:00,0.6582,0.6587,0.6502,0.6562,1585947.3
2025-11-29 16:00:00+00:00,0.6562,0.6566,0.6455,0.6487,2765477.1
2025-11-29 20:00:00+00:00,0.6487,0.6534,0.6471,0.6485,996825.4
2025-11-30 00:00:00+00:00,0.6485,0.6541,0.6427,0.6506,1314708.6
2025-11-30 04:00:00+00:00,0.6506,0.6545,0.6419,0.6538,1327448.1
2025-11-30 08:00:00+00:00,0.6538,0.6579,0.6475,0.648,1854876.3
2025-11-30 12:00:00+00:00,0.648,0.6621,0.6459,0.6503,2374486.5
2025-11-30 16:00:00+00:00,0.6503,0.6601,0.6502,0.6567,1454631.6
2025-11-30 20:00:00+00:00,0.6567,0.6601,0.641,0.6421,1667808.8
2025-12-01 00:00:00+00:00,0.6421,0.6428,0.5867,0.5883,12653822.9
2025-12-01 04:00:00+00:00,0.5883,0.5939,0.5837,0.5933,3076703.0
2025-12-01 08:00:00+00:00,0.5933,0.5945,0.5806,0.5823,4179583.4
2025-12-01 12:00:00+00:00,0.5823,0.5844,0.5617,0.572,11211419.3
2025-12-01 16:00:00+00:00,0.572,0.5734,0.5635,0.5733,6236655.6
2025-12-01 20:00:00+00:00,0.5733,0.586,0.5724,0.5742,5200143.9
2025-12-02 00:00:00+00:00,0.5742,0.5763,0.5533,0.5629,5243615.7
2025-12-02 04:00:00+00:00,0.5629,0.5694,0.5571,0.5611,3672546.2
2025-12-02 08:00:00+00:00,0.5611,0.5638,0.5547,0.5595,3010093.9
2025-12-02 12:00:00+00:00,0.5595,0.6291,0.5555,0.6282,12220789.0
2025-12-02 16:00:00+00:00,0.6282,0.6377,0.6138,0.6148,6752481.2
2025-12-02 20:00:00+00:00,0.6148,0.6239,0.6051,0.6158,3459689.0
2025-12-03 00:00:00+00:00,0.6158,0.6281,0.6158,0.624,2529595.3
2025-12-03 04:00:00+00:00,0.624,0.6353,0.6211,0.6265,3032644.6
2025-12-03 08:00:00+00:00,0.6265,0.6341,0.6234,0.6285,2224710.4
2025-12-03 12:00:00+00:00,0.6285,0.6423,0.6153,0.6352,6611817.5
2025-12-03 16:00:00+00:00,0.6352,0.6521,0.6313,0.6415,4360617.2
2025-12-03 20:00:00+00:00,0.6415,0.6615,0.639,0.6537,4551056.1
2025-12-04 00:00:00+00:00,0.6537,0.6615,0.6462,0.6474,3053064.0
2025-12-04 04:00:00+00:00,0.6474,0.6518,0.6417,0.6482,2035210.3
2025-12-04 08:00:00+00:00,0.6482,0.6491,0.6375,0.6401,2069796.2
2025-12-04 12:00:00+00:00,0.6401,0.6456,0.6292,0.6419,4591474.1
2025-12-04 16:00:00+00:00,0.6419,0.6469,0.6181,0.6302,5200684.8
2025-12-04 20:00:00+00:00,0.6302,0.6348,0.6254,0.6286,1871459.1
2025-12-05 00:00:00+00:00,0.6286,0.6339,0.6261,0.6273,1865476.4
2025-12-05 04:00:00+00:00,0.6273,0.6294,0.6203,0.6278,1582420.9
2025-12-05 08:00:00+00:00,0.6278,0.6278,0.6079,0.6095,4016688.1
2025-12-05 12:00:00+00:00,0.6095,0.6149,0.595,0.6011,6112708.8
2025-12-05 16:00:00+00:00,0.6011,0.6016,0.5648,0.5748,11360260.9
2025-12-05 20:00:00+00:00,0.5748,0.5783,0.5679,0.5704,2308622.2
2025-12-06 00:00:00+00:00,0.5704,0.576,0.5687,0.572,966444.2
2025-12-06 04:00:00+00:00,0.572,0.5732,0.5672,0.5691,836756.0
2025-12-06 08:00:00+00:00,0.5691,0.5701,0.5634,0.5655,1295347.4
2025-12-06 12:00:00+00:00,0.5655,0.5749,0.563,0.565,2239603.8
2025-12-06 16:00:00+00:00,0.565,0.5802,0.5643,0.5737,2333582.8
2025-12-06 20:00:00+00:00,0.5737,0.583,0.5726,0.5758,1635252.0
2025-12-07 00:00:00+00:00,0.5758,0.5855,0.5755,0.5819,977533.8
2025-12-07 04:00:00+00:00,0.5819,0.5863,0.5779,0.5852,844835.6
2025-12-07 08:00:00+00:00,0.5852,0.5877,0.574,0.5802,1333049.1
2025-12-07 12:00:00+00:00,0.5802,0.5856,0.5553,0.5792,8126736.5
2025-12-07 16:00:00+00:00,0.5792,0.5973,0.5692,0.5959,6150899.1
2025-12-07 20:00:00+00:00,0.5959,0.6023,0.5651,0.5718,4946192.8
2025-12-08 00:00:00+00:00,0.5718,0.5919,0.5687,0.5864,2232877.3
2025-12-08 04:00:00+00:00,0.5864,0.6004,0.5849,0.5991,4934021.2
2025-12-08 08:00:00+00:00,0.5991,0.6084,0.5933,0.5968,3980599.0
2025-12-08 12:00:00+00:00,0.5968,0.6107,0.59,0.598,5663789.2
2025-12-08 16:00:00+00:00,0.598,0.608,0.589,0.5919,8716165.2
2025-12-08 20:00:00+00:00,0.5919,0.6041,0.5919,0.598,2752405.1
2025-12-09 00:00:00+00:00,0.598,0.6024,0.5908,0.6,1884879.9
2025-12-09 04:00:00+00:00,0.6,0.6017,0.5902,0.5993,2175064.8
2025-12-09 08:00:00+00:00,0.5993,0.6028,0.5919,0.5971,2261749.4
2025-12-09 12:00:00+00:00,0.5971,0.6304,0.5957,0.6287,7300579.9
2025-12-09 16:00:00+00:00,0.6287,0.6594,0.6287,0.6467,7256370.2
2025-12-09 20:00:00+00:00,0.6467,0.6467,0.6269,0.6351,3518168.3
2025-12-10 00:00:00+00:00,0.6351,0.6365,0.6263,0.6307,2041554.8
2025-12-10 04:00:00+00:00,0.6307,0.6333,0.6258,0.6305,1451600.4
2025-12-10 08:00:00+00:00,0.6305,0.639,0.6209,0.625,3433806.7
2025-12-10 12:00:00+00:00,0.625,0.6304,0.6212,0.6238,2582373.7
2025-12-10 16:00:00+00:00,0.6238,0.651,0.6227,0.6459,7592695.9
2025-12-10 20:00:00+00:00,0.6459,0.6604,0.6161,0.6193,7301185.0
2025-12-11 00:00:00+00:00,0.6193,0.6199,0.5781,0.5794,5051357.0
2025-12-11 04:00:00+00:00,0.5794,0.5901,0.5769,0.5873,2493566.5
2025-12-11 08:00:00+00:00,0.5873,0.5888,0.5808,0.5838,3384769.7
2025-12-11 12:00:00+00:00,0.5838,0.5892,0.5774,0.5816,3820332.0
2025-12-11 16:00:00+00:00,0.5816,0.5975,0.5744,0.5897,4030627.9
2025-12-11 20:00:00+00:00,0.5897,0.6105,0.5877,0.6003,3936964.0
2025-12-12 00:00:00+00:00,0.6003,0.6076,0.5916,0.6037,2788909.9
2025-12-12 04:00:00+00:00,0.6037,0.6195,0.601,0.617,2016380.5
2025-12-12 08:00:00+00:00,0.617,0.6294,0.6165,0.6189,2988178.2
2025-12-12 12:00:00+00:00,0.6189,0.626,0.5808,0.5839,6904135.8
2025-12-12 16:00:00+00:00,0.5839,0.592,0.5744,0.583,6330107.6
2025-12-12 20:00:00+00:00,0.583,0.5916,0.5821,0.5892,1320670.2
2025-12-13 00:00:00+00:00,0.5892,0.5931,0.5874,0.5923,771995.6
2025-12-13 04:00:00+00:00,0.5923,0.5961,0.5895,0.5959,1069352.6
2025-12-13 08:00:00+00:00,0.5959,0.6038,0.5956,0.5987,1255899.2
2025-12-13 12:00:00+00:00,0.5987,0.602,0.5936,0.5992,1013589.3
2025-12-13 16:00:00+00:00,0.5992,0.6011,0.5968,0.6002,716508.3
2025-12-13 20:00:00+00:00,0.6002,0.6007,0.5938,0.5996,628713.2
2025-12-14 00:00:00+00:00,0.5996,0.6041,0.5968,0.5988,880412.5
2025-12-14 04:00:00+00:00,0.5988,0.5992,0.5878,0.593,1540296.7
2025-12-14 08:00:00+00:00,0.593,0.5941,0.5809,0.5876,2354443.5
2025-12-14 12:00:00+00:00,0.5876,0.5939,0.5843,0.5874,1901465.5
2025-12-14 16:00:00+00:00,0.5874,0.5918,0.5807,0.5835,1618029.7
2025-12-14 20:00:00+00:00,0.5835,0.5866,0.5741,0.5823,2389562.7
2025-12-15 00:00:00+00:00,0.5823,0.6094,0.5823,0.5982,3458682.4
2025-12-15 04:00:00+00:00,0.5982,0.6028,0.5949,0.5972,1592554.8
2025-12-15 08:00:00+00:00,0.5972,0.6046,0.5959,0.5989,1362735.0
2025-12-15 12:00:00+00:00,0.5989,0.6005,0.5551,0.5595,8931670.4
2025-12-15 16:00:00+00:00,0.5595,0.5596,0.5361,0.5461,7446681.0
2025-12-15 20:00:00+00:00,0.5461,0.5509,0.5393,0.5478,2385354.9
2025-12-16 00:00:00+00:00,0.5478,0.5516,0.5438,0.5482,2390921.7
2025-12-16 04:00:00+00:00,0.5482,0.5503,0.5337,0.5425,2785580.6
2025-12-16 08:00:00+00:00,0.5425,0.5596,0.542,0.5588,2179870.1
2025-12-16 12:00:00+00:00,0.5588,0.5663,0.5422,0.5638,7378931.7
2025-12-16 16:00:00+00:00,0.5638,0.5655,0.5507,0.5552,3965739.3
2025-12-16 20:00:00+00:00,0.5552,0.5581,0.552,0.5553,1415282.7
2025-12-17 00:00:00+00:00,0.5553,0.5605,0.5486,0.5544,1339897.9
2025-12-17 04:00:00+00:00,0.5544,0.5551,0.5473,0.551,1714679.6
2025-12-17 08:00:00+00:00,0.551,0.5512,0.5438,0.5471,3104145.4
2025-12-17 12:00:00+00:00,0.5471,0.5701,0.5366,0.5398,9636044.5
2025-12-17 16:00:00+00:00,0.5398,0.5453,0.5112,0.5184,11037377.7
2025-12-17 20:00:00+00:00,0.5184,0.5233,0.5092,0.5133,2987069.4
2025-12-18 00:00:00+00:00,0.5133,0.5178,0.5087,0.5101,2665743.0
2025-12-18 04:00:00+00:00,0.5101,0.5132,0.5044,0.5077,2366801.5
2025-12-18 08:00:00+00:00,0.5077,0.5159,0.5074,0.5153,1811084.6
2025-12-18 12:00:00+00:00,0.5153,0.5503,0.5137,0.5428,10786716.2
2025-12-18 16:00:00+00:00,0.5428,0.5432,0.4905,0.4927,10427864.5
2025-12-18 20:00:00+00:00,0.4927,0.512,0.4914,0.5056,3739922.5
2025-12-19 00:00:00+00:00,0.5056,0.5243,0.4999,0.5189,4506634.4
2025-12-19 04:00:00+00:00,0.5189,0.5361,0.5189,0.5298,4110003.9
2025-12-19 08:00:00+00:00,0.5298,0.5329,0.5262,0.5318,2379588.7
2025-12-19 12:00:00+00:00,0.5318,0.5633,0.5292,0.5503,8598949.5
2025-12-19 16:00:00+00:00,0.5503,0.5609,0.5441,0.5581,6770738.5
2025-12-19 20:00:00+00:00,0.5581,0.5599,0.5516,0.5537,1996139.5
2025-12-20 00:00:00+00:00,0.5537,0.5542,0.5503,0.5524,1147818.9
2025-12-20 04:00:00+00:00,0.5524,0.5535,0.5477,0.5531,1796243.4
2025-12-20 08:00:00+00:00,0.5531,0.557,0.5436,0.5464,4487329.0
2025-12-20 12:00:00+00:00,0.5464,0.5477,0.5378,0.5429,2670796.1
2025-12-20 16:00:00+00:00,0.5429,0.5459,0.5418,0.5432,893821.8
2025-12-20 20:00:00+00:00,0.5432,0.5454,0.5402,0.5416,862850.4
2025-12-21 00:00:00+00:00,0.5416,0.543,0.5338,0.5383,1832903.9
2025-12-21 04:00:00+00:00,0.5383,0.5404,0.5364,0.5378,767050.5
2025-12-21 08:00:00+00:00,0.5378,0.5457,0.5359,0.5394,2391283.2
2025-12-21 12:00:00+00:00,0.5394,0.5433,0.525,0.528,4050154.5
2025-12-21 16:00:00+00:00,0.528,0.5332,0.5253,0.5316,2259471.1
2025-12-21 20:00:00+00:00,0.5316,0.5368,0.5263,0.5346,1648883.0
2025-12-22 00:00:00+00:00,0.5346,0.5497,0.5318,0.544,6486308.2
2025-12-22 04:00:00+00:00,0.544,0.5523,0.5436,0.5493,2497536.6
2025-12-22 08:00:00+00:00,0.5493,0.5565,0.5465,0.5504,2446231.5
2025-12-22 12:00:00+00:00,0.5504,0.5564,0.5442,0.5505,4273597.3
2025-12-22 16:00:00+00:00,0.5505,0.5541,0.5405,0.5418,2814724.0
2025-12-22 20:00:00+00:00,0.5418,0.5478,0.5381,0.5469,1806229.4
2025-12-23 00:00:00+00:00,0.5469,0.5527,0.5425,0.5454,2376586.9
2025-12-23 04:00:00+00:00,0.5454,0.546,0.5329,0.5384,2562893.8
2025-12-23 08:00:00+00:00,0.5384,0.5409,0.5348,0.5371,1120941.3
2025-12-23 12:00:00+00:00,0.5371,0.5371,0.5196,0.5273,4816830.3
2025-12-23 16:00:00+00:00,0.5273,0.538,0.5259,0.5333,3233930.0
2025-12-23 20:00:00+00:00,0.5333,0.5423,0.5324,0.5357,1499319.9
2025-12-24 00:00:00+00:00,0.5357,0.5386,0.5253,0.5303,1600571.4
2025-12-24 04:00:00+00:00,0.5303,0.5331,0.5215,0.5228,1511308.8
2025-12-24 08:00:00+00:00,0.5228,0.524,0.5198,0.5219,1386768.9
2025-12-24 12:00:00+00:00,0.5219,0.5286,0.5143,0.5278,2285000.1
2025-12-24 16:00:00+00:00,0.5278,0.5344,0.5264,0.5314,2529924.1
2025-12-24 20:00:00+00:00,0.5314,0.5415,0.5314,0.5388,1203540.6
2025-12-25 00:00:00+00:00,0.5388,0.5507,0.5372,0.5495,2369366.3
2025-12-25 04:00:00+00:00,0.5495,0.5643,0.5495,0.563,3683504.6
2025-12-25 08:00:00+00:00,0.563,0.5646,0.5553,0.5558,2993998.5
2025-12-25 12:00:00+00:00,0.5558,0.5607,0.5498,0.5571,3967963.6
2025-12-25 16:00:00+00:00,0.5571,0.5663,0.5566,0.5638,3105415.7
2025-12-25 20:00:00+00:00,0.5638,0.5654,0.5401,0.5414,3779960.5
2025-12-26 00:00:00+00:00,0.5414,0.5648,0.5398,0.5564,4681501.9
2025-12-26 04:00:00+00:00,0.5564,0.561,0.5505,0.5514,2027649.7
2025-12-26 08:00:00+00:00,0.5514,0.5617,0.5508,0.56,1456686.4
2025-12-26 12:00:00+00:00,0.56,0.5738,0.5518,0.5579,7675775.0
2025-12-26 16:00:00+00:00,0.5579,0.5645,0.5501,0.563,2560874.4
2025-12-26 20:00:00+00:00,0.563,0.5646,0.5571,0.5615,1561213.2
2025-12-27 00:00:00+00:00,0.5615,0.57,0.5611,0.5694,1418198.1
2025-12-27 04:00:00+00:00,0.5694,0.5705,0.5653,0.5701,773132.7
2025-12-27 08:00:00+00:00,0.5701,0.5734,0.5638,0.5727,1645939.2
2025-12-27 12:00:00+00:00,0.5727,0.5739,0.5652,0.5708,971585.6
2025-12-27 16:00:00+00:00,0.5708,0.5731,0.5682,0.5699,1102230.9
2025-12-27 20:00:00+00:00,0.5699,0.5781,0.5692,0.5765,1573812.9
2025-12-28 00:00:00+00:00,0.5765,0.5802,0.5738,0.5784,729710.6
2025-12-28 04:00:00+00:00,0.5784,0.5825,0.5769,0.5779,539033.6
2025-12-28 08:00:00+00:00,0.5779,0.5873,0.5774,0.5825,1162612.8
2025-12-28 12:00:00+00:00,0.5825,0.5899,0.5781,0.5852,1738200.9
2025-12-28 16:00:00+00:00,0.5852,0.59,0.576,0.58,2436381.5
2025-12-28 20:00:00+00:00,0.58,0.5901,0.5765,0.5891,1625578.9
2025-12-29 00:00:00+00:00,0.5891,0.6148,0.5856,0.6144,5120219.9
2025-12-29 04:00:00+00:00,0.6144,0.6175,0.601,0.6047,2953216.2
2025-12-29 08:00:00+00:00,0.6047,0.6082,0.5907,0.5915,3269588.0
2025-12-29 12:00:00+00:00,0.5915,0.5927,0.5789,0.586,5039073.2
2025-12-29 16:00:00+00:00,0.586,0.5886,0.5768,0.5831,2600607.9
2025-12-29 20:00:00+00:00,0.5831,0.5873,0.5797,0.5828,1119005.0
2025-12-30 00:00:00+00:00,0.5828,0.5901,0.5821,0.5874,1698110.4
2025-12-30 04:00:00+00:00,0.5874,0.59,0.5796,0.5827,1248402.2
2025-12-30 08:00:00+00:00,0.5827,0.5957,0.5821,0.5877,3537376.9
2025-12-30 12:00:00+00:00,0.5877,0.5943,0.5815,0.5883,2726486.0
2025-12-30 16:00:00+00:00,0.5883,0.5912,0.5826,0.5882,1685359.4
2025-12-30 20:00:00+00:00,0.5882,0.5894,0.5818,0.5885,1526278.1
2025-12-31 00:00:00+00:00,0.5885,0.5947,0.5833,0.5847,1174967.8
2025-12-31 04:00:00+00:00,0.5847,0.5911,0.5832,0.5897,943042.7
2025-12-31 08:00:00+00:00,0.5897,0.5919,0.5855,0.5895,1534289.4
2025-12-31 12:00:00+00:00,0.5895,0.5945,0.5842,0.5863,2100810.3
2025-12-31 16:00:00+00:00,0.5863,0.5887,0.5642,0.5708,4907538.2
2025-12-31 20:00:00+00:00,0.5708,0.5831,0.5686,0.5758,1589229.8
2026-01-01 00:00:00+00:00,0.5758,0.5823,0.5755,0.5793,1189242.6
2026-01-01 04:00:00+00:00,0.5793,0.5875,0.5761,0.5846,1089060.7
2026-01-01 08:00:00+00:00,0.5846,0.5876,0.5823,0.5845,763704.1
2026-01-01 12:00:00+00:00,0.5845,0.6015,0.5827,0.5974,3481611.8
2026-01-01 16:00:00+00:00,0.5974,0.6093,0.5949,0.6093,1946266.7
2026-01-01 20:00:00+00:00,0.6093,0.6102,0.6019,0.6071,1695856.7
2026-01-02 00:00:00+00:00,0.6071,0.6136,0.6018,0.6115,1501674.9
2026-01-02 04:00:00+00:00,0.6115,0.614,0.6052,0.6054,1151605.0
2026-01-02 08:00:00+00:00,0.6054,0.6209,0.6048,0.6111,5208257.3
2026-01-02 12:00:00+00:00,0.6111,0.621,0.6045,0.6158,6312861.8
2026-01-02 16:00:00+00:00,0.6158,0.6301,0.6148,0.6226,3537639.9
2026-01-02 20:00:00+00:00,0.6226,0.6285,0.6176,0.6227,2023306.0
2026-01-03 00:00:00+00:00,0.6227,0.6253,0.619,0.6237,1011012.6
2026-01-03 04:00:00+00:00,0.6237,0.6241,0.6032,0.6067,2887884.3
2026-01-03 08:00:00+00:00,0.6067,0.6105,0.6023,0.6051,2900564.7
2026-01-03 12:00:00+00:00,0.6051,0.6102,0.6031,0.6068,1439818.4
2026-01-03 16:00:00+00:00,0.6068,0.6181,0.6068,0.6133,2819321.8
2026-01-03 20:00:00+00:00,0.6133,0.6203,0.6093,0.6158,2042992.8
2026-01-04 00:00:00+00:00,0.6158,0.6307,0.6151,0.6297,3343931.2
2026-01-04 04:00:00+00:00,0.6297,0.6322,0.6183,0.6222,2551091.3
2026-01-04 08:00:00+00:00,0.6222,0.6281,0.6165,0.6268,2671047.8
2026-01-04 12:00:00+00:00,0.6268,0.6387,0.6251,0.6363,4079892.2
2026-01-04 16:00:00+00:00,0.6363,0.6466,0.6278,0.6345,3171009.3
2026-01-04 20:00:00+00:00,0.6345,0.6397,0.6269,0.6324,1576586.6
2026-01-05 00:00:00+00:00,0.6324,0.6518,0.6302,0.6407,3391290.1
2026-01-05 04:00:00+00:00,0.6407,0.6413,0.6235,0.6319,2313530.1
2026-01-05 08:00:00+00:00,0.6319,0.6364,0.6244,0.6278,1888244.5
2026-01-05 12:00:00+00:00,0.6278,0.6538,0.625,0.6513,4376664.3
2026-01-05 16:00:00+00:00,0.6513,0.661,0.6397,0.6559,3801490.7
2026-01-05 20:00:00+00:00,0.6559,0.6685,0.6547,0.6594,2328033.9
2026-01-06 00:00:00+00:00,0.6594,0.6682,0.6547,0.661,1707064.3
2026-01-06 04:00:00+00:00,0.661,0.6635,0.6479,0.6508,1689220.5
2026-01-06 08:00:00+00:00,0.6508,0.6669,0.6503,0.6653,1573950.2
2026-01-06 12:00:00+00:00,0.6653,0.68,0.6592,0.6626,5456797.6
2026-01-06 16:00:00+00:00,0.6626,0.6655,0.63,0.6399,6602782.0
2026-01-06 20:00:00+00:00,0.6399,0.6643,0.6399,0.6599,2282355.3
2026-01-07 00:00:00+00:00,0.6599,0.66,0.6412,0.6511,2024147.0
2026-01-07 04:00:00+00:00,0.6511,0.6553,0.6461,0.6536,800054.0
2026-01-07 08:00:00+00:00,0.6536,0.6582,0.6407,0.6496,3065771.1
2026-01-07 12:00:00+00:00,0.6496,0.6505,0.6264,0.6323,3924196.2
2026-01-07 16:00:00+00:00,0.6323,0.6399,0.6295,0.6362,2763715.5
2026-01-07 20:00:00+00:00,0.6362,0.6417,0.6309,0.6382,1286486.2
2026-01-08 00:00:00+00:00,0.6382,0.6423,0.6269,0.6286,1478383.4
2026-01-08 04:00:00+00:00,0.6286,0.6346,0.6137,0.6259,2596868.3
2026-01-08 08:00:00+00:00,0.6259,0.628,0.6116,0.6184,2128910.2
2026-01-08 12:00:00+00:00,0.6184,0.6382,0.6104,0.6374,4350869.4
2026-01-08 16:00:00+00:00,0.6374,0.6389,0.6247,0.6257,2292404.1
2026-01-08 20:00:00+00:00,0.6257,0.6355,0.6204,0.6277,958569.8
2026-01-09 00:00:00+00:00,0.6277,0.6375,0.6258,0.6353,1679102.6
2026-01-09 04:00:00+00:00,0.6353,0.642,0.6321,0.641,1290711.5
2026-01-09 08:00:00+00:00,0.641,0.6412,0.6254,0.6325,1921345.3
2026-01-09 12:00:00+00:00,0.6325,0.6475,0.6245,0.643,5695963.0
2026-01-09 16:00:00+00:00,0.643,0.655,0.6296,0.6335,4145047.6
2026-01-09 20:00:00+00:00,0.6335,0.6413,0.6328,0.6383,879695.1
2026-01-10 00:00:00+00:00,0.6383,0.6418,0.631,0.6341,718442.4
2026-01-10 04:00:00+00:00,0.6341,0.6367,0.6265,0.6365,1076861.3
2026-01-10 08:00:00+00:00,0.6365,0.6422,0.6352,0.642,827005.6
2026-01-10 12:00:00+00:00,0.642,0.6486,0.6386,0.6389,1150470.9
2026-01-10 16:00:00+00:00,0.6389,0.6401,0.632,0.6399,1165751.2
2026-01-10 20:00:00+00:00,0.6399,0.6403,0.6274,0.6309,903875.1
2026-01-11 00:00:00+00:00,0.6309,0.6367,0.6289,0.6339,1038077.9
2026-01-11 04:00:00+00:00,0.6339,0.6366,0.6318,0.6365,581916.4
2026-01-11 08:00:00+00:00,0.6365,0.6413,0.6348,0.6407,616208.5
2026-01-11 12:00:00+00:00,0.6407,0.6444,0.6336,0.636,875080.9
2026-01-11 16:00:00+00:00,0.636,0.6452,0.6346,0.6403,1456430.6
2026-01-11 20:00:00+00:00,0.6403,0.6403,0.6211,0.6306,2229377.0
2026-01-12 00:00:00+00:00,0.6306,0.6514,0.6233,0.6414,2821466.2
2026-01-12 04:00:00+00:00,0.6414,0.6485,0.6294,0.6302,1412183.8
2026-01-12 08:00:00+00:00,0.6302,0.6331,0.6184,0.6213,3329631.0
2026-01-12 12:00:00+00:00,0.6213,0.6245,0.6048,0.624,4384988.3
2026-01-12 16:00:00+00:00,0.624,0.6261,0.609,0.6157,3946585.2
2026-01-12 20:00:00+00:00,0.6157,0.6186,0.6037,0.6077,1505824.1
2026-01-13 00:00:00+00:00,0.6077,0.6153,0.6075,0.615,1190485.9
2026-01-13 04:00:00+00:00,0.615,0.6282,0.6144,0.6225,1536510.5
2026-01-13 08:00:00+00:00,0.6225,0.6289,0.6171,0.6184,2795476.4
2026-01-13 12:00:00+00:00,0.6184,0.6344,0.6106,0.6279,7341148.3
2026-01-13 16:00:00+00:00,0.6279,0.6391,0.6265,0.6387,3613281.2
2026-01-13 20:00:00+00:00,0.6387,0.6738,0.6307,0.6647,4999855.9
2026-01-14 00:00:00+00:00,0.6647,0.6782,0.6619,0.6703,3587136.6
2026-01-14 04:00:00+00:00,0.6703,0.6721,0.6603,0.668,2443537.9
2026-01-14 08:00:00+00:00,0.668,0.6725,0.65,0.6528,3424173.5
2026-01-14 12:00:00+00:00,0.6528,0.6575,0.6438,0.6544,4416609.3
2026-01-14 16:00:00+00:00,0.6544,0.6646,0.6364,0.6537,5512470.1
2026-01-14 20:00:00+00:00,0.6537,0.6593,0.644,0.6478,1913623.9
2026-01-15 00:00:00+00:00,0.6478,0.6504,0.6201,0.6235,3533956.9
2026-01-15 04:00:00+00:00,0.6235,0.6392,0.6219,0.6368,1660758.8
2026-01-15 08:00:00+00:00,0.6368,0.6444,0.6318,0.6347,1358655.2
2026-01-15 12:00:00+00:00,0.6347,0.6415,0.6141,0.6246,2896612.5
2026-01-15 16:00:00+00:00,0.6246,0.6263,0.6069,0.6119,3316836.7
2026-01-15 20:00:00+00:00,0.6119,0.6181,0.6074,0.6174,1116173.0
2026-01-16 00:00:00+00:00,0.6174,0.6204,0.6126,0.614,1223412.0
2026-01-16 04:00:00+00:00,0.614,0.6197,0.6072,0.6152,1628287.6
2026-01-16 08:00:00+00:00,0.6152,0.6194,0.6114,0.6138,1339208.0
2026-01-16 12:00:00+00:00,0.6138,0.6144,0.5922,0.5951,3470774.5
2026-01-16 16:00:00+00:00,0.5951,0.6055,0.5935,0.6037,2203003.2
2026-01-16 20:00:00+00:00,0.6037,0.6119,0.5985,0.6074,1560577.2
2026-01-17 00:00:00+00:00,0.6074,0.6082,0.6017,0.6025,927012.5
2026-01-17 04:00:00+00:00,0.6025,0.6061,0.6013,0.6053,752800.6
2026-01-17 08:00:00+00:00,0.6053,0.6103,0.6041,0.6072,1819621.8
2026-01-17 12:00:00+00:00,0.6072,0.6188,0.607,0.6184,1938946.9
2026-01-17 16:00:00+00:00,0.6184,0.6186,0.61,0.6129,1362001.1
2026-01-17 20:00:00+00:00,0.6129,0.6144,0.604,0.6069,1390280.6
2026-01-18 00:00:00+00:00,0.6069,0.6103,0.6002,0.6036,1618368.6
2026-01-18 04:00:00+00:00,0.6036,0.6065,0.601,0.604,702734.3
2026-01-18 08:00:00+00:00,0.604,0.6071,0.602,0.6053,1635564.9
2026-01-18 12:00:00+00:00,0.6053,0.6067,0.5977,0.6048,1647596.2
2026-01-18 16:00:00+00:00,0.6048,0.6151,0.6028,0.6064,2174313.6
2026-01-18 20:00:00+00:00,0.6064,0.6116,0.578,0.5786,4364608.7
2026-01-19 00:00:00+00:00,0.5786,0.5786,0.5128,0.5444,18627766.2
2026-01-19 04:00:00+00:00,0.5444,0.5544,0.5405,0.5532,3097757.1
2026-01-19 08:00:00+00:00,0.5532,0.556,0.5471,0.5483,2390067.0
2026-01-19 12:00:00+00:00,0.5483,0.5504,0.5444,0.5477,1810923.8
2026-01-19 16:00:00+00:00,0.5477,0.5613,0.5468,0.5604,1830538.3
2026-01-19 20:00:00+00:00,0.5604,0.5625,0.5506,0.5577,1764195.3
2026-01-20 00:00:00+00:00,0.5577,0.5586,0.5522,0.5573,1520736.9
2026-01-20 04:00:00+00:00,0.5573,0.5593,0.5426,0.5428,4426527.8
2026-01-20 08:00:00+00:00,0.5428,0.5436,0.5351,0.5389,3868214.7
2026-01-20 12:00:00+00:00,0.5389,0.5417,0.5257,0.5293,5045182.3
2026-01-20 16:00:00+00:00,0.5293,0.5313,0.519,0.5251,2735174.0
2026-01-20 20:00:00+00:00,0.5251,0.5301,0.5149,0.5203,3084118.8
2026-01-21 00:00:00+00:00,0.5203,0.5355,0.5198,0.534,1873396.5
2026-01-21 04:00:00+00:00,0.534,0.5387,0.5313,0.5321,1420421.4
2026-01-21 08:00:00+00:00,0.5321,0.5336,0.5251,0.5261,2006904.0
2026-01-21 12:00:00+00:00,0.5261,0.5407,0.5182,0.5372,6095625.5
2026-01-21 16:00:00+00:00,0.5372,0.5425,0.5081,0.5415,8017864.5
2026-01-21 20:00:00+00:00,0.5415,0.5429,0.5262,0.528,2476649.5
2026-01-22 00:00:00+00:00,0.528,0.5413,0.528,0.5346,1634651.0
2026-01-22 04:00:00+00:00,0.5346,0.5376,0.5297,0.5309,981460.1
2026-01-22 08:00:00+00:00,0.5309,0.5358,0.5283,0.5285,1253472.4
2026-01-22 12:00:00+00:00,0.5285,0.5328,0.5149,0.5208,3246005.5
2026-01-22 16:00:00+00:00,0.5208,0.5269,0.5184,0.5244,2570898.3
2026-01-22 20:00:00+00:00,0.5244,0.5261,0.5201,0.5227,1232443.2
2026-01-23 00:00:00+00:00,0.5227,0.5286,0.5202,0.5279,1072266.2
2026-01-23 04:00:00+00:00,0.5279,0.5325,0.5253,0.5259,1415913.5
2026-01-23 08:00:00+00:00,0.5259,0.5283,0.519,0.5249,1785422.9
2026-01-23 12:00:00+00:00,0.5249,0.526,0.5106,0.5252,3078424.8
2026-01-23 16:00:00+00:00,0.5252,0.5373,0.5214,0.5249,3988768.4
2026-01-23 20:00:00+00:00,0.5249,0.5259,0.5178,0.524,1125196.6
2026-01-24 00:00:00+00:00,0.524,0.5278,0.5201,0.5261,700809.4
2026-01-24 04:00:00+00:00,0.5261,0.5283,0.5246,0.5261,606340.6
2026-01-24 08:00:00+00:00,0.5261,0.5284,0.5226,0.5236,996138.8
2026-01-24 12:00:00+00:00,0.5236,0.5242,0.5166,0.5168,1100571.2
2026-01-24 16:00:00+00:00,0.5168,0.522,0.515,0.5186,1037356.9
2026-01-24 20:00:00+00:00,0.5186,0.5225,0.5184,0.5196,469931.8
2026-01-25 00:00:00+00:00,0.5196,0.5215,0.5139,0.515,915301.5
2026-01-25 04:00:00+00:00,0.515,0.5182,0.5136,0.5163,580580.3
2026-01-25 08:00:00+00:00,0.5163,0.5216,0.5135,0.5177,2085820.5
2026-01-25 12:00:00+00:00,0.5177,0.5177,0.5096,0.5119,2085120.9
2026-01-25 16:00:00+00:00,0.5119,0.5119,0.485,0.489,12585432.2
2026-01-25 20:00:00+00:00,0.489,0.4958,0.4862,0.4952,4108181.6
2026-01-26 00:00:00+00:00,0.4952,0.512,0.4943,0.5038,3277192.1
2026-01-26 04:00:00+00:00,0.5038,0.5222,0.5038,0.5197,2618707.8
2026-01-26 08:00:00+00:00,0.5197,0.5282,0.5099,0.5109,3679396.9
2026-01-26 12:00:00+00:00,0.5109,0.5214,0.509,0.513,5041255.7
2026-01-26 16:00:00+00:00,0.513,0.5195,0.5072,0.5137,3146317.7
2026-01-26 20:00:00+00:00,0.5137,0.5202,0.5092,0.5155,1954824.9
2026-01-27 00:00:00+00:00,0.5155,0.52,0.5145,0.5159,870841.1
2026-01-27 04:00:00+00:00,0.5159,0.5192,0.5119,0.5153,1574836.8
2026-01-27 08:00:00+00:00,0.5153,0.5173,0.5105,0.5116,1356664.0
2026-01-27 12:00:00+00:00,0.5116,0.5159,0.5078,0.5154,1750796.3
2026-01-27 16:00:00+00:00,0.5154,0.5244,0.5082,0.5194,3647209.6
2026-01-27 20:00:00+00:00,0.5194,0.5298,0.5192,0.5252,2359408.7
2026-01-28 00:00:00+00:00,0.5252,0.5262,0.5221,0.524,826085.2
2026-01-28 04:00:00+00:00,0.524,0.5252,0.5197,0.5211,1774778.3
2026-01-28 08:00:00+00:00,0.5211,0.5276,0.5189,0.5272,2362133.9
2026-01-28 12:00:00+00:00,0.5272,0.5275,0.5141,0.5179,2817367.8
2026-01-28 16:00:00+00:00,0.5179,0.5235,0.5151,0.5217,2767158.0
2026-01-28 20:00:00+00:00,0.5217,0.5289,0.5162,0.523,2344577.2
2026-01-29 00:00:00+00:00,0.523,0.5247,0.5083,0.5097,2818777.3
2026-01-29 04:00:00+00:00,0.5097,0.5113,0.5055,0.5098,1504519.2
2026-01-29 08:00:00+00:00,0.5098,0.512,0.5017,0.5026,1713181.8
2026-01-29 12:00:00+00:00,0.5026,0.5037,0.4667,0.4774,14045152.9
2026-01-29 16:00:00+00:00,0.4774,0.4855,0.4647,0.4729,8825055.9
2026-01-29 20:00:00+00:00,0.4729,0.4818,0.4716,0.4797,2132050.3
2026-01-30 00:00:00+00:00,0.4797,0.4827,0.4601,0.469,9498891.6
2026-01-30 04:00:00+00:00,0.469,0.4763,0.4605,0.4715,2620743.4
2026-01-30 08:00:00+00:00,0.4715,0.4782,0.4658,0.476,1961353.6
2026-01-30 12:00:00+00:00,0.476,0.4771,0.4642,0.4717,3885004.2
2026-01-30 16:00:00+00:00,0.4717,0.4815,0.4574,0.4763,5322672.5
2026-01-30 20:00:00+00:00,0.4763,0.4763,0.4664,0.4705,3669923.9
2026-01-31 00:00:00+00:00,0.4705,0.471,0.4655,0.4665,774427.5
2026-01-31 04:00:00+00:00,0.4665,0.4687,0.4579,0.4617,2335425.0
2026-01-31 08:00:00+00:00,0.4617,0.4628,0.449,0.4534,4258824.2
2026-01-31 12:00:00+00:00,0.4534,0.4537,0.4178,0.4262,12889168.8
2026-01-31 16:00:00+00:00,0.4262,0.4333,0.3829,0.4091,31306995.1
2026-01-31 20:00:00+00:00,0.4091,0.4258,0.4026,0.4232,5213677.0
2026-02-01 00:00:00+00:00,0.4232,0.4272,0.4193,0.4243,2147946.8
2026-02-01 04:00:00+00:00,0.4243,0.4256,0.4188,0.4212,2225645.8
2026-02-01 08:00:00+00:00,0.4212,0.4261,0.4156,0.4197,3107788.4
2026-02-01 12:00:00+00:00,0.4197,0.4203,0.4008,0.4065,5095004.8
2026-02-01 16:00:00+00:00,0.4065,0.4181,0.4023,0.4096,4918198.8
2026-02-01 20:00:00+00:00,0.4096,0.4151,0.3966,0.4076,6674574.6
2026-02-02 00:00:00+00:00,0.4076,0.4207,0.3964,0.4142,7715102.9
2026-02-02 04:00:00+00:00,0.4142,0.4208,0.4002,0.4132,9017396.2
2026-02-02 08:00:00+00:00,0.4132,0.4249,0.4132,0.4176,4895802.0
2026-02-02 12:00:00+00:00,0.4176,0.4333,0.4176,0.4294,5227899.6
2026-02-02 16:00:00+00:00,0.4294,0.4305,0.4215,0.4217,2331335.4
2026-02-02 20:00:00+00:00,0.4217,0.4246,0.4188,0.4219,1614702.3
2026-02-03 00:00:00+00:00,0.4219,0.4226,0.4111,0.419,2319425.0
2026-02-03 04:00:00+00:00,0.419,0.422,0.4114,0.4163,2719868.1
2026-02-03 08:00:00+00:00,0.4163,0.4202,0.4095,0.4133,3701367.0
2026-02-03 12:00:00+00:00,0.4133,0.4209,0.4082,0.4196,5161343.9
2026-02-03 16:00:00+00:00,0.4196,0.4197,0.3902,0.4102,11031993.8
2026-02-03 20:00:00+00:00,0.4102,0.4309,0.4061,0.4102,9075479.4
2026-02-04 00:00:00+00:00,0.4102,0.4195,0.4083,0.4172,2314384.9
2026-02-04 04:00:00+00:00,0.4172,0.422,0.415,0.4208,1862501.3
2026-02-04 08:00:00+00:00,0.4208,0.4213,0.411,0.4146,2572100.8
2026-02-04 12:00:00+00:00,0.4146,0.4157,0.3942,0.3986,5888754.1
2026-02-04 16:00:00+00:00,0.3986,0.4108,0.3915,0.4102,11740263.6
2026-02-04 20:00:00+00:00,0.4102,0.4108,0.3938,0.4029,3919362.3
2026-02-05 00:00:00+00:00,0.4029,0.4089,0.397,0.3983,4612864.0
2026-02-05 04:00:00+00:00,0.3983,0.4022,0.3905,0.3923,5591015.3
2026-02-05 08:00:00+00:00,0.3923,0.3996,0.3782,0.3833,6749579.6
2026-02-05 12:00:00+00:00,0.3833,0.3884,0.3498,0.3595,19624871.2
2026-02-05 16:00:00+00:00,0.3595,0.3658,0.3374,0.3389,19852954.4
2026-02-05 20:00:00+00:00,0.3389,0.3429,0.3213,0.3225,28161724.7
2026-02-06 00:00:00+00:00,0.3225,0.3305,0.2848,0.322,66157613.6
2026-02-06 04:00:00+00:00,0.322,0.3426,0.32,0.3288,10523358.1
2026-02-06 08:00:00+00:00,0.3288,0.3439,0.3233,0.3428,9862835.6
2026-02-06 12:00:00+00:00,0.3428,0.3511,0.3382,0.3452,5246645.3
2026-02-06 16:00:00+00:00,0.3452,0.3668,0.3438,0.3605,12030126.0
2026-02-06 20:00:00+00:00,0.3605,0.3664,0.3553,0.3624,4273787.2
2026-02-07 00:00:00+00:00,0.3624,0.3652,0.3564,0.364,3603498.7
2026-02-07 04:00:00+00:00,0.364,0.3685,0.3467,0.3507,6468669.2
2026-02-07 08:00:00+00:00,0.3507,0.3542,0.3461,0.3493,3789141.7
2026-02-07 12:00:00+00:00,0.3493,0.3625,0.3488,0.3575,4759151.8
2026-02-07 16:00:00+00:00,0.3575,0.3702,0.3564,0.3635,35776993.3
2026-02-07 20:00:00+00:00,0.3635,0.3677,0.3606,0.363,1562161.7
2026-02-08 00:00:00+00:00,0.363,0.3635,0.3571,0.3572,838000.9
2026-02-08 04:00:00+00:00,0.3572,0.3592,0.3543,0.3563,1057227.8
2026-02-08 08:00:00+00:00,0.3563,0.364,0.3547,0.3639,3002698.8
2026-02-08 12:00:00+00:00,0.3639,0.3641,0.3569,0.3579,2497276.3
2026-02-08 16:00:00+00:00,0.3579,0.3589,0.3478,0.356,3416978.5
2026-02-08 20:00:00+00:00,0.356,0.3615,0.3488,0.3522,2442340.9
2026-02-09 00:00:00+00:00,0.3522,0.3579,0.3495,0.3573,2745753.0
2026-02-09 04:00:00+00:00,0.3573,0.3573,0.3497,0.3497,1643296.6
2026-02-09 08:00:00+00:00,0.3497,0.3504,0.3371,0.3407,3507873.7
2026-02-09 12:00:00+00:00,0.3407,0.3496,0.339,0.349,2781676.8
2026-02-09 16:00:00+00:00,0.349,0.3594,0.3456,0.3584,3455949.5
2026-02-09 20:00:00+00:00,0.3584,0.3606,0.3512,0.3536,1722724.8
2026-02-10 00:00:00+00:00,0.3536,0.3555,0.3445,0.3468,1642972.9
2026-02-10 04:00:00+00:00,0.3468,0.3488,0.3372,0.3397,2825313.0
2026-02-10 08:00:00+00:00,0.3397,0.3436,0.3381,0.3387,2014884.5
2026-02-10 12:00:00+00:00,0.3387,0.3431,0.3363,0.3412,3732274.7
2026-02-10 16:00:00+00:00,0.3412,0.3445,0.3351,0.3386,2408376.3
2026-02-10 20:00:00+00:00,0.3386,0.3405,0.3364,0.3393,1501490.4
2026-02-11 00:00:00+00:00,0.3393,0.3421,0.3354,0.3389,1195454.8
2026-02-11 04:00:00+00:00,0.3389,0.3391,0.3253,0.3264,4143109.7
2026-02-11 08:00:00+00:00,0.3264,0.3273,0.3228,0.3267,1855918.4
2026-02-11 12:00:00+00:00,0.3267,0.3416,0.3193,0.3233,9185383.9
2026-02-11 16:00:00+00:00,0.3233,0.3322,0.3207,0.3304,4679671.0
2026-02-11 20:00:00+00:00,0.3304,0.3355,0.3266,0.3292,3100258.1
2026-02-12 00:00:00+00:00,0.3292,0.3351,0.3292,0.3348,1405071.6
2026-02-12 04:00:00+00:00,0.3348,0.3401,0.3324,0.3391,2194392.5
2026-02-12 08:00:00+00:00,0.3391,0.3421,0.336,0.3401,2101837.9
2026-02-12 12:00:00+00:00,0.3401,0.3401,0.3285,0.3288,3655618.2
2026-02-12 16:00:00+00:00,0.3288,0.3378,0.3234,0.333,5505836.4
2026-02-12 20:00:00+00:00,0.333,0.3384,0.3291,0.3376,1270168.8
2026-02-13 00:00:00+00:00,0.3376,0.3391,0.3332,0.3341,1112121.6
2026-02-13 04:00:00+00:00,0.3341,0.3346,0.3297,0.3332,1076244.3
2026-02-13 08:00:00+00:00,0.3332,0.3384,0.3328,0.3367,1516724.5
2026-02-13 12:00:00+00:00,0.3367,0.3512,0.3341,0.3447,4359375.7
2026-02-13 16:00:00+00:00,0.3447,0.3532,0.3441,0.348,2420980.4
2026-02-13 20:00:00+00:00,0.348,0.3546,0.3479,0.3498,1801812.5
2026-02-14 00:00:00+00:00,0.3498,0.3538,0.3498,0.3526,885010.8
2026-02-14 04:00:00+00:00,0.3526,0.3532,0.3485,0.3505,1960229.9
2026-02-14 08:00:00+00:00,0.3505,0.3565,0.3505,0.3555,1642769.2
2026-02-14 12:00:00+00:00,0.3555,0.3573,0.3497,0.357,3008473.3
2026-02-14 16:00:00+00:00,0.357,0.3642,0.3535,0.3635,2483745.1
2026-02-14 20:00:00+00:00,0.3635,0.3651,0.3595,0.3605,2035113.3
2026-02-15 00:00:00+00:00,0.3605,0.3609,0.3509,0.3565,3462079.8
2026-02-15 04:00:00+00:00,0.3565,0.3615,0.3561,0.3603,2290741.2
2026-02-15 08:00:00+00:00,0.3603,0.3608,0.3513,0.3542,1682994.7
2026-02-15 12:00:00+00:00,0.3542,0.355,0.3405,0.3439,4576282.9
2026-02-15 16:00:00+00:00,0.3439,0.344,0.3328,0.3351,4570189.1
2026-02-15 20:00:00+00:00,0.3351,0.3394,0.3339,0.3389,1986355.0
2026-02-16 00:00:00+00:00,0.3389,0.3417,0.3371,0.3388,822749.2
2026-02-16 04:00:00+00:00,0.3388,0.3428,0.3362,0.3395,1570626.6
2026-02-16 08:00:00+00:00,0.3395,0.3432,0.335,0.3388,2280526.7
2026-02-16 12:00:00+00:00,0.3388,0.3475,0.3318,0.3347,5667028.3
2026-02-16 16:00:00+00:00,0.3347,0.3406,0.3342,0.3399,2945175.6
2026-02-16 20:00:00+00:00,0.3399,0.3486,0.3392,0.3459,1873130.5
2026-02-17 00:00:00+00:00,0.3459,0.3462,0.3412,0.343,965560.0
2026-02-17 04:00:00+00:00,0.343,0.3444,0.3377,0.3407,1119477.7
2026-02-17 08:00:00+00:00,0.3407,0.3419,0.336,0.3381,1266801.7
2026-02-17 12:00:00+00:00,0.3381,0.3458,0.3349,0.3412,6604749.0
2026-02-17 16:00:00+00:00,0.3412,0.3464,0.3357,0.3414,3478695.6
2026-02-17 20:00:00+00:00,0.3414,0.3422,0.3392,0.3399,930953.3
2026-02-18 00:00:00+00:00,0.3399,0.3411,0.3362,0.3405,673850.1
2026-02-18 04:00:00+00:00,0.3405,0.3455,0.3397,0.3444,590376.0
2026-02-18 08:00:00+00:00,0.3444,0.3465,0.338,0.3397,1433429.6
2026-02-18 12:00:00+00:00,0.3397,0.344,0.3327,0.3396,2750136.0
2026-02-18 16:00:00+00:00,0.3396,0.34,0.3263,0.3288,3823766.0
2026-02-18 20:00:00+00:00,0.3288,0.3308,0.3265,0.3292,1284571.5
2026-02-19 00:00:00+00:00,0.3292,0.3325,0.3278,0.332,1315496.3
2026-02-19 04:00:00+00:00,0.332,0.333,0.3282,0.3296,1369124.1
2026-02-19 08:00:00+00:00,0.3296,0.3296,0.3224,0.3228,2514616.5
2026-02-19 12:00:00+00:00,0.3228,0.3244,0.3158,0.3183,4899346.4
2026-02-19 16:00:00+00:00,0.3183,0.3226,0.3142,0.3211,2835370.8
2026-02-19 20:00:00+00:00,0.3211,0.3231,0.3199,0.323,1239447.9
2026-02-20 00:00:00+00:00,0.323,0.3254,0.3221,0.3241,1062148.5
2026-02-20 04:00:00+00:00,0.3241,0.3262,0.3206,0.3253,1402004.2
2026-02-20 08:00:00+00:00,0.3253,0.3303,0.3231,0.3241,5194878.9
2026-02-20 12:00:00+00:00,0.3241,0.3311,0.316,0.3296,7552579.5
2026-02-20 16:00:00+00:00,0.3296,0.3332,0.3233,0.3291,6662994.1
2026-02-20 20:00:00+00:00,0.3291,0.3308,0.3276,0.33,752232.4
2026-02-21 00:00:00+00:00,0.33,0.3305,0.3273,0.3285,582579.7
2026-02-21 04:00:00+00:00,0.3285,0.3313,0.3277,0.3286,617214.3
2026-02-21 08:00:00+00:00,0.3286,0.3386,0.3285,0.3354,5191296.0
2026-02-21 12:00:00+00:00,0.3354,0.3369,0.3329,0.3347,1528214.8
2026-02-21 16:00:00+00:00,0.3347,0.3348,0.3284,0.3305,4366728.0
2026-02-21 20:00:00+00:00,0.3305,0.3309,0.3268,0.3271,1423048.3
2026-02-22 00:00:00+00:00,0.3271,0.3271,0.3202,0.3219,1711179.7
2026-02-22 04:00:00+00:00,0.3219,0.3222,0.3203,0.3206,987905.5
2026-02-22 08:00:00+00:00,0.3206,0.3221,0.3162,0.3165,3102514.2
2026-02-22 12:00:00+00:00,0.3165,0.3165,0.3074,0.3119,4817678.0
2026-02-22 16:00:00+00:00,0.3119,0.3124,0.3087,0.3089,1078985.2
2026-02-22 20:00:00+00:00,0.3089,0.3094,0.3045,0.3078,1363312.3
2026-02-23 00:00:00+00:00,0.3078,0.3088,0.2902,0.2955,11658472.1
2026-02-23 04:00:00+00:00,0.2955,0.302,0.2922,0.3007,2896782.7
2026-02-23 08:00:00+00:00,0.3007,0.31,0.3002,0.3082,3331075.7
2026-02-23 12:00:00+00:00,0.3082,0.313,0.297,0.2978,6062748.9
2026-02-23 16:00:00+00:00,0.2978,0.3002,0.2934,0.2966,3609836.6
2026-02-23 20:00:00+00:00,0.2966,0.3026,0.296,0.2987,1533030.0
2026-02-24 00:00:00+00:00,0.2987,0.3009,0.2932,0.2961,4481060.2
2026-02-24 04:00:00+00:00,0.2961,0.2967,0.2921,0.2939,2943259.9
2026-02-24 08:00:00+00:00,0.2939,0.2959,0.292,0.2949,1698779.6
2026-02-24 12:00:00+00:00,0.2949,0.3017,0.292,0.2996,3114835.1
2026-02-24 16:00:00+00:00,0.2996,0.3029,0.2978,0.2998,2554982.8
2026-02-24 20:00:00+00:00,0.2998,0.3006,0.2966,0.2992,1383861.8
2026-02-25 00:00:00+00:00,0.2992,0.3133,0.298,0.3038,9184742.2
2026-02-25 04:00:00+00:00,0.3038,0.3054,0.2992,0.3032,2789211.0
2026-02-25 08:00:00+00:00,0.3032,0.3069,0.3019,0.306,2709665.5
2026-02-25 12:00:00+00:00,0.306,0.3272,0.3059,0.3251,7260229.6
2026-02-25 16:00:00+00:00,0.3251,0.3358,0.3251,0.3358,5002212.1
2026-02-25 20:00:00+00:00,0.3358,0.3439,0.3238,0.328,6976586.0
2026-02-26 00:00:00+00:00,0.328,0.3296,0.3222,0.3262,2954033.4
2026-02-26 04:00:00+00:00,0.3262,0.3293,0.32,0.3209,2402016.8
2026-02-26 08:00:00+00:00,0.3209,0.3248,0.3163,0.317,2291226.4
2026-02-26 12:00:00+00:00,0.317,0.3213,0.3133,0.3168,4537727.6
2026-02-26 16:00:00+00:00,0.3168,0.317,0.3053,0.3136,5579342.1
2026-02-26 20:00:00+00:00,0.3136,0.315,0.3109,0.3121,1457399.0
2026-02-27 00:00:00+00:00,0.3121,0.3143,0.3079,0.3135,1787534.3
2026-02-27 04:00:00+00:00,0.3135,0.3184,0.3121,0.3167,3574846.3
2026-02-27 08:00:00+00:00,0.3167,0.3197,0.306,0.3075,5223057.5
2026-02-27 12:00:00+00:00,0.3075,0.3083,0.3021,0.3043,4933684.7
2026-02-27 16:00:00+00:00,0.3043,0.3043,0.2949,0.298,6783313.0
2026-02-27 20:00:00+00:00,0.298,0.3007,0.2928,0.3005,3212325.8
2026-02-28 00:00:00+00:00,0.3005,0.3032,0.2996,0.2997,1544215.6
2026-02-28 04:00:00+00:00,0.2997,0.3004,0.2806,0.288,13455542.9
2026-02-28 08:00:00+00:00,0.288,0.2881,0.2812,0.2815,4614174.7
2026-02-28 12:00:00+00:00,0.2815,0.2919,0.2807,0.2888,7544208.5
2026-02-28 16:00:00+00:00,0.2888,0.302,0.2869,0.3,5735563.4
2026-02-28 20:00:00+00:00,0.3,0.3088,0.2992,0.3061,4829599.6
2026-03-01 00:00:00+00:00,0.3061,0.3206,0.3014,0.3123,5300537.9
2026-03-01 04:00:00+00:00,0.3123,0.3145,0.3085,0.311,3439913.9
2026-03-01 08:00:00+00:00,0.311,0.3118,0.3014,0.3027,3584142.8
2026-03-01 12:00:00+00:00,0.3027,0.3082,0.2984,0.3033,6569195.6
2026-03-01 16:00:00+00:00,0.3033,0.3062,0.2964,0.2977,7211823.0
2026-03-01 20:00:00+00:00,0.2977,0.3035,0.2932,0.2996,4886874.8
2026-03-02 00:00:00+00:00,0.2996,0.3093,0.2996,0.3074,2860124.7
2026-03-02 04:00:00+00:00,0.3074,0.3082,0.297,0.2983,3654922.0
2026-03-02 08:00:00+00:00,0.2983,0.3033,0.2954,0.3013,4694062.7
2026-03-02 12:00:00+00:00,0.3013,0.3197,0.2983,0.3164,7095201.3
2026-03-02 16:00:00+00:00,0.3164,0.3203,0.3082,0.3112,6339092.9
2026-03-02 20:00:00+00:00,0.3112,0.3132,0.3047,0.3062,3752510.7
2026-03-03 00:00:00+00:00,0.3062,0.307,0.3006,0.305,3710490.9
2026-03-03 04:00:00+00:00,0.305,0.3055,0.3013,0.3033,2322488.6
2026-03-03 08:00:00+00:00,0.3033,0.3039,0.2968,0.2993,4581466.2
2026-03-03 12:00:00+00:00,0.2993,0.3051,0.2959,0.3024,4315551.5
2026-03-03 16:00:00+00:00,0.3024,0.3114,0.3008,0.3049,5593549.2
2026-03-03 20:00:00+00:00,0.3049,0.306,0.2992,0.3033,1724564.7
2026-03-04 00:00:00+00:00,0.3033,0.3067,0.2998,0.3032,2742436.1
2026-03-04 04:00:00+00:00,0.3032,0.3073,0.3003,0.3063,2924722.9
2026-03-04 08:00:00+00:00,0.3063,0.3178,0.3056,0.3101,6713390.2
2026-03-04 12:00:00+00:00,0.3101,0.326,0.3073,0.3259,8715907.6
2026-03-04 16:00:00+00:00,0.3259,0.3269,0.3179,0.3244,7613040.8
2026-03-04 20:00:00+00:00,0.3244,0.3248,0.3145,0.3173,3053681.8
2026-03-05 00:00:00+00:00,0.3173,0.3184,0.3136,0.3147,1653813.4
2026-03-05 04:00:00+00:00,0.3147,0.3171,0.3105,0.3119,1587134.3
2026-03-05 08:00:00+00:00,0.3119,0.3178,0.3114,0.3145,2583841.8
2026-03-05 12:00:00+00:00,0.3145,0.321,0.3111,0.3137,5478260.4
2026-03-05 16:00:00+00:00,0.3137,0.3152,0.3045,0.3124,4743016.7
2026-03-05 20:00:00+00:00,0.3124,0.3167,0.3113,0.3119,1778371.1
2026-03-06 00:00:00+00:00,0.3119,0.3151,0.3105,0.3148,992072.5
2026-03-06 04:00:00+00:00,0.3148,0.3163,0.3106,0.3158,1633575.2
2026-03-06 08:00:00+00:00,0.3158,0.3158,0.3083,0.3087,2395256.3
2026-03-06 12:00:00+00:00,0.3087,0.3109,0.2927,0.2951,13009091.3
2026-03-06 16:00:00+00:00,0.2951,0.2975,0.2916,0.2968,3336948.5
2026-03-06 20:00:00+00:00,0.2968,0.2982,0.2955,0.297,3120500.9
2026-03-07 00:00:00+00:00,0.297,0.2978,0.2949,0.2951,1268028.3
2026-03-07 04:00:00+00:00,0.2951,0.2964,0.2926,0.2943,878632.0
2026-03-07 08:00:00+00:00,0.2943,0.2958,0.2936,0.2942,1441723.8
2026-03-07 12:00:00+00:00,0.2942,0.2944,0.2881,0.2886,2744813.4
2026-03-07 16:00:00+00:00,0.2886,0.2904,0.2838,0.2846,6862590.5
2026-03-07 20:00:00+00:00,0.2846,0.2862,0.2816,0.2834,2205768.9
2026-03-08 00:00:00+00:00,0.2834,0.2844,0.2752,0.2752,2788824.3
2026-03-08 04:00:00+00:00,0.2752,0.2794,0.2702,0.2792,3052683.3
2026-03-08 08:00:00+00:00,0.2792,0.2868,0.2784,0.285,2919870.2
2026-03-08 12:00:00+00:00,0.285,0.287,0.2807,0.2827,2613922.9
2026-03-08 16:00:00+00:00,0.2827,0.2864,0.2791,0.285,2454930.7
2026-03-08 20:00:00+00:00,0.285,0.2861,0.2753,0.2796,4006730.1
2026-03-09 00:00:00+00:00,0.2796,0.2877,0.2795,0.2837,2684044.3
2026-03-09 04:00:00+00:00,0.2837,0.2898,0.2808,0.2847,2889113.5
2026-03-09 08:00:00+00:00,0.2847,0.2873,0.2816,0.2824,2854652.4
2026-03-09 12:00:00+00:00,0.2824,0.2883,0.2815,0.2871,4196452.8
2026-03-09 16:00:00+00:00,0.2871,0.2961,0.2855,0.2903,6131314.2
2026-03-09 20:00:00+00:00,0.2903,0.2915,0.2822,0.2833,3236619.5
2026-03-10 00:00:00+00:00,0.2833,0.2908,0.2816,0.2844,3921520.7
2026-03-10 04:00:00+00:00,0.2844,0.2881,0.2832,0.2866,2663372.3
2026-03-10 08:00:00+00:00,0.2866,0.2903,0.2842,0.2869,4374051.5
2026-03-10 12:00:00+00:00,0.2869,0.2947,0.2804,0.2925,4742614.2
2026-03-10 16:00:00+00:00,0.2925,0.2944,0.2884,0.2923,5115605.8
2026-03-10 20:00:00+00:00,0.2923,0.2963,0.2867,0.2932,2578008.4
2026-03-11 00:00:00+00:00,0.2932,0.2945,0.2886,0.2909,1535771.7
2026-03-11 04:00:00+00:00,0.2909,0.2935,0.2867,0.2877,1276039.4
2026-03-11 08:00:00+00:00,0.2877,0.294,0.2876,0.2918,2218678.9
2026-03-11 12:00:00+00:00,0.2918,0.3009,0.2903,0.2971,6051405.7
2026-03-11 16:00:00+00:00,0.2971,0.3035,0.2968,0.3,3113238.2
2026-03-11 20:00:00+00:00,0.3,0.3009,0.2967,0.2973,1320361.9
2026-03-12 00:00:00+00:00,0.2973,0.298,0.2908,0.2916,1600034.3
2026-03-12 04:00:00+00:00,0.2916,0.2949,0.2907,0.2948,1603979.3
2026-03-12 08:00:00+00:00,0.2948,0.2986,0.2932,0.2941,1671174.5
2026-03-12 12:00:00+00:00,0.2941,0.2977,0.29,0.2964,4631471.0
2026-03-12 16:00:00+00:00,0.2964,0.3004,0.294,0.2995,2836449.6
2026-03-12 20:00:00+00:00,0.2995,0.3016,0.2965,0.2992,1670382.2
2026-03-13 00:00:00+00:00,0.2992,0.3086,0.2986,0.3076,3699436.9
2026-03-13 04:00:00+00:00,0.3076,0.308,0.3026,0.3036,1407804.4
2026-03-13 08:00:00+00:00,0.3036,0.3062,0.3016,0.3043,2346715.0
2026-03-13 12:00:00+00:00,0.3043,0.312,0.3041,0.3057,5759102.4
2026-03-13 16:00:00+00:00,0.3057,0.3068,0.2989,0.3007,3179954.5
2026-03-13 20:00:00+00:00,0.3007,0.3035,0.2961,0.2984,1963910.0
2026-03-14 00:00:00+00:00,0.2984,0.2984,0.294,0.2968,3678241.8
2026-03-14 04:00:00+00:00,0.2968,0.2979,0.2891,0.2907,6592614.8
2026-03-14 08:00:00+00:00,0.2907,0.2943,0.2902,0.2936,2222507.0
2026-03-14 12:00:00+00:00,0.2936,0.2977,0.2929,0.2951,2470343.3
2026-03-14 16:00:00+00:00,0.2951,0.2982,0.2948,0.2973,1435770.3
2026-03-14 20:00:00+00:00,0.2973,0.3012,0.2964,0.3008,1540260.7
2026-03-15 00:00:00+00:00,0.3008,0.3098,0.2991,0.3059,4566647.8
2026-03-15 04:00:00+00:00,0.3059,0.3071,0.3029,0.3058,1809928.8
2026-03-15 08:00:00+00:00,0.3058,0.3065,0.3037,0.3042,1165847.5
2026-03-15 12:00:00+00:00,0.3042,0.3066,0.3002,0.3006,2592143.6
2026-03-15 16:00:00+00:00,0.3006,0.3052,0.3003,0.305,1283012.2
2026-03-15 20:00:00+00:00,0.305,0.3111,0.304,0.3088,4231575.1
2026-03-16 00:00:00+00:00,0.3088,0.319,0.3078,0.315,4719110.4
2026-03-16 04:00:00+00:00,0.315,0.324,0.315,0.3236,5234478.9
2026-03-16 08:00:00+00:00,0.3236,0.3266,0.3171,0.3179,5178194.6
2026-03-16 12:00:00+00:00,0.3179,0.3248,0.3165,0.3193,5287786.3
2026-03-16 16:00:00+00:00,0.3193,0.3312,0.319,0.3274,4741236.9
2026-03-16 20:00:00+00:00,0.3274,0.3309,0.3261,0.3274,5695783.5
2026-03-17 00:00:00+00:00,0.3274,0.3283,0.3216,0.3245,4265379.3
2026-03-17 04:00:00+00:00,0.3245,0.3253,0.319,0.3235,2547837.8
2026-03-17 08:00:00+00:00,0.3235,0.3246,0.3201,0.3216,2410455.7
2026-03-17 12:00:00+00:00,0.3216,0.3239,0.3183,0.3201,3437787.0
2026-03-17 16:00:00+00:00,0.3201,0.323,0.3193,0.3197,1474236.7
2026-03-17 20:00:00+00:00,0.3197,0.325,0.3196,0.3201,1477533.4
2026-03-18 00:00:00+00:00,0.3201,0.325,0.3182,0.3237,1053727.7
2026-03-18 04:00:00+00:00,0.3237,0.3244,0.3194,0.321,1287781.7
2026-03-18 08:00:00+00:00,0.321,0.3227,0.3112,0.3137,3512661.7
2026-03-18 12:00:00+00:00,0.3137,0.3137,0.2974,0.3006,7232232.0
2026-03-18 16:00:00+00:00,0.3006,0.306,0.2992,0.301,4179796.7
2026-03-18 20:00:00+00:00,0.301,0.3054,0.2984,0.3033,2142562.6
2026-03-19 00:00:00+00:00,0.3033,0.3077,0.3011,0.3047,1946755.9
2026-03-19 04:00:00+00:00,0.3047,0.3047,0.2968,0.2986,2812488.3
2026-03-19 08:00:00+00:00,0.2986,0.3021,0.2982,0.2991,1392392.2
2026-03-19 12:00:00+00:00,0.2991,0.2991,0.2916,0.2946,3808635.0
2026-03-19 16:00:00+00:00,0.2946,0.2984,0.2924,0.2968,1543673.8
2026-03-19 20:00:00+00:00,0.2968,0.2982,0.2957,0.2976,1476046.9
2026-03-20 00:00:00+00:00,0.2976,0.3014,0.297,0.3004,1498167.4
2026-03-20 04:00:00+00:00,0.3004,0.3024,0.2958,0.2988,2184371.5
2026-03-20 08:00:00+00:00,0.2988,0.3001,0.2975,0.2984,1454978.7
2026-03-20 12:00:00+00:00,0.2984,0.2996,0.2943,0.2971,2508183.5
2026-03-20 16:00:00+00:00,0.2971,0.2981,0.2935,0.2964,1560743.1
2026-03-20 20:00:00+00:00,0.2964,0.3009,0.2944,0.2982,1213769.5
2026-03-21 00:00:00+00:00,0.2982,0.2997,0.2978,0.2986,717632.9
2026-03-21 04:00:00+00:00,0.2986,0.3008,0.298,0.2991,909161.7
2026-03-21 08:00:00+00:00,0.2991,0.3003,0.2973,0.2978,579604.4
2026-03-21 12:00:00+00:00,0.2978,0.2997,0.2964,0.2995,757655.6
2026-03-21 16:00:00+00:00,0.2995,0.2998,0.2966,0.2973,543874.5
2026-03-21 20:00:00+00:00,0.2973,0.2983,0.2858,0.2882,3741619.1
2026-03-22 00:00:00+00:00,0.2882,0.2918,0.2817,0.2898,4334377.2
2026-03-22 04:00:00+00:00,0.2898,0.2912,0.2874,0.2874,883973.4
2026-03-22 08:00:00+00:00,0.2874,0.2885,0.2838,0.2845,1442184.1
2026-03-22 12:00:00+00:00,0.2845,0.2872,0.2844,0.286,1169527.1
2026-03-22 16:00:00+00:00,0.286,0.2865,0.2822,0.2836,1391977.4
2026-03-22 20:00:00+00:00,0.2836,0.2851,0.2788,0.2821,2440922.4
2026-03-23 00:00:00+00:00,0.2821,0.2861,0.2812,0.2839,1308302.7
2026-03-23 04:00:00+00:00,0.2839,0.2863,0.2786,0.2802,2461203.5
2026-03-23 08:00:00+00:00,0.2802,0.2966,0.277,0.2881,12948775.1
2026-03-23 12:00:00+00:00,0.2881,0.2956,0.2862,0.2878,4093269.0
2026-03-23 16:00:00+00:00,0.2878,0.2945,0.2858,0.2915,2221438.3
2026-03-23 20:00:00+00:00,0.2915,0.2949,0.2908,0.2937,1263070.3
2026-03-24 00:00:00+00:00,0.2937,0.2948,0.2889,0.2917,1202053.1
2026-03-24 04:00:00+00:00,0.2917,0.2961,0.2903,0.2956,1178960.6
2026-03-24 08:00:00+00:00,0.2956,0.2958,0.2913,0.2928,1358956.4
2026-03-24 12:00:00+00:00,0.2928,0.2932,0.2883,0.2905,2049666.7
2026-03-24 16:00:00+00:00,0.2905,0.2919,0.287,0.2896,2112091.7
2026-03-24 20:00:00+00:00,0.2896,0.2957,0.2896,0.2947,1740049.8
2026-03-25 00:00:00+00:00,0.2947,0.2989,0.2937,0.2985,4445417.5
2026-03-25 04:00:00+00:00,0.2985,0.3033,0.2977,0.3011,3041569.3
2026-03-25 08:00:00+00:00,0.3011,0.3053,0.3003,0.3021,5015962.2
2026-03-25 12:00:00+00:00,0.3021,0.3033,0.298,0.2994,4031694.6
2026-03-25 16:00:00+00:00,0.2994,0.3014,0.2974,0.2994,2235335.7
2026-03-25 20:00:00+00:00,0.2994,0.3009,0.297,0.3006,3306496.7
2026-03-26 00:00:00+00:00,0.3006,0.3011,0.2956,0.2967,2436079.1
2026-03-26 04:00:00+00:00,0.2967,0.2983,0.2909,0.2916,5319208.0
2026-03-26 08:00:00+00:00,0.2916,0.2916,0.2861,0.2864,3175460.4
2026-03-26 12:00:00+00:00,0.2864,0.2909,0.2852,0.2861,3776759.1
2026-03-26 16:00:00+00:00,0.2861,0.2864,0.2825,0.2833,2097594.5
2026-03-26 20:00:00+00:00,0.2833,0.2887,0.2827,0.2871,4604001.4
2026-03-27 00:00:00+00:00,0.2871,0.2896,0.2867,0.2875,969993.9
2026-03-27 04:00:00+00:00,0.2875,0.2881,0.2854,0.2877,735265.4
2026-03-27 08:00:00+00:00,0.2877,0.2879,0.2741,0.2765,5031694.7
2026-03-27 12:00:00+00:00,0.2765,0.2947,0.2734,0.286,34461368.2
2026-03-27 16:00:00+00:00,0.286,0.3012,0.2831,0.298,16360826.2
2026-03-27 20:00:00+00:00,0.298,0.3073,0.2961,0.2991,13110792.5
2026-03-28 00:00:00+00:00,0.2991,0.3001,0.2922,0.2981,6108079.1
2026-03-28 04:00:00+00:00,0.2981,0.3056,0.2949,0.3016,5789267.3
2026-03-28 08:00:00+00:00,0.3016,0.3042,0.3003,0.3036,2753139.4
2026-03-28 12:00:00+00:00,0.3036,0.3108,0.3005,0.3072,7357964.5
2026-03-28 16:00:00+00:00,0.3072,0.3161,0.3071,0.3133,7629056.8
2026-03-28 20:00:00+00:00,0.3133,0.3142,0.3054,0.3058,3230268.6
2026-03-29 00:00:00+00:00,0.3058,0.3118,0.3033,0.3084,3245582.4
2026-03-29 04:00:00+00:00,0.3084,0.3098,0.3054,0.3059,6631097.7
2026-03-29 08:00:00+00:00,0.3059,0.3069,0.3023,0.3047,4260902.4
2026-03-29 12:00:00+00:00,0.3047,0.3053,0.301,0.3021,4185164.7
2026-03-29 16:00:00+00:00,0.3021,0.3058,0.302,0.3042,1934876.3
2026-03-29 20:00:00+00:00,0.3042,0.3109,0.2937,0.3009,20910423.9
2026-03-30 00:00:00+00:00,0.3009,0.3144,0.3003,0.313,22997006.6
2026-03-30 04:00:00+00:00,0.313,0.3225,0.313,0.3209,7392413.8
2026-03-30 08:00:00+00:00,0.3209,0.3249,0.3189,0.3222,9587257.7
2026-03-30 12:00:00+00:00,0.3222,0.3257,0.3163,0.3191,9352982.4
2026-03-30 16:00:00+00:00,0.3191,0.3199,0.3129,0.3156,5617509.7
2026-03-30 20:00:00+00:00,0.3156,0.3222,0.3151,0.3176,3998316.8
2026-03-31 00:00:00+00:00,0.3176,0.3321,0.3168,0.33,7571165.2
2026-03-31 04:00:00+00:00,0.33,0.3323,0.3235,0.3259,3540596.4
2026-03-31 08:00:00+00:00,0.3259,0.3264,0.3176,0.3213,5250362.2
2026-03-31 12:00:00+00:00,0.3213,0.3309,0.3213,0.3257,6067847.6
2026-03-31 16:00:00+00:00,0.3257,0.3407,0.3256,0.3306,12337703.4
2026-03-31 20:00:00+00:00,0.3306,0.3317,0.3275,0.3291,3122301.3
2026-04-01 00:00:00+00:00,0.3291,0.3332,0.3278,0.3301,3558301.0
2026-04-01 04:00:00+00:00,0.3301,0.3383,0.3289,0.3361,4874022.9
2026-04-01 08:00:00+00:00,0.3361,0.3399,0.3356,0.338,5285363.2
2026-04-01 12:00:00+00:00,0.338,0.3418,0.3308,0.3396,7574808.1
2026-04-01 16:00:00+00:00,0.3396,0.343,0.3343,0.3366,5476688.8
2026-04-01 20:00:00+00:00,0.3366,0.3383,0.3336,0.3342,3256828.6
2026-04-02 00:00:00+00:00,0.3342,0.3378,0.3185,0.3197,7441432.0
2026-04-02 04:00:00+00:00,0.3197,0.3204,0.3159,0.32,3022227.5
2026-04-02 08:00:00+00:00,0.32,0.32,0.3135,0.3146,3198957.0
2026-04-02 12:00:00+00:00,0.3146,0.3164,0.3085,0.3145,7288702.6
2026-04-02 16:00:00+00:00,0.3145,0.3199,0.3116,0.315,2893293.5
2026-04-02 20:00:00+00:00,0.315,0.3169,0.3121,0.3138,1396080.3
2026-04-03 00:00:00+00:00,0.3138,0.3163,0.3125,0.3152,913398.7
2026-04-03 04:00:00+00:00,0.3152,0.3183,0.3133,0.3169,1685131.6
2026-04-03 08:00:00+00:00,0.3169,0.3204,0.3157,0.3191,2512340.4
2026-04-03 12:00:00+00:00,0.3191,0.3229,0.3166,0.3189,2653833.8
2026-04-03 16:00:00+00:00,0.3189,0.3202,0.314,0.3156,1865572.5
2026-04-03 20:00:00+00:00,0.3156,0.3165,0.3126,0.3131,1202311.2
2026-04-04 00:00:00+00:00,0.3131,0.3163,0.3123,0.3151,1440996.7
2026-04-04 04:00:00+00:00,0.3151,0.3181,0.3146,0.3168,931959.1
2026-04-04 08:00:00+00:00,0.3168,0.318,0.3146,0.3167,869059.9
2026-04-04 12:00:00+00:00,0.3167,0.3175,0.3132,0.3156,918156.5
2026-04-04 16:00:00+00:00,0.3156,0.3182,0.3143,0.3158,1066335.9
2026-04-04 20:00:00+00:00,0.3158,0.3159,0.3136,0.3148,591498.0
2026-04-05 00:00:00+00:00,0.3148,0.3156,0.3126,0.3134,778285.3
2026-04-05 04:00:00+00:00,0.3134,0.314,0.3068,0.3074,2081670.7
2026-04-05 08:00:00+00:00,0.3074,0.3112,0.3072,0.3093,939783.0
2026-04-05 12:00:00+00:00,0.3093,0.3116,0.305,0.3085,2561721.9
2026-04-05 16:00:00+00:00,0.3085,0.3105,0.3066,0.3091,785506.0
2026-04-05 20:00:00+00:00,0.3091,0.3175,0.3075,0.3167,1784915.3
2026-04-06 00:00:00+00:00,0.3167,0.3238,0.3167,0.3213,2026289.2
2026-04-06 04:00:00+00:00,0.3213,0.3222,0.3184,0.3207,1289013.6
2026-04-06 08:00:00+00:00,0.3207,0.3268,0.3205,0.325,2183225.4
2026-04-06 12:00:00+00:00,0.325,0.3254,0.3198,0.3246,2017401.9
2026-04-06 16:00:00+00:00,0.3246,0.3248,0.3158,0.3172,2638697.2
2026-04-06 20:00:00+00:00,0.3172,0.3172,0.3058,0.3088,3039925.3
2026-04-07 00:00:00+00:00,0.3088,0.3116,0.3084,0.3097,1065756.0
2026-04-07 04:00:00+00:00,0.3097,0.3129,0.3091,0.3112,1437171.7
2026-04-07 08:00:00+00:00,0.3112,0.3136,0.308,0.3084,2477456.3
2026-04-07 12:00:00+00:00,0.3084,0.3098,0.3043,0.3055,3310572.3
2026-04-07 16:00:00+00:00,0.3055,0.3142,0.3052,0.3139,2003234.4
2026-04-07 20:00:00+00:00,0.3139,0.3384,0.313,0.3351,7429884.3
2026-04-08 00:00:00+00:00,0.3351,0.3372,0.3263,0.3277,2423830.6
2026-04-08 04:00:00+00:00,0.3277,0.3311,0.3268,0.3295,1224133.4
2026-04-08 08:00:00+00:00,0.3295,0.3305,0.3253,0.3268,1314328.0
2026-04-08 12:00:00+00:00,0.3268,0.3313,0.3202,0.3235,2562278.6
2026-04-08 16:00:00+00:00,0.3235,0.3255,0.319,0.3212,1585284.8
2026-04-08 20:00:00+00:00,0.3212,0.325,0.3161,0.3172,2053863.4
2026-04-09 00:00:00+00:00,0.3172,0.3172,0.3118,0.3143,2418733.5
2026-04-09 04:00:00+00:00,0.3143,0.317,0.3143,0.3166,802408.8
2026-04-09 08:00:00+00:00,0.3166,0.3177,0.3141,0.3141,925483.8
2026-04-09 12:00:00+00:00,0.3141,0.3213,0.3106,0.3192,2535765.4
2026-04-09 16:00:00+00:00,0.3192,0.3224,0.3177,0.3192,3689729.3
2026-04-09 20:00:00+00:00,0.3192,0.3292,0.3163,0.3175,4729255.7
2026-04-10 00:00:00+00:00,0.3175,0.3211,0.3153,0.3186,1789041.3
2026-04-10 04:00:00+00:00,0.3186,0.3227,0.3172,0.3182,1760255.1
2026-04-10 08:00:00+00:00,0.3182,0.3245,0.3173,0.323,2287590.7
2026-04-10 12:00:00+00:00,0.323,0.3387,0.3222,0.3321,9396048.1
2026-04-10 16:00:00+00:00,0.3321,0.3354,0.3305,0.3347,2549462.5
2026-04-10 20:00:00+00:00,0.3347,0.3351,0.3309,0.3331,1400459.7
2026-04-11 00:00:00+00:00,0.3331,0.3348,0.3309,0.3311,1828289.9
2026-04-11 04:00:00+00:00,0.3311,0.3338,0.3264,0.3291,1850118.9
2026-04-11 08:00:00+00:00,0.3291,0.3321,0.3285,0.3318,1275511.3
2026-04-11 12:00:00+00:00,0.3318,0.3319,0.3276,0.33,965937.7
2026-04-11 16:00:00+00:00,0.33,0.3421,0.33,0.3404,2826382.4
2026-04-11 20:00:00+00:00,0.3404,0.3419,0.3323,0.3339,1791480.2
2026-04-12 00:00:00+00:00,0.3339,0.336,0.319,0.3198,3886230.3
2026-04-12 04:00:00+00:00,0.3198,0.3203,0.3169,0.3176,1083440.5
2026-04-12 08:00:00+00:00,0.3176,0.3199,0.3151,0.3167,1271539.4
2026-04-12 12:00:00+00:00,0.3167,0.318,0.3109,0.3119,1710723.4
2026-04-12 16:00:00+00:00,0.3119,0.3182,0.3115,0.3157,914270.9
2026-04-12 20:00:00+00:00,0.3157,0.3182,0.3119,0.3131,1160280.9
2026-04-13 00:00:00+00:00,0.3131,0.3164,0.3125,0.3135,736244.4
2026-04-13 04:00:00+00:00,0.3135,0.3138,0.3038,0.3047,5667944.7
2026-04-13 08:00:00+00:00,0.3047,0.3076,0.3033,0.307,1822276.8
2026-04-13 12:00:00+00:00,0.307,0.313,0.3053,0.3102,3329344.5
2026-04-13 16:00:00+00:00,0.3102,0.3247,0.3102,0.3231,18770895.3
2026-04-13 20:00:00+00:00,0.3231,0.352,0.3191,0.3516,10281250.4
2026-04-14 00:00:00+00:00,0.3516,0.3598,0.3477,0.3564,7867241.7
2026-04-14 04:00:00+00:00,0.3564,0.3704,0.356,0.3582,12698359.0
2026-04-14 08:00:00+00:00,0.3582,0.3632,0.3515,0.3626,9612750.6
2026-04-14 12:00:00+00:00,0.3626,0.3759,0.353,0.354,19645216.1
2026-04-14 16:00:00+00:00,0.354,0.3549,0.3402,0.3454,16043203.9
2026-04-14 20:00:00+00:00,0.3454,0.3523,0.3447,0.3498,6267268.2
2026-04-15 00:00:00+00:00,0.3498,0.3539,0.3493,0.351,3155219.3
2026-04-15 04:00:00+00:00,0.351,0.3533,0.3479,0.3513,4146045.1
2026-04-15 08:00:00+00:00,0.3513,0.3616,0.3504,0.3609,6589063.9
2026-04-15 12:00:00+00:00,0.3609,0.3873,0.3596,0.3811,27346099.2
2026-04-15 16:00:00+00:00,0.3811,0.3911,0.3691,0.3853,20787450.0
2026-04-15 20:00:00+00:00,0.3853,0.3863,0.3724,0.3768,11489312.6
2026-04-16 00:00:00+00:00,0.3768,0.392,0.3737,0.3811,5583430.2
2026-04-16 04:00:00+00:00,0.3811,0.3903,0.3801,0.3889,4724686.5
2026-04-16 08:00:00+00:00,0.3889,0.3999,0.3847,0.3941,12583008.5
2026-04-16 12:00:00+00:00,0.3941,0.4202,0.3905,0.4194,20557448.5
2026-04-16 16:00:00+00:00,0.4194,0.4522,0.4001,0.4504,25949782.8
2026-04-16 20:00:00+00:00,0.4504,0.4514,0.4237,0.4365,19360359.4
2026-04-17 00:00:00+00:00,0.4365,0.445,0.4216,0.4266,9976364.4
2026-04-17 04:00:00+00:00,0.4266,0.4289,0.4158,0.4247,9339423.6
2026-04-17 08:00:00+00:00,0.4247,0.4351,0.4133,0.425,14653568.6
2026-04-17 12:00:00+00:00,0.425,0.4346,0.4186,0.4305,15319420.6
2026-04-17 16:00:00+00:00,0.4305,0.4432,0.4188,0.4263,14153313.2
2026-04-17 20:00:00+00:00,0.4263,0.4286,0.4182,0.4237,4007121.6
2026-04-18 00:00:00+00:00,0.4237,0.4342,0.4185,0.4291,4637996.4
2026-04-18 04:00:00+00:00,0.4291,0.4342,0.4237,0.4259,3145795.0
2026-04-18 08:00:00+00:00,0.4259,0.4277,0.4038,0.4074,9222683.7
2026-04-18 12:00:00+00:00,0.4074,0.4088,0.4007,0.4046,3648082.8
2026-04-18 16:00:00+00:00,0.4046,0.4046,0.3923,0.393,5174232.3
2026-04-18 20:00:00+00:00,0.393,0.3972,0.3872,0.3875,4510096.7
2026-04-19 00:00:00+00:00,0.3875,0.3879,0.367,0.3739,11271358.5
2026-04-19 04:00:00+00:00,0.3739,0.3847,0.3699,0.3818,8272220.0
2026-04-19 08:00:00+00:00,0.3818,0.3837,0.3747,0.3803,5607395.5
2026-04-19 12:00:00+00:00,0.3803,0.3867,0.3746,0.3808,5577767.6
2026-04-19 16:00:00+00:00,0.3808,0.3836,0.3712,0.372,6367043.7
2026-04-19 20:00:00+00:00,0.372,0.3721,0.3574,0.3579,5808350.0
2026-04-20 00:00:00+00:00,0.3579,0.3634,0.3556,0.3618,5082200.0
2026-04-20 04:00:00+00:00,0.3618,0.3658,0.3545,0.3614,4887505.5
2026-04-20 08:00:00+00:00,0.3614,0.3725,0.3603,0.3695,6643368.5
2026-04-20 12:00:00+00:00,0.3695,0.3718,0.3509,0.3543,11216362.1
2026-04-20 16:00:00+00:00,0.3543,0.3574,0.3432,0.3532,11529321.8
2026-04-20 20:00:00+00:00,0.3532,0.3781,0.3516,0.3673,12320504.4
2026-04-21 00:00:00+00:00,0.3673,0.3703,0.3582,0.3628,4446263.7
2026-04-21 04:00:00+00:00,0.3628,0.3795,0.3606,0.3761,10093247.1
2026-04-21 08:00:00+00:00,0.3761,0.3931,0.3734,0.385,12124905.9
2026-04-21 12:00:00+00:00,0.385,0.3973,0.3731,0.3968,14543305.2
2026-04-21 16:00:00+00:00,0.3968,0.3997,0.3735,0.3754,18961386.6
2026-04-21 20:00:00+00:00,0.3754,0.3841,0.3749,0.3807,6358557.7
2026-04-22 00:00:00+00:00,0.3807,0.3929,0.3788,0.3899,6381192.6
2026-04-22 04:00:00+00:00,0.3899,0.4074,0.388,0.3898,11545459.3
2026-04-22 08:00:00+00:00,0.3898,0.3907,0.3828,0.3896,4662168.0
2026-04-22 12:00:00+00:00,0.3896,0.3937,0.3873,0.3877,6408519.4
2026-04-22 16:00:00+00:00,0.3877,0.3975,0.3852,0.393,6436748.0
2026-04-22 20:00:00+00:00,0.393,0.3944,0.3772,0.3777,6166249.2
2026-04-23 00:00:00+00:00,0.3777,0.3847,0.3733,0.3754,5104577.5
2026-04-23 04:00:00+00:00,0.3754,0.3841,0.3727,0.3803,4252306.7
2026-04-23 08:00:00+00:00,0.3803,0.3819,0.3705,0.3753,6522773.4
2026-04-23 12:00:00+00:00,0.3753,0.3877,0.375,0.3857,7258935.3
2026-04-23 16:00:00+00:00,0.3857,0.3878,0.3717,0.379,9624831.4
2026-04-23 20:00:00+00:00,0.379,0.3946,0.3789,0.3879,5225568.5
2026-04-24 00:00:00+00:00,0.3879,0.3908,0.3719,0.3756,4607813.4
2026-04-24 04:00:00+00:00,0.3756,0.3826,0.3731,0.3796,3912294.5
2026-04-24 08:00:00+00:00,0.3796,0.3863,0.3756,0.3821,6144977.2
2026-04-24 12:00:00+00:00,0.3821,0.3852,0.378,0.3833,7784017.8
2026-04-24 16:00:00+00:00,0.3833,0.3842,0.3785,0.3811,2190510.6
2026-04-24 20:00:00+00:00,0.3811,0.3833,0.3751,0.3798,2056897.0
2026-04-25 00:00:00+00:00,0.3798,0.3838,0.3771,0.3824,1359415.9
2026-04-25 04:00:00+00:00,0.3824,0.3845,0.3774,0.3776,1449824.1
2026-04-25 08:00:00+00:00,0.3776,0.3805,0.3736,0.3755,1770125.4
2026-04-25 12:00:00+00:00,0.3755,0.3808,0.3747,0.3769,2600385.6
2026-04-25 16:00:00+00:00,0.3769,0.3782,0.3721,0.3739,1933086.9
2026-04-25 20:00:00+00:00,0.3739,0.3756,0.3728,0.3742,1073951.1
2026-04-26 00:00:00+00:00,0.3742,0.3745,0.3656,0.3672,2457478.5
2026-04-26 04:00:00+00:00,0.3672,0.3831,0.3651,0.3808,6152280.5
2026-04-26 08:00:00+00:00,0.3808,0.39,0.3771,0.3884,7317924.8
2026-04-26 12:00:00+00:00,0.3884,0.4364,0.3781,0.432,88110115.0
2026-04-26 16:00:00+00:00,0.432,0.4699,0.42,0.4531,106700996.1
2026-04-26 20:00:00+00:00,0.4531,0.4531,0.4207,0.447,45649132.7
2026-04-27 00:00:00+00:00,0.447,0.4643,0.4366,0.4488,41560994.4
2026-04-27 04:00:00+00:00,0.4488,0.4575,0.38,0.3822,81558001.2
2026-04-27 08:00:00+00:00,0.3822,0.3889,0.3795,0.3843,11282941.3
2026-04-27 12:00:00+00:00,0.3843,0.3992,0.3823,0.3874,14337947.7
2026-04-27 16:00:00+00:00,0.3874,0.4039,0.3861,0.3947,11808855.1
2026-04-27 20:00:00+00:00,0.3947,0.4089,0.3947,0.4088,6964978.1
2026-04-28 00:00:00+00:00,0.4088,0.4159,0.3961,0.3994,10797813.2
2026-04-28 04:00:00+00:00,0.3994,0.4063,0.3922,0.394,6809332.3
2026-04-28 08:00:00+00:00,0.394,0.3989,0.3891,0.3905,6457528.5
2026-04-28 12:00:00+00:00,0.3905,0.3912,0.3839,0.3889,8486353.2
2026-04-28 16:00:00+00:00,0.3889,0.3929,0.3857,0.3903,4911245.2
2026-04-28 20:00:00+00:00,0.3903,0.3909,0.3858,0.3869,4324915.8
2026-04-29 00:00:00+00:00,0.3869,0.3953,0.3863,0.3945,3884828.4
2026-04-29 04:00:00+00:00,0.3945,0.4002,0.3911,0.3918,4504735.1
2026-04-29 08:00:00+00:00,0.3918,0.3958,0.381,0.3837,8287500.4
2026-04-29 12:00:00+00:00,0.3837,0.3842,0.3711,0.3726,11722539.5
2026-04-29 16:00:00+00:00,0.3726,0.3801,0.3625,0.3697,13229900.3
2026-04-29 20:00:00+00:00,0.3697,0.3773,0.369,0.373,3731438.4
2026-04-30 00:00:00+00:00,0.373,0.3769,0.3688,0.3721,3016246.7
2026-04-30 04:00:00+00:00,0.3721,0.3724,0.3673,0.3718,2264760.2
2026-04-30 08:00:00+00:00,0.3718,0.3747,0.3698,0.3717,3016263.9
2026-04-30 12:00:00+00:00,0.3717,0.3752,0.3661,0.371,3632401.3
2026-04-30 16:00:00+00:00,0.371,0.3713,0.3669,0.368,1853983.8
2026-04-30 20:00:00+00:00,0.368,0.368,0.3623,0.3652,3122744.7
2026-05-01 00:00:00+00:00,0.3652,0.3729,0.3651,0.3694,2527779.6
2026-05-01 04:00:00+00:00,0.3694,0.3706,0.3651,0.3671,2587311.0
2026-05-01 08:00:00+00:00,0.3671,0.3694,0.3637,0.3677,2541446.2
2026-05-01 12:00:00+00:00,0.3677,0.3783,0.366,0.3772,7604815.6
2026-05-01 16:00:00+00:00,0.3772,0.3785,0.3705,0.3717,2713796.0
2026-05-01 20:00:00+00:00,0.3717,0.3731,0.3681,0.3709,2227473.4
2026-05-02 00:00:00+00:00,0.3709,0.3735,0.3702,0.3707,1295761.9
2026-05-02 04:00:00+00:00,0.3707,0.3754,0.3685,0.3745,1964538.5
2026-05-02 08:00:00+00:00,0.3745,0.375,0.3706,0.3713,1015740.4
2026-05-02 12:00:00+00:00,0.3713,0.3777,0.3705,0.3772,1569058.5
2026-05-02 16:00:00+00:00,0.3772,0.3775,0.3708,0.3749,1830580.9
2026-05-02 20:00:00+00:00,0.3749,0.3779,0.3724,0.373,1376398.6
2026-05-03 00:00:00+00:00,0.373,0.3733,0.3656,0.3668,2297855.8
2026-05-03 04:00:00+00:00,0.3668,0.368,0.3634,0.3654,1690032.3
2026-05-03 08:00:00+00:00,0.3654,0.3705,0.3636,0.3677,2070545.5
2026-05-03 12:00:00+00:00,0.3677,0.3695,0.3648,0.3661,1411315.5
2026-05-03 16:00:00+00:00,0.3661,0.3686,0.3645,0.3664,1456050.4
2026-05-03 20:00:00+00:00,0.3664,0.3711,0.3643,0.3647,3191754.1
2026-05-04 00:00:00+00:00,0.3647,0.376,0.3575,0.3741,9864930.4
2026-05-04 04:00:00+00:00,0.3741,0.3794,0.3705,0.3751,3252168.7
2026-05-04 08:00:00+00:00,0.3751,0.3765,0.3605,0.366,7260236.2
2026-05-04 12:00:00+00:00,0.366,0.3764,0.3647,0.3692,5653721.6
2026-05-04 16:00:00+00:00,0.3692,0.3794,0.3668,0.3739,5054314.2
2026-05-04 20:00:00+00:00,0.3739,0.3767,0.3698,0.3714,1904885.3
2026-05-05 00:00:00+00:00,0.3714,0.3789,0.3709,0.3752,2114625.4
2026-05-05 04:00:00+00:00,0.3752,0.3777,0.3725,0.3759,1614236.9
2026-05-05 08:00:00+00:00,0.3759,0.378,0.3726,0.3739,1908678.5
2026-05-05 12:00:00+00:00,0.3739,0.3762,0.3707,0.3738,3800408.9
2026-05-05 16:00:00+00:00,0.3738,0.3749,0.3709,0.3731,1613686.2
2026-05-05 20:00:00+00:00,0.3731,0.379,0.371,0.3728,4482228.7
2026-05-06 00:00:00+00:00,0.3728,0.3849,0.3717,0.3809,5221583.2
2026-05-06 04:00:00+00:00,0.3809,0.3835,0.3776,0.3788,5042375.5
2026-05-06 08:00:00+00:00,0.3788,0.3933,0.3783,0.3909,11059073.5
2026-05-06 12:00:00+00:00,0.3909,0.3957,0.3785,0.3872,9995439.3
2026-05-06 16:00:00+00:00,0.3872,0.3901,0.3826,0.386,4850876.8
2026-05-06 20:00:00+00:00,0.386,0.3938,0.3851,0.3902,2875745.6
2026-05-07 00:00:00+00:00,0.3902,0.3914,0.379,0.3805,3351705.7
2026-05-07 04:00:00+00:00,0.3805,0.3928,0.3796,0.3923,4102707.2
2026-05-07 08:00:00+00:00,0.3923,0.3936,0.3845,0.3894,3226521.8
2026-05-07 12:00:00+00:00,0.3894,0.3949,0.3729,0.378,8699218.7
2026-05-07 16:00:00+00:00,0.378,0.3854,0.3771,0.3818,6363693.4
2026-05-07 20:00:00+00:00,0.3818,0.386,0.3787,0.3848,2683386.4
2026-05-08 00:00:00+00:00,0.3848,0.3891,0.3817,0.3875,3488693.5
2026-05-08 04:00:00+00:00,0.3875,0.3909,0.3858,0.39,2524231.8
2026-05-08 08:00:00+00:00,0.39,0.4009,0.3893,0.4,3945288.7
2026-05-08 12:00:00+00:00,0.4,0.4073,0.3925,0.4014,9677694.6
2026-05-08 16:00:00+00:00,0.4014,0.4137,0.3993,0.4087,7035151.3
2026-05-08 20:00:00+00:00,0.4087,0.4124,0.4043,0.4066,2502876.7
2026-05-09 00:00:00+00:00,0.4066,0.4114,0.4037,0.4046,2276097.6
2026-05-09 04:00:00+00:00,0.4046,0.4084,0.4017,0.4028,2788197.6
2026-05-09 08:00:00+00:00,0.4028,0.407,0.3994,0.4019,2312857.4
2026-05-09 12:00:00+00:00,0.4019,0.4028,0.3905,0.3935,4877407.5
2026-05-09 16:00:00+00:00,0.3935,0.4009,0.3914,0.4006,4448768.0
2026-05-09 20:00:00+00:00,0.4006,0.4015,0.3973,0.3982,1016703.0
2026-05-10 00:00:00+00:00,0.3982,0.3989,0.3906,0.394,3304403.8
2026-05-10 04:00:00+00:00,0.394,0.3996,0.3937,0.3987,1458502.9
2026-05-10 08:00:00+00:00,0.3987,0.4061,0.398,0.401,3605765.7
2026-05-10 12:00:00+00:00,0.401,0.4178,0.4004,0.4139,4912033.4
2026-05-10 16:00:00+00:00,0.4139,0.424,0.4125,0.4209,4360742.9
2026-05-10 20:00:00+00:00,0.4209,0.4251,0.3987,0.4134,9542398.8
2026-05-11 00:00:00+00:00,0.4134,0.415,0.3974,0.4029,4387835.5
2026-05-11 04:00:00+00:00,0.4029,0.4364,0.3995,0.4246,23132281.3
2026-05-11 08:00:00+00:00,0.4246,0.4461,0.4191,0.4416,33899492.1
2026-05-11 12:00:00+00:00,0.4416,0.4566,0.3838,0.401,80851243.3
2026-05-11 16:00:00+00:00,0.401,0.4095,0.397,0.4085,8807203.9
2026-05-11 20:00:00+00:00,0.4085,0.4104,0.4033,0.4086,3922989.9
2026-05-12 00:00:00+00:00,0.4086,0.4114,0.3982,0.4012,5821083.9
2026-05-12 04:00:00+00:00,0.4012,0.4057,0.4004,0.4032,2886672.0
2026-05-12 08:00:00+00:00,0.4032,0.4033,0.3958,0.3996,5220507.4
2026-05-12 12:00:00+00:00,0.3996,0.4036,0.3869,0.3882,9451905.9
2026-05-12 16:00:00+00:00,0.3882,0.3993,0.3865,0.3984,3645430.3
2026-05-12 20:00:00+00:00,0.3984,0.4007,0.3942,0.3942,1806058.3
2026-05-13 00:00:00+00:00,0.3942,0.4039,0.3931,0.4018,3172858.2
2026-05-13 04:00:00+00:00,0.4018,0.4073,0.4016,0.4054,2671254.4
2026-05-13 08:00:00+00:00,0.4054,0.4198,0.4051,0.4077,7050517.2
2026-05-13 12:00:00+00:00,0.4077,0.409,0.3838,0.3846,13601466.3
2026-05-13 16:00:00+00:00,0.3846,0.3938,0.3845,0.3888,3939171.3
2026-05-13 20:00:00+00:00,0.3888,0.3914,0.3842,0.3875,1451965.5
2026-05-14 00:00:00+00:00,0.3875,0.3913,0.3784,0.3797,3207974.8
2026-05-14 04:00:00+00:00,0.3797,0.3872,0.3784,0.3824,2550491.0
2026-05-14 08:00:00+00:00,0.3824,0.3835,0.376,0.3761,3242843.3
2026-05-14 12:00:00+00:00,0.3761,0.3949,0.3752,0.3924,5204568.0
2026-05-14 16:00:00+00:00,0.3924,0.398,0.3871,0.393,4560222.1
2026-05-14 20:00:00+00:00,0.393,0.3945,0.3871,0.3885,2855275.7
2026-05-15 00:00:00+00:00,0.3885,0.3923,0.3832,0.3867,2560976.9
2026-05-15 04:00:00+00:00,0.3867,0.3867,0.3733,0.3808,3755445.2
2026-05-15 08:00:00+00:00,0.3808,0.3811,0.3753,0.3764,2990336.6
2026-05-15 12:00:00+00:00,0.3764,0.3766,0.3588,0.3644,6926045.7
2026-05-15 16:00:00+00:00,0.3644,0.3697,0.3636,0.3648,1457571.4
2026-05-15 20:00:00+00:00,0.3648,0.3653,0.3615,0.3632,1924466.3
2026-05-16 00:00:00+00:00,0.3632,0.3643,0.3602,0.3607,1148682.3
2026-05-16 04:00:00+00:00,0.3607,0.3608,0.3429,0.3492,6207868.4
2026-05-16 08:00:00+00:00,0.3492,0.3518,0.3441,0.3483,3511550.1
2026-05-16 12:00:00+00:00,0.3483,0.3546,0.3481,0.3538,1522222.5
2026-05-16 16:00:00+00:00,0.3538,0.356,0.3519,0.3521,1271010.9
2026-05-16 20:00:00+00:00,0.3521,0.3546,0.3517,0.3535,548858.6
2026-05-17 00:00:00+00:00,0.3535,0.3553,0.3512,0.3536,1418869.2
2026-05-17 04:00:00+00:00,0.3536,0.3567,0.3535,0.3561,1033976.0
2026-05-17 08:00:00+00:00,0.3561,0.3597,0.3554,0.3594,1269472.5
2026-05-17 12:00:00+00:00,0.3594,0.3606,0.3542,0.356,1241510.9
2026-05-17 16:00:00+00:00,0.356,0.3593,0.3532,0.3584,1545943.5
2026-05-17 20:00:00+00:00,0.3584,0.3593,0.3358,0.3486,10533943.8
2026-05-18 00:00:00+00:00,0.3486,0.3537,0.3444,0.3515,4048534.4
2026-05-18 04:00:00+00:00,0.3515,0.3542,0.3471,0.349,2690840.4
2026-05-18 08:00:00+00:00,0.349,0.3511,0.3443,0.35,2149876.3
2026-05-18 12:00:00+00:00,0.35,0.3555,0.3431,0.3472,5712211.2
2026-05-18 16:00:00+00:00,0.3472,0.3566,0.3456,0.3554,4752510.5
2026-05-18 20:00:00+00:00,0.3554,0.3582,0.3519,0.3551,2169083.8
2026-05-19 00:00:00+00:00,0.3551,0.359,0.3531,0.356,1467319.7
2026-05-19 04:00:00+00:00,0.356,0.36,0.3529,0.3588,1560494.4
2026-05-19 08:00:00+00:00,0.3588,0.3589,0.3496,0.3498,2081828.5
2026-05-19 12:00:00+00:00,0.3498,0.3573,0.3493,0.3517,3007528.6
2026-05-19 16:00:00+00:00,0.3517,0.3563,0.3509,0.3523,1113412.2
2026-05-19 20:00:00+00:00,0.3523,0.3551,0.3498,0.3511,592244.7
2026-05-20 00:00:00+00:00,0.3511,0.355,0.3492,0.3521,819670.7
2026-05-20 04:00:00+00:00,0.3521,0.3587,0.3521,0.3579,1053275.9
2026-05-20 08:00:00+00:00,0.3579,0.3598,0.3547,0.3558,1110649.7
2026-05-20 12:00:00+00:00,0.3558,0.3644,0.3534,0.3609,3806848.5
2026-05-20 16:00:00+00:00,0.3609,0.3633,0.3583,0.3622,3285932.9
2026-05-20 20:00:00+00:00,0.3622,0.3623,0.3556,0.3583,1508113.4
2026-05-21 00:00:00+00:00,0.3583,0.3633,0.3579,0.3625,1653325.9
2026-05-21 04:00:00+00:00,0.3625,0.3632,0.3587,0.361,1192685.5
2026-05-21 08:00:00+00:00,0.361,0.364,0.3528,0.3537,3311168.9
2026-05-21 12:00:00+00:00,0.3537,0.3578,0.3509,0.3553,4124613.3
2026-05-21 16:00:00+00:00,0.3553,0.3625,0.3536,0.3599,3837884.8
2026-05-21 20:00:00+00:00,0.3599,0.361,0.3551,0.3574,1169344.4
2026-05-22 00:00:00+00:00,0.3574,0.3579,0.3526,0.3571,1224515.3
2026-05-22 04:00:00+00:00,0.3571,0.3592,0.3533,0.3558,1400498.3
2026-05-22 08:00:00+00:00,0.3558,0.3612,0.3557,0.361,2096445.3
2026-05-22 12:00:00+00:00,0.361,0.366,0.3536,0.3565,3899663.7
2026-05-22 16:00:00+00:00,0.3565,0.3591,0.339,0.343,7105883.4
2026-05-22 20:00:00+00:00,0.343,0.3479,0.3383,0.3404,3101221.6
2026-05-23 00:00:00+00:00,0.3404,0.3436,0.3377,0.3425,1374059.7
2026-05-23 04:00:00+00:00,0.3425,0.3426,0.3248,0.3304,7636645.4
2026-05-23 08:00:00+00:00,0.3304,0.3323,0.3277,0.3313,2610243.2
2026-05-23 12:00:00+00:00,0.3313,0.3422,0.3305,0.3413,2194821.3
2026-05-23 16:00:00+00:00,0.3413,0.3466,0.3399,0.3448,2372010.3
2026-05-23 20:00:00+00:00,0.3448,0.3584,0.3443,0.3503,4104629.9
2026-05-24 00:00:00+00:00,0.3503,0.3515,0.3476,0.3487,1114666.3
2026-05-24 04:00:00+00:00,0.3487,0.3525,0.3478,0.3492,1728594.1
2026-05-24 08:00:00+00:00,0.3492,0.3524,0.3482,0.3496,1676706.2
2026-05-24 12:00:00+00:00,0.3496,0.3499,0.3368,0.3419,3703316.1
2026-05-24 16:00:00+00:00,0.3419,0.3452,0.3415,0.3426,1656238.1
2026-05-24 20:00:00+00:00,0.3426,0.343,0.3343,0.3413,2155970.7
2026-05-25 00:00:00+00:00,0.3413,0.3447,0.3412,0.3423,1177448.6
2026-05-25 04:00:00+00:00,0.3423,0.3488,0.3418,0.3467,1697253.5
2026-05-25 08:00:00+00:00,0.3467,0.3483,0.3456,0.3458,1234589.2
2026-05-25 12:00:00+00:00,0.3458,0.3524,0.3449,0.35,2060079.6
2026-05-25 16:00:00+00:00,0.35,0.3536,0.3484,0.3502,1583299.1
2026-05-25 20:00:00+00:00,0.3502,0.352,0.3443,0.346,1549095.7
2026-05-26 00:00:00+00:00,0.346,0.3463,0.3394,0.3413,2231714.7
2026-05-26 04:00:00+00:00,0.3413,0.3456,0.341,0.3431,1402811.0
2026-05-26 08:00:00+00:00,0.3431,0.3518,0.3429,0.35,2472102.7
2026-05-26 12:00:00+00:00,0.35,0.3577,0.3448,0.3479,5454475.3
2026-05-26 16:00:00+00:00,0.3479,0.348,0.3377,0.3405,3395582.9
2026-05-26 20:00:00+00:00,0.3405,0.3435,0.3386,0.3416,1398159.7
2026-05-27 00:00:00+00:00,0.3416,0.3452,0.3393,0.3403,881000.5
2026-05-27 04:00:00+00:00,0.3403,0.3446,0.3363,0.343,1739672.3
2026-05-27 08:00:00+00:00,0.343,0.3449,0.3389,0.339,1445939.7
2026-05-27 12:00:00+00:00,0.339,0.3457,0.3359,0.3438,3839288.6
2026-05-27 16:00:00+00:00,0.3438,0.3448,0.3367,0.3413,1851789.5
2026-05-27 20:00:00+00:00,0.3413,0.3423,0.3291,0.3314,3003430.2
2026-05-28 00:00:00+00:00,0.3314,0.3324,0.3168,0.3181,5774697.8
2026-05-28 04:00:00+00:00,0.3181,0.3188,0.3126,0.3179,4322943.6
2026-05-28 08:00:00+00:00,0.3179,0.3182,0.3119,0.3138,2272525.9
2026-05-28 12:00:00+00:00,0.3138,0.3201,0.3124,0.3187,4469647.0
2026-05-28 16:00:00+00:00,0.3187,0.3277,0.3174,0.3238,2401777.8
2026-05-28 20:00:00+00:00,0.3238,0.3295,0.3219,0.3251,1279850.0
2026-05-29 00:00:00+00:00,0.3251,0.3263,0.3206,0.322,1456112.1
2026-05-29 04:00:00+00:00,0.322,0.3267,0.3203,0.324,1540604.3
2026-05-29 08:00:00+00:00,0.324,0.3265,0.3191,0.3206,1880502.8
2026-05-29 12:00:00+00:00,0.3206,0.3299,0.3132,0.3268,5784591.3
2026-05-29 16:00:00+00:00,0.3268,0.3284,0.3194,0.3212,3804080.3
2026-05-29 20:00:00+00:00,0.3212,0.323,0.3171,0.3191,2145499.9
2026-05-30 00:00:00+00:00,0.3191,0.3251,0.3186,0.321,2172205.4
2026-05-30 04:00:00+00:00,0.321,0.3235,0.3178,0.3212,1679869.2
2026-05-30 08:00:00+00:00,0.3212,0.3224,0.32,0.3206,726816.6
2026-05-30 12:00:00+00:00,0.3206,0.3238,0.3191,0.3211,1574134.6
2026-05-30 16:00:00+00:00,0.3211,0.3256,0.3211,0.3248,1064601.3
2026-05-30 20:00:00+00:00,0.3248,0.3283,0.3224,0.324,1065194.7
2026-05-31 00:00:00+00:00,0.324,0.3283,0.3228,0.3275,1324142.6
2026-05-31 04:00:00+00:00,0.3275,0.3285,0.3221,0.3236,1266338.6
2026-05-31 08:00:00+00:00,0.3236,0.3253,0.3213,0.3229,1107075.7
2026-05-31 12:00:00+00:00,0.3229,0.3248,0.3211,0.3215,4616144.2
2026-05-31 16:00:00+00:00,0.3215,0.3223,0.3173,0.3202,2610911.2
2026-05-31 20:00:00+00:00,0.3202,0.3318,0.3202,0.3278,2832522.7
2026-06-01 00:00:00+00:00,0.3278,0.3321,0.3232,0.3296,3053758.8
2026-06-01 04:00:00+00:00,0.3296,0.3309,0.3205,0.321,1440768.2
2026-06-01 08:00:00+00:00,0.321,0.3257,0.3202,0.3237,1614609.5
2026-06-01 12:00:00+00:00,0.3237,0.3255,0.3176,0.3219,4862105.9
2026-06-01 16:00:00+00:00,0.3219,0.3313,0.3196,0.3305,2999815.3
2026-06-01 20:00:00+00:00,0.3305,0.3347,0.3272,0.3329,3062763.7
2026-06-02 00:00:00+00:00,0.3329,0.3331,0.3214,0.3311,2148906.1
2026-06-02 04:00:00+00:00,0.3311,0.3328,0.3211,0.325,3589646.8
2026-06-02 08:00:00+00:00,0.325,0.3259,0.3208,0.323,2179764.1
2026-06-02 12:00:00+00:00,0.323,0.3265,0.3004,0.3044,9761590.8
2026-06-02 16:00:00+00:00,0.3044,0.3123,0.2966,0.3036,6939883.0
2026-06-02 20:00:00+00:00,0.3036,0.3096,0.2918,0.302,8446533.2
2026-06-03 00:00:00+00:00,0.302,0.3051,0.2966,0.298,3405769.8
2026-06-03 04:00:00+00:00,0.298,0.3125,0.2978,0.3102,4139672.7
2026-06-03 08:00:00+00:00,0.3102,0.3147,0.3083,0.3122,2286473.8
2026-06-03 12:00:00+00:00,0.3122,0.3141,0.3078,0.3087,5322580.7
2026-06-03 16:00:00+00:00,0.3087,0.3092,0.2988,0.3003,4781113.3
2026-06-03 20:00:00+00:00,0.3003,0.3057,0.2913,0.2967,5195443.5
2026-06-04 00:00:00+00:00,0.2967,0.299,0.2659,0.2872,16596517.2
2026-06-04 04:00:00+00:00,0.2872,0.2898,0.281,0.2813,4191997.5
2026-06-04 08:00:00+00:00,0.2813,0.2828,0.2707,0.2759,7984800.7
2026-06-04 12:00:00+00:00,0.2759,0.2864,0.2734,0.2836,8169361.6
2026-06-04 16:00:00+00:00,0.2836,0.2859,0.2772,0.2812,4677944.0
2026-06-04 20:00:00+00:00,0.2812,0.2815,0.2711,0.2764,3194618.0
2026-06-05 00:00:00+00:00,0.2764,0.2779,0.2649,0.2673,5780500.0
2026-06-05 04:00:00+00:00,0.2673,0.2733,0.2488,0.2627,11827009.8
2026-06-05 08:00:00+00:00,0.2627,0.2651,0.2568,0.2584,4360736.7
2026-06-05 12:00:00+00:00,0.2584,0.2616,0.2496,0.2522,10475719.1
2026-06-05 16:00:00+00:00,0.2522,0.2681,0.2476,0.2546,13901141.0
2026-06-05 20:00:00+00:00,0.2546,0.2642,0.2517,0.258,3551165.1
2026-06-06 00:00:00+00:00,0.258,0.2603,0.2513,0.2541,2911837.8
2026-06-06 04:00:00+00:00,0.2541,0.2582,0.2416,0.2568,5304208.0
2026-06-06 08:00:00+00:00,0.2568,0.262,0.253,0.2584,3140178.3
2026-06-06 12:00:00+00:00,0.2584,0.2618,0.2542,0.2563,1876361.4
2026-06-06 16:00:00+00:00,0.2563,0.2586,0.2535,0.2536,1709737.3
2026-06-06 20:00:00+00:00,0.2536,0.257,0.2526,0.2565,1181647.1
2026-06-07 00:00:00+00:00,0.2565,0.2644,0.2555,0.2639,1564959.7
2026-06-07 04:00:00+00:00,0.2639,0.2682,0.2617,0.2677,1987014.0
2026-06-07 08:00:00+00:00,0.2677,0.2727,0.2663,0.2678,1666510.9
2026-06-07 12:00:00+00:00,0.2678,0.2682,0.2619,0.266,1864411.6
2026-06-07 16:00:00+00:00,0.266,0.2675,0.259,0.2605,1673605.6
2026-06-07 20:00:00+00:00,0.2605,0.2802,0.2598,0.2716,6198006.8
2026-06-08 00:00:00+00:00,0.2716,0.2756,0.2675,0.2686,2539643.1
2026-06-08 04:00:00+00:00,0.2686,0.2698,0.2634,0.2689,2029874.2
2026-06-08 08:00:00+00:00,0.2689,0.2739,0.2663,0.2721,2471340.5
2026-06-08 12:00:00+00:00,0.2721,0.275,0.2693,0.2716,3152948.3
2026-06-08 16:00:00+00:00,0.2716,0.2741,0.2692,0.2696,1407234.4
2026-06-08 20:00:00+00:00,0.2696,0.2722,0.2649,0.2658,1619422.4
2026-06-09 00:00:00+00:00,0.2658,0.266,0.2593,0.2624,1509213.6
2026-06-09 04:00:00+00:00,0.2624,0.2677,0.2613,0.2647,1509334.7
2026-06-09 08:00:00+00:00,0.2647,0.2649,0.2596,0.2615,1876979.6
2026-06-09 12:00:00+00:00,0.2615,0.2648,0.2557,0.2566,3118220.2
2026-06-09 16:00:00+00:00,0.2566,0.2629,0.2537,0.2618,2596314.2
2026-06-09 20:00:00+00:00,0.2618,0.2634,0.2586,0.26,1079258.2
2026-06-10 00:00:00+00:00,0.26,0.262,0.257,0.2589,752475.7
2026-06-10 04:00:00+00:00,0.2589,0.2608,0.256,0.2599,1034356.4
2026-06-10 08:00:00+00:00,0.2599,0.2606,0.2543,0.2556,2197598.9
2026-06-10 12:00:00+00:00,0.2556,0.2656,0.2549,0.2634,3840590.1
2026-06-10 16:00:00+00:00,0.2634,0.2641,0.2542,0.2554,2701668.7
2026-06-10 20:00:00+00:00,0.2554,0.2561,0.2502,0.2553,3247463.7
2026-06-11 00:00:00+00:00,0.2553,0.2633,0.2552,0.2623,2404833.7
2026-06-11 04:00:00+00:00,0.2623,0.2638,0.2603,0.2614,1508198.1
2026-06-11 08:00:00+00:00,0.2614,0.2654,0.2614,0.2638,1733420.0
2026-06-11 12:00:00+00:00,0.2638,0.2648,0.2598,0.2643,3385466.4
2026-06-11 16:00:00+00:00,0.2643,0.2713,0.2609,0.2676,4186872.3
2026-06-11 20:00:00+00:00,0.2676,0.2718,0.2658,0.2666,2797484.3
2026-06-12 00:00:00+00:00,0.2666,0.2677,0.2645,0.2653,1089692.8
2026-06-12 04:00:00+00:00,0.2653,0.2663,0.2615,0.2638,1568851.6
2026-06-12 08:00:00+00:00,0.2638,0.2678,0.2637,0.2646,1731649.2
2026-06-12 12:00:00+00:00,0.2646,0.2669,0.2602,0.2613,5923970.4
2026-06-12 16:00:00+00:00,0.2613,0.2649,0.2601,0.2633,2876561.9
2026-06-12 20:00:00+00:00,0.2633,0.2642,0.2596,0.2611,1255607.8
2026-06-13 00:00:00+00:00,0.2611,0.2631,0.2566,0.2582,1802325.6
2026-06-13 04:00:00+00:00,0.2582,0.2633,0.2573,0.2628,1605011.6
2026-06-13 08:00:00+00:00,0.2628,0.2645,0.262,0.2637,1195753.1
2026-06-13 12:00:00+00:00,0.2637,0.2665,0.2627,0.2665,2053392.3
2026-06-13 16:00:00+00:00,0.2665,0.2667,0.2621,0.263,2331355.8
2026-06-13 20:00:00+00:00,0.263,0.2655,0.2621,0.263,1024205.9
2026-06-14 00:00:00+00:00,0.263,0.2645,0.2609,0.2642,1515094.3
2026-06-14 04:00:00+00:00,0.2642,0.2652,0.2604,0.261,1896395.7
2026-06-14 08:00:00+00:00,0.261,0.2634,0.2602,0.2614,1392016.9
2026-06-14 12:00:00+00:00,0.2614,0.2615,0.2556,0.2583,2091987.7
2026-06-14 16:00:00+00:00,0.2583,0.2592,0.257,0.2574,1055248.3
2026-06-14 20:00:00+00:00,0.2574,0.2695,0.2571,0.2688,4465316.4
2026-06-15 00:00:00+00:00,0.2688,0.2718,0.266,0.2707,2315684.2
2026-06-15 04:00:00+00:00,0.2707,0.273,0.2691,0.2707,1875500.7
2026-06-15 08:00:00+00:00,0.2707,0.2792,0.2705,0.2777,4157150.3
2026-06-15 12:00:00+00:00,0.2777,0.2824,0.2738,0.2816,5607081.8
2026-06-15 16:00:00+00:00,0.2816,0.2859,0.2737,0.2761,4845311.8
2026-06-15 20:00:00+00:00,0.2761,0.2773,0.2704,0.2737,2554743.8
2026-06-16 00:00:00+00:00,0.2737,0.2753,0.2678,0.2731,2803123.3
2026-06-16 04:00:00+00:00,0.2731,0.2757,0.2698,0.2753,2246059.9
2026-06-16 08:00:00+00:00,0.2753,0.2816,0.275,0.2775,3013522.0
2026-06-16 12:00:00+00:00,0.2775,0.2837,0.269,0.2731,5132425.8
2026-06-16 16:00:00+00:00,0.2731,0.2788,0.2716,0.2766,2160473.0
2026-06-16 20:00:00+00:00,0.2766,0.2803,0.2759,0.2771,1388540.5
2026-06-17 00:00:00+00:00,0.2771,0.2933,0.2771,0.2894,6426240.0
2026-06-17 04:00:00+00:00,0.2894,0.2999,0.2872,0.2965,16879279.3
2026-06-17 08:00:00+00:00,0.2965,0.2976,0.2821,0.2837,12283187.6
2026-06-17 12:00:00+00:00,0.2837,0.2947,0.2829,0.2947,7741313.3
2026-06-17 16:00:00+00:00,0.2947,0.2958,0.2763,0.2777,12238678.2
2026-06-17 20:00:00+00:00,0.2777,0.2783,0.2709,0.277,4800610.5
2026-06-18 00:00:00+00:00,0.277,0.2836,0.277,0.2776,3192628.4
2026-06-18 04:00:00+00:00,0.2776,0.2811,0.272,0.2795,3895850.0
2026-06-18 08:00:00+00:00,0.2795,0.2885,0.2786,0.28,5838677.1
2026-06-18 12:00:00+00:00,0.28,0.2853,0.2656,0.2672,8996380.6
2026-06-18 16:00:00+00:00,0.2672,0.2739,0.2638,0.2731,3898709.4
2026-06-18 20:00:00+00:00,0.2731,0.2775,0.2731,0.2774,1537687.5
2026-06-19 00:00:00+00:00,0.2774,0.2904,0.2767,0.2842,12599687.0
2026-06-19 04:00:00+00:00,0.2842,0.2845,0.2715,0.2725,3547774.1
2026-06-19 08:00:00+00:00,0.2725,0.2754,0.2688,0.27,3906853.1
2026-06-19 12:00:00+00:00,0.27,0.283,0.2684,0.281,3352244.6
2026-06-19 16:00:00+00:00,0.281,0.2832,0.2749,0.2761,2040638.9
2026-06-19 20:00:00+00:00,0.2761,0.2799,0.2744,0.2791,1766083.4
2026-06-20 00:00:00+00:00,0.2791,0.281,0.2745,0.2772,2224798.9
2026-06-20 04:00:00+00:00,0.2772,0.2825,0.2764,0.2769,2481192.2
2026-06-20 08:00:00+00:00,0.2769,0.2808,0.2761,0.2779,1484556.7
2026-06-20 12:00:00+00:00,0.2779,0.279,0.2707,0.2777,3706838.2
2026-06-20 16:00:00+00:00,0.2777,0.2778,0.2728,0.2741,1175779.7
2026-06-20 20:00:00+00:00,0.2741,0.2786,0.2729,0.2761,888886.0
2026-06-21 00:00:00+00:00,0.2761,0.2774,0.275,0.2764,621444.1
2026-06-21 04:00:00+00:00,0.2764,0.2772,0.2743,0.2757,816336.8
2026-06-21 08:00:00+00:00,0.2757,0.2857,0.2743,0.282,2221524.8
2026-06-21 12:00:00+00:00,0.282,0.2833,0.2795,0.2816,1512757.7
2026-06-21 16:00:00+00:00,0.2816,0.2816,0.2766,0.2777,1244458.2
2026-06-21 20:00:00+00:00,0.2777,0.2777,0.2668,0.2674,2931472.4
2026-06-22 00:00:00+00:00,0.2674,0.2762,0.2674,0.2689,2364285.6
2026-06-22 04:00:00+00:00,0.2689,0.2728,0.2682,0.2718,1470888.0
2026-06-22 08:00:00+00:00,0.2718,0.2783,0.2707,0.2779,2120799.3
2026-06-22 12:00:00+00:00,0.2779,0.2822,0.274,0.2746,4517917.8
2026-06-22 16:00:00+00:00,0.2746,0.2769,0.2701,0.2714,2519436.2
2026-06-22 20:00:00+00:00,0.2714,0.2728,0.265,0.2671,2349900.3
2026-06-23 00:00:00+00:00,0.2671,0.269,0.2646,0.2686,3964095.8
2026-06-23 04:00:00+00:00,0.2686,0.2689,0.2569,0.2619,4702393.5
2026-06-23 08:00:00+00:00,0.2619,0.2629,0.251,0.256,6186006.6
2026-06-23 12:00:00+00:00,0.256,0.2599,0.2535,0.2556,2688200.4
2026-06-23 16:00:00+00:00,0.2556,0.2579,0.2534,0.2573,2108341.4
2026-06-23 20:00:00+00:00,0.2573,0.2606,0.2571,0.2597,1161610.1
2026-06-24 00:00:00+00:00,0.2597,0.2618,0.2569,0.2573,1511650.7
2026-06-24 04:00:00+00:00,0.2573,0.2592,0.2551,0.2564,911042.7
2026-06-24 08:00:00+00:00,0.2564,0.2597,0.253,0.2579,1849864.8
2026-06-24 12:00:00+00:00,0.2579,0.26,0.2505,0.253,12993851.7
2026-06-24 16:00:00+00:00,0.253,0.2564,0.2409,0.2478,11459227.7
2026-06-24 20:00:00+00:00,0.2478,0.2547,0.2473,0.2538,3117158.8
2026-06-25 00:00:00+00:00,0.2538,0.2585,0.2535,0.2548,2714506.4
2026-06-25 04:00:00+00:00,0.2548,0.2609,0.2545,0.2592,2408812.5
2026-06-25 08:00:00+00:00,0.2592,0.2594,0.2538,0.2544,1343495.1
2026-06-25 12:00:00+00:00,0.2544,0.2565,0.2336,0.2447,10892492.3
2026-06-25 16:00:00+00:00,0.2447,0.2479,0.2412,0.2428,2203938.7
2026-06-25 20:00:00+00:00,0.2428,0.2477,0.242,0.2456,1211052.9
2026-06-26 00:00:00+00:00,0.2456,0.2465,0.2361,0.2443,4092999.5
2026-06-26 04:00:00+00:00,0.2443,0.2478,0.2409,0.247,2604873.1
2026-06-26 08:00:00+00:00,0.247,0.2476,0.2399,0.2408,2412993.7
2026-06-26 12:00:00+00:00,0.2408,0.2522,0.2371,0.2495,7282896.3
2026-06-26 16:00:00+00:00,0.2495,0.2554,0.2479,0.2485,5170053.5
2026-06-26 20:00:00+00:00,0.2485,0.2513,0.2466,0.2494,2910189.0
2026-06-27 00:00:00+00:00,0.2494,0.2504,0.2474,0.2476,1133745.8
2026-06-27 04:00:00+00:00,0.2476,0.2492,0.2457,0.2474,1448647.0
2026-06-27 08:00:00+00:00,0.2474,0.2474,0.2444,0.2462,1007397.0
2026-06-27 12:00:00+00:00,0.2462,0.2502,0.2456,0.2496,1059052.0
2026-06-27 16:00:00+00:00,0.2496,0.2501,0.2435,0.2448,2149729.1
2026-06-27 20:00:00+00:00,0.2448,0.2472,0.2429,0.2455,1059232.3
2026-06-28 00:00:00+00:00,0.2455,0.2471,0.245,0.2463,980819.6
2026-06-28 04:00:00+00:00,0.2463,0.2474,0.2442,0.2468,1496559.7
2026-06-28 08:00:00+00:00,0.2468,0.2494,0.2456,0.2469,1484813.9
2026-06-28 12:00:00+00:00,0.2469,0.2472,0.2436,0.2446,1682435.0
2026-06-28 16:00:00+00:00,0.2446,0.2453,0.2425,0.2436,1585573.3
2026-06-28 20:00:00+00:00,0.2436,0.2456,0.2407,0.2445,1795491.8
2026-06-29 00:00:00+00:00,0.2445,0.2497,0.2421,0.2486,2256026.6
2026-06-29 04:00:00+00:00,0.2486,0.2531,0.2449,0.2514,1787184.7
2026-06-29 08:00:00+00:00,0.2514,0.2538,0.2493,0.2516,2082411.2
2026-06-29 12:00:00+00:00,0.2516,0.2561,0.2473,0.2509,6302116.3
2026-06-29 16:00:00+00:00,0.2509,0.2584,0.2494,0.2545,2876251.8
2026-06-29 20:00:00+00:00,0.2545,0.2549,0.2519,0.2524,1307012.5
2026-06-30 00:00:00+00:00,0.2524,0.2531,0.2497,0.2511,1104264.1
2026-06-30 04:00:00+00:00,0.2511,0.2543,0.2498,0.2519,2003757.0
2026-06-30 08:00:00+00:00,0.2519,0.2522,0.2465,0.2474,2560671.2
2026-06-30 12:00:00+00:00,0.2474,0.2504,0.2426,0.2449,7171385.0
2026-06-30 16:00:00+00:00,0.2449,0.2459,0.2355,0.2379,6130975.5
2026-06-30 20:00:00+00:00,0.2379,0.2411,0.2374,0.2397,1387357.1
2026-07-01 00:00:00+00:00,0.2397,0.2456,0.2351,0.245,3916366.2
2026-07-01 04:00:00+00:00,0.245,0.2472,0.2386,0.242,3085696.7
2026-07-01 08:00:00+00:00,0.242,0.2449,0.2411,0.244,1353453.8
2026-07-01 12:00:00+00:00,0.244,0.2555,0.2418,0.2533,6527111.8
2026-07-01 16:00:00+00:00,0.2533,0.2549,0.2478,0.2484,2832775.5
2026-07-01 20:00:00+00:00,0.2484,0.254,0.2461,0.2461,2302329.6
2026-07-02 00:00:00+00:00,0.2461,0.2517,0.2447,0.2517,2592879.2
2026-07-02 04:00:00+00:00,0.2517,0.2517,0.2467,0.2479,1039186.7
2026-07-02 08:00:00+00:00,0.2479,0.2547,0.2479,0.254,3407049.7
2026-07-02 12:00:00+00:00,0.254,0.2637,0.2537,0.2568,11265571.5
2026-07-02 16:00:00+00:00,0.2568,0.2625,0.2557,0.259,4026576.3
2026-07-02 20:00:00+00:00,0.259,0.2597,0.2567,0.2583,1150494.7
2026-07-03 00:00:00+00:00,0.2583,0.2614,0.2576,0.2607,1193150.1
2026-07-03 04:00:00+00:00,0.2607,0.2631,0.258,0.2615,1125712.8
2026-07-03 08:00:00+00:00,0.2615,0.2658,0.2594,0.2656,3313878.8
2026-07-03 12:00:00+00:00,0.2656,0.2738,0.2647,0.2665,5207288.9
2026-07-03 16:00:00+00:00,0.2665,0.2699,0.2661,0.2677,1126816.6
2026-07-03 20:00:00+00:00,0.2677,0.2708,0.2663,0.2682,1407400.5
2026-07-04 00:00:00+00:00,0.2682,0.2694,0.2644,0.2667,1702463.4
2026-07-04 04:00:00+00:00,0.2667,0.2672,0.2627,0.2636,1331978.1
2026-07-04 08:00:00+00:00,0.2636,0.265,0.2617,0.2639,1306032.7
2026-07-04 12:00:00+00:00,0.2639,0.274,0.2636,0.273,5325537.6
2026-07-04 16:00:00+00:00,0.273,0.2768,0.2707,0.272,2802533.9
2026-07-04 20:00:00+00:00,0.272,0.2729,0.2691,0.2722,1273102.6
2026-07-05 00:00:00+00:00,0.2722,0.2746,0.2684,0.2703,1500941.9
2026-07-05 04:00:00+00:00,0.2703,0.273,0.2674,0.2706,1520533.5
2026-07-05 08:00:00+00:00,0.2706,0.2711,0.2649,0.2664,1613229.1
2026-07-05 12:00:00+00:00,0.2664,0.2695,0.2653,0.2675,1528159.9
2026-07-05 16:00:00+00:00,0.2675,0.2758,0.2672,0.2731,2917567.9
2026-07-05 20:00:00+00:00,0.2731,0.2775,0.2715,0.2742,2093090.8
2026-07-06 00:00:00+00:00,0.2742,0.275,0.2698,0.2704,2886230.2
2026-07-06 04:00:00+00:00,0.2704,0.2704,0.266,0.2689,920792.5
2026-07-06 08:00:00+00:00,0.2689,0.2743,0.2676,0.2679,3077138.4
2026-07-06 12:00:00+00:00,0.2679,0.2747,0.2604,0.2743,6723918.7
2026-07-06 16:00:00+00:00,0.2743,0.2849,0.2735,0.2801,6256877.9
2026-07-06 20:00:00+00:00,0.2801,0.2879,0.2793,0.281,2644518.4
2026-07-07 00:00:00+00:00,0.281,0.2851,0.278,0.2787,3201015.0
2026-07-07 04:00:00+00:00,0.2787,0.2875,0.2738,0.2862,3014590.2
2026-07-07 08:00:00+00:00,0.2862,0.2919,0.2811,0.2885,5822398.8
2026-07-07 12:00:00+00:00,0.2885,0.3031,0.2782,0.3025,14601451.1
2026-07-07 16:00:00+00:00,0.3025,0.3145,0.2989,0.3142,14189247.8
2026-07-07 20:00:00+00:00,0.3142,0.3184,0.3065,0.3116,8838826.2
2026-07-08 00:00:00+00:00,0.3116,0.3267,0.3086,0.3234,14172376.3
2026-07-08 04:00:00+00:00,0.3234,0.3295,0.3103,0.3154,17071338.8
2026-07-08 08:00:00+00:00,0.3154,0.3169,0.3025,0.3128,14383541.6
2026-07-08 12:00:00+00:00,0.3128,0.3428,0.3119,0.325,30724054.0
2026-07-08 16:00:00+00:00,0.325,0.3416,0.3085,0.3115,19538276.1
2026-07-08 20:00:00+00:00,0.3115,0.3242,0.3109,0.3235,4742443.6
2026-07-09 00:00:00+00:00,0.3235,0.33,0.3151,0.3256,8633562.7
2026-07-09 04:00:00+00:00,0.3256,0.328,0.3177,0.3205,8808809.0
2026-07-09 08:00:00+00:00,0.3205,0.33,0.3121,0.3125,6436434.7
2026-07-09 12:00:00+00:00,0.3125,0.3195,0.3088,0.3096,8331628.4
2026-07-09 16:00:00+00:00,0.3096,0.3109,0.2968,0.2975,8548429.4
2026-07-09 20:00:00+00:00,0.2975,0.3015,0.296,0.2992,2689718.5
2026-07-10 00:00:00+00:00,0.2992,0.3106,0.2942,0.309,10123868.1
2026-07-10 04:00:00+00:00,0.309,0.3154,0.3039,0.3058,3846725.6
2026-07-10 08:00:00+00:00,0.3058,0.3112,0.3031,0.3069,3195252.0
2026-07-10 12:00:00+00:00,0.3069,0.3081,0.2987,0.3023,5022586.9
2026-07-10 16:00:00+00:00,0.3023,0.3096,0.2974,0.2998,4208303.0
2026-07-10 20:00:00+00:00,0.2998,0.3041,0.2988,0.3,1531309.9
2026-07-11 00:00:00+00:00,0.3,0.3074,0.2993,0.3048,2126800.3
2026-07-11 04:00:00+00:00,0.3048,0.3125,0.3024,0.3099,3595993.0
2026-07-11 08:00:00+00:00,0.3099,0.312,0.3042,0.3054,2895936.5
2026-07-11 12:00:00+00:00,0.3054,0.3198,0.3042,0.3105,6204236.9
2026-07-11 16:00:00+00:00,0.3105,0.3281,0.3084,0.3275,7308487.5
2026-07-11 20:00:00+00:00,0.3275,0.3296,0.3083,0.3092,7114928.3
2026-07-12 00:00:00+00:00,0.3092,0.3113,0.3037,0.3101,3106080.2
2026-07-12 04:00:00+00:00,0.3101,0.3105,0.3027,0.3076,2057679.8
2026-07-12 08:00:00+00:00,0.3076,0.3123,0.3045,0.3091,2777749.9
2026-07-12 12:00:00+00:00,0.3091,0.3115,0.3055,0.3077,2152284.9
2026-07-12 16:00:00+00:00,0.3077,0.3114,0.3071,0.309,1525843.2
2026-07-12 20:00:00+00:00,0.309,0.3147,0.3061,0.3069,2728596.5
2026-07-13 00:00:00+00:00,0.3069,0.317,0.2946,0.298,6647472.2
2026-07-13 04:00:00+00:00,0.298,0.3123,0.2957,0.31,5606683.6
2026-07-13 08:00:00+00:00,0.31,0.3146,0.3093,0.3101,2923743.3
2026-07-13 12:00:00+00:00,0.3101,0.3123,0.3059,0.308,5644496.3
2026-07-13 16:00:00+00:00,0.308,0.323,0.3079,0.3159,10697949.3
2026-07-13 20:00:00+00:00,0.3159,0.3211,0.3105,0.3139,5082111.6
2026-07-14 00:00:00+00:00,0.3139,0.3176,0.3094,0.3148,3702844.2
2026-07-14 04:00:00+00:00,0.3148,0.33,0.3145,0.3255,7852380.9
2026-07-14 08:00:00+00:00,0.3255,0.3267,0.3169,0.3216,7061303.8
2026-07-14 12:00:00+00:00,0.3216,0.3394,0.3194,0.3291,16465484.1
2026-07-14 16:00:00+00:00,0.3291,0.3359,0.3261,0.3275,7632803.5
2026-07-14 20:00:00+00:00,0.3275,0.3349,0.3263,0.3329,2996194.1
2026-07-15 00:00:00+00:00,0.3329,0.3369,0.325,0.3364,3948850.5
2026-07-15 04:00:00+00:00,0.3364,0.3382,0.3266,0.3273,5134315.9
2026-07-15 08:00:00+00:00,0.3273,0.3338,0.3256,0.3272,3660093.8
2026-07-15 12:00:00+00:00,0.3272,0.3333,0.3253,0.3323,5616469.8
2026-07-15 16:00:00+00:00,0.3323,0.3551,0.3297,0.3508,12218219.2
2026-07-15 20:00:00+00:00,0.3508,0.3621,0.3474,0.3584,7110000.1
2026-07-16 00:00:00+00:00,0.3584,0.3691,0.3554,0.3665,8572145.3
2026-07-16 04:00:00+00:00,0.3665,0.3733,0.3622,0.3693,8437969.7
2026-07-16 08:00:00+00:00,0.3693,0.3702,0.3589,0.3623,9545144.3
2026-07-16 12:00:00+00:00,0.3623,0.382,0.3597,0.3768,11650289.6
2026-07-16 16:00:00+00:00,0.3768,0.3792,0.366,0.3702,7235675.6
2026-07-16 20:00:00+00:00,0.3702,0.3715,0.3633,0.3642,3356484.2
2026-07-17 00:00:00+00:00,0.3642,0.3752,0.3639,0.3698,4298374.2
2026-07-17 04:00:00+00:00,0.3698,0.3726,0.3633,0.3701,3513190.6
2026-07-17 08:00:00+00:00,0.3701,0.3797,0.3679,0.375,4767721.0
2026-07-17 12:00:00+00:00,0.375,0.3861,0.3713,0.3835,7442923.9
2026-07-17 16:00:00+00:00,0.3835,0.3897,0.3688,0.371,6536468.3
2026-07-17 20:00:00+00:00,0.371,0.3755,0.3695,0.3741,2513084.9
2026-07-18 00:00:00+00:00,0.3741,0.3749,0.3671,0.3734,3042399.4
2026-07-18 04:00:00+00:00,0.3734,0.3734,0.3642,0.3682,2358599.9
2026-07-18 08:00:00+00:00,0.3682,0.3688,0.3581,0.3606,3914996.8
2026-07-18 12:00:00+00:00,0.3606,0.3661,0.3563,0.3646,3477000.6
2026-07-18 16:00:00+00:00,0.3646,0.3651,0.3536,0.3566,4244521.2
2026-07-18 20:00:00+00:00,0.3566,0.3599,0.3547,0.3573,1456209.2
2026-07-19 00:00:00+00:00,0.3573,0.366,0.3555,0.3616,2924047.6
2026-07-19 04:00:00+00:00,0.3616,0.3642,0.3556,0.3577,1918729.3
2026-07-19 08:00:00+00:00,0.3577,0.3625,0.3551,0.3559,3770205.9
2026-07-19 12:00:00+00:00,0.3559,0.362,0.3543,0.3566,2709995.5
2026-07-19 16:00:00+00:00,0.3566,0.3567,0.3488,0.3522,4236192.2
2026-07-19 20:00:00+00:00,0.3522,0.3567,0.3505,0.3543,2052189.6
2026-07-20 00:00:00+00:00,0.3543,0.3586,0.3514,0.3543,2182946.4
2026-07-20 04:00:00+00:00,0.3543,0.3588,0.3501,0.3568,1740397.6
2026-07-20 08:00:00+00:00,0.3568,0.3586,0.3507,0.3554,2613043.7
2026-07-20 12:00:00+00:00,0.3554,0.3611,0.3512,0.3606,2969431.3
2026-07-20 16:00:00+00:00,0.3606,0.3828,0.3606,0.3797,7941145.1
2026-07-20 20:00:00+00:00,0.3797,0.3886,0.3754,0.3826,4878628.4
2026-07-21 00:00:00+00:00,0.3826,0.4024,0.3817,0.4013,5216218.9
2026-07-21 04:00:00+00:00,0.4013,0.4044,0.3943,0.398,5030665.6
2026-07-21 08:00:00+00:00,0.398,0.4029,0.3945,0.4021,4690397.2
2026-07-21 12:00:00+00:00,0.4021,0.4081,0.3965,0.3977,5606441.0
2026-07-21 16:00:00+00:00,0.3977,0.3978,0.3882,0.3894,3760598.9
2026-07-21 20:00:00+00:00,0.3894,0.3921,0.386,0.3863,1761941.5
2026-07-22 00:00:00+00:00,0.3863,0.3936,0.3846,0.3915,2197655.1
2026-07-22 04:00:00+00:00,0.3915,0.3945,0.3881,0.3908,3260762.0
2026-07-22 08:00:00+00:00,0.3908,0.3967,0.3904,0.3956,3429689.4
2026-07-22 12:00:00+00:00,0.3956,0.4012,0.3924,0.3982,4199575.5
2026-07-22 16:00:00+00:00,0.3982,0.4079,0.3954,0.3995,4526343.7
2026-07-22 20:00:00+00:00,0.3995,0.4019,0.3953,0.3984,1864009.4
2026-07-23 00:00:00+00:00,0.3984,0.4055,0.3977,0.4017,2609313.1
2026-07-23 04:00:00+00:00,0.4017,0.4124,0.401,0.4097,4311118.9
2026-07-23 08:00:00+00:00,0.4097,0.4097,0.3885,0.3905,4852849.6
2026-07-23 12:00:00+00:00,0.3905,0.4004,0.3887,0.393,4423592.6
2026-07-23 16:00:00+00:00,0.393,0.3951,0.3842,0.3865,2788311.1
2026-07-23 20:00:00+00:00,0.3865,0.391,0.3861,0.3888,1498530.1
2026-07-24 00:00:00+00:00,0.3888,0.396,0.3867,0.3927,3538684.5
2026-07-24 04:00:00+00:00,0.3927,0.404,0.3921,0.3982,3392171.0
2026-07-24 08:00:00+00:00,0.3982,0.3992,0.3927,0.394,1869162.0
2026-07-24 12:00:00+00:00,0.394,0.3953,0.3835,0.3889,4311941.7
2026-07-24 16:00:00+00:00,0.3889,0.3889,0.3788,0.3815,3763697.5
2026-07-24 20:00:00+00:00,0.3815,0.3822,0.3724,0.3745,3292390.2
2026-07-25 00:00:00+00:00,0.3745,0.3775,0.3727,0.3731,1215032.3
2026-07-25 04:00:00+00:00,0.3731,0.3795,0.3719,0.3761,1823374.7
2026-07-25 08:00:00+00:00,0.3761,0.3794,0.3752,0.376,1525418.1
2026-07-25 12:00:00+00:00,0.376,0.3828,0.3757,0.3796,2638427.7
2026-07-25 16:00:00+00:00,0.3796,0.3807,0.3753,0.3761,1688891.1
2026-07-25 20:00:00+00:00,0.3761,0.3763,0.3695,0.3697,2553790.0
2026-07-26 00:00:00+00:00,0.3697,0.3744,0.369,0.3713,1415566.2
2026-07-26 04:00:00+00:00,0.3713,0.373,0.3682,0.3694,1879475.1
2026-07-26 08:00:00+00:00,0.3694,0.377,0.3683,0.3762,2335025.9
2026-07-26 12:00:00+00:00,0.3762,0.3916,0.3743,0.3817,5894869.8
2026-07-26 16:00:00+00:00,0.3817,0.3832,0.3728,0.3732,1964617.7
2026-07-26 20:00:00+00:00,0.3732,0.3823,0.3726,0.3803,2003561.4
2026-07-27 00:00:00+00:00,0.3803,0.3908,0.3795,0.3871,2738490.3
2026-07-27 04:00:00+00:00,0.3871,0.4077,0.3848,0.4047,6126188.7
2026-07-27 08:00:00+00:00,0.4047,0.406,0.3987,0.4009,3409821.6
2026-07-27 12:00:00+00:00,0.4009,0.4046,0.376,0.3788,7872815.6
2026-07-27 16:00:00+00:00,0.3788,0.385,0.3754,0.3832,3876674.1
2026-07-27 20:00:00+00:00,0.3832,0.3929,0.3803,0.3881,3702583.7
2026-07-28 00:00:00+00:00,0.3881,0.3899,0.3782,0.3882,3052974.7
2026-07-28 04:00:00+00:00,0.3882,0.3914,0.3838,0.3872,2296466.5
2026-07-28 08:00:00+00:00,0.3872,0.3903,0.3838,0.3842,3034129.2
2026-07-28 12:00:00+00:00,0.3842,0.3911,0.3695,0.378,11220484.6
2026-07-28 16:00:00+00:00,0.378,0.378,0.372,0.3746,2692460.9
2026-07-28 20:00:00+00:00,0.3746,0.3758,0.3661,0.3677,3060443.9
2026-07-29 00:00:00+00:00,0.3677,0.369,0.3583,0.3584,3391938.6
2026-07-29 04:00:00+00:00,0.3584,0.3674,0.3577,0.3671,2505281.9
2026-07-29 08:00:00+00:00,0.3671,0.3742,0.3645,0.3665,3071366.4
2026-07-29 12:00:00+00:00,0.3665,0.3667,0.3572,0.3584,2239513.7
2026-07-29 16:00:00+00:00,0.3584,0.3648,0.3516,0.3521,4212152.2
2026-07-29 20:00:00+00:00,0.3521,0.3599,0.3508,0.3598,2897853.9
2026-07-30 00:00:00+00:00,0.3598,0.3691,0.3589,0.3658,2287512.0
2026-07-30 04:00:00+00:00,0.3658,0.366,0.3557,0.356,1181227.0
2026-07-30 08:00:00+00:00,0.356,0.3621,0.3555,0.3615,1672610.2
2026-07-30 12:00:00+00:00,0.3615,0.3759,0.3612,0.3747,5128408.8
2026-07-30 16:00:00+00:00,0.3747,0.3793,0.3701,0.3742,3687760.0
2026-07-30 20:00:00+00:00,0.3742,0.3757,0.367,0.3693,1822988.2
2026-07-31 00:00:00+00:00,0.3693,0.3718,0.3619,0.3656,2207103.0
2026-07-31 04:00:00+00:00,0.3656,0.367,0.3615,0.3623,1411639.2
2026-07-31 08:00:00+00:00,0.3623,0.3645,0.3592,0.3592,1686641.1
2026-07-31 12:00:00+00:00,0.3592,0.3594,0.3452,0.3457,4954085.5
2026-07-31 16:00:00+00:00,0.3457,0.3493,0.3428,0.346,2857228.4
2026-07-31 20:00:00+00:00,0.346,0.348,0.3435,0.3445,1560869.6
2026-08-01 00:00:00+00:00,0.3445,0.346,0.3351,0.336,3518393.3
2026-08-01 04:00:00+00:00,0.336,0.3376,0.3305,0.3325,2267310.9
2026-08-01 08:00:00+00:00,0.3325,0.3354,0.3294,0.334,2818521.4
2026-08-01 12:00:00+00:00,0.334,0.3371,0.3268,0.3271,2921503.3
2026-08-01 16:00:00+00:00,0.3271,0.3277,0.3191,0.3232,4501363.9
2026-08-01 20:00:00+00:00,0.3232,0.3266,0.3205,0.3254,1978043.1
2026-08-02 00:00:00+00:00,0.3254,0.3332,0.3254,0.3327,3158381.4
2026-08-02 04:00:00+00:00,0.3327,0.3333,0.3247,0.3265,2443387.8
2026-08-02 08:00:00+00:00,0.3265,0.3273,0.3225,0.3237,1823146.3
2026-08-02 12:00:00+00:00,0.3237,0.3254,0.32,0.3204,2390027.1
2026-08-02 16:00:00+00:00,0.3204,0.3279,0.3195,0.3275,2521987.1
2026-08-02 20:00:00+00:00,0.3275,0.3304,0.3234,0.3255,1951536.5
2026-08-03 00:00:00+00:00,0.3255,0.3255,0.3218,0.3239,1445234.3
2026-08-03 04:00:00+00:00,0.3239,0.3251,0.3198,0.3212,1524229.8
2026-08-03 08:00:00+00:00,0.3212,0.325,0.3204,0.3219,1776405.0
2026-08-03 12:00:00+00:00,0.3219,0.326,0.3202,0.3219,3235655.0
2026-08-03 16:00:00+00:00,0.3219,0.3287,0.3214,0.3285,2498716.8
2026-08-03 20:00:00+00:00,0.3285,0.3323,0.326,0.3292,2267966.3
2026-08-04 00:00:00+00:00,0.3292,0.3326,0.3271,0.328,1699224.0
2026-08-04 04:00:00+00:00,0.328,0.3332,0.3223,0.3234,2295234.0
2026-08-04 08:00:00+00:00,0.3234,0.3248,0.2987,0.302,12062814.7
2026-08-04 12:00:00+00:00,0.302,0.302,0.272,0.2838,33398395.9
2026-08-04 16:00:00+00:00,0.2838,0.2847,0.2772,0.2796,9628605.8
2026-08-04 20:00:00+00:00,0.2796,0.2826,0.276,0.2796,6565795.4
2026-08-05 00:00:00+00:00,0.2796,0.284,0.2746,0.2809,5167297.5
2026-08-05 04:00:00+00:00,0.2809,0.2977,0.2788,0.2949,12709399.2
2026-08-05 08:00:00+00:00,0.2949,0.2985,0.2902,0.2963,8713753.3
2026-08-05 12:00:00+00:00,0.2963,0.3016,0.2946,0.2968,6048460.1
2026-08-05 16:00:00+00:00,0.2968,0.3051,0.2964,0.297,5877202.3
2026-08-05 20:00:00+00:00,0.297,0.2976,0.2901,0.294,3714210.1
2026-08-06 00:00:00+00:00,0.294,0.3034,0.2932,0.2988,4919685.3
2026-08-06 04:00:00+00:00,0.2988,0.3002,0.2923,0.2933,2401185.5
2026-08-06 08:00:00+00:00,0.2933,0.2993,0.2909,0.2973,3474215.4
2026-08-06 12:00:00+00:00,0.2973,0.2983,0.2938,0.2959,2571701.4
2026-08-06 16:00:00+00:00,0.2959,0.2969,0.2853,0.2915,4448609.0
2026-08-06 20:00:00+00:00,0.2915,0.2932,0.2889,0.2917,1619843.4
2026-08-07 00:00:00+00:00,0.2917,0.2932,0.2892,0.2901,1328354.6
2026-08-07 04:00:00+00:00,0.2901,0.2917,0.2867,0.2867,1760280.7
2026-08-07 08:00:00+00:00,0.2867,0.2889,0.2837,0.2885,2999507.7
2026-08-07 12:00:00+00:00,0.2885,0.29,0.2843,0.2872,2525103.5
2026-08-07 16:00:00+00:00,0.2872,0.2896,0.2847,0.2856,1390079.4
2026-08-07 20:00:00+00:00,0.2856,0.2875,0.2828,0.2858,1186441.3
2026-08-08 00:00:00+00:00,0.2858,0.2909,0.2855,0.2875,1742093.5
2026-08-08 04:00:00+00:00,0.2875,0.2926,0.2875,0.29,2163264.2
2026-08-08 08:00:00+00:00,0.29,0.2909,0.2882,0.2886,810804.8
2026-08-08 12:00:00+00:00,0.2886,0.2947,0.2884,0.2926,2618777.0
2026-08-08 16:00:00+00:00,0.2926,0.2935,0.2905,0.2913,1074944.9
2026-08-08 20:00:00+00:00,0.2913,0.2926,0.2888,0.2896,1343734.3
2026-08-09 00:00:00+00:00,0.2896,0.2915,0.2862,0.2893,1122314.7
2026-08-09 04:00:00+00:00,0.2893,0.2927,0.2882,0.2892,1506291.0
2026-08-09 08:00:00+00:00,0.2892,0.2896,0.2856,0.2872,1286246.4
2026-08-09 12:00:00+00:00,0.2872,0.2924,0.2871,0.2918,995659.1
2026-08-09 16:00:00+00:00,0.2918,0.2923,0.2868,0.2872,1348874.1
2026-08-09 20:00:00+00:00,0.2872,0.2905,0.2792,0.2823,2935960.5
2026-08-10 00:00:00+00:00,0.2823,0.2988,0.2816,0.295,5735777.1
2026-08-10 04:00:00+00:00,0.295,0.2975,0.2929,0.2929,2168808.7
2026-08-10 08:00:00+00:00,0.2929,0.2952,0.2917,0.2946,1005157.0
2026-08-10 12:00:00+00:00,0.2946,0.2962,0.2905,0.2928,1985435.9
2026-08-10 16:00:00+00:00,0.2928,0.297,0.2909,0.2961,2024834.1
2026-08-10 20:00:00+00:00,0.2961,0.2977,0.2931,0.294,2671830.5
2026-08-11 00:00:00+00:00,0.294,0.3001,0.2932,0.2984,2307977.1
2026-08-11 04:00:00+00:00,0.2984,0.2999,0.2956,0.298,1540142.9
2026-08-11 08:00:00+00:00,0.298,0.2984,0.2909,0.2926,2171992.7
2026-08-11 12:00:00+00:00,0.2926,0.293,0.2829,0.2854,3322891.7
2026-08-11 16:00:00+00:00,0.2854,0.2909,0.2836,0.2907,1614523.5
2026-08-11 20:00:00+00:00,0.2907,0.2948,0.2907,0.2937,1310187.2
2026-08-12 00:00:00+00:00,0.2937,0.2958,0.2914,0.2917,1734254.2
2026-08-12 04:00:00+00:00,0.2917,0.2933,0.2875,0.2895,1358278.6
2026-08-12 08:00:00+00:00,0.2895,0.293,0.2863,0.2929,2445777.0
2026-08-12 12:00:00+00:00,0.2929,0.2977,0.2887,0.2919,4567960.0
2026-08-12 16:00:00+00:00,0.2919,0.2925,0.2846,0.2862,2272587.3
2026-08-12 20:00:00+00:00,0.2862,0.2909,0.2846,0.2893,2212711.5
2026-08-13 00:00:00+00:00,0.2893,0.2937,0.2889,0.292,1073607.4
2026-08-13 04:00:00+00:00,0.292,0.2963,0.2917,0.2937,995198.7
2026-08-13 08:00:00+00:00,0.2937,0.2947,0.2921,0.2933,910164.1
2026-08-13 12:00:00+00:00,0.2933,0.2993,0.2926,0.2954,5287895.6
2026-08-13 16:00:00+00:00,0.2954,0.2984,0.291,0.2977,2036843.2
2026-08-13 20:00:00+00:00,0.2977,0.299,0.2953,0.2962,1020866.8
2026-08-14 00:00:00+00:00,0.2962,0.3031,0.2956,0.2995,2335674.7
2026-08-14 04:00:00+00:00,0.2995,0.3022,0.2963,0.2989,1421201.5
2026-08-14 08:00:00+00:00,0.2989,0.3047,0.2989,0.301,2720631.6
2026-08-14 12:00:00+00:00,0.301,0.3029,0.2903,0.2926,5477999.5
2026-08-14 16:00:00+00:00,0.2926,0.2944,0.2917,0.2932,1374390.3
2026-08-14 20:00:00+00:00,0.2932,0.2966,0.2923,0.2958,1201613.5
2026-08-15 00:00:00+00:00,0.2958,0.2976,0.2946,0.2954,1057788.0
2026-08-15 04:00:00+00:00,0.2954,0.3034,0.2948,0.3026,1853258.3
2026-08-15 08:00:00+00:00,0.3026,0.3081,0.2989,0.2995,4270915.5
2026-08-15 12:00:00+00:00,0.2995,0.3009,0.2977,0.3007,1271387.2
2026-08-15 16:00:00+00:00,0.3007,0.3016,0.2987,0.2992,703013.5
2026-08-15 20:00:00+00:00,0.2992,0.3011,0.2973,0.2978,850237.5
2026-08-16 00:00:00+00:00,0.2978,0.2987,0.2959,0.2968,813623.2
2026-08-16 04:00:00+00:00,0.2968,0.3004,0.2937,0.2958,1085614.2
2026-08-16 08:00:00+00:00,0.2958,0.2991,0.2952,0.2991,738188.1
2026-08-16 12:00:00+00:00,0.2991,0.3091,0.2977,0.3073,2476802.1
2026-08-16 16:00:00+00:00,0.3073,0.3102,0.3042,0.3042,1923840.9
2026-08-16 20:00:00+00:00,0.3042,0.3057,0.2978,0.3006,1884928.1
2026-08-17 00:00:00+00:00,0.3006,0.3047,0.3,0.3023,1104627.2
2026-08-17 04:00:00+00:00,0.3023,0.3069,0.3019,0.3048,1248173.9
2026-08-17 08:00:00+00:00,0.3048,0.3078,0.303,0.3033,1650583.2
