timestamp,open,high,low,close,volume
2023-11-21 12:00:00+00:00,0.4038,0.4057,0.3845,0.3959,21747108.0
2023-11-21 16:00:00+00:00,0.3959,0.399,0.3748,0.386,16483872.0
2023-11-21 20:00:00+00:00,0.386,0.3912,0.3645,0.3659,10043356.0
2023-11-22 00:00:00+00:00,0.3659,0.3815,0.3648,0.3813,3598147.0
2023-11-22 04:00:00+00:00,0.3813,0.3846,0.3792,0.3802,2139660.0
2023-11-22 08:00:00+00:00,0.3802,0.3837,0.3766,0.3772,5222240.0
2023-11-22 12:00:00+00:00,0.3772,0.3827,0.3757,0.3801,4485040.0
2023-11-22 16:00:00+00:00,0.3801,0.3916,0.3777,0.3902,6629840.0
2023-11-22 20:00:00+00:00,0.3902,0.3966,0.3887,0.391,4711654.0
2023-11-23 00:00:00+00:00,0.391,0.3971,0.3896,0.3924,3283222.0
2023-11-23 04:00:00+00:00,0.3924,0.3941,0.3897,0.3912,2122572.0
2023-11-23 08:00:00+00:00,0.3912,0.3959,0.3873,0.3894,4371334.0
2023-11-23 12:00:00+00:00,0.3894,0.392,0.3854,0.3876,4991277.0
2023-11-23 16:00:00+00:00,0.3876,0.3949,0.3873,0.3911,2833495.0
2023-11-23 20:00:00+00:00,0.3911,0.4007,0.3909,0.3977,3320127.0
2023-11-24 00:00:00+00:00,0.3977,0.4008,0.3951,0.3962,3002180.0
2023-11-24 04:00:00+00:00,0.3962,0.401,0.3951,0.4004,1578380.0
2023-11-24 08:00:00+00:00,0.4004,0.4046,0.3971,0.4027,5886710.0
2023-11-24 12:00:00+00:00,0.4027,0.407,0.3969,0.4052,6206583.0
2023-11-24 16:00:00+00:00,0.4052,0.4079,0.4008,0.4026,6057140.0
2023-11-24 20:00:00+00:00,0.4026,0.4082,0.4012,0.4065,4726244.0
2023-11-25 00:00:00+00:00,0.4065,0.4232,0.4024,0.4196,8265413.0
2023-11-25 04:00:00+00:00,0.4196,0.4402,0.4191,0.4365,14029759.0
2023-11-25 08:00:00+00:00,0.4365,0.4386,0.4246,0.4287,12807008.0
2023-11-25 12:00:00+00:00,0.4287,0.4358,0.4237,0.4337,9981062.0
2023-11-25 16:00:00+00:00,0.4337,0.4346,0.4281,0.4296,3546959.0
2023-11-25 20:00:00+00:00,0.4296,0.4303,0.4264,0.4293,2461505.0
2023-11-26 00:00:00+00:00,0.4293,0.4297,0.421,0.425,5349663.0
2023-11-26 04:00:00+00:00,0.425,0.4322,0.4233,0.4241,4226630.0
2023-11-26 08:00:00+00:00,0.4241,0.4251,0.418,0.4208,5456647.0
2023-11-26 12:00:00+00:00,0.4208,0.4377,0.4161,0.4257,20432467.0
2023-11-26 16:00:00+00:00,0.4257,0.4274,0.4101,0.4231,12014238.0
2023-11-26 20:00:00+00:00,0.4231,0.4276,0.4185,0.4249,5237621.0
2023-11-27 00:00:00+00:00,0.4249,0.4436,0.4186,0.4225,17857304.0
2023-11-27 04:00:00+00:00,0.4225,0.4232,0.4043,0.4103,12039503.0
2023-11-27 08:00:00+00:00,0.4103,0.413,0.4021,0.4083,7368280.0
2023-11-27 12:00:00+00:00,0.4083,0.4095,0.3983,0.3994,7451529.0
2023-11-27 16:00:00+00:00,0.3994,0.4056,0.3937,0.397,6498726.0
2023-11-27 20:00:00+00:00,0.397,0.4071,0.3945,0.4057,4463724.0
2023-11-28 00:00:00+00:00,0.4057,0.4065,0.398,0.3991,3845067.0
2023-11-28 04:00:00+00:00,0.3991,0.4001,0.3903,0.3945,6289972.0
2023-11-28 08:00:00+00:00,0.3945,0.4004,0.3913,0.3996,4414497.0
2023-11-28 12:00:00+00:00,0.3996,0.405,0.3968,0.4027,6493603.0
2023-11-28 16:00:00+00:00,0.4027,0.4175,0.4022,0.4158,9096121.0
2023-11-28 20:00:00+00:00,0.4158,0.4182,0.4122,0.4144,3663527.0
2023-11-29 00:00:00+00:00,0.4144,0.4177,0.4106,0.4153,2956404.0
2023-11-29 04:00:00+00:00,0.4153,0.4168,0.412,0.413,3085524.0
2023-11-29 08:00:00+00:00,0.413,0.4188,0.4061,0.4091,7627737.0
2023-11-29 12:00:00+00:00,0.4091,0.4115,0.4002,0.4056,6288968.0
2023-11-29 16:00:00+00:00,0.4056,0.4141,0.402,0.4117,2919348.0
2023-11-29 20:00:00+00:00,0.4117,0.4139,0.4077,0.4117,3239557.0
2023-11-30 00:00:00+00:00,0.4117,0.4137,0.405,0.4116,4122873.0
2023-11-30 04:00:00+00:00,0.4116,0.4144,0.4049,0.4054,2946551.0
2023-11-30 08:00:00+00:00,0.4054,0.4089,0.4018,0.4085,4135630.0
2023-11-30 12:00:00+00:00,0.4085,0.4093,0.4023,0.4047,3683531.0
2023-11-30 16:00:00+00:00,0.4047,0.4108,0.4038,0.4086,3232578.0
2023-11-30 20:00:00+00:00,0.4086,0.4106,0.4067,0.4091,2280444.0
2023-12-01 00:00:00+00:00,0.4091,0.4137,0.4041,0.4111,5003691.0
2023-12-01 04:00:00+00:00,0.4111,0.4159,0.4104,0.412,2829719.0
2023-12-01 08:00:00+00:00,0.412,0.4181,0.4115,0.4161,5798569.0
2023-12-01 12:00:00+00:00,0.4161,0.4183,0.4108,0.4137,5078490.0
2023-12-01 16:00:00+00:00,0.4137,0.419,0.4135,0.4177,3080254.0
2023-12-01 20:00:00+00:00,0.4177,0.418,0.4132,0.4152,2103978.0
2023-12-02 00:00:00+00:00,0.4152,0.4186,0.4127,0.4176,1886811.0
2023-12-02 04:00:00+00:00,0.4176,0.4191,0.4161,0.4184,1370182.0
2023-12-02 08:00:00+00:00,0.4184,0.4226,0.4183,0.4206,2763113.0
2023-12-02 12:00:00+00:00,0.4206,0.4243,0.4165,0.4234,5118658.0
2023-12-02 16:00:00+00:00,0.4234,0.4321,0.4217,0.4306,6432994.0
2023-12-02 20:00:00+00:00,0.4306,0.4335,0.428,0.4292,1875726.0
2023-12-03 00:00:00+00:00,0.4292,0.432,0.4236,0.4255,2842739.0
2023-12-03 04:00:00+00:00,0.4255,0.4287,0.4227,0.4258,5233736.0
2023-12-03 08:00:00+00:00,0.4258,0.4299,0.4217,0.4291,3619560.0
2023-12-03 12:00:00+00:00,0.4291,0.4337,0.4207,0.4245,11241834.0
2023-12-03 16:00:00+00:00,0.4245,0.4267,0.422,0.4264,2839742.0
2023-12-03 20:00:00+00:00,0.4264,0.4327,0.4249,0.4285,2856059.0
2023-12-04 00:00:00+00:00,0.4285,0.4414,0.4275,0.4384,13966692.0
2023-12-04 04:00:00+00:00,0.4384,0.4445,0.4374,0.4412,7744830.0
2023-12-04 08:00:00+00:00,0.4412,0.4455,0.3942,0.4258,26718374.0
2023-12-04 12:00:00+00:00,0.4258,0.4333,0.4159,0.4186,12628942.0
2023-12-04 16:00:00+00:00,0.4186,0.4243,0.4176,0.4226,3708824.0
2023-12-04 20:00:00+00:00,0.4226,0.4328,0.4216,0.4328,3825128.0
2023-12-05 00:00:00+00:00,0.4328,0.4525,0.4292,0.4464,18662214.0
2023-12-05 04:00:00+00:00,0.4464,0.4603,0.4394,0.4443,19534699.0
2023-12-05 08:00:00+00:00,0.4443,0.4548,0.4388,0.443,19174157.0
2023-12-05 12:00:00+00:00,0.443,0.4442,0.435,0.4428,10708136.0
2023-12-05 16:00:00+00:00,0.4428,0.4536,0.4401,0.4463,13402498.0
2023-12-05 20:00:00+00:00,0.4463,0.4539,0.4429,0.4502,8695324.0
2023-12-06 00:00:00+00:00,0.4502,0.4636,0.4491,0.4529,16205891.0
2023-12-06 04:00:00+00:00,0.4529,0.4544,0.4364,0.4465,17884655.0
2023-12-06 08:00:00+00:00,0.4465,0.4524,0.4307,0.4392,16456315.0
2023-12-06 12:00:00+00:00,0.4392,0.4569,0.4387,0.454,10812903.0
2023-12-06 16:00:00+00:00,0.454,0.4581,0.4504,0.4561,7103325.0
2023-12-06 20:00:00+00:00,0.4561,0.4571,0.4436,0.4457,6874666.0
2023-12-07 00:00:00+00:00,0.4457,0.4543,0.4457,0.449,10207576.0
2023-12-07 04:00:00+00:00,0.449,0.4659,0.4482,0.4608,10316301.0
2023-12-07 08:00:00+00:00,0.4608,0.4614,0.436,0.4469,21059568.0
2023-12-07 12:00:00+00:00,0.4469,0.4565,0.4443,0.454,7482482.0
2023-12-07 16:00:00+00:00,0.454,0.4676,0.4514,0.455,15615468.0
2023-12-07 20:00:00+00:00,0.455,0.4657,0.4544,0.4646,5966735.0
2023-12-08 00:00:00+00:00,0.4646,0.4682,0.4588,0.4642,6741928.0
2023-12-08 04:00:00+00:00,0.4642,0.468,0.4572,0.4587,7242308.0
2023-12-08 08:00:00+00:00,0.4587,0.4769,0.4566,0.4754,11221145.0
2023-12-08 12:00:00+00:00,0.4754,0.4853,0.4684,0.4813,16495255.0
2023-12-08 16:00:00+00:00,0.4813,0.4945,0.4809,0.4927,12515395.0
2023-12-08 20:00:00+00:00,0.4927,0.496,0.4896,0.4951,5945317.0
2023-12-09 00:00:00+00:00,0.4951,0.5159,0.4951,0.5064,19124527.0
2023-12-09 04:00:00+00:00,0.5064,0.511,0.504,0.5105,9060092.0
2023-12-09 08:00:00+00:00,0.5105,0.5296,0.4933,0.517,31513783.0
2023-12-09 12:00:00+00:00,0.517,0.5239,0.5055,0.5223,17406533.0
2023-12-09 16:00:00+00:00,0.5223,0.5372,0.5148,0.5288,19814408.0
2023-12-09 20:00:00+00:00,0.5288,0.5463,0.52,0.5325,21339460.0
2023-12-10 00:00:00+00:00,0.5325,0.5666,0.5325,0.5443,37713303.0
2023-12-10 04:00:00+00:00,0.5443,0.592,0.542,0.5821,35541753.0
2023-12-10 08:00:00+00:00,0.5821,0.5955,0.5586,0.5674,75208743.0
2023-12-10 12:00:00+00:00,0.5674,0.5757,0.552,0.5593,36716526.0
2023-12-10 16:00:00+00:00,0.5593,0.5623,0.546,0.5497,24013938.0
2023-12-10 20:00:00+00:00,0.5497,0.5594,0.5487,0.5586,13843870.0
2023-12-11 00:00:00+00:00,0.5586,0.5615,0.459,0.5228,76021426.0
2023-12-11 04:00:00+00:00,0.5228,0.5258,0.5061,0.5112,19687650.0
2023-12-11 08:00:00+00:00,0.5112,0.5193,0.5079,0.5174,10320525.0
2023-12-11 12:00:00+00:00,0.5174,0.5205,0.5001,0.5064,20445095.0
2023-12-11 16:00:00+00:00,0.5064,0.5136,0.4877,0.5022,28593512.0
2023-12-11 20:00:00+00:00,0.5022,0.5174,0.496,0.5142,8342286.0
2023-12-12 00:00:00+00:00,0.5142,0.5214,0.5128,0.518,10762103.0
2023-12-12 04:00:00+00:00,0.518,0.5226,0.5015,0.5214,12261862.0
2023-12-12 08:00:00+00:00,0.5214,0.5216,0.5041,0.5046,8859320.0
2023-12-12 12:00:00+00:00,0.5046,0.514,0.4947,0.5025,10570343.0
2023-12-12 16:00:00+00:00,0.5025,0.5101,0.4932,0.5067,11893289.0
2023-12-12 20:00:00+00:00,0.5067,0.5125,0.4982,0.5114,4319850.0
2023-12-13 00:00:00+00:00,0.5114,0.5126,0.4821,0.4834,12082121.0
2023-12-13 04:00:00+00:00,0.4834,0.487,0.4719,0.4831,9186815.0
2023-12-13 08:00:00+00:00,0.4831,0.4885,0.4818,0.483,5803999.0
2023-12-13 12:00:00+00:00,0.483,0.5016,0.482,0.4999,8050908.0
2023-12-13 16:00:00+00:00,0.4999,0.5141,0.4932,0.514,8365713.0
2023-12-13 20:00:00+00:00,0.514,0.5246,0.5078,0.5218,7754902.0
2023-12-14 00:00:00+00:00,0.5218,0.5244,0.5117,0.5148,5233740.0
2023-12-14 04:00:00+00:00,0.5148,0.5326,0.5119,0.5247,6057556.0
2023-12-14 08:00:00+00:00,0.5247,0.5348,0.5219,0.5334,7033503.0
2023-12-14 12:00:00+00:00,0.5334,0.5342,0.4913,0.5203,21743063.0
2023-12-14 16:00:00+00:00,0.5203,0.5296,0.5201,0.5266,6194547.0
2023-12-14 20:00:00+00:00,0.5266,0.5356,0.5228,0.5324,3695452.0
2023-12-15 00:00:00+00:00,0.5324,0.5333,0.5203,0.5219,4184901.0
2023-12-15 04:00:00+00:00,0.5219,0.5231,0.5146,0.5157,8003518.0
2023-12-15 08:00:00+00:00,0.5157,0.5238,0.5145,0.5178,4280033.0
2023-12-15 12:00:00+00:00,0.5178,0.5187,0.504,0.5087,7084193.0
2023-12-15 16:00:00+00:00,0.5087,0.5133,0.5052,0.5092,2743661.0
2023-12-15 20:00:00+00:00,0.5092,0.5122,0.4944,0.4957,4601838.0
2023-12-16 00:00:00+00:00,0.4957,0.5049,0.4874,0.5044,6133085.0
2023-12-16 04:00:00+00:00,0.5044,0.5087,0.5024,0.5061,2543473.0
2023-12-16 08:00:00+00:00,0.5061,0.5131,0.5048,0.5131,2760747.0
2023-12-16 12:00:00+00:00,0.5131,0.5253,0.5123,0.5251,4634323.0
2023-12-16 16:00:00+00:00,0.5251,0.5291,0.5147,0.5195,5540328.0
2023-12-16 20:00:00+00:00,0.5195,0.5248,0.5145,0.5204,3139152.0
2023-12-17 00:00:00+00:00,0.5204,0.5247,0.5117,0.5177,4780099.0
2023-12-17 04:00:00+00:00,0.5177,0.5228,0.5064,0.507,3688509.0
2023-12-17 08:00:00+00:00,0.507,0.5161,0.5063,0.513,2141592.0
2023-12-17 12:00:00+00:00,0.513,0.5135,0.4996,0.5098,3791659.0
2023-12-17 16:00:00+00:00,0.5098,0.5166,0.5062,0.512,2717479.0
2023-12-17 20:00:00+00:00,0.512,0.5162,0.4964,0.4999,3710262.0
2023-12-18 00:00:00+00:00,0.4999,0.5034,0.4807,0.4875,6641174.0
2023-12-18 04:00:00+00:00,0.4875,0.4921,0.4823,0.4838,2172331.0
2023-12-18 08:00:00+00:00,0.4838,0.4864,0.4601,0.4701,16235407.0
2023-12-18 12:00:00+00:00,0.4701,0.4826,0.4666,0.4746,5606471.0
2023-12-18 16:00:00+00:00,0.4746,0.4838,0.4722,0.4815,2002881.0
2023-12-18 20:00:00+00:00,0.4815,0.4994,0.4778,0.4994,3722152.0
2023-12-19 00:00:00+00:00,0.4994,0.5082,0.4943,0.5021,3798827.0
2023-12-19 04:00:00+00:00,0.5021,0.5033,0.497,0.5017,3102364.0
2023-12-19 08:00:00+00:00,0.5017,0.5044,0.4965,0.4989,3484239.0
2023-12-19 12:00:00+00:00,0.4989,0.5008,0.488,0.4936,5162941.0
2023-12-19 16:00:00+00:00,0.4936,0.496,0.4807,0.4899,3947329.0
2023-12-19 20:00:00+00:00,0.4899,0.495,0.4865,0.4904,2147763.0
2023-12-20 00:00:00+00:00,0.4904,0.4938,0.4813,0.4891,2400224.0
2023-12-20 04:00:00+00:00,0.4891,0.51,0.4884,0.5084,6245374.0
2023-12-20 08:00:00+00:00,0.5084,0.5159,0.5065,0.5136,5001082.0
2023-12-20 12:00:00+00:00,0.5136,0.526,0.5129,0.522,6471089.0
2023-12-20 16:00:00+00:00,0.522,0.5259,0.5154,0.5168,4410105.0
2023-12-20 20:00:00+00:00,0.5168,0.5207,0.5067,0.5187,9498276.0
2023-12-21 00:00:00+00:00,0.5187,0.5286,0.5131,0.5255,4700000.0
2023-12-21 04:00:00+00:00,0.5255,0.5289,0.5204,0.527,3967254.0
2023-12-21 08:00:00+00:00,0.527,0.5337,0.5223,0.5283,4171314.0
2023-12-21 12:00:00+00:00,0.5283,0.5394,0.523,0.5392,7212547.0
2023-12-21 16:00:00+00:00,0.5392,0.5429,0.5311,0.5386,6060860.0
2023-12-21 20:00:00+00:00,0.5386,0.5478,0.5374,0.5475,3869614.0
2023-12-22 00:00:00+00:00,0.5475,0.5563,0.5412,0.5464,6464463.0
2023-12-22 04:00:00+00:00,0.5464,0.5531,0.5305,0.534,7778170.0
2023-12-22 08:00:00+00:00,0.534,0.5459,0.5287,0.5409,6098002.0
2023-12-22 12:00:00+00:00,0.5409,0.5416,0.5314,0.5402,6761168.0
2023-12-22 16:00:00+00:00,0.5402,0.5407,0.5307,0.5316,3523386.0
2023-12-22 20:00:00+00:00,0.5316,0.5449,0.5316,0.542,1966049.0
2023-12-23 00:00:00+00:00,0.542,0.5429,0.5245,0.5269,4258006.0
2023-12-23 04:00:00+00:00,0.5269,0.5306,0.5221,0.5263,1893455.0
2023-12-23 08:00:00+00:00,0.5263,0.5298,0.5238,0.5271,1721041.0
2023-12-23 12:00:00+00:00,0.5271,0.5318,0.5267,0.5287,1729053.0
2023-12-23 16:00:00+00:00,0.5287,0.5322,0.5266,0.5298,1377795.0
2023-12-23 20:00:00+00:00,0.5298,0.5358,0.5296,0.5334,1691645.0
2023-12-24 00:00:00+00:00,0.5334,0.545,0.5272,0.539,5080195.0
2023-12-24 04:00:00+00:00,0.539,0.5418,0.5277,0.5399,5677890.0
2023-12-24 08:00:00+00:00,0.5399,0.5453,0.529,0.5365,6075631.0
2023-12-24 12:00:00+00:00,0.5365,0.5504,0.5339,0.5475,10299749.0
2023-12-24 16:00:00+00:00,0.5475,0.5748,0.5432,0.5706,12338732.0
2023-12-24 20:00:00+00:00,0.5706,0.5785,0.5388,0.564,18920663.0
2023-12-25 00:00:00+00:00,0.564,0.5659,0.5432,0.5496,9449630.0
2023-12-25 04:00:00+00:00,0.5496,0.6007,0.5496,0.5882,24809143.0
2023-12-25 08:00:00+00:00,0.5882,0.6132,0.5787,0.6092,30687801.0
2023-12-25 12:00:00+00:00,0.6092,0.6156,0.5965,0.5978,28918396.0
2023-12-25 16:00:00+00:00,0.5978,0.6219,0.5952,0.6034,22133946.0
2023-12-25 20:00:00+00:00,0.6034,0.6135,0.5933,0.6073,9553844.0
2023-12-26 00:00:00+00:00,0.6073,0.68,0.6035,0.6554,51855458.0
2023-12-26 04:00:00+00:00,0.6554,0.6659,0.6242,0.6304,43568304.0
2023-12-26 08:00:00+00:00,0.6304,0.6446,0.6198,0.6403,32629466.0
2023-12-26 12:00:00+00:00,0.6403,0.6423,0.6114,0.6122,21174948.0
2023-12-26 16:00:00+00:00,0.6122,0.6179,0.5609,0.6037,36971248.0
2023-12-26 20:00:00+00:00,0.6037,0.6389,0.6,0.6282,17258364.0
2023-12-27 00:00:00+00:00,0.6282,0.6321,0.5917,0.5962,14541154.0
2023-12-27 04:00:00+00:00,0.5962,0.6059,0.5938,0.5978,7902878.0
2023-12-27 08:00:00+00:00,0.5978,0.6107,0.5954,0.606,7301231.0
2023-12-27 12:00:00+00:00,0.606,0.6151,0.6007,0.6109,11846716.0
2023-12-27 16:00:00+00:00,0.6109,0.6158,0.6027,0.6085,11609931.0
2023-12-27 20:00:00+00:00,0.6085,0.6143,0.5978,0.6039,5861163.0
2023-12-28 00:00:00+00:00,0.6039,0.6137,0.5925,0.6006,9907472.0
2023-12-28 04:00:00+00:00,0.6006,0.6018,0.5807,0.59,9126238.0
2023-12-28 08:00:00+00:00,0.59,0.5965,0.5852,0.5933,5379919.0
2023-12-28 12:00:00+00:00,0.5933,0.5943,0.5674,0.5761,13511046.0
2023-12-28 16:00:00+00:00,0.5761,0.5834,0.5728,0.5814,5131352.0
2023-12-28 20:00:00+00:00,0.5814,0.585,0.5711,0.5795,3059837.0
2023-12-29 00:00:00+00:00,0.5795,0.5908,0.5632,0.5884,10404998.0
2023-12-29 04:00:00+00:00,0.5884,0.596,0.5789,0.5809,7422432.0
2023-12-29 08:00:00+00:00,0.5809,0.5946,0.5807,0.5904,6258828.0
2023-12-29 12:00:00+00:00,0.5904,0.5929,0.5707,0.5755,5860648.0
2023-12-29 16:00:00+00:00,0.5755,0.5787,0.5611,0.5746,5950585.0
2023-12-29 20:00:00+00:00,0.5746,0.5763,0.5564,0.5755,3228264.0
2023-12-30 00:00:00+00:00,0.5755,0.5782,0.5666,0.5691,2280002.0
2023-12-30 04:00:00+00:00,0.5691,0.5761,0.569,0.5746,1665262.0
2023-12-30 08:00:00+00:00,0.5746,0.5757,0.5605,0.5733,3155661.0
2023-12-30 12:00:00+00:00,0.5733,0.5857,0.5726,0.5852,4230848.0
2023-12-30 16:00:00+00:00,0.5852,0.5866,0.5761,0.5801,3390466.0
2023-12-30 20:00:00+00:00,0.5801,0.5845,0.5756,0.5765,2133751.0
2023-12-31 00:00:00+00:00,0.5765,0.5829,0.5718,0.5753,2233593.0
2023-12-31 04:00:00+00:00,0.5753,0.5871,0.5742,0.5842,4214989.0
2023-12-31 08:00:00+00:00,0.5842,0.5948,0.5828,0.59,5099181.0
2023-12-31 12:00:00+00:00,0.59,0.6049,0.5881,0.6004,7306934.0
2023-12-31 16:00:00+00:00,0.6004,0.6063,0.596,0.6011,5905136.0
2023-12-31 20:00:00+00:00,0.6011,0.6027,0.5707,0.5953,9648969.0
2024-01-01 00:00:00+00:00,0.5953,0.6116,0.5917,0.6071,7553431.0
2024-01-01 04:00:00+00:00,0.6071,0.6238,0.58,0.5874,23127296.0
2024-01-01 08:00:00+00:00,0.5874,0.5937,0.5856,0.5922,3606161.0
2024-01-01 12:00:00+00:00,0.5922,0.595,0.5893,0.5932,4383102.0
2024-01-01 16:00:00+00:00,0.5932,0.6058,0.5871,0.6042,5107744.0
2024-01-01 20:00:00+00:00,0.6042,0.607,0.5994,0.6047,3392862.0
2024-01-02 00:00:00+00:00,0.6047,0.6124,0.5995,0.61,3719548.0
2024-01-02 04:00:00+00:00,0.61,0.6145,0.6043,0.6053,3807619.0
2024-01-02 08:00:00+00:00,0.6053,0.6208,0.6026,0.6072,5250268.0
2024-01-02 12:00:00+00:00,0.6072,0.6106,0.587,0.5946,7111348.0
2024-01-02 16:00:00+00:00,0.5946,0.5965,0.5861,0.5891,2777430.0
2024-01-02 20:00:00+00:00,0.5891,0.5921,0.5777,0.5879,4807531.0
2024-01-03 00:00:00+00:00,0.5879,0.5943,0.5866,0.5887,3209341.0
2024-01-03 04:00:00+00:00,0.5887,0.5981,0.5865,0.5915,3725795.0
2024-01-03 08:00:00+00:00,0.5915,0.6009,0.5616,0.5693,12298758.0
2024-01-03 12:00:00+00:00,0.5693,0.5694,0.4333,0.5258,49100041.0
2024-01-03 16:00:00+00:00,0.5258,0.528,0.5012,0.5082,7867015.0
2024-01-03 20:00:00+00:00,0.5082,0.5204,0.5074,0.5168,3687373.0
2024-01-04 00:00:00+00:00,0.5168,0.5299,0.5027,0.5255,5762946.0
2024-01-04 04:00:00+00:00,0.5255,0.5292,0.517,0.5172,5491214.0
2024-01-04 08:00:00+00:00,0.5172,0.5223,0.5107,0.5192,4973362.0
2024-01-04 12:00:00+00:00,0.5192,0.5406,0.5171,0.5372,4582147.0
2024-01-04 16:00:00+00:00,0.5372,0.5382,0.5288,0.5336,2841308.0
2024-01-04 20:00:00+00:00,0.5336,0.5446,0.5335,0.5378,4207030.0
2024-01-05 00:00:00+00:00,0.5378,0.5433,0.5061,0.5206,9176834.0
2024-01-05 04:00:00+00:00,0.5206,0.5246,0.5169,0.5185,3426713.0
2024-01-05 08:00:00+00:00,0.5185,0.5256,0.5073,0.5114,4591861.0
2024-01-05 12:00:00+00:00,0.5114,0.5154,0.4968,0.5019,5479392.0
2024-01-05 16:00:00+00:00,0.5019,0.5047,0.4905,0.5002,4187100.0
2024-01-05 20:00:00+00:00,0.5002,0.5131,0.4999,0.5128,2937437.0
2024-01-06 00:00:00+00:00,0.5128,0.5132,0.5016,0.5047,1508638.0
2024-01-06 04:00:00+00:00,0.5047,0.507,0.4732,0.4859,7078270.0
2024-01-06 08:00:00+00:00,0.4859,0.4917,0.4821,0.4889,1940008.0
2024-01-06 12:00:00+00:00,0.4889,0.5028,0.4842,0.5024,2057763.0
2024-01-06 16:00:00+00:00,0.5024,0.5067,0.4974,0.5011,2109286.0
2024-01-06 20:00:00+00:00,0.5011,0.5049,0.4935,0.4994,1971606.0
2024-01-07 00:00:00+00:00,0.4994,0.5163,0.4968,0.5102,3609252.0
2024-01-07 04:00:00+00:00,0.5102,0.5142,0.5055,0.5085,2344754.0
2024-01-07 08:00:00+00:00,0.5085,0.511,0.4955,0.5016,4191430.0
2024-01-07 12:00:00+00:00,0.5016,0.5035,0.4888,0.4915,3396059.0
2024-01-07 16:00:00+00:00,0.4915,0.4965,0.4812,0.4945,2486327.0
2024-01-07 20:00:00+00:00,0.4945,0.4959,0.4634,0.469,7114069.0
2024-01-08 00:00:00+00:00,0.469,0.4722,0.4349,0.448,11731950.0
2024-01-08 04:00:00+00:00,0.448,0.4678,0.4459,0.4609,6284772.0
2024-01-08 08:00:00+00:00,0.4609,0.472,0.4535,0.4716,3154249.0
2024-01-08 12:00:00+00:00,0.4716,0.4898,0.471,0.4872,8242747.0
2024-01-08 16:00:00+00:00,0.4872,0.5057,0.4817,0.505,4911520.0
2024-01-08 20:00:00+00:00,0.505,0.5057,0.4967,0.5024,3577834.0
2024-01-09 00:00:00+00:00,0.5024,0.5032,0.4889,0.4925,4217515.0
2024-01-09 04:00:00+00:00,0.4925,0.4994,0.4884,0.4898,2183939.0
2024-01-09 08:00:00+00:00,0.4898,0.4929,0.4763,0.4829,3392795.0
2024-01-09 12:00:00+00:00,0.4829,0.4848,0.4582,0.4721,12143691.0
2024-01-09 16:00:00+00:00,0.4721,0.4743,0.4641,0.4704,4570965.0
2024-01-09 20:00:00+00:00,0.4704,0.4818,0.4604,0.4779,14977021.0
2024-01-10 00:00:00+00:00,0.4779,0.484,0.4744,0.4792,2756063.0
2024-01-10 04:00:00+00:00,0.4792,0.4837,0.4753,0.4776,1529534.0
2024-01-10 08:00:00+00:00,0.4776,0.4949,0.471,0.4894,6875406.0
2024-01-10 12:00:00+00:00,0.4894,0.4932,0.4672,0.4912,13959976.0
2024-01-10 16:00:00+00:00,0.4912,0.499,0.4867,0.4955,5935205.0
2024-01-10 20:00:00+00:00,0.4955,0.534,0.4815,0.5218,14747611.0
2024-01-11 00:00:00+00:00,0.5218,0.5363,0.5175,0.5334,6475473.0
2024-01-11 04:00:00+00:00,0.5334,0.5341,0.513,0.5265,3557577.0
2024-01-11 08:00:00+00:00,0.5265,0.54,0.5239,0.5385,4482293.0
2024-01-11 12:00:00+00:00,0.5385,0.5497,0.523,0.5304,16440392.0
2024-01-11 16:00:00+00:00,0.5304,0.5405,0.5188,0.5392,6825838.0
2024-01-11 20:00:00+00:00,0.5392,0.5402,0.528,0.5378,4174068.0
2024-01-12 00:00:00+00:00,0.5378,0.5513,0.5352,0.5389,5373436.0
2024-01-12 04:00:00+00:00,0.5389,0.5538,0.5362,0.5429,5886768.0
2024-01-12 08:00:00+00:00,0.5429,0.5436,0.5329,0.5392,8454086.0
2024-01-12 12:00:00+00:00,0.5392,0.5438,0.5187,0.5219,8168561.0
2024-01-12 16:00:00+00:00,0.5219,0.5289,0.5012,0.518,9934190.0
2024-01-12 20:00:00+00:00,0.518,0.5224,0.4851,0.5043,8285999.0
2024-01-13 00:00:00+00:00,0.5043,0.5068,0.4866,0.4996,3013972.0
2024-01-13 04:00:00+00:00,0.4996,0.512,0.4983,0.5085,1962107.0
2024-01-13 08:00:00+00:00,0.5085,0.5106,0.5012,0.5059,2262074.0
2024-01-13 12:00:00+00:00,0.5059,0.515,0.5043,0.5134,2419464.0
2024-01-13 16:00:00+00:00,0.5134,0.5136,0.5064,0.5109,1612235.0
2024-01-13 20:00:00+00:00,0.5109,0.5147,0.5092,0.51,2223327.0
2024-01-14 00:00:00+00:00,0.51,0.5114,0.502,0.5034,4025518.0
2024-01-14 04:00:00+00:00,0.5034,0.5074,0.4966,0.5057,2764143.0
2024-01-14 08:00:00+00:00,0.5057,0.51,0.5015,0.5035,2211944.0
2024-01-14 12:00:00+00:00,0.5035,0.5093,0.5019,0.5073,2070696.0
2024-01-14 16:00:00+00:00,0.5073,0.5087,0.4919,0.493,2100697.0
2024-01-14 20:00:00+00:00,0.493,0.5023,0.4877,0.4893,4679967.0
2024-01-15 00:00:00+00:00,0.4893,0.5018,0.4886,0.4998,1301244.0
2024-01-15 04:00:00+00:00,0.4998,0.5047,0.4975,0.4996,1496434.0
2024-01-15 08:00:00+00:00,0.4996,0.5055,0.4975,0.5015,7313288.0
2024-01-15 12:00:00+00:00,0.5015,0.5041,0.49,0.4909,3556572.0
2024-01-15 16:00:00+00:00,0.4909,0.5095,0.4905,0.5058,2584295.0
2024-01-15 20:00:00+00:00,0.5058,0.5085,0.4985,0.5023,3623570.0
2024-01-16 00:00:00+00:00,0.5023,0.5093,0.5009,0.5092,1334123.0
2024-01-16 04:00:00+00:00,0.5092,0.5139,0.5062,0.5108,2217558.0
2024-01-16 08:00:00+00:00,0.5108,0.5197,0.5076,0.5106,4708550.0
2024-01-16 12:00:00+00:00,0.5106,0.5171,0.496,0.5137,6979436.0
2024-01-16 16:00:00+00:00,0.5137,0.5185,0.5103,0.5141,3367818.0
2024-01-16 20:00:00+00:00,0.5141,0.5248,0.5138,0.5198,2872409.0
2024-01-17 00:00:00+00:00,0.5198,0.5233,0.5126,0.513,1778878.0
2024-01-17 04:00:00+00:00,0.513,0.5143,0.5027,0.504,2872240.0
2024-01-17 08:00:00+00:00,0.504,0.5113,0.5019,0.5085,2024553.0
2024-01-17 12:00:00+00:00,0.5085,0.5111,0.5027,0.5039,2834061.0
2024-01-17 16:00:00+00:00,0.5039,0.5086,0.4983,0.5064,3471421.0
2024-01-17 20:00:00+00:00,0.5064,0.509,0.5006,0.5078,1561914.0
2024-01-18 00:00:00+00:00,0.5078,0.5078,0.4956,0.5003,2153119.0
2024-01-18 04:00:00+00:00,0.5003,0.5074,0.4977,0.5065,2036037.0
2024-01-18 08:00:00+00:00,0.5065,0.5074,0.4968,0.4996,1468050.0
2024-01-18 12:00:00+00:00,0.4996,0.5008,0.4911,0.4989,1702730.0
2024-01-18 16:00:00+00:00,0.4989,0.499,0.4694,0.4738,8444087.0
2024-01-18 20:00:00+00:00,0.4738,0.4834,0.4733,0.4807,1765723.0
2024-01-19 00:00:00+00:00,0.4807,0.4822,0.4631,0.472,4205505.0
2024-01-19 04:00:00+00:00,0.472,0.4863,0.4714,0.4805,2558510.0
2024-01-19 08:00:00+00:00,0.4805,0.4927,0.4771,0.4917,4507861.0
2024-01-19 12:00:00+00:00,0.4917,0.4928,0.4711,0.4727,5062022.0
2024-01-19 16:00:00+00:00,0.4727,0.4854,0.4532,0.4836,9884677.0
2024-01-19 20:00:00+00:00,0.4836,0.4917,0.4808,0.4888,1873725.0
2024-01-20 00:00:00+00:00,0.4888,0.4926,0.4817,0.4884,1709304.0
2024-01-20 04:00:00+00:00,0.4884,0.4915,0.4845,0.4852,1186330.0
2024-01-20 08:00:00+00:00,0.4852,0.486,0.4779,0.4838,3977843.0
2024-01-20 12:00:00+00:00,0.4838,0.4889,0.4793,0.4836,3014248.0
2024-01-20 16:00:00+00:00,0.4836,0.4855,0.4807,0.4844,2237762.0
2024-01-20 20:00:00+00:00,0.4844,0.49,0.4832,0.4877,1155244.0
2024-01-21 00:00:00+00:00,0.4877,0.4961,0.4833,0.4937,1910397.0
2024-01-21 04:00:00+00:00,0.4937,0.494,0.4881,0.491,1521215.0
2024-01-21 08:00:00+00:00,0.491,0.4976,0.4901,0.4931,1692315.0
2024-01-21 12:00:00+00:00,0.4931,0.4957,0.488,0.4907,2032904.0
2024-01-21 16:00:00+00:00,0.4907,0.4965,0.4865,0.4929,1856311.0
2024-01-21 20:00:00+00:00,0.4929,0.4933,0.4837,0.4861,3169476.0
2024-01-22 00:00:00+00:00,0.4861,0.4881,0.4732,0.4755,4204809.0
2024-01-22 04:00:00+00:00,0.4755,0.4792,0.4677,0.4747,2672738.0
2024-01-22 08:00:00+00:00,0.4747,0.4748,0.4601,0.4667,4660260.0
2024-01-22 12:00:00+00:00,0.4667,0.4726,0.4564,0.4643,3928205.0
2024-01-22 16:00:00+00:00,0.4643,0.4687,0.4493,0.4578,6680422.0
2024-01-22 20:00:00+00:00,0.4578,0.469,0.4522,0.4541,4687239.0
2024-01-23 00:00:00+00:00,0.4541,0.4611,0.4494,0.4585,1536724.0
2024-01-23 04:00:00+00:00,0.4585,0.462,0.4445,0.4471,2837516.0
2024-01-23 08:00:00+00:00,0.4471,0.4488,0.4183,0.4265,14538112.0
2024-01-23 12:00:00+00:00,0.4265,0.4339,0.4155,0.4307,7271990.0
2024-01-23 16:00:00+00:00,0.4307,0.4345,0.4256,0.4263,3097840.0
2024-01-23 20:00:00+00:00,0.4263,0.4411,0.4245,0.4407,2254124.0
2024-01-24 00:00:00+00:00,0.4407,0.4429,0.4321,0.4335,2828917.0
2024-01-24 04:00:00+00:00,0.4335,0.4427,0.4324,0.4396,1712101.0
2024-01-24 08:00:00+00:00,0.4396,0.4489,0.4392,0.4439,4014202.0
2024-01-24 12:00:00+00:00,0.4439,0.4465,0.4368,0.4424,2504416.0
2024-01-24 16:00:00+00:00,0.4424,0.4467,0.4366,0.4411,1549056.0
2024-01-24 20:00:00+00:00,0.4411,0.4464,0.4375,0.4456,1171960.0
2024-01-25 00:00:00+00:00,0.4456,0.4456,0.437,0.4385,1153043.0
2024-01-25 04:00:00+00:00,0.4385,0.4405,0.4331,0.4401,1520513.0
2024-01-25 08:00:00+00:00,0.4401,0.4422,0.4336,0.4393,1576589.0
2024-01-25 12:00:00+00:00,0.4393,0.4408,0.4303,0.4325,1908725.0
2024-01-25 16:00:00+00:00,0.4325,0.4411,0.429,0.4403,2183854.0
2024-01-25 20:00:00+00:00,0.4403,0.4411,0.4361,0.438,662709.0
2024-01-26 00:00:00+00:00,0.438,0.4436,0.4327,0.4401,1298976.0
2024-01-26 04:00:00+00:00,0.4401,0.4421,0.4356,0.4358,1337158.0
2024-01-26 08:00:00+00:00,0.4358,0.4509,0.4357,0.4494,2205745.0
2024-01-26 12:00:00+00:00,0.4494,0.4515,0.4437,0.4508,2543591.0
2024-01-26 16:00:00+00:00,0.4508,0.4559,0.4508,0.454,2570461.0
2024-01-26 20:00:00+00:00,0.454,0.4552,0.4492,0.4529,1212146.0
2024-01-27 00:00:00+00:00,0.4529,0.4556,0.4512,0.4546,1207051.0
2024-01-27 04:00:00+00:00,0.4546,0.4549,0.446,0.4483,1602242.0
2024-01-27 08:00:00+00:00,0.4483,0.4517,0.4453,0.4504,1291072.0
2024-01-27 12:00:00+00:00,0.4504,0.4538,0.4501,0.4528,539582.0
2024-01-27 16:00:00+00:00,0.4528,0.4559,0.4518,0.4555,963386.0
2024-01-27 20:00:00+00:00,0.4555,0.4572,0.4534,0.4548,1574687.0
2024-01-28 00:00:00+00:00,0.4548,0.4699,0.4541,0.4681,5354981.0
2024-01-28 04:00:00+00:00,0.4681,0.4688,0.4601,0.4607,2748873.0
2024-01-28 08:00:00+00:00,0.4607,0.4646,0.4584,0.4604,2489267.0
2024-01-28 12:00:00+00:00,0.4604,0.4609,0.4542,0.4567,6055380.0
2024-01-28 16:00:00+00:00,0.4567,0.4579,0.4464,0.4494,5513494.0
2024-01-28 20:00:00+00:00,0.4494,0.4543,0.4458,0.4503,1839438.0
2024-01-29 00:00:00+00:00,0.4503,0.4556,0.4472,0.4542,2006780.0
2024-01-29 04:00:00+00:00,0.4542,0.4562,0.4515,0.4518,1074853.0
2024-01-29 08:00:00+00:00,0.4518,0.4556,0.4497,0.4544,1743928.0
2024-01-29 12:00:00+00:00,0.4544,0.456,0.443,0.4558,5619466.0
2024-01-29 16:00:00+00:00,0.4558,0.4656,0.4538,0.4617,3655431.0
2024-01-29 20:00:00+00:00,0.4617,0.4654,0.461,0.4637,1404503.0
2024-01-30 00:00:00+00:00,0.4637,0.4676,0.4593,0.4625,2315403.0
2024-01-30 04:00:00+00:00,0.4625,0.4647,0.4598,0.4623,1797989.0
2024-01-30 08:00:00+00:00,0.4623,0.4672,0.461,0.467,1939828.0
2024-01-30 12:00:00+00:00,0.467,0.4683,0.4553,0.4642,7524971.0
2024-01-30 16:00:00+00:00,0.4642,0.4681,0.4625,0.465,3826728.0
2024-01-30 20:00:00+00:00,0.465,0.4662,0.4523,0.4545,4288120.0
2024-01-31 00:00:00+00:00,0.4545,0.4563,0.446,0.4524,4473401.0
2024-01-31 04:00:00+00:00,0.4524,0.4541,0.4489,0.4505,1008438.0
2024-01-31 08:00:00+00:00,0.4505,0.4514,0.4375,0.4428,4648399.0
2024-01-31 12:00:00+00:00,0.4428,0.4471,0.4344,0.446,4447041.0
2024-01-31 16:00:00+00:00,0.446,0.451,0.4437,0.4482,2294272.0
2024-01-31 20:00:00+00:00,0.4482,0.4496,0.4357,0.4364,3988444.0
2024-02-01 00:00:00+00:00,0.4364,0.4399,0.4266,0.433,3093341.0
2024-02-01 04:00:00+00:00,0.433,0.4365,0.4303,0.4347,1734995.0
2024-02-01 08:00:00+00:00,0.4347,0.4368,0.4316,0.4321,1253721.0
2024-02-01 12:00:00+00:00,0.4321,0.4392,0.4306,0.4354,3656888.0
2024-02-01 16:00:00+00:00,0.4354,0.4403,0.4313,0.439,1467297.0
2024-02-01 20:00:00+00:00,0.439,0.4408,0.4372,0.4403,1741129.0
2024-02-02 00:00:00+00:00,0.4403,0.4441,0.4384,0.4413,1451557.0
2024-02-02 04:00:00+00:00,0.4413,0.4433,0.4391,0.4429,968286.0
2024-02-02 08:00:00+00:00,0.4429,0.4446,0.4388,0.4433,2344053.0
2024-02-02 12:00:00+00:00,0.4433,0.4463,0.4354,0.4459,3723103.0
2024-02-02 16:00:00+00:00,0.4459,0.4489,0.4408,0.4435,2495887.0
2024-02-02 20:00:00+00:00,0.4435,0.4451,0.4415,0.4432,689844.0
2024-02-03 00:00:00+00:00,0.4432,0.4478,0.4417,0.4423,1182193.0
2024-02-03 04:00:00+00:00,0.4423,0.4431,0.4376,0.4387,1087082.0
2024-02-03 08:00:00+00:00,0.4387,0.4423,0.4382,0.4408,1190298.0
2024-02-03 12:00:00+00:00,0.4408,0.4419,0.436,0.44,1226324.0
2024-02-03 16:00:00+00:00,0.44,0.4436,0.4398,0.4424,1095870.0
2024-02-03 20:00:00+00:00,0.4424,0.4432,0.438,0.4388,859711.0
2024-02-04 00:00:00+00:00,0.4388,0.4389,0.4327,0.4376,1712885.0
2024-02-04 04:00:00+00:00,0.4376,0.4376,0.4305,0.4319,1555885.0
2024-02-04 08:00:00+00:00,0.4319,0.4352,0.4308,0.4342,1305618.0
2024-02-04 12:00:00+00:00,0.4342,0.4356,0.4329,0.4342,730403.0
2024-02-04 16:00:00+00:00,0.4342,0.4343,0.4277,0.4306,1261077.0
2024-02-04 20:00:00+00:00,0.4306,0.4336,0.4249,0.4269,2173440.0
2024-02-05 00:00:00+00:00,0.4269,0.4276,0.4174,0.4264,2992998.0
2024-02-05 04:00:00+00:00,0.4264,0.4312,0.4258,0.4301,1510751.0
2024-02-05 08:00:00+00:00,0.4301,0.4334,0.4284,0.4333,2148982.0
2024-02-05 12:00:00+00:00,0.4333,0.4378,0.4271,0.428,3651456.0
2024-02-05 16:00:00+00:00,0.428,0.4337,0.4264,0.4322,2656662.0
2024-02-05 20:00:00+00:00,0.4322,0.4325,0.4263,0.4308,3177415.0
2024-02-06 00:00:00+00:00,0.4308,0.4338,0.4269,0.4319,1549966.0
2024-02-06 04:00:00+00:00,0.4319,0.4328,0.4293,0.4316,1381875.0
2024-02-06 08:00:00+00:00,0.4316,0.4355,0.4284,0.4299,3508604.0
2024-02-06 12:00:00+00:00,0.4299,0.4334,0.4269,0.4328,3366621.0
2024-02-06 16:00:00+00:00,0.4328,0.4375,0.4313,0.4371,1767328.0
2024-02-06 20:00:00+00:00,0.4371,0.4383,0.4326,0.433,2681303.0
2024-02-07 00:00:00+00:00,0.433,0.4379,0.433,0.4336,1836871.0
2024-02-07 04:00:00+00:00,0.4336,0.4345,0.4277,0.429,2594266.0
2024-02-07 08:00:00+00:00,0.429,0.4326,0.4282,0.4297,1664691.0
2024-02-07 12:00:00+00:00,0.4297,0.4344,0.4294,0.4334,1724659.0
2024-02-07 16:00:00+00:00,0.4334,0.4425,0.4327,0.4413,2588337.0
2024-02-07 20:00:00+00:00,0.4413,0.4486,0.4413,0.4457,2945525.0
2024-02-08 00:00:00+00:00,0.4457,0.4488,0.4457,0.4464,2719009.0
2024-02-08 04:00:00+00:00,0.4464,0.4477,0.4432,0.4448,1871455.0
2024-02-08 08:00:00+00:00,0.4448,0.4498,0.4448,0.4473,3473791.0
2024-02-08 12:00:00+00:00,0.4473,0.4521,0.4445,0.4518,6099924.0
2024-02-08 16:00:00+00:00,0.4518,0.4525,0.4429,0.4485,4071166.0
2024-02-08 20:00:00+00:00,0.4485,0.4528,0.4484,0.4514,1285931.0
2024-02-09 00:00:00+00:00,0.4514,0.4612,0.4514,0.457,3399455.0
2024-02-09 04:00:00+00:00,0.457,0.463,0.4559,0.4627,1799911.0
2024-02-09 08:00:00+00:00,0.4627,0.4643,0.4581,0.4642,3169518.0
2024-02-09 12:00:00+00:00,0.4642,0.4664,0.4557,0.4609,7833763.0
2024-02-09 16:00:00+00:00,0.4609,0.4698,0.4593,0.4662,3608045.0
2024-02-09 20:00:00+00:00,0.4662,0.474,0.466,0.4714,3690913.0
2024-02-10 00:00:00+00:00,0.4714,0.476,0.4712,0.4733,2525049.0
2024-02-10 04:00:00+00:00,0.4733,0.4782,0.4696,0.4698,2939757.0
2024-02-10 08:00:00+00:00,0.4698,0.4742,0.4629,0.4677,4943682.0
2024-02-10 12:00:00+00:00,0.4677,0.4694,0.4648,0.4694,1939277.0
2024-02-10 16:00:00+00:00,0.4694,0.4745,0.4682,0.4726,1923032.0
2024-02-10 20:00:00+00:00,0.4726,0.4767,0.471,0.4718,2109163.0
2024-02-11 00:00:00+00:00,0.4718,0.4766,0.4698,0.4761,1816575.0
2024-02-11 04:00:00+00:00,0.4761,0.4764,0.4727,0.4738,1651659.0
2024-02-11 08:00:00+00:00,0.4738,0.475,0.4683,0.4715,2668822.0
2024-02-11 12:00:00+00:00,0.4715,0.4736,0.4653,0.4701,4125150.0
2024-02-11 16:00:00+00:00,0.4701,0.4737,0.4676,0.4704,1603932.0
2024-02-11 20:00:00+00:00,0.4704,0.4715,0.4648,0.4676,2524418.0
2024-02-12 00:00:00+00:00,0.4676,0.4793,0.4649,0.472,4172558.0
2024-02-12 04:00:00+00:00,0.472,0.4721,0.4629,0.4675,2416173.0
2024-02-12 08:00:00+00:00,0.4675,0.4688,0.4565,0.4596,4477105.0
2024-02-12 12:00:00+00:00,0.4596,0.4743,0.4579,0.4732,4842733.0
2024-02-12 16:00:00+00:00,0.4732,0.4844,0.4709,0.4767,6859097.0
2024-02-12 20:00:00+00:00,0.4767,0.483,0.4767,0.4819,2921206.0
2024-02-13 00:00:00+00:00,0.4819,0.486,0.4741,0.4759,4664266.0
2024-02-13 04:00:00+00:00,0.4759,0.4799,0.4758,0.479,2245083.0
2024-02-13 08:00:00+00:00,0.479,0.4818,0.4713,0.4758,6186314.0
2024-02-13 12:00:00+00:00,0.4758,0.4761,0.4536,0.462,19841613.0
2024-02-13 16:00:00+00:00,0.462,0.4665,0.4589,0.4639,2084462.0
2024-02-13 20:00:00+00:00,0.4639,0.4684,0.4635,0.4657,3338119.0
2024-02-14 00:00:00+00:00,0.4657,0.4679,0.4624,0.4653,2167204.0
2024-02-14 04:00:00+00:00,0.4653,0.4692,0.4618,0.4683,2618076.0
2024-02-14 08:00:00+00:00,0.4683,0.4821,0.4672,0.4802,9431998.0
2024-02-14 12:00:00+00:00,0.4802,0.4832,0.4734,0.4776,7675063.0
2024-02-14 16:00:00+00:00,0.4776,0.4785,0.4732,0.4779,3315311.0
2024-02-14 20:00:00+00:00,0.4779,0.4807,0.4774,0.4801,1833281.0
2024-02-15 00:00:00+00:00,0.4801,0.4944,0.4757,0.4929,5291188.0
2024-02-15 04:00:00+00:00,0.4929,0.4932,0.4789,0.4849,5748603.0
2024-02-15 08:00:00+00:00,0.4849,0.4923,0.4827,0.489,3958999.0
2024-02-15 12:00:00+00:00,0.489,0.4973,0.4873,0.4914,6509485.0
2024-02-15 16:00:00+00:00,0.4914,0.4986,0.4854,0.4978,4772688.0
2024-02-15 20:00:00+00:00,0.4978,0.4988,0.4866,0.4938,3455194.0
2024-02-16 00:00:00+00:00,0.4938,0.504,0.493,0.5004,4120960.0
2024-02-16 04:00:00+00:00,0.5004,0.504,0.4931,0.4941,3764884.0
2024-02-16 08:00:00+00:00,0.4941,0.5007,0.4875,0.4986,4988401.0
2024-02-16 12:00:00+00:00,0.4986,0.5097,0.4837,0.4935,9570855.0
2024-02-16 16:00:00+00:00,0.4935,0.499,0.4853,0.4864,4307241.0
2024-02-16 20:00:00+00:00,0.4864,0.4955,0.4859,0.4951,1920735.0
2024-02-17 00:00:00+00:00,0.4951,0.5203,0.4949,0.5144,17541173.0
2024-02-17 04:00:00+00:00,0.5144,0.5156,0.5076,0.5109,3755231.0
2024-02-17 08:00:00+00:00,0.5109,0.5109,0.4939,0.5011,5941272.0
2024-02-17 12:00:00+00:00,0.5011,0.5015,0.4835,0.4922,8255653.0
2024-02-17 16:00:00+00:00,0.4922,0.4949,0.489,0.4928,2598850.0
2024-02-17 20:00:00+00:00,0.4928,0.507,0.4911,0.5069,3279180.0
2024-02-18 00:00:00+00:00,0.5069,0.5074,0.4934,0.4971,4094483.0
2024-02-18 04:00:00+00:00,0.4971,0.5047,0.4971,0.5039,1798037.0
2024-02-18 08:00:00+00:00,0.5039,0.5085,0.5019,0.5078,3693732.0
2024-02-18 12:00:00+00:00,0.5078,0.511,0.5022,0.5094,4981796.0
2024-02-18 16:00:00+00:00,0.5094,0.5142,0.5075,0.5092,4874134.0
2024-02-18 20:00:00+00:00,0.5092,0.5168,0.5042,0.5111,5374249.0
2024-02-19 00:00:00+00:00,0.5111,0.5132,0.5085,0.5109,4478638.0
2024-02-19 04:00:00+00:00,0.5109,0.5149,0.5043,0.5142,5059483.0
2024-02-19 08:00:00+00:00,0.5142,0.5156,0.506,0.5141,4298311.0
2024-02-19 12:00:00+00:00,0.5141,0.5236,0.5091,0.5189,7767665.0
2024-02-19 16:00:00+00:00,0.5189,0.5214,0.5101,0.5187,3473628.0
2024-02-19 20:00:00+00:00,0.5187,0.5337,0.5171,0.5293,4065552.0
2024-02-20 00:00:00+00:00,0.5293,0.5339,0.5118,0.5139,5175678.0
2024-02-20 04:00:00+00:00,0.5139,0.528,0.512,0.5202,3599502.0
2024-02-20 08:00:00+00:00,0.5202,0.5231,0.5084,0.5222,5760668.0
2024-02-20 12:00:00+00:00,0.5222,0.5277,0.4915,0.5037,12290918.0
2024-02-20 16:00:00+00:00,0.5037,0.511,0.493,0.511,4405636.0
2024-02-20 20:00:00+00:00,0.511,0.5211,0.5088,0.5156,2778273.0
2024-02-21 00:00:00+00:00,0.5156,0.5158,0.5051,0.5075,1923900.0
2024-02-21 04:00:00+00:00,0.5075,0.5089,0.4926,0.4951,3342478.0
2024-02-21 08:00:00+00:00,0.4951,0.4999,0.4815,0.486,5256672.0
2024-02-21 12:00:00+00:00,0.486,0.4929,0.4763,0.4862,5917135.0
2024-02-21 16:00:00+00:00,0.4862,0.4891,0.4741,0.4833,3079601.0
2024-02-21 20:00:00+00:00,0.4833,0.4937,0.4805,0.4922,1869547.0
2024-02-22 00:00:00+00:00,0.4922,0.4922,0.4794,0.4862,1799482.0
2024-02-22 04:00:00+00:00,0.4862,0.4979,0.4849,0.4966,1864573.0
2024-02-22 08:00:00+00:00,0.4966,0.5015,0.4936,0.4963,2671689.0
2024-02-22 12:00:00+00:00,0.4963,0.499,0.4858,0.4972,3985408.0
2024-02-22 16:00:00+00:00,0.4972,0.5038,0.4929,0.5022,2843369.0
2024-02-22 20:00:00+00:00,0.5022,0.5107,0.4966,0.5006,3217205.0
2024-02-23 00:00:00+00:00,0.5006,0.5046,0.4935,0.4968,3040140.0
2024-02-23 04:00:00+00:00,0.4968,0.5033,0.4914,0.4935,2761904.0
2024-02-23 08:00:00+00:00,0.4935,0.4982,0.4881,0.4981,4167974.0
2024-02-23 12:00:00+00:00,0.4981,0.5055,0.491,0.4988,6198552.0
2024-02-23 16:00:00+00:00,0.4988,0.5095,0.4851,0.5071,11006050.0
2024-02-23 20:00:00+00:00,0.5071,0.5076,0.4913,0.4971,2707905.0
2024-02-24 00:00:00+00:00,0.4971,0.5077,0.4902,0.4978,3614825.0
2024-02-24 04:00:00+00:00,0.4978,0.5088,0.4956,0.5075,3072960.0
2024-02-24 08:00:00+00:00,0.5075,0.5223,0.503,0.519,5339674.0
2024-02-24 12:00:00+00:00,0.519,0.5241,0.514,0.5153,5625434.0
2024-02-24 16:00:00+00:00,0.5153,0.5235,0.5139,0.5227,3121778.0
2024-02-24 20:00:00+00:00,0.5227,0.5249,0.5195,0.5224,2520319.0
2024-02-25 00:00:00+00:00,0.5224,0.525,0.5133,0.5182,4439165.0
2024-02-25 04:00:00+00:00,0.5182,0.5203,0.5149,0.5179,1527805.0
2024-02-25 08:00:00+00:00,0.5179,0.5184,0.5093,0.5149,2667502.0
2024-02-25 12:00:00+00:00,0.5149,0.5201,0.5126,0.516,2605525.0
2024-02-25 16:00:00+00:00,0.516,0.5172,0.5108,0.5162,2765022.0
2024-02-25 20:00:00+00:00,0.5162,0.5203,0.5148,0.5201,2785031.0
2024-02-26 00:00:00+00:00,0.5201,0.524,0.515,0.5207,6014427.0
2024-02-26 04:00:00+00:00,0.5207,0.5492,0.5196,0.5349,20426068.0
2024-02-26 08:00:00+00:00,0.5349,0.5407,0.5171,0.5299,20056885.0
2024-02-26 12:00:00+00:00,0.5299,0.5381,0.5253,0.5353,13643182.0
2024-02-26 16:00:00+00:00,0.5353,0.5431,0.5334,0.5412,7021256.0
2024-02-26 20:00:00+00:00,0.5412,0.5455,0.5366,0.5418,3776085.0
2024-02-27 00:00:00+00:00,0.5418,0.5548,0.5343,0.5385,10225234.0
2024-02-27 04:00:00+00:00,0.5385,0.5453,0.5369,0.5378,4083778.0
2024-02-27 08:00:00+00:00,0.5378,0.5573,0.5374,0.5491,6832439.0
2024-02-27 12:00:00+00:00,0.5491,0.5498,0.5332,0.5363,8585002.0
2024-02-27 16:00:00+00:00,0.5363,0.5696,0.532,0.557,14466354.0
2024-02-27 20:00:00+00:00,0.557,0.5675,0.552,0.563,5439813.0
2024-02-28 00:00:00+00:00,0.563,0.5789,0.5547,0.5556,10104642.0
2024-02-28 04:00:00+00:00,0.5556,0.5659,0.5552,0.5648,6833170.0
2024-02-28 08:00:00+00:00,0.5648,0.5737,0.5503,0.5594,16659136.0
2024-02-28 12:00:00+00:00,0.5594,0.5738,0.5591,0.565,9676771.0
2024-02-28 16:00:00+00:00,0.565,0.5857,0.477,0.5352,40543109.0
2024-02-28 20:00:00+00:00,0.5352,0.557,0.5304,0.5565,6713373.0
2024-02-29 00:00:00+00:00,0.5565,0.5694,0.5493,0.5694,6422436.0
2024-02-29 04:00:00+00:00,0.5694,0.5826,0.5654,0.5807,6656232.0
2024-02-29 08:00:00+00:00,0.5807,0.594,0.5795,0.5818,10674943.0
2024-02-29 12:00:00+00:00,0.5818,0.6092,0.5753,0.5982,14036437.0
2024-02-29 16:00:00+00:00,0.5982,0.6001,0.5758,0.5923,13245327.0
2024-02-29 20:00:00+00:00,0.5923,0.6167,0.5615,0.6091,17349024.0
2024-03-01 00:00:00+00:00,0.6091,0.6149,0.5886,0.6072,15844394.0
2024-03-01 04:00:00+00:00,0.6072,0.6316,0.6045,0.6115,13818594.0
2024-03-01 08:00:00+00:00,0.6115,0.6377,0.6105,0.6283,15501219.0
2024-03-01 12:00:00+00:00,0.6283,0.6693,0.6257,0.6468,23889005.0
2024-03-01 16:00:00+00:00,0.6468,0.6508,0.6371,0.6458,10579781.0
2024-03-01 20:00:00+00:00,0.6458,0.6725,0.6416,0.6652,10578128.0
2024-03-02 00:00:00+00:00,0.6652,0.693,0.664,0.6733,16762433.0
2024-03-02 04:00:00+00:00,0.6733,0.6773,0.6506,0.6746,13627491.0
2024-03-02 08:00:00+00:00,0.6746,0.6824,0.6533,0.6779,14998433.0
2024-03-02 12:00:00+00:00,0.6779,0.7094,0.6732,0.6898,15042043.0
2024-03-02 16:00:00+00:00,0.6898,0.6949,0.6734,0.6845,4695106.0
2024-03-02 20:00:00+00:00,0.6845,0.6956,0.6726,0.6923,4666920.0
2024-03-03 00:00:00+00:00,0.6923,0.7318,0.6721,0.7082,20146196.0
2024-03-03 04:00:00+00:00,0.7082,0.7124,0.5923,0.6517,36127491.0
2024-03-03 08:00:00+00:00,0.6517,0.6596,0.64,0.6566,12285240.0
2024-03-03 12:00:00+00:00,0.6566,0.6673,0.6541,0.6653,8198728.0
2024-03-03 16:00:00+00:00,0.6653,0.674,0.6607,0.6708,4813599.0
2024-03-03 20:00:00+00:00,0.6708,0.6813,0.6636,0.6748,3798921.0
2024-03-04 00:00:00+00:00,0.6748,0.6869,0.6623,0.6739,13309166.0
2024-03-04 04:00:00+00:00,0.6739,0.6976,0.6701,0.6898,7848499.0
2024-03-04 08:00:00+00:00,0.6898,0.716,0.6785,0.6939,16854054.0
2024-03-04 12:00:00+00:00,0.6939,0.7094,0.6762,0.6918,14010168.0
2024-03-04 16:00:00+00:00,0.6918,0.6935,0.655,0.6816,15218583.0
2024-03-04 20:00:00+00:00,0.6816,0.6932,0.6759,0.6901,4719266.0
2024-03-05 00:00:00+00:00,0.6901,0.6973,0.6719,0.6837,12874886.0
2024-03-05 04:00:00+00:00,0.6837,0.7048,0.6573,0.691,22689626.0
2024-03-05 08:00:00+00:00,0.691,0.7462,0.6797,0.7173,17322907.0
2024-03-05 12:00:00+00:00,0.7173,0.7264,0.6947,0.7127,20373385.0
2024-03-05 16:00:00+00:00,0.7127,0.721,0.5235,0.6007,48241617.0
2024-03-05 20:00:00+00:00,0.6007,0.6492,0.5876,0.6449,21738075.0
2024-03-06 00:00:00+00:00,0.6449,0.6478,0.6115,0.6281,9089543.0
2024-03-06 04:00:00+00:00,0.6281,0.6736,0.6278,0.6729,7754497.0
2024-03-06 08:00:00+00:00,0.6729,0.6836,0.6536,0.6745,9774476.0
2024-03-06 12:00:00+00:00,0.6745,0.6755,0.6325,0.6472,16516076.0
2024-03-06 16:00:00+00:00,0.6472,0.6637,0.6414,0.6575,5896924.0
2024-03-06 20:00:00+00:00,0.6575,0.6807,0.6556,0.6802,5235894.0
2024-03-07 00:00:00+00:00,0.6802,0.7079,0.6728,0.6909,11793625.0
2024-03-07 04:00:00+00:00,0.6909,0.701,0.6756,0.6926,9897450.0
2024-03-07 08:00:00+00:00,0.6926,0.7051,0.6872,0.6937,7058032.0
2024-03-07 12:00:00+00:00,0.6937,0.7116,0.6867,0.6946,9738863.0
2024-03-07 16:00:00+00:00,0.6946,0.7031,0.6839,0.7016,5244219.0
2024-03-07 20:00:00+00:00,0.7016,0.7083,0.6955,0.6973,5339286.0
2024-03-08 00:00:00+00:00,0.6973,0.7099,0.6843,0.6896,5208808.0
2024-03-08 04:00:00+00:00,0.6896,0.6987,0.6815,0.6881,3418757.0
2024-03-08 08:00:00+00:00,0.6881,0.6935,0.6848,0.6904,2162951.0
2024-03-08 12:00:00+00:00,0.6904,0.6923,0.6433,0.6654,16718465.0
2024-03-08 16:00:00+00:00,0.6654,0.6816,0.651,0.6735,13887552.0
2024-03-08 20:00:00+00:00,0.6735,0.689,0.6735,0.6867,5268961.0
2024-03-09 00:00:00+00:00,0.6867,0.7177,0.6802,0.7127,10385389.0
2024-03-09 04:00:00+00:00,0.7127,0.7135,0.6995,0.7052,5926674.0
2024-03-09 08:00:00+00:00,0.7052,0.7496,0.7006,0.7484,23334200.0
2024-03-09 12:00:00+00:00,0.7484,0.7684,0.7394,0.7658,19277135.0
2024-03-09 16:00:00+00:00,0.7658,0.7794,0.7414,0.7669,17973964.0
2024-03-09 20:00:00+00:00,0.7669,0.7743,0.7517,0.7553,9943950.0
2024-03-10 00:00:00+00:00,0.7553,0.8065,0.7536,0.7875,24544067.0
2024-03-10 04:00:00+00:00,0.7875,0.8066,0.7753,0.7826,15614955.0
2024-03-10 08:00:00+00:00,0.7826,0.8284,0.7752,0.8038,37542395.0
2024-03-10 12:00:00+00:00,0.8038,0.8108,0.7684,0.7938,21317992.0
2024-03-10 16:00:00+00:00,0.7938,0.8171,0.7874,0.7939,26251756.0
2024-03-10 20:00:00+00:00,0.7939,0.806,0.7762,0.7828,12930361.0
2024-03-11 00:00:00+00:00,0.7828,0.7839,0.726,0.7582,20997349.0
2024-03-11 04:00:00+00:00,0.7582,0.7758,0.7478,0.7683,12721807.0
2024-03-11 08:00:00+00:00,0.7683,0.7881,0.7682,0.7767,10310668.0
2024-03-11 12:00:00+00:00,0.7767,0.795,0.7694,0.7764,11837922.0
2024-03-11 16:00:00+00:00,0.7764,0.7848,0.7597,0.7728,9649203.0
2024-03-11 20:00:00+00:00,0.7728,0.7975,0.7714,0.7932,5492651.0
2024-03-12 00:00:00+00:00,0.7932,0.8137,0.7697,0.7717,11819092.0
2024-03-12 04:00:00+00:00,0.7717,0.777,0.7526,0.7615,10768111.0
2024-03-12 08:00:00+00:00,0.7615,0.7641,0.7371,0.7498,9433325.0
2024-03-12 12:00:00+00:00,0.7498,0.7638,0.7394,0.7602,13292576.0
2024-03-12 16:00:00+00:00,0.7602,0.7651,0.7061,0.7594,24164295.0
2024-03-12 20:00:00+00:00,0.7594,0.769,0.7457,0.7665,4703984.0
2024-03-13 00:00:00+00:00,0.7665,0.768,0.7574,0.765,3899016.0
2024-03-13 04:00:00+00:00,0.765,0.7811,0.7621,0.7767,4725824.0
2024-03-13 08:00:00+00:00,0.7767,0.7775,0.7612,0.7628,5618125.0
2024-03-13 12:00:00+00:00,0.7628,0.7665,0.7358,0.7459,10048603.0
2024-03-13 16:00:00+00:00,0.7459,0.7585,0.743,0.7548,3162795.0
2024-03-13 20:00:00+00:00,0.7548,0.7652,0.7482,0.7614,2651464.0
2024-03-14 00:00:00+00:00,0.7614,0.7621,0.747,0.7517,3646060.0
2024-03-14 04:00:00+00:00,0.7517,0.7549,0.7387,0.7499,5259179.0
2024-03-14 08:00:00+00:00,0.7499,0.7678,0.7456,0.7543,7937120.0
2024-03-14 12:00:00+00:00,0.7543,0.76,0.7135,0.7215,17999300.0
2024-03-14 16:00:00+00:00,0.7215,0.7357,0.6909,0.708,16461803.0
2024-03-14 20:00:00+00:00,0.708,0.7413,0.7075,0.7375,4944747.0
2024-03-15 00:00:00+00:00,0.7375,0.7452,0.656,0.6883,21971147.0
2024-03-15 04:00:00+00:00,0.6883,0.6948,0.6708,0.6887,10157347.0
2024-03-15 08:00:00+00:00,0.6887,0.6895,0.6312,0.6639,24535338.0
2024-03-15 12:00:00+00:00,0.6639,0.6791,0.6592,0.6696,9391206.0
2024-03-15 16:00:00+00:00,0.6696,0.6962,0.661,0.6763,10183452.0
2024-03-15 20:00:00+00:00,0.6763,0.6874,0.6572,0.6845,7015904.0
2024-03-16 00:00:00+00:00,0.6845,0.6895,0.6765,0.6892,4889074.0
2024-03-16 04:00:00+00:00,0.6892,0.7058,0.6724,0.7044,6104975.0
2024-03-16 08:00:00+00:00,0.7044,0.7091,0.6748,0.6827,8758869.0
2024-03-16 12:00:00+00:00,0.6827,0.6835,0.6507,0.6665,8913711.0
2024-03-16 16:00:00+00:00,0.6665,0.6665,0.6148,0.6251,14017441.0
2024-03-16 20:00:00+00:00,0.6251,0.6383,0.6106,0.6282,7939686.0
2024-03-17 00:00:00+00:00,0.6282,0.6414,0.6143,0.6398,6338362.0
2024-03-17 04:00:00+00:00,0.6398,0.64,0.5933,0.6136,9114746.0
2024-03-17 08:00:00+00:00,0.6136,0.6407,0.6103,0.6331,4944629.0
2024-03-17 12:00:00+00:00,0.6331,0.6476,0.622,0.6446,4728491.0
2024-03-17 16:00:00+00:00,0.6446,0.6508,0.6396,0.6503,3520366.0
2024-03-17 20:00:00+00:00,0.6503,0.6582,0.6453,0.65,2199045.0
2024-03-18 00:00:00+00:00,0.65,0.65,0.6229,0.6397,4830141.0
2024-03-18 04:00:00+00:00,0.6397,0.654,0.6335,0.644,2463859.0
2024-03-18 08:00:00+00:00,0.644,0.6462,0.6267,0.6397,4832470.0
2024-03-18 12:00:00+00:00,0.6397,0.6427,0.6058,0.6175,9200585.0
2024-03-18 16:00:00+00:00,0.6175,0.6237,0.5994,0.6041,8315149.0
2024-03-18 20:00:00+00:00,0.6041,0.6236,0.6041,0.6157,3022269.0
2024-03-19 00:00:00+00:00,0.6157,0.6219,0.5759,0.5926,12873417.0
2024-03-19 04:00:00+00:00,0.5926,0.5962,0.5504,0.5804,14177181.0
2024-03-19 08:00:00+00:00,0.5804,0.5806,0.5461,0.576,17622717.0
2024-03-19 12:00:00+00:00,0.576,0.5985,0.5689,0.5973,12648660.0
2024-03-19 16:00:00+00:00,0.5973,0.6057,0.592,0.5996,7028253.0
2024-03-19 20:00:00+00:00,0.5996,0.6006,0.5558,0.5689,10217645.0
2024-03-20 00:00:00+00:00,0.5689,0.5867,0.562,0.5676,7524115.0
2024-03-20 04:00:00+00:00,0.5676,0.592,0.5442,0.5892,11150345.0
2024-03-20 08:00:00+00:00,0.5892,0.6013,0.5815,0.601,7324288.0
2024-03-20 12:00:00+00:00,0.601,0.6108,0.5929,0.5963,8157374.0
2024-03-20 16:00:00+00:00,0.5963,0.6391,0.5711,0.6359,15931172.0
2024-03-20 20:00:00+00:00,0.6359,0.65,0.6329,0.646,6174641.0
2024-03-21 00:00:00+00:00,0.646,0.6542,0.6367,0.6406,7539672.0
2024-03-21 04:00:00+00:00,0.6406,0.6474,0.6264,0.6394,7675873.0
2024-03-21 08:00:00+00:00,0.6394,0.6485,0.639,0.6468,7544144.0
2024-03-21 12:00:00+00:00,0.6468,0.6531,0.6347,0.6406,9150375.0
2024-03-21 16:00:00+00:00,0.6406,0.659,0.6238,0.6413,8745974.0
2024-03-21 20:00:00+00:00,0.6413,0.6498,0.6318,0.6376,3829797.0
2024-03-22 00:00:00+00:00,0.6376,0.6511,0.6221,0.6494,5773865.0
2024-03-22 04:00:00+00:00,0.6494,0.6602,0.6417,0.6575,4748949.0
2024-03-22 08:00:00+00:00,0.6575,0.6683,0.6395,0.6443,11496791.0
2024-03-22 12:00:00+00:00,0.6443,0.6608,0.6204,0.6471,17487355.0
2024-03-22 16:00:00+00:00,0.6471,0.6517,0.6287,0.6479,6927608.0
2024-03-22 20:00:00+00:00,0.6479,0.6509,0.629,0.6506,5601596.0
2024-03-23 00:00:00+00:00,0.6506,0.6684,0.6419,0.6507,6948481.0
2024-03-23 04:00:00+00:00,0.6507,0.6869,0.6491,0.6842,12820080.0
2024-03-23 08:00:00+00:00,0.6842,0.6891,0.6648,0.6679,8946266.0
2024-03-23 12:00:00+00:00,0.6679,0.6908,0.6645,0.6888,8246996.0
2024-03-23 16:00:00+00:00,0.6888,0.6901,0.6751,0.6776,4598943.0
2024-03-23 20:00:00+00:00,0.6776,0.6875,0.6686,0.6697,4037228.0
2024-03-24 00:00:00+00:00,0.6697,0.6834,0.6605,0.6607,7256224.0
2024-03-24 04:00:00+00:00,0.6607,0.6657,0.6541,0.6638,3767544.0
2024-03-24 08:00:00+00:00,0.6638,0.6734,0.6622,0.6676,3640055.0
2024-03-24 12:00:00+00:00,0.6676,0.6752,0.6639,0.6696,3417908.0
2024-03-24 16:00:00+00:00,0.6696,0.6753,0.6579,0.6734,3416849.0
2024-03-24 20:00:00+00:00,0.6734,0.6858,0.6711,0.6832,2965735.0
2024-03-25 00:00:00+00:00,0.6832,0.6948,0.6768,0.6812,6077932.0
2024-03-25 04:00:00+00:00,0.6812,0.682,0.6682,0.6698,3780194.0
2024-03-25 08:00:00+00:00,0.6698,0.6801,0.6663,0.6685,3422850.0
2024-03-25 12:00:00+00:00,0.6685,0.6962,0.6654,0.693,8720712.0
2024-03-25 16:00:00+00:00,0.693,0.7044,0.6893,0.7041,4048082.0
2024-03-25 20:00:00+00:00,0.7041,0.7048,0.6882,0.6951,3017867.0
2024-03-26 00:00:00+00:00,0.6951,0.714,0.6934,0.7125,4933181.0
2024-03-26 04:00:00+00:00,0.7125,0.7167,0.706,0.7083,5051108.0
2024-03-26 08:00:00+00:00,0.7083,0.7249,0.7042,0.7139,7141730.0
2024-03-26 12:00:00+00:00,0.7139,0.714,0.686,0.7008,8040021.0
2024-03-26 16:00:00+00:00,0.7008,0.7278,0.6939,0.7115,10061196.0
2024-03-26 20:00:00+00:00,0.7115,0.7291,0.7111,0.722,5426807.0
2024-03-27 00:00:00+00:00,0.722,0.7382,0.7145,0.7161,8209190.0
2024-03-27 04:00:00+00:00,0.7161,0.7212,0.694,0.6983,6652607.0
2024-03-27 08:00:00+00:00,0.6983,0.7071,0.6845,0.7056,5991751.0
2024-03-27 12:00:00+00:00,0.7056,0.7162,0.6729,0.6829,19541168.0
2024-03-27 16:00:00+00:00,0.6829,0.6937,0.6751,0.6818,4534571.0
2024-03-27 20:00:00+00:00,0.6818,0.689,0.6809,0.6842,1894787.0
2024-03-28 00:00:00+00:00,0.6842,0.6923,0.6701,0.6777,3651092.0
2024-03-28 04:00:00+00:00,0.6777,0.7002,0.6771,0.6983,2314749.0
2024-03-28 08:00:00+00:00,0.6983,0.7059,0.6906,0.6952,3827782.0
2024-03-28 12:00:00+00:00,0.6952,0.6975,0.6823,0.6941,4565974.0
2024-03-28 16:00:00+00:00,0.6941,0.6954,0.687,0.6891,2828435.0
2024-03-28 20:00:00+00:00,0.6891,0.7015,0.6882,0.697,1889052.0
2024-03-29 00:00:00+00:00,0.697,0.7003,0.684,0.694,2854932.0
2024-03-29 04:00:00+00:00,0.694,0.7115,0.6866,0.6907,4781368.0
2024-03-29 08:00:00+00:00,0.6907,0.7106,0.6899,0.7091,4850944.0
2024-03-29 12:00:00+00:00,0.7091,0.7188,0.6933,0.7011,7324300.0
2024-03-29 16:00:00+00:00,0.7011,0.7135,0.7011,0.7069,4521985.0
2024-03-29 20:00:00+00:00,0.7069,0.7167,0.6963,0.7151,2466798.0
2024-03-30 00:00:00+00:00,0.7151,0.7242,0.7037,0.706,5376985.0
2024-03-30 04:00:00+00:00,0.706,0.7141,0.6971,0.6972,2212302.0
2024-03-30 08:00:00+00:00,0.6972,0.7047,0.6944,0.7044,2706877.0
2024-03-30 12:00:00+00:00,0.7044,0.7106,0.6969,0.7086,2745911.0
2024-03-30 16:00:00+00:00,0.7086,0.7123,0.6992,0.7097,3344006.0
2024-03-30 20:00:00+00:00,0.7097,0.7106,0.6885,0.6944,2809986.0
2024-03-31 00:00:00+00:00,0.6944,0.7009,0.6902,0.6942,2000409.0
2024-03-31 04:00:00+00:00,0.6942,0.7068,0.6907,0.7036,2052359.0
2024-03-31 08:00:00+00:00,0.7036,0.7055,0.7001,0.7025,1188618.0
2024-03-31 12:00:00+00:00,0.7025,0.7053,0.6974,0.7011,1522640.0
2024-03-31 16:00:00+00:00,0.7011,0.7033,0.6942,0.7007,1724399.0
2024-03-31 20:00:00+00:00,0.7007,0.7042,0.691,0.7035,2086633.0
2024-04-01 00:00:00+00:00,0.7035,0.7089,0.6989,0.699,2902544.0
2024-04-01 04:00:00+00:00,0.699,0.7004,0.6467,0.6708,18358993.0
2024-04-01 08:00:00+00:00,0.6708,0.6708,0.6569,0.6615,4364645.0
2024-04-01 12:00:00+00:00,0.6615,0.6718,0.6432,0.6466,7963408.0
2024-04-01 16:00:00+00:00,0.6466,0.6577,0.6402,0.6576,3581200.0
2024-04-01 20:00:00+00:00,0.6576,0.663,0.6545,0.661,1536531.0
2024-04-02 00:00:00+00:00,0.661,0.661,0.612,0.6278,11722163.0
2024-04-02 04:00:00+00:00,0.6278,0.6353,0.6211,0.6256,3083672.0
2024-04-02 08:00:00+00:00,0.6256,0.6275,0.6067,0.6173,7688659.0
2024-04-02 12:00:00+00:00,0.6173,0.6225,0.6032,0.6051,5058860.0
2024-04-02 16:00:00+00:00,0.6051,0.6156,0.6017,0.6134,2809234.0
2024-04-02 20:00:00+00:00,0.6134,0.6163,0.6056,0.6072,1626347.0
2024-04-03 00:00:00+00:00,0.6072,0.618,0.5859,0.6152,6163594.0
2024-04-03 04:00:00+00:00,0.6152,0.6196,0.6112,0.6155,4876933.0
2024-04-03 08:00:00+00:00,0.6155,0.6227,0.6063,0.6089,6988275.0
2024-04-03 12:00:00+00:00,0.6089,0.6127,0.5988,0.6006,4210531.0
2024-04-03 16:00:00+00:00,0.6006,0.6079,0.5895,0.5947,3232629.0
2024-04-03 20:00:00+00:00,0.5947,0.5975,0.5829,0.5942,2672807.0
2024-04-04 00:00:00+00:00,0.5942,0.6028,0.5867,0.5892,3210354.0
2024-04-04 04:00:00+00:00,0.5892,0.6039,0.5818,0.6012,2942139.0
2024-04-04 08:00:00+00:00,0.6012,0.6069,0.5987,0.6021,3665431.0
2024-04-04 12:00:00+00:00,0.6021,0.6155,0.602,0.6106,3259176.0
2024-04-04 16:00:00+00:00,0.6106,0.6191,0.6081,0.6096,2747806.0
2024-04-04 20:00:00+00:00,0.6096,0.6101,0.5963,0.608,3541310.0
2024-04-05 00:00:00+00:00,0.608,0.6099,0.593,0.6042,2719054.0
2024-04-05 04:00:00+00:00,0.6042,0.6043,0.5868,0.5976,3313472.0
2024-04-05 08:00:00+00:00,0.5976,0.6027,0.5829,0.584,4495439.0
2024-04-05 12:00:00+00:00,0.584,0.6071,0.5785,0.607,14731746.0
2024-04-05 16:00:00+00:00,0.607,0.6089,0.601,0.6051,1634980.0
2024-04-05 20:00:00+00:00,0.6051,0.6092,0.6015,0.602,1122179.0
2024-04-06 00:00:00+00:00,0.602,0.6079,0.5996,0.6059,1945205.0
2024-04-06 04:00:00+00:00,0.6059,0.6086,0.6028,0.6062,1050001.0
2024-04-06 08:00:00+00:00,0.6062,0.6092,0.6014,0.6034,1274391.0
2024-04-06 12:00:00+00:00,0.6034,0.608,0.5985,0.6064,2465427.0
2024-04-06 16:00:00+00:00,0.6064,0.611,0.6046,0.6072,1780872.0
2024-04-06 20:00:00+00:00,0.6072,0.6151,0.6057,0.6108,1638995.0
2024-04-07 00:00:00+00:00,0.6108,0.6194,0.6084,0.6156,1325267.0
2024-04-07 04:00:00+00:00,0.6156,0.6193,0.6126,0.6177,3285126.0
2024-04-07 08:00:00+00:00,0.6177,0.6199,0.6144,0.6191,3147317.0
2024-04-07 12:00:00+00:00,0.6191,0.624,0.6169,0.6183,3521660.0
2024-04-07 16:00:00+00:00,0.6183,0.623,0.6092,0.6112,2683358.0
2024-04-07 20:00:00+00:00,0.6112,0.6173,0.608,0.6169,2782225.0
2024-04-08 00:00:00+00:00,0.6169,0.6192,0.605,0.609,2163689.0
2024-04-08 04:00:00+00:00,0.609,0.6298,0.606,0.6268,3616001.0
2024-04-08 08:00:00+00:00,0.6268,0.643,0.6261,0.6429,7536097.0
2024-04-08 12:00:00+00:00,0.6429,0.654,0.6419,0.6488,6802057.0
2024-04-08 16:00:00+00:00,0.6488,0.6522,0.6464,0.6495,2172376.0
2024-04-08 20:00:00+00:00,0.6495,0.6546,0.6486,0.6497,1377114.0
2024-04-09 00:00:00+00:00,0.6497,0.6522,0.6379,0.6424,4942915.0
2024-04-09 04:00:00+00:00,0.6424,0.6494,0.6311,0.6341,6133524.0
2024-04-09 08:00:00+00:00,0.6341,0.6483,0.6239,0.6479,10324245.0
2024-04-09 12:00:00+00:00,0.6479,0.6496,0.6185,0.6333,12970571.0
2024-04-09 16:00:00+00:00,0.6333,0.6371,0.6205,0.6307,6782510.0
2024-04-09 20:00:00+00:00,0.6307,0.6357,0.6194,0.6217,1394339.0
2024-04-10 00:00:00+00:00,0.6217,0.6302,0.603,0.6149,5626942.0
2024-04-10 04:00:00+00:00,0.6149,0.6198,0.6117,0.613,1890516.0
2024-04-10 08:00:00+00:00,0.613,0.6155,0.6019,0.6075,4285830.0
2024-04-10 12:00:00+00:00,0.6075,0.609,0.5817,0.5975,14009884.0
2024-04-10 16:00:00+00:00,0.5975,0.6107,0.5953,0.6087,3700826.0
2024-04-10 20:00:00+00:00,0.6087,0.6153,0.6034,0.6113,2713150.0
2024-04-11 00:00:00+00:00,0.6113,0.6151,0.6077,0.6143,1873520.0
2024-04-11 04:00:00+00:00,0.6143,0.629,0.6122,0.6268,3257035.0
2024-04-11 08:00:00+00:00,0.6268,0.6302,0.6103,0.6121,3176450.0
2024-04-11 12:00:00+00:00,0.6121,0.6203,0.604,0.6103,6962836.0
2024-04-11 16:00:00+00:00,0.6103,0.6125,0.6018,0.6107,2681421.0
2024-04-11 20:00:00+00:00,0.6107,0.6142,0.6063,0.6101,2264260.0
2024-04-12 00:00:00+00:00,0.6101,0.6216,0.6091,0.6194,1864866.0
2024-04-12 04:00:00+00:00,0.6194,0.6238,0.6118,0.615,2494701.0
2024-04-12 08:00:00+00:00,0.615,0.6189,0.6093,0.6158,2687819.0
2024-04-12 12:00:00+00:00,0.6158,0.6161,0.5882,0.5927,4622664.0
2024-04-12 16:00:00+00:00,0.5927,0.5931,0.4483,0.5022,56089635.0
2024-04-12 20:00:00+00:00,0.5022,0.516,0.5002,0.5121,7537830.0
2024-04-13 00:00:00+00:00,0.5121,0.5123,0.4822,0.4995,9335691.0
2024-04-13 04:00:00+00:00,0.4995,0.5084,0.496,0.5008,5472267.0
2024-04-13 08:00:00+00:00,0.5008,0.5037,0.4947,0.4954,4279766.0
2024-04-13 12:00:00+00:00,0.4954,0.5001,0.4861,0.4866,7392498.0
2024-04-13 16:00:00+00:00,0.4866,0.4886,0.4034,0.4219,43327474.0
2024-04-13 20:00:00+00:00,0.4219,0.4263,0.35,0.4147,78275411.0
2024-04-14 00:00:00+00:00,0.4147,0.4156,0.3958,0.4075,20192521.0
2024-04-14 04:00:00+00:00,0.4075,0.4353,0.4047,0.4351,10153861.0
2024-04-14 08:00:00+00:00,0.4351,0.4389,0.4207,0.4237,10023420.0
2024-04-14 12:00:00+00:00,0.4237,0.4345,0.4174,0.4277,10594946.0
2024-04-14 16:00:00+00:00,0.4277,0.4384,0.4119,0.4295,20643230.0
2024-04-14 20:00:00+00:00,0.4295,0.4496,0.4213,0.4443,11056478.0
2024-04-15 00:00:00+00:00,0.4443,0.4449,0.4336,0.4377,9243005.0
2024-04-15 04:00:00+00:00,0.4377,0.4646,0.4311,0.4603,8412206.0
2024-04-15 08:00:00+00:00,0.4603,0.4705,0.4554,0.459,5426130.0
2024-04-15 12:00:00+00:00,0.459,0.4658,0.438,0.4459,12468415.0
2024-04-15 16:00:00+00:00,0.4459,0.4484,0.4121,0.432,13774517.0
2024-04-15 20:00:00+00:00,0.432,0.4345,0.4194,0.43,2791008.0
2024-04-16 00:00:00+00:00,0.43,0.4353,0.4191,0.4225,4964958.0
2024-04-16 04:00:00+00:00,0.4225,0.4407,0.409,0.4375,7800273.0
2024-04-16 08:00:00+00:00,0.4375,0.4378,0.4166,0.4339,8808560.0
2024-04-16 12:00:00+00:00,0.4339,0.4341,0.4121,0.4133,7729049.0
2024-04-16 16:00:00+00:00,0.4133,0.4308,0.4107,0.4253,5573817.0
2024-04-16 20:00:00+00:00,0.4253,0.4392,0.4246,0.4357,2265577.0
2024-04-17 00:00:00+00:00,0.4357,0.4391,0.429,0.4338,2584808.0
2024-04-17 04:00:00+00:00,0.4338,0.4404,0.4304,0.4351,2825339.0
2024-04-17 08:00:00+00:00,0.4351,0.438,0.4234,0.4243,3674114.0
2024-04-17 12:00:00+00:00,0.4243,0.4301,0.4118,0.4144,12708652.0
2024-04-17 16:00:00+00:00,0.4144,0.4452,0.4094,0.4353,11579537.0
2024-04-17 20:00:00+00:00,0.4353,0.4396,0.4271,0.4291,3011645.0
2024-04-18 00:00:00+00:00,0.4291,0.4377,0.4187,0.433,3866839.0
2024-04-18 04:00:00+00:00,0.433,0.4358,0.4183,0.4219,5413792.0
2024-04-18 08:00:00+00:00,0.4219,0.4389,0.417,0.4344,7232064.0
2024-04-18 12:00:00+00:00,0.4344,0.4435,0.4239,0.4401,8666640.0
2024-04-18 16:00:00+00:00,0.4401,0.4419,0.4272,0.4389,6586968.0
2024-04-18 20:00:00+00:00,0.4389,0.4426,0.4365,0.4393,1445222.0
2024-04-19 00:00:00+00:00,0.4393,0.4394,0.4022,0.4215,9143910.0
2024-04-19 04:00:00+00:00,0.4215,0.4484,0.421,0.4416,7484776.0
2024-04-19 08:00:00+00:00,0.4416,0.4505,0.4395,0.4464,6097010.0
2024-04-19 12:00:00+00:00,0.4464,0.4504,0.4408,0.4478,3213468.0
2024-04-19 16:00:00+00:00,0.4478,0.4512,0.4416,0.4487,2916110.0
2024-04-19 20:00:00+00:00,0.4487,0.4488,0.434,0.441,2794825.0
2024-04-20 00:00:00+00:00,0.441,0.4501,0.4351,0.4477,3575439.0
2024-04-20 04:00:00+00:00,0.4477,0.4553,0.4469,0.4541,1949858.0
2024-04-20 08:00:00+00:00,0.4541,0.4575,0.4484,0.4536,2487501.0
2024-04-20 12:00:00+00:00,0.4536,0.466,0.4514,0.4656,3928619.0
2024-04-20 16:00:00+00:00,0.4656,0.4848,0.4624,0.4819,6755869.0
2024-04-20 20:00:00+00:00,0.4819,0.4841,0.4792,0.4825,1815412.0
2024-04-21 00:00:00+00:00,0.4825,0.4929,0.4762,0.487,3568854.0
2024-04-21 04:00:00+00:00,0.487,0.4899,0.482,0.4855,2409235.0
2024-04-21 08:00:00+00:00,0.4855,0.4878,0.4788,0.4829,1634019.0
2024-04-21 12:00:00+00:00,0.4829,0.4834,0.4738,0.4793,2085176.0
2024-04-21 16:00:00+00:00,0.4793,0.4801,0.4671,0.4727,5207936.0
2024-04-21 20:00:00+00:00,0.4727,0.4802,0.4703,0.4744,4445941.0
2024-04-22 00:00:00+00:00,0.4744,0.4888,0.4703,0.4863,4305384.0
2024-04-22 04:00:00+00:00,0.4863,0.4949,0.4852,0.4858,2731392.0
2024-04-22 08:00:00+00:00,0.4858,0.4907,0.4828,0.487,2103651.0
2024-04-22 12:00:00+00:00,0.487,0.4912,0.4821,0.4891,2160466.0
2024-04-22 16:00:00+00:00,0.4891,0.4936,0.4845,0.4907,1452705.0
2024-04-22 20:00:00+00:00,0.4907,0.4961,0.4897,0.4907,1232485.0
2024-04-23 00:00:00+00:00,0.4907,0.4936,0.4814,0.4839,2205301.0
2024-04-23 04:00:00+00:00,0.4839,0.4877,0.4779,0.4807,4403632.0
2024-04-23 08:00:00+00:00,0.4807,0.4864,0.4788,0.482,4613197.0
2024-04-23 12:00:00+00:00,0.482,0.4925,0.4802,0.4889,3071166.0
2024-04-23 16:00:00+00:00,0.4889,0.4923,0.4838,0.4921,4287646.0
2024-04-23 20:00:00+00:00,0.4921,0.4936,0.4855,0.4886,3332265.0
2024-04-24 00:00:00+00:00,0.4886,0.4974,0.4845,0.4896,4029412.0
2024-04-24 04:00:00+00:00,0.4896,0.5053,0.489,0.5002,6112488.0
2024-04-24 08:00:00+00:00,0.5002,0.5059,0.4919,0.5043,5687135.0
2024-04-24 12:00:00+00:00,0.5043,0.5055,0.4715,0.4729,11007468.0
2024-04-24 16:00:00+00:00,0.4729,0.4765,0.4622,0.4699,5824064.0
2024-04-24 20:00:00+00:00,0.4699,0.4712,0.4577,0.4635,3164273.0
2024-04-25 00:00:00+00:00,0.4635,0.4682,0.4564,0.4592,3148719.0
2024-04-25 04:00:00+00:00,0.4592,0.4633,0.4508,0.4557,2781342.0
2024-04-25 08:00:00+00:00,0.4557,0.4595,0.4477,0.4545,3987665.0
2024-04-25 12:00:00+00:00,0.4545,0.4635,0.4443,0.4629,5758926.0
2024-04-25 16:00:00+00:00,0.4629,0.4694,0.4612,0.4684,3121149.0
2024-04-25 20:00:00+00:00,0.4684,0.4715,0.4617,0.4628,1502249.0
2024-04-26 00:00:00+00:00,0.4628,0.4651,0.4508,0.4604,3364060.0
2024-04-26 04:00:00+00:00,0.4604,0.4665,0.458,0.4592,2325976.0
2024-04-26 08:00:00+00:00,0.4592,0.463,0.4533,0.4558,3673121.0
2024-04-26 12:00:00+00:00,0.4558,0.4641,0.4481,0.4553,4804089.0
2024-04-26 16:00:00+00:00,0.4553,0.4595,0.4531,0.458,1421629.0
2024-04-26 20:00:00+00:00,0.458,0.4629,0.4531,0.4547,1523244.0
2024-04-27 00:00:00+00:00,0.4547,0.4571,0.4352,0.4517,5629245.0
2024-04-27 04:00:00+00:00,0.4517,0.4551,0.4481,0.4484,1109626.0
2024-04-27 08:00:00+00:00,0.4484,0.4529,0.4441,0.4454,1505275.0
2024-04-27 12:00:00+00:00,0.4454,0.4536,0.4444,0.4472,1496091.0
2024-04-27 16:00:00+00:00,0.4472,0.4628,0.4448,0.4549,4028076.0
2024-04-27 20:00:00+00:00,0.4549,0.4578,0.4525,0.456,3151951.0
2024-04-28 00:00:00+00:00,0.456,0.467,0.4555,0.4636,2370491.0
2024-04-28 04:00:00+00:00,0.4636,0.466,0.46,0.4636,2372371.0
2024-04-28 08:00:00+00:00,0.4636,0.4642,0.4534,0.4545,2962695.0
2024-04-28 12:00:00+00:00,0.4545,0.4609,0.4535,0.4597,2559297.0
2024-04-28 16:00:00+00:00,0.4597,0.4633,0.4585,0.4593,1410996.0
2024-04-28 20:00:00+00:00,0.4593,0.4599,0.4457,0.4479,4839707.0
2024-04-29 00:00:00+00:00,0.4479,0.4527,0.4402,0.4405,2496912.0
2024-04-29 04:00:00+00:00,0.4405,0.4445,0.4316,0.4364,3734152.0
2024-04-29 08:00:00+00:00,0.4364,0.4391,0.4308,0.4341,2208289.0
2024-04-29 12:00:00+00:00,0.4341,0.4424,0.4306,0.4423,2443154.0
2024-04-29 16:00:00+00:00,0.4423,0.4432,0.4339,0.4375,1429936.0
2024-04-29 20:00:00+00:00,0.4375,0.4469,0.4314,0.4431,1996867.0
2024-04-30 00:00:00+00:00,0.4431,0.4483,0.4333,0.4436,2053590.0
2024-04-30 04:00:00+00:00,0.4436,0.444,0.4381,0.4393,1090721.0
2024-04-30 08:00:00+00:00,0.4393,0.4405,0.4162,0.4181,6588675.0
2024-04-30 12:00:00+00:00,0.4181,0.4204,0.4094,0.4126,7939978.0
2024-04-30 16:00:00+00:00,0.4126,0.4126,0.4008,0.4056,8085639.0
2024-04-30 20:00:00+00:00,0.4056,0.4212,0.4056,0.4178,2180832.0
2024-05-01 00:00:00+00:00,0.4178,0.4196,0.4108,0.4192,2543990.0
2024-05-01 04:00:00+00:00,0.4192,0.4209,0.4019,0.4055,6258490.0
2024-05-01 08:00:00+00:00,0.4055,0.4109,0.3954,0.4109,4573754.0
2024-05-01 12:00:00+00:00,0.4109,0.4164,0.4032,0.4074,3563590.0
2024-05-01 16:00:00+00:00,0.4074,0.4298,0.4041,0.4153,8251007.0
2024-05-01 20:00:00+00:00,0.4153,0.4252,0.4123,0.4236,2156810.0
2024-05-02 00:00:00+00:00,0.4236,0.4249,0.4114,0.4202,3436408.0
2024-05-02 04:00:00+00:00,0.4202,0.4219,0.4169,0.4196,1406284.0
2024-05-02 08:00:00+00:00,0.4196,0.4328,0.4182,0.4318,3617256.0
2024-05-02 12:00:00+00:00,0.4318,0.4355,0.4251,0.4336,3851268.0
2024-05-02 16:00:00+00:00,0.4336,0.4375,0.4306,0.4368,1287598.0
2024-05-02 20:00:00+00:00,0.4368,0.4389,0.431,0.4336,2652269.0
2024-05-03 00:00:00+00:00,0.4336,0.4412,0.4312,0.4366,1869662.0
2024-05-03 04:00:00+00:00,0.4366,0.4372,0.4292,0.4302,1946454.0
2024-05-03 08:00:00+00:00,0.4302,0.4345,0.4275,0.4315,1981989.0
2024-05-03 12:00:00+00:00,0.4315,0.4496,0.4306,0.4484,5331098.0
2024-05-03 16:00:00+00:00,0.4484,0.4519,0.4472,0.45,1291862.0
2024-05-03 20:00:00+00:00,0.45,0.4545,0.4492,0.4505,1948346.0
2024-05-04 00:00:00+00:00,0.4505,0.4544,0.4461,0.4495,1625818.0
2024-05-04 04:00:00+00:00,0.4495,0.4518,0.4459,0.4464,1003056.0
2024-05-04 08:00:00+00:00,0.4464,0.4555,0.4456,0.4502,3358716.0
2024-05-04 12:00:00+00:00,0.4502,0.4542,0.4463,0.4537,1637906.0
2024-05-04 16:00:00+00:00,0.4537,0.4545,0.4476,0.4539,2171204.0
2024-05-04 20:00:00+00:00,0.4539,0.4551,0.4471,0.449,1751970.0
2024-05-05 00:00:00+00:00,0.449,0.4502,0.4416,0.4441,2064158.0
2024-05-05 04:00:00+00:00,0.4441,0.4464,0.4406,0.4455,1520526.0
2024-05-05 08:00:00+00:00,0.4455,0.4493,0.4445,0.4457,1000911.0
2024-05-05 12:00:00+00:00,0.4457,0.4568,0.4431,0.4563,3455019.0
2024-05-05 16:00:00+00:00,0.4563,0.4579,0.4495,0.4508,2357426.0
2024-05-05 20:00:00+00:00,0.4508,0.4524,0.4486,0.4512,1545298.0
2024-05-06 00:00:00+00:00,0.4512,0.4563,0.4465,0.4491,1769647.0
2024-05-06 04:00:00+00:00,0.4491,0.4598,0.4479,0.4595,2561336.0
2024-05-06 08:00:00+00:00,0.4595,0.4704,0.4546,0.4616,6057755.0
2024-05-06 12:00:00+00:00,0.4616,0.462,0.4435,0.4521,5868348.0
2024-05-06 16:00:00+00:00,0.4521,0.453,0.4429,0.447,4486218.0
2024-05-06 20:00:00+00:00,0.447,0.4491,0.442,0.4423,1710201.0
2024-05-07 00:00:00+00:00,0.4423,0.4455,0.4323,0.4369,3614535.0
2024-05-07 04:00:00+00:00,0.4369,0.4401,0.4354,0.439,1884292.0
2024-05-07 08:00:00+00:00,0.439,0.4471,0.4379,0.4389,3007572.0
2024-05-07 12:00:00+00:00,0.4389,0.4474,0.4372,0.4437,2948835.0
2024-05-07 16:00:00+00:00,0.4437,0.4453,0.4371,0.4389,1839021.0
2024-05-07 20:00:00+00:00,0.4389,0.4435,0.4301,0.4325,3051930.0
2024-05-08 00:00:00+00:00,0.4325,0.4343,0.426,0.4328,1704776.0
2024-05-08 04:00:00+00:00,0.4328,0.4334,0.4233,0.4263,3405205.0
2024-05-08 08:00:00+00:00,0.4263,0.4295,0.4246,0.4262,1375828.0
2024-05-08 12:00:00+00:00,0.4262,0.4381,0.4225,0.4352,2807782.0
2024-05-08 16:00:00+00:00,0.4352,0.4391,0.4312,0.4356,1687138.0
2024-05-08 20:00:00+00:00,0.4356,0.4381,0.4278,0.4305,2571754.0
2024-05-09 00:00:00+00:00,0.4305,0.4357,0.4277,0.4348,1188842.0
2024-05-09 04:00:00+00:00,0.4348,0.4367,0.4282,0.4297,1163955.0
2024-05-09 08:00:00+00:00,0.4297,0.4312,0.4213,0.4288,1784708.0
2024-05-09 12:00:00+00:00,0.4288,0.438,0.4262,0.4361,2603373.0
2024-05-09 16:00:00+00:00,0.4361,0.4392,0.4328,0.4384,1692149.0
2024-05-09 20:00:00+00:00,0.4384,0.4457,0.4364,0.4421,1259743.0
2024-05-10 00:00:00+00:00,0.4421,0.4461,0.4408,0.4431,1515273.0
2024-05-10 04:00:00+00:00,0.4431,0.4491,0.4427,0.4478,2367731.0
2024-05-10 08:00:00+00:00,0.4478,0.4485,0.4444,0.4467,1172406.0
2024-05-10 12:00:00+00:00,0.4467,0.4473,0.4266,0.4291,5446759.0
2024-05-10 16:00:00+00:00,0.4291,0.4298,0.4215,0.4227,4198701.0
2024-05-10 20:00:00+00:00,0.4227,0.4249,0.4177,0.4215,2028737.0
2024-05-11 00:00:00+00:00,0.4215,0.4297,0.421,0.4248,1269349.0
2024-05-11 04:00:00+00:00,0.4248,0.4279,0.4238,0.4263,706658.0
2024-05-11 08:00:00+00:00,0.4263,0.4268,0.4208,0.4241,1794784.0
2024-05-11 12:00:00+00:00,0.4241,0.4293,0.4227,0.4262,1302199.0
2024-05-11 16:00:00+00:00,0.4262,0.4275,0.4228,0.4243,709729.0
2024-05-11 20:00:00+00:00,0.4243,0.4245,0.4184,0.4197,935991.0
2024-05-12 00:00:00+00:00,0.4197,0.4228,0.4194,0.4213,712884.0
2024-05-12 04:00:00+00:00,0.4213,0.4233,0.4178,0.4193,1216625.0
2024-05-12 08:00:00+00:00,0.4193,0.4253,0.4186,0.4228,2640429.0
2024-05-12 12:00:00+00:00,0.4228,0.4241,0.4208,0.4231,1055312.0
2024-05-12 16:00:00+00:00,0.4231,0.4257,0.4169,0.4185,1554442.0
2024-05-12 20:00:00+00:00,0.4185,0.419,0.413,0.4161,1066858.0
2024-05-13 00:00:00+00:00,0.4161,0.419,0.4,0.4048,9156873.0
2024-05-13 04:00:00+00:00,0.4048,0.417,0.4025,0.4162,2141889.0
2024-05-13 08:00:00+00:00,0.4162,0.4275,0.4162,0.4215,2521875.0
2024-05-13 12:00:00+00:00,0.4215,0.4246,0.4183,0.423,2614399.0
2024-05-13 16:00:00+00:00,0.423,0.427,0.4141,0.4185,2561846.0
2024-05-13 20:00:00+00:00,0.4185,0.4189,0.4139,0.4161,788030.0
2024-05-14 00:00:00+00:00,0.4161,0.4183,0.4113,0.4148,1768967.0
2024-05-14 04:00:00+00:00,0.4148,0.4187,0.4062,0.4154,2435690.0
2024-05-14 08:00:00+00:00,0.4154,0.4156,0.412,0.4147,1110628.0
2024-05-14 12:00:00+00:00,0.4147,0.4165,0.406,0.4135,4499982.0
2024-05-14 16:00:00+00:00,0.4135,0.4136,0.4051,0.4109,1686602.0
2024-05-14 20:00:00+00:00,0.4109,0.4109,0.4044,0.4058,932574.0
2024-05-15 00:00:00+00:00,0.4058,0.412,0.4037,0.4119,1400069.0
2024-05-15 04:00:00+00:00,0.4119,0.4123,0.4084,0.4112,723298.0
2024-05-15 08:00:00+00:00,0.4112,0.4145,0.4066,0.4084,2289829.0
2024-05-15 12:00:00+00:00,0.4084,0.4317,0.4056,0.4296,6668570.0
2024-05-15 16:00:00+00:00,0.4296,0.4415,0.4275,0.4413,2197522.0
2024-05-15 20:00:00+00:00,0.4413,0.4426,0.4374,0.4381,1552186.0
2024-05-16 00:00:00+00:00,0.4381,0.4415,0.4368,0.4412,1695759.0
2024-05-16 04:00:00+00:00,0.4412,0.442,0.4376,0.4403,1088227.0
2024-05-16 08:00:00+00:00,0.4403,0.4415,0.4353,0.4369,2131066.0
2024-05-16 12:00:00+00:00,0.4369,0.4369,0.4243,0.4316,4799981.0
2024-05-16 16:00:00+00:00,0.4316,0.4343,0.4272,0.4325,1821058.0
2024-05-16 20:00:00+00:00,0.4325,0.4374,0.4308,0.4365,853254.0
2024-05-17 00:00:00+00:00,0.4365,0.4366,0.4313,0.4338,899375.0
2024-05-17 04:00:00+00:00,0.4338,0.4451,0.4312,0.4451,1671216.0
2024-05-17 08:00:00+00:00,0.4451,0.4462,0.4408,0.4427,1604137.0
2024-05-17 12:00:00+00:00,0.4427,0.451,0.4405,0.4504,3393669.0
2024-05-17 16:00:00+00:00,0.4504,0.4553,0.4448,0.4482,2305385.0
2024-05-17 20:00:00+00:00,0.4482,0.4492,0.4466,0.4475,532511.0
2024-05-18 00:00:00+00:00,0.4475,0.4495,0.4455,0.449,833340.0
2024-05-18 04:00:00+00:00,0.449,0.4494,0.4456,0.4473,1302715.0
2024-05-18 08:00:00+00:00,0.4473,0.4494,0.4464,0.4468,3122978.0
2024-05-18 12:00:00+00:00,0.4468,0.4476,0.441,0.4437,5061853.0
2024-05-18 16:00:00+00:00,0.4437,0.447,0.4436,0.4456,2610867.0
2024-05-18 20:00:00+00:00,0.4456,0.4467,0.4426,0.4465,2410554.0
2024-05-19 00:00:00+00:00,0.4465,0.4502,0.4441,0.4473,1768742.0
2024-05-19 04:00:00+00:00,0.4473,0.4474,0.4411,0.4454,3256251.0
2024-05-19 08:00:00+00:00,0.4454,0.4454,0.4364,0.4405,4136098.0
2024-05-19 12:00:00+00:00,0.4405,0.4406,0.4301,0.4331,5091868.0
2024-05-19 16:00:00+00:00,0.4331,0.4335,0.4259,0.4268,4422067.0
2024-05-19 20:00:00+00:00,0.4268,0.4285,0.4227,0.4251,2195855.0
2024-05-20 00:00:00+00:00,0.4251,0.4311,0.4192,0.4291,4019792.0
2024-05-20 04:00:00+00:00,0.4291,0.4465,0.4285,0.4355,5450014.0
2024-05-20 08:00:00+00:00,0.4355,0.4373,0.4315,0.4322,2207837.0
2024-05-20 12:00:00+00:00,0.4322,0.4343,0.428,0.4339,2843584.0
2024-05-20 16:00:00+00:00,0.4339,0.4655,0.4326,0.4639,9830661.0
2024-05-20 20:00:00+00:00,0.4639,0.468,0.4562,0.4671,9028030.0
2024-05-21 00:00:00+00:00,0.4671,0.4743,0.4609,0.4643,4279574.0
2024-05-21 04:00:00+00:00,0.4643,0.4683,0.4607,0.4662,2659478.0
2024-05-21 08:00:00+00:00,0.4662,0.4687,0.4646,0.4654,2910342.0
2024-05-21 12:00:00+00:00,0.4654,0.4718,0.4614,0.463,7611267.0
2024-05-21 16:00:00+00:00,0.463,0.4726,0.4608,0.4651,5291802.0
2024-05-21 20:00:00+00:00,0.4651,0.4695,0.4642,0.4663,2400225.0
2024-05-22 00:00:00+00:00,0.4663,0.4682,0.464,0.4657,1178781.0
2024-05-22 04:00:00+00:00,0.4657,0.4698,0.4555,0.4639,3143974.0
2024-05-22 08:00:00+00:00,0.4639,0.4672,0.4586,0.4586,2785667.0
2024-05-22 12:00:00+00:00,0.4586,0.4623,0.4502,0.4587,6427701.0
2024-05-22 16:00:00+00:00,0.4587,0.4651,0.4528,0.4572,2970964.0
2024-05-22 20:00:00+00:00,0.4572,0.4615,0.4533,0.4567,3249488.0
2024-05-23 00:00:00+00:00,0.4567,0.4628,0.4536,0.4616,1377503.0
2024-05-23 04:00:00+00:00,0.4616,0.4651,0.4579,0.4622,2036491.0
2024-05-23 08:00:00+00:00,0.4622,0.4624,0.4523,0.4611,3252733.0
2024-05-23 12:00:00+00:00,0.4611,0.4646,0.4377,0.4425,15487119.0
2024-05-23 16:00:00+00:00,0.4425,0.4428,0.4292,0.4327,5089699.0
2024-05-23 20:00:00+00:00,0.4327,0.4445,0.4137,0.4427,17786084.0
2024-05-24 00:00:00+00:00,0.4427,0.4514,0.4412,0.4487,1855563.0
2024-05-24 04:00:00+00:00,0.4487,0.4532,0.4353,0.4405,4245225.0
2024-05-24 08:00:00+00:00,0.4405,0.4431,0.4331,0.4419,1935960.0
2024-05-24 12:00:00+00:00,0.4419,0.45,0.4405,0.4436,2812828.0
2024-05-24 16:00:00+00:00,0.4436,0.4488,0.4388,0.4454,1719956.0
2024-05-24 20:00:00+00:00,0.4454,0.4478,0.4438,0.4478,1262547.0
2024-05-25 00:00:00+00:00,0.4478,0.4527,0.4466,0.4526,1388204.0
2024-05-25 04:00:00+00:00,0.4526,0.46,0.4525,0.4541,2180270.0
2024-05-25 08:00:00+00:00,0.4541,0.458,0.4531,0.4551,2065366.0
2024-05-25 12:00:00+00:00,0.4551,0.456,0.4506,0.4549,2508149.0
2024-05-25 16:00:00+00:00,0.4549,0.4554,0.4526,0.4543,1543890.0
2024-05-25 20:00:00+00:00,0.4543,0.4577,0.4519,0.457,2267224.0
2024-05-26 00:00:00+00:00,0.457,0.4577,0.449,0.4532,3387894.0
2024-05-26 04:00:00+00:00,0.4532,0.4542,0.4493,0.4524,1374167.0
2024-05-26 08:00:00+00:00,0.4524,0.4537,0.4462,0.45,2799349.0
2024-05-26 12:00:00+00:00,0.45,0.4515,0.4448,0.4469,2803385.0
2024-05-26 16:00:00+00:00,0.4469,0.4482,0.443,0.4448,1568735.0
2024-05-26 20:00:00+00:00,0.4448,0.4448,0.4379,0.4412,1701340.0
2024-05-27 00:00:00+00:00,0.4412,0.4469,0.4402,0.4447,1848522.0
2024-05-27 04:00:00+00:00,0.4447,0.4454,0.4375,0.439,1892504.0
2024-05-27 08:00:00+00:00,0.439,0.4463,0.4385,0.4459,2423759.0
2024-05-27 12:00:00+00:00,0.4459,0.4612,0.4434,0.4593,5141251.0
2024-05-27 16:00:00+00:00,0.4593,0.4683,0.4531,0.4562,5861974.0
2024-05-27 20:00:00+00:00,0.4562,0.4637,0.4562,0.4596,2001149.0
2024-05-28 00:00:00+00:00,0.4596,0.4623,0.4486,0.4509,8692020.0
2024-05-28 04:00:00+00:00,0.4509,0.4509,0.4406,0.4421,7370746.0
2024-05-28 08:00:00+00:00,0.4421,0.4535,0.4414,0.4504,2914903.0
2024-05-28 12:00:00+00:00,0.4504,0.451,0.4418,0.4466,6225090.0
2024-05-28 16:00:00+00:00,0.4466,0.4503,0.4407,0.4497,3978734.0
2024-05-28 20:00:00+00:00,0.4497,0.4566,0.4494,0.4499,2278762.0
2024-05-29 00:00:00+00:00,0.4499,0.4528,0.4464,0.4514,2428398.0
2024-05-29 04:00:00+00:00,0.4514,0.4619,0.4511,0.4554,2488263.0
2024-05-29 08:00:00+00:00,0.4554,0.4617,0.4503,0.4557,5316380.0
2024-05-29 12:00:00+00:00,0.4557,0.4597,0.4481,0.4486,5673511.0
2024-05-29 16:00:00+00:00,0.4486,0.4538,0.4446,0.4456,3730806.0
2024-05-29 20:00:00+00:00,0.4456,0.4483,0.4422,0.4438,1841129.0
2024-05-30 00:00:00+00:00,0.4438,0.4519,0.4427,0.4498,1136580.0
2024-05-30 04:00:00+00:00,0.4498,0.4505,0.4302,0.4319,4834711.0
2024-05-30 08:00:00+00:00,0.4319,0.4408,0.4288,0.4368,2497503.0
2024-05-30 12:00:00+00:00,0.4368,0.4451,0.4362,0.4426,3416895.0
2024-05-30 16:00:00+00:00,0.4426,0.452,0.4425,0.4463,3346407.0
2024-05-30 20:00:00+00:00,0.4463,0.4463,0.438,0.4387,2278701.0
2024-05-31 00:00:00+00:00,0.4387,0.4393,0.434,0.438,1158944.0
2024-05-31 04:00:00+00:00,0.438,0.4391,0.4316,0.435,1385198.0
2024-05-31 08:00:00+00:00,0.435,0.4375,0.4317,0.4362,1425319.0
2024-05-31 12:00:00+00:00,0.4362,0.4417,0.4298,0.4303,3364494.0
2024-05-31 16:00:00+00:00,0.4303,0.4343,0.4247,0.4331,2410425.0
2024-05-31 20:00:00+00:00,0.4331,0.4352,0.4311,0.4321,973141.0
2024-06-01 00:00:00+00:00,0.4321,0.4337,0.4306,0.4325,617183.0
2024-06-01 04:00:00+00:00,0.4325,0.4352,0.4315,0.4332,861017.0
2024-06-01 08:00:00+00:00,0.4332,0.4348,0.4319,0.4339,933222.0
2024-06-01 12:00:00+00:00,0.4339,0.4372,0.4327,0.4332,1945760.0
2024-06-01 16:00:00+00:00,0.4332,0.4355,0.4314,0.4349,1054193.0
2024-06-01 20:00:00+00:00,0.4349,0.4441,0.4345,0.4382,1728339.0
2024-06-02 00:00:00+00:00,0.4382,0.4507,0.4372,0.4492,2718650.0
2024-06-02 04:00:00+00:00,0.4492,0.4509,0.444,0.4459,3111965.0
2024-06-02 08:00:00+00:00,0.4459,0.4497,0.4417,0.447,2828941.0
2024-06-02 12:00:00+00:00,0.447,0.4525,0.443,0.4514,4684142.0
2024-06-02 16:00:00+00:00,0.4514,0.4532,0.4385,0.4409,4546522.0
2024-06-02 20:00:00+00:00,0.4409,0.4415,0.4358,0.4362,1937923.0
2024-06-03 00:00:00+00:00,0.4362,0.453,0.4298,0.4518,6566902.0
2024-06-03 04:00:00+00:00,0.4518,0.4724,0.4507,0.4661,9733698.0
2024-06-03 08:00:00+00:00,0.4661,0.4691,0.461,0.4625,7297661.0
2024-06-03 12:00:00+00:00,0.4625,0.4647,0.4541,0.4599,6898527.0
2024-06-03 16:00:00+00:00,0.4599,0.4605,0.4533,0.4574,3435688.0
2024-06-03 20:00:00+00:00,0.4574,0.4584,0.4512,0.4537,2398157.0
2024-06-04 00:00:00+00:00,0.4537,0.4606,0.4517,0.4546,3485019.0
2024-06-04 04:00:00+00:00,0.4546,0.4557,0.447,0.4513,2799986.0
2024-06-04 08:00:00+00:00,0.4513,0.453,0.4453,0.4508,2595553.0
2024-06-04 12:00:00+00:00,0.4508,0.461,0.4491,0.4604,3971061.0
2024-06-04 16:00:00+00:00,0.4604,0.4642,0.4579,0.4628,4044893.0
2024-06-04 20:00:00+00:00,0.4628,0.4638,0.46,0.4628,2453415.0
2024-06-05 00:00:00+00:00,0.4628,0.4698,0.4627,0.4647,2833551.0
2024-06-05 04:00:00+00:00,0.4647,0.4703,0.4607,0.4654,2950499.0
2024-06-05 08:00:00+00:00,0.4654,0.468,0.4613,0.4678,2765353.0
2024-06-05 12:00:00+00:00,0.4678,0.4768,0.4638,0.475,8555471.0
2024-06-05 16:00:00+00:00,0.475,0.4767,0.4683,0.4741,3094757.0
2024-06-05 20:00:00+00:00,0.4741,0.4749,0.4686,0.4714,1657961.0
2024-06-06 00:00:00+00:00,0.4714,0.4722,0.4669,0.4679,1378869.0
2024-06-06 04:00:00+00:00,0.4679,0.4692,0.4629,0.4666,2043388.0
2024-06-06 08:00:00+00:00,0.4666,0.473,0.4634,0.4726,1862877.0
2024-06-06 12:00:00+00:00,0.4726,0.4922,0.469,0.4807,26490469.0
2024-06-06 16:00:00+00:00,0.4807,0.4832,0.4707,0.4713,10864497.0
2024-06-06 20:00:00+00:00,0.4713,0.4747,0.4662,0.4739,4711615.0
2024-06-07 00:00:00+00:00,0.4739,0.4758,0.4661,0.4676,2720838.0
2024-06-07 04:00:00+00:00,0.4676,0.4744,0.4675,0.4711,2485025.0
2024-06-07 08:00:00+00:00,0.4711,0.4737,0.4672,0.4724,2566598.0
2024-06-07 12:00:00+00:00,0.4724,0.4802,0.4607,0.4782,9259066.0
2024-06-07 16:00:00+00:00,0.4782,0.4803,0.3969,0.4325,40407933.0
2024-06-07 20:00:00+00:00,0.4325,0.4386,0.4293,0.4346,4230803.0
2024-06-08 00:00:00+00:00,0.4346,0.4377,0.4304,0.4349,2023745.0
2024-06-08 04:00:00+00:00,0.4349,0.4349,0.4297,0.4327,2502364.0
2024-06-08 08:00:00+00:00,0.4327,0.4327,0.4175,0.4195,5708554.0
2024-06-08 12:00:00+00:00,0.4195,0.4218,0.4097,0.4133,9136507.0
2024-06-08 16:00:00+00:00,0.4133,0.4144,0.4062,0.4083,4026245.0
2024-06-08 20:00:00+00:00,0.4083,0.4115,0.4055,0.4102,2445840.0
2024-06-09 00:00:00+00:00,0.4102,0.4162,0.4044,0.4123,3910653.0
2024-06-09 04:00:00+00:00,0.4123,0.416,0.4084,0.415,1249495.0
2024-06-09 08:00:00+00:00,0.415,0.4187,0.4141,0.4161,1499127.0
2024-06-09 12:00:00+00:00,0.4161,0.4206,0.4138,0.4167,3245092.0
2024-06-09 16:00:00+00:00,0.4167,0.4227,0.4159,0.422,2247862.0
2024-06-09 20:00:00+00:00,0.422,0.4241,0.4206,0.4223,1586099.0
2024-06-10 00:00:00+00:00,0.4223,0.4241,0.416,0.4178,1783641.0
2024-06-10 04:00:00+00:00,0.4178,0.4201,0.4097,0.4102,3848608.0
2024-06-10 08:00:00+00:00,0.4102,0.4201,0.4102,0.4183,3742978.0
2024-06-10 12:00:00+00:00,0.4183,0.4254,0.4127,0.4231,4232393.0
2024-06-10 16:00:00+00:00,0.4231,0.4237,0.4148,0.4154,3171211.0
2024-06-10 20:00:00+00:00,0.4154,0.4158,0.4112,0.4132,2366086.0
2024-06-11 00:00:00+00:00,0.4132,0.4154,0.3985,0.4067,12245414.0
2024-06-11 04:00:00+00:00,0.4067,0.4076,0.3963,0.4019,9508134.0
2024-06-11 08:00:00+00:00,0.4019,0.4067,0.4001,0.4005,4018961.0
2024-06-11 12:00:00+00:00,0.4005,0.4016,0.3852,0.3902,12003632.0
2024-06-11 16:00:00+00:00,0.3902,0.3976,0.3865,0.3958,5214107.0
2024-06-11 20:00:00+00:00,0.3958,0.3958,0.3916,0.3926,921870.0
2024-06-12 00:00:00+00:00,0.3926,0.3977,0.3838,0.3971,4291947.0
2024-06-12 04:00:00+00:00,0.3971,0.399,0.3953,0.3987,2210631.0
2024-06-12 08:00:00+00:00,0.3987,0.4022,0.3959,0.3978,1924822.0
2024-06-12 12:00:00+00:00,0.3978,0.4178,0.3975,0.4145,6944297.0
2024-06-12 16:00:00+00:00,0.4145,0.4181,0.403,0.4052,8085113.0
2024-06-12 20:00:00+00:00,0.4052,0.4137,0.4034,0.4111,1159249.0
2024-06-13 00:00:00+00:00,0.4111,0.4119,0.3949,0.402,3990077.0
2024-06-13 04:00:00+00:00,0.402,0.4035,0.3962,0.3998,1869426.0
2024-06-13 08:00:00+00:00,0.3998,0.402,0.3967,0.398,3885230.0
2024-06-13 12:00:00+00:00,0.398,0.4064,0.3899,0.3912,9795917.0
2024-06-13 16:00:00+00:00,0.3912,0.3972,0.3882,0.394,2240285.0
2024-06-13 20:00:00+00:00,0.394,0.3951,0.3894,0.3926,1569838.0
2024-06-14 00:00:00+00:00,0.3926,0.3968,0.3893,0.3922,2012667.0
2024-06-14 04:00:00+00:00,0.3922,0.398,0.392,0.3964,1180004.0
2024-06-14 08:00:00+00:00,0.3964,0.3978,0.394,0.3962,1305345.0
2024-06-14 12:00:00+00:00,0.3962,0.3977,0.3855,0.3889,3175109.0
2024-06-14 16:00:00+00:00,0.3889,0.3896,0.3691,0.3717,13119718.0
2024-06-14 20:00:00+00:00,0.3717,0.3822,0.3713,0.3784,2722491.0
2024-06-15 00:00:00+00:00,0.3784,0.381,0.3766,0.3809,1454190.0
2024-06-15 04:00:00+00:00,0.3809,0.3842,0.3792,0.3814,1482666.0
2024-06-15 08:00:00+00:00,0.3814,0.3834,0.3802,0.3828,872873.0
2024-06-15 12:00:00+00:00,0.3828,0.3864,0.3819,0.3843,1260930.0
2024-06-15 16:00:00+00:00,0.3843,0.3853,0.3806,0.3823,980656.0
2024-06-15 20:00:00+00:00,0.3823,0.3841,0.3795,0.3838,769322.0
2024-06-16 00:00:00+00:00,0.3838,0.3852,0.3803,0.3814,1045004.0
2024-06-16 04:00:00+00:00,0.3814,0.3858,0.3788,0.3845,1375222.0
2024-06-16 08:00:00+00:00,0.3845,0.386,0.3815,0.3833,1203810.0
2024-06-16 12:00:00+00:00,0.3833,0.3867,0.3823,0.3853,1331525.0
2024-06-16 16:00:00+00:00,0.3853,0.3854,0.3805,0.3818,980815.0
2024-06-16 20:00:00+00:00,0.3818,0.3856,0.3805,0.3829,1135285.0
2024-06-17 00:00:00+00:00,0.3829,0.3849,0.3704,0.3712,4865993.0
2024-06-17 04:00:00+00:00,0.3712,0.3734,0.3613,0.3638,5933142.0
2024-06-17 08:00:00+00:00,0.3638,0.3652,0.3474,0.3513,14186068.0
2024-06-17 12:00:00+00:00,0.3513,0.352,0.3443,0.3451,7679437.0
2024-06-17 16:00:00+00:00,0.3451,0.3545,0.332,0.3498,17321864.0
2024-06-17 20:00:00+00:00,0.3498,0.3499,0.3354,0.3369,5748745.0
2024-06-18 00:00:00+00:00,0.3369,0.3384,0.2908,0.3138,44546840.0
2024-06-18 04:00:00+00:00,0.3138,0.3184,0.3125,0.3169,5804771.0
2024-06-18 08:00:00+00:00,0.3169,0.3182,0.3099,0.3135,7069664.0
2024-06-18 12:00:00+00:00,0.3135,0.3147,0.301,0.3077,17304075.0
2024-06-18 16:00:00+00:00,0.3077,0.3082,0.2978,0.3045,7054150.0
2024-06-18 20:00:00+00:00,0.3045,0.3138,0.3022,0.3117,4112271.0
2024-06-19 00:00:00+00:00,0.3117,0.3226,0.3095,0.3199,5995554.0
2024-06-19 04:00:00+00:00,0.3199,0.3253,0.3194,0.3229,2319317.0
2024-06-19 08:00:00+00:00,0.3229,0.3235,0.318,0.3203,3393467.0
2024-06-19 12:00:00+00:00,0.3203,0.3228,0.3168,0.3198,2995799.0
2024-06-19 16:00:00+00:00,0.3198,0.3267,0.3183,0.3241,3007212.0
2024-06-19 20:00:00+00:00,0.3241,0.3273,0.3208,0.3239,2478492.0
2024-06-20 00:00:00+00:00,0.3239,0.331,0.322,0.3251,3067808.0
2024-06-20 04:00:00+00:00,0.3251,0.3374,0.3232,0.3374,3717655.0
2024-06-20 08:00:00+00:00,0.3374,0.3413,0.334,0.3371,2979524.0
2024-06-20 12:00:00+00:00,0.3371,0.3387,0.327,0.3286,4858060.0
2024-06-20 16:00:00+00:00,0.3286,0.3342,0.3239,0.3336,2247664.0
2024-06-20 20:00:00+00:00,0.3336,0.3341,0.3289,0.3297,840229.0
2024-06-21 00:00:00+00:00,0.3297,0.3372,0.3264,0.3342,3769766.0
2024-06-21 04:00:00+00:00,0.3342,0.337,0.3292,0.3314,1606624.0
2024-06-21 08:00:00+00:00,0.3314,0.3354,0.326,0.3346,4076779.0
2024-06-21 12:00:00+00:00,0.3346,0.3381,0.3278,0.3339,3047084.0
2024-06-21 16:00:00+00:00,0.3339,0.335,0.3264,0.3327,2181642.0
2024-06-21 20:00:00+00:00,0.3327,0.336,0.3304,0.3316,1193520.0
2024-06-22 00:00:00+00:00,0.3316,0.3317,0.327,0.3308,1785243.0
2024-06-22 04:00:00+00:00,0.3308,0.3337,0.3297,0.3303,1319205.0
2024-06-22 08:00:00+00:00,0.3303,0.3327,0.3276,0.3315,910841.0
2024-06-22 12:00:00+00:00,0.3315,0.3335,0.3308,0.3317,1505567.0
2024-06-22 16:00:00+00:00,0.3317,0.3336,0.3308,0.3321,614680.0
2024-06-22 20:00:00+00:00,0.3321,0.3323,0.3298,0.3304,604822.0
2024-06-23 00:00:00+00:00,0.3304,0.3354,0.3299,0.3345,996081.0
2024-06-23 04:00:00+00:00,0.3345,0.3346,0.3329,0.3336,499005.0
2024-06-23 08:00:00+00:00,0.3336,0.3344,0.3302,0.3314,1928988.0
2024-06-23 12:00:00+00:00,0.3314,0.3315,0.3236,0.3259,2134532.0
2024-06-23 16:00:00+00:00,0.3259,0.3262,0.3221,0.3241,1220917.0
2024-06-23 20:00:00+00:00,0.3241,0.3257,0.3174,0.321,3215702.0
2024-06-24 00:00:00+00:00,0.321,0.3246,0.3187,0.3225,2205764.0
2024-06-24 04:00:00+00:00,0.3225,0.3229,0.3128,0.3148,4605467.0
2024-06-24 08:00:00+00:00,0.3148,0.3198,0.3042,0.3168,12452434.0
2024-06-24 12:00:00+00:00,0.3168,0.324,0.3159,0.3183,3675084.0
2024-06-24 16:00:00+00:00,0.3183,0.3223,0.3159,0.3177,5260522.0
2024-06-24 20:00:00+00:00,0.3177,0.3278,0.314,0.3274,7003662.0
2024-06-25 00:00:00+00:00,0.3274,0.3319,0.3258,0.3298,3159324.0
2024-06-25 04:00:00+00:00,0.3298,0.3315,0.3283,0.3297,1833438.0
2024-06-25 08:00:00+00:00,0.3297,0.3328,0.3288,0.3318,3046764.0
2024-06-25 12:00:00+00:00,0.3318,0.3375,0.3306,0.3372,2837665.0
2024-06-25 16:00:00+00:00,0.3372,0.341,0.3356,0.3392,1913678.0
2024-06-25 20:00:00+00:00,0.3392,0.3393,0.3365,0.3373,1398193.0
2024-06-26 00:00:00+00:00,0.3373,0.3402,0.334,0.3357,2142738.0
2024-06-26 04:00:00+00:00,0.3357,0.3371,0.3333,0.3363,1947066.0
2024-06-26 08:00:00+00:00,0.3363,0.3371,0.3342,0.3353,1329008.0
2024-06-26 12:00:00+00:00,0.3353,0.3384,0.3327,0.3336,4340940.0
2024-06-26 16:00:00+00:00,0.3336,0.3358,0.3283,0.3358,3316014.0
2024-06-26 20:00:00+00:00,0.3358,0.3376,0.3331,0.3337,998327.0
2024-06-27 00:00:00+00:00,0.3337,0.3347,0.3305,0.3319,1402358.0
2024-06-27 04:00:00+00:00,0.3319,0.3327,0.3286,0.3296,933026.0
2024-06-27 08:00:00+00:00,0.3296,0.3362,0.3294,0.3348,1855735.0
2024-06-27 12:00:00+00:00,0.3348,0.3436,0.3345,0.3397,4451411.0
2024-06-27 16:00:00+00:00,0.3397,0.3408,0.3378,0.34,880991.0
2024-06-27 20:00:00+00:00,0.34,0.3416,0.3395,0.3404,1346702.0
2024-06-28 00:00:00+00:00,0.3404,0.3419,0.3371,0.3386,1773209.0
2024-06-28 04:00:00+00:00,0.3386,0.3386,0.3349,0.3367,1298800.0
2024-06-28 08:00:00+00:00,0.3367,0.3413,0.3362,0.3403,1085040.0
2024-06-28 12:00:00+00:00,0.3403,0.3449,0.3383,0.3429,4229701.0
2024-06-28 16:00:00+00:00,0.3429,0.3435,0.3353,0.3401,2939881.0
2024-06-28 20:00:00+00:00,0.3401,0.3427,0.3352,0.336,1468311.0
2024-06-29 00:00:00+00:00,0.336,0.3424,0.3345,0.3405,2169505.0
2024-06-29 04:00:00+00:00,0.3405,0.3409,0.3368,0.3379,804513.0
2024-06-29 08:00:00+00:00,0.3379,0.3385,0.3353,0.3362,1266390.0
2024-06-29 12:00:00+00:00,0.3362,0.3362,0.3301,0.3317,2786191.0
2024-06-29 16:00:00+00:00,0.3317,0.3319,0.324,0.326,3004297.0
2024-06-29 20:00:00+00:00,0.326,0.3275,0.3241,0.3257,1725091.0
2024-06-30 00:00:00+00:00,0.3257,0.328,0.3221,0.3245,3101337.0
2024-06-30 04:00:00+00:00,0.3245,0.3315,0.323,0.3298,1875017.0
2024-06-30 08:00:00+00:00,0.3298,0.331,0.3277,0.3279,1237750.0
2024-06-30 12:00:00+00:00,0.3279,0.3289,0.3259,0.3278,1168920.0
2024-06-30 16:00:00+00:00,0.3278,0.328,0.3227,0.3255,2433200.0
2024-06-30 20:00:00+00:00,0.3255,0.3328,0.3243,0.3311,2442932.0
2024-07-01 00:00:00+00:00,0.3311,0.3364,0.3294,0.335,3059332.0
2024-07-01 04:00:00+00:00,0.335,0.3355,0.3316,0.3337,2446910.0
2024-07-01 08:00:00+00:00,0.3337,0.3347,0.3304,0.3314,2620405.0
2024-07-01 12:00:00+00:00,0.3314,0.3325,0.3254,0.3289,4039676.0
2024-07-01 16:00:00+00:00,0.3289,0.334,0.3283,0.3331,2965988.0
2024-07-01 20:00:00+00:00,0.3331,0.3341,0.3265,0.3278,1873649.0
2024-07-02 00:00:00+00:00,0.3278,0.3303,0.3255,0.3296,2428447.0
2024-07-02 04:00:00+00:00,0.3296,0.3314,0.327,0.3275,1888646.0
2024-07-02 08:00:00+00:00,0.3275,0.3287,0.3259,0.3283,1316681.0
2024-07-02 12:00:00+00:00,0.3283,0.3362,0.3267,0.3281,3661364.0
2024-07-02 16:00:00+00:00,0.3281,0.3307,0.3231,0.3301,2629270.0
2024-07-02 20:00:00+00:00,0.3301,0.3311,0.3284,0.3299,1137591.0
2024-07-03 00:00:00+00:00,0.3299,0.3315,0.319,0.3229,5546267.0
2024-07-03 04:00:00+00:00,0.3229,0.3265,0.3197,0.3254,2875777.0
2024-07-03 08:00:00+00:00,0.3254,0.3289,0.3187,0.323,8091041.0
2024-07-03 12:00:00+00:00,0.323,0.3249,0.3175,0.3197,4622699.0
2024-07-03 16:00:00+00:00,0.3197,0.3212,0.3105,0.3127,6144085.0
2024-07-03 20:00:00+00:00,0.3127,0.3162,0.3113,0.3135,1797108.0
2024-07-04 00:00:00+00:00,0.3135,0.3161,0.2985,0.3059,15081746.0
2024-07-04 04:00:00+00:00,0.3059,0.3071,0.3,0.3012,3099490.0
2024-07-04 08:00:00+00:00,0.3012,0.3016,0.2951,0.2976,5400084.0
2024-07-04 12:00:00+00:00,0.2976,0.298,0.2847,0.2921,9361459.0
2024-07-04 16:00:00+00:00,0.2921,0.2923,0.2879,0.2885,2590419.0
2024-07-04 20:00:00+00:00,0.2885,0.293,0.2792,0.2816,5692126.0
2024-07-05 00:00:00+00:00,0.2816,0.2817,0.2449,0.2516,47698781.0
2024-07-05 04:00:00+00:00,0.2516,0.2605,0.2454,0.2552,11658930.0
2024-07-05 08:00:00+00:00,0.2552,0.2645,0.2464,0.2637,7226653.0
2024-07-05 12:00:00+00:00,0.2637,0.2756,0.2594,0.2752,11343931.0
2024-07-05 16:00:00+00:00,0.2752,0.2849,0.2739,0.2819,5251207.0
2024-07-05 20:00:00+00:00,0.2819,0.2826,0.2776,0.2804,4008114.0
2024-07-06 00:00:00+00:00,0.2804,0.2902,0.2782,0.2812,4127844.0
2024-07-06 04:00:00+00:00,0.2812,0.2888,0.2785,0.2872,3090348.0
2024-07-06 08:00:00+00:00,0.2872,0.2913,0.285,0.2902,3153002.0
2024-07-06 12:00:00+00:00,0.2902,0.2956,0.2882,0.2948,3922447.0
2024-07-06 16:00:00+00:00,0.2948,0.3055,0.2937,0.3033,3556260.0
2024-07-06 20:00:00+00:00,0.3033,0.3051,0.3017,0.3042,3095844.0
2024-07-07 00:00:00+00:00,0.3042,0.305,0.2993,0.303,1937679.0
2024-07-07 04:00:00+00:00,0.303,0.3031,0.2969,0.2992,2618939.0
2024-07-07 08:00:00+00:00,0.2992,0.3041,0.2987,0.302,2472685.0
2024-07-07 12:00:00+00:00,0.302,0.304,0.2895,0.2935,5944761.0
2024-07-07 16:00:00+00:00,0.2935,0.2983,0.2922,0.2926,2376669.0
2024-07-07 20:00:00+00:00,0.2926,0.2939,0.2818,0.2837,4320984.0
2024-07-08 00:00:00+00:00,0.2837,0.2853,0.2702,0.2795,8458671.0
2024-07-08 04:00:00+00:00,0.2795,0.2862,0.2783,0.2829,4610087.0
2024-07-08 08:00:00+00:00,0.2829,0.304,0.2824,0.3022,13391558.0
2024-07-08 12:00:00+00:00,0.3022,0.3025,0.2825,0.2889,18541294.0
2024-07-08 16:00:00+00:00,0.2889,0.2933,0.2859,0.2926,4707396.0
2024-07-08 20:00:00+00:00,0.2926,0.2941,0.2889,0.2908,3948351.0
2024-07-09 00:00:00+00:00,0.2908,0.2974,0.2884,0.2935,5620606.0
2024-07-09 04:00:00+00:00,0.2935,0.2967,0.2921,0.2939,4760230.0
2024-07-09 08:00:00+00:00,0.2939,0.2981,0.2918,0.2942,2675529.0
2024-07-09 12:00:00+00:00,0.2942,0.2988,0.2904,0.2937,5814219.0
2024-07-09 16:00:00+00:00,0.2937,0.2952,0.2909,0.2946,2169093.0
2024-07-09 20:00:00+00:00,0.2946,0.2971,0.293,0.2969,1497332.0
2024-07-10 00:00:00+00:00,0.2969,0.2979,0.293,0.2972,2369666.0
2024-07-10 04:00:00+00:00,0.2972,0.305,0.2972,0.3022,4704609.0
2024-07-10 08:00:00+00:00,0.3022,0.3022,0.2977,0.2993,2281440.0
2024-07-10 12:00:00+00:00,0.2993,0.3017,0.2947,0.3007,4120157.0
2024-07-10 16:00:00+00:00,0.3007,0.3038,0.2983,0.2996,2087255.0
2024-07-10 20:00:00+00:00,0.2996,0.3013,0.2979,0.3009,946066.0
2024-07-11 00:00:00+00:00,0.3009,0.3038,0.2965,0.2991,2483230.0
2024-07-11 04:00:00+00:00,0.2991,0.3027,0.2984,0.3021,1032657.0
2024-07-11 08:00:00+00:00,0.3021,0.3043,0.3016,0.3032,1956695.0
2024-07-11 12:00:00+00:00,0.3032,0.3105,0.299,0.3008,7053479.0
2024-07-11 16:00:00+00:00,0.3008,0.3064,0.2979,0.3036,1836983.0
2024-07-11 20:00:00+00:00,0.3036,0.3038,0.2967,0.2987,3528365.0
2024-07-12 00:00:00+00:00,0.2987,0.3029,0.296,0.2993,2204941.0
2024-07-12 04:00:00+00:00,0.2993,0.3028,0.2966,0.3009,1370649.0
2024-07-12 08:00:00+00:00,0.3009,0.3028,0.2962,0.297,2582649.0
2024-07-12 12:00:00+00:00,0.297,0.3058,0.2964,0.3042,3398711.0
2024-07-12 16:00:00+00:00,0.3042,0.3104,0.3032,0.3072,3518975.0
2024-07-12 20:00:00+00:00,0.3072,0.3115,0.3048,0.3115,1950814.0
2024-07-13 00:00:00+00:00,0.3115,0.3124,0.3091,0.3105,1394551.0
2024-07-13 04:00:00+00:00,0.3105,0.3147,0.3094,0.3132,1881794.0
2024-07-13 08:00:00+00:00,0.3132,0.3157,0.3121,0.3132,2759557.0
2024-07-13 12:00:00+00:00,0.3132,0.317,0.3115,0.3165,2452110.0
2024-07-13 16:00:00+00:00,0.3165,0.318,0.3134,0.3174,2835100.0
2024-07-13 20:00:00+00:00,0.3174,0.3184,0.3143,0.3166,4701096.0
2024-07-14 00:00:00+00:00,0.3166,0.3177,0.3141,0.3143,1959755.0
2024-07-14 04:00:00+00:00,0.3143,0.3187,0.3142,0.3174,3415798.0
2024-07-14 08:00:00+00:00,0.3174,0.3189,0.3145,0.315,1903509.0
2024-07-14 12:00:00+00:00,0.315,0.3174,0.3125,0.3173,1425899.0
2024-07-14 16:00:00+00:00,0.3173,0.3173,0.3155,0.3157,560142.0
2024-07-14 20:00:00+00:00,0.3157,0.3259,0.3147,0.3234,5471847.0
2024-07-15 00:00:00+00:00,0.3234,0.3286,0.3225,0.328,3811400.0
2024-07-15 04:00:00+00:00,0.328,0.3302,0.3251,0.3291,2645423.0
2024-07-15 08:00:00+00:00,0.3291,0.3297,0.3236,0.3242,4052675.0
2024-07-15 12:00:00+00:00,0.3242,0.3284,0.323,0.3261,5752716.0
2024-07-15 16:00:00+00:00,0.3261,0.3326,0.325,0.3312,8133974.0
2024-07-15 20:00:00+00:00,0.3312,0.3421,0.3309,0.3393,5718766.0
2024-07-16 00:00:00+00:00,0.3393,0.3432,0.337,0.343,3342012.0
2024-07-16 04:00:00+00:00,0.343,0.3433,0.3266,0.3276,9715516.0
2024-07-16 08:00:00+00:00,0.3276,0.3315,0.323,0.3289,5006988.0
2024-07-16 12:00:00+00:00,0.3289,0.3386,0.3258,0.3378,6504949.0
2024-07-16 16:00:00+00:00,0.3378,0.3423,0.3351,0.3394,4839124.0
2024-07-16 20:00:00+00:00,0.3394,0.3399,0.3335,0.3356,2529600.0
2024-07-17 00:00:00+00:00,0.3356,0.3452,0.3356,0.3392,4298848.0
2024-07-17 04:00:00+00:00,0.3392,0.3439,0.3379,0.3423,2324883.0
2024-07-17 08:00:00+00:00,0.3423,0.3445,0.3376,0.3398,3777311.0
2024-07-17 12:00:00+00:00,0.3398,0.3441,0.3376,0.3391,2907615.0
2024-07-17 16:00:00+00:00,0.3391,0.3407,0.3321,0.3391,4706357.0
2024-07-17 20:00:00+00:00,0.3391,0.3403,0.333,0.3332,2583190.0
2024-07-18 00:00:00+00:00,0.3332,0.3454,0.3332,0.3424,7070109.0
2024-07-18 04:00:00+00:00,0.3424,0.3483,0.3394,0.3423,6830305.0
2024-07-18 08:00:00+00:00,0.3423,0.3439,0.3337,0.3372,7192560.0
2024-07-18 12:00:00+00:00,0.3372,0.3395,0.3214,0.3221,7898850.0
2024-07-18 16:00:00+00:00,0.3221,0.3243,0.3152,0.3192,7461992.0
2024-07-18 20:00:00+00:00,0.3192,0.3228,0.317,0.3213,2445101.0
2024-07-19 00:00:00+00:00,0.3213,0.3307,0.3153,0.3305,5974656.0
2024-07-19 04:00:00+00:00,0.3305,0.3318,0.3235,0.3246,4239241.0
2024-07-19 08:00:00+00:00,0.3246,0.3255,0.3204,0.3245,4081255.0
2024-07-19 12:00:00+00:00,0.3245,0.3332,0.3222,0.333,2819801.0
2024-07-19 16:00:00+00:00,0.333,0.3418,0.333,0.3417,3512786.0
2024-07-19 20:00:00+00:00,0.3417,0.344,0.3401,0.341,4193843.0
2024-07-20 00:00:00+00:00,0.341,0.342,0.3381,0.3407,1962104.0
2024-07-20 04:00:00+00:00,0.3407,0.3462,0.3399,0.3432,2259015.0
2024-07-20 08:00:00+00:00,0.3432,0.3448,0.3401,0.3408,2185938.0
2024-07-20 12:00:00+00:00,0.3408,0.348,0.3386,0.348,3154950.0
2024-07-20 16:00:00+00:00,0.348,0.3498,0.3444,0.3456,4793613.0
2024-07-20 20:00:00+00:00,0.3456,0.3466,0.3433,0.3456,1648670.0
2024-07-21 00:00:00+00:00,0.3456,0.3491,0.3444,0.347,1691707.0
2024-07-21 04:00:00+00:00,0.347,0.3471,0.3403,0.3415,2658520.0
2024-07-21 08:00:00+00:00,0.3415,0.3454,0.3415,0.3439,1799692.0
2024-07-21 12:00:00+00:00,0.3439,0.3469,0.3389,0.3423,2630631.0
2024-07-21 16:00:00+00:00,0.3423,0.3464,0.327,0.3409,10690219.0
2024-07-21 20:00:00+00:00,0.3409,0.3502,0.3405,0.3479,4562380.0
2024-07-22 00:00:00+00:00,0.3479,0.3493,0.3414,0.3418,3766949.0
2024-07-22 04:00:00+00:00,0.3418,0.3427,0.3327,0.3345,3900410.0
2024-07-22 08:00:00+00:00,0.3345,0.3381,0.3324,0.3377,2531747.0
2024-07-22 12:00:00+00:00,0.3377,0.3408,0.3325,0.3356,4278397.0
2024-07-22 16:00:00+00:00,0.3356,0.3384,0.3342,0.3383,1187465.0
2024-07-22 20:00:00+00:00,0.3383,0.3386,0.3279,0.3318,3792171.0
2024-07-23 00:00:00+00:00,0.3318,0.3378,0.3305,0.3335,3068686.0
2024-07-23 04:00:00+00:00,0.3335,0.3345,0.3218,0.3241,4516349.0
2024-07-23 08:00:00+00:00,0.3241,0.3333,0.3237,0.3296,6109354.0
2024-07-23 12:00:00+00:00,0.3296,0.3323,0.3242,0.3267,7044565.0
2024-07-23 16:00:00+00:00,0.3267,0.3267,0.3155,0.3227,6223193.0
2024-07-23 20:00:00+00:00,0.3227,0.3241,0.3197,0.3206,1578198.0
2024-07-24 00:00:00+00:00,0.3206,0.3234,0.318,0.3222,1384932.0
2024-07-24 04:00:00+00:00,0.3222,0.3233,0.3185,0.3233,1577528.0
2024-07-24 08:00:00+00:00,0.3233,0.3296,0.3228,0.3278,4772595.0
2024-07-24 12:00:00+00:00,0.3278,0.3322,0.326,0.3269,4474266.0
2024-07-24 16:00:00+00:00,0.3269,0.3311,0.323,0.3237,3910529.0
2024-07-24 20:00:00+00:00,0.3237,0.3254,0.316,0.3184,4724259.0
2024-07-25 00:00:00+00:00,0.3184,0.3197,0.3018,0.3039,14885291.0
2024-07-25 04:00:00+00:00,0.3039,0.3081,0.302,0.3045,3164668.0
2024-07-25 08:00:00+00:00,0.3045,0.3068,0.3029,0.3047,2542446.0
2024-07-25 12:00:00+00:00,0.3047,0.3097,0.3002,0.3059,5419413.0
2024-07-25 16:00:00+00:00,0.3059,0.3086,0.2969,0.3007,3433532.0
2024-07-25 20:00:00+00:00,0.3007,0.3088,0.2963,0.3065,4127467.0
2024-07-26 00:00:00+00:00,0.3065,0.3132,0.3059,0.3116,2942435.0
2024-07-26 04:00:00+00:00,0.3116,0.3176,0.3114,0.3157,2668129.0
2024-07-26 08:00:00+00:00,0.3157,0.3166,0.314,0.3163,2025818.0
2024-07-26 12:00:00+00:00,0.3163,0.3206,0.3146,0.3185,2965790.0
2024-07-26 16:00:00+00:00,0.3185,0.3286,0.3185,0.3266,3255565.0
2024-07-26 20:00:00+00:00,0.3266,0.3293,0.325,0.3282,3513072.0
2024-07-27 00:00:00+00:00,0.3282,0.3297,0.3256,0.327,2042594.0
2024-07-27 04:00:00+00:00,0.327,0.3327,0.327,0.331,2293611.0
2024-07-27 08:00:00+00:00,0.331,0.3331,0.3303,0.3325,1770685.0
2024-07-27 12:00:00+00:00,0.3325,0.3405,0.3324,0.3366,5748654.0
2024-07-27 16:00:00+00:00,0.3366,0.3396,0.3332,0.3367,8341858.0
2024-07-27 20:00:00+00:00,0.3367,0.341,0.3297,0.3371,10021659.0
2024-07-28 00:00:00+00:00,0.3371,0.3371,0.3325,0.3326,2905791.0
2024-07-28 04:00:00+00:00,0.3326,0.333,0.3264,0.3305,3147436.0
2024-07-28 08:00:00+00:00,0.3305,0.334,0.3299,0.3327,1760569.0
2024-07-28 12:00:00+00:00,0.3327,0.3331,0.327,0.3278,1681834.0
2024-07-28 16:00:00+00:00,0.3278,0.3304,0.3274,0.3281,1154869.0
2024-07-28 20:00:00+00:00,0.3281,0.3285,0.3251,0.3281,1486489.0
2024-07-29 00:00:00+00:00,0.3281,0.3417,0.3277,0.3376,4151772.0
2024-07-29 04:00:00+00:00,0.3376,0.3422,0.336,0.3416,3388551.0
2024-07-29 08:00:00+00:00,0.3416,0.3445,0.3382,0.3383,2823292.0
2024-07-29 12:00:00+00:00,0.3383,0.3417,0.3288,0.3328,6917672.0
2024-07-29 16:00:00+00:00,0.3328,0.334,0.3269,0.3328,5325280.0
2024-07-29 20:00:00+00:00,0.3328,0.3336,0.3269,0.3276,1845253.0
2024-07-30 00:00:00+00:00,0.3276,0.3327,0.324,0.3311,3080704.0
2024-07-30 04:00:00+00:00,0.3311,0.3337,0.3289,0.3337,2406727.0
2024-07-30 08:00:00+00:00,0.3337,0.3351,0.332,0.3342,3648131.0
2024-07-30 12:00:00+00:00,0.3342,0.3362,0.3305,0.334,4184314.0
2024-07-30 16:00:00+00:00,0.334,0.3362,0.3221,0.3241,5042927.0
2024-07-30 20:00:00+00:00,0.3241,0.3275,0.3191,0.3243,2274039.0
2024-07-31 00:00:00+00:00,0.3243,0.3283,0.3205,0.3257,3118939.0
2024-07-31 04:00:00+00:00,0.3257,0.3321,0.3202,0.3288,4463361.0
2024-07-31 08:00:00+00:00,0.3288,0.3297,0.3228,0.3238,2554396.0
2024-07-31 12:00:00+00:00,0.3238,0.3287,0.3213,0.3214,3822191.0
2024-07-31 16:00:00+00:00,0.3214,0.3239,0.3107,0.313,6279383.0
2024-07-31 20:00:00+00:00,0.313,0.3134,0.3076,0.3093,4217439.0
2024-08-01 00:00:00+00:00,0.3093,0.3115,0.3067,0.3085,3158660.0
2024-08-01 04:00:00+00:00,0.3085,0.3096,0.3018,0.3064,5019820.0
2024-08-01 08:00:00+00:00,0.3064,0.309,0.3058,0.3076,1401860.0
2024-08-01 12:00:00+00:00,0.3076,0.3105,0.295,0.2961,6520093.0
2024-08-01 16:00:00+00:00,0.2961,0.2962,0.2836,0.2904,13491093.0
2024-08-01 20:00:00+00:00,0.2904,0.3039,0.2886,0.3024,6644535.0
2024-08-02 00:00:00+00:00,0.3024,0.3046,0.2943,0.3005,3582495.0
2024-08-02 04:00:00+00:00,0.3005,0.3015,0.2912,0.2956,5172824.0
2024-08-02 08:00:00+00:00,0.2956,0.298,0.2931,0.2957,3906151.0
2024-08-02 12:00:00+00:00,0.2957,0.3015,0.2782,0.2873,12341477.0
2024-08-02 16:00:00+00:00,0.2873,0.2876,0.2796,0.2829,4773131.0
2024-08-02 20:00:00+00:00,0.2829,0.2854,0.2774,0.2834,4683562.0
2024-08-03 00:00:00+00:00,0.2834,0.2864,0.2748,0.2864,6370995.0
2024-08-03 04:00:00+00:00,0.2864,0.2912,0.2846,0.2889,3545967.0
2024-08-03 08:00:00+00:00,0.2889,0.2894,0.2866,0.2884,2296462.0
2024-08-03 12:00:00+00:00,0.2884,0.2905,0.2782,0.2785,4262096.0
2024-08-03 16:00:00+00:00,0.2785,0.2804,0.2655,0.2655,10931737.0
2024-08-03 20:00:00+00:00,0.2655,0.2735,0.2643,0.2724,4552655.0
2024-08-04 00:00:00+00:00,0.2724,0.2792,0.2715,0.2762,3126960.0
2024-08-04 04:00:00+00:00,0.2762,0.2782,0.2733,0.2733,1832205.0
2024-08-04 08:00:00+00:00,0.2733,0.276,0.2718,0.2741,2289404.0
2024-08-04 12:00:00+00:00,0.2741,0.2752,0.2589,0.2594,5371670.0
2024-08-04 16:00:00+00:00,0.2594,0.2657,0.2496,0.264,11315540.0
2024-08-04 20:00:00+00:00,0.264,0.2675,0.2593,0.2601,3430811.0
2024-08-05 00:00:00+00:00,0.2601,0.2628,0.2159,0.2283,87324894.0
2024-08-05 04:00:00+00:00,0.2283,0.2323,0.2077,0.2297,66375662.0
2024-08-05 08:00:00+00:00,0.2297,0.23,0.2113,0.2199,16387014.0
2024-08-05 12:00:00+00:00,0.2199,0.2445,0.211,0.2431,29941832.0
2024-08-05 16:00:00+00:00,0.2431,0.2479,0.2341,0.2378,12064916.0
2024-08-05 20:00:00+00:00,0.2378,0.2433,0.2373,0.2376,5735847.0
2024-08-06 00:00:00+00:00,0.2376,0.253,0.2373,0.2468,7872588.0
2024-08-06 04:00:00+00:00,0.2468,0.2521,0.2457,0.2508,3546054.0
2024-08-06 08:00:00+00:00,0.2508,0.2508,0.2413,0.2428,5168587.0
2024-08-06 12:00:00+00:00,0.2428,0.2505,0.2376,0.248,7830173.0
2024-08-06 16:00:00+00:00,0.248,0.2497,0.2457,0.2464,3778548.0
2024-08-06 20:00:00+00:00,0.2464,0.2496,0.2442,0.2458,2897635.0
2024-08-07 00:00:00+00:00,0.2458,0.2519,0.2431,0.2488,4425063.0
2024-08-07 04:00:00+00:00,0.2488,0.2523,0.2469,0.2486,3115221.0
2024-08-07 08:00:00+00:00,0.2486,0.2521,0.2472,0.2477,3864656.0
2024-08-07 12:00:00+00:00,0.2477,0.2505,0.2368,0.2406,8970406.0
2024-08-07 16:00:00+00:00,0.2406,0.2413,0.2341,0.2366,8393256.0
2024-08-07 20:00:00+00:00,0.2366,0.2405,0.2331,0.2383,6416964.0
2024-08-08 00:00:00+00:00,0.2383,0.2512,0.2335,0.2472,8251136.0
2024-08-08 04:00:00+00:00,0.2472,0.2505,0.247,0.2477,2264704.0
2024-08-08 08:00:00+00:00,0.2477,0.2497,0.247,0.248,5166418.0
2024-08-08 12:00:00+00:00,0.248,0.2563,0.2468,0.256,11250392.0
2024-08-08 16:00:00+00:00,0.256,0.259,0.2556,0.2564,3630308.0
2024-08-08 20:00:00+00:00,0.2564,0.2677,0.2562,0.2667,7328127.0
2024-08-09 00:00:00+00:00,0.2667,0.2668,0.2628,0.2643,3402457.0
2024-08-09 04:00:00+00:00,0.2643,0.2646,0.2599,0.2639,2333067.0
2024-08-09 08:00:00+00:00,0.2639,0.2656,0.2613,0.2645,3368962.0
2024-08-09 12:00:00+00:00,0.2645,0.266,0.2576,0.259,5421600.0
2024-08-09 16:00:00+00:00,0.259,0.2626,0.2583,0.2619,1762893.0
2024-08-09 20:00:00+00:00,0.2619,0.2649,0.2596,0.2646,1809607.0
2024-08-10 00:00:00+00:00,0.2646,0.2687,0.2623,0.2635,3034526.0
2024-08-10 04:00:00+00:00,0.2635,0.266,0.2619,0.2659,862903.0
2024-08-10 08:00:00+00:00,0.2659,0.2678,0.2643,0.2674,1464368.0
2024-08-10 12:00:00+00:00,0.2674,0.2698,0.2649,0.2679,1432493.0
2024-08-10 16:00:00+00:00,0.2679,0.2727,0.2671,0.2722,2421653.0
2024-08-10 20:00:00+00:00,0.2722,0.2749,0.2702,0.2712,1891735.0
2024-08-11 00:00:00+00:00,0.2712,0.2719,0.2691,0.2699,1940304.0
2024-08-11 04:00:00+00:00,0.2699,0.271,0.2685,0.2703,1106336.0
2024-08-11 08:00:00+00:00,0.2703,0.2739,0.266,0.2669,2653320.0
2024-08-11 12:00:00+00:00,0.2669,0.2676,0.2589,0.2598,4114266.0
2024-08-11 16:00:00+00:00,0.2598,0.2621,0.2543,0.2547,2653973.0
2024-08-11 20:00:00+00:00,0.2547,0.2548,0.2488,0.2513,5137335.0
2024-08-12 00:00:00+00:00,0.2513,0.2542,0.2508,0.2523,2846491.0
2024-08-12 04:00:00+00:00,0.2523,0.2565,0.2487,0.2553,3423633.0
2024-08-12 08:00:00+00:00,0.2553,0.2647,0.2541,0.2641,4919167.0
2024-08-12 12:00:00+00:00,0.2641,0.2672,0.2529,0.2655,11521597.0
2024-08-12 16:00:00+00:00,0.2655,0.2674,0.2585,0.2595,3082402.0
2024-08-12 20:00:00+00:00,0.2595,0.2644,0.2564,0.2637,2374202.0
2024-08-13 00:00:00+00:00,0.2637,0.2647,0.2587,0.2592,3765700.0
2024-08-13 04:00:00+00:00,0.2592,0.2628,0.2571,0.2601,1884904.0
2024-08-13 08:00:00+00:00,0.2601,0.261,0.2555,0.258,4104262.0
2024-08-13 12:00:00+00:00,0.258,0.2628,0.2574,0.2621,3965222.0
2024-08-13 16:00:00+00:00,0.2621,0.271,0.2617,0.2667,8302938.0
2024-08-13 20:00:00+00:00,0.2667,0.2692,0.2654,0.2664,4018265.0
2024-08-14 00:00:00+00:00,0.2664,0.267,0.2622,0.2644,5899039.0
2024-08-14 04:00:00+00:00,0.2644,0.2652,0.2606,0.2611,4435043.0
2024-08-14 08:00:00+00:00,0.2611,0.2647,0.2588,0.263,4773563.0
2024-08-14 12:00:00+00:00,0.263,0.2673,0.2525,0.2585,16415971.0
2024-08-14 16:00:00+00:00,0.2585,0.2585,0.2535,0.2549,2433340.0
2024-08-14 20:00:00+00:00,0.2549,0.2563,0.2524,0.2553,2187224.0
2024-08-15 00:00:00+00:00,0.2553,0.257,0.2539,0.2557,2167919.0
2024-08-15 04:00:00+00:00,0.2557,0.2569,0.2532,0.2553,2740611.0
2024-08-15 08:00:00+00:00,0.2553,0.2599,0.2549,0.2577,3663716.0
2024-08-15 12:00:00+00:00,0.2577,0.2621,0.2573,0.2589,7034608.0
2024-08-15 16:00:00+00:00,0.2589,0.2602,0.2448,0.2467,13963936.0
2024-08-15 20:00:00+00:00,0.2467,0.2486,0.244,0.2473,6258615.0
2024-08-16 00:00:00+00:00,0.2473,0.2501,0.2452,0.2468,4605523.0
2024-08-16 04:00:00+00:00,0.2468,0.2508,0.2458,0.2502,2121784.0
2024-08-16 08:00:00+00:00,0.2502,0.251,0.2479,0.2484,2111099.0
2024-08-16 12:00:00+00:00,0.2484,0.2503,0.2411,0.2434,8063474.0
2024-08-16 16:00:00+00:00,0.2434,0.2499,0.2427,0.2491,7615116.0
2024-08-16 20:00:00+00:00,0.2491,0.2506,0.2483,0.2486,2394737.0
2024-08-17 00:00:00+00:00,0.2486,0.2496,0.2474,0.2484,2021607.0
2024-08-17 04:00:00+00:00,0.2484,0.2497,0.2477,0.2487,999500.0
2024-08-17 08:00:00+00:00,0.2487,0.2494,0.247,0.2473,2088519.0
2024-08-17 12:00:00+00:00,0.2473,0.2507,0.247,0.2481,3104969.0
2024-08-17 16:00:00+00:00,0.2481,0.2504,0.2479,0.2493,1571923.0
2024-08-17 20:00:00+00:00,0.2493,0.2523,0.2488,0.2522,2124385.0
2024-08-18 00:00:00+00:00,0.2522,0.2523,0.2488,0.2496,2961543.0
2024-08-18 04:00:00+00:00,0.2496,0.2507,0.2475,0.25,1815531.0
2024-08-18 08:00:00+00:00,0.25,0.256,0.2489,0.255,7105837.0
2024-08-18 12:00:00+00:00,0.255,0.2618,0.255,0.2582,10967369.0
2024-08-18 16:00:00+00:00,0.2582,0.2598,0.2568,0.259,1498155.0
2024-08-18 20:00:00+00:00,0.259,0.2599,0.2543,0.255,3649820.0
2024-08-19 00:00:00+00:00,0.255,0.2555,0.2505,0.2543,5295141.0
2024-08-19 04:00:00+00:00,0.2543,0.2576,0.2521,0.2553,3059390.0
2024-08-19 08:00:00+00:00,0.2553,0.2581,0.252,0.2559,4948676.0
2024-08-19 12:00:00+00:00,0.2559,0.2578,0.2528,0.2558,3862222.0
2024-08-19 16:00:00+00:00,0.2558,0.2598,0.2541,0.2585,3384943.0
2024-08-19 20:00:00+00:00,0.2585,0.2609,0.258,0.2596,1976522.0
2024-08-20 00:00:00+00:00,0.2596,0.2643,0.2585,0.2635,3650934.0
2024-08-20 04:00:00+00:00,0.2635,0.2658,0.2626,0.2645,2940283.0
2024-08-20 08:00:00+00:00,0.2645,0.2655,0.2628,0.2633,2116498.0
2024-08-20 12:00:00+00:00,0.2633,0.2657,0.2559,0.2579,6278576.0
2024-08-20 16:00:00+00:00,0.2579,0.2621,0.2565,0.2617,2936042.0
2024-08-20 20:00:00+00:00,0.2617,0.2639,0.26,0.2612,3115021.0
2024-08-21 00:00:00+00:00,0.2612,0.2643,0.26,0.2622,3202978.0
2024-08-21 04:00:00+00:00,0.2622,0.2652,0.2622,0.2649,1159512.0
2024-08-21 08:00:00+00:00,0.2649,0.2654,0.2608,0.2623,2107825.0
2024-08-21 12:00:00+00:00,0.2623,0.2659,0.2588,0.2636,5559897.0
2024-08-21 16:00:00+00:00,0.2636,0.2741,0.2623,0.274,8399013.0
2024-08-21 20:00:00+00:00,0.274,0.2771,0.273,0.274,3041701.0
2024-08-22 00:00:00+00:00,0.274,0.2741,0.268,0.2717,3423283.0
2024-08-22 04:00:00+00:00,0.2717,0.2732,0.2706,0.2728,1573801.0
2024-08-22 08:00:00+00:00,0.2728,0.2771,0.272,0.2763,3732007.0
2024-08-22 12:00:00+00:00,0.2763,0.2776,0.2736,0.2758,5533303.0
2024-08-22 16:00:00+00:00,0.2758,0.2772,0.2739,0.2753,4765054.0
2024-08-22 20:00:00+00:00,0.2753,0.277,0.2752,0.2757,2294019.0
2024-08-23 00:00:00+00:00,0.2757,0.2822,0.2756,0.2792,8482642.0
2024-08-23 04:00:00+00:00,0.2792,0.2855,0.2787,0.2854,4912072.0
2024-08-23 08:00:00+00:00,0.2854,0.2868,0.2824,0.2826,4841478.0
2024-08-23 12:00:00+00:00,0.2826,0.2897,0.2824,0.2889,9929540.0
2024-08-23 16:00:00+00:00,0.2889,0.2995,0.2884,0.2984,10225196.0
2024-08-23 20:00:00+00:00,0.2984,0.3023,0.2983,0.3,5608696.0
2024-08-24 00:00:00+00:00,0.3,0.3017,0.2966,0.2976,4377869.0
2024-08-24 04:00:00+00:00,0.2976,0.2987,0.2961,0.2968,2058259.0
2024-08-24 08:00:00+00:00,0.2968,0.3055,0.2963,0.3024,4581360.0
2024-08-24 12:00:00+00:00,0.3024,0.306,0.3012,0.3035,4253638.0
2024-08-24 16:00:00+00:00,0.3035,0.3092,0.3033,0.3068,5794381.0
2024-08-24 20:00:00+00:00,0.3068,0.3076,0.2977,0.3032,7773310.0
2024-08-25 00:00:00+00:00,0.3032,0.3035,0.2935,0.2971,7955812.0
2024-08-25 04:00:00+00:00,0.2971,0.2989,0.2889,0.2907,5435350.0
2024-08-25 08:00:00+00:00,0.2907,0.2949,0.2889,0.2933,3162944.0
2024-08-25 12:00:00+00:00,0.2933,0.2983,0.2933,0.2961,4144533.0
2024-08-25 16:00:00+00:00,0.2961,0.2987,0.2933,0.2947,2662453.0
2024-08-25 20:00:00+00:00,0.2947,0.2989,0.2935,0.294,2742045.0
2024-08-26 00:00:00+00:00,0.294,0.2974,0.2891,0.2926,2986071.0
2024-08-26 04:00:00+00:00,0.2926,0.2938,0.2883,0.2898,2718206.0
2024-08-26 08:00:00+00:00,0.2898,0.2931,0.2879,0.2895,3703838.0
2024-08-26 12:00:00+00:00,0.2895,0.2903,0.2822,0.2844,8544093.0
2024-08-26 16:00:00+00:00,0.2844,0.2859,0.2765,0.2795,8637623.0
2024-08-26 20:00:00+00:00,0.2795,0.2814,0.2769,0.2783,2601934.0
2024-08-27 00:00:00+00:00,0.2783,0.2825,0.2778,0.2809,2811195.0
2024-08-27 04:00:00+00:00,0.2809,0.2843,0.2803,0.2821,1776026.0
2024-08-27 08:00:00+00:00,0.2821,0.283,0.2732,0.275,4938057.0
2024-08-27 12:00:00+00:00,0.275,0.2776,0.2721,0.2747,3702430.0
2024-08-27 16:00:00+00:00,0.2747,0.2775,0.2731,0.2757,2908009.0
2024-08-27 20:00:00+00:00,0.2757,0.2757,0.2536,0.2593,13355219.0
2024-08-28 00:00:00+00:00,0.2593,0.2595,0.2548,0.2588,3364117.0
2024-08-28 04:00:00+00:00,0.2588,0.2592,0.2536,0.2539,2731596.0
2024-08-28 08:00:00+00:00,0.2539,0.2641,0.2515,0.2617,4121790.0
2024-08-28 12:00:00+00:00,0.2617,0.2636,0.2534,0.2559,4168342.0
2024-08-28 16:00:00+00:00,0.2559,0.2581,0.2469,0.2536,6460881.0
2024-08-28 20:00:00+00:00,0.2536,0.2587,0.2506,0.2537,3887804.0
2024-08-29 00:00:00+00:00,0.2537,0.2569,0.2533,0.2541,3676395.0
2024-08-29 04:00:00+00:00,0.2541,0.2572,0.2527,0.2556,1834173.0
2024-08-29 08:00:00+00:00,0.2556,0.2603,0.2543,0.2576,2817564.0
2024-08-29 12:00:00+00:00,0.2576,0.2623,0.257,0.2609,2358767.0
2024-08-29 16:00:00+00:00,0.2609,0.2618,0.2485,0.2518,5072222.0
2024-08-29 20:00:00+00:00,0.2518,0.2531,0.2491,0.2522,2156096.0
2024-08-30 00:00:00+00:00,0.2522,0.2541,0.2507,0.2515,1526861.0
2024-08-30 04:00:00+00:00,0.2515,0.2583,0.2511,0.2558,1968877.0
2024-08-30 08:00:00+00:00,0.2558,0.2592,0.2556,0.2559,1875789.0
2024-08-30 12:00:00+00:00,0.2559,0.2596,0.2435,0.2445,9228489.0
2024-08-30 16:00:00+00:00,0.2445,0.256,0.243,0.253,6374579.0
2024-08-30 20:00:00+00:00,0.253,0.2564,0.2524,0.255,3826394.0
2024-08-31 00:00:00+00:00,0.255,0.2576,0.2545,0.2564,1458681.0
2024-08-31 04:00:00+00:00,0.2564,0.2574,0.2554,0.2558,883165.0
2024-08-31 08:00:00+00:00,0.2558,0.2561,0.2525,0.255,1894097.0
2024-08-31 12:00:00+00:00,0.255,0.2551,0.2516,0.2525,1470592.0
2024-08-31 16:00:00+00:00,0.2525,0.2528,0.2488,0.2503,2301057.0
2024-08-31 20:00:00+00:00,0.2503,0.2534,0.2498,0.2515,1041575.0
2024-09-01 00:00:00+00:00,0.2515,0.2523,0.2473,0.2501,2193713.0
2024-09-01 04:00:00+00:00,0.2501,0.2509,0.2459,0.25,2332358.0
2024-09-01 08:00:00+00:00,0.25,0.2502,0.2463,0.248,2275766.0
2024-09-01 12:00:00+00:00,0.248,0.2485,0.2417,0.2472,8146154.0
2024-09-01 16:00:00+00:00,0.2472,0.2486,0.2407,0.2462,5075253.0
2024-09-01 20:00:00+00:00,0.2462,0.2474,0.2339,0.2352,7604288.0
2024-09-02 00:00:00+00:00,0.2352,0.2377,0.234,0.2367,3329119.0
2024-09-02 04:00:00+00:00,0.2367,0.2386,0.234,0.2352,3970400.0
2024-09-02 08:00:00+00:00,0.2352,0.2455,0.2351,0.2439,4718902.0
2024-09-02 12:00:00+00:00,0.2439,0.2484,0.2418,0.247,3621328.0
2024-09-02 16:00:00+00:00,0.247,0.2494,0.2451,0.248,2782698.0
2024-09-02 20:00:00+00:00,0.248,0.2533,0.2475,0.2502,2593754.0
2024-09-03 00:00:00+00:00,0.2502,0.2546,0.2499,0.2517,2099707.0
2024-09-03 04:00:00+00:00,0.2517,0.2535,0.2507,0.2533,2909006.0
2024-09-03 08:00:00+00:00,0.2533,0.2533,0.2492,0.2515,2083543.0
2024-09-03 12:00:00+00:00,0.2515,0.2527,0.2413,0.2416,6550149.0
2024-09-03 16:00:00+00:00,0.2416,0.2455,0.2407,0.2447,2534347.0
2024-09-03 20:00:00+00:00,0.2447,0.2459,0.2411,0.2415,1854276.0
2024-09-04 00:00:00+00:00,0.2415,0.2438,0.229,0.241,10362239.0
2024-09-04 04:00:00+00:00,0.241,0.2444,0.2397,0.2433,2027120.0
2024-09-04 08:00:00+00:00,0.2433,0.2452,0.2396,0.24,2252874.0
2024-09-04 12:00:00+00:00,0.24,0.2495,0.2387,0.2494,4228715.0
2024-09-04 16:00:00+00:00,0.2494,0.2543,0.2486,0.2503,4374260.0
2024-09-04 20:00:00+00:00,0.2503,0.2529,0.2488,0.2499,2579925.0
2024-09-05 00:00:00+00:00,0.2499,0.2514,0.2449,0.2458,4765323.0
2024-09-05 04:00:00+00:00,0.2458,0.2493,0.2447,0.2487,2440395.0
2024-09-05 08:00:00+00:00,0.2487,0.2493,0.2454,0.2462,2106258.0
2024-09-05 12:00:00+00:00,0.2462,0.2503,0.2422,0.2437,7816103.0
2024-09-05 16:00:00+00:00,0.2437,0.2461,0.2412,0.2424,2425179.0
2024-09-05 20:00:00+00:00,0.2424,0.244,0.2411,0.2435,1455480.0
2024-09-06 00:00:00+00:00,0.2435,0.2483,0.2422,0.2457,3774475.0
2024-09-06 04:00:00+00:00,0.2457,0.247,0.2398,0.2418,6832914.0
2024-09-06 08:00:00+00:00,0.2418,0.2447,0.2406,0.2431,2801036.0
2024-09-06 12:00:00+00:00,0.2431,0.2494,0.2374,0.2415,19174752.0
2024-09-06 16:00:00+00:00,0.2415,0.2419,0.2326,0.2336,12520069.0
2024-09-06 20:00:00+00:00,0.2336,0.2348,0.2259,0.2347,11814073.0
2024-09-07 00:00:00+00:00,0.2347,0.2361,0.2335,0.2344,2110906.0
2024-09-07 04:00:00+00:00,0.2344,0.2411,0.2343,0.2406,3285134.0
2024-09-07 08:00:00+00:00,0.2406,0.2412,0.2392,0.2398,1456877.0
2024-09-07 12:00:00+00:00,0.2398,0.2432,0.2397,0.2418,1869466.0
2024-09-07 16:00:00+00:00,0.2418,0.2426,0.2377,0.2418,2262521.0
2024-09-07 20:00:00+00:00,0.2418,0.2418,0.2371,0.2394,1379204.0
2024-09-08 00:00:00+00:00,0.2394,0.2419,0.2383,0.2418,1257383.0
2024-09-08 04:00:00+00:00,0.2418,0.2452,0.2418,0.2451,1591364.0
2024-09-08 08:00:00+00:00,0.2451,0.2465,0.2439,0.2447,2454705.0
2024-09-08 12:00:00+00:00,0.2447,0.2452,0.2394,0.2396,5154428.0
2024-09-08 16:00:00+00:00,0.2396,0.2429,0.2384,0.2415,2784870.0
2024-09-08 20:00:00+00:00,0.2415,0.2478,0.2406,0.2444,4175026.0
2024-09-09 00:00:00+00:00,0.2444,0.2466,0.2433,0.2451,1933344.0
2024-09-09 04:00:00+00:00,0.2451,0.2484,0.2433,0.2481,3058997.0
2024-09-09 08:00:00+00:00,0.2481,0.2515,0.248,0.2498,4831965.0
2024-09-09 12:00:00+00:00,0.2498,0.2515,0.2472,0.2508,6946154.0
2024-09-09 16:00:00+00:00,0.2508,0.2563,0.2506,0.2555,8814157.0
2024-09-09 20:00:00+00:00,0.2555,0.2578,0.2536,0.254,3971625.0
2024-09-10 00:00:00+00:00,0.254,0.2543,0.2499,0.2501,2798252.0
2024-09-10 04:00:00+00:00,0.2501,0.2538,0.2493,0.2534,2787933.0
2024-09-10 08:00:00+00:00,0.2534,0.2543,0.2515,0.254,4753868.0
2024-09-10 12:00:00+00:00,0.254,0.2543,0.2505,0.251,3532341.0
2024-09-10 16:00:00+00:00,0.251,0.2571,0.2507,0.2566,4133973.0
2024-09-10 20:00:00+00:00,0.2566,0.2571,0.2541,0.2544,1522450.0
2024-09-11 00:00:00+00:00,0.2544,0.255,0.2488,0.25,3331236.0
2024-09-11 04:00:00+00:00,0.25,0.25,0.2456,0.2498,2743727.0
2024-09-11 08:00:00+00:00,0.2498,0.2503,0.2474,0.2493,2936307.0
2024-09-11 12:00:00+00:00,0.2493,0.2529,0.2436,0.2503,10561708.0
2024-09-11 16:00:00+00:00,0.2503,0.2554,0.2499,0.2541,4744619.0
2024-09-11 20:00:00+00:00,0.2541,0.2553,0.2538,0.254,1344521.0
2024-09-12 00:00:00+00:00,0.254,0.2594,0.2539,0.2583,3678274.0
2024-09-12 04:00:00+00:00,0.2583,0.2598,0.2567,0.2571,1987635.0
2024-09-12 08:00:00+00:00,0.2571,0.2582,0.2554,0.2566,2400778.0
2024-09-12 12:00:00+00:00,0.2566,0.2597,0.2529,0.2535,5220509.0
2024-09-12 16:00:00+00:00,0.2535,0.2573,0.2535,0.2573,2587201.0
2024-09-12 20:00:00+00:00,0.2573,0.2596,0.2559,0.2594,2017885.0
2024-09-13 00:00:00+00:00,0.2594,0.2598,0.2574,0.2574,2354969.0
2024-09-13 04:00:00+00:00,0.2574,0.2584,0.2564,0.2575,1864201.0
2024-09-13 08:00:00+00:00,0.2575,0.2616,0.257,0.2577,3748751.0
2024-09-13 12:00:00+00:00,0.2577,0.2635,0.2557,0.2627,6355833.0
2024-09-13 16:00:00+00:00,0.2627,0.2637,0.2596,0.26,5117725.0
2024-09-13 20:00:00+00:00,0.26,0.2626,0.2598,0.2609,2276568.0
2024-09-14 00:00:00+00:00,0.2609,0.2613,0.2594,0.2598,1729223.0
2024-09-14 04:00:00+00:00,0.2598,0.26,0.2562,0.257,1574087.0
2024-09-14 08:00:00+00:00,0.257,0.2572,0.2515,0.2528,5845209.0
2024-09-14 12:00:00+00:00,0.2528,0.2556,0.2524,0.255,2387091.0
2024-09-14 16:00:00+00:00,0.255,0.2561,0.2519,0.2528,5899491.0
2024-09-14 20:00:00+00:00,0.2528,0.255,0.2525,0.2549,2346577.0
2024-09-15 00:00:00+00:00,0.2549,0.2572,0.2544,0.256,2804340.0
2024-09-15 04:00:00+00:00,0.256,0.2564,0.2545,0.2562,1222880.0
2024-09-15 08:00:00+00:00,0.2562,0.2562,0.2517,0.2525,2127765.0
2024-09-15 12:00:00+00:00,0.2525,0.2549,0.2513,0.2539,2065803.0
2024-09-15 16:00:00+00:00,0.2539,0.2539,0.2497,0.2505,3694172.0
2024-09-15 20:00:00+00:00,0.2505,0.2507,0.2431,0.2451,7852086.0
2024-09-16 00:00:00+00:00,0.2451,0.2453,0.2404,0.2441,7499770.0
2024-09-16 04:00:00+00:00,0.2441,0.2477,0.2434,0.2472,3262575.0
2024-09-16 08:00:00+00:00,0.2472,0.2485,0.2432,0.2452,4065868.0
2024-09-16 12:00:00+00:00,0.2452,0.2459,0.2403,0.242,4738149.0
2024-09-16 16:00:00+00:00,0.242,0.2431,0.2392,0.2419,3527785.0
2024-09-16 20:00:00+00:00,0.2419,0.2434,0.2397,0.2425,1984384.0
2024-09-17 00:00:00+00:00,0.2425,0.2434,0.2394,0.2427,2994737.0
2024-09-17 04:00:00+00:00,0.2427,0.2469,0.2424,0.2451,3137798.0
2024-09-17 08:00:00+00:00,0.2451,0.2476,0.2447,0.2464,2359428.0
2024-09-17 12:00:00+00:00,0.2464,0.2539,0.2451,0.2534,7488122.0
2024-09-17 16:00:00+00:00,0.2534,0.2549,0.2497,0.2514,3586820.0
2024-09-17 20:00:00+00:00,0.2514,0.254,0.2506,0.2517,1959872.0
2024-09-18 00:00:00+00:00,0.2517,0.2552,0.2487,0.2539,3029588.0
2024-09-18 04:00:00+00:00,0.2539,0.2544,0.2512,0.2529,2534451.0
2024-09-18 08:00:00+00:00,0.2529,0.2529,0.2455,0.2477,5018717.0
2024-09-18 12:00:00+00:00,0.2477,0.249,0.2421,0.2429,9823322.0
2024-09-18 16:00:00+00:00,0.2429,0.2526,0.2412,0.248,18435316.0
2024-09-18 20:00:00+00:00,0.248,0.2572,0.2456,0.2569,4605264.0
2024-09-19 00:00:00+00:00,0.2569,0.2639,0.2569,0.262,8297746.0
2024-09-19 04:00:00+00:00,0.262,0.2642,0.2607,0.2642,2752097.0
2024-09-19 08:00:00+00:00,0.2642,0.2648,0.2615,0.2636,3292942.0
2024-09-19 12:00:00+00:00,0.2636,0.268,0.2634,0.2663,5341814.0
2024-09-19 16:00:00+00:00,0.2663,0.2704,0.2662,0.267,5111461.0
2024-09-19 20:00:00+00:00,0.267,0.2685,0.2651,0.268,2989263.0
2024-09-20 00:00:00+00:00,0.268,0.273,0.2642,0.2729,6486975.0
2024-09-20 04:00:00+00:00,0.2729,0.2762,0.2722,0.2745,5627365.0
2024-09-20 08:00:00+00:00,0.2745,0.2756,0.2711,0.2722,3593714.0
2024-09-20 12:00:00+00:00,0.2722,0.2734,0.2678,0.2705,6617541.0
2024-09-20 16:00:00+00:00,0.2705,0.2714,0.2661,0.2694,2633251.0
2024-09-20 20:00:00+00:00,0.2694,0.272,0.2691,0.2718,1952399.0
2024-09-21 00:00:00+00:00,0.2718,0.2745,0.2702,0.2732,4045212.0
2024-09-21 04:00:00+00:00,0.2732,0.2752,0.2705,0.2752,1920614.0
2024-09-21 08:00:00+00:00,0.2752,0.2782,0.2748,0.2771,2607998.0
2024-09-21 12:00:00+00:00,0.2771,0.2858,0.2768,0.2849,6442617.0
2024-09-21 16:00:00+00:00,0.2849,0.2896,0.2848,0.2856,6145869.0
2024-09-21 20:00:00+00:00,0.2856,0.2891,0.2853,0.2879,3237653.0
2024-09-22 00:00:00+00:00,0.2879,0.2886,0.2801,0.2823,5708818.0
2024-09-22 04:00:00+00:00,0.2823,0.284,0.279,0.28,4106829.0
2024-09-22 08:00:00+00:00,0.28,0.2822,0.2755,0.2777,4441311.0
2024-09-22 12:00:00+00:00,0.2777,0.2788,0.2738,0.2748,2625543.0
2024-09-22 16:00:00+00:00,0.2748,0.2778,0.2722,0.2767,4374934.0
2024-09-22 20:00:00+00:00,0.2767,0.2783,0.2685,0.2765,6527868.0
2024-09-23 00:00:00+00:00,0.2765,0.2835,0.2707,0.281,9074248.0
2024-09-23 04:00:00+00:00,0.281,0.2821,0.2772,0.2782,4690592.0
2024-09-23 08:00:00+00:00,0.2782,0.2788,0.2749,0.2769,5296434.0
2024-09-23 12:00:00+00:00,0.2769,0.2802,0.2749,0.2773,4920207.0
2024-09-23 16:00:00+00:00,0.2773,0.2786,0.2733,0.2765,3385478.0
2024-09-23 20:00:00+00:00,0.2765,0.2781,0.2746,0.2776,2264770.0
2024-09-24 00:00:00+00:00,0.2776,0.2785,0.2715,0.2758,5563805.0
2024-09-24 04:00:00+00:00,0.2758,0.2804,0.2731,0.2801,2761035.0
2024-09-24 08:00:00+00:00,0.2801,0.2814,0.278,0.2806,5768067.0
2024-09-24 12:00:00+00:00,0.2806,0.2837,0.2746,0.2767,12616079.0
2024-09-24 16:00:00+00:00,0.2767,0.2836,0.2763,0.2833,5348761.0
2024-09-24 20:00:00+00:00,0.2833,0.2856,0.2814,0.2838,5828748.0
2024-09-25 00:00:00+00:00,0.2838,0.2886,0.2824,0.2848,7087915.0
2024-09-25 04:00:00+00:00,0.2848,0.285,0.2763,0.2796,7688550.0
2024-09-25 08:00:00+00:00,0.2796,0.2825,0.2777,0.2799,5122123.0
2024-09-25 12:00:00+00:00,0.2799,0.2837,0.2781,0.2794,4129047.0
2024-09-25 16:00:00+00:00,0.2794,0.2814,0.2767,0.2771,5866809.0
2024-09-25 20:00:00+00:00,0.2771,0.2802,0.2745,0.276,5668627.0
2024-09-26 00:00:00+00:00,0.276,0.2801,0.2719,0.2798,6721732.0
2024-09-26 04:00:00+00:00,0.2798,0.2853,0.2784,0.2851,4260496.0
2024-09-26 08:00:00+00:00,0.2851,0.2857,0.2818,0.2838,4820134.0
2024-09-26 12:00:00+00:00,0.2838,0.2879,0.282,0.2872,8730312.0
2024-09-26 16:00:00+00:00,0.2872,0.2897,0.2855,0.2858,3636547.0
2024-09-26 20:00:00+00:00,0.2858,0.2909,0.2827,0.2903,4420454.0
2024-09-27 00:00:00+00:00,0.2903,0.2946,0.2889,0.2944,3868741.0
2024-09-27 04:00:00+00:00,0.2944,0.2988,0.2943,0.2956,6175055.0
2024-09-27 08:00:00+00:00,0.2956,0.2988,0.2952,0.2972,5343252.0
2024-09-27 12:00:00+00:00,0.2972,0.3029,0.2957,0.3001,9328037.0
2024-09-27 16:00:00+00:00,0.3001,0.3018,0.2969,0.2984,4313228.0
2024-09-27 20:00:00+00:00,0.2984,0.3004,0.2975,0.3,1467747.0
2024-09-28 00:00:00+00:00,0.3,0.3012,0.2977,0.2994,2120286.0
2024-09-28 04:00:00+00:00,0.2994,0.2999,0.2933,0.2933,4763634.0
2024-09-28 08:00:00+00:00,0.2933,0.294,0.2867,0.2927,5950058.0
2024-09-28 12:00:00+00:00,0.2927,0.2928,0.2885,0.2915,4495619.0
2024-09-28 16:00:00+00:00,0.2915,0.2933,0.2896,0.2929,1804601.0
2024-09-28 20:00:00+00:00,0.2929,0.2935,0.2879,0.2918,3249883.0
2024-09-29 00:00:00+00:00,0.2918,0.2932,0.2887,0.2925,3098647.0
2024-09-29 04:00:00+00:00,0.2925,0.2927,0.2847,0.2852,6059129.0
2024-09-29 08:00:00+00:00,0.2852,0.2894,0.2846,0.289,2248378.0
2024-09-29 12:00:00+00:00,0.289,0.2912,0.2841,0.2904,5078363.0
2024-09-29 16:00:00+00:00,0.2904,0.294,0.289,0.2939,4045585.0
2024-09-29 20:00:00+00:00,0.2939,0.2955,0.2883,0.2899,3729147.0
2024-09-30 00:00:00+00:00,0.2899,0.2922,0.2816,0.2854,12738461.0
2024-09-30 04:00:00+00:00,0.2854,0.29,0.2826,0.2894,4759385.0
2024-09-30 08:00:00+00:00,0.2894,0.2899,0.2786,0.2821,8000708.0
2024-09-30 12:00:00+00:00,0.2821,0.2833,0.2738,0.2741,8149643.0
2024-09-30 16:00:00+00:00,0.2741,0.2753,0.2709,0.2737,8427739.0
2024-09-30 20:00:00+00:00,0.2737,0.2762,0.2672,0.2698,7795436.0
2024-10-01 00:00:00+00:00,0.2698,0.2758,0.2665,0.2755,6998175.0
2024-10-01 04:00:00+00:00,0.2755,0.2787,0.2739,0.2776,4220486.0
2024-10-01 08:00:00+00:00,0.2776,0.279,0.2758,0.2778,2901172.0
2024-10-01 12:00:00+00:00,0.2778,0.2779,0.2527,0.2593,25698420.0
2024-10-01 16:00:00+00:00,0.2593,0.2602,0.2413,0.2485,23368715.0
2024-10-01 20:00:00+00:00,0.2485,0.25,0.2434,0.2492,8003552.0
2024-10-02 00:00:00+00:00,0.2492,0.2543,0.2474,0.2538,5973525.0
2024-10-02 04:00:00+00:00,0.2538,0.2573,0.2517,0.255,5359133.0
2024-10-02 08:00:00+00:00,0.255,0.2556,0.2464,0.2494,7033434.0
2024-10-02 12:00:00+00:00,0.2494,0.2503,0.2448,0.2494,7637851.0
2024-10-02 16:00:00+00:00,0.2494,0.2519,0.2376,0.2416,11017424.0
2024-10-02 20:00:00+00:00,0.2416,0.2447,0.2398,0.2434,3584536.0
2024-10-03 00:00:00+00:00,0.2434,0.2474,0.2412,0.2473,3780271.0
2024-10-03 04:00:00+00:00,0.2473,0.2482,0.2427,0.2428,3472198.0
2024-10-03 08:00:00+00:00,0.2428,0.2446,0.2357,0.241,8908901.0
2024-10-03 12:00:00+00:00,0.241,0.2432,0.2354,0.2404,14484348.0
2024-10-03 16:00:00+00:00,0.2404,0.2438,0.2351,0.2438,8110032.0
2024-10-03 20:00:00+00:00,0.2438,0.2458,0.2404,0.2451,2917445.0
2024-10-04 00:00:00+00:00,0.2451,0.249,0.2431,0.2468,3632480.0
2024-10-04 04:00:00+00:00,0.2468,0.2513,0.2468,0.2498,3056357.0
2024-10-04 08:00:00+00:00,0.2498,0.2512,0.2471,0.2487,3783829.0
2024-10-04 12:00:00+00:00,0.2487,0.2529,0.2457,0.2526,8269093.0
2024-10-04 16:00:00+00:00,0.2526,0.2544,0.2509,0.2529,2636093.0
2024-10-04 20:00:00+00:00,0.2529,0.2535,0.2521,0.2525,1589526.0
2024-10-05 00:00:00+00:00,0.2525,0.2552,0.2493,0.2506,2540096.0
2024-10-05 04:00:00+00:00,0.2506,0.2548,0.2501,0.2533,1405862.0
2024-10-05 08:00:00+00:00,0.2533,0.2555,0.2533,0.2549,1683535.0
2024-10-05 12:00:00+00:00,0.2549,0.2556,0.252,0.2531,2470406.0
2024-10-05 16:00:00+00:00,0.2531,0.2531,0.2496,0.2501,3099897.0
2024-10-05 20:00:00+00:00,0.2501,0.2529,0.2483,0.2518,1919394.0
2024-10-06 00:00:00+00:00,0.2518,0.2537,0.2506,0.251,954204.0
2024-10-06 04:00:00+00:00,0.251,0.2531,0.2503,0.2528,1181864.0
2024-10-06 08:00:00+00:00,0.2528,0.2548,0.252,0.2545,1010270.0
2024-10-06 12:00:00+00:00,0.2545,0.2588,0.2541,0.2575,3298162.0
2024-10-06 16:00:00+00:00,0.2575,0.2585,0.2539,0.2543,2443101.0
2024-10-06 20:00:00+00:00,0.2543,0.2575,0.2527,0.2574,1703132.0
2024-10-07 00:00:00+00:00,0.2574,0.2637,0.2568,0.2621,6532713.0
2024-10-07 04:00:00+00:00,0.2621,0.2626,0.2598,0.2604,2283182.0
2024-10-07 08:00:00+00:00,0.2604,0.2611,0.253,0.257,5680185.0
2024-10-07 12:00:00+00:00,0.257,0.2635,0.2552,0.2599,9995204.0
2024-10-07 16:00:00+00:00,0.2599,0.2623,0.2555,0.2589,6252110.0
2024-10-07 20:00:00+00:00,0.2589,0.2612,0.2535,0.254,6373518.0
2024-10-08 00:00:00+00:00,0.254,0.2576,0.2536,0.2569,3976807.0
2024-10-08 04:00:00+00:00,0.2569,0.2579,0.2512,0.2533,3973999.0
2024-10-08 08:00:00+00:00,0.2533,0.2566,0.2521,0.2561,3565226.0
2024-10-08 12:00:00+00:00,0.2561,0.2565,0.2486,0.2509,7868798.0
2024-10-08 16:00:00+00:00,0.2509,0.2533,0.248,0.2506,8912496.0
2024-10-08 20:00:00+00:00,0.2506,0.2526,0.2491,0.2507,1573360.0
2024-10-09 00:00:00+00:00,0.2507,0.2539,0.249,0.2512,1998955.0
2024-10-09 04:00:00+00:00,0.2512,0.2534,0.25,0.2512,1469467.0
2024-10-09 08:00:00+00:00,0.2512,0.2516,0.2495,0.2508,2776502.0
2024-10-09 12:00:00+00:00,0.2508,0.2508,0.2449,0.2492,9964545.0
2024-10-09 16:00:00+00:00,0.2492,0.2494,0.2441,0.2456,5381114.0
2024-10-09 20:00:00+00:00,0.2456,0.246,0.2414,0.2451,8594589.0
2024-10-10 00:00:00+00:00,0.2451,0.2478,0.2432,0.2469,2793155.0
2024-10-10 04:00:00+00:00,0.2469,0.2488,0.2462,0.2469,1834312.0
2024-10-10 08:00:00+00:00,0.2469,0.2494,0.2434,0.2488,4156057.0
2024-10-10 12:00:00+00:00,0.2488,0.2494,0.2442,0.2466,6970272.0
2024-10-10 16:00:00+00:00,0.2466,0.2477,0.2396,0.244,8656562.0
2024-10-10 20:00:00+00:00,0.244,0.2477,0.2438,0.2475,2962132.0
2024-10-11 00:00:00+00:00,0.2475,0.2506,0.2466,0.2497,2731078.0
2024-10-11 04:00:00+00:00,0.2497,0.2541,0.2485,0.2531,3823414.0
2024-10-11 08:00:00+00:00,0.2531,0.2545,0.2517,0.2536,2743645.0
2024-10-11 12:00:00+00:00,0.2536,0.2568,0.2529,0.2566,4711500.0
2024-10-11 16:00:00+00:00,0.2566,0.2593,0.2557,0.2586,4483646.0
2024-10-11 20:00:00+00:00,0.2586,0.2603,0.2582,0.259,3208766.0
2024-10-12 00:00:00+00:00,0.259,0.2606,0.2581,0.2591,2491664.0
2024-10-12 04:00:00+00:00,0.2591,0.2621,0.2591,0.2618,1891982.0
2024-10-12 08:00:00+00:00,0.2618,0.2665,0.2613,0.2647,4859368.0
2024-10-12 12:00:00+00:00,0.2647,0.267,0.2641,0.2649,3823103.0
2024-10-12 16:00:00+00:00,0.2649,0.2661,0.2626,0.2636,2850835.0
2024-10-12 20:00:00+00:00,0.2636,0.2661,0.2635,0.2647,1598881.0
2024-10-13 00:00:00+00:00,0.2647,0.266,0.2625,0.2637,2506925.0
2024-10-13 04:00:00+00:00,0.2637,0.2684,0.2637,0.2678,2571687.0
2024-10-13 08:00:00+00:00,0.2678,0.2685,0.2632,0.2633,3054741.0
2024-10-13 12:00:00+00:00,0.2633,0.2653,0.2574,0.2585,5359525.0
2024-10-13 16:00:00+00:00,0.2585,0.2612,0.2564,0.2576,4440385.0
2024-10-13 20:00:00+00:00,0.2576,0.2634,0.2568,0.262,2360675.0
2024-10-14 00:00:00+00:00,0.262,0.2684,0.2592,0.2678,5970490.0
2024-10-14 04:00:00+00:00,0.2678,0.2714,0.2654,0.2705,6220179.0
2024-10-14 08:00:00+00:00,0.2705,0.2713,0.2677,0.2712,4397103.0
2024-10-14 12:00:00+00:00,0.2712,0.276,0.2691,0.2755,8362131.0
2024-10-14 16:00:00+00:00,0.2755,0.2775,0.2737,0.2757,4750554.0
2024-10-14 20:00:00+00:00,0.2757,0.2792,0.2753,0.2767,2718666.0
2024-10-15 00:00:00+00:00,0.2767,0.2783,0.2735,0.2736,2835788.0
2024-10-15 04:00:00+00:00,0.2736,0.2757,0.2715,0.273,5570570.0
2024-10-15 08:00:00+00:00,0.273,0.2749,0.2652,0.2665,8390925.0
2024-10-15 12:00:00+00:00,0.2665,0.2764,0.2602,0.2659,21314472.0
2024-10-15 16:00:00+00:00,0.2659,0.2726,0.2658,0.2688,4461863.0
2024-10-15 20:00:00+00:00,0.2688,0.2707,0.2641,0.2701,4804512.0
2024-10-16 00:00:00+00:00,0.2701,0.2712,0.2665,0.268,2742748.0
2024-10-16 04:00:00+00:00,0.268,0.2691,0.2632,0.2642,2850258.0
2024-10-16 08:00:00+00:00,0.2642,0.2695,0.2638,0.2679,4879023.0
2024-10-16 12:00:00+00:00,0.2679,0.2692,0.2638,0.2656,5106342.0
2024-10-16 16:00:00+00:00,0.2656,0.2691,0.2643,0.2687,1997407.0
2024-10-16 20:00:00+00:00,0.2687,0.2712,0.2683,0.2689,1446664.0
2024-10-17 00:00:00+00:00,0.2689,0.2703,0.2671,0.2684,2252653.0
2024-10-17 04:00:00+00:00,0.2684,0.2685,0.2608,0.2624,3398603.0
2024-10-17 08:00:00+00:00,0.2624,0.2633,0.256,0.2565,5382140.0
2024-10-17 12:00:00+00:00,0.2565,0.2591,0.2551,0.2583,7215261.0
2024-10-17 16:00:00+00:00,0.2583,0.2584,0.2527,0.2558,5940511.0
2024-10-17 20:00:00+00:00,0.2558,0.2593,0.2556,0.2585,2755981.0
2024-10-18 00:00:00+00:00,0.2585,0.2618,0.2559,0.2591,3014155.0
2024-10-18 04:00:00+00:00,0.2591,0.2626,0.2587,0.2614,1871475.0
2024-10-18 08:00:00+00:00,0.2614,0.2616,0.2593,0.2596,2297295.0
2024-10-18 12:00:00+00:00,0.2596,0.2628,0.2582,0.2621,4813290.0
2024-10-18 16:00:00+00:00,0.2621,0.27,0.2606,0.2667,5811554.0
2024-10-18 20:00:00+00:00,0.2667,0.2817,0.2667,0.2809,17466683.0
2024-10-19 00:00:00+00:00,0.2809,0.2969,0.2805,0.2923,32701638.0
2024-10-19 04:00:00+00:00,0.2923,0.2965,0.2861,0.2871,10922785.0
2024-10-19 08:00:00+00:00,0.2871,0.2892,0.2776,0.2777,11506101.0
2024-10-19 12:00:00+00:00,0.2777,0.2826,0.2775,0.2791,8893789.0
2024-10-19 16:00:00+00:00,0.2791,0.2793,0.2755,0.2765,6743773.0
2024-10-19 20:00:00+00:00,0.2765,0.2811,0.276,0.2805,3743271.0
2024-10-20 00:00:00+00:00,0.2805,0.2828,0.2772,0.2778,5899387.0
2024-10-20 04:00:00+00:00,0.2778,0.2893,0.277,0.2849,13437379.0
2024-10-20 08:00:00+00:00,0.2849,0.2887,0.2839,0.2851,7182063.0
2024-10-20 12:00:00+00:00,0.2851,0.2885,0.2823,0.2861,7895143.0
2024-10-20 16:00:00+00:00,0.2861,0.2871,0.2837,0.2844,2409807.0
2024-10-20 20:00:00+00:00,0.2844,0.2878,0.2841,0.2867,4894202.0
2024-10-21 00:00:00+00:00,0.2867,0.2882,0.2839,0.2861,6030109.0
2024-10-21 04:00:00+00:00,0.2861,0.2905,0.2847,0.2852,7166103.0
2024-10-21 08:00:00+00:00,0.2852,0.2886,0.2822,0.2841,7987459.0
2024-10-21 12:00:00+00:00,0.2841,0.2858,0.276,0.2795,10826159.0
2024-10-21 16:00:00+00:00,0.2795,0.2807,0.2756,0.2792,4204888.0
2024-10-21 20:00:00+00:00,0.2792,0.2797,0.2762,0.2763,2612988.0
2024-10-22 00:00:00+00:00,0.2763,0.2784,0.2712,0.277,6863249.0
2024-10-22 04:00:00+00:00,0.277,0.2778,0.2749,0.275,5518215.0
2024-10-22 08:00:00+00:00,0.275,0.275,0.2691,0.2721,5517397.0
2024-10-22 12:00:00+00:00,0.2721,0.2732,0.2672,0.2727,7065521.0
2024-10-22 16:00:00+00:00,0.2727,0.2772,0.2693,0.275,4443485.0
2024-10-22 20:00:00+00:00,0.275,0.2816,0.2735,0.2801,3413489.0
2024-10-23 00:00:00+00:00,0.2801,0.2828,0.2737,0.2751,4885445.0
2024-10-23 04:00:00+00:00,0.2751,0.2761,0.2693,0.2697,2559179.0
2024-10-23 08:00:00+00:00,0.2697,0.271,0.266,0.267,3580781.0
2024-10-23 12:00:00+00:00,0.267,0.2686,0.2617,0.2632,5283379.0
2024-10-23 16:00:00+00:00,0.2632,0.2638,0.2569,0.2628,8877863.0
2024-10-23 20:00:00+00:00,0.2628,0.2648,0.2617,0.2639,2858879.0
2024-10-24 00:00:00+00:00,0.2639,0.2676,0.2618,0.2657,4497652.0
2024-10-24 04:00:00+00:00,0.2657,0.2677,0.2633,0.2633,2459418.0
2024-10-24 08:00:00+00:00,0.2633,0.264,0.2577,0.2614,5488132.0
2024-10-24 12:00:00+00:00,0.2614,0.265,0.261,0.2641,4646901.0
2024-10-24 16:00:00+00:00,0.2641,0.2668,0.2633,0.2664,2866614.0
2024-10-24 20:00:00+00:00,0.2664,0.2691,0.2652,0.2662,3246978.0
2024-10-25 00:00:00+00:00,0.2662,0.2671,0.2619,0.2627,3972588.0
2024-10-25 04:00:00+00:00,0.2627,0.2632,0.257,0.2589,4761934.0
2024-10-25 08:00:00+00:00,0.2589,0.2627,0.2569,0.2627,2137332.0
2024-10-25 12:00:00+00:00,0.2627,0.267,0.2603,0.2622,4907136.0
2024-10-25 16:00:00+00:00,0.2622,0.2641,0.254,0.2586,10361841.0
2024-10-25 20:00:00+00:00,0.2586,0.2598,0.234,0.2432,21791642.0
2024-10-26 00:00:00+00:00,0.2432,0.2483,0.2381,0.247,8372519.0
2024-10-26 04:00:00+00:00,0.247,0.2476,0.2455,0.2464,2367313.0
2024-10-26 08:00:00+00:00,0.2464,0.2483,0.2461,0.2472,2205602.0
2024-10-26 12:00:00+00:00,0.2472,0.2474,0.2397,0.2417,4784303.0
2024-10-26 16:00:00+00:00,0.2417,0.2464,0.2405,0.246,2470163.0
2024-10-26 20:00:00+00:00,0.246,0.2484,0.2458,0.2477,1709189.0
2024-10-27 00:00:00+00:00,0.2477,0.2503,0.2462,0.25,1600723.0
2024-10-27 04:00:00+00:00,0.25,0.2506,0.2481,0.249,1678289.0
2024-10-27 08:00:00+00:00,0.249,0.2506,0.2479,0.25,2348523.0
2024-10-27 12:00:00+00:00,0.25,0.2522,0.2497,0.2518,2562371.0
2024-10-27 16:00:00+00:00,0.2518,0.253,0.2493,0.2505,2373674.0
2024-10-27 20:00:00+00:00,0.2505,0.2541,0.2502,0.2512,2968075.0
2024-10-28 00:00:00+00:00,0.2512,0.2522,0.2456,0.2461,2749160.0
2024-10-28 04:00:00+00:00,0.2461,0.25,0.2433,0.2485,4378950.0
2024-10-28 08:00:00+00:00,0.2485,0.2496,0.2462,0.2479,2973592.0
2024-10-28 12:00:00+00:00,0.2479,0.2512,0.245,0.2451,8148836.0
2024-10-28 16:00:00+00:00,0.2451,0.2508,0.2422,0.249,5228892.0
2024-10-28 20:00:00+00:00,0.249,0.2562,0.249,0.2529,6095144.0
2024-10-29 00:00:00+00:00,0.2529,0.2587,0.2523,0.2565,5662259.0
2024-10-29 04:00:00+00:00,0.2565,0.257,0.2536,0.254,2710640.0
2024-10-29 08:00:00+00:00,0.254,0.2558,0.2537,0.2545,2420956.0
2024-10-29 12:00:00+00:00,0.2545,0.2561,0.2537,0.2561,3938448.0
2024-10-29 16:00:00+00:00,0.2561,0.2625,0.256,0.2569,8513242.0
2024-10-29 20:00:00+00:00,0.2569,0.2602,0.2548,0.2599,3175934.0
2024-10-30 00:00:00+00:00,0.2599,0.2606,0.2558,0.2588,3201597.0
2024-10-30 04:00:00+00:00,0.2588,0.259,0.2562,0.2565,2021577.0
2024-10-30 08:00:00+00:00,0.2565,0.2579,0.2517,0.2519,4654466.0
2024-10-30 12:00:00+00:00,0.2519,0.2581,0.2509,0.2554,8287526.0
2024-10-30 16:00:00+00:00,0.2554,0.2573,0.2548,0.2558,2941318.0
2024-10-30 20:00:00+00:00,0.2558,0.2587,0.2547,0.2565,3346085.0
2024-10-31 00:00:00+00:00,0.2565,0.2573,0.2532,0.2534,2586462.0
2024-10-31 04:00:00+00:00,0.2534,0.2538,0.2497,0.2509,3838220.0
2024-10-31 08:00:00+00:00,0.2509,0.2528,0.2485,0.2514,3311851.0
2024-10-31 12:00:00+00:00,0.2514,0.2521,0.2455,0.2474,9221911.0
2024-10-31 16:00:00+00:00,0.2474,0.2474,0.2407,0.2414,4689039.0
2024-10-31 20:00:00+00:00,0.2414,0.2447,0.2406,0.2433,2600612.0
2024-11-01 00:00:00+00:00,0.2433,0.2437,0.2372,0.2414,7504805.0
2024-11-01 04:00:00+00:00,0.2414,0.2426,0.2365,0.2394,3925000.0
2024-11-01 08:00:00+00:00,0.2394,0.2453,0.2391,0.2448,2859821.0
2024-11-01 12:00:00+00:00,0.2448,0.2495,0.239,0.2414,10793593.0
2024-11-01 16:00:00+00:00,0.2414,0.246,0.2408,0.243,5860439.0
2024-11-01 20:00:00+00:00,0.243,0.2449,0.2399,0.2439,2613084.0
2024-11-02 00:00:00+00:00,0.2439,0.2469,0.2438,0.2443,1890223.0
2024-11-02 04:00:00+00:00,0.2443,0.2467,0.2428,0.2464,1075631.0
2024-11-02 08:00:00+00:00,0.2464,0.2466,0.2438,0.2445,1197539.0
2024-11-02 12:00:00+00:00,0.2445,0.2447,0.2393,0.2411,3297649.0
2024-11-02 16:00:00+00:00,0.2411,0.2416,0.2376,0.2399,3118883.0
2024-11-02 20:00:00+00:00,0.2399,0.2407,0.2383,0.2396,1351963.0
2024-11-03 00:00:00+00:00,0.2396,0.2406,0.2292,0.2335,9416469.0
2024-11-03 04:00:00+00:00,0.2335,0.2373,0.2335,0.2357,2297256.0
2024-11-03 08:00:00+00:00,0.2357,0.236,0.2318,0.2319,2369992.0
2024-11-03 12:00:00+00:00,0.2319,0.2333,0.2236,0.2282,13189087.0
2024-11-03 16:00:00+00:00,0.2282,0.2303,0.2244,0.2303,6169096.0
2024-11-03 20:00:00+00:00,0.2303,0.2342,0.2292,0.2323,8208625.0
2024-11-04 00:00:00+00:00,0.2323,0.236,0.229,0.2337,3436441.0
2024-11-04 04:00:00+00:00,0.2337,0.2351,0.2311,0.2315,1497516.0
2024-11-04 08:00:00+00:00,0.2315,0.2345,0.2292,0.2331,1886157.0
2024-11-04 12:00:00+00:00,0.2331,0.2355,0.2306,0.2317,2565567.0
2024-11-04 16:00:00+00:00,0.2317,0.2318,0.2271,0.2303,3668497.0
2024-11-04 20:00:00+00:00,0.2303,0.2304,0.2229,0.2273,5080640.0
2024-11-05 00:00:00+00:00,0.2273,0.2296,0.2259,0.2295,2490731.0
2024-11-05 04:00:00+00:00,0.2295,0.2319,0.2295,0.2313,1693444.0
2024-11-05 08:00:00+00:00,0.2313,0.2327,0.23,0.2308,1897380.0
2024-11-05 12:00:00+00:00,0.2308,0.2395,0.2307,0.2362,5797158.0
2024-11-05 16:00:00+00:00,0.2362,0.2394,0.2335,0.2346,3422520.0
2024-11-05 20:00:00+00:00,0.2346,0.2382,0.2338,0.2368,1882195.0
2024-11-06 00:00:00+00:00,0.2368,0.252,0.2367,0.2514,11573134.0
2024-11-06 04:00:00+00:00,0.2514,0.2548,0.2491,0.2508,11563119.0
2024-11-06 08:00:00+00:00,0.2508,0.2526,0.2458,0.2515,7101475.0
2024-11-06 12:00:00+00:00,0.2515,0.2534,0.2483,0.2506,4871298.0
2024-11-06 16:00:00+00:00,0.2506,0.2523,0.2492,0.2522,2810298.0
2024-11-06 20:00:00+00:00,0.2522,0.2572,0.2514,0.2557,6628572.0
2024-11-07 00:00:00+00:00,0.2557,0.2623,0.2554,0.26,6876496.0
2024-11-07 04:00:00+00:00,0.26,0.2601,0.2535,0.2556,5826219.0
2024-11-07 08:00:00+00:00,0.2556,0.2574,0.2537,0.254,2419678.0
2024-11-07 12:00:00+00:00,0.254,0.2574,0.2533,0.2571,10890109.0
2024-11-07 16:00:00+00:00,0.2571,0.2585,0.255,0.2575,5338389.0
2024-11-07 20:00:00+00:00,0.2575,0.2605,0.2559,0.258,5172798.0
2024-11-08 00:00:00+00:00,0.258,0.2604,0.2524,0.2541,5863221.0
2024-11-08 04:00:00+00:00,0.2541,0.2566,0.2534,0.256,3465568.0
2024-11-08 08:00:00+00:00,0.256,0.2591,0.2531,0.2584,5591062.0
2024-11-08 12:00:00+00:00,0.2584,0.2636,0.2582,0.2609,8557518.0
2024-11-08 16:00:00+00:00,0.2609,0.2628,0.255,0.2619,9960730.0
2024-11-08 20:00:00+00:00,0.2619,0.2651,0.2591,0.2648,5030135.0
2024-11-09 00:00:00+00:00,0.2648,0.2653,0.258,0.2589,5386879.0
2024-11-09 04:00:00+00:00,0.2589,0.2644,0.2586,0.2629,4683080.0
2024-11-09 08:00:00+00:00,0.2629,0.2667,0.2612,0.2666,6282754.0
2024-11-09 12:00:00+00:00,0.2666,0.2668,0.2612,0.2637,6477815.0
2024-11-09 16:00:00+00:00,0.2637,0.2655,0.2586,0.2632,5523119.0
2024-11-09 20:00:00+00:00,0.2632,0.2766,0.2628,0.2754,7370285.0
2024-11-10 00:00:00+00:00,0.2754,0.2771,0.2706,0.2766,8170964.0
2024-11-10 04:00:00+00:00,0.2766,0.2852,0.2765,0.2838,12861179.0
2024-11-10 08:00:00+00:00,0.2838,0.2905,0.2837,0.2891,7999976.0
2024-11-10 12:00:00+00:00,0.2891,0.2964,0.284,0.2938,17446899.0
2024-11-10 16:00:00+00:00,0.2938,0.3005,0.2872,0.2911,25164783.0
2024-11-10 20:00:00+00:00,0.2911,0.2928,0.2741,0.2893,22358687.0
2024-11-11 00:00:00+00:00,0.2893,0.3066,0.2884,0.3031,18147511.0
2024-11-11 04:00:00+00:00,0.3031,0.3032,0.2841,0.2886,19958673.0
2024-11-11 08:00:00+00:00,0.2886,0.2945,0.2872,0.2942,8999610.0
2024-11-11 12:00:00+00:00,0.2942,0.2961,0.2861,0.292,14918345.0
2024-11-11 16:00:00+00:00,0.292,0.3004,0.2917,0.2972,13075694.0
2024-11-11 20:00:00+00:00,0.2972,0.3077,0.2927,0.3061,16280335.0
2024-11-12 00:00:00+00:00,0.3061,0.3191,0.2947,0.3172,25370078.0
2024-11-12 04:00:00+00:00,0.3172,0.3172,0.306,0.3139,19879411.0
2024-11-12 08:00:00+00:00,0.3139,0.3229,0.2845,0.2981,54732605.0
2024-11-12 12:00:00+00:00,0.2981,0.3034,0.2864,0.2896,27763238.0
2024-11-12 16:00:00+00:00,0.2896,0.2983,0.282,0.2954,19005918.0
2024-11-12 20:00:00+00:00,0.2954,0.3056,0.2923,0.3013,9921214.0
2024-11-13 00:00:00+00:00,0.3013,0.3081,0.2856,0.2859,24099892.0
2024-11-13 04:00:00+00:00,0.2859,0.2914,0.2752,0.282,23470051.0
2024-11-13 08:00:00+00:00,0.282,0.284,0.2764,0.2811,12814646.0
2024-11-13 12:00:00+00:00,0.2811,0.2999,0.2781,0.2991,31238204.0
2024-11-13 16:00:00+00:00,0.2991,0.3004,0.2812,0.2818,24564934.0
2024-11-13 20:00:00+00:00,0.2818,0.2859,0.2743,0.2839,13799707.0
2024-11-14 00:00:00+00:00,0.2839,0.2893,0.2748,0.2823,17179931.0
2024-11-14 04:00:00+00:00,0.2823,0.2929,0.2808,0.2885,10354174.0
2024-11-14 08:00:00+00:00,0.2885,0.2904,0.2764,0.2803,13651432.0
2024-11-14 12:00:00+00:00,0.2803,0.285,0.2686,0.2702,31573714.0
2024-11-14 16:00:00+00:00,0.2702,0.2815,0.268,0.2813,9928857.0
2024-11-14 20:00:00+00:00,0.2813,0.2862,0.2715,0.2742,17029698.0
2024-11-15 00:00:00+00:00,0.2742,0.2764,0.2677,0.2737,22784871.0
2024-11-15 04:00:00+00:00,0.2737,0.2783,0.2661,0.275,16554179.0
2024-11-15 08:00:00+00:00,0.275,0.2826,0.2719,0.2823,12280390.0
2024-11-15 12:00:00+00:00,0.2823,0.2869,0.2753,0.2776,18820651.0
2024-11-15 16:00:00+00:00,0.2776,0.2875,0.2758,0.2872,8307958.0
2024-11-15 20:00:00+00:00,0.2872,0.2917,0.287,0.2916,6229506.0
2024-11-16 00:00:00+00:00,0.2916,0.2955,0.2896,0.2952,7931817.0
2024-11-16 04:00:00+00:00,0.2952,0.3008,0.2936,0.2999,13724335.0
2024-11-16 08:00:00+00:00,0.2999,0.3375,0.2985,0.3361,54927086.0
2024-11-16 12:00:00+00:00,0.3361,0.3465,0.3237,0.3266,80513531.0
2024-11-16 16:00:00+00:00,0.3266,0.3553,0.323,0.3489,40424799.0
2024-11-16 20:00:00+00:00,0.3489,0.4021,0.3471,0.3944,96346448.0
2024-11-17 00:00:00+00:00,0.3944,0.3977,0.3513,0.3651,72020145.0
2024-11-17 04:00:00+00:00,0.3651,0.3759,0.3539,0.3603,44234809.0
2024-11-17 08:00:00+00:00,0.3603,0.3655,0.3501,0.3506,33821680.0
2024-11-17 12:00:00+00:00,0.3506,0.3594,0.3496,0.3525,23317926.0
2024-11-17 16:00:00+00:00,0.3525,0.3569,0.3451,0.3471,14321654.0
2024-11-17 20:00:00+00:00,0.3471,0.3516,0.3408,0.3486,16528922.0
2024-11-18 00:00:00+00:00,0.3486,0.364,0.344,0.3605,19479931.0
2024-11-18 04:00:00+00:00,0.3605,0.367,0.3577,0.3633,18668456.0
2024-11-18 08:00:00+00:00,0.3633,0.3646,0.3514,0.3537,18828862.0
2024-11-18 12:00:00+00:00,0.3537,0.3635,0.3472,0.3622,30068291.0
2024-11-18 16:00:00+00:00,0.3622,0.3727,0.3478,0.353,49201045.0
2024-11-18 20:00:00+00:00,0.353,0.3628,0.3511,0.3598,14619570.0
2024-11-19 00:00:00+00:00,0.3598,0.3612,0.354,0.3558,7505049.0
2024-11-19 04:00:00+00:00,0.3558,0.3561,0.3454,0.3501,11030568.0
2024-11-19 08:00:00+00:00,0.3501,0.351,0.3432,0.3509,10471185.0
2024-11-19 12:00:00+00:00,0.3509,0.3546,0.3421,0.3473,19209054.0
2024-11-19 16:00:00+00:00,0.3473,0.353,0.3458,0.3501,16471374.0
2024-11-19 20:00:00+00:00,0.3501,0.351,0.3365,0.3494,16526892.0
2024-11-20 00:00:00+00:00,0.3494,0.3494,0.3296,0.3372,14465837.0
2024-11-20 04:00:00+00:00,0.3372,0.341,0.3329,0.3379,4879399.0
2024-11-20 08:00:00+00:00,0.3379,0.3457,0.3363,0.3413,7220488.0
2024-11-20 12:00:00+00:00,0.3413,0.3524,0.3362,0.3457,14089278.0
2024-11-20 16:00:00+00:00,0.3457,0.3464,0.3254,0.3284,17677622.0
2024-11-20 20:00:00+00:00,0.3284,0.3374,0.326,0.3331,6771153.0
2024-11-21 00:00:00+00:00,0.3331,0.3375,0.3233,0.3304,12573476.0
2024-11-21 04:00:00+00:00,0.3304,0.3455,0.3295,0.3408,13703997.0
2024-11-21 08:00:00+00:00,0.3408,0.3417,0.3308,0.3393,7169149.0
2024-11-21 12:00:00+00:00,0.3393,0.3532,0.3349,0.3404,28239993.0
2024-11-21 16:00:00+00:00,0.3404,0.3461,0.3379,0.3431,15200666.0
2024-11-21 20:00:00+00:00,0.3431,0.3491,0.3405,0.3483,6820676.0
2024-11-22 00:00:00+00:00,0.3483,0.3563,0.3422,0.3535,17639521.0
2024-11-22 04:00:00+00:00,0.3535,0.3588,0.3505,0.351,9385067.0
2024-11-22 08:00:00+00:00,0.351,0.3576,0.3486,0.3564,8048973.0
2024-11-22 12:00:00+00:00,0.3564,0.363,0.3416,0.3571,27617138.0
2024-11-22 16:00:00+00:00,0.3571,0.3651,0.3522,0.355,17878077.0
2024-11-22 20:00:00+00:00,0.355,0.379,0.3543,0.3774,13512011.0
2024-11-23 00:00:00+00:00,0.3774,0.3927,0.3725,0.3821,40131866.0
2024-11-23 04:00:00+00:00,0.3821,0.4026,0.375,0.401,26486685.0
2024-11-23 08:00:00+00:00,0.401,0.4083,0.3916,0.3994,27024088.0
2024-11-23 12:00:00+00:00,0.3994,0.4278,0.3985,0.4237,42473115.0
2024-11-23 16:00:00+00:00,0.4237,0.4594,0.4034,0.4339,82579041.0
2024-11-23 20:00:00+00:00,0.4339,0.4464,0.4173,0.4384,45357129.0
2024-11-24 00:00:00+00:00,0.4384,0.5746,0.4299,0.559,151100407.0
2024-11-24 04:00:00+00:00,0.559,0.6503,0.5504,0.6024,355969578.0
2024-11-24 08:00:00+00:00,0.6024,0.6676,0.5948,0.6003,412960782.0
2024-11-24 12:00:00+00:00,0.6003,0.6261,0.5092,0.5207,471172315.0
2024-11-24 16:00:00+00:00,0.5207,0.5965,0.5175,0.5682,272273512.0
2024-11-24 20:00:00+00:00,0.5682,0.8175,0.5662,0.773,384771909.0
2024-11-25 00:00:00+00:00,0.773,0.868,0.7017,0.7982,591971674.0
2024-11-25 04:00:00+00:00,0.7982,0.8267,0.753,0.7607,245796331.0
2024-11-25 08:00:00+00:00,0.7607,0.7897,0.7366,0.7419,177753989.0
2024-11-25 12:00:00+00:00,0.7419,0.8014,0.7027,0.7697,347779926.0
2024-11-25 16:00:00+00:00,0.7697,0.7833,0.6953,0.7264,211070471.0
2024-11-25 20:00:00+00:00,0.7264,0.7362,0.6754,0.7003,130042580.0
2024-11-26 00:00:00+00:00,0.7003,0.7075,0.6539,0.668,152939238.0
2024-11-26 04:00:00+00:00,0.668,0.6703,0.6343,0.6408,111469410.0
2024-11-26 08:00:00+00:00,0.6408,0.6464,0.5984,0.6201,193727767.0
2024-11-26 12:00:00+00:00,0.6201,0.6387,0.6042,0.6143,148472644.0
2024-11-26 16:00:00+00:00,0.6143,0.6327,0.5815,0.6025,118989643.0
2024-11-26 20:00:00+00:00,0.6025,0.6253,0.5982,0.6128,61875586.0
2024-11-27 00:00:00+00:00,0.6128,0.6201,0.5775,0.5856,98222898.0
2024-11-27 04:00:00+00:00,0.5856,0.6251,0.5816,0.6237,68398677.0
2024-11-27 08:00:00+00:00,0.6237,0.6393,0.604,0.609,104250450.0
2024-11-27 12:00:00+00:00,0.609,0.6359,0.5953,0.6301,92122580.0
2024-11-27 16:00:00+00:00,0.6301,0.6388,0.609,0.6135,56232237.0
2024-11-27 20:00:00+00:00,0.6135,0.6315,0.6129,0.6243,49706896.0
2024-11-28 00:00:00+00:00,0.6243,0.6243,0.5891,0.5984,62481255.0
2024-11-28 04:00:00+00:00,0.5984,0.6073,0.5934,0.5962,31986020.0
2024-11-28 08:00:00+00:00,0.5962,0.6018,0.5881,0.5962,33435345.0
2024-11-28 12:00:00+00:00,0.5962,0.5977,0.5807,0.5829,32499901.0
2024-11-28 16:00:00+00:00,0.5829,0.6062,0.5817,0.6031,26737375.0
2024-11-28 20:00:00+00:00,0.6031,0.6239,0.5965,0.6167,28641586.0
2024-11-29 00:00:00+00:00,0.6167,0.6929,0.6102,0.6569,234461484.0
2024-11-29 04:00:00+00:00,0.6569,0.6627,0.6271,0.628,77571850.0
2024-11-29 08:00:00+00:00,0.628,0.6492,0.628,0.6366,41622832.0
2024-11-29 12:00:00+00:00,0.6366,0.6588,0.6361,0.6455,58049771.0
2024-11-29 16:00:00+00:00,0.6455,0.6534,0.6371,0.6471,31662029.0
2024-11-29 20:00:00+00:00,0.6471,0.6584,0.6471,0.6563,30533410.0
2024-11-30 00:00:00+00:00,0.6563,0.6568,0.6345,0.6412,41248577.0
2024-11-30 04:00:00+00:00,0.6412,0.6685,0.6393,0.6652,43655572.0
2024-11-30 08:00:00+00:00,0.6652,0.6738,0.6371,0.6478,43067412.0
2024-11-30 12:00:00+00:00,0.6478,0.7172,0.6478,0.6792,121453709.0
2024-11-30 16:00:00+00:00,0.6792,0.686,0.6641,0.6735,32423405.0
2024-11-30 20:00:00+00:00,0.6735,0.6839,0.6673,0.6695,19850175.0
2024-12-01 00:00:00+00:00,0.6695,0.684,0.6382,0.6466,64927220.0
2024-12-01 04:00:00+00:00,0.6466,0.6561,0.6437,0.6511,18390737.0
2024-12-01 08:00:00+00:00,0.6511,0.6745,0.6456,0.6658,38623021.0
2024-12-01 12:00:00+00:00,0.6658,0.6737,0.6568,0.6669,32867850.0
2024-12-01 16:00:00+00:00,0.6669,0.6723,0.6558,0.6637,23227196.0
2024-12-01 20:00:00+00:00,0.6637,0.6883,0.6517,0.6741,36148290.0
2024-12-02 00:00:00+00:00,0.6741,0.6792,0.6356,0.6401,52494761.0
2024-12-02 04:00:00+00:00,0.6401,0.6531,0.6263,0.6427,54235582.0
2024-12-02 08:00:00+00:00,0.6427,0.6468,0.5989,0.6152,86187001.0
2024-12-02 12:00:00+00:00,0.6152,0.6509,0.6125,0.6454,43502613.0
2024-12-02 16:00:00+00:00,0.6454,0.6547,0.6247,0.6436,49650099.0
2024-12-02 20:00:00+00:00,0.6436,0.7319,0.6423,0.7129,66246673.0
2024-12-03 00:00:00+00:00,0.7129,0.8982,0.7111,0.7958,269296310.0
2024-12-03 04:00:00+00:00,0.7958,0.8165,0.7655,0.7815,96773129.0
2024-12-03 08:00:00+00:00,0.7815,0.8257,0.7789,0.787,87252262.0
2024-12-03 12:00:00+00:00,0.787,0.7922,0.6934,0.7315,148022953.0
2024-12-03 16:00:00+00:00,0.7315,0.7641,0.7237,0.7602,62936595.0
2024-12-03 20:00:00+00:00,0.7602,0.8261,0.7583,0.7737,74793247.0
2024-12-04 00:00:00+00:00,0.7737,0.7929,0.7524,0.7831,58043167.0
2024-12-04 04:00:00+00:00,0.7831,0.8309,0.7748,0.8141,71522838.0
2024-12-04 08:00:00+00:00,0.8141,0.9308,0.8081,0.9023,110180670.0
2024-12-04 12:00:00+00:00,0.9023,0.9933,0.884,0.9359,239344578.0
2024-12-04 16:00:00+00:00,0.9359,1.069,0.9186,1.024,248855919.0
2024-12-04 20:00:00+00:00,1.024,1.0537,0.91,0.9363,133409508.0
2024-12-05 00:00:00+00:00,0.9363,0.9388,0.848,0.862,144266155.0
2024-12-05 04:00:00+00:00,0.862,0.9709,0.8585,0.939,114605895.0
2024-12-05 08:00:00+00:00,0.939,0.9637,0.9118,0.9518,75851215.0
2024-12-05 12:00:00+00:00,0.9518,0.9527,0.9034,0.9293,63010738.0
2024-12-05 16:00:00+00:00,0.9293,0.9599,0.9177,0.9317,55247249.0
2024-12-05 20:00:00+00:00,0.9317,0.9638,0.8812,0.8944,81369130.0
2024-12-06 00:00:00+00:00,0.8944,0.9519,0.8942,0.9074,95431084.0
2024-12-06 04:00:00+00:00,0.9074,0.9293,0.9021,0.9106,31110424.0
2024-12-06 08:00:00+00:00,0.9106,0.9163,0.8733,0.8893,50417487.0
2024-12-06 12:00:00+00:00,0.8893,0.9225,0.8669,0.9065,62559136.0
2024-12-06 16:00:00+00:00,0.9065,0.9245,0.9038,0.9126,25013624.0
2024-12-06 20:00:00+00:00,0.9126,0.9257,0.9022,0.9171,21580630.0
2024-12-07 00:00:00+00:00,0.9171,0.9306,0.8976,0.9089,34456615.0
2024-12-07 04:00:00+00:00,0.9089,0.9226,0.887,0.8946,22830738.0
2024-12-07 08:00:00+00:00,0.8946,0.909,0.8883,0.9024,18392581.0
2024-12-07 12:00:00+00:00,0.9024,0.9115,0.8969,0.9071,13919395.0
2024-12-07 16:00:00+00:00,0.9071,0.9155,0.8783,0.8949,33968717.0
2024-12-07 20:00:00+00:00,0.8949,0.9287,0.8945,0.9263,14825011.0
2024-12-08 00:00:00+00:00,0.9263,0.9488,0.9116,0.9168,52222020.0
2024-12-08 04:00:00+00:00,0.9168,0.9388,0.9028,0.9247,30334064.0
2024-12-08 08:00:00+00:00,0.9247,0.9255,0.891,0.9121,24396114.0
2024-12-08 12:00:00+00:00,0.9121,0.9225,0.901,0.9066,18288746.0
2024-12-08 16:00:00+00:00,0.9066,0.9088,0.8954,0.9044,10516098.0
2024-12-08 20:00:00+00:00,0.9044,0.9213,0.8972,0.9169,8941419.0
2024-12-09 00:00:00+00:00,0.9169,0.9169,0.8566,0.8656,32942830.0
2024-12-09 04:00:00+00:00,0.8656,0.8851,0.8467,0.862,27489230.0
2024-12-09 08:00:00+00:00,0.862,0.8624,0.8175,0.8258,48325005.0
2024-12-09 12:00:00+00:00,0.8258,0.8667,0.8177,0.837,41542901.0
2024-12-09 16:00:00+00:00,0.837,0.8479,0.8213,0.8231,16877014.0
2024-12-09 20:00:00+00:00,0.8231,0.8256,0.6108,0.7359,178690797.0
2024-12-10 00:00:00+00:00,0.7359,0.7583,0.6761,0.7082,61942853.0
2024-12-10 04:00:00+00:00,0.7082,0.7324,0.6872,0.7182,36597346.0
2024-12-10 08:00:00+00:00,0.7182,0.751,0.7077,0.7287,41838575.0
2024-12-10 12:00:00+00:00,0.7287,0.7309,0.6662,0.6676,87386653.0
2024-12-10 16:00:00+00:00,0.6676,0.6799,0.6293,0.6739,72829122.0
2024-12-10 20:00:00+00:00,0.6739,0.7095,0.6699,0.7004,31462831.0
2024-12-11 00:00:00+00:00,0.7004,0.7124,0.6604,0.6881,44621713.0
2024-12-11 04:00:00+00:00,0.6881,0.6944,0.6742,0.6751,15552712.0
2024-12-11 08:00:00+00:00,0.6751,0.7287,0.6747,0.7147,33843028.0
2024-12-11 12:00:00+00:00,0.7147,0.7792,0.7147,0.7654,63493600.0
2024-12-11 16:00:00+00:00,0.7654,0.7782,0.7496,0.7615,24002374.0
2024-12-11 20:00:00+00:00,0.7615,0.8168,0.7583,0.7921,37638194.0
2024-12-12 00:00:00+00:00,0.7921,0.8116,0.7672,0.7974,43755957.0
2024-12-12 04:00:00+00:00,0.7974,0.8341,0.7923,0.8011,34388378.0
2024-12-12 08:00:00+00:00,0.8011,0.8152,0.7759,0.7865,33285198.0
2024-12-12 12:00:00+00:00,0.7865,0.8084,0.7818,0.7962,50847243.0
2024-12-12 16:00:00+00:00,0.7962,0.8105,0.7664,0.7692,32122685.0
2024-12-12 20:00:00+00:00,0.7692,0.7896,0.7645,0.7751,26176232.0
2024-12-13 00:00:00+00:00,0.7751,0.7864,0.7491,0.7744,34648565.0
2024-12-13 04:00:00+00:00,0.7744,0.7765,0.7464,0.7603,20205262.0
2024-12-13 08:00:00+00:00,0.7603,0.781,0.7563,0.7722,22660243.0
2024-12-13 12:00:00+00:00,0.7722,0.7936,0.7623,0.7634,34323948.0
2024-12-13 16:00:00+00:00,0.7634,0.7846,0.7607,0.778,20045140.0
2024-12-13 20:00:00+00:00,0.778,0.7897,0.7689,0.7855,10506303.0
2024-12-14 00:00:00+00:00,0.7855,0.791,0.7667,0.7729,21471327.0
2024-12-14 04:00:00+00:00,0.7729,0.7757,0.7637,0.7667,8721054.0
2024-12-14 08:00:00+00:00,0.7667,0.7768,0.7544,0.755,15025378.0
2024-12-14 12:00:00+00:00,0.755,0.7573,0.7277,0.7391,30201489.0
2024-12-14 16:00:00+00:00,0.7391,0.74,0.72,0.7295,16282672.0
2024-12-14 20:00:00+00:00,0.7295,0.7342,0.7144,0.7315,12972347.0
2024-12-15 00:00:00+00:00,0.7315,0.7392,0.7196,0.7221,13011286.0
2024-12-15 04:00:00+00:00,0.7221,0.7365,0.7047,0.7101,14741542.0
2024-12-15 08:00:00+00:00,0.7101,0.7347,0.7098,0.7293,16067382.0
2024-12-15 12:00:00+00:00,0.7293,0.7666,0.7267,0.7502,26810465.0
2024-12-15 16:00:00+00:00,0.7502,0.7551,0.7391,0.7405,9335997.0
2024-12-15 20:00:00+00:00,0.7405,0.7578,0.7155,0.7526,21358513.0
2024-12-16 00:00:00+00:00,0.7526,0.7689,0.7307,0.7359,23619686.0
2024-12-16 04:00:00+00:00,0.7359,0.7409,0.7258,0.7304,10570954.0
2024-12-16 08:00:00+00:00,0.7304,0.7313,0.7024,0.7037,17363705.0
2024-12-16 12:00:00+00:00,0.7037,0.7233,0.7018,0.7192,17672544.0
2024-12-16 16:00:00+00:00,0.7192,0.7418,0.7177,0.7311,16096622.0
2024-12-16 20:00:00+00:00,0.7311,0.7406,0.7135,0.7171,10216135.0
2024-12-17 00:00:00+00:00,0.7171,0.7171,0.6947,0.7034,19218113.0
2024-12-17 04:00:00+00:00,0.7034,0.7038,0.6874,0.6914,18715139.0
2024-12-17 08:00:00+00:00,0.6914,0.7208,0.6909,0.7167,20358755.0
2024-12-17 12:00:00+00:00,0.7167,0.7244,0.6835,0.6889,32420321.0
2024-12-17 16:00:00+00:00,0.6889,0.7126,0.681,0.7,23075298.0
2024-12-17 20:00:00+00:00,0.7,0.7057,0.664,0.6806,23118982.0
2024-12-18 00:00:00+00:00,0.6806,0.6852,0.6663,0.6685,18393488.0
2024-12-18 04:00:00+00:00,0.6685,0.6696,0.6524,0.6616,19315042.0
2024-12-18 08:00:00+00:00,0.6616,0.6852,0.655,0.6829,11191213.0
2024-12-18 12:00:00+00:00,0.6829,0.6829,0.6575,0.6577,21655870.0
2024-12-18 16:00:00+00:00,0.6577,0.6811,0.6482,0.6485,26455906.0
2024-12-18 20:00:00+00:00,0.6485,0.654,0.599,0.6086,74882637.0
2024-12-19 00:00:00+00:00,0.6086,0.6174,0.5695,0.6146,50056688.0
2024-12-19 04:00:00+00:00,0.6146,0.6179,0.6045,0.6133,11158076.0
2024-12-19 08:00:00+00:00,0.6133,0.6275,0.6054,0.6225,13411145.0
2024-12-19 12:00:00+00:00,0.6225,0.6246,0.5846,0.5976,29319246.0
2024-12-19 16:00:00+00:00,0.5976,0.6028,0.5393,0.5505,67485458.0
2024-12-19 20:00:00+00:00,0.5505,0.5658,0.5321,0.5478,31569602.0
2024-12-20 00:00:00+00:00,0.5478,0.5736,0.5353,0.5607,29695300.0
2024-12-20 04:00:00+00:00,0.5607,0.5647,0.5362,0.5489,18262096.0
2024-12-20 08:00:00+00:00,0.5489,0.5497,0.4717,0.4741,83647619.0
2024-12-20 12:00:00+00:00,0.4741,0.5516,0.473,0.5453,48153571.0
2024-12-20 16:00:00+00:00,0.5453,0.582,0.5415,0.5734,27223961.0
2024-12-20 20:00:00+00:00,0.5734,0.618,0.5608,0.6121,31809447.0
2024-12-21 00:00:00+00:00,0.6121,0.6426,0.5874,0.592,38050503.0
2024-12-21 04:00:00+00:00,0.592,0.6274,0.592,0.6212,24714539.0
2024-12-21 08:00:00+00:00,0.6212,0.6245,0.5915,0.5975,20312502.0
2024-12-21 12:00:00+00:00,0.5975,0.5977,0.5571,0.5759,39148397.0
2024-12-21 16:00:00+00:00,0.5759,0.5784,0.5529,0.5629,26876022.0
2024-12-21 20:00:00+00:00,0.5629,0.5692,0.5525,0.5653,16466284.0
2024-12-22 00:00:00+00:00,0.5653,0.5812,0.5521,0.5635,35817079.0
2024-12-22 04:00:00+00:00,0.5635,0.5646,0.5452,0.5564,16006785.0
2024-12-22 08:00:00+00:00,0.5564,0.5762,0.5561,0.5659,17489860.0
2024-12-22 12:00:00+00:00,0.5659,0.5808,0.5543,0.5603,25173830.0
2024-12-22 16:00:00+00:00,0.5603,0.5753,0.5485,0.5504,14368235.0
2024-12-22 20:00:00+00:00,0.5504,0.5714,0.5431,0.5622,15650436.0
2024-12-23 00:00:00+00:00,0.5622,0.5848,0.5423,0.5827,25622461.0
2024-12-23 04:00:00+00:00,0.5827,0.5853,0.5551,0.564,16333728.0
2024-12-23 08:00:00+00:00,0.564,0.5757,0.5596,0.5645,11640595.0
2024-12-23 12:00:00+00:00,0.5645,0.5766,0.5475,0.5508,18441369.0
2024-12-23 16:00:00+00:00,0.5508,0.5755,0.5498,0.5697,14560414.0
2024-12-23 20:00:00+00:00,0.5697,0.6095,0.5693,0.5943,31490416.0
2024-12-24 00:00:00+00:00,0.5943,0.5943,0.5752,0.5857,11220971.0
2024-12-24 04:00:00+00:00,0.5857,0.5883,0.5725,0.5794,8448968.0
2024-12-24 08:00:00+00:00,0.5794,0.5945,0.5772,0.5896,10492877.0
2024-12-24 12:00:00+00:00,0.5896,0.6475,0.5848,0.64,33271816.0
2024-12-24 16:00:00+00:00,0.64,0.6443,0.6167,0.617,15776093.0
2024-12-24 20:00:00+00:00,0.617,0.641,0.6099,0.6397,19086613.0
2024-12-25 00:00:00+00:00,0.6397,0.6521,0.6166,0.6222,29974417.0
2024-12-25 04:00:00+00:00,0.6222,0.6284,0.6152,0.6157,10824834.0
2024-12-25 08:00:00+00:00,0.6157,0.6332,0.6082,0.6097,15373959.0
2024-12-25 12:00:00+00:00,0.6097,0.6162,0.6021,0.6052,11738758.0
2024-12-25 16:00:00+00:00,0.6052,0.6069,0.596,0.6027,8068133.0
2024-12-25 20:00:00+00:00,0.6027,0.6063,0.5926,0.5999,7883902.0
2024-12-26 00:00:00+00:00,0.5999,0.6082,0.5764,0.5781,21462583.0
2024-12-26 04:00:00+00:00,0.5781,0.5781,0.5659,0.5684,12436176.0
2024-12-26 08:00:00+00:00,0.5684,0.5706,0.5504,0.5666,19333535.0
2024-12-26 12:00:00+00:00,0.5666,0.5666,0.5566,0.5597,12313098.0
2024-12-26 16:00:00+00:00,0.5597,0.5645,0.5498,0.558,9921303.0
2024-12-26 20:00:00+00:00,0.558,0.5584,0.5469,0.555,11977571.0
2024-12-27 00:00:00+00:00,0.555,0.5668,0.5474,0.5614,12410531.0
2024-12-27 04:00:00+00:00,0.5614,0.57,0.5492,0.5563,17614817.0
2024-12-27 08:00:00+00:00,0.5563,0.5826,0.5561,0.5738,25617882.0
2024-12-27 12:00:00+00:00,0.5738,0.5774,0.5471,0.5513,16889757.0
2024-12-27 16:00:00+00:00,0.5513,0.5618,0.5437,0.556,11406956.0
2024-12-27 20:00:00+00:00,0.556,0.557,0.5457,0.5508,5358412.0
2024-12-28 00:00:00+00:00,0.5508,0.56,0.5455,0.5545,9872166.0
2024-12-28 04:00:00+00:00,0.5545,0.5569,0.5473,0.5482,3940472.0
2024-12-28 08:00:00+00:00,0.5482,0.5544,0.5479,0.5532,4852594.0
2024-12-28 12:00:00+00:00,0.5532,0.5686,0.5493,0.5592,12541118.0
2024-12-28 16:00:00+00:00,0.5592,0.5713,0.5574,0.5659,4919972.0
2024-12-28 20:00:00+00:00,0.5659,0.5845,0.5634,0.5785,7106618.0
2024-12-29 00:00:00+00:00,0.5785,0.5823,0.5703,0.5791,8594345.0
2024-12-29 04:00:00+00:00,0.5791,0.5812,0.5684,0.5772,4395303.0
2024-12-29 08:00:00+00:00,0.5772,0.5781,0.5668,0.5674,5073912.0
2024-12-29 12:00:00+00:00,0.5674,0.5716,0.5587,0.5606,7414330.0
2024-12-29 16:00:00+00:00,0.5606,0.5609,0.5515,0.5552,4914283.0
2024-12-29 20:00:00+00:00,0.5552,0.5568,0.543,0.548,6794911.0
2024-12-30 00:00:00+00:00,0.548,0.5667,0.5449,0.5534,9001933.0
2024-12-30 04:00:00+00:00,0.5534,0.5644,0.5468,0.5571,7038925.0
2024-12-30 08:00:00+00:00,0.5571,0.5619,0.5452,0.5531,6843116.0
2024-12-30 12:00:00+00:00,0.5531,0.5602,0.525,0.5293,21619748.0
2024-12-30 16:00:00+00:00,0.5293,0.5598,0.524,0.5597,9713418.0
2024-12-30 20:00:00+00:00,0.5597,0.5709,0.5394,0.5446,10069494.0
2024-12-31 00:00:00+00:00,0.5446,0.5448,0.5271,0.5307,7593803.0
2024-12-31 04:00:00+00:00,0.5307,0.5354,0.5259,0.5324,5367462.0
2024-12-31 08:00:00+00:00,0.5324,0.5559,0.5323,0.5464,9283496.0
2024-12-31 12:00:00+00:00,0.5464,0.5745,0.5452,0.5696,21215237.0
2024-12-31 16:00:00+00:00,0.5696,0.5729,0.5505,0.5567,10298615.0
2024-12-31 20:00:00+00:00,0.5567,0.5593,0.5438,0.5458,5209355.0
2025-01-01 00:00:00+00:00,0.5458,0.5574,0.5432,0.5454,5687252.0
2025-01-01 04:00:00+00:00,0.5454,0.5484,0.5412,0.545,4487461.0
2025-01-01 08:00:00+00:00,0.545,0.547,0.5324,0.5414,8332685.0
2025-01-01 12:00:00+00:00,0.5414,0.5599,0.5395,0.559,11639115.0
2025-01-01 16:00:00+00:00,0.559,0.5767,0.5541,0.573,25292689.0
2025-01-01 20:00:00+00:00,0.573,0.5775,0.5691,0.5742,8587306.0
2025-01-02 00:00:00+00:00,0.5742,0.5909,0.574,0.5791,18959120.0
2025-01-02 04:00:00+00:00,0.5791,0.5907,0.5749,0.5817,7139833.0
2025-01-02 08:00:00+00:00,0.5817,0.5963,0.5788,0.5929,9762609.0
2025-01-02 12:00:00+00:00,0.5929,0.599,0.5812,0.5846,19648339.0
2025-01-02 16:00:00+00:00,0.5846,0.5927,0.5792,0.5857,8973773.0
2025-01-02 20:00:00+00:00,0.5857,0.5916,0.5771,0.5863,4716914.0
2025-01-03 00:00:00+00:00,0.5863,0.5936,0.5762,0.5902,7534907.0
2025-01-03 04:00:00+00:00,0.5902,0.5903,0.5782,0.5816,4647250.0
2025-01-03 08:00:00+00:00,0.5816,0.6572,0.5816,0.647,72657669.0
2025-01-03 12:00:00+00:00,0.647,0.6503,0.6242,0.6406,33056506.0
2025-01-03 16:00:00+00:00,0.6406,0.6465,0.6351,0.6417,10882177.0
2025-01-03 20:00:00+00:00,0.6417,0.6494,0.636,0.6493,8130275.0
2025-01-04 00:00:00+00:00,0.6493,0.6686,0.6405,0.6522,30017031.0
2025-01-04 04:00:00+00:00,0.6522,0.6543,0.6404,0.6469,15770840.0
2025-01-04 08:00:00+00:00,0.6469,0.6472,0.6324,0.6387,10822750.0
2025-01-04 12:00:00+00:00,0.6387,0.6809,0.638,0.6546,39538073.0
2025-01-04 16:00:00+00:00,0.6546,0.6603,0.645,0.6479,12730886.0
2025-01-04 20:00:00+00:00,0.6479,0.6564,0.6478,0.6516,7056536.0
2025-01-05 00:00:00+00:00,0.6516,0.6531,0.6374,0.6433,10393634.0
2025-01-05 04:00:00+00:00,0.6433,0.6491,0.6402,0.6425,5160384.0
2025-01-05 08:00:00+00:00,0.6425,0.6442,0.6292,0.6331,11252810.0
2025-01-05 12:00:00+00:00,0.6331,0.6405,0.6263,0.6385,12333765.0
2025-01-05 16:00:00+00:00,0.6385,0.6413,0.6325,0.6403,5638818.0
2025-01-05 20:00:00+00:00,0.6403,0.6465,0.6374,0.6408,6623669.0
2025-01-06 00:00:00+00:00,0.6408,0.7012,0.6363,0.6871,68189713.0
2025-01-06 04:00:00+00:00,0.6871,0.6934,0.6672,0.6803,37971090.0
2025-01-06 08:00:00+00:00,0.6803,0.7032,0.6669,0.6968,43190466.0
2025-01-06 12:00:00+00:00,0.6968,0.7168,0.6871,0.7102,56267366.0
2025-01-06 16:00:00+00:00,0.7102,0.7422,0.7021,0.7046,38410890.0
2025-01-06 20:00:00+00:00,0.7046,0.7105,0.6902,0.6984,14317725.0
2025-01-07 00:00:00+00:00,0.6984,0.7046,0.68,0.6833,27446279.0
2025-01-07 04:00:00+00:00,0.6833,0.6978,0.6778,0.6898,13621240.0
2025-01-07 08:00:00+00:00,0.6898,0.7025,0.6739,0.678,25043796.0
2025-01-07 12:00:00+00:00,0.678,0.6875,0.6275,0.6367,65171106.0
2025-01-07 16:00:00+00:00,0.6367,0.647,0.6228,0.6263,22541408.0
2025-01-07 20:00:00+00:00,0.6263,0.6331,0.6156,0.6161,14548898.0
2025-01-08 00:00:00+00:00,0.6161,0.634,0.6037,0.6073,30215915.0
2025-01-08 04:00:00+00:00,0.6073,0.6096,0.5883,0.5941,25296993.0
2025-01-08 08:00:00+00:00,0.5941,0.6079,0.5906,0.5946,12825890.0
2025-01-08 12:00:00+00:00,0.5946,0.605,0.587,0.5976,23323406.0
2025-01-08 16:00:00+00:00,0.5976,0.5978,0.5542,0.5753,38784029.0
2025-01-08 20:00:00+00:00,0.5753,0.5926,0.5692,0.5881,10842072.0
2025-01-09 00:00:00+00:00,0.5881,0.5988,0.5812,0.5947,21145223.0
2025-01-09 04:00:00+00:00,0.5947,0.5977,0.5758,0.5778,10506447.0
2025-01-09 08:00:00+00:00,0.5778,0.5991,0.5756,0.5981,13793050.0
2025-01-09 12:00:00+00:00,0.5981,0.607,0.5732,0.5965,38944343.0
2025-01-09 16:00:00+00:00,0.5965,0.6023,0.5702,0.5741,20869166.0
2025-01-09 20:00:00+00:00,0.5741,0.586,0.5665,0.5795,13740572.0
2025-01-10 00:00:00+00:00,0.5795,0.5896,0.5696,0.5779,14762032.0
2025-01-10 04:00:00+00:00,0.5779,0.598,0.5742,0.5911,9559894.0
2025-01-10 08:00:00+00:00,0.5911,0.5942,0.5866,0.5913,11918962.0
2025-01-10 12:00:00+00:00,0.5913,0.5968,0.568,0.5803,32777323.0
2025-01-10 16:00:00+00:00,0.5803,0.5987,0.5711,0.5965,12746576.0
2025-01-10 20:00:00+00:00,0.5965,0.6012,0.5908,0.5956,5780377.0
2025-01-11 00:00:00+00:00,0.5956,0.6005,0.5854,0.5875,6412559.0
2025-01-11 04:00:00+00:00,0.5875,0.5936,0.5826,0.5837,2640236.0
2025-01-11 08:00:00+00:00,0.5837,0.5922,0.5778,0.5891,3575068.0
2025-01-11 12:00:00+00:00,0.5891,0.5905,0.5814,0.5828,4688627.0
2025-01-11 16:00:00+00:00,0.5828,0.5879,0.5801,0.5864,4244168.0
2025-01-11 20:00:00+00:00,0.5864,0.625,0.585,0.6041,12233004.0
2025-01-12 00:00:00+00:00,0.6041,0.6078,0.5961,0.6024,5527335.0
2025-01-12 04:00:00+00:00,0.6024,0.6049,0.5902,0.596,3291039.0
2025-01-12 08:00:00+00:00,0.596,0.5977,0.5853,0.591,4932442.0
2025-01-12 12:00:00+00:00,0.591,0.5978,0.588,0.596,4295182.0
2025-01-12 16:00:00+00:00,0.596,0.598,0.5878,0.5904,5156681.0
2025-01-12 20:00:00+00:00,0.5904,0.5915,0.5751,0.5816,7218094.0
2025-01-13 00:00:00+00:00,0.5816,0.5972,0.5576,0.5605,13485860.0
2025-01-13 04:00:00+00:00,0.5605,0.5705,0.547,0.5501,12318788.0
2025-01-13 08:00:00+00:00,0.5501,0.5511,0.5189,0.5192,27924189.0
2025-01-13 12:00:00+00:00,0.5192,0.5469,0.5128,0.5392,28459693.0
2025-01-13 16:00:00+00:00,0.5392,0.5421,0.5224,0.5316,8827211.0
2025-01-13 20:00:00+00:00,0.5316,0.5617,0.5283,0.5527,8667348.0
2025-01-14 00:00:00+00:00,0.5527,0.5601,0.5491,0.5556,5459478.0
2025-01-14 04:00:00+00:00,0.5556,0.5678,0.5554,0.5567,5070634.0
2025-01-14 08:00:00+00:00,0.5567,0.5741,0.5567,0.567,9780152.0
2025-01-14 12:00:00+00:00,0.567,0.5765,0.5599,0.5671,9635126.0
2025-01-14 16:00:00+00:00,0.5671,0.5763,0.5611,0.5705,6315319.0
2025-01-14 20:00:00+00:00,0.5705,0.5786,0.5668,0.5743,3619869.0
2025-01-15 00:00:00+00:00,0.5743,0.5791,0.566,0.5724,7769848.0
2025-01-15 04:00:00+00:00,0.5724,0.5787,0.5669,0.5755,5089261.0
2025-01-15 08:00:00+00:00,0.5755,0.5826,0.5559,0.5622,12444232.0
2025-01-15 12:00:00+00:00,0.5622,0.6124,0.5586,0.606,20320813.0
2025-01-15 16:00:00+00:00,0.606,0.6125,0.5972,0.6099,9106003.0
2025-01-15 20:00:00+00:00,0.6099,0.6232,0.608,0.621,8023810.0
2025-01-16 00:00:00+00:00,0.621,0.6233,0.6027,0.609,11164956.0
2025-01-16 04:00:00+00:00,0.609,0.615,0.6063,0.6129,4267625.0
2025-01-16 08:00:00+00:00,0.6129,0.6155,0.5982,0.6137,8770242.0
2025-01-16 12:00:00+00:00,0.6137,0.6352,0.6021,0.6193,22474919.0
2025-01-16 16:00:00+00:00,0.6193,0.6366,0.6191,0.6342,11179779.0
2025-01-16 20:00:00+00:00,0.6342,0.6358,0.6113,0.6154,7755833.0
2025-01-17 00:00:00+00:00,0.6154,0.6436,0.6154,0.6394,9174957.0
2025-01-17 04:00:00+00:00,0.6394,0.6725,0.6375,0.6543,25541454.0
2025-01-17 08:00:00+00:00,0.6543,0.6827,0.6454,0.6677,24249580.0
2025-01-17 12:00:00+00:00,0.6677,0.6746,0.6567,0.6662,23487156.0
2025-01-17 16:00:00+00:00,0.6662,0.6735,0.6614,0.6673,9693702.0
2025-01-17 20:00:00+00:00,0.6673,0.6801,0.6664,0.6683,6550721.0
2025-01-18 00:00:00+00:00,0.6683,0.69,0.642,0.6474,20744096.0
2025-01-18 04:00:00+00:00,0.6474,0.6493,0.617,0.6201,17666588.0
2025-01-18 08:00:00+00:00,0.6201,0.6249,0.6106,0.6236,10245386.0
2025-01-18 12:00:00+00:00,0.6236,0.6351,0.6176,0.6235,10152999.0
2025-01-18 16:00:00+00:00,0.6235,0.6262,0.6098,0.6205,9313690.0
2025-01-18 20:00:00+00:00,0.6205,0.6259,0.6108,0.6256,5652412.0
2025-01-19 00:00:00+00:00,0.6256,0.6528,0.6223,0.6261,19951702.0
2025-01-19 04:00:00+00:00,0.6261,0.6264,0.5987,0.6037,13170574.0
2025-01-19 08:00:00+00:00,0.6037,0.6037,0.5642,0.5689,26791997.0
2025-01-19 12:00:00+00:00,0.5689,0.6214,0.5678,0.6117,24572971.0
2025-01-19 16:00:00+00:00,0.6117,0.6167,0.602,0.6114,8976642.0
2025-01-19 20:00:00+00:00,0.6114,0.6149,0.5443,0.5561,34818901.0
2025-01-20 00:00:00+00:00,0.5561,0.5628,0.5331,0.5577,40017734.0
2025-01-20 04:00:00+00:00,0.5577,0.6187,0.5509,0.6009,33385160.0
2025-01-20 08:00:00+00:00,0.6009,0.6096,0.588,0.5976,11683781.0
2025-01-20 12:00:00+00:00,0.5976,0.5981,0.5728,0.5854,17874723.0
2025-01-20 16:00:00+00:00,0.5854,0.5963,0.5516,0.5766,37254785.0
2025-01-20 20:00:00+00:00,0.5766,0.58,0.5578,0.5679,7661323.0
2025-01-21 00:00:00+00:00,0.5679,0.5699,0.5486,0.5549,12487996.0
2025-01-21 04:00:00+00:00,0.5549,0.5568,0.5419,0.5533,7945770.0
2025-01-21 08:00:00+00:00,0.5533,0.5713,0.5481,0.5706,7763763.0
2025-01-21 12:00:00+00:00,0.5706,0.5785,0.5611,0.5703,7457810.0
2025-01-21 16:00:00+00:00,0.5703,0.5945,0.5685,0.5879,11970262.0
2025-01-21 20:00:00+00:00,0.5879,0.5903,0.5768,0.5823,4716767.0
2025-01-22 00:00:00+00:00,0.5823,0.5849,0.5726,0.5798,4176483.0
2025-01-22 04:00:00+00:00,0.5798,0.5819,0.5706,0.572,3504920.0
2025-01-22 08:00:00+00:00,0.572,0.577,0.5654,0.5747,3609927.0
2025-01-22 12:00:00+00:00,0.5747,0.5774,0.5609,0.5647,6042242.0
2025-01-22 16:00:00+00:00,0.5647,0.5705,0.5579,0.5636,3793819.0
2025-01-22 20:00:00+00:00,0.5636,0.57,0.5565,0.5601,3589692.0
2025-01-23 00:00:00+00:00,0.5601,0.5602,0.5464,0.5514,4642494.0
2025-01-23 04:00:00+00:00,0.5514,0.5543,0.5452,0.5539,3609928.0
2025-01-23 08:00:00+00:00,0.5539,0.5553,0.5438,0.5487,5623194.0
2025-01-23 12:00:00+00:00,0.5487,0.5647,0.5404,0.5582,12982580.0
2025-01-23 16:00:00+00:00,0.5582,0.5697,0.5421,0.5442,8378676.0
2025-01-23 20:00:00+00:00,0.5442,0.5629,0.5407,0.5572,13801824.0
2025-01-24 00:00:00+00:00,0.5572,0.5594,0.5384,0.5477,6021018.0
2025-01-24 04:00:00+00:00,0.5477,0.5677,0.5449,0.5605,6457544.0
2025-01-24 08:00:00+00:00,0.5605,0.5767,0.559,0.5727,6839769.0
2025-01-24 12:00:00+00:00,0.5727,0.5799,0.5659,0.5707,6342510.0
2025-01-24 16:00:00+00:00,0.5707,0.5726,0.5641,0.5656,3907449.0
2025-01-24 20:00:00+00:00,0.5656,0.5676,0.5492,0.5523,4192438.0
2025-01-25 00:00:00+00:00,0.5523,0.5636,0.5435,0.5621,5876873.0
2025-01-25 04:00:00+00:00,0.5621,0.5621,0.5531,0.5547,2889319.0
2025-01-25 08:00:00+00:00,0.5547,0.5575,0.5481,0.5561,3521480.0
2025-01-25 12:00:00+00:00,0.5561,0.5606,0.5514,0.5585,2513793.0
2025-01-25 16:00:00+00:00,0.5585,0.5605,0.5536,0.5589,3573711.0
2025-01-25 20:00:00+00:00,0.5589,0.5615,0.5542,0.5548,1752983.0
2025-01-26 00:00:00+00:00,0.5548,0.5644,0.5523,0.5621,2291445.0
2025-01-26 04:00:00+00:00,0.5621,0.5682,0.559,0.5614,3378755.0
2025-01-26 08:00:00+00:00,0.5614,0.5644,0.5553,0.5609,5652264.0
2025-01-26 12:00:00+00:00,0.5609,0.5609,0.5555,0.5557,2071680.0
2025-01-26 16:00:00+00:00,0.5557,0.5618,0.5532,0.5591,2227409.0
2025-01-26 20:00:00+00:00,0.5591,0.5602,0.5328,0.5339,6041070.0
2025-01-27 00:00:00+00:00,0.5339,0.5351,0.5146,0.5209,14495840.0
2025-01-27 04:00:00+00:00,0.5209,0.5209,0.4834,0.4969,27767922.0
2025-01-27 08:00:00+00:00,0.4969,0.5003,0.4861,0.4914,11634210.0
2025-01-27 12:00:00+00:00,0.4914,0.5203,0.4891,0.5168,10963972.0
2025-01-27 16:00:00+00:00,0.5168,0.5177,0.4983,0.5023,6910417.0
2025-01-27 20:00:00+00:00,0.5023,0.5292,0.5023,0.5206,5555072.0
2025-01-28 00:00:00+00:00,0.5206,0.5279,0.513,0.5268,3557023.0
2025-01-28 04:00:00+00:00,0.5268,0.5341,0.5229,0.525,3030236.0
2025-01-28 08:00:00+00:00,0.525,0.5259,0.5185,0.5219,3093129.0
2025-01-28 12:00:00+00:00,0.5219,0.5265,0.5147,0.5215,9017287.0
2025-01-28 16:00:00+00:00,0.5215,0.5219,0.5084,0.5123,4653089.0
2025-01-28 20:00:00+00:00,0.5123,0.513,0.4843,0.4898,7871796.0
2025-01-29 00:00:00+00:00,0.4898,0.5048,0.488,0.5041,4033120.0
2025-01-29 04:00:00+00:00,0.5041,0.5232,0.5026,0.5213,11407838.0
2025-01-29 08:00:00+00:00,0.5213,0.5223,0.5102,0.5136,3434946.0
2025-01-29 12:00:00+00:00,0.5136,0.5149,0.5013,0.5067,4334837.0
2025-01-29 16:00:00+00:00,0.5067,0.5243,0.4968,0.5166,13848228.0
2025-01-29 20:00:00+00:00,0.5166,0.5306,0.5104,0.5122,7779947.0
2025-01-30 00:00:00+00:00,0.5122,0.5305,0.5073,0.5299,5322040.0
2025-01-30 04:00:00+00:00,0.5299,0.5316,0.5245,0.5279,2974740.0
2025-01-30 08:00:00+00:00,0.5279,0.5354,0.5244,0.5348,3706544.0
2025-01-30 12:00:00+00:00,0.5348,0.5478,0.5298,0.5422,8609444.0
2025-01-30 16:00:00+00:00,0.5422,0.5446,0.5349,0.5398,4526150.0
2025-01-30 20:00:00+00:00,0.5398,0.5404,0.5328,0.533,2181317.0
2025-01-31 00:00:00+00:00,0.533,0.5352,0.5204,0.524,3494116.0
2025-01-31 04:00:00+00:00,0.524,0.5341,0.52,0.5283,2795088.0
2025-01-31 08:00:00+00:00,0.5283,0.5396,0.523,0.5388,3695275.0
2025-01-31 12:00:00+00:00,0.5388,0.552,0.5359,0.5514,6285565.0
2025-01-31 16:00:00+00:00,0.5514,0.5527,0.5256,0.5298,6129567.0
2025-01-31 20:00:00+00:00,0.5298,0.5301,0.5212,0.5262,2716785.0
2025-02-01 00:00:00+00:00,0.5262,0.5325,0.5233,0.5276,2506829.0
2025-02-01 04:00:00+00:00,0.5276,0.5325,0.5248,0.5259,2578895.0
2025-02-01 08:00:00+00:00,0.5259,0.527,0.5111,0.5197,5348297.0
2025-02-01 12:00:00+00:00,0.5197,0.5206,0.5071,0.5116,5347958.0
2025-02-01 16:00:00+00:00,0.5116,0.5139,0.4955,0.4966,5867094.0
2025-02-01 20:00:00+00:00,0.4966,0.4968,0.481,0.4852,11396349.0
2025-02-02 00:00:00+00:00,0.4852,0.4948,0.4652,0.4671,14595646.0
2025-02-02 04:00:00+00:00,0.4671,0.4823,0.4653,0.4746,8507781.0
2025-02-02 08:00:00+00:00,0.4746,0.4837,0.4604,0.4621,10502968.0
2025-02-02 12:00:00+00:00,0.4621,0.4719,0.4566,0.4622,14195887.0
2025-02-02 16:00:00+00:00,0.4622,0.4623,0.4096,0.4271,57827030.0
2025-02-02 20:00:00+00:00,0.4271,0.4336,0.3857,0.4087,27506155.0
2025-02-03 00:00:00+00:00,0.4087,0.409,0.3014,0.3511,128397199.0
2025-02-03 04:00:00+00:00,0.3511,0.3842,0.338,0.3832,26705495.0
2025-02-03 08:00:00+00:00,0.3832,0.388,0.3679,0.3791,15347125.0
2025-02-03 12:00:00+00:00,0.3791,0.406,0.3652,0.4012,43647309.0
2025-02-03 16:00:00+00:00,0.4012,0.4266,0.3986,0.4265,16595192.0
2025-02-03 20:00:00+00:00,0.4265,0.4379,0.414,0.4316,10920080.0
2025-02-04 00:00:00+00:00,0.4316,0.4382,0.4183,0.4203,7380386.0
2025-02-04 04:00:00+00:00,0.4203,0.4241,0.3858,0.3873,21978664.0
2025-02-04 08:00:00+00:00,0.3873,0.407,0.3847,0.4019,11292154.0
2025-02-04 12:00:00+00:00,0.4019,0.4168,0.4015,0.4086,15899033.0
2025-02-04 16:00:00+00:00,0.4086,0.4258,0.4061,0.4073,15044750.0
2025-02-04 20:00:00+00:00,0.4073,0.4115,0.3895,0.4007,20753856.0
2025-02-05 00:00:00+00:00,0.4007,0.4047,0.3945,0.4001,8349477.0
2025-02-05 04:00:00+00:00,0.4001,0.4059,0.3962,0.4015,9268657.0
2025-02-05 08:00:00+00:00,0.4015,0.412,0.3979,0.41,8242678.0
2025-02-05 12:00:00+00:00,0.41,0.4153,0.4023,0.4059,11865782.0
2025-02-05 16:00:00+00:00,0.4059,0.4075,0.3874,0.3981,12852061.0
2025-02-05 20:00:00+00:00,0.3981,0.4,0.3836,0.3881,7376860.0
2025-02-06 00:00:00+00:00,0.3881,0.3953,0.3833,0.3933,4768755.0
2025-02-06 04:00:00+00:00,0.3933,0.4003,0.3925,0.3954,5662350.0
2025-02-06 08:00:00+00:00,0.3954,0.3989,0.3895,0.3938,7300620.0
2025-02-06 12:00:00+00:00,0.3938,0.3952,0.3701,0.3738,24017963.0
2025-02-06 16:00:00+00:00,0.3738,0.3798,0.3666,0.3682,12664152.0
2025-02-06 20:00:00+00:00,0.3682,0.3764,0.3659,0.3702,6423396.0
2025-02-07 00:00:00+00:00,0.3702,0.3819,0.3695,0.3792,4987484.0
2025-02-07 04:00:00+00:00,0.3792,0.3824,0.3698,0.3775,10723460.0
2025-02-07 08:00:00+00:00,0.3775,0.3875,0.3755,0.3863,6606703.0
2025-02-07 12:00:00+00:00,0.3863,0.4021,0.3826,0.3908,18036256.0
2025-02-07 16:00:00+00:00,0.3908,0.3914,0.3786,0.3815,7291821.0
2025-02-07 20:00:00+00:00,0.3815,0.3816,0.358,0.3707,9675420.0
2025-02-08 00:00:00+00:00,0.3707,0.3769,0.3676,0.3703,4095087.0
2025-02-08 04:00:00+00:00,0.3703,0.3744,0.3658,0.3718,3114664.0
2025-02-08 08:00:00+00:00,0.3718,0.3726,0.368,0.3706,3083941.0
2025-02-08 12:00:00+00:00,0.3706,0.3795,0.3685,0.3749,6829715.0
2025-02-08 16:00:00+00:00,0.3749,0.3876,0.3722,0.3856,4315347.0
2025-02-08 20:00:00+00:00,0.3856,0.3906,0.3834,0.3878,2021195.0
2025-02-09 00:00:00+00:00,0.3878,0.3995,0.3851,0.3965,4112471.0
2025-02-09 04:00:00+00:00,0.3965,0.3965,0.3872,0.3931,3923114.0
2025-02-09 08:00:00+00:00,0.3931,0.3956,0.389,0.3892,3813051.0
2025-02-09 12:00:00+00:00,0.3892,0.391,0.3791,0.3854,4987423.0
2025-02-09 16:00:00+00:00,0.3854,0.3874,0.3763,0.3774,2816003.0
2025-02-09 20:00:00+00:00,0.3774,0.3818,0.3597,0.3758,11299263.0
2025-02-10 00:00:00+00:00,0.3758,0.3837,0.3613,0.3754,12217635.0
2025-02-10 04:00:00+00:00,0.3754,0.3872,0.3735,0.385,4654982.0
2025-02-10 08:00:00+00:00,0.385,0.3935,0.3848,0.3887,5238417.0
2025-02-10 12:00:00+00:00,0.3887,0.3989,0.3843,0.3919,9220790.0
2025-02-10 16:00:00+00:00,0.3919,0.3992,0.3902,0.3961,4284521.0
2025-02-10 20:00:00+00:00,0.3961,0.3996,0.3917,0.3945,2436853.0
2025-02-11 00:00:00+00:00,0.3945,0.4025,0.3926,0.4001,5226939.0
2025-02-11 04:00:00+00:00,0.4001,0.4168,0.3988,0.4117,7702392.0
2025-02-11 08:00:00+00:00,0.4117,0.4137,0.4026,0.4066,6826894.0
2025-02-11 12:00:00+00:00,0.4066,0.4074,0.3918,0.3987,8766405.0
2025-02-11 16:00:00+00:00,0.3987,0.4005,0.3835,0.3859,6189855.0
2025-02-11 20:00:00+00:00,0.3859,0.3953,0.3846,0.3906,3606414.0
2025-02-12 00:00:00+00:00,0.3906,0.3921,0.3791,0.3802,6064629.0
2025-02-12 04:00:00+00:00,0.3802,0.3833,0.3758,0.3808,7594217.0
2025-02-12 08:00:00+00:00,0.3808,0.3869,0.3793,0.3842,5565581.0
2025-02-12 12:00:00+00:00,0.3842,0.3913,0.3698,0.385,29967362.0
2025-02-12 16:00:00+00:00,0.385,0.4015,0.3822,0.4001,7774160.0
2025-02-12 20:00:00+00:00,0.4001,0.4108,0.3985,0.4049,5266781.0
2025-02-13 00:00:00+00:00,0.4049,0.4067,0.3987,0.4038,3822943.0
2025-02-13 04:00:00+00:00,0.4038,0.4044,0.3913,0.3925,5235542.0
2025-02-13 08:00:00+00:00,0.3925,0.3937,0.3874,0.3913,5809481.0
2025-02-13 12:00:00+00:00,0.3913,0.3947,0.3853,0.3913,9669558.0
2025-02-13 16:00:00+00:00,0.3913,0.3946,0.3855,0.3905,3680871.0
2025-02-13 20:00:00+00:00,0.3905,0.3964,0.39,0.3941,2187032.0
2025-02-14 00:00:00+00:00,0.3941,0.4033,0.3927,0.4023,2825848.0
2025-02-14 04:00:00+00:00,0.4023,0.4027,0.3952,0.3974,3445757.0
2025-02-14 08:00:00+00:00,0.3974,0.4081,0.3974,0.403,6366468.0
2025-02-14 12:00:00+00:00,0.403,0.4097,0.399,0.405,6732164.0
2025-02-14 16:00:00+00:00,0.405,0.4162,0.401,0.4112,10467826.0
2025-02-14 20:00:00+00:00,0.4112,0.4122,0.3999,0.4058,6006274.0
2025-02-15 00:00:00+00:00,0.4058,0.4116,0.4024,0.4097,3571705.0
2025-02-15 04:00:00+00:00,0.4097,0.4118,0.4028,0.4051,2886410.0
2025-02-15 08:00:00+00:00,0.4051,0.4082,0.3993,0.4021,3217817.0
2025-02-15 12:00:00+00:00,0.4021,0.4046,0.3953,0.3983,5246732.0
2025-02-15 16:00:00+00:00,0.3983,0.4005,0.3956,0.3961,2018272.0
2025-02-15 20:00:00+00:00,0.3961,0.3974,0.3931,0.3957,3219347.0
2025-02-16 00:00:00+00:00,0.3957,0.3977,0.3892,0.3926,3250088.0
2025-02-16 04:00:00+00:00,0.3926,0.396,0.3904,0.3913,2124371.0
2025-02-16 08:00:00+00:00,0.3913,0.4032,0.3901,0.4028,4425215.0
2025-02-16 12:00:00+00:00,0.4028,0.4034,0.388,0.3934,5649510.0
2025-02-16 16:00:00+00:00,0.3934,0.3964,0.3883,0.3937,3275499.0
2025-02-16 20:00:00+00:00,0.3937,0.3953,0.388,0.3906,7759833.0
2025-02-17 00:00:00+00:00,0.3906,0.3996,0.3903,0.3941,2810849.0
2025-02-17 04:00:00+00:00,0.3941,0.3942,0.3826,0.3893,6115453.0
2025-02-17 08:00:00+00:00,0.3893,0.4052,0.3869,0.4011,4385641.0
2025-02-17 12:00:00+00:00,0.4011,0.4111,0.3969,0.3981,6712231.0
2025-02-17 16:00:00+00:00,0.3981,0.4014,0.3817,0.3882,12230966.0
2025-02-17 20:00:00+00:00,0.3882,0.3977,0.3877,0.3922,3861410.0
2025-02-18 00:00:00+00:00,0.3922,0.3955,0.3882,0.3917,2474282.0
2025-02-18 04:00:00+00:00,0.3917,0.3934,0.37,0.3708,9268762.0
2025-02-18 08:00:00+00:00,0.3708,0.3738,0.3642,0.3678,9119122.0
2025-02-18 12:00:00+00:00,0.3678,0.3739,0.3524,0.3542,17641501.0
2025-02-18 16:00:00+00:00,0.3542,0.3583,0.3486,0.3538,11558759.0
2025-02-18 20:00:00+00:00,0.3538,0.3617,0.3505,0.3598,4661898.0
2025-02-19 00:00:00+00:00,0.3598,0.3617,0.3528,0.3586,5695201.0
2025-02-19 04:00:00+00:00,0.3586,0.363,0.3515,0.361,5233748.0
2025-02-19 08:00:00+00:00,0.361,0.3668,0.359,0.3666,4796151.0
2025-02-19 12:00:00+00:00,0.3666,0.3695,0.3584,0.3609,7017221.0
2025-02-19 16:00:00+00:00,0.3609,0.3658,0.3592,0.3613,3025883.0
2025-02-19 20:00:00+00:00,0.3613,0.3654,0.3584,0.3641,2250174.0
2025-02-20 00:00:00+00:00,0.3641,0.3708,0.3622,0.3698,3038484.0
2025-02-20 04:00:00+00:00,0.3698,0.3761,0.3669,0.3669,6784943.0
2025-02-20 08:00:00+00:00,0.3669,0.3728,0.3663,0.3698,2468371.0
2025-02-20 12:00:00+00:00,0.3698,0.3738,0.3625,0.3628,6272638.0
2025-02-20 16:00:00+00:00,0.3628,0.3744,0.3624,0.3724,3242969.0
2025-02-20 20:00:00+00:00,0.3724,0.3762,0.3705,0.3741,2315258.0
2025-02-21 00:00:00+00:00,0.3741,0.3746,0.3675,0.37,3400051.0
2025-02-21 04:00:00+00:00,0.37,0.3804,0.3699,0.3782,4137960.0
2025-02-21 08:00:00+00:00,0.3782,0.392,0.3777,0.3844,11458892.0
2025-02-21 12:00:00+00:00,0.3844,0.3916,0.3682,0.3738,16715145.0
2025-02-21 16:00:00+00:00,0.3738,0.3792,0.3431,0.3462,21956702.0
2025-02-21 20:00:00+00:00,0.3462,0.3506,0.3429,0.3488,4766896.0
2025-02-22 00:00:00+00:00,0.3488,0.3564,0.3477,0.352,2822573.0
2025-02-22 04:00:00+00:00,0.352,0.3559,0.3509,0.3516,1714930.0
2025-02-22 08:00:00+00:00,0.3516,0.3577,0.3514,0.3567,1958241.0
2025-02-22 12:00:00+00:00,0.3567,0.3611,0.3549,0.3583,10634773.0
2025-02-22 16:00:00+00:00,0.3583,0.3616,0.3568,0.3589,1497860.0
2025-02-22 20:00:00+00:00,0.3589,0.3591,0.3546,0.3558,1236948.0
2025-02-23 00:00:00+00:00,0.3558,0.3574,0.3505,0.3535,3452993.0
2025-02-23 04:00:00+00:00,0.3535,0.3601,0.3514,0.3596,1271200.0
2025-02-23 08:00:00+00:00,0.3596,0.3596,0.3523,0.3527,2493986.0
2025-02-23 12:00:00+00:00,0.3527,0.354,0.3469,0.3473,4298837.0
2025-02-23 16:00:00+00:00,0.3473,0.3507,0.3469,0.3476,1465714.0
2025-02-23 20:00:00+00:00,0.3476,0.3535,0.345,0.3516,2887929.0
2025-02-24 00:00:00+00:00,0.3516,0.3536,0.333,0.3349,7197830.0
2025-02-24 04:00:00+00:00,0.3349,0.3397,0.3292,0.3368,6303696.0
2025-02-24 08:00:00+00:00,0.3368,0.3372,0.3273,0.3335,11939546.0
2025-02-24 12:00:00+00:00,0.3335,0.3369,0.3232,0.3269,6555288.0
2025-02-24 16:00:00+00:00,0.3269,0.331,0.3182,0.3221,6596004.0
2025-02-24 20:00:00+00:00,0.3221,0.3273,0.2967,0.3046,24663074.0
2025-02-25 00:00:00+00:00,0.3046,0.3077,0.2925,0.2981,15017870.0
2025-02-25 04:00:00+00:00,0.2981,0.2997,0.279,0.2881,28102493.0
2025-02-25 08:00:00+00:00,0.2881,0.2998,0.2825,0.2984,16073719.0
2025-02-25 12:00:00+00:00,0.2984,0.3028,0.2904,0.3002,16447323.0
2025-02-25 16:00:00+00:00,0.3002,0.308,0.2962,0.3078,9105108.0
2025-02-25 20:00:00+00:00,0.3078,0.3128,0.3061,0.3074,6220266.0
2025-02-26 00:00:00+00:00,0.3074,0.3119,0.3041,0.3091,3657575.0
2025-02-26 04:00:00+00:00,0.3091,0.3122,0.3061,0.3084,3152567.0
2025-02-26 08:00:00+00:00,0.3084,0.3142,0.3054,0.3098,5364492.0
2025-02-26 12:00:00+00:00,0.3098,0.3154,0.3001,0.3113,10963158.0
2025-02-26 16:00:00+00:00,0.3113,0.3121,0.2951,0.2996,9803390.0
2025-02-26 20:00:00+00:00,0.2996,0.3137,0.2965,0.3089,6122896.0
2025-02-27 00:00:00+00:00,0.3089,0.3163,0.3057,0.3156,3754798.0
2025-02-27 04:00:00+00:00,0.3156,0.3241,0.3117,0.3215,8275995.0
2025-02-27 08:00:00+00:00,0.3215,0.3285,0.3202,0.3234,5792173.0
2025-02-27 12:00:00+00:00,0.3234,0.3238,0.3138,0.3178,7528714.0
2025-02-27 16:00:00+00:00,0.3178,0.3191,0.3101,0.3114,3778293.0
2025-02-27 20:00:00+00:00,0.3114,0.3147,0.306,0.3131,5589050.0
2025-02-28 00:00:00+00:00,0.3131,0.3142,0.2913,0.292,19624821.0
2025-02-28 04:00:00+00:00,0.292,0.2953,0.2871,0.2905,7841667.0
2025-02-28 08:00:00+00:00,0.2905,0.2983,0.2856,0.2956,6073866.0
2025-02-28 12:00:00+00:00,0.2956,0.3163,0.2937,0.3153,15318216.0
2025-02-28 16:00:00+00:00,0.3153,0.3239,0.3126,0.3203,4683051.0
2025-02-28 20:00:00+00:00,0.3203,0.3218,0.3176,0.3185,2564437.0
2025-03-01 00:00:00+00:00,0.3185,0.3218,0.3145,0.3195,3302742.0
2025-03-01 04:00:00+00:00,0.3195,0.3228,0.314,0.3151,2837748.0
2025-03-01 08:00:00+00:00,0.3151,0.3177,0.3091,0.3107,5696619.0
2025-03-01 12:00:00+00:00,0.3107,0.3122,0.306,0.3107,4861799.0
2025-03-01 16:00:00+00:00,0.3107,0.3142,0.3093,0.3132,2859415.0
2025-03-01 20:00:00+00:00,0.3132,0.3208,0.3116,0.3178,3525592.0
2025-03-02 00:00:00+00:00,0.3178,0.3196,0.3145,0.3172,1798764.0
2025-03-02 04:00:00+00:00,0.3172,0.319,0.3146,0.3157,1903565.0
2025-03-02 08:00:00+00:00,0.3157,0.3199,0.3145,0.3188,1884984.0
2025-03-02 12:00:00+00:00,0.3188,0.3349,0.3116,0.3245,18547736.0
2025-03-02 16:00:00+00:00,0.3245,0.3589,0.3242,0.3579,41868560.0
2025-03-02 20:00:00+00:00,0.3579,0.3675,0.357,0.3629,13253978.0
2025-03-03 00:00:00+00:00,0.3629,0.3678,0.3473,0.3504,7763286.0
2025-03-03 04:00:00+00:00,0.3504,0.3526,0.3332,0.3411,7327790.0
2025-03-03 08:00:00+00:00,0.3411,0.3413,0.3283,0.3339,6791149.0
2025-03-03 12:00:00+00:00,0.3339,0.3414,0.3228,0.3266,19339789.0
2025-03-03 16:00:00+00:00,0.3266,0.3294,0.3,0.3021,23591846.0
2025-03-03 20:00:00+00:00,0.3021,0.3059,0.2957,0.3007,6821273.0
2025-03-04 00:00:00+00:00,0.3007,0.3056,0.2793,0.2908,17732339.0
2025-03-04 04:00:00+00:00,0.2908,0.2957,0.2895,0.2911,4294926.0
2025-03-04 08:00:00+00:00,0.2911,0.2951,0.2887,0.2924,6663477.0
2025-03-04 12:00:00+00:00,0.2924,0.3005,0.2828,0.292,16761888.0
2025-03-04 16:00:00+00:00,0.292,0.3026,0.2754,0.302,15328690.0
2025-03-04 20:00:00+00:00,0.302,0.3074,0.2973,0.3017,5835878.0
2025-03-05 00:00:00+00:00,0.3017,0.3052,0.2981,0.2985,4238095.0
2025-03-05 04:00:00+00:00,0.2985,0.3033,0.2976,0.3026,9227838.0
2025-03-05 08:00:00+00:00,0.3026,0.3149,0.302,0.3081,4364792.0
2025-03-05 12:00:00+00:00,0.3081,0.3118,0.3032,0.3051,5822081.0
2025-03-05 16:00:00+00:00,0.3051,0.3131,0.3015,0.3123,4372394.0
2025-03-05 20:00:00+00:00,0.3123,0.3158,0.3112,0.3126,2481693.0
2025-03-06 00:00:00+00:00,0.3126,0.3185,0.3088,0.3182,4210059.0
2025-03-06 04:00:00+00:00,0.3182,0.3261,0.3161,0.3171,7033647.0
2025-03-06 08:00:00+00:00,0.3171,0.3233,0.3171,0.3212,4917035.0
2025-03-06 12:00:00+00:00,0.3212,0.3221,0.3135,0.3203,7606707.0
2025-03-06 16:00:00+00:00,0.3203,0.3216,0.3069,0.3093,7388931.0
2025-03-06 20:00:00+00:00,0.3093,0.3139,0.3074,0.3077,3824276.0
2025-03-07 00:00:00+00:00,0.3077,0.3107,0.2919,0.3038,14973844.0
2025-03-07 04:00:00+00:00,0.3038,0.3092,0.3031,0.3091,2367045.0
2025-03-07 08:00:00+00:00,0.3091,0.3189,0.3068,0.3161,6415356.0
2025-03-07 12:00:00+00:00,0.3161,0.3205,0.3111,0.3138,12998715.0
2025-03-07 16:00:00+00:00,0.3138,0.3183,0.3059,0.3147,7714503.0
2025-03-07 20:00:00+00:00,0.3147,0.3166,0.3035,0.3063,7027147.0
2025-03-08 00:00:00+00:00,0.3063,0.3087,0.3006,0.307,3534337.0
2025-03-08 04:00:00+00:00,0.307,0.312,0.3033,0.3042,3208158.0
2025-03-08 08:00:00+00:00,0.3042,0.3054,0.2984,0.2998,5171368.0
2025-03-08 12:00:00+00:00,0.2998,0.3038,0.2981,0.3016,2725582.0
2025-03-08 16:00:00+00:00,0.3016,0.3042,0.2968,0.3026,3733356.0
2025-03-08 20:00:00+00:00,0.3026,0.3031,0.2967,0.2991,2031862.0
2025-03-09 00:00:00+00:00,0.2991,0.3015,0.2953,0.2976,2678988.0
2025-03-09 04:00:00+00:00,0.2976,0.2984,0.2934,0.2962,2513023.0
2025-03-09 08:00:00+00:00,0.2962,0.2962,0.2874,0.289,4414743.0
2025-03-09 12:00:00+00:00,0.289,0.2898,0.2804,0.2817,11304915.0
2025-03-09 16:00:00+00:00,0.2817,0.2835,0.266,0.2718,26813611.0
2025-03-09 20:00:00+00:00,0.2718,0.2746,0.2664,0.2697,6729616.0
2025-03-10 00:00:00+00:00,0.2697,0.2775,0.2652,0.2751,6301011.0
2025-03-10 04:00:00+00:00,0.2751,0.2807,0.275,0.2791,3347484.0
2025-03-10 08:00:00+00:00,0.2791,0.289,0.2745,0.2857,9310391.0
2025-03-10 12:00:00+00:00,0.2857,0.288,0.2711,0.2769,14748594.0
2025-03-10 16:00:00+00:00,0.2769,0.2778,0.2548,0.2657,19415438.0
2025-03-10 20:00:00+00:00,0.2657,0.2662,0.2583,0.2586,4642360.0
2025-03-11 00:00:00+00:00,0.2586,0.2636,0.2418,0.262,19541529.0
2025-03-11 04:00:00+00:00,0.262,0.2695,0.2609,0.267,7130579.0
2025-03-11 08:00:00+00:00,0.267,0.2742,0.2657,0.2721,4543672.0
2025-03-11 12:00:00+00:00,0.2721,0.2788,0.2623,0.2729,16128484.0
2025-03-11 16:00:00+00:00,0.2729,0.2835,0.2701,0.2821,7597641.0
2025-03-11 20:00:00+00:00,0.2821,0.2832,0.2766,0.2775,2546251.0
2025-03-12 00:00:00+00:00,0.2775,0.2821,0.2712,0.2714,4670101.0
2025-03-12 04:00:00+00:00,0.2714,0.2773,0.2689,0.2766,3682776.0
2025-03-12 08:00:00+00:00,0.2766,0.2857,0.2755,0.2837,7892769.0
2025-03-12 12:00:00+00:00,0.2837,0.2928,0.2691,0.2734,20443447.0
2025-03-12 16:00:00+00:00,0.2734,0.2837,0.2725,0.2822,6878332.0
2025-03-12 20:00:00+00:00,0.2822,0.2834,0.2786,0.2804,4717022.0
2025-03-13 00:00:00+00:00,0.2804,0.2813,0.2743,0.275,3046780.0
2025-03-13 04:00:00+00:00,0.275,0.2757,0.2691,0.2719,4144301.0
2025-03-13 08:00:00+00:00,0.2719,0.2786,0.2698,0.278,5560942.0
2025-03-13 12:00:00+00:00,0.278,0.2831,0.2709,0.2729,12185141.0
2025-03-13 16:00:00+00:00,0.2729,0.2734,0.2647,0.2685,5155069.0
2025-03-13 20:00:00+00:00,0.2685,0.2787,0.2662,0.2747,4423189.0
2025-03-14 00:00:00+00:00,0.2747,0.2786,0.2736,0.2779,2717327.0
2025-03-14 04:00:00+00:00,0.2779,0.2798,0.2762,0.2782,3289333.0
2025-03-14 08:00:00+00:00,0.2782,0.2822,0.2778,0.2784,4527564.0
2025-03-14 12:00:00+00:00,0.2784,0.2885,0.2765,0.2853,8891888.0
2025-03-14 16:00:00+00:00,0.2853,0.2883,0.2838,0.2855,4941466.0
2025-03-14 20:00:00+00:00,0.2855,0.288,0.2832,0.2838,3232963.0
2025-03-15 00:00:00+00:00,0.2838,0.2848,0.2804,0.2835,5732980.0
2025-03-15 04:00:00+00:00,0.2835,0.2863,0.28,0.2808,2965940.0
2025-03-15 08:00:00+00:00,0.2808,0.2841,0.2804,0.2822,3217374.0
2025-03-15 12:00:00+00:00,0.2822,0.2842,0.28,0.2828,4028244.0
2025-03-15 16:00:00+00:00,0.2828,0.2867,0.2823,0.2848,2177151.0
2025-03-15 20:00:00+00:00,0.2848,0.2899,0.2848,0.287,3492749.0
2025-03-16 00:00:00+00:00,0.287,0.2874,0.2812,0.2853,4311887.0
2025-03-16 04:00:00+00:00,0.2853,0.2898,0.2848,0.2892,5130303.0
2025-03-16 08:00:00+00:00,0.2892,0.2908,0.2749,0.2754,9496993.0
2025-03-16 12:00:00+00:00,0.2754,0.2797,0.2729,0.2758,8273968.0
2025-03-16 16:00:00+00:00,0.2758,0.2837,0.2706,0.2716,12784886.0
2025-03-16 20:00:00+00:00,0.2716,0.2732,0.2687,0.2715,3178245.0
2025-03-17 00:00:00+00:00,0.2715,0.2826,0.2713,0.2823,2972136.0
2025-03-17 04:00:00+00:00,0.2823,0.2844,0.2775,0.2815,3877698.0
2025-03-17 08:00:00+00:00,0.2815,0.2874,0.2799,0.286,4077712.0
2025-03-17 12:00:00+00:00,0.286,0.2911,0.2811,0.2857,12570235.0
2025-03-17 16:00:00+00:00,0.2857,0.292,0.2834,0.2898,6117758.0
2025-03-17 20:00:00+00:00,0.2898,0.2914,0.2864,0.2875,3624855.0
2025-03-18 00:00:00+00:00,0.2875,0.2875,0.2783,0.2796,4289121.0
2025-03-18 04:00:00+00:00,0.2796,0.2824,0.2767,0.2805,3518801.0
2025-03-18 08:00:00+00:00,0.2805,0.2832,0.2768,0.2775,3819824.0
2025-03-18 12:00:00+00:00,0.2775,0.28,0.2752,0.2763,4918340.0
2025-03-18 16:00:00+00:00,0.2763,0.2788,0.274,0.2786,3794414.0
2025-03-18 20:00:00+00:00,0.2786,0.2894,0.277,0.2878,4674879.0
2025-03-19 00:00:00+00:00,0.2878,0.2926,0.287,0.2911,9230567.0
2025-03-19 04:00:00+00:00,0.2911,0.2915,0.2846,0.2849,8178569.0
2025-03-19 08:00:00+00:00,0.2849,0.2946,0.2849,0.2932,21588507.0
2025-03-19 12:00:00+00:00,0.2932,0.2968,0.2891,0.2954,11178380.0
2025-03-19 16:00:00+00:00,0.2954,0.301,0.2879,0.2965,18357969.0
2025-03-19 20:00:00+00:00,0.2965,0.3008,0.2949,0.299,7541681.0
2025-03-20 00:00:00+00:00,0.299,0.2991,0.2909,0.2917,6972470.0
2025-03-20 04:00:00+00:00,0.2917,0.2932,0.2897,0.2913,2205560.0
2025-03-20 08:00:00+00:00,0.2913,0.2932,0.2848,0.2875,6685325.0
2025-03-20 12:00:00+00:00,0.2875,0.293,0.2866,0.2873,6013895.0
2025-03-20 16:00:00+00:00,0.2873,0.2899,0.2827,0.2863,5460236.0
2025-03-20 20:00:00+00:00,0.2863,0.288,0.2852,0.287,3355541.0
2025-03-21 00:00:00+00:00,0.287,0.291,0.2849,0.2856,5615560.0
2025-03-21 04:00:00+00:00,0.2856,0.2888,0.2844,0.2854,3114784.0
2025-03-21 08:00:00+00:00,0.2854,0.2864,0.2789,0.2803,4899380.0
2025-03-21 12:00:00+00:00,0.2803,0.2827,0.2779,0.2798,3272997.0
2025-03-21 16:00:00+00:00,0.2798,0.2843,0.2786,0.2829,2210852.0
2025-03-21 20:00:00+00:00,0.2829,0.2846,0.2792,0.2798,2378346.0
2025-03-22 00:00:00+00:00,0.2798,0.2824,0.2792,0.282,2154690.0
2025-03-22 04:00:00+00:00,0.282,0.2857,0.2819,0.2846,2720083.0
2025-03-22 08:00:00+00:00,0.2846,0.2879,0.2836,0.285,4896428.0
2025-03-22 12:00:00+00:00,0.285,0.2853,0.281,0.2832,2939948.0
2025-03-22 16:00:00+00:00,0.2832,0.2867,0.2823,0.2856,2403942.0
2025-03-22 20:00:00+00:00,0.2856,0.2862,0.2791,0.2811,3189082.0
2025-03-23 00:00:00+00:00,0.2811,0.2852,0.2797,0.2852,2337777.0
2025-03-23 04:00:00+00:00,0.2852,0.2852,0.2818,0.284,1737453.0
2025-03-23 08:00:00+00:00,0.284,0.2864,0.2831,0.285,2202608.0
2025-03-23 12:00:00+00:00,0.285,0.2867,0.2829,0.2832,2510392.0
2025-03-23 16:00:00+00:00,0.2832,0.2833,0.2782,0.2814,4317032.0
2025-03-23 20:00:00+00:00,0.2814,0.2854,0.2809,0.2854,1657787.0
2025-03-24 00:00:00+00:00,0.2854,0.288,0.2816,0.2877,4290586.0
2025-03-24 04:00:00+00:00,0.2877,0.3016,0.2876,0.2981,8214837.0
2025-03-24 08:00:00+00:00,0.2981,0.302,0.298,0.2991,7980656.0
2025-03-24 12:00:00+00:00,0.2991,0.3052,0.2973,0.3002,7249044.0
2025-03-24 16:00:00+00:00,0.3002,0.3011,0.2971,0.2999,3877234.0
2025-03-24 20:00:00+00:00,0.2999,0.3019,0.2975,0.3006,2532170.0
2025-03-25 00:00:00+00:00,0.3006,0.3038,0.2964,0.2979,5808868.0
2025-03-25 04:00:00+00:00,0.2979,0.3013,0.2967,0.3003,3725586.0
2025-03-25 08:00:00+00:00,0.3003,0.3035,0.2999,0.3028,3321957.0
2025-03-25 12:00:00+00:00,0.3028,0.3077,0.3007,0.3035,5805552.0
2025-03-25 16:00:00+00:00,0.3035,0.3072,0.3014,0.3065,8841156.0
2025-03-25 20:00:00+00:00,0.3065,0.3089,0.3037,0.3062,4057195.0
2025-03-26 00:00:00+00:00,0.3062,0.3144,0.3041,0.3057,7549584.0
2025-03-26 04:00:00+00:00,0.3057,0.3185,0.3051,0.3172,5397870.0
2025-03-26 08:00:00+00:00,0.3172,0.3179,0.312,0.3157,5722311.0
2025-03-26 12:00:00+00:00,0.3157,0.3162,0.3054,0.3099,8405432.0
2025-03-26 16:00:00+00:00,0.3099,0.3127,0.3048,0.3113,5225081.0
2025-03-26 20:00:00+00:00,0.3113,0.3133,0.3069,0.3089,2607495.0
2025-03-27 00:00:00+00:00,0.3089,0.3175,0.3076,0.3168,2625974.0
2025-03-27 04:00:00+00:00,0.3168,0.3176,0.3122,0.3132,1754611.0
2025-03-27 08:00:00+00:00,0.3132,0.3144,0.3051,0.3056,3209728.0
2025-03-27 12:00:00+00:00,0.3056,0.3109,0.3016,0.3088,5438209.0
2025-03-27 16:00:00+00:00,0.3088,0.313,0.3058,0.3112,5824431.0
2025-03-27 20:00:00+00:00,0.3112,0.3159,0.3107,0.3114,2046971.0
2025-03-28 00:00:00+00:00,0.3114,0.3118,0.2996,0.3013,4736346.0
2025-03-28 04:00:00+00:00,0.3013,0.3017,0.2859,0.2862,11742365.0
2025-03-28 08:00:00+00:00,0.2862,0.2867,0.281,0.2846,6044658.0
2025-03-28 12:00:00+00:00,0.2846,0.2865,0.2797,0.2816,5082056.0
2025-03-28 16:00:00+00:00,0.2816,0.2824,0.2783,0.2796,2059040.0
2025-03-28 20:00:00+00:00,0.2796,0.2818,0.2771,0.2807,3024719.0
2025-03-29 00:00:00+00:00,0.2807,0.2811,0.2728,0.2781,5675418.0
2025-03-29 04:00:00+00:00,0.2781,0.2791,0.273,0.2741,3340950.0
2025-03-29 08:00:00+00:00,0.2741,0.2764,0.2695,0.2716,8184386.0
2025-03-29 12:00:00+00:00,0.2716,0.2739,0.2687,0.2693,3091870.0
2025-03-29 16:00:00+00:00,0.2693,0.2703,0.2632,0.2675,7893192.0
2025-03-29 20:00:00+00:00,0.2675,0.2694,0.2642,0.2688,3264698.0
2025-03-30 00:00:00+00:00,0.2688,0.276,0.2666,0.2739,3647188.0
2025-03-30 04:00:00+00:00,0.2739,0.2771,0.2728,0.273,2572810.0
2025-03-30 08:00:00+00:00,0.273,0.2766,0.2722,0.2735,3135749.0
2025-03-30 12:00:00+00:00,0.2735,0.2736,0.2679,0.2699,4426342.0
2025-03-30 16:00:00+00:00,0.2699,0.2735,0.2668,0.2704,3349610.0
2025-03-30 20:00:00+00:00,0.2704,0.2726,0.2657,0.2699,2178465.0
2025-03-31 00:00:00+00:00,0.2699,0.2722,0.2644,0.2674,2961589.0
2025-03-31 04:00:00+00:00,0.2674,0.2717,0.2651,0.267,2190806.0
2025-03-31 08:00:00+00:00,0.267,0.27,0.2633,0.2687,3751542.0
2025-03-31 12:00:00+00:00,0.2687,0.2757,0.2665,0.2729,4804711.0
2025-03-31 16:00:00+00:00,0.2729,0.2741,0.2688,0.2709,2514084.0
2025-03-31 20:00:00+00:00,0.2709,0.2721,0.2694,0.2704,1604217.0
2025-04-01 00:00:00+00:00,0.2704,0.2738,0.2687,0.2722,2469500.0
2025-04-01 04:00:00+00:00,0.2722,0.2762,0.2721,0.2746,2712238.0
2025-04-01 08:00:00+00:00,0.2746,0.2799,0.2731,0.2747,4678890.0
2025-04-01 12:00:00+00:00,0.2747,0.2833,0.2712,0.2813,8690880.0
2025-04-01 16:00:00+00:00,0.2813,0.2826,0.2746,0.2758,3428686.0
2025-04-01 20:00:00+00:00,0.2758,0.2778,0.2735,0.2754,2479091.0
2025-04-02 00:00:00+00:00,0.2754,0.2754,0.2659,0.2703,4617697.0
2025-04-02 04:00:00+00:00,0.2703,0.2714,0.2651,0.2674,7259653.0
2025-04-02 08:00:00+00:00,0.2674,0.2713,0.266,0.2676,2958902.0
2025-04-02 12:00:00+00:00,0.2676,0.2782,0.2666,0.2755,6908383.0
2025-04-02 16:00:00+00:00,0.2755,0.2785,0.2718,0.2759,4212338.0
2025-04-02 20:00:00+00:00,0.2759,0.2831,0.2523,0.2564,16087612.0
2025-04-03 00:00:00+00:00,0.2564,0.2657,0.2556,0.2648,3948108.0
2025-04-03 04:00:00+00:00,0.2648,0.2656,0.2578,0.2593,4297657.0
2025-04-03 08:00:00+00:00,0.2593,0.2609,0.2524,0.2555,7663718.0
2025-04-03 12:00:00+00:00,0.2555,0.2594,0.2487,0.2589,10858001.0
2025-04-03 16:00:00+00:00,0.2589,0.2606,0.2563,0.2592,4374597.0
2025-04-03 20:00:00+00:00,0.2592,0.264,0.2592,0.2616,2319365.0
2025-04-04 00:00:00+00:00,0.2616,0.2634,0.2585,0.2616,2386472.0
2025-04-04 04:00:00+00:00,0.2616,0.2654,0.2599,0.2647,2480877.0
2025-04-04 08:00:00+00:00,0.2647,0.2664,0.2548,0.2582,4509525.0
2025-04-04 12:00:00+00:00,0.2582,0.2669,0.256,0.2624,5977893.0
2025-04-04 16:00:00+00:00,0.2624,0.266,0.261,0.2627,1994236.0
2025-04-04 20:00:00+00:00,0.2627,0.2662,0.2626,0.2637,957310.0
2025-04-05 00:00:00+00:00,0.2637,0.2653,0.2625,0.2634,1289823.0
2025-04-05 04:00:00+00:00,0.2634,0.264,0.2618,0.2635,725903.0
2025-04-05 08:00:00+00:00,0.2635,0.2657,0.2627,0.2643,1224206.0
2025-04-05 12:00:00+00:00,0.2643,0.2646,0.2588,0.2598,3813557.0
2025-04-05 16:00:00+00:00,0.2598,0.2608,0.2581,0.2592,1964016.0
2025-04-05 20:00:00+00:00,0.2592,0.2626,0.2585,0.2618,1614569.0
2025-04-06 00:00:00+00:00,0.2618,0.263,0.2591,0.2598,6479652.0
2025-04-06 04:00:00+00:00,0.2598,0.2605,0.2564,0.2573,3599870.0
2025-04-06 08:00:00+00:00,0.2573,0.2589,0.255,0.2563,3514310.0
2025-04-06 12:00:00+00:00,0.2563,0.2565,0.2473,0.2523,8136047.0
2025-04-06 16:00:00+00:00,0.2523,0.2523,0.2333,0.2368,17527496.0
2025-04-06 20:00:00+00:00,0.2368,0.2373,0.2268,0.2319,8546098.0
2025-04-07 00:00:00+00:00,0.2319,0.2381,0.2237,0.2281,8176815.0
2025-04-07 04:00:00+00:00,0.2281,0.232,0.2128,0.2176,19928296.0
2025-04-07 08:00:00+00:00,0.2176,0.2321,0.2159,0.2279,10310512.0
2025-04-07 12:00:00+00:00,0.2279,0.2512,0.227,0.2397,35466823.0
2025-04-07 16:00:00+00:00,0.2397,0.243,0.2349,0.238,7825177.0
2025-04-07 20:00:00+00:00,0.238,0.2436,0.238,0.2397,2598860.0
2025-04-08 00:00:00+00:00,0.2397,0.2473,0.2386,0.2431,3785815.0
2025-04-08 04:00:00+00:00,0.2431,0.2448,0.2369,0.2384,4015095.0
2025-04-08 08:00:00+00:00,0.2384,0.2442,0.2363,0.2435,6196675.0
2025-04-08 12:00:00+00:00,0.2435,0.246,0.2378,0.2391,10805697.0
2025-04-08 16:00:00+00:00,0.2391,0.2392,0.2295,0.2316,8581642.0
2025-04-08 20:00:00+00:00,0.2316,0.2341,0.2292,0.2308,2838916.0
2025-04-09 00:00:00+00:00,0.2308,0.2343,0.2229,0.2317,9475643.0
2025-04-09 04:00:00+00:00,0.2317,0.2415,0.2314,0.241,10752584.0
2025-04-09 08:00:00+00:00,0.241,0.2426,0.2352,0.2367,7130115.0
2025-04-09 12:00:00+00:00,0.2367,0.2445,0.2344,0.2413,9399022.0
2025-04-09 16:00:00+00:00,0.2413,0.2626,0.2407,0.2592,26917893.0
2025-04-09 20:00:00+00:00,0.2592,0.2621,0.2578,0.2584,3499977.0
2025-04-10 00:00:00+00:00,0.2584,0.2586,0.2515,0.2538,3594005.0
2025-04-10 04:00:00+00:00,0.2538,0.256,0.2521,0.254,3158453.0
2025-04-10 08:00:00+00:00,0.254,0.255,0.2517,0.2533,3155758.0
2025-04-10 12:00:00+00:00,0.2533,0.2578,0.2467,0.2479,11044639.0
2025-04-10 16:00:00+00:00,0.2479,0.2558,0.247,0.2546,7519577.0
2025-04-10 20:00:00+00:00,0.2546,0.2584,0.2546,0.2575,3217818.0
2025-04-11 00:00:00+00:00,0.2575,0.2611,0.256,0.2597,3272302.0
2025-04-11 04:00:00+00:00,0.2597,0.2607,0.2581,0.2592,3471124.0
2025-04-11 08:00:00+00:00,0.2592,0.2633,0.2578,0.2592,7088393.0
2025-04-11 12:00:00+00:00,0.2592,0.2611,0.2567,0.2598,7925385.0
2025-04-11 16:00:00+00:00,0.2598,0.2636,0.2586,0.2618,5274672.0
2025-04-11 20:00:00+00:00,0.2618,0.2638,0.26,0.2608,1610853.0
2025-04-12 00:00:00+00:00,0.2608,0.261,0.258,0.2588,3063410.0
2025-04-12 04:00:00+00:00,0.2588,0.2615,0.2581,0.2597,3389964.0
2025-04-12 08:00:00+00:00,0.2597,0.2624,0.2596,0.2608,3102829.0
2025-04-12 12:00:00+00:00,0.2608,0.272,0.2606,0.2702,7100469.0
2025-04-12 16:00:00+00:00,0.2702,0.2721,0.2687,0.2691,2429215.0
2025-04-12 20:00:00+00:00,0.2691,0.2727,0.2691,0.2717,2386906.0
2025-04-13 00:00:00+00:00,0.2717,0.2737,0.2657,0.2665,4474518.0
2025-04-13 04:00:00+00:00,0.2665,0.2668,0.2622,0.2632,2512323.0
2025-04-13 08:00:00+00:00,0.2632,0.2675,0.262,0.2643,3723456.0
2025-04-13 12:00:00+00:00,0.2643,0.2649,0.258,0.2592,6354622.0
2025-04-13 16:00:00+00:00,0.2592,0.2655,0.253,0.2568,7303814.0
2025-04-13 20:00:00+00:00,0.2568,0.2598,0.2525,0.2576,5321713.0
2025-04-14 00:00:00+00:00,0.2576,0.2678,0.257,0.264,5798508.0
2025-04-14 04:00:00+00:00,0.264,0.2773,0.2607,0.2641,20247731.0
2025-04-14 08:00:00+00:00,0.2641,0.2681,0.2622,0.2662,6114611.0
2025-04-14 12:00:00+00:00,0.2662,0.2675,0.256,0.2575,7813304.0
2025-04-14 16:00:00+00:00,0.2575,0.2614,0.2569,0.26,5529503.0
2025-04-14 20:00:00+00:00,0.26,0.2603,0.2572,0.2575,1562280.0
2025-04-15 00:00:00+00:00,0.2575,0.2588,0.2542,0.2582,3326299.0
2025-04-15 04:00:00+00:00,0.2582,0.2597,0.2545,0.2577,3767621.0
2025-04-15 08:00:00+00:00,0.2577,0.2599,0.2555,0.2572,2728262.0
2025-04-15 12:00:00+00:00,0.2572,0.261,0.2513,0.2527,8980218.0
2025-04-15 16:00:00+00:00,0.2527,0.2542,0.2495,0.25,5230847.0
2025-04-15 20:00:00+00:00,0.25,0.2512,0.2442,0.2458,7836841.0
2025-04-16 00:00:00+00:00,0.2458,0.2491,0.2444,0.248,4221632.0
2025-04-16 04:00:00+00:00,0.248,0.2495,0.2453,0.2459,5425182.0
2025-04-16 08:00:00+00:00,0.2459,0.2492,0.2443,0.2477,4102833.0
2025-04-16 12:00:00+00:00,0.2477,0.2516,0.245,0.2474,5317612.0
2025-04-16 16:00:00+00:00,0.2474,0.25,0.2403,0.2485,12971239.0
2025-04-16 20:00:00+00:00,0.2485,0.2491,0.2435,0.2445,3144088.0
2025-04-17 00:00:00+00:00,0.2445,0.2453,0.2428,0.244,2030963.0
2025-04-17 04:00:00+00:00,0.244,0.2505,0.2434,0.2484,3603800.0
2025-04-17 08:00:00+00:00,0.2484,0.2489,0.2457,0.2467,1673124.0
2025-04-17 12:00:00+00:00,0.2467,0.2484,0.2409,0.2478,7958077.0
2025-04-17 16:00:00+00:00,0.2478,0.2519,0.2468,0.2485,5212116.0
2025-04-17 20:00:00+00:00,0.2485,0.2502,0.2472,0.2479,3698091.0
2025-04-18 00:00:00+00:00,0.2479,0.2505,0.2457,0.2503,2642683.0
2025-04-18 04:00:00+00:00,0.2503,0.2564,0.25,0.2558,4645816.0
2025-04-18 08:00:00+00:00,0.2558,0.2621,0.2557,0.2604,11022103.0
2025-04-18 12:00:00+00:00,0.2604,0.263,0.2564,0.2575,7632805.0
2025-04-18 16:00:00+00:00,0.2575,0.2612,0.257,0.2595,3708559.0
2025-04-18 20:00:00+00:00,0.2595,0.2608,0.259,0.2599,1656572.0
2025-04-19 00:00:00+00:00,0.2599,0.2699,0.2594,0.2666,5973487.0
2025-04-19 04:00:00+00:00,0.2666,0.2672,0.262,0.2638,3736793.0
2025-04-19 08:00:00+00:00,0.2638,0.2649,0.2621,0.2625,2079966.0
2025-04-19 12:00:00+00:00,0.2625,0.2712,0.2614,0.2645,9398403.0
2025-04-19 16:00:00+00:00,0.2645,0.268,0.2625,0.2671,4016310.0
2025-04-19 20:00:00+00:00,0.2671,0.2692,0.2663,0.2677,1541340.0
2025-04-20 00:00:00+00:00,0.2677,0.2693,0.2652,0.2669,2537969.0
2025-04-20 04:00:00+00:00,0.2669,0.2707,0.2647,0.2658,6365625.0
2025-04-20 08:00:00+00:00,0.2658,0.266,0.2607,0.2626,4896049.0
2025-04-20 12:00:00+00:00,0.2626,0.2675,0.2613,0.2673,4319928.0
2025-04-20 16:00:00+00:00,0.2673,0.2726,0.2665,0.2692,7574515.0
2025-04-20 20:00:00+00:00,0.2692,0.2713,0.2666,0.2696,1990643.0
2025-04-21 00:00:00+00:00,0.2696,0.2756,0.2696,0.275,8120453.0
2025-04-21 04:00:00+00:00,0.275,0.2916,0.2727,0.2841,28079105.0
2025-04-21 08:00:00+00:00,0.2841,0.2895,0.2789,0.2795,16224593.0
2025-04-21 12:00:00+00:00,0.2795,0.2822,0.2782,0.2798,8720582.0
2025-04-21 16:00:00+00:00,0.2798,0.2818,0.2716,0.2732,13024546.0
2025-04-21 20:00:00+00:00,0.2732,0.2748,0.2687,0.2718,5181158.0
2025-04-22 00:00:00+00:00,0.2718,0.2742,0.2653,0.2724,8447190.0
2025-04-22 04:00:00+00:00,0.2724,0.2755,0.2664,0.2754,7723653.0
2025-04-22 08:00:00+00:00,0.2754,0.278,0.2723,0.2777,9061746.0
2025-04-22 12:00:00+00:00,0.2777,0.287,0.2758,0.2842,13798909.0
2025-04-22 16:00:00+00:00,0.2842,0.2872,0.2821,0.2854,6302821.0
2025-04-22 20:00:00+00:00,0.2854,0.2954,0.2828,0.294,10675267.0
2025-04-23 00:00:00+00:00,0.294,0.2995,0.292,0.2991,9980412.0
2025-04-23 04:00:00+00:00,0.2991,0.3,0.2945,0.2988,8173019.0
2025-04-23 08:00:00+00:00,0.2988,0.3002,0.2949,0.2981,5616166.0
2025-04-23 12:00:00+00:00,0.2981,0.3039,0.2891,0.2955,16373570.0
2025-04-23 16:00:00+00:00,0.2955,0.3,0.2922,0.2944,5455875.0
2025-04-23 20:00:00+00:00,0.2944,0.299,0.2941,0.2971,2945104.0
2025-04-24 00:00:00+00:00,0.2971,0.2981,0.2892,0.2894,6191785.0
2025-04-24 04:00:00+00:00,0.2894,0.2917,0.2801,0.2862,19460967.0
2025-04-24 08:00:00+00:00,0.2862,0.2905,0.2828,0.2901,12969880.0
2025-04-24 12:00:00+00:00,0.2901,0.3048,0.289,0.2993,11912241.0
2025-04-24 16:00:00+00:00,0.2993,0.3027,0.2933,0.2984,13861014.0
2025-04-24 20:00:00+00:00,0.2984,0.3033,0.2973,0.3029,5137282.0
2025-04-25 00:00:00+00:00,0.3029,0.3077,0.2961,0.2988,10036352.0
2025-04-25 04:00:00+00:00,0.2988,0.3086,0.2975,0.3084,8120460.0
2025-04-25 08:00:00+00:00,0.3084,0.3117,0.3045,0.3075,14054359.0
2025-04-25 12:00:00+00:00,0.3075,0.3101,0.301,0.307,15129532.0
2025-04-25 16:00:00+00:00,0.307,0.3105,0.303,0.3058,5434275.0
2025-04-25 20:00:00+00:00,0.3058,0.3104,0.3052,0.3058,2809844.0
2025-04-26 00:00:00+00:00,0.3058,0.3199,0.3058,0.3138,10276371.0
2025-04-26 04:00:00+00:00,0.3138,0.3158,0.3092,0.3132,3616224.0
2025-04-26 08:00:00+00:00,0.3132,0.3153,0.3022,0.3039,15731148.0
2025-04-26 12:00:00+00:00,0.3039,0.3089,0.3014,0.3083,5306407.0
2025-04-26 16:00:00+00:00,0.3083,0.3095,0.3056,0.3094,3180308.0
2025-04-26 20:00:00+00:00,0.3094,0.3129,0.3081,0.3108,2540859.0
2025-04-27 00:00:00+00:00,0.3108,0.314,0.302,0.3054,7022213.0
2025-04-27 04:00:00+00:00,0.3054,0.3066,0.299,0.3032,4093568.0
2025-04-27 08:00:00+00:00,0.3032,0.3046,0.2983,0.2988,3731795.0
2025-04-27 12:00:00+00:00,0.2988,0.3007,0.2932,0.2962,8164831.0
2025-04-27 16:00:00+00:00,0.2962,0.2984,0.2927,0.2983,2604298.0
2025-04-27 20:00:00+00:00,0.2983,0.2989,0.2943,0.2945,1752758.0
2025-04-28 00:00:00+00:00,0.2945,0.2981,0.2857,0.2965,5731130.0
2025-04-28 04:00:00+00:00,0.2965,0.3036,0.2953,0.3036,3289232.0
2025-04-28 08:00:00+00:00,0.3036,0.3062,0.3008,0.3046,4444255.0
2025-04-28 12:00:00+00:00,0.3046,0.3051,0.292,0.2935,10869966.0
2025-04-28 16:00:00+00:00,0.2935,0.3029,0.2913,0.302,4078135.0
2025-04-28 20:00:00+00:00,0.302,0.302,0.2989,0.2998,1642656.0
2025-04-29 00:00:00+00:00,0.2998,0.3045,0.2992,0.3021,3120899.0
2025-04-29 04:00:00+00:00,0.3021,0.3047,0.2976,0.3035,2794872.0
2025-04-29 08:00:00+00:00,0.3035,0.3053,0.2969,0.2996,3395353.0
2025-04-29 12:00:00+00:00,0.2996,0.3035,0.2953,0.3014,6359440.0
2025-04-29 16:00:00+00:00,0.3014,0.3038,0.2994,0.3012,2612957.0
2025-04-29 20:00:00+00:00,0.3012,0.3018,0.2864,0.2909,13324807.0
2025-04-30 00:00:00+00:00,0.2909,0.2947,0.2883,0.2944,4326800.0
2025-04-30 04:00:00+00:00,0.2944,0.2979,0.2889,0.2901,5529441.0
2025-04-30 08:00:00+00:00,0.2901,0.2979,0.2899,0.2976,2220153.0
2025-04-30 12:00:00+00:00,0.2976,0.2981,0.2824,0.2902,11347063.0
2025-04-30 16:00:00+00:00,0.2902,0.2961,0.2878,0.2944,2667664.0
2025-04-30 20:00:00+00:00,0.2944,0.2988,0.2939,0.2946,2235667.0
2025-05-01 00:00:00+00:00,0.2946,0.2993,0.2942,0.2945,1647167.0
2025-05-01 04:00:00+00:00,0.2945,0.2985,0.2929,0.2984,1918268.0
2025-05-01 08:00:00+00:00,0.2984,0.305,0.2974,0.304,14075942.0
2025-05-01 12:00:00+00:00,0.304,0.3049,0.2989,0.3019,6068761.0
2025-05-01 16:00:00+00:00,0.3019,0.3047,0.3001,0.3017,3108622.0
2025-05-01 20:00:00+00:00,0.3017,0.3038,0.3004,0.3019,1282984.0
2025-05-02 00:00:00+00:00,0.3019,0.3102,0.3,0.3075,6275780.0
2025-05-02 04:00:00+00:00,0.3075,0.3085,0.3005,0.3014,3126039.0
2025-05-02 08:00:00+00:00,0.3014,0.3048,0.3008,0.3022,2729055.0
2025-05-02 12:00:00+00:00,0.3022,0.3056,0.3002,0.3022,5281877.0
2025-05-02 16:00:00+00:00,0.3022,0.3066,0.2968,0.2985,9426360.0
2025-05-02 20:00:00+00:00,0.2985,0.3011,0.2977,0.301,1897123.0
2025-05-03 00:00:00+00:00,0.301,0.3012,0.2961,0.298,2221086.0
2025-05-03 04:00:00+00:00,0.298,0.298,0.2938,0.2941,2857763.0
2025-05-03 08:00:00+00:00,0.2941,0.2944,0.288,0.2884,5102839.0
2025-05-03 12:00:00+00:00,0.2884,0.2923,0.2881,0.2898,3870183.0
2025-05-03 16:00:00+00:00,0.2898,0.29,0.2789,0.2846,9170909.0
2025-05-03 20:00:00+00:00,0.2846,0.2857,0.2823,0.2829,1931703.0
2025-05-04 00:00:00+00:00,0.2829,0.2843,0.279,0.28,6220871.0
2025-05-04 04:00:00+00:00,0.28,0.2821,0.2784,0.2808,3208428.0
2025-05-04 08:00:00+00:00,0.2808,0.2809,0.2757,0.2785,4400831.0
2025-05-04 12:00:00+00:00,0.2785,0.28,0.2758,0.2776,5336899.0
2025-05-04 16:00:00+00:00,0.2776,0.2786,0.2739,0.2753,2941271.0
2025-05-04 20:00:00+00:00,0.2753,0.2775,0.273,0.2758,2582961.0
2025-05-05 00:00:00+00:00,0.2758,0.2793,0.2722,0.2767,5803212.0
2025-05-05 04:00:00+00:00,0.2767,0.2799,0.2761,0.2787,2285301.0
2025-05-05 08:00:00+00:00,0.2787,0.2793,0.2713,0.2727,5612274.0
2025-05-05 12:00:00+00:00,0.2727,0.2749,0.2694,0.2716,5872127.0
2025-05-05 16:00:00+00:00,0.2716,0.2782,0.2705,0.2752,3699249.0
2025-05-05 20:00:00+00:00,0.2752,0.2777,0.2701,0.2751,3647518.0
2025-05-06 00:00:00+00:00,0.2751,0.2768,0.2719,0.2758,1644000.0
2025-05-06 04:00:00+00:00,0.2758,0.2771,0.2731,0.2733,1101943.0
2025-05-06 08:00:00+00:00,0.2733,0.2733,0.2632,0.2654,8850779.0
2025-05-06 12:00:00+00:00,0.2654,0.2696,0.2626,0.2654,4007340.0
2025-05-06 16:00:00+00:00,0.2654,0.2688,0.2631,0.2671,3688291.0
2025-05-06 20:00:00+00:00,0.2671,0.2711,0.2601,0.2704,4624159.0
2025-05-07 00:00:00+00:00,0.2704,0.2766,0.2698,0.2718,2805155.0
2025-05-07 04:00:00+00:00,0.2718,0.2733,0.2698,0.273,1450262.0
2025-05-07 08:00:00+00:00,0.273,0.2755,0.272,0.2733,2303365.0
2025-05-07 12:00:00+00:00,0.2733,0.2746,0.2689,0.2697,4443858.0
2025-05-07 16:00:00+00:00,0.2697,0.2721,0.2665,0.2688,6357515.0
2025-05-07 20:00:00+00:00,0.2688,0.2757,0.2681,0.274,3440325.0
2025-05-08 00:00:00+00:00,0.274,0.2866,0.2736,0.2858,6045521.0
2025-05-08 04:00:00+00:00,0.2858,0.29,0.2858,0.2883,6578242.0
2025-05-08 08:00:00+00:00,0.2883,0.293,0.2883,0.2918,4468547.0
2025-05-08 12:00:00+00:00,0.2918,0.3042,0.2899,0.3018,16581586.0
2025-05-08 16:00:00+00:00,0.3018,0.3099,0.3012,0.3095,15535639.0
2025-05-08 20:00:00+00:00,0.3095,0.3217,0.3045,0.3144,18730529.0
2025-05-09 00:00:00+00:00,0.3144,0.3232,0.3144,0.3169,14927538.0
2025-05-09 04:00:00+00:00,0.3169,0.3298,0.3165,0.326,10356431.0
2025-05-09 08:00:00+00:00,0.326,0.3367,0.3203,0.3285,32807436.0
2025-05-09 12:00:00+00:00,0.3285,0.3339,0.3219,0.329,14634253.0
2025-05-09 16:00:00+00:00,0.329,0.3332,0.3248,0.3294,13322495.0
2025-05-09 20:00:00+00:00,0.3294,0.3343,0.3284,0.3343,3934145.0
2025-05-10 00:00:00+00:00,0.3343,0.3415,0.3308,0.339,17510158.0
2025-05-10 04:00:00+00:00,0.339,0.3489,0.3337,0.347,12307220.0
2025-05-10 08:00:00+00:00,0.347,0.3503,0.3365,0.3391,17459544.0
2025-05-10 12:00:00+00:00,0.3391,0.3467,0.337,0.3426,13178942.0
2025-05-10 16:00:00+00:00,0.3426,0.354,0.3416,0.3522,16082520.0
2025-05-10 20:00:00+00:00,0.3522,0.3711,0.3495,0.3675,16544259.0
2025-05-11 00:00:00+00:00,0.3675,0.3735,0.3543,0.3633,20376076.0
2025-05-11 04:00:00+00:00,0.3633,0.3659,0.3457,0.3498,12032335.0
2025-05-11 08:00:00+00:00,0.3498,0.3571,0.3476,0.3554,5878019.0
2025-05-11 12:00:00+00:00,0.3554,0.3582,0.3489,0.3518,10548833.0
2025-05-11 16:00:00+00:00,0.3518,0.3605,0.3469,0.3576,10528223.0
2025-05-11 20:00:00+00:00,0.3576,0.3605,0.3542,0.3583,3155140.0
2025-05-12 00:00:00+00:00,0.3583,0.3632,0.3459,0.3603,19215923.0
2025-05-12 04:00:00+00:00,0.3603,0.3774,0.3537,0.3659,18156088.0
2025-05-12 08:00:00+00:00,0.3659,0.3693,0.3578,0.3598,11910477.0
2025-05-12 12:00:00+00:00,0.3598,0.3732,0.3521,0.3597,30990398.0
2025-05-12 16:00:00+00:00,0.3597,0.3664,0.3397,0.3535,27732045.0
2025-05-12 20:00:00+00:00,0.3535,0.3616,0.3522,0.3588,5851033.0
2025-05-13 00:00:00+00:00,0.3588,0.3589,0.3356,0.3367,11588425.0
2025-05-13 04:00:00+00:00,0.3367,0.3495,0.3351,0.3433,7881352.0
2025-05-13 08:00:00+00:00,0.3433,0.3524,0.3423,0.3496,4928566.0
2025-05-13 12:00:00+00:00,0.3496,0.3539,0.3436,0.3508,7957981.0
2025-05-13 16:00:00+00:00,0.3508,0.3677,0.3504,0.3641,16565746.0
2025-05-13 20:00:00+00:00,0.3641,0.3667,0.3613,0.3639,4716469.0
2025-05-14 00:00:00+00:00,0.3639,0.3896,0.3639,0.3697,44648116.0
2025-05-14 04:00:00+00:00,0.3697,0.3755,0.3646,0.3657,13224122.0
2025-05-14 08:00:00+00:00,0.3657,0.3667,0.3543,0.3603,14859791.0
2025-05-14 12:00:00+00:00,0.3603,0.3615,0.3487,0.3536,16169188.0
2025-05-14 16:00:00+00:00,0.3536,0.3558,0.3482,0.3527,7922026.0
2025-05-14 20:00:00+00:00,0.3527,0.356,0.3496,0.3525,3926003.0
2025-05-15 00:00:00+00:00,0.3525,0.3564,0.3442,0.3451,8306248.0
2025-05-15 04:00:00+00:00,0.3451,0.3467,0.3279,0.3295,13047240.0
2025-05-15 08:00:00+00:00,0.3295,0.335,0.3258,0.3304,13270944.0
2025-05-15 12:00:00+00:00,0.3304,0.3329,0.3182,0.3302,21306681.0
2025-05-15 16:00:00+00:00,0.3302,0.3362,0.3195,0.3236,17179678.0
2025-05-15 20:00:00+00:00,0.3236,0.3262,0.3145,0.3207,13507567.0
2025-05-16 00:00:00+00:00,0.3207,0.3273,0.3185,0.3264,8402897.0
2025-05-16 04:00:00+00:00,0.3264,0.3293,0.3223,0.3277,3965077.0
2025-05-16 08:00:00+00:00,0.3277,0.3311,0.3209,0.3276,8971886.0
2025-05-16 12:00:00+00:00,0.3276,0.3284,0.3216,0.3257,6527274.0
2025-05-16 16:00:00+00:00,0.3257,0.3276,0.3198,0.323,3844543.0
2025-05-16 20:00:00+00:00,0.323,0.3231,0.3133,0.3165,5257744.0
2025-05-17 00:00:00+00:00,0.3165,0.3178,0.3034,0.3107,12644359.0
2025-05-17 04:00:00+00:00,0.3107,0.3152,0.3072,0.3092,7618330.0
2025-05-17 08:00:00+00:00,0.3092,0.3105,0.3027,0.3047,10964614.0
2025-05-17 12:00:00+00:00,0.3047,0.3065,0.2998,0.3039,10265730.0
2025-05-17 16:00:00+00:00,0.3039,0.3046,0.2979,0.2993,10990928.0
2025-05-17 20:00:00+00:00,0.2993,0.3045,0.2961,0.3012,6669175.0
2025-05-18 00:00:00+00:00,0.3012,0.3035,0.2978,0.3019,5721760.0
2025-05-18 04:00:00+00:00,0.3019,0.3119,0.3017,0.3113,7428161.0
2025-05-18 08:00:00+00:00,0.3113,0.3159,0.308,0.3082,9089585.0
2025-05-18 12:00:00+00:00,0.3082,0.3239,0.3067,0.3224,8942749.0
2025-05-18 16:00:00+00:00,0.3224,0.3241,0.3044,0.305,13114532.0
2025-05-18 20:00:00+00:00,0.305,0.3219,0.2991,0.3209,13811882.0
2025-05-19 00:00:00+00:00,0.3209,0.3239,0.3047,0.3059,10829315.0
2025-05-19 04:00:00+00:00,0.3059,0.3081,0.2985,0.3037,12924369.0
2025-05-19 08:00:00+00:00,0.3037,0.3047,0.2996,0.3026,7609824.0
2025-05-19 12:00:00+00:00,0.3026,0.31,0.2967,0.3081,9438299.0
2025-05-19 16:00:00+00:00,0.3081,0.3149,0.305,0.3103,8828445.0
2025-05-19 20:00:00+00:00,0.3103,0.3116,0.3076,0.3107,2557014.0
2025-05-20 00:00:00+00:00,0.3107,0.3175,0.3075,0.3118,12621262.0
2025-05-20 04:00:00+00:00,0.3118,0.3142,0.3081,0.3089,8773152.0
2025-05-20 08:00:00+00:00,0.3089,0.3101,0.3031,0.3056,7214653.0
2025-05-20 12:00:00+00:00,0.3056,0.3067,0.3017,0.3058,6977764.0
2025-05-20 16:00:00+00:00,0.3058,0.3098,0.3006,0.3084,7461803.0
2025-05-20 20:00:00+00:00,0.3084,0.3153,0.3075,0.3134,4216394.0
2025-05-21 00:00:00+00:00,0.3134,0.3151,0.3089,0.3134,5484419.0
2025-05-21 04:00:00+00:00,0.3134,0.3183,0.3096,0.311,5946271.0
2025-05-21 08:00:00+00:00,0.311,0.3124,0.3065,0.3113,4349164.0
2025-05-21 12:00:00+00:00,0.3113,0.317,0.3094,0.3167,6160196.0
2025-05-21 16:00:00+00:00,0.3167,0.3256,0.3044,0.3142,16064852.0
2025-05-21 20:00:00+00:00,0.3142,0.3224,0.3117,0.3181,4131714.0
2025-05-22 00:00:00+00:00,0.3181,0.3307,0.3179,0.3288,12129537.0
2025-05-22 04:00:00+00:00,0.3288,0.3327,0.3272,0.3312,14157577.0
2025-05-22 08:00:00+00:00,0.3312,0.3384,0.3307,0.3347,8462782.0
2025-05-22 12:00:00+00:00,0.3347,0.3386,0.3305,0.3364,9836117.0
2025-05-22 16:00:00+00:00,0.3364,0.3387,0.3328,0.3343,3413305.0
2025-05-22 20:00:00+00:00,0.3343,0.337,0.3315,0.3365,2941154.0
2025-05-23 00:00:00+00:00,0.3365,0.3474,0.3349,0.3459,6806621.0
2025-05-23 04:00:00+00:00,0.3459,0.3464,0.3318,0.3337,7810426.0
2025-05-23 08:00:00+00:00,0.3337,0.3411,0.3205,0.3226,12841672.0
2025-05-23 12:00:00+00:00,0.3226,0.3268,0.308,0.3229,20949929.0
2025-05-23 16:00:00+00:00,0.3229,0.3264,0.3192,0.3211,5856857.0
2025-05-23 20:00:00+00:00,0.3211,0.3213,0.3059,0.3078,9411404.0
2025-05-24 00:00:00+00:00,0.3078,0.3113,0.3029,0.3107,7627109.0
2025-05-24 04:00:00+00:00,0.3107,0.3116,0.3063,0.3087,3253417.0
2025-05-24 08:00:00+00:00,0.3087,0.3132,0.3062,0.3109,3789069.0
2025-05-24 12:00:00+00:00,0.3109,0.3131,0.3092,0.3111,1982190.0
2025-05-24 16:00:00+00:00,0.3111,0.3121,0.3063,0.3079,2731275.0
2025-05-24 20:00:00+00:00,0.3079,0.3081,0.3031,0.3055,2633886.0
2025-05-25 00:00:00+00:00,0.3055,0.307,0.2976,0.3045,5748226.0
2025-05-25 04:00:00+00:00,0.3045,0.3061,0.301,0.3022,2764090.0
2025-05-25 08:00:00+00:00,0.3022,0.3023,0.2964,0.2993,4436972.0
2025-05-25 12:00:00+00:00,0.2993,0.3026,0.2932,0.2997,7599653.0
2025-05-25 16:00:00+00:00,0.2997,0.3014,0.2957,0.2999,7825432.0
2025-05-25 20:00:00+00:00,0.2999,0.3091,0.2968,0.3085,4047560.0
2025-05-26 00:00:00+00:00,0.3085,0.3121,0.3071,0.3106,4184694.0
2025-05-26 04:00:00+00:00,0.3106,0.3155,0.3103,0.3155,3174913.0
2025-05-26 08:00:00+00:00,0.3155,0.3162,0.3087,0.31,4492418.0
2025-05-26 12:00:00+00:00,0.31,0.3113,0.305,0.3089,7574092.0
2025-05-26 16:00:00+00:00,0.3089,0.3102,0.3026,0.3035,5148065.0
2025-05-26 20:00:00+00:00,0.3035,0.3072,0.3023,0.3042,3062144.0
2025-05-27 00:00:00+00:00,0.3042,0.3062,0.2967,0.3033,4303155.0
2025-05-27 04:00:00+00:00,0.3033,0.3103,0.3022,0.3087,3787517.0
2025-05-27 08:00:00+00:00,0.3087,0.3124,0.3087,0.3115,2948853.0
2025-05-27 12:00:00+00:00,0.3115,0.3168,0.3067,0.3123,6732990.0
2025-05-27 16:00:00+00:00,0.3123,0.3159,0.3106,0.3109,3977050.0
2025-05-27 20:00:00+00:00,0.3109,0.314,0.3074,0.3092,3242036.0
2025-05-28 00:00:00+00:00,0.3092,0.3112,0.3054,0.3087,3541433.0
2025-05-28 04:00:00+00:00,0.3087,0.3095,0.3041,0.3053,2467198.0
2025-05-28 08:00:00+00:00,0.3053,0.3081,0.3016,0.3077,7204364.0
2025-05-28 12:00:00+00:00,0.3077,0.313,0.2997,0.3011,12589809.0
2025-05-28 16:00:00+00:00,0.3011,0.3054,0.2967,0.2971,4603215.0
2025-05-28 20:00:00+00:00,0.2971,0.3075,0.297,0.3067,2438590.0
2025-05-29 00:00:00+00:00,0.3067,0.3147,0.3049,0.311,6284328.0
2025-05-29 04:00:00+00:00,0.311,0.3119,0.3035,0.3061,6299461.0
2025-05-29 08:00:00+00:00,0.3061,0.3086,0.3045,0.3079,3906033.0
2025-05-29 12:00:00+00:00,0.3079,0.3081,0.2993,0.3014,5960762.0
2025-05-29 16:00:00+00:00,0.3014,0.3028,0.295,0.2971,8814416.0
2025-05-29 20:00:00+00:00,0.2971,0.3012,0.2922,0.2936,8039183.0
2025-05-30 00:00:00+00:00,0.2936,0.2952,0.2755,0.2859,35476236.0
2025-05-30 04:00:00+00:00,0.2859,0.2866,0.2786,0.2812,5663677.0
2025-05-30 08:00:00+00:00,0.2812,0.2859,0.2796,0.2844,5987908.0
2025-05-30 12:00:00+00:00,0.2844,0.2855,0.2799,0.2814,4967477.0
2025-05-30 16:00:00+00:00,0.2814,0.2825,0.2715,0.2804,12434960.0
2025-05-30 20:00:00+00:00,0.2804,0.2811,0.2669,0.2693,8258615.0
2025-05-31 00:00:00+00:00,0.2693,0.2696,0.2588,0.2661,10142549.0
2025-05-31 04:00:00+00:00,0.2661,0.2693,0.2645,0.2679,3066813.0
2025-05-31 08:00:00+00:00,0.2679,0.2698,0.2652,0.2659,3183870.0
2025-05-31 12:00:00+00:00,0.2659,0.2732,0.2656,0.2709,4741220.0
2025-05-31 16:00:00+00:00,0.2709,0.2737,0.27,0.272,1833208.0
2025-05-31 20:00:00+00:00,0.272,0.2748,0.2709,0.2709,2040099.0
2025-06-01 00:00:00+00:00,0.2709,0.2714,0.2671,0.2702,2990457.0
2025-06-01 04:00:00+00:00,0.2702,0.274,0.2698,0.2712,2493487.0
2025-06-01 08:00:00+00:00,0.2712,0.2712,0.2654,0.2682,4238861.0
2025-06-01 12:00:00+00:00,0.2682,0.2732,0.2662,0.2725,4158796.0
2025-06-01 16:00:00+00:00,0.2725,0.2761,0.2692,0.2733,4559393.0
2025-06-01 20:00:00+00:00,0.2733,0.2764,0.2723,0.275,1884916.0
2025-06-02 00:00:00+00:00,0.275,0.2765,0.27,0.2709,3992241.0
2025-06-02 04:00:00+00:00,0.2709,0.2742,0.2694,0.2726,1981333.0
2025-06-02 08:00:00+00:00,0.2726,0.2742,0.2671,0.2695,3924325.0
2025-06-02 12:00:00+00:00,0.2695,0.2752,0.2684,0.2736,3603221.0
2025-06-02 16:00:00+00:00,0.2736,0.276,0.2706,0.2721,3110977.0
2025-06-02 20:00:00+00:00,0.2721,0.2828,0.2721,0.2814,6610112.0
2025-06-03 00:00:00+00:00,0.2814,0.288,0.2811,0.2825,6528989.0
2025-06-03 04:00:00+00:00,0.2825,0.2847,0.2804,0.2825,2551528.0
2025-06-03 08:00:00+00:00,0.2825,0.2855,0.2804,0.2842,2938407.0
2025-06-03 12:00:00+00:00,0.2842,0.2879,0.2836,0.2858,5307785.0
2025-06-03 16:00:00+00:00,0.2858,0.2869,0.2832,0.2855,3417186.0
2025-06-03 20:00:00+00:00,0.2855,0.2856,0.2785,0.281,2196099.0
2025-06-04 00:00:00+00:00,0.281,0.2863,0.2794,0.2855,2993547.0
2025-06-04 04:00:00+00:00,0.2855,0.286,0.2824,0.2831,1622928.0
2025-06-04 08:00:00+00:00,0.2831,0.2849,0.2795,0.2795,1948109.0
2025-06-04 12:00:00+00:00,0.2795,0.2815,0.2748,0.2809,5606327.0
2025-06-04 16:00:00+00:00,0.2809,0.281,0.2749,0.275,3439498.0
2025-06-04 20:00:00+00:00,0.275,0.2762,0.2709,0.2731,3738116.0
2025-06-05 00:00:00+00:00,0.2731,0.2764,0.272,0.275,2824660.0
2025-06-05 04:00:00+00:00,0.275,0.2772,0.2716,0.2741,3313726.0
2025-06-05 08:00:00+00:00,0.2741,0.2764,0.2722,0.2742,2309051.0
2025-06-05 12:00:00+00:00,0.2742,0.2789,0.2701,0.2742,5181073.0
2025-06-05 16:00:00+00:00,0.2742,0.2744,0.2573,0.2604,27715877.0
2025-06-05 20:00:00+00:00,0.2604,0.2615,0.2511,0.2565,16829934.0
2025-06-06 00:00:00+00:00,0.2565,0.2633,0.2555,0.2631,5420256.0
2025-06-06 04:00:00+00:00,0.2631,0.2672,0.2629,0.2658,3504394.0
2025-06-06 08:00:00+00:00,0.2658,0.2677,0.2651,0.2657,2472356.0
2025-06-06 12:00:00+00:00,0.2657,0.2741,0.2657,0.2713,7047361.0
2025-06-06 16:00:00+00:00,0.2713,0.2729,0.2676,0.2691,4000358.0
2025-06-06 20:00:00+00:00,0.2691,0.272,0.2685,0.269,2160604.0
2025-06-07 00:00:00+00:00,0.269,0.2752,0.268,0.2748,2374134.0
2025-06-07 04:00:00+00:00,0.2748,0.2776,0.2734,0.2771,2372187.0
2025-06-07 08:00:00+00:00,0.2771,0.2803,0.2771,0.2788,2543713.0
2025-06-07 12:00:00+00:00,0.2788,0.2799,0.276,0.2768,2498254.0
2025-06-07 16:00:00+00:00,0.2768,0.2772,0.274,0.2752,1384640.0
2025-06-07 20:00:00+00:00,0.2752,0.2787,0.2752,0.2772,1268861.0
2025-06-08 00:00:00+00:00,0.2772,0.2795,0.2761,0.2767,2806281.0
2025-06-08 04:00:00+00:00,0.2767,0.2772,0.2739,0.2742,1605302.0
2025-06-08 08:00:00+00:00,0.2742,0.2766,0.2723,0.2763,2730467.0
2025-06-08 12:00:00+00:00,0.2763,0.2794,0.2752,0.2786,2481236.0
2025-06-08 16:00:00+00:00,0.2786,0.2814,0.2786,0.2807,1903189.0
2025-06-08 20:00:00+00:00,0.2807,0.282,0.2765,0.2774,3488187.0
2025-06-09 00:00:00+00:00,0.2774,0.2778,0.274,0.2758,2566301.0
2025-06-09 04:00:00+00:00,0.2758,0.2761,0.2719,0.274,3557470.0
2025-06-09 08:00:00+00:00,0.274,0.2816,0.2725,0.2802,3816082.0
2025-06-09 12:00:00+00:00,0.2802,0.2809,0.2763,0.2793,3359968.0
2025-06-09 16:00:00+00:00,0.2793,0.2826,0.2793,0.2807,3078850.0
2025-06-09 20:00:00+00:00,0.2807,0.2922,0.2806,0.2917,9537374.0
2025-06-10 00:00:00+00:00,0.2917,0.296,0.2908,0.2915,6246650.0
2025-06-10 04:00:00+00:00,0.2915,0.2928,0.2882,0.2914,3298395.0
2025-06-10 08:00:00+00:00,0.2914,0.3009,0.2888,0.3009,7082377.0
2025-06-10 12:00:00+00:00,0.3009,0.3029,0.2894,0.2935,15223771.0
2025-06-10 16:00:00+00:00,0.2935,0.3004,0.2921,0.2976,4516864.0
2025-06-10 20:00:00+00:00,0.2976,0.3019,0.2954,0.3014,6858914.0
2025-06-11 00:00:00+00:00,0.3014,0.302,0.2963,0.2993,3975951.0
2025-06-11 04:00:00+00:00,0.2993,0.3036,0.2974,0.3008,6617572.0
2025-06-11 08:00:00+00:00,0.3008,0.3017,0.2936,0.2952,6247252.0
2025-06-11 12:00:00+00:00,0.2952,0.3021,0.294,0.3002,10017066.0
2025-06-11 16:00:00+00:00,0.3002,0.3006,0.2918,0.2921,6396268.0
2025-06-11 20:00:00+00:00,0.2921,0.2955,0.2861,0.2896,7723847.0
2025-06-12 00:00:00+00:00,0.2896,0.2897,0.2814,0.2825,6009217.0
2025-06-12 04:00:00+00:00,0.2825,0.2832,0.2802,0.281,4285012.0
2025-06-12 08:00:00+00:00,0.281,0.2827,0.2771,0.2777,8247171.0
2025-06-12 12:00:00+00:00,0.2777,0.2844,0.277,0.2783,8181563.0
2025-06-12 16:00:00+00:00,0.2783,0.2842,0.2746,0.2756,5600312.0
2025-06-12 20:00:00+00:00,0.2756,0.2769,0.271,0.2724,6317647.0
2025-06-13 00:00:00+00:00,0.2724,0.2727,0.2522,0.2609,27256374.0
2025-06-13 04:00:00+00:00,0.2609,0.2609,0.2558,0.2592,5276489.0
2025-06-13 08:00:00+00:00,0.2592,0.2616,0.2565,0.2604,6851436.0
2025-06-13 12:00:00+00:00,0.2604,0.2656,0.2572,0.2634,9069232.0
2025-06-13 16:00:00+00:00,0.2634,0.2672,0.2603,0.2624,6497419.0
2025-06-13 20:00:00+00:00,0.2624,0.2676,0.2624,0.2671,2490460.0
2025-06-14 00:00:00+00:00,0.2671,0.2671,0.2631,0.2639,2387952.0
2025-06-14 04:00:00+00:00,0.2639,0.2661,0.2633,0.2651,1710218.0
2025-06-14 08:00:00+00:00,0.2651,0.2661,0.2634,0.2659,1356277.0
2025-06-14 12:00:00+00:00,0.2659,0.2668,0.2615,0.2632,3311474.0
2025-06-14 16:00:00+00:00,0.2632,0.2638,0.2598,0.2618,2463138.0
2025-06-14 20:00:00+00:00,0.2618,0.266,0.2599,0.2652,2247048.0
2025-06-15 00:00:00+00:00,0.2652,0.2664,0.2639,0.2654,2235863.0
2025-06-15 04:00:00+00:00,0.2654,0.2676,0.2629,0.2643,2712661.0
2025-06-15 08:00:00+00:00,0.2643,0.2644,0.2612,0.2628,2867904.0
2025-06-15 12:00:00+00:00,0.2628,0.2667,0.2612,0.2651,6140491.0
2025-06-15 16:00:00+00:00,0.2651,0.2656,0.2594,0.2606,2905826.0
2025-06-15 20:00:00+00:00,0.2606,0.2634,0.2567,0.2629,3185084.0
2025-06-16 00:00:00+00:00,0.2629,0.2671,0.2597,0.265,3838153.0
2025-06-16 04:00:00+00:00,0.265,0.2714,0.265,0.2713,3315804.0
2025-06-16 08:00:00+00:00,0.2713,0.2722,0.2688,0.2714,3505267.0
2025-06-16 12:00:00+00:00,0.2714,0.2754,0.2691,0.2739,2969532.0
2025-06-16 16:00:00+00:00,0.2739,0.2773,0.2739,0.2763,2119544.0
2025-06-16 20:00:00+00:00,0.2763,0.2779,0.2646,0.2654,6973480.0
2025-06-17 00:00:00+00:00,0.2654,0.2712,0.2607,0.269,6578972.0
2025-06-17 04:00:00+00:00,0.269,0.2692,0.2642,0.265,1529607.0
2025-06-17 08:00:00+00:00,0.265,0.265,0.2603,0.2614,2769693.0
2025-06-17 12:00:00+00:00,0.2614,0.2635,0.2548,0.2569,6001601.0
2025-06-17 16:00:00+00:00,0.2569,0.2612,0.2516,0.2593,7122291.0
2025-06-17 20:00:00+00:00,0.2593,0.2602,0.2552,0.2567,2124326.0
2025-06-18 00:00:00+00:00,0.2567,0.2588,0.2555,0.2587,3286870.0
2025-06-18 04:00:00+00:00,0.2587,0.2609,0.2578,0.2587,1512266.0
2025-06-18 08:00:00+00:00,0.2587,0.2599,0.2522,0.2561,2799416.0
2025-06-18 12:00:00+00:00,0.2561,0.2567,0.2483,0.254,7474599.0
2025-06-18 16:00:00+00:00,0.254,0.2558,0.2498,0.2506,5343704.0
2025-06-18 20:00:00+00:00,0.2506,0.2576,0.2499,0.256,2847492.0
2025-06-19 00:00:00+00:00,0.256,0.259,0.2539,0.2557,2371242.0
2025-06-19 04:00:00+00:00,0.2557,0.257,0.2534,0.2539,1639858.0
2025-06-19 08:00:00+00:00,0.2539,0.2559,0.25,0.2519,31083433.0
2025-06-19 12:00:00+00:00,0.2519,0.253,0.2493,0.2504,3937482.0
2025-06-19 16:00:00+00:00,0.2504,0.2546,0.2491,0.252,3985918.0
2025-06-19 20:00:00+00:00,0.252,0.2552,0.251,0.2518,6447415.0
2025-06-20 00:00:00+00:00,0.2518,0.2546,0.2511,0.2532,8627162.0
2025-06-20 04:00:00+00:00,0.2532,0.2573,0.2506,0.2571,3902453.0
2025-06-20 08:00:00+00:00,0.2571,0.2586,0.2562,0.2582,2770075.0
2025-06-20 12:00:00+00:00,0.2582,0.2596,0.2507,0.2516,5844481.0
2025-06-20 16:00:00+00:00,0.2516,0.2517,0.241,0.2481,21111246.0
2025-06-20 20:00:00+00:00,0.2481,0.2513,0.2448,0.2474,3294328.0
2025-06-21 00:00:00+00:00,0.2474,0.2511,0.2467,0.2505,1834348.0
2025-06-21 04:00:00+00:00,0.2505,0.2512,0.2492,0.2508,1649895.0
2025-06-21 08:00:00+00:00,0.2508,0.2522,0.2494,0.2497,2798261.0
2025-06-21 12:00:00+00:00,0.2497,0.2501,0.2438,0.2453,4118119.0
2025-06-21 16:00:00+00:00,0.2453,0.246,0.2392,0.2393,8329141.0
2025-06-21 20:00:00+00:00,0.2393,0.2417,0.2305,0.2377,16479291.0
2025-06-22 00:00:00+00:00,0.2377,0.241,0.2333,0.2344,4724275.0
2025-06-22 04:00:00+00:00,0.2344,0.2373,0.2338,0.2349,3211615.0
2025-06-22 08:00:00+00:00,0.2349,0.2351,0.2302,0.2335,8999428.0
2025-06-22 12:00:00+00:00,0.2335,0.2348,0.2234,0.2267,16110427.0
2025-06-22 16:00:00+00:00,0.2267,0.2296,0.2238,0.2248,3278861.0
2025-06-22 20:00:00+00:00,0.2248,0.2323,0.2187,0.2323,8639041.0
2025-06-23 00:00:00+00:00,0.2323,0.2346,0.2309,0.2325,2612901.0
2025-06-23 04:00:00+00:00,0.2325,0.2371,0.2321,0.2356,1860121.0
2025-06-23 08:00:00+00:00,0.2356,0.2364,0.2337,0.2343,1768848.0
2025-06-23 12:00:00+00:00,0.2343,0.2418,0.2339,0.2371,5477058.0
2025-06-23 16:00:00+00:00,0.2371,0.2453,0.2315,0.2449,6154389.0
2025-06-23 20:00:00+00:00,0.2449,0.2573,0.2447,0.2554,8344584.0
2025-06-24 00:00:00+00:00,0.2554,0.2583,0.254,0.2542,6252072.0
2025-06-24 04:00:00+00:00,0.2542,0.2602,0.2534,0.2563,3270931.0
2025-06-24 08:00:00+00:00,0.2563,0.2586,0.2527,0.2538,6102371.0
2025-06-24 12:00:00+00:00,0.2538,0.2565,0.2524,0.2541,6037026.0
2025-06-24 16:00:00+00:00,0.2541,0.2598,0.2526,0.2543,4917917.0
2025-06-24 20:00:00+00:00,0.2543,0.2561,0.2534,0.2557,932450.0
2025-06-25 00:00:00+00:00,0.2557,0.2568,0.2542,0.255,1985805.0
2025-06-25 04:00:00+00:00,0.255,0.2553,0.2523,0.2544,3248382.0
2025-06-25 08:00:00+00:00,0.2544,0.2555,0.2496,0.2534,4352023.0
2025-06-25 12:00:00+00:00,0.2534,0.2558,0.2483,0.2488,4775529.0
2025-06-25 16:00:00+00:00,0.2488,0.2512,0.2471,0.249,2178130.0
2025-06-25 20:00:00+00:00,0.249,0.2516,0.2452,0.2465,2005267.0
2025-06-26 00:00:00+00:00,0.2465,0.2527,0.2445,0.2488,2923572.0
2025-06-26 04:00:00+00:00,0.2488,0.2493,0.2457,0.2483,1679358.0
2025-06-26 08:00:00+00:00,0.2483,0.2492,0.2443,0.2446,1752694.0
2025-06-26 12:00:00+00:00,0.2446,0.2447,0.2391,0.2418,5361899.0
2025-06-26 16:00:00+00:00,0.2418,0.2419,0.2389,0.2407,2193249.0
2025-06-26 20:00:00+00:00,0.2407,0.2444,0.2377,0.2379,1934448.0
2025-06-27 00:00:00+00:00,0.2379,0.2411,0.2354,0.2404,3690907.0
2025-06-27 04:00:00+00:00,0.2404,0.2419,0.2373,0.2378,2686463.0
2025-06-27 08:00:00+00:00,0.2378,0.2409,0.2352,0.2365,4027361.0
2025-06-27 12:00:00+00:00,0.2365,0.2406,0.2349,0.2399,3694758.0
2025-06-27 16:00:00+00:00,0.2399,0.2431,0.235,0.2362,4963060.0
2025-06-27 20:00:00+00:00,0.2362,0.2399,0.2351,0.2386,5611543.0
2025-06-28 00:00:00+00:00,0.2386,0.2389,0.2363,0.2376,2366125.0
2025-06-28 04:00:00+00:00,0.2376,0.2408,0.2373,0.2405,4512950.0
2025-06-28 08:00:00+00:00,0.2405,0.2407,0.2386,0.2386,2223557.0
2025-06-28 12:00:00+00:00,0.2386,0.2408,0.2374,0.2404,2192185.0
2025-06-28 16:00:00+00:00,0.2404,0.2419,0.2387,0.2395,2552264.0
2025-06-28 20:00:00+00:00,0.2395,0.2429,0.2387,0.2417,2172885.0
2025-06-29 00:00:00+00:00,0.2417,0.2425,0.2382,0.2387,2311564.0
2025-06-29 04:00:00+00:00,0.2387,0.2408,0.2386,0.2406,1709610.0
2025-06-29 08:00:00+00:00,0.2406,0.2443,0.2396,0.2417,10203299.0
2025-06-29 12:00:00+00:00,0.2417,0.2419,0.2369,0.2371,3821398.0
2025-06-29 16:00:00+00:00,0.2371,0.2392,0.2355,0.2388,9845767.0
2025-06-29 20:00:00+00:00,0.2388,0.2497,0.2365,0.248,7410001.0
2025-06-30 00:00:00+00:00,0.248,0.2528,0.2415,0.2431,9201508.0
2025-06-30 04:00:00+00:00,0.2431,0.2431,0.2389,0.2412,7617227.0
2025-06-30 08:00:00+00:00,0.2412,0.2417,0.2382,0.2385,2947344.0
2025-06-30 12:00:00+00:00,0.2385,0.24,0.2349,0.2382,6630476.0
2025-06-30 16:00:00+00:00,0.2382,0.2434,0.237,0.2431,3962727.0
2025-06-30 20:00:00+00:00,0.2431,0.2446,0.2397,0.2402,3256331.0
2025-07-01 00:00:00+00:00,0.2402,0.2416,0.2382,0.2388,1983031.0
2025-07-01 04:00:00+00:00,0.2388,0.2388,0.2331,0.2358,4892142.0
2025-07-01 08:00:00+00:00,0.2358,0.236,0.2333,0.2339,2161631.0
2025-07-01 12:00:00+00:00,0.2339,0.2355,0.2316,0.2332,6709532.0
2025-07-01 16:00:00+00:00,0.2332,0.2341,0.2296,0.2304,3388750.0
2025-07-01 20:00:00+00:00,0.2304,0.2327,0.2298,0.2314,2219287.0
2025-07-02 00:00:00+00:00,0.2314,0.2331,0.2285,0.2324,3920726.0
2025-07-02 04:00:00+00:00,0.2324,0.2376,0.2324,0.2366,2465485.0
2025-07-02 08:00:00+00:00,0.2366,0.2394,0.2364,0.2378,2054303.0
2025-07-02 12:00:00+00:00,0.2378,0.2445,0.2358,0.2443,7421746.0
2025-07-02 16:00:00+00:00,0.2443,0.259,0.2443,0.2561,27149718.0
2025-07-02 20:00:00+00:00,0.2561,0.2573,0.2502,0.2505,8881233.0
2025-07-03 00:00:00+00:00,0.2505,0.2536,0.2504,0.2508,4145278.0
2025-07-03 04:00:00+00:00,0.2508,0.2591,0.2502,0.2588,10737540.0
2025-07-03 08:00:00+00:00,0.2588,0.2601,0.2537,0.255,6444524.0
2025-07-03 12:00:00+00:00,0.255,0.2586,0.2505,0.251,11692544.0
2025-07-03 16:00:00+00:00,0.251,0.2547,0.2507,0.2546,3659931.0
2025-07-03 20:00:00+00:00,0.2546,0.2571,0.2545,0.2551,3667360.0
2025-07-04 00:00:00+00:00,0.2551,0.256,0.2514,0.2522,3561334.0
2025-07-04 04:00:00+00:00,0.2522,0.2524,0.2447,0.2451,10864172.0
2025-07-04 08:00:00+00:00,0.2451,0.2475,0.2433,0.2461,4146484.0
2025-07-04 12:00:00+00:00,0.2461,0.2469,0.2415,0.2421,6726719.0
2025-07-04 16:00:00+00:00,0.2421,0.2422,0.2385,0.2402,4311719.0
2025-07-04 20:00:00+00:00,0.2402,0.2421,0.2398,0.2409,5414877.0
2025-07-05 00:00:00+00:00,0.2409,0.2428,0.2403,0.2417,2909994.0
2025-07-05 04:00:00+00:00,0.2417,0.2428,0.2395,0.2418,2521026.0
2025-07-05 08:00:00+00:00,0.2418,0.2425,0.2398,0.2415,2505718.0
2025-07-05 12:00:00+00:00,0.2415,0.2415,0.2387,0.2393,1679695.0
2025-07-05 16:00:00+00:00,0.2393,0.2403,0.2368,0.239,4464825.0
2025-07-05 20:00:00+00:00,0.239,0.2415,0.2387,0.2411,1595571.0
2025-07-06 00:00:00+00:00,0.2411,0.2412,0.24,0.2403,1203611.0
2025-07-06 04:00:00+00:00,0.2403,0.2414,0.2397,0.2406,1232416.0
2025-07-06 08:00:00+00:00,0.2406,0.2423,0.2395,0.2421,1771580.0
2025-07-06 12:00:00+00:00,0.2421,0.2467,0.2409,0.2455,4664494.0
2025-07-06 16:00:00+00:00,0.2455,0.2474,0.2435,0.245,2059412.0
2025-07-06 20:00:00+00:00,0.245,0.2495,0.2446,0.2456,2407380.0
2025-07-07 00:00:00+00:00,0.2456,0.2486,0.2448,0.2468,2064982.0
2025-07-07 04:00:00+00:00,0.2468,0.2477,0.2436,0.2466,1958716.0
2025-07-07 08:00:00+00:00,0.2466,0.2471,0.2437,0.2444,1079214.0
2025-07-07 12:00:00+00:00,0.2444,0.2471,0.2432,0.2443,2190582.0
2025-07-07 16:00:00+00:00,0.2443,0.2459,0.2412,0.2435,4438037.0
2025-07-07 20:00:00+00:00,0.2435,0.2436,0.2401,0.2431,2149135.0
2025-07-08 00:00:00+00:00,0.2431,0.2437,0.2399,0.2411,4031108.0
2025-07-08 04:00:00+00:00,0.2411,0.2424,0.2404,0.2417,1906356.0
2025-07-08 08:00:00+00:00,0.2417,0.2455,0.2405,0.2448,2548326.0
2025-07-08 12:00:00+00:00,0.2448,0.2466,0.2429,0.2434,2750856.0
2025-07-08 16:00:00+00:00,0.2434,0.2506,0.2433,0.2495,4588489.0
2025-07-08 20:00:00+00:00,0.2495,0.2503,0.2484,0.2495,2159495.0
2025-07-09 00:00:00+00:00,0.2495,0.2501,0.2469,0.2474,1756392.0
2025-07-09 04:00:00+00:00,0.2474,0.2536,0.2472,0.2531,3966631.0
2025-07-09 08:00:00+00:00,0.2531,0.2709,0.2519,0.2562,70369541.0
2025-07-09 12:00:00+00:00,0.2562,0.259,0.2552,0.2584,7040649.0
2025-07-09 16:00:00+00:00,0.2584,0.2667,0.2574,0.2666,13440864.0
2025-07-09 20:00:00+00:00,0.2666,0.2704,0.2649,0.2677,9369765.0
2025-07-10 00:00:00+00:00,0.2677,0.2752,0.2657,0.2685,16347547.0
2025-07-10 04:00:00+00:00,0.2685,0.2716,0.2676,0.2701,4713554.0
2025-07-10 08:00:00+00:00,0.2701,0.2738,0.2692,0.2713,6207021.0
2025-07-10 12:00:00+00:00,0.2713,0.2726,0.2675,0.2683,8335971.0
2025-07-10 16:00:00+00:00,0.2683,0.2779,0.2679,0.2754,8130947.0
2025-07-10 20:00:00+00:00,0.2754,0.2891,0.2751,0.2874,9819920.0
2025-07-11 00:00:00+00:00,0.2874,0.2913,0.2822,0.2904,4952240.0
2025-07-11 04:00:00+00:00,0.2904,0.2964,0.2877,0.2891,10093593.0
2025-07-11 08:00:00+00:00,0.2891,0.2952,0.2889,0.2933,5184390.0
2025-07-11 12:00:00+00:00,0.2933,0.3008,0.2902,0.2915,18938017.0
2025-07-11 16:00:00+00:00,0.2915,0.2988,0.2895,0.2975,8583448.0
2025-07-11 20:00:00+00:00,0.2975,0.2976,0.2814,0.2861,7428191.0
2025-07-12 00:00:00+00:00,0.2861,0.2921,0.2806,0.2894,4718880.0
2025-07-12 04:00:00+00:00,0.2894,0.2918,0.283,0.2904,4454724.0
2025-07-12 08:00:00+00:00,0.2904,0.293,0.2879,0.2906,4467591.0
2025-07-12 12:00:00+00:00,0.2906,0.2916,0.277,0.2789,16815079.0
2025-07-12 16:00:00+00:00,0.2789,0.2868,0.278,0.2853,5554175.0
2025-07-12 20:00:00+00:00,0.2853,0.2875,0.2814,0.2867,4446114.0
2025-07-13 00:00:00+00:00,0.2867,0.2882,0.2849,0.2871,3176506.0
2025-07-13 04:00:00+00:00,0.2871,0.2971,0.2861,0.2949,7088898.0
2025-07-13 08:00:00+00:00,0.2949,0.2966,0.2914,0.2956,12609534.0
2025-07-13 12:00:00+00:00,0.2956,0.3427,0.2947,0.3221,65090731.0
2025-07-13 16:00:00+00:00,0.3221,0.3241,0.3149,0.3172,14326972.0
2025-07-13 20:00:00+00:00,0.3172,0.3202,0.3079,0.312,13334260.0
2025-07-14 00:00:00+00:00,0.312,0.3228,0.3082,0.32,15659083.0
2025-07-14 04:00:00+00:00,0.32,0.3376,0.3188,0.3255,24361099.0
2025-07-14 08:00:00+00:00,0.3255,0.3262,0.3171,0.319,14386358.0
2025-07-14 12:00:00+00:00,0.319,0.322,0.3087,0.3115,17676098.0
2025-07-14 16:00:00+00:00,0.3115,0.3149,0.3058,0.3069,8911845.0
2025-07-14 20:00:00+00:00,0.3069,0.309,0.3024,0.3078,10089492.0
2025-07-15 00:00:00+00:00,0.3078,0.3088,0.2958,0.2986,13949872.0
2025-07-15 04:00:00+00:00,0.2986,0.3028,0.2949,0.2988,8498871.0
2025-07-15 08:00:00+00:00,0.2988,0.3016,0.2961,0.3002,3616760.0
2025-07-15 12:00:00+00:00,0.3002,0.3074,0.2959,0.3048,13434095.0
2025-07-15 16:00:00+00:00,0.3048,0.3154,0.3027,0.3038,11984438.0
2025-07-15 20:00:00+00:00,0.3038,0.3171,0.3025,0.316,6348009.0
2025-07-16 00:00:00+00:00,0.316,0.3178,0.3102,0.3113,11818084.0
2025-07-16 04:00:00+00:00,0.3113,0.3159,0.309,0.3155,7129830.0
2025-07-16 08:00:00+00:00,0.3155,0.3167,0.3117,0.3125,5071869.0
2025-07-16 12:00:00+00:00,0.3125,0.3177,0.3103,0.3132,9745874.0
2025-07-16 16:00:00+00:00,0.3132,0.3216,0.313,0.3175,8451143.0
2025-07-16 20:00:00+00:00,0.3175,0.3247,0.3144,0.3154,8807887.0
2025-07-17 00:00:00+00:00,0.3154,0.3208,0.3084,0.3105,10364343.0
2025-07-17 04:00:00+00:00,0.3105,0.3203,0.3091,0.317,6618265.0
2025-07-17 08:00:00+00:00,0.317,0.3244,0.3164,0.3187,10138225.0
2025-07-17 12:00:00+00:00,0.3187,0.3234,0.313,0.3182,12812444.0
2025-07-17 16:00:00+00:00,0.3182,0.3196,0.3101,0.3138,7736863.0
2025-07-17 20:00:00+00:00,0.3138,0.329,0.3101,0.3241,15621742.0
2025-07-18 00:00:00+00:00,0.3241,0.3355,0.3241,0.3346,18953928.0
2025-07-18 04:00:00+00:00,0.3346,0.3494,0.3336,0.3382,24550362.0
2025-07-18 08:00:00+00:00,0.3382,0.344,0.3336,0.3381,13681843.0
2025-07-18 12:00:00+00:00,0.3381,0.3438,0.3268,0.3297,20154692.0
2025-07-18 16:00:00+00:00,0.3297,0.3338,0.3242,0.3263,6567407.0
2025-07-18 20:00:00+00:00,0.3263,0.3266,0.316,0.3232,13568747.0
2025-07-19 00:00:00+00:00,0.3232,0.3265,0.3134,0.3255,11826127.0
2025-07-19 04:00:00+00:00,0.3255,0.3294,0.3235,0.324,6788121.0
2025-07-19 08:00:00+00:00,0.324,0.3252,0.3187,0.3196,6484942.0
2025-07-19 12:00:00+00:00,0.3196,0.3217,0.3136,0.3192,8840302.0
2025-07-19 16:00:00+00:00,0.3192,0.3278,0.3176,0.3266,9119244.0
2025-07-19 20:00:00+00:00,0.3266,0.3297,0.3223,0.3293,5032918.0
2025-07-20 00:00:00+00:00,0.3293,0.3324,0.3266,0.3293,4459789.0
2025-07-20 04:00:00+00:00,0.3293,0.3347,0.3275,0.3326,4129192.0
2025-07-20 08:00:00+00:00,0.3326,0.3411,0.3325,0.3404,7838088.0
2025-07-20 12:00:00+00:00,0.3404,0.3463,0.3376,0.3462,10611656.0
2025-07-20 16:00:00+00:00,0.3462,0.3565,0.3447,0.3468,35132638.0
2025-07-20 20:00:00+00:00,0.3468,0.3499,0.3363,0.3436,11870956.0
2025-07-21 00:00:00+00:00,0.3436,0.3528,0.3363,0.3514,9991484.0
2025-07-21 04:00:00+00:00,0.3514,0.3522,0.3471,0.3496,7118503.0
2025-07-21 08:00:00+00:00,0.3496,0.3527,0.3456,0.3488,7991729.0
2025-07-21 12:00:00+00:00,0.3488,0.3575,0.3457,0.3488,14338293.0
2025-07-21 16:00:00+00:00,0.3488,0.3501,0.3397,0.3414,15754003.0
2025-07-21 20:00:00+00:00,0.3414,0.3478,0.3398,0.3456,7063382.0
2025-07-22 00:00:00+00:00,0.3456,0.3477,0.3322,0.3369,15004437.0
2025-07-22 04:00:00+00:00,0.3369,0.3375,0.3274,0.332,11817319.0
2025-07-22 08:00:00+00:00,0.332,0.3353,0.3246,0.3342,11718393.0
2025-07-22 12:00:00+00:00,0.3342,0.3375,0.3258,0.3336,12539874.0
2025-07-22 16:00:00+00:00,0.3336,0.3389,0.3296,0.3321,8378852.0
2025-07-22 20:00:00+00:00,0.3321,0.3424,0.3309,0.3411,4426141.0
2025-07-23 00:00:00+00:00,0.3411,0.3425,0.3351,0.3363,4640933.0
2025-07-23 04:00:00+00:00,0.3363,0.3407,0.3332,0.3342,4650983.0
2025-07-23 08:00:00+00:00,0.3342,0.3363,0.3266,0.3286,4414747.0
2025-07-23 12:00:00+00:00,0.3286,0.3292,0.3084,0.3167,35105180.0
2025-07-23 16:00:00+00:00,0.3167,0.3167,0.3017,0.3027,25638471.0
2025-07-23 20:00:00+00:00,0.3027,0.3056,0.2949,0.3032,19466303.0
2025-07-24 00:00:00+00:00,0.3032,0.3095,0.3004,0.3058,6647114.0
2025-07-24 04:00:00+00:00,0.3058,0.3073,0.2857,0.2958,22647409.0
2025-07-24 08:00:00+00:00,0.2958,0.3019,0.2929,0.3009,15299913.0
2025-07-24 12:00:00+00:00,0.3009,0.3103,0.2947,0.3044,24485065.0
2025-07-24 16:00:00+00:00,0.3044,0.3058,0.2973,0.3016,8555167.0
2025-07-24 20:00:00+00:00,0.3016,0.3049,0.2966,0.2976,6238004.0
2025-07-25 00:00:00+00:00,0.2976,0.3001,0.2891,0.2924,9421101.0
2025-07-25 04:00:00+00:00,0.2924,0.2974,0.2885,0.2935,6620931.0
2025-07-25 08:00:00+00:00,0.2935,0.3032,0.2934,0.3016,9165863.0
2025-07-25 12:00:00+00:00,0.3016,0.304,0.2899,0.2941,11959140.0
2025-07-25 16:00:00+00:00,0.2941,0.2989,0.2918,0.2972,3971844.0
2025-07-25 20:00:00+00:00,0.2972,0.3046,0.297,0.3043,4704977.0
2025-07-26 00:00:00+00:00,0.3043,0.307,0.3026,0.3053,4178696.0
2025-07-26 04:00:00+00:00,0.3053,0.3064,0.3036,0.3039,2107855.0
2025-07-26 08:00:00+00:00,0.3039,0.3081,0.3038,0.3071,4176559.0
2025-07-26 12:00:00+00:00,0.3071,0.3118,0.3058,0.3101,7703560.0
2025-07-26 16:00:00+00:00,0.3101,0.3139,0.3072,0.3131,3164663.0
2025-07-26 20:00:00+00:00,0.3131,0.3134,0.3086,0.3092,2928256.0
2025-07-27 00:00:00+00:00,0.3092,0.3162,0.3083,0.314,8566488.0
2025-07-27 04:00:00+00:00,0.314,0.3187,0.3134,0.3166,4737010.0
2025-07-27 08:00:00+00:00,0.3166,0.3183,0.3129,0.316,5341270.0
2025-07-27 12:00:00+00:00,0.316,0.3193,0.3133,0.3157,4640155.0
2025-07-27 16:00:00+00:00,0.3157,0.3202,0.3153,0.3162,7984379.0
2025-07-27 20:00:00+00:00,0.3162,0.322,0.3157,0.3201,5579915.0
2025-07-28 00:00:00+00:00,0.3201,0.3226,0.3146,0.3199,8090956.0
2025-07-28 04:00:00+00:00,0.3199,0.3234,0.3183,0.3196,5585504.0
2025-07-28 08:00:00+00:00,0.3196,0.3208,0.3156,0.3173,5508202.0
2025-07-28 12:00:00+00:00,0.3173,0.3179,0.303,0.3052,17301850.0
2025-07-28 16:00:00+00:00,0.3052,0.3059,0.298,0.3006,9618281.0
2025-07-28 20:00:00+00:00,0.3006,0.3011,0.2955,0.2985,4732433.0
2025-07-29 00:00:00+00:00,0.2985,0.2999,0.2926,0.2982,9251022.0
2025-07-29 04:00:00+00:00,0.2982,0.3067,0.2973,0.3057,7042774.0
2025-07-29 08:00:00+00:00,0.3057,0.3061,0.2975,0.2999,7174808.0
2025-07-29 12:00:00+00:00,0.2999,0.304,0.2927,0.2948,9684285.0
2025-07-29 16:00:00+00:00,0.2948,0.2968,0.2903,0.2919,6301512.0
2025-07-29 20:00:00+00:00,0.2919,0.2966,0.2889,0.296,3962979.0
2025-07-30 00:00:00+00:00,0.296,0.2965,0.2901,0.2928,3688038.0
2025-07-30 04:00:00+00:00,0.2928,0.294,0.2894,0.2903,2021970.0
2025-07-30 08:00:00+00:00,0.2903,0.2918,0.2819,0.2837,7996718.0
2025-07-30 12:00:00+00:00,0.2837,0.2902,0.2812,0.2878,6481523.0
2025-07-30 16:00:00+00:00,0.2878,0.2908,0.2705,0.2845,20584407.0
2025-07-30 20:00:00+00:00,0.2845,0.2878,0.2816,0.2877,3737054.0
2025-07-31 00:00:00+00:00,0.2877,0.2947,0.2872,0.2937,2430802.0
2025-07-31 04:00:00+00:00,0.2937,0.2946,0.2925,0.2936,2813329.0
2025-07-31 08:00:00+00:00,0.2936,0.2952,0.2921,0.2928,2220983.0
2025-07-31 12:00:00+00:00,0.2928,0.2929,0.2824,0.2859,6050125.0
2025-07-31 16:00:00+00:00,0.2859,0.2913,0.282,0.2828,4207032.0
2025-07-31 20:00:00+00:00,0.2828,0.2834,0.2731,0.2746,5003954.0
2025-08-01 00:00:00+00:00,0.2746,0.2753,0.2659,0.2727,11274487.0
2025-08-01 04:00:00+00:00,0.2727,0.2728,0.2669,0.2685,4107865.0
2025-08-01 08:00:00+00:00,0.2685,0.2688,0.2619,0.2671,9942148.0
2025-08-01 12:00:00+00:00,0.2671,0.2718,0.2614,0.2702,15590513.0
2025-08-01 16:00:00+00:00,0.2702,0.2723,0.2626,0.2687,10753213.0
2025-08-01 20:00:00+00:00,0.2687,0.2694,0.2556,0.2641,15440190.0
2025-08-02 00:00:00+00:00,0.2641,0.2673,0.2636,0.2666,3145744.0
2025-08-02 04:00:00+00:00,0.2666,0.2677,0.2591,0.2651,5577912.0
2025-08-02 08:00:00+00:00,0.2651,0.2656,0.2598,0.2628,3972845.0
2025-08-02 12:00:00+00:00,0.2628,0.2639,0.2574,0.2584,4488485.0
2025-08-02 16:00:00+00:00,0.2584,0.2608,0.2522,0.2554,13268343.0
2025-08-02 20:00:00+00:00,0.2554,0.2591,0.2546,0.2569,2993628.0
2025-08-03 00:00:00+00:00,0.2569,0.2614,0.2532,0.2607,3801152.0
2025-08-03 04:00:00+00:00,0.2607,0.2623,0.2593,0.2619,2452778.0
2025-08-03 08:00:00+00:00,0.2619,0.2658,0.2615,0.2648,3140555.0
2025-08-03 12:00:00+00:00,0.2648,0.2658,0.2627,0.2655,2401825.0
2025-08-03 16:00:00+00:00,0.2655,0.2663,0.2639,0.2647,2943938.0
2025-08-03 20:00:00+00:00,0.2647,0.2665,0.2642,0.2649,2434386.0
2025-08-04 00:00:00+00:00,0.2649,0.2704,0.2644,0.2661,4493845.0
2025-08-04 04:00:00+00:00,0.2661,0.2682,0.2635,0.2676,4314724.0
2025-08-04 08:00:00+00:00,0.2676,0.2686,0.2652,0.2657,2138982.0
2025-08-04 12:00:00+00:00,0.2657,0.2719,0.2652,0.2702,9588324.0
2025-08-04 16:00:00+00:00,0.2702,0.2763,0.27,0.2718,7490367.0
2025-08-04 20:00:00+00:00,0.2718,0.2774,0.2713,0.276,3436303.0
2025-08-05 00:00:00+00:00,0.276,0.2772,0.2714,0.2715,3639023.0
2025-08-05 04:00:00+00:00,0.2715,0.2728,0.2648,0.2658,9611816.0
2025-08-05 08:00:00+00:00,0.2658,0.2741,0.2648,0.2733,4030896.0
2025-08-05 12:00:00+00:00,0.2733,0.2738,0.2617,0.2628,12839382.0
2025-08-05 16:00:00+00:00,0.2628,0.2653,0.2613,0.2621,4291289.0
2025-08-05 20:00:00+00:00,0.2621,0.2649,0.2585,0.2644,4803671.0
2025-08-06 00:00:00+00:00,0.2644,0.2644,0.2579,0.2586,4012127.0
2025-08-06 04:00:00+00:00,0.2586,0.2649,0.2572,0.2648,3914859.0
2025-08-06 08:00:00+00:00,0.2648,0.2653,0.262,0.2628,4023334.0
2025-08-06 12:00:00+00:00,0.2628,0.269,0.2607,0.2686,7955137.0
2025-08-06 16:00:00+00:00,0.2686,0.2711,0.2666,0.2707,4317237.0
2025-08-06 20:00:00+00:00,0.2707,0.2711,0.269,0.2693,3384914.0
2025-08-07 00:00:00+00:00,0.2693,0.2728,0.2682,0.2683,5411563.0
2025-08-07 04:00:00+00:00,0.2683,0.2723,0.2681,0.2718,3451137.0
2025-08-07 08:00:00+00:00,0.2718,0.2823,0.2714,0.2812,8766372.0
2025-08-07 12:00:00+00:00,0.2812,0.2817,0.2773,0.279,4269560.0
2025-08-07 16:00:00+00:00,0.279,0.28,0.2727,0.2799,5522155.0
2025-08-07 20:00:00+00:00,0.2799,0.2861,0.2792,0.2853,4611817.0
2025-08-08 00:00:00+00:00,0.2853,0.2893,0.2823,0.2857,13733786.0
2025-08-08 04:00:00+00:00,0.2857,0.2881,0.2824,0.2875,4639465.0
2025-08-08 08:00:00+00:00,0.2875,0.2898,0.2859,0.2884,3077558.0
2025-08-08 12:00:00+00:00,0.2884,0.2924,0.2826,0.2848,10210902.0
2025-08-08 16:00:00+00:00,0.2848,0.294,0.2846,0.2924,9052611.0
2025-08-08 20:00:00+00:00,0.2924,0.293,0.2903,0.2913,2189309.0
2025-08-09 00:00:00+00:00,0.2913,0.2935,0.2908,0.2911,3781330.0
2025-08-09 04:00:00+00:00,0.2911,0.2992,0.2907,0.2989,5181451.0
2025-08-09 08:00:00+00:00,0.2989,0.3017,0.2981,0.3006,3282288.0
2025-08-09 12:00:00+00:00,0.3006,0.3045,0.2973,0.3002,6819851.0
2025-08-09 16:00:00+00:00,0.3002,0.3034,0.2997,0.302,2688770.0
2025-08-09 20:00:00+00:00,0.302,0.304,0.2993,0.2999,6449100.0
2025-08-10 00:00:00+00:00,0.2999,0.3036,0.2979,0.3026,5466489.0
2025-08-10 04:00:00+00:00,0.3026,0.3048,0.2915,0.2922,9130578.0
2025-08-10 08:00:00+00:00,0.2922,0.2948,0.2886,0.2897,8483681.0
2025-08-10 12:00:00+00:00,0.2897,0.2955,0.2889,0.2941,6046405.0
2025-08-10 16:00:00+00:00,0.2941,0.2977,0.2933,0.2964,5586491.0
2025-08-10 20:00:00+00:00,0.2964,0.2968,0.2912,0.2958,6570619.0
2025-08-11 00:00:00+00:00,0.2958,0.3038,0.2935,0.3016,6384673.0
2025-08-11 04:00:00+00:00,0.3016,0.3039,0.2944,0.2949,6210327.0
2025-08-11 08:00:00+00:00,0.2949,0.298,0.2855,0.2864,9597797.0
2025-08-11 12:00:00+00:00,0.2864,0.2922,0.2839,0.2909,10590006.0
2025-08-11 16:00:00+00:00,0.2909,0.2961,0.2856,0.2878,6850164.0
2025-08-11 20:00:00+00:00,0.2878,0.2879,0.2797,0.2822,6455501.0
2025-08-12 00:00:00+00:00,0.2822,0.287,0.2815,0.2832,3517687.0
2025-08-12 04:00:00+00:00,0.2832,0.2851,0.2795,0.2847,4736973.0
2025-08-12 08:00:00+00:00,0.2847,0.285,0.2776,0.2815,6188735.0
2025-08-12 12:00:00+00:00,0.2815,0.2951,0.2802,0.2949,11783476.0
2025-08-12 16:00:00+00:00,0.2949,0.301,0.2936,0.3005,5717178.0
2025-08-12 20:00:00+00:00,0.3005,0.3041,0.3001,0.3012,5112710.0
2025-08-13 00:00:00+00:00,0.3012,0.3062,0.2988,0.3046,11140426.0
2025-08-13 04:00:00+00:00,0.3046,0.307,0.2991,0.3049,6290761.0
2025-08-13 08:00:00+00:00,0.3049,0.3102,0.3046,0.3081,6825813.0
2025-08-13 12:00:00+00:00,0.3081,0.3119,0.3029,0.3066,17059822.0
2025-08-13 16:00:00+00:00,0.3066,0.3097,0.3054,0.3096,5297631.0
2025-08-13 20:00:00+00:00,0.3096,0.3144,0.3075,0.3118,4551868.0
2025-08-14 00:00:00+00:00,0.3118,0.317,0.3083,0.3158,6887150.0
2025-08-14 04:00:00+00:00,0.3158,0.3174,0.3063,0.309,9063655.0
2025-08-14 08:00:00+00:00,0.309,0.3091,0.3014,0.3026,11411605.0
2025-08-14 12:00:00+00:00,0.3026,0.3047,0.2823,0.2875,82599016.0
2025-08-14 16:00:00+00:00,0.2875,0.2875,0.2812,0.285,12731888.0
2025-08-14 20:00:00+00:00,0.285,0.2857,0.2788,0.2851,4642746.0
2025-08-15 00:00:00+00:00,0.2851,0.2896,0.283,0.289,5445602.0
2025-08-15 04:00:00+00:00,0.289,0.2912,0.2864,0.2883,2643641.0
2025-08-15 08:00:00+00:00,0.2883,0.2893,0.2855,0.2869,3671697.0
2025-08-15 12:00:00+00:00,0.2869,0.2901,0.2742,0.2763,13353564.0
2025-08-15 16:00:00+00:00,0.2763,0.2817,0.274,0.2784,5592581.0
2025-08-15 20:00:00+00:00,0.2784,0.2864,0.2775,0.2844,2677477.0
2025-08-16 00:00:00+00:00,0.2844,0.288,0.2835,0.2863,3236636.0
2025-08-16 04:00:00+00:00,0.2863,0.289,0.2852,0.2885,2142706.0
2025-08-16 08:00:00+00:00,0.2885,0.2909,0.2861,0.2881,4332519.0
2025-08-16 12:00:00+00:00,0.2881,0.3054,0.2875,0.2998,18102752.0
2025-08-16 16:00:00+00:00,0.2998,0.3011,0.2943,0.2956,13181577.0
2025-08-16 20:00:00+00:00,0.2956,0.2974,0.2952,0.2964,2398946.0
2025-08-17 00:00:00+00:00,0.2964,0.3013,0.2944,0.2971,7408698.0
2025-08-17 04:00:00+00:00,0.2971,0.2994,0.2967,0.2977,3857565.0
2025-08-17 08:00:00+00:00,0.2977,0.3014,0.297,0.3008,4928062.0
2025-08-17 12:00:00+00:00,0.3008,0.3068,0.298,0.3064,6069540.0
2025-08-17 16:00:00+00:00,0.3064,0.3081,0.2967,0.2984,8608361.0
2025-08-17 20:00:00+00:00,0.2984,0.3014,0.2968,0.2972,2938561.0
2025-08-18 00:00:00+00:00,0.2972,0.2973,0.2823,0.2856,15230558.0
2025-08-18 04:00:00+00:00,0.2856,0.2891,0.2822,0.2838,5785931.0
2025-08-18 08:00:00+00:00,0.2838,0.2855,0.2804,0.2839,5304356.0
2025-08-18 12:00:00+00:00,0.2839,0.2881,0.2829,0.287,6166949.0
2025-08-18 16:00:00+00:00,0.287,0.2895,0.2841,0.2868,3407333.0
2025-08-18 20:00:00+00:00,0.2868,0.2905,0.2849,0.2855,2935982.0
2025-08-19 00:00:00+00:00,0.2855,0.2891,0.2785,0.2795,9820905.0
2025-08-19 04:00:00+00:00,0.2795,0.2821,0.277,0.2793,4626929.0
2025-08-19 08:00:00+00:00,0.2793,0.2851,0.2773,0.2845,4543048.0
2025-08-19 12:00:00+00:00,0.2845,0.2855,0.2759,0.2768,11349385.0
2025-08-19 16:00:00+00:00,0.2768,0.2781,0.2719,0.2739,9107400.0
2025-08-19 20:00:00+00:00,0.2739,0.2762,0.2711,0.2718,5194268.0
2025-08-20 00:00:00+00:00,0.2718,0.2762,0.2694,0.2744,5430500.0
2025-08-20 04:00:00+00:00,0.2744,0.2767,0.2739,0.2744,3097334.0
2025-08-20 08:00:00+00:00,0.2744,0.2784,0.2727,0.2763,4739642.0
2025-08-20 12:00:00+00:00,0.2763,0.282,0.2707,0.2795,10420423.0
2025-08-20 16:00:00+00:00,0.2795,0.2851,0.2784,0.2848,7098014.0
2025-08-20 20:00:00+00:00,0.2848,0.2854,0.2829,0.2836,9415576.0
2025-08-21 00:00:00+00:00,0.2836,0.287,0.2823,0.2839,5359424.0
2025-08-21 04:00:00+00:00,0.2839,0.2844,0.2798,0.2822,2148663.0
2025-08-21 08:00:00+00:00,0.2822,0.2826,0.2779,0.2787,4501314.0
2025-08-21 12:00:00+00:00,0.2787,0.2818,0.2756,0.2762,7362264.0
2025-08-21 16:00:00+00:00,0.2762,0.2792,0.2749,0.2757,3186409.0
2025-08-21 20:00:00+00:00,0.2757,0.2786,0.2744,0.2755,2437851.0
2025-08-22 00:00:00+00:00,0.2755,0.2795,0.273,0.2753,2938150.0
2025-08-22 04:00:00+00:00,0.2753,0.2784,0.275,0.2774,3538188.0
2025-08-22 08:00:00+00:00,0.2774,0.279,0.2722,0.2722,2687523.0
2025-08-22 12:00:00+00:00,0.2722,0.295,0.2672,0.2918,47509499.0
2025-08-22 16:00:00+00:00,0.2918,0.3066,0.2918,0.3053,16689547.0
2025-08-22 20:00:00+00:00,0.3053,0.3085,0.3038,0.3045,6421950.0
2025-08-23 00:00:00+00:00,0.3045,0.3069,0.2941,0.296,9167862.0
2025-08-23 04:00:00+00:00,0.296,0.3045,0.2959,0.2996,9141047.0
2025-08-23 08:00:00+00:00,0.2996,0.3012,0.2975,0.2983,4078198.0
2025-08-23 12:00:00+00:00,0.2983,0.3004,0.2969,0.2986,3889039.0
2025-08-23 16:00:00+00:00,0.2986,0.3026,0.2976,0.3024,2101001.0
2025-08-23 20:00:00+00:00,0.3024,0.3029,0.299,0.3009,2046857.0
2025-08-24 00:00:00+00:00,0.3009,0.302,0.2962,0.2973,3418268.0
2025-08-24 04:00:00+00:00,0.2973,0.2979,0.2922,0.2931,4837757.0
2025-08-24 08:00:00+00:00,0.2931,0.2946,0.2891,0.2908,6023055.0
2025-08-24 12:00:00+00:00,0.2908,0.2954,0.2904,0.2924,6781409.0
2025-08-24 16:00:00+00:00,0.2924,0.3082,0.2904,0.2981,49986380.0
2025-08-24 20:00:00+00:00,0.2981,0.2988,0.2911,0.2945,12830753.0
2025-08-25 00:00:00+00:00,0.2945,0.2984,0.288,0.2963,8604408.0
2025-08-25 04:00:00+00:00,0.2963,0.2973,0.2818,0.2833,10991814.0
2025-08-25 08:00:00+00:00,0.2833,0.2854,0.2794,0.2834,10106809.0
2025-08-25 12:00:00+00:00,0.2834,0.2862,0.2805,0.2825,7760239.0
2025-08-25 16:00:00+00:00,0.2825,0.2846,0.2749,0.2754,12709126.0
2025-08-25 20:00:00+00:00,0.2754,0.2762,0.2665,0.2718,26822350.0
2025-08-26 00:00:00+00:00,0.2718,0.276,0.2686,0.2733,7513748.0
2025-08-26 04:00:00+00:00,0.2733,0.2794,0.2724,0.2753,17686035.0
2025-08-26 08:00:00+00:00,0.2753,0.2766,0.2719,0.2734,12187675.0
2025-08-26 12:00:00+00:00,0.2734,0.2797,0.2715,0.2764,11743144.0
2025-08-26 16:00:00+00:00,0.2764,0.2828,0.2755,0.2823,3649148.0
2025-08-26 20:00:00+00:00,0.2823,0.2833,0.2802,0.2812,2949865.0
2025-08-27 00:00:00+00:00,0.2812,0.2836,0.2781,0.2823,3384823.0
2025-08-27 04:00:00+00:00,0.2823,0.285,0.279,0.2799,3578029.0
2025-08-27 08:00:00+00:00,0.2799,0.2819,0.2788,0.2808,2120685.0
2025-08-27 12:00:00+00:00,0.2808,0.2858,0.2787,0.2836,5315007.0
2025-08-27 16:00:00+00:00,0.2836,0.2851,0.2796,0.2817,3212292.0
2025-08-27 20:00:00+00:00,0.2817,0.2855,0.278,0.2794,19073240.0
2025-08-28 00:00:00+00:00,0.2794,0.2825,0.2773,0.2817,4856042.0
2025-08-28 04:00:00+00:00,0.2817,0.2847,0.2808,0.2827,3688628.0
2025-08-28 08:00:00+00:00,0.2827,0.2847,0.2795,0.2809,4262168.0
2025-08-28 12:00:00+00:00,0.2809,0.2864,0.2799,0.2812,10955317.0
2025-08-28 16:00:00+00:00,0.2812,0.2831,0.2767,0.2775,14927890.0
2025-08-28 20:00:00+00:00,0.2775,0.2856,0.2769,0.2848,5025914.0
2025-08-29 00:00:00+00:00,0.2848,0.2855,0.2798,0.2823,5256401.0
2025-08-29 04:00:00+00:00,0.2823,0.283,0.2736,0.2744,9588778.0
2025-08-29 08:00:00+00:00,0.2744,0.2775,0.2702,0.2756,8219088.0
2025-08-29 12:00:00+00:00,0.2756,0.2831,0.2706,0.2727,28198056.0
2025-08-29 16:00:00+00:00,0.2727,0.2742,0.2692,0.2719,5563407.0
2025-08-29 20:00:00+00:00,0.2719,0.2745,0.2696,0.2733,2964831.0
2025-08-30 00:00:00+00:00,0.2733,0.2782,0.2689,0.2764,5062510.0
2025-08-30 04:00:00+00:00,0.2764,0.2771,0.2748,0.2771,2927320.0
2025-08-30 08:00:00+00:00,0.2771,0.2772,0.2744,0.2755,1927473.0
2025-08-30 12:00:00+00:00,0.2755,0.2755,0.2707,0.2743,3928339.0
2025-08-30 16:00:00+00:00,0.2743,0.2744,0.2704,0.2721,2116072.0
2025-08-30 20:00:00+00:00,0.2721,0.2729,0.2706,0.2729,884351.0
2025-08-31 00:00:00+00:00,0.2729,0.2875,0.2728,0.2848,42158457.0
2025-08-31 04:00:00+00:00,0.2848,0.2855,0.281,0.2822,6177325.0
2025-08-31 08:00:00+00:00,0.2822,0.2853,0.279,0.2809,6874104.0
2025-08-31 12:00:00+00:00,0.2809,0.2831,0.278,0.2813,6152267.0
2025-08-31 16:00:00+00:00,0.2813,0.2821,0.2797,0.2805,4513023.0
2025-08-31 20:00:00+00:00,0.2805,0.2822,0.276,0.2768,6328556.0
2025-09-01 00:00:00+00:00,0.2768,0.2781,0.2703,0.2728,8401926.0
2025-09-01 04:00:00+00:00,0.2728,0.2783,0.2683,0.2782,8064626.0
2025-09-01 08:00:00+00:00,0.2782,0.2818,0.2728,0.2735,9472703.0
2025-09-01 12:00:00+00:00,0.2735,0.2757,0.2691,0.2699,7707029.0
2025-09-01 16:00:00+00:00,0.2699,0.2713,0.2682,0.2712,5764268.0
2025-09-01 20:00:00+00:00,0.2712,0.2712,0.2619,0.2683,12860377.0
2025-09-02 00:00:00+00:00,0.2683,0.2739,0.2665,0.2735,5413882.0
2025-09-02 04:00:00+00:00,0.2735,0.275,0.2719,0.2724,3555533.0
2025-09-02 08:00:00+00:00,0.2724,0.2744,0.272,0.2724,2644623.0
2025-09-02 12:00:00+00:00,0.2724,0.2766,0.2669,0.2709,13884906.0
2025-09-02 16:00:00+00:00,0.2709,0.2746,0.2709,0.2722,5501526.0
2025-09-02 20:00:00+00:00,0.2722,0.2772,0.2717,0.2767,3430281.0
2025-09-03 00:00:00+00:00,0.2767,0.2794,0.2751,0.2782,2887380.0
2025-09-03 04:00:00+00:00,0.2782,0.2785,0.2739,0.2751,2885517.0
2025-09-03 08:00:00+00:00,0.2751,0.2792,0.2748,0.2782,2826251.0
2025-09-03 12:00:00+00:00,0.2782,0.2837,0.277,0.2828,6048768.0
2025-09-03 16:00:00+00:00,0.2828,0.2837,0.281,0.2829,2376054.0
2025-09-03 20:00:00+00:00,0.2829,0.2832,0.2805,0.2811,2922385.0
2025-09-04 00:00:00+00:00,0.2811,0.2833,0.2775,0.2778,4210845.0
2025-09-04 04:00:00+00:00,0.2778,0.2788,0.2735,0.2751,5365857.0
2025-09-04 08:00:00+00:00,0.2751,0.2774,0.2745,0.2756,3869610.0
2025-09-04 12:00:00+00:00,0.2756,0.2769,0.2712,0.2724,8520556.0
2025-09-04 16:00:00+00:00,0.2724,0.2726,0.2692,0.2698,2472463.0
2025-09-04 20:00:00+00:00,0.2698,0.2749,0.2695,0.2716,2996107.0
2025-09-05 00:00:00+00:00,0.2716,0.2742,0.2708,0.2739,2508433.0
2025-09-05 04:00:00+00:00,0.2739,0.2807,0.2732,0.28,4836763.0
2025-09-05 08:00:00+00:00,0.28,0.2828,0.2783,0.2819,5975076.0
2025-09-05 12:00:00+00:00,0.2819,0.292,0.2802,0.2816,33001779.0
2025-09-05 16:00:00+00:00,0.2816,0.2842,0.2787,0.2842,5014356.0
2025-09-05 20:00:00+00:00,0.2842,0.288,0.2837,0.2845,4943054.0
2025-09-06 00:00:00+00:00,0.2845,0.2874,0.2833,0.2854,3191602.0
2025-09-06 04:00:00+00:00,0.2854,0.2856,0.2812,0.2819,2130663.0
2025-09-06 08:00:00+00:00,0.2819,0.2822,0.2794,0.2806,1778159.0
2025-09-06 12:00:00+00:00,0.2806,0.2827,0.2792,0.2794,2453473.0
2025-09-06 16:00:00+00:00,0.2794,0.2817,0.2777,0.2781,3470080.0
2025-09-06 20:00:00+00:00,0.2781,0.2819,0.2781,0.2809,1401522.0
2025-09-07 00:00:00+00:00,0.2809,0.2879,0.2802,0.2855,5638997.0
2025-09-07 04:00:00+00:00,0.2855,0.2875,0.2847,0.2863,3370385.0
2025-09-07 08:00:00+00:00,0.2863,0.2881,0.2855,0.2876,2398395.0
2025-09-07 12:00:00+00:00,0.2876,0.2905,0.2865,0.2889,2768587.0
2025-09-07 16:00:00+00:00,0.2889,0.2894,0.285,0.2868,2896954.0
2025-09-07 20:00:00+00:00,0.2868,0.2893,0.2859,0.2879,1912816.0
2025-09-08 00:00:00+00:00,0.2879,0.2951,0.2869,0.2921,5183551.0
2025-09-08 04:00:00+00:00,0.2921,0.2935,0.2899,0.2927,2875496.0
2025-09-08 08:00:00+00:00,0.2927,0.2972,0.2927,0.2941,3846392.0
2025-09-08 12:00:00+00:00,0.2941,0.2984,0.2928,0.2975,3563090.0
2025-09-08 16:00:00+00:00,0.2975,0.298,0.2939,0.2945,2700877.0
2025-09-08 20:00:00+00:00,0.2945,0.2984,0.2928,0.2966,2217784.0
2025-09-09 00:00:00+00:00,0.2966,0.2991,0.2924,0.2963,4716726.0
2025-09-09 04:00:00+00:00,0.2963,0.3048,0.2952,0.3024,6436639.0
2025-09-09 08:00:00+00:00,0.3024,0.3034,0.2995,0.2997,4901599.0
2025-09-09 12:00:00+00:00,0.2997,0.3022,0.2904,0.2923,16173155.0
2025-09-09 16:00:00+00:00,0.2923,0.2943,0.2906,0.2935,3698508.0
2025-09-09 20:00:00+00:00,0.2935,0.2954,0.2921,0.2942,2126576.0
2025-09-10 00:00:00+00:00,0.2942,0.2971,0.2914,0.2965,3035826.0
2025-09-10 04:00:00+00:00,0.2965,0.2981,0.2939,0.2962,2912610.0
2025-09-10 08:00:00+00:00,0.2962,0.2971,0.2935,0.2952,3662104.0
2025-09-10 12:00:00+00:00,0.2952,0.3029,0.2949,0.301,11484205.0
2025-09-10 16:00:00+00:00,0.301,0.3015,0.2947,0.2958,5591888.0
2025-09-10 20:00:00+00:00,0.2958,0.3002,0.2957,0.2998,2454562.0
2025-09-11 00:00:00+00:00,0.2998,0.3021,0.2984,0.3017,1972194.0
2025-09-11 04:00:00+00:00,0.3017,0.3045,0.2985,0.3026,4483943.0
2025-09-11 08:00:00+00:00,0.3026,0.3036,0.2992,0.2994,3827140.0
2025-09-11 12:00:00+00:00,0.2994,0.3037,0.2941,0.2976,15765378.0
2025-09-11 16:00:00+00:00,0.2976,0.3026,0.2974,0.3018,4168407.0
2025-09-11 20:00:00+00:00,0.3018,0.3055,0.301,0.304,3833427.0
2025-09-12 00:00:00+00:00,0.304,0.3068,0.3012,0.3028,4596672.0
2025-09-12 04:00:00+00:00,0.3028,0.3054,0.3016,0.3025,3855790.0
2025-09-12 08:00:00+00:00,0.3025,0.3029,0.2976,0.2977,6114525.0
2025-09-12 12:00:00+00:00,0.2977,0.3037,0.2964,0.3014,8805482.0
2025-09-12 16:00:00+00:00,0.3014,0.3165,0.3009,0.3113,20683237.0
2025-09-12 20:00:00+00:00,0.3113,0.3148,0.3091,0.3137,8505950.0
2025-09-13 00:00:00+00:00,0.3137,0.3164,0.3126,0.3154,5150041.0
2025-09-13 04:00:00+00:00,0.3154,0.3161,0.3127,0.3139,8398670.0
2025-09-13 08:00:00+00:00,0.3139,0.3203,0.3137,0.32,11468496.0
2025-09-13 12:00:00+00:00,0.32,0.3232,0.3133,0.3184,19929310.0
2025-09-13 16:00:00+00:00,0.3184,0.3337,0.3152,0.3274,47219581.0
2025-09-13 20:00:00+00:00,0.3274,0.3319,0.327,0.3281,8784283.0
2025-09-14 00:00:00+00:00,0.3281,0.3283,0.317,0.3174,12296970.0
2025-09-14 04:00:00+00:00,0.3174,0.3214,0.3153,0.3169,6905582.0
2025-09-14 08:00:00+00:00,0.3169,0.3185,0.3116,0.3124,9621187.0
2025-09-14 12:00:00+00:00,0.3124,0.3138,0.3045,0.3069,10772252.0
2025-09-14 16:00:00+00:00,0.3069,0.311,0.3064,0.3089,6958539.0
2025-09-14 20:00:00+00:00,0.3089,0.3129,0.3079,0.3094,2283474.0
2025-09-15 00:00:00+00:00,0.3094,0.3147,0.3066,0.3123,11770806.0
2025-09-15 04:00:00+00:00,0.3123,0.3142,0.3061,0.3078,21019791.0
2025-09-15 08:00:00+00:00,0.3078,0.3078,0.2971,0.2988,22650821.0
2025-09-15 12:00:00+00:00,0.2988,0.2988,0.2909,0.2933,12673706.0
2025-09-15 16:00:00+00:00,0.2933,0.2949,0.2894,0.2941,7073179.0
2025-09-15 20:00:00+00:00,0.2941,0.2957,0.2937,0.2951,1894679.0
2025-09-16 00:00:00+00:00,0.2951,0.2962,0.2934,0.294,1614602.0
2025-09-16 04:00:00+00:00,0.294,0.2981,0.2913,0.2974,6807097.0
2025-09-16 08:00:00+00:00,0.2974,0.3011,0.2974,0.2987,8877419.0
2025-09-16 12:00:00+00:00,0.2987,0.3012,0.2951,0.301,8361364.0
2025-09-16 16:00:00+00:00,0.301,0.302,0.2985,0.3017,5492621.0
2025-09-16 20:00:00+00:00,0.3017,0.3037,0.301,0.3012,2394845.0
2025-09-17 00:00:00+00:00,0.3012,0.3034,0.2993,0.2999,3684258.0
2025-09-17 04:00:00+00:00,0.2999,0.3017,0.2972,0.3016,4954163.0
2025-09-17 08:00:00+00:00,0.3016,0.302,0.2969,0.2987,3496168.0
2025-09-17 12:00:00+00:00,0.2987,0.3002,0.2968,0.2972,3333840.0
2025-09-17 16:00:00+00:00,0.2972,0.3058,0.2952,0.3052,26686154.0
2025-09-17 20:00:00+00:00,0.3052,0.3125,0.3006,0.3102,6816972.0
2025-09-18 00:00:00+00:00,0.3102,0.3138,0.3084,0.313,5278873.0
2025-09-18 04:00:00+00:00,0.313,0.3138,0.3067,0.3099,4104100.0
2025-09-18 08:00:00+00:00,0.3099,0.3122,0.3086,0.3094,2397694.0
2025-09-18 12:00:00+00:00,0.3094,0.3136,0.3084,0.3113,4816480.0
2025-09-18 16:00:00+00:00,0.3113,0.3169,0.311,0.3143,6696457.0
2025-09-18 20:00:00+00:00,0.3143,0.3154,0.3111,0.3126,2711302.0
2025-09-19 00:00:00+00:00,0.3126,0.319,0.3095,0.3102,7961986.0
2025-09-19 04:00:00+00:00,0.3102,0.3139,0.3066,0.3107,8313568.0
2025-09-19 08:00:00+00:00,0.3107,0.3123,0.3032,0.304,6165415.0
2025-09-19 12:00:00+00:00,0.304,0.3074,0.3,0.3024,11192918.0
2025-09-19 16:00:00+00:00,0.3024,0.3035,0.2986,0.299,3659930.0
2025-09-19 20:00:00+00:00,0.299,0.3016,0.2958,0.2985,2815135.0
2025-09-20 00:00:00+00:00,0.2985,0.2998,0.2955,0.2981,6390507.0
2025-09-20 04:00:00+00:00,0.2981,0.3026,0.2976,0.3012,7208663.0
2025-09-20 08:00:00+00:00,0.3012,0.3013,0.2966,0.2983,2280083.0
2025-09-20 12:00:00+00:00,0.2983,0.3038,0.297,0.3019,7630987.0
2025-09-20 16:00:00+00:00,0.3019,0.3025,0.2987,0.2995,2203635.0
2025-09-20 20:00:00+00:00,0.2995,0.3021,0.2989,0.2996,1122910.0
2025-09-21 00:00:00+00:00,0.2996,0.3004,0.2977,0.3001,1899815.0
2025-09-21 04:00:00+00:00,0.3001,0.3023,0.2989,0.2999,2907780.0
2025-09-21 08:00:00+00:00,0.2999,0.3004,0.293,0.2954,8376173.0
2025-09-21 12:00:00+00:00,0.2954,0.2983,0.2953,0.2961,4573212.0
2025-09-21 16:00:00+00:00,0.2961,0.2972,0.2933,0.2963,4694484.0
2025-09-21 20:00:00+00:00,0.2963,0.2965,0.2927,0.293,1768309.0
2025-09-22 00:00:00+00:00,0.293,0.2937,0.2796,0.2833,19543570.0
2025-09-22 04:00:00+00:00,0.2833,0.2843,0.2589,0.2698,34259367.0
2025-09-22 08:00:00+00:00,0.2698,0.2728,0.2676,0.2693,17388004.0
2025-09-22 12:00:00+00:00,0.2693,0.2738,0.2686,0.2714,7418203.0
2025-09-22 16:00:00+00:00,0.2714,0.2728,0.266,0.2668,6801373.0
2025-09-22 20:00:00+00:00,0.2668,0.2727,0.2662,0.2722,2828180.0
2025-09-23 00:00:00+00:00,0.2722,0.2735,0.2666,0.2719,6188825.0
2025-09-23 04:00:00+00:00,0.2719,0.2764,0.2695,0.2747,3852434.0
2025-09-23 08:00:00+00:00,0.2747,0.2767,0.2734,0.274,4931635.0
2025-09-23 12:00:00+00:00,0.274,0.2759,0.2719,0.2743,4424779.0
2025-09-23 16:00:00+00:00,0.2743,0.2774,0.2702,0.2706,4415413.0
2025-09-23 20:00:00+00:00,0.2706,0.2734,0.2698,0.2709,2700192.0
2025-09-24 00:00:00+00:00,0.2709,0.2762,0.2693,0.27,4527581.0
2025-09-24 04:00:00+00:00,0.27,0.275,0.2661,0.2744,6189744.0
2025-09-24 08:00:00+00:00,0.2744,0.2758,0.2733,0.275,1811036.0
2025-09-24 12:00:00+00:00,0.275,0.2772,0.2724,0.2747,4222801.0
2025-09-24 16:00:00+00:00,0.2747,0.2762,0.2729,0.274,1652200.0
2025-09-24 20:00:00+00:00,0.274,0.2744,0.2711,0.2736,2617787.0
2025-09-25 00:00:00+00:00,0.2736,0.2743,0.2668,0.2688,7254062.0
2025-09-25 04:00:00+00:00,0.2688,0.2696,0.2639,0.2646,9381510.0
2025-09-25 08:00:00+00:00,0.2646,0.2672,0.2634,0.264,5618872.0
2025-09-25 12:00:00+00:00,0.264,0.2705,0.2597,0.2656,10420136.0
2025-09-25 16:00:00+00:00,0.2656,0.2661,0.2543,0.2613,14360953.0
2025-09-25 20:00:00+00:00,0.2613,0.2619,0.2558,0.258,5308808.0
2025-09-26 00:00:00+00:00,0.258,0.2631,0.2574,0.2606,3077404.0
2025-09-26 04:00:00+00:00,0.2606,0.2611,0.257,0.2599,4609911.0
2025-09-26 08:00:00+00:00,0.2599,0.2612,0.2552,0.2579,3770324.0
2025-09-26 12:00:00+00:00,0.2579,0.2624,0.2556,0.2609,10192666.0
2025-09-26 16:00:00+00:00,0.2609,0.2671,0.2608,0.2653,5397821.0
2025-09-26 20:00:00+00:00,0.2653,0.2664,0.2641,0.2654,1891662.0
2025-09-27 00:00:00+00:00,0.2654,0.2664,0.2633,0.2654,1950206.0
2025-09-27 04:00:00+00:00,0.2654,0.2661,0.2635,0.2641,1033692.0
2025-09-27 08:00:00+00:00,0.2641,0.2647,0.2609,0.2637,1682364.0
2025-09-27 12:00:00+00:00,0.2637,0.2652,0.2621,0.2647,1019852.0
2025-09-27 16:00:00+00:00,0.2647,0.2649,0.2609,0.2622,1608274.0
2025-09-27 20:00:00+00:00,0.2622,0.2645,0.2617,0.2622,908044.0
2025-09-28 00:00:00+00:00,0.2622,0.2627,0.2595,0.2607,1428887.0
2025-09-28 04:00:00+00:00,0.2607,0.2611,0.2581,0.2597,2566710.0
2025-09-28 08:00:00+00:00,0.2597,0.2604,0.2575,0.2585,2342384.0
2025-09-28 12:00:00+00:00,0.2585,0.2621,0.2566,0.2614,1748895.0
2025-09-28 16:00:00+00:00,0.2614,0.2655,0.2614,0.2651,2154222.0
2025-09-28 20:00:00+00:00,0.2651,0.271,0.2647,0.2702,4505844.0
2025-09-29 00:00:00+00:00,0.2702,0.2705,0.268,0.2692,1699192.0
2025-09-29 04:00:00+00:00,0.2692,0.2693,0.2646,0.2663,1764666.0
2025-09-29 08:00:00+00:00,0.2663,0.2686,0.2637,0.2651,4442181.0
2025-09-29 12:00:00+00:00,0.2651,0.2705,0.2613,0.2668,5425164.0
2025-09-29 16:00:00+00:00,0.2668,0.2682,0.2631,0.2676,4969498.0
2025-09-29 20:00:00+00:00,0.2676,0.2703,0.2664,0.2665,2435345.0
2025-09-30 00:00:00+00:00,0.2665,0.2675,0.2626,0.2629,3896884.0
2025-09-30 04:00:00+00:00,0.2629,0.2633,0.2605,0.2611,3767765.0
2025-09-30 08:00:00+00:00,0.2611,0.2617,0.2597,0.2615,2579292.0
2025-09-30 12:00:00+00:00,0.2615,0.2632,0.2573,0.2589,5738264.0
2025-09-30 16:00:00+00:00,0.2589,0.2646,0.2579,0.2643,2415902.0
2025-09-30 20:00:00+00:00,0.2643,0.2667,0.2631,0.2646,2793358.0
2025-10-01 00:00:00+00:00,0.2646,0.267,0.2618,0.2621,2162254.0
2025-10-01 04:00:00+00:00,0.2621,0.2655,0.2617,0.2642,2271912.0
2025-10-01 08:00:00+00:00,0.2642,0.278,0.264,0.2737,20074363.0
2025-10-01 12:00:00+00:00,0.2737,0.2761,0.2724,0.2752,3787881.0
2025-10-01 16:00:00+00:00,0.2752,0.2787,0.2743,0.278,2644484.0
2025-10-01 20:00:00+00:00,0.278,0.2787,0.276,0.2784,2020666.0
2025-10-02 00:00:00+00:00,0.2784,0.2854,0.2783,0.2828,7054929.0
2025-10-02 04:00:00+00:00,0.2828,0.2848,0.2822,0.2824,3571376.0
2025-10-02 08:00:00+00:00,0.2824,0.2859,0.282,0.2839,3040023.0
2025-10-02 12:00:00+00:00,0.2839,0.2847,0.2769,0.2826,11077354.0
2025-10-02 16:00:00+00:00,0.2826,0.2887,0.2823,0.2871,6054900.0
2025-10-02 20:00:00+00:00,0.2871,0.2873,0.2836,0.2869,2650485.0
2025-10-03 00:00:00+00:00,0.2869,0.2887,0.2828,0.286,5726201.0
2025-10-03 04:00:00+00:00,0.286,0.29,0.2828,0.284,5600642.0
2025-10-03 08:00:00+00:00,0.284,0.2846,0.2812,0.282,3461828.0
2025-10-03 12:00:00+00:00,0.282,0.2882,0.2802,0.2878,4106835.0
2025-10-03 16:00:00+00:00,0.2878,0.2926,0.2827,0.2877,12666488.0
2025-10-03 20:00:00+00:00,0.2877,0.2904,0.2872,0.2879,7383150.0
2025-10-04 00:00:00+00:00,0.2879,0.2891,0.2829,0.284,2642948.0
2025-10-04 04:00:00+00:00,0.284,0.2858,0.2826,0.2836,2259174.0
2025-10-04 08:00:00+00:00,0.2836,0.2838,0.2784,0.2795,4356290.0
2025-10-04 12:00:00+00:00,0.2795,0.2826,0.2752,0.2761,6438007.0
2025-10-04 16:00:00+00:00,0.2761,0.2783,0.2754,0.2782,2292376.0
2025-10-04 20:00:00+00:00,0.2782,0.2793,0.2777,0.2784,1538498.0
2025-10-05 00:00:00+00:00,0.2784,0.2855,0.2763,0.283,6029829.0
2025-10-05 04:00:00+00:00,0.283,0.2886,0.2824,0.2886,4423785.0
2025-10-05 08:00:00+00:00,0.2886,0.2903,0.2816,0.2835,6421139.0
2025-10-05 12:00:00+00:00,0.2835,0.2852,0.2811,0.2825,3225672.0
2025-10-05 16:00:00+00:00,0.2825,0.2831,0.274,0.2745,6280612.0
2025-10-05 20:00:00+00:00,0.2745,0.2769,0.2734,0.276,3144178.0
2025-10-06 00:00:00+00:00,0.276,0.2799,0.274,0.2781,3722322.0
2025-10-06 04:00:00+00:00,0.2781,0.2801,0.2751,0.2773,1746216.0
2025-10-06 08:00:00+00:00,0.2773,0.2811,0.2773,0.2789,1773787.0
2025-10-06 12:00:00+00:00,0.2789,0.2865,0.2789,0.2855,4589990.0
2025-10-06 16:00:00+00:00,0.2855,0.2885,0.2846,0.2874,3538748.0
2025-10-06 20:00:00+00:00,0.2874,0.2898,0.2857,0.2859,3743528.0
2025-10-07 00:00:00+00:00,0.2859,0.2874,0.2831,0.2842,1146086.0
2025-10-07 04:00:00+00:00,0.2842,0.2869,0.2798,0.2808,3268003.0
2025-10-07 08:00:00+00:00,0.2808,0.2829,0.2779,0.2824,2833252.0
2025-10-07 12:00:00+00:00,0.2824,0.2847,0.2693,0.2708,21290350.0
2025-10-07 16:00:00+00:00,0.2708,0.2732,0.2678,0.2698,8689937.0
2025-10-07 20:00:00+00:00,0.2698,0.2723,0.267,0.2682,2632325.0
2025-10-08 00:00:00+00:00,0.2682,0.2709,0.2636,0.2651,5648477.0
2025-10-08 04:00:00+00:00,0.2651,0.2675,0.2636,0.2671,5127580.0
2025-10-08 08:00:00+00:00,0.2671,0.2692,0.2659,0.2666,2021348.0
2025-10-08 12:00:00+00:00,0.2666,0.2709,0.2653,0.2674,4076032.0
2025-10-08 16:00:00+00:00,0.2674,0.277,0.2671,0.2746,9393369.0
2025-10-08 20:00:00+00:00,0.2746,0.2758,0.2717,0.2722,2645056.0
2025-10-09 00:00:00+00:00,0.2722,0.273,0.263,0.2666,13182350.0
2025-10-09 04:00:00+00:00,0.2666,0.2679,0.2634,0.2641,6136159.0
2025-10-09 08:00:00+00:00,0.2641,0.2643,0.2594,0.2617,12868254.0
2025-10-09 12:00:00+00:00,0.2617,0.2647,0.2589,0.2608,12826130.0
2025-10-09 16:00:00+00:00,0.2608,0.2646,0.2571,0.2632,9798634.0
2025-10-09 20:00:00+00:00,0.2632,0.2668,0.2623,0.2655,3232392.0
2025-10-10 00:00:00+00:00,0.2655,0.2707,0.264,0.2682,5364226.0
2025-10-10 04:00:00+00:00,0.2682,0.2703,0.2645,0.2647,3592500.0
2025-10-10 08:00:00+00:00,0.2647,0.2696,0.2643,0.2691,7729686.0
2025-10-10 12:00:00+00:00,0.2691,0.2732,0.2534,0.2562,37927188.0
2025-10-10 16:00:00+00:00,0.2562,0.2583,0.2475,0.2502,14334784.0
2025-10-10 20:00:00+00:00,0.2502,0.2524,0.0849,0.1875,182607401.0
2025-10-11 00:00:00+00:00,0.1875,0.199,0.1848,0.1948,43570304.0
2025-10-11 04:00:00+00:00,0.1948,0.2018,0.1947,0.1993,11752643.0
2025-10-11 08:00:00+00:00,0.1993,0.2097,0.1988,0.2048,14309075.0
2025-10-11 12:00:00+00:00,0.2048,0.2053,0.1978,0.203,9640142.0
2025-10-11 16:00:00+00:00,0.203,0.2044,0.1928,0.1947,9240640.0
2025-10-11 20:00:00+00:00,0.1947,0.1953,0.1877,0.194,10118115.0
2025-10-12 00:00:00+00:00,0.194,0.1977,0.1906,0.1952,7802533.0
2025-10-12 04:00:00+00:00,0.1952,0.2002,0.1951,0.1995,3730158.0
2025-10-12 08:00:00+00:00,0.1995,0.201,0.1956,0.1999,4595795.0
2025-10-12 12:00:00+00:00,0.1999,0.2132,0.1972,0.2124,18276741.0
2025-10-12 16:00:00+00:00,0.2124,0.2218,0.2124,0.2215,11508499.0
2025-10-12 20:00:00+00:00,0.2215,0.223,0.2158,0.2185,11126639.0
2025-10-13 00:00:00+00:00,0.2185,0.2222,0.2158,0.2193,7812132.0
2025-10-13 04:00:00+00:00,0.2193,0.2248,0.2176,0.2214,7175301.0
2025-10-13 08:00:00+00:00,0.2214,0.2268,0.2162,0.2206,17422443.0
2025-10-13 12:00:00+00:00,0.2206,0.2286,0.2183,0.2275,20830777.0
2025-10-13 16:00:00+00:00,0.2275,0.2346,0.2252,0.2341,15428629.0
2025-10-13 20:00:00+00:00,0.2341,0.2371,0.2322,0.2329,5785252.0
2025-10-14 00:00:00+00:00,0.2329,0.2337,0.2263,0.2269,6234908.0
2025-10-14 04:00:00+00:00,0.2269,0.2278,0.211,0.2145,19977767.0
2025-10-14 08:00:00+00:00,0.2145,0.2177,0.2105,0.2151,11417072.0
2025-10-14 12:00:00+00:00,0.2151,0.2231,0.2093,0.223,19495859.0
2025-10-14 16:00:00+00:00,0.223,0.2275,0.2195,0.2247,20598905.0
2025-10-14 20:00:00+00:00,0.2247,0.2281,0.2233,0.2261,3579934.0
2025-10-15 00:00:00+00:00,0.2261,0.2285,0.2233,0.225,4074834.0
2025-10-15 04:00:00+00:00,0.225,0.2278,0.2235,0.2271,8081370.0
2025-10-15 08:00:00+00:00,0.2271,0.2309,0.2218,0.223,7668053.0
2025-10-15 12:00:00+00:00,0.223,0.2237,0.2151,0.2166,30886594.0
2025-10-15 16:00:00+00:00,0.2166,0.2184,0.2141,0.2154,7144187.0
2025-10-15 20:00:00+00:00,0.2154,0.2165,0.2115,0.2155,6108689.0
2025-10-16 00:00:00+00:00,0.2155,0.2183,0.2146,0.2153,3559218.0
2025-10-16 04:00:00+00:00,0.2153,0.2187,0.2143,0.2168,3153743.0
2025-10-16 08:00:00+00:00,0.2168,0.2206,0.2096,0.2198,16160010.0
2025-10-16 12:00:00+00:00,0.2198,0.2216,0.2089,0.2102,11941101.0
2025-10-16 16:00:00+00:00,0.2102,0.214,0.2051,0.2069,14950454.0
2025-10-16 20:00:00+00:00,0.2069,0.208,0.2041,0.2067,5317068.0
2025-10-17 00:00:00+00:00,0.2067,0.2093,0.2035,0.2068,10900336.0
2025-10-17 04:00:00+00:00,0.2068,0.2072,0.1929,0.1937,22710245.0
2025-10-17 08:00:00+00:00,0.1937,0.2016,0.1907,0.1997,21091030.0
2025-10-17 12:00:00+00:00,0.1997,0.201,0.1952,0.2008,18101356.0
2025-10-17 16:00:00+00:00,0.2008,0.2029,0.1982,0.2,7729944.0
2025-10-17 20:00:00+00:00,0.2,0.2039,0.1997,0.2005,3436842.0
2025-10-18 00:00:00+00:00,0.2005,0.2044,0.2,0.2028,2107117.0
2025-10-18 04:00:00+00:00,0.2028,0.2059,0.2009,0.2034,3091598.0
2025-10-18 08:00:00+00:00,0.2034,0.2052,0.2024,0.2052,2795271.0
2025-10-18 12:00:00+00:00,0.2052,0.206,0.2006,0.2025,3336095.0
2025-10-18 16:00:00+00:00,0.2025,0.2041,0.2003,0.2033,1899638.0
2025-10-18 20:00:00+00:00,0.2033,0.2045,0.2023,0.2032,1914184.0
2025-10-19 00:00:00+00:00,0.2032,0.2056,0.2015,0.2048,1471348.0
2025-10-19 04:00:00+00:00,0.2048,0.205,0.2019,0.2029,992382.0
2025-10-19 08:00:00+00:00,0.2029,0.2099,0.2001,0.2076,18414814.0
2025-10-19 12:00:00+00:00,0.2076,0.2124,0.2061,0.2108,6989119.0
2025-10-19 16:00:00+00:00,0.2108,0.2132,0.2099,0.211,3932195.0
2025-10-19 20:00:00+00:00,0.211,0.2116,0.2082,0.2089,2961184.0
2025-10-20 00:00:00+00:00,0.2089,0.2138,0.2043,0.2131,7439276.0
2025-10-20 04:00:00+00:00,0.2131,0.2172,0.2115,0.2151,7740466.0
2025-10-20 08:00:00+00:00,0.2151,0.2173,0.2141,0.2154,4973179.0
2025-10-20 12:00:00+00:00,0.2154,0.2181,0.2146,0.2146,6508767.0
2025-10-20 16:00:00+00:00,0.2146,0.2146,0.2103,0.2137,15297209.0
2025-10-20 20:00:00+00:00,0.2137,0.2159,0.2127,0.214,2864897.0
2025-10-21 00:00:00+00:00,0.214,0.2141,0.209,0.2096,6069243.0
2025-10-21 04:00:00+00:00,0.2096,0.2098,0.2049,0.2081,8047281.0
2025-10-21 08:00:00+00:00,0.2081,0.2098,0.2056,0.2092,3624516.0
2025-10-21 12:00:00+00:00,0.2092,0.2248,0.2088,0.2239,16221139.0
2025-10-21 16:00:00+00:00,0.2239,0.2266,0.2188,0.2193,11508327.0
2025-10-21 20:00:00+00:00,0.2193,0.2196,0.2067,0.2072,16324499.0
2025-10-22 00:00:00+00:00,0.2072,0.208,0.2046,0.2069,6006939.0
2025-10-22 04:00:00+00:00,0.2069,0.2089,0.2042,0.2067,3888813.0
2025-10-22 08:00:00+00:00,0.2067,0.2079,0.2013,0.2055,7421829.0
2025-10-22 12:00:00+00:00,0.2055,0.2102,0.2047,0.2074,9306158.0
2025-10-22 16:00:00+00:00,0.2074,0.2081,0.2025,0.2047,11949903.0
2025-10-22 20:00:00+00:00,0.2047,0.2051,0.1963,0.2037,19325399.0
2025-10-23 00:00:00+00:00,0.2037,0.2064,0.2033,0.2052,2428395.0
2025-10-23 04:00:00+00:00,0.2052,0.2085,0.2046,0.2072,3281982.0
2025-10-23 08:00:00+00:00,0.2072,0.2095,0.2063,0.2066,3313078.0
2025-10-23 12:00:00+00:00,0.2066,0.2099,0.205,0.2085,6649038.0
2025-10-23 16:00:00+00:00,0.2085,0.2125,0.2083,0.2093,3834051.0
2025-10-23 20:00:00+00:00,0.2093,0.2093,0.2055,0.2067,4257385.0
2025-10-24 00:00:00+00:00,0.2067,0.209,0.2065,0.2073,2228734.0
2025-10-24 04:00:00+00:00,0.2073,0.2148,0.2068,0.2129,6652792.0
2025-10-24 08:00:00+00:00,0.2129,0.2149,0.2105,0.2127,3145935.0
2025-10-24 12:00:00+00:00,0.2127,0.2187,0.2086,0.2095,10241063.0
2025-10-24 16:00:00+00:00,0.2095,0.2137,0.2083,0.2131,2190999.0
2025-10-24 20:00:00+00:00,0.2131,0.2152,0.2127,0.2144,1713026.0
2025-10-25 00:00:00+00:00,0.2144,0.2149,0.2127,0.2129,2997162.0
2025-10-25 04:00:00+00:00,0.2129,0.2143,0.2113,0.2123,3220785.0
2025-10-25 08:00:00+00:00,0.2123,0.214,0.2111,0.2116,3276429.0
2025-10-25 12:00:00+00:00,0.2116,0.2131,0.2113,0.2128,2299005.0
2025-10-25 16:00:00+00:00,0.2128,0.2146,0.2127,0.2144,1365386.0
2025-10-25 20:00:00+00:00,0.2144,0.2152,0.2127,0.2131,2588552.0
2025-10-26 00:00:00+00:00,0.2131,0.2135,0.2093,0.2102,4004527.0
2025-10-26 04:00:00+00:00,0.2102,0.2129,0.21,0.2129,1192623.0
2025-10-26 08:00:00+00:00,0.2129,0.2181,0.2129,0.2178,4514234.0
2025-10-26 12:00:00+00:00,0.2178,0.2199,0.2161,0.218,6157520.0
2025-10-26 16:00:00+00:00,0.218,0.2186,0.2165,0.2176,4092466.0
2025-10-26 20:00:00+00:00,0.2176,0.2222,0.2153,0.2189,5881822.0
2025-10-27 00:00:00+00:00,0.2189,0.2219,0.2182,0.2199,3303081.0
2025-10-27 04:00:00+00:00,0.2199,0.2232,0.2178,0.2196,5554479.0
2025-10-27 08:00:00+00:00,0.2196,0.2201,0.2147,0.217,5742705.0
2025-10-27 12:00:00+00:00,0.217,0.2172,0.2127,0.2165,6672363.0
2025-10-27 16:00:00+00:00,0.2165,0.221,0.2162,0.2168,5377529.0
2025-10-27 20:00:00+00:00,0.2168,0.2169,0.213,0.2146,4271351.0
2025-10-28 00:00:00+00:00,0.2146,0.2163,0.2121,0.2131,4390715.0
2025-10-28 04:00:00+00:00,0.2131,0.2178,0.2115,0.2147,4570681.0
2025-10-28 08:00:00+00:00,0.2147,0.2163,0.2142,0.2145,2507354.0
2025-10-28 12:00:00+00:00,0.2145,0.2179,0.2099,0.2141,9460643.0
2025-10-28 16:00:00+00:00,0.2141,0.2165,0.2108,0.2118,4142185.0
2025-10-28 20:00:00+00:00,0.2118,0.2119,0.2047,0.2099,12531385.0
2025-10-29 00:00:00+00:00,0.2099,0.2107,0.2087,0.2093,2169222.0
2025-10-29 04:00:00+00:00,0.2093,0.2126,0.2092,0.2118,2582750.0
2025-10-29 08:00:00+00:00,0.2118,0.2163,0.2105,0.2145,2486171.0
2025-10-29 12:00:00+00:00,0.2145,0.2168,0.2104,0.2115,4076826.0
2025-10-29 16:00:00+00:00,0.2115,0.217,0.2057,0.2157,20738309.0
2025-10-29 20:00:00+00:00,0.2157,0.2189,0.2101,0.211,5822589.0
2025-10-30 00:00:00+00:00,0.211,0.2137,0.2099,0.2121,2321593.0
2025-10-30 04:00:00+00:00,0.2121,0.2121,0.2035,0.2108,9996611.0
2025-10-30 08:00:00+00:00,0.2108,0.2108,0.2049,0.205,4181851.0
2025-10-30 12:00:00+00:00,0.205,0.2051,0.1946,0.1954,25257150.0
2025-10-30 16:00:00+00:00,0.1954,0.1968,0.1891,0.1901,11834615.0
2025-10-30 20:00:00+00:00,0.1901,0.197,0.1894,0.1968,5942521.0
2025-10-31 00:00:00+00:00,0.1968,0.1998,0.1963,0.1998,5038894.0
2025-10-31 04:00:00+00:00,0.1998,0.2017,0.1994,0.2002,4105873.0
2025-10-31 08:00:00+00:00,0.2002,0.2032,0.1988,0.2029,3123709.0
2025-10-31 12:00:00+00:00,0.2029,0.2047,0.2006,0.2028,7881681.0
2025-10-31 16:00:00+00:00,0.2028,0.2038,0.1971,0.203,10365152.0
2025-10-31 20:00:00+00:00,0.203,0.2032,0.1996,0.2018,2193827.0
2025-11-01 00:00:00+00:00,0.2018,0.2034,0.2004,0.2029,1925907.0
2025-11-01 04:00:00+00:00,0.2029,0.2053,0.2012,0.205,2965504.0
2025-11-01 08:00:00+00:00,0.205,0.2089,0.205,0.208,5238915.0
2025-11-01 12:00:00+00:00,0.208,0.2089,0.2046,0.2075,3422757.0
2025-11-01 16:00:00+00:00,0.2075,0.2089,0.2069,0.2078,1249223.0
2025-11-01 20:00:00+00:00,0.2078,0.2097,0.2062,0.2082,4177903.0
2025-11-02 00:00:00+00:00,0.2082,0.2085,0.2061,0.2067,3325904.0
2025-11-02 04:00:00+00:00,0.2067,0.2101,0.2064,0.2095,1883266.0
2025-11-02 08:00:00+00:00,0.2095,0.2098,0.2053,0.209,3790746.0
2025-11-02 12:00:00+00:00,0.209,0.2092,0.202,0.2036,7447292.0
2025-11-02 16:00:00+00:00,0.2036,0.2042,0.2011,0.2021,2873232.0
2025-11-02 20:00:00+00:00,0.2021,0.2083,0.2013,0.2078,2364610.0
2025-11-03 00:00:00+00:00,0.2078,0.2082,0.1938,0.1944,9816215.0
2025-11-03 04:00:00+00:00,0.1944,0.1969,0.1911,0.1949,8461381.0
2025-11-03 08:00:00+00:00,0.1949,0.1966,0.1908,0.1936,8301586.0
2025-11-03 12:00:00+00:00,0.1936,0.1959,0.1747,0.1819,36790491.0
2025-11-03 16:00:00+00:00,0.1819,0.1892,0.1798,0.1815,16177279.0
2025-11-03 20:00:00+00:00,0.1815,0.1822,0.1767,0.1818,8396175.0
2025-11-04 00:00:00+00:00,0.1818,0.1852,0.1808,0.1843,3781832.0
2025-11-04 04:00:00+00:00,0.1843,0.1856,0.1741,0.1758,14185394.0
2025-11-04 08:00:00+00:00,0.1758,0.1824,0.1749,0.1805,7820287.0
2025-11-04 12:00:00+00:00,0.1805,0.1847,0.1779,0.1798,11863831.0
2025-11-04 16:00:00+00:00,0.1798,0.1814,0.1681,0.1709,19756652.0
2025-11-04 20:00:00+00:00,0.1709,0.1752,0.162,0.1736,27198324.0
2025-11-05 00:00:00+00:00,0.1736,0.179,0.1648,0.1783,12588213.0
2025-11-05 04:00:00+00:00,0.1783,0.1795,0.1766,0.178,3895010.0
2025-11-05 08:00:00+00:00,0.178,0.1797,0.1741,0.179,5233915.0
2025-11-05 12:00:00+00:00,0.179,0.1824,0.1787,0.1823,5565568.0
2025-11-05 16:00:00+00:00,0.1823,0.1853,0.1809,0.1829,3890379.0
2025-11-05 20:00:00+00:00,0.1829,0.1843,0.1812,0.1831,2468170.0
2025-11-06 00:00:00+00:00,0.1831,0.184,0.1799,0.183,2819918.0
2025-11-06 04:00:00+00:00,0.183,0.1838,0.1785,0.1794,3818425.0
2025-11-06 08:00:00+00:00,0.1794,0.1807,0.1783,0.1802,3462026.0
2025-11-06 12:00:00+00:00,0.1802,0.1836,0.1758,0.177,12277534.0
2025-11-06 16:00:00+00:00,0.177,0.1812,0.1737,0.1803,8623914.0
2025-11-06 20:00:00+00:00,0.1803,0.1817,0.1785,0.1803,2519064.0
2025-11-07 00:00:00+00:00,0.1803,0.1858,0.1788,0.185,6217680.0
2025-11-07 04:00:00+00:00,0.185,0.1896,0.1833,0.1895,4867101.0
2025-11-07 08:00:00+00:00,0.1895,0.1904,0.1827,0.1853,6122968.0
2025-11-07 12:00:00+00:00,0.1853,0.1936,0.1806,0.1928,12351196.0
2025-11-07 16:00:00+00:00,0.1928,0.2127,0.1926,0.2107,16157121.0
2025-11-07 20:00:00+00:00,0.2107,0.2137,0.2061,0.2072,6207732.0
2025-11-08 00:00:00+00:00,0.2072,0.2119,0.204,0.2047,8561661.0
2025-11-08 04:00:00+00:00,0.2047,0.2081,0.1995,0.2023,7743031.0
2025-11-08 08:00:00+00:00,0.2023,0.2067,0.2,0.2048,10427631.0
2025-11-08 12:00:00+00:00,0.2048,0.2055,0.197,0.1994,13859685.0
2025-11-08 16:00:00+00:00,0.1994,0.2034,0.1987,0.2026,8528058.0
2025-11-08 20:00:00+00:00,0.2026,0.205,0.2019,0.2046,3330966.0
2025-11-09 00:00:00+00:00,0.2046,0.2047,0.1965,0.1984,5621845.0
2025-11-09 04:00:00+00:00,0.1984,0.2023,0.1982,0.2022,2608989.0
2025-11-09 08:00:00+00:00,0.2022,0.2034,0.1977,0.2022,4457290.0
2025-11-09 12:00:00+00:00,0.2022,0.2066,0.2009,0.2048,15092457.0
2025-11-09 16:00:00+00:00,0.2048,0.2111,0.2033,0.211,5994707.0
2025-11-09 20:00:00+00:00,0.211,0.2112,0.2041,0.206,4796421.0
2025-11-10 00:00:00+00:00,0.206,0.2102,0.2043,0.2085,4872398.0
2025-11-10 04:00:00+00:00,0.2085,0.209,0.2058,0.207,5363876.0
2025-11-10 08:00:00+00:00,0.207,0.21,0.2042,0.2088,4675399.0
2025-11-10 12:00:00+00:00,0.2088,0.2109,0.203,0.2052,14873715.0
2025-11-10 16:00:00+00:00,0.2052,0.2092,0.2018,0.2072,4971498.0
2025-11-10 20:00:00+00:00,0.2072,0.2136,0.2037,0.2104,10470398.0
2025-11-11 00:00:00+00:00,0.2104,0.2142,0.2067,0.2094,7637675.0
2025-11-11 04:00:00+00:00,0.2094,0.21,0.2013,0.2018,10776286.0
2025-11-11 08:00:00+00:00,0.2018,0.205,0.2014,0.2044,9255707.0
2025-11-11 12:00:00+00:00,0.2044,0.2059,0.2007,0.2031,12735498.0
2025-11-11 16:00:00+00:00,0.2031,0.2067,0.1992,0.1995,5416154.0
2025-11-11 20:00:00+00:00,0.1995,0.2,0.1957,0.1968,4327625.0
2025-11-12 00:00:00+00:00,0.1968,0.2014,0.1953,0.2005,3672884.0
2025-11-12 04:00:00+00:00,0.2005,0.2028,0.1995,0.2004,1631790.0
2025-11-12 08:00:00+00:00,0.2004,0.2063,0.2004,0.2048,4298668.0
2025-11-12 12:00:00+00:00,0.2048,0.2076,0.1981,0.1988,12444213.0
2025-11-12 16:00:00+00:00,0.1988,0.1996,0.191,0.1938,11067928.0
2025-11-12 20:00:00+00:00,0.1938,0.197,0.1927,0.1952,3202096.0
2025-11-13 00:00:00+00:00,0.1952,0.2007,0.1935,0.1987,5608134.0
2025-11-13 04:00:00+00:00,0.1987,0.203,0.1973,0.1996,4685894.0
2025-11-13 08:00:00+00:00,0.1996,0.2019,0.1981,0.1998,4201382.0
2025-11-13 12:00:00+00:00,0.1998,0.2019,0.1948,0.1961,8466142.0
2025-11-13 16:00:00+00:00,0.1961,0.1967,0.1825,0.1837,14506644.0
2025-11-13 20:00:00+00:00,0.1837,0.1896,0.1807,0.1875,7606101.0
2025-11-14 00:00:00+00:00,0.1875,0.1894,0.1846,0.1857,4599252.0
2025-11-14 04:00:00+00:00,0.1857,0.1879,0.1766,0.1862,18652751.0
2025-11-14 08:00:00+00:00,0.1862,0.1864,0.1827,0.1838,4254001.0
2025-11-14 12:00:00+00:00,0.1838,0.1879,0.18,0.1859,7841406.0
2025-11-14 16:00:00+00:00,0.1859,0.1878,0.1837,0.1859,3609776.0
2025-11-14 20:00:00+00:00,0.1859,0.186,0.1762,0.1797,9116121.0
2025-11-15 00:00:00+00:00,0.1797,0.1864,0.1793,0.1856,3959003.0
2025-11-15 04:00:00+00:00,0.1856,0.187,0.1839,0.1843,1665162.0
2025-11-15 08:00:00+00:00,0.1843,0.1843,0.1815,0.1831,2228950.0
2025-11-15 12:00:00+00:00,0.1831,0.1862,0.1828,0.1836,2679298.0
2025-11-15 16:00:00+00:00,0.1836,0.1855,0.1821,0.1837,2182110.0
2025-11-15 20:00:00+00:00,0.1837,0.184,0.1811,0.1828,1267342.0
2025-11-16 00:00:00+00:00,0.1828,0.185,0.1794,0.1841,3024820.0
2025-11-16 04:00:00+00:00,0.1841,0.185,0.1826,0.1845,946960.0
2025-11-16 08:00:00+00:00,0.1845,0.1851,0.1807,0.1812,2950356.0
2025-11-16 12:00:00+00:00,0.1812,0.1821,0.1768,0.1773,6239056.0
2025-11-16 16:00:00+00:00,0.1773,0.1789,0.172,0.1755,13243834.0
2025-11-16 20:00:00+00:00,0.1755,0.1811,0.1736,0.1796,4557125.0
2025-11-17 00:00:00+00:00,0.1796,0.1824,0.1777,0.1811,3735416.0
2025-11-17 04:00:00+00:00,0.1811,0.1827,0.1804,0.1817,2896386.0
2025-11-17 08:00:00+00:00,0.1817,0.1828,0.1806,0.1816,1843049.0
2025-11-17 12:00:00+00:00,0.1816,0.1846,0.1763,0.1782,11063975.0
2025-11-17 16:00:00+00:00,0.1782,0.1805,0.1701,0.1711,13828142.0
2025-11-17 20:00:00+00:00,0.1711,0.1729,0.1687,0.1723,10803278.0
2025-11-18 00:00:00+00:00,0.1723,0.1753,0.1686,0.1745,16704363.0
2025-11-18 04:00:00+00:00,0.1745,0.177,0.1722,0.174,5842432.0
2025-11-18 08:00:00+00:00,0.174,0.1763,0.1738,0.1745,2471766.0
2025-11-18 12:00:00+00:00,0.1745,0.1783,0.1726,0.1772,9223400.0
2025-11-18 16:00:00+00:00,0.1772,0.1812,0.177,0.1791,6798420.0
2025-11-18 20:00:00+00:00,0.1791,0.1799,0.1763,0.1777,2797953.0
2025-11-19 00:00:00+00:00,0.1777,0.1789,0.1751,0.1755,3629998.0
2025-11-19 04:00:00+00:00,0.1755,0.1766,0.1709,0.1763,5357895.0
2025-11-19 08:00:00+00:00,0.1763,0.1773,0.1748,0.1752,1854497.0
2025-11-19 12:00:00+00:00,0.1752,0.1773,0.1714,0.1716,6819055.0
2025-11-19 16:00:00+00:00,0.1716,0.1727,0.166,0.1673,10343198.0
2025-11-19 20:00:00+00:00,0.1673,0.1755,0.167,0.1748,5496356.0
2025-11-20 00:00:00+00:00,0.1748,0.1766,0.1743,0.1758,3394386.0
2025-11-20 04:00:00+00:00,0.1758,0.1777,0.1751,0.1776,3443498.0
2025-11-20 08:00:00+00:00,0.1776,0.1779,0.175,0.1761,3140806.0
2025-11-20 12:00:00+00:00,0.1761,0.1807,0.1739,0.1741,16414726.0
2025-11-20 16:00:00+00:00,0.1741,0.1746,0.161,0.1662,40795186.0
2025-11-20 20:00:00+00:00,0.1662,0.1678,0.1614,0.165,36739263.0
2025-11-21 00:00:00+00:00,0.165,0.1672,0.1615,0.1648,18107622.0
2025-11-21 04:00:00+00:00,0.1648,0.1654,0.1466,0.1564,28082000.0
2025-11-21 08:00:00+00:00,0.1564,0.1589,0.1508,0.1511,17059468.0
2025-11-21 12:00:00+00:00,0.1511,0.156,0.1476,0.1518,32019263.0
2025-11-21 16:00:00+00:00,0.1518,0.157,0.1498,0.1522,16049418.0
2025-11-21 20:00:00+00:00,0.1522,0.1538,0.1471,0.1523,10232640.0
2025-11-22 00:00:00+00:00,0.1523,0.1532,0.1502,0.1508,4275407.0
2025-11-22 04:00:00+00:00,0.1508,0.1508,0.1464,0.1501,10946686.0
2025-11-22 08:00:00+00:00,0.1501,0.1504,0.1459,0.1483,11814107.0
2025-11-22 12:00:00+00:00,0.1483,0.1505,0.1462,0.1498,6050788.0
2025-11-22 16:00:00+00:00,0.1498,0.1507,0.1485,0.1497,5161348.0
2025-11-22 20:00:00+00:00,0.1497,0.1533,0.1486,0.1513,2974304.0
2025-11-23 00:00:00+00:00,0.1513,0.1533,0.15,0.1528,5496068.0
2025-11-23 04:00:00+00:00,0.1528,0.1547,0.1519,0.1538,4522413.0
2025-11-23 08:00:00+00:00,0.1538,0.1545,0.1518,0.153,4117520.0
2025-11-23 12:00:00+00:00,0.153,0.1545,0.1522,0.154,3343939.0
2025-11-23 16:00:00+00:00,0.154,0.1553,0.1525,0.1541,2259864.0
2025-11-23 20:00:00+00:00,0.1541,0.1546,0.1509,0.1514,3745902.0
2025-11-24 00:00:00+00:00,0.1514,0.1557,0.1505,0.154,6045934.0
2025-11-24 04:00:00+00:00,0.154,0.1551,0.1513,0.1522,5753606.0
2025-11-24 08:00:00+00:00,0.1522,0.1527,0.1495,0.1513,2917840.0
2025-11-24 12:00:00+00:00,0.1513,0.1547,0.15,0.1539,5385656.0
2025-11-24 16:00:00+00:00,0.1539,0.1603,0.1539,0.1592,5483054.0
2025-11-24 20:00:00+00:00,0.1592,0.1613,0.1589,0.1592,2902316.0
2025-11-25 00:00:00+00:00,0.1592,0.1601,0.1574,0.1588,1912853.0
2025-11-25 04:00:00+00:00,0.1588,0.1596,0.1566,0.1567,1957603.0
2025-11-25 08:00:00+00:00,0.1567,0.1573,0.1554,0.1559,2804424.0
2025-11-25 12:00:00+00:00,0.1559,0.1573,0.1531,0.1557,6311823.0
2025-11-25 16:00:00+00:00,0.1557,0.161,0.1549,0.1576,13563479.0
2025-11-25 20:00:00+00:00,0.1576,0.1603,0.156,0.1591,2741606.0
2025-11-26 00:00:00+00:00,0.1591,0.1596,0.1564,0.1566,3904826.0
2025-11-26 04:00:00+00:00,0.1566,0.1585,0.1561,0.1584,1622459.0
2025-11-26 08:00:00+00:00,0.1584,0.1584,0.155,0.1553,2463726.0
2025-11-26 12:00:00+00:00,0.1553,0.1565,0.1538,0.1549,5289741.0
2025-11-26 16:00:00+00:00,0.1549,0.1628,0.1549,0.1612,7590586.0
2025-11-26 20:00:00+00:00,0.1612,0.1624,0.1602,0.1611,2966537.0
2025-11-27 00:00:00+00:00,0.1611,0.162,0.159,0.16,4710303.0
2025-11-27 04:00:00+00:00,0.16,0.161,0.1591,0.1608,2278816.0
2025-11-27 08:00:00+00:00,0.1608,0.1619,0.1601,0.1608,2091823.0
2025-11-27 12:00:00+00:00,0.1608,0.1622,0.1595,0.1621,1664446.0
2025-11-27 16:00:00+00:00,0.1621,0.1639,0.1618,0.1634,2334657.0
2025-11-27 20:00:00+00:00,0.1634,0.1638,0.1607,0.1615,1951700.0
2025-11-28 00:00:00+00:00,0.1615,0.1616,0.1583,0.1594,3398951.0
2025-11-28 04:00:00+00:00,0.1594,0.16,0.1583,0.1588,1671129.0
2025-11-28 08:00:00+00:00,0.1588,0.1627,0.1587,0.1603,5686178.0
2025-11-28 12:00:00+00:00,0.1603,0.1632,0.1593,0.1622,4829902.0
2025-11-28 16:00:00+00:00,0.1622,0.1624,0.1568,0.1594,5753323.0
2025-11-28 20:00:00+00:00,0.1594,0.1594,0.1575,0.1582,2372981.0
2025-11-29 00:00:00+00:00,0.1582,0.1599,0.1578,0.1589,1666744.0
2025-11-29 04:00:00+00:00,0.1589,0.1591,0.1569,0.1574,3660664.0
2025-11-29 08:00:00+00:00,0.1574,0.1583,0.1561,0.1581,6171301.0
2025-11-29 12:00:00+00:00,0.1581,0.1584,0.1566,0.1576,2206182.0
2025-11-29 16:00:00+00:00,0.1576,0.1576,0.1539,0.1548,4697954.0
2025-11-29 20:00:00+00:00,0.1548,0.1559,0.1542,0.1552,2153978.0
2025-11-30 00:00:00+00:00,0.1552,0.1556,0.1529,0.1548,2183709.0
2025-11-30 04:00:00+00:00,0.1548,0.1551,0.1532,0.1542,1240850.0
2025-11-30 08:00:00+00:00,0.1542,0.1547,0.1525,0.153,2338711.0
2025-11-30 12:00:00+00:00,0.153,0.1548,0.152,0.1535,2726526.0
2025-11-30 16:00:00+00:00,0.1535,0.155,0.1535,0.1543,1852405.0
2025-11-30 20:00:00+00:00,0.1543,0.155,0.1504,0.1508,2919906.0
2025-12-01 00:00:00+00:00,0.1508,0.1513,0.1368,0.1382,31009232.0
2025-12-01 04:00:00+00:00,0.1382,0.1412,0.1378,0.1411,9956016.0
2025-12-01 08:00:00+00:00,0.1411,0.1429,0.1408,0.1417,3054124.0
2025-12-01 12:00:00+00:00,0.1417,0.1426,0.1372,0.14,13924487.0
2025-12-01 16:00:00+00:00,0.14,0.1404,0.1377,0.1391,3621941.0
2025-12-01 20:00:00+00:00,0.1391,0.1424,0.1391,0.1416,2960184.0
2025-12-02 00:00:00+00:00,0.1416,0.1426,0.1392,0.1407,2830665.0
2025-12-02 04:00:00+00:00,0.1407,0.1413,0.14,0.1404,1640268.0
2025-12-02 08:00:00+00:00,0.1404,0.142,0.1388,0.1415,2605539.0
2025-12-02 12:00:00+00:00,0.1415,0.1528,0.1411,0.1523,12016638.0
2025-12-02 16:00:00+00:00,0.1523,0.1539,0.1515,0.1521,6547869.0
2025-12-02 20:00:00+00:00,0.1521,0.1521,0.1498,0.151,2670554.0
2025-12-03 00:00:00+00:00,0.151,0.1534,0.1502,0.1525,2589873.0
2025-12-03 04:00:00+00:00,0.1525,0.1549,0.1518,0.1532,3008200.0
2025-12-03 08:00:00+00:00,0.1532,0.1539,0.1514,0.1526,2813269.0
2025-12-03 12:00:00+00:00,0.1526,0.1532,0.1489,0.1511,8585289.0
2025-12-03 16:00:00+00:00,0.1511,0.1536,0.1503,0.1532,3013855.0
2025-12-03 20:00:00+00:00,0.1532,0.157,0.1528,0.1553,4104837.0
2025-12-04 00:00:00+00:00,0.1553,0.1561,0.154,0.154,2953456.0
2025-12-04 04:00:00+00:00,0.154,0.1543,0.1523,0.1531,3293889.0
2025-12-04 08:00:00+00:00,0.1531,0.1536,0.1519,0.1524,1471651.0
2025-12-04 12:00:00+00:00,0.1524,0.154,0.1505,0.1532,2669542.0
2025-12-04 16:00:00+00:00,0.1532,0.1538,0.1468,0.1494,6089403.0
2025-12-04 20:00:00+00:00,0.1494,0.1501,0.1481,0.1482,1873736.0
2025-12-05 00:00:00+00:00,0.1482,0.1501,0.1482,0.1486,2231359.0
2025-12-05 04:00:00+00:00,0.1486,0.1492,0.1466,0.1488,1983812.0
2025-12-05 08:00:00+00:00,0.1488,0.1488,0.1444,0.1452,4789897.0
2025-12-05 12:00:00+00:00,0.1452,0.1469,0.1431,0.144,8828306.0
2025-12-05 16:00:00+00:00,0.144,0.144,0.1372,0.1395,11637571.0
2025-12-05 20:00:00+00:00,0.1395,0.1405,0.1386,0.1401,3506582.0
2025-12-06 00:00:00+00:00,0.1401,0.1412,0.1396,0.141,1949447.0
2025-12-06 04:00:00+00:00,0.141,0.1412,0.1402,0.1406,1991856.0
2025-12-06 08:00:00+00:00,0.1406,0.1411,0.1399,0.1409,1210502.0
2025-12-06 12:00:00+00:00,0.1409,0.1435,0.1408,0.1425,2999076.0
2025-12-06 16:00:00+00:00,0.1425,0.1465,0.1425,0.1439,5609558.0
2025-12-06 20:00:00+00:00,0.1439,0.1454,0.1423,0.1433,5372107.0
2025-12-07 00:00:00+00:00,0.1433,0.1443,0.1429,0.1433,1647312.0
2025-12-07 04:00:00+00:00,0.1433,0.144,0.1424,0.1425,1065637.0
2025-12-07 08:00:00+00:00,0.1425,0.1427,0.1405,0.1407,1724821.0
2025-12-07 12:00:00+00:00,0.1407,0.1417,0.1354,0.1414,14073764.0
2025-12-07 16:00:00+00:00,0.1414,0.1434,0.1392,0.1421,4210884.0
2025-12-07 20:00:00+00:00,0.1421,0.1427,0.1366,0.1389,5512116.0
2025-12-08 00:00:00+00:00,0.1389,0.141,0.1384,0.1405,2796785.0
2025-12-08 04:00:00+00:00,0.1405,0.1433,0.1405,0.1424,1911309.0
2025-12-08 08:00:00+00:00,0.1424,0.1448,0.1421,0.1435,3447233.0
2025-12-08 12:00:00+00:00,0.1435,0.1446,0.1402,0.1408,5409077.0
2025-12-08 16:00:00+00:00,0.1408,0.1427,0.1395,0.1403,2709817.0
2025-12-08 20:00:00+00:00,0.1403,0.1421,0.1394,0.14,1822243.0
2025-12-09 00:00:00+00:00,0.14,0.141,0.139,0.1407,1809713.0
2025-12-09 04:00:00+00:00,0.1407,0.1412,0.1392,0.1409,1400671.0
2025-12-09 08:00:00+00:00,0.1409,0.1415,0.1401,0.1408,4129640.0
2025-12-09 12:00:00+00:00,0.1408,0.1463,0.1401,0.1457,5989427.0
2025-12-09 16:00:00+00:00,0.1457,0.1496,0.1457,0.1483,7741779.0
2025-12-09 20:00:00+00:00,0.1483,0.1488,0.1445,0.1464,2939644.0
2025-12-10 00:00:00+00:00,0.1464,0.1464,0.1437,0.1445,2051333.0
2025-12-10 04:00:00+00:00,0.1445,0.1454,0.1436,0.1444,1242835.0
2025-12-10 08:00:00+00:00,0.1444,0.1448,0.1412,0.1418,2439948.0
2025-12-10 12:00:00+00:00,0.1418,0.1437,0.1412,0.143,2398923.0
2025-12-10 16:00:00+00:00,0.143,0.149,0.1429,0.148,10168514.0
2025-12-10 20:00:00+00:00,0.148,0.1513,0.1428,0.1436,8764445.0
2025-12-11 00:00:00+00:00,0.1436,0.1438,0.1361,0.1369,11099305.0
2025-12-11 04:00:00+00:00,0.1369,0.1376,0.136,0.1363,5393652.0
2025-12-11 08:00:00+00:00,0.1363,0.1365,0.1348,0.1361,4284145.0
2025-12-11 12:00:00+00:00,0.1361,0.1367,0.1341,0.1346,5086203.0
2025-12-11 16:00:00+00:00,0.1346,0.1374,0.1334,0.1362,4495092.0
2025-12-11 20:00:00+00:00,0.1362,0.1398,0.136,0.1376,4217943.0
2025-12-12 00:00:00+00:00,0.1376,0.1383,0.1355,0.1374,2028963.0
2025-12-12 04:00:00+00:00,0.1374,0.1386,0.1361,0.1371,2146948.0
2025-12-12 08:00:00+00:00,0.1371,0.1378,0.1361,0.1368,2029935.0
2025-12-12 12:00:00+00:00,0.1368,0.1375,0.1294,0.1304,13732780.0
2025-12-12 16:00:00+00:00,0.1304,0.131,0.1278,0.1294,9720499.0
2025-12-12 20:00:00+00:00,0.1294,0.1313,0.1292,0.1308,2272408.0
2025-12-13 00:00:00+00:00,0.1308,0.1325,0.1308,0.1322,1951689.0
2025-12-13 04:00:00+00:00,0.1322,0.1328,0.1312,0.1325,1784062.0
2025-12-13 08:00:00+00:00,0.1325,0.1342,0.1325,0.1333,2312246.0
2025-12-13 12:00:00+00:00,0.1333,0.1338,0.1322,0.133,1850296.0
2025-12-13 16:00:00+00:00,0.133,0.1335,0.1321,0.1327,1117747.0
2025-12-13 20:00:00+00:00,0.1327,0.1328,0.1314,0.1325,998403.0
2025-12-14 00:00:00+00:00,0.1325,0.1334,0.1323,0.1325,1581325.0
2025-12-14 04:00:00+00:00,0.1325,0.1326,0.1302,0.1303,2474401.0
2025-12-14 08:00:00+00:00,0.1303,0.1306,0.1277,0.1286,5835817.0
2025-12-14 12:00:00+00:00,0.1286,0.1292,0.1274,0.1278,3878369.0
2025-12-14 16:00:00+00:00,0.1278,0.1286,0.1263,0.1271,3565611.0
2025-12-14 20:00:00+00:00,0.1271,0.1274,0.1231,0.1249,7383897.0
2025-12-15 00:00:00+00:00,0.1249,0.1296,0.1247,0.1283,6298813.0
2025-12-15 04:00:00+00:00,0.1283,0.1286,0.1272,0.1274,2869497.0
2025-12-15 08:00:00+00:00,0.1274,0.1283,0.1272,0.1275,1701889.0
2025-12-15 12:00:00+00:00,0.1275,0.1282,0.1196,0.1205,18318139.0
2025-12-15 16:00:00+00:00,0.1205,0.1205,0.1163,0.1183,7592954.0
2025-12-15 20:00:00+00:00,0.1183,0.1195,0.1165,0.119,5393593.0
2025-12-16 00:00:00+00:00,0.119,0.1192,0.1167,0.1184,4406072.0
2025-12-16 04:00:00+00:00,0.1184,0.1195,0.1167,0.1179,3568982.0
2025-12-16 08:00:00+00:00,0.1179,0.1217,0.1179,0.1215,2684923.0
2025-12-16 12:00:00+00:00,0.1215,0.1226,0.1186,0.1222,10071802.0
2025-12-16 16:00:00+00:00,0.1222,0.1225,0.1204,0.1215,2937937.0
2025-12-16 20:00:00+00:00,0.1215,0.122,0.1203,0.1209,2877439.0
2025-12-17 00:00:00+00:00,0.1209,0.1222,0.1206,0.1212,1783298.0
2025-12-17 04:00:00+00:00,0.1212,0.1214,0.1196,0.12002,4593785.0
2025-12-17 08:00:00+00:00,0.12002,0.12002,0.11834,0.11993,6773154.0
2025-12-17 12:00:00+00:00,0.11993,0.12465,0.11848,0.11938,18228258.0
2025-12-17 16:00:00+00:00,0.11938,0.12036,0.11401,0.11574,18892553.0
2025-12-17 20:00:00+00:00,0.11574,0.11663,0.11387,0.11498,4679308.0
2025-12-18 00:00:00+00:00,0.11498,0.11553,0.11377,0.11403,4326844.0
2025-12-18 04:00:00+00:00,0.11403,0.11453,0.11233,0.11361,4197796.0
2025-12-18 08:00:00+00:00,0.11361,0.115,0.11361,0.11478,3707636.0
2025-12-18 12:00:00+00:00,0.11478,0.11971,0.11437,0.1182,12638317.0
2025-12-18 16:00:00+00:00,0.1182,0.11827,0.10855,0.10892,19884868.0
2025-12-18 20:00:00+00:00,0.10892,0.11257,0.10873,0.11135,6140060.0
2025-12-19 00:00:00+00:00,0.11135,0.11504,0.10946,0.11395,7205597.0
2025-12-19 04:00:00+00:00,0.11395,0.11694,0.11345,0.11554,3589195.0
2025-12-19 08:00:00+00:00,0.11554,0.11617,0.11499,0.11564,2311930.0
2025-12-19 12:00:00+00:00,0.11564,0.11937,0.11535,0.11719,8675207.0
2025-12-19 16:00:00+00:00,0.11719,0.11996,0.11612,0.11933,5767511.0
2025-12-19 20:00:00+00:00,0.11933,0.1203,0.11882,0.11944,2347416.0
2025-12-20 00:00:00+00:00,0.11944,0.11965,0.11844,0.11909,2502633.0
2025-12-20 04:00:00+00:00,0.11909,0.12122,0.11856,0.12109,2883577.0
2025-12-20 08:00:00+00:00,0.12109,0.12287,0.12022,0.1208,4134583.0
2025-12-20 12:00:00+00:00,0.1208,0.12095,0.11937,0.12011,3046573.0
2025-12-20 16:00:00+00:00,0.12011,0.12109,0.11982,0.12052,2400444.0
2025-12-20 20:00:00+00:00,0.12052,0.12128,0.1204,0.12073,830788.0
2025-12-21 00:00:00+00:00,0.12073,0.1211,0.11875,0.11957,3156691.0
2025-12-21 04:00:00+00:00,0.11957,0.12004,0.11918,0.12001,1452978.0
2025-12-21 08:00:00+00:00,0.12001,0.12103,0.11821,0.11832,4822981.0
2025-12-21 12:00:00+00:00,0.11832,0.11884,0.11457,0.11587,9208662.0
2025-12-21 16:00:00+00:00,0.11587,0.11699,0.11534,0.11677,3769410.0
2025-12-21 20:00:00+00:00,0.11677,0.11783,0.11529,0.11691,2389455.0
2025-12-22 00:00:00+00:00,0.11691,0.11978,0.11562,0.11708,7107236.0
2025-12-22 04:00:00+00:00,0.11708,0.11768,0.11642,0.1173,2970932.0
2025-12-22 08:00:00+00:00,0.1173,0.11858,0.11649,0.11797,3694565.0
2025-12-22 12:00:00+00:00,0.11797,0.1188,0.11636,0.11739,6549939.0
2025-12-22 16:00:00+00:00,0.11739,0.11788,0.11437,0.11466,6984920.0
2025-12-22 20:00:00+00:00,0.11466,0.11544,0.11348,0.11514,7458041.0
2025-12-23 00:00:00+00:00,0.11514,0.11607,0.11344,0.11422,4037286.0
2025-12-23 04:00:00+00:00,0.11422,0.11455,0.11281,0.11306,4145632.0
2025-12-23 08:00:00+00:00,0.11306,0.1137,0.11227,0.1134,3638242.0
2025-12-23 12:00:00+00:00,0.1134,0.1134,0.11025,0.11171,8688895.0
2025-12-23 16:00:00+00:00,0.11171,0.11321,0.10998,0.11124,9029938.0
2025-12-23 20:00:00+00:00,0.11124,0.11254,0.11049,0.1111,5489468.0
2025-12-24 00:00:00+00:00,0.1111,0.11213,0.10958,0.11115,5027430.0
2025-12-24 04:00:00+00:00,0.11115,0.1119,0.10973,0.1103,3367094.0
2025-12-24 08:00:00+00:00,0.1103,0.11143,0.11018,0.11104,2062923.0
2025-12-24 12:00:00+00:00,0.11104,0.11226,0.10991,0.11196,3928117.0
2025-12-24 16:00:00+00:00,0.11196,0.11367,0.11139,0.1128,4072339.0
2025-12-24 20:00:00+00:00,0.1128,0.11402,0.11254,0.1135,1494786.0
2025-12-25 00:00:00+00:00,0.1135,0.11491,0.11306,0.11484,2868701.0
2025-12-25 04:00:00+00:00,0.11484,0.11525,0.11353,0.1141,2617603.0
2025-12-25 08:00:00+00:00,0.1141,0.11488,0.11174,0.11254,5424572.0
2025-12-25 12:00:00+00:00,0.11254,0.11387,0.11221,0.11345,3241119.0
2025-12-25 16:00:00+00:00,0.11345,0.11414,0.11261,0.1133,2129376.0
2025-12-25 20:00:00+00:00,0.1133,0.11389,0.11005,0.11048,5030495.0
2025-12-26 00:00:00+00:00,0.11048,0.11519,0.10956,0.11418,7130036.0
2025-12-26 04:00:00+00:00,0.11418,0.11464,0.11237,0.11262,2115252.0
2025-12-26 08:00:00+00:00,0.11262,0.11315,0.11238,0.11284,2829978.0
2025-12-26 12:00:00+00:00,0.11284,0.11366,0.11015,0.11085,9114191.0
2025-12-26 16:00:00+00:00,0.11085,0.11182,0.10959,0.1117,4232528.0
2025-12-26 20:00:00+00:00,0.1117,0.11232,0.11145,0.11186,1218541.0
2025-12-27 00:00:00+00:00,0.11186,0.11308,0.11145,0.11283,1306956.0
2025-12-27 04:00:00+00:00,0.11283,0.1129,0.11227,0.1125,623384.0
2025-12-27 08:00:00+00:00,0.1125,0.11275,0.10969,0.1121,7347950.0
2025-12-27 12:00:00+00:00,0.1121,0.1122,0.11073,0.11173,3723552.0
2025-12-27 16:00:00+00:00,0.11173,0.11223,0.11155,0.11206,1769377.0
2025-12-27 20:00:00+00:00,0.11206,0.11616,0.11191,0.11576,6372289.0
2025-12-28 00:00:00+00:00,0.11576,0.11689,0.1154,0.11681,3489099.0
2025-12-28 04:00:00+00:00,0.11681,0.11765,0.11638,0.11715,3530031.0
2025-12-28 08:00:00+00:00,0.11715,0.11804,0.1163,0.11723,3712648.0
2025-12-28 12:00:00+00:00,0.11723,0.11738,0.11617,0.11663,3106879.0
2025-12-28 16:00:00+00:00,0.11663,0.11719,0.11469,0.11491,4907431.0
2025-12-28 20:00:00+00:00,0.11491,0.11583,0.11432,0.1157,2436347.0
2025-12-29 00:00:00+00:00,0.1157,0.11859,0.11546,0.11843,6515771.0
2025-12-29 04:00:00+00:00,0.11843,0.11881,0.1168,0.11819,4021062.0
2025-12-29 08:00:00+00:00,0.11819,0.11914,0.11522,0.11604,4809762.0
2025-12-29 12:00:00+00:00,0.11604,0.1164,0.11408,0.1158,7173207.0
2025-12-29 16:00:00+00:00,0.1158,0.11605,0.11451,0.11469,2748730.0
2025-12-29 20:00:00+00:00,0.11469,0.11501,0.11322,0.11351,4548105.0
2025-12-30 00:00:00+00:00,0.11351,0.11405,0.11239,0.11362,3877585.0
2025-12-30 04:00:00+00:00,0.11362,0.11409,0.11259,0.11363,2707718.0
2025-12-30 08:00:00+00:00,0.11363,0.11486,0.11356,0.11407,4663827.0
2025-12-30 12:00:00+00:00,0.11407,0.11439,0.11255,0.11394,5832033.0
2025-12-30 16:00:00+00:00,0.11394,0.11453,0.11221,0.1131,3059688.0
2025-12-30 20:00:00+00:00,0.1131,0.11346,0.11241,0.11337,1777809.0
2025-12-31 00:00:00+00:00,0.11337,0.11337,0.11162,0.11228,4569195.0
2025-12-31 04:00:00+00:00,0.11228,0.1125,0.11196,0.11226,1067010.0
2025-12-31 08:00:00+00:00,0.11226,0.11345,0.11158,0.1134,2628172.0
2025-12-31 12:00:00+00:00,0.1134,0.114,0.11174,0.11192,3024700.0
2025-12-31 16:00:00+00:00,0.11192,0.11208,0.10662,0.10842,16112092.0
2025-12-31 20:00:00+00:00,0.10842,0.1096,0.10724,0.10868,2977664.0
2026-01-01 00:00:00+00:00,0.10868,0.11019,0.10868,0.10885,4188326.0
2026-01-01 04:00:00+00:00,0.10885,0.11015,0.10823,0.10972,2406962.0
2026-01-01 08:00:00+00:00,0.10972,0.11017,0.10928,0.10996,1727374.0
2026-01-01 12:00:00+00:00,0.10996,0.11272,0.10916,0.11223,4693185.0
2026-01-01 16:00:00+00:00,0.11223,0.115,0.11201,0.11498,4088361.0
2026-01-01 20:00:00+00:00,0.11498,0.11772,0.11496,0.11689,8144769.0
2026-01-02 00:00:00+00:00,0.11689,0.11833,0.11618,0.11829,8451251.0
2026-01-02 04:00:00+00:00,0.11829,0.11884,0.11503,0.11538,6888435.0
2026-01-02 08:00:00+00:00,0.11538,0.11832,0.11516,0.11576,9287084.0
2026-01-02 12:00:00+00:00,0.11576,0.11801,0.11479,0.1168,23209699.0
2026-01-02 16:00:00+00:00,0.1168,0.1204,0.1167,0.11942,13953756.0
2026-01-02 20:00:00+00:00,0.11942,0.12081,0.11832,0.11981,4478121.0
2026-01-03 00:00:00+00:00,0.11981,0.12168,0.11893,0.12138,8815327.0
2026-01-03 04:00:00+00:00,0.12138,0.12157,0.1165,0.11689,11788280.0
2026-01-03 08:00:00+00:00,0.11689,0.11805,0.11651,0.11707,3907195.0
2026-01-03 12:00:00+00:00,0.11707,0.11867,0.11698,0.11753,3375551.0
2026-01-03 16:00:00+00:00,0.11753,0.11949,0.11741,0.11824,5982712.0
2026-01-03 20:00:00+00:00,0.11824,0.11939,0.11755,0.11883,5249771.0
2026-01-04 00:00:00+00:00,0.11883,0.12118,0.1184,0.12083,8111350.0
2026-01-04 04:00:00+00:00,0.12083,0.12232,0.11965,0.12046,7611825.0
2026-01-04 08:00:00+00:00,0.12046,0.12187,0.11959,0.1214,9841554.0
2026-01-04 12:00:00+00:00,0.1214,0.12331,0.12007,0.12311,14806277.0
2026-01-04 16:00:00+00:00,0.12311,0.12534,0.12111,0.1221,16373952.0
2026-01-04 20:00:00+00:00,0.1221,0.12361,0.12113,0.12273,10315653.0
2026-01-05 00:00:00+00:00,0.12273,0.12463,0.12163,0.12231,17091195.0
2026-01-05 04:00:00+00:00,0.12231,0.12257,0.1184,0.12106,15145023.0
2026-01-05 08:00:00+00:00,0.12106,0.12144,0.11905,0.12024,7372202.0
2026-01-05 12:00:00+00:00,0.12024,0.12378,0.11953,0.12358,12553142.0
2026-01-05 16:00:00+00:00,0.12358,0.12675,0.12172,0.12595,13529528.0
2026-01-05 20:00:00+00:00,0.12595,0.12803,0.1257,0.12608,7812677.0
2026-01-06 00:00:00+00:00,0.12608,0.12805,0.12507,0.12663,9603295.0
2026-01-06 04:00:00+00:00,0.12663,0.12818,0.12503,0.12526,8519290.0
2026-01-06 08:00:00+00:00,0.12526,0.12803,0.12455,0.12801,5611627.0
2026-01-06 12:00:00+00:00,0.12801,0.13052,0.12662,0.12739,15333145.0
2026-01-06 16:00:00+00:00,0.12739,0.12778,0.12108,0.12226,17221144.0
2026-01-06 20:00:00+00:00,0.12226,0.12705,0.12223,0.12657,6402361.0
2026-01-07 00:00:00+00:00,0.12657,0.12673,0.12268,0.12481,7808240.0
2026-01-07 04:00:00+00:00,0.12481,0.12612,0.1235,0.12612,5019768.0
2026-01-07 08:00:00+00:00,0.12612,0.12736,0.12324,0.12524,10610723.0
2026-01-07 12:00:00+00:00,0.12524,0.12527,0.12009,0.12043,19929168.0
2026-01-07 16:00:00+00:00,0.12043,0.12198,0.11941,0.12061,8492194.0
2026-01-07 20:00:00+00:00,0.12061,0.12147,0.11917,0.12091,4951998.0
2026-01-08 00:00:00+00:00,0.12091,0.12252,0.11944,0.11976,10417618.0
2026-01-08 04:00:00+00:00,0.11976,0.12185,0.11714,0.11971,15272841.0
2026-01-08 08:00:00+00:00,0.11971,0.12021,0.11659,0.11775,11117727.0
2026-01-08 12:00:00+00:00,0.11775,0.11928,0.11455,0.11917,14547432.0
2026-01-08 16:00:00+00:00,0.11917,0.11983,0.11764,0.11796,6939792.0
2026-01-08 20:00:00+00:00,0.11796,0.11896,0.11672,0.11781,3764152.0
2026-01-09 00:00:00+00:00,0.11781,0.11889,0.11652,0.11847,8599100.0
2026-01-09 04:00:00+00:00,0.11847,0.11915,0.11779,0.11836,5001560.0
2026-01-09 08:00:00+00:00,0.11836,0.1186,0.11585,0.1179,6918708.0
2026-01-09 12:00:00+00:00,0.1179,0.12151,0.11664,0.12014,14762462.0
2026-01-09 16:00:00+00:00,0.12014,0.12213,0.11714,0.11769,10359936.0
2026-01-09 20:00:00+00:00,0.11769,0.11957,0.11718,0.11905,4175972.0
2026-01-10 00:00:00+00:00,0.11905,0.11942,0.11759,0.1187,3089415.0
2026-01-10 04:00:00+00:00,0.1187,0.12026,0.1175,0.12,5236685.0
2026-01-10 08:00:00+00:00,0.12,0.12097,0.11959,0.12087,5626105.0
2026-01-10 12:00:00+00:00,0.12087,0.12194,0.11987,0.12007,4201867.0
2026-01-10 16:00:00+00:00,0.12007,0.12138,0.1186,0.12126,4013298.0
2026-01-10 20:00:00+00:00,0.12126,0.12137,0.11851,0.11919,3051576.0
2026-01-11 00:00:00+00:00,0.11919,0.12009,0.11869,0.12001,2655934.0
2026-01-11 04:00:00+00:00,0.12001,0.12033,0.11908,0.12014,2703676.0
2026-01-11 08:00:00+00:00,0.12014,0.12031,0.11977,0.12011,1929202.0
2026-01-11 12:00:00+00:00,0.12011,0.121,0.11785,0.11826,4825710.0
2026-01-11 16:00:00+00:00,0.11826,0.12014,0.11813,0.11834,4380821.0
2026-01-11 20:00:00+00:00,0.11834,0.11837,0.11487,0.11672,11009557.0
2026-01-12 00:00:00+00:00,0.11672,0.11936,0.11465,0.11691,17444779.0
2026-01-12 04:00:00+00:00,0.11691,0.11844,0.11515,0.11518,9206257.0
2026-01-12 08:00:00+00:00,0.11518,0.11583,0.11266,0.11415,16041483.0
2026-01-12 12:00:00+00:00,0.11415,0.11554,0.11144,0.1155,15019349.0
2026-01-12 16:00:00+00:00,0.1155,0.11682,0.11388,0.11536,7709915.0
2026-01-12 20:00:00+00:00,0.11536,0.11602,0.11278,0.11368,4631369.0
2026-01-13 00:00:00+00:00,0.11368,0.11512,0.11346,0.11504,4666242.0
2026-01-13 04:00:00+00:00,0.11504,0.11653,0.11469,0.11569,3349737.0
2026-01-13 08:00:00+00:00,0.11569,0.11763,0.11551,0.11715,6083670.0
2026-01-13 12:00:00+00:00,0.11715,0.122,0.1169,0.1219,17960940.0
2026-01-13 16:00:00+00:00,0.1219,0.12373,0.12159,0.12281,11496689.0
2026-01-13 20:00:00+00:00,0.12281,0.12709,0.12155,0.12528,13234793.0
2026-01-14 00:00:00+00:00,0.12528,0.12953,0.12528,0.1274,15753898.0
2026-01-14 04:00:00+00:00,0.1274,0.12972,0.12551,0.1269,13368822.0
2026-01-14 08:00:00+00:00,0.1269,0.12836,0.12635,0.12703,12238245.0
2026-01-14 12:00:00+00:00,0.12703,0.13059,0.12509,0.1289,13925430.0
2026-01-14 16:00:00+00:00,0.1289,0.13016,0.12487,0.12719,15705294.0
2026-01-14 20:00:00+00:00,0.12719,0.12868,0.12575,0.12739,6610269.0
2026-01-15 00:00:00+00:00,0.12739,0.12739,0.12227,0.12242,10643301.0
2026-01-15 04:00:00+00:00,0.12242,0.12505,0.12227,0.12467,5274514.0
2026-01-15 08:00:00+00:00,0.12467,0.12559,0.1234,0.1235,5641218.0
2026-01-15 12:00:00+00:00,0.1235,0.12434,0.11938,0.12132,11718713.0
2026-01-15 16:00:00+00:00,0.12132,0.1224,0.1176,0.11846,18140934.0
2026-01-15 20:00:00+00:00,0.11846,0.11967,0.11721,0.11946,4674270.0
2026-01-16 00:00:00+00:00,0.11946,0.12049,0.11809,0.1195,6747953.0
2026-01-16 04:00:00+00:00,0.1195,0.1223,0.11821,0.12107,8300790.0
2026-01-16 08:00:00+00:00,0.12107,0.12232,0.12056,0.12226,4600748.0
2026-01-16 12:00:00+00:00,0.12226,0.12262,0.11767,0.11868,19194457.0
2026-01-16 16:00:00+00:00,0.11868,0.12155,0.11826,0.12123,7396323.0
2026-01-16 20:00:00+00:00,0.12123,0.12549,0.12036,0.12422,6869479.0
2026-01-17 00:00:00+00:00,0.12422,0.13735,0.12395,0.13105,61986054.0
2026-01-17 04:00:00+00:00,0.13105,0.13646,0.13026,0.13527,50325074.0
2026-01-17 08:00:00+00:00,0.13527,0.14136,0.13448,0.13543,62118355.0
2026-01-17 12:00:00+00:00,0.13543,0.15734,0.13381,0.15309,198555824.0
2026-01-17 16:00:00+00:00,0.15309,0.16071,0.14628,0.15351,119741948.0
2026-01-17 20:00:00+00:00,0.15351,0.15907,0.14724,0.15019,85950170.0
2026-01-18 00:00:00+00:00,0.15019,0.16358,0.14814,0.15387,162175659.0
2026-01-18 04:00:00+00:00,0.15387,0.159,0.15013,0.15655,69894214.0
2026-01-18 08:00:00+00:00,0.15655,0.16554,0.14818,0.14928,118876081.0
2026-01-18 12:00:00+00:00,0.14928,0.15025,0.14338,0.14462,62239909.0
2026-01-18 16:00:00+00:00,0.14462,0.14753,0.1438,0.14587,24173790.0
2026-01-18 20:00:00+00:00,0.14587,0.14944,0.14148,0.14254,42210573.0
2026-01-19 00:00:00+00:00,0.14254,0.1426,0.13071,0.13808,78363938.0
2026-01-19 04:00:00+00:00,0.13808,0.13843,0.13356,0.13661,31279253.0
2026-01-19 08:00:00+00:00,0.13661,0.14229,0.13597,0.13629,34263363.0
2026-01-19 12:00:00+00:00,0.13629,0.13651,0.1327,0.13347,24964410.0
2026-01-19 16:00:00+00:00,0.13347,0.13738,0.13318,0.13685,12107975.0
2026-01-19 20:00:00+00:00,0.13685,0.13973,0.13418,0.13564,23196055.0
2026-01-20 00:00:00+00:00,0.13564,0.14254,0.1334,0.14007,46578881.0
2026-01-20 04:00:00+00:00,0.14007,0.14465,0.1372,0.13918,59500087.0
2026-01-20 08:00:00+00:00,0.13918,0.15201,0.1382,0.14431,99913886.0
2026-01-20 12:00:00+00:00,0.14431,0.15395,0.14147,0.14354,119547858.0
2026-01-20 16:00:00+00:00,0.14354,0.14476,0.13647,0.13821,59923471.0
2026-01-20 20:00:00+00:00,0.13821,0.14054,0.13647,0.13783,27173676.0
2026-01-21 00:00:00+00:00,0.13783,0.15163,0.13579,0.14745,69575456.0
2026-01-21 04:00:00+00:00,0.14745,0.1495,0.14201,0.14404,54236473.0
2026-01-21 08:00:00+00:00,0.14404,0.15237,0.14376,0.14626,65617865.0
2026-01-21 12:00:00+00:00,0.14626,0.14849,0.14297,0.14519,51823619.0
2026-01-21 16:00:00+00:00,0.14519,0.14796,0.13707,0.14789,60630350.0
2026-01-21 20:00:00+00:00,0.14789,0.14842,0.14317,0.14426,20372403.0
2026-01-22 00:00:00+00:00,0.14426,0.16795,0.1439,0.16498,130433311.0
2026-01-22 04:00:00+00:00,0.16498,0.17329,0.16169,0.16773,104700169.0
2026-01-22 08:00:00+00:00,0.16773,0.17001,0.15842,0.1608,109166421.0
2026-01-22 12:00:00+00:00,0.1608,0.16173,0.15418,0.15516,67705885.0
2026-01-22 16:00:00+00:00,0.15516,0.15983,0.15434,0.15739,40233034.0
2026-01-22 20:00:00+00:00,0.15739,0.16461,0.15553,0.16421,45995528.0
2026-01-23 00:00:00+00:00,0.16421,0.1746,0.16038,0.17005,121226510.0
2026-01-23 04:00:00+00:00,0.17005,0.17764,0.1569,0.15775,106912959.0
2026-01-23 08:00:00+00:00,0.15775,0.15961,0.15545,0.15912,49704005.0
2026-01-23 12:00:00+00:00,0.15912,0.16796,0.15748,0.16383,94916916.0
2026-01-23 16:00:00+00:00,0.16383,0.16471,0.15786,0.15901,44016121.0
2026-01-23 20:00:00+00:00,0.15901,0.16077,0.1568,0.15876,29148843.0
2026-01-24 00:00:00+00:00,0.15876,0.15948,0.15152,0.1524,58233358.0
2026-01-24 04:00:00+00:00,0.1524,0.15507,0.15099,0.15196,38475594.0
2026-01-24 08:00:00+00:00,0.15196,0.15419,0.15146,0.15202,21744462.0
2026-01-24 12:00:00+00:00,0.15202,0.15347,0.14909,0.14935,26086475.0
2026-01-24 16:00:00+00:00,0.14935,0.15009,0.14709,0.14751,23085608.0
2026-01-24 20:00:00+00:00,0.14751,0.15099,0.14742,0.14847,22220028.0
2026-01-25 00:00:00+00:00,0.14847,0.14872,0.14402,0.14442,35949879.0
2026-01-25 04:00:00+00:00,0.14442,0.14656,0.14215,0.14281,25114475.0
2026-01-25 08:00:00+00:00,0.14281,0.14287,0.13909,0.13924,22116290.0
2026-01-25 12:00:00+00:00,0.13924,0.13939,0.13472,0.13557,26695338.0
2026-01-25 16:00:00+00:00,0.13557,0.1357,0.12821,0.12861,53240395.0
2026-01-25 20:00:00+00:00,0.12861,0.13068,0.12774,0.12988,31262942.0
2026-01-26 00:00:00+00:00,0.12988,0.13216,0.12758,0.12842,40398964.0
2026-01-26 04:00:00+00:00,0.12842,0.13735,0.128,0.13277,78140077.0
2026-01-26 08:00:00+00:00,0.13277,0.13786,0.13193,0.13696,88301385.0
2026-01-26 12:00:00+00:00,0.13696,0.13696,0.13292,0.13406,60632188.0
2026-01-26 16:00:00+00:00,0.13406,0.13462,0.13138,0.13243,39240784.0
2026-01-26 20:00:00+00:00,0.13243,0.13423,0.13013,0.13266,30742027.0
2026-01-27 00:00:00+00:00,0.13266,0.13708,0.13121,0.13319,61133922.0
2026-01-27 04:00:00+00:00,0.13319,0.1337,0.13059,0.13115,33721355.0
2026-01-27 08:00:00+00:00,0.13115,0.13196,0.12968,0.13046,29864514.0
2026-01-27 12:00:00+00:00,0.13046,0.13068,0.12441,0.1261,62582399.0
2026-01-27 16:00:00+00:00,0.1261,0.12865,0.12449,0.12824,57371474.0
2026-01-27 20:00:00+00:00,0.12824,0.13047,0.12749,0.12852,28155317.0
2026-01-28 00:00:00+00:00,0.12852,0.12929,0.12555,0.12574,20792303.0
2026-01-28 04:00:00+00:00,0.12574,0.12602,0.12475,0.12516,14836444.0
2026-01-28 08:00:00+00:00,0.12516,0.12647,0.1231,0.1257,33996984.0
2026-01-28 12:00:00+00:00,0.1257,0.1257,0.12233,0.12301,27714502.0
2026-01-28 16:00:00+00:00,0.12301,0.1241,0.12159,0.12336,25643263.0
2026-01-28 20:00:00+00:00,0.12336,0.12446,0.12219,0.12319,16417033.0
2026-01-29 00:00:00+00:00,0.12319,0.12343,0.12008,0.12062,31328221.0
2026-01-29 04:00:00+00:00,0.12062,0.12176,0.11902,0.11967,25509142.0
2026-01-29 08:00:00+00:00,0.11967,0.11967,0.11783,0.1183,21661650.0
2026-01-29 12:00:00+00:00,0.1183,0.11848,0.11313,0.11456,42954998.0
2026-01-29 16:00:00+00:00,0.11456,0.11614,0.11182,0.11308,26139772.0
2026-01-29 20:00:00+00:00,0.11308,0.11535,0.11281,0.11441,11506230.0
2026-01-30 00:00:00+00:00,0.11441,0.11503,0.11116,0.11285,39018636.0
2026-01-30 04:00:00+00:00,0.11285,0.11422,0.11087,0.11352,16072333.0
2026-01-30 08:00:00+00:00,0.11352,0.11553,0.1123,0.11476,12401830.0
2026-01-30 12:00:00+00:00,0.11476,0.11489,0.11298,0.1138,17675436.0
2026-01-30 16:00:00+00:00,0.1138,0.11681,0.1119,0.11575,20628717.0
2026-01-30 20:00:00+00:00,0.11575,0.11576,0.11387,0.11473,13448032.0
2026-01-31 00:00:00+00:00,0.11473,0.11473,0.11327,0.11394,7980563.0
2026-01-31 04:00:00+00:00,0.11394,0.11435,0.11136,0.11237,8509027.0
2026-01-31 08:00:00+00:00,0.11237,0.11248,0.1098,0.11082,16355209.0
2026-01-31 12:00:00+00:00,0.11082,0.11094,0.10444,0.10629,39413059.0
2026-01-31 16:00:00+00:00,0.10629,0.10854,0.09323,0.09923,90660984.0
2026-01-31 20:00:00+00:00,0.09923,0.10248,0.09824,0.10191,18695383.0
2026-02-01 00:00:00+00:00,0.10191,0.10342,0.10074,0.10101,14980211.0
2026-02-01 04:00:00+00:00,0.10101,0.10285,0.10064,0.10192,10707788.0
2026-02-01 08:00:00+00:00,0.10192,0.10365,0.10089,0.10181,14337075.0
2026-02-01 12:00:00+00:00,0.10181,0.10346,0.09888,0.09987,19101954.0
2026-02-01 16:00:00+00:00,0.09987,0.10159,0.09853,0.09919,15458643.0
2026-02-01 20:00:00+00:00,0.09919,0.10081,0.09667,0.09937,19228117.0
2026-02-02 00:00:00+00:00,0.09937,0.10191,0.09615,0.10001,26502960.0
2026-02-02 04:00:00+00:00,0.10001,0.10115,0.09648,0.09959,30261256.0
2026-02-02 08:00:00+00:00,0.09959,0.10135,0.09923,0.10041,11794610.0
2026-02-02 12:00:00+00:00,0.10041,0.10403,0.1002,0.10334,17463257.0
2026-02-02 16:00:00+00:00,0.10334,0.10377,0.10204,0.10222,10167859.0
2026-02-02 20:00:00+00:00,0.10222,0.10271,0.10139,0.10231,5512149.0
2026-02-03 00:00:00+00:00,0.10231,0.10246,0.0993,0.10121,10845809.0
2026-02-03 04:00:00+00:00,0.10121,0.10219,0.10018,0.1004,9112282.0
2026-02-03 08:00:00+00:00,0.1004,0.10143,0.09905,0.09991,15295750.0
2026-02-03 12:00:00+00:00,0.09991,0.10099,0.09791,0.10053,18868831.0
2026-02-03 16:00:00+00:00,0.10053,0.10057,0.09401,0.0989,38429211.0
2026-02-03 20:00:00+00:00,0.0989,0.10315,0.09791,0.09853,34879347.0
2026-02-04 00:00:00+00:00,0.09853,0.10108,0.0982,0.10066,10563370.0
2026-02-04 04:00:00+00:00,0.10066,0.10076,0.09932,0.1001,6413855.0
2026-02-04 08:00:00+00:00,0.1001,0.1003,0.09843,0.09933,8306162.0
2026-02-04 12:00:00+00:00,0.09933,0.09969,0.09547,0.09666,18826442.0
2026-02-04 16:00:00+00:00,0.09666,0.09932,0.09487,0.09929,25958106.0
2026-02-04 20:00:00+00:00,0.09929,0.09936,0.09554,0.09721,11608812.0
2026-02-05 00:00:00+00:00,0.09721,0.09785,0.09502,0.09524,14057942.0
2026-02-05 04:00:00+00:00,0.09524,0.09585,0.09317,0.09394,16670865.0
2026-02-05 08:00:00+00:00,0.09394,0.09586,0.09108,0.09186,18621487.0
2026-02-05 12:00:00+00:00,0.09186,0.09222,0.08339,0.08537,49537442.0
2026-02-05 16:00:00+00:00,0.08537,0.08667,0.08091,0.08134,50682734.0
2026-02-05 20:00:00+00:00,0.08134,0.08192,0.07675,0.07861,67618414.0
2026-02-06 00:00:00+00:00,0.07861,0.08125,0.07,0.0779,138142587.0
2026-02-06 04:00:00+00:00,0.0779,0.0827,0.0776,0.08054,28624484.0
2026-02-06 08:00:00+00:00,0.08054,0.08286,0.0795,0.08254,34710002.0
2026-02-06 12:00:00+00:00,0.08254,0.08624,0.08194,0.08542,28667303.0
2026-02-06 16:00:00+00:00,0.08542,0.08944,0.08506,0.08619,30076725.0
2026-02-06 20:00:00+00:00,0.08619,0.08727,0.08463,0.08585,10361900.0
2026-02-07 00:00:00+00:00,0.08585,0.08754,0.08422,0.08743,13913953.0
2026-02-07 04:00:00+00:00,0.08743,0.08828,0.08409,0.08482,19191252.0
2026-02-07 08:00:00+00:00,0.08482,0.08688,0.08447,0.08603,11296531.0
2026-02-07 12:00:00+00:00,0.08603,0.09496,0.08587,0.09172,66624575.0
2026-02-07 16:00:00+00:00,0.09172,0.0945,0.08994,0.09065,61721758.0
2026-02-07 20:00:00+00:00,0.09065,0.09069,0.08811,0.0885,20019529.0
2026-02-08 00:00:00+00:00,0.0885,0.08862,0.08678,0.08695,10766150.0
2026-02-08 04:00:00+00:00,0.08695,0.08722,0.08563,0.08614,9263999.0
2026-02-08 08:00:00+00:00,0.08614,0.08781,0.08581,0.08748,12767327.0
2026-02-08 12:00:00+00:00,0.08748,0.08844,0.08702,0.08746,10838149.0
2026-02-08 16:00:00+00:00,0.08746,0.0878,0.085,0.08741,11012436.0
2026-02-08 20:00:00+00:00,0.08741,0.08771,0.08491,0.08554,11339820.0
2026-02-09 00:00:00+00:00,0.08554,0.08946,0.0854,0.08829,14483691.0
2026-02-09 04:00:00+00:00,0.08829,0.08874,0.08705,0.08749,13149065.0
2026-02-09 08:00:00+00:00,0.08749,0.08795,0.08302,0.08373,25771508.0
2026-02-09 12:00:00+00:00,0.08373,0.08579,0.08307,0.08577,19069873.0
2026-02-09 16:00:00+00:00,0.08577,0.08797,0.08493,0.08709,14375004.0
2026-02-09 20:00:00+00:00,0.08709,0.08761,0.08601,0.08735,6907673.0
2026-02-10 00:00:00+00:00,0.08735,0.08831,0.08579,0.0863,14381043.0
2026-02-10 04:00:00+00:00,0.0863,0.08683,0.08449,0.08471,9744405.0
2026-02-10 08:00:00+00:00,0.08471,0.08577,0.08453,0.08498,6814838.0
2026-02-10 12:00:00+00:00,0.08498,0.08628,0.08431,0.08584,11622725.0
2026-02-10 16:00:00+00:00,0.08584,0.08639,0.08456,0.08599,7154270.0
2026-02-10 20:00:00+00:00,0.08599,0.08604,0.08442,0.08478,7681073.0
2026-02-11 00:00:00+00:00,0.08478,0.08521,0.0831,0.08402,13358742.0
2026-02-11 04:00:00+00:00,0.08402,0.08403,0.08062,0.08103,15011705.0
2026-02-11 08:00:00+00:00,0.08103,0.08197,0.08039,0.08182,9202710.0
2026-02-11 12:00:00+00:00,0.08182,0.08598,0.08032,0.08135,33675797.0
2026-02-11 16:00:00+00:00,0.08135,0.08338,0.08036,0.08245,12590212.0
2026-02-11 20:00:00+00:00,0.08245,0.08419,0.08158,0.08245,19475114.0
2026-02-12 00:00:00+00:00,0.08245,0.08409,0.0824,0.08374,7186144.0
2026-02-12 04:00:00+00:00,0.08374,0.0855,0.08312,0.08541,6585208.0
2026-02-12 08:00:00+00:00,0.08541,0.08684,0.08494,0.08632,8270144.0
2026-02-12 12:00:00+00:00,0.08632,0.0864,0.0828,0.08287,18062116.0
2026-02-12 16:00:00+00:00,0.08287,0.08382,0.08084,0.08264,22925599.0
2026-02-12 20:00:00+00:00,0.08264,0.08398,0.08164,0.08391,12834355.0
2026-02-13 00:00:00+00:00,0.08391,0.0844,0.08253,0.0829,7749713.0
2026-02-13 04:00:00+00:00,0.0829,0.0829,0.08124,0.08244,12436280.0
2026-02-13 08:00:00+00:00,0.08244,0.08425,0.08238,0.08386,6983979.0
2026-02-13 12:00:00+00:00,0.08386,0.08781,0.0834,0.08679,17109990.0
2026-02-13 16:00:00+00:00,0.08679,0.08971,0.08658,0.08879,16543874.0
2026-02-13 20:00:00+00:00,0.08879,0.09025,0.08836,0.08912,8687588.0
2026-02-14 00:00:00+00:00,0.08912,0.09013,0.08827,0.08913,12887681.0
2026-02-14 04:00:00+00:00,0.08913,0.08923,0.08717,0.08797,14779370.0
2026-02-14 08:00:00+00:00,0.08797,0.08988,0.08794,0.08973,11340094.0
2026-02-14 12:00:00+00:00,0.08973,0.09198,0.08862,0.09184,15494987.0
2026-02-14 16:00:00+00:00,0.09184,0.09318,0.09111,0.09313,8072242.0
2026-02-14 20:00:00+00:00,0.09313,0.09338,0.09132,0.09192,8342597.0
2026-02-15 00:00:00+00:00,0.09192,0.09222,0.09045,0.09192,8346485.0
2026-02-15 04:00:00+00:00,0.09192,0.09347,0.09171,0.09341,10170383.0
2026-02-15 08:00:00+00:00,0.09341,0.09346,0.08973,0.09066,18713128.0
2026-02-15 12:00:00+00:00,0.09066,0.09074,0.08675,0.08795,20194318.0
2026-02-15 16:00:00+00:00,0.08795,0.088,0.08572,0.08638,13801453.0
2026-02-15 20:00:00+00:00,0.08638,0.08765,0.08593,0.08755,4898674.0
2026-02-16 00:00:00+00:00,0.08755,0.08787,0.08684,0.08735,3826599.0
2026-02-16 04:00:00+00:00,0.08735,0.08827,0.08647,0.08674,3803017.0
2026-02-16 08:00:00+00:00,0.08674,0.0876,0.08537,0.08661,8460308.0
2026-02-16 12:00:00+00:00,0.08661,0.08885,0.0852,0.08578,14337833.0
2026-02-16 16:00:00+00:00,0.08578,0.08741,0.08566,0.08705,5032670.0
2026-02-16 20:00:00+00:00,0.08705,0.0887,0.08677,0.08794,3709910.0
2026-02-17 00:00:00+00:00,0.08794,0.08829,0.08701,0.08703,3401100.0
2026-02-17 04:00:00+00:00,0.08703,0.0874,0.08605,0.08648,3712351.0
2026-02-17 08:00:00+00:00,0.08648,0.08665,0.08528,0.08595,4211331.0
2026-02-17 12:00:00+00:00,0.08595,0.08634,0.08424,0.08561,12881444.0
2026-02-17 16:00:00+00:00,0.08561,0.08705,0.08456,0.08593,11926422.0
2026-02-17 20:00:00+00:00,0.08593,0.08624,0.08527,0.08568,3914199.0
2026-02-18 00:00:00+00:00,0.08568,0.08648,0.08502,0.0864,3818116.0
2026-02-18 04:00:00+00:00,0.0864,0.0879,0.08615,0.08762,2691409.0
2026-02-18 08:00:00+00:00,0.08762,0.08826,0.08611,0.08652,4571584.0
2026-02-18 12:00:00+00:00,0.08652,0.08774,0.08513,0.08666,10092980.0
2026-02-18 16:00:00+00:00,0.08666,0.08688,0.08337,0.0841,14331000.0
2026-02-18 20:00:00+00:00,0.0841,0.08466,0.08342,0.08417,3980907.0
2026-02-19 00:00:00+00:00,0.08417,0.08431,0.08297,0.08406,5828467.0
2026-02-19 04:00:00+00:00,0.08406,0.08422,0.08269,0.08306,6716680.0
2026-02-19 08:00:00+00:00,0.08306,0.08307,0.08126,0.08147,8749703.0
2026-02-19 12:00:00+00:00,0.08147,0.08157,0.07928,0.08018,12234369.0
2026-02-19 16:00:00+00:00,0.08018,0.08195,0.07914,0.08149,7896644.0
2026-02-19 20:00:00+00:00,0.08149,0.08256,0.08113,0.0825,2765044.0
2026-02-20 00:00:00+00:00,0.0825,0.08453,0.0822,0.08402,7016900.0
2026-02-20 04:00:00+00:00,0.08402,0.0845,0.08283,0.08389,7751245.0
2026-02-20 08:00:00+00:00,0.08389,0.08422,0.08246,0.08286,7034251.0
2026-02-20 12:00:00+00:00,0.08286,0.08426,0.08069,0.08426,12325728.0
2026-02-20 16:00:00+00:00,0.08426,0.08543,0.08244,0.08368,15601217.0
2026-02-20 20:00:00+00:00,0.08368,0.08487,0.08336,0.08475,2973399.0
2026-02-21 00:00:00+00:00,0.08475,0.08612,0.0842,0.08564,5654580.0
2026-02-21 04:00:00+00:00,0.08564,0.08592,0.08447,0.0852,2916392.0
2026-02-21 08:00:00+00:00,0.0852,0.0869,0.08503,0.08592,4837720.0
2026-02-21 12:00:00+00:00,0.08592,0.08639,0.08523,0.0855,5003970.0
2026-02-21 16:00:00+00:00,0.0855,0.08564,0.08463,0.08542,4210919.0
2026-02-21 20:00:00+00:00,0.08542,0.08547,0.08408,0.08416,4025835.0
2026-02-22 00:00:00+00:00,0.08416,0.08428,0.08235,0.08292,7061851.0
2026-02-22 04:00:00+00:00,0.08292,0.08308,0.08212,0.08268,2636106.0
2026-02-22 08:00:00+00:00,0.08268,0.08318,0.08205,0.08286,4039057.0
2026-02-22 12:00:00+00:00,0.08286,0.08288,0.08087,0.08151,8243008.0
2026-02-22 16:00:00+00:00,0.08151,0.0816,0.08085,0.08098,3470369.0
2026-02-22 20:00:00+00:00,0.08098,0.08154,0.08039,0.08143,5359724.0
2026-02-23 00:00:00+00:00,0.08143,0.08153,0.07632,0.07789,31833835.0
2026-02-23 04:00:00+00:00,0.07789,0.08019,0.07757,0.07993,5753919.0
2026-02-23 08:00:00+00:00,0.07993,0.08135,0.07955,0.0809,7024095.0
2026-02-23 12:00:00+00:00,0.0809,0.08194,0.07938,0.07958,15693022.0
2026-02-23 16:00:00+00:00,0.07958,0.07997,0.07775,0.078,18828645.0
2026-02-23 20:00:00+00:00,0.078,0.07921,0.07774,0.07859,6103503.0
2026-02-24 00:00:00+00:00,0.07859,0.0797,0.07774,0.07811,10996374.0
2026-02-24 04:00:00+00:00,0.07811,0.07834,0.07718,0.07758,6487681.0
2026-02-24 08:00:00+00:00,0.07758,0.07806,0.07704,0.07765,4117205.0
2026-02-24 12:00:00+00:00,0.07765,0.07959,0.07709,0.07918,9472112.0
2026-02-24 16:00:00+00:00,0.07918,0.07998,0.07857,0.07884,9008737.0
2026-02-24 20:00:00+00:00,0.07884,0.07898,0.07774,0.078,5916649.0
2026-02-25 00:00:00+00:00,0.078,0.08126,0.07765,0.07952,13903570.0
2026-02-25 04:00:00+00:00,0.07952,0.08,0.07878,0.07983,8547827.0
2026-02-25 08:00:00+00:00,0.07983,0.08146,0.07961,0.08131,7469216.0
2026-02-25 12:00:00+00:00,0.08131,0.08674,0.08121,0.08592,23474069.0
2026-02-25 16:00:00+00:00,0.08592,0.09189,0.08584,0.09163,34808944.0
2026-02-25 20:00:00+00:00,0.09163,0.09361,0.08709,0.08808,39867730.0
2026-02-26 00:00:00+00:00,0.08808,0.0885,0.08621,0.08685,14817282.0
2026-02-26 04:00:00+00:00,0.08685,0.08747,0.08555,0.0859,8190708.0
2026-02-26 08:00:00+00:00,0.0859,0.08707,0.08504,0.08522,8165602.0
2026-02-26 12:00:00+00:00,0.08522,0.08641,0.08417,0.08494,14893209.0
2026-02-26 16:00:00+00:00,0.08494,0.08506,0.08211,0.08467,15318368.0
2026-02-26 20:00:00+00:00,0.08467,0.0852,0.08403,0.08495,3565928.0
2026-02-27 00:00:00+00:00,0.08495,0.0866,0.08477,0.08618,8739966.0
2026-02-27 04:00:00+00:00,0.08618,0.08786,0.08617,0.08731,6426885.0
2026-02-27 08:00:00+00:00,0.08731,0.08806,0.08503,0.08546,9650143.0
2026-02-27 12:00:00+00:00,0.08546,0.08554,0.08362,0.08464,10312932.0
2026-02-27 16:00:00+00:00,0.08464,0.08514,0.083,0.08338,8535661.0
2026-02-27 20:00:00+00:00,0.08338,0.0837,0.08161,0.08356,6657357.0
2026-02-28 00:00:00+00:00,0.08356,0.08407,0.08234,0.08253,4332871.0
2026-02-28 04:00:00+00:00,0.08253,0.08276,0.07719,0.07914,21208542.0
2026-02-28 08:00:00+00:00,0.07914,0.07914,0.07734,0.0776,10496899.0
2026-02-28 12:00:00+00:00,0.0776,0.08073,0.07759,0.07964,15931322.0
2026-02-28 16:00:00+00:00,0.07964,0.0833,0.07908,0.08261,9634605.0
2026-02-28 20:00:00+00:00,0.08261,0.0852,0.08241,0.08431,11479751.0
2026-03-01 00:00:00+00:00,0.08431,0.0876,0.083,0.08548,14557582.0
2026-03-01 04:00:00+00:00,0.08548,0.08606,0.0846,0.08554,7914556.0
2026-03-01 08:00:00+00:00,0.08554,0.08582,0.08338,0.08401,9130485.0
2026-03-01 12:00:00+00:00,0.08401,0.0854,0.08252,0.08345,11592121.0
2026-03-01 16:00:00+00:00,0.08345,0.0841,0.08145,0.08177,11872140.0
2026-03-01 20:00:00+00:00,0.08177,0.08309,0.08042,0.08241,10694897.0
2026-03-02 00:00:00+00:00,0.08241,0.08488,0.08241,0.08398,7475629.0
2026-03-02 04:00:00+00:00,0.08398,0.08454,0.08165,0.08226,4683244.0
2026-03-02 08:00:00+00:00,0.08226,0.0834,0.08138,0.08294,7995199.0
2026-03-02 12:00:00+00:00,0.08294,0.08847,0.08205,0.0875,17164063.0
2026-03-02 16:00:00+00:00,0.0875,0.08848,0.08551,0.08629,16116407.0
2026-03-02 20:00:00+00:00,0.08629,0.08676,0.08451,0.08497,7983611.0
2026-03-03 00:00:00+00:00,0.08497,0.08536,0.08373,0.08478,9435831.0
2026-03-03 04:00:00+00:00,0.08478,0.08518,0.08401,0.0845,5639612.0
2026-03-03 08:00:00+00:00,0.0845,0.08473,0.08185,0.08255,13555460.0
2026-03-03 12:00:00+00:00,0.08255,0.08417,0.08143,0.08358,16724333.0
2026-03-03 16:00:00+00:00,0.08358,0.08599,0.08275,0.08453,15468601.0
2026-03-03 20:00:00+00:00,0.08453,0.08496,0.08333,0.08399,6793067.0
2026-03-04 00:00:00+00:00,0.08399,0.08515,0.08274,0.08355,11837597.0
2026-03-04 04:00:00+00:00,0.08355,0.08484,0.08278,0.08459,7990040.0
2026-03-04 08:00:00+00:00,0.08459,0.08749,0.08426,0.08549,14144722.0
2026-03-04 12:00:00+00:00,0.08549,0.08889,0.08432,0.08888,11965701.0
2026-03-04 16:00:00+00:00,0.08888,0.08928,0.08655,0.0884,14564330.0
2026-03-04 20:00:00+00:00,0.0884,0.08846,0.08593,0.08666,10093568.0
2026-03-05 00:00:00+00:00,0.08666,0.08724,0.08575,0.08625,6768302.0
2026-03-05 04:00:00+00:00,0.08625,0.0868,0.08541,0.08579,7436223.0
2026-03-05 08:00:00+00:00,0.08579,0.08725,0.0852,0.08616,6867059.0
2026-03-05 12:00:00+00:00,0.08616,0.08689,0.08415,0.08455,13308997.0
2026-03-05 16:00:00+00:00,0.08455,0.08455,0.08208,0.08369,13152524.0
2026-03-05 20:00:00+00:00,0.08369,0.08491,0.08361,0.08422,5519451.0
2026-03-06 00:00:00+00:00,0.08422,0.08526,0.08355,0.08515,5779020.0
2026-03-06 04:00:00+00:00,0.08515,0.08541,0.08383,0.0851,4935902.0
2026-03-06 08:00:00+00:00,0.0851,0.0851,0.08277,0.08284,7426675.0
2026-03-06 12:00:00+00:00,0.08284,0.08342,0.07981,0.0803,19547360.0
2026-03-06 16:00:00+00:00,0.0803,0.08127,0.07941,0.08067,7423903.0
2026-03-06 20:00:00+00:00,0.08067,0.08123,0.08034,0.08079,3539382.0
2026-03-07 00:00:00+00:00,0.08079,0.08157,0.08052,0.08083,4705925.0
2026-03-07 04:00:00+00:00,0.08083,0.08121,0.07951,0.08013,4786886.0
2026-03-07 08:00:00+00:00,0.08013,0.08086,0.07999,0.08027,4391192.0
2026-03-07 12:00:00+00:00,0.08027,0.0804,0.07907,0.07941,4160398.0
2026-03-07 16:00:00+00:00,0.07941,0.07986,0.07831,0.07865,8012451.0
2026-03-07 20:00:00+00:00,0.07865,0.07914,0.07799,0.07893,6339675.0
2026-03-08 00:00:00+00:00,0.07893,0.07902,0.07775,0.07828,4282302.0
2026-03-08 04:00:00+00:00,0.07828,0.07906,0.07773,0.07886,3230532.0
2026-03-08 08:00:00+00:00,0.07886,0.08014,0.07837,0.07924,6437252.0
2026-03-08 12:00:00+00:00,0.07924,0.07968,0.07751,0.0779,10973922.0
2026-03-08 16:00:00+00:00,0.0779,0.07935,0.07737,0.07904,4970183.0
2026-03-08 20:00:00+00:00,0.07904,0.07945,0.07672,0.0776,14319871.0
2026-03-09 00:00:00+00:00,0.0776,0.07988,0.07742,0.07894,9895898.0
2026-03-09 04:00:00+00:00,0.07894,0.08101,0.07881,0.07986,8023170.0
2026-03-09 08:00:00+00:00,0.07986,0.08081,0.07917,0.07979,10835765.0
2026-03-09 12:00:00+00:00,0.07979,0.08185,0.07979,0.0814,13726420.0
2026-03-09 16:00:00+00:00,0.0814,0.0833,0.08065,0.08198,15335218.0
2026-03-09 20:00:00+00:00,0.08198,0.08239,0.08024,0.08048,9879974.0
2026-03-10 00:00:00+00:00,0.08048,0.0826,0.08027,0.08142,8134784.0
2026-03-10 04:00:00+00:00,0.08142,0.08251,0.08097,0.08194,5703535.0
2026-03-10 08:00:00+00:00,0.08194,0.08301,0.08159,0.0821,6920266.0
2026-03-10 12:00:00+00:00,0.0821,0.08435,0.08106,0.08365,10422165.0
2026-03-10 16:00:00+00:00,0.08365,0.08385,0.08085,0.08136,11854349.0
2026-03-10 20:00:00+00:00,0.08136,0.08175,0.08061,0.08122,4303262.0
2026-03-11 00:00:00+00:00,0.08122,0.08125,0.08047,0.08073,5072396.0
2026-03-11 04:00:00+00:00,0.08073,0.08133,0.07994,0.08091,6451176.0
2026-03-11 08:00:00+00:00,0.08091,0.08211,0.08081,0.08174,5922422.0
2026-03-11 12:00:00+00:00,0.08174,0.08443,0.08157,0.08252,14920603.0
2026-03-11 16:00:00+00:00,0.08252,0.08337,0.08205,0.0829,5773339.0
2026-03-11 20:00:00+00:00,0.0829,0.08317,0.08228,0.08254,3726751.0
2026-03-12 00:00:00+00:00,0.08254,0.08265,0.08098,0.08112,5884289.0
2026-03-12 04:00:00+00:00,0.08112,0.08161,0.08063,0.0815,3613778.0
2026-03-12 08:00:00+00:00,0.0815,0.08248,0.0812,0.08151,5642775.0
2026-03-12 12:00:00+00:00,0.08151,0.08233,0.08044,0.08157,11053699.0
2026-03-12 16:00:00+00:00,0.08157,0.08241,0.08097,0.08217,6021922.0
2026-03-12 20:00:00+00:00,0.08217,0.08301,0.08161,0.08248,7510769.0
2026-03-13 00:00:00+00:00,0.08248,0.08468,0.08236,0.08433,15858687.0
2026-03-13 04:00:00+00:00,0.08433,0.08497,0.08377,0.08421,6234706.0
2026-03-13 08:00:00+00:00,0.08421,0.08526,0.08401,0.08458,9056649.0
2026-03-13 12:00:00+00:00,0.08458,0.08695,0.08437,0.08547,19072733.0
2026-03-13 16:00:00+00:00,0.08547,0.08611,0.08415,0.08449,10057353.0
2026-03-13 20:00:00+00:00,0.08449,0.08518,0.08315,0.08416,5969790.0
2026-03-14 00:00:00+00:00,0.08416,0.08473,0.08315,0.08462,5462301.0
2026-03-14 04:00:00+00:00,0.08462,0.08495,0.08232,0.08249,6766542.0
2026-03-14 08:00:00+00:00,0.08249,0.08314,0.08221,0.08276,5404487.0
2026-03-14 12:00:00+00:00,0.08276,0.08289,0.08163,0.08193,7561858.0
2026-03-14 16:00:00+00:00,0.08193,0.08221,0.08173,0.08183,4651396.0
2026-03-14 20:00:00+00:00,0.08183,0.08235,0.0812,0.08232,4589663.0
2026-03-15 00:00:00+00:00,0.08232,0.08349,0.08165,0.08256,5295424.0
2026-03-15 04:00:00+00:00,0.08256,0.08288,0.08165,0.08281,5010838.0
2026-03-15 08:00:00+00:00,0.08281,0.08416,0.08275,0.08382,6010398.0
2026-03-15 12:00:00+00:00,0.08382,0.08424,0.08259,0.08303,4266542.0
2026-03-15 16:00:00+00:00,0.08303,0.08407,0.08283,0.08391,5152636.0
2026-03-15 20:00:00+00:00,0.08391,0.08565,0.08375,0.0849,11482459.0
2026-03-16 00:00:00+00:00,0.0849,0.08711,0.08438,0.08624,10947354.0
2026-03-16 04:00:00+00:00,0.08624,0.08854,0.08622,0.08794,14337234.0
2026-03-16 08:00:00+00:00,0.08794,0.08875,0.08654,0.08661,8503017.0
2026-03-16 12:00:00+00:00,0.08661,0.0878,0.08604,0.0866,11301500.0
2026-03-16 16:00:00+00:00,0.0866,0.08883,0.08659,0.08848,9283225.0
2026-03-16 20:00:00+00:00,0.08848,0.0906,0.08835,0.08993,7094559.0
2026-03-17 00:00:00+00:00,0.08993,0.09065,0.08797,0.08864,11007777.0
2026-03-17 04:00:00+00:00,0.08864,0.08881,0.08709,0.08815,6827378.0
2026-03-17 08:00:00+00:00,0.08815,0.08893,0.0879,0.08828,5839576.0
2026-03-17 12:00:00+00:00,0.08828,0.08848,0.08705,0.08804,8930577.0
2026-03-17 16:00:00+00:00,0.08804,0.08869,0.08783,0.08804,4445205.0
2026-03-17 20:00:00+00:00,0.08804,0.08927,0.08796,0.08823,2911596.0
2026-03-18 00:00:00+00:00,0.08823,0.08938,0.08761,0.08897,3971626.0
2026-03-18 04:00:00+00:00,0.08897,0.08946,0.08802,0.08888,4906705.0
2026-03-18 08:00:00+00:00,0.08888,0.09108,0.08654,0.0867,28458374.0
2026-03-18 12:00:00+00:00,0.0867,0.0867,0.08273,0.08343,18196468.0
2026-03-18 16:00:00+00:00,0.08343,0.08418,0.08246,0.083,8492125.0
2026-03-18 20:00:00+00:00,0.083,0.08405,0.08227,0.08396,6208196.0
2026-03-19 00:00:00+00:00,0.08396,0.08484,0.08311,0.08407,5408869.0
2026-03-19 04:00:00+00:00,0.08407,0.08413,0.082,0.08261,7853070.0
2026-03-19 08:00:00+00:00,0.08261,0.08326,0.08235,0.08249,4247187.0
2026-03-19 12:00:00+00:00,0.08249,0.08249,0.08053,0.08138,11462857.0
2026-03-19 16:00:00+00:00,0.08138,0.08184,0.08024,0.08127,8769963.0
2026-03-19 20:00:00+00:00,0.08127,0.08168,0.08081,0.08136,5936134.0
2026-03-20 00:00:00+00:00,0.08136,0.08299,0.08108,0.08252,11011654.0
2026-03-20 04:00:00+00:00,0.08252,0.08316,0.0819,0.08246,5342979.0
2026-03-20 08:00:00+00:00,0.08246,0.08291,0.08152,0.08244,7836873.0
2026-03-20 12:00:00+00:00,0.08244,0.08265,0.08152,0.08227,7820744.0
2026-03-20 16:00:00+00:00,0.08227,0.0825,0.08094,0.08172,5373116.0
2026-03-20 20:00:00+00:00,0.08172,0.08246,0.08086,0.08175,3630106.0
2026-03-21 00:00:00+00:00,0.08175,0.08207,0.08149,0.08154,2829010.0
2026-03-21 04:00:00+00:00,0.08154,0.08182,0.08118,0.08127,2916309.0
2026-03-21 08:00:00+00:00,0.08127,0.08161,0.08031,0.08072,5258178.0
2026-03-21 12:00:00+00:00,0.08072,0.08176,0.0805,0.08173,3960024.0
2026-03-21 16:00:00+00:00,0.08173,0.08187,0.08087,0.08101,2662356.0
2026-03-21 20:00:00+00:00,0.08101,0.0814,0.07812,0.07882,12243795.0
2026-03-22 00:00:00+00:00,0.07882,0.07975,0.07746,0.07906,11829245.0
2026-03-22 04:00:00+00:00,0.07906,0.07965,0.07849,0.07851,2898890.0
2026-03-22 08:00:00+00:00,0.07851,0.07868,0.07761,0.07781,5316176.0
2026-03-22 12:00:00+00:00,0.07781,0.07847,0.0777,0.07802,2852926.0
2026-03-22 16:00:00+00:00,0.07802,0.07814,0.07691,0.07727,4889158.0
2026-03-22 20:00:00+00:00,0.07727,0.07746,0.07558,0.0768,9586414.0
2026-03-23 00:00:00+00:00,0.0768,0.07828,0.07661,0.07774,5557886.0
2026-03-23 04:00:00+00:00,0.07774,0.07847,0.07631,0.07692,9045768.0
2026-03-23 08:00:00+00:00,0.07692,0.08111,0.0764,0.0798,22956036.0
2026-03-23 12:00:00+00:00,0.0798,0.0824,0.0793,0.07985,15320039.0
2026-03-23 16:00:00+00:00,0.07985,0.08118,0.07925,0.08057,12559130.0
2026-03-23 20:00:00+00:00,0.08057,0.08139,0.08025,0.081,5057205.0
2026-03-24 00:00:00+00:00,0.081,0.08163,0.07934,0.08025,9835348.0
2026-03-24 04:00:00+00:00,0.08025,0.08099,0.07966,0.08086,7340379.0
2026-03-24 08:00:00+00:00,0.08086,0.08112,0.08031,0.08055,6338904.0
2026-03-24 12:00:00+00:00,0.08055,0.08112,0.07912,0.07987,12178797.0
2026-03-24 16:00:00+00:00,0.07987,0.08056,0.07908,0.08043,9151779.0
2026-03-24 20:00:00+00:00,0.08043,0.08227,0.08043,0.08166,7370740.0
2026-03-25 00:00:00+00:00,0.08166,0.08214,0.08118,0.08172,6165142.0
2026-03-25 04:00:00+00:00,0.08172,0.08238,0.08145,0.08206,5271796.0
2026-03-25 08:00:00+00:00,0.08206,0.0831,0.08206,0.08274,10591919.0
2026-03-25 12:00:00+00:00,0.08274,0.08306,0.08149,0.08178,8568633.0
2026-03-25 16:00:00+00:00,0.08178,0.08247,0.08129,0.08147,5628144.0
2026-03-25 20:00:00+00:00,0.08147,0.08196,0.08092,0.08163,4237518.0
2026-03-26 00:00:00+00:00,0.08163,0.08177,0.0803,0.08045,5052421.0
2026-03-26 04:00:00+00:00,0.08045,0.08045,0.07883,0.07922,5266176.0
2026-03-26 08:00:00+00:00,0.07922,0.07929,0.07745,0.07789,10603749.0
2026-03-26 12:00:00+00:00,0.07789,0.07857,0.07698,0.07708,8613922.0
2026-03-26 16:00:00+00:00,0.07708,0.07716,0.07638,0.07661,4530583.0
2026-03-26 20:00:00+00:00,0.07661,0.07768,0.07623,0.0769,10156699.0
2026-03-27 00:00:00+00:00,0.0769,0.07733,0.07636,0.07705,4201324.0
2026-03-27 04:00:00+00:00,0.07705,0.07766,0.07653,0.07695,5615168.0
2026-03-27 08:00:00+00:00,0.07695,0.0771,0.07322,0.07358,22119801.0
2026-03-27 12:00:00+00:00,0.07358,0.07408,0.07264,0.07292,14731584.0
2026-03-27 16:00:00+00:00,0.07292,0.07358,0.07253,0.07324,5385059.0
2026-03-27 20:00:00+00:00,0.07324,0.0736,0.0729,0.07334,2896425.0
2026-03-28 00:00:00+00:00,0.07334,0.07341,0.0716,0.07244,7844712.0
2026-03-28 04:00:00+00:00,0.07244,0.07397,0.07227,0.0739,3275222.0
2026-03-28 08:00:00+00:00,0.0739,0.07444,0.07336,0.07432,3259145.0
2026-03-28 12:00:00+00:00,0.07432,0.07544,0.07378,0.07449,10857415.0
2026-03-28 16:00:00+00:00,0.07449,0.07513,0.07422,0.07433,4750144.0
2026-03-28 20:00:00+00:00,0.07433,0.07475,0.07314,0.07338,5585187.0
2026-03-29 00:00:00+00:00,0.07338,0.07378,0.07273,0.07364,4956801.0
2026-03-29 04:00:00+00:00,0.07364,0.07379,0.07326,0.07345,3330964.0
2026-03-29 08:00:00+00:00,0.07345,0.07374,0.07293,0.07337,5234466.0
2026-03-29 12:00:00+00:00,0.07337,0.07342,0.07235,0.07273,7036006.0
2026-03-29 16:00:00+00:00,0.07273,0.07292,0.0721,0.07234,3735741.0
2026-03-29 20:00:00+00:00,0.07234,0.07299,0.07001,0.07204,15011574.0
2026-03-30 00:00:00+00:00,0.07204,0.07428,0.07191,0.0739,10305224.0
2026-03-30 04:00:00+00:00,0.0739,0.07528,0.0739,0.07519,6686966.0
2026-03-30 08:00:00+00:00,0.07519,0.07573,0.07443,0.07523,6410386.0
2026-03-30 12:00:00+00:00,0.07523,0.07538,0.07409,0.07448,7763637.0
2026-03-30 16:00:00+00:00,0.07448,0.07471,0.07289,0.07344,9487280.0
2026-03-30 20:00:00+00:00,0.07344,0.07434,0.07328,0.07361,7361708.0
2026-03-31 00:00:00+00:00,0.07361,0.07497,0.07341,0.07419,6317777.0
2026-03-31 04:00:00+00:00,0.07419,0.07447,0.07383,0.07428,3894148.0
2026-03-31 08:00:00+00:00,0.07428,0.07451,0.07282,0.07357,8071788.0
2026-03-31 12:00:00+00:00,0.07357,0.07455,0.07311,0.07329,6540927.0
2026-03-31 16:00:00+00:00,0.07329,0.07529,0.07328,0.07501,7106522.0
2026-03-31 20:00:00+00:00,0.07501,0.07578,0.07497,0.07557,7092989.0
2026-04-01 00:00:00+00:00,0.07557,0.0771,0.07556,0.07651,12789783.0
2026-04-01 04:00:00+00:00,0.07651,0.07886,0.0765,0.07793,13964841.0
2026-04-01 08:00:00+00:00,0.07793,0.0786,0.07751,0.07812,6469316.0
2026-04-01 12:00:00+00:00,0.07812,0.07901,0.07696,0.07809,11355290.0
2026-04-01 16:00:00+00:00,0.07809,0.07825,0.07704,0.0771,7360421.0
2026-04-01 20:00:00+00:00,0.0771,0.07755,0.07649,0.07676,4646647.0
2026-04-02 00:00:00+00:00,0.07676,0.07752,0.07381,0.07424,14158729.0
2026-04-02 04:00:00+00:00,0.07424,0.07499,0.07348,0.07489,4949478.0
2026-04-02 08:00:00+00:00,0.07489,0.07489,0.07306,0.07356,6695403.0
2026-04-02 12:00:00+00:00,0.07356,0.07443,0.07246,0.0737,8719315.0
2026-04-02 16:00:00+00:00,0.0737,0.0743,0.07279,0.07302,6334403.0
2026-04-02 20:00:00+00:00,0.07302,0.07346,0.07263,0.07335,3721557.0
2026-04-03 00:00:00+00:00,0.07335,0.07478,0.07331,0.07465,5130865.0
2026-04-03 04:00:00+00:00,0.07465,0.07633,0.0746,0.07593,6911076.0
2026-04-03 08:00:00+00:00,0.07593,0.07755,0.07592,0.07727,6990154.0
2026-04-03 12:00:00+00:00,0.07727,0.0776,0.07607,0.07646,7387206.0
2026-04-03 16:00:00+00:00,0.07646,0.07723,0.07632,0.07716,3509553.0
2026-04-03 20:00:00+00:00,0.07716,0.07737,0.07645,0.07667,3136129.0
2026-04-04 00:00:00+00:00,0.07667,0.07745,0.07625,0.07682,4395354.0
2026-04-04 04:00:00+00:00,0.07682,0.07778,0.07655,0.07765,3905505.0
2026-04-04 08:00:00+00:00,0.07765,0.07825,0.07698,0.07759,4151574.0
2026-04-04 12:00:00+00:00,0.07759,0.07775,0.07631,0.07679,4352241.0
2026-04-04 16:00:00+00:00,0.07679,0.07772,0.07671,0.07716,3367717.0
2026-04-04 20:00:00+00:00,0.07716,0.07734,0.07683,0.07707,2509946.0
2026-04-05 00:00:00+00:00,0.07707,0.07713,0.07601,0.07617,2293510.0
2026-04-05 04:00:00+00:00,0.07617,0.07628,0.07493,0.07512,4252799.0
2026-04-05 08:00:00+00:00,0.07512,0.07551,0.07462,0.07502,2713702.0
2026-04-05 12:00:00+00:00,0.07502,0.07583,0.07409,0.07491,5982275.0
2026-04-05 16:00:00+00:00,0.07491,0.07518,0.07411,0.07436,3083128.0
2026-04-05 20:00:00+00:00,0.07436,0.07629,0.07413,0.07621,5340183.0
2026-04-06 00:00:00+00:00,0.07621,0.07804,0.07621,0.07746,9274089.0
2026-04-06 04:00:00+00:00,0.07746,0.07812,0.0771,0.07757,6305297.0
2026-04-06 08:00:00+00:00,0.07757,0.0793,0.07756,0.07907,9945762.0
2026-04-06 12:00:00+00:00,0.07907,0.07959,0.07728,0.07785,8196686.0
2026-04-06 16:00:00+00:00,0.07785,0.07806,0.07711,0.07735,2918126.0
2026-04-06 20:00:00+00:00,0.07735,0.07786,0.07567,0.0764,6097977.0
2026-04-07 00:00:00+00:00,0.0764,0.07671,0.07482,0.07573,6584907.0
2026-04-07 04:00:00+00:00,0.07573,0.07607,0.07519,0.07596,2530590.0
2026-04-07 08:00:00+00:00,0.07596,0.07666,0.07548,0.07551,8819631.0
2026-04-07 12:00:00+00:00,0.07551,0.07581,0.07468,0.07495,10288136.0
2026-04-07 16:00:00+00:00,0.07495,0.07611,0.07448,0.076,7025271.0
2026-04-07 20:00:00+00:00,0.076,0.08154,0.076,0.08085,28661411.0
2026-04-08 00:00:00+00:00,0.08085,0.08153,0.07974,0.08046,10698304.0
2026-04-08 04:00:00+00:00,0.08046,0.08089,0.08017,0.08035,3721645.0
2026-04-08 08:00:00+00:00,0.08035,0.0804,0.07908,0.0795,5271314.0
2026-04-08 12:00:00+00:00,0.0795,0.07997,0.07763,0.07871,13773685.0
2026-04-08 16:00:00+00:00,0.07871,0.07986,0.07783,0.07842,8127636.0
2026-04-08 20:00:00+00:00,0.07842,0.07946,0.0772,0.07756,6864419.0
2026-04-09 00:00:00+00:00,0.07756,0.0776,0.07599,0.07645,14102978.0
2026-04-09 04:00:00+00:00,0.07645,0.07669,0.07549,0.07651,5971356.0
2026-04-09 08:00:00+00:00,0.07651,0.0781,0.07628,0.07738,8154072.0
2026-04-09 12:00:00+00:00,0.07738,0.07889,0.07662,0.07849,9665186.0
2026-04-09 16:00:00+00:00,0.07849,0.07912,0.07774,0.07876,6490645.0
2026-04-09 20:00:00+00:00,0.07876,0.0802,0.07809,0.07834,6985074.0
2026-04-10 00:00:00+00:00,0.07834,0.0786,0.07717,0.07719,7702044.0
2026-04-10 04:00:00+00:00,0.07719,0.07835,0.07715,0.07722,13439853.0
2026-04-10 08:00:00+00:00,0.07722,0.07728,0.07516,0.07576,13785564.0
2026-04-10 12:00:00+00:00,0.07576,0.07814,0.07574,0.07728,10312461.0
2026-04-10 16:00:00+00:00,0.07728,0.07838,0.07682,0.07825,6085592.0
2026-04-10 20:00:00+00:00,0.07825,0.07829,0.07756,0.07784,4273291.0
2026-04-11 00:00:00+00:00,0.07784,0.07792,0.07634,0.07641,3813741.0
2026-04-11 04:00:00+00:00,0.07641,0.07697,0.07628,0.07653,2728654.0
2026-04-11 08:00:00+00:00,0.07653,0.07693,0.07623,0.07639,2063725.0
2026-04-11 12:00:00+00:00,0.07639,0.07651,0.07549,0.07646,5549382.0
2026-04-11 16:00:00+00:00,0.07646,0.07948,0.07645,0.07941,8712105.0
2026-04-11 20:00:00+00:00,0.07941,0.07944,0.07726,0.07755,8693200.0
2026-04-12 00:00:00+00:00,0.07755,0.07772,0.07467,0.07509,11884714.0
2026-04-12 04:00:00+00:00,0.07509,0.0755,0.07488,0.07501,4226883.0
2026-04-12 08:00:00+00:00,0.07501,0.07573,0.075,0.07549,5161505.0
2026-04-12 12:00:00+00:00,0.07549,0.07674,0.07476,0.07496,10252976.0
2026-04-12 16:00:00+00:00,0.07496,0.07601,0.07477,0.07553,3987804.0
2026-04-12 20:00:00+00:00,0.07553,0.07604,0.07438,0.07464,6172225.0
2026-04-13 00:00:00+00:00,0.07464,0.07549,0.07449,0.07514,2195169.0
2026-04-13 04:00:00+00:00,0.07514,0.07557,0.07445,0.07465,3920451.0
2026-04-13 08:00:00+00:00,0.07465,0.07501,0.07413,0.07487,4886168.0
2026-04-13 12:00:00+00:00,0.07487,0.07637,0.07463,0.07541,9393121.0
2026-04-13 16:00:00+00:00,0.07541,0.07731,0.07494,0.07727,10152837.0
2026-04-13 20:00:00+00:00,0.07727,0.08012,0.07597,0.07977,18715271.0
2026-04-14 00:00:00+00:00,0.07977,0.08025,0.07825,0.07836,12136153.0
2026-04-14 04:00:00+00:00,0.07836,0.07845,0.07733,0.07758,6013636.0
2026-04-14 08:00:00+00:00,0.07758,0.07824,0.07734,0.07742,4195363.0
2026-04-14 12:00:00+00:00,0.07742,0.07845,0.07691,0.07754,13342007.0
2026-04-14 16:00:00+00:00,0.07754,0.0779,0.07539,0.07624,9956833.0
2026-04-14 20:00:00+00:00,0.07624,0.0765,0.07585,0.07616,2442614.0
2026-04-15 00:00:00+00:00,0.07616,0.07729,0.07596,0.07713,4627890.0
2026-04-15 04:00:00+00:00,0.07713,0.07814,0.07647,0.07669,6836307.0
2026-04-15 08:00:00+00:00,0.07669,0.07824,0.07665,0.07784,5146160.0
2026-04-15 12:00:00+00:00,0.07784,0.0791,0.07754,0.07813,5883823.0
2026-04-15 16:00:00+00:00,0.07813,0.07978,0.07809,0.0794,4811186.0
2026-04-15 20:00:00+00:00,0.0794,0.07992,0.07842,0.07897,6106542.0
2026-04-16 00:00:00+00:00,0.07897,0.08011,0.07845,0.07993,6641777.0
2026-04-16 04:00:00+00:00,0.07993,0.08052,0.07949,0.08026,6547891.0
2026-04-16 08:00:00+00:00,0.08026,0.08035,0.07939,0.08019,4620778.0
2026-04-16 12:00:00+00:00,0.08019,0.08243,0.07882,0.08187,21985668.0
2026-04-16 16:00:00+00:00,0.08187,0.08398,0.08083,0.08387,16608643.0
2026-04-16 20:00:00+00:00,0.08387,0.08476,0.0825,0.08385,12188786.0
2026-04-17 00:00:00+00:00,0.08385,0.08443,0.08199,0.08252,8002904.0
2026-04-17 04:00:00+00:00,0.08252,0.08294,0.08123,0.08289,6889667.0
2026-04-17 08:00:00+00:00,0.08289,0.08307,0.0816,0.08261,8786565.0
2026-04-17 12:00:00+00:00,0.08261,0.08614,0.0824,0.08464,15632626.0
2026-04-17 16:00:00+00:00,0.08464,0.08577,0.08375,0.08452,6023588.0
2026-04-17 20:00:00+00:00,0.08452,0.08481,0.08349,0.0838,4190219.0
2026-04-18 00:00:00+00:00,0.0838,0.08384,0.0826,0.0828,6858077.0
2026-04-18 04:00:00+00:00,0.0828,0.08533,0.08243,0.08515,7219648.0
2026-04-18 08:00:00+00:00,0.08515,0.08592,0.08161,0.08237,18286240.0
2026-04-18 12:00:00+00:00,0.08237,0.08303,0.08141,0.08245,5344652.0
2026-04-18 16:00:00+00:00,0.08245,0.08305,0.07988,0.08026,9741313.0
2026-04-18 20:00:00+00:00,0.08026,0.08088,0.07973,0.08011,4342983.0
2026-04-19 00:00:00+00:00,0.08011,0.08019,0.07838,0.07885,7562023.0
2026-04-19 04:00:00+00:00,0.07885,0.07974,0.07827,0.07894,4699958.0
2026-04-19 08:00:00+00:00,0.07894,0.07995,0.07842,0.07976,8469300.0
2026-04-19 12:00:00+00:00,0.07976,0.08152,0.07951,0.08033,9671505.0
2026-04-19 16:00:00+00:00,0.08033,0.08033,0.07834,0.07936,5111271.0
2026-04-19 20:00:00+00:00,0.07936,0.07942,0.0768,0.07717,16314180.0
2026-04-20 00:00:00+00:00,0.07717,0.07839,0.07685,0.07815,6014878.0
2026-04-20 04:00:00+00:00,0.07815,0.07917,0.07725,0.07854,6127980.0
2026-04-20 08:00:00+00:00,0.07854,0.07928,0.07811,0.07875,3760445.0
2026-04-20 12:00:00+00:00,0.07875,0.08043,0.07853,0.07964,7710800.0
2026-04-20 16:00:00+00:00,0.07964,0.08116,0.07933,0.08055,9184601.0
2026-04-20 20:00:00+00:00,0.08055,0.08184,0.07974,0.08003,9308816.0
2026-04-21 00:00:00+00:00,0.08003,0.0807,0.07923,0.07944,6567006.0
2026-04-21 04:00:00+00:00,0.07944,0.07992,0.07885,0.07929,4493225.0
2026-04-21 08:00:00+00:00,0.07929,0.07996,0.07901,0.0794,7770572.0
2026-04-21 12:00:00+00:00,0.0794,0.07941,0.07729,0.0778,12769665.0
2026-04-21 16:00:00+00:00,0.0778,0.07813,0.07601,0.07622,16265379.0
2026-04-21 20:00:00+00:00,0.07622,0.07846,0.07612,0.07839,7123951.0
2026-04-22 00:00:00+00:00,0.07839,0.07942,0.07735,0.07869,7793598.0
2026-04-22 04:00:00+00:00,0.07869,0.08003,0.07847,0.07899,7166285.0
2026-04-22 08:00:00+00:00,0.07899,0.07912,0.07761,0.07844,9142803.0
2026-04-22 12:00:00+00:00,0.07844,0.07864,0.07763,0.07837,11265957.0
2026-04-22 16:00:00+00:00,0.07837,0.07936,0.07738,0.078,12102984.0
2026-04-22 20:00:00+00:00,0.078,0.07831,0.07673,0.0769,9188731.0
2026-04-23 00:00:00+00:00,0.0769,0.07704,0.07501,0.07555,15052304.0
2026-04-23 04:00:00+00:00,0.07555,0.07677,0.07536,0.07609,5389132.0
2026-04-23 08:00:00+00:00,0.07609,0.07639,0.07533,0.07616,7826685.0
2026-04-23 12:00:00+00:00,0.07616,0.07724,0.0759,0.07707,6814090.0
2026-04-23 16:00:00+00:00,0.07707,0.07717,0.07486,0.07557,13249372.0
2026-04-23 20:00:00+00:00,0.07557,0.07676,0.07548,0.07658,4205773.0
2026-04-24 00:00:00+00:00,0.07658,0.07706,0.07591,0.07628,4229846.0
2026-04-24 04:00:00+00:00,0.07628,0.07703,0.07562,0.07677,5110545.0
2026-04-24 08:00:00+00:00,0.07677,0.0775,0.07639,0.07734,7037099.0
2026-04-24 12:00:00+00:00,0.07734,0.07873,0.07678,0.0786,11283896.0
2026-04-24 16:00:00+00:00,0.0786,0.07954,0.07763,0.07936,14737690.0
2026-04-24 20:00:00+00:00,0.07936,0.08017,0.07816,0.0788,18945548.0
2026-04-25 00:00:00+00:00,0.0788,0.08154,0.07803,0.08076,21885677.0
2026-04-25 04:00:00+00:00,0.08076,0.08519,0.08005,0.08212,66342988.0
2026-04-25 08:00:00+00:00,0.08212,0.08632,0.08091,0.08187,97209380.0
2026-04-25 12:00:00+00:00,0.08187,0.082,0.07897,0.07955,44332156.0
2026-04-25 16:00:00+00:00,0.07955,0.08001,0.07863,0.07973,15913108.0
2026-04-25 20:00:00+00:00,0.07973,0.08239,0.07961,0.08197,17561417.0
2026-04-26 00:00:00+00:00,0.08197,0.08207,0.079,0.07993,22843173.0
2026-04-26 04:00:00+00:00,0.07993,0.08087,0.07949,0.07998,10482593.0
2026-04-26 08:00:00+00:00,0.07998,0.08066,0.07975,0.08048,6736968.0
2026-04-26 12:00:00+00:00,0.08048,0.08249,0.07928,0.08232,22656631.0
2026-04-26 16:00:00+00:00,0.08232,0.08292,0.0809,0.08146,17290279.0
2026-04-26 20:00:00+00:00,0.08146,0.08194,0.0805,0.08083,15171686.0
2026-04-27 00:00:00+00:00,0.08083,0.08221,0.08035,0.08156,11052386.0
2026-04-27 04:00:00+00:00,0.08156,0.0816,0.07783,0.07786,25335767.0
2026-04-27 08:00:00+00:00,0.07786,0.07823,0.07734,0.0781,14300050.0
2026-04-27 12:00:00+00:00,0.0781,0.0787,0.07607,0.07661,23263032.0
2026-04-27 16:00:00+00:00,0.07661,0.07783,0.0762,0.07687,9102130.0
2026-04-27 20:00:00+00:00,0.07687,0.07787,0.07681,0.07773,7638702.0
2026-04-28 00:00:00+00:00,0.07773,0.07778,0.07647,0.0772,8471159.0
2026-04-28 04:00:00+00:00,0.0772,0.07761,0.07647,0.07694,9226479.0
2026-04-28 08:00:00+00:00,0.07694,0.07749,0.0761,0.07637,12251064.0
2026-04-28 12:00:00+00:00,0.07637,0.07681,0.07545,0.07629,17519158.0
2026-04-28 16:00:00+00:00,0.07629,0.07729,0.07586,0.07722,8939324.0
2026-04-28 20:00:00+00:00,0.07722,0.07742,0.07646,0.07661,9153768.0
2026-04-29 00:00:00+00:00,0.07661,0.07749,0.07633,0.07741,6399272.0
2026-04-29 04:00:00+00:00,0.07741,0.07811,0.07718,0.07728,10414744.0
2026-04-29 08:00:00+00:00,0.07728,0.07793,0.07669,0.07713,11619062.0
2026-04-29 12:00:00+00:00,0.07713,0.07715,0.07367,0.07393,29400266.0
2026-04-29 16:00:00+00:00,0.07393,0.07422,0.07085,0.07167,42140881.0
2026-04-29 20:00:00+00:00,0.07167,0.07261,0.07163,0.07224,15611464.0
2026-04-30 00:00:00+00:00,0.07224,0.0735,0.07194,0.07269,11804696.0
2026-04-30 04:00:00+00:00,0.07269,0.0735,0.07208,0.0733,8895617.0
2026-04-30 08:00:00+00:00,0.0733,0.07365,0.07237,0.07269,10049452.0
2026-04-30 12:00:00+00:00,0.07269,0.07304,0.07155,0.07231,14813652.0
2026-04-30 16:00:00+00:00,0.07231,0.07258,0.07167,0.07227,6736904.0
2026-04-30 20:00:00+00:00,0.07227,0.07245,0.07184,0.07227,4537409.0
2026-05-01 00:00:00+00:00,0.07227,0.07336,0.07194,0.07261,6532421.0
2026-05-01 04:00:00+00:00,0.07261,0.07286,0.07174,0.07202,6022991.0
2026-05-01 08:00:00+00:00,0.07202,0.07255,0.07166,0.07214,5261479.0
2026-05-01 12:00:00+00:00,0.07214,0.07333,0.07206,0.073,10219998.0
2026-05-01 16:00:00+00:00,0.073,0.07316,0.07221,0.07232,5213768.0
2026-05-01 20:00:00+00:00,0.07232,0.07242,0.07119,0.0716,8640373.0
2026-05-02 00:00:00+00:00,0.0716,0.07214,0.07132,0.07152,4886390.0
2026-05-02 04:00:00+00:00,0.07152,0.07161,0.07082,0.07142,6521520.0
2026-05-02 08:00:00+00:00,0.07142,0.07169,0.07121,0.07134,3030374.0
2026-05-02 12:00:00+00:00,0.07134,0.07207,0.07122,0.07203,4103213.0
2026-05-02 16:00:00+00:00,0.07203,0.07277,0.0717,0.0727,5217309.0
2026-05-02 20:00:00+00:00,0.0727,0.07315,0.07241,0.07275,5130185.0
2026-05-03 00:00:00+00:00,0.07275,0.07285,0.07144,0.07196,6886856.0
2026-05-03 04:00:00+00:00,0.07196,0.07268,0.0718,0.07239,6001586.0
2026-05-03 08:00:00+00:00,0.07239,0.07266,0.07196,0.07223,6769608.0
2026-05-03 12:00:00+00:00,0.07223,0.07276,0.07219,0.07227,3893418.0
2026-05-03 16:00:00+00:00,0.07227,0.0727,0.07201,0.07256,3761322.0
2026-05-03 20:00:00+00:00,0.07256,0.07297,0.07169,0.07175,9672127.0
2026-05-04 00:00:00+00:00,0.07175,0.07449,0.07108,0.07439,20697706.0
2026-05-04 04:00:00+00:00,0.07439,0.07475,0.07343,0.07351,9524832.0
2026-05-04 08:00:00+00:00,0.07351,0.0742,0.07184,0.07259,20859482.0
2026-05-04 12:00:00+00:00,0.07259,0.07391,0.07223,0.0728,16352999.0
2026-05-04 16:00:00+00:00,0.0728,0.0738,0.07227,0.07335,12153330.0
2026-05-04 20:00:00+00:00,0.07335,0.07364,0.07263,0.07276,7496252.0
2026-05-05 00:00:00+00:00,0.07276,0.07395,0.07273,0.07371,7152917.0
2026-05-05 04:00:00+00:00,0.07371,0.07505,0.07344,0.07477,10168611.0
2026-05-05 08:00:00+00:00,0.07477,0.07535,0.07429,0.07495,9572343.0
2026-05-05 12:00:00+00:00,0.07495,0.07528,0.07408,0.07422,10133164.0
2026-05-05 16:00:00+00:00,0.07422,0.07475,0.07365,0.07474,5526386.0
2026-05-05 20:00:00+00:00,0.07474,0.07602,0.07471,0.07498,12305741.0
2026-05-06 00:00:00+00:00,0.07498,0.07683,0.07457,0.07651,14522536.0
2026-05-06 04:00:00+00:00,0.07651,0.0767,0.07558,0.07644,9699452.0
2026-05-06 08:00:00+00:00,0.07644,0.07796,0.07635,0.07758,15086736.0
2026-05-06 12:00:00+00:00,0.07758,0.07791,0.07536,0.07673,16797527.0
2026-05-06 16:00:00+00:00,0.07673,0.07722,0.07626,0.07706,10348142.0
2026-05-06 20:00:00+00:00,0.07706,0.07848,0.07663,0.07819,12086474.0
2026-05-07 00:00:00+00:00,0.07819,0.07851,0.07581,0.07607,9932735.0
2026-05-07 04:00:00+00:00,0.07607,0.07862,0.07603,0.0783,10020803.0
2026-05-07 08:00:00+00:00,0.0783,0.07846,0.07706,0.07794,8975879.0
2026-05-07 12:00:00+00:00,0.07794,0.07887,0.07585,0.07637,19871621.0
2026-05-07 16:00:00+00:00,0.07637,0.07782,0.07617,0.07742,9479800.0
2026-05-07 20:00:00+00:00,0.07742,0.07801,0.07671,0.07743,5431156.0
2026-05-08 00:00:00+00:00,0.07743,0.07765,0.07608,0.07702,6309734.0
2026-05-08 04:00:00+00:00,0.07702,0.07792,0.07672,0.07762,5358116.0
2026-05-08 08:00:00+00:00,0.07762,0.07843,0.07726,0.07791,11941547.0
2026-05-08 12:00:00+00:00,0.07791,0.08084,0.07751,0.07994,22414297.0
2026-05-08 16:00:00+00:00,0.07994,0.08174,0.07955,0.08128,18395736.0
2026-05-08 20:00:00+00:00,0.08128,0.08291,0.08104,0.08161,14030910.0
2026-05-09 00:00:00+00:00,0.08161,0.08416,0.08161,0.08272,12999198.0
2026-05-09 04:00:00+00:00,0.08272,0.08342,0.08152,0.08163,11791135.0
2026-05-09 08:00:00+00:00,0.08163,0.0823,0.08062,0.08142,10310500.0
2026-05-09 12:00:00+00:00,0.08142,0.08158,0.07973,0.0799,8449938.0
2026-05-09 16:00:00+00:00,0.0799,0.0808,0.07963,0.08055,4094627.0
2026-05-09 20:00:00+00:00,0.08055,0.08057,0.07953,0.07967,5243723.0
2026-05-10 00:00:00+00:00,0.07967,0.07967,0.07848,0.07928,7087748.0
2026-05-10 04:00:00+00:00,0.07928,0.08085,0.07907,0.08042,4911456.0
2026-05-10 08:00:00+00:00,0.08042,0.08142,0.08028,0.08093,6218988.0
2026-05-10 12:00:00+00:00,0.08093,0.08209,0.08062,0.08205,8444210.0
2026-05-10 16:00:00+00:00,0.08205,0.08514,0.08205,0.08433,19951168.0
2026-05-10 20:00:00+00:00,0.08433,0.0847,0.08098,0.08319,20552947.0
2026-05-11 00:00:00+00:00,0.08319,0.08357,0.08019,0.08122,11084268.0
2026-05-11 04:00:00+00:00,0.08122,0.08261,0.08059,0.08175,7578892.0
2026-05-11 08:00:00+00:00,0.08175,0.08268,0.08123,0.08163,10833769.0
2026-05-11 12:00:00+00:00,0.08163,0.08226,0.08057,0.08195,12387827.0
2026-05-11 16:00:00+00:00,0.08195,0.08264,0.0812,0.08239,8846001.0
2026-05-11 20:00:00+00:00,0.08239,0.08263,0.08142,0.08162,3425676.0
2026-05-12 00:00:00+00:00,0.08162,0.0817,0.07947,0.07977,9549021.0
2026-05-12 04:00:00+00:00,0.07977,0.08088,0.07965,0.08043,5265720.0
2026-05-12 08:00:00+00:00,0.08043,0.08072,0.07916,0.07961,7730724.0
2026-05-12 12:00:00+00:00,0.07961,0.08024,0.07794,0.07841,15301537.0
2026-05-12 16:00:00+00:00,0.07841,0.07994,0.07818,0.07966,8110100.0
2026-05-12 20:00:00+00:00,0.07966,0.08028,0.07922,0.07928,3690782.0
2026-05-13 00:00:00+00:00,0.07928,0.08113,0.079,0.08091,6875245.0
2026-05-13 04:00:00+00:00,0.08091,0.08195,0.0802,0.08191,10010082.0
2026-05-13 08:00:00+00:00,0.08191,0.08223,0.0798,0.08013,13655086.0
2026-05-13 12:00:00+00:00,0.08013,0.08034,0.07612,0.07635,37689992.0
2026-05-13 16:00:00+00:00,0.07635,0.07783,0.07618,0.07714,8112740.0
2026-05-13 20:00:00+00:00,0.07714,0.07762,0.07647,0.07734,4565103.0
2026-05-14 00:00:00+00:00,0.07734,0.078,0.0762,0.07635,9906515.0
2026-05-14 04:00:00+00:00,0.07635,0.07759,0.07621,0.07697,6778979.0
2026-05-14 08:00:00+00:00,0.07697,0.07738,0.07659,0.07662,3694101.0
2026-05-14 12:00:00+00:00,0.07662,0.07973,0.07659,0.07952,13055434.0
2026-05-14 16:00:00+00:00,0.07952,0.08099,0.07888,0.07995,9732880.0
2026-05-14 20:00:00+00:00,0.07995,0.08013,0.07885,0.07904,5103467.0
2026-05-15 00:00:00+00:00,0.07904,0.07967,0.07816,0.07905,7566827.0
2026-05-15 04:00:00+00:00,0.07905,0.0791,0.07653,0.07754,11067630.0
2026-05-15 08:00:00+00:00,0.07754,0.07757,0.07646,0.07682,9603239.0
2026-05-15 12:00:00+00:00,0.07682,0.07694,0.07332,0.07437,24838974.0
2026-05-15 16:00:00+00:00,0.07437,0.07528,0.07412,0.07465,5129422.0
2026-05-15 20:00:00+00:00,0.07465,0.07473,0.07427,0.07446,3584047.0
2026-05-16 00:00:00+00:00,0.07446,0.07489,0.0739,0.07478,3669825.0
2026-05-16 04:00:00+00:00,0.07478,0.07479,0.07162,0.07259,13916560.0
2026-05-16 08:00:00+00:00,0.07259,0.07292,0.07142,0.07239,11550466.0
2026-05-16 12:00:00+00:00,0.07239,0.07327,0.07204,0.07303,5197147.0
2026-05-16 16:00:00+00:00,0.07303,0.07339,0.07278,0.07299,3316919.0
2026-05-16 20:00:00+00:00,0.07299,0.0731,0.07258,0.07265,2201807.0
2026-05-17 00:00:00+00:00,0.07265,0.07298,0.072,0.07285,5714599.0
2026-05-17 04:00:00+00:00,0.07285,0.07352,0.0728,0.07342,3748037.0
2026-05-17 08:00:00+00:00,0.07342,0.07359,0.07297,0.07303,3043084.0
2026-05-17 12:00:00+00:00,0.07303,0.07319,0.07214,0.07266,4498855.0
2026-05-17 16:00:00+00:00,0.07266,0.07282,0.07181,0.0725,6684174.0
2026-05-17 20:00:00+00:00,0.0725,0.07285,0.06818,0.07061,33040141.0
2026-05-18 00:00:00+00:00,0.07061,0.07135,0.06992,0.07094,10375958.0
2026-05-18 04:00:00+00:00,0.07094,0.07139,0.07018,0.07068,10005639.0
2026-05-18 08:00:00+00:00,0.07068,0.07137,0.07012,0.07094,7489469.0
2026-05-18 12:00:00+00:00,0.07094,0.07182,0.06974,0.07032,18015981.0
2026-05-18 16:00:00+00:00,0.07032,0.07223,0.0701,0.07189,13474699.0
2026-05-18 20:00:00+00:00,0.07189,0.07279,0.07159,0.07258,7405744.0
2026-05-19 00:00:00+00:00,0.07258,0.07291,0.07169,0.072,7374151.0
2026-05-19 04:00:00+00:00,0.072,0.07231,0.07087,0.07125,9464480.0
2026-05-19 08:00:00+00:00,0.07125,0.07142,0.06982,0.07012,12845652.0
2026-05-19 12:00:00+00:00,0.07012,0.07095,0.06952,0.06994,10763109.0
2026-05-19 16:00:00+00:00,0.06994,0.0708,0.06972,0.07017,4763010.0
2026-05-19 20:00:00+00:00,0.07017,0.07073,0.06991,0.0702,3323163.0
2026-05-20 00:00:00+00:00,0.0702,0.07155,0.06993,0.07106,6704102.0
2026-05-20 04:00:00+00:00,0.07106,0.07206,0.07095,0.07159,4821189.0
2026-05-20 08:00:00+00:00,0.07159,0.07175,0.07085,0.07095,3858004.0
2026-05-20 12:00:00+00:00,0.07095,0.07238,0.07052,0.07216,8403342.0
2026-05-20 16:00:00+00:00,0.07216,0.07278,0.07183,0.07223,5225413.0
2026-05-20 20:00:00+00:00,0.07223,0.07232,0.07135,0.07189,3865649.0
2026-05-21 00:00:00+00:00,0.07189,0.07276,0.07183,0.07266,2945248.0
2026-05-21 04:00:00+00:00,0.07266,0.07278,0.07215,0.07263,4248255.0
2026-05-21 08:00:00+00:00,0.07263,0.07285,0.0714,0.0714,8911122.0
2026-05-21 12:00:00+00:00,0.0714,0.07245,0.07118,0.07218,10531132.0
2026-05-21 16:00:00+00:00,0.07218,0.07383,0.07182,0.07359,10049053.0
2026-05-21 20:00:00+00:00,0.07359,0.07377,0.0728,0.07306,3211730.0
2026-05-22 00:00:00+00:00,0.07306,0.07363,0.0724,0.07339,3584150.0
2026-05-22 04:00:00+00:00,0.07339,0.07398,0.07308,0.07356,6466171.0
2026-05-22 08:00:00+00:00,0.07356,0.07391,0.07295,0.07369,5927443.0
2026-05-22 12:00:00+00:00,0.07369,0.07413,0.07188,0.07233,17487005.0
2026-05-22 16:00:00+00:00,0.07233,0.07284,0.06948,0.07035,23412454.0
2026-05-22 20:00:00+00:00,0.07035,0.07143,0.06971,0.07024,9748369.0
2026-05-23 00:00:00+00:00,0.07024,0.07102,0.06961,0.07086,7186216.0
2026-05-23 04:00:00+00:00,0.07086,0.07087,0.06736,0.0686,23748180.0
2026-05-23 08:00:00+00:00,0.0686,0.06885,0.06793,0.06814,13248495.0
2026-05-23 12:00:00+00:00,0.06814,0.0703,0.06807,0.07007,7271241.0
2026-05-23 16:00:00+00:00,0.07007,0.07132,0.06989,0.0711,5503708.0
2026-05-23 20:00:00+00:00,0.0711,0.07318,0.07093,0.07166,8233591.0
2026-05-24 00:00:00+00:00,0.07166,0.07178,0.07112,0.0712,2614347.0
2026-05-24 04:00:00+00:00,0.0712,0.07147,0.0709,0.07123,2840162.0
2026-05-24 08:00:00+00:00,0.07123,0.07159,0.07075,0.07091,4743790.0
2026-05-24 12:00:00+00:00,0.07091,0.07091,0.06926,0.07006,8536616.0
2026-05-24 16:00:00+00:00,0.07006,0.07042,0.06987,0.0702,4526870.0
2026-05-24 20:00:00+00:00,0.0702,0.07024,0.06877,0.07008,6550728.0
2026-05-25 00:00:00+00:00,0.07008,0.07072,0.07005,0.07041,2614997.0
2026-05-25 04:00:00+00:00,0.07041,0.07175,0.07022,0.07151,5122124.0
2026-05-25 08:00:00+00:00,0.07151,0.07211,0.07138,0.07138,4497607.0
2026-05-25 12:00:00+00:00,0.07138,0.07253,0.07125,0.07227,5570942.0
2026-05-25 16:00:00+00:00,0.07227,0.07269,0.07192,0.07223,3372710.0
2026-05-25 20:00:00+00:00,0.07223,0.07233,0.07116,0.07153,7879344.0
2026-05-26 00:00:00+00:00,0.07153,0.07166,0.07015,0.07056,6735414.0
2026-05-26 04:00:00+00:00,0.07056,0.07147,0.07036,0.07104,6673641.0
2026-05-26 08:00:00+00:00,0.07104,0.0726,0.07097,0.07218,11177436.0
2026-05-26 12:00:00+00:00,0.07218,0.07378,0.07093,0.07158,17156599.0
2026-05-26 16:00:00+00:00,0.07158,0.07158,0.06994,0.07063,13105678.0
2026-05-26 20:00:00+00:00,0.07063,0.07076,0.06993,0.07012,4487734.0
2026-05-27 00:00:00+00:00,0.07012,0.07068,0.06952,0.06968,3810003.0
2026-05-27 04:00:00+00:00,0.06968,0.07046,0.06882,0.07038,6982806.0
2026-05-27 08:00:00+00:00,0.07038,0.07065,0.06976,0.07016,5680265.0
2026-05-27 12:00:00+00:00,0.07016,0.07146,0.06942,0.07097,12174175.0
2026-05-27 16:00:00+00:00,0.07097,0.07128,0.06956,0.07044,5530304.0
2026-05-27 20:00:00+00:00,0.07044,0.07076,0.06856,0.06924,7905194.0
2026-05-28 00:00:00+00:00,0.06924,0.06968,0.06703,0.06739,19423700.0
2026-05-28 04:00:00+00:00,0.06739,0.06742,0.06529,0.06705,30460353.0
2026-05-28 08:00:00+00:00,0.06705,0.06715,0.06625,0.06639,5915910.0
2026-05-28 12:00:00+00:00,0.06639,0.06712,0.0658,0.06665,15756615.0
2026-05-28 16:00:00+00:00,0.06665,0.06834,0.06632,0.06742,5776303.0
2026-05-28 20:00:00+00:00,0.06742,0.06811,0.06721,0.06782,4372774.0
2026-05-29 00:00:00+00:00,0.06782,0.06829,0.06732,0.06758,4488326.0
2026-05-29 04:00:00+00:00,0.06758,0.06878,0.06718,0.0682,4400006.0
2026-05-29 08:00:00+00:00,0.0682,0.06843,0.06722,0.06755,3682253.0
2026-05-29 12:00:00+00:00,0.06755,0.06936,0.06617,0.0688,13037065.0
2026-05-29 16:00:00+00:00,0.0688,0.06921,0.06778,0.06828,8392826.0
2026-05-29 20:00:00+00:00,0.06828,0.06879,0.06784,0.06859,3859952.0
2026-05-30 00:00:00+00:00,0.06859,0.07149,0.06847,0.07043,16615958.0
2026-05-30 04:00:00+00:00,0.07043,0.07061,0.06915,0.07,9816611.0
2026-05-30 08:00:00+00:00,0.07,0.07056,0.06961,0.06965,3680849.0
2026-05-30 12:00:00+00:00,0.06965,0.07012,0.06955,0.06976,3433038.0
2026-05-30 16:00:00+00:00,0.06976,0.07021,0.06967,0.06992,2855325.0
2026-05-30 20:00:00+00:00,0.06992,0.07024,0.0691,0.06938,2444401.0
2026-05-31 00:00:00+00:00,0.06938,0.07058,0.06929,0.07004,6914890.0
2026-05-31 04:00:00+00:00,0.07004,0.07039,0.06949,0.06958,3081444.0
2026-05-31 08:00:00+00:00,0.06958,0.07004,0.06935,0.06991,2627226.0
2026-05-31 12:00:00+00:00,0.06991,0.07054,0.06855,0.0688,8148254.0
2026-05-31 16:00:00+00:00,0.0688,0.06914,0.06821,0.06872,4504435.0
2026-05-31 20:00:00+00:00,0.06872,0.07048,0.06872,0.07018,5996781.0
2026-06-01 00:00:00+00:00,0.07018,0.07129,0.06958,0.07096,11132429.0
2026-06-01 04:00:00+00:00,0.07096,0.0714,0.06853,0.06864,14473374.0
2026-06-01 08:00:00+00:00,0.06864,0.06875,0.06798,0.06826,11458414.0
2026-06-01 12:00:00+00:00,0.06826,0.06846,0.06714,0.06794,23432381.0
2026-06-01 16:00:00+00:00,0.06794,0.06996,0.06775,0.06975,12208189.0
2026-06-01 20:00:00+00:00,0.06975,0.0698,0.06829,0.06917,6191323.0
2026-06-02 00:00:00+00:00,0.06917,0.06931,0.06715,0.06863,10820152.0
2026-06-02 04:00:00+00:00,0.06863,0.06874,0.06586,0.0661,23198438.0
2026-06-02 08:00:00+00:00,0.0661,0.06611,0.06481,0.0653,16319872.0
2026-06-02 12:00:00+00:00,0.0653,0.06569,0.06092,0.06188,46982659.0
2026-06-02 16:00:00+00:00,0.06188,0.06318,0.06101,0.06217,14751748.0
2026-06-02 20:00:00+00:00,0.06217,0.06299,0.0604,0.06163,21610758.0
2026-06-03 00:00:00+00:00,0.06163,0.06241,0.06001,0.06048,17621121.0
2026-06-03 04:00:00+00:00,0.06048,0.06346,0.06044,0.06311,13150190.0
2026-06-03 08:00:00+00:00,0.06311,0.06369,0.06245,0.06307,9483436.0
2026-06-03 12:00:00+00:00,0.06307,0.06345,0.06247,0.06251,7340129.0
2026-06-03 16:00:00+00:00,0.06251,0.0626,0.06109,0.06125,10066734.0
2026-06-03 20:00:00+00:00,0.06125,0.06229,0.06015,0.06132,13682182.0
2026-06-04 00:00:00+00:00,0.06132,0.06203,0.05552,0.05909,43022908.0
2026-06-04 04:00:00+00:00,0.05909,0.05937,0.05738,0.05741,11890994.0
2026-06-04 08:00:00+00:00,0.05741,0.05775,0.05614,0.05746,24074217.0
2026-06-04 12:00:00+00:00,0.05746,0.05967,0.057,0.059,17527291.0
2026-06-04 16:00:00+00:00,0.059,0.05918,0.0578,0.05853,7961904.0
2026-06-04 20:00:00+00:00,0.05853,0.05857,0.05659,0.05774,10456897.0
2026-06-05 00:00:00+00:00,0.05774,0.05774,0.0553,0.05553,21631274.0
2026-06-05 04:00:00+00:00,0.05553,0.05679,0.05211,0.05469,37758989.0
2026-06-05 08:00:00+00:00,0.05469,0.05518,0.05382,0.05427,18363117.0
2026-06-05 12:00:00+00:00,0.05427,0.05505,0.05231,0.05275,35624444.0
2026-06-05 16:00:00+00:00,0.05275,0.0539,0.05021,0.05201,56150729.0
2026-06-05 20:00:00+00:00,0.05201,0.05387,0.05142,0.05225,17332361.0
2026-06-06 00:00:00+00:00,0.05225,0.05319,0.05124,0.05139,9247260.0
2026-06-06 04:00:00+00:00,0.05139,0.05162,0.0485,0.05119,28843910.0
2026-06-06 08:00:00+00:00,0.05119,0.05198,0.05032,0.05138,16164180.0
2026-06-06 12:00:00+00:00,0.05138,0.05237,0.05105,0.05176,10683489.0
2026-06-06 16:00:00+00:00,0.05176,0.05198,0.05107,0.05121,8978414.0
2026-06-06 20:00:00+00:00,0.05121,0.05173,0.05098,0.0513,6620640.0
2026-06-07 00:00:00+00:00,0.0513,0.05298,0.05104,0.05259,11453250.0
2026-06-07 04:00:00+00:00,0.05259,0.05301,0.05206,0.05278,9337689.0
2026-06-07 08:00:00+00:00,0.05278,0.05378,0.05222,0.05249,10496566.0
2026-06-07 12:00:00+00:00,0.05249,0.05273,0.05128,0.05229,13969873.0
2026-06-07 16:00:00+00:00,0.05229,0.05262,0.05076,0.05109,11436016.0
2026-06-07 20:00:00+00:00,0.05109,0.05384,0.05097,0.05307,24672231.0
2026-06-08 00:00:00+00:00,0.05307,0.0537,0.05231,0.05257,15732794.0
2026-06-08 04:00:00+00:00,0.05257,0.05268,0.05114,0.05158,14387813.0
2026-06-08 08:00:00+00:00,0.05158,0.05304,0.05119,0.05265,15598454.0
2026-06-08 12:00:00+00:00,0.05265,0.05316,0.05209,0.05248,14874262.0
2026-06-08 16:00:00+00:00,0.05248,0.05311,0.05237,0.05259,13068425.0
2026-06-08 20:00:00+00:00,0.05259,0.05314,0.05183,0.05206,11587372.0
2026-06-09 00:00:00+00:00,0.05206,0.05215,0.0499,0.0505,22385765.0
2026-06-09 04:00:00+00:00,0.0505,0.05156,0.05019,0.05115,7552285.0
2026-06-09 08:00:00+00:00,0.05115,0.05118,0.05027,0.05068,10074644.0
2026-06-09 12:00:00+00:00,0.05068,0.05103,0.04941,0.04958,20684525.0
2026-06-09 16:00:00+00:00,0.04958,0.05144,0.04922,0.05132,18271972.0
2026-06-09 20:00:00+00:00,0.05132,0.0515,0.05049,0.05064,6889940.0
2026-06-10 00:00:00+00:00,0.05064,0.0509,0.04959,0.04997,6236805.0
2026-06-10 04:00:00+00:00,0.04997,0.05032,0.04942,0.04995,5822003.0
2026-06-10 08:00:00+00:00,0.04995,0.05002,0.0491,0.04937,16131585.0
2026-06-10 12:00:00+00:00,0.04937,0.05135,0.04909,0.05086,22572308.0
2026-06-10 16:00:00+00:00,0.05086,0.05106,0.04973,0.04986,11420262.0
2026-06-10 20:00:00+00:00,0.04986,0.04996,0.04868,0.04967,12325624.0
2026-06-11 00:00:00+00:00,0.04967,0.05148,0.04967,0.05133,12187266.0
2026-06-11 04:00:00+00:00,0.05133,0.05172,0.0509,0.05129,6199208.0
2026-06-11 08:00:00+00:00,0.05129,0.05214,0.05129,0.05188,8890324.0
2026-06-11 12:00:00+00:00,0.05188,0.05249,0.05087,0.05221,22608024.0
2026-06-11 16:00:00+00:00,0.05221,0.05322,0.05156,0.0523,20397460.0
2026-06-11 20:00:00+00:00,0.0523,0.05246,0.0516,0.05164,7756616.0
2026-06-12 00:00:00+00:00,0.05164,0.05269,0.0515,0.05269,5181769.0
2026-06-12 04:00:00+00:00,0.05269,0.0527,0.05156,0.0522,4373974.0
2026-06-12 08:00:00+00:00,0.0522,0.05309,0.0522,0.05263,3961973.0
2026-06-12 12:00:00+00:00,0.05263,0.05321,0.05191,0.05203,8738753.0
2026-06-12 16:00:00+00:00,0.05203,0.05254,0.05164,0.05169,7365697.0
2026-06-12 20:00:00+00:00,0.05169,0.05194,0.05133,0.0517,2476425.0
2026-06-13 00:00:00+00:00,0.0517,0.05213,0.05143,0.05154,3703054.0
2026-06-13 04:00:00+00:00,0.05154,0.05216,0.05135,0.05201,3795295.0
2026-06-13 08:00:00+00:00,0.05201,0.0522,0.05173,0.05212,2765221.0
2026-06-13 12:00:00+00:00,0.05212,0.05244,0.052,0.05227,3220336.0
2026-06-13 16:00:00+00:00,0.05227,0.05228,0.05172,0.05193,3205467.0
2026-06-13 20:00:00+00:00,0.05193,0.05257,0.05191,0.05227,2892607.0
2026-06-14 00:00:00+00:00,0.05227,0.05249,0.05201,0.05226,2541392.0
2026-06-14 04:00:00+00:00,0.05226,0.05226,0.05154,0.05159,3773210.0
2026-06-14 08:00:00+00:00,0.05159,0.05226,0.05142,0.05191,4650368.0
2026-06-14 12:00:00+00:00,0.05191,0.05208,0.05054,0.05104,7025383.0
2026-06-14 16:00:00+00:00,0.05104,0.05137,0.05083,0.05108,4556648.0
2026-06-14 20:00:00+00:00,0.05108,0.05353,0.051,0.05349,9278079.0
2026-06-15 00:00:00+00:00,0.05349,0.0537,0.05312,0.05334,5233334.0
2026-06-15 04:00:00+00:00,0.05334,0.05356,0.05296,0.0531,4901374.0
2026-06-15 08:00:00+00:00,0.0531,0.05464,0.05309,0.05447,12626444.0
2026-06-15 12:00:00+00:00,0.05447,0.0557,0.05429,0.05561,9718841.0
2026-06-15 16:00:00+00:00,0.05561,0.05586,0.05389,0.05416,5924340.0
2026-06-15 20:00:00+00:00,0.05416,0.05442,0.05342,0.05399,4508517.0
2026-06-16 00:00:00+00:00,0.05399,0.05415,0.05271,0.05353,10205278.0
2026-06-16 04:00:00+00:00,0.05353,0.05398,0.05318,0.05377,4824019.0
2026-06-16 08:00:00+00:00,0.05377,0.05461,0.05368,0.05405,5170842.0
2026-06-16 12:00:00+00:00,0.05405,0.05451,0.05182,0.05265,16986394.0
2026-06-16 16:00:00+00:00,0.05265,0.05387,0.05247,0.05321,7933949.0
2026-06-16 20:00:00+00:00,0.05321,0.05374,0.05308,0.05322,5480633.0
2026-06-17 00:00:00+00:00,0.05322,0.05439,0.05321,0.05383,7974510.0
2026-06-17 04:00:00+00:00,0.05383,0.05401,0.05309,0.05332,6290651.0
2026-06-17 08:00:00+00:00,0.05332,0.05336,0.05236,0.05253,8869391.0
2026-06-17 12:00:00+00:00,0.05253,0.05396,0.0523,0.05393,10235922.0
2026-06-17 16:00:00+00:00,0.05393,0.05428,0.05184,0.05199,25376246.0
2026-06-17 20:00:00+00:00,0.05199,0.05282,0.05157,0.0526,7301716.0
2026-06-18 00:00:00+00:00,0.0526,0.05291,0.05204,0.05215,3671813.0
2026-06-18 04:00:00+00:00,0.05215,0.05222,0.05144,0.05187,6506022.0
2026-06-18 08:00:00+00:00,0.05187,0.0525,0.05156,0.05228,7962414.0
2026-06-18 12:00:00+00:00,0.05228,0.05276,0.04985,0.05,28018299.0
2026-06-18 16:00:00+00:00,0.05,0.05102,0.04985,0.05083,13440983.0
2026-06-18 20:00:00+00:00,0.05083,0.05168,0.05083,0.05161,5360342.0
2026-06-19 00:00:00+00:00,0.05161,0.052,0.05061,0.05118,8071326.0
2026-06-19 04:00:00+00:00,0.05118,0.05128,0.05015,0.05043,9458491.0
2026-06-19 08:00:00+00:00,0.05043,0.05072,0.05026,0.05047,4216693.0
2026-06-19 12:00:00+00:00,0.05047,0.05147,0.0502,0.05106,7263094.0
2026-06-19 16:00:00+00:00,0.05106,0.05119,0.05031,0.0505,6531437.0
2026-06-19 20:00:00+00:00,0.0505,0.05107,0.05031,0.05098,6102332.0
2026-06-20 00:00:00+00:00,0.05098,0.05453,0.05089,0.05431,39492571.0
2026-06-20 04:00:00+00:00,0.05431,0.05643,0.05372,0.05487,66531148.0
2026-06-20 08:00:00+00:00,0.05487,0.05833,0.05428,0.05702,77840875.0
2026-06-20 12:00:00+00:00,0.05702,0.0617,0.05643,0.06058,114620860.0
2026-06-20 16:00:00+00:00,0.06058,0.06372,0.05867,0.0605,95659896.0
2026-06-20 20:00:00+00:00,0.0605,0.0609,0.0584,0.06005,55839184.0
2026-06-21 00:00:00+00:00,0.06005,0.06432,0.05884,0.05941,104938601.0
2026-06-21 04:00:00+00:00,0.05941,0.05943,0.05686,0.05779,42145956.0
2026-06-21 08:00:00+00:00,0.05779,0.05864,0.05736,0.05762,24326748.0
2026-06-21 12:00:00+00:00,0.05762,0.05797,0.05694,0.05707,15800514.0
2026-06-21 16:00:00+00:00,0.05707,0.05751,0.05657,0.05741,12154455.0
2026-06-21 20:00:00+00:00,0.05741,0.05745,0.05533,0.0555,22962135.0
2026-06-22 00:00:00+00:00,0.0555,0.05678,0.05505,0.05514,27752134.0
2026-06-22 04:00:00+00:00,0.05514,0.05604,0.05483,0.05581,12045501.0
2026-06-22 08:00:00+00:00,0.05581,0.05725,0.05574,0.05664,19542598.0
2026-06-22 12:00:00+00:00,0.05664,0.05682,0.05578,0.05598,19439514.0
2026-06-22 16:00:00+00:00,0.05598,0.05658,0.05555,0.05569,10044907.0
2026-06-22 20:00:00+00:00,0.05569,0.05585,0.05465,0.05514,14025377.0
2026-06-23 00:00:00+00:00,0.05514,0.05534,0.05413,0.05433,22991273.0
2026-06-23 04:00:00+00:00,0.05433,0.05452,0.05213,0.05276,27271552.0
2026-06-23 08:00:00+00:00,0.05276,0.05292,0.05134,0.05223,24448778.0
2026-06-23 12:00:00+00:00,0.05223,0.05341,0.05209,0.05272,14874020.0
2026-06-23 16:00:00+00:00,0.05272,0.0528,0.05203,0.05234,6967368.0
2026-06-23 20:00:00+00:00,0.05234,0.05297,0.05217,0.05239,6826216.0
2026-06-24 00:00:00+00:00,0.05239,0.05277,0.05202,0.05231,7838118.0
2026-06-24 04:00:00+00:00,0.05231,0.05261,0.05162,0.05198,10365472.0
2026-06-24 08:00:00+00:00,0.05198,0.05225,0.05139,0.05201,7341866.0
2026-06-24 12:00:00+00:00,0.05201,0.05211,0.05035,0.05065,22504416.0
2026-06-24 16:00:00+00:00,0.05065,0.05105,0.04825,0.04925,38326491.0
2026-06-24 20:00:00+00:00,0.04925,0.05054,0.04914,0.05014,8714549.0
2026-06-25 00:00:00+00:00,0.05014,0.05016,0.04943,0.0495,5505029.0
2026-06-25 04:00:00+00:00,0.0495,0.05045,0.04939,0.05002,7741278.0
2026-06-25 08:00:00+00:00,0.05002,0.05011,0.04945,0.0496,6576674.0
2026-06-25 12:00:00+00:00,0.0496,0.04998,0.0459,0.04747,47789809.0
2026-06-25 16:00:00+00:00,0.04747,0.04792,0.04617,0.04633,15132888.0
2026-06-25 20:00:00+00:00,0.04633,0.04715,0.04633,0.04698,10388204.0
2026-06-26 00:00:00+00:00,0.04698,0.04715,0.04495,0.0463,24910161.0
2026-06-26 04:00:00+00:00,0.0463,0.0476,0.04591,0.0474,11194781.0
2026-06-26 08:00:00+00:00,0.0474,0.04745,0.04586,0.046,12613608.0
2026-06-26 12:00:00+00:00,0.046,0.0472,0.04529,0.04702,21892881.0
2026-06-26 16:00:00+00:00,0.04702,0.04759,0.04689,0.04699,12130323.0
2026-06-26 20:00:00+00:00,0.04699,0.04749,0.04681,0.04742,7144346.0
2026-06-27 00:00:00+00:00,0.04742,0.04812,0.04705,0.04748,7710489.0
2026-06-27 04:00:00+00:00,0.04748,0.04783,0.04727,0.04758,4368518.0
2026-06-27 08:00:00+00:00,0.04758,0.0476,0.047,0.04723,5589517.0
2026-06-27 12:00:00+00:00,0.04723,0.0479,0.04714,0.04786,3705200.0
2026-06-27 16:00:00+00:00,0.04786,0.04799,0.04676,0.04712,5891786.0
2026-06-27 20:00:00+00:00,0.04712,0.04738,0.04662,0.04696,4573490.0
2026-06-28 00:00:00+00:00,0.04696,0.04725,0.04682,0.04724,3302571.0
2026-06-28 04:00:00+00:00,0.04724,0.04735,0.04669,0.04705,2345597.0
2026-06-28 08:00:00+00:00,0.04705,0.04733,0.0467,0.04695,2590492.0
2026-06-28 12:00:00+00:00,0.04695,0.04725,0.04637,0.04713,5403185.0
2026-06-28 16:00:00+00:00,0.04713,0.04722,0.04657,0.0468,4301605.0
2026-06-28 20:00:00+00:00,0.0468,0.04697,0.04602,0.04666,8183162.0
2026-06-29 00:00:00+00:00,0.04666,0.04717,0.04591,0.04685,6641834.0
2026-06-29 04:00:00+00:00,0.04685,0.04686,0.04583,0.04661,3696088.0
2026-06-29 08:00:00+00:00,0.04661,0.04715,0.04637,0.04671,6115277.0
2026-06-29 12:00:00+00:00,0.04671,0.0474,0.04609,0.04682,14805345.0
2026-06-29 16:00:00+00:00,0.04682,0.04805,0.04669,0.04754,5236977.0
2026-06-29 20:00:00+00:00,0.04754,0.04756,0.04696,0.04708,2338353.0
2026-06-30 00:00:00+00:00,0.04708,0.04797,0.04646,0.04741,11527927.0
2026-06-30 04:00:00+00:00,0.04741,0.04757,0.04702,0.04718,9751946.0
2026-06-30 08:00:00+00:00,0.04718,0.04729,0.04673,0.04684,5237481.0
2026-06-30 12:00:00+00:00,0.04684,0.04696,0.04599,0.04646,11091171.0
2026-06-30 16:00:00+00:00,0.04646,0.04715,0.04618,0.04688,3893943.0
2026-06-30 20:00:00+00:00,0.04688,0.04693,0.04633,0.04646,2155344.0
2026-07-01 00:00:00+00:00,0.04646,0.04685,0.04547,0.04671,13265560.0
2026-07-01 04:00:00+00:00,0.04671,0.0469,0.04579,0.04603,5796011.0
2026-07-01 08:00:00+00:00,0.04603,0.0468,0.04587,0.04661,5894223.0
2026-07-01 12:00:00+00:00,0.04661,0.04815,0.04605,0.04775,11180158.0
2026-07-01 16:00:00+00:00,0.04775,0.04802,0.04729,0.04743,4365652.0
2026-07-01 20:00:00+00:00,0.04743,0.04856,0.04739,0.04753,10517154.0
2026-07-02 00:00:00+00:00,0.04753,0.04875,0.04733,0.048,12705675.0
2026-07-02 04:00:00+00:00,0.048,0.04803,0.04664,0.04678,11472247.0
2026-07-02 08:00:00+00:00,0.04678,0.04822,0.04673,0.04817,13001744.0
2026-07-02 12:00:00+00:00,0.04817,0.04909,0.04785,0.04787,14290250.0
2026-07-02 16:00:00+00:00,0.04787,0.04809,0.04769,0.04771,7977010.0
2026-07-02 20:00:00+00:00,0.04771,0.04828,0.04766,0.04823,3635228.0
2026-07-03 00:00:00+00:00,0.04823,0.04865,0.04801,0.04835,6076459.0
2026-07-03 04:00:00+00:00,0.04835,0.05035,0.04816,0.05009,26811490.0
2026-07-03 08:00:00+00:00,0.05009,0.05108,0.04966,0.05107,18687681.0
2026-07-03 12:00:00+00:00,0.05107,0.05295,0.05107,0.05172,36859027.0
2026-07-03 16:00:00+00:00,0.05172,0.05205,0.05111,0.05131,11505290.0
2026-07-03 20:00:00+00:00,0.05131,0.05198,0.05118,0.0512,6120979.0
2026-07-04 00:00:00+00:00,0.0512,0.05121,0.05006,0.05066,19955231.0
2026-07-04 04:00:00+00:00,0.05066,0.05089,0.04986,0.04988,13464386.0
2026-07-04 08:00:00+00:00,0.04988,0.05041,0.04985,0.04999,12106264.0
2026-07-04 12:00:00+00:00,0.04999,0.05096,0.04991,0.05081,9140209.0
2026-07-04 16:00:00+00:00,0.05081,0.05142,0.05058,0.05094,6619248.0
2026-07-04 20:00:00+00:00,0.05094,0.05116,0.05015,0.05041,8156884.0
2026-07-05 00:00:00+00:00,0.05041,0.05193,0.05012,0.05038,26912615.0
2026-07-05 04:00:00+00:00,0.05038,0.05054,0.04974,0.05013,6783990.0
2026-07-05 08:00:00+00:00,0.05013,0.05044,0.04946,0.04991,7586035.0
2026-07-05 12:00:00+00:00,0.04991,0.05039,0.04975,0.05018,3984607.0
2026-07-05 16:00:00+00:00,0.05018,0.05111,0.05017,0.05078,5460446.0
2026-07-05 20:00:00+00:00,0.05078,0.05144,0.05035,0.05097,7488224.0
2026-07-06 00:00:00+00:00,0.05097,0.05097,0.04983,0.04998,7747822.0
2026-07-06 04:00:00+00:00,0.04998,0.05003,0.04937,0.04969,5897921.0
2026-07-06 08:00:00+00:00,0.04969,0.04998,0.04949,0.04949,4121735.0
2026-07-06 12:00:00+00:00,0.04949,0.05018,0.0482,0.05001,18033861.0
2026-07-06 16:00:00+00:00,0.05001,0.05073,0.04997,0.05052,6592626.0
2026-07-06 20:00:00+00:00,0.05052,0.05144,0.05018,0.05033,10024962.0
2026-07-07 00:00:00+00:00,0.05033,0.05051,0.04923,0.04933,5042226.0
2026-07-07 04:00:00+00:00,0.04933,0.04977,0.04907,0.04935,6009674.0
2026-07-07 08:00:00+00:00,0.04935,0.04977,0.04925,0.04974,3468511.0
2026-07-07 12:00:00+00:00,0.04974,0.04998,0.04875,0.04961,9496334.0
2026-07-07 16:00:00+00:00,0.04961,0.05007,0.04895,0.04947,4290819.0
2026-07-07 20:00:00+00:00,0.04947,0.04961,0.0484,0.04843,12438026.0
2026-07-08 00:00:00+00:00,0.04843,0.04879,0.04729,0.0477,9512573.0
2026-07-08 04:00:00+00:00,0.0477,0.04829,0.04756,0.04803,6227076.0
2026-07-08 08:00:00+00:00,0.04803,0.04816,0.04662,0.04767,23811232.0
2026-07-08 12:00:00+00:00,0.04767,0.04788,0.0469,0.04722,11968146.0
2026-07-08 16:00:00+00:00,0.04722,0.04858,0.04717,0.04809,5695590.0
2026-07-08 20:00:00+00:00,0.04809,0.04847,0.04794,0.04823,5203112.0
2026-07-09 00:00:00+00:00,0.04823,0.04887,0.04804,0.04877,11417841.0
2026-07-09 04:00:00+00:00,0.04877,0.04985,0.04862,0.04947,8314085.0
2026-07-09 08:00:00+00:00,0.04947,0.04991,0.0493,0.04969,5052321.0
2026-07-09 12:00:00+00:00,0.04969,0.05006,0.04898,0.049,9317608.0
2026-07-09 16:00:00+00:00,0.049,0.04917,0.04828,0.0483,14904546.0
2026-07-09 20:00:00+00:00,0.0483,0.04859,0.04822,0.04838,7474151.0
2026-07-10 00:00:00+00:00,0.04838,0.04927,0.0481,0.04898,8526905.0
2026-07-10 04:00:00+00:00,0.04898,0.04912,0.04876,0.04897,4816621.0
2026-07-10 08:00:00+00:00,0.04897,0.04946,0.04886,0.04936,6846208.0
2026-07-10 12:00:00+00:00,0.04936,0.04951,0.04861,0.0491,10479030.0
2026-07-10 16:00:00+00:00,0.0491,0.04928,0.0487,0.04902,4169178.0
2026-07-10 20:00:00+00:00,0.04902,0.04962,0.04877,0.04933,9050644.0
2026-07-11 00:00:00+00:00,0.04933,0.05041,0.04924,0.0497,12859860.0
2026-07-11 04:00:00+00:00,0.0497,0.05025,0.04967,0.04977,5163485.0
2026-07-11 08:00:00+00:00,0.04977,0.04982,0.04943,0.04974,2523044.0
2026-07-11 12:00:00+00:00,0.04974,0.05009,0.0495,0.04975,3756749.0
2026-07-11 16:00:00+00:00,0.04975,0.05,0.04954,0.04966,3561403.0
2026-07-11 20:00:00+00:00,0.04966,0.04968,0.04835,0.04856,6878094.0
2026-07-12 00:00:00+00:00,0.04856,0.04929,0.04826,0.04922,3328675.0
2026-07-12 04:00:00+00:00,0.04922,0.04936,0.04848,0.04867,3288658.0
2026-07-12 08:00:00+00:00,0.04867,0.04887,0.04852,0.04875,1184589.0
2026-07-12 12:00:00+00:00,0.04875,0.04889,0.04845,0.04846,2576069.0
2026-07-12 16:00:00+00:00,0.04846,0.04855,0.04798,0.04826,1815828.0
2026-07-12 20:00:00+00:00,0.04826,0.04828,0.04761,0.04783,3150167.0
2026-07-13 00:00:00+00:00,0.04783,0.04864,0.04696,0.04727,8362299.0
2026-07-13 04:00:00+00:00,0.04727,0.04799,0.04712,0.04799,4425394.0
2026-07-13 08:00:00+00:00,0.04799,0.04815,0.04767,0.04767,2119433.0
2026-07-13 12:00:00+00:00,0.04767,0.04781,0.04723,0.04742,5136462.0
2026-07-13 16:00:00+00:00,0.04742,0.04756,0.04675,0.04729,4968181.0
2026-07-13 20:00:00+00:00,0.04729,0.04733,0.0463,0.04733,4488886.0
2026-07-14 00:00:00+00:00,0.04733,0.04753,0.04662,0.04674,3409843.0
2026-07-14 04:00:00+00:00,0.04674,0.04751,0.04674,0.04713,3072419.0
2026-07-14 08:00:00+00:00,0.04713,0.04744,0.04691,0.047,4817763.0
2026-07-14 12:00:00+00:00,0.047,0.04913,0.04692,0.04874,11898858.0
2026-07-14 16:00:00+00:00,0.04874,0.04957,0.04847,0.04877,9066614.0
2026-07-14 20:00:00+00:00,0.04877,0.04906,0.04846,0.04904,3158067.0
2026-07-15 00:00:00+00:00,0.04904,0.04913,0.04839,0.04892,4963112.0
2026-07-15 04:00:00+00:00,0.04892,0.04906,0.04837,0.0485,6356089.0
2026-07-15 08:00:00+00:00,0.0485,0.04868,0.0483,0.04857,5987342.0
2026-07-15 12:00:00+00:00,0.04857,0.04952,0.04849,0.04894,12506666.0
2026-07-15 16:00:00+00:00,0.04894,0.04895,0.04815,0.04824,7910958.0
2026-07-15 20:00:00+00:00,0.04824,0.04858,0.04818,0.04819,2566140.0
2026-07-16 00:00:00+00:00,0.04819,0.04892,0.04813,0.0484,3560140.0
2026-07-16 04:00:00+00:00,0.0484,0.04862,0.04806,0.04821,3851789.0
2026-07-16 08:00:00+00:00,0.04821,0.04832,0.04767,0.04825,6822677.0
2026-07-16 12:00:00+00:00,0.04825,0.04884,0.04792,0.04862,6069575.0
2026-07-16 16:00:00+00:00,0.04862,0.04871,0.04814,0.04832,4210523.0
2026-07-16 20:00:00+00:00,0.04832,0.04838,0.04749,0.04766,6403388.0
2026-07-17 00:00:00+00:00,0.04766,0.04817,0.04734,0.04784,11547989.0
2026-07-17 04:00:00+00:00,0.04784,0.0479,0.04714,0.04725,4313612.0
2026-07-17 08:00:00+00:00,0.04725,0.04749,0.04697,0.04742,2630874.0
2026-07-17 12:00:00+00:00,0.04742,0.04764,0.04666,0.04764,13541337.0
2026-07-17 16:00:00+00:00,0.04764,0.04859,0.04748,0.04828,6276548.0
2026-07-17 20:00:00+00:00,0.04828,0.04828,0.04768,0.0478,3008260.0
2026-07-18 00:00:00+00:00,0.0478,0.04788,0.04741,0.04785,2207702.0
2026-07-18 04:00:00+00:00,0.04785,0.04788,0.04718,0.04732,2663194.0
2026-07-18 08:00:00+00:00,0.04732,0.04737,0.04712,0.04722,3204431.0
2026-07-18 12:00:00+00:00,0.04722,0.04742,0.047,0.0474,2831110.0
2026-07-18 16:00:00+00:00,0.0474,0.04759,0.04721,0.04733,2805145.0
2026-07-18 20:00:00+00:00,0.04733,0.04759,0.04721,0.04744,1742109.0
2026-07-19 00:00:00+00:00,0.04744,0.04773,0.04733,0.04756,4407781.0
2026-07-19 04:00:00+00:00,0.04756,0.0477,0.04747,0.04748,1049297.0
2026-07-19 08:00:00+00:00,0.04748,0.04756,0.04688,0.04691,6236642.0
2026-07-19 12:00:00+00:00,0.04691,0.04698,0.04654,0.04684,4636184.0
2026-07-19 16:00:00+00:00,0.04684,0.04697,0.04639,0.04665,5709201.0
2026-07-19 20:00:00+00:00,0.04665,0.04691,0.04615,0.04669,4251355.0
2026-07-20 00:00:00+00:00,0.04669,0.04715,0.0465,0.04684,4476689.0
2026-07-20 04:00:00+00:00,0.04684,0.04735,0.04608,0.04732,5522107.0
2026-07-20 08:00:00+00:00,0.04732,0.04802,0.04717,0.04796,9939296.0
2026-07-20 12:00:00+00:00,0.04796,0.04796,0.0471,0.04777,6792468.0
2026-07-20 16:00:00+00:00,0.04777,0.0478,0.04737,0.0475,4865651.0
2026-07-20 20:00:00+00:00,0.0475,0.04753,0.04709,0.0473,1743256.0
2026-07-21 00:00:00+00:00,0.0473,0.04799,0.04709,0.0479,3706645.0
2026-07-21 04:00:00+00:00,0.0479,0.04811,0.04779,0.04806,4425134.0
2026-07-21 08:00:00+00:00,0.04806,0.0483,0.04787,0.04788,4599880.0
2026-07-21 12:00:00+00:00,0.04788,0.04837,0.04786,0.04814,5111093.0
2026-07-21 16:00:00+00:00,0.04814,0.04822,0.04766,0.04795,6447899.0
2026-07-21 20:00:00+00:00,0.04795,0.04826,0.04778,0.04826,2881216.0
2026-07-22 00:00:00+00:00,0.04826,0.04826,0.04768,0.04769,2996606.0
2026-07-22 04:00:00+00:00,0.04769,0.04787,0.04745,0.04751,5605347.0
2026-07-22 08:00:00+00:00,0.04751,0.04798,0.0475,0.04788,5854804.0
2026-07-22 12:00:00+00:00,0.04788,0.04832,0.04752,0.04812,5161046.0
2026-07-22 16:00:00+00:00,0.04812,0.04847,0.04785,0.04795,3524540.0
2026-07-22 20:00:00+00:00,0.04795,0.04823,0.04762,0.04786,4134565.0
2026-07-23 00:00:00+00:00,0.04786,0.04836,0.04784,0.04789,8299581.0
2026-07-23 04:00:00+00:00,0.04789,0.04809,0.04775,0.04785,2152504.0
2026-07-23 08:00:00+00:00,0.04785,0.04797,0.04738,0.04758,2988154.0
2026-07-23 12:00:00+00:00,0.04758,0.04758,0.04609,0.04632,13363181.0
2026-07-23 16:00:00+00:00,0.04632,0.04632,0.04531,0.0458,9948503.0
2026-07-23 20:00:00+00:00,0.0458,0.046,0.04569,0.04589,4865838.0
2026-07-24 00:00:00+00:00,0.04589,0.04598,0.04557,0.04597,3495742.0
2026-07-24 04:00:00+00:00,0.04597,0.04599,0.04545,0.04561,7723397.0
2026-07-24 08:00:00+00:00,0.04561,0.04569,0.04485,0.04503,12693049.0
2026-07-24 12:00:00+00:00,0.04503,0.0451,0.04405,0.04416,27587630.0
2026-07-24 16:00:00+00:00,0.04416,0.04472,0.04415,0.04465,5363821.0
2026-07-24 20:00:00+00:00,0.04465,0.04489,0.04451,0.04489,2673240.0
2026-07-25 00:00:00+00:00,0.04489,0.04505,0.04463,0.04492,3087840.0
2026-07-25 04:00:00+00:00,0.04492,0.04502,0.04435,0.04435,3156228.0
2026-07-25 08:00:00+00:00,0.04435,0.04462,0.04429,0.04459,2624664.0
2026-07-25 12:00:00+00:00,0.04459,0.0452,0.04454,0.04501,4561530.0
2026-07-25 16:00:00+00:00,0.04501,0.04544,0.04496,0.04516,4228877.0
2026-07-25 20:00:00+00:00,0.04516,0.04534,0.04501,0.04506,3526836.0
2026-07-26 00:00:00+00:00,0.04506,0.04513,0.04446,0.04462,6962999.0
2026-07-26 04:00:00+00:00,0.04462,0.04523,0.04459,0.04506,5387351.0
2026-07-26 08:00:00+00:00,0.04506,0.04544,0.04494,0.04516,3854842.0
2026-07-26 12:00:00+00:00,0.04516,0.04538,0.04496,0.04522,3542016.0
2026-07-26 16:00:00+00:00,0.04522,0.04552,0.04517,0.04537,1478915.0
2026-07-26 20:00:00+00:00,0.04537,0.04632,0.04507,0.0461,7737962.0
2026-07-27 00:00:00+00:00,0.0461,0.04621,0.04539,0.04546,7697417.0
2026-07-27 04:00:00+00:00,0.04546,0.04592,0.04525,0.04526,4449803.0
2026-07-27 08:00:00+00:00,0.04526,0.04526,0.04473,0.04491,6794953.0
2026-07-27 12:00:00+00:00,0.04491,0.04541,0.04384,0.04413,16294391.0
2026-07-27 16:00:00+00:00,0.04413,0.04433,0.04386,0.04411,5693261.0
2026-07-27 20:00:00+00:00,0.04411,0.04457,0.04292,0.04334,20794972.0
2026-07-28 00:00:00+00:00,0.04334,0.0435,0.04197,0.04247,20052436.0
2026-07-28 04:00:00+00:00,0.04247,0.04257,0.04206,0.04232,3760281.0
2026-07-28 08:00:00+00:00,0.04232,0.04252,0.04217,0.04243,4483104.0
2026-07-28 12:00:00+00:00,0.04243,0.04292,0.04172,0.04281,10414191.0
2026-07-28 16:00:00+00:00,0.04281,0.04294,0.04244,0.04277,3057607.0
2026-07-28 20:00:00+00:00,0.04277,0.04303,0.04234,0.04256,3967446.0
2026-07-29 00:00:00+00:00,0.04256,0.04284,0.0411,0.04119,13214368.0
2026-07-29 04:00:00+00:00,0.04119,0.04137,0.0408,0.04137,10661492.0
2026-07-29 08:00:00+00:00,0.04137,0.04137,0.04098,0.04127,4624839.0
2026-07-29 12:00:00+00:00,0.04127,0.04133,0.04079,0.04113,7588615.0
2026-07-29 16:00:00+00:00,0.04113,0.04177,0.04059,0.04073,11402487.0
2026-07-29 20:00:00+00:00,0.04073,0.04117,0.04021,0.04112,8764504.0
2026-07-30 00:00:00+00:00,0.04112,0.04167,0.04099,0.04135,3408238.0
2026-07-30 04:00:00+00:00,0.04135,0.04146,0.04092,0.04095,4287300.0
2026-07-30 08:00:00+00:00,0.04095,0.04123,0.0409,0.04111,4916167.0
2026-07-30 12:00:00+00:00,0.04111,0.04149,0.04094,0.04112,6739900.0
2026-07-30 16:00:00+00:00,0.04112,0.04125,0.04085,0.04122,4099738.0
2026-07-30 20:00:00+00:00,0.04122,0.04157,0.041,0.04109,5907528.0
2026-07-31 00:00:00+00:00,0.04109,0.04177,0.04095,0.04118,7610420.0
2026-07-31 04:00:00+00:00,0.04118,0.04431,0.0411,0.04303,38533506.0
2026-07-31 08:00:00+00:00,0.04303,0.04336,0.04169,0.04186,31842091.0
2026-07-31 12:00:00+00:00,0.04186,0.04264,0.04139,0.04208,23651068.0
2026-07-31 16:00:00+00:00,0.04208,0.04232,0.04173,0.04208,9160545.0
2026-07-31 20:00:00+00:00,0.04208,0.04302,0.0419,0.04273,10452141.0
2026-08-01 00:00:00+00:00,0.04273,0.04368,0.04266,0.04303,13078713.0
2026-08-01 04:00:00+00:00,0.04303,0.04317,0.04242,0.04243,6541077.0
2026-08-01 08:00:00+00:00,0.04243,0.04246,0.04193,0.04215,4660051.0
2026-08-01 12:00:00+00:00,0.04215,0.04226,0.04183,0.04187,1992161.0
2026-08-01 16:00:00+00:00,0.04187,0.04213,0.04079,0.04113,14402903.0
2026-08-01 20:00:00+00:00,0.04113,0.04127,0.04074,0.04114,6805843.0
2026-08-02 00:00:00+00:00,0.04114,0.04231,0.04112,0.04179,7457060.0
2026-08-02 04:00:00+00:00,0.04179,0.04219,0.04176,0.04177,3301568.0
2026-08-02 08:00:00+00:00,0.04177,0.04246,0.04176,0.04239,5809206.0
2026-08-02 12:00:00+00:00,0.04239,0.04381,0.04239,0.04356,20426684.0
2026-08-02 16:00:00+00:00,0.04356,0.04367,0.04302,0.04325,10954709.0
2026-08-02 20:00:00+00:00,0.04325,0.04341,0.04269,0.04296,6232564.0
2026-08-03 00:00:00+00:00,0.04296,0.04303,0.04211,0.04236,7338463.0
2026-08-03 04:00:00+00:00,0.04236,0.04244,0.04107,0.04113,17027422.0
2026-08-03 08:00:00+00:00,0.04113,0.04176,0.04084,0.04172,13355641.0
2026-08-03 12:00:00+00:00,0.04172,0.04226,0.04157,0.0421,11072481.0
2026-08-03 16:00:00+00:00,0.0421,0.04284,0.04204,0.04246,13512370.0
2026-08-03 20:00:00+00:00,0.04246,0.04297,0.04239,0.04289,4744989.0
2026-08-04 00:00:00+00:00,0.04289,0.04301,0.04239,0.0426,7403862.0
2026-08-04 04:00:00+00:00,0.0426,0.04275,0.04188,0.04208,5864852.0
2026-08-04 08:00:00+00:00,0.04208,0.04215,0.04172,0.04191,3980282.0
2026-08-04 12:00:00+00:00,0.04191,0.04211,0.04165,0.04192,5107261.0
2026-08-04 16:00:00+00:00,0.04192,0.04204,0.04174,0.04178,3406385.0
2026-08-04 20:00:00+00:00,0.04178,0.04199,0.04152,0.04159,4700234.0
2026-08-05 00:00:00+00:00,0.04159,0.04225,0.04153,0.04201,12928675.0
2026-08-05 04:00:00+00:00,0.04201,0.04246,0.04188,0.04214,6407146.0
2026-08-05 08:00:00+00:00,0.04214,0.04221,0.04112,0.04117,7459605.0
2026-08-05 12:00:00+00:00,0.04117,0.04176,0.04096,0.04134,14498654.0
2026-08-05 16:00:00+00:00,0.04134,0.04199,0.04134,0.04168,5242020.0
2026-08-05 20:00:00+00:00,0.04168,0.04211,0.04152,0.04152,3504644.0
2026-08-06 00:00:00+00:00,0.04152,0.04223,0.04107,0.04141,14358283.0
2026-08-06 04:00:00+00:00,0.04141,0.04165,0.04128,0.0414,3376471.0
2026-08-06 08:00:00+00:00,0.0414,0.04156,0.04076,0.04117,8108027.0
2026-08-06 12:00:00+00:00,0.04117,0.04132,0.04096,0.04112,5219665.0
2026-08-06 16:00:00+00:00,0.04112,0.04138,0.04088,0.0409,5251913.0
2026-08-06 20:00:00+00:00,0.0409,0.0416,0.0409,0.04108,6362589.0
2026-08-07 00:00:00+00:00,0.04108,0.04153,0.04097,0.04098,5301237.0
2026-08-07 04:00:00+00:00,0.04098,0.04189,0.04083,0.04182,10827778.0
2026-08-07 08:00:00+00:00,0.04182,0.04196,0.0414,0.04142,7584442.0
2026-08-07 12:00:00+00:00,0.04142,0.04163,0.04103,0.04142,8712526.0
2026-08-07 16:00:00+00:00,0.04142,0.0416,0.04095,0.04108,6070700.0
2026-08-07 20:00:00+00:00,0.04108,0.04129,0.04093,0.0412,1700860.0
2026-08-08 00:00:00+00:00,0.0412,0.04135,0.04095,0.04115,3769519.0
2026-08-08 04:00:00+00:00,0.04115,0.04142,0.04112,0.04125,2553368.0
2026-08-08 08:00:00+00:00,0.04125,0.04153,0.04122,0.04138,2143566.0
2026-08-08 12:00:00+00:00,0.04138,0.04163,0.04125,0.04155,2888596.0
2026-08-08 16:00:00+00:00,0.04155,0.04213,0.04155,0.04187,5746111.0
2026-08-08 20:00:00+00:00,0.04187,0.04206,0.04163,0.04174,2457349.0
2026-08-09 00:00:00+00:00,0.04174,0.04189,0.04155,0.04175,3258262.0
2026-08-09 04:00:00+00:00,0.04175,0.0422,0.04163,0.04172,6255527.0
2026-08-09 08:00:00+00:00,0.04172,0.04209,0.04156,0.04159,5271737.0
2026-08-09 12:00:00+00:00,0.04159,0.04182,0.04151,0.04162,3103539.0
2026-08-09 16:00:00+00:00,0.04162,0.0418,0.04152,0.04171,2119010.0
2026-08-09 20:00:00+00:00,0.04171,0.04216,0.04096,0.04112,5699278.0
2026-08-10 00:00:00+00:00,0.04112,0.04168,0.04101,0.04131,2791453.0
2026-08-10 04:00:00+00:00,0.04131,0.04199,0.0413,0.04183,3074337.0
2026-08-10 08:00:00+00:00,0.04183,0.04224,0.04147,0.04201,3466087.0
2026-08-10 12:00:00+00:00,0.04201,0.04217,0.04135,0.04153,5282773.0
2026-08-10 16:00:00+00:00,0.04153,0.0417,0.04115,0.0416,5928419.0
2026-08-10 20:00:00+00:00,0.0416,0.04163,0.0409,0.04117,6137799.0
2026-08-11 00:00:00+00:00,0.04117,0.04128,0.04088,0.04108,4291850.0
2026-08-11 04:00:00+00:00,0.04108,0.04113,0.04077,0.04081,2891935.0
2026-08-11 08:00:00+00:00,0.04081,0.04081,0.04027,0.04069,11383540.0
2026-08-11 12:00:00+00:00,0.04069,0.04089,0.03952,0.03991,22305961.0
2026-08-11 16:00:00+00:00,0.03991,0.03992,0.03932,0.03984,8063929.0
2026-08-11 20:00:00+00:00,0.03984,0.04031,0.03981,0.04017,4479473.0
2026-08-12 00:00:00+00:00,0.04017,0.04033,0.03999,0.04007,5399108.0
2026-08-12 04:00:00+00:00,0.04007,0.04011,0.0397,0.03994,4150831.0
2026-08-12 08:00:00+00:00,0.03994,0.04001,0.03964,0.03993,5047790.0
2026-08-12 12:00:00+00:00,0.03993,0.04021,0.03904,0.03922,15781660.0
2026-08-12 16:00:00+00:00,0.03922,0.03939,0.03873,0.03891,10171117.0
2026-08-12 20:00:00+00:00,0.03891,0.03907,0.03783,0.0382,11951587.0
2026-08-13 00:00:00+00:00,0.0382,0.03876,0.03818,0.03866,8965024.0
2026-08-13 04:00:00+00:00,0.03866,0.03898,0.03866,0.03878,3337686.0
2026-08-13 08:00:00+00:00,0.03878,0.039,0.03864,0.03888,5979460.0
2026-08-13 12:00:00+00:00,0.03888,0.03942,0.03884,0.0389,6687125.0
2026-08-13 16:00:00+00:00,0.0389,0.03893,0.03819,0.03856,8079987.0
2026-08-13 20:00:00+00:00,0.03856,0.03879,0.03836,0.03871,4002512.0
2026-08-14 00:00:00+00:00,0.03871,0.03876,0.03838,0.03851,5014526.0
2026-08-14 04:00:00+00:00,0.03851,0.03874,0.03826,0.03835,6307869.0
2026-08-14 08:00:00+00:00,0.03835,0.03884,0.03829,0.03874,4893205.0
2026-08-14 12:00:00+00:00,0.03874,0.03969,0.03873,0.03965,7816539.0
2026-08-14 16:00:00+00:00,0.03965,0.0413,0.0391,0.03921,33723904.0
2026-08-14 20:00:00+00:00,0.03921,0.04007,0.03921,0.04006,11935838.0
2026-08-15 00:00:00+00:00,0.04006,0.04029,0.03951,0.03964,6155680.0
2026-08-15 04:00:00+00:00,0.03964,0.03987,0.03937,0.0394,5385073.0
2026-08-15 08:00:00+00:00,0.0394,0.03979,0.03939,0.03978,3374843.0
2026-08-15 12:00:00+00:00,0.03978,0.04006,0.03965,0.03993,2546321.0
2026-08-15 16:00:00+00:00,0.03993,0.04003,0.03961,0.03988,1906023.0
2026-08-15 20:00:00+00:00,0.03988,0.04009,0.03946,0.03952,3232573.0
2026-08-16 00:00:00+00:00,0.03952,0.03999,0.0394,0.03967,2871729.0
2026-08-16 04:00:00+00:00,0.03967,0.03973,0.03873,0.03928,6116213.0
2026-08-16 08:00:00+00:00,0.03928,0.03946,0.03916,0.03929,2978548.0
2026-08-16 12:00:00+00:00,0.03929,0.03984,0.03927,0.03956,3016681.0
2026-08-16 16:00:00+00:00,0.03956,0.04022,0.03955,0.03966,4974594.0
2026-08-16 20:00:00+00:00,0.03966,0.03973,0.03841,0.03909,10670853.0
2026-08-17 00:00:00+00:00,0.03909,0.04033,0.03908,0.03998,16406553.0
2026-08-17 04:00:00+00:00,0.03998,0.04089,0.03991,0.03998,17466459.0
2026-08-17 08:00:00+00:00,0.03998,0.03998,0.03927,0.03971,9601078.0
