timestamp,open,high,low,close,volume
2023-11-21 12:00:00+00:00,0.02095,0.02105,0.02005,0.0205,50171590.0
2023-11-21 16:00:00+00:00,0.0205,0.02075,0.0198,0.02015,43008346.0
2023-11-21 20:00:00+00:00,0.02015,0.0204,0.0192,0.0193,61071859.0
2023-11-22 00:00:00+00:00,0.0193,0.02,0.0192,0.01995,18698259.0
2023-11-22 04:00:00+00:00,0.01995,0.0202,0.0199,0.0202,20336139.0
2023-11-22 08:00:00+00:00,0.0202,0.02039,0.0201,0.02018,21975601.0
2023-11-22 12:00:00+00:00,0.02018,0.02042,0.02005,0.02025,37477895.0
2023-11-22 16:00:00+00:00,0.02025,0.02083,0.02012,0.0208,43248813.0
2023-11-22 20:00:00+00:00,0.0208,0.0213,0.02075,0.021,40550580.0
2023-11-23 00:00:00+00:00,0.021,0.02114,0.0209,0.02094,22101129.0
2023-11-23 04:00:00+00:00,0.02094,0.02111,0.02088,0.02103,14150224.0
2023-11-23 08:00:00+00:00,0.02103,0.02127,0.02098,0.02109,38579535.0
2023-11-23 12:00:00+00:00,0.02109,0.02118,0.02069,0.02076,58672700.0
2023-11-23 16:00:00+00:00,0.02076,0.02123,0.02073,0.02109,33168226.0
2023-11-23 20:00:00+00:00,0.02109,0.02127,0.02103,0.02125,27812974.0
2023-11-24 00:00:00+00:00,0.02125,0.02138,0.02114,0.02115,20109110.0
2023-11-24 04:00:00+00:00,0.02115,0.0213,0.02113,0.02128,8970257.0
2023-11-24 08:00:00+00:00,0.02128,0.02146,0.02119,0.02125,32767066.0
2023-11-24 12:00:00+00:00,0.02125,0.02151,0.0211,0.02146,45275008.0
2023-11-24 16:00:00+00:00,0.02146,0.02163,0.02117,0.02122,42130099.0
2023-11-24 20:00:00+00:00,0.02122,0.02135,0.02106,0.02128,22351167.0
2023-11-25 00:00:00+00:00,0.02128,0.02154,0.02116,0.02149,9133171.0
2023-11-25 04:00:00+00:00,0.02149,0.02154,0.02131,0.02153,9327724.0
2023-11-25 08:00:00+00:00,0.02153,0.02157,0.02126,0.02135,18564274.0
2023-11-25 12:00:00+00:00,0.02135,0.02149,0.02134,0.02148,17305730.0
2023-11-25 16:00:00+00:00,0.02148,0.02177,0.02144,0.02168,23389907.0
2023-11-25 20:00:00+00:00,0.02168,0.02238,0.02166,0.02229,34367960.0
2023-11-26 00:00:00+00:00,0.02229,0.02354,0.02227,0.02294,194841394.0
2023-11-26 04:00:00+00:00,0.02294,0.02376,0.02287,0.02331,142190817.0
2023-11-26 08:00:00+00:00,0.02331,0.02359,0.02315,0.02338,110805473.0
2023-11-26 12:00:00+00:00,0.02338,0.02338,0.02254,0.02259,129266257.0
2023-11-26 16:00:00+00:00,0.02259,0.02267,0.02202,0.02224,92012071.0
2023-11-26 20:00:00+00:00,0.02224,0.0226,0.02219,0.02244,57253629.0
2023-11-27 00:00:00+00:00,0.02244,0.02248,0.02167,0.02191,52347147.0
2023-11-27 04:00:00+00:00,0.02191,0.02214,0.02157,0.02176,50272361.0
2023-11-27 08:00:00+00:00,0.02176,0.02196,0.02146,0.02166,51320084.0
2023-11-27 12:00:00+00:00,0.02166,0.02184,0.0213,0.02133,54817238.0
2023-11-27 16:00:00+00:00,0.02133,0.02169,0.02106,0.0212,44982283.0
2023-11-27 20:00:00+00:00,0.0212,0.02153,0.02102,0.02153,36775818.0
2023-11-28 00:00:00+00:00,0.02153,0.02158,0.02116,0.02118,32205216.0
2023-11-28 04:00:00+00:00,0.02118,0.02124,0.02076,0.02094,42705426.0
2023-11-28 08:00:00+00:00,0.02094,0.0213,0.02082,0.02127,32244487.0
2023-11-28 12:00:00+00:00,0.02127,0.02139,0.02106,0.02135,41968123.0
2023-11-28 16:00:00+00:00,0.02135,0.02182,0.02134,0.0217,127537402.0
2023-11-28 20:00:00+00:00,0.0217,0.02189,0.02153,0.02163,46734970.0
2023-11-29 00:00:00+00:00,0.02163,0.02173,0.02148,0.0216,16079199.0
2023-11-29 04:00:00+00:00,0.0216,0.0217,0.02151,0.02154,17212488.0
2023-11-29 08:00:00+00:00,0.02154,0.02188,0.02127,0.02136,59042323.0
2023-11-29 12:00:00+00:00,0.02136,0.02178,0.02133,0.02161,80973145.0
2023-11-29 16:00:00+00:00,0.02161,0.02169,0.02136,0.02165,35755422.0
2023-11-29 20:00:00+00:00,0.02165,0.02181,0.02145,0.02179,19517124.0
2023-11-30 00:00:00+00:00,0.02179,0.0218,0.02142,0.02166,15906568.0
2023-11-30 04:00:00+00:00,0.02166,0.02177,0.02149,0.0215,16342136.0
2023-11-30 08:00:00+00:00,0.0215,0.02165,0.02126,0.02165,22936524.0
2023-11-30 12:00:00+00:00,0.02165,0.02167,0.02127,0.02134,18714193.0
2023-11-30 16:00:00+00:00,0.02134,0.02145,0.02128,0.02139,10203574.0
2023-11-30 20:00:00+00:00,0.02139,0.02153,0.02131,0.02139,8296907.0
2023-12-01 00:00:00+00:00,0.02139,0.02181,0.02111,0.02174,32918955.0
2023-12-01 04:00:00+00:00,0.02174,0.0219,0.02173,0.02179,23057863.0
2023-12-01 08:00:00+00:00,0.02179,0.02215,0.02177,0.02199,28978478.0
2023-12-01 12:00:00+00:00,0.02199,0.02203,0.02175,0.02201,24862936.0
2023-12-01 16:00:00+00:00,0.02201,0.02243,0.02196,0.02231,37448006.0
2023-12-01 20:00:00+00:00,0.02231,0.0226,0.02224,0.02257,24927794.0
2023-12-02 00:00:00+00:00,0.02257,0.02293,0.02256,0.02275,39209443.0
2023-12-02 04:00:00+00:00,0.02275,0.02277,0.02263,0.02268,10188411.0
2023-12-02 08:00:00+00:00,0.02268,0.02278,0.0225,0.02257,20662925.0
2023-12-02 12:00:00+00:00,0.02257,0.02274,0.02243,0.02271,32249946.0
2023-12-02 16:00:00+00:00,0.02271,0.02316,0.02267,0.02301,45939094.0
2023-12-02 20:00:00+00:00,0.02301,0.02321,0.02291,0.02294,29351106.0
2023-12-03 00:00:00+00:00,0.02294,0.02326,0.02273,0.02291,14837181.0
2023-12-03 04:00:00+00:00,0.02291,0.02321,0.02278,0.02292,23157246.0
2023-12-03 08:00:00+00:00,0.02292,0.02298,0.0225,0.02261,20411438.0
2023-12-03 12:00:00+00:00,0.02261,0.02265,0.02229,0.02248,30342566.0
2023-12-03 16:00:00+00:00,0.02248,0.02276,0.02247,0.02273,23758243.0
2023-12-03 20:00:00+00:00,0.02273,0.02297,0.02254,0.02268,22355099.0
2023-12-04 00:00:00+00:00,0.02268,0.02333,0.02263,0.0233,26662125.0
2023-12-04 04:00:00+00:00,0.0233,0.02421,0.0233,0.024,87806223.0
2023-12-04 08:00:00+00:00,0.024,0.02431,0.02233,0.02354,182284834.0
2023-12-04 12:00:00+00:00,0.02354,0.02384,0.02303,0.02333,83418373.0
2023-12-04 16:00:00+00:00,0.02333,0.024,0.02332,0.024,50236149.0
2023-12-04 20:00:00+00:00,0.024,0.02414,0.02371,0.02412,55778657.0
2023-12-05 00:00:00+00:00,0.02412,0.02431,0.02366,0.02387,32565001.0
2023-12-05 04:00:00+00:00,0.02387,0.02395,0.02322,0.02342,39677524.0
2023-12-05 08:00:00+00:00,0.02342,0.02391,0.02329,0.02385,39715813.0
2023-12-05 12:00:00+00:00,0.02385,0.02495,0.02384,0.02485,114715016.0
2023-12-05 16:00:00+00:00,0.02485,0.02505,0.02463,0.02485,114627111.0
2023-12-05 20:00:00+00:00,0.02485,0.02497,0.02453,0.02485,46771568.0
2023-12-06 00:00:00+00:00,0.02485,0.02498,0.02455,0.02463,37541787.0
2023-12-06 04:00:00+00:00,0.02463,0.02475,0.02392,0.02472,89984158.0
2023-12-06 08:00:00+00:00,0.02472,0.0251,0.02433,0.02475,111279004.0
2023-12-06 12:00:00+00:00,0.02475,0.02569,0.02469,0.02537,119244652.0
2023-12-06 16:00:00+00:00,0.02537,0.0258,0.02536,0.02576,48330859.0
2023-12-06 20:00:00+00:00,0.02576,0.02584,0.02526,0.02537,45259661.0
2023-12-07 00:00:00+00:00,0.02537,0.02572,0.02472,0.02512,49290196.0
2023-12-07 04:00:00+00:00,0.02512,0.02543,0.02507,0.02531,24994736.0
2023-12-07 08:00:00+00:00,0.02531,0.02539,0.02422,0.02454,77491370.0
2023-12-07 12:00:00+00:00,0.02454,0.02504,0.02436,0.02493,33621349.0
2023-12-07 16:00:00+00:00,0.02493,0.02528,0.02462,0.0247,31242147.0
2023-12-07 20:00:00+00:00,0.0247,0.02536,0.0247,0.02527,28040513.0
2023-12-08 00:00:00+00:00,0.02527,0.02544,0.02502,0.0253,23709955.0
2023-12-08 04:00:00+00:00,0.0253,0.02551,0.02503,0.02512,22155363.0
2023-12-08 08:00:00+00:00,0.02512,0.02582,0.02493,0.02581,32697191.0
2023-12-08 12:00:00+00:00,0.02581,0.02734,0.02572,0.02715,106087886.0
2023-12-08 16:00:00+00:00,0.02715,0.0273,0.02637,0.02659,66403163.0
2023-12-08 20:00:00+00:00,0.02659,0.02714,0.02658,0.02696,49181601.0
2023-12-09 00:00:00+00:00,0.02696,0.02738,0.02696,0.02723,24194954.0
2023-12-09 04:00:00+00:00,0.02723,0.02779,0.02714,0.02773,30555389.0
2023-12-09 08:00:00+00:00,0.02773,0.02779,0.02672,0.02765,77159242.0
2023-12-09 12:00:00+00:00,0.02765,0.02827,0.02756,0.02818,76928404.0
2023-12-09 16:00:00+00:00,0.02818,0.02826,0.02752,0.02788,76994213.0
2023-12-09 20:00:00+00:00,0.02788,0.02788,0.02689,0.02719,42264288.0
2023-12-10 00:00:00+00:00,0.02719,0.02801,0.02719,0.02759,41390119.0
2023-12-10 04:00:00+00:00,0.02759,0.02775,0.02712,0.02731,19078968.0
2023-12-10 08:00:00+00:00,0.02731,0.02737,0.02612,0.02665,55540455.0
2023-12-10 12:00:00+00:00,0.02665,0.02712,0.02663,0.02705,28183492.0
2023-12-10 16:00:00+00:00,0.02705,0.02766,0.02671,0.02763,43592874.0
2023-12-10 20:00:00+00:00,0.02763,0.02816,0.02742,0.02784,49012954.0
2023-12-11 00:00:00+00:00,0.02784,0.02818,0.02454,0.02646,192813081.0
2023-12-11 04:00:00+00:00,0.02646,0.02663,0.02583,0.02609,54877673.0
2023-12-11 08:00:00+00:00,0.02609,0.02791,0.02586,0.02745,101676317.0
2023-12-11 12:00:00+00:00,0.02745,0.02867,0.02707,0.02726,214966103.0
2023-12-11 16:00:00+00:00,0.02726,0.02734,0.02568,0.02624,152379060.0
2023-12-11 20:00:00+00:00,0.02624,0.02758,0.02605,0.0272,88469352.0
2023-12-12 00:00:00+00:00,0.0272,0.02809,0.02697,0.02802,70235468.0
2023-12-12 04:00:00+00:00,0.02802,0.02999,0.0278,0.02992,151278487.0
2023-12-12 08:00:00+00:00,0.02992,0.03026,0.02902,0.02947,131984196.0
2023-12-12 12:00:00+00:00,0.02947,0.03064,0.02902,0.02928,208112841.0
2023-12-12 16:00:00+00:00,0.02928,0.02958,0.02854,0.02942,121225645.0
2023-12-12 20:00:00+00:00,0.02942,0.02944,0.02859,0.02929,64190497.0
2023-12-13 00:00:00+00:00,0.02929,0.03087,0.02856,0.02882,205252391.0
2023-12-13 04:00:00+00:00,0.02882,0.02996,0.02846,0.02939,120236682.0
2023-12-13 08:00:00+00:00,0.02939,0.03009,0.02925,0.02931,92947373.0
2023-12-13 12:00:00+00:00,0.02931,0.0304,0.02922,0.03,103470031.0
2023-12-13 16:00:00+00:00,0.03,0.03126,0.02973,0.03105,109183592.0
2023-12-13 20:00:00+00:00,0.03105,0.03172,0.03063,0.03109,87561803.0
2023-12-14 00:00:00+00:00,0.03109,0.03174,0.03094,0.03121,84509674.0
2023-12-14 04:00:00+00:00,0.03121,0.03168,0.03036,0.03067,83668604.0
2023-12-14 08:00:00+00:00,0.03067,0.03086,0.03026,0.03067,62505595.0
2023-12-14 12:00:00+00:00,0.03067,0.03074,0.02885,0.02994,124169844.0
2023-12-14 16:00:00+00:00,0.02994,0.0305,0.0299,0.0304,52611777.0
2023-12-14 20:00:00+00:00,0.0304,0.031,0.03008,0.03085,29127709.0
2023-12-15 00:00:00+00:00,0.03085,0.03087,0.02985,0.03013,41994862.0
2023-12-15 04:00:00+00:00,0.03013,0.03035,0.02985,0.02992,27473127.0
2023-12-15 08:00:00+00:00,0.02992,0.03026,0.02982,0.02995,29156098.0
2023-12-15 12:00:00+00:00,0.02995,0.02995,0.02895,0.02926,51555276.0
2023-12-15 16:00:00+00:00,0.02926,0.02992,0.02925,0.02971,41561609.0
2023-12-15 20:00:00+00:00,0.02971,0.03003,0.02879,0.02894,42887449.0
2023-12-16 00:00:00+00:00,0.02894,0.03005,0.02857,0.02998,38141020.0
2023-12-16 04:00:00+00:00,0.02998,0.03088,0.02988,0.03061,36623911.0
2023-12-16 08:00:00+00:00,0.03061,0.03132,0.03049,0.0312,72267152.0
2023-12-16 12:00:00+00:00,0.0312,0.03147,0.03077,0.03106,85172966.0
2023-12-16 16:00:00+00:00,0.03106,0.03141,0.03031,0.03041,66499252.0
2023-12-16 20:00:00+00:00,0.03041,0.03063,0.02975,0.02992,31049219.0
2023-12-17 00:00:00+00:00,0.02992,0.03021,0.02942,0.02956,25761399.0
2023-12-17 04:00:00+00:00,0.02956,0.03,0.02914,0.02917,27943766.0
2023-12-17 08:00:00+00:00,0.02917,0.03016,0.02912,0.03011,24346832.0
2023-12-17 12:00:00+00:00,0.03011,0.03015,0.02925,0.02999,42183015.0
2023-12-17 16:00:00+00:00,0.02999,0.0303,0.02972,0.03004,29216225.0
2023-12-17 20:00:00+00:00,0.03004,0.03027,0.02915,0.02917,30100987.0
2023-12-18 00:00:00+00:00,0.02917,0.02934,0.02797,0.02821,46532571.0
2023-12-18 04:00:00+00:00,0.02821,0.02845,0.02768,0.02778,27675465.0
2023-12-18 08:00:00+00:00,0.02778,0.02797,0.02646,0.0278,99825776.0
2023-12-18 12:00:00+00:00,0.0278,0.02991,0.02753,0.02932,93412239.0
2023-12-18 16:00:00+00:00,0.02932,0.03094,0.02906,0.03037,80202989.0
2023-12-18 20:00:00+00:00,0.03037,0.03208,0.03033,0.03201,99158319.0
2023-12-19 00:00:00+00:00,0.03201,0.03324,0.0317,0.03274,138743687.0
2023-12-19 04:00:00+00:00,0.03274,0.03334,0.03227,0.03332,88735170.0
2023-12-19 08:00:00+00:00,0.03332,0.0335,0.03245,0.03262,129323566.0
2023-12-19 12:00:00+00:00,0.03262,0.03299,0.03157,0.03236,142438661.0
2023-12-19 16:00:00+00:00,0.03236,0.03339,0.03183,0.03332,136025447.0
2023-12-19 20:00:00+00:00,0.03332,0.03359,0.03258,0.03297,78161980.0
2023-12-20 00:00:00+00:00,0.03297,0.03395,0.03218,0.03346,78791516.0
2023-12-20 04:00:00+00:00,0.03346,0.03545,0.03314,0.03499,107820020.0
2023-12-20 08:00:00+00:00,0.03499,0.03605,0.03483,0.0355,102083527.0
2023-12-20 12:00:00+00:00,0.0355,0.03675,0.03502,0.03613,189029363.0
2023-12-20 16:00:00+00:00,0.03613,0.03696,0.03532,0.03536,181541198.0
2023-12-20 20:00:00+00:00,0.03536,0.03542,0.03427,0.03481,107133565.0
2023-12-21 00:00:00+00:00,0.03481,0.03603,0.03452,0.03545,95561903.0
2023-12-21 04:00:00+00:00,0.03545,0.03585,0.03497,0.03535,54279805.0
2023-12-21 08:00:00+00:00,0.03535,0.0358,0.03485,0.035,67354078.0
2023-12-21 12:00:00+00:00,0.035,0.03528,0.03436,0.03479,108211860.0
2023-12-21 16:00:00+00:00,0.03479,0.03504,0.03438,0.03472,38934391.0
2023-12-21 20:00:00+00:00,0.03472,0.03525,0.03463,0.03494,33514259.0
2023-12-22 00:00:00+00:00,0.03494,0.03571,0.0346,0.03483,83457427.0
2023-12-22 04:00:00+00:00,0.03483,0.0357,0.03377,0.03417,124390971.0
2023-12-22 08:00:00+00:00,0.03417,0.03618,0.03396,0.0358,115060875.0
2023-12-22 12:00:00+00:00,0.0358,0.03604,0.03467,0.03555,69059981.0
2023-12-22 16:00:00+00:00,0.03555,0.03604,0.03515,0.03579,48601639.0
2023-12-22 20:00:00+00:00,0.03579,0.03644,0.03551,0.03611,74870199.0
2023-12-23 00:00:00+00:00,0.03611,0.03619,0.03481,0.03497,55778912.0
2023-12-23 04:00:00+00:00,0.03497,0.03536,0.03471,0.03507,28894760.0
2023-12-23 08:00:00+00:00,0.03507,0.03522,0.03467,0.03487,21462414.0
2023-12-23 12:00:00+00:00,0.03487,0.03512,0.03473,0.03482,22709780.0
2023-12-23 16:00:00+00:00,0.03482,0.03536,0.03461,0.03501,28151530.0
2023-12-23 20:00:00+00:00,0.03501,0.036,0.03499,0.03556,33649902.0
2023-12-24 00:00:00+00:00,0.03556,0.03593,0.03518,0.03541,36224349.0
2023-12-24 04:00:00+00:00,0.03541,0.03581,0.03469,0.03558,41584035.0
2023-12-24 08:00:00+00:00,0.03558,0.03659,0.03519,0.03645,67848121.0
2023-12-24 12:00:00+00:00,0.03645,0.03647,0.03562,0.03598,45690158.0
2023-12-24 16:00:00+00:00,0.03598,0.03609,0.03545,0.03562,30342147.0
2023-12-24 20:00:00+00:00,0.03562,0.03565,0.03378,0.03457,78568078.0
2023-12-25 00:00:00+00:00,0.03457,0.03526,0.03423,0.03489,40644579.0
2023-12-25 04:00:00+00:00,0.03489,0.03683,0.03487,0.03629,51220630.0
2023-12-25 08:00:00+00:00,0.03629,0.03805,0.03621,0.03764,118166724.0
2023-12-25 12:00:00+00:00,0.03764,0.0384,0.03723,0.03776,122867906.0
2023-12-25 16:00:00+00:00,0.03776,0.03796,0.03713,0.03727,41921827.0
2023-12-25 20:00:00+00:00,0.03727,0.03865,0.0371,0.03813,68637174.0
2023-12-26 00:00:00+00:00,0.03813,0.03884,0.03752,0.03758,56633030.0
2023-12-26 04:00:00+00:00,0.03758,0.03804,0.03631,0.03707,78363240.0
2023-12-26 08:00:00+00:00,0.03707,0.03725,0.03632,0.03715,53008965.0
2023-12-26 12:00:00+00:00,0.03715,0.03747,0.03637,0.03641,67853954.0
2023-12-26 16:00:00+00:00,0.03641,0.03679,0.03384,0.03599,150464722.0
2023-12-26 20:00:00+00:00,0.03599,0.0384,0.03597,0.03748,82662336.0
2023-12-27 00:00:00+00:00,0.03748,0.03757,0.03585,0.03625,49396322.0
2023-12-27 04:00:00+00:00,0.03625,0.03769,0.03621,0.03691,42117943.0
2023-12-27 08:00:00+00:00,0.03691,0.03778,0.03676,0.03762,31662203.0
2023-12-27 12:00:00+00:00,0.03762,0.03772,0.03705,0.03751,62823414.0
2023-12-27 16:00:00+00:00,0.03751,0.03778,0.03718,0.03743,29827865.0
2023-12-27 20:00:00+00:00,0.03743,0.03762,0.03672,0.03691,33683078.0
2023-12-28 00:00:00+00:00,0.03691,0.03751,0.03678,0.03702,33299613.0
2023-12-28 04:00:00+00:00,0.03702,0.03722,0.03589,0.03647,59625044.0
2023-12-28 08:00:00+00:00,0.03647,0.03667,0.03606,0.03651,30152100.0
2023-12-28 12:00:00+00:00,0.03651,0.03677,0.03507,0.03554,69307248.0
2023-12-28 16:00:00+00:00,0.03554,0.03587,0.03536,0.03574,22865070.0
2023-12-28 20:00:00+00:00,0.03574,0.03599,0.03518,0.03556,24219878.0
2023-12-29 00:00:00+00:00,0.03556,0.036,0.03433,0.0359,73751403.0
2023-12-29 04:00:00+00:00,0.0359,0.03622,0.03561,0.03568,23291676.0
2023-12-29 08:00:00+00:00,0.03568,0.03658,0.03567,0.03636,31542097.0
2023-12-29 12:00:00+00:00,0.03636,0.0365,0.03489,0.03516,48296920.0
2023-12-29 16:00:00+00:00,0.03516,0.03531,0.03431,0.03521,47912339.0
2023-12-29 20:00:00+00:00,0.03521,0.03527,0.0343,0.0351,27922870.0
2023-12-30 00:00:00+00:00,0.0351,0.03539,0.03468,0.0349,30047508.0
2023-12-30 04:00:00+00:00,0.0349,0.03522,0.03473,0.03476,10596449.0
2023-12-30 08:00:00+00:00,0.03476,0.0348,0.03386,0.03451,52448757.0
2023-12-30 12:00:00+00:00,0.03451,0.035,0.03426,0.03493,24812575.0
2023-12-30 16:00:00+00:00,0.03493,0.03838,0.03487,0.03664,128054247.0
2023-12-30 20:00:00+00:00,0.03664,0.0369,0.03564,0.0357,38542672.0
2023-12-31 00:00:00+00:00,0.0357,0.03587,0.03482,0.035,36547907.0
2023-12-31 04:00:00+00:00,0.035,0.03547,0.03491,0.03534,17094896.0
2023-12-31 08:00:00+00:00,0.03534,0.03546,0.03498,0.03502,28706384.0
2023-12-31 12:00:00+00:00,0.03502,0.03527,0.03484,0.03505,28833303.0
2023-12-31 16:00:00+00:00,0.03505,0.03524,0.03485,0.03496,19018842.0
2023-12-31 20:00:00+00:00,0.03496,0.03502,0.03338,0.03438,87353857.0
2024-01-01 00:00:00+00:00,0.03438,0.03492,0.03421,0.03433,31226428.0
2024-01-01 04:00:00+00:00,0.03433,0.03448,0.03388,0.03427,33021626.0
2024-01-01 08:00:00+00:00,0.03427,0.03474,0.03421,0.03472,27014699.0
2024-01-01 12:00:00+00:00,0.03472,0.03569,0.03455,0.03558,53628783.0
2024-01-01 16:00:00+00:00,0.03558,0.03654,0.03531,0.03645,51530796.0
2024-01-01 20:00:00+00:00,0.03645,0.03671,0.03605,0.03663,37492577.0
2024-01-02 00:00:00+00:00,0.03663,0.03718,0.03631,0.03651,43278487.0
2024-01-02 04:00:00+00:00,0.03651,0.03664,0.03618,0.03654,17930989.0
2024-01-02 08:00:00+00:00,0.03654,0.03684,0.03629,0.03646,40371222.0
2024-01-02 12:00:00+00:00,0.03646,0.03651,0.03512,0.0356,60631435.0
2024-01-02 16:00:00+00:00,0.0356,0.0358,0.03502,0.03511,35262202.0
2024-01-02 20:00:00+00:00,0.03511,0.03539,0.03474,0.03504,22940775.0
2024-01-03 00:00:00+00:00,0.03504,0.03571,0.0349,0.03519,26938962.0
2024-01-03 04:00:00+00:00,0.03519,0.0356,0.03507,0.03519,12348606.0
2024-01-03 08:00:00+00:00,0.03519,0.03566,0.03385,0.03407,56343803.0
2024-01-03 12:00:00+00:00,0.03407,0.03407,0.02728,0.03219,424059926.0
2024-01-03 16:00:00+00:00,0.03219,0.03251,0.03134,0.03201,85300954.0
2024-01-03 20:00:00+00:00,0.03201,0.03246,0.03188,0.03207,30307342.0
2024-01-04 00:00:00+00:00,0.03207,0.03244,0.03148,0.03213,27688140.0
2024-01-04 04:00:00+00:00,0.03213,0.03256,0.03199,0.03199,35570695.0
2024-01-04 08:00:00+00:00,0.03199,0.03214,0.03132,0.03178,46802765.0
2024-01-04 12:00:00+00:00,0.03178,0.03305,0.03164,0.03273,41401019.0
2024-01-04 16:00:00+00:00,0.03273,0.0329,0.03227,0.03252,42314541.0
2024-01-04 20:00:00+00:00,0.03252,0.03311,0.03251,0.03276,25213857.0
2024-01-05 00:00:00+00:00,0.03276,0.03283,0.03101,0.03157,78545934.0
2024-01-05 04:00:00+00:00,0.03157,0.03177,0.03129,0.03132,20469332.0
2024-01-05 08:00:00+00:00,0.03132,0.0318,0.0308,0.03101,38865734.0
2024-01-05 12:00:00+00:00,0.03101,0.03143,0.03013,0.03047,61397128.0
2024-01-05 16:00:00+00:00,0.03047,0.03071,0.02981,0.03046,53645357.0
2024-01-05 20:00:00+00:00,0.03046,0.03113,0.03034,0.03113,22606412.0
2024-01-06 00:00:00+00:00,0.03113,0.03113,0.0304,0.03062,21812773.0
2024-01-06 04:00:00+00:00,0.03062,0.03072,0.02874,0.02951,51588026.0
2024-01-06 08:00:00+00:00,0.02951,0.03012,0.02919,0.02986,31289643.0
2024-01-06 12:00:00+00:00,0.02986,0.02998,0.02912,0.02965,33746318.0
2024-01-06 16:00:00+00:00,0.02965,0.03013,0.02948,0.02978,19461629.0
2024-01-06 20:00:00+00:00,0.02978,0.02995,0.02928,0.02976,19892198.0
2024-01-07 00:00:00+00:00,0.02976,0.03053,0.02966,0.02993,38451007.0
2024-01-07 04:00:00+00:00,0.02993,0.03046,0.02993,0.03023,19225526.0
2024-01-07 08:00:00+00:00,0.03023,0.03027,0.02946,0.02987,38381005.0
2024-01-07 12:00:00+00:00,0.02987,0.0305,0.0296,0.02979,38101766.0
2024-01-07 16:00:00+00:00,0.02979,0.02998,0.02919,0.02978,49027969.0
2024-01-07 20:00:00+00:00,0.02978,0.02984,0.02807,0.02863,56950847.0
2024-01-08 00:00:00+00:00,0.02863,0.02879,0.02693,0.02755,92968879.0
2024-01-08 04:00:00+00:00,0.02755,0.03066,0.02741,0.02999,106123731.0
2024-01-08 08:00:00+00:00,0.02999,0.03055,0.02942,0.03033,93516887.0
2024-01-08 12:00:00+00:00,0.03033,0.03162,0.02978,0.03099,164847840.0
2024-01-08 16:00:00+00:00,0.03099,0.032,0.03052,0.03185,103565856.0
2024-01-08 20:00:00+00:00,0.03185,0.03189,0.03101,0.03112,40813138.0
2024-01-09 00:00:00+00:00,0.03112,0.03122,0.03029,0.03068,57363531.0
2024-01-09 04:00:00+00:00,0.03068,0.03101,0.03038,0.03078,18755281.0
2024-01-09 08:00:00+00:00,0.03078,0.0308,0.02996,0.03017,33808667.0
2024-01-09 12:00:00+00:00,0.03017,0.03026,0.02864,0.02967,103237758.0
2024-01-09 16:00:00+00:00,0.02967,0.02983,0.02922,0.02962,23576388.0
2024-01-09 20:00:00+00:00,0.02962,0.03017,0.02905,0.02998,110180783.0
2024-01-10 00:00:00+00:00,0.02998,0.03034,0.02987,0.03008,29133886.0
2024-01-10 04:00:00+00:00,0.03008,0.03017,0.02966,0.02976,19514608.0
2024-01-10 08:00:00+00:00,0.02976,0.03034,0.02926,0.03006,40729793.0
2024-01-10 12:00:00+00:00,0.03006,0.03006,0.02865,0.02968,60284877.0
2024-01-10 16:00:00+00:00,0.02968,0.03065,0.02957,0.03038,41190410.0
2024-01-10 20:00:00+00:00,0.03038,0.03356,0.02951,0.03266,193284374.0
2024-01-11 00:00:00+00:00,0.03266,0.03277,0.03211,0.03251,45777122.0
2024-01-11 04:00:00+00:00,0.03251,0.03261,0.03153,0.03216,32895962.0
2024-01-11 08:00:00+00:00,0.03216,0.03336,0.03206,0.03332,48363203.0
2024-01-11 12:00:00+00:00,0.03332,0.03433,0.03253,0.03303,118667012.0
2024-01-11 16:00:00+00:00,0.03303,0.03365,0.0322,0.03333,58406433.0
2024-01-11 20:00:00+00:00,0.03333,0.03381,0.03275,0.03304,35616726.0
2024-01-12 00:00:00+00:00,0.03304,0.03333,0.0326,0.03293,27674242.0
2024-01-12 04:00:00+00:00,0.03293,0.03346,0.03276,0.0329,20622517.0
2024-01-12 08:00:00+00:00,0.0329,0.03311,0.03232,0.03286,14588384.0
2024-01-12 12:00:00+00:00,0.03286,0.03315,0.03175,0.03191,40034178.0
2024-01-12 16:00:00+00:00,0.03191,0.03215,0.0307,0.03148,67326263.0
2024-01-12 20:00:00+00:00,0.03148,0.03183,0.0299,0.03079,70399735.0
2024-01-13 00:00:00+00:00,0.03079,0.03095,0.03001,0.03079,23698314.0
2024-01-13 04:00:00+00:00,0.03079,0.03149,0.03064,0.03138,15097771.0
2024-01-13 08:00:00+00:00,0.03138,0.03147,0.03087,0.031,21187395.0
2024-01-13 12:00:00+00:00,0.031,0.03132,0.03074,0.03125,26628561.0
2024-01-13 16:00:00+00:00,0.03125,0.03128,0.03084,0.03116,16125597.0
2024-01-13 20:00:00+00:00,0.03116,0.03122,0.03094,0.03099,7466298.0
2024-01-14 00:00:00+00:00,0.03099,0.03099,0.03037,0.03039,22083942.0
2024-01-14 04:00:00+00:00,0.03039,0.03076,0.03013,0.03065,15687958.0
2024-01-14 08:00:00+00:00,0.03065,0.0309,0.03043,0.03051,16709533.0
2024-01-14 12:00:00+00:00,0.03051,0.03064,0.03022,0.03057,13427124.0
2024-01-14 16:00:00+00:00,0.03057,0.03062,0.02976,0.02985,21612322.0
2024-01-14 20:00:00+00:00,0.02985,0.03019,0.02931,0.02935,41864530.0
2024-01-15 00:00:00+00:00,0.02935,0.03032,0.02926,0.03026,25030882.0
2024-01-15 04:00:00+00:00,0.03026,0.03053,0.02994,0.03006,12360915.0
2024-01-15 08:00:00+00:00,0.03006,0.03045,0.02995,0.03032,16456279.0
2024-01-15 12:00:00+00:00,0.03032,0.03042,0.02966,0.02975,13343129.0
2024-01-15 16:00:00+00:00,0.02975,0.03063,0.02971,0.03052,25712614.0
2024-01-15 20:00:00+00:00,0.03052,0.03072,0.02997,0.03019,20046846.0
2024-01-16 00:00:00+00:00,0.03019,0.03063,0.03015,0.03061,15302257.0
2024-01-16 04:00:00+00:00,0.03061,0.03062,0.03014,0.03053,18161687.0
2024-01-16 08:00:00+00:00,0.03053,0.03068,0.03034,0.03049,19131507.0
2024-01-16 12:00:00+00:00,0.03049,0.03062,0.02973,0.03043,35883034.0
2024-01-16 16:00:00+00:00,0.03043,0.03053,0.0303,0.0305,14250006.0
2024-01-16 20:00:00+00:00,0.0305,0.03071,0.03039,0.03047,14413273.0
2024-01-17 00:00:00+00:00,0.03047,0.0308,0.03028,0.03029,9380907.0
2024-01-17 04:00:00+00:00,0.03029,0.03035,0.02984,0.02992,11076166.0
2024-01-17 08:00:00+00:00,0.02992,0.03024,0.0298,0.02999,18915053.0
2024-01-17 12:00:00+00:00,0.02999,0.03007,0.02946,0.02951,34595427.0
2024-01-17 16:00:00+00:00,0.02951,0.02994,0.02926,0.02991,23068816.0
2024-01-17 20:00:00+00:00,0.02991,0.03014,0.02971,0.0301,16489013.0
2024-01-18 00:00:00+00:00,0.0301,0.03027,0.02974,0.02994,14704733.0
2024-01-18 04:00:00+00:00,0.02994,0.03022,0.02984,0.03014,9482966.0
2024-01-18 08:00:00+00:00,0.03014,0.0302,0.02942,0.02957,20231130.0
2024-01-18 12:00:00+00:00,0.02957,0.0297,0.02906,0.02955,27062426.0
2024-01-18 16:00:00+00:00,0.02955,0.02956,0.02787,0.02805,50967457.0
2024-01-18 20:00:00+00:00,0.02805,0.02866,0.02802,0.02849,18321473.0
2024-01-19 00:00:00+00:00,0.02849,0.02857,0.02775,0.02822,16609134.0
2024-01-19 04:00:00+00:00,0.02822,0.02875,0.02819,0.0285,9489668.0
2024-01-19 08:00:00+00:00,0.0285,0.02884,0.02839,0.02876,7904342.0
2024-01-19 12:00:00+00:00,0.02876,0.02878,0.02787,0.02793,22560259.0
2024-01-19 16:00:00+00:00,0.02793,0.0284,0.02677,0.02838,69576359.0
2024-01-19 20:00:00+00:00,0.02838,0.02863,0.02827,0.02856,9873241.0
2024-01-20 00:00:00+00:00,0.02856,0.02867,0.02818,0.0284,7215388.0
2024-01-20 04:00:00+00:00,0.0284,0.02856,0.02824,0.02838,6171453.0
2024-01-20 08:00:00+00:00,0.02838,0.02846,0.02812,0.02832,10895944.0
2024-01-20 12:00:00+00:00,0.02832,0.02841,0.02807,0.0282,11777962.0
2024-01-20 16:00:00+00:00,0.0282,0.02824,0.02798,0.02816,9469188.0
2024-01-20 20:00:00+00:00,0.02816,0.02858,0.02812,0.02849,10101901.0
2024-01-21 00:00:00+00:00,0.02849,0.02872,0.02832,0.02859,9677842.0
2024-01-21 04:00:00+00:00,0.02859,0.02869,0.02839,0.02851,10113726.0
2024-01-21 08:00:00+00:00,0.02851,0.02867,0.02843,0.02853,5938200.0
2024-01-21 12:00:00+00:00,0.02853,0.02857,0.02823,0.02829,7158317.0
2024-01-21 16:00:00+00:00,0.02829,0.02844,0.0281,0.0284,12266960.0
2024-01-21 20:00:00+00:00,0.0284,0.02844,0.02791,0.02797,13387426.0
2024-01-22 00:00:00+00:00,0.02797,0.02813,0.02733,0.02751,22591665.0
2024-01-22 04:00:00+00:00,0.02751,0.02774,0.02713,0.02746,13914081.0
2024-01-22 08:00:00+00:00,0.02746,0.02748,0.02669,0.02711,31286454.0
2024-01-22 12:00:00+00:00,0.02711,0.02743,0.02656,0.02696,32265561.0
2024-01-22 16:00:00+00:00,0.02696,0.02708,0.02596,0.02636,43217671.0
2024-01-22 20:00:00+00:00,0.02636,0.02698,0.02604,0.02613,30913535.0
2024-01-23 00:00:00+00:00,0.02613,0.02643,0.02583,0.02637,17718168.0
2024-01-23 04:00:00+00:00,0.02637,0.02659,0.02592,0.02599,12354781.0
2024-01-23 08:00:00+00:00,0.02599,0.0261,0.025,0.02531,61173458.0
2024-01-23 12:00:00+00:00,0.02531,0.02591,0.02496,0.02577,34578413.0
2024-01-23 16:00:00+00:00,0.02577,0.02604,0.02558,0.02576,20054855.0
2024-01-23 20:00:00+00:00,0.02576,0.02658,0.02567,0.02658,22224226.0
2024-01-24 00:00:00+00:00,0.02658,0.02691,0.02641,0.02657,18783671.0
2024-01-24 04:00:00+00:00,0.02657,0.02712,0.02645,0.02703,15079077.0
2024-01-24 08:00:00+00:00,0.02703,0.02736,0.02694,0.02718,19968428.0
2024-01-24 12:00:00+00:00,0.02718,0.02735,0.02672,0.02704,28834867.0
2024-01-24 16:00:00+00:00,0.02704,0.02707,0.02648,0.02678,21365309.0
2024-01-24 20:00:00+00:00,0.02678,0.02726,0.02658,0.02712,10575815.0
2024-01-25 00:00:00+00:00,0.02712,0.02719,0.02678,0.02688,9101690.0
2024-01-25 04:00:00+00:00,0.02688,0.0269,0.02652,0.02686,12664407.0
2024-01-25 08:00:00+00:00,0.02686,0.02699,0.02645,0.02678,12458349.0
2024-01-25 12:00:00+00:00,0.02678,0.02686,0.02634,0.02649,19305033.0
2024-01-25 16:00:00+00:00,0.02649,0.0271,0.02637,0.02694,20018472.0
2024-01-25 20:00:00+00:00,0.02694,0.02726,0.02684,0.02704,14711483.0
2024-01-26 00:00:00+00:00,0.02704,0.02713,0.02673,0.02702,10968256.0
2024-01-26 04:00:00+00:00,0.02702,0.02714,0.0268,0.02688,8523969.0
2024-01-26 08:00:00+00:00,0.02688,0.02769,0.02688,0.02763,31055467.0
2024-01-26 12:00:00+00:00,0.02763,0.02784,0.02734,0.02769,28009092.0
2024-01-26 16:00:00+00:00,0.02769,0.02807,0.02767,0.02792,29257278.0
2024-01-26 20:00:00+00:00,0.02792,0.02802,0.02773,0.02794,13642331.0
2024-01-27 00:00:00+00:00,0.02794,0.02811,0.02787,0.02792,11634514.0
2024-01-27 04:00:00+00:00,0.02792,0.02798,0.02753,0.0277,10062213.0
2024-01-27 08:00:00+00:00,0.0277,0.02788,0.02755,0.02783,10156884.0
2024-01-27 12:00:00+00:00,0.02783,0.0282,0.02779,0.02813,14355804.0
2024-01-27 16:00:00+00:00,0.02813,0.0283,0.02808,0.02826,15145676.0
2024-01-27 20:00:00+00:00,0.02826,0.02837,0.0282,0.02828,11427746.0
2024-01-28 00:00:00+00:00,0.02828,0.02851,0.02818,0.02851,9063479.0
2024-01-28 04:00:00+00:00,0.02851,0.02868,0.02828,0.02837,16243158.0
2024-01-28 08:00:00+00:00,0.02837,0.02889,0.02822,0.02868,40880811.0
2024-01-28 12:00:00+00:00,0.02868,0.02883,0.02832,0.02861,28081509.0
2024-01-28 16:00:00+00:00,0.02861,0.02866,0.02799,0.02808,17277098.0
2024-01-28 20:00:00+00:00,0.02808,0.02834,0.02784,0.02798,20058647.0
2024-01-29 00:00:00+00:00,0.02798,0.02841,0.02785,0.02822,20357573.0
2024-01-29 04:00:00+00:00,0.02822,0.02823,0.0278,0.02782,14227839.0
2024-01-29 08:00:00+00:00,0.02782,0.02834,0.02772,0.02819,21590366.0
2024-01-29 12:00:00+00:00,0.02819,0.02845,0.0278,0.02845,18750278.0
2024-01-29 16:00:00+00:00,0.02845,0.0295,0.02838,0.02877,60305487.0
2024-01-29 20:00:00+00:00,0.02877,0.02911,0.02874,0.02903,44649343.0
2024-01-30 00:00:00+00:00,0.02903,0.02923,0.02876,0.02892,22540173.0
2024-01-30 04:00:00+00:00,0.02892,0.02928,0.02872,0.02924,15895360.0
2024-01-30 08:00:00+00:00,0.02924,0.02978,0.02922,0.02941,41005410.0
2024-01-30 12:00:00+00:00,0.02941,0.02943,0.02864,0.02907,32497396.0
2024-01-30 16:00:00+00:00,0.02907,0.0293,0.02889,0.02902,21638568.0
2024-01-30 20:00:00+00:00,0.02902,0.02912,0.02842,0.02858,18286830.0
2024-01-31 00:00:00+00:00,0.02858,0.02869,0.02813,0.02861,27255604.0
2024-01-31 04:00:00+00:00,0.02861,0.02871,0.02839,0.02855,11079573.0
2024-01-31 08:00:00+00:00,0.02855,0.02858,0.02768,0.02802,34377375.0
2024-01-31 12:00:00+00:00,0.02802,0.02843,0.02759,0.02837,25453308.0
2024-01-31 16:00:00+00:00,0.02837,0.02865,0.02821,0.02852,20344948.0
2024-01-31 20:00:00+00:00,0.02852,0.0286,0.02786,0.02822,22711560.0
2024-02-01 00:00:00+00:00,0.02822,0.02838,0.02744,0.02777,21026410.0
2024-02-01 04:00:00+00:00,0.02777,0.02794,0.02753,0.0278,12493868.0
2024-02-01 08:00:00+00:00,0.0278,0.02785,0.02751,0.02758,11181162.0
2024-02-01 12:00:00+00:00,0.02758,0.02816,0.02752,0.02784,14928993.0
2024-02-01 16:00:00+00:00,0.02784,0.02824,0.02764,0.02819,15253894.0
2024-02-01 20:00:00+00:00,0.02819,0.02846,0.0281,0.02846,7198209.0
2024-02-02 00:00:00+00:00,0.02846,0.02873,0.02836,0.02852,8993783.0
2024-02-02 04:00:00+00:00,0.02852,0.02885,0.02835,0.02875,10372681.0
2024-02-02 08:00:00+00:00,0.02875,0.02904,0.02848,0.02888,16948987.0
2024-02-02 12:00:00+00:00,0.02888,0.0291,0.02847,0.02907,14595228.0
2024-02-02 16:00:00+00:00,0.02907,0.02922,0.02877,0.02913,23411246.0
2024-02-02 20:00:00+00:00,0.02913,0.02938,0.02902,0.02933,11400530.0
2024-02-03 00:00:00+00:00,0.02933,0.0296,0.02883,0.02892,22579134.0
2024-02-03 04:00:00+00:00,0.02892,0.02901,0.0288,0.02882,6530524.0
2024-02-03 08:00:00+00:00,0.02882,0.02897,0.02871,0.02884,6360184.0
2024-02-03 12:00:00+00:00,0.02884,0.02889,0.02856,0.02879,14428778.0
2024-02-03 16:00:00+00:00,0.02879,0.02886,0.02863,0.02869,10799869.0
2024-02-03 20:00:00+00:00,0.02869,0.02874,0.0285,0.02854,5013251.0
2024-02-04 00:00:00+00:00,0.02854,0.02871,0.02825,0.02867,9657286.0
2024-02-04 04:00:00+00:00,0.02867,0.02871,0.02802,0.02819,12900372.0
2024-02-04 08:00:00+00:00,0.02819,0.02824,0.02796,0.0282,14896376.0
2024-02-04 12:00:00+00:00,0.0282,0.0283,0.0281,0.02814,7304071.0
2024-02-04 16:00:00+00:00,0.02814,0.02821,0.0277,0.0279,10848877.0
2024-02-04 20:00:00+00:00,0.0279,0.02808,0.02755,0.02764,14543569.0
2024-02-05 00:00:00+00:00,0.02764,0.02769,0.02714,0.02768,14786753.0
2024-02-05 04:00:00+00:00,0.02768,0.02815,0.02768,0.028,12934324.0
2024-02-05 08:00:00+00:00,0.028,0.02814,0.02787,0.02805,7489230.0
2024-02-05 12:00:00+00:00,0.02805,0.0283,0.02768,0.02773,18977810.0
2024-02-05 16:00:00+00:00,0.02773,0.02802,0.02768,0.02783,7530720.0
2024-02-05 20:00:00+00:00,0.02783,0.02789,0.0275,0.02781,10194630.0
2024-02-06 00:00:00+00:00,0.02781,0.02801,0.0277,0.02788,5180927.0
2024-02-06 04:00:00+00:00,0.02788,0.02791,0.02775,0.02787,2886952.0
2024-02-06 08:00:00+00:00,0.02787,0.02803,0.02763,0.02794,22194577.0
2024-02-06 12:00:00+00:00,0.02794,0.02829,0.02787,0.02825,28632958.0
2024-02-06 16:00:00+00:00,0.02825,0.0283,0.02779,0.02807,28630647.0
2024-02-06 20:00:00+00:00,0.02807,0.02811,0.02792,0.02796,6366430.0
2024-02-07 00:00:00+00:00,0.02796,0.0281,0.02789,0.0279,4550929.0
2024-02-07 04:00:00+00:00,0.0279,0.02795,0.02768,0.02774,10398821.0
2024-02-07 08:00:00+00:00,0.02774,0.02794,0.02766,0.0278,6993539.0
2024-02-07 12:00:00+00:00,0.0278,0.02791,0.02762,0.02777,12332259.0
2024-02-07 16:00:00+00:00,0.02777,0.02839,0.02776,0.02824,18827212.0
2024-02-07 20:00:00+00:00,0.02824,0.02883,0.02823,0.02876,9917644.0
2024-02-08 00:00:00+00:00,0.02876,0.02913,0.02876,0.02894,21260378.0
2024-02-08 04:00:00+00:00,0.02894,0.02904,0.02868,0.02898,7592126.0
2024-02-08 08:00:00+00:00,0.02898,0.02916,0.02894,0.02896,17025793.0
2024-02-08 12:00:00+00:00,0.02896,0.02921,0.02856,0.02918,25226806.0
2024-02-08 16:00:00+00:00,0.02918,0.02921,0.0287,0.02888,15278657.0
2024-02-08 20:00:00+00:00,0.02888,0.02907,0.02882,0.02884,5866623.0
2024-02-09 00:00:00+00:00,0.02884,0.02935,0.02884,0.02912,19010188.0
2024-02-09 04:00:00+00:00,0.02912,0.02932,0.02912,0.02923,7708446.0
2024-02-09 08:00:00+00:00,0.02923,0.02962,0.02921,0.02958,13467688.0
2024-02-09 12:00:00+00:00,0.02958,0.02994,0.02925,0.02942,45254821.0
2024-02-09 16:00:00+00:00,0.02942,0.02992,0.02939,0.02973,20635453.0
2024-02-09 20:00:00+00:00,0.02973,0.02991,0.02963,0.02976,13130063.0
2024-02-10 00:00:00+00:00,0.02976,0.02997,0.02972,0.02985,9013845.0
2024-02-10 04:00:00+00:00,0.02985,0.03012,0.02976,0.0298,18602119.0
2024-02-10 08:00:00+00:00,0.0298,0.0299,0.02907,0.02941,23411014.0
2024-02-10 12:00:00+00:00,0.02941,0.02972,0.02935,0.02963,15447099.0
2024-02-10 16:00:00+00:00,0.02963,0.02982,0.02955,0.02972,11288006.0
2024-02-10 20:00:00+00:00,0.02972,0.03004,0.02967,0.02972,16519933.0
2024-02-11 00:00:00+00:00,0.02972,0.03007,0.02961,0.03007,8908101.0
2024-02-11 04:00:00+00:00,0.03007,0.03021,0.0299,0.03007,12686754.0
2024-02-11 08:00:00+00:00,0.03007,0.03028,0.02988,0.03018,25014625.0
2024-02-11 12:00:00+00:00,0.03018,0.03109,0.0299,0.03071,62110300.0
2024-02-11 16:00:00+00:00,0.03071,0.03083,0.03027,0.03031,18931700.0
2024-02-11 20:00:00+00:00,0.03031,0.03043,0.02992,0.03025,22776973.0
2024-02-12 00:00:00+00:00,0.03025,0.03096,0.03005,0.0305,35086896.0
2024-02-12 04:00:00+00:00,0.0305,0.0305,0.02993,0.03024,18642788.0
2024-02-12 08:00:00+00:00,0.03024,0.03044,0.02966,0.02982,34446358.0
2024-02-12 12:00:00+00:00,0.02982,0.03122,0.02966,0.03108,38534671.0
2024-02-12 16:00:00+00:00,0.03108,0.03181,0.03079,0.03139,53928593.0
2024-02-12 20:00:00+00:00,0.03139,0.03162,0.03129,0.03149,32515406.0
2024-02-13 00:00:00+00:00,0.03149,0.03191,0.03117,0.03124,33766105.0
2024-02-13 04:00:00+00:00,0.03124,0.03197,0.03124,0.03196,15459819.0
2024-02-13 08:00:00+00:00,0.03196,0.03213,0.03167,0.03174,33156742.0
2024-02-13 12:00:00+00:00,0.03174,0.03187,0.03057,0.03149,71019517.0
2024-02-13 16:00:00+00:00,0.03149,0.03189,0.03116,0.03187,26479107.0
2024-02-13 20:00:00+00:00,0.03187,0.03284,0.03186,0.03265,48017611.0
2024-02-14 00:00:00+00:00,0.03265,0.03325,0.03208,0.0332,29399125.0
2024-02-14 04:00:00+00:00,0.0332,0.03526,0.0332,0.03459,132463825.0
2024-02-14 08:00:00+00:00,0.03459,0.03573,0.03443,0.03507,133729953.0
2024-02-14 12:00:00+00:00,0.03507,0.03519,0.03434,0.03458,98747184.0
2024-02-14 16:00:00+00:00,0.03458,0.03528,0.03421,0.03518,83406221.0
2024-02-14 20:00:00+00:00,0.03518,0.03622,0.03509,0.03588,72649441.0
2024-02-15 00:00:00+00:00,0.03588,0.03783,0.03534,0.03714,141207817.0
2024-02-15 04:00:00+00:00,0.03714,0.0387,0.03684,0.03831,181418215.0
2024-02-15 08:00:00+00:00,0.03831,0.04765,0.03787,0.04728,844689410.0
2024-02-15 12:00:00+00:00,0.04728,0.049,0.04331,0.04383,1344874630.0
2024-02-15 16:00:00+00:00,0.04383,0.04636,0.04318,0.04576,419034911.0
2024-02-15 20:00:00+00:00,0.04576,0.04608,0.04368,0.0459,357793631.0
2024-02-16 00:00:00+00:00,0.0459,0.04728,0.04398,0.04613,523377434.0
2024-02-16 04:00:00+00:00,0.04613,0.05031,0.04573,0.04785,780054033.0
2024-02-16 08:00:00+00:00,0.04785,0.05157,0.04764,0.0489,845195659.0
2024-02-16 12:00:00+00:00,0.0489,0.04938,0.04571,0.04754,439331522.0
2024-02-16 16:00:00+00:00,0.04754,0.04765,0.04571,0.04585,203694575.0
2024-02-16 20:00:00+00:00,0.04585,0.04689,0.04571,0.04635,117633646.0
2024-02-17 00:00:00+00:00,0.04635,0.04777,0.0461,0.04723,241591085.0
2024-02-17 04:00:00+00:00,0.04723,0.04768,0.0464,0.04656,132994190.0
2024-02-17 08:00:00+00:00,0.04656,0.0466,0.04434,0.04472,245223915.0
2024-02-17 12:00:00+00:00,0.04472,0.04488,0.04316,0.04406,268741151.0
2024-02-17 16:00:00+00:00,0.04406,0.04559,0.044,0.04549,130802520.0
2024-02-17 20:00:00+00:00,0.04549,0.04583,0.04508,0.04545,106255678.0
2024-02-18 00:00:00+00:00,0.04545,0.04576,0.04403,0.04411,149539573.0
2024-02-18 04:00:00+00:00,0.04411,0.045,0.0436,0.04478,116506959.0
2024-02-18 08:00:00+00:00,0.04478,0.04499,0.04433,0.0445,66430388.0
2024-02-18 12:00:00+00:00,0.0445,0.0462,0.04427,0.04509,161604122.0
2024-02-18 16:00:00+00:00,0.04509,0.04596,0.04495,0.04536,89302781.0
2024-02-18 20:00:00+00:00,0.04536,0.04604,0.04463,0.04561,80832706.0
2024-02-19 00:00:00+00:00,0.04561,0.04824,0.04554,0.0459,183523673.0
2024-02-19 04:00:00+00:00,0.0459,0.0463,0.04506,0.04576,73098731.0
2024-02-19 08:00:00+00:00,0.04576,0.04591,0.04465,0.0453,78565801.0
2024-02-19 12:00:00+00:00,0.0453,0.04561,0.04468,0.04516,66360111.0
2024-02-19 16:00:00+00:00,0.04516,0.04564,0.04467,0.0456,50597607.0
2024-02-19 20:00:00+00:00,0.0456,0.04563,0.04477,0.04482,38714559.0
2024-02-20 00:00:00+00:00,0.04482,0.04541,0.04338,0.04366,107001654.0
2024-02-20 04:00:00+00:00,0.04366,0.04493,0.04357,0.04445,56448537.0
2024-02-20 08:00:00+00:00,0.04445,0.0447,0.04338,0.04453,71287807.0
2024-02-20 12:00:00+00:00,0.04453,0.04517,0.04079,0.04264,209779686.0
2024-02-20 16:00:00+00:00,0.04264,0.04388,0.04161,0.04386,92092573.0
2024-02-20 20:00:00+00:00,0.04386,0.04501,0.04353,0.04431,78564812.0
2024-02-21 00:00:00+00:00,0.04431,0.04497,0.04358,0.04374,42880040.0
2024-02-21 04:00:00+00:00,0.04374,0.04384,0.04218,0.04254,59528451.0
2024-02-21 08:00:00+00:00,0.04254,0.04298,0.04151,0.04198,80485611.0
2024-02-21 12:00:00+00:00,0.04198,0.04279,0.04104,0.0422,129944155.0
2024-02-21 16:00:00+00:00,0.0422,0.04272,0.04142,0.04212,41481354.0
2024-02-21 20:00:00+00:00,0.04212,0.04352,0.04198,0.04344,59203030.0
2024-02-22 00:00:00+00:00,0.04344,0.04349,0.0416,0.04308,56226219.0
2024-02-22 04:00:00+00:00,0.04308,0.04413,0.04252,0.04399,65250678.0
2024-02-22 08:00:00+00:00,0.04399,0.04691,0.04398,0.04601,270678364.0
2024-02-22 12:00:00+00:00,0.04601,0.04647,0.04418,0.04468,153620764.0
2024-02-22 16:00:00+00:00,0.04468,0.04609,0.04432,0.0453,93363693.0
2024-02-22 20:00:00+00:00,0.0453,0.04617,0.04478,0.0449,79546580.0
2024-02-23 00:00:00+00:00,0.0449,0.04533,0.04392,0.04433,78338039.0
2024-02-23 04:00:00+00:00,0.04433,0.04675,0.04384,0.04517,152938661.0
2024-02-23 08:00:00+00:00,0.04517,0.04615,0.04441,0.04592,118471362.0
2024-02-23 12:00:00+00:00,0.04592,0.04605,0.04355,0.04391,120423168.0
2024-02-23 16:00:00+00:00,0.04391,0.04457,0.04306,0.04443,85362312.0
2024-02-23 20:00:00+00:00,0.04443,0.04466,0.04315,0.04363,45030621.0
2024-02-24 00:00:00+00:00,0.04363,0.04363,0.04236,0.04309,72380325.0
2024-02-24 04:00:00+00:00,0.04309,0.04356,0.04293,0.04349,37677817.0
2024-02-24 08:00:00+00:00,0.04349,0.04394,0.04321,0.0438,44716707.0
2024-02-24 12:00:00+00:00,0.0438,0.04388,0.0433,0.04332,33300569.0
2024-02-24 16:00:00+00:00,0.04332,0.04453,0.0433,0.04436,39986038.0
2024-02-24 20:00:00+00:00,0.04436,0.04504,0.04405,0.04452,38643532.0
2024-02-25 00:00:00+00:00,0.04452,0.04569,0.04414,0.04542,64462556.0
2024-02-25 04:00:00+00:00,0.04542,0.04599,0.04471,0.04492,67595100.0
2024-02-25 08:00:00+00:00,0.04492,0.04534,0.04461,0.04478,43401616.0
2024-02-25 12:00:00+00:00,0.04478,0.04505,0.04423,0.04439,48542114.0
2024-02-25 16:00:00+00:00,0.04439,0.04539,0.04426,0.04533,50162376.0
2024-02-25 20:00:00+00:00,0.04533,0.04543,0.04484,0.04509,42153458.0
2024-02-26 00:00:00+00:00,0.04509,0.04767,0.04505,0.0467,175682364.0
2024-02-26 04:00:00+00:00,0.0467,0.0487,0.04666,0.04747,173373358.0
2024-02-26 08:00:00+00:00,0.04747,0.04935,0.04633,0.04838,254561928.0
2024-02-26 12:00:00+00:00,0.04838,0.05034,0.04813,0.04906,301884018.0
2024-02-26 16:00:00+00:00,0.04906,0.05107,0.0489,0.05016,203128583.0
2024-02-26 20:00:00+00:00,0.05016,0.05151,0.04956,0.05071,128933721.0
2024-02-27 00:00:00+00:00,0.05071,0.05195,0.04901,0.0491,216966153.0
2024-02-27 04:00:00+00:00,0.0491,0.0498,0.04895,0.04918,59308838.0
2024-02-27 08:00:00+00:00,0.04918,0.04979,0.04839,0.04889,77741009.0
2024-02-27 12:00:00+00:00,0.04889,0.04898,0.04771,0.04803,99203419.0
2024-02-27 16:00:00+00:00,0.04803,0.04859,0.04762,0.04817,49781188.0
2024-02-27 20:00:00+00:00,0.04817,0.04952,0.04796,0.04896,42680491.0
2024-02-28 00:00:00+00:00,0.04896,0.04897,0.04807,0.04811,41601093.0
2024-02-28 04:00:00+00:00,0.04811,0.05057,0.04799,0.05054,76224769.0
2024-02-28 08:00:00+00:00,0.05054,0.05524,0.05005,0.05215,484890867.0
2024-02-28 12:00:00+00:00,0.05215,0.05254,0.05017,0.05112,247100865.0
2024-02-28 16:00:00+00:00,0.05112,0.05197,0.04311,0.04773,485668203.0
2024-02-28 20:00:00+00:00,0.04773,0.04955,0.04719,0.04871,103785003.0
2024-02-29 00:00:00+00:00,0.04871,0.04881,0.04767,0.04795,104532355.0
2024-02-29 04:00:00+00:00,0.04795,0.05036,0.04774,0.05023,115648941.0
2024-02-29 08:00:00+00:00,0.05023,0.05032,0.04912,0.04944,127327979.0
2024-02-29 12:00:00+00:00,0.04944,0.05008,0.04873,0.04948,96124012.0
2024-02-29 16:00:00+00:00,0.04948,0.04958,0.0478,0.04886,133824825.0
2024-02-29 20:00:00+00:00,0.04886,0.04915,0.04623,0.04782,104015165.0
2024-03-01 00:00:00+00:00,0.04782,0.04853,0.04761,0.0481,44045241.0
2024-03-01 04:00:00+00:00,0.0481,0.04852,0.04766,0.04777,25634897.0
2024-03-01 08:00:00+00:00,0.04777,0.04883,0.04768,0.04832,34307396.0
2024-03-01 12:00:00+00:00,0.04832,0.04892,0.04781,0.04796,48176274.0
2024-03-01 16:00:00+00:00,0.04796,0.04902,0.04791,0.0486,25791772.0
2024-03-01 20:00:00+00:00,0.0486,0.04911,0.04832,0.04889,33012843.0
2024-03-02 00:00:00+00:00,0.04889,0.04985,0.04859,0.04961,58800116.0
2024-03-02 04:00:00+00:00,0.04961,0.05082,0.0496,0.05036,78397786.0
2024-03-02 08:00:00+00:00,0.05036,0.05068,0.04912,0.0502,69859161.0
2024-03-02 12:00:00+00:00,0.0502,0.05055,0.04911,0.0497,44950800.0
2024-03-02 16:00:00+00:00,0.0497,0.05092,0.04942,0.05043,40579305.0
2024-03-02 20:00:00+00:00,0.05043,0.05158,0.04995,0.05147,55470654.0
2024-03-03 00:00:00+00:00,0.05147,0.05158,0.04967,0.05021,81642908.0
2024-03-03 04:00:00+00:00,0.05021,0.05037,0.04531,0.04776,177839685.0
2024-03-03 08:00:00+00:00,0.04776,0.04893,0.04733,0.04872,92600679.0
2024-03-03 12:00:00+00:00,0.04872,0.04922,0.04836,0.04892,48515071.0
2024-03-03 16:00:00+00:00,0.04892,0.04968,0.04862,0.04927,55681749.0
2024-03-03 20:00:00+00:00,0.04927,0.04949,0.04878,0.04913,25185836.0
2024-03-04 00:00:00+00:00,0.04913,0.04962,0.04816,0.04858,60431246.0
2024-03-04 04:00:00+00:00,0.04858,0.0532,0.04825,0.05145,93454232.0
2024-03-04 08:00:00+00:00,0.05145,0.05223,0.0495,0.05071,115516848.0
2024-03-04 12:00:00+00:00,0.05071,0.0515,0.04964,0.05073,95453789.0
2024-03-04 16:00:00+00:00,0.05073,0.05074,0.04794,0.04971,114876497.0
2024-03-04 20:00:00+00:00,0.04971,0.04996,0.04898,0.04958,39900882.0
2024-03-05 00:00:00+00:00,0.04958,0.04963,0.04805,0.04905,56474498.0
2024-03-05 04:00:00+00:00,0.04905,0.04999,0.0476,0.04903,109185200.0
2024-03-05 08:00:00+00:00,0.04903,0.05007,0.04858,0.0491,45969037.0
2024-03-05 12:00:00+00:00,0.0491,0.04978,0.04765,0.04798,116035229.0
2024-03-05 16:00:00+00:00,0.04798,0.04831,0.03762,0.04166,436246218.0
2024-03-05 20:00:00+00:00,0.04166,0.04455,0.04105,0.04433,176560968.0
2024-03-06 00:00:00+00:00,0.04433,0.0454,0.04282,0.04354,64835435.0
2024-03-06 04:00:00+00:00,0.04354,0.04639,0.04348,0.04638,59851455.0
2024-03-06 08:00:00+00:00,0.04638,0.04696,0.04524,0.04611,93552378.0
2024-03-06 12:00:00+00:00,0.04611,0.04628,0.04413,0.04495,187220889.0
2024-03-06 16:00:00+00:00,0.04495,0.04665,0.04462,0.04617,55683690.0
2024-03-06 20:00:00+00:00,0.04617,0.04751,0.0458,0.04704,39345315.0
2024-03-07 00:00:00+00:00,0.04704,0.04807,0.04684,0.04743,76716929.0
2024-03-07 04:00:00+00:00,0.04743,0.04784,0.04615,0.04738,67318705.0
2024-03-07 08:00:00+00:00,0.04738,0.04839,0.04718,0.04804,37757233.0
2024-03-07 12:00:00+00:00,0.04804,0.04839,0.0469,0.04765,68961249.0
2024-03-07 16:00:00+00:00,0.04765,0.04822,0.04737,0.04811,26741111.0
2024-03-07 20:00:00+00:00,0.04811,0.0487,0.04796,0.04844,27871350.0
2024-03-08 00:00:00+00:00,0.04844,0.04883,0.04753,0.04776,32807703.0
2024-03-08 04:00:00+00:00,0.04776,0.04799,0.0473,0.04782,21219562.0
2024-03-08 08:00:00+00:00,0.04782,0.04801,0.0475,0.04785,20444426.0
2024-03-08 12:00:00+00:00,0.04785,0.04794,0.04506,0.04651,141077257.0
2024-03-08 16:00:00+00:00,0.04651,0.04735,0.04552,0.04699,109892938.0
2024-03-08 20:00:00+00:00,0.04699,0.0476,0.04696,0.04739,22610385.0
2024-03-09 00:00:00+00:00,0.04739,0.04809,0.04719,0.04803,27437886.0
2024-03-09 04:00:00+00:00,0.04803,0.04859,0.04795,0.04837,27442120.0
2024-03-09 08:00:00+00:00,0.04837,0.04854,0.04744,0.0485,61261159.0
2024-03-09 12:00:00+00:00,0.0485,0.05077,0.04838,0.04935,139800181.0
2024-03-09 16:00:00+00:00,0.04935,0.05043,0.0492,0.04943,64245324.0
2024-03-09 20:00:00+00:00,0.04943,0.04999,0.04916,0.04943,32793478.0
2024-03-10 00:00:00+00:00,0.04943,0.04979,0.04883,0.04918,50367008.0
2024-03-10 04:00:00+00:00,0.04918,0.04933,0.04883,0.0492,33997539.0
2024-03-10 08:00:00+00:00,0.0492,0.04962,0.04815,0.04837,51850226.0
2024-03-10 12:00:00+00:00,0.04837,0.04879,0.04705,0.04779,72267795.0
2024-03-10 16:00:00+00:00,0.04779,0.04846,0.04771,0.04826,20132278.0
2024-03-10 20:00:00+00:00,0.04826,0.04857,0.04686,0.04804,52405535.0
2024-03-11 00:00:00+00:00,0.04804,0.04816,0.04543,0.04743,97302759.0
2024-03-11 04:00:00+00:00,0.04743,0.04883,0.04698,0.04856,65613886.0
2024-03-11 08:00:00+00:00,0.04856,0.04994,0.04843,0.04871,76069116.0
2024-03-11 12:00:00+00:00,0.04871,0.04947,0.0481,0.04896,64102649.0
2024-03-11 16:00:00+00:00,0.04896,0.05023,0.04836,0.04976,82198762.0
2024-03-11 20:00:00+00:00,0.04976,0.05065,0.04969,0.05047,39325338.0
2024-03-12 00:00:00+00:00,0.05047,0.05154,0.04949,0.04954,70820252.0
2024-03-12 04:00:00+00:00,0.04954,0.05003,0.04829,0.04873,71689341.0
2024-03-12 08:00:00+00:00,0.04873,0.04904,0.04756,0.0485,65736492.0
2024-03-12 12:00:00+00:00,0.0485,0.04951,0.04778,0.04876,111037408.0
2024-03-12 16:00:00+00:00,0.04876,0.04887,0.04594,0.04871,138940266.0
2024-03-12 20:00:00+00:00,0.04871,0.04887,0.04774,0.04879,33824954.0
2024-03-13 00:00:00+00:00,0.04879,0.04977,0.04867,0.04962,53858172.0
2024-03-13 04:00:00+00:00,0.04962,0.05007,0.04916,0.04977,36895133.0
2024-03-13 08:00:00+00:00,0.04977,0.05023,0.04953,0.04968,44966505.0
2024-03-13 12:00:00+00:00,0.04968,0.04983,0.04791,0.04852,84095536.0
2024-03-13 16:00:00+00:00,0.04852,0.04939,0.04822,0.04939,39581915.0
2024-03-13 20:00:00+00:00,0.04939,0.04961,0.04878,0.04917,50035822.0
2024-03-14 00:00:00+00:00,0.04917,0.0495,0.04851,0.04871,35333303.0
2024-03-14 04:00:00+00:00,0.04871,0.04879,0.04794,0.04847,34312094.0
2024-03-14 08:00:00+00:00,0.04847,0.0491,0.04769,0.0481,50206409.0
2024-03-14 12:00:00+00:00,0.0481,0.04843,0.04618,0.04662,99432203.0
2024-03-14 16:00:00+00:00,0.04662,0.04768,0.0448,0.04583,119446390.0
2024-03-14 20:00:00+00:00,0.04583,0.04767,0.04575,0.04737,39139504.0
2024-03-15 00:00:00+00:00,0.04737,0.0478,0.04257,0.04447,195810224.0
2024-03-15 04:00:00+00:00,0.04447,0.04523,0.04343,0.04485,85130042.0
2024-03-15 08:00:00+00:00,0.04485,0.0449,0.04106,0.04321,220644741.0
2024-03-15 12:00:00+00:00,0.04321,0.04406,0.04286,0.04345,51697018.0
2024-03-15 16:00:00+00:00,0.04345,0.04546,0.04298,0.04408,73618376.0
2024-03-15 20:00:00+00:00,0.04408,0.04481,0.04286,0.04468,42166692.0
2024-03-16 00:00:00+00:00,0.04468,0.04498,0.04425,0.04463,26452947.0
2024-03-16 04:00:00+00:00,0.04463,0.04528,0.04383,0.04524,23982138.0
2024-03-16 08:00:00+00:00,0.04524,0.04533,0.04365,0.04407,41069228.0
2024-03-16 12:00:00+00:00,0.04407,0.04407,0.04196,0.04314,58640544.0
2024-03-16 16:00:00+00:00,0.04314,0.04314,0.04009,0.04071,87950585.0
2024-03-16 20:00:00+00:00,0.04071,0.04136,0.03941,0.04052,53085169.0
2024-03-17 00:00:00+00:00,0.04052,0.04118,0.0398,0.04116,42089637.0
2024-03-17 04:00:00+00:00,0.04116,0.04117,0.03821,0.0394,51632399.0
2024-03-17 08:00:00+00:00,0.0394,0.04207,0.03927,0.04141,44572722.0
2024-03-17 12:00:00+00:00,0.04141,0.04231,0.04056,0.0423,43027862.0
2024-03-17 16:00:00+00:00,0.0423,0.043,0.04195,0.0426,35794348.0
2024-03-17 20:00:00+00:00,0.0426,0.04279,0.04182,0.04214,24837518.0
2024-03-18 00:00:00+00:00,0.04214,0.04214,0.04069,0.04187,42905810.0
2024-03-18 04:00:00+00:00,0.04187,0.04247,0.04144,0.04173,35556704.0
2024-03-18 08:00:00+00:00,0.04173,0.04184,0.04065,0.04142,91518630.0
2024-03-18 12:00:00+00:00,0.04142,0.04159,0.03937,0.04027,99141400.0
2024-03-18 16:00:00+00:00,0.04027,0.04064,0.03903,0.03954,58230850.0
2024-03-18 20:00:00+00:00,0.03954,0.04168,0.03954,0.0408,46180551.0
2024-03-19 00:00:00+00:00,0.0408,0.04116,0.03841,0.04011,177709027.0
2024-03-19 04:00:00+00:00,0.04011,0.04066,0.03703,0.0397,230257929.0
2024-03-19 08:00:00+00:00,0.0397,0.03971,0.03664,0.0386,358392443.0
2024-03-19 12:00:00+00:00,0.0386,0.04051,0.03821,0.04048,161922444.0
2024-03-19 16:00:00+00:00,0.04048,0.04099,0.03987,0.04018,90309231.0
2024-03-19 20:00:00+00:00,0.04018,0.04029,0.03723,0.03801,95741579.0
2024-03-20 00:00:00+00:00,0.03801,0.03933,0.03774,0.03801,96560861.0
2024-03-20 04:00:00+00:00,0.03801,0.03962,0.0367,0.03942,117447351.0
2024-03-20 08:00:00+00:00,0.03942,0.04019,0.03885,0.03988,65716280.0
2024-03-20 12:00:00+00:00,0.03988,0.04042,0.0389,0.03909,64320497.0
2024-03-20 16:00:00+00:00,0.03909,0.04167,0.03767,0.04157,148102044.0
2024-03-20 20:00:00+00:00,0.04157,0.04258,0.04135,0.04248,63356542.0
2024-03-21 00:00:00+00:00,0.04248,0.04285,0.04146,0.04174,61766245.0
2024-03-21 04:00:00+00:00,0.04174,0.04204,0.0408,0.04169,60394405.0
2024-03-21 08:00:00+00:00,0.04169,0.04224,0.04156,0.04185,47211093.0
2024-03-21 12:00:00+00:00,0.04185,0.04229,0.04121,0.0416,53281462.0
2024-03-21 16:00:00+00:00,0.0416,0.04235,0.04052,0.04139,62935540.0
2024-03-21 20:00:00+00:00,0.04139,0.04194,0.04088,0.04163,22571599.0
2024-03-22 00:00:00+00:00,0.04163,0.04217,0.04082,0.04194,35095968.0
2024-03-22 04:00:00+00:00,0.04194,0.04249,0.04163,0.04218,25769812.0
2024-03-22 08:00:00+00:00,0.04218,0.04246,0.04035,0.04048,56823631.0
2024-03-22 12:00:00+00:00,0.04048,0.04099,0.0393,0.04038,70417556.0
2024-03-22 16:00:00+00:00,0.04038,0.0404,0.03973,0.04016,22570287.0
2024-03-22 20:00:00+00:00,0.04016,0.04047,0.03927,0.04044,20324289.0
2024-03-23 00:00:00+00:00,0.04044,0.0409,0.03985,0.04035,17032728.0
2024-03-23 04:00:00+00:00,0.04035,0.04123,0.0403,0.04099,16623458.0
2024-03-23 08:00:00+00:00,0.04099,0.04129,0.04068,0.04125,12570198.0
2024-03-23 12:00:00+00:00,0.04125,0.04177,0.04113,0.04164,20735462.0
2024-03-23 16:00:00+00:00,0.04164,0.04215,0.04145,0.04168,24841287.0
2024-03-23 20:00:00+00:00,0.04168,0.04175,0.04104,0.04113,21019246.0
2024-03-24 00:00:00+00:00,0.04113,0.04197,0.0411,0.04114,20664750.0
2024-03-24 04:00:00+00:00,0.04114,0.04169,0.04092,0.04153,11482987.0
2024-03-24 08:00:00+00:00,0.04153,0.04208,0.04148,0.04187,15800023.0
2024-03-24 12:00:00+00:00,0.04187,0.04212,0.0416,0.04174,30153399.0
2024-03-24 16:00:00+00:00,0.04174,0.04199,0.04099,0.04193,31717434.0
2024-03-24 20:00:00+00:00,0.04193,0.04285,0.0418,0.04261,32147725.0
2024-03-25 00:00:00+00:00,0.04261,0.04317,0.04235,0.04304,23781499.0
2024-03-25 04:00:00+00:00,0.04304,0.04332,0.04258,0.04263,18837881.0
2024-03-25 08:00:00+00:00,0.04263,0.04359,0.0426,0.04293,36969844.0
2024-03-25 12:00:00+00:00,0.04293,0.04447,0.04271,0.04429,55991702.0
2024-03-25 16:00:00+00:00,0.04429,0.04512,0.04417,0.04512,44863041.0
2024-03-25 20:00:00+00:00,0.04512,0.04526,0.04409,0.04474,39746782.0
2024-03-26 00:00:00+00:00,0.04474,0.04547,0.04466,0.0452,26685215.0
2024-03-26 04:00:00+00:00,0.0452,0.04581,0.04502,0.04537,20805765.0
2024-03-26 08:00:00+00:00,0.04537,0.04622,0.04514,0.04606,27743390.0
2024-03-26 12:00:00+00:00,0.04606,0.04632,0.04411,0.04476,83371187.0
2024-03-26 16:00:00+00:00,0.04476,0.04502,0.04364,0.04402,55968357.0
2024-03-26 20:00:00+00:00,0.04402,0.04519,0.044,0.04506,26482861.0
2024-03-27 00:00:00+00:00,0.04506,0.04552,0.04454,0.04459,17935102.0
2024-03-27 04:00:00+00:00,0.04459,0.04481,0.04336,0.04376,43069876.0
2024-03-27 08:00:00+00:00,0.04376,0.04667,0.04307,0.04626,186457293.0
2024-03-27 12:00:00+00:00,0.04626,0.04633,0.04338,0.04371,186336773.0
2024-03-27 16:00:00+00:00,0.04371,0.04453,0.0431,0.04376,47475661.0
2024-03-27 20:00:00+00:00,0.04376,0.04494,0.04371,0.04439,21624905.0
2024-03-28 00:00:00+00:00,0.04439,0.04493,0.04293,0.04329,54277679.0
2024-03-28 04:00:00+00:00,0.04329,0.04512,0.04327,0.04481,29029256.0
2024-03-28 08:00:00+00:00,0.04481,0.04504,0.04441,0.04477,27101791.0
2024-03-28 12:00:00+00:00,0.04477,0.04532,0.04399,0.04522,42937270.0
2024-03-28 16:00:00+00:00,0.04522,0.0472,0.04459,0.04666,84963709.0
2024-03-28 20:00:00+00:00,0.04666,0.04802,0.04647,0.04684,85184571.0
2024-03-29 00:00:00+00:00,0.04684,0.04706,0.04543,0.04568,45181107.0
2024-03-29 04:00:00+00:00,0.04568,0.04634,0.04505,0.0452,28969419.0
2024-03-29 08:00:00+00:00,0.0452,0.04645,0.04509,0.04601,41873369.0
2024-03-29 12:00:00+00:00,0.04601,0.04729,0.04541,0.04552,56863063.0
2024-03-29 16:00:00+00:00,0.04552,0.04656,0.04551,0.04622,28810982.0
2024-03-29 20:00:00+00:00,0.04622,0.04754,0.04562,0.04714,33027413.0
2024-03-30 00:00:00+00:00,0.04714,0.04721,0.04613,0.04622,29283254.0
2024-03-30 04:00:00+00:00,0.04622,0.04658,0.04557,0.0456,40932681.0
2024-03-30 08:00:00+00:00,0.0456,0.04595,0.04551,0.04584,17794247.0
2024-03-30 12:00:00+00:00,0.04584,0.04612,0.04554,0.04575,19671497.0
2024-03-30 16:00:00+00:00,0.04575,0.0458,0.04503,0.04549,31427125.0
2024-03-30 20:00:00+00:00,0.04549,0.0456,0.0446,0.04492,30918380.0
2024-03-31 00:00:00+00:00,0.04492,0.04519,0.04454,0.04474,14966171.0
2024-03-31 04:00:00+00:00,0.04474,0.04614,0.04458,0.04564,25887795.0
2024-03-31 08:00:00+00:00,0.04564,0.0459,0.04533,0.04549,13496184.0
2024-03-31 12:00:00+00:00,0.04549,0.04702,0.04543,0.04602,53821034.0
2024-03-31 16:00:00+00:00,0.04602,0.04651,0.04596,0.04618,28216802.0
2024-03-31 20:00:00+00:00,0.04618,0.0464,0.04563,0.04619,18220304.0
2024-04-01 00:00:00+00:00,0.04619,0.04723,0.04613,0.04691,34519983.0
2024-04-01 04:00:00+00:00,0.04691,0.04758,0.04457,0.04642,129582356.0
2024-04-01 08:00:00+00:00,0.04642,0.04647,0.04467,0.04474,39131552.0
2024-04-01 12:00:00+00:00,0.04474,0.0461,0.04331,0.04345,90137595.0
2024-04-01 16:00:00+00:00,0.04345,0.04443,0.04305,0.04435,51836099.0
2024-04-01 20:00:00+00:00,0.04435,0.04461,0.04406,0.04436,14015959.0
2024-04-02 00:00:00+00:00,0.04436,0.04436,0.04129,0.04189,133099910.0
2024-04-02 04:00:00+00:00,0.04189,0.04252,0.04134,0.04198,35007835.0
2024-04-02 08:00:00+00:00,0.04198,0.04211,0.04041,0.04104,89638619.0
2024-04-02 12:00:00+00:00,0.04104,0.04182,0.04018,0.04091,54274579.0
2024-04-02 16:00:00+00:00,0.04091,0.04173,0.04068,0.04151,51407187.0
2024-04-02 20:00:00+00:00,0.04151,0.04163,0.04094,0.04108,14915564.0
2024-04-03 00:00:00+00:00,0.04108,0.04213,0.03991,0.04209,51286451.0
2024-04-03 04:00:00+00:00,0.04209,0.04301,0.04182,0.04251,33786610.0
2024-04-03 08:00:00+00:00,0.04251,0.04314,0.04192,0.04217,42660925.0
2024-04-03 12:00:00+00:00,0.04217,0.0426,0.04134,0.04151,53310428.0
2024-04-03 16:00:00+00:00,0.04151,0.04195,0.04039,0.0408,38153979.0
2024-04-03 20:00:00+00:00,0.0408,0.04117,0.03998,0.04083,32336753.0
2024-04-04 00:00:00+00:00,0.04083,0.0414,0.0402,0.0403,23797703.0
2024-04-04 04:00:00+00:00,0.0403,0.04131,0.03982,0.04115,24065207.0
2024-04-04 08:00:00+00:00,0.04115,0.04194,0.04106,0.04172,17314136.0
2024-04-04 12:00:00+00:00,0.04172,0.0429,0.04166,0.04239,28008519.0
2024-04-04 16:00:00+00:00,0.04239,0.04305,0.04204,0.04212,25413801.0
2024-04-04 20:00:00+00:00,0.04212,0.04214,0.04111,0.0418,30009761.0
2024-04-05 00:00:00+00:00,0.0418,0.04211,0.04083,0.04142,18584281.0
2024-04-05 04:00:00+00:00,0.04142,0.04142,0.04002,0.04028,24431772.0
2024-04-05 08:00:00+00:00,0.04028,0.04079,0.03944,0.03952,38579129.0
2024-04-05 12:00:00+00:00,0.03952,0.04096,0.03888,0.04094,73796316.0
2024-04-05 16:00:00+00:00,0.04094,0.041,0.04029,0.04057,22642197.0
2024-04-05 20:00:00+00:00,0.04057,0.04076,0.04034,0.04037,8405025.0
2024-04-06 00:00:00+00:00,0.04037,0.04084,0.0401,0.0407,13321538.0
2024-04-06 04:00:00+00:00,0.0407,0.04094,0.04039,0.04066,12497218.0
2024-04-06 08:00:00+00:00,0.04066,0.04102,0.04065,0.04071,11079333.0
2024-04-06 12:00:00+00:00,0.04071,0.04094,0.04036,0.04093,11755681.0
2024-04-06 16:00:00+00:00,0.04093,0.04149,0.04092,0.04112,12618971.0
2024-04-06 20:00:00+00:00,0.04112,0.04201,0.04106,0.04155,8439298.0
2024-04-07 00:00:00+00:00,0.04155,0.04218,0.04152,0.0419,10282421.0
2024-04-07 04:00:00+00:00,0.0419,0.04245,0.04176,0.04216,18248958.0
2024-04-07 08:00:00+00:00,0.04216,0.04258,0.04215,0.04255,16748981.0
2024-04-07 12:00:00+00:00,0.04255,0.04344,0.04239,0.04287,37382025.0
2024-04-07 16:00:00+00:00,0.04287,0.04325,0.04221,0.04237,24035330.0
2024-04-07 20:00:00+00:00,0.04237,0.04281,0.04212,0.04257,21889720.0
2024-04-08 00:00:00+00:00,0.04257,0.04278,0.04145,0.04165,42804968.0
2024-04-08 04:00:00+00:00,0.04165,0.04315,0.04145,0.04304,24927562.0
2024-04-08 08:00:00+00:00,0.04304,0.04598,0.04298,0.04519,92121815.0
2024-04-08 12:00:00+00:00,0.04519,0.04782,0.04491,0.04689,186143254.0
2024-04-08 16:00:00+00:00,0.04689,0.04728,0.04609,0.04647,48063072.0
2024-04-08 20:00:00+00:00,0.04647,0.04712,0.04604,0.04685,26494800.0
2024-04-09 00:00:00+00:00,0.04685,0.04712,0.04547,0.04556,56868505.0
2024-04-09 04:00:00+00:00,0.04556,0.04651,0.04507,0.04519,59616883.0
2024-04-09 08:00:00+00:00,0.04519,0.04584,0.04449,0.04538,54955167.0
2024-04-09 12:00:00+00:00,0.04538,0.04565,0.04345,0.04422,79272877.0
2024-04-09 16:00:00+00:00,0.04422,0.04445,0.04351,0.04403,27284557.0
2024-04-09 20:00:00+00:00,0.04403,0.0443,0.04339,0.04361,15391691.0
2024-04-10 00:00:00+00:00,0.04361,0.04508,0.04322,0.04464,61965853.0
2024-04-10 04:00:00+00:00,0.04464,0.0463,0.04444,0.04578,62753218.0
2024-04-10 08:00:00+00:00,0.04578,0.04578,0.04394,0.04435,53551893.0
2024-04-10 12:00:00+00:00,0.04435,0.04452,0.04206,0.04374,142473652.0
2024-04-10 16:00:00+00:00,0.04374,0.04524,0.04341,0.04524,50687666.0
2024-04-10 20:00:00+00:00,0.04524,0.04669,0.04463,0.04654,44741418.0
2024-04-11 00:00:00+00:00,0.04654,0.04813,0.04553,0.04756,81935061.0
2024-04-11 04:00:00+00:00,0.04756,0.04932,0.04683,0.04874,95396822.0
2024-04-11 08:00:00+00:00,0.04874,0.04912,0.04701,0.04711,75376059.0
2024-04-11 12:00:00+00:00,0.04711,0.04829,0.04677,0.04765,89748022.0
2024-04-11 16:00:00+00:00,0.04765,0.04804,0.04683,0.04739,63777781.0
2024-04-11 20:00:00+00:00,0.04739,0.04858,0.04719,0.04814,45067715.0
2024-04-12 00:00:00+00:00,0.04814,0.05156,0.04698,0.04725,251744944.0
2024-04-12 04:00:00+00:00,0.04725,0.04836,0.04706,0.04748,79566502.0
2024-04-12 08:00:00+00:00,0.04748,0.05073,0.04725,0.05049,132932129.0
2024-04-12 12:00:00+00:00,0.05049,0.05074,0.04701,0.04741,169689799.0
2024-04-12 16:00:00+00:00,0.04741,0.04755,0.04027,0.04226,500358436.0
2024-04-12 20:00:00+00:00,0.04226,0.04327,0.04202,0.04301,83585354.0
2024-04-13 00:00:00+00:00,0.04301,0.04346,0.03959,0.04336,170254358.0
2024-04-13 04:00:00+00:00,0.04336,0.04546,0.04308,0.0447,168743515.0
2024-04-13 08:00:00+00:00,0.0447,0.04714,0.04363,0.04601,197835453.0
2024-04-13 12:00:00+00:00,0.04601,0.04629,0.04371,0.04423,149078425.0
2024-04-13 16:00:00+00:00,0.04423,0.04449,0.03788,0.0389,365196108.0
2024-04-13 20:00:00+00:00,0.0389,0.04146,0.03489,0.04006,597549079.0
2024-04-14 00:00:00+00:00,0.04006,0.04025,0.03759,0.03868,156853651.0
2024-04-14 04:00:00+00:00,0.03868,0.04111,0.03856,0.04087,91407992.0
2024-04-14 08:00:00+00:00,0.04087,0.04115,0.03935,0.03978,77522771.0
2024-04-14 12:00:00+00:00,0.03978,0.04241,0.03977,0.04041,156998036.0
2024-04-14 16:00:00+00:00,0.04041,0.04115,0.03862,0.03992,163248591.0
2024-04-14 20:00:00+00:00,0.03992,0.04373,0.03931,0.04307,108601717.0
2024-04-15 00:00:00+00:00,0.04307,0.04463,0.04251,0.04408,165788637.0
2024-04-15 04:00:00+00:00,0.04408,0.0475,0.04322,0.04568,201957094.0
2024-04-15 08:00:00+00:00,0.04568,0.04628,0.04485,0.04497,98779893.0
2024-04-15 12:00:00+00:00,0.04497,0.04602,0.04271,0.04363,161070513.0
2024-04-15 16:00:00+00:00,0.04363,0.04378,0.03991,0.04144,185451958.0
2024-04-15 20:00:00+00:00,0.04144,0.042,0.04053,0.04131,58255594.0
2024-04-16 00:00:00+00:00,0.04131,0.0414,0.03945,0.03951,79073677.0
2024-04-16 04:00:00+00:00,0.03951,0.04118,0.03862,0.04055,99848732.0
2024-04-16 08:00:00+00:00,0.04055,0.04058,0.03834,0.0395,114437349.0
2024-04-16 12:00:00+00:00,0.0395,0.03953,0.038,0.03821,96474480.0
2024-04-16 16:00:00+00:00,0.03821,0.03981,0.03789,0.03908,72556564.0
2024-04-16 20:00:00+00:00,0.03908,0.04039,0.03896,0.03982,42424549.0
2024-04-17 00:00:00+00:00,0.03982,0.04054,0.03931,0.04022,47633589.0
2024-04-17 04:00:00+00:00,0.04022,0.04082,0.03986,0.04024,37323753.0
2024-04-17 08:00:00+00:00,0.04024,0.0405,0.03882,0.03886,37458185.0
2024-04-17 12:00:00+00:00,0.03886,0.03924,0.03713,0.03737,95431212.0
2024-04-17 16:00:00+00:00,0.03737,0.03948,0.03688,0.03838,68915904.0
2024-04-17 20:00:00+00:00,0.03838,0.03894,0.03788,0.03795,23529101.0
2024-04-18 00:00:00+00:00,0.03795,0.03885,0.03696,0.03836,37896953.0
2024-04-18 04:00:00+00:00,0.03836,0.03871,0.03706,0.0373,24272956.0
2024-04-18 08:00:00+00:00,0.0373,0.03938,0.03695,0.03882,32437569.0
2024-04-18 12:00:00+00:00,0.03882,0.04007,0.03795,0.03951,55300566.0
2024-04-18 16:00:00+00:00,0.03951,0.03989,0.03867,0.0398,23385844.0
2024-04-18 20:00:00+00:00,0.0398,0.04017,0.03945,0.03962,13905460.0
2024-04-19 00:00:00+00:00,0.03962,0.04087,0.03651,0.03833,130623255.0
2024-04-19 04:00:00+00:00,0.03833,0.04127,0.03827,0.04061,74979611.0
2024-04-19 08:00:00+00:00,0.04061,0.04134,0.04028,0.04095,40353664.0
2024-04-19 12:00:00+00:00,0.04095,0.04139,0.04006,0.04064,39021014.0
2024-04-19 16:00:00+00:00,0.04064,0.04096,0.04001,0.04096,25349179.0
2024-04-19 20:00:00+00:00,0.04096,0.04125,0.03977,0.04046,21379105.0
2024-04-20 00:00:00+00:00,0.04046,0.04108,0.03984,0.04054,22021915.0
2024-04-20 04:00:00+00:00,0.04054,0.04139,0.04044,0.04121,21910405.0
2024-04-20 08:00:00+00:00,0.04121,0.04126,0.04033,0.04072,13348090.0
2024-04-20 12:00:00+00:00,0.04072,0.04199,0.04069,0.04197,22940147.0
2024-04-20 16:00:00+00:00,0.04197,0.04259,0.04141,0.04232,41616211.0
2024-04-20 20:00:00+00:00,0.04232,0.04256,0.04208,0.04237,34682196.0
2024-04-21 00:00:00+00:00,0.04237,0.04255,0.04131,0.04223,24385144.0
2024-04-21 04:00:00+00:00,0.04223,0.04239,0.04185,0.04223,13896721.0
2024-04-21 08:00:00+00:00,0.04223,0.04242,0.04173,0.04224,19774558.0
2024-04-21 12:00:00+00:00,0.04224,0.04288,0.04161,0.04192,33296957.0
2024-04-21 16:00:00+00:00,0.04192,0.04199,0.04089,0.0412,39226334.0
2024-04-21 20:00:00+00:00,0.0412,0.04193,0.04106,0.04124,14489227.0
2024-04-22 00:00:00+00:00,0.04124,0.04247,0.04109,0.04222,37302687.0
2024-04-22 04:00:00+00:00,0.04222,0.04254,0.04194,0.04194,17845523.0
2024-04-22 08:00:00+00:00,0.04194,0.04224,0.04164,0.04176,14570885.0
2024-04-22 12:00:00+00:00,0.04176,0.04211,0.04128,0.04195,31985483.0
2024-04-22 16:00:00+00:00,0.04195,0.04257,0.04171,0.04252,13105324.0
2024-04-22 20:00:00+00:00,0.04252,0.04306,0.04245,0.04258,19030303.0
2024-04-23 00:00:00+00:00,0.04258,0.04341,0.04201,0.04204,22139949.0
2024-04-23 04:00:00+00:00,0.04204,0.04255,0.04139,0.04162,35275180.0
2024-04-23 08:00:00+00:00,0.04162,0.04226,0.0414,0.04193,22436181.0
2024-04-23 12:00:00+00:00,0.04193,0.04229,0.04137,0.04185,24123620.0
2024-04-23 16:00:00+00:00,0.04185,0.04235,0.04172,0.04225,11147299.0
2024-04-23 20:00:00+00:00,0.04225,0.0423,0.04147,0.04156,13120758.0
2024-04-24 00:00:00+00:00,0.04156,0.04243,0.04141,0.04212,50151968.0
2024-04-24 04:00:00+00:00,0.04212,0.04329,0.04201,0.04261,34018695.0
2024-04-24 08:00:00+00:00,0.04261,0.04286,0.04191,0.04264,55470604.0
2024-04-24 12:00:00+00:00,0.04264,0.04294,0.04007,0.04018,99981417.0
2024-04-24 16:00:00+00:00,0.04018,0.04112,0.03956,0.0402,47062458.0
2024-04-24 20:00:00+00:00,0.0402,0.04046,0.03918,0.03969,26986988.0
2024-04-25 00:00:00+00:00,0.03969,0.04024,0.03927,0.03941,31175253.0
2024-04-25 04:00:00+00:00,0.03941,0.03978,0.03885,0.03925,31770571.0
2024-04-25 08:00:00+00:00,0.03925,0.03972,0.03861,0.03913,39093315.0
2024-04-25 12:00:00+00:00,0.03913,0.04017,0.03848,0.04009,42270035.0
2024-04-25 16:00:00+00:00,0.04009,0.04039,0.03969,0.04003,31151868.0
2024-04-25 20:00:00+00:00,0.04003,0.04049,0.03972,0.03976,12687084.0
2024-04-26 00:00:00+00:00,0.03976,0.03986,0.03869,0.03938,29403457.0
2024-04-26 04:00:00+00:00,0.03938,0.03978,0.03914,0.03915,14276385.0
2024-04-26 08:00:00+00:00,0.03915,0.03974,0.03909,0.03922,17902811.0
2024-04-26 12:00:00+00:00,0.03922,0.03992,0.03857,0.03923,28087293.0
2024-04-26 16:00:00+00:00,0.03923,0.03986,0.03901,0.03959,12340087.0
2024-04-26 20:00:00+00:00,0.03959,0.03989,0.03919,0.03926,8036598.0
2024-04-27 00:00:00+00:00,0.03926,0.03942,0.03751,0.03906,60205924.0
2024-04-27 04:00:00+00:00,0.03906,0.0392,0.0385,0.03851,10483953.0
2024-04-27 08:00:00+00:00,0.03851,0.03881,0.03813,0.03835,11214311.0
2024-04-27 12:00:00+00:00,0.03835,0.03923,0.03827,0.03864,26668929.0
2024-04-27 16:00:00+00:00,0.03864,0.03967,0.03835,0.03935,22940524.0
2024-04-27 20:00:00+00:00,0.03935,0.03945,0.03906,0.03925,16208843.0
2024-04-28 00:00:00+00:00,0.03925,0.04023,0.03924,0.0402,11840691.0
2024-04-28 04:00:00+00:00,0.0402,0.04054,0.03975,0.04035,15607957.0
2024-04-28 08:00:00+00:00,0.04035,0.04055,0.0394,0.03952,24780151.0
2024-04-28 12:00:00+00:00,0.03952,0.04028,0.0395,0.03992,15958801.0
2024-04-28 16:00:00+00:00,0.03992,0.04023,0.03981,0.03997,9461220.0
2024-04-28 20:00:00+00:00,0.03997,0.04009,0.03915,0.03936,13956522.0
2024-04-29 00:00:00+00:00,0.03936,0.04035,0.03861,0.03863,27992151.0
2024-04-29 04:00:00+00:00,0.03863,0.04016,0.03812,0.03856,64484036.0
2024-04-29 08:00:00+00:00,0.03856,0.03872,0.03803,0.0382,16759706.0
2024-04-29 12:00:00+00:00,0.0382,0.039,0.03788,0.03894,49766446.0
2024-04-29 16:00:00+00:00,0.03894,0.03905,0.03843,0.03878,13259529.0
2024-04-29 20:00:00+00:00,0.03878,0.03977,0.03839,0.03948,19151238.0
2024-04-30 00:00:00+00:00,0.03948,0.04033,0.03867,0.03929,33355926.0
2024-04-30 04:00:00+00:00,0.03929,0.03935,0.03868,0.0388,18604512.0
2024-04-30 08:00:00+00:00,0.0388,0.03887,0.03647,0.03666,66973411.0
2024-04-30 12:00:00+00:00,0.03666,0.03676,0.0356,0.0358,57311244.0
2024-04-30 16:00:00+00:00,0.0358,0.0359,0.03502,0.03516,64092890.0
2024-04-30 20:00:00+00:00,0.03516,0.0365,0.03516,0.03602,35876230.0
2024-05-01 00:00:00+00:00,0.03602,0.03612,0.03495,0.03564,32366775.0
2024-05-01 04:00:00+00:00,0.03564,0.03595,0.03367,0.03392,77743910.0
2024-05-01 08:00:00+00:00,0.03392,0.03448,0.03293,0.03445,60624150.0
2024-05-01 12:00:00+00:00,0.03445,0.03507,0.03347,0.03373,35202013.0
2024-05-01 16:00:00+00:00,0.03373,0.03582,0.0333,0.03455,84303289.0
2024-05-01 20:00:00+00:00,0.03455,0.0354,0.03424,0.0352,26188796.0
2024-05-02 00:00:00+00:00,0.0352,0.03532,0.03385,0.0345,34015046.0
2024-05-02 04:00:00+00:00,0.0345,0.03464,0.03401,0.03432,12698262.0
2024-05-02 08:00:00+00:00,0.03432,0.03525,0.03426,0.0351,16105468.0
2024-05-02 12:00:00+00:00,0.0351,0.03535,0.03433,0.03515,25735449.0
2024-05-02 16:00:00+00:00,0.03515,0.03541,0.03488,0.0352,14920333.0
2024-05-02 20:00:00+00:00,0.0352,0.03554,0.03483,0.03506,26476828.0
2024-05-03 00:00:00+00:00,0.03506,0.03576,0.03487,0.03539,15510256.0
2024-05-03 04:00:00+00:00,0.03539,0.03558,0.03501,0.03508,15643387.0
2024-05-03 08:00:00+00:00,0.03508,0.0353,0.03462,0.03511,24362994.0
2024-05-03 12:00:00+00:00,0.03511,0.03701,0.03495,0.03682,70802157.0
2024-05-03 16:00:00+00:00,0.03682,0.03725,0.03674,0.03699,23235719.0
2024-05-03 20:00:00+00:00,0.03699,0.0376,0.03683,0.0372,30566983.0
2024-05-04 00:00:00+00:00,0.0372,0.03737,0.03662,0.03699,16876276.0
2024-05-04 04:00:00+00:00,0.03699,0.03722,0.03671,0.03678,11382115.0
2024-05-04 08:00:00+00:00,0.03678,0.03771,0.03673,0.03719,20227475.0
2024-05-04 12:00:00+00:00,0.03719,0.03785,0.03711,0.03719,22479364.0
2024-05-04 16:00:00+00:00,0.03719,0.03753,0.03697,0.03748,16783389.0
2024-05-04 20:00:00+00:00,0.03748,0.03755,0.03702,0.03709,7566025.0
2024-05-05 00:00:00+00:00,0.03709,0.03741,0.03635,0.03665,25402259.0
2024-05-05 04:00:00+00:00,0.03665,0.0372,0.03636,0.03703,12346907.0
2024-05-05 08:00:00+00:00,0.03703,0.03727,0.03687,0.03705,9706261.0
2024-05-05 12:00:00+00:00,0.03705,0.03746,0.03683,0.03741,14883615.0
2024-05-05 16:00:00+00:00,0.03741,0.03763,0.03711,0.03716,12668203.0
2024-05-05 20:00:00+00:00,0.03716,0.0374,0.03698,0.03732,11793950.0
2024-05-06 00:00:00+00:00,0.03732,0.03782,0.03697,0.03722,14008089.0
2024-05-06 04:00:00+00:00,0.03722,0.03791,0.03717,0.03786,14292154.0
2024-05-06 08:00:00+00:00,0.03786,0.03867,0.03718,0.03805,93772286.0
2024-05-06 12:00:00+00:00,0.03805,0.03823,0.03603,0.03665,112645912.0
2024-05-06 16:00:00+00:00,0.03665,0.03683,0.03591,0.03622,35200522.0
2024-05-06 20:00:00+00:00,0.03622,0.03646,0.03589,0.0359,13712718.0
2024-05-07 00:00:00+00:00,0.0359,0.03642,0.03533,0.03565,41543807.0
2024-05-07 04:00:00+00:00,0.03565,0.03612,0.03548,0.03596,23336488.0
2024-05-07 08:00:00+00:00,0.03596,0.03678,0.03585,0.03605,25934143.0
2024-05-07 12:00:00+00:00,0.03605,0.0369,0.03597,0.03648,18360180.0
2024-05-07 16:00:00+00:00,0.03648,0.0366,0.03595,0.03604,11170912.0
2024-05-07 20:00:00+00:00,0.03604,0.03637,0.03542,0.0355,23581358.0
2024-05-08 00:00:00+00:00,0.0355,0.03581,0.0352,0.03563,17243449.0
2024-05-08 04:00:00+00:00,0.03563,0.0357,0.03481,0.03504,27240253.0
2024-05-08 08:00:00+00:00,0.03504,0.0353,0.03478,0.03499,19263500.0
2024-05-08 12:00:00+00:00,0.03499,0.03615,0.03479,0.03578,54539937.0
2024-05-08 16:00:00+00:00,0.03578,0.03611,0.03538,0.03565,16977467.0
2024-05-08 20:00:00+00:00,0.03565,0.03584,0.03491,0.0351,22734719.0
2024-05-09 00:00:00+00:00,0.0351,0.0354,0.03492,0.03537,7769336.0
2024-05-09 04:00:00+00:00,0.03537,0.03563,0.03501,0.03511,7643370.0
2024-05-09 08:00:00+00:00,0.03511,0.03519,0.03426,0.03481,20904195.0
2024-05-09 12:00:00+00:00,0.03481,0.03539,0.03453,0.03516,23992485.0
2024-05-09 16:00:00+00:00,0.03516,0.03542,0.03477,0.0353,22092069.0
2024-05-09 20:00:00+00:00,0.0353,0.03586,0.03524,0.03565,12307679.0
2024-05-10 00:00:00+00:00,0.03565,0.03611,0.03549,0.03587,27925311.0
2024-05-10 04:00:00+00:00,0.03587,0.03636,0.03573,0.03625,9510050.0
2024-05-10 08:00:00+00:00,0.03625,0.03639,0.03586,0.03625,13230189.0
2024-05-10 12:00:00+00:00,0.03625,0.03641,0.03443,0.03475,45694861.0
2024-05-10 16:00:00+00:00,0.03475,0.03496,0.03423,0.03461,35726759.0
2024-05-10 20:00:00+00:00,0.03461,0.03479,0.03431,0.03462,10000080.0
2024-05-11 00:00:00+00:00,0.03462,0.03523,0.03457,0.03474,11722848.0
2024-05-11 04:00:00+00:00,0.03474,0.03531,0.03468,0.0352,8089994.0
2024-05-11 08:00:00+00:00,0.0352,0.03529,0.03476,0.03491,16850857.0
2024-05-11 12:00:00+00:00,0.03491,0.03519,0.0347,0.035,15261439.0
2024-05-11 16:00:00+00:00,0.035,0.03501,0.0346,0.03474,9292645.0
2024-05-11 20:00:00+00:00,0.03474,0.03474,0.03425,0.03437,6432815.0
2024-05-12 00:00:00+00:00,0.03437,0.03452,0.0342,0.03423,9391095.0
2024-05-12 04:00:00+00:00,0.03423,0.03458,0.03405,0.03422,8436554.0
2024-05-12 08:00:00+00:00,0.03422,0.03486,0.03422,0.03464,8571158.0
2024-05-12 12:00:00+00:00,0.03464,0.03503,0.03457,0.03493,5747885.0
2024-05-12 16:00:00+00:00,0.03493,0.03513,0.03444,0.03453,13782716.0
2024-05-12 20:00:00+00:00,0.03453,0.03454,0.03408,0.03433,8309550.0
2024-05-13 00:00:00+00:00,0.03433,0.03451,0.03276,0.03301,53569349.0
2024-05-13 04:00:00+00:00,0.03301,0.03394,0.0326,0.03383,31545569.0
2024-05-13 08:00:00+00:00,0.03383,0.03453,0.03383,0.03408,21085466.0
2024-05-13 12:00:00+00:00,0.03408,0.0342,0.03368,0.03397,20556280.0
2024-05-13 16:00:00+00:00,0.03397,0.03452,0.03331,0.03366,29125365.0
2024-05-13 20:00:00+00:00,0.03366,0.03394,0.03356,0.03368,6901672.0
2024-05-14 00:00:00+00:00,0.03368,0.03396,0.03319,0.03359,15486707.0
2024-05-14 04:00:00+00:00,0.03359,0.03424,0.03319,0.03386,18325485.0
2024-05-14 08:00:00+00:00,0.03386,0.03393,0.03346,0.03348,7717597.0
2024-05-14 12:00:00+00:00,0.03348,0.03376,0.03293,0.03347,26685006.0
2024-05-14 16:00:00+00:00,0.03347,0.03367,0.03311,0.03348,10366201.0
2024-05-14 20:00:00+00:00,0.03348,0.03367,0.03323,0.03332,5293606.0
2024-05-15 00:00:00+00:00,0.03332,0.03379,0.03313,0.03356,8255695.0
2024-05-15 04:00:00+00:00,0.03356,0.0338,0.03343,0.03377,6381171.0
2024-05-15 08:00:00+00:00,0.03377,0.0341,0.03332,0.0337,20142368.0
2024-05-15 12:00:00+00:00,0.0337,0.03525,0.0336,0.0347,68209886.0
2024-05-15 16:00:00+00:00,0.0347,0.03543,0.03453,0.03541,19336806.0
2024-05-15 20:00:00+00:00,0.03541,0.0356,0.03527,0.03541,18966304.0
2024-05-16 00:00:00+00:00,0.03541,0.0358,0.03522,0.03573,14823704.0
2024-05-16 04:00:00+00:00,0.03573,0.03643,0.03528,0.03629,49169179.0
2024-05-16 08:00:00+00:00,0.03629,0.03643,0.03565,0.03603,38240758.0
2024-05-16 12:00:00+00:00,0.03603,0.03604,0.03486,0.03535,49692388.0
2024-05-16 16:00:00+00:00,0.03535,0.03547,0.03484,0.03507,20950478.0
2024-05-16 20:00:00+00:00,0.03507,0.03536,0.03495,0.03529,9301937.0
2024-05-17 00:00:00+00:00,0.03529,0.03536,0.0348,0.03523,14566280.0
2024-05-17 04:00:00+00:00,0.03523,0.03621,0.03493,0.03615,23136348.0
2024-05-17 08:00:00+00:00,0.03615,0.03628,0.03575,0.03603,25008282.0
2024-05-17 12:00:00+00:00,0.03603,0.03658,0.03573,0.03653,31613274.0
2024-05-17 16:00:00+00:00,0.03653,0.03669,0.03576,0.03602,34439120.0
2024-05-17 20:00:00+00:00,0.03602,0.03618,0.03589,0.03599,10879311.0
2024-05-18 00:00:00+00:00,0.03599,0.0363,0.03579,0.03629,6899983.0
2024-05-18 04:00:00+00:00,0.03629,0.03632,0.03593,0.03603,7768710.0
2024-05-18 08:00:00+00:00,0.03603,0.03607,0.03574,0.03586,30376617.0
2024-05-18 12:00:00+00:00,0.03586,0.03587,0.03519,0.03553,27138777.0
2024-05-18 16:00:00+00:00,0.03553,0.03583,0.0354,0.03551,11344761.0
2024-05-18 20:00:00+00:00,0.03551,0.03558,0.03521,0.03526,5531831.0
2024-05-19 00:00:00+00:00,0.03526,0.03555,0.03521,0.03539,5951988.0
2024-05-19 04:00:00+00:00,0.03539,0.0354,0.03494,0.03521,8737648.0
2024-05-19 08:00:00+00:00,0.03521,0.03523,0.03475,0.03498,11498944.0
2024-05-19 12:00:00+00:00,0.03498,0.03498,0.03419,0.03468,27168376.0
2024-05-19 16:00:00+00:00,0.03468,0.03488,0.03427,0.03433,19446889.0
2024-05-19 20:00:00+00:00,0.03433,0.03445,0.03387,0.03427,11311044.0
2024-05-20 00:00:00+00:00,0.03427,0.03464,0.03357,0.0345,19112535.0
2024-05-20 04:00:00+00:00,0.0345,0.03508,0.03381,0.03432,21787184.0
2024-05-20 08:00:00+00:00,0.03432,0.03462,0.03426,0.03447,7044494.0
2024-05-20 12:00:00+00:00,0.03447,0.03466,0.03404,0.03466,12218109.0
2024-05-20 16:00:00+00:00,0.03466,0.0362,0.03465,0.03614,33159945.0
2024-05-20 20:00:00+00:00,0.03614,0.03693,0.03582,0.03687,33728410.0
2024-05-21 00:00:00+00:00,0.03687,0.03754,0.03642,0.03678,33824395.0
2024-05-21 04:00:00+00:00,0.03678,0.03724,0.03661,0.03705,14652437.0
2024-05-21 08:00:00+00:00,0.03705,0.03725,0.03642,0.03653,27197183.0
2024-05-21 12:00:00+00:00,0.03653,0.03724,0.03631,0.0364,21298649.0
2024-05-21 16:00:00+00:00,0.0364,0.03686,0.03602,0.03618,20038897.0
2024-05-21 20:00:00+00:00,0.03618,0.03673,0.03614,0.03656,11054611.0
2024-05-22 00:00:00+00:00,0.03656,0.03666,0.03622,0.03632,6263542.0
2024-05-22 04:00:00+00:00,0.03632,0.03668,0.03568,0.03648,18603575.0
2024-05-22 08:00:00+00:00,0.03648,0.0368,0.03606,0.03607,30456886.0
2024-05-22 12:00:00+00:00,0.03607,0.03656,0.03528,0.0365,51910014.0
2024-05-22 16:00:00+00:00,0.0365,0.0368,0.03583,0.03603,25915176.0
2024-05-22 20:00:00+00:00,0.03603,0.03636,0.03561,0.03591,18546261.0
2024-05-23 00:00:00+00:00,0.03591,0.03629,0.03565,0.03625,10031054.0
2024-05-23 04:00:00+00:00,0.03625,0.03659,0.03604,0.03643,10463671.0
2024-05-23 08:00:00+00:00,0.03643,0.03651,0.03586,0.03646,26866408.0
2024-05-23 12:00:00+00:00,0.03646,0.03672,0.0345,0.03522,100886309.0
2024-05-23 16:00:00+00:00,0.03522,0.03533,0.03425,0.03472,69385370.0
2024-05-23 20:00:00+00:00,0.03472,0.03545,0.03326,0.03515,112111590.0
2024-05-24 00:00:00+00:00,0.03515,0.03539,0.03487,0.03531,8976876.0
2024-05-24 04:00:00+00:00,0.03531,0.03547,0.03413,0.03462,19083202.0
2024-05-24 08:00:00+00:00,0.03462,0.0349,0.03408,0.03486,11841419.0
2024-05-24 12:00:00+00:00,0.03486,0.03545,0.03479,0.03497,16553368.0
2024-05-24 16:00:00+00:00,0.03497,0.03545,0.03466,0.0353,12014194.0
2024-05-24 20:00:00+00:00,0.0353,0.03541,0.03516,0.03539,7694662.0
2024-05-25 00:00:00+00:00,0.03539,0.03557,0.03522,0.03556,7340152.0
2024-05-25 04:00:00+00:00,0.03556,0.0358,0.03543,0.03556,8404936.0
2024-05-25 08:00:00+00:00,0.03556,0.03576,0.03536,0.03541,10998606.0
2024-05-25 12:00:00+00:00,0.03541,0.0355,0.03515,0.03529,8836839.0
2024-05-25 16:00:00+00:00,0.03529,0.03543,0.03517,0.03531,6562881.0
2024-05-25 20:00:00+00:00,0.03531,0.03564,0.03524,0.03559,6308666.0
2024-05-26 00:00:00+00:00,0.03559,0.03563,0.03495,0.03536,8551080.0
2024-05-26 04:00:00+00:00,0.03536,0.03549,0.03522,0.03534,4387158.0
2024-05-26 08:00:00+00:00,0.03534,0.03541,0.03494,0.03509,7855086.0
2024-05-26 12:00:00+00:00,0.03509,0.0359,0.03498,0.03565,33807519.0
2024-05-26 16:00:00+00:00,0.03565,0.03632,0.03545,0.0358,22674380.0
2024-05-26 20:00:00+00:00,0.0358,0.0359,0.03533,0.03565,11515460.0
2024-05-27 00:00:00+00:00,0.03565,0.0361,0.03564,0.03587,6888886.0
2024-05-27 04:00:00+00:00,0.03587,0.03592,0.0351,0.03522,20186738.0
2024-05-27 08:00:00+00:00,0.03522,0.0355,0.03516,0.03535,12924935.0
2024-05-27 12:00:00+00:00,0.03535,0.03705,0.03522,0.03693,67421277.0
2024-05-27 16:00:00+00:00,0.03693,0.03733,0.03632,0.0366,40526210.0
2024-05-27 20:00:00+00:00,0.0366,0.03706,0.03652,0.03667,13033905.0
2024-05-28 00:00:00+00:00,0.03667,0.03671,0.03568,0.03592,48801632.0
2024-05-28 04:00:00+00:00,0.03592,0.03594,0.0352,0.03541,21780745.0
2024-05-28 08:00:00+00:00,0.03541,0.03625,0.03533,0.036,13967338.0
2024-05-28 12:00:00+00:00,0.036,0.03602,0.03533,0.03594,27886165.0
2024-05-28 16:00:00+00:00,0.03594,0.036,0.03528,0.03595,17242083.0
2024-05-28 20:00:00+00:00,0.03595,0.03622,0.0358,0.03584,9553995.0
2024-05-29 00:00:00+00:00,0.03584,0.03596,0.03555,0.03587,7275338.0
2024-05-29 04:00:00+00:00,0.03587,0.03642,0.03581,0.03583,11160102.0
2024-05-29 08:00:00+00:00,0.03583,0.03617,0.03544,0.03586,16852063.0
2024-05-29 12:00:00+00:00,0.03586,0.03623,0.03526,0.0353,25087569.0
2024-05-29 16:00:00+00:00,0.0353,0.03577,0.0351,0.03521,18685010.0
2024-05-29 20:00:00+00:00,0.03521,0.03546,0.03514,0.0352,6382358.0
2024-05-30 00:00:00+00:00,0.0352,0.03557,0.03514,0.03546,5658577.0
2024-05-30 04:00:00+00:00,0.03546,0.03554,0.03421,0.03434,21124411.0
2024-05-30 08:00:00+00:00,0.03434,0.03493,0.03408,0.03469,13679795.0
2024-05-30 12:00:00+00:00,0.03469,0.03507,0.03456,0.03487,18063570.0
2024-05-30 16:00:00+00:00,0.03487,0.03521,0.03472,0.0348,15350907.0
2024-05-30 20:00:00+00:00,0.0348,0.0348,0.0343,0.03436,11830775.0
2024-05-31 00:00:00+00:00,0.03436,0.0344,0.0341,0.03434,13711385.0
2024-05-31 04:00:00+00:00,0.03434,0.03441,0.03397,0.03421,10306137.0
2024-05-31 08:00:00+00:00,0.03421,0.03438,0.03396,0.03429,11150822.0
2024-05-31 12:00:00+00:00,0.03429,0.03467,0.03352,0.03354,27869285.0
2024-05-31 16:00:00+00:00,0.03354,0.03419,0.0334,0.03416,21637463.0
2024-05-31 20:00:00+00:00,0.03416,0.03426,0.03393,0.034,9858326.0
2024-06-01 00:00:00+00:00,0.034,0.03404,0.03369,0.03383,6061605.0
2024-06-01 04:00:00+00:00,0.03383,0.03386,0.03363,0.03367,8118358.0
2024-06-01 08:00:00+00:00,0.03367,0.03378,0.03359,0.03361,4425665.0
2024-06-01 12:00:00+00:00,0.03361,0.03391,0.03358,0.03378,3141757.0
2024-06-01 16:00:00+00:00,0.03378,0.03384,0.03364,0.03372,4736183.0
2024-06-01 20:00:00+00:00,0.03372,0.03392,0.03367,0.03373,5227506.0
2024-06-02 00:00:00+00:00,0.03373,0.03394,0.03363,0.0338,8545071.0
2024-06-02 04:00:00+00:00,0.0338,0.03402,0.03369,0.03371,7998670.0
2024-06-02 08:00:00+00:00,0.03371,0.03409,0.0336,0.034,8894939.0
2024-06-02 12:00:00+00:00,0.034,0.03404,0.03374,0.03392,9106848.0
2024-06-02 16:00:00+00:00,0.03392,0.034,0.0332,0.03341,17615882.0
2024-06-02 20:00:00+00:00,0.03341,0.03348,0.03323,0.03337,5312757.0
2024-06-03 00:00:00+00:00,0.03337,0.03433,0.03313,0.03406,31259453.0
2024-06-03 04:00:00+00:00,0.03406,0.03412,0.03363,0.03392,14129840.0
2024-06-03 08:00:00+00:00,0.03392,0.03402,0.03364,0.03371,14673724.0
2024-06-03 12:00:00+00:00,0.03371,0.03451,0.0337,0.03448,30769077.0
2024-06-03 16:00:00+00:00,0.03448,0.03458,0.0341,0.03442,17881024.0
2024-06-03 20:00:00+00:00,0.03442,0.03443,0.03359,0.03373,18146927.0
2024-06-04 00:00:00+00:00,0.03373,0.03408,0.03351,0.03397,10356677.0
2024-06-04 04:00:00+00:00,0.03397,0.03411,0.03362,0.03365,10533801.0
2024-06-04 08:00:00+00:00,0.03365,0.03392,0.03332,0.03387,25752959.0
2024-06-04 12:00:00+00:00,0.03387,0.03451,0.03379,0.03444,27656705.0
2024-06-04 16:00:00+00:00,0.03444,0.03457,0.03413,0.0343,15432187.0
2024-06-04 20:00:00+00:00,0.0343,0.0344,0.03414,0.03433,9543639.0
2024-06-05 00:00:00+00:00,0.03433,0.0349,0.03431,0.03486,18596441.0
2024-06-05 04:00:00+00:00,0.03486,0.03549,0.03481,0.03531,20958761.0
2024-06-05 08:00:00+00:00,0.03531,0.03536,0.03486,0.03518,27255981.0
2024-06-05 12:00:00+00:00,0.03518,0.03579,0.03481,0.03555,32863845.0
2024-06-05 16:00:00+00:00,0.03555,0.03575,0.03515,0.03545,26101694.0
2024-06-05 20:00:00+00:00,0.03545,0.03568,0.03542,0.03562,13996883.0
2024-06-06 00:00:00+00:00,0.03562,0.03575,0.03545,0.0355,16247385.0
2024-06-06 04:00:00+00:00,0.0355,0.03559,0.03509,0.03527,13049479.0
2024-06-06 08:00:00+00:00,0.03527,0.03548,0.0351,0.03547,11953338.0
2024-06-06 12:00:00+00:00,0.03547,0.03646,0.03536,0.03641,46400647.0
2024-06-06 16:00:00+00:00,0.03641,0.03668,0.03559,0.03561,43997502.0
2024-06-06 20:00:00+00:00,0.03561,0.03607,0.03522,0.03583,31783930.0
2024-06-07 00:00:00+00:00,0.03583,0.03631,0.03541,0.0355,12357825.0
2024-06-07 04:00:00+00:00,0.0355,0.03631,0.03549,0.03591,10782139.0
2024-06-07 08:00:00+00:00,0.03591,0.03623,0.03545,0.03609,26048623.0
2024-06-07 12:00:00+00:00,0.03609,0.03645,0.03527,0.03585,46750743.0
2024-06-07 16:00:00+00:00,0.03585,0.03586,0.0295,0.03298,320160635.0
2024-06-07 20:00:00+00:00,0.03298,0.03325,0.03281,0.03284,18666237.0
2024-06-08 00:00:00+00:00,0.03284,0.03288,0.03247,0.03285,20208881.0
2024-06-08 04:00:00+00:00,0.03285,0.03289,0.03255,0.03262,7150404.0
2024-06-08 08:00:00+00:00,0.03262,0.03264,0.03176,0.03193,22958900.0
2024-06-08 12:00:00+00:00,0.03193,0.03223,0.03132,0.03164,79779151.0
2024-06-08 16:00:00+00:00,0.03164,0.03174,0.03109,0.0314,21926724.0
2024-06-08 20:00:00+00:00,0.0314,0.03165,0.03116,0.03158,13134419.0
2024-06-09 00:00:00+00:00,0.03158,0.03165,0.03119,0.03138,20451201.0
2024-06-09 04:00:00+00:00,0.03138,0.03182,0.03114,0.03169,8310557.0
2024-06-09 08:00:00+00:00,0.03169,0.03191,0.03158,0.03162,15441571.0
2024-06-09 12:00:00+00:00,0.03162,0.03224,0.0315,0.03165,24071782.0
2024-06-09 16:00:00+00:00,0.03165,0.03216,0.03153,0.03211,10249319.0
2024-06-09 20:00:00+00:00,0.03211,0.03211,0.03179,0.03192,6945507.0
2024-06-10 00:00:00+00:00,0.03192,0.03193,0.0314,0.03154,5815528.0
2024-06-10 04:00:00+00:00,0.03154,0.03161,0.03072,0.03079,29248496.0
2024-06-10 08:00:00+00:00,0.03079,0.0317,0.03077,0.03154,25046186.0
2024-06-10 12:00:00+00:00,0.03154,0.03184,0.03107,0.0317,31265211.0
2024-06-10 16:00:00+00:00,0.0317,0.03174,0.03102,0.03105,18870023.0
2024-06-10 20:00:00+00:00,0.03105,0.03122,0.03076,0.03111,13863335.0
2024-06-11 00:00:00+00:00,0.03111,0.03112,0.02988,0.03052,87676311.0
2024-06-11 04:00:00+00:00,0.03052,0.03058,0.02976,0.03033,28952166.0
2024-06-11 08:00:00+00:00,0.03033,0.03068,0.0299,0.02999,28531287.0
2024-06-11 12:00:00+00:00,0.02999,0.03018,0.02905,0.02936,85106065.0
2024-06-11 16:00:00+00:00,0.02936,0.02982,0.02899,0.02978,31277479.0
2024-06-11 20:00:00+00:00,0.02978,0.03007,0.02962,0.02981,9040801.0
2024-06-12 00:00:00+00:00,0.02981,0.02995,0.02908,0.02989,20969585.0
2024-06-12 04:00:00+00:00,0.02989,0.03003,0.02975,0.02999,8074300.0
2024-06-12 08:00:00+00:00,0.02999,0.03066,0.02984,0.03024,20279150.0
2024-06-12 12:00:00+00:00,0.03024,0.0321,0.03022,0.03183,104726568.0
2024-06-12 16:00:00+00:00,0.03183,0.03189,0.03058,0.0308,82051001.0
2024-06-12 20:00:00+00:00,0.0308,0.03142,0.03064,0.03131,19358932.0
2024-06-13 00:00:00+00:00,0.03131,0.03133,0.03007,0.03063,25368690.0
2024-06-13 04:00:00+00:00,0.03063,0.03073,0.03025,0.03042,8104151.0
2024-06-13 08:00:00+00:00,0.03042,0.03067,0.03024,0.03033,12445315.0
2024-06-13 12:00:00+00:00,0.03033,0.03066,0.02952,0.02961,43561540.0
2024-06-13 16:00:00+00:00,0.02961,0.02993,0.02939,0.02967,18642721.0
2024-06-13 20:00:00+00:00,0.02967,0.02974,0.02937,0.0296,11720450.0
2024-06-14 00:00:00+00:00,0.0296,0.02985,0.02933,0.02962,24205853.0
2024-06-14 04:00:00+00:00,0.02962,0.02994,0.02956,0.02981,8241992.0
2024-06-14 08:00:00+00:00,0.02981,0.02995,0.02945,0.02955,24609992.0
2024-06-14 12:00:00+00:00,0.02955,0.02979,0.02905,0.02921,32465376.0
2024-06-14 16:00:00+00:00,0.02921,0.02926,0.02777,0.02795,98739304.0
2024-06-14 20:00:00+00:00,0.02795,0.02874,0.02794,0.02853,13141912.0
2024-06-15 00:00:00+00:00,0.02853,0.02856,0.02819,0.02856,7159432.0
2024-06-15 04:00:00+00:00,0.02856,0.02894,0.02846,0.02873,10548757.0
2024-06-15 08:00:00+00:00,0.02873,0.02906,0.02873,0.02895,11259612.0
2024-06-15 12:00:00+00:00,0.02895,0.029,0.02862,0.02887,11826983.0
2024-06-15 16:00:00+00:00,0.02887,0.02898,0.02843,0.0286,11407820.0
2024-06-15 20:00:00+00:00,0.0286,0.02863,0.02833,0.0286,6370359.0
2024-06-16 00:00:00+00:00,0.0286,0.0288,0.02834,0.0284,8410955.0
2024-06-16 04:00:00+00:00,0.0284,0.02884,0.02824,0.02871,8857039.0
2024-06-16 08:00:00+00:00,0.02871,0.02916,0.02861,0.02893,11358382.0
2024-06-16 12:00:00+00:00,0.02893,0.02939,0.0289,0.02936,9053137.0
2024-06-16 16:00:00+00:00,0.02936,0.02939,0.02919,0.02932,10360014.0
2024-06-16 20:00:00+00:00,0.02932,0.02974,0.02932,0.02951,11935421.0
2024-06-17 00:00:00+00:00,0.02951,0.02973,0.02871,0.02879,17985660.0
2024-06-17 04:00:00+00:00,0.02879,0.02908,0.02821,0.0284,24202853.0
2024-06-17 08:00:00+00:00,0.0284,0.02854,0.02723,0.02782,46150557.0
2024-06-17 12:00:00+00:00,0.02782,0.02785,0.02707,0.02723,28900608.0
2024-06-17 16:00:00+00:00,0.02723,0.02828,0.02656,0.028,49046866.0
2024-06-17 20:00:00+00:00,0.028,0.02803,0.02724,0.02735,14827075.0
2024-06-18 00:00:00+00:00,0.02735,0.02746,0.02381,0.02524,214887855.0
2024-06-18 04:00:00+00:00,0.02524,0.0258,0.02503,0.02551,35140786.0
2024-06-18 08:00:00+00:00,0.02551,0.02558,0.02498,0.02539,24884849.0
2024-06-18 12:00:00+00:00,0.02539,0.02549,0.02437,0.02478,49901957.0
2024-06-18 16:00:00+00:00,0.02478,0.02492,0.02429,0.02479,21786728.0
2024-06-18 20:00:00+00:00,0.02479,0.02578,0.02468,0.02549,20753374.0
2024-06-19 00:00:00+00:00,0.02549,0.02638,0.02522,0.02619,30951918.0
2024-06-19 04:00:00+00:00,0.02619,0.02667,0.02617,0.02639,14975869.0
2024-06-19 08:00:00+00:00,0.02639,0.0264,0.02562,0.02587,24471039.0
2024-06-19 12:00:00+00:00,0.02587,0.02633,0.02578,0.02616,29317199.0
2024-06-19 16:00:00+00:00,0.02616,0.02677,0.02606,0.02625,12889945.0
2024-06-19 20:00:00+00:00,0.02625,0.02649,0.02586,0.02603,15694194.0
2024-06-20 00:00:00+00:00,0.02603,0.02653,0.02587,0.02646,14945362.0
2024-06-20 04:00:00+00:00,0.02646,0.02739,0.02631,0.02736,21353430.0
2024-06-20 08:00:00+00:00,0.02736,0.02758,0.02692,0.02728,16730682.0
2024-06-20 12:00:00+00:00,0.02728,0.02738,0.02642,0.02669,29353689.0
2024-06-20 16:00:00+00:00,0.02669,0.02707,0.02638,0.02695,13457614.0
2024-06-20 20:00:00+00:00,0.02695,0.027,0.0267,0.02673,5181602.0
2024-06-21 00:00:00+00:00,0.02673,0.02704,0.02621,0.02679,23898499.0
2024-06-21 04:00:00+00:00,0.02679,0.02709,0.02638,0.02651,9475555.0
2024-06-21 08:00:00+00:00,0.02651,0.02693,0.02613,0.02661,23748687.0
2024-06-21 12:00:00+00:00,0.02661,0.027,0.02607,0.02647,22114364.0
2024-06-21 16:00:00+00:00,0.02647,0.02664,0.02602,0.02631,20496461.0
2024-06-21 20:00:00+00:00,0.02631,0.02651,0.0261,0.02613,7361300.0
2024-06-22 00:00:00+00:00,0.02613,0.02615,0.02575,0.02591,7743988.0
2024-06-22 04:00:00+00:00,0.02591,0.02608,0.02583,0.02595,8468401.0
2024-06-22 08:00:00+00:00,0.02595,0.02608,0.02577,0.02603,5894915.0
2024-06-22 12:00:00+00:00,0.02603,0.02627,0.02595,0.0262,5370753.0
2024-06-22 16:00:00+00:00,0.0262,0.02623,0.02601,0.02605,5145765.0
2024-06-22 20:00:00+00:00,0.02605,0.02606,0.02567,0.0257,8671269.0
2024-06-23 00:00:00+00:00,0.0257,0.02603,0.0257,0.02595,7534886.0
2024-06-23 04:00:00+00:00,0.02595,0.02607,0.02592,0.02604,4548140.0
2024-06-23 08:00:00+00:00,0.02604,0.02609,0.02579,0.02593,6892510.0
2024-06-23 12:00:00+00:00,0.02593,0.02597,0.02521,0.02533,18529720.0
2024-06-23 16:00:00+00:00,0.02533,0.02558,0.02513,0.02538,12428291.0
2024-06-23 20:00:00+00:00,0.02538,0.02546,0.02487,0.02504,24476351.0
2024-06-24 00:00:00+00:00,0.02504,0.02523,0.02469,0.02481,27431738.0
2024-06-24 04:00:00+00:00,0.02481,0.02491,0.02413,0.02438,41355112.0
2024-06-24 08:00:00+00:00,0.02438,0.02475,0.02364,0.0245,65982569.0
2024-06-24 12:00:00+00:00,0.0245,0.02505,0.02444,0.02465,20589378.0
2024-06-24 16:00:00+00:00,0.02465,0.025,0.02427,0.02439,27580125.0
2024-06-24 20:00:00+00:00,0.02439,0.02536,0.02416,0.02531,22269946.0
2024-06-25 00:00:00+00:00,0.02531,0.0259,0.02525,0.02573,12430165.0
2024-06-25 04:00:00+00:00,0.02573,0.02581,0.02552,0.02559,10876946.0
2024-06-25 08:00:00+00:00,0.02559,0.02635,0.02555,0.02633,20367890.0
2024-06-25 12:00:00+00:00,0.02633,0.02678,0.02612,0.02673,22949557.0
2024-06-25 16:00:00+00:00,0.02673,0.02677,0.02623,0.02656,24038388.0
2024-06-25 20:00:00+00:00,0.02656,0.02669,0.0263,0.02643,6954309.0
2024-06-26 00:00:00+00:00,0.02643,0.02665,0.02619,0.02634,8768508.0
2024-06-26 04:00:00+00:00,0.02634,0.02636,0.02603,0.02624,6303897.0
2024-06-26 08:00:00+00:00,0.02624,0.02627,0.02601,0.02617,8897805.0
2024-06-26 12:00:00+00:00,0.02617,0.02663,0.02595,0.02607,29843048.0
2024-06-26 16:00:00+00:00,0.02607,0.0261,0.02569,0.0261,13101853.0
2024-06-26 20:00:00+00:00,0.0261,0.02626,0.0259,0.02595,4666711.0
2024-06-27 00:00:00+00:00,0.02595,0.02596,0.02567,0.02584,10763733.0
2024-06-27 04:00:00+00:00,0.02584,0.02596,0.02558,0.02569,7247890.0
2024-06-27 08:00:00+00:00,0.02569,0.02618,0.02565,0.02603,10195195.0
2024-06-27 12:00:00+00:00,0.02603,0.02659,0.02592,0.02624,29535231.0
2024-06-27 16:00:00+00:00,0.02624,0.02643,0.02612,0.02636,15959312.0
2024-06-27 20:00:00+00:00,0.02636,0.02674,0.02631,0.02667,8915305.0
2024-06-28 00:00:00+00:00,0.02667,0.02703,0.02653,0.02675,19324483.0
2024-06-28 04:00:00+00:00,0.02675,0.02675,0.02601,0.02615,23799173.0
2024-06-28 08:00:00+00:00,0.02615,0.02653,0.02607,0.02628,13327616.0
2024-06-28 12:00:00+00:00,0.02628,0.02657,0.02596,0.02612,34385842.0
2024-06-28 16:00:00+00:00,0.02612,0.02708,0.02571,0.02647,124851938.0
2024-06-28 20:00:00+00:00,0.02647,0.02685,0.02643,0.02664,22110216.0
2024-06-29 00:00:00+00:00,0.02664,0.02716,0.02651,0.02709,18086881.0
2024-06-29 04:00:00+00:00,0.02709,0.02729,0.02688,0.02699,16737597.0
2024-06-29 08:00:00+00:00,0.02699,0.027,0.02648,0.02652,14852116.0
2024-06-29 12:00:00+00:00,0.02652,0.02681,0.02626,0.02648,41761032.0
2024-06-29 16:00:00+00:00,0.02648,0.02653,0.02601,0.02624,13463694.0
2024-06-29 20:00:00+00:00,0.02624,0.0263,0.02586,0.02593,16173969.0
2024-06-30 00:00:00+00:00,0.02593,0.02613,0.02562,0.0257,14660103.0
2024-06-30 04:00:00+00:00,0.0257,0.02632,0.02554,0.02617,21223289.0
2024-06-30 08:00:00+00:00,0.02617,0.02643,0.02608,0.02623,13831117.0
2024-06-30 12:00:00+00:00,0.02623,0.02643,0.02597,0.02638,15280863.0
2024-06-30 16:00:00+00:00,0.02638,0.02647,0.02615,0.02643,9488926.0
2024-06-30 20:00:00+00:00,0.02643,0.02684,0.02614,0.02677,15884497.0
2024-07-01 00:00:00+00:00,0.02677,0.02727,0.02661,0.02702,17751119.0
2024-07-01 04:00:00+00:00,0.02702,0.02722,0.02692,0.02713,12554387.0
2024-07-01 08:00:00+00:00,0.02713,0.02714,0.02654,0.0266,17693668.0
2024-07-01 12:00:00+00:00,0.0266,0.02665,0.02613,0.02652,22403581.0
2024-07-01 16:00:00+00:00,0.02652,0.02728,0.02646,0.0271,24771750.0
2024-07-01 20:00:00+00:00,0.0271,0.02711,0.02665,0.02681,7821248.0
2024-07-02 00:00:00+00:00,0.02681,0.02683,0.02651,0.02672,9548072.0
2024-07-02 04:00:00+00:00,0.02672,0.02687,0.02656,0.02667,12928295.0
2024-07-02 08:00:00+00:00,0.02667,0.02673,0.02647,0.02655,6949630.0
2024-07-02 12:00:00+00:00,0.02655,0.02689,0.02616,0.0263,21251628.0
2024-07-02 16:00:00+00:00,0.0263,0.02659,0.02616,0.0264,11328649.0
2024-07-02 20:00:00+00:00,0.0264,0.02658,0.02633,0.02649,4964419.0
2024-07-03 00:00:00+00:00,0.02649,0.02671,0.02573,0.02609,23350510.0
2024-07-03 04:00:00+00:00,0.02609,0.0263,0.02593,0.02605,8815526.0
2024-07-03 08:00:00+00:00,0.02605,0.02612,0.02542,0.02566,24345599.0
2024-07-03 12:00:00+00:00,0.02566,0.0258,0.02525,0.02531,22402844.0
2024-07-03 16:00:00+00:00,0.02531,0.02541,0.02477,0.02504,30988713.0
2024-07-03 20:00:00+00:00,0.02504,0.02511,0.02485,0.02489,8993616.0
2024-07-04 00:00:00+00:00,0.02489,0.02503,0.02364,0.0243,70985880.0
2024-07-04 04:00:00+00:00,0.0243,0.02435,0.02368,0.02369,15238345.0
2024-07-04 08:00:00+00:00,0.02369,0.02386,0.02328,0.02361,52187104.0
2024-07-04 12:00:00+00:00,0.02361,0.02363,0.0228,0.02347,32261901.0
2024-07-04 16:00:00+00:00,0.02347,0.0235,0.0232,0.02329,7748089.0
2024-07-04 20:00:00+00:00,0.02329,0.02355,0.02247,0.02265,32302217.0
2024-07-05 00:00:00+00:00,0.02265,0.02269,0.02006,0.02058,219608630.0
2024-07-05 04:00:00+00:00,0.02058,0.02158,0.02015,0.02149,55706769.0
2024-07-05 08:00:00+00:00,0.02149,0.02302,0.02087,0.02288,40640272.0
2024-07-05 12:00:00+00:00,0.02288,0.02388,0.02269,0.02374,56535121.0
2024-07-05 16:00:00+00:00,0.02374,0.02395,0.02335,0.02369,18360110.0
2024-07-05 20:00:00+00:00,0.02369,0.02377,0.02325,0.02348,14693124.0
2024-07-06 00:00:00+00:00,0.02348,0.02406,0.02309,0.0234,23717792.0
2024-07-06 04:00:00+00:00,0.0234,0.02372,0.02309,0.02359,10485421.0
2024-07-06 08:00:00+00:00,0.02359,0.02418,0.02348,0.02402,17520116.0
2024-07-06 12:00:00+00:00,0.02402,0.02436,0.02365,0.02425,57901732.0
2024-07-06 16:00:00+00:00,0.02425,0.02488,0.02416,0.0245,15255435.0
2024-07-06 20:00:00+00:00,0.0245,0.0247,0.02426,0.02427,13588687.0
2024-07-07 00:00:00+00:00,0.02427,0.02435,0.02393,0.02417,6716044.0
2024-07-07 04:00:00+00:00,0.02417,0.0242,0.02367,0.02387,8009868.0
2024-07-07 08:00:00+00:00,0.02387,0.02423,0.02378,0.02388,15454945.0
2024-07-07 12:00:00+00:00,0.02388,0.02399,0.02309,0.02337,21992413.0
2024-07-07 16:00:00+00:00,0.02337,0.02368,0.02325,0.02344,15526202.0
2024-07-07 20:00:00+00:00,0.02344,0.02347,0.02244,0.02263,40792056.0
2024-07-08 00:00:00+00:00,0.02263,0.02295,0.02157,0.02264,43925326.0
2024-07-08 04:00:00+00:00,0.02264,0.02358,0.02258,0.02321,29218918.0
2024-07-08 08:00:00+00:00,0.02321,0.02478,0.02315,0.02415,49927736.0
2024-07-08 12:00:00+00:00,0.02415,0.02437,0.02304,0.02341,53759426.0
2024-07-08 16:00:00+00:00,0.02341,0.02376,0.02316,0.02374,39169035.0
2024-07-08 20:00:00+00:00,0.02374,0.02475,0.02368,0.02458,51509543.0
2024-07-09 00:00:00+00:00,0.02458,0.0253,0.02444,0.02509,55954553.0
2024-07-09 04:00:00+00:00,0.02509,0.02531,0.02495,0.02516,19563465.0
2024-07-09 08:00:00+00:00,0.02516,0.02567,0.02507,0.02564,23739469.0
2024-07-09 12:00:00+00:00,0.02564,0.02602,0.02525,0.02581,58451224.0
2024-07-09 16:00:00+00:00,0.02581,0.02603,0.02551,0.02584,23815691.0
2024-07-09 20:00:00+00:00,0.02584,0.02602,0.02548,0.02556,16908725.0
2024-07-10 00:00:00+00:00,0.02556,0.02565,0.0252,0.02545,19420833.0
2024-07-10 04:00:00+00:00,0.02545,0.02599,0.02542,0.02554,23821442.0
2024-07-10 08:00:00+00:00,0.02554,0.02584,0.02534,0.02571,12237088.0
2024-07-10 12:00:00+00:00,0.02571,0.02612,0.02541,0.02591,33960794.0
2024-07-10 16:00:00+00:00,0.02591,0.02626,0.0257,0.02595,12766826.0
2024-07-10 20:00:00+00:00,0.02595,0.02615,0.0257,0.02615,7205952.0
2024-07-11 00:00:00+00:00,0.02615,0.02638,0.02582,0.02605,10670051.0
2024-07-11 04:00:00+00:00,0.02605,0.02632,0.02602,0.02627,10208028.0
2024-07-11 08:00:00+00:00,0.02627,0.02664,0.02617,0.02659,11064878.0
2024-07-11 12:00:00+00:00,0.02659,0.02775,0.02655,0.02679,76114664.0
2024-07-11 16:00:00+00:00,0.02679,0.02733,0.02652,0.02677,26202542.0
2024-07-11 20:00:00+00:00,0.02677,0.02688,0.02643,0.02651,12766445.0
2024-07-12 00:00:00+00:00,0.02651,0.02684,0.02609,0.02628,13933507.0
2024-07-12 04:00:00+00:00,0.02628,0.0264,0.02596,0.02606,13723024.0
2024-07-12 08:00:00+00:00,0.02606,0.02629,0.02575,0.02582,15254862.0
2024-07-12 12:00:00+00:00,0.02582,0.02683,0.02573,0.02676,54145001.0
2024-07-12 16:00:00+00:00,0.02676,0.02708,0.02666,0.02681,41801585.0
2024-07-12 20:00:00+00:00,0.02681,0.02715,0.02653,0.02715,15323836.0
2024-07-13 00:00:00+00:00,0.02715,0.02717,0.02688,0.02704,7212193.0
2024-07-13 04:00:00+00:00,0.02704,0.02739,0.02688,0.02738,13672211.0
2024-07-13 08:00:00+00:00,0.02738,0.02822,0.02725,0.02807,35975514.0
2024-07-13 12:00:00+00:00,0.02807,0.02884,0.02798,0.02879,56402421.0
2024-07-13 16:00:00+00:00,0.02879,0.02896,0.02842,0.02884,26553683.0
2024-07-13 20:00:00+00:00,0.02884,0.0295,0.02871,0.02928,35466819.0
2024-07-14 00:00:00+00:00,0.02928,0.02957,0.02884,0.0289,29768885.0
2024-07-14 04:00:00+00:00,0.0289,0.0292,0.02851,0.02854,17781231.0
2024-07-14 08:00:00+00:00,0.02854,0.02952,0.0285,0.02932,43371951.0
2024-07-14 12:00:00+00:00,0.02932,0.02983,0.02898,0.02974,46256573.0
2024-07-14 16:00:00+00:00,0.02974,0.03125,0.02965,0.03104,102098091.0
2024-07-14 20:00:00+00:00,0.03104,0.03196,0.03096,0.03117,84777447.0
2024-07-15 00:00:00+00:00,0.03117,0.03195,0.03114,0.03146,31524221.0
2024-07-15 04:00:00+00:00,0.03146,0.03151,0.03092,0.03095,21079242.0
2024-07-15 08:00:00+00:00,0.03095,0.03186,0.03093,0.03159,34749598.0
2024-07-15 12:00:00+00:00,0.03159,0.03345,0.03159,0.03255,127136969.0
2024-07-15 16:00:00+00:00,0.03255,0.03293,0.03182,0.03199,43958264.0
2024-07-15 20:00:00+00:00,0.03199,0.03256,0.03184,0.03225,21522570.0
2024-07-16 00:00:00+00:00,0.03225,0.03273,0.03201,0.03267,25972828.0
2024-07-16 04:00:00+00:00,0.03267,0.03274,0.03127,0.03142,37469360.0
2024-07-16 08:00:00+00:00,0.03142,0.03188,0.03111,0.03155,32355853.0
2024-07-16 12:00:00+00:00,0.03155,0.03209,0.03093,0.03208,89360737.0
2024-07-16 16:00:00+00:00,0.03208,0.03231,0.03148,0.03169,24267850.0
2024-07-16 20:00:00+00:00,0.03169,0.03176,0.03132,0.03163,9184993.0
2024-07-17 00:00:00+00:00,0.03163,0.03256,0.03157,0.03197,28097275.0
2024-07-17 04:00:00+00:00,0.03197,0.03283,0.03195,0.03242,26294756.0
2024-07-17 08:00:00+00:00,0.03242,0.03258,0.03157,0.03167,45917156.0
2024-07-17 12:00:00+00:00,0.03167,0.03243,0.03149,0.03155,39440686.0
2024-07-17 16:00:00+00:00,0.03155,0.03168,0.03095,0.0316,24381197.0
2024-07-17 20:00:00+00:00,0.0316,0.03187,0.03111,0.03111,11417637.0
2024-07-18 00:00:00+00:00,0.03111,0.03175,0.03111,0.03161,12169069.0
2024-07-18 04:00:00+00:00,0.03161,0.0319,0.03132,0.03139,9374620.0
2024-07-18 08:00:00+00:00,0.03139,0.03142,0.03078,0.03103,25636408.0
2024-07-18 12:00:00+00:00,0.03103,0.03123,0.03014,0.03016,58080688.0
2024-07-18 16:00:00+00:00,0.03016,0.03064,0.02987,0.03031,18674456.0
2024-07-18 20:00:00+00:00,0.03031,0.03062,0.03016,0.03037,10577784.0
2024-07-19 00:00:00+00:00,0.03037,0.03062,0.02962,0.03052,21586488.0
2024-07-19 04:00:00+00:00,0.03052,0.03105,0.03039,0.03057,21400135.0
2024-07-19 08:00:00+00:00,0.03057,0.03076,0.0302,0.03032,23659872.0
2024-07-19 12:00:00+00:00,0.03032,0.03114,0.0302,0.03111,28460099.0
2024-07-19 16:00:00+00:00,0.03111,0.03168,0.03099,0.03166,35084208.0
2024-07-19 20:00:00+00:00,0.03166,0.03173,0.03132,0.03135,11532144.0
2024-07-20 00:00:00+00:00,0.03135,0.03135,0.03078,0.03119,13313805.0
2024-07-20 04:00:00+00:00,0.03119,0.03138,0.03107,0.03128,6276700.0
2024-07-20 08:00:00+00:00,0.03128,0.03146,0.03087,0.0309,19436878.0
2024-07-20 12:00:00+00:00,0.0309,0.03143,0.03067,0.0314,21733920.0
2024-07-20 16:00:00+00:00,0.0314,0.03146,0.03082,0.03088,26563904.0
2024-07-20 20:00:00+00:00,0.03088,0.03092,0.03044,0.03056,16763118.0
2024-07-21 00:00:00+00:00,0.03056,0.0311,0.03046,0.03048,14786042.0
2024-07-21 04:00:00+00:00,0.03048,0.03057,0.02993,0.0301,23293492.0
2024-07-21 08:00:00+00:00,0.0301,0.03042,0.03006,0.03016,15228847.0
2024-07-21 12:00:00+00:00,0.03016,0.03051,0.02976,0.03036,35594258.0
2024-07-21 16:00:00+00:00,0.03036,0.03042,0.02898,0.03003,57093152.0
2024-07-21 20:00:00+00:00,0.03003,0.03097,0.03003,0.03079,29972857.0
2024-07-22 00:00:00+00:00,0.03079,0.03092,0.03045,0.03047,23785783.0
2024-07-22 04:00:00+00:00,0.03047,0.03053,0.02965,0.02988,18350925.0
2024-07-22 08:00:00+00:00,0.02988,0.03023,0.02985,0.03017,13556520.0
2024-07-22 12:00:00+00:00,0.03017,0.03029,0.02952,0.02982,26574280.0
2024-07-22 16:00:00+00:00,0.02982,0.03017,0.02962,0.02999,15799084.0
2024-07-22 20:00:00+00:00,0.02999,0.03014,0.02924,0.02936,27283447.0
2024-07-23 00:00:00+00:00,0.02936,0.02979,0.02925,0.02929,13990350.0
2024-07-23 04:00:00+00:00,0.02929,0.02937,0.0286,0.029,37956426.0
2024-07-23 08:00:00+00:00,0.029,0.02961,0.02897,0.02931,52502548.0
2024-07-23 12:00:00+00:00,0.02931,0.02979,0.02878,0.02932,63720932.0
2024-07-23 16:00:00+00:00,0.02932,0.02932,0.02835,0.02874,32348543.0
2024-07-23 20:00:00+00:00,0.02874,0.02896,0.02863,0.02879,12866607.0
2024-07-24 00:00:00+00:00,0.02879,0.02909,0.02853,0.02903,17815867.0
2024-07-24 04:00:00+00:00,0.02903,0.02929,0.02873,0.02928,9042920.0
2024-07-24 08:00:00+00:00,0.02928,0.02947,0.02903,0.02903,17332012.0
2024-07-24 12:00:00+00:00,0.02903,0.0291,0.02842,0.02849,30645259.0
2024-07-24 16:00:00+00:00,0.02849,0.02882,0.0281,0.02819,42205266.0
2024-07-24 20:00:00+00:00,0.02819,0.02828,0.02755,0.02767,30177496.0
2024-07-25 00:00:00+00:00,0.02767,0.02777,0.02659,0.0269,61895392.0
2024-07-25 04:00:00+00:00,0.0269,0.0273,0.02671,0.02706,18580829.0
2024-07-25 08:00:00+00:00,0.02706,0.02716,0.02668,0.02696,21558341.0
2024-07-25 12:00:00+00:00,0.02696,0.02748,0.02661,0.02713,44518041.0
2024-07-25 16:00:00+00:00,0.02713,0.02751,0.02647,0.02686,27762394.0
2024-07-25 20:00:00+00:00,0.02686,0.02757,0.02637,0.02731,26253391.0
2024-07-26 00:00:00+00:00,0.02731,0.02803,0.02728,0.02783,27264897.0
2024-07-26 04:00:00+00:00,0.02783,0.02817,0.02776,0.02799,14145042.0
2024-07-26 08:00:00+00:00,0.02799,0.0281,0.02776,0.02778,17857038.0
2024-07-26 12:00:00+00:00,0.02778,0.02805,0.02756,0.02788,27266063.0
2024-07-26 16:00:00+00:00,0.02788,0.02826,0.02784,0.02816,18239400.0
2024-07-26 20:00:00+00:00,0.02816,0.02852,0.02795,0.02849,11073916.0
2024-07-27 00:00:00+00:00,0.02849,0.02882,0.02825,0.02832,18324381.0
2024-07-27 04:00:00+00:00,0.02832,0.02859,0.02831,0.02847,6252704.0
2024-07-27 08:00:00+00:00,0.02847,0.02863,0.02835,0.02852,12383498.0
2024-07-27 12:00:00+00:00,0.02852,0.02886,0.02797,0.02825,33784481.0
2024-07-27 16:00:00+00:00,0.02825,0.02839,0.02783,0.02812,45080697.0
2024-07-27 20:00:00+00:00,0.02812,0.02846,0.02745,0.02813,41713894.0
2024-07-28 00:00:00+00:00,0.02813,0.02814,0.02776,0.02786,12431983.0
2024-07-28 04:00:00+00:00,0.02786,0.02787,0.02733,0.02771,16478868.0
2024-07-28 08:00:00+00:00,0.02771,0.02794,0.02758,0.02767,20822513.0
2024-07-28 12:00:00+00:00,0.02767,0.02783,0.02722,0.02737,49461619.0
2024-07-28 16:00:00+00:00,0.02737,0.02757,0.02726,0.02734,14532319.0
2024-07-28 20:00:00+00:00,0.02734,0.02738,0.02709,0.02734,40287525.0
2024-07-29 00:00:00+00:00,0.02734,0.02833,0.02734,0.02812,16808819.0
2024-07-29 04:00:00+00:00,0.02812,0.02873,0.02806,0.0286,19674771.0
2024-07-29 08:00:00+00:00,0.0286,0.02869,0.02839,0.02839,7605355.0
2024-07-29 12:00:00+00:00,0.02839,0.02858,0.02745,0.02757,52806156.0
2024-07-29 16:00:00+00:00,0.02757,0.02761,0.02712,0.0274,49174292.0
2024-07-29 20:00:00+00:00,0.0274,0.02748,0.02705,0.02716,27675805.0
2024-07-30 00:00:00+00:00,0.02716,0.02742,0.02682,0.02732,22195722.0
2024-07-30 04:00:00+00:00,0.02732,0.02751,0.02709,0.02736,12554062.0
2024-07-30 08:00:00+00:00,0.02736,0.02745,0.02725,0.02735,8364232.0
2024-07-30 12:00:00+00:00,0.02735,0.02743,0.02695,0.02726,16386250.0
2024-07-30 16:00:00+00:00,0.02726,0.02744,0.02647,0.02661,30446354.0
2024-07-30 20:00:00+00:00,0.02661,0.0268,0.02617,0.02659,41261063.0
2024-07-31 00:00:00+00:00,0.02659,0.027,0.02629,0.02678,11545586.0
2024-07-31 04:00:00+00:00,0.02678,0.02729,0.02651,0.02717,12218678.0
2024-07-31 08:00:00+00:00,0.02717,0.02723,0.027,0.02714,9211568.0
2024-07-31 12:00:00+00:00,0.02714,0.02754,0.02711,0.02714,38976175.0
2024-07-31 16:00:00+00:00,0.02714,0.0274,0.02633,0.0265,60333834.0
2024-07-31 20:00:00+00:00,0.0265,0.02659,0.02605,0.02624,33589460.0
2024-08-01 00:00:00+00:00,0.02624,0.02644,0.026,0.02633,15851648.0
2024-08-01 04:00:00+00:00,0.02633,0.02638,0.02572,0.02612,18372990.0
2024-08-01 08:00:00+00:00,0.02612,0.02655,0.0261,0.02629,13907263.0
2024-08-01 12:00:00+00:00,0.02629,0.02656,0.02543,0.02545,43471294.0
2024-08-01 16:00:00+00:00,0.02545,0.0257,0.02481,0.02563,71260043.0
2024-08-01 20:00:00+00:00,0.02563,0.02643,0.02545,0.02636,22623368.0
2024-08-02 00:00:00+00:00,0.02636,0.02647,0.02552,0.02586,19256707.0
2024-08-02 04:00:00+00:00,0.02586,0.02588,0.02511,0.02545,26970021.0
2024-08-02 08:00:00+00:00,0.02545,0.0256,0.02526,0.02536,13850794.0
2024-08-02 12:00:00+00:00,0.02536,0.02602,0.02431,0.02512,77399374.0
2024-08-02 16:00:00+00:00,0.02512,0.02517,0.02454,0.02471,24977967.0
2024-08-02 20:00:00+00:00,0.02471,0.02497,0.02431,0.02446,19059081.0
2024-08-03 00:00:00+00:00,0.02446,0.02458,0.02377,0.02451,31579142.0
2024-08-03 04:00:00+00:00,0.02451,0.02507,0.0244,0.02469,11451513.0
2024-08-03 08:00:00+00:00,0.02469,0.0247,0.02434,0.02441,11264667.0
2024-08-03 12:00:00+00:00,0.02441,0.02469,0.02367,0.02369,19869266.0
2024-08-03 16:00:00+00:00,0.02369,0.02381,0.02297,0.02303,29008063.0
2024-08-03 20:00:00+00:00,0.02303,0.02372,0.02293,0.02367,14070234.0
2024-08-04 00:00:00+00:00,0.02367,0.02389,0.02342,0.02374,8591472.0
2024-08-04 04:00:00+00:00,0.02374,0.02396,0.02353,0.0236,7132198.0
2024-08-04 08:00:00+00:00,0.0236,0.02383,0.02347,0.02373,8897376.0
2024-08-04 12:00:00+00:00,0.02373,0.02382,0.02242,0.02245,41344226.0
2024-08-04 16:00:00+00:00,0.02245,0.02317,0.02178,0.02279,79055177.0
2024-08-04 20:00:00+00:00,0.02279,0.02298,0.0223,0.02235,19961147.0
2024-08-05 00:00:00+00:00,0.02235,0.02254,0.01978,0.02076,278382033.0
2024-08-05 04:00:00+00:00,0.02076,0.02126,0.01885,0.02094,240781149.0
2024-08-05 08:00:00+00:00,0.02094,0.02094,0.0191,0.0198,88635150.0
2024-08-05 12:00:00+00:00,0.0198,0.02207,0.01893,0.02194,164672824.0
2024-08-05 16:00:00+00:00,0.02194,0.02253,0.02107,0.0215,94152487.0
2024-08-05 20:00:00+00:00,0.0215,0.02205,0.02146,0.02153,33129186.0
2024-08-06 00:00:00+00:00,0.02153,0.02261,0.0215,0.02219,33652018.0
2024-08-06 04:00:00+00:00,0.02219,0.02276,0.02208,0.02275,18169991.0
2024-08-06 08:00:00+00:00,0.02275,0.02275,0.02193,0.02214,22525456.0
2024-08-06 12:00:00+00:00,0.02214,0.0228,0.0218,0.02272,27826198.0
2024-08-06 16:00:00+00:00,0.02272,0.02311,0.02266,0.02277,15861406.0
2024-08-06 20:00:00+00:00,0.02277,0.02297,0.02251,0.02268,14547860.0
2024-08-07 00:00:00+00:00,0.02268,0.02324,0.02245,0.02303,19396806.0
2024-08-07 04:00:00+00:00,0.02303,0.02329,0.02276,0.02291,11368790.0
2024-08-07 08:00:00+00:00,0.02291,0.02317,0.02273,0.02273,16952949.0
2024-08-07 12:00:00+00:00,0.02273,0.0231,0.02192,0.02233,38242567.0
2024-08-07 16:00:00+00:00,0.02233,0.02241,0.02183,0.022,25745043.0
2024-08-07 20:00:00+00:00,0.022,0.02226,0.02171,0.02199,16278632.0
2024-08-08 00:00:00+00:00,0.02199,0.02303,0.02158,0.02265,22524821.0
2024-08-08 04:00:00+00:00,0.02265,0.02294,0.02263,0.02277,14517559.0
2024-08-08 08:00:00+00:00,0.02277,0.02284,0.02259,0.02273,11092210.0
2024-08-08 12:00:00+00:00,0.02273,0.02365,0.0226,0.02362,34010311.0
2024-08-08 16:00:00+00:00,0.02362,0.02399,0.02338,0.02352,30897976.0
2024-08-08 20:00:00+00:00,0.02352,0.02421,0.02349,0.02406,27441366.0
2024-08-09 00:00:00+00:00,0.02406,0.02419,0.0237,0.02376,16162693.0
2024-08-09 04:00:00+00:00,0.02376,0.02382,0.02348,0.02358,6908299.0
2024-08-09 08:00:00+00:00,0.02358,0.02379,0.02339,0.02357,11672920.0
2024-08-09 12:00:00+00:00,0.02357,0.02374,0.02305,0.02317,20608680.0
2024-08-09 16:00:00+00:00,0.02317,0.02343,0.0231,0.02325,5950629.0
2024-08-09 20:00:00+00:00,0.02325,0.02347,0.0231,0.02347,9938822.0
2024-08-10 00:00:00+00:00,0.02347,0.02377,0.02315,0.02327,6428466.0
2024-08-10 04:00:00+00:00,0.02327,0.02346,0.02317,0.02346,4342572.0
2024-08-10 08:00:00+00:00,0.02346,0.02371,0.02334,0.02371,9610941.0
2024-08-10 12:00:00+00:00,0.02371,0.02376,0.02347,0.02354,10532714.0
2024-08-10 16:00:00+00:00,0.02354,0.02387,0.02354,0.02377,13674322.0
2024-08-10 20:00:00+00:00,0.02377,0.02392,0.0237,0.02373,5409641.0
2024-08-11 00:00:00+00:00,0.02373,0.02403,0.02372,0.02385,7857673.0
2024-08-11 04:00:00+00:00,0.02385,0.02401,0.02378,0.02394,8240142.0
2024-08-11 08:00:00+00:00,0.02394,0.02436,0.02374,0.02376,12831445.0
2024-08-11 12:00:00+00:00,0.02376,0.02383,0.02309,0.02314,18761166.0
2024-08-11 16:00:00+00:00,0.02314,0.02322,0.02281,0.02289,14421740.0
2024-08-11 20:00:00+00:00,0.02289,0.02289,0.02234,0.0224,25493252.0
2024-08-12 00:00:00+00:00,0.0224,0.02285,0.02239,0.02254,11636868.0
2024-08-12 04:00:00+00:00,0.02254,0.02297,0.0222,0.02286,24305900.0
2024-08-12 08:00:00+00:00,0.02286,0.02348,0.02257,0.02343,18901907.0
2024-08-12 12:00:00+00:00,0.02343,0.02358,0.02247,0.02342,35342796.0
2024-08-12 16:00:00+00:00,0.02342,0.0235,0.02265,0.02291,11256227.0
2024-08-12 20:00:00+00:00,0.02291,0.02335,0.02278,0.02326,9722770.0
2024-08-13 00:00:00+00:00,0.02326,0.02339,0.02288,0.02291,9115066.0
2024-08-13 04:00:00+00:00,0.02291,0.02311,0.02279,0.02296,7453606.0
2024-08-13 08:00:00+00:00,0.02296,0.02298,0.02266,0.02285,7142455.0
2024-08-13 12:00:00+00:00,0.02285,0.02332,0.02279,0.02313,12434710.0
2024-08-13 16:00:00+00:00,0.02313,0.02365,0.02308,0.02361,12962735.0
2024-08-13 20:00:00+00:00,0.02361,0.02365,0.02341,0.0236,6077759.0
2024-08-14 00:00:00+00:00,0.0236,0.02364,0.02328,0.02346,5276153.0
2024-08-14 04:00:00+00:00,0.02346,0.02357,0.02315,0.02319,6589043.0
2024-08-14 08:00:00+00:00,0.02319,0.02336,0.02303,0.02324,10471792.0
2024-08-14 12:00:00+00:00,0.02324,0.02354,0.0226,0.02302,35388214.0
2024-08-14 16:00:00+00:00,0.02302,0.02302,0.02269,0.02281,12170124.0
2024-08-14 20:00:00+00:00,0.02281,0.02293,0.02264,0.0228,12616927.0
2024-08-15 00:00:00+00:00,0.0228,0.02294,0.02265,0.02283,4560902.0
2024-08-15 04:00:00+00:00,0.02283,0.02285,0.02254,0.02273,6725071.0
2024-08-15 08:00:00+00:00,0.02273,0.02293,0.02264,0.02282,6407627.0
2024-08-15 12:00:00+00:00,0.02282,0.02313,0.02274,0.02291,15320488.0
2024-08-15 16:00:00+00:00,0.02291,0.02305,0.02194,0.02205,31983933.0
2024-08-15 20:00:00+00:00,0.02205,0.02206,0.02171,0.0219,51010216.0
2024-08-16 00:00:00+00:00,0.0219,0.02209,0.02165,0.0219,18654887.0
2024-08-16 04:00:00+00:00,0.0219,0.0223,0.02188,0.02228,12809302.0
2024-08-16 08:00:00+00:00,0.02228,0.02231,0.02209,0.02211,17659516.0
2024-08-16 12:00:00+00:00,0.02211,0.02216,0.02134,0.02149,73916635.0
2024-08-16 16:00:00+00:00,0.02149,0.02213,0.02147,0.02207,24835849.0
2024-08-16 20:00:00+00:00,0.02207,0.02219,0.02192,0.02194,11002402.0
2024-08-17 00:00:00+00:00,0.02194,0.02195,0.02173,0.02187,6380956.0
2024-08-17 04:00:00+00:00,0.02187,0.02209,0.02184,0.02206,4865400.0
2024-08-17 08:00:00+00:00,0.02206,0.02229,0.02199,0.02202,21768556.0
2024-08-17 12:00:00+00:00,0.02202,0.02232,0.02199,0.02224,12029442.0
2024-08-17 16:00:00+00:00,0.02224,0.0224,0.02219,0.02228,6711809.0
2024-08-17 20:00:00+00:00,0.02228,0.02242,0.02222,0.02242,4177008.0
2024-08-18 00:00:00+00:00,0.02242,0.02247,0.02219,0.02221,7073424.0
2024-08-18 04:00:00+00:00,0.02221,0.02234,0.02213,0.02227,6496060.0
2024-08-18 08:00:00+00:00,0.02227,0.02252,0.02225,0.02249,9314814.0
2024-08-18 12:00:00+00:00,0.02249,0.02283,0.02238,0.02264,31802283.0
2024-08-18 16:00:00+00:00,0.02264,0.02279,0.0225,0.02276,9972294.0
2024-08-18 20:00:00+00:00,0.02276,0.02278,0.02221,0.02221,10569980.0
2024-08-19 00:00:00+00:00,0.02221,0.0226,0.02213,0.02244,30178769.0
2024-08-19 04:00:00+00:00,0.02244,0.02257,0.02219,0.02249,9066135.0
2024-08-19 08:00:00+00:00,0.02249,0.02275,0.02236,0.0226,18419137.0
2024-08-19 12:00:00+00:00,0.0226,0.02286,0.02243,0.02276,19514636.0
2024-08-19 16:00:00+00:00,0.02276,0.02284,0.02249,0.02273,14340529.0
2024-08-19 20:00:00+00:00,0.02273,0.02293,0.02268,0.02289,11716327.0
2024-08-20 00:00:00+00:00,0.02289,0.02363,0.0228,0.02343,27505096.0
2024-08-20 04:00:00+00:00,0.02343,0.02375,0.02338,0.02374,10422860.0
2024-08-20 08:00:00+00:00,0.02374,0.02389,0.02334,0.02345,18943578.0
2024-08-20 12:00:00+00:00,0.02345,0.02378,0.02278,0.02299,22544885.0
2024-08-20 16:00:00+00:00,0.02299,0.02333,0.02288,0.02329,7944219.0
2024-08-20 20:00:00+00:00,0.02329,0.02337,0.02316,0.02324,11829086.0
2024-08-21 00:00:00+00:00,0.02324,0.02328,0.02291,0.02328,13002188.0
2024-08-21 04:00:00+00:00,0.02328,0.02362,0.02327,0.02361,8548195.0
2024-08-21 08:00:00+00:00,0.02361,0.02373,0.02319,0.02328,20734637.0
2024-08-21 12:00:00+00:00,0.02328,0.02359,0.02298,0.02353,30165018.0
2024-08-21 16:00:00+00:00,0.02353,0.02432,0.02338,0.02427,32128808.0
2024-08-21 20:00:00+00:00,0.02427,0.02434,0.02403,0.02408,15304872.0
2024-08-22 00:00:00+00:00,0.02408,0.02411,0.02368,0.02391,10909018.0
2024-08-22 04:00:00+00:00,0.02391,0.02412,0.02386,0.02405,13684144.0
2024-08-22 08:00:00+00:00,0.02405,0.02444,0.02405,0.0244,9781002.0
2024-08-22 12:00:00+00:00,0.0244,0.02441,0.02398,0.02412,11744466.0
2024-08-22 16:00:00+00:00,0.02412,0.02431,0.024,0.02419,11163660.0
2024-08-22 20:00:00+00:00,0.02419,0.02427,0.02405,0.02414,7886839.0
2024-08-23 00:00:00+00:00,0.02414,0.02453,0.02412,0.02441,14522260.0
2024-08-23 04:00:00+00:00,0.02441,0.02483,0.02435,0.02479,16576258.0
2024-08-23 08:00:00+00:00,0.02479,0.02498,0.02469,0.02472,14157378.0
2024-08-23 12:00:00+00:00,0.02472,0.02554,0.02472,0.02529,39736585.0
2024-08-23 16:00:00+00:00,0.02529,0.02604,0.02528,0.02588,35408735.0
2024-08-23 20:00:00+00:00,0.02588,0.02603,0.02574,0.02582,18866323.0
2024-08-24 00:00:00+00:00,0.02582,0.0259,0.02548,0.02555,8228518.0
2024-08-24 04:00:00+00:00,0.02555,0.02568,0.02541,0.02552,4495670.0
2024-08-24 08:00:00+00:00,0.02552,0.02617,0.02549,0.02588,21313795.0
2024-08-24 12:00:00+00:00,0.02588,0.02625,0.02584,0.02589,24120579.0
2024-08-24 16:00:00+00:00,0.02589,0.02637,0.02587,0.0262,27427646.0
2024-08-24 20:00:00+00:00,0.0262,0.02636,0.02554,0.02595,18039149.0
2024-08-25 00:00:00+00:00,0.02595,0.02607,0.02531,0.02565,19498023.0
2024-08-25 04:00:00+00:00,0.02565,0.02586,0.02488,0.02503,13820640.0
2024-08-25 08:00:00+00:00,0.02503,0.0255,0.02489,0.02531,15549117.0
2024-08-25 12:00:00+00:00,0.02531,0.0258,0.02531,0.02553,19713845.0
2024-08-25 16:00:00+00:00,0.02553,0.02568,0.02522,0.02531,43155275.0
2024-08-25 20:00:00+00:00,0.02531,0.02563,0.02495,0.02505,45704253.0
2024-08-26 00:00:00+00:00,0.02505,0.02533,0.02449,0.025,44276083.0
2024-08-26 04:00:00+00:00,0.025,0.02513,0.02476,0.02486,15932731.0
2024-08-26 08:00:00+00:00,0.02486,0.02524,0.02469,0.02501,31256109.0
2024-08-26 12:00:00+00:00,0.02501,0.02507,0.0243,0.02444,49642486.0
2024-08-26 16:00:00+00:00,0.02444,0.02468,0.02388,0.02406,53942549.0
2024-08-26 20:00:00+00:00,0.02406,0.02421,0.02375,0.02388,28338343.0
2024-08-27 00:00:00+00:00,0.02388,0.02432,0.02387,0.02425,16552874.0
2024-08-27 04:00:00+00:00,0.02425,0.02455,0.02404,0.02409,11930210.0
2024-08-27 08:00:00+00:00,0.02409,0.02422,0.02355,0.02376,21427488.0
2024-08-27 12:00:00+00:00,0.02376,0.02415,0.02357,0.02392,26650440.0
2024-08-27 16:00:00+00:00,0.02392,0.02409,0.02369,0.02381,9298091.0
2024-08-27 20:00:00+00:00,0.02381,0.02383,0.02229,0.02289,59586022.0
2024-08-28 00:00:00+00:00,0.02289,0.02291,0.02253,0.02289,20740062.0
2024-08-28 04:00:00+00:00,0.02289,0.02311,0.0226,0.02262,19778992.0
2024-08-28 08:00:00+00:00,0.02262,0.02356,0.02251,0.02322,17778611.0
2024-08-28 12:00:00+00:00,0.02322,0.02338,0.02262,0.0228,18969878.0
2024-08-28 16:00:00+00:00,0.0228,0.02303,0.02212,0.02264,34618410.0
2024-08-28 20:00:00+00:00,0.02264,0.02309,0.02248,0.02266,12432985.0
2024-08-29 00:00:00+00:00,0.02266,0.02286,0.02264,0.02282,4746862.0
2024-08-29 04:00:00+00:00,0.02282,0.02294,0.02264,0.02281,7511845.0
2024-08-29 08:00:00+00:00,0.02281,0.02304,0.02274,0.02291,11167482.0
2024-08-29 12:00:00+00:00,0.02291,0.02332,0.0228,0.02319,11188572.0
2024-08-29 16:00:00+00:00,0.02319,0.02327,0.02204,0.02219,23335387.0
2024-08-29 20:00:00+00:00,0.02219,0.02236,0.02203,0.02233,12113541.0
2024-08-30 00:00:00+00:00,0.02233,0.02253,0.02216,0.02223,8091086.0
2024-08-30 04:00:00+00:00,0.02223,0.02255,0.02212,0.02243,6234545.0
2024-08-30 08:00:00+00:00,0.02243,0.02259,0.02233,0.02233,10474435.0
2024-08-30 12:00:00+00:00,0.02233,0.02257,0.02147,0.02155,28838706.0
2024-08-30 16:00:00+00:00,0.02155,0.02222,0.02141,0.02199,19779771.0
2024-08-30 20:00:00+00:00,0.02199,0.02249,0.02195,0.02233,10490596.0
2024-08-31 00:00:00+00:00,0.02233,0.02242,0.02214,0.02223,4655198.0
2024-08-31 04:00:00+00:00,0.02223,0.0223,0.02208,0.02208,4532325.0
2024-08-31 08:00:00+00:00,0.02208,0.02212,0.02186,0.02198,10225133.0
2024-08-31 12:00:00+00:00,0.02198,0.02206,0.0218,0.02186,11868929.0
2024-08-31 16:00:00+00:00,0.02186,0.0219,0.02163,0.02177,15267916.0
2024-08-31 20:00:00+00:00,0.02177,0.02189,0.02172,0.02181,4377173.0
2024-09-01 00:00:00+00:00,0.02181,0.02186,0.02146,0.02168,7014453.0
2024-09-01 04:00:00+00:00,0.02168,0.0217,0.02127,0.02161,16999431.0
2024-09-01 08:00:00+00:00,0.02161,0.02163,0.02121,0.02132,8319267.0
2024-09-01 12:00:00+00:00,0.02132,0.02136,0.02066,0.02133,58316588.0
2024-09-01 16:00:00+00:00,0.02133,0.02151,0.02093,0.02141,14279566.0
2024-09-01 20:00:00+00:00,0.02141,0.02157,0.02064,0.02086,20300001.0
2024-09-02 00:00:00+00:00,0.02086,0.02108,0.02076,0.02104,9503473.0
2024-09-02 04:00:00+00:00,0.02104,0.02108,0.02059,0.02066,6887966.0
2024-09-02 08:00:00+00:00,0.02066,0.02141,0.02062,0.0213,12522980.0
2024-09-02 12:00:00+00:00,0.0213,0.02148,0.02096,0.02134,15610152.0
2024-09-02 16:00:00+00:00,0.02134,0.02143,0.02116,0.02135,7054543.0
2024-09-02 20:00:00+00:00,0.02135,0.02182,0.02134,0.02175,8846257.0
2024-09-03 00:00:00+00:00,0.02175,0.02223,0.02175,0.02195,13292845.0
2024-09-03 04:00:00+00:00,0.02195,0.02203,0.0218,0.02198,9243915.0
2024-09-03 08:00:00+00:00,0.02198,0.022,0.02161,0.02178,8561367.0
2024-09-03 12:00:00+00:00,0.02178,0.02197,0.02091,0.02095,28516936.0
2024-09-03 16:00:00+00:00,0.02095,0.02125,0.02083,0.02114,18031362.0
2024-09-03 20:00:00+00:00,0.02114,0.02127,0.02076,0.02079,27833574.0
2024-09-04 00:00:00+00:00,0.02079,0.02095,0.0198,0.02075,64573898.0
2024-09-04 04:00:00+00:00,0.02075,0.02082,0.02043,0.02072,20095489.0
2024-09-04 08:00:00+00:00,0.02072,0.02086,0.0205,0.0206,14627569.0
2024-09-04 12:00:00+00:00,0.0206,0.02167,0.02051,0.02167,55884420.0
2024-09-04 16:00:00+00:00,0.02167,0.02188,0.02121,0.02144,50292795.0
2024-09-04 20:00:00+00:00,0.02144,0.0216,0.02135,0.02139,11515415.0
2024-09-05 00:00:00+00:00,0.02139,0.02149,0.02084,0.02089,16565223.0
2024-09-05 04:00:00+00:00,0.02089,0.02121,0.02082,0.02117,12651532.0
2024-09-05 08:00:00+00:00,0.02117,0.02119,0.02088,0.02091,7433686.0
2024-09-05 12:00:00+00:00,0.02091,0.0212,0.02053,0.0207,23476520.0
2024-09-05 16:00:00+00:00,0.0207,0.02098,0.02049,0.02061,22550955.0
2024-09-05 20:00:00+00:00,0.02061,0.02069,0.02048,0.02061,12990113.0
2024-09-06 00:00:00+00:00,0.02061,0.02088,0.02047,0.02073,10126891.0
2024-09-06 04:00:00+00:00,0.02073,0.02078,0.02027,0.02047,12564905.0
2024-09-06 08:00:00+00:00,0.02047,0.02069,0.02037,0.02054,11658492.0
2024-09-06 12:00:00+00:00,0.02054,0.02112,0.02007,0.02048,61141715.0
2024-09-06 16:00:00+00:00,0.02048,0.02049,0.01986,0.01998,25616378.0
2024-09-06 20:00:00+00:00,0.01998,0.02011,0.01935,0.01998,39745558.0
2024-09-07 00:00:00+00:00,0.01998,0.02012,0.01994,0.02002,7184263.0
2024-09-07 04:00:00+00:00,0.02002,0.02036,0.02001,0.02035,9728347.0
2024-09-07 08:00:00+00:00,0.02035,0.02048,0.02022,0.02023,10013809.0
2024-09-07 12:00:00+00:00,0.02023,0.02047,0.02023,0.02037,4397721.0
2024-09-07 16:00:00+00:00,0.02037,0.02044,0.02007,0.02025,10442239.0
2024-09-07 20:00:00+00:00,0.02025,0.02025,0.01994,0.02018,6757541.0
2024-09-08 00:00:00+00:00,0.02018,0.0206,0.02004,0.02058,15289918.0
2024-09-08 04:00:00+00:00,0.02058,0.02071,0.02051,0.02063,7677968.0
2024-09-08 08:00:00+00:00,0.02063,0.02078,0.02053,0.02054,8480555.0
2024-09-08 12:00:00+00:00,0.02054,0.02065,0.02027,0.02028,8587340.0
2024-09-08 16:00:00+00:00,0.02028,0.02051,0.0202,0.02035,5182997.0
2024-09-08 20:00:00+00:00,0.02035,0.02095,0.02032,0.02072,17773252.0
2024-09-09 00:00:00+00:00,0.02072,0.02094,0.02062,0.0207,11319168.0
2024-09-09 04:00:00+00:00,0.0207,0.02089,0.02055,0.02089,5414206.0
2024-09-09 08:00:00+00:00,0.02089,0.02121,0.02088,0.02114,11559478.0
2024-09-09 12:00:00+00:00,0.02114,0.02139,0.021,0.02136,18836085.0
2024-09-09 16:00:00+00:00,0.02136,0.02171,0.02135,0.02169,24211661.0
2024-09-09 20:00:00+00:00,0.02169,0.02188,0.02154,0.02158,11521783.0
2024-09-10 00:00:00+00:00,0.02158,0.02163,0.0214,0.0215,7603145.0
2024-09-10 04:00:00+00:00,0.0215,0.02197,0.02147,0.02191,10910376.0
2024-09-10 08:00:00+00:00,0.02191,0.02202,0.02165,0.02188,11303315.0
2024-09-10 12:00:00+00:00,0.02188,0.02201,0.02155,0.02173,36740197.0
2024-09-10 16:00:00+00:00,0.02173,0.02219,0.02168,0.02217,40925532.0
2024-09-10 20:00:00+00:00,0.02217,0.02217,0.02188,0.02193,7200547.0
2024-09-11 00:00:00+00:00,0.02193,0.02195,0.02142,0.02157,10238525.0
2024-09-11 04:00:00+00:00,0.02157,0.02158,0.02117,0.02151,8209863.0
2024-09-11 08:00:00+00:00,0.02151,0.02151,0.02128,0.02141,6562005.0
2024-09-11 12:00:00+00:00,0.02141,0.02173,0.0209,0.02135,31233645.0
2024-09-11 16:00:00+00:00,0.02135,0.02184,0.02135,0.02169,18293338.0
2024-09-11 20:00:00+00:00,0.02169,0.02176,0.0216,0.02164,3297736.0
2024-09-12 00:00:00+00:00,0.02164,0.02198,0.02163,0.02185,8159646.0
2024-09-12 04:00:00+00:00,0.02185,0.02199,0.02184,0.0219,5209957.0
2024-09-12 08:00:00+00:00,0.0219,0.02197,0.02166,0.02176,7556041.0
2024-09-12 12:00:00+00:00,0.02176,0.02195,0.0214,0.02149,33225490.0
2024-09-12 16:00:00+00:00,0.02149,0.02211,0.02148,0.02207,22256783.0
2024-09-12 20:00:00+00:00,0.02207,0.02235,0.02197,0.02233,18611029.0
2024-09-13 00:00:00+00:00,0.02233,0.02253,0.02223,0.02223,16829645.0
2024-09-13 04:00:00+00:00,0.02223,0.02231,0.02214,0.02226,5705255.0
2024-09-13 08:00:00+00:00,0.02226,0.02239,0.02206,0.02206,9925180.0
2024-09-13 12:00:00+00:00,0.02206,0.02271,0.0219,0.02268,16352488.0
2024-09-13 16:00:00+00:00,0.02268,0.02279,0.02241,0.0225,17793533.0
2024-09-13 20:00:00+00:00,0.0225,0.02282,0.02249,0.02276,9809608.0
2024-09-14 00:00:00+00:00,0.02276,0.02282,0.02264,0.02279,6452980.0
2024-09-14 04:00:00+00:00,0.02279,0.02281,0.02247,0.02256,9924583.0
2024-09-14 08:00:00+00:00,0.02256,0.0226,0.0223,0.02239,11938140.0
2024-09-14 12:00:00+00:00,0.02239,0.02254,0.02233,0.02245,4771466.0
2024-09-14 16:00:00+00:00,0.02245,0.02251,0.0221,0.02223,14954873.0
2024-09-14 20:00:00+00:00,0.02223,0.02239,0.02222,0.02231,6321989.0
2024-09-15 00:00:00+00:00,0.02231,0.02247,0.02229,0.02233,4917936.0
2024-09-15 04:00:00+00:00,0.02233,0.02239,0.02227,0.02232,3248126.0
2024-09-15 08:00:00+00:00,0.02232,0.02232,0.02201,0.02207,5173823.0
2024-09-15 12:00:00+00:00,0.02207,0.02222,0.02194,0.02215,10620415.0
2024-09-15 16:00:00+00:00,0.02215,0.02215,0.0216,0.02172,24467441.0
2024-09-15 20:00:00+00:00,0.02172,0.02176,0.02115,0.02141,13018941.0
2024-09-16 00:00:00+00:00,0.02141,0.02145,0.02109,0.02138,21174439.0
2024-09-16 04:00:00+00:00,0.02138,0.0217,0.02136,0.02167,16089400.0
2024-09-16 08:00:00+00:00,0.02167,0.02177,0.02135,0.02148,8192278.0
2024-09-16 12:00:00+00:00,0.02148,0.02148,0.02087,0.02096,18351307.0
2024-09-16 16:00:00+00:00,0.02096,0.02117,0.02083,0.02097,13733292.0
2024-09-16 20:00:00+00:00,0.02097,0.02101,0.0207,0.0209,21886105.0
2024-09-17 00:00:00+00:00,0.0209,0.02104,0.02072,0.02097,10669895.0
2024-09-17 04:00:00+00:00,0.02097,0.02123,0.02096,0.02108,8098900.0
2024-09-17 08:00:00+00:00,0.02108,0.02127,0.02103,0.02107,14195987.0
2024-09-17 12:00:00+00:00,0.02107,0.02164,0.02081,0.02154,45846227.0
2024-09-17 16:00:00+00:00,0.02154,0.02158,0.02122,0.02138,13957711.0
2024-09-17 20:00:00+00:00,0.02138,0.02149,0.02114,0.0212,9560696.0
2024-09-18 00:00:00+00:00,0.0212,0.0215,0.02102,0.02137,9788360.0
2024-09-18 04:00:00+00:00,0.02137,0.02143,0.02117,0.02134,6378745.0
2024-09-18 08:00:00+00:00,0.02134,0.02134,0.02087,0.0212,14091518.0
2024-09-18 12:00:00+00:00,0.0212,0.02136,0.02091,0.02096,8184073.0
2024-09-18 16:00:00+00:00,0.02096,0.02186,0.02086,0.02145,44440014.0
2024-09-18 20:00:00+00:00,0.02145,0.02194,0.02124,0.0219,12402238.0
2024-09-19 00:00:00+00:00,0.0219,0.02229,0.0219,0.02212,18826956.0
2024-09-19 04:00:00+00:00,0.02212,0.02221,0.02195,0.02219,13163251.0
2024-09-19 08:00:00+00:00,0.02219,0.02234,0.02198,0.02232,11539443.0
2024-09-19 12:00:00+00:00,0.02232,0.02256,0.02224,0.02248,20862930.0
2024-09-19 16:00:00+00:00,0.02248,0.023,0.02246,0.0225,35006401.0
2024-09-19 20:00:00+00:00,0.0225,0.02269,0.02241,0.02267,10849166.0
2024-09-20 00:00:00+00:00,0.02267,0.02308,0.02245,0.02308,13388589.0
2024-09-20 04:00:00+00:00,0.02308,0.02356,0.02303,0.02354,20014441.0
2024-09-20 08:00:00+00:00,0.02354,0.02439,0.0235,0.02394,49476309.0
2024-09-20 12:00:00+00:00,0.02394,0.02408,0.02327,0.02359,39270906.0
2024-09-20 16:00:00+00:00,0.02359,0.02388,0.02321,0.02344,27239989.0
2024-09-20 20:00:00+00:00,0.02344,0.02401,0.02339,0.02387,16446468.0
2024-09-21 00:00:00+00:00,0.02387,0.02429,0.02361,0.02391,22365520.0
2024-09-21 04:00:00+00:00,0.02391,0.02392,0.02353,0.02389,24015591.0
2024-09-21 08:00:00+00:00,0.02389,0.024,0.02368,0.0239,23003113.0
2024-09-21 12:00:00+00:00,0.0239,0.02435,0.02387,0.02408,27177599.0
2024-09-21 16:00:00+00:00,0.02408,0.02423,0.02385,0.02388,17112431.0
2024-09-21 20:00:00+00:00,0.02388,0.02432,0.02387,0.02425,6903276.0
2024-09-22 00:00:00+00:00,0.02425,0.02429,0.0236,0.02383,20892757.0
2024-09-22 04:00:00+00:00,0.02383,0.02393,0.02355,0.02359,9825724.0
2024-09-22 08:00:00+00:00,0.02359,0.02372,0.02323,0.02345,13320982.0
2024-09-22 12:00:00+00:00,0.02345,0.0235,0.02322,0.02333,8008828.0
2024-09-22 16:00:00+00:00,0.02333,0.02374,0.0231,0.02365,21328319.0
2024-09-22 20:00:00+00:00,0.02365,0.02385,0.02304,0.02376,22676059.0
2024-09-23 00:00:00+00:00,0.02376,0.02427,0.02318,0.02409,18104352.0
2024-09-23 04:00:00+00:00,0.02409,0.0242,0.02382,0.02386,10273216.0
2024-09-23 08:00:00+00:00,0.02386,0.02395,0.02357,0.02376,11463540.0
2024-09-23 12:00:00+00:00,0.02376,0.02418,0.02367,0.02406,20950580.0
2024-09-23 16:00:00+00:00,0.02406,0.02421,0.02379,0.02398,11189302.0
2024-09-23 20:00:00+00:00,0.02398,0.02406,0.02384,0.024,6890993.0
2024-09-24 00:00:00+00:00,0.024,0.02412,0.0237,0.02405,12281216.0
2024-09-24 04:00:00+00:00,0.02405,0.02475,0.02396,0.02473,30369723.0
2024-09-24 08:00:00+00:00,0.02473,0.02492,0.02447,0.0247,33738468.0
2024-09-24 12:00:00+00:00,0.0247,0.02494,0.02405,0.02409,49362847.0
2024-09-24 16:00:00+00:00,0.02409,0.02477,0.024,0.02472,17238707.0
2024-09-24 20:00:00+00:00,0.02472,0.02483,0.02444,0.02476,17156461.0
2024-09-25 00:00:00+00:00,0.02476,0.02505,0.02467,0.02478,24727995.0
2024-09-25 04:00:00+00:00,0.02478,0.02482,0.02431,0.02448,18194587.0
2024-09-25 08:00:00+00:00,0.02448,0.02515,0.02448,0.02513,17990820.0
2024-09-25 12:00:00+00:00,0.02513,0.02539,0.0248,0.02506,23951959.0
2024-09-25 16:00:00+00:00,0.02506,0.02551,0.02489,0.0249,29676275.0
2024-09-25 20:00:00+00:00,0.0249,0.02518,0.02451,0.02457,14347195.0
2024-09-26 00:00:00+00:00,0.02457,0.02475,0.02419,0.02468,22788202.0
2024-09-26 04:00:00+00:00,0.02468,0.02539,0.02463,0.02532,25830805.0
2024-09-26 08:00:00+00:00,0.02532,0.0254,0.02501,0.02522,14789459.0
2024-09-26 12:00:00+00:00,0.02522,0.0253,0.02486,0.02525,53217271.0
2024-09-26 16:00:00+00:00,0.02525,0.02568,0.02516,0.02538,40298208.0
2024-09-26 20:00:00+00:00,0.02538,0.02562,0.02516,0.02553,19560576.0
2024-09-27 00:00:00+00:00,0.02553,0.02673,0.02549,0.02652,48139287.0
2024-09-27 04:00:00+00:00,0.02652,0.02662,0.02622,0.02647,34797112.0
2024-09-27 08:00:00+00:00,0.02647,0.02695,0.02605,0.02623,39513777.0
2024-09-27 12:00:00+00:00,0.02623,0.02687,0.02623,0.02661,46124224.0
2024-09-27 16:00:00+00:00,0.02661,0.02687,0.02641,0.02669,22686236.0
2024-09-27 20:00:00+00:00,0.02669,0.02672,0.02646,0.02663,8155803.0
2024-09-28 00:00:00+00:00,0.02663,0.02704,0.02647,0.02682,12226472.0
2024-09-28 04:00:00+00:00,0.02682,0.02698,0.02623,0.02623,15565968.0
2024-09-28 08:00:00+00:00,0.02623,0.02625,0.02557,0.0259,23864612.0
2024-09-28 12:00:00+00:00,0.0259,0.02614,0.02575,0.02595,13365433.0
2024-09-28 16:00:00+00:00,0.02595,0.02603,0.02575,0.02593,16693716.0
2024-09-28 20:00:00+00:00,0.02593,0.02595,0.02548,0.02578,13467272.0
2024-09-29 00:00:00+00:00,0.02578,0.02598,0.02563,0.02597,7884435.0
2024-09-29 04:00:00+00:00,0.02597,0.02597,0.0252,0.02524,13929688.0
2024-09-29 08:00:00+00:00,0.02524,0.02554,0.02522,0.02544,12360761.0
2024-09-29 12:00:00+00:00,0.02544,0.02562,0.02523,0.02542,16441804.0
2024-09-29 16:00:00+00:00,0.02542,0.02597,0.02527,0.02595,21650417.0
2024-09-29 20:00:00+00:00,0.02595,0.02604,0.02565,0.02574,24336981.0
2024-09-30 00:00:00+00:00,0.02574,0.02578,0.02471,0.02502,29791502.0
2024-09-30 04:00:00+00:00,0.02502,0.02584,0.02485,0.02562,30182827.0
2024-09-30 08:00:00+00:00,0.02562,0.02566,0.02477,0.02515,54472537.0
2024-09-30 12:00:00+00:00,0.02515,0.0252,0.02438,0.02438,46849803.0
2024-09-30 16:00:00+00:00,0.02438,0.02476,0.02435,0.02448,22057392.0
2024-09-30 20:00:00+00:00,0.02448,0.02481,0.02408,0.02429,16869069.0
2024-10-01 00:00:00+00:00,0.02429,0.02489,0.02411,0.02484,14690117.0
2024-10-01 04:00:00+00:00,0.02484,0.02512,0.02471,0.02497,8568455.0
2024-10-01 08:00:00+00:00,0.02497,0.02504,0.02474,0.02482,11541047.0
2024-10-01 12:00:00+00:00,0.02482,0.02491,0.02315,0.02374,250938087.0
2024-10-01 16:00:00+00:00,0.02374,0.02398,0.02219,0.0228,157375778.0
2024-10-01 20:00:00+00:00,0.0228,0.02295,0.0225,0.02265,35843601.0
2024-10-02 00:00:00+00:00,0.02265,0.02307,0.02244,0.023,18897632.0
2024-10-02 04:00:00+00:00,0.023,0.02331,0.02273,0.02317,18571468.0
2024-10-02 08:00:00+00:00,0.02317,0.02322,0.02244,0.02273,15732254.0
2024-10-02 12:00:00+00:00,0.02273,0.02302,0.0223,0.023,28791140.0
2024-10-02 16:00:00+00:00,0.023,0.02317,0.02197,0.02216,40271622.0
2024-10-02 20:00:00+00:00,0.02216,0.02255,0.02209,0.02232,13176717.0
2024-10-03 00:00:00+00:00,0.02232,0.02279,0.02218,0.02279,10946215.0
2024-10-03 04:00:00+00:00,0.02279,0.02281,0.02222,0.02226,10627147.0
2024-10-03 08:00:00+00:00,0.02226,0.02246,0.02168,0.02208,24312984.0
2024-10-03 12:00:00+00:00,0.02208,0.02226,0.02158,0.0219,37693495.0
2024-10-03 16:00:00+00:00,0.0219,0.02205,0.02147,0.02205,19538285.0
2024-10-03 20:00:00+00:00,0.02205,0.02219,0.02187,0.0221,9869100.0
2024-10-04 00:00:00+00:00,0.0221,0.02231,0.02188,0.02214,8542250.0
2024-10-04 04:00:00+00:00,0.02214,0.02251,0.02214,0.02243,6653783.0
2024-10-04 08:00:00+00:00,0.02243,0.02258,0.02237,0.02257,9116971.0
2024-10-04 12:00:00+00:00,0.02257,0.02257,0.02203,0.02245,32126854.0
2024-10-04 16:00:00+00:00,0.02245,0.0229,0.02242,0.02288,17645667.0
2024-10-04 20:00:00+00:00,0.02288,0.02289,0.0227,0.02282,6867346.0
2024-10-05 00:00:00+00:00,0.02282,0.02293,0.02259,0.02261,6180634.0
2024-10-05 04:00:00+00:00,0.02261,0.02301,0.0226,0.02286,7248087.0
2024-10-05 08:00:00+00:00,0.02286,0.02296,0.0228,0.02283,7131828.0
2024-10-05 12:00:00+00:00,0.02283,0.02295,0.02265,0.02276,9976005.0
2024-10-05 16:00:00+00:00,0.02276,0.02277,0.02234,0.02239,11646911.0
2024-10-05 20:00:00+00:00,0.02239,0.02267,0.02225,0.02264,5349508.0
2024-10-06 00:00:00+00:00,0.02264,0.02288,0.02252,0.02258,9247810.0
2024-10-06 04:00:00+00:00,0.02258,0.02279,0.0225,0.02276,4694328.0
2024-10-06 08:00:00+00:00,0.02276,0.02294,0.02269,0.0229,10316347.0
2024-10-06 12:00:00+00:00,0.0229,0.02323,0.02289,0.02322,14649650.0
2024-10-06 16:00:00+00:00,0.02322,0.02331,0.02297,0.02307,16174126.0
2024-10-06 20:00:00+00:00,0.02307,0.02331,0.02296,0.02325,8535486.0
2024-10-07 00:00:00+00:00,0.02325,0.0241,0.02319,0.02397,30580064.0
2024-10-07 04:00:00+00:00,0.02397,0.02414,0.02389,0.02406,15158925.0
2024-10-07 08:00:00+00:00,0.02406,0.02413,0.02315,0.02344,41524141.0
2024-10-07 12:00:00+00:00,0.02344,0.02399,0.02321,0.02357,27019877.0
2024-10-07 16:00:00+00:00,0.02357,0.02378,0.02306,0.02334,32366097.0
2024-10-07 20:00:00+00:00,0.02334,0.0234,0.02287,0.0229,23494019.0
2024-10-08 00:00:00+00:00,0.0229,0.02329,0.02289,0.02315,17226848.0
2024-10-08 04:00:00+00:00,0.02315,0.02325,0.02264,0.02283,20853572.0
2024-10-08 08:00:00+00:00,0.02283,0.02309,0.02272,0.02302,10868311.0
2024-10-08 12:00:00+00:00,0.02302,0.02303,0.02237,0.02255,24494664.0
2024-10-08 16:00:00+00:00,0.02255,0.02273,0.02226,0.02242,18833360.0
2024-10-08 20:00:00+00:00,0.02242,0.0227,0.02232,0.02241,24055518.0
2024-10-09 00:00:00+00:00,0.02241,0.0227,0.02234,0.0225,13463290.0
2024-10-09 04:00:00+00:00,0.0225,0.02266,0.02243,0.02249,7938257.0
2024-10-09 08:00:00+00:00,0.02249,0.02256,0.02235,0.02254,8170813.0
2024-10-09 12:00:00+00:00,0.02254,0.02254,0.02206,0.02239,25294648.0
2024-10-09 16:00:00+00:00,0.02239,0.02241,0.02194,0.022,25990024.0
2024-10-09 20:00:00+00:00,0.022,0.02207,0.02168,0.02198,21165995.0
2024-10-10 00:00:00+00:00,0.02198,0.0221,0.02172,0.022,16181050.0
2024-10-10 04:00:00+00:00,0.022,0.02215,0.02196,0.02198,6986308.0
2024-10-10 08:00:00+00:00,0.02198,0.022,0.0216,0.022,12947597.0
2024-10-10 12:00:00+00:00,0.022,0.02203,0.0216,0.02182,26406565.0
2024-10-10 16:00:00+00:00,0.02182,0.02192,0.02131,0.02168,35676830.0
2024-10-10 20:00:00+00:00,0.02168,0.02199,0.02165,0.02195,14386300.0
2024-10-11 00:00:00+00:00,0.02195,0.02218,0.02193,0.02212,10509417.0
2024-10-11 04:00:00+00:00,0.02212,0.0222,0.02202,0.02212,10119416.0
2024-10-11 08:00:00+00:00,0.02212,0.0223,0.02206,0.02219,12861965.0
2024-10-11 12:00:00+00:00,0.02219,0.02249,0.02214,0.02247,17207353.0
2024-10-11 16:00:00+00:00,0.02247,0.02278,0.02238,0.02256,24251604.0
2024-10-11 20:00:00+00:00,0.02256,0.02275,0.02254,0.02261,10618202.0
2024-10-12 00:00:00+00:00,0.02261,0.02289,0.0226,0.02261,11733092.0
2024-10-12 04:00:00+00:00,0.02261,0.02302,0.02261,0.02299,5035162.0
2024-10-12 08:00:00+00:00,0.02299,0.02301,0.02279,0.02281,9184390.0
2024-10-12 12:00:00+00:00,0.02281,0.02299,0.02268,0.02287,22729132.0
2024-10-12 16:00:00+00:00,0.02287,0.02299,0.02267,0.02274,12155133.0
2024-10-12 20:00:00+00:00,0.02274,0.02283,0.02263,0.0227,8668848.0
2024-10-13 00:00:00+00:00,0.0227,0.02276,0.02241,0.02244,9006010.0
2024-10-13 04:00:00+00:00,0.02244,0.02271,0.02242,0.02262,9367481.0
2024-10-13 08:00:00+00:00,0.02262,0.02265,0.02231,0.02234,19810963.0
2024-10-13 12:00:00+00:00,0.02234,0.02255,0.02185,0.02199,26893452.0
2024-10-13 16:00:00+00:00,0.02199,0.02222,0.02189,0.0221,16205019.0
2024-10-13 20:00:00+00:00,0.0221,0.02239,0.02199,0.02233,10812206.0
2024-10-14 00:00:00+00:00,0.02233,0.02326,0.02204,0.02309,32581143.0
2024-10-14 04:00:00+00:00,0.02309,0.0232,0.02265,0.02306,25712241.0
2024-10-14 08:00:00+00:00,0.02306,0.02312,0.02284,0.0229,22772941.0
2024-10-14 12:00:00+00:00,0.0229,0.02336,0.02284,0.0233,34419026.0
2024-10-14 16:00:00+00:00,0.0233,0.02341,0.02311,0.02324,17227164.0
2024-10-14 20:00:00+00:00,0.02324,0.02349,0.02314,0.02332,13200900.0
2024-10-15 00:00:00+00:00,0.02332,0.02386,0.02331,0.02337,26128929.0
2024-10-15 04:00:00+00:00,0.02337,0.02358,0.02304,0.02323,23820224.0
2024-10-15 08:00:00+00:00,0.02323,0.02353,0.02273,0.02286,40889045.0
2024-10-15 12:00:00+00:00,0.02286,0.02396,0.02241,0.02297,85693041.0
2024-10-15 16:00:00+00:00,0.02297,0.02358,0.02297,0.02322,30260075.0
2024-10-15 20:00:00+00:00,0.02322,0.02351,0.02283,0.02346,32409757.0
2024-10-16 00:00:00+00:00,0.02346,0.02362,0.02312,0.02343,37683349.0
2024-10-16 04:00:00+00:00,0.02343,0.02356,0.02292,0.02294,29938009.0
2024-10-16 08:00:00+00:00,0.02294,0.02357,0.0229,0.02339,26508085.0
2024-10-16 12:00:00+00:00,0.02339,0.02351,0.02303,0.02313,23129449.0
2024-10-16 16:00:00+00:00,0.02313,0.02321,0.02287,0.02301,12820101.0
2024-10-16 20:00:00+00:00,0.02301,0.02334,0.023,0.0231,9877679.0
2024-10-17 00:00:00+00:00,0.0231,0.02328,0.02295,0.02311,18299986.0
2024-10-17 04:00:00+00:00,0.02311,0.02312,0.02267,0.02278,16446616.0
2024-10-17 08:00:00+00:00,0.02278,0.02293,0.02234,0.02234,18060529.0
2024-10-17 12:00:00+00:00,0.02234,0.02274,0.0223,0.02267,16300640.0
2024-10-17 16:00:00+00:00,0.02267,0.02271,0.02211,0.02232,20250755.0
2024-10-17 20:00:00+00:00,0.02232,0.02262,0.0223,0.0225,9215952.0
2024-10-18 00:00:00+00:00,0.0225,0.02278,0.02233,0.02258,14592183.0
2024-10-18 04:00:00+00:00,0.02258,0.02298,0.02257,0.02282,9279090.0
2024-10-18 08:00:00+00:00,0.02282,0.02291,0.02274,0.02278,7537480.0
2024-10-18 12:00:00+00:00,0.02278,0.02302,0.02268,0.023,17870582.0
2024-10-18 16:00:00+00:00,0.023,0.02338,0.02296,0.02305,23648528.0
2024-10-18 20:00:00+00:00,0.02305,0.02319,0.02301,0.02316,13212991.0
2024-10-19 00:00:00+00:00,0.02316,0.02357,0.02316,0.02339,10363803.0
2024-10-19 04:00:00+00:00,0.02339,0.02363,0.02332,0.02347,12357831.0
2024-10-19 08:00:00+00:00,0.02347,0.02353,0.02315,0.02315,11960292.0
2024-10-19 12:00:00+00:00,0.02315,0.02341,0.02314,0.0233,14886293.0
2024-10-19 16:00:00+00:00,0.0233,0.0233,0.02301,0.02306,15707615.0
2024-10-19 20:00:00+00:00,0.02306,0.02328,0.02302,0.02325,8834633.0
2024-10-20 00:00:00+00:00,0.02325,0.0233,0.02294,0.02306,5570483.0
2024-10-20 04:00:00+00:00,0.02306,0.02347,0.02302,0.02341,9530726.0
2024-10-20 08:00:00+00:00,0.02341,0.02348,0.02327,0.02339,13259046.0
2024-10-20 12:00:00+00:00,0.02339,0.02387,0.02338,0.02379,20145009.0
2024-10-20 16:00:00+00:00,0.02379,0.02383,0.02358,0.02361,9117701.0
2024-10-20 20:00:00+00:00,0.02361,0.02451,0.02358,0.02443,63057943.0
2024-10-21 00:00:00+00:00,0.02443,0.02479,0.02436,0.0244,26321444.0
2024-10-21 04:00:00+00:00,0.0244,0.0247,0.02419,0.02419,17218439.0
2024-10-21 08:00:00+00:00,0.02419,0.02437,0.02386,0.02391,15158571.0
2024-10-21 12:00:00+00:00,0.02391,0.02408,0.02316,0.02357,83904885.0
2024-10-21 16:00:00+00:00,0.02357,0.02376,0.0233,0.0237,24681524.0
2024-10-21 20:00:00+00:00,0.0237,0.02371,0.02346,0.02347,8798129.0
2024-10-22 00:00:00+00:00,0.02347,0.02365,0.02314,0.02356,15505959.0
2024-10-22 04:00:00+00:00,0.02356,0.02381,0.02347,0.02366,7312769.0
2024-10-22 08:00:00+00:00,0.02366,0.02367,0.02317,0.0234,17739339.0
2024-10-22 12:00:00+00:00,0.0234,0.02358,0.02312,0.02341,21047330.0
2024-10-22 16:00:00+00:00,0.02341,0.02343,0.02313,0.02328,13684467.0
2024-10-22 20:00:00+00:00,0.02328,0.02349,0.02326,0.0234,5425567.0
2024-10-23 00:00:00+00:00,0.0234,0.02343,0.02304,0.02321,7791155.0
2024-10-23 04:00:00+00:00,0.02321,0.02326,0.02292,0.02292,8634167.0
2024-10-23 08:00:00+00:00,0.02292,0.02299,0.02266,0.02268,19330903.0
2024-10-23 12:00:00+00:00,0.02268,0.02286,0.02235,0.02246,24084679.0
2024-10-23 16:00:00+00:00,0.02246,0.02247,0.02198,0.02244,25014843.0
2024-10-23 20:00:00+00:00,0.02244,0.02254,0.02241,0.0225,11811515.0
2024-10-24 00:00:00+00:00,0.0225,0.02281,0.02238,0.02254,12721992.0
2024-10-24 04:00:00+00:00,0.02254,0.0228,0.02254,0.02254,5806857.0
2024-10-24 08:00:00+00:00,0.02254,0.02261,0.02221,0.02247,12874066.0
2024-10-24 12:00:00+00:00,0.02247,0.02269,0.02244,0.02263,13882187.0
2024-10-24 16:00:00+00:00,0.02263,0.02324,0.02254,0.02302,14618080.0
2024-10-24 20:00:00+00:00,0.02302,0.02333,0.02293,0.02322,10593119.0
2024-10-25 00:00:00+00:00,0.02322,0.0233,0.02279,0.02291,10642866.0
2024-10-25 04:00:00+00:00,0.02291,0.02297,0.02248,0.02264,8352542.0
2024-10-25 08:00:00+00:00,0.02264,0.02298,0.02251,0.02293,8713724.0
2024-10-25 12:00:00+00:00,0.02293,0.02306,0.02261,0.02277,18168020.0
2024-10-25 16:00:00+00:00,0.02277,0.0228,0.02199,0.02236,37972460.0
2024-10-25 20:00:00+00:00,0.02236,0.02252,0.0208,0.02157,90730311.0
2024-10-26 00:00:00+00:00,0.02157,0.02171,0.02116,0.02164,20556351.0
2024-10-26 04:00:00+00:00,0.02164,0.02176,0.02155,0.02165,15053169.0
2024-10-26 08:00:00+00:00,0.02165,0.02173,0.02158,0.02168,6695097.0
2024-10-26 12:00:00+00:00,0.02168,0.0217,0.02117,0.02131,12496887.0
2024-10-26 16:00:00+00:00,0.02131,0.02162,0.02126,0.02158,9879858.0
2024-10-26 20:00:00+00:00,0.02158,0.02185,0.02156,0.02182,9997090.0
2024-10-27 00:00:00+00:00,0.02182,0.02213,0.0217,0.02204,8614412.0
2024-10-27 04:00:00+00:00,0.02204,0.02208,0.02184,0.02184,7116913.0
2024-10-27 08:00:00+00:00,0.02184,0.02197,0.02172,0.02175,6845874.0
2024-10-27 12:00:00+00:00,0.02175,0.02212,0.02175,0.02208,7018986.0
2024-10-27 16:00:00+00:00,0.02208,0.02218,0.02179,0.02204,18000830.0
2024-10-27 20:00:00+00:00,0.02204,0.02226,0.02203,0.02206,9882295.0
2024-10-28 00:00:00+00:00,0.02206,0.02207,0.02159,0.02161,6731173.0
2024-10-28 04:00:00+00:00,0.02161,0.02196,0.02139,0.02183,14012512.0
2024-10-28 08:00:00+00:00,0.02183,0.02213,0.02183,0.02192,10312222.0
2024-10-28 12:00:00+00:00,0.02192,0.02197,0.02149,0.0215,27181368.0
2024-10-28 16:00:00+00:00,0.0215,0.0219,0.02123,0.02185,34147801.0
2024-10-28 20:00:00+00:00,0.02185,0.02217,0.02174,0.02191,18954553.0
2024-10-29 00:00:00+00:00,0.02191,0.02246,0.02186,0.02237,10705120.0
2024-10-29 04:00:00+00:00,0.02237,0.02251,0.02235,0.02238,6565501.0
2024-10-29 08:00:00+00:00,0.02238,0.02252,0.02233,0.02241,9756378.0
2024-10-29 12:00:00+00:00,0.02241,0.02248,0.02211,0.02223,20114207.0
2024-10-29 16:00:00+00:00,0.02223,0.02282,0.02223,0.02247,28079798.0
2024-10-29 20:00:00+00:00,0.02247,0.02274,0.02221,0.02268,22216326.0
2024-10-30 00:00:00+00:00,0.02268,0.02273,0.02239,0.02262,12810581.0
2024-10-30 04:00:00+00:00,0.02262,0.02267,0.02247,0.02248,5446314.0
2024-10-30 08:00:00+00:00,0.02248,0.02258,0.02207,0.0221,18692143.0
2024-10-30 12:00:00+00:00,0.0221,0.02255,0.022,0.02237,28324494.0
2024-10-30 16:00:00+00:00,0.02237,0.02253,0.02224,0.02231,8890034.0
2024-10-30 20:00:00+00:00,0.02231,0.02256,0.02224,0.02226,11895823.0
2024-10-31 00:00:00+00:00,0.02226,0.02235,0.02212,0.0222,7478389.0
2024-10-31 04:00:00+00:00,0.0222,0.02223,0.02179,0.02192,16416856.0
2024-10-31 08:00:00+00:00,0.02192,0.02196,0.02172,0.02185,12520566.0
2024-10-31 12:00:00+00:00,0.02185,0.02189,0.02126,0.02146,36805631.0
2024-10-31 16:00:00+00:00,0.02146,0.02146,0.02092,0.02097,33730759.0
2024-10-31 20:00:00+00:00,0.02097,0.02128,0.02091,0.02117,8829524.0
2024-11-01 00:00:00+00:00,0.02117,0.02122,0.02069,0.02101,19817969.0
2024-11-01 04:00:00+00:00,0.02101,0.0211,0.02069,0.02081,10878091.0
2024-11-01 08:00:00+00:00,0.02081,0.02118,0.02079,0.02101,11374151.0
2024-11-01 12:00:00+00:00,0.02101,0.02131,0.02054,0.02068,33163933.0
2024-11-01 16:00:00+00:00,0.02068,0.02099,0.02065,0.02073,24108115.0
2024-11-01 20:00:00+00:00,0.02073,0.02079,0.02048,0.02068,10879016.0
2024-11-02 00:00:00+00:00,0.02068,0.02091,0.02067,0.02069,5287091.0
2024-11-02 04:00:00+00:00,0.02069,0.0208,0.02059,0.02078,5298514.0
2024-11-02 08:00:00+00:00,0.02078,0.0208,0.02061,0.02067,6041252.0
2024-11-02 12:00:00+00:00,0.02067,0.02074,0.02026,0.02031,20062031.0
2024-11-02 16:00:00+00:00,0.02031,0.02045,0.02013,0.02044,13455043.0
2024-11-02 20:00:00+00:00,0.02044,0.02044,0.02026,0.02037,4700429.0
2024-11-03 00:00:00+00:00,0.02037,0.02043,0.01969,0.01998,25844665.0
2024-11-03 04:00:00+00:00,0.01998,0.02014,0.01994,0.02002,5998913.0
2024-11-03 08:00:00+00:00,0.02002,0.02005,0.01967,0.01969,11883806.0
2024-11-03 12:00:00+00:00,0.01969,0.01983,0.01917,0.01949,37172692.0
2024-11-03 16:00:00+00:00,0.01949,0.01966,0.01926,0.01965,11920938.0
2024-11-03 20:00:00+00:00,0.01965,0.01988,0.01957,0.01974,14163525.0
2024-11-04 00:00:00+00:00,0.01974,0.02005,0.01955,0.01983,21290558.0
2024-11-04 04:00:00+00:00,0.01983,0.01993,0.01962,0.01965,8388718.0
2024-11-04 08:00:00+00:00,0.01965,0.01997,0.01955,0.01991,8756440.0
2024-11-04 12:00:00+00:00,0.01991,0.02003,0.01961,0.01967,10297980.0
2024-11-04 16:00:00+00:00,0.01967,0.01967,0.01929,0.01944,19675844.0
2024-11-04 20:00:00+00:00,0.01944,0.01944,0.01904,0.01937,27111733.0
2024-11-05 00:00:00+00:00,0.01937,0.01956,0.01927,0.01942,14634653.0
2024-11-05 04:00:00+00:00,0.01942,0.01961,0.01939,0.01959,6026602.0
2024-11-05 08:00:00+00:00,0.01959,0.01972,0.01951,0.0196,12410501.0
2024-11-05 12:00:00+00:00,0.0196,0.02027,0.01959,0.02009,28785141.0
2024-11-05 16:00:00+00:00,0.02009,0.02032,0.01979,0.01987,18329814.0
2024-11-05 20:00:00+00:00,0.01987,0.02022,0.01982,0.02011,8465130.0
2024-11-06 00:00:00+00:00,0.02011,0.02148,0.02011,0.02145,58213967.0
2024-11-06 04:00:00+00:00,0.02145,0.02183,0.02121,0.0214,45273836.0
2024-11-06 08:00:00+00:00,0.0214,0.0217,0.02101,0.02166,20475298.0
2024-11-06 12:00:00+00:00,0.02166,0.02176,0.0212,0.02141,16390893.0
2024-11-06 16:00:00+00:00,0.02141,0.02158,0.02133,0.02155,16833261.0
2024-11-06 20:00:00+00:00,0.02155,0.02199,0.02146,0.02177,15736394.0
2024-11-07 00:00:00+00:00,0.02177,0.0224,0.02176,0.0222,23304137.0
2024-11-07 04:00:00+00:00,0.0222,0.02221,0.0215,0.0218,23281291.0
2024-11-07 08:00:00+00:00,0.0218,0.02191,0.02156,0.02164,8431846.0
2024-11-07 12:00:00+00:00,0.02164,0.02203,0.02144,0.02202,14488701.0
2024-11-07 16:00:00+00:00,0.02202,0.02209,0.02167,0.02186,19968775.0
2024-11-07 20:00:00+00:00,0.02186,0.02195,0.02158,0.02176,13217661.0
2024-11-08 00:00:00+00:00,0.02176,0.02208,0.02151,0.02164,17676497.0
2024-11-08 04:00:00+00:00,0.02164,0.02189,0.0216,0.02181,11538713.0
2024-11-08 08:00:00+00:00,0.02181,0.02224,0.02165,0.02215,31913915.0
2024-11-08 12:00:00+00:00,0.02215,0.0226,0.02196,0.02226,72393681.0
2024-11-08 16:00:00+00:00,0.02226,0.02239,0.02168,0.02225,56844472.0
2024-11-08 20:00:00+00:00,0.02225,0.02237,0.02192,0.02234,18115478.0
2024-11-09 00:00:00+00:00,0.02234,0.02239,0.02194,0.02217,13861512.0
2024-11-09 04:00:00+00:00,0.02217,0.02268,0.02217,0.0225,16451956.0
2024-11-09 08:00:00+00:00,0.0225,0.02277,0.02242,0.02268,21695156.0
2024-11-09 12:00:00+00:00,0.02268,0.02277,0.0222,0.02241,25304192.0
2024-11-09 16:00:00+00:00,0.02241,0.02247,0.02194,0.02227,31219701.0
2024-11-09 20:00:00+00:00,0.02227,0.02326,0.02224,0.02315,42828828.0
2024-11-10 00:00:00+00:00,0.02315,0.02352,0.02269,0.02351,47155248.0
2024-11-10 04:00:00+00:00,0.02351,0.02646,0.02344,0.02507,264219973.0
2024-11-10 08:00:00+00:00,0.02507,0.02587,0.02507,0.02581,113171746.0
2024-11-10 12:00:00+00:00,0.02581,0.02615,0.02516,0.0259,186747016.0
2024-11-10 16:00:00+00:00,0.0259,0.02659,0.02551,0.02576,92678658.0
2024-11-10 20:00:00+00:00,0.02576,0.02593,0.02422,0.02533,114536312.0
2024-11-11 00:00:00+00:00,0.02533,0.02623,0.02513,0.02609,58818612.0
2024-11-11 04:00:00+00:00,0.02609,0.02615,0.02484,0.02564,134946137.0
2024-11-11 08:00:00+00:00,0.02564,0.02699,0.02559,0.02666,69377163.0
2024-11-11 12:00:00+00:00,0.02666,0.02731,0.02585,0.02623,129856908.0
2024-11-11 16:00:00+00:00,0.02623,0.02683,0.02621,0.02673,54604802.0
2024-11-11 20:00:00+00:00,0.02673,0.0285,0.02655,0.02849,134928103.0
2024-11-12 00:00:00+00:00,0.02849,0.02853,0.02714,0.02818,98642931.0
2024-11-12 04:00:00+00:00,0.02818,0.0291,0.02743,0.02905,79453944.0
2024-11-12 08:00:00+00:00,0.02905,0.02991,0.02613,0.02708,260993848.0
2024-11-12 12:00:00+00:00,0.02708,0.02736,0.02569,0.02621,117080124.0
2024-11-12 16:00:00+00:00,0.02621,0.02698,0.02564,0.02675,64915302.0
2024-11-12 20:00:00+00:00,0.02675,0.02774,0.02658,0.02708,50641343.0
2024-11-13 00:00:00+00:00,0.02708,0.02757,0.02586,0.02589,80343322.0
2024-11-13 04:00:00+00:00,0.02589,0.02628,0.02472,0.02539,76142901.0
2024-11-13 08:00:00+00:00,0.02539,0.02546,0.02467,0.02527,57537840.0
2024-11-13 12:00:00+00:00,0.02527,0.02679,0.02497,0.02675,128920726.0
2024-11-13 16:00:00+00:00,0.02675,0.02703,0.02547,0.02555,113814577.0
2024-11-13 20:00:00+00:00,0.02555,0.02595,0.02486,0.02591,68054385.0
2024-11-14 00:00:00+00:00,0.02591,0.02727,0.0256,0.02613,164722874.0
2024-11-14 04:00:00+00:00,0.02613,0.02665,0.02575,0.02637,35548450.0
2024-11-14 08:00:00+00:00,0.02637,0.0265,0.02536,0.02572,48527435.0
2024-11-14 12:00:00+00:00,0.02572,0.02575,0.02439,0.02461,97527763.0
2024-11-14 16:00:00+00:00,0.02461,0.02515,0.02438,0.025,52317787.0
2024-11-14 20:00:00+00:00,0.025,0.02519,0.02398,0.02429,78361952.0
2024-11-15 00:00:00+00:00,0.02429,0.02449,0.02382,0.0243,41790373.0
2024-11-15 04:00:00+00:00,0.0243,0.02463,0.02362,0.02439,37239823.0
2024-11-15 08:00:00+00:00,0.02439,0.02501,0.02419,0.02498,30399015.0
2024-11-15 12:00:00+00:00,0.02498,0.02525,0.02422,0.02451,97351850.0
2024-11-15 16:00:00+00:00,0.02451,0.02573,0.02437,0.02561,56222862.0
2024-11-15 20:00:00+00:00,0.02561,0.0264,0.02557,0.02638,46698054.0
2024-11-16 00:00:00+00:00,0.02638,0.02764,0.0263,0.02748,81382011.0
2024-11-16 04:00:00+00:00,0.02748,0.0275,0.02662,0.02715,59025873.0
2024-11-16 08:00:00+00:00,0.02715,0.029,0.02697,0.02875,133185965.0
2024-11-16 12:00:00+00:00,0.02875,0.02998,0.02806,0.02866,200323193.0
2024-11-16 16:00:00+00:00,0.02866,0.03164,0.02829,0.0304,222113385.0
2024-11-16 20:00:00+00:00,0.0304,0.03258,0.03003,0.03154,144782319.0
2024-11-17 00:00:00+00:00,0.03154,0.03315,0.02901,0.03017,213808782.0
2024-11-17 04:00:00+00:00,0.03017,0.03049,0.02967,0.02984,75134009.0
2024-11-17 08:00:00+00:00,0.02984,0.03026,0.02901,0.02913,72678047.0
2024-11-17 12:00:00+00:00,0.02913,0.02954,0.02882,0.02893,45992911.0
2024-11-17 16:00:00+00:00,0.02893,0.02937,0.02839,0.02873,50885541.0
2024-11-17 20:00:00+00:00,0.02873,0.02895,0.02811,0.0287,48720694.0
2024-11-18 00:00:00+00:00,0.0287,0.03118,0.02855,0.03118,80598276.0
2024-11-18 04:00:00+00:00,0.03118,0.03352,0.03069,0.03191,190019933.0
2024-11-18 08:00:00+00:00,0.03191,0.03305,0.03085,0.03104,118784587.0
2024-11-18 12:00:00+00:00,0.03104,0.03233,0.03047,0.03227,114219462.0
2024-11-18 16:00:00+00:00,0.03227,0.0341,0.03142,0.03199,291154272.0
2024-11-18 20:00:00+00:00,0.03199,0.03278,0.03156,0.03245,66860143.0
2024-11-19 00:00:00+00:00,0.03245,0.03394,0.03195,0.03283,94614442.0
2024-11-19 04:00:00+00:00,0.03283,0.03305,0.03193,0.03232,64854176.0
2024-11-19 08:00:00+00:00,0.03232,0.03275,0.03137,0.03273,59730572.0
2024-11-19 12:00:00+00:00,0.03273,0.0346,0.0326,0.03319,301677673.0
2024-11-19 16:00:00+00:00,0.03319,0.03442,0.03307,0.03368,138474802.0
2024-11-19 20:00:00+00:00,0.03368,0.03405,0.03247,0.03369,102853103.0
2024-11-20 00:00:00+00:00,0.03369,0.0345,0.03166,0.03222,151893246.0
2024-11-20 04:00:00+00:00,0.03222,0.03321,0.03191,0.03227,61364422.0
2024-11-20 08:00:00+00:00,0.03227,0.03265,0.03205,0.03236,88182809.0
2024-11-20 12:00:00+00:00,0.03236,0.03298,0.03168,0.03265,101327175.0
2024-11-20 16:00:00+00:00,0.03265,0.03274,0.03086,0.03127,124931968.0
2024-11-20 20:00:00+00:00,0.03127,0.03199,0.03106,0.03152,75928917.0
2024-11-21 00:00:00+00:00,0.03152,0.03204,0.03069,0.03185,106934680.0
2024-11-21 04:00:00+00:00,0.03185,0.03286,0.03138,0.03227,86308442.0
2024-11-21 08:00:00+00:00,0.03227,0.03233,0.03104,0.03204,70499097.0
2024-11-21 12:00:00+00:00,0.03204,0.03406,0.03151,0.03206,256653363.0
2024-11-21 16:00:00+00:00,0.03206,0.03231,0.03161,0.03201,107250631.0
2024-11-21 20:00:00+00:00,0.03201,0.03236,0.03173,0.03219,66221812.0
2024-11-22 00:00:00+00:00,0.03219,0.03241,0.03145,0.03232,106888861.0
2024-11-22 04:00:00+00:00,0.03232,0.03309,0.03232,0.03251,88181765.0
2024-11-22 08:00:00+00:00,0.03251,0.03328,0.03212,0.03324,69750423.0
2024-11-22 12:00:00+00:00,0.03324,0.03366,0.03182,0.03304,207638613.0
2024-11-22 16:00:00+00:00,0.03304,0.0341,0.03282,0.03382,182143233.0
2024-11-22 20:00:00+00:00,0.03382,0.03599,0.03374,0.03564,158390912.0
2024-11-23 00:00:00+00:00,0.03564,0.04067,0.03536,0.04021,652017000.0
2024-11-23 04:00:00+00:00,0.04021,0.04584,0.03805,0.04572,955056767.0
2024-11-23 08:00:00+00:00,0.04572,0.04729,0.04292,0.0438,697805661.0
2024-11-23 12:00:00+00:00,0.0438,0.04567,0.04237,0.04531,371072065.0
2024-11-23 16:00:00+00:00,0.04531,0.04672,0.04125,0.04256,589709849.0
2024-11-23 20:00:00+00:00,0.04256,0.04263,0.04041,0.04263,190569534.0
2024-11-24 00:00:00+00:00,0.04263,0.04503,0.04202,0.04339,311957474.0
2024-11-24 04:00:00+00:00,0.04339,0.04433,0.04244,0.04396,228010622.0
2024-11-24 08:00:00+00:00,0.04396,0.04439,0.04133,0.04144,238166070.0
2024-11-24 12:00:00+00:00,0.04144,0.04194,0.03926,0.03928,343771008.0
2024-11-24 16:00:00+00:00,0.03928,0.04342,0.03902,0.04261,211706508.0
2024-11-24 20:00:00+00:00,0.04261,0.04555,0.04238,0.0454,182343159.0
2024-11-25 00:00:00+00:00,0.0454,0.04543,0.04211,0.04253,252231998.0
2024-11-25 04:00:00+00:00,0.04253,0.04346,0.04237,0.04269,99627850.0
2024-11-25 08:00:00+00:00,0.04269,0.04433,0.04263,0.04324,113489435.0
2024-11-25 12:00:00+00:00,0.04324,0.04358,0.04063,0.04244,208981202.0
2024-11-25 16:00:00+00:00,0.04244,0.04304,0.04118,0.04162,127022822.0
2024-11-25 20:00:00+00:00,0.04162,0.04207,0.04001,0.04055,136173830.0
2024-11-26 00:00:00+00:00,0.04055,0.04157,0.04012,0.04112,83003042.0
2024-11-26 04:00:00+00:00,0.04112,0.04152,0.03983,0.04009,72736800.0
2024-11-26 08:00:00+00:00,0.04009,0.04011,0.03756,0.03862,217501234.0
2024-11-26 12:00:00+00:00,0.03862,0.04092,0.03801,0.04006,170084879.0
2024-11-26 16:00:00+00:00,0.04006,0.0422,0.03979,0.04047,205104303.0
2024-11-26 20:00:00+00:00,0.04047,0.04174,0.04026,0.04151,101939948.0
2024-11-27 00:00:00+00:00,0.04151,0.04199,0.04017,0.0402,171818591.0
2024-11-27 04:00:00+00:00,0.0402,0.0417,0.03995,0.04167,61621283.0
2024-11-27 08:00:00+00:00,0.04167,0.04294,0.04101,0.04201,147924478.0
2024-11-27 12:00:00+00:00,0.04201,0.04309,0.04111,0.04291,166827685.0
2024-11-27 16:00:00+00:00,0.04291,0.04362,0.04251,0.04317,92479631.0
2024-11-27 20:00:00+00:00,0.04317,0.04402,0.04279,0.04315,75830323.0
2024-11-28 00:00:00+00:00,0.04315,0.04315,0.04152,0.04193,99383532.0
2024-11-28 04:00:00+00:00,0.04193,0.04231,0.04117,0.04126,52928566.0
2024-11-28 08:00:00+00:00,0.04126,0.04177,0.04075,0.04136,77552570.0
2024-11-28 12:00:00+00:00,0.04136,0.04164,0.04037,0.04055,67022590.0
2024-11-28 16:00:00+00:00,0.04055,0.04163,0.04054,0.04157,39775279.0
2024-11-28 20:00:00+00:00,0.04157,0.04215,0.04109,0.04181,50241349.0
2024-11-29 00:00:00+00:00,0.04181,0.04256,0.04141,0.04205,50910996.0
2024-11-29 04:00:00+00:00,0.04205,0.04235,0.04141,0.04144,34890647.0
2024-11-29 08:00:00+00:00,0.04144,0.04364,0.04143,0.04352,58522215.0
2024-11-29 12:00:00+00:00,0.04352,0.04504,0.04294,0.0442,99629578.0
2024-11-29 16:00:00+00:00,0.0442,0.04453,0.04339,0.04428,65033608.0
2024-11-29 20:00:00+00:00,0.04428,0.04556,0.0441,0.04541,66807779.0
2024-11-30 00:00:00+00:00,0.04541,0.04833,0.04379,0.04413,289808905.0
2024-11-30 04:00:00+00:00,0.04413,0.04523,0.04389,0.04502,88075222.0
2024-11-30 08:00:00+00:00,0.04502,0.04662,0.0448,0.0458,98521237.0
2024-11-30 12:00:00+00:00,0.0458,0.04704,0.04553,0.04667,72711738.0
2024-11-30 16:00:00+00:00,0.04667,0.04671,0.04577,0.04629,48528391.0
2024-11-30 20:00:00+00:00,0.04629,0.04645,0.04553,0.04597,41377678.0
2024-12-01 00:00:00+00:00,0.04597,0.04649,0.04386,0.04469,109618644.0
2024-12-01 04:00:00+00:00,0.04469,0.04613,0.04432,0.04534,110093083.0
2024-12-01 08:00:00+00:00,0.04534,0.04709,0.04517,0.04659,84784336.0
2024-12-01 12:00:00+00:00,0.04659,0.04695,0.04566,0.04605,78948549.0
2024-12-01 16:00:00+00:00,0.04605,0.04622,0.04542,0.04574,44384406.0
2024-12-01 20:00:00+00:00,0.04574,0.04653,0.04448,0.04618,106104074.0
2024-12-02 00:00:00+00:00,0.04618,0.05214,0.04605,0.05016,538638328.0
2024-12-02 04:00:00+00:00,0.05016,0.05217,0.04902,0.0493,478948629.0
2024-12-02 08:00:00+00:00,0.0493,0.04978,0.04593,0.04649,352177825.0
2024-12-02 12:00:00+00:00,0.04649,0.0512,0.0463,0.05105,254577678.0
2024-12-02 16:00:00+00:00,0.05105,0.05325,0.04909,0.05204,430011866.0
2024-12-02 20:00:00+00:00,0.05204,0.05794,0.05197,0.05774,563711522.0
2024-12-03 00:00:00+00:00,0.05774,0.06943,0.05578,0.06877,871417636.0
2024-12-03 04:00:00+00:00,0.06877,0.07035,0.06273,0.06352,621559374.0
2024-12-03 08:00:00+00:00,0.06352,0.07223,0.06296,0.06702,540638087.0
2024-12-03 12:00:00+00:00,0.06702,0.06898,0.05818,0.06282,844103008.0
2024-12-03 16:00:00+00:00,0.06282,0.06503,0.06106,0.06255,266117198.0
2024-12-03 20:00:00+00:00,0.06255,0.0803,0.06228,0.07794,775661222.0
2024-12-04 00:00:00+00:00,0.07794,0.07796,0.06916,0.07117,538624346.0
2024-12-04 04:00:00+00:00,0.07117,0.07398,0.06954,0.06993,224413775.0
2024-12-04 08:00:00+00:00,0.06993,0.07211,0.0696,0.0703,180850217.0
2024-12-04 12:00:00+00:00,0.0703,0.07061,0.06723,0.06817,268320555.0
2024-12-04 16:00:00+00:00,0.06817,0.07132,0.06558,0.07085,379572177.0
2024-12-04 20:00:00+00:00,0.07085,0.07176,0.0667,0.06808,306130651.0
2024-12-05 00:00:00+00:00,0.06808,0.07292,0.06765,0.06921,443010144.0
2024-12-05 04:00:00+00:00,0.06921,0.07147,0.06817,0.07098,171540168.0
2024-12-05 08:00:00+00:00,0.07098,0.07431,0.07019,0.0723,251350678.0
2024-12-05 12:00:00+00:00,0.0723,0.07233,0.06815,0.06893,202837460.0
2024-12-05 16:00:00+00:00,0.06893,0.0697,0.06684,0.06707,130112548.0
2024-12-05 20:00:00+00:00,0.06707,0.0677,0.06266,0.06513,259787897.0
2024-12-06 00:00:00+00:00,0.06513,0.0665,0.0641,0.06568,168895479.0
2024-12-06 04:00:00+00:00,0.06568,0.06655,0.0653,0.06559,69982488.0
2024-12-06 08:00:00+00:00,0.06559,0.06619,0.06342,0.06458,123847298.0
2024-12-06 12:00:00+00:00,0.06458,0.06563,0.06214,0.06487,164495037.0
2024-12-06 16:00:00+00:00,0.06487,0.06685,0.0645,0.06681,88590918.0
2024-12-06 20:00:00+00:00,0.06681,0.06891,0.06606,0.06744,126364868.0
2024-12-07 00:00:00+00:00,0.06744,0.07148,0.06677,0.06781,241863891.0
2024-12-07 04:00:00+00:00,0.06781,0.06931,0.06664,0.06678,81905139.0
2024-12-07 08:00:00+00:00,0.06678,0.06852,0.06646,0.06787,90671614.0
2024-12-07 12:00:00+00:00,0.06787,0.06864,0.06711,0.06741,70240076.0
2024-12-07 16:00:00+00:00,0.06741,0.06797,0.06617,0.06647,112462099.0
2024-12-07 20:00:00+00:00,0.06647,0.06725,0.0664,0.06674,51937460.0
2024-12-08 00:00:00+00:00,0.06674,0.06784,0.06617,0.06637,49858526.0
2024-12-08 04:00:00+00:00,0.06637,0.06722,0.06509,0.06656,63216742.0
2024-12-08 08:00:00+00:00,0.06656,0.0687,0.06566,0.06864,118618279.0
2024-12-08 12:00:00+00:00,0.06864,0.07038,0.06726,0.06767,172954171.0
2024-12-08 16:00:00+00:00,0.06767,0.06814,0.06651,0.0674,88534172.0
2024-12-08 20:00:00+00:00,0.0674,0.06818,0.06658,0.06806,37089546.0
2024-12-09 00:00:00+00:00,0.06806,0.06877,0.06373,0.06443,135425046.0
2024-12-09 04:00:00+00:00,0.06443,0.06495,0.06231,0.06321,90772868.0
2024-12-09 08:00:00+00:00,0.06321,0.06324,0.06009,0.06071,174508398.0
2024-12-09 12:00:00+00:00,0.06071,0.06511,0.05952,0.06231,215020189.0
2024-12-09 16:00:00+00:00,0.06231,0.06311,0.0616,0.06182,101197643.0
2024-12-09 20:00:00+00:00,0.06182,0.062,0.04898,0.05637,752902236.0
2024-12-10 00:00:00+00:00,0.05637,0.05783,0.0517,0.05415,267419514.0
2024-12-10 04:00:00+00:00,0.05415,0.05745,0.05274,0.05685,161760622.0
2024-12-10 08:00:00+00:00,0.05685,0.05953,0.05573,0.05792,152797259.0
2024-12-10 12:00:00+00:00,0.05792,0.0582,0.05283,0.05299,326819595.0
2024-12-10 16:00:00+00:00,0.05299,0.0551,0.05094,0.05489,283356049.0
2024-12-10 20:00:00+00:00,0.05489,0.05722,0.05437,0.05571,154667874.0
2024-12-11 00:00:00+00:00,0.05571,0.05585,0.05272,0.05462,176883923.0
2024-12-11 04:00:00+00:00,0.05462,0.05526,0.05365,0.05379,69329830.0
2024-12-11 08:00:00+00:00,0.05379,0.05709,0.05378,0.05634,123946941.0
2024-12-11 12:00:00+00:00,0.05634,0.05958,0.05614,0.05895,198436001.0
2024-12-11 16:00:00+00:00,0.05895,0.05955,0.05728,0.05852,137951365.0
2024-12-11 20:00:00+00:00,0.05852,0.06047,0.05784,0.05939,88588384.0
2024-12-12 00:00:00+00:00,0.05939,0.06129,0.05814,0.06048,134262543.0
2024-12-12 04:00:00+00:00,0.06048,0.06411,0.06044,0.06216,213647934.0
2024-12-12 08:00:00+00:00,0.06216,0.06397,0.06031,0.06131,178721939.0
2024-12-12 12:00:00+00:00,0.06131,0.06247,0.06044,0.06144,193448861.0
2024-12-12 16:00:00+00:00,0.06144,0.0624,0.05926,0.05951,137671689.0
2024-12-12 20:00:00+00:00,0.05951,0.06079,0.05891,0.05997,86322359.0
2024-12-13 00:00:00+00:00,0.05997,0.06066,0.05753,0.0594,113886599.0
2024-12-13 04:00:00+00:00,0.0594,0.05956,0.05744,0.05856,79476945.0
2024-12-13 08:00:00+00:00,0.05856,0.05966,0.05785,0.05903,66806307.0
2024-12-13 12:00:00+00:00,0.05903,0.06089,0.05842,0.05851,115358658.0
2024-12-13 16:00:00+00:00,0.05851,0.06007,0.0582,0.05978,105443529.0
2024-12-13 20:00:00+00:00,0.05978,0.06095,0.05919,0.06009,66140303.0
2024-12-14 00:00:00+00:00,0.06009,0.06073,0.05894,0.05935,49488277.0
2024-12-14 04:00:00+00:00,0.05935,0.06021,0.05897,0.0592,31576964.0
2024-12-14 08:00:00+00:00,0.0592,0.0601,0.05818,0.05824,50993827.0
2024-12-14 12:00:00+00:00,0.05824,0.05838,0.05591,0.05705,100141390.0
2024-12-14 16:00:00+00:00,0.05705,0.0574,0.05578,0.05639,67993210.0
2024-12-14 20:00:00+00:00,0.05639,0.05718,0.05552,0.05706,31997055.0
2024-12-15 00:00:00+00:00,0.05706,0.05748,0.05587,0.05619,42795196.0
2024-12-15 04:00:00+00:00,0.05619,0.05738,0.05501,0.05542,59719785.0
2024-12-15 08:00:00+00:00,0.05542,0.05707,0.05539,0.05659,47456279.0
2024-12-15 12:00:00+00:00,0.05659,0.05922,0.05642,0.05861,81806654.0
2024-12-15 16:00:00+00:00,0.05861,0.05895,0.05767,0.05784,40864400.0
2024-12-15 20:00:00+00:00,0.05784,0.05903,0.0555,0.05879,105814930.0
2024-12-16 00:00:00+00:00,0.05879,0.05962,0.05684,0.05705,106092088.0
2024-12-16 04:00:00+00:00,0.05705,0.05763,0.05649,0.05719,53136646.0
2024-12-16 08:00:00+00:00,0.05719,0.05731,0.05436,0.05441,82452618.0
2024-12-16 12:00:00+00:00,0.05441,0.05584,0.05381,0.0555,123551607.0
2024-12-16 16:00:00+00:00,0.0555,0.05743,0.05521,0.0564,100829296.0
2024-12-16 20:00:00+00:00,0.0564,0.05697,0.05537,0.05549,57728568.0
2024-12-17 00:00:00+00:00,0.05549,0.05559,0.05408,0.0553,71387827.0
2024-12-17 04:00:00+00:00,0.0553,0.0553,0.05427,0.05458,38183734.0
2024-12-17 08:00:00+00:00,0.05458,0.05743,0.05419,0.05739,99073694.0
2024-12-17 12:00:00+00:00,0.05739,0.06105,0.05673,0.05707,340912799.0
2024-12-17 16:00:00+00:00,0.05707,0.05979,0.05657,0.05866,138914347.0
2024-12-17 20:00:00+00:00,0.05866,0.05923,0.05587,0.0568,123384031.0
2024-12-18 00:00:00+00:00,0.0568,0.05732,0.05463,0.0547,138413423.0
2024-12-18 04:00:00+00:00,0.0547,0.05509,0.05344,0.05426,144923198.0
2024-12-18 08:00:00+00:00,0.05426,0.05507,0.05364,0.05483,71339748.0
2024-12-18 12:00:00+00:00,0.05483,0.05488,0.05322,0.05391,134819178.0
2024-12-18 16:00:00+00:00,0.05391,0.05597,0.05274,0.05275,165405227.0
2024-12-18 20:00:00+00:00,0.05275,0.0532,0.04924,0.05032,468495071.0
2024-12-19 00:00:00+00:00,0.05032,0.05115,0.0475,0.05061,364086564.0
2024-12-19 04:00:00+00:00,0.05061,0.05115,0.0501,0.05082,54037645.0
2024-12-19 08:00:00+00:00,0.05082,0.05238,0.0498,0.05161,89824336.0
2024-12-19 12:00:00+00:00,0.05161,0.05182,0.0484,0.04952,159506838.0
2024-12-19 16:00:00+00:00,0.04952,0.05,0.04439,0.04535,418218635.0
2024-12-19 20:00:00+00:00,0.04535,0.04637,0.04392,0.04496,200082057.0
2024-12-20 00:00:00+00:00,0.04496,0.04757,0.04408,0.04654,202306645.0
2024-12-20 04:00:00+00:00,0.04654,0.04686,0.04431,0.04529,205647589.0
2024-12-20 08:00:00+00:00,0.04529,0.04536,0.03841,0.03845,542875931.0
2024-12-20 12:00:00+00:00,0.03845,0.04537,0.03836,0.04491,418348246.0
2024-12-20 16:00:00+00:00,0.04491,0.04795,0.04456,0.04761,217644410.0
2024-12-20 20:00:00+00:00,0.04761,0.04858,0.04577,0.04804,102486138.0
2024-12-21 00:00:00+00:00,0.04804,0.04846,0.0473,0.0476,57177695.0
2024-12-21 04:00:00+00:00,0.0476,0.05093,0.0476,0.05011,120011292.0
2024-12-21 08:00:00+00:00,0.05011,0.05048,0.04808,0.04851,103761148.0
2024-12-21 12:00:00+00:00,0.04851,0.04857,0.04521,0.04674,187668335.0
2024-12-21 16:00:00+00:00,0.04674,0.04677,0.0447,0.04547,130396947.0
2024-12-21 20:00:00+00:00,0.04547,0.046,0.04443,0.04514,90220054.0
2024-12-22 00:00:00+00:00,0.04514,0.046,0.04444,0.04545,106892487.0
2024-12-22 04:00:00+00:00,0.04545,0.04584,0.04404,0.04499,103783777.0
2024-12-22 08:00:00+00:00,0.04499,0.04696,0.04496,0.04612,84116884.0
2024-12-22 12:00:00+00:00,0.04612,0.04752,0.0449,0.04538,155685428.0
2024-12-22 16:00:00+00:00,0.04538,0.04695,0.04467,0.04483,94453648.0
2024-12-22 20:00:00+00:00,0.04483,0.04652,0.04418,0.04587,101398247.0
2024-12-23 00:00:00+00:00,0.04587,0.04719,0.04423,0.04709,143558873.0
2024-12-23 04:00:00+00:00,0.04709,0.04754,0.04506,0.04588,86405396.0
2024-12-23 08:00:00+00:00,0.04588,0.04714,0.04556,0.04625,64493602.0
2024-12-23 12:00:00+00:00,0.04625,0.04709,0.04487,0.04497,99609150.0
2024-12-23 16:00:00+00:00,0.04497,0.0468,0.04489,0.04632,90819097.0
2024-12-23 20:00:00+00:00,0.04632,0.04958,0.04628,0.04877,126602503.0
2024-12-24 00:00:00+00:00,0.04877,0.04884,0.04677,0.04795,69011597.0
2024-12-24 04:00:00+00:00,0.04795,0.04856,0.04717,0.0479,56276354.0
2024-12-24 08:00:00+00:00,0.0479,0.04927,0.04758,0.04919,70069822.0
2024-12-24 12:00:00+00:00,0.04919,0.05395,0.0488,0.05353,161621654.0
2024-12-24 16:00:00+00:00,0.05353,0.05425,0.05201,0.05202,131557575.0
2024-12-24 20:00:00+00:00,0.05202,0.05372,0.0515,0.0529,79020601.0
2024-12-25 00:00:00+00:00,0.0529,0.05327,0.05135,0.05191,74180319.0
2024-12-25 04:00:00+00:00,0.05191,0.05287,0.05169,0.05211,49374876.0
2024-12-25 08:00:00+00:00,0.05211,0.05378,0.05193,0.0521,77553070.0
2024-12-25 12:00:00+00:00,0.0521,0.05276,0.05149,0.05167,57092543.0
2024-12-25 16:00:00+00:00,0.05167,0.05223,0.05073,0.05201,49923029.0
2024-12-25 20:00:00+00:00,0.05201,0.05223,0.05079,0.05131,30578616.0
2024-12-26 00:00:00+00:00,0.05131,0.05193,0.04997,0.05011,52731923.0
2024-12-26 04:00:00+00:00,0.05011,0.05015,0.04874,0.04879,56619329.0
2024-12-26 08:00:00+00:00,0.04879,0.04893,0.04721,0.04811,91071956.0
2024-12-26 12:00:00+00:00,0.04811,0.04818,0.04705,0.04725,58226074.0
2024-12-26 16:00:00+00:00,0.04725,0.04773,0.04631,0.04711,43343168.0
2024-12-26 20:00:00+00:00,0.04711,0.04713,0.04612,0.0467,35177185.0
2024-12-27 00:00:00+00:00,0.0467,0.04754,0.04622,0.04699,32142577.0
2024-12-27 04:00:00+00:00,0.04699,0.04751,0.04595,0.04631,42154688.0
2024-12-27 08:00:00+00:00,0.04631,0.04875,0.04631,0.04859,67337291.0
2024-12-27 12:00:00+00:00,0.04859,0.04872,0.04583,0.04609,101948168.0
2024-12-27 16:00:00+00:00,0.04609,0.04692,0.0456,0.04644,35674716.0
2024-12-27 20:00:00+00:00,0.04644,0.04656,0.04536,0.04575,17766860.0
2024-12-28 00:00:00+00:00,0.04575,0.04619,0.04529,0.046,26305701.0
2024-12-28 04:00:00+00:00,0.046,0.04616,0.04531,0.04539,14723666.0
2024-12-28 08:00:00+00:00,0.04539,0.04586,0.04521,0.04549,14100203.0
2024-12-28 12:00:00+00:00,0.04549,0.04726,0.04521,0.04631,56491683.0
2024-12-28 16:00:00+00:00,0.04631,0.04739,0.04614,0.04674,40970103.0
2024-12-28 20:00:00+00:00,0.04674,0.04835,0.04656,0.04758,38686099.0
2024-12-29 00:00:00+00:00,0.04758,0.04802,0.04683,0.048,44340846.0
2024-12-29 04:00:00+00:00,0.048,0.04806,0.04687,0.04731,95628446.0
2024-12-29 08:00:00+00:00,0.04731,0.0474,0.0463,0.04631,23841596.0
2024-12-29 12:00:00+00:00,0.04631,0.04683,0.04579,0.04625,26959531.0
2024-12-29 16:00:00+00:00,0.04625,0.04629,0.0453,0.04545,23533735.0
2024-12-29 20:00:00+00:00,0.04545,0.04563,0.04464,0.04509,29719627.0
2024-12-30 00:00:00+00:00,0.04509,0.04662,0.04483,0.04554,36296876.0
2024-12-30 04:00:00+00:00,0.04554,0.04617,0.04474,0.04544,26180561.0
2024-12-30 08:00:00+00:00,0.04544,0.04591,0.04442,0.04502,27477882.0
2024-12-30 12:00:00+00:00,0.04502,0.04566,0.04262,0.04289,88958686.0
2024-12-30 16:00:00+00:00,0.04289,0.04498,0.04265,0.04467,50976861.0
2024-12-30 20:00:00+00:00,0.04467,0.04544,0.04329,0.04389,78427567.0
2024-12-31 00:00:00+00:00,0.04389,0.04391,0.0427,0.04274,26724992.0
2024-12-31 04:00:00+00:00,0.04274,0.04309,0.04237,0.04273,29831616.0
2024-12-31 08:00:00+00:00,0.04273,0.04435,0.04272,0.04346,40850618.0
2024-12-31 12:00:00+00:00,0.04346,0.04554,0.04346,0.04484,69843911.0
2024-12-31 16:00:00+00:00,0.04484,0.04502,0.04305,0.04346,53850500.0
2024-12-31 20:00:00+00:00,0.04346,0.04386,0.04281,0.04313,43234710.0
2025-01-01 00:00:00+00:00,0.04313,0.04424,0.04308,0.04339,26726071.0
2025-01-01 04:00:00+00:00,0.04339,0.04363,0.04306,0.04323,17588768.0
2025-01-01 08:00:00+00:00,0.04323,0.04374,0.04223,0.04345,30618646.0
2025-01-01 12:00:00+00:00,0.04345,0.04505,0.04316,0.04498,52363030.0
2025-01-01 16:00:00+00:00,0.04498,0.04674,0.04429,0.04644,87885992.0
2025-01-01 20:00:00+00:00,0.04644,0.04737,0.04642,0.04665,61249935.0
2025-01-02 00:00:00+00:00,0.04665,0.04883,0.04664,0.04718,67518503.0
2025-01-02 04:00:00+00:00,0.04718,0.04795,0.04664,0.04748,46565176.0
2025-01-02 08:00:00+00:00,0.04748,0.04852,0.04704,0.04852,44361241.0
2025-01-02 12:00:00+00:00,0.04852,0.04885,0.04723,0.04781,77272786.0
2025-01-02 16:00:00+00:00,0.04781,0.04931,0.04755,0.04849,60732033.0
2025-01-02 20:00:00+00:00,0.04849,0.04902,0.04787,0.04831,38776869.0
2025-01-03 00:00:00+00:00,0.04831,0.04965,0.04765,0.04956,36509777.0
2025-01-03 04:00:00+00:00,0.04956,0.04956,0.04776,0.04794,35067544.0
2025-01-03 08:00:00+00:00,0.04794,0.05003,0.04777,0.04991,62134749.0
2025-01-03 12:00:00+00:00,0.04991,0.05322,0.04986,0.05257,109134986.0
2025-01-03 16:00:00+00:00,0.05257,0.05312,0.05218,0.05248,64811638.0
2025-01-03 20:00:00+00:00,0.05248,0.05334,0.05207,0.05278,73767202.0
2025-01-04 00:00:00+00:00,0.05278,0.05325,0.05121,0.05238,107803232.0
2025-01-04 04:00:00+00:00,0.05238,0.05243,0.05159,0.05182,19211343.0
2025-01-04 08:00:00+00:00,0.05182,0.05192,0.05069,0.0511,36433046.0
2025-01-04 12:00:00+00:00,0.0511,0.05189,0.05018,0.05044,51566092.0
2025-01-04 16:00:00+00:00,0.05044,0.05103,0.0504,0.051,25059615.0
2025-01-04 20:00:00+00:00,0.051,0.05128,0.05066,0.051,22747130.0
2025-01-05 00:00:00+00:00,0.051,0.05124,0.05007,0.05051,23447117.0
2025-01-05 04:00:00+00:00,0.05051,0.0519,0.05041,0.05158,28037122.0
2025-01-05 08:00:00+00:00,0.05158,0.05165,0.0499,0.05023,33526012.0
2025-01-05 12:00:00+00:00,0.05023,0.05069,0.04941,0.05045,30739883.0
2025-01-05 16:00:00+00:00,0.05045,0.0509,0.04996,0.0507,23131884.0
2025-01-05 20:00:00+00:00,0.0507,0.05137,0.05056,0.05107,19853214.0
2025-01-06 00:00:00+00:00,0.05107,0.05192,0.04968,0.05144,39052422.0
2025-01-06 04:00:00+00:00,0.05144,0.05185,0.05051,0.05088,33624107.0
2025-01-06 08:00:00+00:00,0.05088,0.05158,0.05038,0.05158,30670788.0
2025-01-06 12:00:00+00:00,0.05158,0.05366,0.05072,0.05353,91515734.0
2025-01-06 16:00:00+00:00,0.05353,0.05439,0.05293,0.05381,88187979.0
2025-01-06 20:00:00+00:00,0.05381,0.05404,0.05232,0.05276,33491459.0
2025-01-07 00:00:00+00:00,0.05276,0.05279,0.0515,0.05218,32411966.0
2025-01-07 04:00:00+00:00,0.05218,0.05264,0.05153,0.05223,25216362.0
2025-01-07 08:00:00+00:00,0.05223,0.05267,0.05079,0.0513,40422081.0
2025-01-07 12:00:00+00:00,0.0513,0.05199,0.04755,0.04833,228377328.0
2025-01-07 16:00:00+00:00,0.04833,0.04887,0.0469,0.04705,88008159.0
2025-01-07 20:00:00+00:00,0.04705,0.04795,0.04671,0.04679,60602480.0
2025-01-08 00:00:00+00:00,0.04679,0.04773,0.04587,0.04622,53595940.0
2025-01-08 04:00:00+00:00,0.04622,0.04647,0.04483,0.04566,56599272.0
2025-01-08 08:00:00+00:00,0.04566,0.04634,0.04496,0.04525,44918017.0
2025-01-08 12:00:00+00:00,0.04525,0.04627,0.04479,0.04562,63971481.0
2025-01-08 16:00:00+00:00,0.04562,0.04568,0.04268,0.04413,122273543.0
2025-01-08 20:00:00+00:00,0.04413,0.04548,0.04368,0.04496,38460891.0
2025-01-09 00:00:00+00:00,0.04496,0.04608,0.04467,0.04533,40438993.0
2025-01-09 04:00:00+00:00,0.04533,0.04567,0.04392,0.0441,27497288.0
2025-01-09 08:00:00+00:00,0.0441,0.04592,0.04398,0.0456,33685843.0
2025-01-09 12:00:00+00:00,0.0456,0.04611,0.04345,0.04554,81153172.0
2025-01-09 16:00:00+00:00,0.04554,0.04588,0.04358,0.04366,42789455.0
2025-01-09 20:00:00+00:00,0.04366,0.04469,0.04313,0.04445,42218043.0
2025-01-10 00:00:00+00:00,0.04445,0.04485,0.04377,0.04465,23943345.0
2025-01-10 04:00:00+00:00,0.04465,0.04609,0.04423,0.04577,33001311.0
2025-01-10 08:00:00+00:00,0.04577,0.04614,0.0452,0.04604,31098072.0
2025-01-10 12:00:00+00:00,0.04604,0.04679,0.04403,0.04477,122074213.0
2025-01-10 16:00:00+00:00,0.04477,0.04621,0.04397,0.04608,59209525.0
2025-01-10 20:00:00+00:00,0.04608,0.04611,0.04495,0.04522,16416872.0
2025-01-11 00:00:00+00:00,0.04522,0.04554,0.04434,0.04444,19041199.0
2025-01-11 04:00:00+00:00,0.04444,0.04499,0.04419,0.04454,12679523.0
2025-01-11 08:00:00+00:00,0.04454,0.04512,0.04412,0.04496,17885974.0
2025-01-11 12:00:00+00:00,0.04496,0.04502,0.0443,0.04441,19314280.0
2025-01-11 16:00:00+00:00,0.04441,0.04461,0.04385,0.04413,26447989.0
2025-01-11 20:00:00+00:00,0.04413,0.04654,0.04407,0.04525,41230157.0
2025-01-12 00:00:00+00:00,0.04525,0.04561,0.04483,0.04523,15306036.0
2025-01-12 04:00:00+00:00,0.04523,0.04549,0.04442,0.04493,9692884.0
2025-01-12 08:00:00+00:00,0.04493,0.04501,0.04402,0.04461,17922017.0
2025-01-12 12:00:00+00:00,0.04461,0.04515,0.04432,0.04509,15160623.0
2025-01-12 16:00:00+00:00,0.04509,0.04592,0.04481,0.04522,22246485.0
2025-01-12 20:00:00+00:00,0.04522,0.04536,0.04383,0.04464,21258475.0
2025-01-13 00:00:00+00:00,0.04464,0.04696,0.04331,0.04345,74397371.0
2025-01-13 04:00:00+00:00,0.04345,0.04444,0.04245,0.04272,35252436.0
2025-01-13 08:00:00+00:00,0.04272,0.04277,0.04051,0.04053,83186205.0
2025-01-13 12:00:00+00:00,0.04053,0.04293,0.04004,0.04247,119746482.0
2025-01-13 16:00:00+00:00,0.04247,0.04259,0.04097,0.04167,34148833.0
2025-01-13 20:00:00+00:00,0.04167,0.04388,0.0413,0.04318,30979379.0
2025-01-14 00:00:00+00:00,0.04318,0.04399,0.04277,0.04335,23496709.0
2025-01-14 04:00:00+00:00,0.04335,0.04402,0.04332,0.04334,11414312.0
2025-01-14 08:00:00+00:00,0.04334,0.04501,0.04334,0.0443,30720818.0
2025-01-14 12:00:00+00:00,0.0443,0.04528,0.04373,0.04446,35867662.0
2025-01-14 16:00:00+00:00,0.04446,0.0454,0.04386,0.04473,52968138.0
2025-01-14 20:00:00+00:00,0.04473,0.04522,0.04436,0.0452,16565120.0
2025-01-15 00:00:00+00:00,0.0452,0.04554,0.04457,0.04534,20687134.0
2025-01-15 04:00:00+00:00,0.04534,0.04653,0.04482,0.04619,18669026.0
2025-01-15 08:00:00+00:00,0.04619,0.04699,0.04458,0.04498,35311862.0
2025-01-15 12:00:00+00:00,0.04498,0.04835,0.04459,0.04792,88679987.0
2025-01-15 16:00:00+00:00,0.04792,0.04832,0.04703,0.04778,35971325.0
2025-01-15 20:00:00+00:00,0.04778,0.04918,0.04745,0.04903,26299697.0
2025-01-16 00:00:00+00:00,0.04903,0.04921,0.04747,0.04809,43339102.0
2025-01-16 04:00:00+00:00,0.04809,0.04885,0.04795,0.04838,14629624.0
2025-01-16 08:00:00+00:00,0.04838,0.04871,0.04716,0.04867,31133328.0
2025-01-16 12:00:00+00:00,0.04867,0.05092,0.04828,0.05068,106885094.0
2025-01-16 16:00:00+00:00,0.05068,0.05263,0.05048,0.05256,120633143.0
2025-01-16 20:00:00+00:00,0.05256,0.05282,0.05029,0.05117,53708912.0
2025-01-17 00:00:00+00:00,0.05117,0.05402,0.05117,0.05319,76944933.0
2025-01-17 04:00:00+00:00,0.05319,0.05785,0.05289,0.05583,188256074.0
2025-01-17 08:00:00+00:00,0.05583,0.05611,0.05465,0.0558,110078595.0
2025-01-17 12:00:00+00:00,0.0558,0.0558,0.05433,0.05506,79484563.0
2025-01-17 16:00:00+00:00,0.05506,0.05588,0.0544,0.0556,45148236.0
2025-01-17 20:00:00+00:00,0.0556,0.05647,0.05548,0.05613,35611911.0
2025-01-18 00:00:00+00:00,0.05613,0.05678,0.05339,0.05375,87243027.0
2025-01-18 04:00:00+00:00,0.05375,0.05411,0.05141,0.05177,109810918.0
2025-01-18 08:00:00+00:00,0.05177,0.05292,0.05113,0.05289,59019751.0
2025-01-18 12:00:00+00:00,0.05289,0.05348,0.05139,0.05142,77965264.0
2025-01-18 16:00:00+00:00,0.05142,0.05171,0.05043,0.05124,64182137.0
2025-01-18 20:00:00+00:00,0.05124,0.05207,0.05054,0.05173,34393711.0
2025-01-19 00:00:00+00:00,0.05173,0.05437,0.05145,0.0534,70620178.0
2025-01-19 04:00:00+00:00,0.0534,0.05344,0.05051,0.05081,62320932.0
2025-01-19 08:00:00+00:00,0.05081,0.05081,0.04705,0.04746,133538577.0
2025-01-19 12:00:00+00:00,0.04746,0.0515,0.04735,0.05062,103720377.0
2025-01-19 16:00:00+00:00,0.05062,0.05079,0.04961,0.05016,42944545.0
2025-01-19 20:00:00+00:00,0.05016,0.05049,0.04443,0.04536,237999102.0
2025-01-20 00:00:00+00:00,0.04536,0.04622,0.04387,0.04596,126337721.0
2025-01-20 04:00:00+00:00,0.04596,0.05116,0.04538,0.05021,122499953.0
2025-01-20 08:00:00+00:00,0.05021,0.05167,0.04885,0.04994,63415309.0
2025-01-20 12:00:00+00:00,0.04994,0.04997,0.04763,0.04809,82445652.0
2025-01-20 16:00:00+00:00,0.04809,0.04876,0.04524,0.04693,158630924.0
2025-01-20 20:00:00+00:00,0.04693,0.04725,0.04534,0.04605,40007454.0
2025-01-21 00:00:00+00:00,0.04605,0.0463,0.04424,0.04486,72303763.0
2025-01-21 04:00:00+00:00,0.04486,0.04543,0.04385,0.04504,50716778.0
2025-01-21 08:00:00+00:00,0.04504,0.053,0.04453,0.04785,678047392.0
2025-01-21 12:00:00+00:00,0.04785,0.05076,0.0475,0.04876,158524401.0
2025-01-21 16:00:00+00:00,0.04876,0.05104,0.04848,0.05034,76254191.0
2025-01-21 20:00:00+00:00,0.05034,0.05049,0.04889,0.04922,52651211.0
2025-01-22 00:00:00+00:00,0.04922,0.05311,0.04921,0.05151,197163921.0
2025-01-22 04:00:00+00:00,0.05151,0.05164,0.05006,0.05044,79665799.0
2025-01-22 08:00:00+00:00,0.05044,0.05068,0.04886,0.04929,55070652.0
2025-01-22 12:00:00+00:00,0.04929,0.04949,0.04775,0.04828,63517244.0
2025-01-22 16:00:00+00:00,0.04828,0.04854,0.04754,0.04816,32863694.0
2025-01-22 20:00:00+00:00,0.04816,0.04851,0.04755,0.04781,28357337.0
2025-01-23 00:00:00+00:00,0.04781,0.0485,0.04722,0.04785,55951974.0
2025-01-23 04:00:00+00:00,0.04785,0.04798,0.0469,0.0479,47948116.0
2025-01-23 08:00:00+00:00,0.0479,0.04809,0.04667,0.0472,47219457.0
2025-01-23 12:00:00+00:00,0.0472,0.04916,0.04651,0.04866,78172757.0
2025-01-23 16:00:00+00:00,0.04866,0.05051,0.04779,0.04804,77979334.0
2025-01-23 20:00:00+00:00,0.04804,0.04971,0.04789,0.04895,84289745.0
2025-01-24 00:00:00+00:00,0.04895,0.04928,0.04666,0.04731,57993116.0
2025-01-24 04:00:00+00:00,0.04731,0.04923,0.04696,0.04839,42163170.0
2025-01-24 08:00:00+00:00,0.04839,0.0496,0.04833,0.04918,44579162.0
2025-01-24 12:00:00+00:00,0.04918,0.04997,0.04892,0.04955,45476342.0
2025-01-24 16:00:00+00:00,0.04955,0.04997,0.049,0.04913,25747700.0
2025-01-24 20:00:00+00:00,0.04913,0.04933,0.0475,0.0477,31471205.0
2025-01-25 00:00:00+00:00,0.0477,0.04886,0.04707,0.04862,32046974.0
2025-01-25 04:00:00+00:00,0.04862,0.04896,0.04791,0.04807,16997775.0
2025-01-25 08:00:00+00:00,0.04807,0.04831,0.04772,0.04798,18608566.0
2025-01-25 12:00:00+00:00,0.04798,0.04876,0.04777,0.04827,24010182.0
2025-01-25 16:00:00+00:00,0.04827,0.04864,0.04774,0.04822,16842642.0
2025-01-25 20:00:00+00:00,0.04822,0.04849,0.04753,0.04762,22391299.0
2025-01-26 00:00:00+00:00,0.04762,0.04837,0.04746,0.04822,25955821.0
2025-01-26 04:00:00+00:00,0.04822,0.04857,0.04781,0.04825,18109777.0
2025-01-26 08:00:00+00:00,0.04825,0.04849,0.0472,0.0476,24950336.0
2025-01-26 12:00:00+00:00,0.0476,0.04787,0.04724,0.0473,18003727.0
2025-01-26 16:00:00+00:00,0.0473,0.0478,0.04679,0.04735,44821610.0
2025-01-26 20:00:00+00:00,0.04735,0.04737,0.04518,0.04523,50050999.0
2025-01-27 00:00:00+00:00,0.04523,0.0455,0.04382,0.04432,59128316.0
2025-01-27 04:00:00+00:00,0.04432,0.04433,0.04155,0.04307,103539163.0
2025-01-27 08:00:00+00:00,0.04307,0.04358,0.04216,0.04241,71140144.0
2025-01-27 12:00:00+00:00,0.04241,0.04471,0.0422,0.04409,79288096.0
2025-01-27 16:00:00+00:00,0.04409,0.0443,0.04277,0.04323,50011309.0
2025-01-27 20:00:00+00:00,0.04323,0.04531,0.04317,0.0447,38024100.0
2025-01-28 00:00:00+00:00,0.0447,0.04517,0.04383,0.0449,21202810.0
2025-01-28 04:00:00+00:00,0.0449,0.0457,0.04483,0.04502,39641924.0
2025-01-28 08:00:00+00:00,0.04502,0.04563,0.04447,0.04557,23287758.0
2025-01-28 12:00:00+00:00,0.04557,0.04566,0.04471,0.04523,32154915.0
2025-01-28 16:00:00+00:00,0.04523,0.04528,0.04324,0.04351,52612262.0
2025-01-28 20:00:00+00:00,0.04351,0.04366,0.04185,0.04233,43486250.0
2025-01-29 00:00:00+00:00,0.04233,0.04338,0.04211,0.0431,21524407.0
2025-01-29 04:00:00+00:00,0.0431,0.04374,0.04299,0.04366,19954889.0
2025-01-29 08:00:00+00:00,0.04366,0.04385,0.04283,0.04342,19853590.0
2025-01-29 12:00:00+00:00,0.04342,0.04359,0.0421,0.0424,49078596.0
2025-01-29 16:00:00+00:00,0.0424,0.04403,0.04145,0.04353,73371769.0
2025-01-29 20:00:00+00:00,0.04353,0.04502,0.043,0.04328,53020791.0
2025-01-30 00:00:00+00:00,0.04328,0.04466,0.04286,0.04459,26331857.0
2025-01-30 04:00:00+00:00,0.04459,0.04587,0.04436,0.04544,38146204.0
2025-01-30 08:00:00+00:00,0.04544,0.04645,0.04491,0.04633,64423543.0
2025-01-30 12:00:00+00:00,0.04633,0.04812,0.04585,0.04764,66868153.0
2025-01-30 16:00:00+00:00,0.04764,0.04819,0.04666,0.04688,39677891.0
2025-01-30 20:00:00+00:00,0.04688,0.04706,0.04634,0.04645,16739550.0
2025-01-31 00:00:00+00:00,0.04645,0.04669,0.04537,0.04567,24235246.0
2025-01-31 04:00:00+00:00,0.04567,0.0469,0.04521,0.04635,36729031.0
2025-01-31 08:00:00+00:00,0.04635,0.04762,0.0458,0.04754,48544218.0
2025-01-31 12:00:00+00:00,0.04754,0.04897,0.04715,0.04838,61066461.0
2025-01-31 16:00:00+00:00,0.04838,0.04858,0.04636,0.04648,49789753.0
2025-01-31 20:00:00+00:00,0.04648,0.04688,0.04583,0.04668,26544493.0
2025-02-01 00:00:00+00:00,0.04668,0.04795,0.04634,0.04764,26316898.0
2025-02-01 04:00:00+00:00,0.04764,0.04847,0.04715,0.04751,38867371.0
2025-02-01 08:00:00+00:00,0.04751,0.04759,0.04634,0.04746,42697005.0
2025-02-01 12:00:00+00:00,0.04746,0.04802,0.04537,0.04628,57495635.0
2025-02-01 16:00:00+00:00,0.04628,0.04639,0.04455,0.04481,41986547.0
2025-02-01 20:00:00+00:00,0.04481,0.04481,0.04317,0.04343,48894779.0
2025-02-02 00:00:00+00:00,0.04343,0.04439,0.04209,0.04214,47723811.0
2025-02-02 04:00:00+00:00,0.04214,0.04353,0.04205,0.04251,37601208.0
2025-02-02 08:00:00+00:00,0.04251,0.04343,0.04159,0.04174,44766306.0
2025-02-02 12:00:00+00:00,0.04174,0.04261,0.04148,0.042,36053186.0
2025-02-02 16:00:00+00:00,0.042,0.042,0.03796,0.03979,144364585.0
2025-02-02 20:00:00+00:00,0.03979,0.04022,0.0356,0.03772,127899219.0
2025-02-03 00:00:00+00:00,0.03772,0.03773,0.027,0.03194,617850148.0
2025-02-03 04:00:00+00:00,0.03194,0.0349,0.03018,0.03474,220676169.0
2025-02-03 08:00:00+00:00,0.03474,0.03474,0.03281,0.0338,197718571.0
2025-02-03 12:00:00+00:00,0.0338,0.03694,0.03221,0.03662,271011717.0
2025-02-03 16:00:00+00:00,0.03662,0.03889,0.036,0.03871,128646494.0
2025-02-03 20:00:00+00:00,0.03871,0.03961,0.03735,0.03902,66009830.0
2025-02-04 00:00:00+00:00,0.03902,0.04003,0.03762,0.038,55990286.0
2025-02-04 04:00:00+00:00,0.038,0.03832,0.03501,0.03519,104548089.0
2025-02-04 08:00:00+00:00,0.03519,0.03684,0.03504,0.03619,63129613.0
2025-02-04 12:00:00+00:00,0.03619,0.03781,0.03618,0.03682,68079923.0
2025-02-04 16:00:00+00:00,0.03682,0.0382,0.03648,0.03649,50629695.0
2025-02-04 20:00:00+00:00,0.03649,0.03693,0.03468,0.03594,96884071.0
2025-02-05 00:00:00+00:00,0.03594,0.03655,0.03544,0.03598,51653363.0
2025-02-05 04:00:00+00:00,0.03598,0.03641,0.03523,0.03572,43568991.0
2025-02-05 08:00:00+00:00,0.03572,0.03633,0.03531,0.03614,31724389.0
2025-02-05 12:00:00+00:00,0.03614,0.03636,0.03526,0.03571,32545983.0
2025-02-05 16:00:00+00:00,0.03571,0.03583,0.03419,0.03523,69418085.0
2025-02-05 20:00:00+00:00,0.03523,0.03545,0.03406,0.03453,33420563.0
2025-02-06 00:00:00+00:00,0.03453,0.03534,0.03419,0.03505,31914366.0
2025-02-06 04:00:00+00:00,0.03505,0.03584,0.03491,0.03536,22831660.0
2025-02-06 08:00:00+00:00,0.03536,0.03564,0.03452,0.03484,31918158.0
2025-02-06 12:00:00+00:00,0.03484,0.03495,0.03283,0.03305,72541518.0
2025-02-06 16:00:00+00:00,0.03305,0.03344,0.03226,0.03236,63604302.0
2025-02-06 20:00:00+00:00,0.03236,0.03308,0.03217,0.03262,42110176.0
2025-02-07 00:00:00+00:00,0.03262,0.03348,0.03246,0.03294,29472042.0
2025-02-07 04:00:00+00:00,0.03294,0.03311,0.03204,0.03255,19466759.0
2025-02-07 08:00:00+00:00,0.03255,0.03367,0.0324,0.03358,26696821.0
2025-02-07 12:00:00+00:00,0.03358,0.03531,0.03328,0.03429,73015600.0
2025-02-07 16:00:00+00:00,0.03429,0.03435,0.03316,0.0334,33635512.0
2025-02-07 20:00:00+00:00,0.0334,0.03342,0.03154,0.0324,41949137.0
2025-02-08 00:00:00+00:00,0.0324,0.03285,0.03209,0.03237,15927690.0
2025-02-08 04:00:00+00:00,0.03237,0.03277,0.03185,0.03253,19756428.0
2025-02-08 08:00:00+00:00,0.03253,0.03267,0.03211,0.03243,12171631.0
2025-02-08 12:00:00+00:00,0.03243,0.03287,0.03215,0.0324,24129806.0
2025-02-08 16:00:00+00:00,0.0324,0.03324,0.03212,0.03295,48816458.0
2025-02-08 20:00:00+00:00,0.03295,0.03323,0.03268,0.03296,40373122.0
2025-02-09 00:00:00+00:00,0.03296,0.03386,0.03275,0.03383,54603925.0
2025-02-09 04:00:00+00:00,0.03383,0.03383,0.03282,0.03327,29072572.0
2025-02-09 08:00:00+00:00,0.03327,0.03346,0.03295,0.03296,17377458.0
2025-02-09 12:00:00+00:00,0.03296,0.03307,0.03197,0.03267,31262283.0
2025-02-09 16:00:00+00:00,0.03267,0.033,0.03197,0.03208,41002990.0
2025-02-09 20:00:00+00:00,0.03208,0.0325,0.03045,0.03189,80833057.0
2025-02-10 00:00:00+00:00,0.03189,0.0327,0.03085,0.03207,51996314.0
2025-02-10 04:00:00+00:00,0.03207,0.03293,0.03183,0.03288,31097608.0
2025-02-10 08:00:00+00:00,0.03288,0.03353,0.03278,0.03304,31325691.0
2025-02-10 12:00:00+00:00,0.03304,0.03391,0.03259,0.03316,39963240.0
2025-02-10 16:00:00+00:00,0.03316,0.03393,0.03304,0.03364,41989910.0
2025-02-10 20:00:00+00:00,0.03364,0.03383,0.03331,0.03368,19040232.0
2025-02-11 00:00:00+00:00,0.03368,0.03442,0.03353,0.03421,32964604.0
2025-02-11 04:00:00+00:00,0.03421,0.03567,0.03416,0.03539,35085696.0
2025-02-11 08:00:00+00:00,0.03539,0.03569,0.03462,0.03487,25926668.0
2025-02-11 12:00:00+00:00,0.03487,0.03495,0.03351,0.03434,53940196.0
2025-02-11 16:00:00+00:00,0.03434,0.03443,0.03274,0.0329,38859769.0
2025-02-11 20:00:00+00:00,0.0329,0.03373,0.03282,0.03317,68254359.0
2025-02-12 00:00:00+00:00,0.03317,0.03346,0.03268,0.03292,16176851.0
2025-02-12 04:00:00+00:00,0.03292,0.0333,0.0327,0.03298,19048688.0
2025-02-12 08:00:00+00:00,0.03298,0.03363,0.03296,0.03336,21315100.0
2025-02-12 12:00:00+00:00,0.03336,0.03389,0.03179,0.03289,92390904.0
2025-02-12 16:00:00+00:00,0.03289,0.03472,0.03261,0.03456,42683756.0
2025-02-12 20:00:00+00:00,0.03456,0.03593,0.03427,0.03544,36269801.0
2025-02-13 00:00:00+00:00,0.03544,0.03589,0.03494,0.03522,29093235.0
2025-02-13 04:00:00+00:00,0.03522,0.0353,0.03408,0.0343,24182070.0
2025-02-13 08:00:00+00:00,0.0343,0.03451,0.03388,0.0342,25206389.0
2025-02-13 12:00:00+00:00,0.0342,0.03466,0.03362,0.03411,58050861.0
2025-02-13 16:00:00+00:00,0.03411,0.03455,0.03361,0.03419,26363367.0
2025-02-13 20:00:00+00:00,0.03419,0.03483,0.03418,0.03442,22906171.0
2025-02-14 00:00:00+00:00,0.03442,0.03502,0.03421,0.03496,14563213.0
2025-02-14 04:00:00+00:00,0.03496,0.035,0.03426,0.03438,9265320.0
2025-02-14 08:00:00+00:00,0.03438,0.03548,0.03436,0.03514,25512787.0
2025-02-14 12:00:00+00:00,0.03514,0.03592,0.03476,0.03552,28854853.0
2025-02-14 16:00:00+00:00,0.03552,0.03645,0.03513,0.03561,36943832.0
2025-02-14 20:00:00+00:00,0.03561,0.0359,0.03448,0.03522,42338220.0
2025-02-15 00:00:00+00:00,0.03522,0.03578,0.03496,0.03554,14299907.0
2025-02-15 04:00:00+00:00,0.03554,0.03572,0.03449,0.03468,18379698.0
2025-02-15 08:00:00+00:00,0.03468,0.03496,0.03427,0.03448,21702831.0
2025-02-15 12:00:00+00:00,0.03448,0.0348,0.03406,0.03425,17539036.0
2025-02-15 16:00:00+00:00,0.03425,0.03448,0.03391,0.03403,14635115.0
2025-02-15 20:00:00+00:00,0.03403,0.03412,0.03366,0.03403,15528309.0
2025-02-16 00:00:00+00:00,0.03403,0.03418,0.03339,0.03366,12788837.0
2025-02-16 04:00:00+00:00,0.03366,0.03388,0.03317,0.03326,25407172.0
2025-02-16 08:00:00+00:00,0.03326,0.03408,0.0332,0.03408,17190382.0
2025-02-16 12:00:00+00:00,0.03408,0.03408,0.03308,0.03346,20109425.0
2025-02-16 16:00:00+00:00,0.03346,0.03346,0.03289,0.0333,34377868.0
2025-02-16 20:00:00+00:00,0.0333,0.0334,0.03293,0.03308,12690688.0
2025-02-17 00:00:00+00:00,0.03308,0.03374,0.03305,0.03332,16384268.0
2025-02-17 04:00:00+00:00,0.03332,0.03355,0.03265,0.03303,23396807.0
2025-02-17 08:00:00+00:00,0.03303,0.03403,0.03287,0.03382,33367884.0
2025-02-17 12:00:00+00:00,0.03382,0.03448,0.03325,0.03334,20746694.0
2025-02-17 16:00:00+00:00,0.03334,0.03353,0.03221,0.03262,35097799.0
2025-02-17 20:00:00+00:00,0.03262,0.03325,0.03256,0.03288,13606983.0
2025-02-18 00:00:00+00:00,0.03288,0.03326,0.03259,0.03313,9303057.0
2025-02-18 04:00:00+00:00,0.03313,0.03323,0.03148,0.03182,27097093.0
2025-02-18 08:00:00+00:00,0.03182,0.03217,0.03135,0.03185,16976128.0
2025-02-18 12:00:00+00:00,0.03185,0.03254,0.03098,0.03114,34224423.0
2025-02-18 16:00:00+00:00,0.03114,0.03139,0.03045,0.03075,27495865.0
2025-02-18 20:00:00+00:00,0.03075,0.03171,0.03051,0.03163,31958138.0
2025-02-19 00:00:00+00:00,0.03163,0.03188,0.03127,0.03155,16275252.0
2025-02-19 04:00:00+00:00,0.03155,0.03223,0.03106,0.03205,19460569.0
2025-02-19 08:00:00+00:00,0.03205,0.03244,0.03177,0.03241,15298713.0
2025-02-19 12:00:00+00:00,0.03241,0.03245,0.03148,0.03173,24177658.0
2025-02-19 16:00:00+00:00,0.03173,0.03212,0.03136,0.03169,16286019.0
2025-02-19 20:00:00+00:00,0.03169,0.03202,0.0314,0.03181,14470486.0
2025-02-20 00:00:00+00:00,0.03181,0.03238,0.03166,0.03234,12822522.0
2025-02-20 04:00:00+00:00,0.03234,0.03257,0.03202,0.03202,11624202.0
2025-02-20 08:00:00+00:00,0.03202,0.0326,0.03195,0.03248,10893223.0
2025-02-20 12:00:00+00:00,0.03248,0.03278,0.03199,0.03212,29833961.0
2025-02-20 16:00:00+00:00,0.03212,0.03309,0.0321,0.03282,21168385.0
2025-02-20 20:00:00+00:00,0.03282,0.03294,0.03249,0.03278,13083240.0
2025-02-21 00:00:00+00:00,0.03278,0.03284,0.03224,0.03231,9502922.0
2025-02-21 04:00:00+00:00,0.03231,0.03283,0.03231,0.03267,7378604.0
2025-02-21 08:00:00+00:00,0.03267,0.03401,0.03264,0.03358,33238098.0
2025-02-21 12:00:00+00:00,0.03358,0.03426,0.03231,0.03292,53836016.0
2025-02-21 16:00:00+00:00,0.03292,0.03333,0.03061,0.0309,62371631.0
2025-02-21 20:00:00+00:00,0.0309,0.03141,0.03077,0.0312,24814290.0
2025-02-22 00:00:00+00:00,0.0312,0.03167,0.03101,0.03142,12837575.0
2025-02-22 04:00:00+00:00,0.03142,0.03173,0.03135,0.03142,5194811.0
2025-02-22 08:00:00+00:00,0.03142,0.03212,0.03129,0.03202,16112996.0
2025-02-22 12:00:00+00:00,0.03202,0.03223,0.03182,0.03216,8327464.0
2025-02-22 16:00:00+00:00,0.03216,0.03275,0.03216,0.0325,8156751.0
2025-02-22 20:00:00+00:00,0.0325,0.03275,0.03224,0.0325,6979026.0
2025-02-23 00:00:00+00:00,0.0325,0.03266,0.03217,0.03229,11129546.0
2025-02-23 04:00:00+00:00,0.03229,0.03259,0.0321,0.03248,4741184.0
2025-02-23 08:00:00+00:00,0.03248,0.03251,0.0319,0.03192,7294702.0
2025-02-23 12:00:00+00:00,0.03192,0.03212,0.0315,0.03158,15226894.0
2025-02-23 16:00:00+00:00,0.03158,0.03209,0.03157,0.0319,12867895.0
2025-02-23 20:00:00+00:00,0.0319,0.03242,0.03174,0.03224,6696664.0
2025-02-24 00:00:00+00:00,0.03224,0.03254,0.03083,0.03093,14449515.0
2025-02-24 04:00:00+00:00,0.03093,0.03125,0.03032,0.031,28234034.0
2025-02-24 08:00:00+00:00,0.031,0.03106,0.03021,0.03079,28000585.0
2025-02-24 12:00:00+00:00,0.03079,0.03115,0.02972,0.03,29661581.0
2025-02-24 16:00:00+00:00,0.03,0.03031,0.0292,0.02947,16772744.0
2025-02-24 20:00:00+00:00,0.02947,0.02995,0.02779,0.02806,86005842.0
2025-02-25 00:00:00+00:00,0.02806,0.02844,0.02731,0.02788,40189256.0
2025-02-25 04:00:00+00:00,0.02788,0.02827,0.02599,0.02672,92859144.0
2025-02-25 08:00:00+00:00,0.02672,0.02786,0.02584,0.0278,62921626.0
2025-02-25 12:00:00+00:00,0.0278,0.0283,0.02678,0.02762,61771382.0
2025-02-25 16:00:00+00:00,0.02762,0.02872,0.02722,0.02864,41138180.0
2025-02-25 20:00:00+00:00,0.02864,0.02915,0.02821,0.02866,24600287.0
2025-02-26 00:00:00+00:00,0.02866,0.02922,0.02831,0.02896,12094869.0
2025-02-26 04:00:00+00:00,0.02896,0.02912,0.02849,0.02868,13649906.0
2025-02-26 08:00:00+00:00,0.02868,0.02907,0.02821,0.02853,29114800.0
2025-02-26 12:00:00+00:00,0.02853,0.02919,0.02758,0.0288,42554905.0
2025-02-26 16:00:00+00:00,0.0288,0.02893,0.02717,0.02745,65149841.0
2025-02-26 20:00:00+00:00,0.02745,0.02872,0.02708,0.02799,41244940.0
2025-02-27 00:00:00+00:00,0.02799,0.02855,0.02765,0.02845,18605100.0
2025-02-27 04:00:00+00:00,0.02845,0.02938,0.02817,0.02919,14250195.0
2025-02-27 08:00:00+00:00,0.02919,0.02937,0.02879,0.02913,22529750.0
2025-02-27 12:00:00+00:00,0.02913,0.02925,0.0282,0.02865,26930690.0
2025-02-27 16:00:00+00:00,0.02865,0.02871,0.02785,0.02797,15534924.0
2025-02-27 20:00:00+00:00,0.02797,0.02833,0.02736,0.0282,27433809.0
2025-02-28 00:00:00+00:00,0.0282,0.02824,0.026,0.02605,95152983.0
2025-02-28 04:00:00+00:00,0.02605,0.0263,0.02548,0.02583,67738347.0
2025-02-28 08:00:00+00:00,0.02583,0.02679,0.02546,0.02657,35046013.0
2025-02-28 12:00:00+00:00,0.02657,0.02834,0.02643,0.02817,45263219.0
2025-02-28 16:00:00+00:00,0.02817,0.02848,0.02783,0.02815,20682848.0
2025-02-28 20:00:00+00:00,0.02815,0.02825,0.02783,0.02804,17869611.0
2025-03-01 00:00:00+00:00,0.02804,0.02865,0.02768,0.02847,23881925.0
2025-03-01 04:00:00+00:00,0.02847,0.0287,0.02793,0.028,11559221.0
2025-03-01 08:00:00+00:00,0.028,0.02844,0.02748,0.02763,63219300.0
2025-03-01 12:00:00+00:00,0.02763,0.02777,0.02721,0.02765,25759471.0
2025-03-01 16:00:00+00:00,0.02765,0.0281,0.02744,0.02804,17501462.0
2025-03-01 20:00:00+00:00,0.02804,0.02892,0.02789,0.02847,83951933.0
2025-03-02 00:00:00+00:00,0.02847,0.02917,0.0282,0.02909,19124819.0
2025-03-02 04:00:00+00:00,0.02909,0.02912,0.02857,0.0286,16036099.0
2025-03-02 08:00:00+00:00,0.0286,0.02883,0.02845,0.02855,22752583.0
2025-03-02 12:00:00+00:00,0.02855,0.0302,0.02787,0.02924,65392640.0
2025-03-02 16:00:00+00:00,0.02924,0.03302,0.02924,0.03219,196303167.0
2025-03-02 20:00:00+00:00,0.03219,0.03248,0.03184,0.03218,21550993.0
2025-03-03 00:00:00+00:00,0.03218,0.03345,0.03081,0.03109,66800823.0
2025-03-03 04:00:00+00:00,0.03109,0.03138,0.0298,0.03042,40610914.0
2025-03-03 08:00:00+00:00,0.03042,0.03044,0.02936,0.03007,48258803.0
2025-03-03 12:00:00+00:00,0.03007,0.03069,0.02933,0.02949,71500258.0
2025-03-03 16:00:00+00:00,0.02949,0.03071,0.02722,0.02736,192638090.0
2025-03-03 20:00:00+00:00,0.02736,0.02766,0.02667,0.02693,56774040.0
2025-03-04 00:00:00+00:00,0.02693,0.02704,0.02496,0.02561,110911933.0
2025-03-04 04:00:00+00:00,0.02561,0.02633,0.02554,0.026,34735516.0
2025-03-04 08:00:00+00:00,0.026,0.02639,0.02579,0.02612,84865849.0
2025-03-04 12:00:00+00:00,0.02612,0.02701,0.02525,0.02615,100166710.0
2025-03-04 16:00:00+00:00,0.02615,0.02731,0.0246,0.02727,180271765.0
2025-03-04 20:00:00+00:00,0.02727,0.02757,0.02663,0.02714,31056176.0
2025-03-05 00:00:00+00:00,0.02714,0.02816,0.02694,0.02734,27468289.0
2025-03-05 04:00:00+00:00,0.02734,0.02795,0.02714,0.02793,17302069.0
2025-03-05 08:00:00+00:00,0.02793,0.0294,0.02786,0.02891,39081371.0
2025-03-05 12:00:00+00:00,0.02891,0.02928,0.02782,0.02809,56187639.0
2025-03-05 16:00:00+00:00,0.02809,0.02916,0.02779,0.02906,38576579.0
2025-03-05 20:00:00+00:00,0.02906,0.02939,0.02888,0.02894,30603262.0
2025-03-06 00:00:00+00:00,0.02894,0.02936,0.02856,0.02925,18328470.0
2025-03-06 04:00:00+00:00,0.02925,0.02978,0.02901,0.02911,24521919.0
2025-03-06 08:00:00+00:00,0.02911,0.02951,0.02895,0.02935,30848513.0
2025-03-06 12:00:00+00:00,0.02935,0.02937,0.02798,0.02874,101098831.0
2025-03-06 16:00:00+00:00,0.02874,0.02888,0.02741,0.02764,66578850.0
2025-03-06 20:00:00+00:00,0.02764,0.02835,0.02759,0.02797,21763987.0
2025-03-07 00:00:00+00:00,0.02797,0.02825,0.02643,0.0274,76094568.0
2025-03-07 04:00:00+00:00,0.0274,0.02893,0.02738,0.02879,27752343.0
2025-03-07 08:00:00+00:00,0.02879,0.03023,0.02864,0.02976,72475396.0
2025-03-07 12:00:00+00:00,0.02976,0.03024,0.02878,0.02903,75542855.0
2025-03-07 16:00:00+00:00,0.02903,0.02937,0.0282,0.02865,63996837.0
2025-03-07 20:00:00+00:00,0.02865,0.02893,0.02757,0.02782,71761846.0
2025-03-08 00:00:00+00:00,0.02782,0.02817,0.02736,0.0277,22318881.0
2025-03-08 04:00:00+00:00,0.0277,0.02805,0.02758,0.0277,17668446.0
2025-03-08 08:00:00+00:00,0.0277,0.02781,0.02721,0.0274,35775565.0
2025-03-08 12:00:00+00:00,0.0274,0.02784,0.02722,0.02738,23995102.0
2025-03-08 16:00:00+00:00,0.02738,0.02765,0.02704,0.02752,16146896.0
2025-03-08 20:00:00+00:00,0.02752,0.02755,0.02696,0.02712,11763012.0
2025-03-09 00:00:00+00:00,0.02712,0.0274,0.02679,0.02688,21834071.0
2025-03-09 04:00:00+00:00,0.02688,0.02719,0.02668,0.02716,13791297.0
2025-03-09 08:00:00+00:00,0.02716,0.02717,0.02626,0.02643,16246062.0
2025-03-09 12:00:00+00:00,0.02643,0.02658,0.02563,0.02573,55915523.0
2025-03-09 16:00:00+00:00,0.02573,0.02592,0.02462,0.02503,50438698.0
2025-03-09 20:00:00+00:00,0.02503,0.02528,0.02441,0.02467,38337584.0
2025-03-10 00:00:00+00:00,0.02467,0.02521,0.02425,0.025,37598741.0
2025-03-10 04:00:00+00:00,0.025,0.02523,0.02493,0.02514,29372059.0
2025-03-10 08:00:00+00:00,0.02514,0.02599,0.0246,0.02551,59817072.0
2025-03-10 12:00:00+00:00,0.02551,0.02573,0.02377,0.02423,88566573.0
2025-03-10 16:00:00+00:00,0.02423,0.02434,0.02243,0.02327,124976685.0
2025-03-10 20:00:00+00:00,0.02327,0.02334,0.02257,0.02261,54531317.0
2025-03-11 00:00:00+00:00,0.02261,0.0229,0.02121,0.02254,117147047.0
2025-03-11 04:00:00+00:00,0.02254,0.02331,0.02251,0.02314,30850040.0
2025-03-11 08:00:00+00:00,0.02314,0.02375,0.02305,0.02355,34854264.0
2025-03-11 12:00:00+00:00,0.02355,0.02377,0.02234,0.02363,139042429.0
2025-03-11 16:00:00+00:00,0.02363,0.02464,0.02327,0.02441,74875637.0
2025-03-11 20:00:00+00:00,0.02441,0.02446,0.02376,0.02393,21661732.0
2025-03-12 00:00:00+00:00,0.02393,0.02434,0.02328,0.02331,26334555.0
2025-03-12 04:00:00+00:00,0.02331,0.02391,0.02303,0.02384,37092026.0
2025-03-12 08:00:00+00:00,0.02384,0.0246,0.02374,0.02452,46032578.0
2025-03-12 12:00:00+00:00,0.02452,0.02512,0.02357,0.02398,94209454.0
2025-03-12 16:00:00+00:00,0.02398,0.02432,0.02389,0.02417,26096568.0
2025-03-12 20:00:00+00:00,0.02417,0.02441,0.024,0.02431,16029704.0
2025-03-13 00:00:00+00:00,0.02431,0.02444,0.02397,0.02401,17661791.0
2025-03-13 04:00:00+00:00,0.02401,0.02418,0.02362,0.02386,15634155.0
2025-03-13 08:00:00+00:00,0.02386,0.02451,0.02359,0.02428,21001259.0
2025-03-13 12:00:00+00:00,0.02428,0.02468,0.02345,0.02356,44041268.0
2025-03-13 16:00:00+00:00,0.02356,0.0236,0.02291,0.02318,45431353.0
2025-03-13 20:00:00+00:00,0.02318,0.02396,0.02297,0.02375,20172261.0
2025-03-14 00:00:00+00:00,0.02375,0.02413,0.02368,0.024,24043886.0
2025-03-14 04:00:00+00:00,0.024,0.02418,0.02389,0.02402,8825778.0
2025-03-14 08:00:00+00:00,0.02402,0.02444,0.02402,0.0242,13752170.0
2025-03-14 12:00:00+00:00,0.0242,0.02499,0.02397,0.02471,52163669.0
2025-03-14 16:00:00+00:00,0.02471,0.0251,0.02454,0.02474,57166314.0
2025-03-14 20:00:00+00:00,0.02474,0.0251,0.02449,0.02469,15075763.0
2025-03-15 00:00:00+00:00,0.02469,0.02501,0.02453,0.02499,11458479.0
2025-03-15 04:00:00+00:00,0.02499,0.02522,0.02462,0.02478,14368316.0
2025-03-15 08:00:00+00:00,0.02478,0.02518,0.02475,0.02495,12298940.0
2025-03-15 12:00:00+00:00,0.02495,0.02534,0.02488,0.02511,14778571.0
2025-03-15 16:00:00+00:00,0.02511,0.02551,0.02501,0.02522,16919973.0
2025-03-15 20:00:00+00:00,0.02522,0.02545,0.02519,0.02532,10579810.0
2025-03-16 00:00:00+00:00,0.02532,0.02532,0.02461,0.0251,44402540.0
2025-03-16 04:00:00+00:00,0.0251,0.02534,0.02504,0.02511,34085202.0
2025-03-16 08:00:00+00:00,0.02511,0.02515,0.02401,0.02412,40103329.0
2025-03-16 12:00:00+00:00,0.02412,0.02433,0.02385,0.02425,34636878.0
2025-03-16 16:00:00+00:00,0.02425,0.02494,0.02397,0.02417,43002367.0
2025-03-16 20:00:00+00:00,0.02417,0.02442,0.02396,0.02423,14442896.0
2025-03-17 00:00:00+00:00,0.02423,0.02481,0.02423,0.02476,12119669.0
2025-03-17 04:00:00+00:00,0.02476,0.02488,0.02428,0.02473,19374912.0
2025-03-17 08:00:00+00:00,0.02473,0.02535,0.02457,0.02521,19546210.0
2025-03-17 12:00:00+00:00,0.02521,0.02567,0.02486,0.02516,55651750.0
2025-03-17 16:00:00+00:00,0.02516,0.02562,0.02506,0.02543,42474024.0
2025-03-17 20:00:00+00:00,0.02543,0.02588,0.02525,0.02531,16677446.0
2025-03-18 00:00:00+00:00,0.02531,0.02531,0.02445,0.0245,28374987.0
2025-03-18 04:00:00+00:00,0.0245,0.02471,0.0242,0.02452,13089908.0
2025-03-18 08:00:00+00:00,0.02452,0.02475,0.0242,0.02425,21068833.0
2025-03-18 12:00:00+00:00,0.02425,0.0245,0.02398,0.02415,24046966.0
2025-03-18 16:00:00+00:00,0.02415,0.02473,0.02403,0.02467,16249628.0
2025-03-18 20:00:00+00:00,0.02467,0.02528,0.02451,0.02527,16711285.0
2025-03-19 00:00:00+00:00,0.02527,0.02621,0.02525,0.02591,51107559.0
2025-03-19 04:00:00+00:00,0.02591,0.02602,0.02536,0.02537,15476569.0
2025-03-19 08:00:00+00:00,0.02537,0.02618,0.02537,0.02613,47988250.0
2025-03-19 12:00:00+00:00,0.02613,0.02681,0.02568,0.02671,82369654.0
2025-03-19 16:00:00+00:00,0.02671,0.02674,0.02603,0.0264,72595038.0
2025-03-19 20:00:00+00:00,0.0264,0.02712,0.02626,0.02711,22082942.0
2025-03-20 00:00:00+00:00,0.02711,0.02721,0.02649,0.02652,25508375.0
2025-03-20 04:00:00+00:00,0.02652,0.02661,0.02631,0.02643,9580618.0
2025-03-20 08:00:00+00:00,0.02643,0.02659,0.02589,0.026,28090448.0
2025-03-20 12:00:00+00:00,0.026,0.02656,0.02595,0.02597,21681997.0
2025-03-20 16:00:00+00:00,0.02597,0.02612,0.02556,0.02604,15822937.0
2025-03-20 20:00:00+00:00,0.02604,0.02618,0.02583,0.02607,9056803.0
2025-03-21 00:00:00+00:00,0.02607,0.02634,0.02592,0.02598,7082581.0
2025-03-21 04:00:00+00:00,0.02598,0.02622,0.02572,0.02577,11941044.0
2025-03-21 08:00:00+00:00,0.02577,0.02584,0.02517,0.02532,22432719.0
2025-03-21 12:00:00+00:00,0.02532,0.02552,0.0251,0.02522,18182320.0
2025-03-21 16:00:00+00:00,0.02522,0.02575,0.0251,0.02553,17428838.0
2025-03-21 20:00:00+00:00,0.02553,0.02572,0.0251,0.02518,18301657.0
2025-03-22 00:00:00+00:00,0.02518,0.02574,0.02493,0.0254,42661726.0
2025-03-22 04:00:00+00:00,0.0254,0.02571,0.02535,0.02548,8673496.0
2025-03-22 08:00:00+00:00,0.02548,0.0258,0.02541,0.02558,13288043.0
2025-03-22 12:00:00+00:00,0.02558,0.02595,0.02525,0.02534,59583821.0
2025-03-22 16:00:00+00:00,0.02534,0.02562,0.02525,0.02557,7640350.0
2025-03-22 20:00:00+00:00,0.02557,0.0256,0.02524,0.02532,8999031.0
2025-03-23 00:00:00+00:00,0.02532,0.02556,0.02521,0.02556,6893072.0
2025-03-23 04:00:00+00:00,0.02556,0.02556,0.02526,0.02548,5706809.0
2025-03-23 08:00:00+00:00,0.02548,0.02556,0.0253,0.02544,6922849.0
2025-03-23 12:00:00+00:00,0.02544,0.02546,0.02511,0.02516,17618091.0
2025-03-23 16:00:00+00:00,0.02516,0.0252,0.02482,0.02493,23867466.0
2025-03-23 20:00:00+00:00,0.02493,0.02509,0.02473,0.02508,16634833.0
2025-03-24 00:00:00+00:00,0.02508,0.02551,0.02474,0.02551,22751552.0
2025-03-24 04:00:00+00:00,0.02551,0.02682,0.02551,0.02645,48474171.0
2025-03-24 08:00:00+00:00,0.02645,0.02673,0.02637,0.02645,22070936.0
2025-03-24 12:00:00+00:00,0.02645,0.02691,0.02618,0.02656,95186129.0
2025-03-24 16:00:00+00:00,0.02656,0.02658,0.02613,0.02624,38927270.0
2025-03-24 20:00:00+00:00,0.02624,0.02661,0.02603,0.02627,24771131.0
2025-03-25 00:00:00+00:00,0.02627,0.02655,0.02583,0.02596,14805207.0
2025-03-25 04:00:00+00:00,0.02596,0.0264,0.02585,0.02617,11196871.0
2025-03-25 08:00:00+00:00,0.02617,0.02663,0.02613,0.02652,16751739.0
2025-03-25 12:00:00+00:00,0.02652,0.02677,0.02621,0.02632,50600909.0
2025-03-25 16:00:00+00:00,0.02632,0.02691,0.02614,0.0268,35832162.0
2025-03-25 20:00:00+00:00,0.0268,0.02696,0.02635,0.02665,30096559.0
2025-03-26 00:00:00+00:00,0.02665,0.0269,0.02637,0.0265,13593286.0
2025-03-26 04:00:00+00:00,0.0265,0.02747,0.02648,0.02735,20427487.0
2025-03-26 08:00:00+00:00,0.02735,0.0276,0.02716,0.02745,17130156.0
2025-03-26 12:00:00+00:00,0.02745,0.02749,0.02635,0.02657,35166982.0
2025-03-26 16:00:00+00:00,0.02657,0.02678,0.02599,0.0263,21173891.0
2025-03-26 20:00:00+00:00,0.0263,0.02653,0.02605,0.02636,15008725.0
2025-03-27 00:00:00+00:00,0.02636,0.02677,0.02627,0.02671,14633428.0
2025-03-27 04:00:00+00:00,0.02671,0.02672,0.0263,0.02635,8596779.0
2025-03-27 08:00:00+00:00,0.02635,0.02654,0.02595,0.02599,20326866.0
2025-03-27 12:00:00+00:00,0.02599,0.02643,0.02559,0.02617,45288567.0
2025-03-27 16:00:00+00:00,0.02617,0.02641,0.02589,0.02604,19323942.0
2025-03-27 20:00:00+00:00,0.02604,0.02642,0.02604,0.02616,14042554.0
2025-03-28 00:00:00+00:00,0.02616,0.02631,0.02551,0.02563,25267716.0
2025-03-28 04:00:00+00:00,0.02563,0.02563,0.02449,0.02451,75594131.0
2025-03-28 08:00:00+00:00,0.02451,0.02468,0.0242,0.02444,48120813.0
2025-03-28 12:00:00+00:00,0.02444,0.0246,0.02413,0.02414,27182254.0
2025-03-28 16:00:00+00:00,0.02414,0.02418,0.02374,0.02389,35705730.0
2025-03-28 20:00:00+00:00,0.02389,0.02424,0.02375,0.02409,18556391.0
2025-03-29 00:00:00+00:00,0.02409,0.0242,0.02336,0.02375,30738928.0
2025-03-29 04:00:00+00:00,0.02375,0.0238,0.02313,0.02322,21288460.0
2025-03-29 08:00:00+00:00,0.02322,0.02342,0.02279,0.02292,12574879.0
2025-03-29 12:00:00+00:00,0.02292,0.02323,0.02278,0.02284,14841109.0
2025-03-29 16:00:00+00:00,0.02284,0.0229,0.02237,0.02278,21070896.0
2025-03-29 20:00:00+00:00,0.02278,0.02285,0.02249,0.02279,24174605.0
2025-03-30 00:00:00+00:00,0.02279,0.02343,0.02259,0.02313,18413771.0
2025-03-30 04:00:00+00:00,0.02313,0.02331,0.02296,0.0232,22251674.0
2025-03-30 08:00:00+00:00,0.0232,0.02335,0.02292,0.02299,11104180.0
2025-03-30 12:00:00+00:00,0.02299,0.02304,0.02259,0.02278,34583828.0
2025-03-30 16:00:00+00:00,0.02278,0.02304,0.02245,0.02293,13307550.0
2025-03-30 20:00:00+00:00,0.02293,0.023,0.02233,0.02272,11157471.0
2025-03-31 00:00:00+00:00,0.02272,0.02286,0.0223,0.02239,23396977.0
2025-03-31 04:00:00+00:00,0.02239,0.02275,0.02217,0.02236,15355142.0
2025-03-31 08:00:00+00:00,0.02236,0.02252,0.02191,0.02244,31616142.0
2025-03-31 12:00:00+00:00,0.02244,0.023,0.02218,0.0228,30557543.0
2025-03-31 16:00:00+00:00,0.0228,0.0229,0.02241,0.0225,49644231.0
2025-03-31 20:00:00+00:00,0.0225,0.02264,0.02224,0.02244,19117977.0
2025-04-01 00:00:00+00:00,0.02244,0.02297,0.0223,0.02272,22981998.0
2025-04-01 04:00:00+00:00,0.02272,0.02299,0.02263,0.02284,22706484.0
2025-04-01 08:00:00+00:00,0.02284,0.02342,0.02282,0.02305,19765482.0
2025-04-01 12:00:00+00:00,0.02305,0.02374,0.02272,0.02364,32837678.0
2025-04-01 16:00:00+00:00,0.02364,0.02373,0.02323,0.02332,11504537.0
2025-04-01 20:00:00+00:00,0.02332,0.0237,0.02319,0.02341,11590492.0
2025-04-02 00:00:00+00:00,0.02341,0.02342,0.02258,0.02294,23102704.0
2025-04-02 04:00:00+00:00,0.02294,0.02299,0.02233,0.02255,26957809.0
2025-04-02 08:00:00+00:00,0.02255,0.02303,0.02242,0.02269,37930742.0
2025-04-02 12:00:00+00:00,0.02269,0.02352,0.02255,0.02333,47674394.0
2025-04-02 16:00:00+00:00,0.02333,0.02347,0.02277,0.02324,53036208.0
2025-04-02 20:00:00+00:00,0.02324,0.02398,0.02126,0.02157,138480008.0
2025-04-03 00:00:00+00:00,0.02157,0.02231,0.02142,0.02207,19596857.0
2025-04-03 04:00:00+00:00,0.02207,0.02222,0.02159,0.02169,13299779.0
2025-04-03 08:00:00+00:00,0.02169,0.02187,0.02123,0.02138,18562490.0
2025-04-03 12:00:00+00:00,0.02138,0.02141,0.02073,0.02116,34066386.0
2025-04-03 16:00:00+00:00,0.02116,0.02168,0.02111,0.02159,39488229.0
2025-04-03 20:00:00+00:00,0.02159,0.02188,0.02147,0.02171,13743678.0
2025-04-04 00:00:00+00:00,0.02171,0.02184,0.02141,0.02168,13698918.0
2025-04-04 04:00:00+00:00,0.02168,0.02218,0.02154,0.02214,18299933.0
2025-04-04 08:00:00+00:00,0.02214,0.02241,0.02127,0.02156,24258436.0
2025-04-04 12:00:00+00:00,0.02156,0.0225,0.02146,0.02194,57956632.0
2025-04-04 16:00:00+00:00,0.02194,0.02236,0.02185,0.02208,11271221.0
2025-04-04 20:00:00+00:00,0.02208,0.02228,0.02196,0.02206,6856747.0
2025-04-05 00:00:00+00:00,0.02206,0.02225,0.02197,0.02199,6903253.0
2025-04-05 04:00:00+00:00,0.02199,0.02212,0.02185,0.02207,4271472.0
2025-04-05 08:00:00+00:00,0.02207,0.02224,0.02196,0.02201,7712652.0
2025-04-05 12:00:00+00:00,0.02201,0.02205,0.02148,0.02154,8447901.0
2025-04-05 16:00:00+00:00,0.02154,0.02177,0.02151,0.02152,9511293.0
2025-04-05 20:00:00+00:00,0.02152,0.02184,0.02146,0.02177,7811605.0
2025-04-06 00:00:00+00:00,0.02177,0.0218,0.02154,0.02158,5224466.0
2025-04-06 04:00:00+00:00,0.02158,0.02205,0.02152,0.02168,13793673.0
2025-04-06 08:00:00+00:00,0.02168,0.02177,0.0215,0.02167,18920092.0
2025-04-06 12:00:00+00:00,0.02167,0.02167,0.02087,0.02122,41771385.0
2025-04-06 16:00:00+00:00,0.02122,0.02124,0.01964,0.02002,64973524.0
2025-04-06 20:00:00+00:00,0.02002,0.02008,0.0192,0.01971,48021682.0
2025-04-07 00:00:00+00:00,0.01971,0.02,0.01888,0.01915,25595081.0
2025-04-07 04:00:00+00:00,0.01915,0.01944,0.0177,0.01821,83626462.0
2025-04-07 08:00:00+00:00,0.01821,0.0194,0.01814,0.01896,44817718.0
2025-04-07 12:00:00+00:00,0.01896,0.02095,0.01882,0.01991,171090923.0
2025-04-07 16:00:00+00:00,0.01991,0.02039,0.01958,0.02007,36569805.0
2025-04-07 20:00:00+00:00,0.02007,0.02055,0.02007,0.02026,28328012.0
2025-04-08 00:00:00+00:00,0.02026,0.02089,0.02015,0.02056,34760677.0
2025-04-08 04:00:00+00:00,0.02056,0.02083,0.01998,0.02013,75199419.0
2025-04-08 08:00:00+00:00,0.02013,0.02086,0.01997,0.02083,23404414.0
2025-04-08 12:00:00+00:00,0.02083,0.02125,0.02043,0.02052,77699334.0
2025-04-08 16:00:00+00:00,0.02052,0.02058,0.01955,0.01965,88547428.0
2025-04-08 20:00:00+00:00,0.01965,0.01992,0.0195,0.01972,23114531.0
2025-04-09 00:00:00+00:00,0.01972,0.01999,0.01897,0.0196,55890714.0
2025-04-09 04:00:00+00:00,0.0196,0.02056,0.01955,0.02043,51041378.0
2025-04-09 08:00:00+00:00,0.02043,0.02048,0.0198,0.01997,31312017.0
2025-04-09 12:00:00+00:00,0.01997,0.02062,0.01982,0.02039,21865833.0
2025-04-09 16:00:00+00:00,0.02039,0.02274,0.02035,0.02217,176701940.0
2025-04-09 20:00:00+00:00,0.02217,0.02253,0.02211,0.02216,24569791.0
2025-04-10 00:00:00+00:00,0.02216,0.02225,0.02144,0.02165,27632869.0
2025-04-10 04:00:00+00:00,0.02165,0.02202,0.02152,0.02168,17563718.0
2025-04-10 08:00:00+00:00,0.02168,0.02178,0.02141,0.02156,15951553.0
2025-04-10 12:00:00+00:00,0.02156,0.02197,0.02067,0.02074,84375914.0
2025-04-10 16:00:00+00:00,0.02074,0.02116,0.02063,0.02103,51051119.0
2025-04-10 20:00:00+00:00,0.02103,0.02128,0.02103,0.0212,11672923.0
2025-04-11 00:00:00+00:00,0.0212,0.02169,0.02116,0.02161,10260279.0
2025-04-11 04:00:00+00:00,0.02161,0.02183,0.02152,0.02177,10765699.0
2025-04-11 08:00:00+00:00,0.02177,0.02223,0.02165,0.02187,48531746.0
2025-04-11 12:00:00+00:00,0.02187,0.02231,0.02158,0.02178,74598373.0
2025-04-11 16:00:00+00:00,0.02178,0.0224,0.02178,0.02213,23325379.0
2025-04-11 20:00:00+00:00,0.02213,0.02241,0.02202,0.02208,9910633.0
2025-04-12 00:00:00+00:00,0.02208,0.02212,0.02185,0.02202,24643517.0
2025-04-12 04:00:00+00:00,0.02202,0.02253,0.02191,0.02243,29515476.0
2025-04-12 08:00:00+00:00,0.02243,0.02281,0.02222,0.02273,39454136.0
2025-04-12 12:00:00+00:00,0.02273,0.02346,0.02262,0.02334,47740392.0
2025-04-12 16:00:00+00:00,0.02334,0.02345,0.02293,0.02306,30275598.0
2025-04-12 20:00:00+00:00,0.02306,0.02352,0.02299,0.02341,48810453.0
2025-04-13 00:00:00+00:00,0.02341,0.02416,0.02301,0.02324,73038955.0
2025-04-13 04:00:00+00:00,0.02324,0.02327,0.02278,0.02304,13524848.0
2025-04-13 08:00:00+00:00,0.02304,0.02374,0.02297,0.02317,25493410.0
2025-04-13 12:00:00+00:00,0.02317,0.02337,0.02264,0.02279,46288867.0
2025-04-13 16:00:00+00:00,0.02279,0.02368,0.02259,0.02286,60781077.0
2025-04-13 20:00:00+00:00,0.02286,0.02318,0.02237,0.02269,51647898.0
2025-04-14 00:00:00+00:00,0.02269,0.0233,0.02264,0.02274,49455719.0
2025-04-14 04:00:00+00:00,0.02274,0.0232,0.02233,0.0226,49981717.0
2025-04-14 08:00:00+00:00,0.0226,0.02381,0.02248,0.02369,152205861.0
2025-04-14 12:00:00+00:00,0.02369,0.02472,0.02313,0.02319,241030597.0
2025-04-14 16:00:00+00:00,0.02319,0.02362,0.02299,0.0235,81654342.0
2025-04-14 20:00:00+00:00,0.0235,0.02377,0.02319,0.02336,37309217.0
2025-04-15 00:00:00+00:00,0.02336,0.02375,0.02309,0.02372,30742821.0
2025-04-15 04:00:00+00:00,0.02372,0.02405,0.02337,0.02396,40308336.0
2025-04-15 08:00:00+00:00,0.02396,0.02428,0.02349,0.02367,59577095.0
2025-04-15 12:00:00+00:00,0.02367,0.02395,0.02273,0.02295,80270071.0
2025-04-15 16:00:00+00:00,0.02295,0.02301,0.02238,0.02257,58004220.0
2025-04-15 20:00:00+00:00,0.02257,0.02285,0.02244,0.02253,20828096.0
2025-04-16 00:00:00+00:00,0.02253,0.02277,0.02236,0.02251,23356351.0
2025-04-16 04:00:00+00:00,0.02251,0.0226,0.02213,0.02221,25058336.0
2025-04-16 08:00:00+00:00,0.02221,0.02247,0.022,0.02213,19636916.0
2025-04-16 12:00:00+00:00,0.02213,0.02279,0.0219,0.0224,130112394.0
2025-04-16 16:00:00+00:00,0.0224,0.02266,0.02176,0.02246,63963593.0
2025-04-16 20:00:00+00:00,0.02246,0.02261,0.02207,0.0221,17847886.0
2025-04-17 00:00:00+00:00,0.0221,0.02234,0.02199,0.0223,12163723.0
2025-04-17 04:00:00+00:00,0.0223,0.02296,0.02229,0.02278,21337406.0
2025-04-17 08:00:00+00:00,0.02278,0.02293,0.0226,0.02268,44781411.0
2025-04-17 12:00:00+00:00,0.02268,0.0228,0.02227,0.02256,32488295.0
2025-04-17 16:00:00+00:00,0.02256,0.02313,0.02247,0.02272,56516840.0
2025-04-17 20:00:00+00:00,0.02272,0.02298,0.02259,0.02275,16047610.0
2025-04-18 00:00:00+00:00,0.02275,0.02276,0.02247,0.02272,14822542.0
2025-04-18 04:00:00+00:00,0.02272,0.02302,0.02264,0.02294,20386274.0
2025-04-18 08:00:00+00:00,0.02294,0.02324,0.0229,0.02318,20424398.0
2025-04-18 12:00:00+00:00,0.02318,0.02353,0.0229,0.02302,36196153.0
2025-04-18 16:00:00+00:00,0.02302,0.02334,0.02288,0.02334,26281052.0
2025-04-18 20:00:00+00:00,0.02334,0.02336,0.02301,0.02316,19413215.0
2025-04-19 00:00:00+00:00,0.02316,0.0236,0.02309,0.02336,29559983.0
2025-04-19 04:00:00+00:00,0.02336,0.02347,0.02326,0.0234,14350398.0
2025-04-19 08:00:00+00:00,0.0234,0.02349,0.02317,0.02323,17780819.0
2025-04-19 12:00:00+00:00,0.02323,0.02342,0.02314,0.02328,20205853.0
2025-04-19 16:00:00+00:00,0.02328,0.02353,0.02307,0.02343,39595008.0
2025-04-19 20:00:00+00:00,0.02343,0.02364,0.02342,0.0235,11909716.0
2025-04-20 00:00:00+00:00,0.0235,0.02373,0.02349,0.02365,34860020.0
2025-04-20 04:00:00+00:00,0.02365,0.02392,0.02326,0.0234,52810318.0
2025-04-20 08:00:00+00:00,0.0234,0.02343,0.02291,0.02302,26565815.0
2025-04-20 12:00:00+00:00,0.02302,0.02336,0.02297,0.02326,13081385.0
2025-04-20 16:00:00+00:00,0.02326,0.02368,0.02324,0.02363,25055271.0
2025-04-20 20:00:00+00:00,0.02363,0.02377,0.02349,0.02362,10498373.0
2025-04-21 00:00:00+00:00,0.02362,0.02427,0.02362,0.02398,29232052.0
2025-04-21 04:00:00+00:00,0.02398,0.02455,0.02393,0.02451,42979039.0
2025-04-21 08:00:00+00:00,0.02451,0.02464,0.02411,0.02428,27913854.0
2025-04-21 12:00:00+00:00,0.02428,0.02446,0.02406,0.02416,29023031.0
2025-04-21 16:00:00+00:00,0.02416,0.02421,0.02341,0.02375,46816096.0
2025-04-21 20:00:00+00:00,0.02375,0.02375,0.02338,0.0235,13849793.0
2025-04-22 00:00:00+00:00,0.0235,0.02373,0.02306,0.0234,27716859.0
2025-04-22 04:00:00+00:00,0.0234,0.02379,0.02311,0.02378,20214486.0
2025-04-22 08:00:00+00:00,0.02378,0.02388,0.02351,0.02375,32465977.0
2025-04-22 12:00:00+00:00,0.02375,0.02495,0.0237,0.02463,84798649.0
2025-04-22 16:00:00+00:00,0.02463,0.02477,0.02438,0.02476,23128786.0
2025-04-22 20:00:00+00:00,0.02476,0.02551,0.0247,0.02546,34479756.0
2025-04-23 00:00:00+00:00,0.02546,0.02588,0.02525,0.02587,22934960.0
2025-04-23 04:00:00+00:00,0.02587,0.02632,0.0258,0.02617,26199708.0
2025-04-23 08:00:00+00:00,0.02617,0.02648,0.02588,0.02598,31369338.0
2025-04-23 12:00:00+00:00,0.02598,0.0265,0.02548,0.02596,70404649.0
2025-04-23 16:00:00+00:00,0.02596,0.02633,0.02564,0.02582,32251434.0
2025-04-23 20:00:00+00:00,0.02582,0.02623,0.02579,0.02609,20506470.0
2025-04-24 00:00:00+00:00,0.02609,0.02619,0.02529,0.02532,32743767.0
2025-04-24 04:00:00+00:00,0.02532,0.02566,0.02513,0.02518,38327003.0
2025-04-24 08:00:00+00:00,0.02518,0.02539,0.02481,0.02535,40705292.0
2025-04-24 12:00:00+00:00,0.02535,0.02705,0.02525,0.02666,89866923.0
2025-04-24 16:00:00+00:00,0.02666,0.02677,0.02614,0.0265,61968153.0
2025-04-24 20:00:00+00:00,0.0265,0.02677,0.02627,0.02671,21413040.0
2025-04-25 00:00:00+00:00,0.02671,0.02718,0.02635,0.02664,22505872.0
2025-04-25 04:00:00+00:00,0.02664,0.02731,0.02658,0.02715,21605632.0
2025-04-25 08:00:00+00:00,0.02715,0.02725,0.02668,0.02687,37841142.0
2025-04-25 12:00:00+00:00,0.02687,0.02721,0.02642,0.02702,60155528.0
2025-04-25 16:00:00+00:00,0.02702,0.02711,0.0267,0.02688,19912044.0
2025-04-25 20:00:00+00:00,0.02688,0.02718,0.02683,0.02699,13993705.0
2025-04-26 00:00:00+00:00,0.02699,0.02792,0.02698,0.0275,70217935.0
2025-04-26 04:00:00+00:00,0.0275,0.02798,0.02718,0.02764,31267274.0
2025-04-26 08:00:00+00:00,0.02764,0.02785,0.02682,0.02691,37150761.0
2025-04-26 12:00:00+00:00,0.02691,0.02719,0.02668,0.0271,24021507.0
2025-04-26 16:00:00+00:00,0.0271,0.0271,0.02683,0.02703,12131041.0
2025-04-26 20:00:00+00:00,0.02703,0.02724,0.02693,0.02719,25119080.0
2025-04-27 00:00:00+00:00,0.02719,0.0277,0.02663,0.02689,41575046.0
2025-04-27 04:00:00+00:00,0.02689,0.02707,0.02639,0.02661,21907585.0
2025-04-27 08:00:00+00:00,0.02661,0.0267,0.0264,0.02657,16480164.0
2025-04-27 12:00:00+00:00,0.02657,0.02745,0.02647,0.02653,62922449.0
2025-04-27 16:00:00+00:00,0.02653,0.02693,0.02621,0.02689,34137085.0
2025-04-27 20:00:00+00:00,0.02689,0.02709,0.02639,0.02642,18321669.0
2025-04-28 00:00:00+00:00,0.02642,0.02673,0.02565,0.0267,42707717.0
2025-04-28 04:00:00+00:00,0.0267,0.02734,0.02666,0.02728,29182202.0
2025-04-28 08:00:00+00:00,0.02728,0.02798,0.02706,0.0278,69296589.0
2025-04-28 12:00:00+00:00,0.0278,0.02783,0.02642,0.02661,69546523.0
2025-04-28 16:00:00+00:00,0.02661,0.02734,0.02634,0.02728,27457735.0
2025-04-28 20:00:00+00:00,0.02728,0.02735,0.02701,0.02728,13077614.0
2025-04-29 00:00:00+00:00,0.02728,0.02776,0.02726,0.02748,14699583.0
2025-04-29 04:00:00+00:00,0.02748,0.02835,0.02699,0.02821,84388792.0
2025-04-29 08:00:00+00:00,0.02821,0.02834,0.02744,0.0276,38505907.0
2025-04-29 12:00:00+00:00,0.0276,0.0279,0.02709,0.02766,29411013.0
2025-04-29 16:00:00+00:00,0.02766,0.02784,0.02737,0.0274,18018683.0
2025-04-29 20:00:00+00:00,0.0274,0.02741,0.02639,0.02671,33879387.0
2025-04-30 00:00:00+00:00,0.02671,0.02694,0.02643,0.02689,9470993.0
2025-04-30 04:00:00+00:00,0.02689,0.02701,0.02655,0.02663,11546360.0
2025-04-30 08:00:00+00:00,0.02663,0.02708,0.02653,0.02693,18350280.0
2025-04-30 12:00:00+00:00,0.02693,0.02697,0.02551,0.02602,50007342.0
2025-04-30 16:00:00+00:00,0.02602,0.02651,0.02576,0.02625,23578723.0
2025-04-30 20:00:00+00:00,0.02625,0.0266,0.02614,0.0262,10270740.0
2025-05-01 00:00:00+00:00,0.0262,0.02654,0.0262,0.02628,17440374.0
2025-05-01 04:00:00+00:00,0.02628,0.02682,0.02623,0.02676,13454087.0
2025-05-01 08:00:00+00:00,0.02676,0.02747,0.02671,0.0273,30582569.0
2025-05-01 12:00:00+00:00,0.0273,0.02735,0.02672,0.02708,52235669.0
2025-05-01 16:00:00+00:00,0.02708,0.02743,0.02696,0.0272,29101768.0
2025-05-01 20:00:00+00:00,0.0272,0.02742,0.02704,0.02718,9692168.0
2025-05-02 00:00:00+00:00,0.02718,0.02787,0.02711,0.02756,24357453.0
2025-05-02 04:00:00+00:00,0.02756,0.02771,0.02709,0.0271,26720149.0
2025-05-02 08:00:00+00:00,0.0271,0.02735,0.02695,0.02702,24003598.0
2025-05-02 12:00:00+00:00,0.02702,0.02759,0.02691,0.02735,24808084.0
2025-05-02 16:00:00+00:00,0.02735,0.02775,0.02681,0.02691,24552574.0
2025-05-02 20:00:00+00:00,0.02691,0.02742,0.02684,0.02738,7498144.0
2025-05-03 00:00:00+00:00,0.02738,0.02748,0.02685,0.02696,10657467.0
2025-05-03 04:00:00+00:00,0.02696,0.02706,0.02657,0.02659,10291824.0
2025-05-03 08:00:00+00:00,0.02659,0.02666,0.0261,0.02612,21170972.0
2025-05-03 12:00:00+00:00,0.02612,0.02664,0.02609,0.02635,20213191.0
2025-05-03 16:00:00+00:00,0.02635,0.02642,0.02572,0.02638,28371741.0
2025-05-03 20:00:00+00:00,0.02638,0.02647,0.02605,0.02606,11229101.0
2025-05-04 00:00:00+00:00,0.02606,0.02625,0.02572,0.02578,14915864.0
2025-05-04 04:00:00+00:00,0.02578,0.02596,0.02564,0.02575,7862283.0
2025-05-04 08:00:00+00:00,0.02575,0.02576,0.02544,0.02557,31375591.0
2025-05-04 12:00:00+00:00,0.02557,0.02566,0.0251,0.02539,34244410.0
2025-05-04 16:00:00+00:00,0.02539,0.02539,0.02497,0.02506,14736251.0
2025-05-04 20:00:00+00:00,0.02506,0.02533,0.02484,0.025,26360224.0
2025-05-05 00:00:00+00:00,0.025,0.02539,0.02473,0.02516,18267153.0
2025-05-05 04:00:00+00:00,0.02516,0.02559,0.02516,0.0255,11319348.0
2025-05-05 08:00:00+00:00,0.0255,0.02556,0.02486,0.02494,14374022.0
2025-05-05 12:00:00+00:00,0.02494,0.02504,0.02453,0.02466,32738506.0
2025-05-05 16:00:00+00:00,0.02466,0.02536,0.02464,0.02496,15550077.0
2025-05-05 20:00:00+00:00,0.02496,0.02527,0.02458,0.02499,10437308.0
2025-05-06 00:00:00+00:00,0.02499,0.0252,0.02461,0.02502,13160186.0
2025-05-06 04:00:00+00:00,0.02502,0.02509,0.0247,0.02473,8990975.0
2025-05-06 08:00:00+00:00,0.02473,0.02476,0.02402,0.02417,36310024.0
2025-05-06 12:00:00+00:00,0.02417,0.02454,0.02396,0.02412,28099651.0
2025-05-06 16:00:00+00:00,0.02412,0.0246,0.02397,0.02448,21946620.0
2025-05-06 20:00:00+00:00,0.02448,0.02495,0.02384,0.02483,27110528.0
2025-05-07 00:00:00+00:00,0.02483,0.02515,0.02461,0.02485,32700829.0
2025-05-07 04:00:00+00:00,0.02485,0.025,0.02467,0.02499,9105491.0
2025-05-07 08:00:00+00:00,0.02499,0.02544,0.02484,0.02531,32550628.0
2025-05-07 12:00:00+00:00,0.02531,0.02535,0.02471,0.02477,79325707.0
2025-05-07 16:00:00+00:00,0.02477,0.0248,0.02428,0.02437,42423698.0
2025-05-07 20:00:00+00:00,0.02437,0.02501,0.02428,0.02487,21175487.0
2025-05-08 00:00:00+00:00,0.02487,0.02589,0.02478,0.02587,24018393.0
2025-05-08 04:00:00+00:00,0.02587,0.02643,0.02587,0.02634,36404149.0
2025-05-08 08:00:00+00:00,0.02634,0.02679,0.02634,0.02663,26330936.0
2025-05-08 12:00:00+00:00,0.02663,0.02752,0.0264,0.0272,67218970.0
2025-05-08 16:00:00+00:00,0.0272,0.02754,0.02705,0.0275,35070573.0
2025-05-08 20:00:00+00:00,0.0275,0.02872,0.02742,0.0287,91213203.0
2025-05-09 00:00:00+00:00,0.0287,0.02931,0.02851,0.0286,168918787.0
2025-05-09 04:00:00+00:00,0.0286,0.02976,0.02855,0.02954,42156283.0
2025-05-09 08:00:00+00:00,0.02954,0.03031,0.02904,0.02972,95338239.0
2025-05-09 12:00:00+00:00,0.02972,0.03006,0.0291,0.02944,64468671.0
2025-05-09 16:00:00+00:00,0.02944,0.02994,0.02913,0.02975,37480346.0
2025-05-09 20:00:00+00:00,0.02975,0.03003,0.02963,0.03003,27950411.0
2025-05-10 00:00:00+00:00,0.03003,0.03062,0.02969,0.03027,57250352.0
2025-05-10 04:00:00+00:00,0.03027,0.03091,0.02997,0.03084,27548114.0
2025-05-10 08:00:00+00:00,0.03084,0.03114,0.03004,0.03019,43359260.0
2025-05-10 12:00:00+00:00,0.03019,0.03085,0.03019,0.03048,28315528.0
2025-05-10 16:00:00+00:00,0.03048,0.03133,0.03039,0.03103,49027094.0
2025-05-10 20:00:00+00:00,0.03103,0.03232,0.03083,0.03226,43029316.0
2025-05-11 00:00:00+00:00,0.03226,0.03255,0.03134,0.03192,64284930.0
2025-05-11 04:00:00+00:00,0.03192,0.03211,0.03044,0.03071,55262838.0
2025-05-11 08:00:00+00:00,0.03071,0.03112,0.03051,0.03104,27227193.0
2025-05-11 12:00:00+00:00,0.03104,0.03115,0.03032,0.03055,38580458.0
2025-05-11 16:00:00+00:00,0.03055,0.03134,0.03009,0.03121,52306502.0
2025-05-11 20:00:00+00:00,0.03121,0.03144,0.03098,0.03118,14071413.0
2025-05-12 00:00:00+00:00,0.03118,0.03179,0.03088,0.03168,38098159.0
2025-05-12 04:00:00+00:00,0.03168,0.03398,0.03117,0.03288,181986633.0
2025-05-12 08:00:00+00:00,0.03288,0.03299,0.03184,0.03191,78675763.0
2025-05-12 12:00:00+00:00,0.03191,0.03298,0.03123,0.03148,147946272.0
2025-05-12 16:00:00+00:00,0.03148,0.03196,0.0299,0.03048,95129398.0
2025-05-12 20:00:00+00:00,0.03048,0.03116,0.03034,0.03089,30944570.0
2025-05-13 00:00:00+00:00,0.03089,0.03095,0.02924,0.02934,58981353.0
2025-05-13 04:00:00+00:00,0.02934,0.0303,0.02927,0.02997,32417154.0
2025-05-13 08:00:00+00:00,0.02997,0.0306,0.02976,0.03027,31645445.0
2025-05-13 12:00:00+00:00,0.03027,0.03064,0.02984,0.03057,56752044.0
2025-05-13 16:00:00+00:00,0.03057,0.03243,0.03051,0.0323,40557551.0
2025-05-13 20:00:00+00:00,0.0323,0.03235,0.03174,0.03189,21874755.0
2025-05-14 00:00:00+00:00,0.03189,0.03301,0.03137,0.03149,126562056.0
2025-05-14 04:00:00+00:00,0.03149,0.03216,0.03135,0.03174,21940766.0
2025-05-14 08:00:00+00:00,0.03174,0.03191,0.03083,0.03148,46193193.0
2025-05-14 12:00:00+00:00,0.03148,0.0316,0.03043,0.03069,37602774.0
2025-05-14 16:00:00+00:00,0.03069,0.03077,0.03016,0.03058,39034201.0
2025-05-14 20:00:00+00:00,0.03058,0.0307,0.03009,0.03032,19725845.0
2025-05-15 00:00:00+00:00,0.03032,0.03082,0.02972,0.0298,27847790.0
2025-05-15 04:00:00+00:00,0.0298,0.0301,0.02879,0.02883,42837584.0
2025-05-15 08:00:00+00:00,0.02883,0.02932,0.02849,0.02883,106193739.0
2025-05-15 12:00:00+00:00,0.02883,0.02914,0.02794,0.02911,99141939.0
2025-05-15 16:00:00+00:00,0.02911,0.02987,0.0287,0.02896,41970097.0
2025-05-15 20:00:00+00:00,0.02896,0.02923,0.02803,0.02878,70531341.0
2025-05-16 00:00:00+00:00,0.02878,0.02956,0.0286,0.0294,52772581.0
2025-05-16 04:00:00+00:00,0.0294,0.02981,0.02916,0.02955,24118665.0
2025-05-16 08:00:00+00:00,0.02955,0.02993,0.029,0.02961,49434836.0
2025-05-16 12:00:00+00:00,0.02961,0.02972,0.02905,0.02945,27825718.0
2025-05-16 16:00:00+00:00,0.02945,0.0296,0.02893,0.02916,17586795.0
2025-05-16 20:00:00+00:00,0.02916,0.02916,0.02823,0.02851,53071339.0
2025-05-17 00:00:00+00:00,0.02851,0.02863,0.02762,0.02807,53234331.0
2025-05-17 04:00:00+00:00,0.02807,0.02828,0.02777,0.02795,21443952.0
2025-05-17 08:00:00+00:00,0.02795,0.02806,0.02755,0.02777,40282085.0
2025-05-17 12:00:00+00:00,0.02777,0.02794,0.02738,0.02773,32846306.0
2025-05-17 16:00:00+00:00,0.02773,0.02786,0.02715,0.02748,49122945.0
2025-05-17 20:00:00+00:00,0.02748,0.02797,0.02731,0.02766,26168463.0
2025-05-18 00:00:00+00:00,0.02766,0.02795,0.02758,0.02768,17002786.0
2025-05-18 04:00:00+00:00,0.02768,0.02843,0.02768,0.02836,21089995.0
2025-05-18 08:00:00+00:00,0.02836,0.02873,0.02827,0.02827,20166370.0
2025-05-18 12:00:00+00:00,0.02827,0.02947,0.02806,0.02938,30408033.0
2025-05-18 16:00:00+00:00,0.02938,0.02946,0.02757,0.02758,59971103.0
2025-05-18 20:00:00+00:00,0.02758,0.0291,0.02712,0.02902,50732695.0
2025-05-19 00:00:00+00:00,0.02902,0.02916,0.02756,0.02757,26574186.0
2025-05-19 04:00:00+00:00,0.02757,0.02775,0.02682,0.02731,47880326.0
2025-05-19 08:00:00+00:00,0.02731,0.02742,0.02697,0.02716,30785792.0
2025-05-19 12:00:00+00:00,0.02716,0.02783,0.02671,0.02769,44900791.0
2025-05-19 16:00:00+00:00,0.02769,0.02838,0.02748,0.02797,37950189.0
2025-05-19 20:00:00+00:00,0.02797,0.02806,0.02772,0.02802,11003967.0
2025-05-20 00:00:00+00:00,0.02802,0.02893,0.02792,0.02835,41972795.0
2025-05-20 04:00:00+00:00,0.02835,0.02859,0.02782,0.02791,23178854.0
2025-05-20 08:00:00+00:00,0.02791,0.02798,0.02731,0.02753,28578032.0
2025-05-20 12:00:00+00:00,0.02753,0.02774,0.02723,0.02765,15821157.0
2025-05-20 16:00:00+00:00,0.02765,0.02816,0.02726,0.02805,50431694.0
2025-05-20 20:00:00+00:00,0.02805,0.02869,0.02794,0.02847,29943213.0
2025-05-21 00:00:00+00:00,0.02847,0.02875,0.028,0.02861,21610081.0
2025-05-21 04:00:00+00:00,0.02861,0.02903,0.02833,0.02851,26495557.0
2025-05-21 08:00:00+00:00,0.02851,0.02865,0.02806,0.02849,13350334.0
2025-05-21 12:00:00+00:00,0.02849,0.02905,0.02829,0.02889,23501261.0
2025-05-21 16:00:00+00:00,0.02889,0.02965,0.02792,0.02878,77321137.0
2025-05-21 20:00:00+00:00,0.02878,0.02944,0.02851,0.02912,22150159.0
2025-05-22 00:00:00+00:00,0.02912,0.03002,0.02911,0.02997,23707853.0
2025-05-22 04:00:00+00:00,0.02997,0.03011,0.0297,0.03003,21812531.0
2025-05-22 08:00:00+00:00,0.03003,0.0306,0.02997,0.0302,23108267.0
2025-05-22 12:00:00+00:00,0.0302,0.0306,0.02985,0.03046,27543059.0
2025-05-22 16:00:00+00:00,0.03046,0.03069,0.03027,0.03033,19868057.0
2025-05-22 20:00:00+00:00,0.03033,0.03066,0.03012,0.03066,16388459.0
2025-05-23 00:00:00+00:00,0.03066,0.03139,0.0304,0.03135,29386562.0
2025-05-23 04:00:00+00:00,0.03135,0.03137,0.03017,0.03028,26653175.0
2025-05-23 08:00:00+00:00,0.03028,0.03099,0.02913,0.02922,70466120.0
2025-05-23 12:00:00+00:00,0.02922,0.0298,0.0284,0.02926,101969984.0
2025-05-23 16:00:00+00:00,0.02926,0.02955,0.02894,0.02895,40158634.0
2025-05-23 20:00:00+00:00,0.02895,0.02898,0.0277,0.02793,65958326.0
2025-05-24 00:00:00+00:00,0.02793,0.02835,0.02767,0.02823,38212573.0
2025-05-24 04:00:00+00:00,0.02823,0.02832,0.02793,0.02801,15910820.0
2025-05-24 08:00:00+00:00,0.02801,0.02837,0.02787,0.02819,15655679.0
2025-05-24 12:00:00+00:00,0.02819,0.02823,0.02785,0.02796,13542205.0
2025-05-24 16:00:00+00:00,0.02796,0.02815,0.02755,0.02761,17058991.0
2025-05-24 20:00:00+00:00,0.02761,0.0277,0.02721,0.02742,27223984.0
2025-05-25 00:00:00+00:00,0.02742,0.02756,0.0268,0.02723,38422433.0
2025-05-25 04:00:00+00:00,0.02723,0.02723,0.02676,0.02692,11719306.0
2025-05-25 08:00:00+00:00,0.02692,0.02692,0.02648,0.02668,23459727.0
2025-05-25 12:00:00+00:00,0.02668,0.02697,0.02614,0.02655,29896948.0
2025-05-25 16:00:00+00:00,0.02655,0.02685,0.02624,0.02673,12119306.0
2025-05-25 20:00:00+00:00,0.02673,0.02742,0.02652,0.02733,47567156.0
2025-05-26 00:00:00+00:00,0.02733,0.02775,0.02716,0.02749,23144577.0
2025-05-26 04:00:00+00:00,0.02749,0.02816,0.02743,0.02816,22807945.0
2025-05-26 08:00:00+00:00,0.02816,0.02821,0.02773,0.02782,15876678.0
2025-05-26 12:00:00+00:00,0.02782,0.02806,0.02742,0.02792,26843097.0
2025-05-26 16:00:00+00:00,0.02792,0.028,0.02727,0.02737,29335414.0
2025-05-26 20:00:00+00:00,0.02737,0.02765,0.02727,0.02747,13604617.0
2025-05-27 00:00:00+00:00,0.02747,0.02765,0.02674,0.02736,20451387.0
2025-05-27 04:00:00+00:00,0.02736,0.02802,0.02726,0.02794,18246647.0
2025-05-27 08:00:00+00:00,0.02794,0.02833,0.02794,0.02819,25191292.0
2025-05-27 12:00:00+00:00,0.02819,0.02861,0.02778,0.02815,53357875.0
2025-05-27 16:00:00+00:00,0.02815,0.02839,0.02791,0.02794,27397295.0
2025-05-27 20:00:00+00:00,0.02794,0.02805,0.02746,0.02758,33723199.0
2025-05-28 00:00:00+00:00,0.02758,0.02778,0.02733,0.02776,20041975.0
2025-05-28 04:00:00+00:00,0.02776,0.02792,0.02753,0.02765,21570713.0
2025-05-28 08:00:00+00:00,0.02765,0.02783,0.02728,0.02782,14654183.0
2025-05-28 12:00:00+00:00,0.02782,0.02818,0.02682,0.02683,41325749.0
2025-05-28 16:00:00+00:00,0.02683,0.0272,0.02637,0.02642,22875734.0
2025-05-28 20:00:00+00:00,0.02642,0.02723,0.02641,0.02718,13524593.0
2025-05-29 00:00:00+00:00,0.02718,0.02766,0.02705,0.02738,24080755.0
2025-05-29 04:00:00+00:00,0.02738,0.0274,0.02675,0.02702,15888942.0
2025-05-29 08:00:00+00:00,0.02702,0.02719,0.02678,0.02694,15020153.0
2025-05-29 12:00:00+00:00,0.02694,0.02695,0.02623,0.02636,33500765.0
2025-05-29 16:00:00+00:00,0.02636,0.02653,0.02595,0.02609,33842500.0
2025-05-29 20:00:00+00:00,0.02609,0.02649,0.02585,0.02597,25566910.0
2025-05-30 00:00:00+00:00,0.02597,0.02613,0.0245,0.0253,94052195.0
2025-05-30 04:00:00+00:00,0.0253,0.02552,0.02492,0.02496,19481411.0
2025-05-30 08:00:00+00:00,0.02496,0.02521,0.02471,0.02508,13430337.0
2025-05-30 12:00:00+00:00,0.02508,0.02517,0.02472,0.02483,14457616.0
2025-05-30 16:00:00+00:00,0.02483,0.02495,0.02395,0.02475,57639003.0
2025-05-30 20:00:00+00:00,0.02475,0.02481,0.02367,0.02389,26091477.0
2025-05-31 00:00:00+00:00,0.02389,0.02394,0.02308,0.02346,54971737.0
2025-05-31 04:00:00+00:00,0.02346,0.02369,0.02327,0.02354,20094969.0
2025-05-31 08:00:00+00:00,0.02354,0.02373,0.02335,0.02349,16870711.0
2025-05-31 12:00:00+00:00,0.02349,0.02423,0.02344,0.02404,29432893.0
2025-05-31 16:00:00+00:00,0.02404,0.02443,0.02395,0.02428,13950826.0
2025-05-31 20:00:00+00:00,0.02428,0.0244,0.02409,0.02414,8886683.0
2025-06-01 00:00:00+00:00,0.02414,0.02416,0.0238,0.02405,7990210.0
2025-06-01 04:00:00+00:00,0.02405,0.02428,0.02397,0.02409,9322209.0
2025-06-01 08:00:00+00:00,0.02409,0.02412,0.02353,0.0238,18207392.0
2025-06-01 12:00:00+00:00,0.0238,0.02419,0.02358,0.02405,10172677.0
2025-06-01 16:00:00+00:00,0.02405,0.02432,0.02378,0.02409,14985857.0
2025-06-01 20:00:00+00:00,0.02409,0.02442,0.024,0.02431,9859358.0
2025-06-02 00:00:00+00:00,0.02431,0.02438,0.02396,0.02401,9358236.0
2025-06-02 04:00:00+00:00,0.02401,0.02439,0.02395,0.02424,9602429.0
2025-06-02 08:00:00+00:00,0.02424,0.02437,0.02379,0.02389,17286648.0
2025-06-02 12:00:00+00:00,0.02389,0.0243,0.02378,0.02422,13262395.0
2025-06-02 16:00:00+00:00,0.02422,0.02438,0.02382,0.02397,14481587.0
2025-06-02 20:00:00+00:00,0.02397,0.02485,0.02397,0.0248,13308445.0
2025-06-03 00:00:00+00:00,0.0248,0.02542,0.0248,0.02486,13606308.0
2025-06-03 04:00:00+00:00,0.02486,0.02495,0.02462,0.02479,5099109.0
2025-06-03 08:00:00+00:00,0.02479,0.0249,0.02461,0.02484,8828258.0
2025-06-03 12:00:00+00:00,0.02484,0.02522,0.02464,0.02501,25829503.0
2025-06-03 16:00:00+00:00,0.02501,0.02509,0.02487,0.025,6186712.0
2025-06-03 20:00:00+00:00,0.025,0.02501,0.02441,0.02461,11492013.0
2025-06-04 00:00:00+00:00,0.02461,0.02508,0.02452,0.02485,9105631.0
2025-06-04 04:00:00+00:00,0.02485,0.02487,0.0246,0.0247,5109843.0
2025-06-04 08:00:00+00:00,0.0247,0.02487,0.0245,0.0245,7572975.0
2025-06-04 12:00:00+00:00,0.0245,0.0246,0.02413,0.02455,21130214.0
2025-06-04 16:00:00+00:00,0.02455,0.02456,0.02411,0.02413,6480563.0
2025-06-04 20:00:00+00:00,0.02413,0.02413,0.02353,0.02371,22353705.0
2025-06-05 00:00:00+00:00,0.02371,0.02396,0.02355,0.02381,9238650.0
2025-06-05 04:00:00+00:00,0.02381,0.02405,0.02354,0.02371,17064977.0
2025-06-05 08:00:00+00:00,0.02371,0.02399,0.02363,0.02385,24244545.0
2025-06-05 12:00:00+00:00,0.02385,0.02433,0.02348,0.02376,40679144.0
2025-06-05 16:00:00+00:00,0.02376,0.02378,0.02272,0.02299,69823869.0
2025-06-05 20:00:00+00:00,0.02299,0.02305,0.02223,0.02259,55916107.0
2025-06-06 00:00:00+00:00,0.02259,0.02296,0.02252,0.02293,15947139.0
2025-06-06 04:00:00+00:00,0.02293,0.02312,0.02282,0.02304,8624541.0
2025-06-06 08:00:00+00:00,0.02304,0.02341,0.02304,0.02331,13345736.0
2025-06-06 12:00:00+00:00,0.02331,0.02399,0.02331,0.02383,28830961.0
2025-06-06 16:00:00+00:00,0.02383,0.02392,0.02342,0.0235,15738832.0
2025-06-06 20:00:00+00:00,0.0235,0.02376,0.02343,0.02347,9728082.0
2025-06-07 00:00:00+00:00,0.02347,0.02392,0.0234,0.02391,12846097.0
2025-06-07 04:00:00+00:00,0.02391,0.02434,0.02386,0.0243,11091765.0
2025-06-07 08:00:00+00:00,0.0243,0.02446,0.02421,0.02426,11260640.0
2025-06-07 12:00:00+00:00,0.02426,0.02437,0.02405,0.02415,11205107.0
2025-06-07 16:00:00+00:00,0.02415,0.02421,0.02396,0.02409,14370611.0
2025-06-07 20:00:00+00:00,0.02409,0.02425,0.02403,0.02409,13996499.0
2025-06-08 00:00:00+00:00,0.02409,0.0241,0.02387,0.0239,13970093.0
2025-06-08 04:00:00+00:00,0.0239,0.02394,0.02376,0.02378,7218395.0
2025-06-08 08:00:00+00:00,0.02378,0.02416,0.0237,0.02416,28034408.0
2025-06-08 12:00:00+00:00,0.02416,0.02437,0.02408,0.02421,15115447.0
2025-06-08 16:00:00+00:00,0.02421,0.0245,0.02421,0.02435,14254193.0
2025-06-08 20:00:00+00:00,0.02435,0.0245,0.02401,0.02409,25624240.0
2025-06-09 00:00:00+00:00,0.02409,0.02412,0.02382,0.02395,9913585.0
2025-06-09 04:00:00+00:00,0.02395,0.02396,0.0236,0.02378,19575522.0
2025-06-09 08:00:00+00:00,0.02378,0.02433,0.02368,0.02422,24195687.0
2025-06-09 12:00:00+00:00,0.02422,0.02425,0.02387,0.02404,15286082.0
2025-06-09 16:00:00+00:00,0.02404,0.02457,0.02404,0.02441,22359947.0
2025-06-09 20:00:00+00:00,0.02441,0.02524,0.02439,0.02519,21818112.0
2025-06-10 00:00:00+00:00,0.02519,0.02553,0.02504,0.02509,30125222.0
2025-06-10 04:00:00+00:00,0.02509,0.02514,0.02471,0.02504,19406441.0
2025-06-10 08:00:00+00:00,0.02504,0.02582,0.02477,0.0258,36156781.0
2025-06-10 12:00:00+00:00,0.0258,0.0261,0.0252,0.02549,50500786.0
2025-06-10 16:00:00+00:00,0.02549,0.02602,0.02537,0.02572,21523531.0
2025-06-10 20:00:00+00:00,0.02572,0.02624,0.02559,0.02624,32095814.0
2025-06-11 00:00:00+00:00,0.02624,0.02628,0.02572,0.02598,21112760.0
2025-06-11 04:00:00+00:00,0.02598,0.02608,0.02584,0.02599,11018790.0
2025-06-11 08:00:00+00:00,0.02599,0.0261,0.02538,0.0255,33636000.0
2025-06-11 12:00:00+00:00,0.0255,0.02608,0.02539,0.02604,38045804.0
2025-06-11 16:00:00+00:00,0.02604,0.02608,0.02516,0.02528,18884925.0
2025-06-11 20:00:00+00:00,0.02528,0.02567,0.02465,0.02497,72843619.0
2025-06-12 00:00:00+00:00,0.02497,0.02503,0.02453,0.02461,21791673.0
2025-06-12 04:00:00+00:00,0.02461,0.02478,0.02442,0.02444,18364274.0
2025-06-12 08:00:00+00:00,0.02444,0.02454,0.02396,0.02401,33762006.0
2025-06-12 12:00:00+00:00,0.02401,0.02458,0.02393,0.02401,30914192.0
2025-06-12 16:00:00+00:00,0.02401,0.02449,0.02368,0.02378,26491473.0
2025-06-12 20:00:00+00:00,0.02378,0.02388,0.02329,0.0234,42601693.0
2025-06-13 00:00:00+00:00,0.0234,0.0234,0.02176,0.02237,106579036.0
2025-06-13 04:00:00+00:00,0.02237,0.02237,0.02189,0.02217,18046631.0
2025-06-13 08:00:00+00:00,0.02217,0.02245,0.02201,0.02237,13373409.0
2025-06-13 12:00:00+00:00,0.02237,0.02259,0.02197,0.02247,25999701.0
2025-06-13 16:00:00+00:00,0.02247,0.02276,0.02214,0.02224,18790977.0
2025-06-13 20:00:00+00:00,0.02224,0.02267,0.02221,0.02257,11148554.0
2025-06-14 00:00:00+00:00,0.02257,0.02259,0.02223,0.02227,14659930.0
2025-06-14 04:00:00+00:00,0.02227,0.02243,0.02218,0.02232,6772574.0
2025-06-14 08:00:00+00:00,0.02232,0.02234,0.02215,0.02229,5707985.0
2025-06-14 12:00:00+00:00,0.02229,0.02232,0.02193,0.02204,9229432.0
2025-06-14 16:00:00+00:00,0.02204,0.02208,0.02161,0.02182,14337261.0
2025-06-14 20:00:00+00:00,0.02182,0.02218,0.02168,0.02203,9394479.0
2025-06-15 00:00:00+00:00,0.02203,0.02221,0.02202,0.02216,3652997.0
2025-06-15 04:00:00+00:00,0.02216,0.02241,0.02202,0.02211,7893545.0
2025-06-15 08:00:00+00:00,0.02211,0.02221,0.02198,0.02213,8701792.0
2025-06-15 12:00:00+00:00,0.02213,0.02246,0.02211,0.02224,8644069.0
2025-06-15 16:00:00+00:00,0.02224,0.0223,0.022,0.02206,10370621.0
2025-06-15 20:00:00+00:00,0.02206,0.02232,0.02182,0.02224,16360533.0
2025-06-16 00:00:00+00:00,0.02224,0.02248,0.02198,0.0223,11458777.0
2025-06-16 04:00:00+00:00,0.0223,0.02286,0.0223,0.02286,9229947.0
2025-06-16 08:00:00+00:00,0.02286,0.02288,0.0225,0.02272,7937083.0
2025-06-16 12:00:00+00:00,0.02272,0.02306,0.0226,0.02292,12462591.0
2025-06-16 16:00:00+00:00,0.02292,0.02327,0.0229,0.02316,7499304.0
2025-06-16 20:00:00+00:00,0.02316,0.02326,0.02213,0.0222,30353734.0
2025-06-17 00:00:00+00:00,0.0222,0.02257,0.02175,0.02249,29565675.0
2025-06-17 04:00:00+00:00,0.02249,0.02252,0.02216,0.0222,10737748.0
2025-06-17 08:00:00+00:00,0.0222,0.02223,0.02184,0.02191,15473674.0
2025-06-17 12:00:00+00:00,0.02191,0.02206,0.02135,0.02157,23410141.0
2025-06-17 16:00:00+00:00,0.02157,0.02186,0.02104,0.02171,29350466.0
2025-06-17 20:00:00+00:00,0.02171,0.02177,0.02125,0.0214,13519505.0
2025-06-18 00:00:00+00:00,0.0214,0.02166,0.02135,0.0216,10208249.0
2025-06-18 04:00:00+00:00,0.0216,0.02181,0.02153,0.02163,8395164.0
2025-06-18 08:00:00+00:00,0.02163,0.02169,0.02099,0.0213,19536929.0
2025-06-18 12:00:00+00:00,0.0213,0.02153,0.02083,0.02135,20772171.0
2025-06-18 16:00:00+00:00,0.02135,0.02154,0.02111,0.02124,24214046.0
2025-06-18 20:00:00+00:00,0.02124,0.02193,0.02119,0.02177,14447404.0
2025-06-19 00:00:00+00:00,0.02177,0.02197,0.02163,0.0218,8577648.0
2025-06-19 04:00:00+00:00,0.0218,0.02185,0.02155,0.02155,8391939.0
2025-06-19 08:00:00+00:00,0.02155,0.02177,0.02153,0.02157,8784576.0
2025-06-19 12:00:00+00:00,0.02157,0.02165,0.0213,0.02134,7846991.0
2025-06-19 16:00:00+00:00,0.02134,0.02166,0.02121,0.02149,14784338.0
2025-06-19 20:00:00+00:00,0.02149,0.02176,0.02149,0.02167,21934042.0
2025-06-20 00:00:00+00:00,0.02167,0.02176,0.02152,0.02156,10398752.0
2025-06-20 04:00:00+00:00,0.02156,0.02185,0.0213,0.02185,8261491.0
2025-06-20 08:00:00+00:00,0.02185,0.02204,0.02177,0.02194,19615857.0
2025-06-20 12:00:00+00:00,0.02194,0.02204,0.02124,0.02136,16195352.0
2025-06-20 16:00:00+00:00,0.02136,0.02136,0.02051,0.02096,54505888.0
2025-06-20 20:00:00+00:00,0.02096,0.02114,0.02065,0.02083,17681194.0
2025-06-21 00:00:00+00:00,0.02083,0.02121,0.02077,0.02115,8984958.0
2025-06-21 04:00:00+00:00,0.02115,0.02122,0.02109,0.02115,12060125.0
2025-06-21 08:00:00+00:00,0.02115,0.02127,0.02104,0.02105,15067046.0
2025-06-21 12:00:00+00:00,0.02105,0.02109,0.02053,0.02068,33654210.0
2025-06-21 16:00:00+00:00,0.02068,0.02075,0.02008,0.02009,34299746.0
2025-06-21 20:00:00+00:00,0.02009,0.02034,0.01939,0.02001,65771795.0
2025-06-22 00:00:00+00:00,0.02001,0.02017,0.01954,0.01965,27580774.0
2025-06-22 04:00:00+00:00,0.01965,0.02001,0.01962,0.01981,11760307.0
2025-06-22 08:00:00+00:00,0.01981,0.01985,0.01944,0.01964,17559322.0
2025-06-22 12:00:00+00:00,0.01964,0.01974,0.01862,0.01874,87895885.0
2025-06-22 16:00:00+00:00,0.01874,0.01908,0.01864,0.0187,27698589.0
2025-06-22 20:00:00+00:00,0.0187,0.01929,0.01817,0.01928,55370011.0
2025-06-23 00:00:00+00:00,0.01928,0.01947,0.01924,0.0194,10408801.0
2025-06-23 04:00:00+00:00,0.0194,0.01975,0.01938,0.01964,9163221.0
2025-06-23 08:00:00+00:00,0.01964,0.01969,0.01945,0.01954,46377530.0
2025-06-23 12:00:00+00:00,0.01954,0.02009,0.0194,0.0196,38613877.0
2025-06-23 16:00:00+00:00,0.0196,0.02026,0.0191,0.02021,48688404.0
2025-06-23 20:00:00+00:00,0.02021,0.02149,0.02014,0.02143,50378621.0
2025-06-24 00:00:00+00:00,0.02143,0.02168,0.0213,0.02133,29042635.0
2025-06-24 04:00:00+00:00,0.02133,0.02196,0.02131,0.02164,31290917.0
2025-06-24 08:00:00+00:00,0.02164,0.02174,0.02143,0.0215,42530123.0
2025-06-24 12:00:00+00:00,0.0215,0.02166,0.02136,0.02149,39173407.0
2025-06-24 16:00:00+00:00,0.02149,0.0218,0.02119,0.02135,40187225.0
2025-06-24 20:00:00+00:00,0.02135,0.02157,0.02123,0.02156,15707080.0
2025-06-25 00:00:00+00:00,0.02156,0.02165,0.02141,0.02146,11878103.0
2025-06-25 04:00:00+00:00,0.02146,0.02151,0.0213,0.02145,8743111.0
2025-06-25 08:00:00+00:00,0.02145,0.02148,0.02106,0.02144,28567688.0
2025-06-25 12:00:00+00:00,0.02144,0.02153,0.021,0.02103,39678639.0
2025-06-25 16:00:00+00:00,0.02103,0.02125,0.02091,0.02121,23116876.0
2025-06-25 20:00:00+00:00,0.02121,0.02133,0.02087,0.021,19965072.0
2025-06-26 00:00:00+00:00,0.021,0.02158,0.02088,0.02127,21926478.0
2025-06-26 04:00:00+00:00,0.02127,0.02131,0.02102,0.02122,8078124.0
2025-06-26 08:00:00+00:00,0.02122,0.02134,0.02087,0.0209,23254196.0
2025-06-26 12:00:00+00:00,0.0209,0.02093,0.02039,0.02059,27012674.0
2025-06-26 16:00:00+00:00,0.02059,0.0207,0.02035,0.02064,9566060.0
2025-06-26 20:00:00+00:00,0.02064,0.02097,0.0203,0.02034,14098748.0
2025-06-27 00:00:00+00:00,0.02034,0.0205,0.02016,0.02046,7394695.0
2025-06-27 04:00:00+00:00,0.02046,0.02061,0.02024,0.02027,8319835.0
2025-06-27 08:00:00+00:00,0.02027,0.02048,0.02016,0.02022,13618162.0
2025-06-27 12:00:00+00:00,0.02022,0.02046,0.0201,0.02044,11602185.0
2025-06-27 16:00:00+00:00,0.02044,0.02069,0.02006,0.02021,12830386.0
2025-06-27 20:00:00+00:00,0.02021,0.02043,0.02018,0.02043,6229156.0
2025-06-28 00:00:00+00:00,0.02043,0.02054,0.02032,0.02045,3912896.0
2025-06-28 04:00:00+00:00,0.02045,0.02049,0.02036,0.02048,2659639.0
2025-06-28 08:00:00+00:00,0.02048,0.02056,0.02036,0.0205,7050385.0
2025-06-28 12:00:00+00:00,0.0205,0.02062,0.02033,0.02059,7127007.0
2025-06-28 16:00:00+00:00,0.02059,0.02086,0.02053,0.02077,8340632.0
2025-06-28 20:00:00+00:00,0.02077,0.02139,0.02071,0.02119,51931290.0
2025-06-29 00:00:00+00:00,0.02119,0.02129,0.0209,0.02098,19698220.0
2025-06-29 04:00:00+00:00,0.02098,0.02112,0.02088,0.02112,11068355.0
2025-06-29 08:00:00+00:00,0.02112,0.02128,0.02109,0.02118,8993463.0
2025-06-29 12:00:00+00:00,0.02118,0.02118,0.02077,0.02082,11516602.0
2025-06-29 16:00:00+00:00,0.02082,0.02105,0.02076,0.02103,9772427.0
2025-06-29 20:00:00+00:00,0.02103,0.02199,0.02096,0.02177,27120924.0
2025-06-30 00:00:00+00:00,0.02177,0.02184,0.02144,0.0215,12330023.0
2025-06-30 04:00:00+00:00,0.0215,0.0215,0.02102,0.02128,10393941.0
2025-06-30 08:00:00+00:00,0.02128,0.0213,0.02101,0.02108,11034787.0
2025-06-30 12:00:00+00:00,0.02108,0.02121,0.02079,0.02105,29806464.0
2025-06-30 16:00:00+00:00,0.02105,0.02156,0.021,0.02154,14021121.0
2025-06-30 20:00:00+00:00,0.02154,0.02158,0.0211,0.02121,10031086.0
2025-07-01 00:00:00+00:00,0.02121,0.02134,0.02106,0.02111,9289175.0
2025-07-01 04:00:00+00:00,0.02111,0.02111,0.02059,0.02083,15566364.0
2025-07-01 08:00:00+00:00,0.02083,0.02089,0.02064,0.02074,12389428.0
2025-07-01 12:00:00+00:00,0.02074,0.02087,0.02052,0.02065,25016978.0
2025-07-01 16:00:00+00:00,0.02065,0.02068,0.0202,0.02025,20890835.0
2025-07-01 20:00:00+00:00,0.02025,0.02044,0.02003,0.02031,21703879.0
2025-07-02 00:00:00+00:00,0.02031,0.02042,0.02004,0.02034,15734206.0
2025-07-02 04:00:00+00:00,0.02034,0.02074,0.02031,0.02065,12021089.0
2025-07-02 08:00:00+00:00,0.02065,0.02082,0.02058,0.02067,10020783.0
2025-07-02 12:00:00+00:00,0.02067,0.02119,0.0205,0.02115,16463873.0
2025-07-02 16:00:00+00:00,0.02115,0.02209,0.02115,0.02206,41645187.0
2025-07-02 20:00:00+00:00,0.02206,0.02219,0.02172,0.02181,34628094.0
2025-07-03 00:00:00+00:00,0.02181,0.02208,0.02178,0.02185,18252889.0
2025-07-03 04:00:00+00:00,0.02185,0.02234,0.02183,0.02225,14577874.0
2025-07-03 08:00:00+00:00,0.02225,0.02242,0.02199,0.02208,25996712.0
2025-07-03 12:00:00+00:00,0.02208,0.02246,0.02165,0.0217,40981352.0
2025-07-03 16:00:00+00:00,0.0217,0.02205,0.02169,0.02204,12564322.0
2025-07-03 20:00:00+00:00,0.02204,0.0221,0.02188,0.02197,9672325.0
2025-07-04 00:00:00+00:00,0.02197,0.02212,0.02171,0.02174,8800519.0
2025-07-04 04:00:00+00:00,0.02174,0.0218,0.02113,0.02116,18997787.0
2025-07-04 08:00:00+00:00,0.02116,0.02142,0.02103,0.0213,12175927.0
2025-07-04 12:00:00+00:00,0.0213,0.02136,0.02085,0.02086,23178803.0
2025-07-04 16:00:00+00:00,0.02086,0.02089,0.02059,0.02065,18709555.0
2025-07-04 20:00:00+00:00,0.02065,0.02092,0.0206,0.02079,9875130.0
2025-07-05 00:00:00+00:00,0.02079,0.0209,0.02064,0.02084,10028193.0
2025-07-05 04:00:00+00:00,0.02084,0.02101,0.02072,0.0209,12980685.0
2025-07-05 08:00:00+00:00,0.0209,0.02096,0.02072,0.02077,6774451.0
2025-07-05 12:00:00+00:00,0.02077,0.02078,0.02057,0.02064,13185333.0
2025-07-05 16:00:00+00:00,0.02064,0.02071,0.02038,0.02056,13101197.0
2025-07-05 20:00:00+00:00,0.02056,0.02073,0.02052,0.02068,6582876.0
2025-07-06 00:00:00+00:00,0.02068,0.0207,0.0203,0.02045,20860452.0
2025-07-06 04:00:00+00:00,0.02045,0.02057,0.02035,0.02047,8101445.0
2025-07-06 08:00:00+00:00,0.02047,0.02059,0.02039,0.02059,9433735.0
2025-07-06 12:00:00+00:00,0.02059,0.02106,0.0205,0.02089,13961784.0
2025-07-06 16:00:00+00:00,0.02089,0.02095,0.02057,0.02073,11044309.0
2025-07-06 20:00:00+00:00,0.02073,0.02121,0.02073,0.02084,17177328.0
2025-07-07 00:00:00+00:00,0.02084,0.02113,0.02073,0.02094,10492571.0
2025-07-07 04:00:00+00:00,0.02094,0.02098,0.02063,0.02087,13276027.0
2025-07-07 08:00:00+00:00,0.02087,0.0209,0.02055,0.02065,9243502.0
2025-07-07 12:00:00+00:00,0.02065,0.02083,0.02048,0.02056,15749203.0
2025-07-07 16:00:00+00:00,0.02056,0.02065,0.02027,0.02042,25750635.0
2025-07-07 20:00:00+00:00,0.02042,0.02042,0.02016,0.0204,11292406.0
2025-07-08 00:00:00+00:00,0.0204,0.02045,0.02013,0.02027,15277492.0
2025-07-08 04:00:00+00:00,0.02027,0.0204,0.02022,0.02035,6970100.0
2025-07-08 08:00:00+00:00,0.02035,0.02069,0.02031,0.02058,11920382.0
2025-07-08 12:00:00+00:00,0.02058,0.02079,0.02036,0.02041,19295737.0
2025-07-08 16:00:00+00:00,0.02041,0.02093,0.02036,0.02082,20952081.0
2025-07-08 20:00:00+00:00,0.02082,0.02091,0.02075,0.02087,8349161.0
2025-07-09 00:00:00+00:00,0.02087,0.02094,0.02069,0.02084,12831945.0
2025-07-09 04:00:00+00:00,0.02084,0.02123,0.0208,0.0212,17966943.0
2025-07-09 08:00:00+00:00,0.0212,0.02149,0.02118,0.02145,16896612.0
2025-07-09 12:00:00+00:00,0.02145,0.02177,0.02139,0.0217,42154208.0
2025-07-09 16:00:00+00:00,0.0217,0.02222,0.02166,0.02218,34197171.0
2025-07-09 20:00:00+00:00,0.02218,0.02253,0.02205,0.02238,36582136.0
2025-07-10 00:00:00+00:00,0.02238,0.0225,0.02219,0.02239,13757457.0
2025-07-10 04:00:00+00:00,0.02239,0.0226,0.02228,0.02252,10132088.0
2025-07-10 08:00:00+00:00,0.02252,0.02271,0.02244,0.02259,16156104.0
2025-07-10 12:00:00+00:00,0.02259,0.0226,0.02224,0.02234,25847396.0
2025-07-10 16:00:00+00:00,0.02234,0.02339,0.02232,0.02321,47150276.0
2025-07-10 20:00:00+00:00,0.02321,0.02424,0.0232,0.02405,63656713.0
2025-07-11 00:00:00+00:00,0.02405,0.02454,0.02366,0.02453,38277461.0
2025-07-11 04:00:00+00:00,0.02453,0.02508,0.02427,0.02445,53587805.0
2025-07-11 08:00:00+00:00,0.02445,0.02497,0.02445,0.02469,32908795.0
2025-07-11 12:00:00+00:00,0.02469,0.02554,0.0246,0.02474,105518756.0
2025-07-11 16:00:00+00:00,0.02474,0.02532,0.02461,0.02512,65393665.0
2025-07-11 20:00:00+00:00,0.02512,0.02512,0.02372,0.02402,86530777.0
2025-07-12 00:00:00+00:00,0.02402,0.02468,0.02364,0.02429,65188448.0
2025-07-12 04:00:00+00:00,0.02429,0.02453,0.02378,0.02439,25909765.0
2025-07-12 08:00:00+00:00,0.02439,0.02464,0.02417,0.02427,36299282.0
2025-07-12 12:00:00+00:00,0.02427,0.02435,0.02314,0.02329,67512614.0
2025-07-12 16:00:00+00:00,0.02329,0.02372,0.02308,0.02367,63796617.0
2025-07-12 20:00:00+00:00,0.02367,0.02372,0.0232,0.02361,28581023.0
2025-07-13 00:00:00+00:00,0.02361,0.02394,0.02351,0.02377,20298618.0
2025-07-13 04:00:00+00:00,0.02377,0.02451,0.02362,0.02443,36466978.0
2025-07-13 08:00:00+00:00,0.02443,0.02446,0.02394,0.02431,26444336.0
2025-07-13 12:00:00+00:00,0.02431,0.02535,0.02425,0.02495,87582977.0
2025-07-13 16:00:00+00:00,0.02495,0.02516,0.02453,0.02485,30108250.0
2025-07-13 20:00:00+00:00,0.02485,0.02498,0.02429,0.02466,37578401.0
2025-07-14 00:00:00+00:00,0.02466,0.02559,0.02458,0.0255,46637119.0
2025-07-14 04:00:00+00:00,0.0255,0.02578,0.02502,0.02555,73430282.0
2025-07-14 08:00:00+00:00,0.02555,0.02556,0.0249,0.02505,57234559.0
2025-07-14 12:00:00+00:00,0.02505,0.02534,0.02435,0.02455,68519610.0
2025-07-14 16:00:00+00:00,0.02455,0.02484,0.02415,0.02432,56304675.0
2025-07-14 20:00:00+00:00,0.02432,0.02444,0.02395,0.02432,34049020.0
2025-07-15 00:00:00+00:00,0.02432,0.0245,0.02348,0.02362,60518841.0
2025-07-15 04:00:00+00:00,0.02362,0.02408,0.02341,0.02389,41316654.0
2025-07-15 08:00:00+00:00,0.02389,0.02425,0.02361,0.02414,37718230.0
2025-07-15 12:00:00+00:00,0.02414,0.02459,0.02369,0.0243,78798701.0
2025-07-15 16:00:00+00:00,0.0243,0.02517,0.02429,0.02438,59290127.0
2025-07-15 20:00:00+00:00,0.02438,0.02522,0.02425,0.02521,22503834.0
2025-07-16 00:00:00+00:00,0.02521,0.02533,0.02468,0.02495,28049570.0
2025-07-16 04:00:00+00:00,0.02495,0.02532,0.02475,0.02522,16555651.0
2025-07-16 08:00:00+00:00,0.02522,0.02532,0.02501,0.02505,23365558.0
2025-07-16 12:00:00+00:00,0.02505,0.02526,0.02478,0.02492,46984269.0
2025-07-16 16:00:00+00:00,0.02492,0.02573,0.02483,0.02549,80945083.0
2025-07-16 20:00:00+00:00,0.02549,0.0263,0.02547,0.02558,80673811.0
2025-07-17 00:00:00+00:00,0.02558,0.0259,0.02484,0.02505,65787823.0
2025-07-17 04:00:00+00:00,0.02505,0.02588,0.02499,0.02554,43329882.0
2025-07-17 08:00:00+00:00,0.02554,0.02622,0.02547,0.02576,39016650.0
2025-07-17 12:00:00+00:00,0.02576,0.02604,0.02525,0.02575,40910873.0
2025-07-17 16:00:00+00:00,0.02575,0.02593,0.02514,0.0254,65218168.0
2025-07-17 20:00:00+00:00,0.0254,0.02682,0.02508,0.02644,93361905.0
2025-07-18 00:00:00+00:00,0.02644,0.02826,0.02618,0.02816,123953096.0
2025-07-18 04:00:00+00:00,0.02816,0.02922,0.02795,0.02805,123949474.0
2025-07-18 08:00:00+00:00,0.02805,0.02848,0.02744,0.02792,115484324.0
2025-07-18 12:00:00+00:00,0.02792,0.02879,0.02696,0.02721,131880949.0
2025-07-18 16:00:00+00:00,0.02721,0.02761,0.02685,0.02716,43110639.0
2025-07-18 20:00:00+00:00,0.02716,0.0275,0.02636,0.02706,96488792.0
2025-07-19 00:00:00+00:00,0.02706,0.02767,0.02649,0.02764,35534995.0
2025-07-19 04:00:00+00:00,0.02764,0.02805,0.02754,0.02763,36439019.0
2025-07-19 08:00:00+00:00,0.02763,0.0277,0.02707,0.02712,25748694.0
2025-07-19 12:00:00+00:00,0.02712,0.02718,0.02634,0.0267,43852316.0
2025-07-19 16:00:00+00:00,0.0267,0.02756,0.02662,0.02739,27220173.0
2025-07-19 20:00:00+00:00,0.02739,0.02787,0.02721,0.02785,30982821.0
2025-07-20 00:00:00+00:00,0.02785,0.02812,0.02761,0.02787,24958278.0
2025-07-20 04:00:00+00:00,0.02787,0.02835,0.02771,0.02815,26761528.0
2025-07-20 08:00:00+00:00,0.02815,0.0287,0.02814,0.02852,36320125.0
2025-07-20 12:00:00+00:00,0.02852,0.02907,0.02833,0.02907,36620042.0
2025-07-20 16:00:00+00:00,0.02907,0.02946,0.02877,0.02906,66417160.0
2025-07-20 20:00:00+00:00,0.02906,0.02916,0.02793,0.0284,81352193.0
2025-07-21 00:00:00+00:00,0.0284,0.02885,0.02787,0.02873,41995710.0
2025-07-21 04:00:00+00:00,0.02873,0.02928,0.02858,0.02907,39108803.0
2025-07-21 08:00:00+00:00,0.02907,0.02929,0.02861,0.02899,30970202.0
2025-07-21 12:00:00+00:00,0.02899,0.02959,0.02875,0.02889,58836401.0
2025-07-21 16:00:00+00:00,0.02889,0.02903,0.02801,0.02811,73047064.0
2025-07-21 20:00:00+00:00,0.02811,0.02857,0.02796,0.0284,30651324.0
2025-07-22 00:00:00+00:00,0.0284,0.02853,0.02735,0.02766,86211104.0
2025-07-22 04:00:00+00:00,0.02766,0.02776,0.02694,0.02742,61357775.0
2025-07-22 08:00:00+00:00,0.02742,0.02783,0.02685,0.02772,56131943.0
2025-07-22 12:00:00+00:00,0.02772,0.02791,0.02689,0.02763,61504734.0
2025-07-22 16:00:00+00:00,0.02763,0.02805,0.02724,0.02738,38157064.0
2025-07-22 20:00:00+00:00,0.02738,0.02818,0.02729,0.02815,17447632.0
2025-07-23 00:00:00+00:00,0.02815,0.02816,0.02745,0.02765,36835767.0
2025-07-23 04:00:00+00:00,0.02765,0.02802,0.02726,0.02736,21434859.0
2025-07-23 08:00:00+00:00,0.02736,0.02753,0.02677,0.02703,42130179.0
2025-07-23 12:00:00+00:00,0.02703,0.02709,0.02549,0.02617,217906696.0
2025-07-23 16:00:00+00:00,0.02617,0.02618,0.02516,0.02537,80305918.0
2025-07-23 20:00:00+00:00,0.02537,0.02557,0.0245,0.02535,91607514.0
2025-07-24 00:00:00+00:00,0.02535,0.02568,0.02519,0.02544,26136337.0
2025-07-24 04:00:00+00:00,0.02544,0.02553,0.02339,0.02427,201488651.0
2025-07-24 08:00:00+00:00,0.02427,0.02521,0.02416,0.0251,61117822.0
2025-07-24 12:00:00+00:00,0.0251,0.02595,0.02481,0.02556,78107924.0
2025-07-24 16:00:00+00:00,0.02556,0.02557,0.02491,0.02519,31057479.0
2025-07-24 20:00:00+00:00,0.02519,0.02566,0.02467,0.02475,45943274.0
2025-07-25 00:00:00+00:00,0.02475,0.02489,0.02404,0.0243,64665569.0
2025-07-25 04:00:00+00:00,0.0243,0.02485,0.02404,0.0246,58197655.0
2025-07-25 08:00:00+00:00,0.0246,0.02559,0.02456,0.02551,42889035.0
2025-07-25 12:00:00+00:00,0.02551,0.02574,0.02448,0.02482,69823306.0
2025-07-25 16:00:00+00:00,0.02482,0.02523,0.02466,0.02507,23961968.0
2025-07-25 20:00:00+00:00,0.02507,0.02578,0.02506,0.02576,29229938.0
2025-07-26 00:00:00+00:00,0.02576,0.02587,0.02544,0.02582,26670582.0
2025-07-26 04:00:00+00:00,0.02582,0.02594,0.02565,0.02568,12005757.0
2025-07-26 08:00:00+00:00,0.02568,0.02589,0.02559,0.02568,23754536.0
2025-07-26 12:00:00+00:00,0.02568,0.02602,0.0256,0.02589,34077651.0
2025-07-26 16:00:00+00:00,0.02589,0.02625,0.02572,0.02623,22529281.0
2025-07-26 20:00:00+00:00,0.02623,0.02626,0.02575,0.02578,10723060.0
2025-07-27 00:00:00+00:00,0.02578,0.02615,0.02572,0.02594,24592822.0
2025-07-27 04:00:00+00:00,0.02594,0.0263,0.02586,0.02605,28401858.0
2025-07-27 08:00:00+00:00,0.02605,0.02612,0.02554,0.02581,33969206.0
2025-07-27 12:00:00+00:00,0.02581,0.02608,0.02557,0.02576,18190209.0
2025-07-27 16:00:00+00:00,0.02576,0.02627,0.02576,0.02602,16253393.0
2025-07-27 20:00:00+00:00,0.02602,0.02648,0.02588,0.02634,19100594.0
2025-07-28 00:00:00+00:00,0.02634,0.02656,0.02591,0.02638,25553174.0
2025-07-28 04:00:00+00:00,0.02638,0.02669,0.02616,0.02635,25455900.0
2025-07-28 08:00:00+00:00,0.02635,0.02652,0.02605,0.02621,21364989.0
2025-07-28 12:00:00+00:00,0.02621,0.02627,0.02505,0.02521,72139771.0
2025-07-28 16:00:00+00:00,0.02521,0.02559,0.02477,0.02498,118741636.0
2025-07-28 20:00:00+00:00,0.02498,0.02504,0.02453,0.02476,30777514.0
2025-07-29 00:00:00+00:00,0.02476,0.02496,0.02431,0.02478,35782814.0
2025-07-29 04:00:00+00:00,0.02478,0.0256,0.02466,0.02554,28189179.0
2025-07-29 08:00:00+00:00,0.02554,0.02558,0.0249,0.02514,33641770.0
2025-07-29 12:00:00+00:00,0.02514,0.0256,0.02459,0.02475,39860294.0
2025-07-29 16:00:00+00:00,0.02475,0.02517,0.0244,0.02473,60981213.0
2025-07-29 20:00:00+00:00,0.02473,0.02541,0.02448,0.02528,72222591.0
2025-07-30 00:00:00+00:00,0.02528,0.02545,0.02478,0.0252,23654837.0
2025-07-30 04:00:00+00:00,0.0252,0.02529,0.02476,0.02483,29002410.0
2025-07-30 08:00:00+00:00,0.02483,0.02512,0.02402,0.02416,68772755.0
2025-07-30 12:00:00+00:00,0.02416,0.02475,0.02395,0.02462,52240221.0
2025-07-30 16:00:00+00:00,0.02462,0.02485,0.0233,0.02447,119349564.0
2025-07-30 20:00:00+00:00,0.02447,0.02478,0.02409,0.0245,48328761.0
2025-07-31 00:00:00+00:00,0.0245,0.02501,0.02438,0.02486,26762534.0
2025-07-31 04:00:00+00:00,0.02486,0.02494,0.02462,0.02464,56805235.0
2025-07-31 08:00:00+00:00,0.02464,0.02481,0.02434,0.02437,22400477.0
2025-07-31 12:00:00+00:00,0.02437,0.02441,0.02355,0.0238,40502332.0
2025-07-31 16:00:00+00:00,0.0238,0.02425,0.02345,0.02352,22848978.0
2025-07-31 20:00:00+00:00,0.02352,0.02359,0.02297,0.02307,41611407.0
2025-08-01 00:00:00+00:00,0.02307,0.02321,0.02237,0.02305,70488762.0
2025-08-01 04:00:00+00:00,0.02305,0.02305,0.02257,0.02275,32546885.0
2025-08-01 08:00:00+00:00,0.02275,0.02308,0.02216,0.02301,103663272.0
2025-08-01 12:00:00+00:00,0.02301,0.02352,0.02259,0.02325,118029526.0
2025-08-01 16:00:00+00:00,0.02325,0.02339,0.02268,0.02307,52843184.0
2025-08-01 20:00:00+00:00,0.02307,0.02312,0.02211,0.02264,74435910.0
2025-08-02 00:00:00+00:00,0.02264,0.02294,0.02254,0.0229,18628942.0
2025-08-02 04:00:00+00:00,0.0229,0.02312,0.02226,0.02279,50707334.0
2025-08-02 08:00:00+00:00,0.02279,0.02283,0.02226,0.02251,26697648.0
2025-08-02 12:00:00+00:00,0.02251,0.02266,0.02202,0.02211,31226182.0
2025-08-02 16:00:00+00:00,0.02211,0.02231,0.02168,0.02199,52552267.0
2025-08-02 20:00:00+00:00,0.02199,0.02239,0.02195,0.02218,22259839.0
2025-08-03 00:00:00+00:00,0.02218,0.02248,0.02187,0.0224,17343265.0
2025-08-03 04:00:00+00:00,0.0224,0.02262,0.02231,0.0226,11042538.0
2025-08-03 08:00:00+00:00,0.0226,0.02308,0.02259,0.02302,26145193.0
2025-08-03 12:00:00+00:00,0.02302,0.02335,0.02297,0.02327,18996648.0
2025-08-03 16:00:00+00:00,0.02327,0.02327,0.02303,0.0231,11857119.0
2025-08-03 20:00:00+00:00,0.0231,0.02324,0.02299,0.02302,17246175.0
2025-08-04 00:00:00+00:00,0.02302,0.0234,0.023,0.02316,19999304.0
2025-08-04 04:00:00+00:00,0.02316,0.02328,0.02293,0.02322,10727450.0
2025-08-04 08:00:00+00:00,0.02322,0.02337,0.02281,0.02294,23605782.0
2025-08-04 12:00:00+00:00,0.02294,0.02355,0.02291,0.02326,63401996.0
2025-08-04 16:00:00+00:00,0.02326,0.0237,0.02321,0.02329,35167172.0
2025-08-04 20:00:00+00:00,0.02329,0.02397,0.02326,0.02368,64087058.0
2025-08-05 00:00:00+00:00,0.02368,0.02378,0.02332,0.02335,46024662.0
2025-08-05 04:00:00+00:00,0.02335,0.02347,0.02282,0.02286,53046821.0
2025-08-05 08:00:00+00:00,0.02286,0.02365,0.02285,0.02354,35782154.0
2025-08-05 12:00:00+00:00,0.02354,0.02359,0.02262,0.02271,91390742.0
2025-08-05 16:00:00+00:00,0.02271,0.0229,0.02255,0.02263,28371935.0
2025-08-05 20:00:00+00:00,0.02263,0.02298,0.02246,0.02295,22414157.0
2025-08-06 00:00:00+00:00,0.02295,0.02296,0.02245,0.02255,19932237.0
2025-08-06 04:00:00+00:00,0.02255,0.02329,0.02247,0.02324,32722592.0
2025-08-06 08:00:00+00:00,0.02324,0.02334,0.023,0.02311,21807469.0
2025-08-06 12:00:00+00:00,0.02311,0.02349,0.02289,0.02347,40307931.0
2025-08-06 16:00:00+00:00,0.02347,0.02356,0.02325,0.02345,27998027.0
2025-08-06 20:00:00+00:00,0.02345,0.02356,0.02336,0.02348,12888449.0
2025-08-07 00:00:00+00:00,0.02348,0.02369,0.02317,0.02322,17064548.0
2025-08-07 04:00:00+00:00,0.02322,0.02356,0.02316,0.02347,16609514.0
2025-08-07 08:00:00+00:00,0.02347,0.02419,0.02339,0.02412,61358337.0
2025-08-07 12:00:00+00:00,0.02412,0.02424,0.02382,0.02401,30467965.0
2025-08-07 16:00:00+00:00,0.02401,0.0241,0.02347,0.0241,28890901.0
2025-08-07 20:00:00+00:00,0.0241,0.02448,0.02404,0.02443,22736404.0
2025-08-08 00:00:00+00:00,0.02443,0.02471,0.02419,0.02442,44650022.0
2025-08-08 04:00:00+00:00,0.02442,0.02455,0.02409,0.02452,21204495.0
2025-08-08 08:00:00+00:00,0.02452,0.02467,0.02426,0.02443,20673020.0
2025-08-08 12:00:00+00:00,0.02443,0.0247,0.02382,0.02403,54068395.0
2025-08-08 16:00:00+00:00,0.02403,0.02469,0.024,0.02464,25179976.0
2025-08-08 20:00:00+00:00,0.02464,0.02468,0.02446,0.02457,13581875.0
2025-08-09 00:00:00+00:00,0.02457,0.02479,0.02455,0.02456,15214192.0
2025-08-09 04:00:00+00:00,0.02456,0.02518,0.02454,0.02515,32013947.0
2025-08-09 08:00:00+00:00,0.02515,0.02535,0.0251,0.02519,28697129.0
2025-08-09 12:00:00+00:00,0.02519,0.02543,0.02478,0.02504,48692410.0
2025-08-09 16:00:00+00:00,0.02504,0.02546,0.02501,0.02538,15811493.0
2025-08-09 20:00:00+00:00,0.02538,0.02551,0.02509,0.02517,22409801.0
2025-08-10 00:00:00+00:00,0.02517,0.0255,0.02509,0.02549,28474013.0
2025-08-10 04:00:00+00:00,0.02549,0.02558,0.02475,0.0248,44029838.0
2025-08-10 08:00:00+00:00,0.0248,0.02515,0.02457,0.02471,33386784.0
2025-08-10 12:00:00+00:00,0.02471,0.02529,0.02466,0.02522,19476466.0
2025-08-10 16:00:00+00:00,0.02522,0.02535,0.02508,0.02523,18147824.0
2025-08-10 20:00:00+00:00,0.02523,0.02524,0.02477,0.02513,15664209.0
2025-08-11 00:00:00+00:00,0.02513,0.02595,0.02495,0.02572,42608950.0
2025-08-11 04:00:00+00:00,0.02572,0.02593,0.02508,0.02513,35023836.0
2025-08-11 08:00:00+00:00,0.02513,0.02531,0.02416,0.02434,71035030.0
2025-08-11 12:00:00+00:00,0.02434,0.02474,0.02407,0.0247,64614577.0
2025-08-11 16:00:00+00:00,0.0247,0.02499,0.0242,0.02478,196332843.0
2025-08-11 20:00:00+00:00,0.02478,0.02488,0.02435,0.02469,95416771.0
2025-08-12 00:00:00+00:00,0.02469,0.02494,0.02443,0.02451,81232885.0
2025-08-12 04:00:00+00:00,0.02451,0.02468,0.02412,0.02454,34685034.0
2025-08-12 08:00:00+00:00,0.02454,0.02455,0.02387,0.02423,66173464.0
2025-08-12 12:00:00+00:00,0.02423,0.02518,0.02413,0.02518,145330276.0
2025-08-12 16:00:00+00:00,0.02518,0.02557,0.02507,0.02554,81240658.0
2025-08-12 20:00:00+00:00,0.02554,0.02597,0.02552,0.0257,47907623.0
2025-08-13 00:00:00+00:00,0.0257,0.02584,0.02533,0.02574,30775418.0
2025-08-13 04:00:00+00:00,0.02574,0.02593,0.02534,0.02577,24544066.0
2025-08-13 08:00:00+00:00,0.02577,0.02637,0.02575,0.02626,42412576.0
2025-08-13 12:00:00+00:00,0.02626,0.02653,0.02585,0.02617,65548388.0
2025-08-13 16:00:00+00:00,0.02617,0.02652,0.02602,0.0265,31366520.0
2025-08-13 20:00:00+00:00,0.0265,0.02666,0.02624,0.02652,37943929.0
2025-08-14 00:00:00+00:00,0.02652,0.02699,0.0263,0.02685,39249201.0
2025-08-14 04:00:00+00:00,0.02685,0.02693,0.02611,0.02624,42901371.0
2025-08-14 08:00:00+00:00,0.02624,0.02627,0.02581,0.0259,51349266.0
2025-08-14 12:00:00+00:00,0.0259,0.02609,0.02447,0.02495,216278092.0
2025-08-14 16:00:00+00:00,0.02495,0.02496,0.02431,0.02466,49742556.0
2025-08-14 20:00:00+00:00,0.02466,0.02474,0.02409,0.02463,56315042.0
2025-08-15 00:00:00+00:00,0.02463,0.02497,0.02449,0.02495,25991942.0
2025-08-15 04:00:00+00:00,0.02495,0.02517,0.0246,0.02499,41694068.0
2025-08-15 08:00:00+00:00,0.02499,0.02509,0.02468,0.02479,32985966.0
2025-08-15 12:00:00+00:00,0.02479,0.02503,0.02382,0.02396,82596789.0
2025-08-15 16:00:00+00:00,0.02396,0.02423,0.02373,0.02395,39338495.0
2025-08-15 20:00:00+00:00,0.02395,0.02454,0.02389,0.02433,13155942.0
2025-08-16 00:00:00+00:00,0.02433,0.02466,0.02427,0.02441,15906724.0
2025-08-16 04:00:00+00:00,0.02441,0.02462,0.02428,0.02459,9092693.0
2025-08-16 08:00:00+00:00,0.02459,0.02466,0.02424,0.02427,23004358.0
2025-08-16 12:00:00+00:00,0.02427,0.02486,0.0242,0.02474,49640150.0
2025-08-16 16:00:00+00:00,0.02474,0.02483,0.02452,0.02472,15399398.0
2025-08-16 20:00:00+00:00,0.02472,0.02485,0.02458,0.02464,6830911.0
2025-08-17 00:00:00+00:00,0.02464,0.02491,0.02445,0.02482,12467724.0
2025-08-17 04:00:00+00:00,0.02482,0.02506,0.02482,0.02501,21620465.0
2025-08-17 08:00:00+00:00,0.02501,0.02527,0.02493,0.02526,21832718.0
2025-08-17 12:00:00+00:00,0.02526,0.02564,0.02511,0.02563,21223787.0
2025-08-17 16:00:00+00:00,0.02563,0.02569,0.02474,0.02484,61657346.0
2025-08-17 20:00:00+00:00,0.02484,0.0252,0.02471,0.02475,39454199.0
2025-08-18 00:00:00+00:00,0.02475,0.0248,0.02371,0.02396,67056809.0
2025-08-18 04:00:00+00:00,0.02396,0.02408,0.02347,0.0236,46646899.0
2025-08-18 08:00:00+00:00,0.0236,0.02369,0.02332,0.02355,36664443.0
2025-08-18 12:00:00+00:00,0.02355,0.02393,0.02343,0.02378,39660052.0
2025-08-18 16:00:00+00:00,0.02378,0.02404,0.02353,0.02391,28758928.0
2025-08-18 20:00:00+00:00,0.02391,0.02419,0.02374,0.02382,15270289.0
2025-08-19 00:00:00+00:00,0.02382,0.0241,0.02329,0.02334,22811429.0
2025-08-19 04:00:00+00:00,0.02334,0.02361,0.02317,0.02344,22470786.0
2025-08-19 08:00:00+00:00,0.02344,0.02386,0.02328,0.02382,13776959.0
2025-08-19 12:00:00+00:00,0.02382,0.02394,0.02323,0.02328,30330461.0
2025-08-19 16:00:00+00:00,0.02328,0.02334,0.02294,0.02311,29353095.0
2025-08-19 20:00:00+00:00,0.02311,0.02323,0.02289,0.02294,20979198.0
2025-08-20 00:00:00+00:00,0.02294,0.02332,0.0228,0.02316,20785650.0
2025-08-20 04:00:00+00:00,0.02316,0.02327,0.02297,0.02298,13390658.0
2025-08-20 08:00:00+00:00,0.02298,0.02349,0.0229,0.02339,30635339.0
2025-08-20 12:00:00+00:00,0.02339,0.02382,0.02287,0.02366,48422121.0
2025-08-20 16:00:00+00:00,0.02366,0.02401,0.02356,0.02399,21172082.0
2025-08-20 20:00:00+00:00,0.02399,0.02401,0.02381,0.02386,8665324.0
2025-08-21 00:00:00+00:00,0.02386,0.0244,0.02378,0.02403,46133088.0
2025-08-21 04:00:00+00:00,0.02403,0.02428,0.02387,0.02421,25179524.0
2025-08-21 08:00:00+00:00,0.02421,0.02425,0.02383,0.02393,40948902.0
2025-08-21 12:00:00+00:00,0.02393,0.02413,0.02353,0.02362,42211963.0
2025-08-21 16:00:00+00:00,0.02362,0.02392,0.0235,0.02361,15634254.0
2025-08-21 20:00:00+00:00,0.02361,0.02393,0.02351,0.02363,14150185.0
2025-08-22 00:00:00+00:00,0.02363,0.02386,0.02335,0.02343,26727703.0
2025-08-22 04:00:00+00:00,0.02343,0.02375,0.02343,0.02366,14319361.0
2025-08-22 08:00:00+00:00,0.02366,0.02382,0.02323,0.02323,16719816.0
2025-08-22 12:00:00+00:00,0.02323,0.02462,0.02292,0.02442,123618844.0
2025-08-22 16:00:00+00:00,0.02442,0.02524,0.02442,0.02514,55480805.0
2025-08-22 20:00:00+00:00,0.02514,0.02548,0.02514,0.02534,32472920.0
2025-08-23 00:00:00+00:00,0.02534,0.02646,0.02533,0.02556,122759097.0
2025-08-23 04:00:00+00:00,0.02556,0.02613,0.02555,0.02565,48115112.0
2025-08-23 08:00:00+00:00,0.02565,0.0257,0.02512,0.02528,65254548.0
2025-08-23 12:00:00+00:00,0.02528,0.02546,0.02518,0.02524,23939764.0
2025-08-23 16:00:00+00:00,0.02524,0.02564,0.02515,0.02563,8838678.0
2025-08-23 20:00:00+00:00,0.02563,0.02563,0.02538,0.02557,19305681.0
2025-08-24 00:00:00+00:00,0.02557,0.02568,0.02527,0.0254,16262192.0
2025-08-24 04:00:00+00:00,0.0254,0.02542,0.02488,0.02489,21310670.0
2025-08-24 08:00:00+00:00,0.02489,0.02518,0.02478,0.02493,31035900.0
2025-08-24 12:00:00+00:00,0.02493,0.02531,0.02491,0.02521,30423881.0
2025-08-24 16:00:00+00:00,0.02521,0.02713,0.02506,0.02617,216415037.0
2025-08-24 20:00:00+00:00,0.02617,0.0264,0.02556,0.02603,78681992.0
2025-08-25 00:00:00+00:00,0.02603,0.02687,0.02576,0.02671,109690476.0
2025-08-25 04:00:00+00:00,0.02671,0.02717,0.02539,0.02544,175571508.0
2025-08-25 08:00:00+00:00,0.02544,0.02624,0.02527,0.02612,107931060.0
2025-08-25 12:00:00+00:00,0.02612,0.0264,0.02555,0.02573,111937830.0
2025-08-25 16:00:00+00:00,0.02573,0.02582,0.02458,0.0246,91387909.0
2025-08-25 20:00:00+00:00,0.0246,0.0247,0.02392,0.02422,129186689.0
2025-08-26 00:00:00+00:00,0.02422,0.02439,0.02371,0.02421,54000615.0
2025-08-26 04:00:00+00:00,0.02421,0.02461,0.02404,0.02442,39421412.0
2025-08-26 08:00:00+00:00,0.02442,0.02454,0.0241,0.0242,37765176.0
2025-08-26 12:00:00+00:00,0.0242,0.02484,0.02408,0.02465,70206515.0
2025-08-26 16:00:00+00:00,0.02465,0.02529,0.02453,0.02523,26083973.0
2025-08-26 20:00:00+00:00,0.02523,0.02534,0.02503,0.02514,24724993.0
2025-08-27 00:00:00+00:00,0.02514,0.02539,0.02468,0.02491,33900728.0
2025-08-27 04:00:00+00:00,0.02491,0.0252,0.02464,0.02472,25061347.0
2025-08-27 08:00:00+00:00,0.02472,0.02493,0.02456,0.02485,33619691.0
2025-08-27 12:00:00+00:00,0.02485,0.02519,0.02466,0.02503,39972232.0
2025-08-27 16:00:00+00:00,0.02503,0.02534,0.02482,0.02504,27628529.0
2025-08-27 20:00:00+00:00,0.02504,0.02539,0.02472,0.02486,66791430.0
2025-08-28 00:00:00+00:00,0.02486,0.02515,0.02458,0.02512,24223796.0
2025-08-28 04:00:00+00:00,0.02512,0.02537,0.02504,0.02527,33376216.0
2025-08-28 08:00:00+00:00,0.02527,0.02578,0.025,0.02557,70965360.0
2025-08-28 12:00:00+00:00,0.02557,0.02586,0.02537,0.02542,77999429.0
2025-08-28 16:00:00+00:00,0.02542,0.0256,0.02487,0.02487,50780627.0
2025-08-28 20:00:00+00:00,0.02487,0.0257,0.02484,0.02561,38304544.0
2025-08-29 00:00:00+00:00,0.02561,0.02567,0.0251,0.02532,52921933.0
2025-08-29 04:00:00+00:00,0.02532,0.02536,0.02452,0.0246,58224105.0
2025-08-29 08:00:00+00:00,0.0246,0.02468,0.02414,0.02444,54037686.0
2025-08-29 12:00:00+00:00,0.02444,0.02501,0.02401,0.02417,74075292.0
2025-08-29 16:00:00+00:00,0.02417,0.02434,0.0239,0.02414,36959924.0
2025-08-29 20:00:00+00:00,0.02414,0.02432,0.02392,0.02423,20353107.0
2025-08-30 00:00:00+00:00,0.02423,0.02476,0.02414,0.02457,39828462.0
2025-08-30 04:00:00+00:00,0.02457,0.02461,0.02441,0.02457,12493044.0
2025-08-30 08:00:00+00:00,0.02457,0.02468,0.02434,0.02462,17971788.0
2025-08-30 12:00:00+00:00,0.02462,0.02469,0.02421,0.02467,18340903.0
2025-08-30 16:00:00+00:00,0.02467,0.02467,0.02445,0.02467,11466965.0
2025-08-30 20:00:00+00:00,0.02467,0.02475,0.02449,0.02468,9317741.0
2025-08-31 00:00:00+00:00,0.02468,0.02494,0.02458,0.02488,16924906.0
2025-08-31 04:00:00+00:00,0.02488,0.0249,0.0245,0.02451,9766690.0
2025-08-31 08:00:00+00:00,0.02451,0.02482,0.02449,0.02465,18706050.0
2025-08-31 12:00:00+00:00,0.02465,0.02468,0.02434,0.02457,12830626.0
2025-08-31 16:00:00+00:00,0.02457,0.02463,0.02437,0.02443,10169367.0
2025-08-31 20:00:00+00:00,0.02443,0.02457,0.02412,0.02412,11914525.0
2025-09-01 00:00:00+00:00,0.02412,0.02422,0.02369,0.0238,31930752.0
2025-09-01 04:00:00+00:00,0.0238,0.02447,0.02359,0.02447,29401531.0
2025-09-01 08:00:00+00:00,0.02447,0.02468,0.02389,0.02391,29931364.0
2025-09-01 12:00:00+00:00,0.02391,0.02406,0.02365,0.02368,27498659.0
2025-09-01 16:00:00+00:00,0.02368,0.02374,0.02345,0.02373,36990346.0
2025-09-01 20:00:00+00:00,0.02373,0.02376,0.023,0.02351,75431693.0
2025-09-02 00:00:00+00:00,0.02351,0.02389,0.02326,0.02381,33511038.0
2025-09-02 04:00:00+00:00,0.02381,0.02388,0.02356,0.02361,13693964.0
2025-09-02 08:00:00+00:00,0.02361,0.02385,0.02356,0.02359,15560544.0
2025-09-02 12:00:00+00:00,0.02359,0.02395,0.02312,0.02345,62666740.0
2025-09-02 16:00:00+00:00,0.02345,0.02372,0.0234,0.02352,15330572.0
2025-09-02 20:00:00+00:00,0.02352,0.02394,0.02347,0.02389,14182492.0
2025-09-03 00:00:00+00:00,0.02389,0.02402,0.02372,0.02383,21706265.0
2025-09-03 04:00:00+00:00,0.02383,0.02386,0.02351,0.02368,11181575.0
2025-09-03 08:00:00+00:00,0.02368,0.02394,0.02364,0.02382,13982058.0
2025-09-03 12:00:00+00:00,0.02382,0.02419,0.02375,0.02404,44747644.0
2025-09-03 16:00:00+00:00,0.02404,0.02408,0.02385,0.024,37852455.0
2025-09-03 20:00:00+00:00,0.024,0.02404,0.02388,0.02391,10064689.0
2025-09-04 00:00:00+00:00,0.02391,0.02404,0.02357,0.0236,11279319.0
2025-09-04 04:00:00+00:00,0.0236,0.02365,0.02323,0.02331,33002567.0
2025-09-04 08:00:00+00:00,0.02331,0.02347,0.02328,0.02333,16635466.0
2025-09-04 12:00:00+00:00,0.02333,0.02344,0.02306,0.02316,27103752.0
2025-09-04 16:00:00+00:00,0.02316,0.02319,0.02292,0.02299,18725742.0
2025-09-04 20:00:00+00:00,0.02299,0.02338,0.02297,0.02312,13145648.0
2025-09-05 00:00:00+00:00,0.02312,0.02334,0.02305,0.02327,12706902.0
2025-09-05 04:00:00+00:00,0.02327,0.02373,0.0232,0.0237,21605241.0
2025-09-05 08:00:00+00:00,0.0237,0.02387,0.02355,0.02373,24402727.0
2025-09-05 12:00:00+00:00,0.02373,0.02399,0.02319,0.02343,72302567.0
2025-09-05 16:00:00+00:00,0.02343,0.02356,0.02319,0.02356,29034282.0
2025-09-05 20:00:00+00:00,0.02356,0.02374,0.02346,0.02356,20223509.0
2025-09-06 00:00:00+00:00,0.02356,0.0237,0.02352,0.02359,7601761.0
2025-09-06 04:00:00+00:00,0.02359,0.02359,0.0233,0.02336,7995403.0
2025-09-06 08:00:00+00:00,0.02336,0.02343,0.02324,0.02335,7206444.0
2025-09-06 12:00:00+00:00,0.02335,0.02341,0.0232,0.02322,7323650.0
2025-09-06 16:00:00+00:00,0.02322,0.02333,0.02309,0.02312,13883689.0
2025-09-06 20:00:00+00:00,0.02312,0.02337,0.0231,0.02329,5120958.0
2025-09-07 00:00:00+00:00,0.02329,0.02354,0.02329,0.02349,4148594.0
2025-09-07 04:00:00+00:00,0.02349,0.0236,0.02338,0.02348,7950715.0
2025-09-07 08:00:00+00:00,0.02348,0.02357,0.02341,0.02356,7479222.0
2025-09-07 12:00:00+00:00,0.02356,0.02369,0.02344,0.02359,8480951.0
2025-09-07 16:00:00+00:00,0.02359,0.02367,0.02327,0.02335,14170984.0
2025-09-07 20:00:00+00:00,0.02335,0.02366,0.02331,0.02352,7188545.0
2025-09-08 00:00:00+00:00,0.02352,0.02401,0.02339,0.02377,62586713.0
2025-09-08 04:00:00+00:00,0.02377,0.02442,0.02361,0.02372,52142942.0
2025-09-08 08:00:00+00:00,0.02372,0.02427,0.02371,0.02408,34722519.0
2025-09-08 12:00:00+00:00,0.02408,0.02441,0.02397,0.02433,23671828.0
2025-09-08 16:00:00+00:00,0.02433,0.02455,0.02432,0.0244,22118094.0
2025-09-08 20:00:00+00:00,0.0244,0.02448,0.02418,0.02433,18329238.0
2025-09-09 00:00:00+00:00,0.02433,0.02447,0.02384,0.02412,23070633.0
2025-09-09 04:00:00+00:00,0.02412,0.02484,0.02408,0.02461,32043639.0
2025-09-09 08:00:00+00:00,0.02461,0.02485,0.02448,0.02461,26073774.0
2025-09-09 12:00:00+00:00,0.02461,0.02477,0.02381,0.0239,59830374.0
2025-09-09 16:00:00+00:00,0.0239,0.02429,0.02381,0.02425,18186039.0
2025-09-09 20:00:00+00:00,0.02425,0.02435,0.0241,0.02419,7186751.0
2025-09-10 00:00:00+00:00,0.02419,0.0243,0.02391,0.02421,23458491.0
2025-09-10 04:00:00+00:00,0.02421,0.02444,0.02405,0.02432,19782462.0
2025-09-10 08:00:00+00:00,0.02432,0.02434,0.0241,0.02416,12501928.0
2025-09-10 12:00:00+00:00,0.02416,0.02467,0.0241,0.02448,48454821.0
2025-09-10 16:00:00+00:00,0.02448,0.02464,0.02404,0.02418,32375904.0
2025-09-10 20:00:00+00:00,0.02418,0.02446,0.02415,0.0244,13092903.0
2025-09-11 00:00:00+00:00,0.0244,0.02459,0.0243,0.02458,19778876.0
2025-09-11 04:00:00+00:00,0.02458,0.02472,0.02439,0.02466,15971377.0
2025-09-11 08:00:00+00:00,0.02466,0.02475,0.02443,0.02447,26786425.0
2025-09-11 12:00:00+00:00,0.02447,0.02474,0.02406,0.02435,98501476.0
2025-09-11 16:00:00+00:00,0.02435,0.02482,0.02435,0.02479,29159754.0
2025-09-11 20:00:00+00:00,0.02479,0.02509,0.02476,0.02496,41377968.0
2025-09-12 00:00:00+00:00,0.02496,0.02516,0.02486,0.02494,24634841.0
2025-09-12 04:00:00+00:00,0.02494,0.0251,0.0248,0.02489,20088235.0
2025-09-12 08:00:00+00:00,0.02489,0.02491,0.02456,0.02459,42161129.0
2025-09-12 12:00:00+00:00,0.02459,0.02485,0.02445,0.02473,34082718.0
2025-09-12 16:00:00+00:00,0.02473,0.02526,0.02471,0.02522,22077380.0
2025-09-12 20:00:00+00:00,0.02522,0.02539,0.02509,0.02538,27044362.0
2025-09-13 00:00:00+00:00,0.02538,0.02549,0.02523,0.02545,25818362.0
2025-09-13 04:00:00+00:00,0.02545,0.02549,0.02534,0.02535,21643096.0
2025-09-13 08:00:00+00:00,0.02535,0.02591,0.02532,0.02586,33988894.0
2025-09-13 12:00:00+00:00,0.02586,0.02596,0.02532,0.02547,62314386.0
2025-09-13 16:00:00+00:00,0.02547,0.02554,0.0251,0.02537,34012054.0
2025-09-13 20:00:00+00:00,0.02537,0.02572,0.02535,0.02566,29726363.0
2025-09-14 00:00:00+00:00,0.02566,0.02568,0.02512,0.02514,20422315.0
2025-09-14 04:00:00+00:00,0.02514,0.02539,0.02494,0.02512,23179622.0
2025-09-14 08:00:00+00:00,0.02512,0.02532,0.02478,0.0248,20851076.0
2025-09-14 12:00:00+00:00,0.0248,0.02492,0.02442,0.02457,59006508.0
2025-09-14 16:00:00+00:00,0.02457,0.02488,0.02453,0.02464,16282852.0
2025-09-14 20:00:00+00:00,0.02464,0.02492,0.02451,0.02461,16442011.0
2025-09-15 00:00:00+00:00,0.02461,0.02485,0.02435,0.02481,32043070.0
2025-09-15 04:00:00+00:00,0.02481,0.02497,0.02433,0.02439,34127364.0
2025-09-15 08:00:00+00:00,0.02439,0.02439,0.02393,0.02422,83698996.0
2025-09-15 12:00:00+00:00,0.02422,0.02432,0.02387,0.02403,42417206.0
2025-09-15 16:00:00+00:00,0.02403,0.02411,0.02382,0.02404,21776535.0
2025-09-15 20:00:00+00:00,0.02404,0.02418,0.02401,0.0241,12241705.0
2025-09-16 00:00:00+00:00,0.0241,0.02414,0.02393,0.02396,6032945.0
2025-09-16 04:00:00+00:00,0.02396,0.02431,0.02378,0.02428,18045466.0
2025-09-16 08:00:00+00:00,0.02428,0.02445,0.02416,0.02421,21840117.0
2025-09-16 12:00:00+00:00,0.02421,0.02432,0.02384,0.02428,22987897.0
2025-09-16 16:00:00+00:00,0.02428,0.02463,0.02413,0.02454,21435946.0
2025-09-16 20:00:00+00:00,0.02454,0.02465,0.02444,0.02447,13098438.0
2025-09-17 00:00:00+00:00,0.02447,0.0246,0.02426,0.02435,12595642.0
2025-09-17 04:00:00+00:00,0.02435,0.0246,0.02414,0.02449,18070786.0
2025-09-17 08:00:00+00:00,0.02449,0.02451,0.02406,0.02415,12784926.0
2025-09-17 12:00:00+00:00,0.02415,0.02421,0.02395,0.02402,16549489.0
2025-09-17 16:00:00+00:00,0.02402,0.02475,0.02388,0.02474,66925253.0
2025-09-17 20:00:00+00:00,0.02474,0.02547,0.02441,0.02528,46324825.0
2025-09-18 00:00:00+00:00,0.02528,0.02551,0.02518,0.02547,21177977.0
2025-09-18 04:00:00+00:00,0.02547,0.0256,0.02499,0.02521,30530963.0
2025-09-18 08:00:00+00:00,0.02521,0.02536,0.02513,0.02527,14597247.0
2025-09-18 12:00:00+00:00,0.02527,0.02568,0.02519,0.02567,23259586.0
2025-09-18 16:00:00+00:00,0.02567,0.02604,0.02563,0.0259,45431945.0
2025-09-18 20:00:00+00:00,0.0259,0.02614,0.02576,0.02595,27551467.0
2025-09-19 00:00:00+00:00,0.02595,0.02629,0.02555,0.02556,37463271.0
2025-09-19 04:00:00+00:00,0.02556,0.02618,0.02533,0.02599,59329887.0
2025-09-19 08:00:00+00:00,0.02599,0.02635,0.02529,0.02542,77874085.0
2025-09-19 12:00:00+00:00,0.02542,0.02556,0.02496,0.02508,53597123.0
2025-09-19 16:00:00+00:00,0.02508,0.02524,0.02483,0.0249,26285493.0
2025-09-19 20:00:00+00:00,0.0249,0.02512,0.02476,0.02493,14086982.0
2025-09-20 00:00:00+00:00,0.02493,0.02503,0.02472,0.0248,7366131.0
2025-09-20 04:00:00+00:00,0.0248,0.02512,0.02464,0.02512,15575412.0
2025-09-20 08:00:00+00:00,0.02512,0.02513,0.02457,0.02473,26816105.0
2025-09-20 12:00:00+00:00,0.02473,0.02518,0.02459,0.02498,15368878.0
2025-09-20 16:00:00+00:00,0.02498,0.02505,0.02472,0.02478,7961381.0
2025-09-20 20:00:00+00:00,0.02478,0.02495,0.02461,0.02468,10816531.0
2025-09-21 00:00:00+00:00,0.02468,0.02471,0.0244,0.02457,21897272.0
2025-09-21 04:00:00+00:00,0.02457,0.02481,0.02449,0.02458,23850854.0
2025-09-21 08:00:00+00:00,0.02458,0.02465,0.02431,0.02443,25793193.0
2025-09-21 12:00:00+00:00,0.02443,0.02459,0.02435,0.02446,22063169.0
2025-09-21 16:00:00+00:00,0.02446,0.02457,0.02429,0.02447,13015075.0
2025-09-21 20:00:00+00:00,0.02447,0.02448,0.02423,0.02432,11045653.0
2025-09-22 00:00:00+00:00,0.02432,0.02444,0.02355,0.02383,75310232.0
2025-09-22 04:00:00+00:00,0.02383,0.02391,0.02208,0.02297,143953288.0
2025-09-22 08:00:00+00:00,0.02297,0.02321,0.02276,0.02296,34950303.0
2025-09-22 12:00:00+00:00,0.02296,0.0232,0.02286,0.02288,23149461.0
2025-09-22 16:00:00+00:00,0.02288,0.02299,0.02258,0.02264,29797281.0
2025-09-22 20:00:00+00:00,0.02264,0.02299,0.0226,0.0229,19997088.0
2025-09-23 00:00:00+00:00,0.0229,0.02298,0.02244,0.02285,30172695.0
2025-09-23 04:00:00+00:00,0.02285,0.02307,0.02271,0.02296,18482790.0
2025-09-23 08:00:00+00:00,0.02296,0.0231,0.02267,0.02271,29096337.0
2025-09-23 12:00:00+00:00,0.02271,0.02288,0.0226,0.0227,22386889.0
2025-09-23 16:00:00+00:00,0.0227,0.02295,0.02245,0.02248,20795385.0
2025-09-23 20:00:00+00:00,0.02248,0.02271,0.02241,0.02252,10610093.0
2025-09-24 00:00:00+00:00,0.02252,0.02279,0.02233,0.02237,21871958.0
2025-09-24 04:00:00+00:00,0.02237,0.02274,0.02212,0.02266,47009310.0
2025-09-24 08:00:00+00:00,0.02266,0.02292,0.02258,0.0229,28349009.0
2025-09-24 12:00:00+00:00,0.0229,0.02314,0.02275,0.02281,47544821.0
2025-09-24 16:00:00+00:00,0.02281,0.02299,0.02274,0.02282,13718777.0
2025-09-24 20:00:00+00:00,0.02282,0.02284,0.02256,0.02264,15673616.0
2025-09-25 00:00:00+00:00,0.02264,0.02268,0.02222,0.02237,26601134.0
2025-09-25 04:00:00+00:00,0.02237,0.02242,0.02199,0.02205,30378903.0
2025-09-25 08:00:00+00:00,0.02205,0.02229,0.0219,0.02196,55499561.0
2025-09-25 12:00:00+00:00,0.02196,0.02232,0.02161,0.02206,57254150.0
2025-09-25 16:00:00+00:00,0.02206,0.02208,0.02113,0.02169,67595888.0
2025-09-25 20:00:00+00:00,0.02169,0.02172,0.02128,0.02141,32472030.0
2025-09-26 00:00:00+00:00,0.02141,0.02184,0.02141,0.02178,20499880.0
2025-09-26 04:00:00+00:00,0.02178,0.0218,0.02144,0.02161,16868730.0
2025-09-26 08:00:00+00:00,0.02161,0.02178,0.02135,0.02152,20750613.0
2025-09-26 12:00:00+00:00,0.02152,0.02189,0.02127,0.02186,42573196.0
2025-09-26 16:00:00+00:00,0.02186,0.02247,0.02184,0.02227,25283534.0
2025-09-26 20:00:00+00:00,0.02227,0.02233,0.02211,0.02225,7060525.0
2025-09-27 00:00:00+00:00,0.02225,0.02235,0.02202,0.0221,14997466.0
2025-09-27 04:00:00+00:00,0.0221,0.02222,0.02201,0.02205,7248463.0
2025-09-27 08:00:00+00:00,0.02205,0.02205,0.02183,0.02193,8078489.0
2025-09-27 12:00:00+00:00,0.02193,0.02207,0.02185,0.022,6369082.0
2025-09-27 16:00:00+00:00,0.022,0.02201,0.02176,0.02182,6488061.0
2025-09-27 20:00:00+00:00,0.02182,0.02201,0.02177,0.0218,4606931.0
2025-09-28 00:00:00+00:00,0.0218,0.02186,0.02157,0.02161,7614875.0
2025-09-28 04:00:00+00:00,0.02161,0.02171,0.02149,0.02157,9566938.0
2025-09-28 08:00:00+00:00,0.02157,0.02158,0.02139,0.02144,8146819.0
2025-09-28 12:00:00+00:00,0.02144,0.02176,0.0213,0.02167,12598129.0
2025-09-28 16:00:00+00:00,0.02167,0.02182,0.02164,0.0218,9973376.0
2025-09-28 20:00:00+00:00,0.0218,0.02223,0.02179,0.02212,10336217.0
2025-09-29 00:00:00+00:00,0.02212,0.02213,0.02174,0.02187,7730901.0
2025-09-29 04:00:00+00:00,0.02187,0.02199,0.02176,0.02196,21821985.0
2025-09-29 08:00:00+00:00,0.02196,0.02216,0.02183,0.02189,17423949.0
2025-09-29 12:00:00+00:00,0.02189,0.02237,0.02156,0.02204,35814062.0
2025-09-29 16:00:00+00:00,0.02204,0.02216,0.02174,0.02215,14363866.0
2025-09-29 20:00:00+00:00,0.02215,0.0224,0.02202,0.02204,13430011.0
2025-09-30 00:00:00+00:00,0.02204,0.0221,0.02175,0.02176,20163160.0
2025-09-30 04:00:00+00:00,0.02176,0.0219,0.02161,0.02168,15531995.0
2025-09-30 08:00:00+00:00,0.02168,0.02174,0.02151,0.02168,14291312.0
2025-09-30 12:00:00+00:00,0.02168,0.02179,0.02137,0.02145,25949229.0
2025-09-30 16:00:00+00:00,0.02145,0.02184,0.02133,0.02182,16356829.0
2025-09-30 20:00:00+00:00,0.02182,0.02196,0.0216,0.02169,16996765.0
2025-10-01 00:00:00+00:00,0.02169,0.02185,0.0215,0.02159,9081501.0
2025-10-01 04:00:00+00:00,0.02159,0.02184,0.02157,0.02178,11349263.0
2025-10-01 08:00:00+00:00,0.02178,0.02271,0.02177,0.0227,38529782.0
2025-10-01 12:00:00+00:00,0.0227,0.02289,0.02255,0.02287,17577026.0
2025-10-01 16:00:00+00:00,0.02287,0.02305,0.02273,0.02296,15220829.0
2025-10-01 20:00:00+00:00,0.02296,0.02318,0.02287,0.02317,12930151.0
2025-10-02 00:00:00+00:00,0.02317,0.02342,0.02309,0.02329,18073673.0
2025-10-02 04:00:00+00:00,0.02329,0.02349,0.0232,0.02328,13849387.0
2025-10-02 08:00:00+00:00,0.02328,0.02363,0.02319,0.02351,46541429.0
2025-10-02 12:00:00+00:00,0.02351,0.02358,0.02302,0.02331,33872421.0
2025-10-02 16:00:00+00:00,0.02331,0.02379,0.02326,0.02372,27381498.0
2025-10-02 20:00:00+00:00,0.02372,0.02381,0.02354,0.02371,13316096.0
2025-10-03 00:00:00+00:00,0.02371,0.02378,0.02344,0.02355,15905604.0
2025-10-03 04:00:00+00:00,0.02355,0.02383,0.02334,0.02345,14775394.0
2025-10-03 08:00:00+00:00,0.02345,0.0235,0.02327,0.0233,13592061.0
2025-10-03 12:00:00+00:00,0.0233,0.02377,0.02318,0.02375,47044413.0
2025-10-03 16:00:00+00:00,0.02375,0.02426,0.02344,0.02377,91578238.0
2025-10-03 20:00:00+00:00,0.02377,0.02385,0.02363,0.02369,14314175.0
2025-10-04 00:00:00+00:00,0.02369,0.02369,0.02333,0.0234,22672659.0
2025-10-04 04:00:00+00:00,0.0234,0.02351,0.0233,0.02334,10942522.0
2025-10-04 08:00:00+00:00,0.02334,0.02335,0.02305,0.02309,16653294.0
2025-10-04 12:00:00+00:00,0.02309,0.02324,0.02269,0.02277,29909593.0
2025-10-04 16:00:00+00:00,0.02277,0.02295,0.02276,0.02291,17008826.0
2025-10-04 20:00:00+00:00,0.02291,0.02304,0.02288,0.02297,9093171.0
2025-10-05 00:00:00+00:00,0.02297,0.02356,0.02279,0.02328,27418402.0
2025-10-05 04:00:00+00:00,0.02328,0.0238,0.02324,0.02379,30243098.0
2025-10-05 08:00:00+00:00,0.02379,0.02387,0.02317,0.02334,30067866.0
2025-10-05 12:00:00+00:00,0.02334,0.0234,0.02316,0.02335,12070212.0
2025-10-05 16:00:00+00:00,0.02335,0.02336,0.02286,0.02287,20900027.0
2025-10-05 20:00:00+00:00,0.02287,0.02297,0.02279,0.02284,11964321.0
2025-10-06 00:00:00+00:00,0.02284,0.02302,0.02264,0.0229,20933450.0
2025-10-06 04:00:00+00:00,0.0229,0.02312,0.0227,0.02289,16807226.0
2025-10-06 08:00:00+00:00,0.02289,0.02326,0.02288,0.02315,14226006.0
2025-10-06 12:00:00+00:00,0.02315,0.02379,0.02315,0.02371,23384838.0
2025-10-06 16:00:00+00:00,0.02371,0.02397,0.02362,0.02385,24442905.0
2025-10-06 20:00:00+00:00,0.02385,0.02409,0.02359,0.02366,31527392.0
2025-10-07 00:00:00+00:00,0.02366,0.02382,0.02344,0.02347,10279781.0
2025-10-07 04:00:00+00:00,0.02347,0.02364,0.02314,0.02324,23995559.0
2025-10-07 08:00:00+00:00,0.02324,0.02331,0.02302,0.02323,20991916.0
2025-10-07 12:00:00+00:00,0.02323,0.02348,0.02242,0.02257,93315399.0
2025-10-07 16:00:00+00:00,0.02257,0.02287,0.02241,0.02253,23316273.0
2025-10-07 20:00:00+00:00,0.02253,0.02278,0.02245,0.0225,11516763.0
2025-10-08 00:00:00+00:00,0.0225,0.02289,0.02234,0.02245,19052127.0
2025-10-08 04:00:00+00:00,0.02245,0.0226,0.02232,0.02255,11066797.0
2025-10-08 08:00:00+00:00,0.02255,0.02279,0.02254,0.02263,9357728.0
2025-10-08 12:00:00+00:00,0.02263,0.02288,0.02243,0.02256,13823091.0
2025-10-08 16:00:00+00:00,0.02256,0.02313,0.02253,0.02289,25964023.0
2025-10-08 20:00:00+00:00,0.02289,0.02294,0.02272,0.02276,12248919.0
2025-10-09 00:00:00+00:00,0.02276,0.0228,0.02221,0.02244,20564280.0
2025-10-09 04:00:00+00:00,0.02244,0.02253,0.02213,0.02216,18401540.0
2025-10-09 08:00:00+00:00,0.02216,0.02223,0.02185,0.02216,36703181.0
2025-10-09 12:00:00+00:00,0.02216,0.02234,0.02185,0.02192,26022095.0
2025-10-09 16:00:00+00:00,0.02192,0.02208,0.02169,0.022,21761482.0
2025-10-09 20:00:00+00:00,0.022,0.0222,0.0219,0.02203,10285319.0
2025-10-10 00:00:00+00:00,0.02203,0.0224,0.02183,0.02224,21529138.0
2025-10-10 04:00:00+00:00,0.02224,0.02243,0.02202,0.02203,22593761.0
2025-10-10 08:00:00+00:00,0.02203,0.02231,0.02203,0.02224,11818786.0
2025-10-10 12:00:00+00:00,0.02224,0.0224,0.02115,0.02146,87288530.0
2025-10-10 16:00:00+00:00,0.02146,0.02169,0.02067,0.02095,87538600.0
2025-10-10 20:00:00+00:00,0.02095,0.02105,0.01002,0.01591,1172098939.0
2025-10-11 00:00:00+00:00,0.01591,0.01621,0.01468,0.01597,421298482.0
2025-10-11 04:00:00+00:00,0.01597,0.01745,0.01594,0.0171,178044039.0
2025-10-11 08:00:00+00:00,0.0171,0.01775,0.01694,0.01743,100013242.0
2025-10-11 12:00:00+00:00,0.01743,0.01747,0.01674,0.01735,76570443.0
2025-10-11 16:00:00+00:00,0.01735,0.0176,0.01661,0.01674,68506879.0
2025-10-11 20:00:00+00:00,0.01674,0.01685,0.01612,0.01673,58363351.0
2025-10-12 00:00:00+00:00,0.01673,0.01724,0.01652,0.01712,44105991.0
2025-10-12 04:00:00+00:00,0.01712,0.01781,0.01708,0.01775,53405458.0
2025-10-12 08:00:00+00:00,0.01775,0.01792,0.01743,0.01755,33403447.0
2025-10-12 12:00:00+00:00,0.01755,0.01876,0.01731,0.01871,106196521.0
2025-10-12 16:00:00+00:00,0.01871,0.01935,0.0187,0.01935,58399666.0
2025-10-12 20:00:00+00:00,0.01935,0.01948,0.01892,0.01921,28367455.0
2025-10-13 00:00:00+00:00,0.01921,0.01931,0.01891,0.01902,34830168.0
2025-10-13 04:00:00+00:00,0.01902,0.01968,0.01893,0.01938,29668356.0
2025-10-13 08:00:00+00:00,0.01938,0.01976,0.01877,0.01917,102830208.0
2025-10-13 12:00:00+00:00,0.01917,0.01983,0.01898,0.01948,100591423.0
2025-10-13 16:00:00+00:00,0.01948,0.02007,0.01935,0.02,45584462.0
2025-10-13 20:00:00+00:00,0.02,0.0202,0.01977,0.01987,34922168.0
2025-10-14 00:00:00+00:00,0.01987,0.01996,0.01918,0.0194,42317469.0
2025-10-14 04:00:00+00:00,0.0194,0.0195,0.01802,0.01839,126461076.0
2025-10-14 08:00:00+00:00,0.01839,0.01861,0.01793,0.01843,46555562.0
2025-10-14 12:00:00+00:00,0.01843,0.01912,0.01798,0.01911,49815241.0
2025-10-14 16:00:00+00:00,0.01911,0.01935,0.01881,0.01907,54692226.0
2025-10-14 20:00:00+00:00,0.01907,0.01931,0.01896,0.01908,18943532.0
2025-10-15 00:00:00+00:00,0.01908,0.01933,0.01894,0.01908,19910738.0
2025-10-15 04:00:00+00:00,0.01908,0.01928,0.01887,0.01911,20805281.0
2025-10-15 08:00:00+00:00,0.01911,0.01943,0.01865,0.01873,31949006.0
2025-10-15 12:00:00+00:00,0.01873,0.01881,0.01818,0.01833,70213809.0
2025-10-15 16:00:00+00:00,0.01833,0.01845,0.0181,0.01819,28299059.0
2025-10-15 20:00:00+00:00,0.01819,0.01835,0.01797,0.01828,31273445.0
2025-10-16 00:00:00+00:00,0.01828,0.01848,0.0182,0.01825,15162307.0
2025-10-16 04:00:00+00:00,0.01825,0.01845,0.01806,0.01828,23051370.0
2025-10-16 08:00:00+00:00,0.01828,0.01861,0.01769,0.01846,57253097.0
2025-10-16 12:00:00+00:00,0.01846,0.01861,0.01758,0.0177,59105947.0
2025-10-16 16:00:00+00:00,0.0177,0.01804,0.01712,0.01731,52470263.0
2025-10-16 20:00:00+00:00,0.01731,0.01738,0.01702,0.01733,25257337.0
2025-10-17 00:00:00+00:00,0.01733,0.0176,0.01727,0.01748,14120426.0
2025-10-17 04:00:00+00:00,0.01748,0.01748,0.01631,0.01642,55004301.0
2025-10-17 08:00:00+00:00,0.01642,0.01728,0.01612,0.01717,73773864.0
2025-10-17 12:00:00+00:00,0.01717,0.01724,0.01673,0.01719,44042912.0
2025-10-17 16:00:00+00:00,0.01719,0.01743,0.01697,0.01707,24971883.0
2025-10-17 20:00:00+00:00,0.01707,0.01736,0.01702,0.01713,16586176.0
2025-10-18 00:00:00+00:00,0.01713,0.01744,0.01707,0.01728,13648087.0
2025-10-18 04:00:00+00:00,0.01728,0.01746,0.01706,0.01717,13875101.0
2025-10-18 08:00:00+00:00,0.01717,0.01727,0.01705,0.0172,8192423.0
2025-10-18 12:00:00+00:00,0.0172,0.01726,0.01685,0.01697,11589161.0
2025-10-18 16:00:00+00:00,0.01697,0.01716,0.01684,0.01711,11030301.0
2025-10-18 20:00:00+00:00,0.01711,0.01722,0.01705,0.01711,6375396.0
2025-10-19 00:00:00+00:00,0.01711,0.01738,0.01698,0.01738,13114089.0
2025-10-19 04:00:00+00:00,0.01738,0.01741,0.01712,0.01718,10033966.0
2025-10-19 08:00:00+00:00,0.01718,0.0177,0.01693,0.01753,38923614.0
2025-10-19 12:00:00+00:00,0.01753,0.0179,0.0174,0.01786,24770844.0
2025-10-19 16:00:00+00:00,0.01786,0.01801,0.01772,0.01785,18385479.0
2025-10-19 20:00:00+00:00,0.01785,0.01786,0.01758,0.01762,10874377.0
2025-10-20 00:00:00+00:00,0.01762,0.01805,0.01728,0.01798,19685312.0
2025-10-20 04:00:00+00:00,0.01798,0.01824,0.01791,0.01812,17415789.0
2025-10-20 08:00:00+00:00,0.01812,0.01815,0.01791,0.01801,11469097.0
2025-10-20 12:00:00+00:00,0.01801,0.01822,0.01795,0.01795,14374219.0
2025-10-20 16:00:00+00:00,0.01795,0.01805,0.01765,0.01799,21434850.0
2025-10-20 20:00:00+00:00,0.01799,0.01806,0.01781,0.01782,6590394.0
2025-10-21 00:00:00+00:00,0.01782,0.01782,0.01741,0.01744,17963178.0
2025-10-21 04:00:00+00:00,0.01744,0.01747,0.01709,0.01733,24222594.0
2025-10-21 08:00:00+00:00,0.01733,0.01747,0.01709,0.01744,12551737.0
2025-10-21 12:00:00+00:00,0.01744,0.01819,0.01715,0.01812,42476133.0
2025-10-21 16:00:00+00:00,0.01812,0.01821,0.01774,0.01782,26557798.0
2025-10-21 20:00:00+00:00,0.01782,0.01783,0.01715,0.01717,67129692.0
2025-10-22 00:00:00+00:00,0.01717,0.01727,0.01702,0.01715,22951117.0
2025-10-22 04:00:00+00:00,0.01715,0.01725,0.01684,0.01704,22664404.0
2025-10-22 08:00:00+00:00,0.01704,0.01712,0.01669,0.017,27401366.0
2025-10-22 12:00:00+00:00,0.017,0.01733,0.0169,0.01716,32702999.0
2025-10-22 16:00:00+00:00,0.01716,0.01717,0.01683,0.017,24956873.0
2025-10-22 20:00:00+00:00,0.017,0.01706,0.01644,0.01695,33362329.0
2025-10-23 00:00:00+00:00,0.01695,0.01706,0.01687,0.01698,10978407.0
2025-10-23 04:00:00+00:00,0.01698,0.01723,0.01693,0.01718,9052644.0
2025-10-23 08:00:00+00:00,0.01718,0.01727,0.01701,0.01705,8211566.0
2025-10-23 12:00:00+00:00,0.01705,0.01737,0.0169,0.01726,18202171.0
2025-10-23 16:00:00+00:00,0.01726,0.01749,0.01721,0.01731,11704327.0
2025-10-23 20:00:00+00:00,0.01731,0.01732,0.01706,0.01718,11695496.0
2025-10-24 00:00:00+00:00,0.01718,0.01721,0.01698,0.01703,14548972.0
2025-10-24 04:00:00+00:00,0.01703,0.01739,0.01697,0.01728,20103765.0
2025-10-24 08:00:00+00:00,0.01728,0.01735,0.01703,0.0172,10210892.0
2025-10-24 12:00:00+00:00,0.0172,0.01772,0.01711,0.01715,50263454.0
2025-10-24 16:00:00+00:00,0.01715,0.01729,0.01704,0.01727,21805218.0
2025-10-24 20:00:00+00:00,0.01727,0.01742,0.01727,0.01735,10393556.0
2025-10-25 00:00:00+00:00,0.01735,0.01737,0.0172,0.0172,10641117.0
2025-10-25 04:00:00+00:00,0.0172,0.01728,0.0171,0.01713,8711580.0
2025-10-25 08:00:00+00:00,0.01713,0.0172,0.01706,0.01715,8571110.0
2025-10-25 12:00:00+00:00,0.01715,0.0173,0.01714,0.01724,9173189.0
2025-10-25 16:00:00+00:00,0.01724,0.0174,0.01723,0.01736,6718333.0
2025-10-25 20:00:00+00:00,0.01736,0.01739,0.01726,0.01733,3308862.0
2025-10-26 00:00:00+00:00,0.01733,0.01737,0.01715,0.01721,9128237.0
2025-10-26 04:00:00+00:00,0.01721,0.01736,0.01719,0.01735,3968359.0
2025-10-26 08:00:00+00:00,0.01735,0.01766,0.01733,0.01765,23735849.0
2025-10-26 12:00:00+00:00,0.01765,0.01786,0.01765,0.01779,17834712.0
2025-10-26 16:00:00+00:00,0.01779,0.0178,0.01767,0.01772,10203952.0
2025-10-26 20:00:00+00:00,0.01772,0.01802,0.01759,0.01789,20122937.0
2025-10-27 00:00:00+00:00,0.01789,0.01809,0.01772,0.01775,27647421.0
2025-10-27 04:00:00+00:00,0.01775,0.018,0.01766,0.01778,19902602.0
2025-10-27 08:00:00+00:00,0.01778,0.01781,0.01734,0.01749,33082527.0
2025-10-27 12:00:00+00:00,0.01749,0.01753,0.01723,0.01739,17912671.0
2025-10-27 16:00:00+00:00,0.01739,0.0177,0.01739,0.01745,15067002.0
2025-10-27 20:00:00+00:00,0.01745,0.01746,0.01716,0.01726,11571499.0
2025-10-28 00:00:00+00:00,0.01726,0.01741,0.01705,0.01717,18592563.0
2025-10-28 04:00:00+00:00,0.01717,0.0175,0.01701,0.01729,23522475.0
2025-10-28 08:00:00+00:00,0.01729,0.01739,0.01719,0.01721,16990049.0
2025-10-28 12:00:00+00:00,0.01721,0.0175,0.0169,0.01717,48253699.0
2025-10-28 16:00:00+00:00,0.01717,0.01731,0.01684,0.01692,31275985.0
2025-10-28 20:00:00+00:00,0.01692,0.01692,0.01647,0.01672,47843380.0
2025-10-29 00:00:00+00:00,0.01672,0.01684,0.01663,0.01669,10056167.0
2025-10-29 04:00:00+00:00,0.01669,0.01683,0.01665,0.01679,8228660.0
2025-10-29 08:00:00+00:00,0.01679,0.01695,0.01669,0.01692,7880906.0
2025-10-29 12:00:00+00:00,0.01692,0.01704,0.01668,0.01677,16528534.0
2025-10-29 16:00:00+00:00,0.01677,0.0173,0.01651,0.01715,79511417.0
2025-10-29 20:00:00+00:00,0.01715,0.01727,0.01674,0.0168,19810503.0
2025-10-30 00:00:00+00:00,0.0168,0.01698,0.01667,0.01677,14738736.0
2025-10-30 04:00:00+00:00,0.01677,0.0168,0.01621,0.0167,48710069.0
2025-10-30 08:00:00+00:00,0.0167,0.01672,0.0163,0.01631,12568486.0
2025-10-30 12:00:00+00:00,0.01631,0.01633,0.01553,0.01562,82100627.0
2025-10-30 16:00:00+00:00,0.01562,0.01574,0.01507,0.01515,42154364.0
2025-10-30 20:00:00+00:00,0.01515,0.01556,0.0151,0.01556,33555193.0
2025-10-31 00:00:00+00:00,0.01556,0.01582,0.0155,0.01582,21031493.0
2025-10-31 04:00:00+00:00,0.01582,0.01596,0.01575,0.01581,13542660.0
2025-10-31 08:00:00+00:00,0.01581,0.0159,0.01566,0.01589,13338580.0
2025-10-31 12:00:00+00:00,0.01589,0.01597,0.01569,0.01574,21339790.0
2025-10-31 16:00:00+00:00,0.01574,0.01574,0.01526,0.01564,30132023.0
2025-10-31 20:00:00+00:00,0.01564,0.01564,0.01536,0.01558,15720019.0
2025-11-01 00:00:00+00:00,0.01558,0.01584,0.01547,0.01581,20305194.0
2025-11-01 04:00:00+00:00,0.01581,0.01608,0.01572,0.01605,14310932.0
2025-11-01 08:00:00+00:00,0.01605,0.01634,0.01605,0.0162,30958701.0
2025-11-01 12:00:00+00:00,0.0162,0.01629,0.01598,0.01625,18634365.0
2025-11-01 16:00:00+00:00,0.01625,0.01628,0.01615,0.01621,9468835.0
2025-11-01 20:00:00+00:00,0.01621,0.01634,0.0161,0.01631,32668075.0
2025-11-02 00:00:00+00:00,0.01631,0.01631,0.01606,0.01608,10922745.0
2025-11-02 04:00:00+00:00,0.01608,0.01633,0.01606,0.01632,8433812.0
2025-11-02 08:00:00+00:00,0.01632,0.01633,0.01603,0.01624,15921401.0
2025-11-02 12:00:00+00:00,0.01624,0.01625,0.01579,0.01581,17047360.0
2025-11-02 16:00:00+00:00,0.01581,0.01591,0.01564,0.01583,11933416.0
2025-11-02 20:00:00+00:00,0.01583,0.01635,0.01581,0.01631,12251433.0
2025-11-03 00:00:00+00:00,0.01631,0.01634,0.01529,0.01533,34034463.0
2025-11-03 04:00:00+00:00,0.01533,0.01548,0.01501,0.01522,35426483.0
2025-11-03 08:00:00+00:00,0.01522,0.01539,0.01502,0.01519,24268012.0
2025-11-03 12:00:00+00:00,0.01519,0.01534,0.01403,0.0145,169704561.0
2025-11-03 16:00:00+00:00,0.0145,0.01498,0.01435,0.01455,56627221.0
2025-11-03 20:00:00+00:00,0.01455,0.01464,0.01421,0.01462,36726185.0
2025-11-04 00:00:00+00:00,0.01462,0.01491,0.01451,0.01489,21585619.0
2025-11-04 04:00:00+00:00,0.01489,0.01498,0.01416,0.01423,58847878.0
2025-11-04 08:00:00+00:00,0.01423,0.01463,0.01406,0.0145,33252668.0
2025-11-04 12:00:00+00:00,0.0145,0.01473,0.01415,0.01442,34059329.0
2025-11-04 16:00:00+00:00,0.01442,0.01451,0.01356,0.01369,76746734.0
2025-11-04 20:00:00+00:00,0.01369,0.01413,0.01316,0.01399,120819454.0
2025-11-05 00:00:00+00:00,0.01399,0.01419,0.01325,0.01416,66525241.0
2025-11-05 04:00:00+00:00,0.01416,0.01431,0.01404,0.01416,14500786.0
2025-11-05 08:00:00+00:00,0.01416,0.01452,0.0139,0.01449,34892561.0
2025-11-05 12:00:00+00:00,0.01449,0.01523,0.01441,0.01514,70528292.0
2025-11-05 16:00:00+00:00,0.01514,0.01524,0.01489,0.01518,42403649.0
2025-11-05 20:00:00+00:00,0.01518,0.01528,0.01499,0.01511,26891990.0
2025-11-06 00:00:00+00:00,0.01511,0.01528,0.01491,0.01523,37501578.0
2025-11-06 04:00:00+00:00,0.01523,0.0154,0.01476,0.01484,30557440.0
2025-11-06 08:00:00+00:00,0.01484,0.01491,0.01462,0.01478,25770704.0
2025-11-06 12:00:00+00:00,0.01478,0.01497,0.01435,0.01444,54756229.0
2025-11-06 16:00:00+00:00,0.01444,0.0147,0.01417,0.01461,41459693.0
2025-11-06 20:00:00+00:00,0.01461,0.01475,0.01443,0.01468,27887054.0
2025-11-07 00:00:00+00:00,0.01468,0.01553,0.01463,0.01542,48934090.0
2025-11-07 04:00:00+00:00,0.01542,0.01592,0.01521,0.01587,42292311.0
2025-11-07 08:00:00+00:00,0.01587,0.0159,0.01489,0.01507,59742970.0
2025-11-07 12:00:00+00:00,0.01507,0.01598,0.01476,0.0159,57815719.0
2025-11-07 16:00:00+00:00,0.0159,0.01732,0.01585,0.01728,119148012.0
2025-11-07 20:00:00+00:00,0.01728,0.01779,0.01684,0.01691,73691143.0
2025-11-08 00:00:00+00:00,0.01691,0.01746,0.01686,0.01695,46237616.0
2025-11-08 04:00:00+00:00,0.01695,0.01728,0.01663,0.01724,43657224.0
2025-11-08 08:00:00+00:00,0.01724,0.0177,0.01695,0.01744,50019945.0
2025-11-08 12:00:00+00:00,0.01744,0.0175,0.01669,0.0168,59254989.0
2025-11-08 16:00:00+00:00,0.0168,0.01735,0.01663,0.01723,40824684.0
2025-11-08 20:00:00+00:00,0.01723,0.01745,0.01714,0.01731,18243774.0
2025-11-09 00:00:00+00:00,0.01731,0.01732,0.01637,0.01647,51932947.0
2025-11-09 04:00:00+00:00,0.01647,0.01684,0.01645,0.01682,26676339.0
2025-11-09 08:00:00+00:00,0.01682,0.01683,0.01636,0.01676,37628217.0
2025-11-09 12:00:00+00:00,0.01676,0.01726,0.01672,0.01719,35601760.0
2025-11-09 16:00:00+00:00,0.01719,0.01744,0.01691,0.01742,32532113.0
2025-11-09 20:00:00+00:00,0.01742,0.01743,0.01694,0.01712,26005133.0
2025-11-10 00:00:00+00:00,0.01712,0.01759,0.01697,0.01744,33029637.0
2025-11-10 04:00:00+00:00,0.01744,0.01792,0.01723,0.0178,33680151.0
2025-11-10 08:00:00+00:00,0.0178,0.0178,0.01729,0.01747,51566990.0
2025-11-10 12:00:00+00:00,0.01747,0.01762,0.01698,0.01727,42183277.0
2025-11-10 16:00:00+00:00,0.01727,0.0174,0.01693,0.01724,38108016.0
2025-11-10 20:00:00+00:00,0.01724,0.01757,0.01706,0.01734,21427477.0
2025-11-11 00:00:00+00:00,0.01734,0.01773,0.01709,0.01768,32778275.0
2025-11-11 04:00:00+00:00,0.01768,0.01775,0.01698,0.01701,39306006.0
2025-11-11 08:00:00+00:00,0.01701,0.01736,0.01697,0.01721,30521581.0
2025-11-11 12:00:00+00:00,0.01721,0.01788,0.01703,0.01763,76555915.0
2025-11-11 16:00:00+00:00,0.01763,0.01863,0.01717,0.01738,278188949.0
2025-11-11 20:00:00+00:00,0.01738,0.01749,0.01684,0.01688,71572715.0
2025-11-12 00:00:00+00:00,0.01688,0.01711,0.01671,0.01696,38961295.0
2025-11-12 04:00:00+00:00,0.01696,0.01728,0.01686,0.0169,20912348.0
2025-11-12 08:00:00+00:00,0.0169,0.01735,0.0169,0.01727,28044331.0
2025-11-12 12:00:00+00:00,0.01727,0.01769,0.0168,0.01686,67362490.0
2025-11-12 16:00:00+00:00,0.01686,0.01691,0.01629,0.01667,74062535.0
2025-11-12 20:00:00+00:00,0.01667,0.01672,0.01636,0.01643,21033004.0
2025-11-13 00:00:00+00:00,0.01643,0.01706,0.0164,0.01693,57951647.0
2025-11-13 04:00:00+00:00,0.01693,0.01726,0.01679,0.01687,26811774.0
2025-11-13 08:00:00+00:00,0.01687,0.01703,0.01675,0.01684,15411041.0
2025-11-13 12:00:00+00:00,0.01684,0.0171,0.01659,0.01672,33871645.0
2025-11-13 16:00:00+00:00,0.01672,0.01678,0.0157,0.01579,64156211.0
2025-11-13 20:00:00+00:00,0.01579,0.01617,0.01559,0.01598,68967192.0
2025-11-14 00:00:00+00:00,0.01598,0.01607,0.01575,0.01581,33907737.0
2025-11-14 04:00:00+00:00,0.01581,0.01612,0.01524,0.0159,45098839.0
2025-11-14 08:00:00+00:00,0.0159,0.01594,0.01547,0.01561,30718238.0
2025-11-14 12:00:00+00:00,0.01561,0.01594,0.01525,0.01572,47233993.0
2025-11-14 16:00:00+00:00,0.01572,0.01602,0.01566,0.01598,36037578.0
2025-11-14 20:00:00+00:00,0.01598,0.01599,0.01517,0.01544,41424066.0
2025-11-15 00:00:00+00:00,0.01544,0.01601,0.01541,0.01598,20286348.0
2025-11-15 04:00:00+00:00,0.01598,0.01615,0.01584,0.01592,11688435.0
2025-11-15 08:00:00+00:00,0.01592,0.01593,0.01557,0.01564,14757215.0
2025-11-15 12:00:00+00:00,0.01564,0.01601,0.01561,0.01585,11061157.0
2025-11-15 16:00:00+00:00,0.01585,0.01597,0.01571,0.01583,13248206.0
2025-11-15 20:00:00+00:00,0.01583,0.01584,0.01549,0.01564,26730802.0
2025-11-16 00:00:00+00:00,0.01564,0.0159,0.01537,0.01587,11426040.0
2025-11-16 04:00:00+00:00,0.01587,0.01589,0.01565,0.01582,10052688.0
2025-11-16 08:00:00+00:00,0.01582,0.01591,0.01551,0.01554,8452367.0
2025-11-16 12:00:00+00:00,0.01554,0.01566,0.01506,0.01507,20209351.0
2025-11-16 16:00:00+00:00,0.01507,0.01524,0.01458,0.01481,48783621.0
2025-11-16 20:00:00+00:00,0.01481,0.01517,0.0146,0.01505,41470747.0
2025-11-17 00:00:00+00:00,0.01505,0.01532,0.01484,0.01527,18975052.0
2025-11-17 04:00:00+00:00,0.01527,0.0154,0.01508,0.01534,17479691.0
2025-11-17 08:00:00+00:00,0.01534,0.01545,0.01523,0.01533,8070063.0
2025-11-17 12:00:00+00:00,0.01533,0.01556,0.01478,0.01499,45920945.0
2025-11-17 16:00:00+00:00,0.01499,0.01519,0.01425,0.01433,63403999.0
2025-11-17 20:00:00+00:00,0.01433,0.01444,0.01407,0.01443,57636009.0
2025-11-18 00:00:00+00:00,0.01443,0.0146,0.0141,0.01456,31680250.0
2025-11-18 04:00:00+00:00,0.01456,0.01471,0.01426,0.01442,24663823.0
2025-11-18 08:00:00+00:00,0.01442,0.01461,0.01436,0.01439,20126008.0
2025-11-18 12:00:00+00:00,0.01439,0.01483,0.01421,0.01476,28189361.0
2025-11-18 16:00:00+00:00,0.01476,0.01518,0.01471,0.01503,32637649.0
2025-11-18 20:00:00+00:00,0.01503,0.01507,0.01477,0.01486,13056963.0
2025-11-19 00:00:00+00:00,0.01486,0.01492,0.01458,0.01461,12935618.0
2025-11-19 04:00:00+00:00,0.01461,0.01462,0.01419,0.01449,21353880.0
2025-11-19 08:00:00+00:00,0.01449,0.01451,0.01435,0.0144,10272397.0
2025-11-19 12:00:00+00:00,0.0144,0.01465,0.01411,0.01412,22457840.0
2025-11-19 16:00:00+00:00,0.01412,0.01421,0.01361,0.01377,51769285.0
2025-11-19 20:00:00+00:00,0.01377,0.01437,0.01375,0.01434,28093146.0
2025-11-20 00:00:00+00:00,0.01434,0.01448,0.01426,0.01431,14072814.0
2025-11-20 04:00:00+00:00,0.01431,0.01448,0.01422,0.01447,10306633.0
2025-11-20 08:00:00+00:00,0.01447,0.0145,0.01432,0.01442,7026739.0
2025-11-20 12:00:00+00:00,0.01442,0.01454,0.014,0.01403,31948557.0
2025-11-20 16:00:00+00:00,0.01403,0.01406,0.01316,0.01342,59464952.0
2025-11-20 20:00:00+00:00,0.01342,0.01368,0.01324,0.01336,32022567.0
2025-11-21 00:00:00+00:00,0.01336,0.01373,0.01322,0.01337,24711450.0
2025-11-21 04:00:00+00:00,0.01337,0.01346,0.0123,0.01282,104890927.0
2025-11-21 08:00:00+00:00,0.01282,0.01305,0.01255,0.01259,52817910.0
2025-11-21 12:00:00+00:00,0.01259,0.01317,0.01226,0.01284,65087132.0
2025-11-21 16:00:00+00:00,0.01284,0.01334,0.01272,0.01296,47413362.0
2025-11-21 20:00:00+00:00,0.01296,0.01297,0.01245,0.0128,54571600.0
2025-11-22 00:00:00+00:00,0.0128,0.01292,0.0127,0.01281,40104420.0
2025-11-22 04:00:00+00:00,0.01281,0.01286,0.01259,0.01282,18884008.0
2025-11-22 08:00:00+00:00,0.01282,0.01282,0.01244,0.01266,34039807.0
2025-11-22 12:00:00+00:00,0.01266,0.01277,0.01247,0.01267,19633396.0
2025-11-22 16:00:00+00:00,0.01267,0.01286,0.01265,0.0127,12303200.0
2025-11-22 20:00:00+00:00,0.0127,0.01298,0.0126,0.01278,11337833.0
2025-11-23 00:00:00+00:00,0.01278,0.01302,0.01274,0.01296,20368518.0
2025-11-23 04:00:00+00:00,0.01296,0.0131,0.01284,0.01291,15211700.0
2025-11-23 08:00:00+00:00,0.01291,0.01297,0.01284,0.01292,10557386.0
2025-11-23 12:00:00+00:00,0.01292,0.01313,0.0129,0.01308,23015071.0
2025-11-23 16:00:00+00:00,0.01308,0.01312,0.01288,0.01302,10498465.0
2025-11-23 20:00:00+00:00,0.01302,0.01323,0.01291,0.01294,19427960.0
2025-11-24 00:00:00+00:00,0.01294,0.01326,0.01278,0.01319,24859418.0
2025-11-24 04:00:00+00:00,0.01319,0.01328,0.01295,0.01304,19071054.0
2025-11-24 08:00:00+00:00,0.01304,0.01308,0.01274,0.01294,23933820.0
2025-11-24 12:00:00+00:00,0.01294,0.01318,0.01285,0.01309,23370671.0
2025-11-24 16:00:00+00:00,0.01309,0.01379,0.01307,0.01366,38590198.0
2025-11-24 20:00:00+00:00,0.01366,0.01393,0.01366,0.01369,25020041.0
2025-11-25 00:00:00+00:00,0.01369,0.01376,0.01347,0.01348,17432257.0
2025-11-25 04:00:00+00:00,0.01348,0.01361,0.0134,0.01341,10245493.0
2025-11-25 08:00:00+00:00,0.01341,0.01347,0.01327,0.01334,10552145.0
2025-11-25 12:00:00+00:00,0.01334,0.01345,0.01312,0.01332,16329026.0
2025-11-25 16:00:00+00:00,0.01332,0.01356,0.01321,0.01341,16603519.0
2025-11-25 20:00:00+00:00,0.01341,0.0137,0.01336,0.0136,19883086.0
2025-11-26 00:00:00+00:00,0.0136,0.01375,0.01349,0.01351,8728249.0
2025-11-26 04:00:00+00:00,0.01351,0.01367,0.01351,0.01366,4502505.0
2025-11-26 08:00:00+00:00,0.01366,0.01367,0.01332,0.01334,12097290.0
2025-11-26 12:00:00+00:00,0.01334,0.01341,0.01317,0.01325,15101248.0
2025-11-26 16:00:00+00:00,0.01325,0.01416,0.01325,0.01396,32828340.0
2025-11-26 20:00:00+00:00,0.01396,0.01399,0.01382,0.01387,9960145.0
2025-11-27 00:00:00+00:00,0.01387,0.01395,0.0137,0.01372,14345381.0
2025-11-27 04:00:00+00:00,0.01372,0.01385,0.0137,0.01383,7001790.0
2025-11-27 08:00:00+00:00,0.01383,0.01396,0.01379,0.01383,11207489.0
2025-11-27 12:00:00+00:00,0.01383,0.01386,0.01368,0.01386,15772517.0
2025-11-27 16:00:00+00:00,0.01386,0.01399,0.01382,0.01396,6146467.0
2025-11-27 20:00:00+00:00,0.01396,0.01402,0.01374,0.01378,12274636.0
2025-11-28 00:00:00+00:00,0.01378,0.01383,0.0136,0.0137,15945781.0
2025-11-28 04:00:00+00:00,0.0137,0.01385,0.01367,0.01381,16050486.0
2025-11-28 08:00:00+00:00,0.01381,0.01413,0.01376,0.0139,18301369.0
2025-11-28 12:00:00+00:00,0.0139,0.01417,0.0138,0.01402,11720687.0
2025-11-28 16:00:00+00:00,0.01402,0.01404,0.01348,0.01371,37224589.0
2025-11-28 20:00:00+00:00,0.01371,0.01371,0.01354,0.01361,6644595.0
2025-11-29 00:00:00+00:00,0.01361,0.01368,0.01354,0.01355,8132851.0
2025-11-29 04:00:00+00:00,0.01355,0.01365,0.01341,0.01342,8639687.0
2025-11-29 08:00:00+00:00,0.01342,0.01349,0.0133,0.01349,12193423.0
2025-11-29 12:00:00+00:00,0.01349,0.01353,0.01335,0.01344,14440154.0
2025-11-29 16:00:00+00:00,0.01344,0.01344,0.01326,0.01332,11461421.0
2025-11-29 20:00:00+00:00,0.01332,0.01343,0.0133,0.01338,7293852.0
2025-11-30 00:00:00+00:00,0.01338,0.01347,0.01324,0.01339,7831721.0
2025-11-30 04:00:00+00:00,0.01339,0.0134,0.01328,0.01335,4988694.0
2025-11-30 08:00:00+00:00,0.01335,0.01343,0.01329,0.01331,5155829.0
2025-11-30 12:00:00+00:00,0.01331,0.01352,0.01324,0.01334,14770150.0
2025-11-30 16:00:00+00:00,0.01334,0.01348,0.01334,0.01338,9957300.0
2025-11-30 20:00:00+00:00,0.01338,0.01346,0.013,0.01302,23329565.0
2025-12-01 00:00:00+00:00,0.01302,0.01307,0.01217,0.01222,95113286.0
2025-12-01 04:00:00+00:00,0.01222,0.01225,0.01204,0.01215,35015554.0
2025-12-01 08:00:00+00:00,0.01215,0.01227,0.01206,0.01211,20856679.0
2025-12-01 12:00:00+00:00,0.01211,0.01246,0.01196,0.01222,60256451.0
2025-12-01 16:00:00+00:00,0.01222,0.01222,0.01199,0.01211,16416307.0
2025-12-01 20:00:00+00:00,0.01211,0.01248,0.0121,0.01241,16597734.0
2025-12-02 00:00:00+00:00,0.01241,0.01249,0.01219,0.01235,10840222.0
2025-12-02 04:00:00+00:00,0.01235,0.0124,0.01227,0.01234,7772882.0
2025-12-02 08:00:00+00:00,0.01234,0.01249,0.01219,0.01247,18085978.0
2025-12-02 12:00:00+00:00,0.01247,0.0134,0.01246,0.01333,66963667.0
2025-12-02 16:00:00+00:00,0.01333,0.01346,0.0132,0.01326,26277151.0
2025-12-02 20:00:00+00:00,0.01326,0.01339,0.01311,0.0133,20162659.0
2025-12-03 00:00:00+00:00,0.0133,0.01342,0.01323,0.01336,8608312.0
2025-12-03 04:00:00+00:00,0.01336,0.01352,0.01332,0.01338,16080583.0
2025-12-03 08:00:00+00:00,0.01338,0.01343,0.01329,0.01337,10442052.0
2025-12-03 12:00:00+00:00,0.01337,0.01348,0.01308,0.01336,32218147.0
2025-12-03 16:00:00+00:00,0.01336,0.01358,0.01328,0.01349,14445194.0
2025-12-03 20:00:00+00:00,0.01349,0.01377,0.01345,0.01364,20016949.0
2025-12-04 00:00:00+00:00,0.01364,0.01382,0.01355,0.0136,9820002.0
2025-12-04 04:00:00+00:00,0.0136,0.01363,0.01345,0.0135,13154611.0
2025-12-04 08:00:00+00:00,0.0135,0.01354,0.01331,0.01335,11225773.0
2025-12-04 12:00:00+00:00,0.01335,0.01344,0.01312,0.0134,46808333.0
2025-12-04 16:00:00+00:00,0.0134,0.01345,0.01288,0.01312,43064102.0
2025-12-04 20:00:00+00:00,0.01312,0.01322,0.01297,0.01298,22890685.0
2025-12-05 00:00:00+00:00,0.01298,0.01317,0.01293,0.01299,22259079.0
2025-12-05 04:00:00+00:00,0.01299,0.01307,0.01287,0.01304,16903444.0
2025-12-05 08:00:00+00:00,0.01304,0.01304,0.01276,0.01287,21733844.0
2025-12-05 12:00:00+00:00,0.01287,0.01297,0.01264,0.01274,37910911.0
2025-12-05 16:00:00+00:00,0.01274,0.01277,0.01228,0.01248,59375334.0
2025-12-05 20:00:00+00:00,0.01248,0.01263,0.0124,0.01262,18360491.0
2025-12-06 00:00:00+00:00,0.01262,0.01267,0.01256,0.01266,9736097.0
2025-12-06 04:00:00+00:00,0.01266,0.01268,0.01256,0.01263,14729873.0
2025-12-06 08:00:00+00:00,0.01263,0.01264,0.01248,0.01254,25775421.0
2025-12-06 12:00:00+00:00,0.01254,0.01272,0.01254,0.01257,15256583.0
2025-12-06 16:00:00+00:00,0.01257,0.01278,0.01257,0.01263,25472889.0
2025-12-06 20:00:00+00:00,0.01263,0.01271,0.01251,0.01262,22888657.0
2025-12-07 00:00:00+00:00,0.01262,0.01271,0.01261,0.01271,10881917.0
2025-12-07 04:00:00+00:00,0.01271,0.0128,0.01258,0.01262,12761258.0
2025-12-07 08:00:00+00:00,0.01262,0.01263,0.01248,0.01253,11499372.0
2025-12-07 12:00:00+00:00,0.01253,0.0126,0.01208,0.01248,49953210.0
2025-12-07 16:00:00+00:00,0.01248,0.01272,0.01227,0.01263,33525903.0
2025-12-07 20:00:00+00:00,0.01263,0.01265,0.01211,0.01232,29276192.0
2025-12-08 00:00:00+00:00,0.01232,0.01245,0.01218,0.01232,20856780.0
2025-12-08 04:00:00+00:00,0.01232,0.01258,0.01232,0.01255,12440417.0
2025-12-08 08:00:00+00:00,0.01255,0.01277,0.01255,0.01268,24737441.0
2025-12-08 12:00:00+00:00,0.01268,0.01274,0.01248,0.01256,20790620.0
2025-12-08 16:00:00+00:00,0.01256,0.01274,0.01242,0.01245,34698948.0
2025-12-08 20:00:00+00:00,0.01245,0.01266,0.01245,0.01254,14610528.0
2025-12-09 00:00:00+00:00,0.01254,0.01264,0.01238,0.01252,11896071.0
2025-12-09 04:00:00+00:00,0.01252,0.01253,0.01232,0.01248,22351336.0
2025-12-09 08:00:00+00:00,0.01248,0.0125,0.01232,0.01244,13715655.0
2025-12-09 12:00:00+00:00,0.01244,0.01296,0.01242,0.01293,34374957.0
2025-12-09 16:00:00+00:00,0.01293,0.01332,0.0129,0.01293,59804608.0
2025-12-09 20:00:00+00:00,0.01293,0.01293,0.01261,0.01276,47575453.0
2025-12-10 00:00:00+00:00,0.01276,0.01279,0.01253,0.01256,26860297.0
2025-12-10 04:00:00+00:00,0.01256,0.01263,0.01248,0.01254,13691493.0
2025-12-10 08:00:00+00:00,0.01254,0.01259,0.01228,0.01236,34841065.0
2025-12-10 12:00:00+00:00,0.01236,0.01242,0.01219,0.01225,23363214.0
2025-12-10 16:00:00+00:00,0.01225,0.01276,0.01223,0.01267,52265776.0
2025-12-10 20:00:00+00:00,0.01267,0.01297,0.01223,0.01228,55408143.0
2025-12-11 00:00:00+00:00,0.01228,0.0123,0.01165,0.0117,56652447.0
2025-12-11 04:00:00+00:00,0.0117,0.01192,0.01164,0.01184,17394394.0
2025-12-11 08:00:00+00:00,0.01184,0.01189,0.01168,0.01178,17218156.0
2025-12-11 12:00:00+00:00,0.01178,0.01187,0.01162,0.01167,29147276.0
2025-12-11 16:00:00+00:00,0.01167,0.01195,0.01152,0.01182,38831441.0
2025-12-11 20:00:00+00:00,0.01182,0.01225,0.01182,0.01202,28839793.0
2025-12-12 00:00:00+00:00,0.01202,0.01208,0.0118,0.012,17721618.0
2025-12-12 04:00:00+00:00,0.012,0.01213,0.01192,0.01203,12357199.0
2025-12-12 08:00:00+00:00,0.01203,0.01213,0.01196,0.01203,5974803.0
2025-12-12 12:00:00+00:00,0.01203,0.01209,0.01143,0.01151,37979699.0
2025-12-12 16:00:00+00:00,0.01151,0.01165,0.01136,0.01151,44323361.0
2025-12-12 20:00:00+00:00,0.01151,0.01162,0.01145,0.01157,19017348.0
2025-12-13 00:00:00+00:00,0.01157,0.01175,0.01157,0.01174,9041794.0
2025-12-13 04:00:00+00:00,0.01174,0.01178,0.01165,0.01173,6864711.0
2025-12-13 08:00:00+00:00,0.01173,0.01182,0.0117,0.01171,14649457.0
2025-12-13 12:00:00+00:00,0.01171,0.01176,0.0116,0.01168,19723529.0
2025-12-13 16:00:00+00:00,0.01168,0.0117,0.01156,0.01161,18321698.0
2025-12-13 20:00:00+00:00,0.01161,0.01164,0.01148,0.01164,9494501.0
2025-12-14 00:00:00+00:00,0.01164,0.01191,0.01161,0.01174,15876323.0
2025-12-14 04:00:00+00:00,0.01174,0.01177,0.01163,0.01169,6239742.0
2025-12-14 08:00:00+00:00,0.01169,0.01171,0.01142,0.01154,15623030.0
2025-12-14 12:00:00+00:00,0.01154,0.01157,0.01136,0.0114,11779972.0
2025-12-14 16:00:00+00:00,0.0114,0.01147,0.01119,0.01125,20418860.0
2025-12-14 20:00:00+00:00,0.01125,0.01135,0.01106,0.01122,21946897.0
2025-12-15 00:00:00+00:00,0.01122,0.01149,0.01121,0.01133,17474001.0
2025-12-15 04:00:00+00:00,0.01133,0.01144,0.01122,0.01124,18847459.0
2025-12-15 08:00:00+00:00,0.01124,0.01129,0.01116,0.0112,10323324.0
2025-12-15 12:00:00+00:00,0.0112,0.01128,0.01067,0.01076,63748205.0
2025-12-15 16:00:00+00:00,0.01076,0.01077,0.01032,0.01053,52800742.0
2025-12-15 20:00:00+00:00,0.01053,0.01076,0.01041,0.01072,45998487.0
2025-12-16 00:00:00+00:00,0.01072,0.01074,0.01043,0.01053,23728826.0
2025-12-16 04:00:00+00:00,0.01053,0.01057,0.01036,0.01041,28888214.0
2025-12-16 08:00:00+00:00,0.01041,0.01085,0.01041,0.01082,17684321.0
2025-12-16 12:00:00+00:00,0.01082,0.01096,0.01054,0.0109,45926910.0
2025-12-16 16:00:00+00:00,0.0109,0.01097,0.01077,0.01084,27708458.0
2025-12-16 20:00:00+00:00,0.01084,0.01092,0.0108,0.01085,11235396.0
2025-12-17 00:00:00+00:00,0.01085,0.01087,0.0107,0.01073,11270236.0
2025-12-17 04:00:00+00:00,0.01073,0.01075,0.0106,0.010691,18095213.0
2025-12-17 08:00:00+00:00,0.010691,0.010691,0.010545,0.010647,32609223.0
2025-12-17 12:00:00+00:00,0.010647,0.011178,0.010566,0.010628,150327224.0
2025-12-17 16:00:00+00:00,0.010628,0.010689,0.010133,0.010311,159601237.0
2025-12-17 20:00:00+00:00,0.010311,0.01039,0.01015,0.01025,56941166.0
2025-12-18 00:00:00+00:00,0.01025,0.010275,0.010116,0.010131,32784029.0
2025-12-18 04:00:00+00:00,0.010131,0.010191,0.009926,0.010031,63514937.0
2025-12-18 08:00:00+00:00,0.010031,0.010161,0.01002,0.01012,83120935.0
2025-12-18 12:00:00+00:00,0.01012,0.010533,0.010075,0.010448,92170172.0
2025-12-18 16:00:00+00:00,0.010448,0.010501,0.009521,0.009556,140014765.0
2025-12-18 20:00:00+00:00,0.009556,0.009898,0.009537,0.009784,55479169.0
2025-12-19 00:00:00+00:00,0.009784,0.01016,0.009617,0.01004,81665206.0
2025-12-19 04:00:00+00:00,0.01004,0.01027,0.00997,0.010255,42498496.0
2025-12-19 08:00:00+00:00,0.010255,0.010335,0.010188,0.010308,18244215.0
2025-12-19 12:00:00+00:00,0.010308,0.010652,0.01026,0.010481,60250624.0
2025-12-19 16:00:00+00:00,0.010481,0.010833,0.010407,0.010781,59243654.0
2025-12-19 20:00:00+00:00,0.010781,0.010879,0.010703,0.010723,36713331.0
2025-12-20 00:00:00+00:00,0.010723,0.010735,0.01062,0.010643,18935623.0
2025-12-20 04:00:00+00:00,0.010643,0.01082,0.010594,0.01081,12757785.0
2025-12-20 08:00:00+00:00,0.01081,0.010846,0.010669,0.010747,15130965.0
2025-12-20 12:00:00+00:00,0.010747,0.010749,0.010604,0.010653,17013304.0
2025-12-20 16:00:00+00:00,0.010653,0.010665,0.0106,0.010635,10971623.0
2025-12-20 20:00:00+00:00,0.010635,0.010681,0.010611,0.010634,25206392.0
2025-12-21 00:00:00+00:00,0.010634,0.010746,0.010514,0.010723,42843536.0
2025-12-21 04:00:00+00:00,0.010723,0.010757,0.010628,0.010707,27891655.0
2025-12-21 08:00:00+00:00,0.010707,0.010851,0.010648,0.010654,44080118.0
2025-12-21 12:00:00+00:00,0.010654,0.010695,0.010285,0.010382,51809155.0
2025-12-21 16:00:00+00:00,0.010382,0.010541,0.010337,0.010521,20765524.0
2025-12-21 20:00:00+00:00,0.010521,0.010559,0.010329,0.010504,21139422.0
2025-12-22 00:00:00+00:00,0.010504,0.01074,0.01037,0.010472,52037710.0
2025-12-22 04:00:00+00:00,0.010472,0.010772,0.010453,0.010584,75130797.0
2025-12-22 08:00:00+00:00,0.010584,0.010653,0.010499,0.010615,25917123.0
2025-12-22 12:00:00+00:00,0.010615,0.010794,0.010591,0.010737,28058154.0
2025-12-22 16:00:00+00:00,0.010737,0.010863,0.010448,0.01047,37013489.0
2025-12-22 20:00:00+00:00,0.01047,0.010614,0.010377,0.01061,22212294.0
2025-12-23 00:00:00+00:00,0.01061,0.010694,0.010447,0.0105,20269221.0
2025-12-23 04:00:00+00:00,0.0105,0.010537,0.010372,0.010405,29096614.0
2025-12-23 08:00:00+00:00,0.010405,0.010539,0.010355,0.010486,16639112.0
2025-12-23 12:00:00+00:00,0.010486,0.010487,0.010253,0.010394,45292672.0
2025-12-23 16:00:00+00:00,0.010394,0.010597,0.010368,0.01051,33694282.0
2025-12-23 20:00:00+00:00,0.01051,0.010648,0.01046,0.010505,16303533.0
2025-12-24 00:00:00+00:00,0.010505,0.010583,0.010301,0.010415,30531564.0
2025-12-24 04:00:00+00:00,0.010415,0.010471,0.010203,0.01026,25066405.0
2025-12-24 08:00:00+00:00,0.01026,0.010394,0.010221,0.010338,20436405.0
2025-12-24 12:00:00+00:00,0.010338,0.010463,0.010212,0.010444,22005278.0
2025-12-24 16:00:00+00:00,0.010444,0.010536,0.010389,0.010495,21556374.0
2025-12-24 20:00:00+00:00,0.010495,0.010672,0.010484,0.010583,15849923.0
2025-12-25 00:00:00+00:00,0.010583,0.010659,0.010511,0.010654,19571136.0
2025-12-25 04:00:00+00:00,0.010654,0.010671,0.010587,0.010635,11391649.0
2025-12-25 08:00:00+00:00,0.010635,0.010732,0.010499,0.010542,15712656.0
2025-12-25 12:00:00+00:00,0.010542,0.010661,0.010511,0.010613,19333023.0
2025-12-25 16:00:00+00:00,0.010613,0.010689,0.010552,0.010687,16076155.0
2025-12-25 20:00:00+00:00,0.010687,0.010687,0.010323,0.010371,29479896.0
2025-12-26 00:00:00+00:00,0.010371,0.0108,0.010307,0.010683,29687976.0
2025-12-26 04:00:00+00:00,0.010683,0.010745,0.010566,0.010593,11673746.0
2025-12-26 08:00:00+00:00,0.010593,0.010668,0.01057,0.01064,11481082.0
2025-12-26 12:00:00+00:00,0.01064,0.010699,0.010433,0.010523,19711280.0
2025-12-26 16:00:00+00:00,0.010523,0.01059,0.01042,0.010565,15494285.0
2025-12-26 20:00:00+00:00,0.010565,0.010615,0.010507,0.010546,13834237.0
2025-12-27 00:00:00+00:00,0.010546,0.010691,0.010539,0.010672,6857988.0
2025-12-27 04:00:00+00:00,0.010672,0.010808,0.010604,0.01068,36282276.0
2025-12-27 08:00:00+00:00,0.01068,0.010789,0.010517,0.010779,41780116.0
2025-12-27 12:00:00+00:00,0.010779,0.010949,0.01073,0.010929,25773522.0
2025-12-27 16:00:00+00:00,0.010929,0.011262,0.010909,0.011105,36443269.0
2025-12-27 20:00:00+00:00,0.011105,0.01151,0.011047,0.011436,41449268.0
2025-12-28 00:00:00+00:00,0.011436,0.011515,0.011352,0.011363,21814707.0
2025-12-28 04:00:00+00:00,0.011363,0.01146,0.01132,0.011375,10706453.0
2025-12-28 08:00:00+00:00,0.011375,0.011419,0.011229,0.011248,13490349.0
2025-12-28 12:00:00+00:00,0.011248,0.011286,0.011171,0.01123,13965871.0
2025-12-28 16:00:00+00:00,0.01123,0.011327,0.011045,0.011048,20642001.0
2025-12-28 20:00:00+00:00,0.011048,0.01112,0.011001,0.011104,11054585.0
2025-12-29 00:00:00+00:00,0.011104,0.01136,0.011057,0.011344,20970102.0
2025-12-29 04:00:00+00:00,0.011344,0.011408,0.011237,0.011337,21687867.0
2025-12-29 08:00:00+00:00,0.011337,0.011339,0.011039,0.011129,21541534.0
2025-12-29 12:00:00+00:00,0.011129,0.011262,0.010965,0.0112,27226303.0
2025-12-29 16:00:00+00:00,0.0112,0.011234,0.010991,0.011051,23034316.0
2025-12-29 20:00:00+00:00,0.011051,0.011081,0.010853,0.010886,25219768.0
2025-12-30 00:00:00+00:00,0.010886,0.010895,0.010686,0.010783,23954229.0
2025-12-30 04:00:00+00:00,0.010783,0.01091,0.010726,0.010873,11934318.0
2025-12-30 08:00:00+00:00,0.010873,0.011015,0.010851,0.010992,14655742.0
2025-12-30 12:00:00+00:00,0.010992,0.011049,0.010836,0.01104,24509812.0
2025-12-30 16:00:00+00:00,0.01104,0.011082,0.01083,0.010903,23531763.0
2025-12-30 20:00:00+00:00,0.010903,0.010906,0.010765,0.01083,16914315.0
2025-12-31 00:00:00+00:00,0.01083,0.01091,0.010765,0.010802,12837336.0
2025-12-31 04:00:00+00:00,0.010802,0.010839,0.010761,0.010782,13895527.0
2025-12-31 08:00:00+00:00,0.010782,0.010873,0.010765,0.010867,13140066.0
2025-12-31 12:00:00+00:00,0.010867,0.010869,0.010587,0.010622,42701648.0
2025-12-31 16:00:00+00:00,0.010622,0.010628,0.010323,0.01042,41569260.0
2025-12-31 20:00:00+00:00,0.01042,0.010497,0.010296,0.010413,19760173.0
2026-01-01 00:00:00+00:00,0.010413,0.010478,0.01037,0.010385,12676747.0
2026-01-01 04:00:00+00:00,0.010385,0.010467,0.010321,0.010444,11691502.0
2026-01-01 08:00:00+00:00,0.010444,0.010608,0.010429,0.010594,9832221.0
2026-01-01 12:00:00+00:00,0.010594,0.010839,0.010534,0.010795,19011714.0
2026-01-01 16:00:00+00:00,0.010795,0.011009,0.010743,0.011001,41946711.0
2026-01-01 20:00:00+00:00,0.011001,0.011148,0.010934,0.011076,41018891.0
2026-01-02 00:00:00+00:00,0.011076,0.011185,0.010952,0.011163,23178084.0
2026-01-02 04:00:00+00:00,0.011163,0.011205,0.010973,0.01098,29892532.0
2026-01-02 08:00:00+00:00,0.01098,0.011173,0.010921,0.011075,34954328.0
2026-01-02 12:00:00+00:00,0.011075,0.01125,0.010955,0.01115,59938814.0
2026-01-02 16:00:00+00:00,0.01115,0.011576,0.011129,0.011545,62178763.0
2026-01-02 20:00:00+00:00,0.011545,0.011775,0.011468,0.01169,39230594.0
2026-01-03 00:00:00+00:00,0.01169,0.011974,0.011687,0.011968,37883541.0
2026-01-03 04:00:00+00:00,0.011968,0.011989,0.011513,0.01153,53583373.0
2026-01-03 08:00:00+00:00,0.01153,0.011685,0.011497,0.011587,31364672.0
2026-01-03 12:00:00+00:00,0.011587,0.01167,0.011555,0.011593,23745987.0
2026-01-03 16:00:00+00:00,0.011593,0.011746,0.01159,0.011656,21891608.0
2026-01-03 20:00:00+00:00,0.011656,0.011745,0.011588,0.011695,21214562.0
2026-01-04 00:00:00+00:00,0.011695,0.011911,0.011675,0.011882,25568211.0
2026-01-04 04:00:00+00:00,0.011882,0.01194,0.011753,0.011869,22350225.0
2026-01-04 08:00:00+00:00,0.011869,0.011924,0.011787,0.011909,22377558.0
2026-01-04 12:00:00+00:00,0.011909,0.012104,0.011812,0.012086,45575409.0
2026-01-04 16:00:00+00:00,0.012086,0.012234,0.01193,0.012038,42323682.0
2026-01-04 20:00:00+00:00,0.012038,0.012196,0.011998,0.012125,20863091.0
2026-01-05 00:00:00+00:00,0.012125,0.01238,0.012052,0.012181,45383597.0
2026-01-05 04:00:00+00:00,0.012181,0.012217,0.011864,0.012036,42567431.0
2026-01-05 08:00:00+00:00,0.012036,0.01207,0.011815,0.011942,27090298.0
2026-01-05 12:00:00+00:00,0.011942,0.012304,0.011869,0.012288,35356676.0
2026-01-05 16:00:00+00:00,0.012288,0.012532,0.012083,0.012446,46528365.0
2026-01-05 20:00:00+00:00,0.012446,0.012695,0.012417,0.01258,32849113.0
2026-01-06 00:00:00+00:00,0.01258,0.012797,0.01249,0.012716,38136703.0
2026-01-06 04:00:00+00:00,0.012716,0.012849,0.012471,0.012504,31958514.0
2026-01-06 08:00:00+00:00,0.012504,0.012863,0.012502,0.012831,25804224.0
2026-01-06 12:00:00+00:00,0.012831,0.013178,0.012746,0.012835,62527489.0
2026-01-06 16:00:00+00:00,0.012835,0.012895,0.012243,0.012402,67651732.0
2026-01-06 20:00:00+00:00,0.012402,0.012892,0.012402,0.012841,76596324.0
2026-01-07 00:00:00+00:00,0.012841,0.012852,0.012458,0.012527,25059483.0
2026-01-07 04:00:00+00:00,0.012527,0.012792,0.012487,0.01279,16607970.0
2026-01-07 08:00:00+00:00,0.01279,0.012862,0.012482,0.012582,28755258.0
2026-01-07 12:00:00+00:00,0.012582,0.012589,0.012065,0.012123,62503880.0
2026-01-07 16:00:00+00:00,0.012123,0.012242,0.012028,0.012137,39856181.0
2026-01-07 20:00:00+00:00,0.012137,0.012173,0.011982,0.012119,38007173.0
2026-01-08 00:00:00+00:00,0.012119,0.012226,0.011936,0.011965,30449177.0
2026-01-08 04:00:00+00:00,0.011965,0.01213,0.011748,0.01196,44618979.0
2026-01-08 08:00:00+00:00,0.01196,0.012016,0.011588,0.011705,67206184.0
2026-01-08 12:00:00+00:00,0.011705,0.011879,0.011473,0.011873,49460667.0
2026-01-08 16:00:00+00:00,0.011873,0.011899,0.011684,0.011711,36296633.0
2026-01-08 20:00:00+00:00,0.011711,0.011875,0.011598,0.011781,20162919.0
2026-01-09 00:00:00+00:00,0.011781,0.011892,0.011641,0.01183,27388316.0
2026-01-09 04:00:00+00:00,0.01183,0.011857,0.011745,0.011775,12525289.0
2026-01-09 08:00:00+00:00,0.011775,0.011804,0.011526,0.011649,28661228.0
2026-01-09 12:00:00+00:00,0.011649,0.011986,0.011545,0.011845,51658776.0
2026-01-09 16:00:00+00:00,0.011845,0.012088,0.011626,0.011643,53630614.0
2026-01-09 20:00:00+00:00,0.011643,0.011785,0.011606,0.01174,23313988.0
2026-01-10 00:00:00+00:00,0.01174,0.011763,0.011642,0.011755,16556589.0
2026-01-10 04:00:00+00:00,0.011755,0.011831,0.01165,0.011768,18505719.0
2026-01-10 08:00:00+00:00,0.011768,0.01188,0.011747,0.011873,16792515.0
2026-01-10 12:00:00+00:00,0.011873,0.01194,0.011774,0.011782,14610010.0
2026-01-10 16:00:00+00:00,0.011782,0.011877,0.011679,0.011865,17005912.0
2026-01-10 20:00:00+00:00,0.011865,0.011877,0.011629,0.011689,19107661.0
2026-01-11 00:00:00+00:00,0.011689,0.01171,0.011594,0.011702,16612385.0
2026-01-11 04:00:00+00:00,0.011702,0.011751,0.011659,0.011749,15173819.0
2026-01-11 08:00:00+00:00,0.011749,0.011783,0.011705,0.011738,13368799.0
2026-01-11 12:00:00+00:00,0.011738,0.011836,0.011516,0.011574,19935448.0
2026-01-11 16:00:00+00:00,0.011574,0.011746,0.01154,0.011613,22569040.0
2026-01-11 20:00:00+00:00,0.011613,0.011613,0.011266,0.011505,44504027.0
2026-01-12 00:00:00+00:00,0.011505,0.011883,0.011354,0.011669,43407022.0
2026-01-12 04:00:00+00:00,0.011669,0.011772,0.011428,0.011439,21743730.0
2026-01-12 08:00:00+00:00,0.011439,0.011501,0.011266,0.011372,28236179.0
2026-01-12 12:00:00+00:00,0.011372,0.011541,0.011202,0.011517,34426767.0
2026-01-12 16:00:00+00:00,0.011517,0.011632,0.01134,0.011429,34803975.0
2026-01-12 20:00:00+00:00,0.011429,0.011488,0.011182,0.011285,24125501.0
2026-01-13 00:00:00+00:00,0.011285,0.011365,0.011223,0.011317,19193840.0
2026-01-13 04:00:00+00:00,0.011317,0.011559,0.011308,0.01148,17798860.0
2026-01-13 08:00:00+00:00,0.01148,0.011664,0.011448,0.011615,17290363.0
2026-01-13 12:00:00+00:00,0.011615,0.011964,0.011575,0.011955,60704704.0
2026-01-13 16:00:00+00:00,0.011955,0.012178,0.011913,0.012075,64495119.0
2026-01-13 20:00:00+00:00,0.012075,0.012416,0.011888,0.012181,46937595.0
2026-01-14 00:00:00+00:00,0.012181,0.012392,0.012147,0.012285,43616563.0
2026-01-14 04:00:00+00:00,0.012285,0.012409,0.012107,0.012248,42334917.0
2026-01-14 08:00:00+00:00,0.012248,0.012339,0.012205,0.012239,29610510.0
2026-01-14 12:00:00+00:00,0.012239,0.012503,0.012117,0.012417,54043479.0
2026-01-14 16:00:00+00:00,0.012417,0.012552,0.012038,0.012254,55642741.0
2026-01-14 20:00:00+00:00,0.012254,0.012348,0.012002,0.012105,26057144.0
2026-01-15 00:00:00+00:00,0.012105,0.01214,0.011746,0.011782,31398373.0
2026-01-15 04:00:00+00:00,0.011782,0.012022,0.011771,0.011979,14067669.0
2026-01-15 08:00:00+00:00,0.011979,0.012109,0.011899,0.012022,28273881.0
2026-01-15 12:00:00+00:00,0.012022,0.01214,0.011522,0.011728,94523335.0
2026-01-15 16:00:00+00:00,0.011728,0.011788,0.011395,0.011519,73201738.0
2026-01-15 20:00:00+00:00,0.011519,0.011552,0.011381,0.011514,22281760.0
2026-01-16 00:00:00+00:00,0.011514,0.011588,0.011426,0.011475,22308582.0
2026-01-16 04:00:00+00:00,0.011475,0.011554,0.011338,0.011514,36634839.0
2026-01-16 08:00:00+00:00,0.011514,0.011576,0.011409,0.011491,20564430.0
2026-01-16 12:00:00+00:00,0.011491,0.011573,0.011213,0.011301,58906962.0
2026-01-16 16:00:00+00:00,0.011301,0.011569,0.01127,0.011495,45517362.0
2026-01-16 20:00:00+00:00,0.011495,0.011888,0.011429,0.011781,52451118.0
2026-01-17 00:00:00+00:00,0.011781,0.011979,0.011709,0.011781,36966018.0
2026-01-17 04:00:00+00:00,0.011781,0.012026,0.011725,0.012021,22455173.0
2026-01-17 08:00:00+00:00,0.012021,0.01216,0.011854,0.011857,37190220.0
2026-01-17 12:00:00+00:00,0.011857,0.0122,0.011839,0.012101,50149098.0
2026-01-17 16:00:00+00:00,0.012101,0.012104,0.011905,0.011997,25026479.0
2026-01-17 20:00:00+00:00,0.011997,0.012039,0.011746,0.011775,20510331.0
2026-01-18 00:00:00+00:00,0.011775,0.01194,0.011619,0.011653,40844184.0
2026-01-18 04:00:00+00:00,0.011653,0.011709,0.011568,0.011656,18819828.0
2026-01-18 08:00:00+00:00,0.011656,0.011692,0.011594,0.011619,15621388.0
2026-01-18 12:00:00+00:00,0.011619,0.011675,0.011507,0.011626,31096949.0
2026-01-18 16:00:00+00:00,0.011626,0.011783,0.011587,0.011674,31503175.0
2026-01-18 20:00:00+00:00,0.011674,0.011799,0.010996,0.011021,108947467.0
2026-01-19 00:00:00+00:00,0.011021,0.011021,0.010016,0.01079,223941048.0
2026-01-19 04:00:00+00:00,0.01079,0.010802,0.010623,0.010653,51534510.0
2026-01-19 08:00:00+00:00,0.010653,0.010795,0.010635,0.010662,34959251.0
2026-01-19 12:00:00+00:00,0.010662,0.010743,0.010579,0.0107,35901276.0
2026-01-19 16:00:00+00:00,0.0107,0.011057,0.010676,0.010992,32523934.0
2026-01-19 20:00:00+00:00,0.010992,0.011006,0.010684,0.010825,39644289.0
2026-01-20 00:00:00+00:00,0.010825,0.010852,0.01069,0.010711,32277385.0
2026-01-20 04:00:00+00:00,0.010711,0.010811,0.010501,0.010503,59437960.0
2026-01-20 08:00:00+00:00,0.010503,0.0106,0.01033,0.010339,60472223.0
2026-01-20 12:00:00+00:00,0.010339,0.010526,0.010312,0.010362,60348609.0
2026-01-20 16:00:00+00:00,0.010362,0.010405,0.010036,0.010128,75678202.0
2026-01-20 20:00:00+00:00,0.010128,0.010195,0.009948,0.01007,40760681.0
2026-01-21 00:00:00+00:00,0.01007,0.010473,0.010062,0.010384,30889467.0
2026-01-21 04:00:00+00:00,0.010384,0.01052,0.01035,0.010383,41937508.0
2026-01-21 08:00:00+00:00,0.010383,0.010479,0.01026,0.010283,26785545.0
2026-01-21 12:00:00+00:00,0.010283,0.010561,0.010121,0.010511,64462859.0
2026-01-21 16:00:00+00:00,0.010511,0.010644,0.009971,0.010616,62608155.0
2026-01-21 20:00:00+00:00,0.010616,0.010703,0.010374,0.010431,30423909.0
2026-01-22 00:00:00+00:00,0.010431,0.010669,0.010431,0.010486,19216163.0
2026-01-22 04:00:00+00:00,0.010486,0.010577,0.010428,0.01047,16896175.0
2026-01-22 08:00:00+00:00,0.01047,0.010554,0.010344,0.010349,16970504.0
2026-01-22 12:00:00+00:00,0.010349,0.010399,0.01009,0.010213,34850272.0
2026-01-22 16:00:00+00:00,0.010213,0.010353,0.010197,0.010303,21044800.0
2026-01-22 20:00:00+00:00,0.010303,0.010326,0.01015,0.010217,27859890.0
2026-01-23 00:00:00+00:00,0.010217,0.010333,0.010185,0.010298,17784384.0
2026-01-23 04:00:00+00:00,0.010298,0.010445,0.010265,0.010326,26165128.0
2026-01-23 08:00:00+00:00,0.010326,0.01036,0.010208,0.010355,19094305.0
2026-01-23 12:00:00+00:00,0.010355,0.010379,0.01007,0.010293,34495410.0
2026-01-23 16:00:00+00:00,0.010293,0.010594,0.010229,0.01027,38337894.0
2026-01-23 20:00:00+00:00,0.01027,0.010299,0.010178,0.010251,21719453.0
2026-01-24 00:00:00+00:00,0.010251,0.010301,0.010181,0.010269,24891416.0
2026-01-24 04:00:00+00:00,0.010269,0.010288,0.010228,0.010237,10325395.0
2026-01-24 08:00:00+00:00,0.010237,0.010398,0.010204,0.01037,30667518.0
2026-01-24 12:00:00+00:00,0.01037,0.010376,0.010216,0.010244,15685539.0
2026-01-24 16:00:00+00:00,0.010244,0.010362,0.01019,0.010263,16483714.0
2026-01-24 20:00:00+00:00,0.010263,0.010364,0.010253,0.010304,17398827.0
2026-01-25 00:00:00+00:00,0.010304,0.01039,0.010252,0.010325,17441876.0
2026-01-25 04:00:00+00:00,0.010325,0.010412,0.010224,0.010275,19094151.0
2026-01-25 08:00:00+00:00,0.010275,0.010457,0.010229,0.010334,28427576.0
2026-01-25 12:00:00+00:00,0.010334,0.010336,0.010132,0.010164,28506154.0
2026-01-25 16:00:00+00:00,0.010164,0.010172,0.009718,0.009788,96043305.0
2026-01-25 20:00:00+00:00,0.009788,0.009936,0.009748,0.009896,30756140.0
2026-01-26 00:00:00+00:00,0.009896,0.010118,0.009872,0.009997,37265196.0
2026-01-26 04:00:00+00:00,0.009997,0.010205,0.009997,0.010111,14678971.0
2026-01-26 08:00:00+00:00,0.010111,0.010213,0.009956,0.010051,62233110.0
2026-01-26 12:00:00+00:00,0.010051,0.010285,0.010008,0.010146,31221035.0
2026-01-26 16:00:00+00:00,0.010146,0.010274,0.0101,0.010147,29170305.0
2026-01-26 20:00:00+00:00,0.010147,0.010244,0.010054,0.010123,38689303.0
2026-01-27 00:00:00+00:00,0.010123,0.010255,0.010095,0.010159,19126473.0
2026-01-27 04:00:00+00:00,0.010159,0.010202,0.010065,0.010098,14448718.0
2026-01-27 08:00:00+00:00,0.010098,0.010137,0.010001,0.010045,40602685.0
2026-01-27 12:00:00+00:00,0.010045,0.010093,0.009941,0.010078,29149696.0
2026-01-27 16:00:00+00:00,0.010078,0.010237,0.00995,0.010202,32866965.0
2026-01-27 20:00:00+00:00,0.010202,0.010363,0.010197,0.010275,24715093.0
2026-01-28 00:00:00+00:00,0.010275,0.010294,0.010162,0.010164,12932130.0
2026-01-28 04:00:00+00:00,0.010164,0.010216,0.010105,0.010177,12805627.0
2026-01-28 08:00:00+00:00,0.010177,0.010299,0.0101,0.010296,57296306.0
2026-01-28 12:00:00+00:00,0.010296,0.010296,0.01007,0.010106,36260254.0
2026-01-28 16:00:00+00:00,0.010106,0.010218,0.010043,0.010176,34129705.0
2026-01-28 20:00:00+00:00,0.010176,0.010315,0.010079,0.010218,30788902.0
2026-01-29 00:00:00+00:00,0.010218,0.010252,0.009918,0.009963,38730267.0
2026-01-29 04:00:00+00:00,0.009963,0.01003,0.009886,0.010027,28538585.0
2026-01-29 08:00:00+00:00,0.010027,0.01006,0.009811,0.009824,58867299.0
2026-01-29 12:00:00+00:00,0.009824,0.009843,0.009216,0.009397,147960348.0
2026-01-29 16:00:00+00:00,0.009397,0.009599,0.009207,0.00933,100924030.0
2026-01-29 20:00:00+00:00,0.00933,0.009479,0.009299,0.009363,31825673.0
2026-01-30 00:00:00+00:00,0.009363,0.009386,0.00897,0.009063,105717032.0
2026-01-30 04:00:00+00:00,0.009063,0.009198,0.00895,0.009136,37347241.0
2026-01-30 08:00:00+00:00,0.009136,0.009261,0.009007,0.009228,36734338.0
2026-01-30 12:00:00+00:00,0.009228,0.009326,0.009093,0.009247,56188643.0
2026-01-30 16:00:00+00:00,0.009247,0.009431,0.009028,0.009336,73901230.0
2026-01-30 20:00:00+00:00,0.009336,0.009336,0.009135,0.009233,43540238.0
2026-01-31 00:00:00+00:00,0.009233,0.009245,0.009164,0.009181,18125148.0
2026-01-31 04:00:00+00:00,0.009181,0.009203,0.008936,0.008986,27621491.0
2026-01-31 08:00:00+00:00,0.008986,0.009011,0.008754,0.008852,62938613.0
2026-01-31 12:00:00+00:00,0.008852,0.008882,0.008253,0.008398,146707953.0
2026-01-31 16:00:00+00:00,0.008398,0.008522,0.007569,0.008007,266106325.0
2026-01-31 20:00:00+00:00,0.008007,0.008456,0.007964,0.008421,65610696.0
2026-02-01 00:00:00+00:00,0.008421,0.008495,0.008339,0.008426,39743544.0
2026-02-01 04:00:00+00:00,0.008426,0.008559,0.008421,0.008509,32890142.0
2026-02-01 08:00:00+00:00,0.008509,0.0086,0.008359,0.008415,35966483.0
2026-02-01 12:00:00+00:00,0.008415,0.008463,0.008066,0.00818,61999959.0
2026-02-01 16:00:00+00:00,0.00818,0.008367,0.008124,0.00822,42386515.0
2026-02-01 20:00:00+00:00,0.00822,0.008307,0.007972,0.008155,54682161.0
2026-02-02 00:00:00+00:00,0.008155,0.008411,0.007884,0.00822,73766140.0
2026-02-02 04:00:00+00:00,0.00822,0.008333,0.00793,0.00814,68665560.0
2026-02-02 08:00:00+00:00,0.00814,0.008392,0.00814,0.008268,37705452.0
2026-02-02 12:00:00+00:00,0.008268,0.008642,0.008268,0.008637,61671876.0
2026-02-02 16:00:00+00:00,0.008637,0.008753,0.008577,0.008579,37177286.0
2026-02-02 20:00:00+00:00,0.008579,0.008651,0.008526,0.008608,18182250.0
2026-02-03 00:00:00+00:00,0.008608,0.008619,0.008348,0.008522,24753761.0
2026-02-03 04:00:00+00:00,0.008522,0.00859,0.008423,0.008501,19059973.0
2026-02-03 08:00:00+00:00,0.008501,0.008542,0.00833,0.008453,33932502.0
2026-02-03 12:00:00+00:00,0.008453,0.008666,0.008356,0.008647,49112393.0
2026-02-03 16:00:00+00:00,0.008647,0.008647,0.007981,0.008429,103334197.0
2026-02-03 20:00:00+00:00,0.008429,0.00886,0.008297,0.008441,89585676.0
2026-02-04 00:00:00+00:00,0.008441,0.008765,0.008391,0.008738,32117209.0
2026-02-04 04:00:00+00:00,0.008738,0.008749,0.008536,0.008631,21622576.0
2026-02-04 08:00:00+00:00,0.008631,0.00864,0.008419,0.008485,22007734.0
2026-02-04 12:00:00+00:00,0.008485,0.008514,0.008138,0.008215,73151582.0
2026-02-04 16:00:00+00:00,0.008215,0.00848,0.0081,0.008465,56560817.0
2026-02-04 20:00:00+00:00,0.008465,0.0085,0.008184,0.008315,30356507.0
2026-02-05 00:00:00+00:00,0.008315,0.008379,0.008116,0.008134,39782440.0
2026-02-05 04:00:00+00:00,0.008134,0.008247,0.008018,0.008037,32317706.0
2026-02-05 08:00:00+00:00,0.008037,0.008294,0.007754,0.007895,54559171.0
2026-02-05 12:00:00+00:00,0.007895,0.008068,0.007327,0.00752,158455146.0
2026-02-05 16:00:00+00:00,0.00752,0.007644,0.007304,0.00748,118681254.0
2026-02-05 20:00:00+00:00,0.00748,0.007543,0.007095,0.007278,152872984.0
2026-02-06 00:00:00+00:00,0.007278,0.007557,0.00656,0.007431,231434270.0
2026-02-06 04:00:00+00:00,0.007431,0.007739,0.007364,0.007605,84925060.0
2026-02-06 08:00:00+00:00,0.007605,0.007754,0.007455,0.007709,83395749.0
2026-02-06 12:00:00+00:00,0.007709,0.008069,0.007643,0.008044,79351599.0
2026-02-06 16:00:00+00:00,0.008044,0.008421,0.008005,0.008179,90832752.0
2026-02-06 20:00:00+00:00,0.008179,0.008391,0.008085,0.008262,27739530.0
2026-02-07 00:00:00+00:00,0.008262,0.00829,0.008116,0.008231,32743420.0
2026-02-07 04:00:00+00:00,0.008231,0.008288,0.007842,0.007914,54273128.0
2026-02-07 08:00:00+00:00,0.007914,0.007979,0.007857,0.007915,29318030.0
2026-02-07 12:00:00+00:00,0.007915,0.008189,0.007901,0.008033,40554872.0
2026-02-07 16:00:00+00:00,0.008033,0.008207,0.007994,0.008091,89963394.0
2026-02-07 20:00:00+00:00,0.008091,0.008138,0.008033,0.008069,17730281.0
2026-02-08 00:00:00+00:00,0.008069,0.008079,0.007981,0.008,12206701.0
2026-02-08 04:00:00+00:00,0.008,0.008041,0.007956,0.008037,9074340.0
2026-02-08 08:00:00+00:00,0.008037,0.008174,0.008006,0.008161,27319591.0
2026-02-08 12:00:00+00:00,0.008161,0.008171,0.007992,0.008035,34317651.0
2026-02-08 16:00:00+00:00,0.008035,0.008097,0.007888,0.008085,24280542.0
2026-02-08 20:00:00+00:00,0.008085,0.008188,0.00793,0.008011,37055307.0
2026-02-09 00:00:00+00:00,0.008011,0.008129,0.00795,0.008117,19841997.0
2026-02-09 04:00:00+00:00,0.008117,0.008117,0.007979,0.00799,10061554.0
2026-02-09 08:00:00+00:00,0.00799,0.007999,0.007673,0.00776,34333443.0
2026-02-09 12:00:00+00:00,0.00776,0.007942,0.007713,0.007928,25748483.0
2026-02-09 16:00:00+00:00,0.007928,0.0081,0.00785,0.008003,29470813.0
2026-02-09 20:00:00+00:00,0.008003,0.00803,0.007867,0.00791,16845959.0
2026-02-10 00:00:00+00:00,0.00791,0.007937,0.007714,0.007775,19419701.0
2026-02-10 04:00:00+00:00,0.007775,0.007866,0.007632,0.00772,27447270.0
2026-02-10 08:00:00+00:00,0.00772,0.007795,0.0077,0.007732,17728579.0
2026-02-10 12:00:00+00:00,0.007732,0.007839,0.007703,0.007784,33499520.0
2026-02-10 16:00:00+00:00,0.007784,0.007833,0.007655,0.007719,17686630.0
2026-02-10 20:00:00+00:00,0.007719,0.007723,0.007636,0.007683,14193234.0
2026-02-11 00:00:00+00:00,0.007683,0.007748,0.007608,0.007683,13207921.0
2026-02-11 04:00:00+00:00,0.007683,0.007684,0.007405,0.007431,32285566.0
2026-02-11 08:00:00+00:00,0.007431,0.007494,0.007408,0.00749,27168793.0
2026-02-11 12:00:00+00:00,0.00749,0.007798,0.007382,0.007466,62992181.0
2026-02-11 16:00:00+00:00,0.007466,0.00766,0.007425,0.007604,26796635.0
2026-02-11 20:00:00+00:00,0.007604,0.007705,0.007509,0.007551,26985956.0
2026-02-12 00:00:00+00:00,0.007551,0.007748,0.007551,0.007746,26053422.0
2026-02-12 04:00:00+00:00,0.007746,0.008037,0.007721,0.008031,17313119.0
2026-02-12 08:00:00+00:00,0.008031,0.00816,0.007942,0.008069,30027543.0
2026-02-12 12:00:00+00:00,0.008069,0.008095,0.007914,0.007924,41930292.0
2026-02-12 16:00:00+00:00,0.007924,0.007966,0.00771,0.007846,46525228.0
2026-02-12 20:00:00+00:00,0.007846,0.007898,0.007743,0.007881,21578894.0
2026-02-13 00:00:00+00:00,0.007881,0.007918,0.007787,0.00783,12301519.0
2026-02-13 04:00:00+00:00,0.00783,0.007846,0.007722,0.007821,14748625.0
2026-02-13 08:00:00+00:00,0.007821,0.007947,0.007813,0.007901,13722235.0
2026-02-13 12:00:00+00:00,0.007901,0.008177,0.007843,0.008061,31961485.0
2026-02-13 16:00:00+00:00,0.008061,0.008238,0.008051,0.008184,31428447.0
2026-02-13 20:00:00+00:00,0.008184,0.008294,0.008168,0.008201,28670902.0
2026-02-14 00:00:00+00:00,0.008201,0.008294,0.008194,0.008276,13032996.0
2026-02-14 04:00:00+00:00,0.008276,0.008283,0.008182,0.008275,13316550.0
2026-02-14 08:00:00+00:00,0.008275,0.008438,0.008266,0.008419,23758412.0
2026-02-14 12:00:00+00:00,0.008419,0.008552,0.008313,0.00848,35640723.0
2026-02-14 16:00:00+00:00,0.00848,0.00879,0.008433,0.00878,27027555.0
2026-02-14 20:00:00+00:00,0.00878,0.008902,0.008659,0.008823,55763516.0
2026-02-15 00:00:00+00:00,0.008823,0.008939,0.008607,0.008768,52811411.0
2026-02-15 04:00:00+00:00,0.008768,0.008917,0.008756,0.00887,25158857.0
2026-02-15 08:00:00+00:00,0.00887,0.008895,0.008623,0.008638,31285851.0
2026-02-15 12:00:00+00:00,0.008638,0.008651,0.008271,0.008369,46013169.0
2026-02-15 16:00:00+00:00,0.008369,0.008383,0.008174,0.008236,35497248.0
2026-02-15 20:00:00+00:00,0.008236,0.008364,0.008203,0.008353,16426617.0
2026-02-16 00:00:00+00:00,0.008353,0.008398,0.008265,0.008307,23555639.0
2026-02-16 04:00:00+00:00,0.008307,0.008359,0.008213,0.008238,9689999.0
2026-02-16 08:00:00+00:00,0.008238,0.008352,0.008201,0.008274,13671528.0
2026-02-16 12:00:00+00:00,0.008274,0.008466,0.008072,0.008129,39372183.0
2026-02-16 16:00:00+00:00,0.008129,0.008272,0.008112,0.008249,35334669.0
2026-02-16 20:00:00+00:00,0.008249,0.008361,0.008222,0.008301,14690749.0
2026-02-17 00:00:00+00:00,0.008301,0.008315,0.00821,0.008214,14609643.0
2026-02-17 04:00:00+00:00,0.008214,0.008236,0.008117,0.008136,18176539.0
2026-02-17 08:00:00+00:00,0.008136,0.008152,0.008036,0.008103,28208673.0
2026-02-17 12:00:00+00:00,0.008103,0.008168,0.007964,0.008104,31125375.0
2026-02-17 16:00:00+00:00,0.008104,0.008243,0.008014,0.008162,34825605.0
2026-02-17 20:00:00+00:00,0.008162,0.008174,0.008086,0.008099,11716256.0
2026-02-18 00:00:00+00:00,0.008099,0.008146,0.008046,0.008125,12866621.0
2026-02-18 04:00:00+00:00,0.008125,0.008151,0.008092,0.008135,16316235.0
2026-02-18 08:00:00+00:00,0.008135,0.008175,0.007932,0.008009,27669474.0
2026-02-18 12:00:00+00:00,0.008009,0.008164,0.007919,0.008087,33193434.0
2026-02-18 16:00:00+00:00,0.008087,0.008089,0.007789,0.007837,32883740.0
2026-02-18 20:00:00+00:00,0.007837,0.007883,0.007771,0.007814,15024701.0
2026-02-19 00:00:00+00:00,0.007814,0.007914,0.00775,0.007906,23643059.0
2026-02-19 04:00:00+00:00,0.007906,0.007931,0.007832,0.007886,14324189.0
2026-02-19 08:00:00+00:00,0.007886,0.007886,0.007762,0.007775,22486002.0
2026-02-19 12:00:00+00:00,0.007775,0.007783,0.007607,0.007672,48347955.0
2026-02-19 16:00:00+00:00,0.007672,0.007718,0.007583,0.007685,33494119.0
2026-02-19 20:00:00+00:00,0.007685,0.007724,0.007627,0.007724,16761272.0
2026-02-20 00:00:00+00:00,0.007724,0.007787,0.007707,0.007756,15711656.0
2026-02-20 04:00:00+00:00,0.007756,0.00782,0.00769,0.007734,21473300.0
2026-02-20 08:00:00+00:00,0.007734,0.007838,0.007678,0.0077,15936432.0
2026-02-20 12:00:00+00:00,0.0077,0.007911,0.007546,0.007896,54210414.0
2026-02-20 16:00:00+00:00,0.007896,0.007982,0.007732,0.007788,51387818.0
2026-02-20 20:00:00+00:00,0.007788,0.007819,0.007721,0.007808,13609395.0
2026-02-21 00:00:00+00:00,0.007808,0.007884,0.007782,0.007826,15728138.0
2026-02-21 04:00:00+00:00,0.007826,0.00784,0.007732,0.007783,13284523.0
2026-02-21 08:00:00+00:00,0.007783,0.007929,0.007771,0.007837,12951537.0
2026-02-21 12:00:00+00:00,0.007837,0.007914,0.007804,0.007817,13945299.0
2026-02-21 16:00:00+00:00,0.007817,0.007817,0.007716,0.007732,16561288.0
2026-02-21 20:00:00+00:00,0.007732,0.007746,0.007634,0.007644,22123884.0
2026-02-22 00:00:00+00:00,0.007644,0.007683,0.007468,0.007534,40699242.0
2026-02-22 04:00:00+00:00,0.007534,0.007579,0.007507,0.007565,15718074.0
2026-02-22 08:00:00+00:00,0.007565,0.007614,0.007521,0.007567,18674170.0
2026-02-22 12:00:00+00:00,0.007567,0.007567,0.007411,0.007487,38427605.0
2026-02-22 16:00:00+00:00,0.007487,0.007488,0.007429,0.007434,15817870.0
2026-02-22 20:00:00+00:00,0.007434,0.00748,0.007389,0.007445,16310274.0
2026-02-23 00:00:00+00:00,0.007445,0.007464,0.00707,0.007205,67939630.0
2026-02-23 04:00:00+00:00,0.007205,0.007362,0.007134,0.00732,17378538.0
2026-02-23 08:00:00+00:00,0.00732,0.00749,0.007296,0.007463,18710947.0
2026-02-23 12:00:00+00:00,0.007463,0.007569,0.007312,0.007326,48298010.0
2026-02-23 16:00:00+00:00,0.007326,0.007333,0.007147,0.007201,41876650.0
2026-02-23 20:00:00+00:00,0.007201,0.007361,0.007184,0.007308,29262549.0
2026-02-24 00:00:00+00:00,0.007308,0.007365,0.007176,0.007252,73536015.0
2026-02-24 04:00:00+00:00,0.007252,0.007267,0.007108,0.007145,32855638.0
2026-02-24 08:00:00+00:00,0.007145,0.00718,0.007108,0.007135,20942642.0
2026-02-24 12:00:00+00:00,0.007135,0.007277,0.00706,0.007216,57613632.0
2026-02-24 16:00:00+00:00,0.007216,0.00728,0.007135,0.007179,43008031.0
2026-02-24 20:00:00+00:00,0.007179,0.007185,0.007076,0.00709,20506498.0
2026-02-25 00:00:00+00:00,0.00709,0.007353,0.00708,0.007183,38261431.0
2026-02-25 04:00:00+00:00,0.007183,0.007204,0.007086,0.007182,31108138.0
2026-02-25 08:00:00+00:00,0.007182,0.007312,0.007153,0.007311,23931077.0
2026-02-25 12:00:00+00:00,0.007311,0.007793,0.007291,0.007735,63336870.0
2026-02-25 16:00:00+00:00,0.007735,0.008023,0.007735,0.008015,57998966.0
2026-02-25 20:00:00+00:00,0.008015,0.008243,0.007726,0.007827,75215037.0
2026-02-26 00:00:00+00:00,0.007827,0.00786,0.007685,0.007774,37394843.0
2026-02-26 04:00:00+00:00,0.007774,0.007829,0.007668,0.007695,23001438.0
2026-02-26 08:00:00+00:00,0.007695,0.007761,0.007597,0.007629,26872933.0
2026-02-26 12:00:00+00:00,0.007629,0.00772,0.007521,0.007602,40925108.0
2026-02-26 16:00:00+00:00,0.007602,0.007617,0.007372,0.0076,65915527.0
2026-02-26 20:00:00+00:00,0.0076,0.00763,0.007524,0.00759,24310331.0
2026-02-27 00:00:00+00:00,0.00759,0.007649,0.00752,0.007635,21540869.0
2026-02-27 04:00:00+00:00,0.007635,0.007747,0.007634,0.007706,17467306.0
2026-02-27 08:00:00+00:00,0.007706,0.007759,0.007443,0.007477,45376057.0
2026-02-27 12:00:00+00:00,0.007477,0.007493,0.007375,0.007457,71231940.0
2026-02-27 16:00:00+00:00,0.007457,0.007457,0.007303,0.00732,37598298.0
2026-02-27 20:00:00+00:00,0.00732,0.007359,0.007205,0.007345,21486461.0
2026-02-28 00:00:00+00:00,0.007345,0.007378,0.0073,0.007306,16065374.0
2026-02-28 04:00:00+00:00,0.007306,0.00731,0.006878,0.007015,143102873.0
2026-02-28 08:00:00+00:00,0.007015,0.007015,0.006793,0.006842,65100708.0
2026-02-28 12:00:00+00:00,0.006842,0.007108,0.006839,0.006961,107339577.0
2026-02-28 16:00:00+00:00,0.006961,0.007244,0.006913,0.007186,71208662.0
2026-02-28 20:00:00+00:00,0.007186,0.007364,0.00717,0.007287,41570773.0
2026-03-01 00:00:00+00:00,0.007287,0.00754,0.007193,0.007384,40663070.0
2026-03-01 04:00:00+00:00,0.007384,0.007436,0.007301,0.007352,26274144.0
2026-03-01 08:00:00+00:00,0.007352,0.007373,0.007183,0.007203,29472265.0
2026-03-01 12:00:00+00:00,0.007203,0.007307,0.007093,0.007209,44474005.0
2026-03-01 16:00:00+00:00,0.007209,0.007271,0.007055,0.00707,53002190.0
2026-03-01 20:00:00+00:00,0.00707,0.00719,0.006968,0.007125,44089764.0
2026-03-02 00:00:00+00:00,0.007125,0.007284,0.007125,0.007251,36381830.0
2026-03-02 04:00:00+00:00,0.007251,0.007288,0.007092,0.007127,33718118.0
2026-03-02 08:00:00+00:00,0.007127,0.007212,0.007059,0.007136,31784982.0
2026-03-02 12:00:00+00:00,0.007136,0.007448,0.007065,0.007375,65242112.0
2026-03-02 16:00:00+00:00,0.007375,0.007486,0.007292,0.007353,49320755.0
2026-03-02 20:00:00+00:00,0.007353,0.007392,0.007215,0.007258,22840260.0
2026-03-03 00:00:00+00:00,0.007258,0.007265,0.007114,0.007195,21472593.0
2026-03-03 04:00:00+00:00,0.007195,0.007203,0.007103,0.007144,16426358.0
2026-03-03 08:00:00+00:00,0.007144,0.007173,0.00695,0.007041,58369247.0
2026-03-03 12:00:00+00:00,0.007041,0.007158,0.006959,0.007104,80875193.0
2026-03-03 16:00:00+00:00,0.007104,0.00725,0.007051,0.00713,52744248.0
2026-03-03 20:00:00+00:00,0.00713,0.007184,0.007017,0.00712,36048732.0
2026-03-04 00:00:00+00:00,0.00712,0.007168,0.007004,0.007091,22933199.0
2026-03-04 04:00:00+00:00,0.007091,0.007159,0.00702,0.007144,25848322.0
2026-03-04 08:00:00+00:00,0.007144,0.007445,0.007128,0.0073,59922934.0
2026-03-04 12:00:00+00:00,0.0073,0.007564,0.007218,0.007564,64828238.0
2026-03-04 16:00:00+00:00,0.007564,0.007653,0.007451,0.007598,53880153.0
2026-03-04 20:00:00+00:00,0.007598,0.007599,0.007385,0.00744,25858236.0
2026-03-05 00:00:00+00:00,0.00744,0.007496,0.007362,0.007408,28766829.0
2026-03-05 04:00:00+00:00,0.007408,0.007455,0.007337,0.007372,18226993.0
2026-03-05 08:00:00+00:00,0.007372,0.007519,0.007338,0.007446,25361643.0
2026-03-05 12:00:00+00:00,0.007446,0.007482,0.00727,0.007298,47682888.0
2026-03-05 16:00:00+00:00,0.007298,0.007332,0.007154,0.00727,38783743.0
2026-03-05 20:00:00+00:00,0.00727,0.00736,0.007264,0.007286,18189752.0
2026-03-06 00:00:00+00:00,0.007286,0.00738,0.007252,0.007359,14575400.0
2026-03-06 04:00:00+00:00,0.007359,0.00738,0.007263,0.007374,11665897.0
2026-03-06 08:00:00+00:00,0.007374,0.007374,0.007217,0.007219,16853327.0
2026-03-06 12:00:00+00:00,0.007219,0.007256,0.007001,0.007034,59851983.0
2026-03-06 16:00:00+00:00,0.007034,0.007101,0.006963,0.007054,21981369.0
2026-03-06 20:00:00+00:00,0.007054,0.007109,0.007036,0.0071,12522413.0
2026-03-07 00:00:00+00:00,0.0071,0.007117,0.007045,0.007056,12815496.0
2026-03-07 04:00:00+00:00,0.007056,0.007083,0.006988,0.007038,19058986.0
2026-03-07 08:00:00+00:00,0.007038,0.007093,0.007013,0.00706,12714340.0
2026-03-07 12:00:00+00:00,0.00706,0.007077,0.006948,0.006985,24602203.0
2026-03-07 16:00:00+00:00,0.006985,0.007031,0.006918,0.006938,15273733.0
2026-03-07 20:00:00+00:00,0.006938,0.006974,0.006871,0.006925,20158392.0
2026-03-08 00:00:00+00:00,0.006925,0.006936,0.006809,0.00684,21267923.0
2026-03-08 04:00:00+00:00,0.00684,0.006885,0.006768,0.006856,21783001.0
2026-03-08 08:00:00+00:00,0.006856,0.006945,0.006825,0.006869,16228571.0
2026-03-08 12:00:00+00:00,0.006869,0.006931,0.006792,0.006809,25339965.0
2026-03-08 16:00:00+00:00,0.006809,0.006904,0.006731,0.006876,38456418.0
2026-03-08 20:00:00+00:00,0.006876,0.006913,0.006694,0.006773,50875422.0
2026-03-09 00:00:00+00:00,0.006773,0.006983,0.006771,0.006903,41533391.0
2026-03-09 04:00:00+00:00,0.006903,0.007042,0.006885,0.006959,16707830.0
2026-03-09 08:00:00+00:00,0.006959,0.007024,0.006917,0.006964,18823587.0
2026-03-09 12:00:00+00:00,0.006964,0.007096,0.006962,0.00703,27700159.0
2026-03-09 16:00:00+00:00,0.00703,0.007146,0.006988,0.007052,27143027.0
2026-03-09 20:00:00+00:00,0.007052,0.007068,0.006938,0.006957,27327081.0
2026-03-10 00:00:00+00:00,0.006957,0.007089,0.006948,0.006991,21490426.0
2026-03-10 04:00:00+00:00,0.006991,0.007068,0.006991,0.00703,11963606.0
2026-03-10 08:00:00+00:00,0.00703,0.007154,0.00703,0.007094,18979413.0
2026-03-10 12:00:00+00:00,0.007094,0.007229,0.006995,0.007191,33856942.0
2026-03-10 16:00:00+00:00,0.007191,0.007303,0.007006,0.007034,56754419.0
2026-03-10 20:00:00+00:00,0.007034,0.007074,0.006972,0.006999,11168955.0
2026-03-11 00:00:00+00:00,0.006999,0.007039,0.006983,0.007019,19654918.0
2026-03-11 04:00:00+00:00,0.007019,0.00707,0.00696,0.007019,11680006.0
2026-03-11 08:00:00+00:00,0.007019,0.007068,0.007013,0.007045,19468309.0
2026-03-11 12:00:00+00:00,0.007045,0.007209,0.007013,0.007089,36092994.0
2026-03-11 16:00:00+00:00,0.007089,0.007165,0.007079,0.007141,16770671.0
2026-03-11 20:00:00+00:00,0.007141,0.007149,0.007074,0.007083,17191999.0
2026-03-12 00:00:00+00:00,0.007083,0.007104,0.007001,0.00702,14340225.0
2026-03-12 04:00:00+00:00,0.00702,0.007049,0.006991,0.007041,12207451.0
2026-03-12 08:00:00+00:00,0.007041,0.007119,0.007016,0.007077,22290269.0
2026-03-12 12:00:00+00:00,0.007077,0.007118,0.006979,0.007073,34314409.0
2026-03-12 16:00:00+00:00,0.007073,0.007169,0.007032,0.007148,25280748.0
2026-03-12 20:00:00+00:00,0.007148,0.007206,0.0071,0.007185,29519901.0
2026-03-13 00:00:00+00:00,0.007185,0.007376,0.007173,0.007362,39145860.0
2026-03-13 04:00:00+00:00,0.007362,0.007403,0.007303,0.007336,23349523.0
2026-03-13 08:00:00+00:00,0.007336,0.007435,0.007311,0.007422,16040049.0
2026-03-13 12:00:00+00:00,0.007422,0.007568,0.007357,0.007385,47560766.0
2026-03-13 16:00:00+00:00,0.007385,0.007405,0.007233,0.007262,55869607.0
2026-03-13 20:00:00+00:00,0.007262,0.007294,0.00717,0.007218,23515286.0
2026-03-14 00:00:00+00:00,0.007218,0.007238,0.00715,0.007231,10964805.0
2026-03-14 04:00:00+00:00,0.007231,0.007464,0.007108,0.00714,67771499.0
2026-03-14 08:00:00+00:00,0.00714,0.007153,0.007095,0.007143,16880733.0
2026-03-14 12:00:00+00:00,0.007143,0.00716,0.007084,0.007107,9495072.0
2026-03-14 16:00:00+00:00,0.007107,0.007122,0.007079,0.007079,14763448.0
2026-03-14 20:00:00+00:00,0.007079,0.007137,0.007059,0.007135,15824397.0
2026-03-15 00:00:00+00:00,0.007135,0.007222,0.007093,0.007173,12508153.0
2026-03-15 04:00:00+00:00,0.007173,0.007201,0.007137,0.007194,11356327.0
2026-03-15 08:00:00+00:00,0.007194,0.007474,0.007184,0.00737,108284266.0
2026-03-15 12:00:00+00:00,0.00737,0.007387,0.007236,0.007272,64533604.0
2026-03-15 16:00:00+00:00,0.007272,0.007314,0.007241,0.007292,20499405.0
2026-03-15 20:00:00+00:00,0.007292,0.007426,0.007274,0.007378,50317014.0
2026-03-16 00:00:00+00:00,0.007378,0.007549,0.007349,0.007485,37317299.0
2026-03-16 04:00:00+00:00,0.007485,0.007722,0.007484,0.00769,55001151.0
2026-03-16 08:00:00+00:00,0.00769,0.007744,0.007564,0.00758,26552466.0
2026-03-16 12:00:00+00:00,0.00758,0.00767,0.007501,0.007562,32882559.0
2026-03-16 16:00:00+00:00,0.007562,0.007748,0.007557,0.007695,22273876.0
2026-03-16 20:00:00+00:00,0.007695,0.007829,0.007686,0.007789,23477783.0
2026-03-17 00:00:00+00:00,0.007789,0.007834,0.007622,0.007673,38106280.0
2026-03-17 04:00:00+00:00,0.007673,0.00769,0.007563,0.007609,25903624.0
2026-03-17 08:00:00+00:00,0.007609,0.007674,0.007592,0.007627,20529184.0
2026-03-17 12:00:00+00:00,0.007627,0.007639,0.007519,0.007582,26929151.0
2026-03-17 16:00:00+00:00,0.007582,0.007624,0.007557,0.007561,14725099.0
2026-03-17 20:00:00+00:00,0.007561,0.007667,0.007561,0.007579,17516294.0
2026-03-18 00:00:00+00:00,0.007579,0.007657,0.00752,0.007617,21658191.0
2026-03-18 04:00:00+00:00,0.007617,0.007641,0.007527,0.00756,13945555.0
2026-03-18 08:00:00+00:00,0.00756,0.00761,0.00737,0.007387,58217379.0
2026-03-18 12:00:00+00:00,0.007387,0.007395,0.007148,0.00721,78839988.0
2026-03-18 16:00:00+00:00,0.00721,0.007295,0.007141,0.007237,51141892.0
2026-03-18 20:00:00+00:00,0.007237,0.007307,0.007166,0.007295,17449652.0
2026-03-19 00:00:00+00:00,0.007295,0.007362,0.007246,0.007315,14942445.0
2026-03-19 04:00:00+00:00,0.007315,0.007319,0.007138,0.007179,27944495.0
2026-03-19 08:00:00+00:00,0.007179,0.007256,0.007175,0.007204,22894948.0
2026-03-19 12:00:00+00:00,0.007204,0.00721,0.007088,0.007171,37432856.0
2026-03-19 16:00:00+00:00,0.007171,0.007267,0.007115,0.007219,15202267.0
2026-03-19 20:00:00+00:00,0.007219,0.007252,0.007186,0.007245,10342209.0
2026-03-20 00:00:00+00:00,0.007245,0.007345,0.007233,0.00734,16424759.0
2026-03-20 04:00:00+00:00,0.00734,0.007404,0.007298,0.00733,23376237.0
2026-03-20 08:00:00+00:00,0.00733,0.007369,0.00727,0.007336,24936385.0
2026-03-20 12:00:00+00:00,0.007336,0.007386,0.007285,0.007349,30563694.0
2026-03-20 16:00:00+00:00,0.007349,0.007363,0.007163,0.007215,56520330.0
2026-03-20 20:00:00+00:00,0.007215,0.007289,0.007146,0.007247,31771152.0
2026-03-21 00:00:00+00:00,0.007247,0.007285,0.007218,0.007235,4235979.0
2026-03-21 04:00:00+00:00,0.007235,0.00726,0.007214,0.007215,5977977.0
2026-03-21 08:00:00+00:00,0.007215,0.007244,0.007183,0.007188,9562453.0
2026-03-21 12:00:00+00:00,0.007188,0.007241,0.007132,0.007241,27092347.0
2026-03-21 16:00:00+00:00,0.007241,0.007249,0.007176,0.007191,13157625.0
2026-03-21 20:00:00+00:00,0.007191,0.007216,0.006979,0.007024,26252841.0
2026-03-22 00:00:00+00:00,0.007024,0.007118,0.006914,0.007062,28254615.0
2026-03-22 04:00:00+00:00,0.007062,0.007099,0.007011,0.007011,9237620.0
2026-03-22 08:00:00+00:00,0.007011,0.007018,0.006916,0.006926,23692068.0
2026-03-22 12:00:00+00:00,0.006926,0.006995,0.006921,0.006953,16731059.0
2026-03-22 16:00:00+00:00,0.006953,0.006963,0.006864,0.006885,23996596.0
2026-03-22 20:00:00+00:00,0.006885,0.006908,0.006773,0.00686,21038745.0
2026-03-23 00:00:00+00:00,0.00686,0.006951,0.00683,0.006915,9035624.0
2026-03-23 04:00:00+00:00,0.006915,0.006967,0.0068,0.006849,14301128.0
2026-03-23 08:00:00+00:00,0.006849,0.007152,0.006788,0.007043,51264855.0
2026-03-23 12:00:00+00:00,0.007043,0.007187,0.007015,0.007022,26917292.0
2026-03-23 16:00:00+00:00,0.007022,0.007106,0.006995,0.00703,10160752.0
2026-03-23 20:00:00+00:00,0.00703,0.007094,0.007,0.007054,11213374.0
2026-03-24 00:00:00+00:00,0.007054,0.007075,0.006942,0.006991,22304614.0
2026-03-24 04:00:00+00:00,0.006991,0.007042,0.006933,0.007034,16494846.0
2026-03-24 08:00:00+00:00,0.007034,0.007071,0.006981,0.007068,23180138.0
2026-03-24 12:00:00+00:00,0.007068,0.007147,0.007005,0.007064,70941103.0
2026-03-24 16:00:00+00:00,0.007064,0.007097,0.006987,0.007075,36123869.0
2026-03-24 20:00:00+00:00,0.007075,0.007227,0.007064,0.007186,33581569.0
2026-03-25 00:00:00+00:00,0.007186,0.007239,0.007156,0.007179,13972068.0
2026-03-25 04:00:00+00:00,0.007179,0.007206,0.007119,0.00717,18354809.0
2026-03-25 08:00:00+00:00,0.00717,0.007229,0.007165,0.007192,13076412.0
2026-03-25 12:00:00+00:00,0.007192,0.007226,0.007089,0.007114,24814977.0
2026-03-25 16:00:00+00:00,0.007114,0.007174,0.007091,0.007097,11855796.0
2026-03-25 20:00:00+00:00,0.007097,0.007126,0.007055,0.007092,16588799.0
2026-03-26 00:00:00+00:00,0.007092,0.0071,0.006986,0.007,14416959.0
2026-03-26 04:00:00+00:00,0.007,0.007003,0.006856,0.006897,30765192.0
2026-03-26 08:00:00+00:00,0.006897,0.006897,0.006766,0.006789,34638367.0
2026-03-26 12:00:00+00:00,0.006789,0.006913,0.006787,0.006821,39234195.0
2026-03-26 16:00:00+00:00,0.006821,0.006833,0.006755,0.00677,23589393.0
2026-03-26 20:00:00+00:00,0.00677,0.006851,0.006736,0.006794,32421791.0
2026-03-27 00:00:00+00:00,0.006794,0.006865,0.00678,0.006841,7930328.0
2026-03-27 04:00:00+00:00,0.006841,0.00689,0.006783,0.006887,13691488.0
2026-03-27 08:00:00+00:00,0.006887,0.006898,0.006642,0.006688,49185554.0
2026-03-27 12:00:00+00:00,0.006688,0.006727,0.006635,0.00666,25493396.0
2026-03-27 16:00:00+00:00,0.00666,0.006698,0.00662,0.006675,13298438.0
2026-03-27 20:00:00+00:00,0.006675,0.006694,0.006632,0.006651,11026687.0
2026-03-28 00:00:00+00:00,0.006651,0.006658,0.006578,0.006606,12989818.0
2026-03-28 04:00:00+00:00,0.006606,0.006701,0.006598,0.006701,9033748.0
2026-03-28 08:00:00+00:00,0.006701,0.006718,0.006662,0.0067,7133964.0
2026-03-28 12:00:00+00:00,0.0067,0.006865,0.006675,0.00682,26040572.0
2026-03-28 16:00:00+00:00,0.00682,0.006832,0.006755,0.006771,7285391.0
2026-03-28 20:00:00+00:00,0.006771,0.006788,0.006644,0.006657,21090762.0
2026-03-29 00:00:00+00:00,0.006657,0.006698,0.006626,0.006681,4794889.0
2026-03-29 04:00:00+00:00,0.006681,0.006683,0.00663,0.006636,7904025.0
2026-03-29 08:00:00+00:00,0.006636,0.006643,0.006586,0.006623,6714910.0
2026-03-29 12:00:00+00:00,0.006623,0.006623,0.00655,0.006574,12192742.0
2026-03-29 16:00:00+00:00,0.006574,0.00659,0.006526,0.006563,24867304.0
2026-03-29 20:00:00+00:00,0.006563,0.006629,0.006372,0.006534,25065017.0
2026-03-30 00:00:00+00:00,0.006534,0.006713,0.006523,0.006693,14377177.0
2026-03-30 04:00:00+00:00,0.006693,0.006782,0.006688,0.006773,26619724.0
2026-03-30 08:00:00+00:00,0.006773,0.006841,0.006736,0.006794,20406024.0
2026-03-30 12:00:00+00:00,0.006794,0.006823,0.006722,0.006765,10220564.0
2026-03-30 16:00:00+00:00,0.006765,0.006784,0.006659,0.006696,33590981.0
2026-03-30 20:00:00+00:00,0.006696,0.006767,0.006652,0.006659,15744603.0
2026-03-31 00:00:00+00:00,0.006659,0.006778,0.006654,0.006701,16901742.0
2026-03-31 04:00:00+00:00,0.006701,0.00671,0.006661,0.006693,11617908.0
2026-03-31 08:00:00+00:00,0.006693,0.006698,0.006578,0.006629,12538239.0
2026-03-31 12:00:00+00:00,0.006629,0.006722,0.006616,0.006631,10491854.0
2026-03-31 16:00:00+00:00,0.006631,0.006782,0.00663,0.006751,14447974.0
2026-03-31 20:00:00+00:00,0.006751,0.006776,0.00673,0.006758,9340047.0
2026-04-01 00:00:00+00:00,0.006758,0.006797,0.006736,0.006777,5318499.0
2026-04-01 04:00:00+00:00,0.006777,0.006922,0.006771,0.006888,11952979.0
2026-04-01 08:00:00+00:00,0.006888,0.00692,0.006859,0.006906,14194774.0
2026-04-01 12:00:00+00:00,0.006906,0.006981,0.006869,0.006935,16340071.0
2026-04-01 16:00:00+00:00,0.006935,0.006973,0.006879,0.006883,17384908.0
2026-04-01 20:00:00+00:00,0.006883,0.006941,0.006862,0.006879,8213411.0
2026-04-02 00:00:00+00:00,0.006879,0.006977,0.006697,0.006716,28715582.0
2026-04-02 04:00:00+00:00,0.006716,0.006764,0.006668,0.006755,13864311.0
2026-04-02 08:00:00+00:00,0.006755,0.006769,0.006636,0.006682,14481266.0
2026-04-02 12:00:00+00:00,0.006682,0.006745,0.006595,0.006689,21391609.0
2026-04-02 16:00:00+00:00,0.006689,0.006764,0.006678,0.006718,7728629.0
2026-04-02 20:00:00+00:00,0.006718,0.00674,0.006677,0.006736,9006128.0
2026-04-03 00:00:00+00:00,0.006736,0.006866,0.006713,0.006852,16455194.0
2026-04-03 04:00:00+00:00,0.006852,0.007038,0.00685,0.006932,82350654.0
2026-04-03 08:00:00+00:00,0.006932,0.007102,0.006932,0.007031,75340718.0
2026-04-03 12:00:00+00:00,0.007031,0.007052,0.006868,0.006886,57366664.0
2026-04-03 16:00:00+00:00,0.006886,0.006999,0.006879,0.006985,21207106.0
2026-04-03 20:00:00+00:00,0.006985,0.007023,0.006968,0.006981,7066046.0
2026-04-04 00:00:00+00:00,0.006981,0.007316,0.00696,0.007227,71546995.0
2026-04-04 04:00:00+00:00,0.007227,0.007644,0.007224,0.007599,153502891.0
2026-04-04 08:00:00+00:00,0.007599,0.007663,0.007438,0.007631,154605173.0
2026-04-04 12:00:00+00:00,0.007631,0.007705,0.007318,0.007472,113565243.0
2026-04-04 16:00:00+00:00,0.007472,0.00752,0.007378,0.007408,34707805.0
2026-04-04 20:00:00+00:00,0.007408,0.00749,0.007392,0.007468,38838408.0
2026-04-05 00:00:00+00:00,0.007468,0.007529,0.007357,0.007506,55121913.0
2026-04-05 04:00:00+00:00,0.007506,0.00755,0.007338,0.007357,27007884.0
2026-04-05 08:00:00+00:00,0.007357,0.007508,0.007355,0.007456,33521275.0
2026-04-05 12:00:00+00:00,0.007456,0.007527,0.007332,0.007515,44628502.0
2026-04-05 16:00:00+00:00,0.007515,0.007535,0.00727,0.007311,62672240.0
2026-04-05 20:00:00+00:00,0.007311,0.007447,0.007287,0.00743,44211561.0
2026-04-06 00:00:00+00:00,0.00743,0.007542,0.007415,0.007489,30535569.0
2026-04-06 04:00:00+00:00,0.007489,0.007504,0.007424,0.007476,12177667.0
2026-04-06 08:00:00+00:00,0.007476,0.007533,0.007447,0.007489,19714892.0
2026-04-06 12:00:00+00:00,0.007489,0.007494,0.007385,0.007428,26353450.0
2026-04-06 16:00:00+00:00,0.007428,0.007432,0.007348,0.007361,20965453.0
2026-04-06 20:00:00+00:00,0.007361,0.00737,0.007101,0.007143,100278162.0
2026-04-07 00:00:00+00:00,0.007143,0.007165,0.007053,0.007085,22042481.0
2026-04-07 04:00:00+00:00,0.007085,0.007136,0.007044,0.007106,18538855.0
2026-04-07 08:00:00+00:00,0.007106,0.007134,0.007011,0.00704,36346874.0
2026-04-07 12:00:00+00:00,0.00704,0.007067,0.006952,0.006995,46954970.0
2026-04-07 16:00:00+00:00,0.006995,0.00708,0.006961,0.007078,101447263.0
2026-04-07 20:00:00+00:00,0.007078,0.00749,0.007043,0.007445,103882407.0
2026-04-08 00:00:00+00:00,0.007445,0.007518,0.007366,0.00743,33882196.0
2026-04-08 04:00:00+00:00,0.00743,0.007511,0.00743,0.007473,20981845.0
2026-04-08 08:00:00+00:00,0.007473,0.007476,0.007383,0.007432,20435750.0
2026-04-08 12:00:00+00:00,0.007432,0.00745,0.007282,0.00732,34145416.0
2026-04-08 16:00:00+00:00,0.00732,0.007387,0.007249,0.007296,27685504.0
2026-04-08 20:00:00+00:00,0.007296,0.007333,0.007161,0.007174,41397196.0
2026-04-09 00:00:00+00:00,0.007174,0.007189,0.007088,0.007153,22946639.0
2026-04-09 04:00:00+00:00,0.007153,0.007186,0.007126,0.007176,17680137.0
2026-04-09 08:00:00+00:00,0.007176,0.00721,0.007146,0.007146,11089854.0
2026-04-09 12:00:00+00:00,0.007146,0.007221,0.007037,0.007198,45535336.0
2026-04-09 16:00:00+00:00,0.007198,0.00723,0.007166,0.007198,16160124.0
2026-04-09 20:00:00+00:00,0.007198,0.007292,0.007107,0.007118,34133580.0
2026-04-10 00:00:00+00:00,0.007118,0.007138,0.007042,0.007051,29373376.0
2026-04-10 04:00:00+00:00,0.007051,0.00709,0.006992,0.006997,25195099.0
2026-04-10 08:00:00+00:00,0.006997,0.007048,0.006972,0.007015,37081770.0
2026-04-10 12:00:00+00:00,0.007015,0.007268,0.007005,0.007185,65586717.0
2026-04-10 16:00:00+00:00,0.007185,0.007278,0.00714,0.007258,38968328.0
2026-04-10 20:00:00+00:00,0.007258,0.007258,0.007051,0.007068,34238370.0
2026-04-11 00:00:00+00:00,0.007068,0.007081,0.006981,0.00699,41106553.0
2026-04-11 04:00:00+00:00,0.00699,0.007035,0.006976,0.006998,16391540.0
2026-04-11 08:00:00+00:00,0.006998,0.007054,0.006973,0.00703,25387158.0
2026-04-11 12:00:00+00:00,0.00703,0.007033,0.006932,0.006995,26467367.0
2026-04-11 16:00:00+00:00,0.006995,0.007143,0.00698,0.007141,29037631.0
2026-04-11 20:00:00+00:00,0.007141,0.007154,0.006972,0.006994,61302750.0
2026-04-12 00:00:00+00:00,0.006994,0.007028,0.006792,0.006853,102229846.0
2026-04-12 04:00:00+00:00,0.006853,0.006878,0.006817,0.00683,34104766.0
2026-04-12 08:00:00+00:00,0.00683,0.006851,0.006786,0.006822,23311844.0
2026-04-12 12:00:00+00:00,0.006822,0.006834,0.006758,0.006786,28944673.0
2026-04-12 16:00:00+00:00,0.006786,0.006838,0.006773,0.006792,28285841.0
2026-04-12 20:00:00+00:00,0.006792,0.006836,0.006695,0.00673,38725467.0
2026-04-13 00:00:00+00:00,0.00673,0.00679,0.006714,0.006751,16540483.0
2026-04-13 04:00:00+00:00,0.006751,0.006779,0.006699,0.006723,19211692.0
2026-04-13 08:00:00+00:00,0.006723,0.006774,0.006692,0.006762,14341201.0
2026-04-13 12:00:00+00:00,0.006762,0.006888,0.006739,0.006811,21608073.0
2026-04-13 16:00:00+00:00,0.006811,0.006916,0.006741,0.006911,72816651.0
2026-04-13 20:00:00+00:00,0.006911,0.007092,0.006824,0.007089,51037744.0
2026-04-14 00:00:00+00:00,0.007089,0.007103,0.00698,0.006995,32743296.0
2026-04-14 04:00:00+00:00,0.006995,0.007009,0.006919,0.006979,25143898.0
2026-04-14 08:00:00+00:00,0.006979,0.007022,0.006911,0.006921,26778745.0
2026-04-14 12:00:00+00:00,0.006921,0.007029,0.0069,0.006966,30127876.0
2026-04-14 16:00:00+00:00,0.006966,0.006999,0.006818,0.006865,47823500.0
2026-04-14 20:00:00+00:00,0.006865,0.006891,0.006842,0.006882,15617898.0
2026-04-15 00:00:00+00:00,0.006882,0.006959,0.006877,0.006929,20482368.0
2026-04-15 04:00:00+00:00,0.006929,0.006959,0.006863,0.006875,17816621.0
2026-04-15 08:00:00+00:00,0.006875,0.006986,0.006873,0.006967,33946018.0
2026-04-15 12:00:00+00:00,0.006967,0.007009,0.006911,0.006952,28394821.0
2026-04-15 16:00:00+00:00,0.006952,0.007058,0.006939,0.007029,57935274.0
2026-04-15 20:00:00+00:00,0.007029,0.007083,0.007001,0.007062,17354740.0
2026-04-16 00:00:00+00:00,0.007062,0.007178,0.007001,0.007166,23356206.0
2026-04-16 04:00:00+00:00,0.007166,0.007214,0.007112,0.007164,37950363.0
2026-04-16 08:00:00+00:00,0.007164,0.007176,0.007088,0.00713,20861857.0
2026-04-16 12:00:00+00:00,0.00713,0.007246,0.007042,0.0072,35211068.0
2026-04-16 16:00:00+00:00,0.0072,0.007492,0.007142,0.007469,72294189.0
2026-04-16 20:00:00+00:00,0.007469,0.00749,0.007327,0.007411,24284552.0
2026-04-17 00:00:00+00:00,0.007411,0.007431,0.007255,0.007268,27370166.0
2026-04-17 04:00:00+00:00,0.007268,0.007308,0.007178,0.007308,23822921.0
2026-04-17 08:00:00+00:00,0.007308,0.007342,0.007228,0.007276,19914932.0
2026-04-17 12:00:00+00:00,0.007276,0.007515,0.00725,0.007413,59911812.0
2026-04-17 16:00:00+00:00,0.007413,0.007478,0.00734,0.007395,46703262.0
2026-04-17 20:00:00+00:00,0.007395,0.007412,0.007311,0.007333,20815037.0
2026-04-18 00:00:00+00:00,0.007333,0.007333,0.007203,0.007225,25030004.0
2026-04-18 04:00:00+00:00,0.007225,0.007379,0.007205,0.007351,25900618.0
2026-04-18 08:00:00+00:00,0.007351,0.007365,0.007093,0.007141,55199760.0
2026-04-18 12:00:00+00:00,0.007141,0.007189,0.007096,0.007146,43722533.0
2026-04-18 16:00:00+00:00,0.007146,0.007164,0.007048,0.007079,30456265.0
2026-04-18 20:00:00+00:00,0.007079,0.007106,0.007056,0.007057,9455473.0
2026-04-19 00:00:00+00:00,0.007057,0.007079,0.006993,0.007049,22085244.0
2026-04-19 04:00:00+00:00,0.007049,0.007124,0.007011,0.007066,18847530.0
2026-04-19 08:00:00+00:00,0.007066,0.007221,0.007029,0.00716,48950853.0
2026-04-19 12:00:00+00:00,0.00716,0.007308,0.007146,0.007217,44799275.0
2026-04-19 16:00:00+00:00,0.007217,0.007234,0.007039,0.007102,35481090.0
2026-04-19 20:00:00+00:00,0.007102,0.007102,0.006918,0.006937,40093419.0
2026-04-20 00:00:00+00:00,0.006937,0.007041,0.006925,0.007036,26763421.0
2026-04-20 04:00:00+00:00,0.007036,0.007105,0.006965,0.007053,24480936.0
2026-04-20 08:00:00+00:00,0.007053,0.007106,0.007015,0.007047,20255845.0
2026-04-20 12:00:00+00:00,0.007047,0.007155,0.007017,0.00711,37891457.0
2026-04-20 16:00:00+00:00,0.00711,0.007197,0.007092,0.007147,18851665.0
2026-04-20 20:00:00+00:00,0.007147,0.007191,0.007065,0.007084,27379883.0
2026-04-21 00:00:00+00:00,0.007084,0.007105,0.007032,0.007054,20707609.0
2026-04-21 04:00:00+00:00,0.007054,0.007127,0.007037,0.007111,15457223.0
2026-04-21 08:00:00+00:00,0.007111,0.00721,0.007108,0.007194,29478652.0
2026-04-21 12:00:00+00:00,0.007194,0.007205,0.007087,0.007143,29280881.0
2026-04-21 16:00:00+00:00,0.007143,0.007159,0.006977,0.006991,50876702.0
2026-04-21 20:00:00+00:00,0.006991,0.007156,0.006976,0.007155,38407911.0
2026-04-22 00:00:00+00:00,0.007155,0.007239,0.007106,0.007231,26408476.0
2026-04-22 04:00:00+00:00,0.007231,0.007357,0.007221,0.007289,40471042.0
2026-04-22 08:00:00+00:00,0.007289,0.007327,0.007266,0.007303,23600914.0
2026-04-22 12:00:00+00:00,0.007303,0.007303,0.007225,0.007275,20887166.0
2026-04-22 16:00:00+00:00,0.007275,0.007308,0.007187,0.007231,25957978.0
2026-04-22 20:00:00+00:00,0.007231,0.007259,0.007128,0.007132,27378293.0
2026-04-23 00:00:00+00:00,0.007132,0.00715,0.007021,0.007054,33575123.0
2026-04-23 04:00:00+00:00,0.007054,0.007136,0.00704,0.007122,27024009.0
2026-04-23 08:00:00+00:00,0.007122,0.007201,0.007067,0.007196,24059657.0
2026-04-23 12:00:00+00:00,0.007196,0.007428,0.007167,0.00738,84382092.0
2026-04-23 16:00:00+00:00,0.00738,0.007409,0.007131,0.007215,81978316.0
2026-04-23 20:00:00+00:00,0.007215,0.007314,0.007188,0.007244,39645291.0
2026-04-24 00:00:00+00:00,0.007244,0.007278,0.007169,0.007207,41363440.0
2026-04-24 04:00:00+00:00,0.007207,0.007284,0.007177,0.007266,22177369.0
2026-04-24 08:00:00+00:00,0.007266,0.007376,0.007247,0.007356,31558721.0
2026-04-24 12:00:00+00:00,0.007356,0.007373,0.007252,0.007364,30261538.0
2026-04-24 16:00:00+00:00,0.007364,0.007375,0.007271,0.007329,19301941.0
2026-04-24 20:00:00+00:00,0.007329,0.007352,0.007244,0.007257,21711312.0
2026-04-25 00:00:00+00:00,0.007257,0.007412,0.007235,0.007395,23485796.0
2026-04-25 04:00:00+00:00,0.007395,0.007462,0.007325,0.007393,32150227.0
2026-04-25 08:00:00+00:00,0.007393,0.007459,0.007338,0.007365,39946532.0
2026-04-25 12:00:00+00:00,0.007365,0.007409,0.007322,0.007332,23981991.0
2026-04-25 16:00:00+00:00,0.007332,0.007344,0.007264,0.007289,19111938.0
2026-04-25 20:00:00+00:00,0.007289,0.00738,0.007279,0.007355,14946538.0
2026-04-26 00:00:00+00:00,0.007355,0.007356,0.007277,0.007323,25254973.0
2026-04-26 04:00:00+00:00,0.007323,0.007415,0.007304,0.007405,15346339.0
2026-04-26 08:00:00+00:00,0.007405,0.00744,0.00737,0.007429,14110067.0
2026-04-26 12:00:00+00:00,0.007429,0.007441,0.00734,0.007393,28160314.0
2026-04-26 16:00:00+00:00,0.007393,0.007411,0.007331,0.007377,16155814.0
2026-04-26 20:00:00+00:00,0.007377,0.007407,0.007325,0.007361,13365883.0
2026-04-27 00:00:00+00:00,0.007361,0.007445,0.007346,0.007418,22720074.0
2026-04-27 04:00:00+00:00,0.007418,0.007426,0.007176,0.007225,67113767.0
2026-04-27 08:00:00+00:00,0.007225,0.007274,0.007197,0.00726,24814021.0
2026-04-27 12:00:00+00:00,0.00726,0.007303,0.007148,0.007176,54573211.0
2026-04-27 16:00:00+00:00,0.007176,0.007201,0.007097,0.007159,29920916.0
2026-04-27 20:00:00+00:00,0.007159,0.007226,0.007151,0.007223,21229774.0
2026-04-28 00:00:00+00:00,0.007223,0.007227,0.007142,0.00717,9270928.0
2026-04-28 04:00:00+00:00,0.00717,0.007217,0.007142,0.007182,8090106.0
2026-04-28 08:00:00+00:00,0.007182,0.007208,0.007121,0.007132,17995621.0
2026-04-28 12:00:00+00:00,0.007132,0.00716,0.007089,0.007117,35258627.0
2026-04-28 16:00:00+00:00,0.007117,0.0072,0.007082,0.007189,20007092.0
2026-04-28 20:00:00+00:00,0.007189,0.007202,0.007125,0.007136,14427627.0
2026-04-29 00:00:00+00:00,0.007136,0.007202,0.00712,0.0072,11642268.0
2026-04-29 04:00:00+00:00,0.0072,0.007226,0.007166,0.007166,8791043.0
2026-04-29 08:00:00+00:00,0.007166,0.007274,0.00714,0.007196,30035346.0
2026-04-29 12:00:00+00:00,0.007196,0.007198,0.006998,0.007021,57967170.0
2026-04-29 16:00:00+00:00,0.007021,0.007074,0.006867,0.006942,81269288.0
2026-04-29 20:00:00+00:00,0.006942,0.007011,0.006941,0.006993,23135357.0
2026-04-30 00:00:00+00:00,0.006993,0.007067,0.00695,0.006982,22207264.0
2026-04-30 04:00:00+00:00,0.006982,0.007046,0.006922,0.007045,21426202.0
2026-04-30 08:00:00+00:00,0.007045,0.007118,0.007032,0.007061,28054692.0
2026-04-30 12:00:00+00:00,0.007061,0.007099,0.007006,0.007043,20934817.0
2026-04-30 16:00:00+00:00,0.007043,0.007056,0.006985,0.006993,21195863.0
2026-04-30 20:00:00+00:00,0.006993,0.007004,0.006962,0.006985,9873788.0
2026-05-01 00:00:00+00:00,0.006985,0.007118,0.006985,0.007077,14304802.0
2026-05-01 04:00:00+00:00,0.007077,0.007094,0.006998,0.007027,12174822.0
2026-05-01 08:00:00+00:00,0.007027,0.007046,0.006978,0.007005,11569112.0
2026-05-01 12:00:00+00:00,0.007005,0.007243,0.007,0.007226,65838058.0
2026-05-01 16:00:00+00:00,0.007226,0.007242,0.007158,0.007223,46169926.0
2026-05-01 20:00:00+00:00,0.007223,0.007229,0.007139,0.007153,16063417.0
2026-05-02 00:00:00+00:00,0.007153,0.007224,0.007153,0.007181,21204301.0
2026-05-02 04:00:00+00:00,0.007181,0.007181,0.00713,0.007151,16356887.0
2026-05-02 08:00:00+00:00,0.007151,0.007178,0.007127,0.007142,22530542.0
2026-05-02 12:00:00+00:00,0.007142,0.007172,0.00713,0.007165,13445078.0
2026-05-02 16:00:00+00:00,0.007165,0.007223,0.00716,0.007219,12655375.0
2026-05-02 20:00:00+00:00,0.007219,0.007258,0.007203,0.007207,23833128.0
2026-05-03 00:00:00+00:00,0.007207,0.00722,0.007139,0.007159,21766940.0
2026-05-03 04:00:00+00:00,0.007159,0.007197,0.007149,0.007188,12255494.0
2026-05-03 08:00:00+00:00,0.007188,0.007207,0.007142,0.007179,23207189.0
2026-05-03 12:00:00+00:00,0.007179,0.007215,0.007143,0.007209,19504720.0
2026-05-03 16:00:00+00:00,0.007209,0.007225,0.007187,0.00722,13789135.0
2026-05-03 20:00:00+00:00,0.00722,0.007263,0.007192,0.007205,20282116.0
2026-05-04 00:00:00+00:00,0.007205,0.007359,0.007153,0.007342,43124385.0
2026-05-04 04:00:00+00:00,0.007342,0.007429,0.007318,0.007342,76572710.0
2026-05-04 08:00:00+00:00,0.007342,0.007346,0.00713,0.007172,84556170.0
2026-05-04 12:00:00+00:00,0.007172,0.00722,0.007065,0.007182,74359743.0
2026-05-04 16:00:00+00:00,0.007182,0.007253,0.007146,0.007204,28360612.0
2026-05-04 20:00:00+00:00,0.007204,0.007239,0.007131,0.007154,22298356.0
2026-05-05 00:00:00+00:00,0.007154,0.007238,0.007153,0.007211,15903493.0
2026-05-05 04:00:00+00:00,0.007211,0.007287,0.007182,0.007273,16705864.0
2026-05-05 08:00:00+00:00,0.007273,0.007309,0.007217,0.007275,19957690.0
2026-05-05 12:00:00+00:00,0.007275,0.007346,0.007259,0.007293,31570196.0
2026-05-05 16:00:00+00:00,0.007293,0.007358,0.007264,0.007351,14594374.0
2026-05-05 20:00:00+00:00,0.007351,0.007635,0.007351,0.007501,92344868.0
2026-05-06 00:00:00+00:00,0.007501,0.007673,0.007463,0.007654,38769225.0
2026-05-06 04:00:00+00:00,0.007654,0.007693,0.007542,0.007624,38853438.0
2026-05-06 08:00:00+00:00,0.007624,0.007766,0.007618,0.007715,45315694.0
2026-05-06 12:00:00+00:00,0.007715,0.007755,0.007527,0.00765,49445786.0
2026-05-06 16:00:00+00:00,0.00765,0.007692,0.007613,0.007673,16038540.0
2026-05-06 20:00:00+00:00,0.007673,0.007744,0.007631,0.007712,14350276.0
2026-05-07 00:00:00+00:00,0.007712,0.007714,0.00752,0.007553,26866389.0
2026-05-07 04:00:00+00:00,0.007553,0.007753,0.007553,0.007752,16211307.0
2026-05-07 08:00:00+00:00,0.007752,0.00776,0.007655,0.007715,29389426.0
2026-05-07 12:00:00+00:00,0.007715,0.007984,0.007667,0.007708,391405320.0
2026-05-07 16:00:00+00:00,0.007708,0.007725,0.007582,0.007628,92050645.0
2026-05-07 20:00:00+00:00,0.007628,0.007684,0.007546,0.007617,42002744.0
2026-05-08 00:00:00+00:00,0.007617,0.007632,0.00751,0.007574,28337002.0
2026-05-08 04:00:00+00:00,0.007574,0.007634,0.007527,0.00757,21937893.0
2026-05-08 08:00:00+00:00,0.00757,0.007688,0.00757,0.007681,17904125.0
2026-05-08 12:00:00+00:00,0.007681,0.007695,0.007481,0.007651,83068016.0
2026-05-08 16:00:00+00:00,0.007651,0.007843,0.007626,0.007762,73317363.0
2026-05-08 20:00:00+00:00,0.007762,0.008123,0.007762,0.007954,56007753.0
2026-05-09 00:00:00+00:00,0.007954,0.008109,0.00794,0.008005,32200501.0
2026-05-09 04:00:00+00:00,0.008005,0.008026,0.00764,0.007652,107337353.0
2026-05-09 08:00:00+00:00,0.007652,0.007701,0.007605,0.007693,43602087.0
2026-05-09 12:00:00+00:00,0.007693,0.007706,0.007501,0.007581,67543989.0
2026-05-09 16:00:00+00:00,0.007581,0.00765,0.007442,0.007633,66886984.0
2026-05-09 20:00:00+00:00,0.007633,0.007639,0.007555,0.007577,28315137.0
2026-05-10 00:00:00+00:00,0.007577,0.007615,0.007494,0.007594,35456291.0
2026-05-10 04:00:00+00:00,0.007594,0.00784,0.007586,0.007733,83362713.0
2026-05-10 08:00:00+00:00,0.007733,0.007763,0.007661,0.007748,39352805.0
2026-05-10 12:00:00+00:00,0.007748,0.007904,0.007717,0.007888,60110577.0
2026-05-10 16:00:00+00:00,0.007888,0.008057,0.00787,0.007978,60035178.0
2026-05-10 20:00:00+00:00,0.007978,0.008015,0.007713,0.007909,82593306.0
2026-05-11 00:00:00+00:00,0.007909,0.007952,0.007674,0.007735,34165068.0
2026-05-11 04:00:00+00:00,0.007735,0.007811,0.007689,0.007758,19588040.0
2026-05-11 08:00:00+00:00,0.007758,0.007868,0.007717,0.007798,18312790.0
2026-05-11 12:00:00+00:00,0.007798,0.00782,0.00763,0.007734,65619466.0
2026-05-11 16:00:00+00:00,0.007734,0.0078,0.007687,0.007793,18667012.0
2026-05-11 20:00:00+00:00,0.007793,0.007816,0.007719,0.007749,11375745.0
2026-05-12 00:00:00+00:00,0.007749,0.007846,0.007645,0.007673,42901627.0
2026-05-12 04:00:00+00:00,0.007673,0.007725,0.007638,0.007677,120183547.0
2026-05-12 08:00:00+00:00,0.007677,0.007687,0.007549,0.007589,39573671.0
2026-05-12 12:00:00+00:00,0.007589,0.007604,0.00738,0.007411,66524416.0
2026-05-12 16:00:00+00:00,0.007411,0.00751,0.007372,0.007489,50671162.0
2026-05-12 20:00:00+00:00,0.007489,0.007507,0.007456,0.007472,15205154.0
2026-05-13 00:00:00+00:00,0.007472,0.007638,0.007458,0.007627,32754558.0
2026-05-13 04:00:00+00:00,0.007627,0.007646,0.00758,0.007626,15971672.0
2026-05-13 08:00:00+00:00,0.007626,0.007747,0.007513,0.007528,42802591.0
2026-05-13 12:00:00+00:00,0.007528,0.007537,0.007206,0.00724,127226270.0
2026-05-13 16:00:00+00:00,0.00724,0.007345,0.007228,0.007277,23543078.0
2026-05-13 20:00:00+00:00,0.007277,0.007321,0.007211,0.007286,34344053.0
2026-05-14 00:00:00+00:00,0.007286,0.00736,0.007159,0.007192,72179248.0
2026-05-14 04:00:00+00:00,0.007192,0.007306,0.007184,0.007224,30585752.0
2026-05-14 08:00:00+00:00,0.007224,0.007282,0.007204,0.007218,19704667.0
2026-05-14 12:00:00+00:00,0.007218,0.007447,0.007212,0.007419,46902535.0
2026-05-14 16:00:00+00:00,0.007419,0.007515,0.007339,0.007433,75831609.0
2026-05-14 20:00:00+00:00,0.007433,0.007449,0.007335,0.007345,29624994.0
2026-05-15 00:00:00+00:00,0.007345,0.007413,0.0073,0.007341,43082785.0
2026-05-15 04:00:00+00:00,0.007341,0.007356,0.007152,0.00724,105736979.0
2026-05-15 08:00:00+00:00,0.00724,0.007245,0.007181,0.007201,44639952.0
2026-05-15 12:00:00+00:00,0.007201,0.007212,0.006872,0.006985,109465046.0
2026-05-15 16:00:00+00:00,0.006985,0.007062,0.006977,0.007018,13462626.0
2026-05-15 20:00:00+00:00,0.007018,0.007033,0.006985,0.007025,15542328.0
2026-05-16 00:00:00+00:00,0.007025,0.007066,0.007006,0.007048,17413923.0
2026-05-16 04:00:00+00:00,0.007048,0.007048,0.006785,0.006861,49786092.0
2026-05-16 08:00:00+00:00,0.006861,0.006882,0.006738,0.006814,60251453.0
2026-05-16 12:00:00+00:00,0.006814,0.00688,0.006761,0.006867,46971819.0
2026-05-16 16:00:00+00:00,0.006867,0.006887,0.006838,0.00684,22199361.0
2026-05-16 20:00:00+00:00,0.00684,0.006852,0.006814,0.006833,12128425.0
2026-05-17 00:00:00+00:00,0.006833,0.006842,0.006753,0.006821,24011798.0
2026-05-17 04:00:00+00:00,0.006821,0.006865,0.006818,0.006842,10875368.0
2026-05-17 08:00:00+00:00,0.006842,0.006855,0.006812,0.006823,13725833.0
2026-05-17 12:00:00+00:00,0.006823,0.006843,0.006757,0.006781,17873383.0
2026-05-17 16:00:00+00:00,0.006781,0.006799,0.006711,0.006785,32463763.0
2026-05-17 20:00:00+00:00,0.006785,0.006812,0.006448,0.00666,99934963.0
2026-05-18 00:00:00+00:00,0.00666,0.006734,0.006603,0.006695,26681832.0
2026-05-18 04:00:00+00:00,0.006695,0.006734,0.006613,0.006661,25359861.0
2026-05-18 08:00:00+00:00,0.006661,0.006729,0.006613,0.006697,23429004.0
2026-05-18 12:00:00+00:00,0.006697,0.006772,0.00662,0.006682,39437653.0
2026-05-18 16:00:00+00:00,0.006682,0.00676,0.006604,0.006737,39455694.0
2026-05-18 20:00:00+00:00,0.006737,0.006794,0.006696,0.006763,20348932.0
2026-05-19 00:00:00+00:00,0.006763,0.006805,0.0067,0.006731,11505319.0
2026-05-19 04:00:00+00:00,0.006731,0.006786,0.006701,0.006773,15295408.0
2026-05-19 08:00:00+00:00,0.006773,0.006779,0.006645,0.006653,14516627.0
2026-05-19 12:00:00+00:00,0.006653,0.006745,0.006635,0.00664,22049801.0
2026-05-19 16:00:00+00:00,0.00664,0.006676,0.006404,0.006505,81480957.0
2026-05-19 20:00:00+00:00,0.006505,0.006573,0.00649,0.006538,41207118.0
2026-05-20 00:00:00+00:00,0.006538,0.006551,0.006476,0.006519,23553148.0
2026-05-20 04:00:00+00:00,0.006519,0.00661,0.0065,0.006587,26971178.0
2026-05-20 08:00:00+00:00,0.006587,0.006615,0.006551,0.006561,23441756.0
2026-05-20 12:00:00+00:00,0.006561,0.00672,0.006525,0.006665,49753098.0
2026-05-20 16:00:00+00:00,0.006665,0.006704,0.006618,0.006661,38481176.0
2026-05-20 20:00:00+00:00,0.006661,0.006673,0.006593,0.006611,24453671.0
2026-05-21 00:00:00+00:00,0.006611,0.006696,0.006603,0.00667,23401648.0
2026-05-21 04:00:00+00:00,0.00667,0.006689,0.006597,0.00664,29450144.0
2026-05-21 08:00:00+00:00,0.00664,0.006658,0.006517,0.006535,46005531.0
2026-05-21 12:00:00+00:00,0.006535,0.006612,0.00652,0.006598,52596405.0
2026-05-21 16:00:00+00:00,0.006598,0.006737,0.006566,0.006705,48239137.0
2026-05-21 20:00:00+00:00,0.006705,0.006728,0.006669,0.0067,17950013.0
2026-05-22 00:00:00+00:00,0.0067,0.006764,0.006656,0.006749,18234081.0
2026-05-22 04:00:00+00:00,0.006749,0.006762,0.006686,0.006745,17017732.0
2026-05-22 08:00:00+00:00,0.006745,0.00679,0.006711,0.006743,24259509.0
2026-05-22 12:00:00+00:00,0.006743,0.006816,0.006664,0.006708,37302257.0
2026-05-22 16:00:00+00:00,0.006708,0.006729,0.006468,0.006528,80341910.0
2026-05-22 20:00:00+00:00,0.006528,0.006603,0.006453,0.006515,51828277.0
2026-05-23 00:00:00+00:00,0.006515,0.00665,0.006495,0.006628,27135663.0
2026-05-23 04:00:00+00:00,0.006628,0.00663,0.006365,0.006444,67174047.0
2026-05-23 08:00:00+00:00,0.006444,0.006465,0.006394,0.006412,35723504.0
2026-05-23 12:00:00+00:00,0.006412,0.006579,0.006389,0.006573,38983929.0
2026-05-23 16:00:00+00:00,0.006573,0.006668,0.006541,0.006668,20802814.0
2026-05-23 20:00:00+00:00,0.006668,0.006964,0.006665,0.006762,101187246.0
2026-05-24 00:00:00+00:00,0.006762,0.006795,0.006715,0.006724,16794011.0
2026-05-24 04:00:00+00:00,0.006724,0.006783,0.006682,0.006716,31537795.0
2026-05-24 08:00:00+00:00,0.006716,0.006789,0.006685,0.00672,34465255.0
2026-05-24 12:00:00+00:00,0.00672,0.006721,0.006545,0.006637,34311774.0
2026-05-24 16:00:00+00:00,0.006637,0.006661,0.006621,0.006646,13963241.0
2026-05-24 20:00:00+00:00,0.006646,0.006652,0.006513,0.006622,32130468.0
2026-05-25 00:00:00+00:00,0.006622,0.00666,0.006596,0.006615,20621383.0
2026-05-25 04:00:00+00:00,0.006615,0.006725,0.006602,0.006697,11394520.0
2026-05-25 08:00:00+00:00,0.006697,0.006727,0.006657,0.006657,22124070.0
2026-05-25 12:00:00+00:00,0.006657,0.006765,0.006652,0.006729,22916302.0
2026-05-25 16:00:00+00:00,0.006729,0.006748,0.00667,0.006692,12132555.0
2026-05-25 20:00:00+00:00,0.006692,0.006699,0.00661,0.006644,11307210.0
2026-05-26 00:00:00+00:00,0.006644,0.006671,0.006536,0.006644,30949923.0
2026-05-26 04:00:00+00:00,0.006644,0.006736,0.006508,0.00654,66821948.0
2026-05-26 08:00:00+00:00,0.00654,0.006637,0.006525,0.006587,58761476.0
2026-05-26 12:00:00+00:00,0.006587,0.006655,0.006483,0.006515,67473500.0
2026-05-26 16:00:00+00:00,0.006515,0.006518,0.006236,0.006322,128554572.0
2026-05-26 20:00:00+00:00,0.006322,0.006337,0.006257,0.006307,67161103.0
2026-05-27 00:00:00+00:00,0.006307,0.00637,0.006304,0.006312,30868968.0
2026-05-27 04:00:00+00:00,0.006312,0.006325,0.006231,0.006281,34592074.0
2026-05-27 08:00:00+00:00,0.006281,0.006289,0.006071,0.006188,77209425.0
2026-05-27 12:00:00+00:00,0.006188,0.006275,0.006143,0.006245,62278267.0
2026-05-27 16:00:00+00:00,0.006245,0.006273,0.006109,0.006181,77851233.0
2026-05-27 20:00:00+00:00,0.006181,0.006194,0.006057,0.006098,51942399.0
2026-05-28 00:00:00+00:00,0.006098,0.006133,0.005914,0.005959,168166486.0
2026-05-28 04:00:00+00:00,0.005959,0.005994,0.005904,0.005976,66986289.0
2026-05-28 08:00:00+00:00,0.005976,0.00598,0.00589,0.005908,27899356.0
2026-05-28 12:00:00+00:00,0.005908,0.005958,0.005823,0.005905,79154818.0
2026-05-28 16:00:00+00:00,0.005905,0.006045,0.005877,0.005961,41190277.0
2026-05-28 20:00:00+00:00,0.005961,0.006017,0.005926,0.00597,39680305.0
2026-05-29 00:00:00+00:00,0.00597,0.005995,0.005892,0.005893,33167441.0
2026-05-29 04:00:00+00:00,0.005893,0.005965,0.005866,0.005921,19855809.0
2026-05-29 08:00:00+00:00,0.005921,0.005969,0.00588,0.005898,18597074.0
2026-05-29 12:00:00+00:00,0.005898,0.005925,0.005613,0.005889,129631844.0
2026-05-29 16:00:00+00:00,0.005889,0.005938,0.005717,0.005806,78002545.0
2026-05-29 20:00:00+00:00,0.005806,0.005879,0.005794,0.005855,23871595.0
2026-05-30 00:00:00+00:00,0.005855,0.006185,0.005834,0.006136,96359767.0
2026-05-30 04:00:00+00:00,0.006136,0.006312,0.006022,0.006312,141651955.0
2026-05-30 08:00:00+00:00,0.006312,0.006431,0.006191,0.00621,191822037.0
2026-05-30 12:00:00+00:00,0.00621,0.006289,0.006133,0.006145,71096250.0
2026-05-30 16:00:00+00:00,0.006145,0.006168,0.006109,0.006137,32910875.0
2026-05-30 20:00:00+00:00,0.006137,0.006181,0.006083,0.006105,31099997.0
2026-05-31 00:00:00+00:00,0.006105,0.006158,0.006062,0.006107,42174368.0
2026-05-31 04:00:00+00:00,0.006107,0.006171,0.006079,0.006103,23096297.0
2026-05-31 08:00:00+00:00,0.006103,0.006137,0.006056,0.006071,27991647.0
2026-05-31 12:00:00+00:00,0.006071,0.006116,0.005953,0.006007,69431245.0
2026-05-31 16:00:00+00:00,0.006007,0.006038,0.00595,0.006037,25027200.0
2026-05-31 20:00:00+00:00,0.006037,0.006114,0.005998,0.00608,44843861.0
2026-06-01 00:00:00+00:00,0.00608,0.006135,0.006013,0.006074,39884701.0
2026-06-01 04:00:00+00:00,0.006074,0.006091,0.005898,0.005907,36853715.0
2026-06-01 08:00:00+00:00,0.005907,0.00598,0.0059,0.00592,35372774.0
2026-06-01 12:00:00+00:00,0.00592,0.005936,0.005817,0.005871,50786858.0
2026-06-01 16:00:00+00:00,0.005871,0.006015,0.005849,0.005981,43120718.0
2026-06-01 20:00:00+00:00,0.005981,0.005986,0.005884,0.005964,26094368.0
2026-06-02 00:00:00+00:00,0.005964,0.005973,0.005827,0.005917,24975995.0
2026-06-02 04:00:00+00:00,0.005917,0.005926,0.005763,0.005812,54080973.0
2026-06-02 08:00:00+00:00,0.005812,0.005825,0.005752,0.005777,33157446.0
2026-06-02 12:00:00+00:00,0.005777,0.005808,0.005469,0.005557,119991563.0
2026-06-02 16:00:00+00:00,0.005557,0.005658,0.005478,0.005582,43886420.0
2026-06-02 20:00:00+00:00,0.005582,0.005645,0.005426,0.005525,72937034.0
2026-06-03 00:00:00+00:00,0.005525,0.005586,0.005445,0.005472,44527474.0
2026-06-03 04:00:00+00:00,0.005472,0.005759,0.005472,0.005693,72955731.0
2026-06-03 08:00:00+00:00,0.005693,0.005774,0.00565,0.005748,39922808.0
2026-06-03 12:00:00+00:00,0.005748,0.00585,0.0057,0.005728,50023597.0
2026-06-03 16:00:00+00:00,0.005728,0.005733,0.005612,0.005612,43962850.0
2026-06-03 20:00:00+00:00,0.005612,0.005687,0.005504,0.005584,76612363.0
2026-06-04 00:00:00+00:00,0.005584,0.005636,0.005146,0.005507,130276149.0
2026-06-04 04:00:00+00:00,0.005507,0.005531,0.005335,0.005342,52073768.0
2026-06-04 08:00:00+00:00,0.005342,0.005378,0.005218,0.005307,73376960.0
2026-06-04 12:00:00+00:00,0.005307,0.005503,0.005252,0.005453,52889706.0
2026-06-04 16:00:00+00:00,0.005453,0.005456,0.005341,0.005413,40518033.0
2026-06-04 20:00:00+00:00,0.005413,0.005414,0.005236,0.005339,38757021.0
2026-06-05 00:00:00+00:00,0.005339,0.005339,0.005097,0.005101,87058362.0
2026-06-05 04:00:00+00:00,0.005101,0.005185,0.004841,0.005049,123500847.0
2026-06-05 08:00:00+00:00,0.005049,0.005102,0.004968,0.004992,47041816.0
2026-06-05 12:00:00+00:00,0.004992,0.005099,0.004818,0.004884,144343099.0
2026-06-05 16:00:00+00:00,0.004884,0.004957,0.004583,0.004729,242116747.0
2026-06-05 20:00:00+00:00,0.004729,0.004868,0.004678,0.004766,88949791.0
2026-06-06 00:00:00+00:00,0.004766,0.004831,0.004655,0.004657,49354505.0
2026-06-06 04:00:00+00:00,0.004657,0.004719,0.004461,0.004702,149259217.0
2026-06-06 08:00:00+00:00,0.004702,0.004802,0.004638,0.004713,55535694.0
2026-06-06 12:00:00+00:00,0.004713,0.00476,0.004662,0.004715,66275247.0
2026-06-06 16:00:00+00:00,0.004715,0.004736,0.004638,0.004666,40979452.0
2026-06-06 20:00:00+00:00,0.004666,0.004763,0.004648,0.004748,43358028.0
2026-06-07 00:00:00+00:00,0.004748,0.004857,0.004718,0.004799,38976312.0
2026-06-07 04:00:00+00:00,0.004799,0.004884,0.004767,0.004884,30932271.0
2026-06-07 08:00:00+00:00,0.004884,0.004947,0.004855,0.004872,38638296.0
2026-06-07 12:00:00+00:00,0.004872,0.004874,0.004755,0.004821,43628364.0
2026-06-07 16:00:00+00:00,0.004821,0.004856,0.004727,0.004751,41986669.0
2026-06-07 20:00:00+00:00,0.004751,0.004998,0.004739,0.004938,64474889.0
2026-06-08 00:00:00+00:00,0.004938,0.004986,0.004854,0.004894,28481820.0
2026-06-08 04:00:00+00:00,0.004894,0.004898,0.004806,0.004881,31227711.0
2026-06-08 08:00:00+00:00,0.004881,0.005017,0.004854,0.004994,44367534.0
2026-06-08 12:00:00+00:00,0.004994,0.005016,0.004927,0.004945,40911139.0
2026-06-08 16:00:00+00:00,0.004945,0.004999,0.004941,0.004965,19257018.0
2026-06-08 20:00:00+00:00,0.004965,0.00503,0.004918,0.00494,16670215.0
2026-06-09 00:00:00+00:00,0.00494,0.00494,0.004818,0.004845,15447157.0
2026-06-09 04:00:00+00:00,0.004845,0.004935,0.004826,0.004892,24391862.0
2026-06-09 08:00:00+00:00,0.004892,0.004906,0.004844,0.0049,43838084.0
2026-06-09 12:00:00+00:00,0.0049,0.004925,0.004776,0.004787,53890871.0
2026-06-09 16:00:00+00:00,0.004787,0.004849,0.004727,0.004841,49741704.0
2026-06-09 20:00:00+00:00,0.004841,0.00487,0.004808,0.004816,31544008.0
2026-06-10 00:00:00+00:00,0.004816,0.004842,0.004727,0.004752,27284083.0
2026-06-10 04:00:00+00:00,0.004752,0.004786,0.004715,0.004773,28405404.0
2026-06-10 08:00:00+00:00,0.004773,0.004774,0.00466,0.004682,40496538.0
2026-06-10 12:00:00+00:00,0.004682,0.00484,0.004672,0.004786,75105289.0
2026-06-10 16:00:00+00:00,0.004786,0.004805,0.004676,0.004697,45589946.0
2026-06-10 20:00:00+00:00,0.004697,0.004703,0.004618,0.004693,69245684.0
2026-06-11 00:00:00+00:00,0.004693,0.004837,0.004693,0.004826,43177215.0
2026-06-11 04:00:00+00:00,0.004826,0.004857,0.004781,0.004791,19704942.0
2026-06-11 08:00:00+00:00,0.004791,0.004832,0.004776,0.0048,32004087.0
2026-06-11 12:00:00+00:00,0.0048,0.004828,0.004732,0.004817,40426446.0
2026-06-11 16:00:00+00:00,0.004817,0.004979,0.004759,0.004922,105330873.0
2026-06-11 20:00:00+00:00,0.004922,0.004987,0.004897,0.004986,25410331.0
2026-06-12 00:00:00+00:00,0.004986,0.005011,0.004918,0.004947,25973560.0
2026-06-12 04:00:00+00:00,0.004947,0.004977,0.004888,0.004944,29382000.0
2026-06-12 08:00:00+00:00,0.004944,0.005059,0.00494,0.005056,30125872.0
2026-06-12 12:00:00+00:00,0.005056,0.005117,0.004972,0.004976,71308209.0
2026-06-12 16:00:00+00:00,0.004976,0.005032,0.004949,0.005013,41530168.0
2026-06-12 20:00:00+00:00,0.005013,0.005025,0.004962,0.005007,14717012.0
2026-06-13 00:00:00+00:00,0.005007,0.005077,0.005,0.00502,24291249.0
2026-06-13 04:00:00+00:00,0.00502,0.005167,0.005002,0.005149,35447710.0
2026-06-13 08:00:00+00:00,0.005149,0.005167,0.005093,0.005135,10637937.0
2026-06-13 12:00:00+00:00,0.005135,0.005151,0.005098,0.005125,12580428.0
2026-06-13 16:00:00+00:00,0.005125,0.005125,0.005028,0.005112,33565372.0
2026-06-13 20:00:00+00:00,0.005112,0.005149,0.00509,0.005107,8537932.0
2026-06-14 00:00:00+00:00,0.005107,0.005115,0.005066,0.00508,10999498.0
2026-06-14 04:00:00+00:00,0.00508,0.00508,0.005004,0.005025,12025155.0
2026-06-14 08:00:00+00:00,0.005025,0.005064,0.00501,0.00501,10801243.0
2026-06-14 12:00:00+00:00,0.00501,0.00503,0.004918,0.004928,16284537.0
2026-06-14 16:00:00+00:00,0.004928,0.004952,0.00487,0.004893,21481372.0
2026-06-14 20:00:00+00:00,0.004893,0.005142,0.004892,0.005091,35785031.0
2026-06-15 00:00:00+00:00,0.005091,0.005111,0.00503,0.005079,16855646.0
2026-06-15 04:00:00+00:00,0.005079,0.005132,0.005059,0.005101,15043775.0
2026-06-15 08:00:00+00:00,0.005101,0.005238,0.005095,0.005238,23702395.0
2026-06-15 12:00:00+00:00,0.005238,0.005353,0.005221,0.005327,34915301.0
2026-06-15 16:00:00+00:00,0.005327,0.005533,0.005254,0.005284,40555563.0
2026-06-15 20:00:00+00:00,0.005284,0.005331,0.005227,0.005268,15018186.0
2026-06-16 00:00:00+00:00,0.005268,0.005301,0.005195,0.005274,13706726.0
2026-06-16 04:00:00+00:00,0.005274,0.005301,0.005199,0.005264,19057532.0
2026-06-16 08:00:00+00:00,0.005264,0.005353,0.005258,0.005288,12096830.0
2026-06-16 12:00:00+00:00,0.005288,0.005331,0.005111,0.005187,37252089.0
2026-06-16 16:00:00+00:00,0.005187,0.005291,0.005176,0.005205,19719414.0
2026-06-16 20:00:00+00:00,0.005205,0.005241,0.005188,0.005207,16260059.0
2026-06-17 00:00:00+00:00,0.005207,0.005248,0.005166,0.00519,12027425.0
2026-06-17 04:00:00+00:00,0.00519,0.005214,0.005116,0.005142,13252127.0
2026-06-17 08:00:00+00:00,0.005142,0.005148,0.004984,0.005024,50353945.0
2026-06-17 12:00:00+00:00,0.005024,0.005128,0.004992,0.005121,53087479.0
2026-06-17 16:00:00+00:00,0.005121,0.00516,0.004951,0.00498,48789881.0
2026-06-17 20:00:00+00:00,0.00498,0.005045,0.004952,0.005039,22957668.0
2026-06-18 00:00:00+00:00,0.005039,0.00509,0.004999,0.005005,13952201.0
2026-06-18 04:00:00+00:00,0.005005,0.005007,0.004931,0.004994,22173652.0
2026-06-18 08:00:00+00:00,0.004994,0.005011,0.00494,0.00495,13753325.0
2026-06-18 12:00:00+00:00,0.00495,0.004989,0.004793,0.004807,52168831.0
2026-06-18 16:00:00+00:00,0.004807,0.004845,0.004717,0.0048,60006673.0
2026-06-18 20:00:00+00:00,0.0048,0.004844,0.004788,0.00483,17521759.0
2026-06-19 00:00:00+00:00,0.00483,0.004885,0.004758,0.004798,41482712.0
2026-06-19 04:00:00+00:00,0.004798,0.004819,0.004755,0.004779,17131541.0
2026-06-19 08:00:00+00:00,0.004779,0.004838,0.004763,0.004823,11560043.0
2026-06-19 12:00:00+00:00,0.004823,0.004948,0.004791,0.004891,42182348.0
2026-06-19 16:00:00+00:00,0.004891,0.004915,0.004817,0.004834,15748770.0
2026-06-19 20:00:00+00:00,0.004834,0.004919,0.004827,0.004913,14588672.0
2026-06-20 00:00:00+00:00,0.004913,0.004928,0.004856,0.004905,15478901.0
2026-06-20 04:00:00+00:00,0.004905,0.004947,0.004881,0.004891,11502856.0
2026-06-20 08:00:00+00:00,0.004891,0.004937,0.004871,0.004885,21736415.0
2026-06-20 12:00:00+00:00,0.004885,0.004932,0.004832,0.004912,43027584.0
2026-06-20 16:00:00+00:00,0.004912,0.004924,0.004859,0.004923,11929255.0
2026-06-20 20:00:00+00:00,0.004923,0.005066,0.004894,0.005065,28092550.0
2026-06-21 00:00:00+00:00,0.005065,0.005074,0.004968,0.004976,19520150.0
2026-06-21 04:00:00+00:00,0.004976,0.004977,0.004929,0.004932,16485838.0
2026-06-21 08:00:00+00:00,0.004932,0.004947,0.004901,0.004912,16994306.0
2026-06-21 12:00:00+00:00,0.004912,0.004976,0.004892,0.00495,23432013.0
2026-06-21 16:00:00+00:00,0.00495,0.004962,0.004908,0.004933,6720772.0
2026-06-21 20:00:00+00:00,0.004933,0.004937,0.004842,0.004852,20472196.0
2026-06-22 00:00:00+00:00,0.004852,0.004963,0.004846,0.004868,18826849.0
2026-06-22 04:00:00+00:00,0.004868,0.004941,0.004864,0.004929,20459976.0
2026-06-22 08:00:00+00:00,0.004929,0.004936,0.004887,0.004922,10441543.0
2026-06-22 12:00:00+00:00,0.004922,0.005094,0.004917,0.004938,48494267.0
2026-06-22 16:00:00+00:00,0.004938,0.004959,0.004891,0.004915,15253453.0
2026-06-22 20:00:00+00:00,0.004915,0.004927,0.004806,0.004856,27145909.0
2026-06-23 00:00:00+00:00,0.004856,0.004895,0.004824,0.004891,10868904.0
2026-06-23 04:00:00+00:00,0.004891,0.004903,0.004648,0.004692,65428997.0
2026-06-23 08:00:00+00:00,0.004692,0.004722,0.004603,0.004722,32992064.0
2026-06-23 12:00:00+00:00,0.004722,0.004755,0.004668,0.004706,23107388.0
2026-06-23 16:00:00+00:00,0.004706,0.004725,0.004614,0.004633,19749561.0
2026-06-23 20:00:00+00:00,0.004633,0.004711,0.004629,0.004699,22671947.0
2026-06-24 00:00:00+00:00,0.004699,0.004714,0.004656,0.004662,21762875.0
2026-06-24 04:00:00+00:00,0.004662,0.004699,0.004629,0.004659,16652029.0
2026-06-24 08:00:00+00:00,0.004659,0.004682,0.004597,0.004663,39906418.0
2026-06-24 12:00:00+00:00,0.004663,0.00468,0.004495,0.004508,47764983.0
2026-06-24 16:00:00+00:00,0.004508,0.004554,0.004379,0.004499,74453064.0
2026-06-24 20:00:00+00:00,0.004499,0.004605,0.004493,0.004583,36645132.0
2026-06-25 00:00:00+00:00,0.004583,0.004592,0.004525,0.004535,12470284.0
2026-06-25 04:00:00+00:00,0.004535,0.004629,0.004526,0.004585,16602948.0
2026-06-25 08:00:00+00:00,0.004585,0.004588,0.004521,0.004534,11241920.0
2026-06-25 12:00:00+00:00,0.004534,0.004563,0.00425,0.004423,107681537.0
2026-06-25 16:00:00+00:00,0.004423,0.004469,0.004379,0.004392,46992304.0
2026-06-25 20:00:00+00:00,0.004392,0.004465,0.004383,0.004447,22168630.0
2026-06-26 00:00:00+00:00,0.004447,0.00446,0.004313,0.004443,52125415.0
2026-06-26 04:00:00+00:00,0.004443,0.004598,0.004405,0.004554,61608057.0
2026-06-26 08:00:00+00:00,0.004554,0.00456,0.004427,0.004447,27810239.0
2026-06-26 12:00:00+00:00,0.004447,0.004536,0.004383,0.004513,57065475.0
2026-06-26 16:00:00+00:00,0.004513,0.004552,0.004437,0.004438,35863241.0
2026-06-26 20:00:00+00:00,0.004438,0.004499,0.004434,0.004489,35957887.0
2026-06-27 00:00:00+00:00,0.004489,0.004521,0.004461,0.004484,12840573.0
2026-06-27 04:00:00+00:00,0.004484,0.004515,0.004472,0.004478,18856135.0
2026-06-27 08:00:00+00:00,0.004478,0.004479,0.004439,0.004464,10470149.0
2026-06-27 12:00:00+00:00,0.004464,0.004478,0.00445,0.004471,12460048.0
2026-06-27 16:00:00+00:00,0.004471,0.004479,0.004368,0.004393,17983683.0
2026-06-27 20:00:00+00:00,0.004393,0.004593,0.00439,0.004502,106749149.0
2026-06-28 00:00:00+00:00,0.004502,0.004594,0.004498,0.004588,36816977.0
2026-06-28 04:00:00+00:00,0.004588,0.004703,0.004559,0.004655,83655369.0
2026-06-28 08:00:00+00:00,0.004655,0.004675,0.004602,0.00462,29637946.0
2026-06-28 12:00:00+00:00,0.00462,0.004692,0.004551,0.004603,69213565.0
2026-06-28 16:00:00+00:00,0.004603,0.004608,0.004503,0.004517,21602852.0
2026-06-28 20:00:00+00:00,0.004517,0.004535,0.00446,0.00451,19335713.0
2026-06-29 00:00:00+00:00,0.00451,0.00458,0.004466,0.004564,19038152.0
2026-06-29 04:00:00+00:00,0.004564,0.004569,0.004479,0.004527,21729444.0
2026-06-29 08:00:00+00:00,0.004527,0.004529,0.004475,0.004491,13154892.0
2026-06-29 12:00:00+00:00,0.004491,0.004547,0.004434,0.004465,58090412.0
2026-06-29 16:00:00+00:00,0.004465,0.004553,0.004445,0.004539,20516785.0
2026-06-29 20:00:00+00:00,0.004539,0.004541,0.00447,0.004484,27130296.0
2026-06-30 00:00:00+00:00,0.004484,0.004495,0.004414,0.004439,49652590.0
2026-06-30 04:00:00+00:00,0.004439,0.004451,0.00441,0.004413,13674800.0
2026-06-30 08:00:00+00:00,0.004413,0.004418,0.00436,0.004368,15799260.0
2026-06-30 12:00:00+00:00,0.004368,0.004428,0.004324,0.004369,31505573.0
2026-06-30 16:00:00+00:00,0.004369,0.004414,0.004342,0.004349,11848826.0
2026-06-30 20:00:00+00:00,0.004349,0.004371,0.004308,0.004371,15636239.0
2026-07-01 00:00:00+00:00,0.004371,0.004481,0.004284,0.004472,31611898.0
2026-07-01 04:00:00+00:00,0.004472,0.004572,0.004397,0.004418,33956657.0
2026-07-01 08:00:00+00:00,0.004418,0.004475,0.004408,0.004472,26230080.0
2026-07-01 12:00:00+00:00,0.004472,0.004594,0.004422,0.004568,28064022.0
2026-07-01 16:00:00+00:00,0.004568,0.00458,0.004468,0.004476,13096585.0
2026-07-01 20:00:00+00:00,0.004476,0.004568,0.004463,0.004463,36533964.0
2026-07-02 00:00:00+00:00,0.004463,0.004511,0.004434,0.004504,24168607.0
2026-07-02 04:00:00+00:00,0.004504,0.004521,0.00446,0.00448,23873448.0
2026-07-02 08:00:00+00:00,0.00448,0.004577,0.004471,0.004577,26467770.0
2026-07-02 12:00:00+00:00,0.004577,0.004625,0.004553,0.004562,34687334.0
2026-07-02 16:00:00+00:00,0.004562,0.004672,0.004551,0.004627,21611273.0
2026-07-02 20:00:00+00:00,0.004627,0.004647,0.004601,0.004642,13984986.0
2026-07-03 00:00:00+00:00,0.004642,0.00466,0.004604,0.004639,14661295.0
2026-07-03 04:00:00+00:00,0.004639,0.00468,0.004605,0.004677,10690440.0
2026-07-03 08:00:00+00:00,0.004677,0.004784,0.004665,0.004736,32265981.0
2026-07-03 12:00:00+00:00,0.004736,0.004753,0.004706,0.004716,21527076.0
2026-07-03 16:00:00+00:00,0.004716,0.004729,0.004669,0.004708,14809643.0
2026-07-03 20:00:00+00:00,0.004708,0.004836,0.004705,0.004754,26981629.0
2026-07-04 00:00:00+00:00,0.004754,0.004838,0.004709,0.004745,17440609.0
2026-07-04 04:00:00+00:00,0.004745,0.00477,0.004701,0.004711,5383927.0
2026-07-04 08:00:00+00:00,0.004711,0.004716,0.004684,0.004704,8981561.0
2026-07-04 12:00:00+00:00,0.004704,0.004814,0.004704,0.00481,14589915.0
2026-07-04 16:00:00+00:00,0.00481,0.004905,0.004809,0.004896,28311910.0
2026-07-04 20:00:00+00:00,0.004896,0.0049,0.004779,0.004795,12416866.0
2026-07-05 00:00:00+00:00,0.004795,0.004797,0.004723,0.004743,7776982.0
2026-07-05 04:00:00+00:00,0.004743,0.004759,0.004703,0.004732,5622875.0
2026-07-05 08:00:00+00:00,0.004732,0.004736,0.004677,0.004701,16778229.0
2026-07-05 12:00:00+00:00,0.004701,0.00475,0.004683,0.004717,34985835.0
2026-07-05 16:00:00+00:00,0.004717,0.004764,0.00471,0.004757,8517875.0
2026-07-05 20:00:00+00:00,0.004757,0.004817,0.004739,0.004774,12180739.0
2026-07-06 00:00:00+00:00,0.004774,0.004787,0.004716,0.004722,17966257.0
2026-07-06 04:00:00+00:00,0.004722,0.00473,0.004656,0.004679,14331590.0
2026-07-06 08:00:00+00:00,0.004679,0.004745,0.004667,0.004719,10637630.0
2026-07-06 12:00:00+00:00,0.004719,0.004843,0.00462,0.004827,52846154.0
2026-07-06 16:00:00+00:00,0.004827,0.005052,0.004818,0.004978,134984078.0
2026-07-06 20:00:00+00:00,0.004978,0.005049,0.004925,0.004979,85657856.0
2026-07-07 00:00:00+00:00,0.004979,0.005043,0.004918,0.004925,54692980.0
2026-07-07 04:00:00+00:00,0.004925,0.004943,0.004864,0.004872,30123028.0
2026-07-07 08:00:00+00:00,0.004872,0.004887,0.004803,0.004844,23363980.0
2026-07-07 12:00:00+00:00,0.004844,0.004882,0.004696,0.00483,36527280.0
2026-07-07 16:00:00+00:00,0.00483,0.004845,0.004738,0.00477,14625794.0
2026-07-07 20:00:00+00:00,0.00477,0.004778,0.004707,0.004733,12782171.0
2026-07-08 00:00:00+00:00,0.004733,0.004772,0.004628,0.004685,32418604.0
2026-07-08 04:00:00+00:00,0.004685,0.004763,0.004667,0.004682,31430519.0
2026-07-08 08:00:00+00:00,0.004682,0.004694,0.004606,0.00469,40670597.0
2026-07-08 12:00:00+00:00,0.00469,0.004729,0.004648,0.004674,32328671.0
2026-07-08 16:00:00+00:00,0.004674,0.004734,0.004663,0.004683,16615672.0
2026-07-08 20:00:00+00:00,0.004683,0.004688,0.004651,0.004682,6990859.0
2026-07-09 00:00:00+00:00,0.004682,0.004789,0.004673,0.004705,37286144.0
2026-07-09 04:00:00+00:00,0.004705,0.004768,0.0047,0.00473,24247695.0
2026-07-09 08:00:00+00:00,0.00473,0.004742,0.004699,0.004723,15321430.0
2026-07-09 12:00:00+00:00,0.004723,0.004756,0.004701,0.004739,18936171.0
2026-07-09 16:00:00+00:00,0.004739,0.004753,0.004701,0.004725,17482236.0
2026-07-09 20:00:00+00:00,0.004725,0.004739,0.004707,0.004723,13028579.0
2026-07-10 00:00:00+00:00,0.004723,0.004774,0.0047,0.004745,19734836.0
2026-07-10 04:00:00+00:00,0.004745,0.004757,0.004713,0.004714,9981701.0
2026-07-10 08:00:00+00:00,0.004714,0.004783,0.004712,0.00476,10552460.0
2026-07-10 12:00:00+00:00,0.00476,0.004777,0.004684,0.004723,14665624.0
2026-07-10 16:00:00+00:00,0.004723,0.00475,0.004708,0.004725,9530154.0
2026-07-10 20:00:00+00:00,0.004725,0.004797,0.004713,0.004758,15699544.0
2026-07-11 00:00:00+00:00,0.004758,0.004818,0.00474,0.004798,9960364.0
2026-07-11 04:00:00+00:00,0.004798,0.004876,0.004768,0.004872,43684053.0
2026-07-11 08:00:00+00:00,0.004872,0.004932,0.004847,0.004929,42544532.0
2026-07-11 12:00:00+00:00,0.004929,0.005079,0.004914,0.004992,121888834.0
2026-07-11 16:00:00+00:00,0.004992,0.00505,0.004956,0.005014,38507092.0
2026-07-11 20:00:00+00:00,0.005014,0.005032,0.00491,0.004931,43527388.0
2026-07-12 00:00:00+00:00,0.004931,0.00499,0.004897,0.00498,34741225.0
2026-07-12 04:00:00+00:00,0.00498,0.004998,0.004882,0.00491,20252159.0
2026-07-12 08:00:00+00:00,0.00491,0.004929,0.004895,0.004914,19741715.0
2026-07-12 12:00:00+00:00,0.004914,0.00493,0.004896,0.004897,8394552.0
2026-07-12 16:00:00+00:00,0.004897,0.004924,0.004893,0.004909,13306900.0
2026-07-12 20:00:00+00:00,0.004909,0.004917,0.004832,0.004848,21606870.0
2026-07-13 00:00:00+00:00,0.004848,0.004907,0.004739,0.004777,24227257.0
2026-07-13 04:00:00+00:00,0.004777,0.004831,0.004756,0.004829,21418356.0
2026-07-13 08:00:00+00:00,0.004829,0.004844,0.004805,0.00482,10277897.0
2026-07-13 12:00:00+00:00,0.00482,0.004837,0.004783,0.004803,24584758.0
2026-07-13 16:00:00+00:00,0.004803,0.004806,0.004729,0.004751,37229763.0
2026-07-13 20:00:00+00:00,0.004751,0.004763,0.004705,0.00476,20746630.0
2026-07-14 00:00:00+00:00,0.00476,0.004786,0.004745,0.004749,12156287.0
2026-07-14 04:00:00+00:00,0.004749,0.00478,0.004745,0.004745,9211310.0
2026-07-14 08:00:00+00:00,0.004745,0.004754,0.004727,0.004744,10305485.0
2026-07-14 12:00:00+00:00,0.004744,0.004899,0.004734,0.004866,43953731.0
2026-07-14 16:00:00+00:00,0.004866,0.004882,0.00482,0.004831,18177137.0
2026-07-14 20:00:00+00:00,0.004831,0.004857,0.00482,0.004831,7143185.0
2026-07-15 00:00:00+00:00,0.004831,0.004835,0.004799,0.004812,5338238.0
2026-07-15 04:00:00+00:00,0.004812,0.004841,0.004788,0.004789,12182856.0
2026-07-15 08:00:00+00:00,0.004789,0.004821,0.004769,0.004801,25642646.0
2026-07-15 12:00:00+00:00,0.004801,0.004902,0.004798,0.004867,25203460.0
2026-07-15 16:00:00+00:00,0.004867,0.004912,0.004806,0.004825,26771973.0
2026-07-15 20:00:00+00:00,0.004825,0.00487,0.004815,0.004852,8455543.0
2026-07-16 00:00:00+00:00,0.004852,0.004899,0.004844,0.004864,14913663.0
2026-07-16 04:00:00+00:00,0.004864,0.004868,0.004797,0.004812,11890636.0
2026-07-16 08:00:00+00:00,0.004812,0.004812,0.004762,0.00479,14610794.0
2026-07-16 12:00:00+00:00,0.00479,0.004819,0.004759,0.00479,9935264.0
2026-07-16 16:00:00+00:00,0.00479,0.004796,0.004746,0.00476,10888161.0
2026-07-16 20:00:00+00:00,0.00476,0.004804,0.004714,0.004728,15006827.0
2026-07-17 00:00:00+00:00,0.004728,0.004753,0.004686,0.004711,14148357.0
2026-07-17 04:00:00+00:00,0.004711,0.004711,0.004606,0.004635,32049454.0
2026-07-17 08:00:00+00:00,0.004635,0.004682,0.004614,0.004678,10853176.0
2026-07-17 12:00:00+00:00,0.004678,0.004714,0.004623,0.00471,18028847.0
2026-07-17 16:00:00+00:00,0.00471,0.00478,0.004701,0.004727,17553502.0
2026-07-17 20:00:00+00:00,0.004727,0.004742,0.004705,0.004719,3437102.0
2026-07-18 00:00:00+00:00,0.004719,0.004733,0.004693,0.004693,5311355.0
2026-07-18 04:00:00+00:00,0.004693,0.004709,0.004669,0.004673,13147049.0
2026-07-18 08:00:00+00:00,0.004673,0.004682,0.004635,0.004646,9662193.0
2026-07-18 12:00:00+00:00,0.004646,0.004688,0.004625,0.004655,18658922.0
2026-07-18 16:00:00+00:00,0.004655,0.004757,0.004645,0.004713,28215828.0
2026-07-18 20:00:00+00:00,0.004713,0.00475,0.004708,0.004746,10466379.0
2026-07-19 00:00:00+00:00,0.004746,0.004796,0.004722,0.004723,20928238.0
2026-07-19 04:00:00+00:00,0.004723,0.00473,0.0047,0.004707,14200334.0
2026-07-19 08:00:00+00:00,0.004707,0.00472,0.00469,0.004692,5056265.0
2026-07-19 12:00:00+00:00,0.004692,0.004694,0.004665,0.004676,7624196.0
2026-07-19 16:00:00+00:00,0.004676,0.004679,0.004621,0.004663,13979956.0
2026-07-19 20:00:00+00:00,0.004663,0.004677,0.004641,0.004654,10649112.0
2026-07-20 00:00:00+00:00,0.004654,0.004681,0.004619,0.004657,7829676.0
2026-07-20 04:00:00+00:00,0.004657,0.004676,0.004601,0.004675,15360567.0
2026-07-20 08:00:00+00:00,0.004675,0.004753,0.004661,0.004744,31382209.0
2026-07-20 12:00:00+00:00,0.004744,0.00476,0.004656,0.004756,34686996.0
2026-07-20 16:00:00+00:00,0.004756,0.004785,0.004697,0.004699,61719751.0
2026-07-20 20:00:00+00:00,0.004699,0.004731,0.004695,0.004719,28083428.0
2026-07-21 00:00:00+00:00,0.004719,0.00482,0.004707,0.004819,20142673.0
2026-07-21 04:00:00+00:00,0.004819,0.004895,0.004819,0.004867,76103856.0
2026-07-21 08:00:00+00:00,0.004867,0.004909,0.004841,0.004867,52748991.0
2026-07-21 12:00:00+00:00,0.004867,0.004981,0.004862,0.004967,69098538.0
2026-07-21 16:00:00+00:00,0.004967,0.004988,0.004922,0.004927,41912982.0
2026-07-21 20:00:00+00:00,0.004927,0.004959,0.00491,0.004954,20617684.0
2026-07-22 00:00:00+00:00,0.004954,0.004968,0.004893,0.004896,17504102.0
2026-07-22 04:00:00+00:00,0.004896,0.00492,0.004842,0.004849,37743914.0
2026-07-22 08:00:00+00:00,0.004849,0.00488,0.004846,0.004865,14527838.0
2026-07-22 12:00:00+00:00,0.004865,0.004904,0.004834,0.004881,20407756.0
2026-07-22 16:00:00+00:00,0.004881,0.004942,0.004853,0.004885,17822773.0
2026-07-22 20:00:00+00:00,0.004885,0.0049,0.004849,0.004875,16544448.0
2026-07-23 00:00:00+00:00,0.004875,0.004889,0.004853,0.004862,8817483.0
2026-07-23 04:00:00+00:00,0.004862,0.004869,0.004805,0.004821,23830015.0
2026-07-23 08:00:00+00:00,0.004821,0.004843,0.004812,0.004835,14417200.0
2026-07-23 12:00:00+00:00,0.004835,0.00486,0.004798,0.004853,31130944.0
2026-07-23 16:00:00+00:00,0.004853,0.004854,0.004765,0.004793,24235585.0
2026-07-23 20:00:00+00:00,0.004793,0.004823,0.00477,0.004775,11684326.0
2026-07-24 00:00:00+00:00,0.004775,0.004785,0.004715,0.004785,31051029.0
2026-07-24 04:00:00+00:00,0.004785,0.004816,0.004766,0.004799,10304072.0
2026-07-24 08:00:00+00:00,0.004799,0.004809,0.004745,0.00476,9095089.0
2026-07-24 12:00:00+00:00,0.00476,0.004761,0.004684,0.004718,21450043.0
2026-07-24 16:00:00+00:00,0.004718,0.004735,0.004695,0.004702,16292574.0
2026-07-24 20:00:00+00:00,0.004702,0.004707,0.004642,0.004701,26200226.0
2026-07-25 00:00:00+00:00,0.004701,0.004701,0.004665,0.004675,6348796.0
2026-07-25 04:00:00+00:00,0.004675,0.004734,0.004642,0.004643,148958269.0
2026-07-25 08:00:00+00:00,0.004643,0.004643,0.004521,0.004595,174477037.0
2026-07-25 12:00:00+00:00,0.004595,0.004621,0.004579,0.004614,39176590.0
2026-07-25 16:00:00+00:00,0.004614,0.004704,0.004614,0.004674,54978176.0
2026-07-25 20:00:00+00:00,0.004674,0.004697,0.004653,0.004678,11083605.0
2026-07-26 00:00:00+00:00,0.004678,0.00469,0.004646,0.004685,10617267.0
2026-07-26 04:00:00+00:00,0.004685,0.004695,0.004662,0.004677,10488179.0
2026-07-26 08:00:00+00:00,0.004677,0.004731,0.004672,0.004683,32686352.0
2026-07-26 12:00:00+00:00,0.004683,0.004703,0.004654,0.004703,18010304.0
2026-07-26 16:00:00+00:00,0.004703,0.004716,0.004674,0.004675,21136749.0
2026-07-26 20:00:00+00:00,0.004675,0.004737,0.004672,0.004735,21716992.0
2026-07-27 00:00:00+00:00,0.004735,0.004737,0.004696,0.004735,9205404.0
2026-07-27 04:00:00+00:00,0.004735,0.004761,0.0047,0.004701,19659668.0
2026-07-27 08:00:00+00:00,0.004701,0.004705,0.00466,0.004661,21862525.0
2026-07-27 12:00:00+00:00,0.004661,0.004703,0.004566,0.004582,27467937.0
2026-07-27 16:00:00+00:00,0.004582,0.00464,0.004542,0.004622,36406168.0
2026-07-27 20:00:00+00:00,0.004622,0.004635,0.004504,0.004527,42313773.0
2026-07-28 00:00:00+00:00,0.004527,0.004528,0.004464,0.004512,46945144.0
2026-07-28 04:00:00+00:00,0.004512,0.004529,0.004493,0.004505,20163497.0
2026-07-28 08:00:00+00:00,0.004505,0.004557,0.004501,0.00455,21021742.0
2026-07-28 12:00:00+00:00,0.00455,0.00458,0.004467,0.004549,79585673.0
2026-07-28 16:00:00+00:00,0.004549,0.004575,0.004514,0.004537,14707579.0
2026-07-28 20:00:00+00:00,0.004537,0.004571,0.004514,0.004564,15715399.0
2026-07-29 00:00:00+00:00,0.004564,0.004605,0.004468,0.004468,33158757.0
2026-07-29 04:00:00+00:00,0.004468,0.004528,0.004452,0.004528,34130962.0
2026-07-29 08:00:00+00:00,0.004528,0.00454,0.004501,0.004537,11932823.0
2026-07-29 12:00:00+00:00,0.004537,0.004541,0.004466,0.004476,15762826.0
2026-07-29 16:00:00+00:00,0.004476,0.004569,0.004462,0.004477,34047490.0
2026-07-29 20:00:00+00:00,0.004477,0.004493,0.004402,0.004485,28470752.0
2026-07-30 00:00:00+00:00,0.004485,0.004538,0.004466,0.004504,9265612.0
2026-07-30 04:00:00+00:00,0.004504,0.004553,0.004494,0.004539,14587292.0
2026-07-30 08:00:00+00:00,0.004539,0.004619,0.004538,0.004594,65225476.0
2026-07-30 12:00:00+00:00,0.004594,0.004854,0.004585,0.004807,215465984.0
2026-07-30 16:00:00+00:00,0.004807,0.004882,0.004739,0.00474,95290129.0
2026-07-30 20:00:00+00:00,0.00474,0.004755,0.0047,0.004702,36318225.0
2026-07-31 00:00:00+00:00,0.004702,0.004782,0.0047,0.004767,32913318.0
2026-07-31 04:00:00+00:00,0.004767,0.004787,0.004726,0.004758,24900741.0
2026-07-31 08:00:00+00:00,0.004758,0.004771,0.004699,0.0047,28151048.0
2026-07-31 12:00:00+00:00,0.0047,0.004812,0.004608,0.004777,80401680.0
2026-07-31 16:00:00+00:00,0.004777,0.004839,0.004742,0.004771,72269087.0
2026-07-31 20:00:00+00:00,0.004771,0.004772,0.004721,0.004747,14273255.0
2026-08-01 00:00:00+00:00,0.004747,0.004763,0.004732,0.004745,21164700.0
2026-08-01 04:00:00+00:00,0.004745,0.004777,0.004719,0.004721,10906719.0
2026-08-01 08:00:00+00:00,0.004721,0.00479,0.004719,0.00474,56124757.0
2026-08-01 12:00:00+00:00,0.00474,0.004743,0.004676,0.004676,15032250.0
2026-08-01 16:00:00+00:00,0.004676,0.004681,0.004588,0.004616,32754241.0
2026-08-01 20:00:00+00:00,0.004616,0.004649,0.004607,0.004648,23239376.0
2026-08-02 00:00:00+00:00,0.004648,0.00472,0.004631,0.00468,35647794.0
2026-08-02 04:00:00+00:00,0.00468,0.004697,0.004664,0.004672,16143650.0
2026-08-02 08:00:00+00:00,0.004672,0.004701,0.004648,0.004697,45943785.0
2026-08-02 12:00:00+00:00,0.004697,0.004754,0.004676,0.004679,64714472.0
2026-08-02 16:00:00+00:00,0.004679,0.004703,0.00467,0.004685,8166322.0
2026-08-02 20:00:00+00:00,0.004685,0.004719,0.004671,0.004701,15443089.0
2026-08-03 00:00:00+00:00,0.004701,0.004701,0.004636,0.004654,11128875.0
2026-08-03 04:00:00+00:00,0.004654,0.004667,0.004626,0.004632,13379805.0
2026-08-03 08:00:00+00:00,0.004632,0.00469,0.004621,0.004661,19221817.0
2026-08-03 12:00:00+00:00,0.004661,0.004743,0.00465,0.004731,36170898.0
2026-08-03 16:00:00+00:00,0.004731,0.004849,0.004711,0.004758,83550710.0
2026-08-03 20:00:00+00:00,0.004758,0.004776,0.004728,0.00473,33131497.0
2026-08-04 00:00:00+00:00,0.00473,0.004756,0.004714,0.004716,13939483.0
2026-08-04 04:00:00+00:00,0.004716,0.004742,0.004702,0.004716,8820358.0
2026-08-04 08:00:00+00:00,0.004716,0.004718,0.004685,0.004701,7278984.0
2026-08-04 12:00:00+00:00,0.004701,0.004709,0.004661,0.004682,25831416.0
2026-08-04 16:00:00+00:00,0.004682,0.004682,0.004651,0.004667,17967933.0
2026-08-04 20:00:00+00:00,0.004667,0.004685,0.004651,0.004655,20599251.0
2026-08-05 00:00:00+00:00,0.004655,0.004684,0.004628,0.00465,26038412.0
2026-08-05 04:00:00+00:00,0.00465,0.004669,0.004641,0.004656,7778033.0
2026-08-05 08:00:00+00:00,0.004656,0.004663,0.004626,0.00463,11293059.0
2026-08-05 12:00:00+00:00,0.00463,0.004681,0.00461,0.004643,36524402.0
2026-08-05 16:00:00+00:00,0.004643,0.004677,0.004638,0.004657,12945193.0
2026-08-05 20:00:00+00:00,0.004657,0.004673,0.004632,0.00464,10772609.0
2026-08-06 00:00:00+00:00,0.00464,0.004664,0.004599,0.004618,14805248.0
2026-08-06 04:00:00+00:00,0.004618,0.004667,0.004615,0.004651,7607904.0
2026-08-06 08:00:00+00:00,0.004651,0.004662,0.004612,0.004644,17420638.0
2026-08-06 12:00:00+00:00,0.004644,0.004695,0.004621,0.004661,23041075.0
2026-08-06 16:00:00+00:00,0.004661,0.004699,0.004622,0.004622,25059657.0
2026-08-06 20:00:00+00:00,0.004622,0.004647,0.004619,0.004629,9711634.0
2026-08-07 00:00:00+00:00,0.004629,0.004641,0.004592,0.004592,16666942.0
2026-08-07 04:00:00+00:00,0.004592,0.004629,0.004582,0.00462,18753424.0
2026-08-07 08:00:00+00:00,0.00462,0.004637,0.004608,0.004617,15618207.0
2026-08-07 12:00:00+00:00,0.004617,0.004659,0.004614,0.004643,17906478.0
2026-08-07 16:00:00+00:00,0.004643,0.004691,0.004627,0.004667,24173216.0
2026-08-07 20:00:00+00:00,0.004667,0.004688,0.004657,0.004688,13642807.0
2026-08-08 00:00:00+00:00,0.004688,0.004715,0.004681,0.004704,21164080.0
2026-08-08 04:00:00+00:00,0.004704,0.00472,0.004674,0.004681,17946880.0
2026-08-08 08:00:00+00:00,0.004681,0.004711,0.004681,0.004691,7933367.0
2026-08-08 12:00:00+00:00,0.004691,0.004746,0.004691,0.004736,16008394.0
2026-08-08 16:00:00+00:00,0.004736,0.004744,0.004721,0.004727,8354622.0
2026-08-08 20:00:00+00:00,0.004727,0.004746,0.004719,0.004736,6767923.0
2026-08-09 00:00:00+00:00,0.004736,0.004794,0.004725,0.004783,40994841.0
2026-08-09 04:00:00+00:00,0.004783,0.004831,0.004773,0.004776,21233217.0
2026-08-09 08:00:00+00:00,0.004776,0.004792,0.004761,0.00477,11263828.0
2026-08-09 12:00:00+00:00,0.00477,0.004806,0.004753,0.004775,36531633.0
2026-08-09 16:00:00+00:00,0.004775,0.00478,0.004751,0.004756,9817710.0
2026-08-09 20:00:00+00:00,0.004756,0.004781,0.004703,0.004704,40248739.0
2026-08-10 00:00:00+00:00,0.004704,0.004736,0.004696,0.004699,9075170.0
2026-08-10 04:00:00+00:00,0.004699,0.004724,0.004696,0.004718,7913254.0
2026-08-10 08:00:00+00:00,0.004718,0.004738,0.004705,0.004725,9670820.0
2026-08-10 12:00:00+00:00,0.004725,0.004731,0.004667,0.004675,18723638.0
2026-08-10 16:00:00+00:00,0.004675,0.004687,0.004636,0.004655,20053908.0
2026-08-10 20:00:00+00:00,0.004655,0.004664,0.004616,0.004631,10803126.0
2026-08-11 00:00:00+00:00,0.004631,0.004679,0.004618,0.004676,11107440.0
2026-08-11 04:00:00+00:00,0.004676,0.004695,0.004666,0.004672,19846179.0
2026-08-11 08:00:00+00:00,0.004672,0.004719,0.004667,0.004681,25635785.0
2026-08-11 12:00:00+00:00,0.004681,0.004697,0.004565,0.004594,29156098.0
2026-08-11 16:00:00+00:00,0.004594,0.004628,0.004578,0.004605,19732903.0
2026-08-11 20:00:00+00:00,0.004605,0.00463,0.004596,0.004625,13398552.0
2026-08-12 00:00:00+00:00,0.004625,0.004649,0.004612,0.00463,9619492.0
2026-08-12 04:00:00+00:00,0.00463,0.004647,0.004617,0.00463,7667944.0
2026-08-12 08:00:00+00:00,0.00463,0.004649,0.004605,0.004649,14650743.0
2026-08-12 12:00:00+00:00,0.004649,0.004665,0.004592,0.004613,41002898.0
2026-08-12 16:00:00+00:00,0.004613,0.004613,0.004496,0.004531,44622520.0
2026-08-12 20:00:00+00:00,0.004531,0.004547,0.004337,0.004408,100986394.0
2026-08-13 00:00:00+00:00,0.004408,0.004462,0.004363,0.004456,29557918.0
2026-08-13 04:00:00+00:00,0.004456,0.004483,0.004435,0.004473,15245460.0
2026-08-13 08:00:00+00:00,0.004473,0.004506,0.004466,0.004476,16115977.0
2026-08-13 12:00:00+00:00,0.004476,0.004532,0.004452,0.004473,43314766.0
2026-08-13 16:00:00+00:00,0.004473,0.004613,0.004437,0.004569,54823289.0
2026-08-13 20:00:00+00:00,0.004569,0.004573,0.004514,0.00453,17785442.0
2026-08-14 00:00:00+00:00,0.00453,0.004544,0.004509,0.004513,8722507.0
2026-08-14 04:00:00+00:00,0.004513,0.004523,0.004451,0.004456,20515081.0
2026-08-14 08:00:00+00:00,0.004456,0.004468,0.004438,0.004446,13124695.0
2026-08-14 12:00:00+00:00,0.004446,0.004478,0.004437,0.004476,26776874.0
2026-08-14 16:00:00+00:00,0.004476,0.00452,0.004462,0.004468,19150235.0
2026-08-14 20:00:00+00:00,0.004468,0.004497,0.004459,0.004497,6950694.0
2026-08-15 00:00:00+00:00,0.004497,0.004508,0.00448,0.004493,10986584.0
2026-08-15 04:00:00+00:00,0.004493,0.004517,0.004491,0.004516,12121211.0
2026-08-15 08:00:00+00:00,0.004516,0.004531,0.0045,0.004525,9417554.0
2026-08-15 12:00:00+00:00,0.004525,0.004545,0.00451,0.004533,9148596.0
2026-08-15 16:00:00+00:00,0.004533,0.004537,0.004479,0.004513,28483881.0
2026-08-15 20:00:00+00:00,0.004513,0.004514,0.004484,0.00449,6746866.0
2026-08-16 00:00:00+00:00,0.00449,0.004494,0.004461,0.004477,8627996.0
2026-08-16 04:00:00+00:00,0.004477,0.004479,0.004451,0.004463,6052350.0
2026-08-16 08:00:00+00:00,0.004463,0.004471,0.00443,0.004433,10855128.0
2026-08-16 12:00:00+00:00,0.004433,0.004462,0.004421,0.004427,19318306.0
2026-08-16 16:00:00+00:00,0.004427,0.00444,0.004385,0.004395,25127685.0
2026-08-16 20:00:00+00:00,0.004395,0.00441,0.004343,0.004404,28536775.0
2026-08-17 00:00:00+00:00,0.004404,0.004459,0.004394,0.004449,12471806.0
2026-08-17 04:00:00+00:00,0.004449,0.004458,0.004422,0.004424,13282787.0
2026-08-17 08:00:00+00:00,0.004424,0.004426,0.004404,0.004415,5737405.0
